 29.67325|I|libbeamng.print:18052| === LSTM_ABS: lens 'baseline_dynstock2' loaded (17 in, 64 hidden, 2 layers) ===
 29.67506|I|libbeamng.print:18052| === LSTM_ABS SELFTEST lens=baseline_dynstock2 cmd=0.597516,0.675328,0.846614,0.868060 ===
 51.28293|I|libbeamng.print:18052| === LSTM_TRACE t=0 v=27.71 ws=27.70,27.80,27.42,27.45 cmd=0.761,0.730,0.326,0.318 cap=155,155,97,97 des=155,155,85,85 app=142,142,78,78 abs=nil,nil,nil,nil ebrake=1.00 ibrake=1.00 hasABS=0 sy=1.57 split=1.000,0.875 ===
 51.28298|I|libbeamng.print:18052| === LSTM_OBS t=0 27.69803,27.80214,27.41510,27.44876,0.03253,1.57283,0.00000,-0.00570,0.00000,0.00000,0.00085,1.00000,0.00000,0.00000,0.00000,7858.38351,0.00000 ===
 51.34259|I|libbeamng.print:18052| === LSTM_TRACE t=10 v=27.59 ws=27.56,27.66,27.06,27.21 cmd=0.034,0.039,0.257,0.228 cap=101,106,438,389 des=101,106,383,341 app=93,97,352,313 abs=nil,nil,nil,nil ebrake=1.00 ibrake=1.00 hasABS=0 sy=1.76 split=1.000,0.875 ===
 51.34268|I|libbeamng.print:18052| === LSTM_OBS t=10 27.56338,27.66383,27.05978,27.21432,0.01760,1.75716,0.00000,-0.00407,0.00000,0.00000,0.00085,1.00000,0.00000,0.00000,0.00000,7807.74845,0.00000 ===
 51.35894|I|libbeamng.print:18052| === LSTM_ABS DBG raw=27.5926,27.6980,26.9509,27.1764,0.0189,1.8296,0.0000,0.0097,0.0000,0.0000,0.0000,1.0000,0.0000,0.0000,0.0000,7783.1424,0.0000 ===
 51.35898|I|libbeamng.print:18052| === LSTM_ABS DBG norm=0.70,0.72,0.59,0.61,0.05,-2.34,0.00,0.09,-0.03,-0.03,-0.04,0.51,-0.01,0.00,0.00,1.77,0.00 ===
 51.35899|I|libbeamng.print:18052| === LSTM_ABS DBG cmd=0.0514,0.0489,0.2575,0.2323 ===
 51.39222|I|libbeamng.print:18052| === LSTM_TRACE t=20 v=27.45 ws=27.44,27.60,26.96,27.03 cmd=0.056,0.032,0.135,0.131 cap=170,107,288,274 des=170,107,252,240 app=156,98,233,221 abs=nil,nil,nil,nil ebrake=1.00 ibrake=1.00 hasABS=0 sy=1.99 split=1.000,0.875 ===
 51.39229|I|libbeamng.print:18052| === LSTM_OBS t=20 27.43826,27.59696,26.96372,27.03352,0.02358,1.99235,0.00000,0.00450,0.00000,0.00000,0.00000,1.00000,0.00000,0.00000,0.00000,7734.95865,0.00000 ===
 51.43406|I|libbeamng.print:18052| === LSTM_TRACE t=30 v=27.30 ws=27.26,27.46,26.90,26.91 cmd=0.086,0.032,0.090,0.100 cap=243,96,178,193 des=243,96,156,169 app=224,88,144,156 abs=nil,nil,nil,nil ebrake=1.00 ibrake=1.00 hasABS=0 sy=2.21 split=1.000,0.875 ===
 51.43411|I|libbeamng.print:18052| === LSTM_OBS t=30 27.26112,27.45937,26.90310,26.91022,0.00727,2.21500,0.00000,0.01597,0.00000,0.00000,0.00000,1.00000,0.00000,0.00000,0.00000,7703.47556,0.00000 ===
 51.48443|I|libbeamng.print:18052| === LSTM_TRACE t=40 v=27.16 ws=27.05,27.31,26.78,26.94 cmd=0.128,0.043,0.079,0.097 cap=385,134,152,185 des=385,134,133,162 app=355,123,123,150 abs=nil,nil,nil,nil ebrake=1.00 ibrake=1.00 hasABS=0 sy=2.42 split=1.000,0.875 ===
 51.48448|I|libbeamng.print:18052| === LSTM_OBS t=40 27.05487,27.31184,26.78121,26.93804,-0.00477,2.42034,0.00000,0.01755,0.00000,0.00000,0.00000,1.00000,0.00000,0.00000,0.00000,7684.97311,0.00000 ===
 51.53108|I|libbeamng.print:18052| === LSTM_TRACE t=50 v=27.02 ws=26.89,27.12,26.69,26.77 cmd=0.119,0.040,0.067,0.084 cap=370,131,128,160 des=370,131,112,140 app=342,120,104,130 abs=nil,nil,nil,nil ebrake=1.00 ibrake=1.00 hasABS=0 sy=2.53 split=1.000,0.875 ===
 51.53116|I|libbeamng.print:18052| === LSTM_OBS t=50 26.89483,27.11618,26.69247,26.77458,0.00065,2.53208,0.00000,0.01805,0.00000,0.00000,0.00000,1.00000,0.00000,0.00000,0.00000,7653.13722,0.00000 ===
 51.58150|I|libbeamng.print:18052| === LSTM_TRACE t=60 v=26.89 ws=26.79,27.03,26.51,26.59 cmd=0.110,0.047,0.049,0.068 cap=340,142,99,137 des=340,142,87,119 app=315,130,81,111 abs=nil,nil,nil,nil ebrake=1.00 ibrake=1.00 hasABS=0 sy=2.56 split=1.000,0.875 ===
 51.58155|I|libbeamng.print:18052| === LSTM_OBS t=60 26.79243,27.03037,26.50797,26.58671,-0.06335,2.56240,0.00000,0.00503,0.00000,0.00000,0.00000,1.00000,0.00000,0.00000,0.00000,7613.56894,0.00000 ===
 51.63041|I|libbeamng.print:18052| === LSTM_TRACE t=70 v=26.76 ws=26.63,26.91,26.39,26.46 cmd=0.112,0.046,0.051,0.073 cap=351,140,100,143 des=351,140,87,125 app=326,129,81,116 abs=nil,nil,nil,nil ebrake=1.00 ibrake=1.00 hasABS=0 sy=2.62 split=1.000,0.875 ===
 51.63045|I|libbeamng.print:18052| === LSTM_OBS t=70 26.63355,26.91281,26.38934,26.46337,-0.05917,2.62455,0.00000,0.00895,0.00000,0.00000,0.00000,1.00000,0.00000,0.00000,0.00000,7577.84840,0.00000 ===
 51.68102|I|libbeamng.print:18052| === LSTM_TRACE t=80 v=26.62 ws=26.52,26.69,26.26,26.43 cmd=0.098,0.040,0.049,0.069 cap=306,130,94,133 des=306,130,83,116 app=284,120,77,108 abs=nil,nil,nil,nil ebrake=1.00 ibrake=1.00 hasABS=0 sy=2.58 split=1.000,0.875 ===
 51.68107|I|libbeamng.print:18052| === LSTM_OBS t=80 26.52102,26.69058,26.26353,26.43070,-0.11652,2.57763,0.00000,0.01880,0.00000,0.00000,0.00000,1.00000,0.00000,0.00000,0.00000,7542.09785,0.00000 ===
 51.73164|I|libbeamng.print:18052| === LSTM_TRACE t=90 v=26.51 ws=26.39,26.66,26.19,26.32 cmd=0.069,0.030,0.037,0.053 cap=225,96,74,107 des=225,96,65,94 app=209,89,60,87 abs=nil,nil,nil,nil ebrake=1.00 ibrake=1.00 hasABS=0 sy=2.50 split=1.000,0.875 ===
 51.73169|I|libbeamng.print:18052| === LSTM_OBS t=90 26.38671,26.66484,26.19054,26.31794,-0.19645,2.50398,0.00000,0.00988,0.00000,0.00000,0.00000,1.00000,0.00000,0.00000,0.00000,7506.80018,0.00000 ===
 51.78122|I|libbeamng.print:18052| === LSTM_TRACE t=100 v=26.41 ws=26.34,26.56,26.12,26.22 cmd=0.044,0.023,0.032,0.041 cap=139,75,61,80 des=139,75,53,70 app=129,69,50,65 abs=nil,nil,nil,nil ebrake=1.00 ibrake=1.00 hasABS=0 sy=2.41 split=1.000,0.875 ===
 51.78126|I|libbeamng.print:18052| === LSTM_OBS t=100 26.34055,26.56099,26.12154,26.22343,-0.23282,2.41246,0.00000,-0.01069,0.00000,0.00000,0.00069,1.00000,0.00000,0.00000,0.00000,7476.42928,0.00000 ===
 51.83117|I|libbeamng.print:18052| === LSTM_TRACE t=110 v=26.30 ws=26.27,26.38,25.98,26.12 cmd=0.045,0.022,0.041,0.051 cap=135,68,78,97 des=135,68,69,85 app=126,63,64,79 abs=nil,nil,nil,nil ebrake=1.00 ibrake=1.00 hasABS=0 sy=2.30 split=1.000,0.875 ===
 51.83122|I|libbeamng.print:18052| === LSTM_OBS t=110 26.27079,26.37632,25.97854,26.11924,-0.21550,2.30183,0.00000,-0.00485,0.00000,0.00000,0.00000,1.00000,0.00000,0.00000,0.00000,7445.65751,0.00000 ===
 51.88180|I|libbeamng.print:18052| === LSTM_TRACE t=120 v=26.20 ws=26.16,26.31,25.88,26.01 cmd=0.049,0.023,0.033,0.042 cap=152,70,65,84 des=152,70,57,74 app=141,65,53,68 abs=nil,nil,nil,nil ebrake=1.00 ibrake=1.00 hasABS=0 sy=2.25 split=1.000,0.875 ===
 51.88185|I|libbeamng.print:18052| === LSTM_OBS t=120 26.15526,26.31204,25.88464,26.01237,-0.22761,2.24693,0.00000,-0.00481,0.00000,0.00000,0.00000,1.00000,0.00000,0.00000,0.00000,7413.56055,0.00000 ===
 51.93227|I|libbeamng.print:18052| === LSTM_TRACE t=130 v=26.09 ws=26.07,26.19,25.82,25.96 cmd=0.042,0.019,0.028,0.037 cap=136,63,55,73 des=136,63,48,63 app=127,58,44,59 abs=nil,nil,nil,nil ebrake=1.00 ibrake=1.00 hasABS=0 sy=2.25 split=1.000,0.875 ===
 51.93232|I|libbeamng.print:18052| === LSTM_OBS t=130 26.06624,26.18810,25.82415,25.95793,-0.24729,2.25208,0.00000,-0.00155,0.00000,0.00000,0.00000,1.00000,0.00000,0.00000,0.00000,7385.78372,0.00000 ===
 51.98161|I|libbeamng.print:18052| === LSTM_TRACE t=140 v=25.99 ws=25.98,26.08,25.73,25.85 cmd=0.032,0.015,0.027,0.035 cap=102,49,53,68 des=102,49,46,60 app=95,45,43,55 abs=nil,nil,nil,nil ebrake=1.00 ibrake=1.00 hasABS=0 sy=2.23 split=1.000,0.875 ===
 51.98166|I|libbeamng.print:18052| === LSTM_OBS t=140 25.98117,26.07663,25.72809,25.84890,-0.20994,2.23379,0.00000,-0.00580,0.00000,0.00000,0.00000,1.00000,0.00000,0.00000,0.00000,7367.65791,0.00000 ===
 52.03160|I|libbeamng.print:18052| === LSTM_TRACE t=150 v=25.89 ws=25.89,25.98,25.60,25.74 cmd=0.023,0.011,0.026,0.031 cap=73,35,50,61 des=73,35,44,54 app=68,32,40,50 abs=nil,nil,nil,nil ebrake=1.00 ibrake=1.00 hasABS=0 sy=2.13 split=1.000,0.875 ===
 52.03164|I|libbeamng.print:18052| === LSTM_OBS t=150 25.89179,25.97907,25.60209,25.74348,-0.16337,2.13202,0.00000,0.00157,0.00000,0.00000,0.00000,1.00000,0.00000,0.00000,0.00000,7336.93641,0.00000 ===
 52.08159|I|libbeamng.print:18052| === LSTM_TRACE t=160 v=25.80 ws=25.81,25.90,25.49,25.61 cmd=0.016,0.008,0.023,0.027 cap=52,31,45,54 des=52,31,39,47 app=48,29,36,43 abs=nil,nil,nil,nil ebrake=1.00 ibrake=1.00 hasABS=0 sy=2.06 split=1.000,0.875 ===
 52.08164|I|libbeamng.print:18052| === LSTM_OBS t=160 25.81191,25.90136,25.48975,25.61488,-0.13824,2.06130,0.00000,0.00547,0.00000,0.00000,0.00049,1.00000,0.00000,0.00000,0.00000,7310.76483,0.00000 ===
 52.13223|I|libbeamng.print:18052| === LSTM_TRACE t=170 v=25.71 ws=25.72,25.82,25.46,25.53 cmd=0.015,0.008,0.021,0.024 cap=47,31,40,47 des=47,31,35,41 app=43,29,32,38 abs=nil,nil,nil,nil ebrake=1.00 ibrake=1.00 hasABS=0 sy=2.06 split=1.000,0.875 ===
 52.13229|I|libbeamng.print:18052| === LSTM_OBS t=170 25.72089,25.82399,25.45687,25.53167,-0.11125,2.05941,0.00000,-0.00928,0.00000,0.00000,0.00000,1.00000,0.00000,0.00000,0.00000,7286.88796,0.00000 ===
 52.18490|I|libbeamng.print:18052| === LSTM_TRACE t=180 v=25.62 ws=25.59,25.72,25.46,25.40 cmd=0.015,0.008,0.021,0.025 cap=48,31,41,47 des=48,31,36,41 app=44,29,33,38 abs=nil,nil,nil,nil ebrake=1.00 ibrake=1.00 hasABS=0 sy=1.93 split=1.000,0.875 ===
 52.18494|I|libbeamng.print:18052| === LSTM_OBS t=180 25.59086,25.72284,25.46316,25.40128,-0.06759,1.93470,0.00000,-0.00615,0.00000,0.00000,0.00000,1.00000,0.00000,0.00000,0.00000,7260.32944,0.00000 ===
 52.23490|I|libbeamng.print:18052| === LSTM_TRACE t=190 v=25.53 ws=25.47,25.64,25.28,25.40 cmd=0.014,0.007,0.018,0.022 cap=44,31,36,43 des=44,31,32,37 app=41,29,30,35 abs=nil,nil,nil,nil ebrake=1.00 ibrake=1.00 hasABS=0 sy=1.82 split=1.000,0.875 ===
 52.23495|I|libbeamng.print:18052| === LSTM_OBS t=190 25.46567,25.63554,25.28363,25.40115,-0.08597,1.81956,0.00000,-0.00858,0.00000,0.00000,0.00069,1.00000,0.00000,0.00000,0.00000,7235.02969,0.00000 ===
 52.28489|I|libbeamng.print:18052| === LSTM_TRACE t=200 v=25.43 ws=25.46,25.55,25.18,25.30 cmd=0.013,0.006,0.017,0.022 cap=41,31,34,42 des=41,31,29,37 app=38,29,27,34 abs=nil,nil,nil,nil ebrake=1.00 ibrake=1.00 hasABS=0 sy=1.85 split=1.000,0.875 ===
 52.28493|I|libbeamng.print:18052| === LSTM_OBS t=200 25.46218,25.54526,25.17797,25.29525,-0.00681,1.85378,0.00000,0.00986,0.00000,0.00000,0.00000,1.00000,0.00000,0.00000,0.00000,7211.23537,0.00000 ===
 52.33491|I|libbeamng.print:18052| === LSTM_TRACE t=210 v=25.35 ws=25.32,25.45,25.10,25.16 cmd=0.016,0.010,0.017,0.022 cap=46,31,32,42 des=46,31,28,37 app=43,29,26,34 abs=nil,nil,nil,nil ebrake=1.00 ibrake=1.00 hasABS=0 sy=1.85 split=1.000,0.875 ===
 52.33495|I|libbeamng.print:18052| === LSTM_OBS t=210 25.32299,25.45037,25.09974,25.15936,0.00207,1.85497,0.00000,-0.00716,0.00000,0.00000,0.00000,1.00000,0.00000,0.00000,0.00000,7186.95278,0.00000 ===
 52.38597|I|libbeamng.print:18052| === LSTM_TRACE t=220 v=25.25 ws=25.25,25.33,25.05,25.07 cmd=0.025,0.020,0.029,0.038 cap=72,54,54,71 des=72,54,47,62 app=67,50,43,57 abs=nil,nil,nil,nil ebrake=1.00 ibrake=1.00 hasABS=0 sy=1.87 split=1.000,0.875 ===
 52.38601|I|libbeamng.print:18052| === LSTM_OBS t=220 25.25395,25.33307,25.04780,25.06510,-0.03893,1.86928,0.00000,0.00070,0.00000,0.00000,0.00000,1.00000,0.00000,0.00000,0.00000,7161.96574,0.00000 ===
 52.43609|I|libbeamng.print:18052| === LSTM_TRACE t=230 v=25.16 ws=25.07,25.25,24.90,25.01 cmd=0.035,0.032,0.041,0.050 cap=105,101,76,95 des=105,101,67,83 app=97,93,62,77 abs=nil,nil,nil,nil ebrake=1.00 ibrake=1.00 hasABS=0 sy=1.81 split=1.000,0.875 ===
 52.43614|I|libbeamng.print:18052| === LSTM_OBS t=230 25.06782,25.25278,24.90149,25.01484,-0.00430,1.80959,0.00000,-0.00482,0.00000,0.00000,0.00069,1.00000,0.00000,0.00000,0.00000,7133.98754,0.00000 ===
 52.48647|I|libbeamng.print:18052| === LSTM_TRACE t=240 v=25.06 ws=25.01,25.12,24.85,24.81 cmd=0.031,0.022,0.031,0.038 cap=99,71,66,81 des=99,71,58,71 app=92,66,54,66 abs=nil,nil,nil,nil ebrake=1.00 ibrake=1.00 hasABS=0 sy=1.92 split=1.000,0.875 ===
 52.48652|I|libbeamng.print:18052| === LSTM_OBS t=240 25.01010,25.12258,24.85481,24.81480,0.03015,1.92070,0.00000,-0.00816,0.00000,0.00000,0.00000,1.00000,0.00000,0.00000,0.00000,7104.00201,0.00000 ===
 52.53310|I|libbeamng.print:18052| === LSTM_TRACE t=250 v=24.96 ws=24.95,25.07,24.75,24.89 cmd=0.026,0.016,0.019,0.024 cap=82,45,38,49 des=82,45,33,43 app=76,42,31,40 abs=nil,nil,nil,nil ebrake=1.00 ibrake=1.00 hasABS=0 sy=1.94 split=1.000,0.875 ===
 52.53315|I|libbeamng.print:18052| === LSTM_OBS t=250 24.95358,25.06633,24.74630,24.88752,-0.03833,1.94427,0.00000,-0.01784,0.00000,0.00000,0.00000,1.00000,0.00000,0.00000,0.00000,7080.46791,0.00000 ===
 52.58270|I|libbeamng.print:18052| === LSTM_TRACE t=260 v=24.86 ws=24.82,24.99,24.69,24.70 cmd=0.028,0.016,0.023,0.030 cap=90,51,43,57 des=90,51,38,50 app=83,47,35,46 abs=nil,nil,nil,nil ebrake=1.00 ibrake=1.00 hasABS=0 sy=1.90 split=1.000,0.875 ===
 52.58278|I|libbeamng.print:18052| === LSTM_OBS t=260 24.82083,24.98771,24.68781,24.70439,-0.01643,1.89770,0.00000,-0.00181,0.00000,0.00000,0.00069,1.00000,0.00000,0.00000,0.00000,7057.60660,0.00000 ===
 52.63247|I|libbeamng.print:18052| === LSTM_TRACE t=270 v=24.77 ws=24.73,24.90,24.56,24.70 cmd=0.028,0.017,0.022,0.029 cap=85,51,43,56 des=85,51,38,49 app=79,47,35,46 abs=nil,nil,nil,nil ebrake=1.00 ibrake=1.00 hasABS=0 sy=1.95 split=1.000,0.875 ===
 52.63254|I|libbeamng.print:18052| === LSTM_OBS t=270 24.72999,24.89917,24.56460,24.69693,0.00834,1.94860,0.00000,-0.00282,0.00000,0.00000,0.00000,1.00000,0.00000,0.00000,0.00000,7030.14990,0.00000 ===
 52.68230|I|libbeamng.print:18052| === LSTM_TRACE t=280 v=24.69 ws=24.64,24.83,24.55,24.49 cmd=0.030,0.019,0.024,0.030 cap=93,57,46,59 des=93,57,40,52 app=86,53,37,48 abs=nil,nil,nil,nil ebrake=1.00 ibrake=1.00 hasABS=0 sy=1.94 split=1.000,0.875 ===
 52.68237|I|libbeamng.print:18052| === LSTM_OBS t=280 24.64175,24.83060,24.55008,24.49387,0.00822,1.93612,0.00000,-0.00412,0.00000,0.00000,0.00069,1.00000,0.00000,0.00000,0.00000,7003.99764,0.00000 ===
 52.73225|I|libbeamng.print:18052| === LSTM_TRACE t=290 v=24.58 ws=24.57,24.68,24.37,24.50 cmd=0.026,0.016,0.021,0.027 cap=83,54,40,52 des=83,54,35,45 app=77,50,32,42 abs=nil,nil,nil,nil ebrake=1.00 ibrake=1.00 hasABS=0 sy=1.92 split=1.000,0.875 ===
 52.73230|I|libbeamng.print:18052| === LSTM_OBS t=290 24.57094,24.68035,24.36762,24.50163,0.01094,1.91815,0.00000,0.01156,0.00000,0.00000,0.00000,1.00000,0.00000,0.00000,0.00000,6977.57453,0.00000 ===
 52.78248|I|libbeamng.print:18052| === LSTM_TRACE t=300 v=24.49 ws=24.45,24.64,24.32,24.40 cmd=0.027,0.016,0.021,0.028 cap=86,51,39,52 des=86,51,34,45 app=80,47,32,42 abs=nil,nil,nil,nil ebrake=1.00 ibrake=1.00 hasABS=0 sy=1.90 split=1.000,0.875 ===
 52.78256|I|libbeamng.print:18052| === LSTM_OBS t=300 24.45180,24.63924,24.31979,24.40309,0.01107,1.90114,0.00000,0.00667,0.00000,0.00000,0.00049,1.00000,0.00000,0.00000,0.00000,6951.99423,0.00000 ===
 52.83287|I|libbeamng.print:18052| === LSTM_TRACE t=310 v=24.40 ws=24.41,24.52,24.16,24.29 cmd=0.028,0.016,0.020,0.027 cap=85,47,40,54 des=85,47,35,47 app=79,44,33,44 abs=nil,nil,nil,nil ebrake=1.00 ibrake=1.00 hasABS=0 sy=1.87 split=1.000,0.875 ===
 52.83291|I|libbeamng.print:18052| === LSTM_OBS t=310 24.40557,24.51968,24.15591,24.29436,0.01368,1.87429,0.00000,-0.00701,0.00000,0.00000,0.00000,1.00000,0.00000,0.00000,0.00000,6926.06346,0.00000 ===
 52.88295|I|libbeamng.print:18052| === LSTM_TRACE t=320 v=24.31 ws=24.25,24.40,24.11,24.21 cmd=0.027,0.016,0.021,0.028 cap=84,51,40,53 des=84,51,35,47 app=78,47,33,43 abs=nil,nil,nil,nil ebrake=1.00 ibrake=1.00 hasABS=0 sy=1.84 split=1.000,0.875 ===
 52.88299|I|libbeamng.print:18052| === LSTM_OBS t=320 24.25090,24.39629,24.11433,24.20833,-0.03002,1.84056,0.00000,-0.00099,0.00000,0.00000,0.00000,1.00000,0.00000,0.00000,0.00000,6900.12600,0.00000 ===
 52.93416|I|libbeamng.print:18052| === LSTM_TRACE t=330 v=24.23 ws=24.16,24.35,24.02,24.16 cmd=0.026,0.015,0.021,0.028 cap=79,48,40,53 des=79,48,35,47 app=74,44,32,43 abs=nil,nil,nil,nil ebrake=1.00 ibrake=1.00 hasABS=0 sy=1.86 split=1.000,0.875 ===
 52.93423|I|libbeamng.print:18052| === LSTM_OBS t=330 24.15674,24.34671,24.02165,24.16319,-0.00327,1.85775,0.00000,0.00210,0.00000,0.00000,0.00069,1.00000,0.00000,0.00000,0.00000,6873.79399,0.00000 ===
 52.98320|I|libbeamng.print:18052| === LSTM_TRACE t=340 v=24.12 ws=24.15,24.25,23.98,23.95 cmd=0.028,0.017,0.020,0.026 cap=88,50,39,53 des=88,50,35,46 app=82,46,32,43 abs=nil,nil,nil,nil ebrake=1.00 ibrake=1.00 hasABS=0 sy=1.86 split=1.000,0.875 ===
 52.98325|I|libbeamng.print:18052| === LSTM_OBS t=340 24.15237,24.24889,23.97741,23.95164,0.00211,1.85707,0.00000,-0.00654,0.00000,0.00000,0.00049,1.00000,0.00000,0.00000,0.00000,6847.51970,0.00000 ===
 53.03268|I|libbeamng.print:18052| === LSTM_TRACE t=350 v=24.04 ws=23.98,24.13,23.78,23.94 cmd=0.028,0.015,0.021,0.028 cap=83,47,41,54 des=83,47,35,47 app=77,43,33,44 abs=nil,nil,nil,nil ebrake=1.00 ibrake=1.00 hasABS=0 sy=1.83 split=1.000,0.875 ===
 53.03272|I|libbeamng.print:18052| === LSTM_OBS t=350 23.97552,24.13344,23.77807,23.94241,-0.02442,1.82940,0.00000,0.00365,0.00000,0.00000,0.00000,1.00000,0.00000,0.00000,0.00000,6821.29649,0.00000 ===
 53.08281|I|libbeamng.print:18052| === LSTM_TRACE t=360 v=23.94 ws=23.93,24.12,23.70,23.91 cmd=0.028,0.018,0.018,0.024 cap=87,57,35,46 des=87,57,31,41 app=81,53,28,38 abs=nil,nil,nil,nil ebrake=1.00 ibrake=1.00 hasABS=0 sy=1.85 split=1.000,0.875 ===
 53.08286|I|libbeamng.print:18052| === LSTM_OBS t=360 23.93460,24.11952,23.70077,23.90899,-0.01595,1.84814,0.00000,0.00251,0.00000,0.00000,0.00049,1.00000,0.00000,0.00000,0.00000,6794.65432,0.00000 ===
 53.13485|I|libbeamng.print:18052| === LSTM_TRACE t=370 v=23.86 ws=23.80,23.96,23.68,23.75 cmd=0.026,0.017,0.018,0.024 cap=83,53,35,47 des=83,53,31,41 app=77,49,29,38 abs=nil,nil,nil,nil ebrake=1.00 ibrake=1.00 hasABS=0 sy=1.82 split=1.000,0.875 ===
 53.13493|I|libbeamng.print:18052| === LSTM_OBS t=370 23.79578,23.95699,23.68082,23.75011,-0.01620,1.82152,0.00000,-0.00022,0.00000,0.00000,0.00049,1.00000,0.00000,0.00000,0.00000,6769.98363,0.00000 ===
 53.18633|I|libbeamng.print:18052| === LSTM_TRACE t=380 v=23.76 ws=23.73,23.85,23.59,23.66 cmd=0.029,0.018,0.019,0.025 cap=90,50,38,51 des=90,50,33,44 app=83,46,30,41 abs=nil,nil,nil,nil ebrake=1.00 ibrake=1.00 hasABS=0 sy=1.85 split=1.000,0.875 ===
 53.18642|I|libbeamng.print:18052| === LSTM_OBS t=380 23.73410,23.84876,23.58845,23.65807,0.00800,1.84829,0.00000,-0.01488,0.00000,0.00000,0.00000,1.00000,0.00000,0.00000,0.00000,6742.55147,0.00000 ===
 53.23677|I|libbeamng.print:18052| === LSTM_TRACE t=390 v=23.67 ws=23.68,23.81,23.50,23.59 cmd=0.029,0.016,0.019,0.026 cap=88,46,39,53 des=88,46,34,46 app=82,42,31,43 abs=nil,nil,nil,nil ebrake=1.00 ibrake=1.00 hasABS=0 sy=1.84 split=1.000,0.875 ===
 53.23682|I|libbeamng.print:18052| === LSTM_OBS t=390 23.68303,23.80751,23.50348,23.58522,-0.01539,1.83670,0.00000,-0.00842,0.00000,0.00000,0.00000,1.00000,0.00000,0.00000,0.00000,6716.97135,0.00000 ===
 53.28628|I|libbeamng.print:18052| === LSTM_TRACE t=400 v=23.58 ws=23.60,23.71,23.40,23.50 cmd=0.029,0.015,0.020,0.027 cap=86,47,38,51 des=86,47,33,45 app=80,44,31,42 abs=nil,nil,nil,nil ebrake=1.00 ibrake=1.00 hasABS=0 sy=1.84 split=1.000,0.875 ===
 53.28632|I|libbeamng.print:18052| === LSTM_OBS t=400 23.59811,23.71210,23.40011,23.50154,0.01115,1.84067,0.00000,0.01008,0.00000,0.00000,0.00049,1.00000,0.00000,0.00000,0.00000,6691.48341,0.00000 ===
 53.33665|I|libbeamng.print:18052| === LSTM_TRACE t=410 v=23.50 ws=23.47,23.58,23.34,23.41 cmd=0.028,0.015,0.019,0.026 cap=84,49,36,49 des=84,49,32,43 app=78,45,29,39 abs=nil,nil,nil,nil ebrake=1.00 ibrake=1.00 hasABS=0 sy=1.80 split=1.000,0.875 ===
 53.33669|I|libbeamng.print:18052| === LSTM_OBS t=410 23.47010,23.58474,23.34095,23.41273,-0.01078,1.80478,0.00000,0.00743,0.00000,0.00000,0.00000,1.00000,0.00000,0.00000,0.00000,6664.17494,0.00000 ===
 53.38429|I|libbeamng.print:18052| === LSTM_TRACE t=420 v=23.41 ws=23.37,23.49,23.21,23.29 cmd=0.028,0.016,0.019,0.025 cap=87,51,36,48 des=87,51,32,42 app=81,47,29,39 abs=nil,nil,nil,nil ebrake=1.00 ibrake=1.00 hasABS=0 sy=1.83 split=1.000,0.875 ===
 53.38434|I|libbeamng.print:18052| === LSTM_OBS t=420 23.37494,23.48537,23.20731,23.28869,-0.00484,1.83080,0.00000,0.00637,0.00000,0.00000,0.00000,1.00000,0.00000,0.00000,0.00000,6640.98917,0.00000 ===
 53.43378|I|libbeamng.print:18052| === LSTM_TRACE t=430 v=23.32 ws=23.27,23.40,23.13,23.18 cmd=0.028,0.016,0.019,0.025 cap=87,51,36,48 des=87,51,31,42 app=81,47,29,39 abs=nil,nil,nil,nil ebrake=1.00 ibrake=1.00 hasABS=0 sy=1.82 split=1.000,0.875 ===
 53.43382|I|libbeamng.print:18052| === LSTM_OBS t=430 23.27299,23.40338,23.13273,23.18311,-0.00550,1.81665,0.00000,0.00466,0.00000,0.00000,0.00069,1.00000,0.00000,0.00000,0.00000,6614.91590,0.00000 ===
 53.48411|I|libbeamng.print:18052| === LSTM_TRACE t=440 v=23.22 ws=23.22,23.30,23.03,23.11 cmd=0.029,0.017,0.018,0.024 cap=87,52,35,46 des=87,52,30,40 app=81,48,28,37 abs=nil,nil,nil,nil ebrake=1.00 ibrake=1.00 hasABS=0 sy=1.81 split=1.000,0.875 ===
 53.48416|I|libbeamng.print:18052| === LSTM_OBS t=440 23.22111,23.30419,23.02550,23.10911,-0.02060,1.80575,0.00000,0.01081,0.00000,0.00000,0.00000,1.00000,0.00000,0.00000,0.00000,6588.45366,0.00000 ===
 53.53316|I|libbeamng.print:18052| === LSTM_TRACE t=450 v=23.13 ws=23.14,23.26,22.93,23.09 cmd=0.028,0.015,0.017,0.024 cap=85,50,33,45 des=85,50,29,39 app=79,46,27,36 abs=nil,nil,nil,nil ebrake=1.00 ibrake=1.00 hasABS=0 sy=1.80 split=1.000,0.875 ===
 53.53321|I|libbeamng.print:18052| === LSTM_OBS t=450 23.14220,23.26167,22.92853,23.09365,-0.04218,1.79586,0.00000,0.01221,0.00000,0.00000,0.00049,1.00000,0.00000,0.00000,0.00000,6562.66277,0.00000 ===
 53.58330|I|libbeamng.print:18052| === LSTM_TRACE t=460 v=23.04 ws=23.07,23.18,22.90,22.94 cmd=0.028,0.016,0.016,0.022 cap=85,46,33,44 des=85,46,29,39 app=79,43,26,36 abs=nil,nil,nil,nil ebrake=1.00 ibrake=1.00 hasABS=0 sy=1.78 split=1.000,0.875 ===
 53.58335|I|libbeamng.print:18052| === LSTM_OBS t=460 23.06590,23.17731,22.89924,22.94499,-0.03845,1.78463,0.00000,-0.01023,0.00000,0.00000,0.00000,1.00000,0.00000,0.00000,0.00000,6537.78750,0.00000 ===
 53.63317|I|libbeamng.print:18052| === LSTM_TRACE t=470 v=22.94 ws=22.91,23.04,22.75,22.84 cmd=0.028,0.017,0.016,0.021 cap=89,51,31,41 des=89,51,27,36 app=83,48,25,33 abs=nil,nil,nil,nil ebrake=1.00 ibrake=1.00 hasABS=0 sy=1.79 split=1.000,0.875 ===
 53.63322|I|libbeamng.print:18052| === LSTM_OBS t=470 22.90836,23.04070,22.74620,22.83930,-0.02330,1.79100,0.00000,0.00237,0.00000,0.00000,0.00000,1.00000,0.00000,0.00000,0.00000,6512.48279,0.00000 ===
 53.68465|I|libbeamng.print:18052| === LSTM_TRACE t=480 v=22.86 ws=22.87,22.97,22.66,22.75 cmd=0.027,0.015,0.016,0.022 cap=85,49,31,41 des=85,49,27,36 app=79,45,25,33 abs=nil,nil,nil,nil ebrake=1.00 ibrake=1.00 hasABS=0 sy=1.80 split=1.000,0.875 ===
 53.68471|I|libbeamng.print:18052| === LSTM_OBS t=480 22.87110,22.97262,22.66403,22.74604,-0.03039,1.80321,0.00000,0.00892,0.00000,0.00000,0.00049,1.00000,0.00000,0.00000,0.00000,6487.64129,0.00000 ===
 53.73430|I|libbeamng.print:18052| === LSTM_TRACE t=490 v=22.77 ws=22.73,22.93,22.58,22.69 cmd=0.028,0.017,0.015,0.020 cap=87,49,30,41 des=87,49,26,36 app=81,45,24,33 abs=nil,nil,nil,nil ebrake=1.00 ibrake=1.00 hasABS=0 sy=1.79 split=1.000,0.875 ===
 53.73434|I|libbeamng.print:18052| === LSTM_OBS t=490 22.72902,22.92836,22.58138,22.69389,-0.02123,1.79488,0.00000,-0.00836,0.00000,0.00000,0.00000,1.00000,0.00000,0.00000,0.00000,6462.04566,0.00000 ===
 53.78404|I|libbeamng.print:18052| === LSTM_TRACE t=500 v=22.68 ws=22.68,22.77,22.56,22.57 cmd=0.026,0.015,0.015,0.020 cap=83,49,29,39 des=83,49,25,34 app=77,46,23,31 abs=nil,nil,nil,nil ebrake=1.00 ibrake=1.00 hasABS=0 sy=1.79 split=1.000,0.875 ===
 53.78409|I|libbeamng.print:18052| === LSTM_OBS t=500 22.68449,22.76813,22.55519,22.57387,-0.03146,1.79301,0.00000,0.00348,0.00000,0.00000,0.00000,1.00000,0.00000,0.00000,0.00000,6438.09662,0.00000 ===
 53.83488|I|libbeamng.print:18052| === LSTM_TRACE t=510 v=22.59 ws=22.59,22.76,22.37,22.54 cmd=0.028,0.016,0.015,0.020 cap=85,47,29,40 des=85,47,26,35 app=79,43,24,32 abs=nil,nil,nil,nil ebrake=1.00 ibrake=1.00 hasABS=0 sy=1.80 split=1.000,0.875 ===
 53.83499|I|libbeamng.print:18052| === LSTM_OBS t=510 22.58681,22.75973,22.37300,22.53929,-0.02792,1.79836,0.00000,-0.00193,0.00000,0.00000,0.00049,1.00000,0.00000,0.00000,0.00000,6412.55748,0.00000 ===
 53.88413|I|libbeamng.print:18052| === LSTM_TRACE t=520 v=22.51 ws=22.57,22.63,22.30,22.48 cmd=0.027,0.015,0.014,0.019 cap=82,48,28,37 des=82,48,24,33 app=76,44,22,30 abs=nil,nil,nil,nil ebrake=1.00 ibrake=1.00 hasABS=0 sy=1.77 split=1.000,0.875 ===
 53.88417|I|libbeamng.print:18052| === LSTM_OBS t=520 22.56738,22.62571,22.29775,22.47598,-0.01878,1.77388,0.00000,0.01180,0.00000,0.00000,0.00000,1.00000,0.00000,0.00000,0.00000,6387.21154,0.00000 ===
 53.93451|I|libbeamng.print:18052| === LSTM_TRACE t=530 v=22.41 ws=22.42,22.53,22.24,22.33 cmd=0.027,0.016,0.014,0.019 cap=83,48,27,37 des=83,48,24,32 app=77,44,22,30 abs=nil,nil,nil,nil ebrake=1.00 ibrake=1.00 hasABS=0 sy=1.78 split=1.000,0.875 ===
 53.93456|I|libbeamng.print:18052| === LSTM_OBS t=530 22.42261,22.52611,22.23827,22.33300,-0.02874,1.77946,0.00000,0.01098,0.00000,0.00000,0.00049,1.00000,0.00000,0.00000,0.00000,6362.98592,0.00000 ===
 53.98402|I|libbeamng.print:18052| === LSTM_TRACE t=540 v=22.33 ws=22.32,22.48,22.18,22.22 cmd=0.027,0.015,0.013,0.018 cap=80,43,27,36 des=80,43,24,32 app=74,40,22,30 abs=nil,nil,nil,nil ebrake=1.00 ibrake=1.00 hasABS=0 sy=1.78 split=1.000,0.875 ===
 53.98406|I|libbeamng.print:18052| === LSTM_OBS t=540 22.32378,22.48422,22.17685,22.21975,-0.01325,1.77928,0.00000,-0.00980,0.00000,0.00000,0.00000,1.00000,0.00000,0.00000,0.00000,6338.77894,0.00000 ===
 54.03749|I|libbeamng.print:18052| === LSTM_TRACE t=550 v=22.25 ws=22.24,22.43,22.12,22.14 cmd=0.026,0.014,0.013,0.017 cap=77,40,26,35 des=77,40,23,31 app=71,37,21,29 abs=nil,nil,nil,nil ebrake=1.00 ibrake=1.00 hasABS=0 sy=1.76 split=1.000,0.875 ===
 54.03753|I|libbeamng.print:18052| === LSTM_OBS t=550 22.24204,22.42730,22.11965,22.14324,-0.01500,1.76342,0.00000,-0.01610,0.00000,0.00000,0.00049,1.00000,0.00000,0.00000,0.00000,6314.06940,0.00000 ===
 54.08644|I|libbeamng.print:18052| === LSTM_TRACE t=560 v=22.16 ws=22.14,22.30,22.00,22.04 cmd=0.025,0.014,0.013,0.017 cap=77,42,25,33 des=77,42,22,29 app=72,38,20,27 abs=nil,nil,nil,nil ebrake=1.00 ibrake=1.00 hasABS=0 sy=1.76 split=1.000,0.875 ===
 54.08649|I|libbeamng.print:18052| === LSTM_OBS t=560 22.13744,22.29663,22.00026,22.04031,-0.00801,1.76093,0.00000,-0.00688,0.00000,0.00000,0.00000,1.00000,0.00000,0.00000,0.00000,6289.34508,0.00000 ===
 54.13699|I|libbeamng.print:18052| === LSTM_TRACE t=570 v=22.07 ws=22.12,22.24,21.91,22.03 cmd=0.024,0.013,0.012,0.017 cap=73,39,24,33 des=73,39,21,28 app=68,36,20,26 abs=nil,nil,nil,nil ebrake=1.00 ibrake=1.00 hasABS=0 sy=1.74 split=1.000,0.875 ===
 54.13704|I|libbeamng.print:18052| === LSTM_OBS t=570 22.12140,22.23810,21.90645,22.02980,-0.01641,1.74469,0.00000,0.00447,0.00000,0.00000,0.00000,1.00000,0.00000,0.00000,0.00000,6265.11335,0.00000 ===
 54.18720|I|libbeamng.print:18052| === LSTM_TRACE t=580 v=21.99 ws=21.95,22.10,21.82,21.95 cmd=0.023,0.012,0.012,0.016 cap=75,40,23,31 des=75,40,20,27 app=70,37,19,25 abs=nil,nil,nil,nil ebrake=1.00 ibrake=1.00 hasABS=0 sy=1.74 split=1.000,0.875 ===
 54.18724|I|libbeamng.print:18052| === LSTM_OBS t=580 21.95208,22.09783,21.81717,21.94593,-0.00816,1.74225,0.00000,0.00103,0.00000,0.00000,0.00000,1.00000,0.00000,0.00000,0.00000,6241.07494,0.00000 ===
 54.24785|I|libbeamng.print:18052| === LSTM_TRACE t=590 v=21.90 ws=21.89,22.07,21.70,21.85 cmd=0.023,0.012,0.012,0.016 cap=71,38,23,30 des=71,38,20,26 app=66,35,18,24 abs=nil,nil,nil,nil ebrake=1.00 ibrake=1.00 hasABS=0 sy=1.74 split=1.000,0.875 ===
 54.24789|I|libbeamng.print:18052| === LSTM_OBS t=590 21.89183,22.07238,21.70149,21.84696,-0.00058,1.73530,0.00000,0.00315,0.00000,0.00000,0.00000,1.00000,0.00000,0.00000,0.00000,6219.85923,0.00000 ===
 54.29664|I|libbeamng.print:18052| === LSTM_TRACE t=600 v=21.82 ws=21.77,21.99,21.72,21.77 cmd=0.022,0.012,0.011,0.015 cap=70,36,23,30 des=70,36,20,26 app=65,33,18,24 abs=nil,nil,nil,nil ebrake=1.00 ibrake=1.00 hasABS=0 sy=1.73 split=1.000,0.875 ===
 54.29668|I|libbeamng.print:18052| === LSTM_OBS t=600 21.76674,21.98713,21.71504,21.76755,-0.01927,1.73377,0.00000,-0.01998,0.00000,0.00000,0.00049,1.00000,0.00000,0.00000,0.00000,6192.15662,0.00000 ===
 54.34702|I|libbeamng.print:18052| === LSTM_TRACE t=610 v=21.73 ws=21.66,21.86,21.56,21.64 cmd=0.022,0.012,0.011,0.014 cap=69,35,22,29 des=69,35,19,25 app=64,33,17,23 abs=nil,nil,nil,nil ebrake=1.00 ibrake=1.00 hasABS=0 sy=1.72 split=1.000,0.875 ===
 54.34759|I|libbeamng.print:18052| === LSTM_OBS t=610 21.66173,21.85745,21.56009,21.64289,-0.01234,1.72017,0.00000,-0.00577,0.00000,0.00000,0.00000,1.00000,0.00000,0.00000,0.00000,6168.69683,0.00000 ===
 54.39258|I|libbeamng.print:18052| === LSTM_TRACE t=620 v=21.64 ws=21.66,21.71,21.46,21.57 cmd=0.021,0.011,0.011,0.014 cap=67,36,21,27 des=67,36,18,24 app=62,33,17,22 abs=nil,nil,nil,nil ebrake=1.00 ibrake=1.00 hasABS=0 sy=1.69 split=1.000,0.875 ===
 54.39263|I|libbeamng.print:18052| === LSTM_OBS t=620 21.66219,21.71059,21.46073,21.57176,-0.00068,1.69242,0.00000,0.01749,0.00000,0.00000,0.00049,1.00000,0.00000,0.00000,0.00000,6145.92514,0.00000 ===
 54.44225|I|libbeamng.print:18052| === LSTM_TRACE t=630 v=21.57 ws=21.54,21.70,21.46,21.55 cmd=0.020,0.010,0.011,0.014 cap=64,32,21,27 des=64,32,18,24 app=59,29,17,22 abs=nil,nil,nil,nil ebrake=1.00 ibrake=1.00 hasABS=0 sy=1.71 split=1.000,0.875 ===
 54.44231|I|libbeamng.print:18052| === LSTM_OBS t=630 21.53658,21.69874,21.45990,21.55276,-0.01536,1.70743,0.00000,-0.00574,0.00000,0.00000,0.00000,1.00000,0.00000,0.00000,0.00000,6124.41515,0.00000 ===
 54.49251|I|libbeamng.print:18052| === LSTM_TRACE t=640 v=21.48 ws=21.43,21.60,21.35,21.46 cmd=0.019,0.010,0.010,0.014 cap=62,31,20,26 des=62,31,17,23 app=58,29,16,21 abs=nil,nil,nil,nil ebrake=1.00 ibrake=1.00 hasABS=0 sy=1.69 split=1.000,0.875 ===
 54.49256|I|libbeamng.print:18052| === LSTM_OBS t=640 21.43126,21.59803,21.35208,21.45901,-0.03272,1.69316,0.00000,0.00176,0.00000,0.00000,0.00069,1.00000,0.00000,0.00000,0.00000,6099.56006,0.00000 ===
 54.54205|I|libbeamng.print:18052| === LSTM_TRACE t=650 v=21.39 ws=21.43,21.50,21.26,21.30 cmd=0.020,0.009,0.010,0.014 cap=61,31,20,26 des=61,31,17,23 app=57,29,16,21 abs=nil,nil,nil,nil ebrake=1.00 ibrake=1.00 hasABS=0 sy=1.68 split=1.000,0.875 ===
 54.54209|I|libbeamng.print:18052| === LSTM_OBS t=650 21.42902,21.49699,21.25512,21.30305,-0.01695,1.68313,0.00000,0.00522,0.00000,0.00000,0.00000,1.00000,0.00000,0.00000,0.00000,6076.46375,0.00000 ===
 54.59469|I|libbeamng.print:18052| === LSTM_TRACE t=660 v=21.31 ws=21.30,21.46,21.13,21.20 cmd=0.020,0.010,0.010,0.013 cap=60,31,19,26 des=60,31,17,22 app=56,29,16,21 abs=nil,nil,nil,nil ebrake=1.00 ibrake=1.00 hasABS=0 sy=1.68 split=1.000,0.875 ===
 54.59473|I|libbeamng.print:18052| === LSTM_OBS t=660 21.29555,21.46347,21.12545,21.19755,-0.02689,1.67956,0.00000,-0.00217,0.00000,0.00000,0.00049,1.00000,0.00000,0.00000,0.00000,6053.12764,0.00000 ===
 54.64341|I|libbeamng.print:18052| === LSTM_TRACE t=670 v=21.23 ws=21.22,21.36,21.07,21.18 cmd=0.019,0.010,0.010,0.013 cap=60,31,19,25 des=60,31,17,22 app=56,29,16,21 abs=nil,nil,nil,nil ebrake=1.00 ibrake=1.00 hasABS=0 sy=1.67 split=1.000,0.875 ===
 54.64345|I|libbeamng.print:18052| === LSTM_OBS t=670 21.22348,21.36415,21.06761,21.18009,-0.02803,1.66571,0.00000,0.00509,0.00000,0.00000,0.00049,1.00000,0.00000,0.00000,0.00000,6028.98776,0.00000 ===
 54.69706|I|libbeamng.print:18052| === LSTM_TRACE t=680 v=21.14 ws=21.20,21.25,20.98,21.16 cmd=0.019,0.010,0.010,0.013 cap=59,31,19,25 des=59,31,17,22 app=55,29,16,20 abs=nil,nil,nil,nil ebrake=1.00 ibrake=1.00 hasABS=0 sy=1.66 split=1.000,0.875 ===
 54.69711|I|libbeamng.print:18052| === LSTM_OBS t=680 21.20397,21.25082,20.98072,21.16085,-0.02619,1.65824,0.00000,0.01210,0.00000,0.00000,0.00069,1.00000,0.00000,0.00000,0.00000,6005.22333,0.00000 ===
 54.75282|I|libbeamng.print:18052| === LSTM_TRACE t=690 v=21.07 ws=21.02,21.20,20.93,21.09 cmd=0.019,0.010,0.010,0.013 cap=59,31,19,25 des=59,31,17,22 app=55,29,16,20 abs=nil,nil,nil,nil ebrake=1.00 ibrake=1.00 hasABS=0 sy=1.65 split=1.000,0.875 ===
 54.75286|I|libbeamng.print:18052| === LSTM_OBS t=690 21.01538,21.19672,20.92784,21.08767,-0.02269,1.65213,0.00000,-0.00729,0.00000,0.00000,0.00049,1.00000,0.00000,0.00000,0.00000,5983.28493,0.00000 ===
 54.80177|I|libbeamng.print:18052| === LSTM_TRACE t=700 v=20.99 ws=20.94,21.18,20.84,20.98 cmd=0.019,0.009,0.010,0.013 cap=57,31,19,25 des=57,31,17,22 app=53,29,16,20 abs=nil,nil,nil,nil ebrake=1.00 ibrake=1.00 hasABS=0 sy=1.63 split=1.000,0.875 ===
 54.80181|I|libbeamng.print:18052| === LSTM_OBS t=700 20.94174,21.18017,20.84374,20.97684,-0.02443,1.62666,0.00000,-0.01593,0.00000,0.00000,0.00069,1.00000,0.00000,0.00000,0.00000,5957.65680,0.00000 ===
 54.84811|I|libbeamng.print:18052| === LSTM_TRACE t=710 v=20.90 ws=20.92,21.06,20.77,20.90 cmd=0.019,0.009,0.010,0.012 cap=57,31,19,24 des=57,31,17,21 app=53,29,16,20 abs=nil,nil,nil,nil ebrake=1.00 ibrake=1.00 hasABS=0 sy=1.65 split=1.000,0.875 ===
 54.84817|I|libbeamng.print:18052| === LSTM_OBS t=710 20.91992,21.05907,20.76756,20.90079,-0.02469,1.65002,0.00000,-0.01001,0.00000,0.00000,0.00000,1.00000,0.00000,0.00000,0.00000,5935.88968,0.00000 ===
 54.89747|I|libbeamng.print:18052| === LSTM_TRACE t=720 v=20.82 ws=20.85,20.94,20.68,20.88 cmd=0.018,0.009,0.010,0.012 cap=58,31,19,24 des=58,31,17,21 app=54,29,16,19 abs=nil,nil,nil,nil ebrake=1.00 ibrake=1.00 hasABS=0 sy=1.65 split=1.000,0.875 ===
 54.89753|I|libbeamng.print:18052| === LSTM_OBS t=720 20.84618,20.93598,20.67876,20.87535,-0.01058,1.65053,0.00000,-0.00220,0.00000,0.00000,0.00049,1.00000,0.00000,0.00000,0.00000,5911.58828,0.00000 ===
 54.94297|I|libbeamng.print:18052| === LSTM_TRACE t=730 v=20.74 ws=20.79,20.83,20.58,20.75 cmd=0.019,0.009,0.010,0.012 cap=59,31,19,24 des=59,31,17,21 app=54,29,16,19 abs=nil,nil,nil,nil ebrake=1.00 ibrake=1.00 hasABS=0 sy=1.64 split=1.000,0.875 ===
 54.94301|I|libbeamng.print:18052| === LSTM_OBS t=730 20.78926,20.83214,20.57900,20.74844,-0.01520,1.64137,0.00000,0.00240,0.00000,0.00000,0.00049,1.00000,0.00000,0.00000,0.00000,5888.72591,0.00000 ===
 54.99433|I|libbeamng.print:18052| === LSTM_TRACE t=740 v=20.65 ws=20.69,20.76,20.48,20.65 cmd=0.019,0.009,0.009,0.012 cap=58,31,19,24 des=58,31,17,21 app=54,29,16,19 abs=nil,nil,nil,nil ebrake=1.00 ibrake=1.00 hasABS=0 sy=1.64 split=1.000,0.875 ===
 54.99442|I|libbeamng.print:18052| === LSTM_OBS t=740 20.69223,20.76022,20.47780,20.65059,-0.01555,1.64321,0.00000,0.00660,0.00000,0.00000,0.00000,1.00000,0.00000,0.00000,0.00000,5863.92835,0.00000 ===
 55.04398|I|libbeamng.print:18052| === LSTM_TRACE t=750 v=20.57 ws=20.59,20.71,20.40,20.53 cmd=0.019,0.010,0.009,0.012 cap=59,31,19,24 des=59,31,17,21 app=55,29,16,19 abs=nil,nil,nil,nil ebrake=1.00 ibrake=1.00 hasABS=0 sy=1.64 split=1.000,0.875 ===
 55.04402|I|libbeamng.print:18052| === LSTM_OBS t=750 20.58563,20.70534,20.39974,20.52510,-0.01886,1.64147,0.00000,-0.00005,0.00000,0.00000,0.00049,1.00000,0.00000,0.00000,0.00000,5839.82422,0.00000 ===
 55.09035|I|libbeamng.print:18052| === LSTM_TRACE t=760 v=20.50 ws=20.45,20.67,20.32,20.41 cmd=0.019,0.010,0.009,0.012 cap=60,31,19,24 des=60,31,17,21 app=56,29,16,19 abs=nil,nil,nil,nil ebrake=1.00 ibrake=1.00 hasABS=0 sy=1.64 split=1.000,0.875 ===
 55.09040|I|libbeamng.print:18052| === LSTM_OBS t=760 20.44775,20.67061,20.32106,20.40658,-0.02173,1.64479,0.00000,-0.01422,0.00000,0.00000,0.00000,1.00000,0.00000,0.00000,0.00000,5818.45796,0.00000 ===
 55.14024|I|libbeamng.print:18052| === LSTM_TRACE t=770 v=20.41 ws=20.38,20.57,20.27,20.30 cmd=0.019,0.010,0.009,0.012 cap=61,31,19,23 des=61,31,17,20 app=56,29,16,19 abs=nil,nil,nil,nil ebrake=1.00 ibrake=1.00 hasABS=0 sy=1.65 split=1.000,0.875 ===
 55.14031|I|libbeamng.print:18052| === LSTM_OBS t=770 20.37546,20.56972,20.27446,20.29550,-0.02078,1.64753,0.00000,-0.00044,0.00000,0.00000,0.00069,1.00000,0.00000,0.00000,0.00000,5794.29807,0.00000 ===
 55.18961|I|libbeamng.print:18052| === LSTM_TRACE t=780 v=20.32 ws=20.38,20.43,20.26,20.27 cmd=0.019,0.009,0.010,0.012 cap=60,31,19,23 des=60,31,17,20 app=55,29,16,19 abs=nil,nil,nil,nil ebrake=1.00 ibrake=1.00 hasABS=0 sy=1.65 split=1.000,0.875 ===
 55.18966|I|libbeamng.print:18052| === LSTM_OBS t=780 20.38462,20.42543,20.25714,20.26850,-0.02269,1.64721,0.00000,0.01419,0.00000,0.00000,0.00049,1.00000,0.00000,0.00000,0.00000,5770.27265,0.00000 ===
 55.24012|I|libbeamng.print:18052| === LSTM_TRACE t=790 v=20.25 ws=20.24,20.39,20.11,20.25 cmd=0.019,0.009,0.009,0.012 cap=58,31,19,23 des=58,31,17,20 app=54,29,16,19 abs=nil,nil,nil,nil ebrake=1.00 ibrake=1.00 hasABS=0 sy=1.64 split=1.000,0.875 ===
 55.24019|I|libbeamng.print:18052| === LSTM_OBS t=790 20.24216,20.39373,20.10853,20.25042,-0.02284,1.64412,0.00000,-0.00627,0.00000,0.00000,0.00049,1.00000,0.00000,0.00000,0.00000,5746.62981,0.00000 ===
 55.29081|I|libbeamng.print:18052| === LSTM_TRACE t=800 v=20.17 ws=20.17,20.33,19.99,20.10 cmd=0.020,0.010,0.009,0.012 cap=59,31,19,23 des=59,31,17,20 app=55,29,16,19 abs=nil,nil,nil,nil ebrake=1.00 ibrake=1.00 hasABS=0 sy=1.65 split=1.000,0.875 ===
 55.29089|I|libbeamng.print:18052| === LSTM_OBS t=800 20.17205,20.33376,19.99333,20.10010,-0.02402,1.64589,0.00000,-0.00607,0.00000,0.00000,0.00091,1.00000,0.00000,0.00000,0.00000,5723.87069,0.00000 ===
 55.33966|I|libbeamng.print:18052| === LSTM_TRACE t=810 v=20.08 ws=20.13,20.14,19.96,20.01 cmd=0.019,0.010,0.009,0.012 cap=62,34,19,22 des=62,34,17,19 app=58,31,16,18 abs=nil,nil,nil,nil ebrake=1.00 ibrake=1.00 hasABS=0 sy=1.63 split=1.000,0.875 ===
 55.33970|I|libbeamng.print:18052| === LSTM_OBS t=810 20.12992,20.14042,19.95528,20.00659,-0.03616,1.62781,0.00000,0.01459,0.00000,0.00000,0.00000,1.00000,0.00000,0.00000,0.00000,5697.77589,0.00000 ===
 55.38962|I|libbeamng.print:18052| === LSTM_TRACE t=820 v=20.01 ws=19.97,20.17,19.87,19.99 cmd=0.019,0.010,0.010,0.012 cap=61,31,19,23 des=61,31,17,20 app=57,29,16,19 abs=nil,nil,nil,nil ebrake=1.00 ibrake=1.00 hasABS=0 sy=1.64 split=1.000,0.875 ===
 55.38967|I|libbeamng.print:18052| === LSTM_OBS t=820 19.97366,20.17207,19.87325,19.99080,-0.02153,1.63856,0.00000,-0.01066,0.00000,0.00000,0.00000,1.00000,0.00000,0.00000,0.00000,5676.88362,0.00000 ===
 55.43980|I|libbeamng.print:18052| === LSTM_TRACE t=830 v=19.92 ws=19.92,20.02,19.76,19.84 cmd=0.020,0.010,0.009,0.012 cap=61,31,19,23 des=61,31,17,20 app=57,29,16,19 abs=nil,nil,nil,nil ebrake=1.00 ibrake=1.00 hasABS=0 sy=1.63 split=1.000,0.875 ===
 55.43984|I|libbeamng.print:18052| === LSTM_OBS t=830 19.92162,20.02429,19.75501,19.83583,-0.00064,1.63328,0.00000,0.00102,0.00000,0.00000,0.00000,1.00000,0.00000,0.00000,0.00000,5652.84332,0.00000 ===
 55.48937|I|libbeamng.print:18052| === LSTM_TRACE t=840 v=19.83 ws=19.91,19.93,19.74,19.78 cmd=0.020,0.010,0.009,0.011 cap=62,32,19,22 des=62,32,17,19 app=58,29,16,18 abs=nil,nil,nil,nil ebrake=1.00 ibrake=1.00 hasABS=0 sy=1.63 split=1.000,0.875 ===
 55.48941|I|libbeamng.print:18052| === LSTM_OBS t=840 19.90544,19.93430,19.74038,19.78115,0.00455,1.62939,0.00000,0.01055,0.00000,0.00000,0.00049,1.00000,0.00000,0.00000,0.00000,5628.70957,0.00000 ===
 55.54044|I|libbeamng.print:18052| === LSTM_TRACE t=850 v=19.77 ws=19.74,19.94,19.59,19.74 cmd=0.019,0.010,0.009,0.011 cap=60,31,19,23 des=60,31,17,20 app=56,29,16,18 abs=nil,nil,nil,nil ebrake=1.00 ibrake=1.00 hasABS=0 sy=1.64 split=1.000,0.875 ===
 55.54048|I|libbeamng.print:18052| === LSTM_OBS t=850 19.73827,19.93976,19.58510,19.73518,-0.01974,1.63709,0.00000,-0.00633,0.00000,0.00000,0.00000,1.00000,0.00000,0.00000,0.00000,5604.76658,0.00000 ===
 55.58950|I|libbeamng.print:18052| === LSTM_TRACE t=860 v=19.68 ws=19.66,19.81,19.55,19.60 cmd=0.019,0.010,0.009,0.011 cap=62,31,19,22 des=62,31,17,19 app=57,29,16,18 abs=nil,nil,nil,nil ebrake=1.00 ibrake=1.00 hasABS=0 sy=1.62 split=1.000,0.875 ===
 55.58954|I|libbeamng.print:18052| === LSTM_OBS t=860 19.65777,19.80980,19.54993,19.59549,-0.00925,1.62488,0.00000,-0.00059,0.00000,0.00000,0.00069,1.00000,0.00000,0.00000,0.00000,5580.94201,0.00000 ===
 55.63976|I|libbeamng.print:18052| === LSTM_TRACE t=870 v=19.59 ws=19.60,19.69,19.44,19.58 cmd=0.019,0.010,0.009,0.011 cap=62,31,19,22 des=62,31,17,19 app=57,29,16,18 abs=nil,nil,nil,nil ebrake=1.00 ibrake=1.00 hasABS=0 sy=1.62 split=1.000,0.875 ===
 55.63980|I|libbeamng.print:18052| === LSTM_OBS t=870 19.60479,19.68742,19.44448,19.57694,-0.00462,1.61667,0.00000,0.00626,0.00000,0.00000,0.00000,1.00000,0.00000,0.00000,0.00000,5556.59422,0.00000 ===
 55.68939|I|libbeamng.print:18052| === LSTM_TRACE t=880 v=19.51 ws=19.54,19.61,19.38,19.48 cmd=0.020,0.010,0.009,0.011 cap=63,33,19,21 des=63,33,17,19 app=59,30,16,17 abs=nil,nil,nil,nil ebrake=1.00 ibrake=1.00 hasABS=0 sy=1.62 split=1.000,0.875 ===
 55.68942|I|libbeamng.print:18052| === LSTM_OBS t=880 19.54441,19.60834,19.37618,19.48057,-0.00629,1.62072,0.00000,0.01378,0.00000,0.00000,0.00000,1.00000,0.00000,0.00000,0.00000,5533.69101,0.00000 ===
 55.73979|I|libbeamng.print:18052| === LSTM_TRACE t=890 v=19.43 ws=19.48,19.49,19.28,19.35 cmd=0.020,0.010,0.009,0.011 cap=62,31,19,22 des=62,31,17,19 app=57,29,16,18 abs=nil,nil,nil,nil ebrake=1.00 ibrake=1.00 hasABS=0 sy=1.61 split=1.000,0.875 ===
 55.73982|I|libbeamng.print:18052| === LSTM_OBS t=890 19.48478,19.49146,19.27963,19.34798,-0.02396,1.60797,0.00000,0.00793,0.00000,0.00000,0.00049,1.00000,0.00000,0.00000,0.00000,5509.84432,0.00000 ===
 55.78920|I|libbeamng.print:18052| === LSTM_TRACE t=900 v=19.35 ws=19.38,19.44,19.23,19.28 cmd=0.020,0.010,0.009,0.011 cap=63,32,19,21 des=63,32,17,19 app=58,30,16,17 abs=nil,nil,nil,nil ebrake=1.00 ibrake=1.00 hasABS=0 sy=1.60 split=1.000,0.875 ===
 55.78925|I|libbeamng.print:18052| === LSTM_OBS t=900 19.38062,19.44141,19.23487,19.28092,-0.02927,1.59802,0.00000,0.00920,0.00000,0.00000,0.00049,1.00000,0.00000,0.00000,0.00000,5485.69600,0.00000 ===
 55.83994|I|libbeamng.print:18052| === LSTM_TRACE t=910 v=19.26 ws=19.28,19.33,19.07,19.20 cmd=0.020,0.010,0.009,0.011 cap=62,32,19,21 des=62,32,17,19 app=58,29,16,17 abs=nil,nil,nil,nil ebrake=1.00 ibrake=1.00 hasABS=0 sy=1.60 split=1.000,0.875 ===
 55.83998|I|libbeamng.print:18052| === LSTM_OBS t=910 19.27788,19.33228,19.06944,19.19663,-0.03066,1.59612,0.00000,0.00354,0.00000,0.00000,0.00000,1.00000,0.00000,0.00000,0.00000,5462.38553,0.00000 ===
 55.88912|I|libbeamng.print:18052| === LSTM_TRACE t=920 v=19.20 ws=19.18,19.31,19.01,19.13 cmd=0.020,0.010,0.009,0.011 cap=64,32,19,22 des=64,32,17,19 app=59,29,16,17 abs=nil,nil,nil,nil ebrake=1.00 ibrake=1.00 hasABS=0 sy=1.59 split=1.000,0.875 ===
 55.88915|I|libbeamng.print:18052| === LSTM_OBS t=920 19.17987,19.31281,19.01498,19.13401,-0.02370,1.59135,0.00000,-0.00407,0.00000,0.00000,0.00000,1.00000,0.00000,0.00000,0.00000,5438.45006,0.00000 ===
 55.93951|I|libbeamng.print:18052| === LSTM_TRACE t=930 v=19.12 ws=19.09,19.26,18.98,19.04 cmd=0.021,0.011,0.009,0.011 cap=65,34,19,21 des=65,34,17,19 app=60,31,16,17 abs=nil,nil,nil,nil ebrake=1.00 ibrake=1.00 hasABS=0 sy=1.62 split=1.000,0.875 ===
 55.93955|I|libbeamng.print:18052| === LSTM_OBS t=930 19.08938,19.26266,18.97559,19.03762,-0.01204,1.61586,0.00000,-0.00119,0.00000,0.00000,0.00000,1.00000,0.00000,0.00000,0.00000,5414.76640,0.00000 ===
 55.98919|I|libbeamng.print:18052| === LSTM_TRACE t=940 v=19.03 ws=19.05,19.16,18.85,18.95 cmd=0.021,0.011,0.009,0.011 cap=64,32,19,22 des=64,32,17,19 app=59,30,16,17 abs=nil,nil,nil,nil ebrake=1.00 ibrake=1.00 hasABS=0 sy=1.62 split=1.000,0.875 ===
 55.98922|I|libbeamng.print:18052| === LSTM_OBS t=940 19.05429,19.16138,18.84629,18.95294,-0.01041,1.61663,0.00000,-0.00070,0.00000,0.00000,0.00049,1.00000,0.00000,0.00000,0.00000,5392.23916,0.00000 ===
 56.03988|I|libbeamng.print:18052| === LSTM_TRACE t=950 v=18.94 ws=18.94,19.02,18.76,18.85 cmd=0.020,0.010,0.009,0.011 cap=64,32,19,22 des=64,32,17,19 app=60,30,16,18 abs=nil,nil,nil,nil ebrake=1.00 ibrake=1.00 hasABS=0 sy=1.61 split=1.000,0.875 ===
 56.03992|I|libbeamng.print:18052| === LSTM_OBS t=950 18.93880,19.02256,18.76228,18.85188,-0.01260,1.61143,0.00000,0.00560,0.00000,0.00000,0.00000,1.00000,0.00000,0.00000,0.00000,5369.02485,0.00000 ===
 56.08914|I|libbeamng.print:18052| === LSTM_TRACE t=960 v=18.88 ws=18.85,19.00,18.68,18.84 cmd=0.021,0.011,0.009,0.011 cap=65,35,19,21 des=65,35,17,19 app=60,32,16,17 abs=nil,nil,nil,nil ebrake=1.00 ibrake=1.00 hasABS=0 sy=1.62 split=1.000,0.875 ===
 56.08917|I|libbeamng.print:18052| === LSTM_OBS t=960 18.85242,19.00207,18.68214,18.83691,-0.01376,1.61959,0.00000,-0.00360,0.00000,0.00000,0.00000,1.00000,0.00000,0.00000,0.00000,5345.71989,0.00000 ===
 56.13958|I|libbeamng.print:18052| === LSTM_TRACE t=970 v=18.78 ws=18.76,18.82,18.61,18.74 cmd=0.021,0.011,0.009,0.011 cap=69,37,19,21 des=69,37,17,18 app=64,34,16,17 abs=nil,nil,nil,nil ebrake=1.00 ibrake=1.00 hasABS=0 sy=1.62 split=1.000,0.875 ===
 56.13962|I|libbeamng.print:18052| === LSTM_OBS t=970 18.76009,18.81666,18.60674,18.74082,-0.00417,1.62186,0.00000,0.00272,0.00000,0.00000,0.00000,1.00000,0.00000,0.00000,0.00000,5321.98344,0.00000 ===
 56.18941|I|libbeamng.print:18052| === LSTM_TRACE t=980 v=18.71 ws=18.73,18.85,18.57,18.63 cmd=0.023,0.012,0.009,0.011 cap=68,35,19,21 des=68,35,17,19 app=63,33,16,17 abs=nil,nil,nil,nil ebrake=1.00 ibrake=1.00 hasABS=0 sy=1.62 split=1.000,0.875 ===
 56.18945|I|libbeamng.print:18052| === LSTM_OBS t=980 18.72793,18.85477,18.57144,18.63453,-0.01326,1.61923,0.00000,-0.00234,0.00000,0.00000,0.00085,1.00000,0.00000,0.00000,0.00000,5299.40707,0.00000 ===
 56.23905|I|libbeamng.print:18052| === LSTM_TRACE t=990 v=18.62 ws=18.58,18.68,18.46,18.52 cmd=0.022,0.011,0.009,0.011 cap=68,36,19,21 des=68,36,17,19 app=64,33,16,17 abs=nil,nil,nil,nil ebrake=1.00 ibrake=1.00 hasABS=0 sy=1.63 split=1.000,0.875 ===
 56.23909|I|libbeamng.print:18052| === LSTM_OBS t=990 18.57633,18.68314,18.45672,18.51931,-0.03192,1.62774,0.00000,0.00323,0.00000,0.00000,0.00000,1.00000,0.00000,0.00000,0.00000,5277.19562,0.00000 ===
 56.28912|I|libbeamng.print:18052| === LSTM_TRACE t=1000 v=18.54 ws=18.53,18.64,18.39,18.43 cmd=0.023,0.012,0.009,0.011 cap=68,36,19,22 des=68,36,17,19 app=63,33,16,17 abs=nil,nil,nil,nil ebrake=1.00 ibrake=1.00 hasABS=0 sy=1.62 split=1.000,0.875 ===
 56.28919|I|libbeamng.print:18052| === LSTM_OBS t=1000 18.52707,18.64087,18.39457,18.43210,-0.01370,1.62239,0.00000,-0.00282,0.00000,0.00000,0.00049,1.00000,0.00000,0.00000,0.00000,5254.37589,0.00000 ===
 56.33889|I|libbeamng.print:18052| === LSTM_TRACE t=1010 v=18.46 ws=18.49,18.60,18.31,18.34 cmd=0.023,0.012,0.009,0.011 cap=68,35,19,22 des=68,35,17,19 app=63,32,16,18 abs=nil,nil,nil,nil ebrake=1.00 ibrake=1.00 hasABS=0 sy=1.62 split=1.000,0.875 ===
 56.33898|I|libbeamng.print:18052| === LSTM_OBS t=1010 18.48838,18.59703,18.30952,18.34262,-0.00212,1.61982,0.00000,0.00080,0.00000,0.00000,0.00000,1.00000,0.00000,0.00000,0.00000,5230.40927,0.00000 ===
 56.38537|I|libbeamng.print:18052| === LSTM_TRACE t=1020 v=18.38 ws=18.36,18.48,18.22,18.27 cmd=0.023,0.012,0.009,0.011 cap=68,35,19,22 des=68,35,17,19 app=63,32,16,17 abs=nil,nil,nil,nil ebrake=1.00 ibrake=1.00 hasABS=0 sy=1.62 split=1.000,0.875 ===
 56.38543|I|libbeamng.print:18052| === LSTM_OBS t=1020 18.35979,18.48190,18.22098,18.27013,-0.00312,1.62143,0.00000,-0.00232,0.00000,0.00000,0.00000,1.00000,0.00000,0.00000,0.00000,5210.36066,0.00000 ===
 56.43575|I|libbeamng.print:18052| === LSTM_TRACE t=1030 v=18.30 ws=18.22,18.35,18.14,18.19 cmd=0.022,0.012,0.009,0.011 cap=72,40,19,21 des=72,40,17,18 app=67,36,16,17 abs=nil,nil,nil,nil ebrake=1.00 ibrake=1.00 hasABS=0 sy=1.62 split=1.000,0.875 ===
 56.43579|I|libbeamng.print:18052| === LSTM_OBS t=1030 18.22183,18.34538,18.14484,18.18894,-0.00639,1.61743,0.00000,-0.00111,0.00000,0.00000,0.00000,1.00000,0.00000,0.00000,0.00000,5187.14399,0.00000 ===
 56.48513|I|libbeamng.print:18052| === LSTM_TRACE t=1040 v=18.21 ws=18.14,18.26,18.09,18.10 cmd=0.023,0.012,0.009,0.011 cap=75,40,19,21 des=75,40,17,18 app=69,37,16,17 abs=nil,nil,nil,nil ebrake=1.00 ibrake=1.00 hasABS=0 sy=1.62 split=1.000,0.875 ===
 56.48517|I|libbeamng.print:18052| === LSTM_OBS t=1040 18.13579,18.26302,18.08947,18.09907,-0.00789,1.61583,0.00000,-0.00108,0.00000,0.00000,0.00069,1.00000,0.00000,0.00000,0.00000,5164.73866,0.00000 ===
 56.53506|I|libbeamng.print:18052| === LSTM_TRACE t=1050 v=18.13 ws=18.04,18.16,18.00,18.04 cmd=0.022,0.012,0.009,0.011 cap=74,39,19,21 des=74,39,17,18 app=69,36,16,17 abs=nil,nil,nil,nil ebrake=1.00 ibrake=1.00 hasABS=0 sy=1.61 split=1.000,0.875 ===
 56.53510|I|libbeamng.print:18052| === LSTM_OBS t=1050 18.03767,18.16497,18.00291,18.03639,-0.01153,1.61458,0.00000,-0.00195,0.00000,0.00000,0.00049,1.00000,0.00000,0.00000,0.00000,5141.65379,0.00000 ===
 56.58555|I|libbeamng.print:18052| === LSTM_TRACE t=1060 v=18.05 ws=17.96,18.09,17.94,17.94 cmd=0.023,0.012,0.009,0.011 cap=76,41,19,21 des=76,41,17,18 app=71,38,16,17 abs=nil,nil,nil,nil ebrake=1.00 ibrake=1.00 hasABS=0 sy=1.61 split=1.000,0.875 ===
 56.58562|I|libbeamng.print:18052| === LSTM_OBS t=1060 17.96394,18.09030,17.93571,17.93910,-0.01985,1.61374,0.00000,-0.00226,0.00000,0.00000,0.00000,1.00000,0.00000,0.00000,0.00000,5119.45975,0.00000 ===
 56.63517|I|libbeamng.print:18052| === LSTM_TRACE t=1070 v=17.97 ws=17.92,18.05,17.92,17.90 cmd=0.024,0.013,0.009,0.011 cap=77,42,19,21 des=77,42,17,18 app=71,39,16,17 abs=nil,nil,nil,nil ebrake=1.00 ibrake=1.00 hasABS=0 sy=1.61 split=1.000,0.875 ===
 56.63524|I|libbeamng.print:18052| === LSTM_OBS t=1070 17.91565,18.05436,17.91678,17.89673,-0.02040,1.61178,0.00000,0.00086,0.00000,0.00000,0.00000,1.00000,0.00000,0.00000,0.00000,5097.42855,0.00000 ===
 56.68566|I|libbeamng.print:18052| === LSTM_TRACE t=1080 v=17.90 ws=17.93,18.01,17.77,17.84 cmd=0.025,0.014,0.009,0.010 cap=74,40,19,21 des=74,40,17,18 app=69,37,16,17 abs=nil,nil,nil,nil ebrake=1.00 ibrake=1.00 hasABS=0 sy=1.61 split=1.000,0.875 ===
 56.68572|I|libbeamng.print:18052| === LSTM_OBS t=1080 17.92715,18.01142,17.77282,17.83634,-0.01377,1.60792,0.00000,0.00117,0.00000,0.00000,0.00000,1.00000,0.00000,0.00000,0.00000,5074.41238,0.00000 ===
 56.73530|I|libbeamng.print:18052| === LSTM_TRACE t=1090 v=17.82 ws=17.83,17.93,17.65,17.83 cmd=0.025,0.012,0.009,0.011 cap=72,36,19,22 des=72,36,17,19 app=67,33,16,18 abs=nil,nil,nil,nil ebrake=1.00 ibrake=1.00 hasABS=0 sy=1.61 split=1.000,0.875 ===
 56.73534|I|libbeamng.print:18052| === LSTM_OBS t=1090 17.83183,17.93301,17.64795,17.83120,-0.01703,1.61135,0.00000,0.00419,0.00000,0.00000,0.00000,1.00000,0.00000,0.00000,0.00000,5051.50183,0.00000 ===
 56.78566|I|libbeamng.print:18052| === LSTM_TRACE t=1100 v=17.74 ws=17.67,17.77,17.60,17.66 cmd=0.024,0.013,0.009,0.011 cap=78,42,19,21 des=78,42,17,18 app=72,39,16,17 abs=nil,nil,nil,nil ebrake=1.00 ibrake=1.00 hasABS=0 sy=1.62 split=1.000,0.875 ===
 56.78578|I|libbeamng.print:18052| === LSTM_OBS t=1100 17.67454,17.77488,17.60285,17.65887,-0.02330,1.61688,0.00000,0.00161,0.00000,0.00000,0.00000,1.00000,0.00000,0.00000,0.00000,5028.98760,0.00000 ===
 56.83593|I|libbeamng.print:18052| === LSTM_TRACE t=1110 v=17.66 ws=17.67,17.76,17.52,17.58 cmd=0.027,0.014,0.009,0.010 cap=80,41,19,21 des=80,41,17,18 app=74,38,16,17 abs=nil,nil,nil,nil ebrake=1.00 ibrake=1.00 hasABS=0 sy=1.62 split=1.000,0.875 ===
 56.83597|I|libbeamng.print:18052| === LSTM_OBS t=1110 17.67087,17.76255,17.52325,17.57504,-0.01329,1.61982,0.00000,-0.00240,0.00000,0.00000,0.00049,1.00000,0.00000,0.00000,0.00000,5006.86829,0.00000 ===
 56.88550|I|libbeamng.print:18052| === LSTM_TRACE t=1120 v=17.57 ws=17.55,17.66,17.50,17.48 cmd=0.026,0.014,0.009,0.011 cap=79,43,19,21 des=79,43,17,18 app=74,39,16,17 abs=nil,nil,nil,nil ebrake=1.00 ibrake=1.00 hasABS=0 sy=1.62 split=1.000,0.875 ===
 56.88555|I|libbeamng.print:18052| === LSTM_OBS t=1120 17.55339,17.65521,17.50318,17.48200,-0.02020,1.61584,0.00000,0.00172,0.00000,0.00000,0.00049,1.00000,0.00000,0.00000,0.00000,4984.79000,0.00000 ===
 56.93516|I|libbeamng.print:18052| === LSTM_TRACE t=1130 v=17.49 ws=17.44,17.53,17.33,17.51 cmd=0.026,0.014,0.009,0.011 cap=87,46,19,20 des=87,46,17,18 app=81,43,16,17 abs=nil,nil,nil,nil ebrake=1.00 ibrake=1.00 hasABS=0 sy=1.62 split=1.000,0.875 ===
 56.93520|I|libbeamng.print:18052| === LSTM_OBS t=1130 17.44397,17.52654,17.33404,17.51449,-0.01128,1.62040,0.00000,-0.00102,0.00000,0.00000,0.00000,1.00000,0.00000,0.00000,0.00000,4962.11368,0.00000 ===
 56.98519|I|libbeamng.print:18052| === LSTM_TRACE t=1140 v=17.42 ws=17.42,17.53,17.26,17.33 cmd=0.027,0.014,0.009,0.011 cap=79,41,19,21 des=79,41,17,19 app=73,38,16,17 abs=nil,nil,nil,nil ebrake=1.00 ibrake=1.00 hasABS=0 sy=1.63 split=1.000,0.875 ===
 56.98523|I|libbeamng.print:18052| === LSTM_OBS t=1140 17.41657,17.53019,17.26183,17.33129,-0.00145,1.63047,0.00000,0.00373,0.00000,0.00000,0.00000,1.00000,0.00000,0.00000,0.00000,4939.61728,0.00000 ===
 57.03517|I|libbeamng.print:18052| === LSTM_TRACE t=1150 v=17.33 ws=17.33,17.43,17.28,17.24 cmd=0.028,0.015,0.009,0.011 cap=86,47,19,20 des=86,47,17,18 app=80,43,16,17 abs=nil,nil,nil,nil ebrake=1.00 ibrake=1.00 hasABS=0 sy=1.63 split=1.000,0.875 ===
 57.03521|I|libbeamng.print:18052| === LSTM_OBS t=1150 17.32976,17.42639,17.28022,17.24056,-0.01583,1.62533,0.00000,0.00517,0.00000,0.00000,0.00000,1.00000,0.00000,0.00000,0.00000,4917.36122,0.00000 ===
 57.08526|I|libbeamng.print:18052| === LSTM_TRACE t=1160 v=17.25 ws=17.17,17.24,17.11,17.26 cmd=0.026,0.014,0.009,0.011 cap=91,49,19,20 des=91,49,17,18 app=85,45,16,16 abs=nil,nil,nil,nil ebrake=1.00 ibrake=1.00 hasABS=0 sy=1.61 split=1.000,0.875 ===
 57.08530|I|libbeamng.print:18052| === LSTM_OBS t=1160 17.17391,17.24164,17.11115,17.26369,-0.03926,1.61065,0.00000,-0.00404,0.00000,0.00000,0.00049,1.00000,0.00000,0.00000,0.00000,4894.39924,0.00000 ===
 57.13768|I|libbeamng.print:18052| === LSTM_TRACE t=1170 v=17.17 ws=17.17,17.30,17.05,17.11 cmd=0.029,0.016,0.009,0.010 cap=83,44,19,21 des=83,44,17,18 app=77,41,16,17 abs=nil,nil,nil,nil ebrake=1.00 ibrake=1.00 hasABS=0 sy=1.60 split=1.000,0.875 ===
 57.13772|I|libbeamng.print:18052| === LSTM_OBS t=1170 17.16849,17.29635,17.05303,17.11493,-0.03821,1.60388,0.00000,-0.00211,0.00000,0.00000,0.00000,1.00000,0.00000,0.00000,0.00000,4872.12926,0.00000 ===
 57.18555|I|libbeamng.print:18052| === LSTM_TRACE t=1180 v=17.09 ws=17.10,17.21,16.92,17.15 cmd=0.031,0.016,0.009,0.010 cap=90,46,19,21 des=90,46,17,18 app=84,43,16,17 abs=nil,nil,nil,nil ebrake=1.00 ibrake=1.00 hasABS=0 sy=1.62 split=1.000,0.875 ===
 57.18559|I|libbeamng.print:18052| === LSTM_OBS t=1180 17.09622,17.21269,16.92255,17.15126,-0.03723,1.62384,0.00000,0.00319,0.00000,0.00000,0.00049,1.00000,0.00000,0.00000,0.00000,4849.60798,0.00000 ===
 57.23580|I|libbeamng.print:18052| === LSTM_TRACE t=1190 v=17.00 ws=16.99,17.10,16.85,16.98 cmd=0.031,0.017,0.009,0.010 cap=94,52,19,20 des=94,52,17,18 app=88,48,16,16 abs=nil,nil,nil,nil ebrake=1.00 ibrake=1.00 hasABS=0 sy=1.64 split=1.000,0.875 ===
 57.23590|I|libbeamng.print:18052| === LSTM_OBS t=1190 16.99409,17.09554,16.84911,16.98482,-0.00638,1.64132,0.00000,-0.00031,0.00000,0.00000,0.00000,1.00000,0.00000,0.00000,0.00000,4827.12822,0.00000 ===
 57.28602|I|libbeamng.print:18052| === LSTM_TRACE t=1200 v=16.92 ws=16.96,17.03,16.78,16.94 cmd=0.033,0.017,0.009,0.011 cap=97,52,19,21 des=97,52,17,18 app=90,48,16,17 abs=nil,nil,nil,nil ebrake=1.00 ibrake=1.00 hasABS=0 sy=1.63 split=1.000,0.875 ===
 57.28607|I|libbeamng.print:18052| === LSTM_OBS t=1200 16.95648,17.02982,16.78206,16.94280,-0.00916,1.63439,0.00000,0.00446,0.00000,0.00000,0.00049,1.00000,0.00000,0.00000,0.00000,4804.61561,0.00000 ===
 57.33552|I|libbeamng.print:18052| === LSTM_TRACE t=1210 v=16.84 ws=16.83,16.89,16.70,16.83 cmd=0.030,0.017,0.009,0.010 cap=95,53,19,20 des=95,53,17,17 app=88,49,16,16 abs=nil,nil,nil,nil ebrake=1.00 ibrake=1.00 hasABS=0 sy=1.63 split=1.000,0.875 ===
 57.33556|I|libbeamng.print:18052| === LSTM_OBS t=1210 16.82869,16.88648,16.70498,16.83253,-0.01446,1.62505,0.00000,0.00018,0.00000,0.00000,0.00049,1.00000,0.00000,0.00000,0.00000,4780.92527,0.00000 ===
 57.38557|I|libbeamng.print:18052| === LSTM_TRACE t=1220 v=16.76 ws=16.80,16.87,16.60,16.81 cmd=0.034,0.017,0.009,0.011 cap=99,50,19,21 des=99,50,17,19 app=92,46,16,17 abs=nil,nil,nil,nil ebrake=1.00 ibrake=1.00 hasABS=0 sy=1.63 split=1.000,0.875 ===
 57.38561|I|libbeamng.print:18052| === LSTM_OBS t=1220 16.79898,16.87129,16.59541,16.80579,-0.01245,1.63099,0.00000,0.00339,0.00000,0.00000,0.00049,1.00000,0.00000,0.00000,0.00000,4758.35434,0.00000 ===
 57.43556|I|libbeamng.print:18052| === LSTM_TRACE t=1230 v=16.68 ws=16.67,16.76,16.68,16.59 cmd=0.032,0.018,0.009,0.010 cap=101,58,19,20 des=101,58,17,17 app=94,54,16,16 abs=nil,nil,nil,nil ebrake=1.00 ibrake=1.00 hasABS=0 sy=1.64 split=1.000,0.875 ===
 57.43560|I|libbeamng.print:18052| === LSTM_OBS t=1230 16.67259,16.75981,16.68457,16.59418,-0.00129,1.63645,0.00000,-0.00314,0.00000,0.00000,0.00049,1.00000,0.00000,0.00000,0.00000,4736.14122,0.00000 ===
 57.48568|I|libbeamng.print:18052| === LSTM_TRACE t=1240 v=16.60 ws=16.57,16.71,16.49,16.52 cmd=0.034,0.019,0.009,0.010 cap=102,55,19,20 des=102,55,17,18 app=95,50,16,16 abs=nil,nil,nil,nil ebrake=1.00 ibrake=1.00 hasABS=0 sy=1.63 split=1.000,0.875 ===
 57.48571|I|libbeamng.print:18052| === LSTM_OBS t=1240 16.57283,16.70965,16.49185,16.52151,-0.01246,1.63487,0.00000,0.00171,0.00000,0.00000,0.00049,1.00000,0.00000,0.00000,0.00000,4712.52791,0.00000 ===
 57.53573|I|libbeamng.print:18052| === LSTM_TRACE t=1250 v=16.51 ws=16.49,16.61,16.37,16.59 cmd=0.033,0.017,0.009,0.011 cap=100,52,19,20 des=100,52,17,18 app=93,48,16,17 abs=nil,nil,nil,nil ebrake=1.00 ibrake=1.00 hasABS=0 sy=1.63 split=1.000,0.875 ===
 57.53577|I|libbeamng.print:18052| === LSTM_OBS t=1250 16.48831,16.61328,16.37113,16.59016,-0.01739,1.62873,0.00000,0.00949,0.00000,0.00000,0.00049,1.00000,0.00000,0.00000,0.00000,4689.44836,0.00000 ===
 57.58603|I|libbeamng.print:18052| === LSTM_TRACE t=1260 v=16.44 ws=16.40,16.46,16.44,16.37 cmd=0.033,0.017,0.010,0.011 cap=113,59,19,20 des=113,59,17,18 app=105,54,16,16 abs=nil,nil,nil,nil ebrake=1.00 ibrake=1.00 hasABS=0 sy=1.64 split=1.000,0.875 ===
 57.58607|I|libbeamng.print:18052| === LSTM_OBS t=1260 16.40209,16.45662,16.44195,16.36980,-0.01667,1.63812,0.00000,-0.00557,0.00000,0.00000,0.00049,1.00000,0.00000,0.00000,0.00000,4666.69461,0.00000 ===
 57.63566|I|libbeamng.print:18052| === LSTM_TRACE t=1270 v=16.35 ws=16.37,16.45,16.20,16.28 cmd=0.037,0.019,0.009,0.010 cap=106,58,19,20 des=106,58,17,18 app=99,53,16,16 abs=nil,nil,nil,nil ebrake=1.00 ibrake=1.00 hasABS=0 sy=1.64 split=1.000,0.875 ===
 57.63572|I|libbeamng.print:18052| === LSTM_OBS t=1270 16.37497,16.44896,16.19659,16.28446,-0.02107,1.64303,0.00000,0.00780,0.00000,0.00000,0.00069,1.00000,0.00000,0.00000,0.00000,4643.80692,0.00000 ===
 57.68603|I|libbeamng.print:18052| === LSTM_TRACE t=1280 v=16.27 ws=16.23,16.38,16.14,16.28 cmd=0.035,0.018,0.009,0.010 cap=108,55,19,20 des=108,55,17,18 app=101,51,16,16 abs=nil,nil,nil,nil ebrake=1.00 ibrake=1.00 hasABS=0 sy=1.63 split=1.000,0.875 ===
 57.68607|I|libbeamng.print:18052| === LSTM_OBS t=1280 16.22900,16.37641,16.14425,16.27748,-0.01259,1.62851,0.00000,0.00188,0.00000,0.00000,0.00069,1.00000,0.00000,0.00000,0.00000,4617.37356,0.00000 ===
 57.73569|I|libbeamng.print:18052| === LSTM_TRACE t=1290 v=16.18 ws=16.22,16.24,16.07,16.22 cmd=0.037,0.020,0.009,0.010 cap=113,63,19,19 des=113,63,17,17 app=105,58,16,16 abs=nil,nil,nil,nil ebrake=1.00 ibrake=1.00 hasABS=0 sy=1.64 split=1.000,0.875 ===
 57.73574|I|libbeamng.print:18052| === LSTM_OBS t=1290 16.21820,16.23556,16.07211,16.22238,-0.01203,1.63545,0.00000,0.00647,0.00000,0.00000,0.00000,1.00000,0.00000,0.00000,0.00000,4597.02656,0.00000 ===
 57.78585|I|libbeamng.print:18052| === LSTM_TRACE t=1300 v=16.10 ws=15.99,16.15,16.09,16.02 cmd=0.035,0.020,0.009,0.010 cap=119,69,19,19 des=119,69,17,17 app=111,64,16,16 abs=nil,nil,nil,nil ebrake=1.00 ibrake=1.00 hasABS=0 sy=1.64 split=1.000,0.875 ===
 57.78589|I|libbeamng.print:18052| === LSTM_OBS t=1300 15.99452,16.14982,16.09443,16.02062,-0.00085,1.64490,0.00000,-0.00437,0.00000,0.00000,0.00000,1.00000,0.00000,0.00000,0.00000,4573.69536,0.00000 ===
 57.83600|I|libbeamng.print:18052| === LSTM_TRACE t=1310 v=16.03 ws=16.05,16.10,15.98,16.00 cmd=0.038,0.021,0.009,0.010 cap=112,61,19,19 des=112,61,17,17 app=104,57,16,16 abs=nil,nil,nil,nil ebrake=1.00 ibrake=1.00 hasABS=0 sy=1.65 split=1.000,0.875 ===
 57.83605|I|libbeamng.print:18052| === LSTM_OBS t=1310 16.05314,16.10457,15.98386,16.00435,-0.01706,1.65016,0.00000,-0.00102,0.00000,0.00000,0.00000,1.00000,0.00000,0.00000,0.00000,4549.27958,0.00000 ===
 57.88564|I|libbeamng.print:18052| === LSTM_TRACE t=1320 v=15.94 ws=15.95,16.00,15.81,15.89 cmd=0.039,0.023,0.009,0.009 cap=120,70,19,19 des=120,70,17,17 app=112,65,16,16 abs=nil,nil,nil,nil ebrake=1.00 ibrake=1.00 hasABS=0 sy=1.65 split=1.000,0.875 ===
 57.88568|I|libbeamng.print:18052| === LSTM_OBS t=1320 15.94839,15.99846,15.81499,15.89335,-0.00674,1.64808,0.00000,-0.00040,0.00000,0.00000,0.00049,1.00000,0.00000,0.00000,0.00000,4526.08127,0.00000 ===
 57.93577|I|libbeamng.print:18052| === LSTM_TRACE t=1330 v=15.85 ws=15.82,15.96,15.73,15.78 cmd=0.039,0.022,0.009,0.009 cap=113,61,19,19 des=113,61,17,17 app=105,56,16,16 abs=nil,nil,nil,nil ebrake=1.00 ibrake=1.00 hasABS=0 sy=1.65 split=1.000,0.875 ===
 57.93580|I|libbeamng.print:18052| === LSTM_OBS t=1330 15.82244,15.95529,15.72742,15.78477,-0.01273,1.64935,0.00000,0.00253,0.00000,0.00000,0.00000,1.00000,0.00000,0.00000,0.00000,4502.21302,0.00000 ===
 57.98651|I|libbeamng.print:18052| === LSTM_TRACE t=1340 v=15.69 ws=15.66,15.79,15.16,15.28 cmd=0.053,0.033,0.009,0.009 cap=147,96,19,19 des=147,96,17,17 app=137,89,16,16 abs=nil,nil,nil,nil ebrake=1.00 ibrake=1.00 hasABS=0 sy=1.86 split=1.000,0.875 ===
 57.98655|I|libbeamng.print:18052| === LSTM_OBS t=1340 15.66265,15.78958,15.15679,15.28142,-0.01118,1.86000,0.00000,0.01216,0.00000,0.00000,0.00049,1.00000,0.00000,0.00000,0.00000,4585.16699,0.00000 ===
 58.03691|I|libbeamng.print:18052| === LSTM_TRACE t=1350 v=15.45 ws=15.43,15.49,15.18,15.07 cmd=0.076,0.054,0.013,0.011 cap=231,173,22,20 des=231,173,19,17 app=216,160,18,16 abs=nil,nil,nil,nil ebrake=1.00 ibrake=1.00 hasABS=0 sy=2.55 split=1.000,0.875 ===
 58.03697|I|libbeamng.print:18052| === LSTM_OBS t=1350 15.43248,15.49196,15.17987,15.06579,-0.02382,2.54884,0.00000,0.00915,0.00000,0.00000,0.00069,1.00000,0.00000,0.00000,0.00000,4860.36334,0.00000 ===
 58.08603|I|libbeamng.print:18052| === LSTM_TRACE t=1360 v=15.21 ws=15.15,15.24,14.75,14.86 cmd=0.134,0.117,0.019,0.017 cap=390,323,35,32 des=390,323,31,28 app=364,299,29,26 abs=nil,nil,nil,nil ebrake=1.00 ibrake=1.00 hasABS=0 sy=3.22 split=1.000,0.875 ===
 58.08606|I|libbeamng.print:18052| === LSTM_OBS t=1360 15.14746,15.23969,14.74500,14.85826,-0.03052,3.21516,0.00000,-0.00167,0.00000,0.00000,0.00049,1.00000,0.00000,0.00000,0.00000,5145.94207,0.00000 ===
 58.13641|I|libbeamng.print:18052| === LSTM_TRACE t=1370 v=14.93 ws=14.80,14.95,14.50,14.47 cmd=0.199,0.190,0.032,0.031 cap=531,509,60,56 des=531,509,52,49 app=497,472,48,46 abs=nil,nil,nil,nil ebrake=1.00 ibrake=1.00 hasABS=0 sy=3.81 split=1.000,0.875 ===
 58.13645|I|libbeamng.print:18052| === LSTM_OBS t=1370 14.79593,14.94773,14.49522,14.47238,-0.03095,3.81022,0.00000,0.00994,0.00000,0.00000,0.00000,1.00000,0.00000,0.00000,0.00000,5401.93816,0.00000 ===
 58.18606|I|libbeamng.print:18052| === LSTM_TRACE t=1380 v=14.62 ws=14.31,14.40,14.33,14.09 cmd=0.329,0.279,0.108,0.103 cap=997,916,170,162 des=997,916,149,142 app=934,852,137,131 abs=nil,nil,nil,nil ebrake=1.00 ibrake=1.00 hasABS=0 sy=4.43 split=1.000,0.875 ===
 58.18610|I|libbeamng.print:18052| === LSTM_OBS t=1380 14.31137,14.40098,14.32949,14.09120,-0.02924,4.42743,0.00000,0.00584,0.00000,0.00000,0.00104,1.00000,0.00000,0.00000,0.00000,5628.37409,0.00000 ===
 58.23661|I|libbeamng.print:18052| === LSTM_TRACE t=1390 v=14.20 ws=13.48,13.65,13.48,13.50 cmd=0.602,0.589,0.467,0.453 cap=1863,1772,804,770 des=1863,1772,703,673 app=1753,1654,652,625 abs=nil,nil,nil,nil ebrake=1.00 ibrake=1.00 hasABS=0 sy=5.30 split=1.000,0.875 ===
 58.23665|I|libbeamng.print:18052| === LSTM_OBS t=1390 13.47904,13.64913,13.48135,13.50412,-0.02462,5.29643,0.00000,0.00956,0.00000,0.00000,0.00146,1.00000,0.00000,0.00000,0.00000,5790.13043,0.00000 ===
 58.28639|I|libbeamng.print:18052| === LSTM_TRACE t=1400 v=13.68 ws=12.93,12.70,13.23,13.29 cmd=0.745,0.811,0.718,0.758 cap=2196,2416,1403,1479 des=2196,2416,1228,1294 app=2078,2270,1146,1210 abs=nil,nil,nil,nil ebrake=1.00 ibrake=1.00 hasABS=0 sy=6.55 split=1.000,0.875 ===
 58.28643|I|libbeamng.print:18052| === LSTM_OBS t=1400 12.92909,12.69526,13.23322,13.29078,-0.02872,6.54979,0.00000,-0.00215,0.00000,0.00000,0.00204,1.00000,0.00000,0.00000,0.00000,5757.25361,0.00000 ===
 58.33640|I|libbeamng.print:18052| === LSTM_TRACE t=1410 v=13.17 ws=12.29,12.46,12.60,12.67 cmd=0.805,0.820,0.832,0.865 cap=2221,2250,1679,1700 des=2221,2250,1469,1488 app=2113,2127,1381,1401 abs=nil,nil,nil,nil ebrake=1.00 ibrake=1.00 hasABS=0 sy=7.60 split=1.000,0.875 ===
 58.33645|I|libbeamng.print:18052| === LSTM_OBS t=1410 12.29284,12.45973,12.59811,12.67134,-0.00339,7.60274,0.00000,-0.00388,0.00000,0.00000,0.00261,1.00000,0.00000,0.00000,0.00000,5548.75480,0.00000 ===
 58.38793|I|libbeamng.print:18052| === LSTM_TRACE t=1420 v=12.64 ws=11.62,11.81,11.93,11.98 cmd=0.759,0.794,0.820,0.841 cap=2092,2305,1666,1700 des=2092,2305,1457,1488 app=2008,2190,1378,1409 abs=nil,nil,nil,nil ebrake=1.00 ibrake=1.00 hasABS=0 sy=8.39 split=1.000,0.875 ===
 58.38797|I|libbeamng.print:18052| === LSTM_OBS t=1420 11.61599,11.81184,11.92983,11.97679,0.00725,8.38926,0.00000,0.00110,0.00000,0.00000,0.00360,1.00000,0.00000,0.00000,0.00000,5289.09984,0.00000 ===
 58.43692|I|libbeamng.print:18052| === LSTM_TRACE t=1430 v=12.08 ws=10.98,11.14,11.52,11.63 cmd=0.801,0.828,0.849,0.859 cap=2234,2348,1638,1659 des=2234,2348,1433,1451 app=2142,2240,1362,1382 abs=nil,nil,nil,nil ebrake=1.00 ibrake=1.00 hasABS=0 sy=9.14 split=1.000,0.875 ===
 58.43696|I|libbeamng.print:18052| === LSTM_OBS t=1430 10.97734,11.14053,11.52449,11.62714,0.00549,9.13811,0.00000,-0.00353,0.00000,0.00000,0.00289,1.00000,0.00000,0.00000,0.00000,5049.91201,0.00000 ===
 58.48651|I|libbeamng.print:18052| === LSTM_TRACE t=1440 v=11.50 ws=10.24,10.46,10.94,11.03 cmd=0.719,0.710,0.862,0.868 cap=2325,2300,1699,1700 des=2325,2300,1487,1488 app=2236,2202,1419,1422 abs=nil,nil,nil,nil ebrake=1.00 ibrake=1.00 hasABS=0 sy=9.81 split=1.000,0.875 ===
 58.48655|I|libbeamng.print:18052| === LSTM_OBS t=1440 10.24101,10.46111,10.94073,11.03267,0.01313,9.80535,0.00000,-0.00327,0.00000,0.00000,0.00229,1.00000,0.00000,0.00000,0.00000,4818.15186,0.00000 ===
 58.53692|I|libbeamng.print:18052| === LSTM_TRACE t=1450 v=10.93 ws=9.80,9.99,10.37,10.42 cmd=0.802,0.813,0.873,0.885 cap=2602,2628,1620,1644 des=2602,2628,1418,1439 app=2509,2488,1357,1379 abs=nil,nil,nil,nil ebrake=1.00 ibrake=1.00 hasABS=0 sy=10.31 split=1.000,0.875 ===
 58.53696|I|libbeamng.print:18052| === LSTM_OBS t=1450 9.79802,9.99455,10.37353,10.41698,0.01761,10.30593,0.00000,-0.00093,0.00000,0.00000,0.00278,1.00000,0.00000,0.00000,0.00000,4587.93445,0.00000 ===
 58.58668|I|libbeamng.print:18052| === LSTM_TRACE t=1460 v=10.35 ws=9.37,9.47,9.91,9.90 cmd=0.794,0.804,0.782,0.816 cap=2178,2326,1607,1661 des=2178,2326,1406,1453 app=2104,2239,1349,1397 abs=nil,nil,nil,nil ebrake=1.00 ibrake=1.00 hasABS=0 sy=10.66 split=1.000,0.875 ===
 58.58672|I|libbeamng.print:18052| === LSTM_OBS t=1460 9.36849,9.46501,9.91189,9.89813,0.02939,10.65989,0.00000,-0.00218,0.00000,0.00000,0.00349,1.00000,0.00000,0.00000,0.00000,4360.34821,0.00000 ===
 58.63697|I|libbeamng.print:18052| === LSTM_TRACE t=1470 v=9.78 ws=8.56,8.97,9.41,9.42 cmd=0.653,0.687,0.784,0.826 cap=2384,2363,1542,1616 des=2384,2363,1349,1414 app=2307,2279,1297,1361 abs=nil,nil,nil,nil ebrake=1.00 ibrake=1.00 hasABS=0 sy=10.89 split=1.000,0.875 ===
 58.63701|I|libbeamng.print:18052| === LSTM_OBS t=1470 8.56291,8.97110,9.41456,9.42321,0.03033,10.88918,0.00000,0.00379,0.00000,0.00000,0.00115,1.00000,0.00000,0.00000,0.00000,4138.51875,0.00000 ===
 58.68649|I|libbeamng.print:18052| === LSTM_TRACE t=1480 v=9.23 ws=8.56,8.61,8.80,8.70 cmd=0.930,0.944,0.604,0.660 cap=1915,1899,1413,1506 des=1915,1899,1236,1317 app=1856,1834,1190,1270 abs=nil,nil,nil,nil ebrake=1.00 ibrake=1.00 hasABS=0 sy=11.00 split=1.000,0.875 ===
 58.68660|I|libbeamng.print:18052| === LSTM_OBS t=1480 8.56448,8.61245,8.80117,8.70385,0.02344,10.99579,0.00000,-0.00276,0.00000,0.00000,0.00338,1.00000,0.00000,0.00000,0.00000,3925.37365,0.00000 ===
 58.73702|I|libbeamng.print:18052| === LSTM_TRACE t=1490 v=8.68 ws=7.82,8.10,8.41,8.66 cmd=0.837,0.837,0.823,0.852 cap=2691,2726,1288,1385 des=2691,2726,1127,1212 app=2190,2212,1086,1170 abs=nil,nil,nil,nil ebrake=1.00 ibrake=1.00 hasABS=0 sy=11.01 split=1.000,0.875 ===
 58.73707|I|libbeamng.print:18052| === LSTM_OBS t=1490 7.81646,8.10133,8.40624,8.65578,0.03615,11.01237,0.00000,0.00482,0.00000,0.00000,0.00409,1.00000,0.00000,0.00000,0.00000,3716.95233,0.00000 ===
 58.78681|I|libbeamng.print:18052| === LSTM_TRACE t=1500 v=8.13 ws=6.85,7.13,7.93,8.02 cmd=0.323,0.268,0.712,0.766 cap=1691,1525,1611,1672 des=1691,1525,1409,1463 app=2237,2312,1359,1413 abs=nil,nil,nil,nil ebrake=1.00 ibrake=1.00 hasABS=0 sy=10.97 split=1.000,0.875 ===
 58.78686|I|libbeamng.print:18052| === LSTM_OBS t=1500 6.84835,7.13325,7.93310,8.01690,0.02612,10.97095,0.00000,-0.00889,0.00000,0.00000,0.00198,1.00000,0.00000,0.00000,0.00000,3501.11754,0.00000 ===
 58.83787|I|libbeamng.print:18052| === LSTM_TRACE t=1510 v=7.60 ws=7.35,6.90,7.33,7.56 cmd=0.862,0.891,0.798,0.830 cap=2261,2456,1469,1555 des=2261,2456,1286,1361 app=2149,2269,1240,1315 abs=nil,nil,nil,nil ebrake=1.00 ibrake=1.00 hasABS=0 sy=10.95 split=1.000,0.875 ===
 58.83792|I|libbeamng.print:18052| === LSTM_OBS t=1510 7.34597,6.89891,7.33270,7.55528,0.01542,10.95055,0.00000,-0.01017,0.00000,0.00000,0.00315,1.00000,0.00000,0.00000,0.00000,3275.07946,0.00000 ===
 58.88736|I|libbeamng.print:18052| === LSTM_TRACE t=1520 v=7.06 ws=6.35,6.14,6.65,6.56 cmd=0.567,0.496,0.738,0.782 cap=2080,2050,1609,1663 des=2080,2050,1408,1455 app=2057,2212,1359,1406 abs=nil,nil,nil,nil ebrake=1.00 ibrake=1.00 hasABS=0 sy=10.84 split=1.000,0.875 ===
 58.88740|I|libbeamng.print:18052| === LSTM_OBS t=1520 6.35181,6.14264,6.64793,6.55869,0.05059,10.84415,0.00000,-0.00641,0.00000,0.00000,0.00142,1.00000,0.00000,0.00000,0.00000,3040.01957,0.00000 ===
 58.93780|I|libbeamng.print:18052| === LSTM_TRACE t=1530 v=6.54 ws=6.22,6.19,6.39,6.21 cmd=0.802,0.837,0.806,0.833 cap=2038,2096,1511,1583 des=2038,2096,1322,1385 app=1981,2032,1275,1338 abs=nil,nil,nil,nil ebrake=1.00 ibrake=1.00 hasABS=0 sy=10.79 split=1.000,0.875 ===
 58.93784|I|libbeamng.print:18052| === LSTM_OBS t=1530 6.21670,6.18991,6.39249,6.20773,0.06414,10.78714,0.00000,-0.00453,0.00000,0.00000,0.00189,1.00000,0.00000,0.00000,0.00000,2809.87167,0.00000 ===
 58.98771|I|libbeamng.print:18052| === LSTM_TRACE t=1540 v=6.02 ws=5.13,5.31,5.67,5.62 cmd=0.314,0.265,0.771,0.804 cap=1666,1397,1613,1644 des=1666,1397,1411,1438 app=1989,2032,1361,1390 abs=nil,nil,nil,nil ebrake=1.00 ibrake=1.00 hasABS=0 sy=10.68 split=1.000,0.875 ===
 58.98775|I|libbeamng.print:18052| === LSTM_OBS t=1540 5.13461,5.31482,5.67099,5.62107,0.02586,10.67503,0.00000,-0.00247,0.00000,0.00000,0.00254,1.00000,0.00000,0.00000,0.00000,2592.97989,0.00000 ===
 59.03807|I|libbeamng.print:18052| === LSTM_TRACE t=1550 v=5.49 ws=5.52,5.64,5.45,5.51 cmd=0.865,0.926,0.721,0.737 cap=1597,1653,1362,1421 des=1597,1653,1192,1243 app=1552,1603,1149,1201 abs=nil,nil,nil,nil ebrake=1.00 ibrake=1.00 hasABS=0 sy=10.62 split=1.000,0.875 ===
 59.03811|I|libbeamng.print:18052| === LSTM_OBS t=1550 5.52256,5.63636,5.44820,5.51090,0.00079,10.61604,0.00000,-0.00330,0.00000,0.00000,0.00315,1.00000,0.00000,0.00000,0.00000,2389.87646,0.00000 ===
 59.08842|I|libbeamng.print:18052| === LSTM_TRACE t=1560 v=4.98 ws=4.95,5.19,4.92,5.05 cmd=0.807,0.900,0.742,0.747 cap=2030,2584,1323,1362 des=2030,2584,1158,1192 app=1894,1864,1116,1151 abs=nil,nil,nil,nil ebrake=1.00 ibrake=1.00 hasABS=0 sy=10.48 split=1.000,0.875 ===
 59.08847|I|libbeamng.print:18052| === LSTM_OBS t=1560 4.95315,5.19047,4.92386,5.04694,-0.01818,10.48179,0.00000,0.00710,0.00000,0.00000,0.00420,1.00000,0.00000,0.00000,0.00000,2192.65984,0.00000 ===
 59.13763|I|libbeamng.print:18052| === LSTM_TRACE t=1570 v=4.54 ws=4.15,3.92,4.34,4.35 cmd=0.346,0.411,0.753,0.757 cap=2089,2623,1315,1324 des=2089,2623,1151,1158 app=2029,2284,1085,1118 abs=nil,nil,nil,nil ebrake=1.00 ibrake=1.00 hasABS=0 sy=10.18 split=1.000,0.875 ===
 59.13767|I|libbeamng.print:18052| === LSTM_OBS t=1570 4.14905,3.92459,4.34248,4.34910,-0.02803,10.17828,0.00000,-0.00302,0.00000,0.00000,0.00605,1.00000,0.00000,0.00000,0.00000,2000.44784,0.00000 ===
 59.18777|I|libbeamng.print:18052| === LSTM_TRACE t=1580 v=4.11 ws=3.82,3.68,3.73,3.68 cmd=0.489,0.438,0.542,0.543 cap=1980,1804,1050,1055 des=1980,1804,918,923 app=1922,1747,896,899 abs=nil,nil,nil,nil ebrake=1.00 ibrake=1.00 hasABS=0 sy=9.83 split=1.000,0.875 ===
 59.18805|I|libbeamng.print:18052| === LSTM_OBS t=1580 3.82346,3.68395,3.72820,3.68206,-0.00494,9.82621,0.00000,-0.00056,0.00000,0.00000,0.00069,1.00000,0.00000,0.00000,0.00000,1811.87065,0.00000 ===
 59.23761|I|libbeamng.print:18052| === LSTM_TRACE t=1590 v=3.66 ws=3.56,3.33,3.33,3.53 cmd=0.668,0.730,0.404,0.409 cap=1318,1258,891,920 des=1318,1258,779,805 app=1278,1415,886,903 abs=nil,nil,nil,nil ebrake=1.00 ibrake=1.00 hasABS=0 sy=9.47 split=1.000,0.875 ===
 59.23765|I|libbeamng.print:18052| === LSTM_OBS t=1590 3.55680,3.33051,3.33007,3.52895,-0.04244,9.46878,0.00000,0.00129,0.00000,0.00000,0.00249,1.00000,0.00000,0.00000,0.00000,1640.00538,0.00000 ===
 59.28723|I|libbeamng.print:18052| === LSTM_TRACE t=1600 v=3.28 ws=3.22,3.23,3.06,3.00 cmd=0.717,0.819,0.327,0.333 cap=828,916,985,1003 des=828,916,862,878 app=1002,1395,828,844 abs=nil,nil,nil,nil ebrake=1.00 ibrake=1.00 hasABS=0 sy=9.10 split=1.000,0.875 ===
 59.28727|I|libbeamng.print:18052| === LSTM_OBS t=1600 3.22463,3.22562,3.05747,3.00062,0.00941,9.10198,0.00000,-0.01029,0.00000,0.00000,0.00367,1.00000,0.00000,0.00000,0.00000,1475.74066,0.00000 ===
 59.33774|I|libbeamng.print:18052| === LSTM_TRACE t=1610 v=2.90 ws=2.97,2.74,3.06,2.88 cmd=0.381,0.476,0.553,0.531 cap=2113,2413,726,697 des=2113,2413,635,610 app=1752,2240,609,586 abs=nil,nil,nil,nil ebrake=1.00 ibrake=1.00 hasABS=0 sy=8.68 split=1.000,0.875 ===
 59.33778|I|libbeamng.print:18052| === LSTM_OBS t=1610 2.96545,2.73996,3.05673,2.87693,-0.01306,8.67552,0.00000,0.00355,0.00000,0.00000,0.00091,1.00000,0.00000,0.00000,0.00000,1317.95926,0.00000 ===
 59.38833|I|libbeamng.print:18052| === LSTM_TRACE t=1620 v=2.53 ws=2.37,2.34,2.45,2.34 cmd=0.258,0.292,0.543,0.517 cap=1988,2390,805,758 des=1988,2390,705,663 app=1848,2036,675,636 abs=nil,nil,nil,nil ebrake=1.00 ibrake=1.00 hasABS=0 sy=8.36 split=1.000,0.875 ===
 59.38837|I|libbeamng.print:18052| === LSTM_OBS t=1620 2.37486,2.34357,2.45182,2.34039,0.00296,8.36228,0.00000,-0.00112,0.00000,0.00000,0.00104,1.00000,0.00000,0.00000,0.00000,1162.45323,0.00000 ===
 59.43891|I|libbeamng.print:18052| === LSTM_TRACE t=1630 v=2.16 ws=2.10,1.86,2.14,1.98 cmd=0.397,0.486,0.471,0.454 cap=1498,1952,836,805 des=1498,1952,731,704 app=1448,1884,700,675 abs=nil,nil,nil,nil ebrake=1.00 ibrake=1.00 hasABS=0 sy=8.06 split=1.000,0.875 ===
 59.43895|I|libbeamng.print:18052| === LSTM_OBS t=1630 2.10238,1.86255,2.14076,1.97823,-0.02227,8.05981,0.00000,0.00006,0.00000,0.00000,0.00000,1.00000,0.00000,0.00000,0.00000,1009.05242,0.00000 ===
 59.48842|I|libbeamng.print:18052| === LSTM_TRACE t=1640 v=1.80 ws=1.76,1.78,1.84,1.74 cmd=0.509,0.607,0.427,0.410 cap=1315,1537,907,870 des=1315,1537,793,761 app=1270,1482,758,729 abs=nil,nil,nil,nil ebrake=1.00 ibrake=1.00 hasABS=0 sy=7.83 split=1.000,0.875 ===
 59.48849|I|libbeamng.print:18052| === LSTM_OBS t=1640 1.76013,1.78040,1.84330,1.74384,-0.00548,7.83357,0.00000,-0.00141,0.00000,0.00000,0.00085,1.00000,0.00000,0.00000,0.00000,856.98979,0.00000 ===
 59.53896|I|libbeamng.print:18052| === LSTM_TRACE t=1650 v=1.41 ws=1.34,1.46,1.46,1.33 cmd=0.569,0.648,0.473,0.455 cap=1461,1651,964,929 des=1461,1651,844,813 app=1410,1589,806,778 abs=nil,nil,nil,nil ebrake=1.00 ibrake=1.00 hasABS=0 sy=7.74 split=1.000,0.875 ===
 59.53900|I|libbeamng.print:18052| === LSTM_OBS t=1650 1.33605,1.45860,1.45706,1.32508,-0.00729,7.74017,0.00000,-0.00291,0.00000,0.00000,0.00328,1.00000,0.00000,0.00000,0.00000,748.87840,0.00000 ===
 59.58851|I|libbeamng.print:18052| === LSTM_TRACE t=1660 v=1.01 ws=0.95,1.01,0.96,1.07 cmd=0.610,0.661,0.558,0.545 cap=1752,1902,1094,1071 des=1752,1902,957,937 app=1689,1830,913,895 abs=nil,nil,nil,nil ebrake=1.00 ibrake=1.00 hasABS=0 sy=7.79 split=1.000,0.875 ===
 59.58858|I|libbeamng.print:18052| === LSTM_OBS t=1660 0.95161,1.01001,0.95838,1.07064,-0.00970,7.78652,0.00000,0.00064,0.00000,0.00000,0.00049,1.00000,0.00000,0.00000,0.00000,733.18742,0.00000 ===
 59.63865|I|libbeamng.print:18052| === LSTM_TRACE t=1670 v=0.56 ws=0.04,0.05,0.41,0.55 cmd=0.938,0.921,0.772,0.770 cap=2798,2739,1447,1439 des=2798,2739,1266,1259 app=2694,2631,1207,1202 abs=nil,nil,nil,nil ebrake=1.00 ibrake=1.00 hasABS=0 sy=7.99 split=1.000,0.875 ===
 59.63870|I|libbeamng.print:18052| === LSTM_OBS t=1670 0.03593,0.05061,0.41311,0.54589,-0.03761,7.99340,0.00000,-0.00300,0.00000,0.00000,0.00000,1.00000,0.00000,0.00000,0.00000,728.26648,0.00000 ===
 90.03213|I|libbeamng.print:18052| === LSTM_TRACE t=0 v=27.70 ws=27.67,27.76,27.32,27.40 cmd=0.763,0.732,0.325,0.317 cap=155,155,97,97 des=155,155,85,85 app=146,145,80,80 abs=nil,nil,nil,nil ebrake=1.00 ibrake=1.00 hasABS=0 sy=1.58 split=1.000,0.875 ===
 90.03218|I|libbeamng.print:18052| === LSTM_OBS t=0 27.66936,27.76038,27.32289,27.40434,0.04260,1.58037,0.00000,-0.00506,0.00000,0.00000,0.00049,1.00000,0.00000,0.00000,0.00000,7856.26178,0.00000 ===
 90.08158|I|libbeamng.print:18052| === LSTM_TRACE t=10 v=27.58 ws=27.55,27.62,27.17,27.20 cmd=0.034,0.040,0.255,0.230 cap=101,108,419,379 des=101,108,366,331 app=95,101,344,312 abs=nil,nil,nil,nil ebrake=1.00 ibrake=1.00 hasABS=0 sy=1.76 split=1.000,0.875 ===
 90.08171|I|libbeamng.print:18052| === LSTM_OBS t=10 27.55008,27.62157,27.17202,27.19717,0.02417,1.75580,0.00000,0.00450,0.00000,0.00000,0.00085,1.00000,0.00000,0.00000,0.00000,7806.65767,0.00000 ===
 90.10335|I|libbeamng.print:18052| === LSTM_ABS DBG raw=27.5437,27.6888,27.0581,27.0583,0.0193,1.8356,0.0000,-0.0088,0.0000,0.0000,0.0005,1.0000,0.0000,0.0000,0.0000,7775.4227,0.0000 ===
 90.10339|I|libbeamng.print:18052| === LSTM_ABS DBG norm=0.70,0.72,0.60,0.60,0.05,-2.34,0.00,-0.06,-0.03,-0.03,-0.04,0.51,-0.01,0.00,0.00,1.77,0.00 ===
 90.10340|I|libbeamng.print:18052| === LSTM_ABS DBG cmd=0.0552,0.0626,0.2707,0.2421 ===
 90.13603|I|libbeamng.print:18052| === LSTM_TRACE t=20 v=27.43 ws=27.37,27.56,26.81,26.91 cmd=0.063,0.034,0.157,0.151 cap=188,115,345,326 des=188,115,302,285 app=178,108,285,270 abs=nil,nil,nil,nil ebrake=1.00 ibrake=1.00 hasABS=0 sy=2.01 split=1.000,0.875 ===
 90.13612|I|libbeamng.print:18052| === LSTM_OBS t=20 27.36959,27.55550,26.81016,26.90666,0.02228,2.01492,0.00000,0.01207,0.00000,0.00000,0.00000,1.00000,0.00000,0.00000,0.00000,7728.52950,0.00000 ===
 90.18671|I|libbeamng.print:18052| === LSTM_TRACE t=30 v=27.29 ws=27.27,27.45,26.86,27.00 cmd=0.088,0.033,0.091,0.100 cap=251,98,180,196 des=251,98,157,171 app=237,92,149,162 abs=nil,nil,nil,nil ebrake=1.00 ibrake=1.00 hasABS=0 sy=2.26 split=1.000,0.875 ===
 90.18677|I|libbeamng.print:18052| === LSTM_OBS t=30 27.27015,27.44781,26.85610,26.99686,0.02690,2.26021,0.00000,0.00996,0.00000,0.00000,0.00000,1.00000,0.00000,0.00000,0.00000,7692.30533,0.00000 ===
 90.23852|I|libbeamng.print:18052| === LSTM_TRACE t=40 v=27.14 ws=26.98,27.22,26.81,26.80 cmd=0.138,0.045,0.083,0.103 cap=408,139,160,197 des=408,139,140,173 app=386,130,133,164 abs=nil,nil,nil,nil ebrake=1.00 ibrake=1.00 hasABS=0 sy=2.46 split=1.000,0.875 ===
 90.23866|I|libbeamng.print:18052| === LSTM_OBS t=40 26.97760,27.22078,26.81128,26.79986,-0.04545,2.45508,0.00000,0.01593,0.00000,0.00000,0.00000,1.00000,0.00000,0.00000,0.00000,7677.47801,0.00000 ===
 90.28691|I|libbeamng.print:18052| === LSTM_TRACE t=50 v=26.99 ws=26.83,27.09,26.58,26.65 cmd=0.137,0.048,0.068,0.088 cap=429,155,131,168 des=429,155,114,147 app=406,146,108,139 abs=nil,nil,nil,nil ebrake=1.00 ibrake=1.00 hasABS=0 sy=2.63 split=1.000,0.875 ===
 90.28695|I|libbeamng.print:18052| === LSTM_OBS t=50 26.83314,27.08986,26.57711,26.65468,-0.04800,2.62891,0.00000,0.01786,0.00000,0.00000,0.00049,1.00000,0.00000,0.00000,0.00000,7642.59459,0.00000 ===
 90.33728|I|libbeamng.print:18052| === LSTM_TRACE t=60 v=26.85 ws=26.69,26.91,26.47,26.60 cmd=0.125,0.054,0.051,0.072 cap=389,169,101,143 des=389,169,89,125 app=370,159,84,119 abs=nil,nil,nil,nil ebrake=1.00 ibrake=1.00 hasABS=0 sy=2.65 split=1.000,0.875 ===
 90.33733|I|libbeamng.print:18052| === LSTM_OBS t=60 26.68757,26.91474,26.46820,26.59882,-0.09447,2.65445,0.00000,0.00604,0.00000,0.00000,0.00000,1.00000,0.00000,0.00000,0.00000,7602.75259,0.00000 ===
 90.38658|I|libbeamng.print:18052| === LSTM_TRACE t=70 v=26.72 ws=26.54,26.84,26.37,26.48 cmd=0.108,0.046,0.051,0.074 cap=345,144,99,145 des=345,144,87,127 app=328,136,82,120 abs=nil,nil,nil,nil ebrake=1.00 ibrake=1.00 hasABS=0 sy=2.69 split=1.000,0.875 ===
 90.38662|I|libbeamng.print:18052| === LSTM_OBS t=70 26.53712,26.83918,26.36892,26.48433,-0.07353,2.69173,0.00000,0.01465,0.00000,0.00000,0.00049,1.00000,0.00000,0.00000,0.00000,7564.26383,0.00000 ===
 90.43611|I|libbeamng.print:18052| === LSTM_TRACE t=80 v=26.60 ws=26.46,26.65,26.31,26.30 cmd=0.102,0.050,0.050,0.069 cap=313,155,95,132 des=313,155,83,116 app=298,146,79,110 abs=nil,nil,nil,nil ebrake=1.00 ibrake=1.00 hasABS=0 sy=2.65 split=1.000,0.875 ===
 90.43615|I|libbeamng.print:18052| === LSTM_OBS t=80 26.46366,26.65071,26.31011,26.29519,-0.09988,2.65402,0.00000,-0.00047,0.00000,0.00000,0.00000,1.00000,0.00000,0.00000,0.00000,7527.36732,0.00000 ===
 90.48306|I|libbeamng.print:18052| === LSTM_TRACE t=90 v=26.46 ws=26.35,26.57,26.17,26.15 cmd=0.102,0.044,0.046,0.066 cap=319,139,94,133 des=319,139,82,116 app=304,131,78,111 abs=nil,nil,nil,nil ebrake=1.00 ibrake=1.00 hasABS=0 sy=2.62 split=1.000,0.875 ===
 90.48316|I|libbeamng.print:18052| === LSTM_OBS t=90 26.34836,26.56567,26.16508,26.15449,-0.16095,2.61857,0.00000,0.01446,0.00000,0.00000,0.00000,1.00000,0.00000,0.00000,0.00000,7494.40741,0.00000 ===
 90.53322|I|libbeamng.print:18052| === LSTM_TRACE t=100 v=26.34 ws=26.25,26.38,26.06,26.01 cmd=0.088,0.041,0.035,0.050 cap=275,128,68,98 des=275,128,59,86 app=262,120,56,82 abs=nil,nil,nil,nil ebrake=1.00 ibrake=1.00 hasABS=0 sy=2.57 split=1.000,0.875 ===
 90.53327|I|libbeamng.print:18052| === LSTM_OBS t=100 26.25104,26.37587,26.06485,26.00965,-0.20046,2.57397,0.00000,0.00205,0.00000,0.00000,0.00000,1.00000,0.00000,0.00000,0.00000,7460.02721,0.00000 ===
 90.58427|I|libbeamng.print:18052| === LSTM_TRACE t=110 v=26.22 ws=26.14,26.25,25.98,25.89 cmd=0.077,0.035,0.034,0.048 cap=244,108,66,94 des=244,108,57,82 app=233,102,54,78 abs=nil,nil,nil,nil ebrake=1.00 ibrake=1.00 hasABS=0 sy=2.58 split=1.000,0.875 ===
 90.58431|I|libbeamng.print:18052| === LSTM_OBS t=110 26.13947,26.25492,25.98288,25.89378,-0.17937,2.58068,0.00000,0.00303,0.00000,0.00000,0.00000,1.00000,0.00000,0.00000,0.00000,7427.15894,0.00000 ===
 90.63474|I|libbeamng.print:18052| === LSTM_TRACE t=120 v=26.10 ws=26.08,26.14,25.85,25.81 cmd=0.059,0.025,0.033,0.046 cap=191,83,65,90 des=191,83,57,78 app=183,78,54,74 abs=nil,nil,nil,nil ebrake=1.00 ibrake=1.00 hasABS=0 sy=2.56 split=1.000,0.875 ===
 90.63482|I|libbeamng.print:18052| === LSTM_OBS t=120 26.07566,26.14301,25.85205,25.81288,-0.13545,2.56083,0.00000,0.00900,0.00000,0.00000,0.00000,1.00000,0.00000,0.00000,0.00000,7397.10879,0.00000 ===
 90.68957|I|libbeamng.print:18052| === LSTM_TRACE t=130 v=26.00 ws=26.01,26.08,25.84,25.71 cmd=0.027,0.012,0.028,0.035 cap=92,41,55,69 des=92,41,48,60 app=88,39,45,57 abs=nil,nil,nil,nil ebrake=1.00 ibrake=1.00 hasABS=0 sy=2.40 split=1.000,0.875 ===
 90.68961|I|libbeamng.print:18052| === LSTM_OBS t=130 26.01421,26.08398,25.83936,25.71360,-0.18159,2.40146,0.00000,0.00886,0.00000,0.00000,0.00000,1.00000,0.00000,0.00000,0.00000,7367.27590,0.00000 ===
 90.73847|I|libbeamng.print:18052| === LSTM_TRACE t=140 v=25.91 ws=25.91,25.99,25.68,25.69 cmd=0.015,0.007,0.026,0.030 cap=47,31,51,60 des=47,31,45,52 app=44,29,42,50 abs=nil,nil,nil,nil ebrake=1.00 ibrake=1.00 hasABS=0 sy=2.26 split=1.000,0.875 ===
 90.73852|I|libbeamng.print:18052| === LSTM_OBS t=140 25.90633,25.99124,25.68301,25.68826,-0.20680,2.26209,0.00000,0.00794,0.00000,0.00000,0.00000,1.00000,0.00000,0.00000,0.00000,7339.23537,0.00000 ===
 90.78610|I|libbeamng.print:18052| === LSTM_TRACE t=150 v=25.82 ws=25.79,25.89,25.57,25.65 cmd=0.014,0.007,0.024,0.028 cap=42,31,48,55 des=42,31,42,48 app=40,29,40,46 abs=nil,nil,nil,nil ebrake=1.00 ibrake=1.00 hasABS=0 sy=2.18 split=1.000,0.875 ===
 90.78615|I|libbeamng.print:18052| === LSTM_OBS t=150 25.79200,25.88513,25.57229,25.65294,-0.19431,2.18464,0.00000,-0.00509,0.00000,0.00000,0.00000,1.00000,0.00000,0.00000,0.00000,7316.85833,0.00000 ===
 90.83551|I|libbeamng.print:18052| === LSTM_TRACE t=160 v=25.73 ws=25.71,25.77,25.48,25.55 cmd=0.014,0.007,0.024,0.028 cap=44,31,47,55 des=44,31,41,48 app=42,29,39,45 abs=nil,nil,nil,nil ebrake=1.00 ibrake=1.00 hasABS=0 sy=2.03 split=1.000,0.875 ===
 90.83555|I|libbeamng.print:18052| === LSTM_OBS t=160 25.70742,25.77383,25.47804,25.55095,-0.18208,2.02984,0.00000,-0.00064,0.00000,0.00000,0.00049,1.00000,0.00000,0.00000,0.00000,7290.69510,0.00000 ===
 90.88590|I|libbeamng.print:18052| === LSTM_TRACE t=170 v=25.63 ws=25.65,25.71,25.35,25.43 cmd=0.014,0.006,0.022,0.026 cap=43,31,43,51 des=43,31,38,45 app=41,29,36,42 abs=nil,nil,nil,nil ebrake=1.00 ibrake=1.00 hasABS=0 sy=1.92 split=1.000,0.875 ===
 90.88597|I|libbeamng.print:18052| === LSTM_OBS t=170 25.64898,25.71124,25.34788,25.43001,-0.09250,1.92381,0.00000,0.01512,0.00000,0.00000,0.00049,1.00000,0.00000,0.00000,0.00000,7264.96781,0.00000 ===
 90.93517|I|libbeamng.print:18052| === LSTM_TRACE t=180 v=25.55 ws=25.55,25.64,25.27,25.33 cmd=0.014,0.008,0.016,0.019 cap=43,31,32,37 des=43,31,28,32 app=41,29,27,31 abs=nil,nil,nil,nil ebrake=1.00 ibrake=1.00 hasABS=0 sy=1.88 split=1.000,0.875 ===
 90.93531|I|libbeamng.print:18052| === LSTM_OBS t=180 25.55203,25.64084,25.27057,25.33354,-0.02459,1.88427,0.00000,-0.01853,0.00000,0.00000,0.00049,1.00000,0.00000,0.00000,0.00000,7242.62349,0.00000 ===
 90.98548|I|libbeamng.print:18052| === LSTM_TRACE t=190 v=25.46 ws=25.39,25.54,25.26,25.24 cmd=0.015,0.006,0.020,0.024 cap=47,31,39,47 des=47,31,34,41 app=44,29,32,39 abs=nil,nil,nil,nil ebrake=1.00 ibrake=1.00 hasABS=0 sy=1.87 split=1.000,0.875 ===
 90.98555|I|libbeamng.print:18052| === LSTM_OBS t=190 25.38937,25.53714,25.25844,25.24374,-0.08821,1.86975,0.00000,0.00642,0.00000,0.00000,0.00000,1.00000,0.00000,0.00000,0.00000,7218.01236,0.00000 ===
 91.03692|I|libbeamng.print:18052| === LSTM_TRACE t=200 v=25.37 ws=25.33,25.51,25.13,25.24 cmd=0.015,0.010,0.015,0.019 cap=44,31,28,36 des=44,31,24,31 app=42,29,23,30 abs=nil,nil,nil,nil ebrake=1.00 ibrake=1.00 hasABS=0 sy=1.87 split=1.000,0.875 ===
 91.03696|I|libbeamng.print:18052| === LSTM_OBS t=200 25.32600,25.50939,25.13192,25.24076,-0.09492,1.87107,0.00000,-0.00940,0.00000,0.00000,0.00000,1.00000,0.00000,0.00000,0.00000,7192.67980,0.00000 ===
 91.08376|I|libbeamng.print:18052| === LSTM_TRACE t=210 v=25.28 ws=25.25,25.33,24.97,25.10 cmd=0.021,0.015,0.026,0.034 cap=62,42,50,66 des=62,42,44,57 app=59,39,41,54 abs=nil,nil,nil,nil ebrake=1.00 ibrake=1.00 hasABS=0 sy=1.94 split=1.000,0.875 ===
 91.08381|I|libbeamng.print:18052| === LSTM_OBS t=210 25.24561,25.33059,24.97046,25.10363,-0.03446,1.94277,0.00000,0.00174,0.00000,0.00000,0.00000,1.00000,0.00000,0.00000,0.00000,7169.61640,0.00000 ===
 91.13329|I|libbeamng.print:18052| === LSTM_TRACE t=220 v=25.18 ws=25.18,25.28,24.99,24.97 cmd=0.026,0.021,0.032,0.041 cap=80,63,63,81 des=80,63,55,71 app=76,59,52,67 abs=nil,nil,nil,nil ebrake=1.00 ibrake=1.00 hasABS=0 sy=1.99 split=1.000,0.875 ===
 91.13334|I|libbeamng.print:18052| === LSTM_OBS t=220 25.18339,25.28457,24.98625,24.96546,0.03046,1.99462,0.00000,-0.00302,0.00000,0.00000,0.00049,1.00000,0.00000,0.00000,0.00000,7141.70034,0.00000 ===
 91.18309|I|libbeamng.print:18052| === LSTM_TRACE t=230 v=25.08 ws=25.01,25.17,24.84,24.95 cmd=0.028,0.017,0.029,0.036 cap=85,55,57,71 des=85,55,49,62 app=81,52,47,59 abs=nil,nil,nil,nil ebrake=1.00 ibrake=1.00 hasABS=0 sy=1.93 split=1.000,0.875 ===
 91.18313|I|libbeamng.print:18052| === LSTM_OBS t=230 25.00907,25.16993,24.83670,24.95453,-0.03302,1.92868,0.00000,0.00486,0.00000,0.00000,0.00049,1.00000,0.00000,0.00000,0.00000,7113.79721,0.00000 ===
 91.23272|I|libbeamng.print:18052| === LSTM_TRACE t=240 v=24.99 ws=24.96,25.06,24.84,24.77 cmd=0.023,0.013,0.019,0.024 cap=72,42,38,49 des=72,42,33,42 app=69,40,31,40 abs=nil,nil,nil,nil ebrake=1.00 ibrake=1.00 hasABS=0 sy=1.95 split=1.000,0.875 ===
 91.23276|I|libbeamng.print:18052| === LSTM_OBS t=240 24.96402,25.06140,24.84345,24.77344,-0.04815,1.94854,0.00000,0.00265,0.00000,0.00000,0.00000,1.00000,0.00000,0.00000,0.00000,7088.01684,0.00000 ===
 91.28211|I|libbeamng.print:18052| === LSTM_TRACE t=250 v=24.90 ws=24.90,25.00,24.70,24.78 cmd=0.020,0.015,0.015,0.019 cap=62,44,29,38 des=62,44,25,33 app=59,42,24,31 abs=nil,nil,nil,nil ebrake=1.00 ibrake=1.00 hasABS=0 sy=1.87 split=1.000,0.875 ===
 91.28215|I|libbeamng.print:18052| === LSTM_OBS t=250 24.90390,24.99689,24.70207,24.77799,-0.02898,1.87358,0.00000,-0.02185,0.00000,0.00000,0.00000,1.00000,0.00000,0.00000,0.00000,7062.95630,0.00000 ===
 91.33205|I|libbeamng.print:18052| === LSTM_TRACE t=260 v=24.80 ws=24.79,24.91,24.61,24.59 cmd=0.027,0.020,0.023,0.031 cap=85,61,44,58 des=85,61,38,51 app=81,58,36,48 abs=nil,nil,nil,nil ebrake=1.00 ibrake=1.00 hasABS=0 sy=1.88 split=1.000,0.875 ===
 91.33210|I|libbeamng.print:18052| === LSTM_OBS t=260 24.78788,24.91035,24.61442,24.59461,-0.02432,1.87888,0.00000,-0.00279,0.00000,0.00000,0.00000,1.00000,0.00000,0.00000,0.00000,7038.67211,0.00000 ===
 91.38233|I|libbeamng.print:18052| === LSTM_TRACE t=270 v=24.71 ws=24.70,24.82,24.49,24.58 cmd=0.032,0.024,0.026,0.034 cap=97,69,53,69 des=97,69,46,60 app=93,65,44,57 abs=nil,nil,nil,nil ebrake=1.00 ibrake=1.00 hasABS=0 sy=1.87 split=1.000,0.875 ===
 91.38246|I|libbeamng.print:18052| === LSTM_OBS t=270 24.70122,24.81840,24.49429,24.57756,-0.01693,1.86656,0.00000,-0.01573,0.00000,0.00000,0.00000,1.00000,0.00000,0.00000,0.00000,7010.78438,0.00000 ===
 91.43223|I|libbeamng.print:18052| === LSTM_TRACE t=280 v=24.61 ws=24.59,24.74,24.47,24.43 cmd=0.031,0.019,0.024,0.030 cap=101,62,46,58 des=101,62,40,51 app=96,59,38,48 abs=nil,nil,nil,nil ebrake=1.00 ibrake=1.00 hasABS=0 sy=1.89 split=1.000,0.875 ===
 91.43235|I|libbeamng.print:18052| === LSTM_OBS t=280 24.59070,24.74150,24.46798,24.43471,-0.01328,1.89066,0.00000,0.00163,0.00000,0.00000,0.00000,1.00000,0.00000,0.00000,0.00000,6983.61029,0.00000 ===
 91.48258|I|libbeamng.print:18052| === LSTM_TRACE t=290 v=24.52 ws=24.55,24.63,24.26,24.41 cmd=0.028,0.016,0.020,0.026 cap=85,47,40,52 des=85,47,35,46 app=81,45,33,44 abs=nil,nil,nil,nil ebrake=1.00 ibrake=1.00 hasABS=0 sy=1.87 split=1.000,0.875 ===
 91.48263|I|libbeamng.print:18052| === LSTM_OBS t=290 24.54536,24.62730,24.25669,24.41243,-0.03019,1.86663,0.00000,-0.00808,0.00000,0.00000,0.00000,1.00000,0.00000,0.00000,0.00000,6956.98709,0.00000 ===
 91.53530|I|libbeamng.print:18052| === LSTM_TRACE t=300 v=24.42 ws=24.36,24.56,24.23,24.34 cmd=0.027,0.016,0.020,0.027 cap=86,49,38,51 des=86,49,34,45 app=82,47,32,43 abs=nil,nil,nil,nil ebrake=1.00 ibrake=1.00 hasABS=0 sy=1.87 split=1.000,0.875 ===
 91.53534|I|libbeamng.print:18052| === LSTM_OBS t=300 24.36146,24.55511,24.22534,24.34137,-0.04256,1.86962,0.00000,-0.00309,0.00000,0.00000,0.00000,1.00000,0.00000,0.00000,0.00000,6931.97536,0.00000 ===
 91.58487|I|libbeamng.print:18052| === LSTM_TRACE t=310 v=24.34 ws=24.30,24.41,24.18,24.16 cmd=0.026,0.017,0.020,0.027 cap=83,57,37,49 des=83,57,32,43 app=79,54,31,41 abs=nil,nil,nil,nil ebrake=1.00 ibrake=1.00 hasABS=0 sy=1.85 split=1.000,0.875 ===
 91.58492|I|libbeamng.print:18052| === LSTM_OBS t=310 24.29977,24.40955,24.17616,24.15946,-0.05220,1.84862,0.00000,0.01248,0.00000,0.00000,0.00000,1.00000,0.00000,0.00000,0.00000,6906.06176,0.00000 ===
 91.63463|I|libbeamng.print:18052| === LSTM_TRACE t=320 v=24.24 ws=24.28,24.36,23.98,24.12 cmd=0.029,0.014,0.022,0.030 cap=85,43,44,60 des=85,43,39,52 app=81,41,37,50 abs=nil,nil,nil,nil ebrake=1.00 ibrake=1.00 hasABS=0 sy=1.85 split=1.000,0.875 ===
 91.63477|I|libbeamng.print:18052| === LSTM_OBS t=320 24.27980,24.36377,23.98161,24.12484,-0.03447,1.85296,0.00000,0.01606,0.00000,0.00000,0.00000,1.00000,0.00000,0.00000,0.00000,6879.71771,0.00000 ===
 91.68495|I|libbeamng.print:18052| === LSTM_TRACE t=330 v=24.15 ws=24.11,24.29,23.95,24.05 cmd=0.029,0.020,0.018,0.024 cap=92,61,35,47 des=92,61,31,41 app=87,58,29,39 abs=nil,nil,nil,nil ebrake=1.00 ibrake=1.00 hasABS=0 sy=1.86 split=1.000,0.875 ===
 91.68500|I|libbeamng.print:18052| === LSTM_OBS t=330 24.10537,24.29153,23.94897,24.05369,-0.03961,1.86214,0.00000,-0.01178,0.00000,0.00000,0.00000,1.00000,0.00000,0.00000,0.00000,6852.83342,0.00000 ===
 91.73439|I|libbeamng.print:18052| === LSTM_TRACE t=340 v=24.06 ws=24.01,24.14,23.88,23.98 cmd=0.025,0.014,0.020,0.028 cap=78,48,39,52 des=78,48,34,46 app=74,45,32,43 abs=nil,nil,nil,nil ebrake=1.00 ibrake=1.00 hasABS=0 sy=1.83 split=1.000,0.875 ===
 91.73443|I|libbeamng.print:18052| === LSTM_OBS t=340 24.00918,24.14034,23.88183,23.98456,-0.07458,1.82780,0.00000,0.00899,0.00000,0.00000,0.00000,1.00000,0.00000,0.00000,0.00000,6826.62328,0.00000 ===
 91.78693|I|libbeamng.print:18052| === LSTM_TRACE t=350 v=23.97 ws=24.00,24.09,23.78,23.85 cmd=0.029,0.018,0.019,0.025 cap=90,50,38,51 des=90,50,33,44 app=85,47,31,42 abs=nil,nil,nil,nil ebrake=1.00 ibrake=1.00 hasABS=0 sy=1.84 split=1.000,0.875 ===
 91.78699|I|libbeamng.print:18052| === LSTM_OBS t=350 24.00390,24.09265,23.78214,23.84764,-0.05661,1.84185,0.00000,-0.00887,0.00000,0.00000,0.00000,1.00000,0.00000,0.00000,0.00000,6800.35179,0.00000 ===
 91.83579|I|libbeamng.print:18052| === LSTM_TRACE t=360 v=23.88 ws=23.86,23.98,23.73,23.67 cmd=0.027,0.015,0.020,0.027 cap=84,48,38,51 des=84,48,33,45 app=80,45,31,42 abs=nil,nil,nil,nil ebrake=1.00 ibrake=1.00 hasABS=0 sy=1.82 split=1.000,0.875 ===
 91.83589|I|libbeamng.print:18052| === LSTM_OBS t=360 23.85658,23.97650,23.72616,23.67277,-0.03450,1.82480,0.00000,0.01187,0.00000,0.00000,0.00000,1.00000,0.00000,0.00000,0.00000,6773.55569,0.00000 ===
 91.88393|I|libbeamng.print:18052| === LSTM_TRACE t=370 v=23.78 ws=23.72,23.94,23.58,23.69 cmd=0.028,0.018,0.018,0.024 cap=88,57,34,45 des=88,57,30,40 app=83,53,28,38 abs=nil,nil,nil,nil ebrake=1.00 ibrake=1.00 hasABS=0 sy=1.81 split=1.000,0.875 ===
 91.88402|I|libbeamng.print:18052| === LSTM_OBS t=370 23.71623,23.93600,23.58249,23.68508,-0.05363,1.81103,0.00000,-0.00231,0.00000,0.00000,0.00049,1.00000,0.00000,0.00000,0.00000,6750.30998,0.00000 ===
 91.93414|I|libbeamng.print:18052| === LSTM_TRACE t=380 v=23.70 ws=23.67,23.82,23.46,23.63 cmd=0.029,0.017,0.018,0.024 cap=83,47,37,50 des=83,47,32,43 app=79,45,30,41 abs=nil,nil,nil,nil ebrake=1.00 ibrake=1.00 hasABS=0 sy=1.83 split=1.000,0.875 ===
 91.93418|I|libbeamng.print:18052| === LSTM_OBS t=380 23.67498,23.81929,23.45807,23.63096,-0.04093,1.83132,0.00000,-0.01906,0.00000,0.00000,0.00000,1.00000,0.00000,0.00000,0.00000,6725.90123,0.00000 ===
 91.98357|I|libbeamng.print:18052| === LSTM_TRACE t=390 v=23.61 ws=23.65,23.71,23.37,23.53 cmd=0.028,0.016,0.019,0.026 cap=83,49,37,50 des=83,49,33,44 app=79,46,31,42 abs=nil,nil,nil,nil ebrake=1.00 ibrake=1.00 hasABS=0 sy=1.82 split=1.000,0.875 ===
 91.98363|I|libbeamng.print:18052| === LSTM_OBS t=390 23.64813,23.70936,23.36649,23.52750,-0.00927,1.82389,0.00000,-0.00046,0.00000,0.00000,0.00049,1.00000,0.00000,0.00000,0.00000,6699.84646,0.00000 ===
 92.03381|I|libbeamng.print:18052| === LSTM_TRACE t=400 v=23.52 ws=23.52,23.57,23.29,23.44 cmd=0.027,0.015,0.019,0.026 cap=84,52,36,48 des=84,52,31,42 app=80,49,30,40 abs=nil,nil,nil,nil ebrake=1.00 ibrake=1.00 hasABS=0 sy=1.82 split=1.000,0.875 ===
 92.03388|I|libbeamng.print:18052| === LSTM_OBS t=400 23.51798,23.57186,23.28958,23.43570,-0.00078,1.81902,0.00000,0.01580,0.00000,0.00000,0.00000,1.00000,0.00000,0.00000,0.00000,6672.84316,0.00000 ===
 92.08513|I|libbeamng.print:18052| === LSTM_TRACE t=410 v=23.42 ws=23.47,23.50,23.19,23.36 cmd=0.028,0.016,0.019,0.026 cap=90,55,35,47 des=90,55,31,41 app=85,52,29,39 abs=nil,nil,nil,nil ebrake=1.00 ibrake=1.00 hasABS=0 sy=1.84 split=1.000,0.875 ===
 92.08517|I|libbeamng.print:18052| === LSTM_OBS t=410 23.47236,23.50127,23.18705,23.35780,-0.00702,1.83868,0.00000,0.01889,0.00000,0.00000,0.00000,1.00000,0.00000,0.00000,0.00000,6646.59060,0.00000 ===
 92.13488|I|libbeamng.print:18052| === LSTM_TRACE t=420 v=23.33 ws=23.38,23.42,23.14,23.24 cmd=0.029,0.017,0.018,0.024 cap=91,56,34,46 des=91,56,30,40 app=86,52,28,38 abs=nil,nil,nil,nil ebrake=1.00 ibrake=1.00 hasABS=0 sy=1.83 split=1.000,0.875 ===
 92.13492|I|libbeamng.print:18052| === LSTM_OBS t=420 23.38117,23.42014,23.13859,23.23979,-0.01302,1.83352,0.00000,0.01117,0.00000,0.00000,0.00049,1.00000,0.00000,0.00000,0.00000,6620.12082,0.00000 ===
 92.18518|I|libbeamng.print:18052| === LSTM_TRACE t=430 v=23.24 ws=23.27,23.33,23.08,23.14 cmd=0.029,0.016,0.018,0.024 cap=90,53,34,46 des=90,53,30,40 app=86,50,28,38 abs=nil,nil,nil,nil ebrake=1.00 ibrake=1.00 hasABS=0 sy=1.83 split=1.000,0.875 ===
 92.18522|I|libbeamng.print:18052| === LSTM_OBS t=430 23.26653,23.32925,23.07790,23.13910,-0.00372,1.83031,0.00000,0.01074,0.00000,0.00000,0.00085,1.00000,0.00000,0.00000,0.00000,6594.41301,0.00000 ===
 92.24923|I|libbeamng.print:18052| === LSTM_TRACE t=440 v=23.15 ws=23.20,23.27,22.97,23.02 cmd=0.029,0.016,0.017,0.023 cap=88,52,33,45 des=88,52,29,39 app=84,49,28,37 abs=nil,nil,nil,nil ebrake=1.00 ibrake=1.00 hasABS=0 sy=1.83 split=1.000,0.875 ===
 92.24930|I|libbeamng.print:18052| === LSTM_OBS t=440 23.20121,23.26882,22.96616,23.02232,-0.00028,1.82542,0.00000,0.00916,0.00000,0.00000,0.00000,1.00000,0.00000,0.00000,0.00000,6568.86548,0.00000 ===
 92.30064|I|libbeamng.print:18052| === LSTM_TRACE t=450 v=23.07 ws=23.04,23.23,22.84,22.97 cmd=0.029,0.016,0.017,0.023 cap=88,48,34,46 des=88,48,30,40 app=84,45,28,38 abs=nil,nil,nil,nil ebrake=1.00 ibrake=1.00 hasABS=0 sy=1.79 split=1.000,0.875 ===
 92.30073|I|libbeamng.print:18052| === LSTM_OBS t=450 23.04318,23.22934,22.83884,22.96953,-0.01103,1.79360,0.00000,-0.01169,0.00000,0.00000,0.00000,1.00000,0.00000,0.00000,0.00000,6542.23986,0.00000 ===
 92.34647|I|libbeamng.print:18052| === LSTM_TRACE t=460 v=22.97 ws=22.91,23.11,22.79,22.87 cmd=0.030,0.019,0.015,0.020 cap=91,52,32,42 des=91,52,28,37 app=86,49,26,35 abs=nil,nil,nil,nil ebrake=1.00 ibrake=1.00 hasABS=0 sy=1.80 split=1.000,0.875 ===
 92.34654|I|libbeamng.print:18052| === LSTM_OBS t=460 22.90560,23.11088,22.79228,22.87064,-0.01283,1.80342,0.00000,-0.01513,0.00000,0.00000,0.00049,1.00000,0.00000,0.00000,0.00000,6518.71122,0.00000 ===
 92.39679|I|libbeamng.print:18052| === LSTM_TRACE t=470 v=22.87 ws=22.88,22.98,22.71,22.82 cmd=0.027,0.016,0.016,0.021 cap=90,57,29,39 des=90,57,25,34 app=86,54,24,32 abs=nil,nil,nil,nil ebrake=1.00 ibrake=1.00 hasABS=0 sy=1.81 split=1.000,0.875 ===
 92.39689|I|libbeamng.print:18052| === LSTM_OBS t=470 22.87915,22.97661,22.70614,22.81857,-0.01305,1.80816,0.00000,0.02114,0.00000,0.00000,0.00000,1.00000,0.00000,0.00000,0.00000,6492.40130,0.00000 ===
 92.44579|I|libbeamng.print:18052| === LSTM_TRACE t=480 v=22.80 ws=22.81,22.94,22.64,22.66 cmd=0.028,0.016,0.016,0.021 cap=82,45,32,43 des=82,45,28,37 app=78,42,26,35 abs=nil,nil,nil,nil ebrake=1.00 ibrake=1.00 hasABS=0 sy=1.80 split=1.000,0.875 ===
 92.44584|I|libbeamng.print:18052| === LSTM_OBS t=480 22.80597,22.93956,22.63538,22.65923,-0.00910,1.80288,0.00000,-0.00917,0.00000,0.00000,0.00000,1.00000,0.00000,0.00000,0.00000,6466.87104,0.00000 ===
 92.49552|I|libbeamng.print:18052| === LSTM_TRACE t=490 v=22.69 ws=22.67,22.77,22.48,22.60 cmd=0.027,0.016,0.015,0.020 cap=88,52,28,38 des=88,52,25,33 app=84,49,23,31 abs=nil,nil,nil,nil ebrake=1.00 ibrake=1.00 hasABS=0 sy=1.80 split=1.000,0.875 ===
 92.49556|I|libbeamng.print:18052| === LSTM_OBS t=490 22.67191,22.76641,22.48032,22.59799,-0.01646,1.79797,0.00000,0.00934,0.00000,0.00000,0.00069,1.00000,0.00000,0.00000,0.00000,6441.17265,0.00000 ===
 92.54130|I|libbeamng.print:18052| === LSTM_TRACE t=500 v=22.61 ws=22.58,22.77,22.43,22.58 cmd=0.027,0.015,0.015,0.020 cap=84,46,29,40 des=84,46,26,35 app=80,43,24,33 abs=nil,nil,nil,nil ebrake=1.00 ibrake=1.00 hasABS=0 sy=1.79 split=1.000,0.875 ===
 92.54135|I|libbeamng.print:18052| === LSTM_OBS t=500 22.57894,22.76823,22.43459,22.58133,-0.02005,1.78845,0.00000,-0.00728,0.00000,0.00000,0.00000,1.00000,0.00000,0.00000,0.00000,6418.83927,0.00000 ===
 92.59145|I|libbeamng.print:18052| === LSTM_TRACE t=510 v=22.51 ws=22.56,22.61,22.39,22.40 cmd=0.026,0.015,0.014,0.019 cap=82,48,27,36 des=82,48,24,32 app=78,45,22,30 abs=nil,nil,nil,nil ebrake=1.00 ibrake=1.00 hasABS=0 sy=1.78 split=1.000,0.875 ===
 92.59149|I|libbeamng.print:18052| === LSTM_OBS t=510 22.55993,22.61240,22.38681,22.39627,-0.01328,1.78302,0.00000,0.01432,0.00000,0.00000,0.00000,1.00000,0.00000,0.00000,0.00000,6393.17671,0.00000 ===
 92.64140|I|libbeamng.print:18052| === LSTM_TRACE t=520 v=22.43 ws=22.42,22.61,22.29,22.29 cmd=0.027,0.016,0.014,0.018 cap=81,43,28,37 des=81,43,24,32 app=77,41,23,31 abs=nil,nil,nil,nil ebrake=1.00 ibrake=1.00 hasABS=0 sy=1.77 split=1.000,0.875 ===
 92.64145|I|libbeamng.print:18052| === LSTM_OBS t=520 22.41857,22.60568,22.28876,22.29363,-0.00994,1.76844,0.00000,-0.01093,0.00000,0.00000,0.00049,1.00000,0.00000,0.00000,0.00000,6368.29060,0.00000 ===
 92.69126|I|libbeamng.print:18052| === LSTM_TRACE t=530 v=22.35 ws=22.31,22.50,22.26,22.30 cmd=0.024,0.013,0.014,0.018 cap=77,41,27,36 des=77,41,23,31 app=73,39,22,30 abs=nil,nil,nil,nil ebrake=1.00 ibrake=1.00 hasABS=0 sy=1.78 split=1.000,0.875 ===
 92.69133|I|libbeamng.print:18052| === LSTM_OBS t=530 22.31281,22.49821,22.25936,22.29626,-0.02099,1.77702,0.00000,-0.01637,0.00000,0.00000,0.00000,1.00000,0.00000,0.00000,0.00000,6343.68964,0.00000 ===
 92.74050|I|libbeamng.print:18052| === LSTM_TRACE t=540 v=22.26 ws=22.25,22.35,22.08,22.14 cmd=0.024,0.013,0.013,0.018 cap=79,44,25,33 des=79,44,22,29 app=75,41,20,28 abs=nil,nil,nil,nil ebrake=1.00 ibrake=1.00 hasABS=0 sy=1.75 split=1.000,0.875 ===
 92.74058|I|libbeamng.print:18052| === LSTM_OBS t=540 22.25381,22.34627,22.08307,22.13740,-0.01063,1.75485,0.00000,0.00589,0.00000,0.00000,0.00000,1.00000,0.00000,0.00000,0.00000,6319.12814,0.00000 ===
 92.79071|I|libbeamng.print:18052| === LSTM_TRACE t=550 v=22.17 ws=22.24,22.22,22.03,22.11 cmd=0.023,0.012,0.013,0.017 cap=75,41,24,32 des=75,41,21,28 app=72,39,20,26 abs=nil,nil,nil,nil ebrake=1.00 ibrake=1.00 hasABS=0 sy=1.74 split=1.000,0.875 ===
 92.79075|I|libbeamng.print:18052| === LSTM_OBS t=550 22.23936,22.21956,22.03152,22.11312,-0.00974,1.73726,0.00000,0.00753,0.00000,0.00000,0.00000,1.00000,0.00000,0.00000,0.00000,6294.33767,0.00000 ===
 92.84018|I|libbeamng.print:18052| === LSTM_TRACE t=560 v=22.08 ws=22.12,22.18,21.94,21.96 cmd=0.023,0.012,0.012,0.016 cap=73,39,23,31 des=73,39,20,27 app=70,37,19,25 abs=nil,nil,nil,nil ebrake=1.00 ibrake=1.00 hasABS=0 sy=1.75 split=1.000,0.875 ===
 92.84022|I|libbeamng.print:18052| === LSTM_OBS t=560 22.11892,22.18175,21.93729,21.95709,-0.01679,1.74839,0.00000,0.01213,0.00000,0.00000,0.00000,1.00000,0.00000,0.00000,0.00000,6269.93998,0.00000 ===
 92.89043|I|libbeamng.print:18052| === LSTM_TRACE t=570 v=22.00 ws=22.06,22.05,21.93,21.94 cmd=0.022,0.011,0.012,0.016 cap=69,37,22,30 des=69,37,20,26 app=66,35,19,25 abs=nil,nil,nil,nil ebrake=1.00 ibrake=1.00 hasABS=0 sy=1.74 split=1.000,0.875 ===
 92.89048|I|libbeamng.print:18052| === LSTM_OBS t=570 22.06357,22.05100,21.93363,21.93798,-0.01481,1.74382,0.00000,0.00732,0.00000,0.00000,0.00049,1.00000,0.00000,0.00000,0.00000,6245.21396,0.00000 ===
 92.94019|I|libbeamng.print:18052| === LSTM_TRACE t=580 v=21.91 ws=21.95,22.02,21.78,21.81 cmd=0.022,0.012,0.011,0.015 cap=70,37,22,29 des=70,37,19,26 app=66,35,18,24 abs=nil,nil,nil,nil ebrake=1.00 ibrake=1.00 hasABS=0 sy=1.73 split=1.000,0.875 ===
 92.94024|I|libbeamng.print:18052| === LSTM_OBS t=580 21.95193,22.02346,21.78470,21.81221,-0.01893,1.73436,0.00000,0.01264,0.00000,0.00000,0.00049,1.00000,0.00000,0.00000,0.00000,6221.19075,0.00000 ===
 92.98722|I|libbeamng.print:18052| === LSTM_TRACE t=590 v=21.83 ws=21.89,21.95,21.63,21.80 cmd=0.022,0.011,0.011,0.015 cap=66,35,22,29 des=66,35,19,25 app=63,33,18,24 abs=nil,nil,nil,nil ebrake=1.00 ibrake=1.00 hasABS=0 sy=1.72 split=1.000,0.875 ===
 92.98726|I|libbeamng.print:18052| === LSTM_OBS t=590 21.88912,21.94531,21.63407,21.80303,-0.00889,1.71608,0.00000,0.01228,0.00000,0.00000,0.00000,1.00000,0.00000,0.00000,0.00000,6201.59568,0.00000 ===
 93.03674|I|libbeamng.print:18052| === LSTM_TRACE t=600 v=21.75 ws=21.73,21.89,21.68,21.72 cmd=0.021,0.011,0.011,0.015 cap=66,34,22,29 des=66,34,19,25 app=63,32,18,24 abs=nil,nil,nil,nil ebrake=1.00 ibrake=1.00 hasABS=0 sy=1.72 split=1.000,0.875 ===
 93.03678|I|libbeamng.print:18052| === LSTM_OBS t=600 21.73100,21.89343,21.67744,21.72469,-0.01793,1.71816,0.00000,-0.01759,0.00000,0.00000,0.00000,1.00000,0.00000,0.00000,0.00000,6179.61507,0.00000 ===
 93.08690|I|libbeamng.print:18052| === LSTM_TRACE t=610 v=21.66 ws=21.62,21.81,21.55,21.57 cmd=0.021,0.011,0.011,0.014 cap=65,33,21,29 des=65,33,19,25 app=62,31,18,24 abs=nil,nil,nil,nil ebrake=1.00 ibrake=1.00 hasABS=0 sy=1.71 split=1.000,0.875 ===
 93.08695|I|libbeamng.print:18052| === LSTM_OBS t=610 21.62024,21.80534,21.54562,21.56625,-0.03241,1.71025,0.00000,-0.00632,0.00000,0.00000,0.00000,1.00000,0.00000,0.00000,0.00000,6155.58870,0.00000 ===
 93.13664|I|libbeamng.print:18052| === LSTM_TRACE t=620 v=21.57 ws=21.64,21.64,21.38,21.50 cmd=0.021,0.011,0.011,0.014 cap=66,36,20,27 des=66,36,18,23 app=63,34,17,22 abs=nil,nil,nil,nil ebrake=1.00 ibrake=1.00 hasABS=0 sy=1.68 split=1.000,0.875 ===
 93.13668|I|libbeamng.print:18052| === LSTM_OBS t=620 21.63728,21.63546,21.37810,21.50255,0.00381,1.68394,0.00000,0.02025,0.00000,0.00000,0.00085,1.00000,0.00000,0.00000,0.00000,6128.99310,0.00000 ===
 93.18677|I|libbeamng.print:18052| === LSTM_TRACE t=630 v=21.50 ws=21.49,21.65,21.37,21.46 cmd=0.021,0.011,0.010,0.014 cap=64,32,20,27 des=64,32,18,24 app=61,30,17,22 abs=nil,nil,nil,nil ebrake=1.00 ibrake=1.00 hasABS=0 sy=1.68 split=1.000,0.875 ===
 93.18688|I|libbeamng.print:18052| === LSTM_OBS t=630 21.49325,21.64769,21.37007,21.45550,-0.00052,1.68182,0.00000,-0.01256,0.00000,0.00000,0.00049,1.00000,0.00000,0.00000,0.00000,6104.90089,0.00000 ===
 93.23676|I|libbeamng.print:18052| === LSTM_TRACE t=640 v=21.41 ws=21.46,21.53,21.30,21.39 cmd=0.020,0.010,0.010,0.014 cap=63,31,20,27 des=63,31,18,23 app=60,29,17,22 abs=nil,nil,nil,nil ebrake=1.00 ibrake=1.00 hasABS=0 sy=1.69 split=1.000,0.875 ===
 93.23681|I|libbeamng.print:18052| === LSTM_OBS t=640 21.45767,21.53454,21.29711,21.38896,-0.01490,1.68658,0.00000,0.00277,0.00000,0.00000,0.00069,1.00000,0.00000,0.00000,0.00000,6081.57978,0.00000 ===
 93.28646|I|libbeamng.print:18052| === LSTM_TRACE t=650 v=21.33 ws=21.31,21.47,21.15,21.25 cmd=0.020,0.010,0.010,0.013 cap=62,31,20,26 des=62,31,17,23 app=59,29,16,21 abs=nil,nil,nil,nil ebrake=1.00 ibrake=1.00 hasABS=0 sy=1.69 split=1.000,0.875 ===
 93.28651|I|libbeamng.print:18052| === LSTM_OBS t=650 21.31297,21.46947,21.15086,21.25001,-0.00969,1.68902,0.00000,-0.00384,0.00000,0.00000,0.00085,1.00000,0.00000,0.00000,0.00000,6057.93377,0.00000 ===
 93.33662|I|libbeamng.print:18052| === LSTM_TRACE t=660 v=21.23 ws=21.31,21.33,21.10,21.16 cmd=0.020,0.010,0.010,0.013 cap=64,33,19,25 des=64,33,17,22 app=60,31,16,21 abs=nil,nil,nil,nil ebrake=1.00 ibrake=1.00 hasABS=0 sy=1.68 split=1.000,0.875 ===
 93.33668|I|libbeamng.print:18052| === LSTM_OBS t=660 21.31491,21.32732,21.09791,21.16400,-0.01067,1.68137,0.00000,0.01113,0.00000,0.00000,0.00000,1.00000,0.00000,0.00000,0.00000,6034.21124,0.00000 ===
 93.38637|I|libbeamng.print:18052| === LSTM_TRACE t=670 v=21.17 ws=21.18,21.34,20.99,21.05 cmd=0.020,0.011,0.010,0.013 cap=61,31,19,25 des=61,31,17,22 app=58,29,16,21 abs=nil,nil,nil,nil ebrake=1.00 ibrake=1.00 hasABS=0 sy=1.67 split=1.000,0.875 ===
 93.38643|I|libbeamng.print:18052| === LSTM_OBS t=670 21.17576,21.33963,20.99186,21.05039,-0.00530,1.66913,0.00000,-0.01098,0.00000,0.00000,0.00069,1.00000,0.00000,0.00000,0.00000,6010.31155,0.00000 ===
 93.43644|I|libbeamng.print:18052| === LSTM_TRACE t=680 v=21.08 ws=21.09,21.18,20.88,20.99 cmd=0.019,0.010,0.010,0.013 cap=60,31,19,25 des=60,31,17,22 app=57,29,16,20 abs=nil,nil,nil,nil ebrake=1.00 ibrake=1.00 hasABS=0 sy=1.67 split=1.000,0.875 ===
 93.43649|I|libbeamng.print:18052| === LSTM_OBS t=680 21.08553,21.18331,20.87867,20.98642,-0.01069,1.66959,0.00000,0.00892,0.00000,0.00000,0.00000,1.00000,0.00000,0.00000,0.00000,5986.37147,0.00000 ===
 93.48635|I|libbeamng.print:18052| === LSTM_TRACE t=690 v=20.99 ws=21.05,21.11,20.82,20.94 cmd=0.019,0.009,0.010,0.013 cap=58,31,19,25 des=58,31,17,22 app=55,29,16,20 abs=nil,nil,nil,nil ebrake=1.00 ibrake=1.00 hasABS=0 sy=1.67 split=1.000,0.875 ===
 93.48639|I|libbeamng.print:18052| === LSTM_OBS t=690 21.05450,21.10734,20.82421,20.94435,-0.01462,1.67124,0.00000,0.01562,0.00000,0.00000,0.00049,1.00000,0.00000,0.00000,0.00000,5962.80325,0.00000 ===
 93.53692|I|libbeamng.print:18052| === LSTM_TRACE t=700 v=20.91 ws=20.96,21.02,20.74,20.86 cmd=0.019,0.009,0.010,0.012 cap=56,31,19,24 des=56,31,17,21 app=53,29,16,20 abs=nil,nil,nil,nil ebrake=1.00 ibrake=1.00 hasABS=0 sy=1.66 split=1.000,0.875 ===
 93.53697|I|libbeamng.print:18052| === LSTM_OBS t=700 20.96313,21.02314,20.73784,20.85785,-0.01735,1.65963,0.00000,0.01376,0.00000,0.00000,0.00069,1.00000,0.00000,0.00000,0.00000,5939.60231,0.00000 ===
 93.58631|I|libbeamng.print:18052| === LSTM_TRACE t=710 v=20.83 ws=20.85,20.97,20.66,20.78 cmd=0.019,0.010,0.009,0.012 cap=57,31,19,24 des=57,31,17,21 app=54,29,16,20 abs=nil,nil,nil,nil ebrake=1.00 ibrake=1.00 hasABS=0 sy=1.65 split=1.000,0.875 ===
 93.58635|I|libbeamng.print:18052| === LSTM_OBS t=710 20.84894,20.97292,20.66177,20.78148,-0.01610,1.65234,0.00000,0.01284,0.00000,0.00000,0.00049,1.00000,0.00000,0.00000,0.00000,5916.99201,0.00000 ===
 93.63623|I|libbeamng.print:18052| === LSTM_TRACE t=720 v=20.75 ws=20.75,20.91,20.55,20.66 cmd=0.019,0.010,0.009,0.012 cap=56,31,19,24 des=56,31,17,21 app=54,29,16,20 abs=nil,nil,nil,nil ebrake=1.00 ibrake=1.00 hasABS=0 sy=1.63 split=1.000,0.875 ===
 93.63635|I|libbeamng.print:18052| === LSTM_OBS t=720 20.75003,20.91055,20.54569,20.66209,-0.02201,1.63065,0.00000,0.00896,0.00000,0.00000,0.00000,1.00000,0.00000,0.00000,0.00000,5892.20664,0.00000 ===
 93.68699|I|libbeamng.print:18052| === LSTM_TRACE t=730 v=20.67 ws=20.68,20.82,20.47,20.56 cmd=0.019,0.009,0.009,0.012 cap=56,31,19,24 des=56,31,17,21 app=53,29,16,19 abs=nil,nil,nil,nil ebrake=1.00 ibrake=1.00 hasABS=0 sy=1.62 split=1.000,0.875 ===
 93.68703|I|libbeamng.print:18052| === LSTM_OBS t=730 20.68158,20.81792,20.46723,20.55904,-0.01973,1.62415,0.00000,0.00611,0.00000,0.00000,0.00049,1.00000,0.00000,0.00000,0.00000,5868.23258,0.00000 ===
 93.73621|I|libbeamng.print:18052| === LSTM_TRACE t=740 v=20.58 ws=20.64,20.72,20.41,20.48 cmd=0.019,0.010,0.009,0.012 cap=58,31,19,23 des=58,31,17,20 app=56,29,16,19 abs=nil,nil,nil,nil ebrake=1.00 ibrake=1.00 hasABS=0 sy=1.62 split=1.000,0.875 ===
 93.73625|I|libbeamng.print:18052| === LSTM_OBS t=740 20.64166,20.71819,20.41480,20.48173,-0.01293,1.62150,0.00000,0.00336,0.00000,0.00000,0.00000,1.00000,0.00000,0.00000,0.00000,5843.82898,0.00000 ===
 93.78606|I|libbeamng.print:18052| === LSTM_TRACE t=750 v=20.50 ws=20.56,20.62,20.36,20.43 cmd=0.019,0.010,0.009,0.012 cap=59,31,19,23 des=59,31,17,20 app=56,29,16,19 abs=nil,nil,nil,nil ebrake=1.00 ibrake=1.00 hasABS=0 sy=1.62 split=1.000,0.875 ===
 93.78610|I|libbeamng.print:18052| === LSTM_OBS t=750 20.55618,20.61969,20.36450,20.43156,-0.01581,1.62291,0.00000,0.00661,0.00000,0.00000,0.00000,1.00000,0.00000,0.00000,0.00000,5820.91712,0.00000 ===
 93.83617|I|libbeamng.print:18052| === LSTM_TRACE t=760 v=20.42 ws=20.44,20.53,20.36,20.38 cmd=0.018,0.009,0.010,0.012 cap=60,31,19,23 des=60,31,17,20 app=57,29,16,19 abs=nil,nil,nil,nil ebrake=1.00 ibrake=1.00 hasABS=0 sy=1.63 split=1.000,0.875 ===
 93.83624|I|libbeamng.print:18052| === LSTM_OBS t=760 20.44128,20.53248,20.35742,20.37986,-0.01544,1.63380,0.00000,0.00403,0.00000,0.00000,0.00069,1.00000,0.00000,0.00000,0.00000,5796.94985,0.00000 ===
 93.88610|I|libbeamng.print:18052| === LSTM_TRACE t=770 v=20.35 ws=20.33,20.50,20.22,20.36 cmd=0.019,0.009,0.010,0.012 cap=59,31,19,24 des=59,31,17,21 app=56,29,16,19 abs=nil,nil,nil,nil ebrake=1.00 ibrake=1.00 hasABS=0 sy=1.64 split=1.000,0.875 ===
 93.88614|I|libbeamng.print:18052| === LSTM_OBS t=770 20.33445,20.49727,20.21537,20.36160,-0.01079,1.64100,0.00000,-0.00941,0.00000,0.00000,0.00049,1.00000,0.00000,0.00000,0.00000,5773.84575,0.00000 ===
 93.93616|I|libbeamng.print:18052| === LSTM_TRACE t=780 v=20.27 ws=20.31,20.44,20.08,20.20 cmd=0.020,0.010,0.009,0.012 cap=58,31,19,23 des=58,31,17,20 app=55,29,16,19 abs=nil,nil,nil,nil ebrake=1.00 ibrake=1.00 hasABS=0 sy=1.63 split=1.000,0.875 ===
 93.93620|I|libbeamng.print:18052| === LSTM_OBS t=780 20.31015,20.43514,20.08242,20.19837,-0.01270,1.63281,0.00000,-0.00244,0.00000,0.00000,0.00049,1.00000,0.00000,0.00000,0.00000,5750.00215,0.00000 ===
 93.98640|I|libbeamng.print:18052| === LSTM_TRACE t=790 v=20.17 ws=20.21,20.25,19.97,20.07 cmd=0.020,0.010,0.009,0.012 cap=62,32,19,22 des=62,32,17,20 app=59,30,16,19 abs=nil,nil,nil,nil ebrake=1.00 ibrake=1.00 hasABS=0 sy=1.64 split=1.000,0.875 ===
 93.98644|I|libbeamng.print:18052| === LSTM_OBS t=790 20.20739,20.25086,19.96929,20.07187,-0.00235,1.64181,0.00000,0.00950,0.00000,0.00000,0.00000,1.00000,0.00000,0.00000,0.00000,5726.39802,0.00000 ===
 94.03633|I|libbeamng.print:18052| === LSTM_TRACE t=800 v=20.11 ws=20.10,20.30,19.97,20.03 cmd=0.019,0.010,0.009,0.012 cap=61,31,19,22 des=61,31,17,19 app=58,29,16,18 abs=nil,nil,nil,nil ebrake=1.00 ibrake=1.00 hasABS=0 sy=1.62 split=1.000,0.875 ===
 94.03637|I|libbeamng.print:18052| === LSTM_OBS t=800 20.09509,20.30230,19.97092,20.02578,-0.01285,1.61877,0.00000,-0.00504,0.00000,0.00000,0.00000,1.00000,0.00000,0.00000,0.00000,5699.54817,0.00000 ===
 94.08600|I|libbeamng.print:18052| === LSTM_TRACE t=810 v=20.02 ws=20.04,20.11,19.85,19.97 cmd=0.019,0.009,0.009,0.012 cap=59,31,19,23 des=59,31,17,20 app=56,29,16,19 abs=nil,nil,nil,nil ebrake=1.00 ibrake=1.00 hasABS=0 sy=1.62 split=1.000,0.875 ===
 94.08608|I|libbeamng.print:18052| === LSTM_OBS t=810 20.04419,20.10546,19.84805,19.97447,-0.00537,1.61941,0.00000,0.00069,0.00000,0.00000,0.00000,1.00000,0.00000,0.00000,0.00000,5678.38709,0.00000 ===
 94.13609|I|libbeamng.print:18052| === LSTM_TRACE t=820 v=19.94 ws=19.97,20.14,19.76,19.87 cmd=0.020,0.010,0.009,0.011 cap=60,31,19,23 des=60,31,17,20 app=57,29,16,19 abs=nil,nil,nil,nil ebrake=1.00 ibrake=1.00 hasABS=0 sy=1.64 split=1.000,0.875 ===
 94.13616|I|libbeamng.print:18052| === LSTM_OBS t=820 19.96506,20.13854,19.76255,19.86560,-0.00470,1.64034,0.00000,-0.00593,0.00000,0.00000,0.00069,1.00000,0.00000,0.00000,0.00000,5656.97067,0.00000 ===
 94.18624|I|libbeamng.print:18052| === LSTM_TRACE t=830 v=19.85 ws=19.83,19.96,19.75,19.84 cmd=0.018,0.009,0.009,0.012 cap=61,31,19,22 des=61,31,17,19 app=58,29,16,18 abs=nil,nil,nil,nil ebrake=1.00 ibrake=1.00 hasABS=0 sy=1.64 split=1.000,0.875 ===
 94.18632|I|libbeamng.print:18052| === LSTM_OBS t=830 19.82771,19.96325,19.74584,19.83801,-0.02950,1.63906,0.00000,-0.00038,0.00000,0.00000,0.00049,1.00000,0.00000,0.00000,0.00000,5632.62458,0.00000 ===
 94.23618|I|libbeamng.print:18052| === LSTM_TRACE t=840 v=19.76 ws=19.81,19.87,19.61,19.70 cmd=0.019,0.010,0.009,0.011 cap=59,31,19,22 des=59,31,17,19 app=56,29,16,18 abs=nil,nil,nil,nil ebrake=1.00 ibrake=1.00 hasABS=0 sy=1.63 split=1.000,0.875 ===
 94.23625|I|libbeamng.print:18052| === LSTM_OBS t=840 19.80629,19.86996,19.60692,19.69593,-0.02188,1.62815,0.00000,0.00714,0.00000,0.00000,0.00000,1.00000,0.00000,0.00000,0.00000,5608.17096,0.00000 ===
 94.28675|I|libbeamng.print:18052| === LSTM_TRACE t=850 v=19.69 ws=19.75,19.85,19.58,19.63 cmd=0.020,0.010,0.009,0.011 cap=61,31,19,22 des=61,31,17,19 app=58,29,16,18 abs=nil,nil,nil,nil ebrake=1.00 ibrake=1.00 hasABS=0 sy=1.62 split=1.000,0.875 ===
 94.28680|I|libbeamng.print:18052| === LSTM_OBS t=850 19.74686,19.85236,19.57687,19.62849,-0.02214,1.62377,0.00000,0.00255,0.00000,0.00000,0.00049,1.00000,0.00000,0.00000,0.00000,5583.78233,0.00000 ===
 94.33602|I|libbeamng.print:18052| === LSTM_TRACE t=860 v=19.62 ws=19.64,19.82,19.42,19.50 cmd=0.020,0.010,0.009,0.011 cap=59,31,19,22 des=59,31,17,19 app=56,29,16,18 abs=nil,nil,nil,nil ebrake=1.00 ibrake=1.00 hasABS=0 sy=1.63 split=1.000,0.875 ===
 94.33610|I|libbeamng.print:18052| === LSTM_OBS t=860 19.63845,19.81702,19.42138,19.50154,-0.02706,1.62628,0.00000,-0.00298,0.00000,0.00000,0.00000,1.00000,0.00000,0.00000,0.00000,5560.07278,0.00000 ===
 94.38643|I|libbeamng.print:18052| === LSTM_TRACE t=870 v=19.53 ws=19.52,19.71,19.39,19.46 cmd=0.020,0.010,0.009,0.011 cap=63,33,19,21 des=63,33,17,19 app=60,31,16,18 abs=nil,nil,nil,nil ebrake=1.00 ibrake=1.00 hasABS=0 sy=1.62 split=1.000,0.875 ===
 94.38650|I|libbeamng.print:18052| === LSTM_OBS t=870 19.52062,19.71442,19.39411,19.45917,-0.03437,1.61833,0.00000,-0.00109,0.00000,0.00000,0.00000,1.00000,0.00000,0.00000,0.00000,5536.63156,0.00000 ===
 94.43614|I|libbeamng.print:18052| === LSTM_TRACE t=880 v=19.45 ws=19.43,19.60,19.26,19.35 cmd=0.020,0.011,0.009,0.011 cap=62,32,19,22 des=62,32,17,19 app=59,30,16,18 abs=nil,nil,nil,nil ebrake=1.00 ibrake=1.00 hasABS=0 sy=1.62 split=1.000,0.875 ===
 94.43620|I|libbeamng.print:18052| === LSTM_OBS t=880 19.42960,19.60018,19.26294,19.35146,-0.03273,1.61625,0.00000,-0.00383,0.00000,0.00000,0.00000,1.00000,0.00000,0.00000,0.00000,5512.65984,0.00000 ===
 94.48623|I|libbeamng.print:18052| === LSTM_TRACE t=890 v=19.37 ws=19.36,19.51,19.18,19.32 cmd=0.020,0.010,0.009,0.011 cap=64,32,19,22 des=64,32,17,19 app=61,31,16,18 abs=nil,nil,nil,nil ebrake=1.00 ibrake=1.00 hasABS=0 sy=1.62 split=1.000,0.875 ===
 94.48627|I|libbeamng.print:18052| === LSTM_OBS t=890 19.36152,19.50724,19.18192,19.31716,-0.02039,1.62120,0.00000,-0.00558,0.00000,0.00000,0.00049,1.00000,0.00000,0.00000,0.00000,5487.51607,0.00000 ===
 94.53596|I|libbeamng.print:18052| === LSTM_TRACE t=900 v=19.29 ws=19.27,19.43,19.11,19.23 cmd=0.021,0.011,0.009,0.011 cap=64,33,19,22 des=64,33,17,19 app=61,31,16,18 abs=nil,nil,nil,nil ebrake=1.00 ibrake=1.00 hasABS=0 sy=1.64 split=1.000,0.875 ===
 94.53604|I|libbeamng.print:18052| === LSTM_OBS t=900 19.27029,19.42947,19.10765,19.22937,-0.01592,1.64321,0.00000,0.00029,0.00000,0.00000,0.00000,1.00000,0.00000,0.00000,0.00000,5465.14744,0.00000 ===
 94.58628|I|libbeamng.print:18052| === LSTM_TRACE t=910 v=19.21 ws=19.25,19.38,19.06,19.08 cmd=0.022,0.011,0.009,0.011 cap=63,32,19,22 des=63,32,17,19 app=60,31,16,18 abs=nil,nil,nil,nil ebrake=1.00 ibrake=1.00 hasABS=0 sy=1.64 split=1.000,0.875 ===
 94.58632|I|libbeamng.print:18052| === LSTM_OBS t=910 19.25052,19.38212,19.06079,19.08350,-0.01975,1.64257,0.00000,-0.00058,0.00000,0.00000,0.00069,1.00000,0.00000,0.00000,0.00000,5441.14135,0.00000 ===
 94.63616|I|libbeamng.print:18052| === LSTM_TRACE t=920 v=19.12 ws=19.15,19.25,18.96,19.09 cmd=0.021,0.010,0.009,0.011 cap=64,33,19,22 des=64,33,17,19 app=61,31,16,18 abs=nil,nil,nil,nil ebrake=1.00 ibrake=1.00 hasABS=0 sy=1.63 split=1.000,0.875 ===
 94.63621|I|libbeamng.print:18052| === LSTM_OBS t=920 19.14589,19.24829,18.96322,19.09311,-0.01171,1.63400,0.00000,0.00054,0.00000,0.00000,0.00000,1.00000,0.00000,0.00000,0.00000,5416.92345,0.00000 ===
 94.68632|I|libbeamng.print:18052| === LSTM_TRACE t=930 v=19.03 ws=19.00,19.09,18.89,18.96 cmd=0.021,0.010,0.009,0.011 cap=68,35,19,22 des=68,35,17,19 app=65,33,16,18 abs=nil,nil,nil,nil ebrake=1.00 ibrake=1.00 hasABS=0 sy=1.64 split=1.000,0.875 ===
 94.68637|I|libbeamng.print:18052| === LSTM_OBS t=930 19.00098,19.09338,18.89495,18.95643,-0.01585,1.64332,0.00000,0.00709,0.00000,0.00000,0.00000,1.00000,0.00000,0.00000,0.00000,5393.90787,0.00000 ===
 94.73619|I|libbeamng.print:18052| === LSTM_TRACE t=940 v=18.96 ws=18.97,19.10,18.80,18.82 cmd=0.022,0.011,0.009,0.011 cap=64,33,19,22 des=64,33,17,19 app=61,31,16,18 abs=nil,nil,nil,nil ebrake=1.00 ibrake=1.00 hasABS=0 sy=1.62 split=1.000,0.875 ===
 94.73624|I|libbeamng.print:18052| === LSTM_OBS t=940 18.96540,19.10169,18.79765,18.82448,-0.02554,1.61503,0.00000,-0.00235,0.00000,0.00000,0.00000,1.00000,0.00000,0.00000,0.00000,5370.29158,0.00000 ===
 94.78615|I|libbeamng.print:18052| === LSTM_TRACE t=950 v=18.88 ws=18.88,18.98,18.72,18.78 cmd=0.021,0.011,0.009,0.011 cap=64,33,19,22 des=64,33,17,19 app=61,31,16,18 abs=nil,nil,nil,nil ebrake=1.00 ibrake=1.00 hasABS=0 sy=1.63 split=1.000,0.875 ===
 94.78619|I|libbeamng.print:18052| === LSTM_OBS t=950 18.88467,18.98342,18.72261,18.78359,-0.01621,1.62904,0.00000,0.00014,0.00000,0.00000,0.00049,1.00000,0.00000,0.00000,0.00000,5346.95117,0.00000 ===
 94.83584|I|libbeamng.print:18052| === LSTM_TRACE t=960 v=18.79 ws=18.76,18.87,18.63,18.79 cmd=0.021,0.011,0.009,0.011 cap=67,34,19,21 des=67,34,17,19 app=63,32,16,18 abs=nil,nil,nil,nil ebrake=1.00 ibrake=1.00 hasABS=0 sy=1.63 split=1.000,0.875 ===
 94.83588|I|libbeamng.print:18052| === LSTM_OBS t=960 18.75726,18.87079,18.63436,18.79065,-0.01827,1.63438,0.00000,-0.00043,0.00000,0.00000,0.00000,1.00000,0.00000,0.00000,0.00000,5324.02950,0.00000 ===
 94.88614|I|libbeamng.print:18052| === LSTM_TRACE t=970 v=18.71 ws=18.68,18.79,18.57,18.64 cmd=0.022,0.011,0.009,0.011 cap=69,36,19,21 des=69,36,17,19 app=66,34,16,18 abs=nil,nil,nil,nil ebrake=1.00 ibrake=1.00 hasABS=0 sy=1.63 split=1.000,0.875 ===
 94.88618|I|libbeamng.print:18052| === LSTM_OBS t=970 18.68077,18.79230,18.56655,18.63679,-0.01971,1.63409,0.00000,0.00424,0.00000,0.00000,0.00069,1.00000,0.00000,0.00000,0.00000,5301.01971,0.00000 ===
 94.93580|I|libbeamng.print:18052| === LSTM_TRACE t=980 v=18.63 ws=18.66,18.77,18.54,18.54 cmd=0.022,0.012,0.009,0.011 cap=67,35,19,22 des=67,35,17,19 app=63,33,16,18 abs=nil,nil,nil,nil ebrake=1.00 ibrake=1.00 hasABS=0 sy=1.63 split=1.000,0.875 ===
 94.93583|I|libbeamng.print:18052| === LSTM_OBS t=980 18.65849,18.76655,18.53799,18.53970,-0.03794,1.62533,0.00000,0.00553,0.00000,0.00000,0.00049,1.00000,0.00000,0.00000,0.00000,5278.02918,0.00000 ===
 94.98670|I|libbeamng.print:18052| === LSTM_TRACE t=990 v=18.54 ws=18.49,18.60,18.41,18.46 cmd=0.022,0.011,0.009,0.011 cap=69,35,19,22 des=69,35,17,19 app=66,33,16,18 abs=nil,nil,nil,nil ebrake=1.00 ibrake=1.00 hasABS=0 sy=1.64 split=1.000,0.875 ===
 94.98690|I|libbeamng.print:18052| === LSTM_OBS t=990 18.49352,18.59753,18.40570,18.45969,-0.01763,1.64053,0.00000,-0.00036,0.00000,0.00000,0.00049,1.00000,0.00000,0.00000,0.00000,5257.42199,0.00000 ===
 95.03652|I|libbeamng.print:18052| === LSTM_TRACE t=1000 v=18.47 ws=18.43,18.55,18.32,18.36 cmd=0.022,0.012,0.009,0.011 cap=70,38,19,21 des=70,38,17,19 app=67,35,16,18 abs=nil,nil,nil,nil ebrake=1.00 ibrake=1.00 hasABS=0 sy=1.63 split=1.000,0.875 ===
 95.03655|I|libbeamng.print:18052| === LSTM_OBS t=1000 18.42977,18.54805,18.31570,18.35593,-0.00435,1.62664,0.00000,-0.00243,0.00000,0.00000,0.00000,1.00000,0.00000,0.00000,0.00000,5232.18753,0.00000 ===
 95.08707|I|libbeamng.print:18052| === LSTM_TRACE t=1010 v=18.39 ws=18.40,18.51,18.24,18.30 cmd=0.023,0.012,0.009,0.011 cap=68,34,19,22 des=68,34,17,19 app=65,32,16,18 abs=nil,nil,nil,nil ebrake=1.00 ibrake=1.00 hasABS=0 sy=1.63 split=1.000,0.875 ===
 95.08711|I|libbeamng.print:18052| === LSTM_OBS t=1010 18.40031,18.51438,18.23900,18.30172,-0.00824,1.62682,0.00000,0.00037,0.00000,0.00000,0.00000,1.00000,0.00000,0.00000,0.00000,5209.59639,0.00000 ===
 95.13647|I|libbeamng.print:18052| === LSTM_TRACE t=1020 v=18.31 ws=18.31,18.44,18.16,18.23 cmd=0.023,0.012,0.009,0.011 cap=69,35,19,22 des=69,35,17,19 app=65,33,16,18 abs=nil,nil,nil,nil ebrake=1.00 ibrake=1.00 hasABS=0 sy=1.63 split=1.000,0.875 ===
 95.13651|I|libbeamng.print:18052| === LSTM_OBS t=1020 18.31468,18.44405,18.16071,18.23130,-0.01185,1.62582,0.00000,-0.00113,0.00000,0.00000,0.00000,1.00000,0.00000,0.00000,0.00000,5187.06150,0.00000 ===
 95.18296|I|libbeamng.print:18052| === LSTM_TRACE t=1030 v=18.22 ws=18.22,18.33,18.09,18.12 cmd=0.023,0.012,0.009,0.011 cap=70,36,19,21 des=70,36,17,19 app=66,34,16,18 abs=nil,nil,nil,nil ebrake=1.00 ibrake=1.00 hasABS=0 sy=1.62 split=1.000,0.875 ===
 95.18299|I|libbeamng.print:18052| === LSTM_OBS t=1030 18.21863,18.32561,18.09382,18.12398,-0.00566,1.61734,0.00000,0.00357,0.00000,0.00000,0.00000,1.00000,0.00000,0.00000,0.00000,5166.60944,0.00000 ===
 95.23382|I|libbeamng.print:18052| === LSTM_TRACE t=1040 v=18.14 ws=18.13,18.26,18.04,18.06 cmd=0.024,0.012,0.009,0.011 cap=70,36,19,21 des=70,36,17,19 app=67,34,16,18 abs=nil,nil,nil,nil ebrake=1.00 ibrake=1.00 hasABS=0 sy=1.62 split=1.000,0.875 ===
 95.23389|I|libbeamng.print:18052| === LSTM_OBS t=1040 18.13467,18.25600,18.03777,18.06118,-0.00666,1.62018,0.00000,0.00438,0.00000,0.00000,0.00000,1.00000,0.00000,0.00000,0.00000,5143.62425,0.00000 ===
 95.28324|I|libbeamng.print:18052| === LSTM_TRACE t=1050 v=18.06 ws=18.08,18.18,17.96,17.98 cmd=0.024,0.013,0.009,0.011 cap=71,37,19,21 des=71,37,17,19 app=68,35,16,18 abs=nil,nil,nil,nil ebrake=1.00 ibrake=1.00 hasABS=0 sy=1.62 split=1.000,0.875 ===
 95.28327|I|libbeamng.print:18052| === LSTM_OBS t=1050 18.08058,18.18346,17.96371,17.97747,-0.01087,1.62422,0.00000,0.00795,0.00000,0.00000,0.00000,1.00000,0.00000,0.00000,0.00000,5121.17520,0.00000 ===
 95.33303|I|libbeamng.print:18052| === LSTM_TRACE t=1060 v=17.98 ws=18.01,18.11,17.90,17.93 cmd=0.024,0.013,0.009,0.011 cap=72,38,19,21 des=72,38,17,18 app=68,36,16,17 abs=nil,nil,nil,nil ebrake=1.00 ibrake=1.00 hasABS=0 sy=1.62 split=1.000,0.875 ===
 95.33307|I|libbeamng.print:18052| === LSTM_OBS t=1060 18.00918,18.10941,17.90048,17.92838,-0.01325,1.61813,0.00000,0.00860,0.00000,0.00000,0.00000,1.00000,0.00000,0.00000,0.00000,5098.56538,0.00000 ===
 95.38302|I|libbeamng.print:18052| === LSTM_TRACE t=1070 v=17.90 ws=17.91,18.01,17.76,17.90 cmd=0.024,0.012,0.009,0.011 cap=73,37,19,21 des=73,37,17,19 app=69,35,16,18 abs=nil,nil,nil,nil ebrake=1.00 ibrake=1.00 hasABS=0 sy=1.62 split=1.000,0.875 ===
 95.38306|I|libbeamng.print:18052| === LSTM_OBS t=1070 17.90613,18.00677,17.75622,17.89829,-0.01955,1.62300,0.00000,0.00518,0.00000,0.00000,0.00000,1.00000,0.00000,0.00000,0.00000,5075.90426,0.00000 ===
 95.43415|I|libbeamng.print:18052| === LSTM_TRACE t=1080 v=17.82 ws=17.77,17.89,17.66,17.79 cmd=0.024,0.012,0.009,0.011 cap=77,40,19,21 des=77,40,17,19 app=73,38,16,18 abs=nil,nil,nil,nil ebrake=1.00 ibrake=1.00 hasABS=0 sy=1.63 split=1.000,0.875 ===
 95.43427|I|libbeamng.print:18052| === LSTM_OBS t=1080 17.77264,17.88605,17.66428,17.78513,-0.02303,1.62697,0.00000,-0.00296,0.00000,0.00000,0.00049,1.00000,0.00000,0.00000,0.00000,5053.32087,0.00000 ===
 95.48332|I|libbeamng.print:18052| === LSTM_TRACE t=1090 v=17.74 ws=17.73,17.79,17.59,17.64 cmd=0.025,0.013,0.009,0.011 cap=78,42,19,21 des=78,42,17,18 app=75,39,16,17 abs=nil,nil,nil,nil ebrake=1.00 ibrake=1.00 hasABS=0 sy=1.62 split=1.000,0.875 ===
 95.48336|I|libbeamng.print:18052| === LSTM_OBS t=1090 17.73005,17.79000,17.59477,17.64372,-0.02998,1.62198,0.00000,0.00540,0.00000,0.00000,0.00000,1.00000,0.00000,0.00000,0.00000,5030.59624,0.00000 ===
 95.53295|I|libbeamng.print:18052| === LSTM_TRACE t=1100 v=17.67 ws=17.68,17.80,17.54,17.54 cmd=0.027,0.015,0.009,0.010 cap=79,41,19,21 des=79,41,17,19 app=75,38,16,18 abs=nil,nil,nil,nil ebrake=1.00 ibrake=1.00 hasABS=0 sy=1.62 split=1.000,0.875 ===
 95.53302|I|libbeamng.print:18052| === LSTM_OBS t=1100 17.67846,17.79722,17.53991,17.53623,-0.02528,1.62224,0.00000,-0.00419,0.00000,0.00000,0.00069,1.00000,0.00000,0.00000,0.00000,5008.50514,0.00000 ===
 95.58346|I|libbeamng.print:18052| === LSTM_TRACE t=1110 v=17.57 ws=17.49,17.57,17.49,17.53 cmd=0.025,0.013,0.009,0.011 cap=86,46,19,20 des=86,46,17,18 app=82,43,16,17 abs=nil,nil,nil,nil ebrake=1.00 ibrake=1.00 hasABS=0 sy=1.62 split=1.000,0.875 ===
 95.58351|I|libbeamng.print:18052| === LSTM_OBS t=1110 17.49204,17.57083,17.49465,17.53499,-0.02791,1.61574,0.00000,-0.00356,0.00000,0.00000,0.00000,1.00000,0.00000,0.00000,0.00000,4986.48978,0.00000 ===
 95.63318|I|libbeamng.print:18052| === LSTM_TRACE t=1120 v=17.49 ws=17.49,17.61,17.35,17.46 cmd=0.028,0.015,0.009,0.011 cap=81,44,19,21 des=81,44,17,18 app=77,41,16,17 abs=nil,nil,nil,nil ebrake=1.00 ibrake=1.00 hasABS=0 sy=1.63 split=1.000,0.875 ===
 95.63323|I|libbeamng.print:18052| === LSTM_OBS t=1120 17.48896,17.61133,17.35448,17.46187,-0.00322,1.62944,0.00000,0.00560,0.00000,0.00000,0.00000,1.00000,0.00000,0.00000,0.00000,4963.55061,0.00000 ===
 95.68581|I|libbeamng.print:18052| === LSTM_TRACE t=1130 v=17.42 ws=17.38,17.46,17.27,17.35 cmd=0.027,0.014,0.009,0.011 cap=85,44,19,21 des=85,44,17,18 app=81,42,16,17 abs=nil,nil,nil,nil ebrake=1.00 ibrake=1.00 hasABS=0 sy=1.62 split=1.000,0.875 ===
 95.68585|I|libbeamng.print:18052| === LSTM_OBS t=1130 17.37969,17.46427,17.27398,17.35046,-0.01743,1.61927,0.00000,-0.00704,0.00000,0.00000,0.00049,1.00000,0.00000,0.00000,0.00000,4940.85464,0.00000 ===
 95.73272|I|libbeamng.print:18052| === LSTM_TRACE t=1140 v=17.34 ws=17.31,17.46,17.26,17.29 cmd=0.028,0.015,0.009,0.010 cap=82,44,19,21 des=82,44,17,18 app=78,41,16,17 abs=nil,nil,nil,nil ebrake=1.00 ibrake=1.00 hasABS=0 sy=1.61 split=1.000,0.875 ===
 95.73276|I|libbeamng.print:18052| === LSTM_OBS t=1140 17.30805,17.46079,17.26365,17.28844,-0.03445,1.60507,0.00000,0.00044,0.00000,0.00000,0.00049,1.00000,0.00000,0.00000,0.00000,4918.92796,0.00000 ===
 95.78322|I|libbeamng.print:18052| === LSTM_TRACE t=1150 v=17.25 ws=17.23,17.27,17.14,17.18 cmd=0.027,0.014,0.009,0.011 cap=86,48,19,20 des=86,48,17,18 app=82,45,16,17 abs=nil,nil,nil,nil ebrake=1.00 ibrake=1.00 hasABS=0 sy=1.60 split=1.000,0.875 ===
 95.78326|I|libbeamng.print:18052| === LSTM_OBS t=1150 17.22519,17.26646,17.14023,17.17853,-0.05193,1.59662,0.00000,0.00331,0.00000,0.00000,0.00000,1.00000,0.00000,0.00000,0.00000,4896.63833,0.00000 ===
 95.83279|I|libbeamng.print:18052| === LSTM_TRACE t=1160 v=17.18 ws=17.19,17.24,17.10,17.09 cmd=0.029,0.015,0.009,0.011 cap=89,46,19,21 des=89,46,17,18 app=84,43,16,17 abs=nil,nil,nil,nil ebrake=1.00 ibrake=1.00 hasABS=0 sy=1.59 split=1.000,0.875 ===
 95.83286|I|libbeamng.print:18052| === LSTM_OBS t=1160 17.19124,17.24198,17.10223,17.08680,-0.06073,1.59424,0.00000,-0.01283,0.00000,0.00000,0.00069,1.00000,0.00000,0.00000,0.00000,4874.11470,0.00000 ===
 95.88311|I|libbeamng.print:18052| === LSTM_TRACE t=1170 v=17.09 ws=17.03,17.20,16.92,17.11 cmd=0.029,0.016,0.009,0.010 cap=90,48,19,20 des=90,48,17,18 app=86,46,16,17 abs=nil,nil,nil,nil ebrake=1.00 ibrake=1.00 hasABS=0 sy=1.58 split=1.000,0.875 ===
 95.88320|I|libbeamng.print:18052| === LSTM_OBS t=1170 17.02628,17.19551,16.91916,17.11081,-0.04420,1.58385,0.00000,-0.00817,0.00000,0.00000,0.00000,1.00000,0.00000,0.00000,0.00000,4851.52758,0.00000 ===
 95.93320|I|libbeamng.print:18052| === LSTM_TRACE t=1180 v=17.01 ws=16.97,17.13,16.87,16.94 cmd=0.030,0.016,0.009,0.010 cap=88,45,19,21 des=88,45,17,18 app=84,42,16,17 abs=nil,nil,nil,nil ebrake=1.00 ibrake=1.00 hasABS=0 sy=1.60 split=1.000,0.875 ===
 95.93324|I|libbeamng.print:18052| === LSTM_OBS t=1180 16.97150,17.13133,16.87391,16.94171,-0.00729,1.59761,0.00000,-0.00023,0.00000,0.00000,0.00000,1.00000,0.00000,0.00000,0.00000,4828.11414,0.00000 ===
 95.98361|I|libbeamng.print:18052| === LSTM_TRACE t=1190 v=16.93 ws=16.89,17.05,16.75,16.98 cmd=0.031,0.017,0.009,0.010 cap=92,47,19,21 des=92,47,17,18 app=88,45,16,17 abs=nil,nil,nil,nil ebrake=1.00 ibrake=1.00 hasABS=0 sy=1.62 split=1.000,0.875 ===
 95.98365|I|libbeamng.print:18052| === LSTM_OBS t=1190 16.88705,17.05357,16.75266,16.97776,-0.01326,1.62324,0.00000,-0.00398,0.00000,0.00000,0.00000,1.00000,0.00000,0.00000,0.00000,4805.82489,0.00000 ===
 96.03285|I|libbeamng.print:18052| === LSTM_TRACE t=1200 v=16.84 ws=16.79,16.95,16.77,16.80 cmd=0.031,0.017,0.009,0.011 cap=95,52,19,21 des=95,52,17,18 app=91,49,16,17 abs=nil,nil,nil,nil ebrake=1.00 ibrake=1.00 hasABS=0 sy=1.61 split=1.000,0.875 ===
 96.03291|I|libbeamng.print:18052| === LSTM_OBS t=1200 16.79072,16.95461,16.77087,16.79990,-0.02483,1.60742,0.00000,-0.00163,0.00000,0.00000,0.00000,1.00000,0.00000,0.00000,0.00000,4783.25563,0.00000 ===
 96.08300|I|libbeamng.print:18052| === LSTM_TRACE t=1210 v=16.77 ws=16.72,16.88,16.63,16.74 cmd=0.031,0.018,0.009,0.010 cap=94,49,19,20 des=94,49,17,17 app=89,46,16,16 abs=nil,nil,nil,nil ebrake=1.00 ibrake=1.00 hasABS=0 sy=1.62 split=1.000,0.875 ===
 96.08304|I|libbeamng.print:18052| === LSTM_OBS t=1210 16.71511,16.88419,16.63423,16.74366,-0.00165,1.61566,0.00000,-0.00727,0.00000,0.00000,0.00049,1.00000,0.00000,0.00000,0.00000,4759.90558,0.00000 ===
 96.13275|I|libbeamng.print:18052| === LSTM_TRACE t=1220 v=16.68 ws=16.62,16.81,16.66,16.59 cmd=0.032,0.016,0.010,0.011 cap=100,49,19,21 des=100,49,17,19 app=95,46,16,18 abs=nil,nil,nil,nil ebrake=1.00 ibrake=1.00 hasABS=0 sy=1.61 split=1.000,0.875 ===
 96.13279|I|libbeamng.print:18052| === LSTM_OBS t=1220 16.62318,16.80791,16.65995,16.59152,-0.01398,1.61448,0.00000,0.00918,0.00000,0.00000,0.00000,1.00000,0.00000,0.00000,0.00000,4736.88679,0.00000 ===
 96.18464|I|libbeamng.print:18052| === LSTM_TRACE t=1230 v=16.60 ws=16.51,16.68,16.46,16.55 cmd=0.033,0.018,0.009,0.011 cap=102,60,19,20 des=102,60,17,17 app=97,57,16,16 abs=nil,nil,nil,nil ebrake=1.00 ibrake=1.00 hasABS=0 sy=1.64 split=1.000,0.875 ===
 96.18468|I|libbeamng.print:18052| === LSTM_OBS t=1230 16.51324,16.68487,16.46130,16.54542,-0.02614,1.63943,0.00000,0.00084,0.00000,0.00000,0.00049,1.00000,0.00000,0.00000,0.00000,4713.82680,0.00000 ===
 96.23443|I|libbeamng.print:18052| === LSTM_TRACE t=1240 v=16.52 ws=16.56,16.58,16.37,16.58 cmd=0.034,0.021,0.009,0.010 cap=102,60,19,19 des=102,60,17,17 app=97,57,16,16 abs=nil,nil,nil,nil ebrake=1.00 ibrake=1.00 hasABS=0 sy=1.64 split=1.000,0.875 ===
 96.23449|I|libbeamng.print:18052| === LSTM_OBS t=1240 16.55509,16.58363,16.36643,16.58153,-0.01154,1.64448,0.00000,-0.01115,0.00000,0.00000,0.00000,1.00000,0.00000,0.00000,0.00000,4691.02508,0.00000 ===
 96.28455|I|libbeamng.print:18052| === LSTM_TRACE t=1250 v=16.43 ws=16.43,16.45,16.43,16.33 cmd=0.033,0.019,0.009,0.010 cap=107,62,19,19 des=107,62,17,17 app=102,58,16,16 abs=nil,nil,nil,nil ebrake=1.00 ibrake=1.00 hasABS=0 sy=1.65 split=1.000,0.875 ===
 96.28459|I|libbeamng.print:18052| === LSTM_OBS t=1250 16.43321,16.45047,16.42748,16.33484,-0.00888,1.65003,0.00000,0.00152,0.00000,0.00000,0.00049,1.00000,0.00000,0.00000,0.00000,4668.11651,0.00000 ===
 96.33461|I|libbeamng.print:18052| === LSTM_TRACE t=1260 v=16.35 ws=16.24,16.47,16.20,16.32 cmd=0.036,0.022,0.009,0.010 cap=111,63,19,19 des=111,63,17,17 app=106,59,16,16 abs=nil,nil,nil,nil ebrake=1.00 ibrake=1.00 hasABS=0 sy=1.65 split=1.000,0.875 ===
 96.33470|I|libbeamng.print:18052| === LSTM_OBS t=1260 16.24062,16.46784,16.20401,16.32333,-0.01089,1.65296,0.00000,-0.00313,0.00000,0.00000,0.00000,1.00000,0.00000,0.00000,0.00000,4643.75079,0.00000 ===
 96.38441|I|libbeamng.print:18052| === LSTM_TRACE t=1270 v=16.27 ws=16.29,16.32,16.15,16.23 cmd=0.036,0.020,0.009,0.010 cap=108,59,19,20 des=108,59,17,17 app=102,55,16,16 abs=nil,nil,nil,nil ebrake=1.00 ibrake=1.00 hasABS=0 sy=1.65 split=1.000,0.875 ===
 96.38445|I|libbeamng.print:18052| === LSTM_OBS t=1270 16.29214,16.32493,16.15394,16.23347,-0.00541,1.65394,0.00000,-0.00999,0.00000,0.00000,0.00000,1.00000,0.00000,0.00000,0.00000,4622.69155,0.00000 ===
 96.43455|I|libbeamng.print:18052| === LSTM_TRACE t=1280 v=16.18 ws=16.14,16.28,16.06,16.26 cmd=0.036,0.022,0.009,0.010 cap=111,68,19,19 des=111,68,17,17 app=106,64,16,16 abs=nil,nil,nil,nil ebrake=1.00 ibrake=1.00 hasABS=0 sy=1.66 split=1.000,0.875 ===
 96.43458|I|libbeamng.print:18052| === LSTM_OBS t=1280 16.14402,16.27680,16.05786,16.26318,-0.01101,1.66203,0.00000,0.00556,0.00000,0.00000,0.00049,1.00000,0.00000,0.00000,0.00000,4597.91607,0.00000 ===
 96.48431|I|libbeamng.print:18052| === LSTM_TRACE t=1290 v=16.10 ws=16.11,16.12,16.07,16.06 cmd=0.036,0.019,0.010,0.011 cap=117,64,19,20 des=117,64,17,17 app=111,60,16,16 abs=nil,nil,nil,nil ebrake=1.00 ibrake=1.00 hasABS=0 sy=1.65 split=1.000,0.875 ===
 96.48435|I|libbeamng.print:18052| === LSTM_OBS t=1290 16.11209,16.11608,16.06569,16.06298,-0.01090,1.64904,0.00000,0.00049,0.00000,0.00000,0.00000,1.00000,0.00000,0.00000,0.00000,4573.37073,0.00000 ===
 96.53422|I|libbeamng.print:18052| === LSTM_TRACE t=1300 v=16.02 ws=15.93,16.12,15.97,15.97 cmd=0.039,0.023,0.009,0.009 cap=121,66,19,19 des=121,66,17,17 app=115,62,16,16 abs=nil,nil,nil,nil ebrake=1.00 ibrake=1.00 hasABS=0 sy=1.66 split=1.000,0.875 ===
 96.53426|I|libbeamng.print:18052| === LSTM_OBS t=1300 15.92653,16.12146,15.96550,15.96824,-0.01544,1.66264,0.00000,-0.00803,0.00000,0.00000,0.00049,1.00000,0.00000,0.00000,0.00000,4549.76737,0.00000 ===
 96.58462|I|libbeamng.print:18052| === LSTM_TRACE t=1310 v=15.93 ws=15.95,16.00,15.83,15.95 cmd=0.039,0.021,0.009,0.010 cap=120,70,19,19 des=120,70,17,17 app=115,66,16,16 abs=nil,nil,nil,nil ebrake=1.00 ibrake=1.00 hasABS=0 sy=1.67 split=1.000,0.875 ===
 96.58466|I|libbeamng.print:18052| === LSTM_OBS t=1310 15.95361,15.99944,15.83214,15.94963,-0.02139,1.67341,0.00000,0.00914,0.00000,0.00000,0.00000,1.00000,0.00000,0.00000,0.00000,4525.31352,0.00000 ===
 96.63426|I|libbeamng.print:18052| === LSTM_TRACE t=1320 v=15.85 ws=15.87,15.93,15.72,15.81 cmd=0.041,0.024,0.009,0.009 cap=121,71,19,19 des=121,71,17,17 app=115,67,16,16 abs=nil,nil,nil,nil ebrake=1.00 ibrake=1.00 hasABS=0 sy=1.67 split=1.000,0.875 ===
 96.63430|I|libbeamng.print:18052| === LSTM_OBS t=1320 15.86792,15.93249,15.71742,15.81172,-0.01330,1.66750,0.00000,0.00362,0.00000,0.00000,0.00000,1.00000,0.00000,0.00000,0.00000,4501.36732,0.00000 ===
 96.68408|I|libbeamng.print:18052| === LSTM_TRACE t=1330 v=15.69 ws=15.67,15.80,15.19,15.32 cmd=0.055,0.035,0.009,0.009 cap=154,93,19,19 des=154,93,17,17 app=147,88,16,16 abs=nil,nil,nil,nil ebrake=1.00 ibrake=1.00 hasABS=0 sy=1.87 split=1.000,0.875 ===
 96.68412|I|libbeamng.print:18052| === LSTM_OBS t=1330 15.66818,15.80042,15.19343,15.31748,-0.01190,1.87426,0.00000,-0.00139,0.00000,0.00000,0.00000,1.00000,0.00000,0.00000,0.00000,4584.39740,0.00000 ===
 96.73454|I|libbeamng.print:18052| === LSTM_TRACE t=1340 v=15.45 ws=15.41,15.54,15.19,14.97 cmd=0.080,0.059,0.012,0.010 cap=225,156,23,20 des=225,156,20,18 app=214,147,19,17 abs=nil,nil,nil,nil ebrake=1.00 ibrake=1.00 hasABS=0 sy=2.55 split=1.000,0.875 ===
 96.73458|I|libbeamng.print:18052| === LSTM_OBS t=1340 15.41270,15.54365,15.19319,14.97487,-0.01455,2.55303,0.00000,-0.00002,0.00000,0.00000,0.00049,1.00000,0.00000,0.00000,0.00000,4857.07665,0.00000 ===
 96.78436|I|libbeamng.print:18052| === LSTM_TRACE t=1350 v=15.20 ws=15.10,15.23,14.71,14.95 cmd=0.130,0.111,0.019,0.017 cap=381,327,35,31 des=381,327,30,27 app=363,309,29,25 abs=nil,nil,nil,nil ebrake=1.00 ibrake=1.00 hasABS=0 sy=3.21 split=1.000,0.875 ===
 96.78443|I|libbeamng.print:18052| === LSTM_OBS t=1350 15.10300,15.22591,14.70536,14.95076,-0.02553,3.20931,0.00000,0.00457,0.00000,0.00000,0.00000,1.00000,0.00000,0.00000,0.00000,5140.13045,0.00000 ===
 96.83468|I|libbeamng.print:18052| === LSTM_TRACE t=1360 v=14.93 ws=14.78,14.89,14.47,14.42 cmd=0.189,0.182,0.032,0.030 cap=517,478,61,58 des=517,478,53,50 app=493,452,50,48 abs=nil,nil,nil,nil ebrake=1.00 ibrake=1.00 hasABS=0 sy=3.81 split=1.000,0.875 ===
 96.83472|I|libbeamng.print:18052| === LSTM_OBS t=1360 14.77713,14.88583,14.46552,14.41688,-0.02598,3.81270,0.00000,-0.00038,0.00000,0.00000,0.00049,1.00000,0.00000,0.00000,0.00000,5398.20757,0.00000 ===
 96.88431|I|libbeamng.print:18052| === LSTM_TRACE t=1370 v=14.61 ws=14.27,14.35,14.29,14.08 cmd=0.295,0.272,0.109,0.103 cap=948,913,166,158 des=948,913,146,138 app=907,865,137,131 abs=nil,nil,nil,nil ebrake=1.00 ibrake=1.00 hasABS=0 sy=4.43 split=1.000,0.875 ===
 96.88436|I|libbeamng.print:18052| === LSTM_OBS t=1370 14.26780,14.34706,14.29013,14.07542,-0.02653,4.43366,0.00000,-0.00115,0.00000,0.00000,0.00069,1.00000,0.00000,0.00000,0.00000,5624.53101,0.00000 ===
 96.93543|I|libbeamng.print:18052| === LSTM_TRACE t=1380 v=14.19 ws=13.64,13.48,13.45,13.60 cmd=0.566,0.541,0.464,0.450 cap=1896,1795,791,759 des=1896,1795,693,664 app=1819,1706,655,630 abs=nil,nil,nil,nil ebrake=1.00 ibrake=1.00 hasABS=0 sy=5.29 split=1.000,0.875 ===
 96.93547|I|libbeamng.print:18052| === LSTM_OBS t=1380 13.63515,13.48411,13.45114,13.60057,-0.02012,5.29294,0.00000,0.00443,0.00000,0.00000,0.00249,1.00000,0.00000,0.00000,0.00000,5786.55135,0.00000 ===
 96.98510|I|libbeamng.print:18052| === LSTM_TRACE t=1390 v=13.66 ws=12.78,12.53,13.19,13.12 cmd=0.756,0.820,0.709,0.751 cap=2215,2439,1385,1464 des=2215,2439,1212,1281 app=2133,2331,1152,1220 abs=nil,nil,nil,nil ebrake=1.00 ibrake=1.00 hasABS=0 sy=6.55 split=1.000,0.875 ===
 96.98514|I|libbeamng.print:18052| === LSTM_OBS t=1390 12.78233,12.52914,13.19198,13.11861,-0.04095,6.55083,0.00000,0.00187,0.00000,0.00000,0.00265,1.00000,0.00000,0.00000,0.00000,5754.99184,0.00000 ===
 97.03595|I|libbeamng.print:18052| === LSTM_TRACE t=1400 v=13.15 ws=12.26,12.30,12.57,12.53 cmd=0.814,0.824,0.844,0.876 cap=2323,2322,1667,1700 des=2323,2322,1459,1488 app=2246,2229,1394,1425 abs=nil,nil,nil,nil ebrake=1.00 ibrake=1.00 hasABS=0 sy=7.65 split=1.000,0.875 ===
 97.03600|I|libbeamng.print:18052| === LSTM_OBS t=1400 12.26223,12.30141,12.57329,12.53137,-0.02275,7.64933,0.00000,-0.00358,0.00000,0.00000,0.00285,1.00000,0.00000,0.00000,0.00000,5544.13418,0.00000 ===
 97.08531|I|libbeamng.print:18052| === LSTM_TRACE t=1410 v=12.61 ws=11.57,11.46,11.92,12.03 cmd=0.747,0.731,0.852,0.871 cap=2390,2453,1639,1677 des=2390,2453,1434,1468 app=2318,2365,1377,1413 abs=nil,nil,nil,nil ebrake=1.00 ibrake=1.00 hasABS=0 sy=8.47 split=1.000,0.875 ===
 97.08535|I|libbeamng.print:18052| === LSTM_OBS t=1410 11.57204,11.45778,11.92219,12.02746,-0.01233,8.47428,0.00000,0.00023,0.00000,0.00000,0.00265,1.00000,0.00000,0.00000,0.00000,5276.18535,0.00000 ===
 97.13522|I|libbeamng.print:18052| === LSTM_TRACE t=1420 v=12.05 ws=10.69,11.10,11.40,11.64 cmd=0.733,0.782,0.870,0.878 cap=2291,2411,1674,1693 des=2291,2411,1465,1481 app=2228,2332,1412,1431 abs=nil,nil,nil,nil ebrake=1.00 ibrake=1.00 hasABS=0 sy=9.23 split=1.000,0.875 ===
 97.13526|I|libbeamng.print:18052| === LSTM_OBS t=1420 10.68670,11.10473,11.39745,11.63796,-0.00224,9.23460,0.00000,-0.00652,0.00000,0.00000,0.00331,1.00000,0.00000,0.00000,0.00000,5027.29841,0.00000 ===
 97.18522|I|libbeamng.print:18052| === LSTM_TRACE t=1430 v=11.47 ws=10.17,10.52,10.98,10.88 cmd=0.797,0.822,0.848,0.853 cap=2209,2194,1700,1700 des=2209,2194,1488,1488 app=2153,2127,1439,1441 abs=nil,nil,nil,nil ebrake=1.00 ibrake=1.00 hasABS=0 sy=9.90 split=1.000,0.875 ===
 97.18526|I|libbeamng.print:18052| === LSTM_OBS t=1430 10.16649,10.51968,10.98331,10.88072,0.01428,9.89696,0.00000,-0.00872,0.00000,0.00000,0.00315,1.00000,0.00000,0.00000,0.00000,4788.92684,0.00000 ===
 97.23466|I|libbeamng.print:18052| === LSTM_TRACE t=1440 v=10.88 ws=9.44,9.85,10.40,10.37 cmd=0.746,0.730,0.886,0.897 cap=2572,2499,1629,1651 des=2572,2499,1425,1445 app=2511,2428,1382,1404 abs=nil,nil,nil,nil ebrake=1.00 ibrake=1.00 hasABS=0 sy=10.42 split=1.000,0.875 ===
 97.23470|I|libbeamng.print:18052| === LSTM_OBS t=1440 9.44236,9.85183,10.39533,10.37487,0.01496,10.42396,0.00000,-0.00388,0.00000,0.00000,0.00350,1.00000,0.00000,0.00000,0.00000,4556.22511,0.00000 ===
 97.28497|I|libbeamng.print:18052| === LSTM_TRACE t=1450 v=10.29 ws=9.17,9.46,10.05,9.94 cmd=0.846,0.849,0.754,0.789 cap=1759,1658,1561,1623 des=1759,1658,1366,1420 app=1807,1845,1326,1382 abs=nil,nil,nil,nil ebrake=1.00 ibrake=1.00 hasABS=0 sy=10.79 split=1.000,0.875 ===
 97.28501|I|libbeamng.print:18052| === LSTM_OBS t=1450 9.17343,9.46474,10.04545,9.93628,0.02328,10.79173,0.00000,0.00405,0.00000,0.00000,0.00234,1.00000,0.00000,0.00000,0.00000,4327.33997,0.00000 ===
 97.33466|I|libbeamng.print:18052| === LSTM_TRACE t=1460 v=9.73 ws=8.64,8.83,9.18,9.24 cmd=0.778,0.801,0.777,0.818 cap=2469,2527,1590,1653 des=2469,2527,1391,1447 app=2417,2463,1353,1409 abs=nil,nil,nil,nil ebrake=1.00 ibrake=1.00 hasABS=0 sy=11.00 split=1.000,0.875 ===
 97.33470|I|libbeamng.print:18052| === LSTM_OBS t=1460 8.63554,8.83111,9.18388,9.24301,0.02189,11.00294,0.00000,-0.00165,0.00000,0.00000,0.00224,1.00000,0.00000,0.00000,0.00000,4106.16855,0.00000 ===
 97.38499|I|libbeamng.print:18052| === LSTM_TRACE t=1470 v=9.14 ws=8.07,8.53,8.99,8.93 cmd=0.751,0.762,0.710,0.760 cap=2023,1905,1382,1489 des=2023,1905,1209,1303 app=1981,1877,1177,1270 abs=nil,nil,nil,nil ebrake=1.00 ibrake=1.00 hasABS=0 sy=11.16 split=1.000,0.875 ===
 97.38503|I|libbeamng.print:18052| === LSTM_OBS t=1470 8.06620,8.52766,8.99484,8.92526,0.01232,11.15645,0.00000,-0.00536,0.00000,0.00000,0.00297,1.00000,0.00000,0.00000,0.00000,3891.81070,0.00000 ===
 97.43485|I|libbeamng.print:18052| === LSTM_TRACE t=1480 v=8.61 ws=7.66,7.85,8.33,8.23 cmd=0.889,0.917,0.788,0.822 cap=2453,2498,1216,1324 des=2453,2498,1064,1158 app=2226,2326,1073,1151 abs=nil,nil,nil,nil ebrake=1.00 ibrake=1.00 hasABS=0 sy=11.17 split=1.000,0.875 ===
 97.43489|I|libbeamng.print:18052| === LSTM_OBS t=1480 7.66249,7.85127,8.33296,8.23149,0.02021,11.17073,0.00000,0.00239,0.00000,0.00000,0.00465,1.00000,0.00000,0.00000,0.00000,3674.06510,0.00000 ===
 97.48507|I|libbeamng.print:18052| === LSTM_TRACE t=1490 v=8.05 ws=6.84,7.30,7.71,7.69 cmd=0.418,0.429,0.787,0.830 cap=2377,2372,1339,1445 des=2377,2372,1172,1264 app=2332,2319,1149,1234 abs=nil,nil,nil,nil ebrake=1.00 ibrake=1.00 hasABS=0 sy=11.14 split=1.000,0.875 ===
 97.48511|I|libbeamng.print:18052| === LSTM_OBS t=1490 6.83980,7.29784,7.70987,7.68890,0.03182,11.14359,0.00000,-0.00179,0.00000,0.00000,0.00204,1.00000,0.00000,0.00000,0.00000,3455.93147,0.00000 ===
 97.53549|I|libbeamng.print:18052| === LSTM_TRACE t=1500 v=7.49 ws=6.97,6.72,7.31,7.18 cmd=0.809,0.830,0.789,0.827 cap=2101,1877,1214,1333 des=2101,1877,1062,1166 app=2062,1842,1120,1182 abs=nil,nil,nil,nil ebrake=1.00 ibrake=1.00 hasABS=0 sy=11.08 split=1.000,0.875 ===
 97.53555|I|libbeamng.print:18052| === LSTM_OBS t=1500 6.96788,6.72417,7.31394,7.18273,0.05638,11.08094,0.00000,0.00212,0.00000,0.00000,0.00183,1.00000,0.00000,0.00000,0.00000,3232.46439,0.00000 ===
 97.58508|I|libbeamng.print:18052| === LSTM_TRACE t=1510 v=6.98 ws=6.49,6.27,6.61,6.43 cmd=0.563,0.504,0.814,0.848 cap=2556,2672,1635,1684 des=2556,2672,1430,1473 app=2458,2482,1394,1439 abs=nil,nil,nil,nil ebrake=1.00 ibrake=1.00 hasABS=0 sy=10.98 split=1.000,0.875 ===
 97.58512|I|libbeamng.print:18052| === LSTM_OBS t=1510 6.49300,6.26893,6.61062,6.42851,0.03112,10.97953,0.00000,0.00559,0.00000,0.00000,0.00315,1.00000,0.00000,0.00000,0.00000,3001.99542,0.00000 ===
 97.63526|I|libbeamng.print:18052| === LSTM_TRACE t=1520 v=6.44 ws=6.25,6.07,6.29,6.26 cmd=0.794,0.829,0.780,0.817 cap=1774,1789,1420,1512 des=1774,1789,1243,1323 app=1742,1750,1212,1293 abs=nil,nil,nil,nil ebrake=1.00 ibrake=1.00 hasABS=0 sy=10.85 split=1.000,0.875 ===
 97.63533|I|libbeamng.print:18052| === LSTM_OBS t=1520 6.25376,6.06627,6.28740,6.26421,0.00927,10.84792,0.00000,0.00224,0.00000,0.00000,0.00162,1.00000,0.00000,0.00000,0.00000,2776.78426,0.00000 ===
 97.68524|I|libbeamng.print:18052| === LSTM_TRACE t=1530 v=5.94 ws=5.45,5.77,5.68,5.82 cmd=0.515,0.454,0.850,0.869 cap=2739,2837,1592,1632 des=2739,2837,1393,1428 app=2382,2353,1358,1395 abs=nil,nil,nil,nil ebrake=1.00 ibrake=1.00 hasABS=0 sy=10.74 split=1.000,0.875 ===
 97.68528|I|libbeamng.print:18052| === LSTM_OBS t=1530 5.44895,5.77250,5.67676,5.82331,-0.00366,10.74141,0.00000,0.01126,0.00000,0.00000,0.00448,1.00000,0.00000,0.00000,0.00000,2561.47364,0.00000 ===
 97.73517|I|libbeamng.print:18052| === LSTM_TRACE t=1540 v=5.42 ws=4.50,5.06,5.33,5.32 cmd=0.332,0.362,0.709,0.746 cap=1491,963,1400,1457 des=1491,963,1225,1275 app=1883,1747,1194,1245 abs=nil,nil,nil,nil ebrake=1.00 ibrake=1.00 hasABS=0 sy=10.64 split=1.000,0.875 ===
 97.73522|I|libbeamng.print:18052| === LSTM_OBS t=1540 4.50454,5.05570,5.32736,5.31662,-0.02072,10.64374,0.00000,-0.00420,0.00000,0.00000,0.00335,1.00000,0.00000,0.00000,0.00000,2357.80246,0.00000 ===
 97.78504|I|libbeamng.print:18052| === LSTM_TRACE t=1550 v=4.94 ws=4.56,4.98,4.94,4.87 cmd=0.615,0.768,0.716,0.731 cap=1980,1831,1179,1224 des=1980,1831,1032,1071 app=1943,1790,1005,1046 abs=nil,nil,nil,nil ebrake=1.00 ibrake=1.00 hasABS=0 sy=10.45 split=1.000,0.875 ===
 97.78508|I|libbeamng.print:18052| === LSTM_OBS t=1550 4.56051,4.97888,4.93884,4.86742,-0.01712,10.44670,0.00000,0.00472,0.00000,0.00000,0.00547,1.00000,0.00000,0.00000,0.00000,2161.66539,0.00000 ===
 97.83513|I|libbeamng.print:18052| === LSTM_TRACE t=1560 v=4.45 ws=4.20,4.65,4.72,4.69 cmd=0.536,0.648,0.673,0.671 cap=2427,2244,1015,1032 des=2427,2244,889,903 app=2195,1969,865,882 abs=nil,nil,nil,nil ebrake=1.00 ibrake=1.00 hasABS=0 sy=10.21 split=1.000,0.875 ===
 97.83516|I|libbeamng.print:18052| === LSTM_OBS t=1560 4.20145,4.64997,4.72279,4.69036,-0.05583,10.20771,0.00000,-0.00337,0.00000,0.00000,0.00505,1.00000,0.00000,0.00000,0.00000,1966.74640,0.00000 ===
 97.88530|I|libbeamng.print:18052| === LSTM_TRACE t=1570 v=4.01 ws=4.07,3.71,3.79,3.86 cmd=0.672,0.632,0.516,0.532 cap=1532,1659,1171,1195 des=1532,1659,1025,1045 app=1503,1668,997,1019 abs=nil,nil,nil,nil ebrake=1.00 ibrake=1.00 hasABS=0 sy=9.88 split=1.000,0.875 ===
 97.88534|I|libbeamng.print:18052| === LSTM_OBS t=1570 4.06730,3.70835,3.79178,3.85538,-0.06161,9.87612,0.00000,-0.00026,0.00000,0.00000,0.00000,1.00000,0.00000,0.00000,0.00000,1776.51020,0.00000 ===
 97.93594|I|libbeamng.print:18052| === LSTM_TRACE t=1580 v=3.58 ws=3.32,3.67,3.43,3.45 cmd=0.637,0.757,0.425,0.426 cap=1317,1581,1017,1039 des=1317,1581,890,909 app=1291,1545,865,886 abs=nil,nil,nil,nil ebrake=1.00 ibrake=1.00 hasABS=0 sy=9.57 split=1.000,0.875 ===
 97.93599|I|libbeamng.print:18052| === LSTM_OBS t=1580 3.32122,3.66516,3.42596,3.45322,-0.03878,9.56545,0.00000,-0.00980,0.00000,0.00000,0.00283,1.00000,0.00000,0.00000,0.00000,1604.93766,0.00000 ===
 97.98528|I|libbeamng.print:18052| === LSTM_TRACE t=1590 v=3.17 ws=2.97,2.98,3.00,3.02 cmd=0.516,0.585,0.521,0.518 cap=1446,1970,1036,1025 des=1446,1970,907,897 app=1417,1923,881,873 abs=nil,nil,nil,nil ebrake=1.00 ibrake=1.00 hasABS=0 sy=9.20 split=1.000,0.875 ===
 97.98533|I|libbeamng.print:18052| === LSTM_OBS t=1590 2.97257,2.98205,2.99738,3.01567,-0.00165,9.20494,0.00000,-0.00446,0.00000,0.00000,0.00430,1.00000,0.00000,0.00000,0.00000,1443.26990,0.00000 ===
 98.03519|I|libbeamng.print:18052| === LSTM_TRACE t=1600 v=2.77 ws=2.57,2.09,2.53,2.60 cmd=0.399,0.376,0.453,0.460 cap=874,996,1088,1072 des=874,996,952,938 app=1288,1674,924,912 abs=nil,nil,nil,nil ebrake=1.00 ibrake=1.00 hasABS=0 sy=8.86 split=1.000,0.875 ===
 98.03523|I|libbeamng.print:18052| === LSTM_OBS t=1600 2.57063,2.08860,2.53040,2.60356,-0.03724,8.85856,0.00000,0.00679,0.00000,0.00000,0.00049,1.00000,0.00000,0.00000,0.00000,1278.65890,0.00000 ===
 98.08539|I|libbeamng.print:18052| === LSTM_TRACE t=1610 v=2.40 ws=2.31,1.97,2.39,2.49 cmd=0.374,0.410,0.495,0.482 cap=1552,1850,868,842 des=1552,1850,760,736 app=1519,1805,737,716 abs=nil,nil,nil,nil ebrake=1.00 ibrake=1.00 hasABS=0 sy=8.49 split=1.000,0.875 ===
 98.08550|I|libbeamng.print:18052| === LSTM_OBS t=1610 2.30661,1.96553,2.38762,2.48635,-0.00375,8.49224,0.00000,-0.00286,0.00000,0.00000,0.00049,1.00000,0.00000,0.00000,0.00000,1116.50571,0.00000 ===
 98.13512|I|libbeamng.print:18052| === LSTM_TRACE t=1620 v=2.03 ws=1.71,1.79,1.92,1.87 cmd=0.378,0.485,0.509,0.485 cap=1719,2138,821,782 des=1719,2138,718,685 app=1681,2083,696,665 abs=nil,nil,nil,nil ebrake=1.00 ibrake=1.00 hasABS=0 sy=8.20 split=1.000,0.875 ===
 98.13515|I|libbeamng.print:18052| === LSTM_OBS t=1620 1.71294,1.79279,1.91616,1.86916,-0.00500,8.20370,0.00000,-0.00364,0.00000,0.00000,0.00278,1.00000,0.00000,0.00000,0.00000,961.12911,0.00000 ===
 98.18554|I|libbeamng.print:18052| === LSTM_TRACE t=1630 v=1.63 ws=1.68,1.80,1.78,1.64 cmd=0.520,0.649,0.486,0.461 cap=2028,2289,838,808 des=2028,2289,733,707 app=1757,1840,710,686 abs=nil,nil,nil,nil ebrake=1.00 ibrake=1.00 hasABS=0 sy=8.10 split=1.000,0.875 ===
 98.18558|I|libbeamng.print:18052| === LSTM_OBS t=1630 1.67693,1.79822,1.78151,1.63946,0.00647,8.10499,0.00000,-0.00164,0.00000,0.00000,0.00146,1.00000,0.00000,0.00000,0.00000,807.60955,0.00000 ===
 98.23543|I|libbeamng.print:18052| === LSTM_TRACE t=1640 v=1.22 ws=1.12,1.27,1.28,1.15 cmd=0.502,0.578,0.548,0.528 cap=1725,1929,1022,982 des=1725,1929,895,859 app=1685,1877,865,833 abs=nil,nil,nil,nil ebrake=1.00 ibrake=1.00 hasABS=0 sy=8.07 split=1.000,0.875 ===
 98.23547|I|libbeamng.print:18052| === LSTM_OBS t=1640 1.12245,1.26568,1.28312,1.14651,0.03142,8.07135,0.00000,-0.00306,0.00000,0.00000,0.00169,1.00000,0.00000,0.00000,0.00000,739.29115,0.00000 ===
 98.28506|I|libbeamng.print:18052| === LSTM_TRACE t=1650 v=0.78 ws=0.54,0.24,0.80,0.82 cmd=0.800,0.795,0.679,0.672 cap=2340,2349,1286,1273 des=2340,2349,1125,1114 app=2283,2284,1087,1079 abs=nil,nil,nil,nil ebrake=1.00 ibrake=1.00 hasABS=0 sy=8.16 split=1.000,0.875 ===
 98.28511|I|libbeamng.print:18052| === LSTM_OBS t=1650 0.53742,0.23857,0.80281,0.81948,-0.07022,8.15595,0.00000,0.00421,0.00000,0.00000,0.00115,1.00000,0.00000,0.00000,0.00000,730.99015,0.00000 ===
103.11369|I|libbeamng.print:18052| === LSTM_ABS: lens 'baseline_dynstocknoabs2' loaded (17 in, 64 hidden, 2 layers) ===
103.11539|I|libbeamng.print:18052| === LSTM_ABS SELFTEST lens=baseline_dynstocknoabs2 cmd=0.997272,0.994422,0.853821,0.864939 ===
124.44656|I|libbeamng.print:18052| === LSTM_TRACE t=0 v=27.71 ws=27.65,27.79,27.35,27.49 cmd=0.772,0.803,0.471,0.489 cap=155,155,97,97 des=155,155,85,85 app=142,142,78,78 abs=nil,nil,nil,nil ebrake=1.00 ibrake=1.00 hasABS=0 sy=1.57 split=1.000,0.875 ===
124.44660|I|libbeamng.print:18052| === LSTM_OBS t=0 27.64864,27.78833,27.34574,27.49250,0.01431,1.56756,0.00000,0.00499,0.00000,0.00000,0.00000,1.00000,0.00000,0.00000,0.00000,7857.74515,0.00000 ===
124.50078|I|libbeamng.print:18052| === LSTM_TRACE t=10 v=27.46 ws=26.54,26.18,26.91,26.98 cmd=0.472,0.593,0.452,0.442 cap=1483,1888,844,824 des=1483,1888,738,721 app=1366,1743,680,664 abs=nil,nil,nil,nil ebrake=1.00 ibrake=1.00 hasABS=0 sy=1.99 split=1.000,0.875 ===
124.50086|I|libbeamng.print:18052| === LSTM_OBS t=10 26.54110,26.17923,26.90787,26.97932,-0.01241,1.98851,0.00000,-0.00415,0.00000,0.00000,0.00169,1.00000,0.00000,0.00000,0.00000,7792.51661,0.00000 ===
124.52108|I|libbeamng.print:18052| === LSTM_ABS DBG raw=26.5365,26.1771,26.6510,26.7253,0.0401,2.4863,0.0000,-0.0172,0.0000,0.0000,0.0031,1.0000,0.0000,0.0000,0.0000,7734.4148,0.0000 ===
124.52112|I|libbeamng.print:18052| === LSTM_ABS DBG norm=0.56,0.48,0.53,0.51,-0.11,-2.14,0.00,-0.10,0.06,-0.06,0.05,0.59,-0.02,0.00,0.00,3.84,0.00 ===
124.52112|I|libbeamng.print:18052| === LSTM_ABS DBG cmd=0.4411,0.5753,0.4721,0.4585 ===
124.55294|I|libbeamng.print:18052| === LSTM_TRACE t=20 v=27.08 ws=26.58,26.25,26.21,26.56 cmd=0.344,0.503,0.420,0.384 cap=1115,1599,832,768 des=1115,1599,728,672 app=1037,1496,678,625 abs=nil,nil,nil,nil ebrake=1.00 ibrake=1.00 hasABS=0 sy=3.33 split=1.000,0.875 ===
124.55298|I|libbeamng.print:18052| === LSTM_OBS t=20 26.58044,26.25489,26.20968,26.56162,0.07398,3.32892,0.00000,-0.01959,0.00000,0.00000,0.00154,1.00000,0.00000,0.00000,0.00000,7629.98516,0.00000 ===
124.60272|I|libbeamng.print:18052| === LSTM_TRACE t=30 v=26.78 ws=26.56,26.36,25.97,26.25 cmd=0.199,0.333,0.269,0.213 cap=644,1069,554,444 des=644,1069,485,389 app=602,1008,454,364 abs=nil,nil,nil,nil ebrake=1.00 ibrake=1.00 hasABS=0 sy=4.26 split=1.000,0.875 ===
124.60276|I|libbeamng.print:18052| === LSTM_OBS t=30 26.56477,26.35917,25.96894,26.24929,0.15384,4.25900,0.00000,-0.02560,0.00000,0.00000,0.00000,1.00000,0.00000,0.00000,0.00000,7495.16972,0.00000 ===
124.65430|I|libbeamng.print:18052| === LSTM_TRACE t=40 v=26.51 ws=26.38,26.18,25.97,26.14 cmd=0.174,0.290,0.193,0.164 cap=536,899,376,314 des=536,899,329,275 app=503,851,309,258 abs=nil,nil,nil,nil ebrake=1.00 ibrake=1.00 hasABS=0 sy=4.69 split=1.000,0.875 ===
124.65435|I|libbeamng.print:18052| === LSTM_OBS t=40 26.37925,26.18034,25.96851,26.14010,0.20894,4.68734,0.00000,-0.02614,0.00000,0.00000,0.00049,1.00000,0.00000,0.00000,0.00000,7456.56413,0.00000 ===
124.70428|I|libbeamng.print:18052| === LSTM_TRACE t=50 v=26.29 ws=26.15,26.02,25.82,25.99 cmd=0.153,0.257,0.201,0.182 cap=483,810,388,350 des=483,810,339,307 app=454,769,319,288 abs=nil,nil,nil,nil ebrake=1.00 ibrake=1.00 hasABS=0 sy=4.74 split=1.000,0.875 ===
124.70432|I|libbeamng.print:18052| === LSTM_OBS t=50 26.15093,26.01951,25.81798,25.99170,0.25182,4.74054,0.00000,-0.02063,0.00000,0.00000,0.00091,1.00000,0.00000,0.00000,0.00000,7421.58996,0.00000 ===
124.75375|I|libbeamng.print:18052| === LSTM_TRACE t=60 v=26.08 ws=25.94,25.84,25.64,25.80 cmd=0.142,0.249,0.214,0.192 cap=449,777,413,371 des=449,777,361,325 app=423,740,341,306 abs=nil,nil,nil,nil ebrake=1.00 ibrake=1.00 hasABS=0 sy=4.73 split=1.000,0.875 ===
124.75379|I|libbeamng.print:18052| === LSTM_OBS t=60 25.94434,25.84407,25.63903,25.79606,0.31982,4.73319,0.00000,-0.02179,0.00000,0.00000,0.00069,1.00000,0.00000,0.00000,0.00000,7367.04736,0.00000 ===
124.80529|I|libbeamng.print:18052| === LSTM_TRACE t=70 v=25.87 ws=25.59,25.44,25.37,25.54 cmd=0.202,0.345,0.272,0.239 cap=559,991,507,443 des=559,991,444,388 app=527,946,419,366 abs=nil,nil,nil,nil ebrake=1.00 ibrake=1.00 hasABS=0 sy=4.68 split=1.000,0.875 ===
124.80533|I|libbeamng.print:18052| === LSTM_OBS t=70 25.59030,25.44233,25.36703,25.53574,0.39144,4.68165,0.00000,-0.03118,0.00000,0.00000,0.00049,1.00000,0.00000,0.00000,0.00000,7306.10187,0.00000 ===
124.85432|I|libbeamng.print:18052| === LSTM_TRACE t=80 v=25.54 ws=24.91,24.67,25.12,25.12 cmd=0.393,0.525,0.351,0.340 cap=1199,1612,672,653 des=1199,1612,588,571 app=1136,1547,557,540 abs=nil,nil,nil,nil ebrake=1.00 ibrake=1.00 hasABS=0 sy=5.01 split=1.000,0.875 ===
124.85437|I|libbeamng.print:18052| === LSTM_OBS t=80 24.90912,24.67338,25.11616,25.11707,0.48103,5.01207,0.00000,-0.01993,0.00000,0.00000,0.00091,1.00000,0.00000,0.00000,0.00000,7224.97476,0.00000 ===
124.90400|I|libbeamng.print:18052| === LSTM_TRACE t=90 v=25.19 ws=24.89,24.63,24.56,24.78 cmd=0.283,0.424,0.353,0.280 cap=892,1330,697,565 des=892,1330,610,494 app=849,1283,580,469 abs=nil,nil,nil,nil ebrake=1.00 ibrake=1.00 hasABS=0 sy=5.55 split=1.000,0.875 ===
124.90404|I|libbeamng.print:18052| === LSTM_OBS t=90 24.88960,24.62553,24.56466,24.77750,0.51767,5.54814,0.00000,-0.03227,0.00000,0.00000,0.00115,1.00000,0.00000,0.00000,0.00000,7112.06463,0.00000 ===
124.95408|I|libbeamng.print:18052| === LSTM_TRACE t=100 v=24.90 ws=24.56,24.41,24.41,24.50 cmd=0.269,0.398,0.341,0.265 cap=845,1245,658,506 des=845,1245,576,443 app=806,1204,550,421 abs=nil,nil,nil,nil ebrake=1.00 ibrake=1.00 hasABS=0 sy=5.71 split=1.000,0.875 ===
124.95412|I|libbeamng.print:18052| === LSTM_OBS t=100 24.56123,24.40604,24.40919,24.50463,0.52296,5.71498,0.00000,-0.02117,0.00000,0.00000,0.00085,1.00000,0.00000,0.00000,0.00000,7014.24883,0.00000 ===
124.99994|I|libbeamng.print:18052| === LSTM_TRACE t=110 v=24.58 ws=24.17,24.03,24.02,24.27 cmd=0.294,0.433,0.359,0.289 cap=920,1353,691,552 des=920,1353,605,483 app=880,1312,578,460 abs=nil,nil,nil,nil ebrake=1.00 ibrake=1.00 hasABS=0 sy=5.81 split=1.000,0.875 ===
124.99998|I|libbeamng.print:18052| === LSTM_OBS t=110 24.17399,24.03032,24.02241,24.27403,0.54636,5.81460,0.00000,-0.01429,0.00000,0.00000,0.00154,1.00000,0.00000,0.00000,0.00000,6939.85943,0.00000 ===
125.05043|I|libbeamng.print:18052| === LSTM_TRACE t=120 v=24.26 ws=23.78,23.51,23.71,23.81 cmd=0.390,0.522,0.375,0.324 cap=1135,1552,725,624 des=1135,1552,634,546 app=1088,1509,608,521 abs=nil,nil,nil,nil ebrake=1.00 ibrake=1.00 hasABS=0 sy=5.99 split=1.000,0.875 ===
125.05047|I|libbeamng.print:18052| === LSTM_OBS t=120 23.77588,23.51335,23.70583,23.80781,0.52975,5.99348,0.00000,-0.04271,0.00000,0.00000,0.00115,1.00000,0.00000,0.00000,0.00000,6851.19637,0.00000 ===
125.10039|I|libbeamng.print:18052| === LSTM_TRACE t=130 v=23.90 ws=23.55,23.25,23.33,23.48 cmd=0.337,0.471,0.376,0.309 cap=1071,1488,734,610 des=1071,1488,642,534 app=1030,1450,617,511 abs=nil,nil,nil,nil ebrake=1.00 ibrake=1.00 hasABS=0 sy=6.31 split=1.000,0.875 ===
125.10044|I|libbeamng.print:18052| === LSTM_OBS t=130 23.54911,23.24570,23.33068,23.48285,0.54615,6.30972,0.00000,-0.01482,0.00000,0.00000,0.00091,1.00000,0.00000,0.00000,0.00000,6747.88944,0.00000 ===
125.15028|I|libbeamng.print:18052| === LSTM_TRACE t=140 v=23.56 ws=23.16,22.89,22.97,23.18 cmd=0.333,0.462,0.382,0.305 cap=1048,1449,739,589 des=1048,1449,647,515 app=1010,1415,623,493 abs=nil,nil,nil,nil ebrake=1.00 ibrake=1.00 hasABS=0 sy=6.47 split=1.000,0.875 ===
125.15033|I|libbeamng.print:18052| === LSTM_OBS t=140 23.16472,22.89014,22.96568,23.17915,0.51421,6.46693,0.00000,-0.01398,0.00000,0.00000,0.00104,1.00000,0.00000,0.00000,0.00000,6645.21775,0.00000 ===
125.20132|I|libbeamng.print:18052| === LSTM_TRACE t=150 v=23.21 ws=22.91,22.67,22.69,22.81 cmd=0.369,0.499,0.386,0.315 cap=1078,1485,750,612 des=1078,1485,656,536 app=1041,1454,633,514 abs=nil,nil,nil,nil ebrake=1.00 ibrake=1.00 hasABS=0 sy=6.58 split=1.000,0.875 ===
125.20136|I|libbeamng.print:18052| === LSTM_OBS t=150 22.91289,22.67053,22.69323,22.80761,0.50576,6.57668,0.00000,-0.01988,0.00000,0.00000,0.00091,1.00000,0.00000,0.00000,0.00000,6545.71323,0.00000 ===
125.25097|I|libbeamng.print:18052| === LSTM_TRACE t=160 v=22.85 ws=22.31,22.19,22.33,22.53 cmd=0.372,0.501,0.390,0.325 cap=1131,1529,755,629 des=1131,1529,661,551 app=1094,1499,638,529 abs=nil,nil,nil,nil ebrake=1.00 ibrake=1.00 hasABS=0 sy=6.71 split=1.000,0.875 ===
125.25102|I|libbeamng.print:18052| === LSTM_OBS t=160 22.31476,22.18956,22.33176,22.52764,0.48959,6.71106,0.00000,-0.02276,0.00000,0.00000,0.00154,1.00000,0.00000,0.00000,0.00000,6447.37793,0.00000 ===
125.30193|I|libbeamng.print:18052| === LSTM_TRACE t=170 v=22.49 ws=21.99,21.85,21.88,22.11 cmd=0.381,0.506,0.397,0.328 cap=1177,1566,771,638 des=1177,1566,675,558 app=1141,1538,653,537 abs=nil,nil,nil,nil ebrake=1.00 ibrake=1.00 hasABS=0 sy=6.87 split=1.000,0.875 ===
125.30197|I|libbeamng.print:18052| === LSTM_OBS t=170 21.99099,21.85290,21.87509,22.10723,0.48385,6.87349,0.00000,-0.01877,0.00000,0.00000,0.00134,1.00000,0.00000,0.00000,0.00000,6344.98111,0.00000 ===
125.35188|I|libbeamng.print:18052| === LSTM_TRACE t=180 v=22.12 ws=21.56,21.39,21.60,21.78 cmd=0.372,0.494,0.407,0.338 cap=1232,1605,789,652 des=1232,1605,690,570 app=1197,1579,668,549 abs=nil,nil,nil,nil ebrake=1.00 ibrake=1.00 hasABS=0 sy=6.99 split=1.000,0.875 ===
125.35197|I|libbeamng.print:18052| === LSTM_OBS t=180 21.55906,21.38739,21.60080,21.77918,0.47486,6.99448,0.00000,-0.01904,0.00000,0.00000,0.00189,1.00000,0.00000,0.00000,0.00000,6239.73660,0.00000 ===
125.39745|I|libbeamng.print:18052| === LSTM_TRACE t=190 v=21.75 ws=21.44,21.10,21.23,21.41 cmd=0.416,0.538,0.407,0.339 cap=1149,1537,794,662 des=1149,1537,695,580 app=1118,1513,674,559 abs=nil,nil,nil,nil ebrake=1.00 ibrake=1.00 hasABS=0 sy=7.10 split=1.000,0.875 ===
125.39748|I|libbeamng.print:18052| === LSTM_OBS t=190 21.44022,21.09735,21.22744,21.41440,0.45904,7.10434,0.00000,-0.02354,0.00000,0.00000,0.00091,1.00000,0.00000,0.00000,0.00000,6141.85141,0.00000 ===
125.44906|I|libbeamng.print:18052| === LSTM_TRACE t=200 v=21.37 ws=20.91,20.74,20.81,21.03 cmd=0.417,0.537,0.414,0.346 cap=1198,1572,796,666 des=1198,1572,696,583 app=1168,1549,676,562 abs=nil,nil,nil,nil ebrake=1.00 ibrake=1.00 hasABS=0 sy=7.21 split=1.000,0.875 ===
125.44912|I|libbeamng.print:18052| === LSTM_OBS t=200 20.91029,20.74051,20.80740,21.03273,0.45139,7.20646,0.00000,-0.01974,0.00000,0.00000,0.00104,1.00000,0.00000,0.00000,0.00000,6034.62133,0.00000 ===
125.49891|I|libbeamng.print:18052| === LSTM_TRACE t=210 v=20.99 ws=20.51,20.17,20.41,20.65 cmd=0.409,0.527,0.417,0.350 cap=1291,1654,814,682 des=1291,1654,712,597 app=1260,1632,692,576 abs=nil,nil,nil,nil ebrake=1.00 ibrake=1.00 hasABS=0 sy=7.31 split=1.000,0.875 ===
125.49898|I|libbeamng.print:18052| === LSTM_OBS t=210 20.51348,20.16972,20.40844,20.64581,0.43199,7.31403,0.00000,-0.01834,0.00000,0.00000,0.00115,1.00000,0.00000,0.00000,0.00000,5925.83919,0.00000 ===
125.54842|I|libbeamng.print:18052| === LSTM_TRACE t=220 v=20.61 ws=20.16,19.99,20.06,20.30 cmd=0.447,0.560,0.425,0.359 cap=1296,1654,822,694 des=1296,1654,719,607 app=1266,1633,700,587 abs=nil,nil,nil,nil ebrake=1.00 ibrake=1.00 hasABS=0 sy=7.41 split=1.000,0.875 ===
125.54846|I|libbeamng.print:18052| === LSTM_OBS t=220 20.15783,19.99320,20.06369,20.30229,0.41914,7.41246,0.00000,-0.02530,0.00000,0.00000,0.00115,1.00000,0.00000,0.00000,0.00000,5815.72790,0.00000 ===
125.59876|I|libbeamng.print:18052| === LSTM_TRACE t=230 v=20.22 ws=19.63,19.50,19.77,19.88 cmd=0.418,0.533,0.433,0.368 cap=1266,1614,826,702 des=1266,1614,723,614 app=1238,1596,703,594 abs=nil,nil,nil,nil ebrake=1.00 ibrake=1.00 hasABS=0 sy=7.51 split=1.000,0.875 ===
125.59879|I|libbeamng.print:18052| === LSTM_OBS t=230 19.63459,19.49731,19.76803,19.88352,0.41102,7.51009,0.00000,-0.01317,0.00000,0.00000,0.00146,1.00000,0.00000,0.00000,0.00000,5703.91268,0.00000 ===
125.64801|I|libbeamng.print:18052| === LSTM_TRACE t=240 v=19.83 ws=19.30,19.20,19.30,19.48 cmd=0.461,0.566,0.440,0.377 cap=1313,1650,842,721 des=1313,1650,737,631 app=1285,1632,718,611 abs=nil,nil,nil,nil ebrake=1.00 ibrake=1.00 hasABS=0 sy=7.61 split=1.000,0.875 ===
125.64805|I|libbeamng.print:18052| === LSTM_OBS t=240 19.30387,19.19759,19.29655,19.48156,0.39487,7.61156,0.00000,-0.01358,0.00000,0.00000,0.00162,1.00000,0.00000,0.00000,0.00000,5592.15115,0.00000 ===
125.69865|I|libbeamng.print:18052| === LSTM_TRACE t=250 v=19.42 ws=18.87,18.61,18.93,19.09 cmd=0.438,0.543,0.444,0.385 cap=1335,1661,855,740 des=1335,1661,748,647 app=1309,1644,729,627 abs=nil,nil,nil,nil ebrake=1.00 ibrake=1.00 hasABS=0 sy=7.70 split=1.000,0.875 ===
125.69869|I|libbeamng.print:18052| === LSTM_OBS t=250 18.86504,18.61227,18.93237,19.08546,0.36380,7.70089,0.00000,-0.01390,0.00000,0.00000,0.00192,1.00000,0.00000,0.00000,0.00000,5480.43185,0.00000 ===
125.74869|I|libbeamng.print:18052| === LSTM_TRACE t=260 v=19.02 ws=18.42,18.19,18.61,18.75 cmd=0.438,0.539,0.444,0.389 cap=1423,1730,872,765 des=1423,1730,763,670 app=1396,1713,744,649 abs=nil,nil,nil,nil ebrake=1.00 ibrake=1.00 hasABS=0 sy=7.79 split=1.000,0.875 ===
125.74873|I|libbeamng.print:18052| === LSTM_OBS t=260 18.42180,18.18558,18.60927,18.75049,0.35382,7.79224,0.00000,-0.01415,0.00000,0.00000,0.00154,1.00000,0.00000,0.00000,0.00000,5366.96016,0.00000 ===
125.79857|I|libbeamng.print:18052| === LSTM_TRACE t=270 v=18.61 ws=17.91,17.73,18.20,18.34 cmd=0.429,0.524,0.445,0.394 cap=1571,1851,888,784 des=1571,1851,777,686 app=1542,1834,758,666 abs=nil,nil,nil,nil ebrake=1.00 ibrake=1.00 hasABS=0 sy=7.89 split=1.000,0.875 ===
125.79874|I|libbeamng.print:18052| === LSTM_OBS t=270 17.90900,17.72613,18.19867,18.33765,0.33264,7.89249,0.00000,-0.00857,0.00000,0.00000,0.00189,1.00000,0.00000,0.00000,0.00000,5252.71327,0.00000 ===
125.84857|I|libbeamng.print:18052| === LSTM_TRACE t=280 v=18.20 ws=17.73,17.57,17.86,17.93 cmd=0.525,0.607,0.453,0.404 cap=1415,1709,888,788 des=1415,1709,777,689 app=1390,1694,758,669 abs=nil,nil,nil,nil ebrake=1.00 ibrake=1.00 hasABS=0 sy=8.01 split=1.000,0.875 ===
125.84861|I|libbeamng.print:18052| === LSTM_OBS t=280 17.72536,17.56665,17.85680,17.93424,0.32080,8.00833,0.00000,-0.00582,0.00000,0.00000,0.00189,1.00000,0.00000,0.00000,0.00000,5137.50439,0.00000 ===
125.89880|I|libbeamng.print:18052| === LSTM_TRACE t=290 v=17.77 ws=16.94,16.96,17.26,17.46 cmd=0.429,0.511,0.455,0.414 cap=1786,1990,896,814 des=1786,1990,784,712 app=1756,1973,766,692 abs=nil,nil,nil,nil ebrake=1.00 ibrake=1.00 hasABS=0 sy=8.14 split=1.000,0.875 ===
125.89884|I|libbeamng.print:18052| === LSTM_OBS t=290 16.93802,16.95638,17.25761,17.46070,0.29754,8.13645,0.00000,-0.01006,0.00000,0.00000,0.00234,1.00000,0.00000,0.00000,0.00000,5022.04589,0.00000 ===
125.94835|I|libbeamng.print:18052| === LSTM_TRACE t=300 v=17.33 ws=16.54,16.67,16.88,17.07 cmd=0.475,0.553,0.459,0.419 cap=1609,1819,878,805 des=1609,1819,768,704 app=1584,1805,750,684 abs=nil,nil,nil,nil ebrake=1.00 ibrake=1.00 hasABS=0 sy=8.27 split=1.000,0.875 ===
125.94839|I|libbeamng.print:18052| === LSTM_OBS t=300 16.53896,16.67080,16.87725,17.06862,0.28314,8.27130,0.00000,-0.00498,0.00000,0.00000,0.00124,1.00000,0.00000,0.00000,0.00000,4902.76322,0.00000 ===
125.99885|I|libbeamng.print:18052| === LSTM_TRACE t=310 v=16.89 ws=16.15,16.23,16.44,16.69 cmd=0.524,0.587,0.467,0.434 cap=1635,1818,886,824 des=1635,1818,776,721 app=1611,1804,758,701 abs=nil,nil,nil,nil ebrake=1.00 ibrake=1.00 hasABS=0 sy=8.40 split=1.000,0.875 ===
125.99889|I|libbeamng.print:18052| === LSTM_OBS t=310 16.14528,16.22714,16.44389,16.69369,0.26364,8.40002,0.00000,-0.00053,0.00000,0.00000,0.00192,1.00000,0.00000,0.00000,0.00000,4782.62741,0.00000 ===
126.04921|I|libbeamng.print:18052| === LSTM_TRACE t=320 v=16.45 ws=15.83,15.72,16.12,16.08 cmd=0.608,0.642,0.459,0.441 cap=1926,2053,890,843 des=1926,2053,778,738 app=1898,2038,761,718 abs=nil,nil,nil,nil ebrake=1.00 ibrake=1.00 hasABS=0 sy=8.54 split=1.000,0.875 ===
126.04928|I|libbeamng.print:18052| === LSTM_OBS t=320 15.82604,15.72358,16.12473,16.08495,0.23255,8.54211,0.00000,-0.00426,0.00000,0.00000,0.00311,1.00000,0.00000,0.00000,0.00000,4657.27877,0.00000 ===
126.09835|I|libbeamng.print:18052| === LSTM_TRACE t=330 v=15.99 ws=15.28,15.26,15.42,15.52 cmd=0.643,0.664,0.465,0.459 cap=1973,2056,903,884 des=1973,2056,790,773 app=1946,2042,773,753 abs=nil,nil,nil,nil ebrake=1.00 ibrake=1.00 hasABS=0 sy=8.71 split=1.000,0.875 ===
126.09839|I|libbeamng.print:18052| === LSTM_OBS t=330 15.27778,15.26107,15.41917,15.52295,0.19851,8.70737,0.00000,-0.01063,0.00000,0.00000,0.00265,1.00000,0.00000,0.00000,0.00000,4529.05574,0.00000 ===
126.14831|I|libbeamng.print:18052| === LSTM_TRACE t=340 v=15.44 ws=14.39,14.25,14.51,14.49 cmd=0.648,0.663,0.467,0.469 cap=2127,2168,890,889 des=2127,2168,779,778 app=2100,2154,762,758 abs=nil,nil,nil,nil ebrake=1.00 ibrake=1.00 hasABS=0 sy=9.08 split=1.000,0.875 ===
126.14835|I|libbeamng.print:18052| === LSTM_OBS t=340 14.38686,14.25338,14.51479,14.48911,0.17488,9.08442,0.00000,-0.00588,0.00000,0.00000,0.00311,1.00000,0.00000,0.00000,0.00000,4491.38224,0.00000 ===
126.20141|I|libbeamng.print:18052| === LSTM_TRACE t=350 v=14.86 ws=13.69,13.78,13.35,13.40 cmd=0.783,0.778,0.510,0.513 cap=2187,2187,963,979 des=2187,2187,842,857 app=2161,2174,824,834 abs=nil,nil,nil,nil ebrake=1.00 ibrake=1.00 hasABS=0 sy=9.73 split=1.000,0.875 ===
126.20146|I|libbeamng.print:18052| === LSTM_OBS t=350 13.68957,13.78292,13.34701,13.39601,0.15033,9.72574,0.00000,-0.00244,0.00000,0.00000,0.00297,1.00000,0.00000,0.00000,0.00000,4512.20272,0.00000 ===
126.25122|I|libbeamng.print:18052| === LSTM_TRACE t=360 v=14.27 ws=13.11,13.16,12.44,12.33 cmd=0.770,0.768,0.471,0.472 cap=2251,2264,909,920 des=2251,2264,796,805 app=2226,2251,778,784 abs=nil,nil,nil,nil ebrake=1.00 ibrake=1.00 hasABS=0 sy=10.31 split=1.000,0.875 ===
126.25127|I|libbeamng.print:18052| === LSTM_OBS t=360 13.11480,13.16294,12.43513,12.32790,0.11268,10.31399,0.00000,-0.00302,0.00000,0.00000,0.00307,1.00000,0.00000,0.00000,0.00000,4498.82309,0.00000 ===
126.30043|I|libbeamng.print:18052| === LSTM_TRACE t=370 v=13.69 ws=12.67,12.77,11.85,11.71 cmd=0.710,0.708,0.424,0.431 cap=2310,2294,842,851 des=2310,2294,737,745 app=2286,2282,720,725 abs=nil,nil,nil,nil ebrake=1.00 ibrake=1.00 hasABS=0 sy=10.70 split=1.000,0.875 ===
126.30047|I|libbeamng.print:18052| === LSTM_OBS t=370 12.67382,12.77256,11.84896,11.71049,0.09826,10.70456,0.00000,-0.00593,0.00000,0.00000,0.00301,1.00000,0.00000,0.00000,0.00000,4477.42497,0.00000 ===
126.34835|I|libbeamng.print:18052| === LSTM_TRACE t=380 v=13.12 ws=12.20,12.40,11.05,10.77 cmd=0.560,0.574,0.413,0.429 cap=2387,2309,772,805 des=2387,2309,676,705 app=2362,2297,660,686 abs=nil,nil,nil,nil ebrake=1.00 ibrake=1.00 hasABS=0 sy=10.91 split=1.000,0.875 ===
126.34839|I|libbeamng.print:18052| === LSTM_OBS t=380 12.20409,12.40062,11.04715,10.77496,0.08573,10.90960,0.00000,-0.00213,0.00000,0.00000,0.00249,1.00000,0.00000,0.00000,0.00000,4471.09564,0.00000 ===
126.39798|I|libbeamng.print:18052| === LSTM_TRACE t=390 v=12.54 ws=11.95,12.16,10.71,10.12 cmd=0.857,0.819,0.394,0.416 cap=2611,2545,803,803 des=2611,2545,703,703 app=2054,1979,687,684 abs=nil,nil,nil,nil ebrake=1.00 ibrake=1.00 hasABS=0 sy=11.07 split=1.000,0.875 ===
126.39802|I|libbeamng.print:18052| === LSTM_OBS t=390 11.94938,12.15858,10.71374,10.12037,0.07230,11.06683,0.00000,-0.00073,0.00000,0.00000,0.00404,1.00000,0.00000,0.00000,0.00000,4470.71562,0.00000 ===
126.44742|I|libbeamng.print:18052| === LSTM_TRACE t=400 v=12.02 ws=11.04,11.17,10.77,9.79 cmd=0.374,0.420,0.462,0.479 cap=1349,1388,859,934 des=1349,1388,752,817 app=2055,2008,734,795 abs=nil,nil,nil,nil ebrake=1.00 ibrake=1.00 hasABS=0 sy=11.06 split=1.000,0.875 ===
126.44746|I|libbeamng.print:18052| === LSTM_OBS t=400 11.04418,11.17447,10.76744,9.79128,0.06917,11.05841,0.00000,0.00096,0.00000,0.00000,0.00146,1.00000,0.00000,0.00000,0.00000,4437.40141,0.00000 ===
126.49813|I|libbeamng.print:18052| === LSTM_TRACE t=410 v=11.44 ws=11.14,11.34,11.08,9.53 cmd=0.865,0.825,0.454,0.473 cap=2421,2350,912,920 des=2421,2350,798,805 app=2004,1920,779,783 abs=nil,nil,nil,nil ebrake=1.00 ibrake=1.00 hasABS=0 sy=11.06 split=1.000,0.875 ===
126.49819|I|libbeamng.print:18052| === LSTM_OBS t=410 11.13578,11.34234,11.08452,9.52629,0.08097,11.06262,0.00000,0.01374,0.00000,0.00000,0.00350,1.00000,0.00000,0.00000,0.00000,4387.87591,0.00000 ===
126.54830|I|libbeamng.print:18052| === LSTM_TRACE t=420 v=10.93 ws=10.18,10.26,10.44,9.56 cmd=0.374,0.403,0.529,0.555 cap=1534,1523,934,1007 des=1534,1523,817,881 app=2004,1920,798,857 abs=nil,nil,nil,nil ebrake=1.00 ibrake=1.00 hasABS=0 sy=10.94 split=1.000,0.875 ===
126.54835|I|libbeamng.print:18052| === LSTM_OBS t=420 10.18434,10.26019,10.43989,9.56230,0.07819,10.94099,0.00000,0.00534,0.00000,0.00000,0.00283,1.00000,0.00000,0.00000,0.00000,4317.52143,0.00000 ===
126.61249|I|libbeamng.print:18052| === LSTM_TRACE t=430 v=10.38 ws=10.14,10.28,10.04,9.93 cmd=0.837,0.793,0.502,0.526 cap=2332,2246,970,995 des=2332,2246,849,870 app=2004,1920,829,847 abs=nil,nil,nil,nil ebrake=1.00 ibrake=1.00 hasABS=0 sy=10.86 split=1.000,0.875 ===
126.61253|I|libbeamng.print:18052| === LSTM_OBS t=430 10.14032,10.28128,10.04008,9.93454,0.04407,10.86037,0.00000,0.01157,0.00000,0.00000,0.00278,1.00000,0.00000,0.00000,0.00000,4237.05055,0.00000 ===
126.66282|I|libbeamng.print:18052| === LSTM_TRACE t=440 v=9.88 ws=9.14,9.16,9.38,9.52 cmd=0.287,0.328,0.587,0.610 cap=1298,1302,1093,1185 des=1298,1302,956,1037 app=2004,1919,933,1009 abs=nil,nil,nil,nil ebrake=1.00 ibrake=1.00 hasABS=0 sy=10.73 split=1.000,0.875 ===
126.66293|I|libbeamng.print:18052| === LSTM_OBS t=440 9.13742,9.15824,9.38113,9.51709,-0.01522,10.72730,0.00000,0.00452,0.00000,0.00000,0.00000,1.00000,0.00000,0.00000,0.00000,4137.46173,0.00000 ===
126.71136|I|libbeamng.print:18052| === LSTM_TRACE t=450 v=9.39 ws=9.00,9.18,9.16,9.22 cmd=0.783,0.750,0.558,0.583 cap=1936,1954,1085,1102 des=1936,1954,949,965 app=1918,1919,927,939 abs=nil,nil,nil,nil ebrake=1.00 ibrake=1.00 hasABS=0 sy=10.55 split=1.000,0.875 ===
126.71142|I|libbeamng.print:18052| === LSTM_OBS t=450 8.99827,9.17792,9.16128,9.22396,-0.06935,10.54725,0.00000,0.00258,0.00000,0.00000,0.00278,1.00000,0.00000,0.00000,0.00000,3995.17175,0.00000 ===
126.76178|I|libbeamng.print:18052| === LSTM_TRACE t=460 v=8.92 ws=8.19,8.19,8.54,8.68 cmd=0.280,0.320,0.625,0.657 cap=1375,1379,1208,1302 des=1375,1379,1057,1139 app=1917,1870,1032,1109 abs=nil,nil,nil,nil ebrake=1.00 ibrake=1.00 hasABS=0 sy=10.25 split=1.000,0.875 ===
126.76184|I|libbeamng.print:18052| === LSTM_OBS t=460 8.18691,8.19306,8.54233,8.67678,-0.07580,10.24546,0.00000,-0.00212,0.00000,0.00000,0.00085,1.00000,0.00000,0.00000,0.00000,3818.00331,0.00000 ===
126.81107|I|libbeamng.print:18052| === LSTM_TRACE t=470 v=8.44 ws=8.35,8.47,8.41,8.49 cmd=0.824,0.784,0.582,0.614 cap=2016,1987,1139,1183 des=2016,1987,997,1035 app=1917,1870,973,1008 abs=nil,nil,nil,nil ebrake=1.00 ibrake=1.00 hasABS=0 sy=10.01 split=1.000,0.875 ===
126.81112|I|libbeamng.print:18052| === LSTM_OBS t=470 8.35248,8.47424,8.41335,8.49212,-0.05800,10.01434,0.00000,-0.00918,0.00000,0.00000,0.00278,1.00000,0.00000,0.00000,0.00000,3626.84155,0.00000 ===
126.86299|I|libbeamng.print:18052| === LSTM_TRACE t=480 v=7.99 ws=7.25,7.54,7.85,7.77 cmd=0.256,0.287,0.660,0.694 cap=1212,1166,1176,1299 des=1212,1166,1029,1137 app=1823,1869,1004,1107 abs=nil,nil,nil,nil ebrake=1.00 ibrake=1.00 hasABS=0 sy=9.80 split=1.000,0.875 ===
126.86303|I|libbeamng.print:18052| === LSTM_OBS t=480 7.25138,7.53702,7.84950,7.76822,-0.04932,9.80253,0.00000,-0.00984,0.00000,0.00000,0.00085,1.00000,0.00000,0.00000,0.00000,3435.36511,0.00000 ===
126.90960|I|libbeamng.print:18052| === LSTM_TRACE t=490 v=7.51 ws=7.52,7.37,7.50,7.60 cmd=0.777,0.730,0.561,0.593 cap=1822,1782,1117,1158 des=1822,1782,977,1013 app=1803,1769,954,986 abs=nil,nil,nil,nil ebrake=1.00 ibrake=1.00 hasABS=0 sy=9.66 split=1.000,0.875 ===
126.90965|I|libbeamng.print:18052| === LSTM_OBS t=490 7.51902,7.36819,7.50449,7.59960,-0.00742,9.65833,0.00000,-0.01383,0.00000,0.00000,0.00244,1.00000,0.00000,0.00000,0.00000,3266.96372,0.00000 ===
126.95932|I|libbeamng.print:18052| === LSTM_TRACE t=500 v=7.08 ws=6.29,6.52,6.89,7.01 cmd=0.177,0.199,0.618,0.655 cap=1338,1245,1119,1223 des=1338,1245,979,1070 app=1795,1769,955,1042 abs=nil,nil,nil,nil ebrake=1.00 ibrake=1.00 hasABS=0 sy=9.48 split=1.000,0.875 ===
126.95935|I|libbeamng.print:18052| === LSTM_OBS t=500 6.29252,6.51571,6.89051,7.01187,-0.02068,9.48120,0.00000,0.00656,0.00000,0.00000,0.00322,1.00000,0.00000,0.00000,0.00000,3079.46572,0.00000 ===
127.01068|I|libbeamng.print:18052| === LSTM_TRACE t=510 v=6.63 ws=6.46,6.83,6.44,6.42 cmd=0.811,0.749,0.489,0.513 cap=1739,1682,1109,1129 des=1739,1682,970,988 app=1719,1669,947,962 abs=nil,nil,nil,nil ebrake=1.00 ibrake=1.00 hasABS=0 sy=9.31 split=1.000,0.875 ===
127.01078|I|libbeamng.print:18052| === LSTM_OBS t=510 6.46251,6.83280,6.43886,6.42150,-0.04622,9.31345,0.00000,0.01128,0.00000,0.00000,0.00091,1.00000,0.00000,0.00000,0.00000,2893.96710,0.00000 ===
127.06179|I|libbeamng.print:18052| === LSTM_TRACE t=520 v=6.23 ws=5.74,5.79,6.06,6.25 cmd=0.198,0.205,0.578,0.615 cap=1383,1254,996,1082 des=1383,1254,872,947 app=1597,1542,850,922 abs=nil,nil,nil,nil ebrake=1.00 ibrake=1.00 hasABS=0 sy=9.07 split=1.000,0.875 ===
127.06185|I|libbeamng.print:18052| === LSTM_OBS t=520 5.73756,5.78856,6.05836,6.24515,-0.02197,9.06692,0.00000,0.01271,0.00000,0.00000,0.00430,1.00000,0.00000,0.00000,0.00000,2713.10586,0.00000 ===
127.11099|I|libbeamng.print:18052| === LSTM_TRACE t=530 v=5.83 ws=5.92,5.91,5.75,5.82 cmd=0.657,0.594,0.481,0.503 cap=1516,1411,998,1032 des=1516,1411,873,903 app=1405,1342,851,879 abs=nil,nil,nil,nil ebrake=1.00 ibrake=1.00 hasABS=0 sy=8.75 split=1.000,0.875 ===
127.11106|I|libbeamng.print:18052| === LSTM_OBS t=530 5.92416,5.91265,5.75099,5.82412,-0.03658,8.74913,0.00000,-0.00202,0.00000,0.00000,0.00345,1.00000,0.00000,0.00000,0.00000,2537.99620,0.00000 ===
127.16154|I|libbeamng.print:18052| === LSTM_TRACE t=540 v=5.46 ws=4.84,5.09,5.35,5.19 cmd=0.200,0.214,0.516,0.525 cap=784,774,913,962 des=784,774,799,842 app=1404,1341,779,818 abs=nil,nil,nil,nil ebrake=1.00 ibrake=1.00 hasABS=0 sy=8.39 split=1.000,0.875 ===
127.16158|I|libbeamng.print:18052| === LSTM_OBS t=540 4.83753,5.09318,5.34923,5.19205,-0.03431,8.38796,0.00000,0.01090,0.00000,0.00000,0.00169,1.00000,0.00000,0.00000,0.00000,2393.87023,0.00000 ===
127.21007|I|libbeamng.print:18052| === LSTM_TRACE t=550 v=5.09 ws=5.08,5.47,4.96,4.74 cmd=0.725,0.678,0.458,0.445 cap=1344,1326,983,968 des=1344,1326,860,847 app=1325,1312,837,823 abs=nil,nil,nil,nil ebrake=1.00 ibrake=1.00 hasABS=0 sy=8.08 split=1.000,0.875 ===
127.21012|I|libbeamng.print:18052| === LSTM_OBS t=550 5.08142,5.47257,4.95777,4.74185,-0.01455,8.08013,0.00000,0.00655,0.00000,0.00000,0.00049,1.00000,0.00000,0.00000,0.00000,2236.97876,0.00000 ===
127.25980|I|libbeamng.print:18052| === LSTM_TRACE t=560 v=4.75 ws=4.21,4.67,4.62,4.46 cmd=0.341,0.345,0.488,0.478 cap=1720,1600,927,909 des=1720,1600,811,796 app=1695,1583,790,773 abs=nil,nil,nil,nil ebrake=1.00 ibrake=1.00 hasABS=0 sy=7.81 split=1.000,0.875 ===
127.25984|I|libbeamng.print:18052| === LSTM_OBS t=560 4.20821,4.67317,4.61763,4.45896,-0.03581,7.81241,0.00000,0.00004,0.00000,0.00000,0.00183,1.00000,0.00000,0.00000,0.00000,2074.05112,0.00000 ===
127.30890|I|libbeamng.print:18052| === LSTM_TRACE t=570 v=4.34 ws=4.29,3.94,4.42,4.05 cmd=0.664,0.675,0.571,0.555 cap=1679,1773,1069,1028 des=1679,1773,935,899 app=1654,1752,910,873 abs=nil,nil,nil,nil ebrake=1.00 ibrake=1.00 hasABS=0 sy=7.75 split=1.000,0.875 ===
127.30894|I|libbeamng.print:18052| === LSTM_OBS t=570 4.29384,3.94184,4.42312,4.04971,-0.04813,7.75028,0.00000,0.00137,0.00000,0.00000,0.00635,1.00000,0.00000,0.00000,0.00000,1910.48557,0.00000 ===
127.35945|I|libbeamng.print:18052| === LSTM_TRACE t=580 v=3.86 ws=3.34,3.47,3.62,3.82 cmd=0.712,0.793,0.709,0.695 cap=2187,2425,1370,1336 des=2187,2425,1198,1169 app=2152,2396,1165,1134 abs=nil,nil,nil,nil ebrake=1.00 ibrake=1.00 hasABS=0 sy=8.10 split=1.000,0.875 ===
127.35952|I|libbeamng.print:18052| === LSTM_OBS t=580 3.33970,3.47267,3.62102,3.81945,-0.00449,8.09663,0.00000,-0.00026,0.00000,0.00000,0.00115,1.00000,0.00000,0.00000,0.00000,1736.13218,0.00000 ===
127.40640|I|libbeamng.print:18052| === LSTM_TRACE t=590 v=3.34 ws=3.02,1.96,3.31,3.23 cmd=0.760,0.815,0.750,0.778 cap=2366,2558,1457,1497 des=2366,2558,1275,1309 app=2328,2526,1240,1270 abs=nil,nil,nil,nil ebrake=1.00 ibrake=1.00 hasABS=0 sy=8.66 split=1.000,0.875 ===
127.40647|I|libbeamng.print:18052| === LSTM_OBS t=590 3.01701,1.96341,3.31439,3.23441,-0.01298,8.66441,0.00000,-0.00624,0.00000,0.00000,0.00512,1.00000,0.00000,0.00000,0.00000,1554.78607,0.00000 ===
127.45652|I|libbeamng.print:18052| === LSTM_TRACE t=600 v=2.82 ws=0.06,0.02,2.74,2.19 cmd=0.945,0.952,0.779,0.810 cap=2920,2939,1524,1587 des=2920,2939,1333,1389 app=2870,2899,1296,1347 abs=nil,nil,nil,nil ebrake=1.00 ibrake=1.00 hasABS=0 sy=9.15 split=1.000,0.875 ===
127.45657|I|libbeamng.print:18052| === LSTM_OBS t=600 0.06130,0.02258,2.73611,2.18657,-0.02613,9.14837,0.00000,0.00503,0.00000,0.00000,0.00049,1.00000,0.00000,0.00000,0.00000,1336.89003,0.00000 ===
127.50557|I|libbeamng.print:18052| === LSTM_TRACE t=610 v=2.30 ws=0.00,0.04,2.19,2.14 cmd=0.990,0.986,0.833,0.859 cap=3065,3054,1603,1655 des=3065,3054,1403,1448 app=3009,3010,1362,1403 abs=nil,nil,nil,nil ebrake=1.00 ibrake=1.00 hasABS=0 sy=9.50 split=1.000,0.875 ===
127.50561|I|libbeamng.print:18052| === LSTM_OBS t=610 0.00169,0.03535,2.19106,2.13909,0.02378,9.50093,0.00000,0.00872,0.00000,0.00000,0.00395,1.00000,0.00000,0.00000,0.00000,1115.46818,0.00000 ===
127.55618|I|libbeamng.print:18052| === LSTM_TRACE t=620 v=1.74 ws=0.00,0.00,1.11,0.83 cmd=0.997,0.994,0.859,0.872 cap=3089,3080,1669,1694 des=3089,3080,1460,1483 app=3030,3033,1417,1436 abs=nil,nil,nil,nil ebrake=1.00 ibrake=1.00 hasABS=0 sy=9.89 split=1.000,0.875 ===
127.55623|I|libbeamng.print:18052| === LSTM_OBS t=620 0.00458,0.00035,1.11093,0.82542,0.01048,9.88580,0.00000,0.00343,0.00000,0.00000,0.00375,1.00000,0.00000,0.00000,0.00000,909.31327,0.00000 ===
127.60693|I|libbeamng.print:18052| === LSTM_TRACE t=630 v=1.20 ws=0.00,0.00,0.27,0.14 cmd=0.997,0.995,0.859,0.867 cap=3092,3084,1668,1686 des=3092,3084,1460,1475 app=3029,3034,1416,1427 abs=nil,nil,nil,nil ebrake=1.00 ibrake=1.00 hasABS=0 sy=10.20 split=1.000,0.875 ===
127.60698|I|libbeamng.print:18052| === LSTM_OBS t=630 0.00042,0.00338,0.27080,0.14484,-0.00500,10.20480,0.00000,0.00079,0.00000,0.00000,0.00354,1.00000,0.00000,0.00000,0.00000,753.97758,0.00000 ===
127.65528|I|libbeamng.print:18052| === LSTM_TRACE t=640 v=0.62 ws=0.00,0.01,0.68,0.37 cmd=0.997,0.995,0.858,0.861 cap=3091,3084,1667,1675 des=3091,3084,1459,1466 app=3026,3031,1413,1416 abs=nil,nil,nil,nil ebrake=1.00 ibrake=1.00 hasABS=0 sy=10.55 split=1.000,0.875 ===
127.65532|I|libbeamng.print:18052| === LSTM_OBS t=640 0.00176,0.00891,0.68087,0.37195,0.00748,10.55204,0.00000,0.00963,0.00000,0.00000,0.00311,1.00000,0.00000,0.00000,0.00000,729.38213,0.00000 ===
158.16950|I|libbeamng.print:18052| === LSTM_TRACE t=0 v=27.71 ws=27.68,27.77,27.34,27.44 cmd=0.771,0.802,0.472,0.492 cap=155,155,97,97 des=155,155,85,85 app=148,149,81,81 abs=nil,nil,nil,nil ebrake=1.00 ibrake=1.00 hasABS=0 sy=1.57 split=1.000,0.875 ===
158.16954|I|libbeamng.print:18052| === LSTM_OBS t=0 27.68285,27.76867,27.34341,27.43923,-0.00959,1.57274,0.00000,0.00033,0.00000,0.00000,0.00049,1.00000,0.00000,0.00000,0.00000,7857.82948,0.00000 ===
158.21988|I|libbeamng.print:18052| === LSTM_TRACE t=10 v=27.45 ws=26.53,26.11,26.91,26.97 cmd=0.469,0.592,0.449,0.438 cap=1447,1864,833,809 des=1447,1864,729,708 app=1389,1801,698,676 abs=nil,nil,nil,nil ebrake=1.00 ibrake=1.00 hasABS=0 sy=2.03 split=1.000,0.875 ===
158.21992|I|libbeamng.print:18052| === LSTM_OBS t=10 26.52853,26.10981,26.91254,26.96686,-0.00912,2.02575,0.00000,-0.01038,0.00000,0.00000,0.00226,1.00000,0.00000,0.00000,0.00000,7790.35563,0.00000 ===
158.24120|I|libbeamng.print:18052| === LSTM_ABS DBG raw=26.4116,25.9555,26.7241,26.6756,0.0328,2.5284,0.0000,-0.0222,0.0000,0.0000,0.0032,1.0000,0.0000,0.0000,0.0000,7730.9820,0.0000 ===
158.24123|I|libbeamng.print:18052| === LSTM_ABS DBG norm=0.56,0.47,0.53,0.51,-0.12,-2.12,0.00,-0.14,0.06,-0.06,0.05,0.59,-0.02,0.00,0.00,3.84,0.00 ===
158.24124|I|libbeamng.print:18052| === LSTM_ABS DBG cmd=0.4502,0.5818,0.4814,0.4685 ===
158.27244|I|libbeamng.print:18052| === LSTM_TRACE t=20 v=27.06 ws=26.51,26.08,26.31,26.35 cmd=0.357,0.515,0.434,0.399 cap=1154,1636,858,797 des=1154,1636,751,697 app=1114,1591,724,670 abs=nil,nil,nil,nil ebrake=1.00 ibrake=1.00 hasABS=0 sy=3.38 split=1.000,0.875 ===
158.27250|I|libbeamng.print:18052| === LSTM_OBS t=20 26.51118,26.08408,26.30900,26.34752,0.02576,3.37748,0.00000,-0.01736,0.00000,0.00000,0.00162,1.00000,0.00000,0.00000,0.00000,7623.09893,0.00000 ===
158.32162|I|libbeamng.print:18052| === LSTM_TRACE t=30 v=26.74 ws=26.54,26.29,25.91,26.05 cmd=0.211,0.346,0.303,0.253 cap=675,1103,617,520 des=675,1103,540,455 app=654,1078,523,439 abs=nil,nil,nil,nil ebrake=1.00 ibrake=1.00 hasABS=0 sy=4.39 split=1.000,0.875 ===
158.32167|I|libbeamng.print:18052| === LSTM_OBS t=30 26.54273,26.28683,25.91378,26.04832,0.09558,4.38740,0.00000,-0.01574,0.00000,0.00000,0.00000,1.00000,0.00000,0.00000,0.00000,7475.02261,0.00000 ===
158.37030|I|libbeamng.print:18052| === LSTM_TRACE t=40 v=26.45 ws=26.26,25.97,25.91,25.96 cmd=0.195,0.327,0.250,0.211 cap=606,1014,489,409 des=606,1014,428,358 app=588,992,415,346 abs=nil,nil,nil,nil ebrake=1.00 ibrake=1.00 hasABS=0 sy=4.89 split=1.000,0.875 ===
158.37034|I|libbeamng.print:18052| === LSTM_OBS t=40 26.25897,25.96970,25.91358,25.96281,0.21908,4.88779,0.00000,-0.02213,0.00000,0.00000,0.00000,1.00000,0.00000,0.00000,0.00000,7420.81739,0.00000 ===
158.42001|I|libbeamng.print:18052| === LSTM_TRACE t=50 v=26.17 ws=25.97,25.69,25.78,25.73 cmd=0.216,0.349,0.271,0.234 cap=651,1064,522,451 des=651,1064,457,395 app=633,1044,444,382 abs=nil,nil,nil,nil ebrake=1.00 ibrake=1.00 hasABS=0 sy=5.08 split=1.000,0.875 ===
158.42005|I|libbeamng.print:18052| === LSTM_OBS t=50 25.97469,25.68671,25.77528,25.73181,0.28052,5.07879,0.00000,-0.01754,0.00000,0.00000,0.00069,1.00000,0.00000,0.00000,0.00000,7389.03136,0.00000 ===
158.47111|I|libbeamng.print:18052| === LSTM_TRACE t=60 v=25.90 ws=25.57,25.39,25.43,25.48 cmd=0.241,0.371,0.303,0.255 cap=740,1143,583,492 des=740,1143,510,430 app=720,1124,496,417 abs=nil,nil,nil,nil ebrake=1.00 ibrake=1.00 hasABS=0 sy=5.17 split=1.000,0.875 ===
158.47116|I|libbeamng.print:18052| === LSTM_OBS t=60 25.56818,25.39198,25.43085,25.48352,0.35332,5.16606,0.00000,-0.02099,0.00000,0.00000,0.00069,1.00000,0.00000,0.00000,0.00000,7317.99851,0.00000 ===
158.52057|I|libbeamng.print:18052| === LSTM_TRACE t=70 v=25.62 ws=25.30,25.09,25.06,25.14 cmd=0.246,0.372,0.325,0.267 cap=761,1154,628,518 des=761,1154,550,453 app=742,1136,536,440 abs=nil,nil,nil,nil ebrake=1.00 ibrake=1.00 hasABS=0 sy=5.28 split=1.000,0.875 ===
158.52061|I|libbeamng.print:18052| === LSTM_OBS t=70 25.30349,25.09334,25.06213,25.13760,0.41749,5.28073,0.00000,-0.01919,0.00000,0.00000,0.00134,1.00000,0.00000,0.00000,0.00000,7232.13992,0.00000 ===
158.57070|I|libbeamng.print:18052| === LSTM_TRACE t=80 v=25.33 ws=25.00,24.72,24.76,24.97 cmd=0.290,0.420,0.346,0.284 cap=843,1243,663,543 des=843,1243,580,475 app=823,1226,566,462 abs=nil,nil,nil,nil ebrake=1.00 ibrake=1.00 hasABS=0 sy=5.47 split=1.000,0.875 ===
158.57074|I|libbeamng.print:18052| === LSTM_OBS t=80 25.00479,24.72110,24.75514,24.97244,0.51786,5.46726,0.00000,-0.04246,0.00000,0.00000,0.00115,1.00000,0.00000,0.00000,0.00000,7145.70873,0.00000 ===
158.61956|I|libbeamng.print:18052| === LSTM_TRACE t=90 v=24.99 ws=24.61,24.31,24.48,24.55 cmd=0.331,0.463,0.361,0.301 cap=993,1402,701,584 des=993,1402,613,511 app=972,1385,600,498 abs=nil,nil,nil,nil ebrake=1.00 ibrake=1.00 hasABS=0 sy=5.67 split=1.000,0.875 ===
158.61960|I|libbeamng.print:18052| === LSTM_OBS t=90 24.61008,24.31303,24.47816,24.55044,0.49310,5.67471,0.00000,-0.02573,0.00000,0.00000,0.00104,1.00000,0.00000,0.00000,0.00000,7056.39588,0.00000 ===
158.67043|I|libbeamng.print:18052| === LSTM_TRACE t=100 v=24.67 ws=24.23,23.99,24.09,24.26 cmd=0.352,0.481,0.375,0.311 cap=1059,1462,722,602 des=1059,1462,632,527 app=1038,1446,619,514 abs=nil,nil,nil,nil ebrake=1.00 ibrake=1.00 hasABS=0 sy=6.00 split=1.000,0.875 ===
158.67048|I|libbeamng.print:18052| === LSTM_OBS t=100 24.22560,23.99198,24.08983,24.26306,0.52665,6.00306,0.00000,-0.05250,0.00000,0.00000,0.00104,1.00000,0.00000,0.00000,0.00000,6959.09296,0.00000 ===
158.71959|I|libbeamng.print:18052| === LSTM_TRACE t=110 v=24.30 ws=23.85,23.56,23.68,23.90 cmd=0.339,0.467,0.384,0.314 cap=1049,1446,739,602 des=1049,1446,646,526 app=1029,1432,634,514 abs=nil,nil,nil,nil ebrake=1.00 ibrake=1.00 hasABS=0 sy=6.22 split=1.000,0.875 ===
158.71964|I|libbeamng.print:18052| === LSTM_OBS t=110 23.85237,23.55944,23.68261,23.89736,0.48211,6.21957,0.00000,-0.00877,0.00000,0.00000,0.00192,1.00000,0.00000,0.00000,0.00000,6856.98231,0.00000 ===
158.76979|I|libbeamng.print:18052| === LSTM_TRACE t=120 v=23.96 ws=23.44,23.24,23.39,23.49 cmd=0.357,0.483,0.390,0.318 cap=1102,1491,753,614 des=1102,1491,659,537 app=1083,1478,647,525 abs=nil,nil,nil,nil ebrake=1.00 ibrake=1.00 hasABS=0 sy=6.44 split=1.000,0.875 ===
158.76984|I|libbeamng.print:18052| === LSTM_OBS t=120 23.44422,23.23657,23.38592,23.49382,0.49781,6.43894,0.00000,-0.03039,0.00000,0.00000,0.00115,1.00000,0.00000,0.00000,0.00000,6754.24431,0.00000 ===
158.81982|I|libbeamng.print:18052| === LSTM_TRACE t=130 v=23.60 ws=23.02,22.91,23.05,23.14 cmd=0.378,0.503,0.397,0.329 cap=1164,1550,768,634 des=1164,1550,672,555 app=1146,1539,660,543 abs=nil,nil,nil,nil ebrake=1.00 ibrake=1.00 hasABS=0 sy=6.64 split=1.000,0.875 ===
158.81996|I|libbeamng.print:18052| === LSTM_OBS t=130 23.02411,22.90790,23.05174,23.13863,0.48143,6.64445,0.00000,-0.03568,0.00000,0.00000,0.00115,1.00000,0.00000,0.00000,0.00000,6652.04454,0.00000 ===
158.86994|I|libbeamng.print:18052| === LSTM_TRACE t=140 v=23.22 ws=22.72,22.48,22.62,22.78 cmd=0.380,0.504,0.409,0.343 cap=1140,1523,787,658 des=1140,1523,688,576 app=1124,1513,677,564 abs=nil,nil,nil,nil ebrake=1.00 ibrake=1.00 hasABS=0 sy=6.82 split=1.000,0.875 ===
158.86997|I|libbeamng.print:18052| === LSTM_OBS t=140 22.71643,22.47519,22.61741,22.78396,0.45970,6.82357,0.00000,-0.01131,0.00000,0.00000,0.00142,1.00000,0.00000,0.00000,0.00000,6547.78275,0.00000 ===
158.92011|I|libbeamng.print:18052| === LSTM_TRACE t=150 v=22.84 ws=22.30,22.04,22.28,22.36 cmd=0.373,0.493,0.413,0.347 cap=1228,1595,807,679 des=1228,1595,706,594 app=1211,1587,695,582 abs=nil,nil,nil,nil ebrake=1.00 ibrake=1.00 hasABS=0 sy=7.00 split=1.000,0.875 ===
158.92014|I|libbeamng.print:18052| === LSTM_OBS t=150 22.29516,22.03730,22.27893,22.36308,0.45669,6.99681,0.00000,-0.02203,0.00000,0.00000,0.00162,1.00000,0.00000,0.00000,0.00000,6441.05088,0.00000 ===
158.96987|I|libbeamng.print:18052| === LSTM_TRACE t=160 v=22.48 ws=21.98,21.71,21.94,22.07 cmd=0.402,0.519,0.420,0.354 cap=1218,1582,813,686 des=1218,1582,711,600 app=1203,1575,701,589 abs=nil,nil,nil,nil ebrake=1.00 ibrake=1.00 hasABS=0 sy=7.18 split=1.000,0.875 ===
158.96991|I|libbeamng.print:18052| === LSTM_OBS t=160 21.98231,21.70844,21.93644,22.06980,0.47662,7.17906,0.00000,-0.02805,0.00000,0.00000,0.00134,1.00000,0.00000,0.00000,0.00000,6333.45142,0.00000 ===
159.02031|I|libbeamng.print:18052| === LSTM_TRACE t=170 v=22.08 ws=21.46,21.36,21.44,21.63 cmd=0.418,0.530,0.430,0.364 cap=1291,1642,834,705 des=1291,1642,729,617 app=1276,1636,719,606 abs=nil,nil,nil,nil ebrake=1.00 ibrake=1.00 hasABS=0 sy=7.32 split=1.000,0.875 ===
159.02037|I|libbeamng.print:18052| === LSTM_OBS t=170 21.46389,21.35624,21.43666,21.62669,0.45025,7.31636,0.00000,-0.02540,0.00000,0.00000,0.00198,1.00000,0.00000,0.00000,0.00000,6224.78522,0.00000 ===
159.07024|I|libbeamng.print:18052| === LSTM_TRACE t=180 v=21.68 ws=21.19,20.94,21.25,21.34 cmd=0.433,0.542,0.442,0.377 cap=1251,1597,845,718 des=1251,1597,739,628 app=1238,1591,730,617 abs=nil,nil,nil,nil ebrake=1.00 ibrake=1.00 hasABS=0 sy=7.46 split=1.000,0.875 ===
159.07028|I|libbeamng.print:18052| === LSTM_OBS t=180 21.19013,20.93830,21.25477,21.33562,0.45149,7.45830,0.00000,-0.01213,0.00000,0.00000,0.00198,1.00000,0.00000,0.00000,0.00000,6114.51557,0.00000 ===
159.11959|I|libbeamng.print:18052| === LSTM_TRACE t=190 v=21.28 ws=20.78,20.60,20.86,20.96 cmd=0.442,0.551,0.447,0.383 cap=1248,1593,848,726 des=1248,1593,742,635 app=1236,1588,733,624 abs=nil,nil,nil,nil ebrake=1.00 ibrake=1.00 hasABS=0 sy=7.59 split=1.000,0.875 ===
159.11963|I|libbeamng.print:18052| === LSTM_OBS t=190 20.77585,20.59980,20.86070,20.95591,0.41627,7.58663,0.00000,-0.01288,0.00000,0.00000,0.00176,1.00000,0.00000,0.00000,0.00000,6001.67731,0.00000 ===
159.17035|I|libbeamng.print:18052| === LSTM_TRACE t=200 v=20.88 ws=20.34,20.07,20.44,20.56 cmd=0.444,0.548,0.452,0.392 cap=1331,1663,872,754 des=1331,1663,763,660 app=1320,1659,754,649 abs=nil,nil,nil,nil ebrake=1.00 ibrake=1.00 hasABS=0 sy=7.71 split=1.000,0.875 ===
159.17039|I|libbeamng.print:18052| === LSTM_OBS t=200 20.34373,20.06646,20.43717,20.55729,0.39904,7.70702,0.00000,-0.01316,0.00000,0.00000,0.00198,1.00000,0.00000,0.00000,0.00000,5886.55934,0.00000 ===
159.22001|I|libbeamng.print:18052| === LSTM_TRACE t=210 v=20.49 ws=19.80,19.77,19.90,20.03 cmd=0.450,0.549,0.459,0.403 cap=1411,1720,893,781 des=1411,1720,782,684 app=1399,1717,773,673 abs=nil,nil,nil,nil ebrake=1.00 ibrake=1.00 hasABS=0 sy=7.82 split=1.000,0.875 ===
159.22005|I|libbeamng.print:18052| === LSTM_OBS t=210 19.80202,19.76994,19.90024,20.03470,0.38075,7.81556,0.00000,-0.01323,0.00000,0.00000,0.00176,1.00000,0.00000,0.00000,0.00000,5770.38899,0.00000 ===
159.27056|I|libbeamng.print:18052| === LSTM_TRACE t=220 v=20.07 ws=19.40,19.28,19.47,19.65 cmd=0.440,0.537,0.462,0.406 cap=1433,1726,900,794 des=1433,1726,788,694 app=1422,1723,779,684 abs=nil,nil,nil,nil ebrake=1.00 ibrake=1.00 hasABS=0 sy=7.91 split=1.000,0.875 ===
159.27061|I|libbeamng.print:18052| === LSTM_OBS t=220 19.39700,19.27652,19.47055,19.64947,0.37919,7.91456,0.00000,-0.01634,0.00000,0.00000,0.00142,1.00000,0.00000,0.00000,0.00000,5652.12677,0.00000 ===
159.32057|I|libbeamng.print:18052| === LSTM_TRACE t=230 v=19.65 ws=18.88,18.86,19.09,19.26 cmd=0.443,0.535,0.464,0.412 cap=1487,1768,915,810 des=1487,1768,801,709 app=1477,1765,792,699 abs=nil,nil,nil,nil ebrake=1.00 ibrake=1.00 hasABS=0 sy=8.03 split=1.000,0.875 ===
159.32061|I|libbeamng.print:18052| === LSTM_OBS t=230 18.87538,18.85577,19.09135,19.26255,0.34725,8.03084,0.00000,-0.00809,0.00000,0.00000,0.00198,1.00000,0.00000,0.00000,0.00000,5535.79139,0.00000 ===
159.37055|I|libbeamng.print:18052| === LSTM_TRACE t=240 v=19.22 ws=18.74,18.53,18.76,18.83 cmd=0.510,0.592,0.477,0.429 cap=1403,1677,902,812 des=1403,1677,790,711 app=1394,1675,782,701 abs=nil,nil,nil,nil ebrake=1.00 ibrake=1.00 hasABS=0 sy=8.14 split=1.000,0.875 ===
159.37059|I|libbeamng.print:18052| === LSTM_OBS t=240 18.73794,18.52915,18.76008,18.83221,0.32074,8.14347,0.00000,-0.01281,0.00000,0.00000,0.00198,1.00000,0.00000,0.00000,0.00000,5418.44606,0.00000 ===
159.41988|I|libbeamng.print:18052| === LSTM_TRACE t=250 v=18.80 ws=18.29,18.12,18.28,18.39 cmd=0.544,0.617,0.479,0.436 cap=1411,1672,919,837 des=1411,1672,804,732 app=1402,1671,796,722 abs=nil,nil,nil,nil ebrake=1.00 ibrake=1.00 hasABS=0 sy=8.25 split=1.000,0.875 ===
159.41992|I|libbeamng.print:18052| === LSTM_OBS t=250 18.28971,18.11720,18.28300,18.39319,0.30145,8.24531,0.00000,-0.01450,0.00000,0.00000,0.00189,1.00000,0.00000,0.00000,0.00000,5298.59614,0.00000 ===
159.46980|I|libbeamng.print:18052| === LSTM_TRACE t=260 v=18.36 ws=17.85,17.50,17.88,17.93 cmd=0.517,0.586,0.477,0.440 cap=1568,1791,925,852 des=1568,1791,809,745 app=1559,1790,802,735 abs=nil,nil,nil,nil ebrake=1.00 ibrake=1.00 hasABS=0 sy=8.37 split=1.000,0.875 ===
159.46984|I|libbeamng.print:18052| === LSTM_OBS t=260 17.84601,17.49947,17.87975,17.93477,0.28151,8.36519,0.00000,-0.00597,0.00000,0.00000,0.00216,1.00000,0.00000,0.00000,0.00000,5176.71296,0.00000 ===
159.52076|I|libbeamng.print:18052| === LSTM_TRACE t=270 v=17.92 ws=17.10,17.20,17.53,17.61 cmd=0.488,0.559,0.480,0.448 cap=1590,1785,914,856 des=1590,1785,800,749 app=1582,1785,793,739 abs=nil,nil,nil,nil ebrake=1.00 ibrake=1.00 hasABS=0 sy=8.48 split=1.000,0.875 ===
159.52080|I|libbeamng.print:18052| === LSTM_OBS t=270 17.09650,17.20492,17.52538,17.61080,0.25247,8.47920,0.00000,-0.01300,0.00000,0.00000,0.00210,1.00000,0.00000,0.00000,0.00000,5053.19409,0.00000 ===
159.56993|I|libbeamng.print:18052| === LSTM_TRACE t=280 v=17.47 ws=16.66,16.79,17.03,17.09 cmd=0.502,0.574,0.474,0.446 cap=1297,1516,890,844 des=1297,1516,779,738 app=1475,1616,772,729 abs=nil,nil,nil,nil ebrake=1.00 ibrake=1.00 hasABS=0 sy=8.58 split=1.000,0.875 ===
159.56997|I|libbeamng.print:18052| === LSTM_OBS t=280 16.66147,16.79195,17.02887,17.08651,0.22231,8.57658,0.00000,-0.00746,0.00000,0.00000,0.00124,1.00000,0.00000,0.00000,0.00000,4930.84694,0.00000 ===
159.62338|I|libbeamng.print:18052| === LSTM_TRACE t=290 v=17.02 ws=16.07,15.92,16.69,16.62 cmd=0.427,0.495,0.483,0.463 cap=1547,1698,878,845 des=1547,1698,769,739 app=1649,1831,762,730 abs=nil,nil,nil,nil ebrake=1.00 ibrake=1.00 hasABS=0 sy=8.70 split=1.000,0.875 ===
159.62342|I|libbeamng.print:18052| === LSTM_OBS t=290 16.07123,15.91539,16.68717,16.62359,0.20530,8.69552,0.00000,-0.00126,0.00000,0.00000,0.00278,1.00000,0.00000,0.00000,0.00000,4808.09494,0.00000 ===
159.67082|I|libbeamng.print:18052| === LSTM_TRACE t=300 v=16.55 ws=16.26,16.07,16.14,16.20 cmd=0.784,0.785,0.435,0.422 cap=1983,2108,898,860 des=1983,2108,786,752 app=1703,1922,779,743 abs=nil,nil,nil,nil ebrake=1.00 ibrake=1.00 hasABS=0 sy=8.83 split=1.000,0.875 ===
159.67087|I|libbeamng.print:18052| === LSTM_OBS t=300 16.25665,16.07497,16.14367,16.19802,0.17920,8.82575,0.00000,-0.00322,0.00000,0.00000,0.00216,1.00000,0.00000,0.00000,0.00000,4680.53609,0.00000 ===
159.72108|I|libbeamng.print:18052| === LSTM_TRACE t=310 v=16.10 ws=15.26,15.25,15.72,15.68 cmd=0.530,0.565,0.471,0.465 cap=1908,1956,865,857 des=1908,1956,757,750 app=1902,1956,750,741 abs=nil,nil,nil,nil ebrake=1.00 ibrake=1.00 hasABS=0 sy=8.92 split=1.000,0.875 ===
159.72112|I|libbeamng.print:18052| === LSTM_OBS t=310 15.26075,15.24864,15.71768,15.68297,0.17169,8.92314,0.00000,-0.01251,0.00000,0.00000,0.00254,1.00000,0.00000,0.00000,0.00000,4554.56629,0.00000 ===
159.77192|I|libbeamng.print:18052| === LSTM_TRACE t=320 v=15.58 ws=14.68,14.61,14.71,14.51 cmd=0.648,0.658,0.448,0.455 cap=1999,2036,854,865 des=1999,2036,748,757 app=1993,2036,741,748 abs=nil,nil,nil,nil ebrake=1.00 ibrake=1.00 hasABS=0 sy=9.16 split=1.000,0.875 ===
159.77196|I|libbeamng.print:18052| === LSTM_OBS t=320 14.68369,14.61226,14.70725,14.51239,0.14743,9.15824,0.00000,-0.00397,0.00000,0.00000,0.00285,1.00000,0.00000,0.00000,0.00000,4477.45510,0.00000 ===
159.82584|I|libbeamng.print:18052| === LSTM_TRACE t=330 v=15.01 ws=13.98,13.94,13.90,13.66 cmd=0.732,0.725,0.462,0.472 cap=2277,2257,910,930 des=2277,2257,797,814 app=2270,2257,790,804 abs=nil,nil,nil,nil ebrake=1.00 ibrake=1.00 hasABS=0 sy=9.69 split=1.000,0.875 ===
159.82588|I|libbeamng.print:18052| === LSTM_OBS t=330 13.97960,13.94135,13.89627,13.65651,0.13039,9.69320,0.00000,-0.00301,0.00000,0.00000,0.00244,1.00000,0.00000,0.00000,0.00000,4500.85051,0.00000 ===
159.87359|I|libbeamng.print:18052| === LSTM_TRACE t=340 v=14.43 ws=13.27,13.50,13.09,12.55 cmd=0.631,0.643,0.438,0.446 cap=2312,2290,855,868 des=2312,2290,748,760 app=2306,2290,741,751 abs=nil,nil,nil,nil ebrake=1.00 ibrake=1.00 hasABS=0 sy=10.23 split=1.000,0.875 ===
159.87363|I|libbeamng.print:18052| === LSTM_OBS t=340 13.26592,13.49988,13.08611,12.55141,0.12284,10.22584,0.00000,0.00290,0.00000,0.00000,0.00280,1.00000,0.00000,0.00000,0.00000,4512.38961,0.00000 ===
159.92375|I|libbeamng.print:18052| === LSTM_TRACE t=350 v=13.87 ws=12.88,13.16,12.46,11.66 cmd=0.624,0.624,0.413,0.421 cap=2106,2070,753,770 des=2106,2070,659,673 app=2101,2070,653,665 abs=nil,nil,nil,nil ebrake=1.00 ibrake=1.00 hasABS=0 sy=10.58 split=1.000,0.875 ===
159.92379|I|libbeamng.print:18052| === LSTM_OBS t=350 12.88173,13.16092,12.46222,11.65777,0.10986,10.58012,0.00000,0.00091,0.00000,0.00000,0.00326,1.00000,0.00000,0.00000,0.00000,4512.97543,0.00000 ===
159.97346|I|libbeamng.print:18052| === LSTM_TRACE t=360 v=13.31 ws=12.40,12.62,11.77,10.96 cmd=0.480,0.488,0.391,0.415 cap=2555,2431,717,743 des=2555,2431,627,650 app=2534,2431,622,642 abs=nil,nil,nil,nil ebrake=1.00 ibrake=1.00 hasABS=0 sy=10.78 split=1.000,0.875 ===
159.97351|I|libbeamng.print:18052| === LSTM_OBS t=360 12.39684,12.61883,11.77206,10.95828,0.07603,10.78257,0.00000,0.00458,0.00000,0.00000,0.00375,1.00000,0.00000,0.00000,0.00000,4529.29562,0.00000 ===
160.02394|I|libbeamng.print:18052| === LSTM_TRACE t=370 v=12.73 ws=11.90,12.10,11.42,10.11 cmd=0.734,0.719,0.375,0.372 cap=1252,1339,783,818 des=1252,1339,685,716 app=1761,1656,678,707 abs=nil,nil,nil,nil ebrake=1.00 ibrake=1.00 hasABS=0 sy=10.93 split=1.000,0.875 ===
160.02403|I|libbeamng.print:18052| === LSTM_OBS t=370 11.90169,12.10347,11.42293,10.11482,0.06077,10.92958,0.00000,0.00587,0.00000,0.00000,0.00134,1.00000,0.00000,0.00000,0.00000,4551.74919,0.00000 ===
160.07338|I|libbeamng.print:18052| === LSTM_TRACE t=380 v=12.18 ws=11.40,11.58,11.40,9.85 cmd=0.453,0.458,0.423,0.457 cap=2572,2438,745,778 des=2572,2438,652,681 app=2535,2431,645,672 abs=nil,nil,nil,nil ebrake=1.00 ibrake=1.00 hasABS=0 sy=11.03 split=1.000,0.875 ===
160.07342|I|libbeamng.print:18052| === LSTM_OBS t=380 11.39595,11.58135,11.40369,9.85255,0.04151,11.02775,0.00000,0.01260,0.00000,0.00000,0.00395,1.00000,0.00000,0.00000,0.00000,4540.34174,0.00000 ===
160.12398|I|libbeamng.print:18052| === LSTM_TRACE t=390 v=11.61 ws=10.82,11.03,11.04,9.78 cmd=0.764,0.736,0.438,0.435 cap=989,1075,937,980 des=989,1075,820,857 app=1761,1656,811,846 abs=nil,nil,nil,nil ebrake=1.00 ibrake=1.00 hasABS=0 sy=11.07 split=1.000,0.875 ===
160.12406|I|libbeamng.print:18052| === LSTM_OBS t=390 10.81949,11.03387,11.04475,9.78230,0.02435,11.06552,0.00000,0.01573,0.00000,0.00000,0.00216,1.00000,0.00000,0.00000,0.00000,4495.19514,0.00000 ===
160.17344|I|libbeamng.print:18052| === LSTM_TRACE t=400 v=11.08 ws=10.34,10.56,10.54,10.11 cmd=0.401,0.409,0.498,0.540 cap=2554,2418,901,946 des=2554,2418,788,827 app=2445,2395,780,816 abs=nil,nil,nil,nil ebrake=1.00 ibrake=1.00 hasABS=0 sy=11.03 split=1.000,0.875 ===
160.17348|I|libbeamng.print:18052| === LSTM_OBS t=400 10.33603,10.56468,10.54167,10.11028,-0.01621,11.03313,0.00000,0.01913,0.00000,0.00000,0.00367,1.00000,0.00000,0.00000,0.00000,4424.60824,0.00000 ===
160.22351|I|libbeamng.print:18052| === LSTM_TRACE t=410 v=10.52 ws=9.84,10.02,9.97,10.12 cmd=0.688,0.672,0.507,0.518 cap=1167,1226,1083,1151 des=1167,1226,948,1007 app=1672,1620,938,994 abs=nil,nil,nil,nil ebrake=1.00 ibrake=1.00 hasABS=0 sy=10.96 split=1.000,0.875 ===
160.22355|I|libbeamng.print:18052| === LSTM_OBS t=410 9.84119,10.02152,9.96757,10.11844,-0.07338,10.96068,0.00000,0.01059,0.00000,0.00000,0.00085,1.00000,0.00000,0.00000,0.00000,4341.24913,0.00000 ===
160.27325|I|libbeamng.print:18052| === LSTM_TRACE t=420 v=10.04 ws=9.31,9.50,9.64,9.79 cmd=0.428,0.438,0.566,0.609 cap=2516,2417,1027,1066 des=2516,2417,898,933 app=2445,2395,889,920 abs=nil,nil,nil,nil ebrake=1.00 ibrake=1.00 hasABS=0 sy=10.82 split=1.000,0.875 ===
160.27329|I|libbeamng.print:18052| === LSTM_OBS t=420 9.31269,9.50312,9.64020,9.78969,-0.11779,10.82353,0.00000,-0.00060,0.00000,0.00000,0.00278,1.00000,0.00000,0.00000,0.00000,4226.63920,0.00000 ===
160.32351|I|libbeamng.print:18052| === LSTM_TRACE t=430 v=9.52 ws=8.84,9.00,9.28,9.21 cmd=0.684,0.684,0.576,0.585 cap=887,1030,1223,1273 des=887,1030,1070,1113 app=1671,1618,1059,1099 abs=nil,nil,nil,nil ebrake=1.00 ibrake=1.00 hasABS=0 sy=10.60 split=1.000,0.875 ===
160.32361|I|libbeamng.print:18052| === LSTM_OBS t=430 8.83786,9.00437,9.27909,9.21460,-0.13765,10.59942,0.00000,-0.00162,0.00000,0.00000,0.00085,1.00000,0.00000,0.00000,0.00000,4065.86150,0.00000 ===
160.37356|I|libbeamng.print:18052| === LSTM_TRACE t=440 v=9.05 ws=8.33,8.48,8.67,8.82 cmd=0.400,0.406,0.618,0.669 cap=2501,2400,1105,1161 des=2501,2400,967,1016 app=2372,2393,957,1003 abs=nil,nil,nil,nil ebrake=1.00 ibrake=1.00 hasABS=0 sy=10.36 split=1.000,0.875 ===
160.37361|I|libbeamng.print:18052| === LSTM_OBS t=440 8.33353,8.48436,8.66559,8.81629,-0.11286,10.36411,0.00000,0.00251,0.00000,0.00000,0.00338,1.00000,0.00000,0.00000,0.00000,3874.36338,0.00000 ===
160.42343|I|libbeamng.print:18052| === LSTM_TRACE t=450 v=8.55 ws=8.11,7.89,8.46,8.24 cmd=0.632,0.629,0.587,0.609 cap=1092,1169,1284,1354 des=1092,1169,1124,1185 app=1598,1605,1112,1170 abs=nil,nil,nil,nil ebrake=1.00 ibrake=1.00 hasABS=0 sy=10.16 split=1.000,0.875 ===
160.42350|I|libbeamng.print:18052| === LSTM_OBS t=450 8.10929,7.88905,8.46358,8.24198,-0.09158,10.16443,0.00000,-0.00858,0.00000,0.00000,0.00154,1.00000,0.00000,0.00000,0.00000,3674.97899,0.00000 ===
160.47298|I|libbeamng.print:18052| === LSTM_TRACE t=460 v=8.11 ws=7.59,7.76,8.08,7.84 cmd=0.426,0.419,0.630,0.685 cap=2368,2232,1087,1167 des=2368,2232,951,1021 app=2224,2132,941,1009 abs=nil,nil,nil,nil ebrake=1.00 ibrake=1.00 hasABS=0 sy=9.94 split=1.000,0.875 ===
160.47302|I|libbeamng.print:18052| === LSTM_OBS t=460 7.59171,7.76349,8.07609,7.83637,-0.07442,9.93854,0.00000,-0.00571,0.00000,0.00000,0.00338,1.00000,0.00000,0.00000,0.00000,3475.70155,0.00000 ===
160.52363|I|libbeamng.print:18052| === LSTM_TRACE t=470 v=7.62 ws=7.36,7.19,7.61,7.40 cmd=0.614,0.602,0.589,0.608 cap=777,857,1223,1291 des=777,857,1070,1129 app=1451,1357,1059,1115 abs=nil,nil,nil,nil ebrake=1.00 ibrake=1.00 hasABS=0 sy=9.72 split=1.000,0.875 ===
160.52367|I|libbeamng.print:18052| === LSTM_OBS t=470 7.36279,7.19400,7.60754,7.40446,-0.03960,9.72446,0.00000,0.00935,0.00000,0.00000,0.00146,1.00000,0.00000,0.00000,0.00000,3290.12498,0.00000 ===
160.57324|I|libbeamng.print:18052| === LSTM_TRACE t=480 v=7.18 ws=6.78,6.89,7.12,7.15 cmd=0.340,0.324,0.592,0.650 cap=2545,2363,993,1066 des=2545,2363,869,933 app=2223,2131,860,922 abs=nil,nil,nil,nil ebrake=1.00 ibrake=1.00 hasABS=0 sy=9.56 split=1.000,0.875 ===
160.57328|I|libbeamng.print:18052| === LSTM_OBS t=480 6.77646,6.88704,7.11806,7.15376,-0.06827,9.56163,0.00000,0.01209,0.00000,0.00000,0.00401,1.00000,0.00000,0.00000,0.00000,3109.69593,0.00000 ===
160.62296|I|libbeamng.print:18052| === LSTM_TRACE t=490 v=6.73 ws=6.23,6.54,6.48,6.69 cmd=0.614,0.584,0.542,0.559 cap=781,826,1188,1242 des=781,826,1040,1087 app=1450,1356,1029,1073 abs=nil,nil,nil,nil ebrake=1.00 ibrake=1.00 hasABS=0 sy=9.39 split=1.000,0.875 ===
160.62302|I|libbeamng.print:18052| === LSTM_OBS t=490 6.22595,6.53525,6.47985,6.69394,-0.03202,9.38657,0.00000,0.00226,0.00000,0.00000,0.00115,1.00000,0.00000,0.00000,0.00000,2925.62999,0.00000 ===
160.67493|I|libbeamng.print:18052| === LSTM_TRACE t=500 v=6.30 ws=6.02,5.98,6.38,6.18 cmd=0.366,0.343,0.549,0.592 cap=2379,2188,962,1009 des=2379,2188,842,883 app=2222,2130,833,872 abs=nil,nil,nil,nil ebrake=1.00 ibrake=1.00 hasABS=0 sy=9.22 split=1.000,0.875 ===
160.67497|I|libbeamng.print:18052| === LSTM_OBS t=500 6.02029,5.98062,6.38204,6.17689,-0.00746,9.22437,0.00000,0.00134,0.00000,0.00000,0.00388,1.00000,0.00000,0.00000,0.00000,2741.93877,0.00000 ===
160.72453|I|libbeamng.print:18052| === LSTM_TRACE t=510 v=5.86 ws=5.64,5.72,5.66,5.60 cmd=0.540,0.516,0.569,0.578 cap=696,722,1144,1206 des=696,722,1001,1055 app=1288,1243,990,1042 abs=nil,nil,nil,nil ebrake=1.00 ibrake=1.00 hasABS=0 sy=9.09 split=1.000,0.875 ===
160.72457|I|libbeamng.print:18052| === LSTM_OBS t=510 5.64447,5.71955,5.66145,5.59641,-0.03286,9.09243,0.00000,-0.00360,0.00000,0.00000,0.00198,1.00000,0.00000,0.00000,0.00000,2562.64668,0.00000 ===
160.77452|I|libbeamng.print:18052| === LSTM_TRACE t=520 v=5.45 ws=5.15,5.41,5.26,5.59 cmd=0.303,0.297,0.502,0.529 cap=2147,1955,936,967 des=2147,1955,819,847 app=1963,1913,810,835 abs=nil,nil,nil,nil ebrake=1.00 ibrake=1.00 hasABS=0 sy=8.88 split=1.000,0.875 ===
160.77459|I|libbeamng.print:18052| === LSTM_OBS t=520 5.14535,5.40512,5.26005,5.58764,-0.03613,8.88053,0.00000,0.00886,0.00000,0.00000,0.00239,1.00000,0.00000,0.00000,0.00000,2388.02842,0.00000 ===
160.82453|I|libbeamng.print:18052| === LSTM_TRACE t=530 v=5.06 ws=4.68,4.96,4.67,5.06 cmd=0.487,0.479,0.518,0.514 cap=566,631,1030,1059 des=566,631,902,927 app=1112,1059,891,915 abs=nil,nil,nil,nil ebrake=1.00 ibrake=1.00 hasABS=0 sy=8.59 split=1.000,0.875 ===
160.82457|I|libbeamng.print:18052| === LSTM_OBS t=530 4.67815,4.95927,4.67098,5.05623,-0.01238,8.59210,0.00000,0.00878,0.00000,0.00000,0.00000,1.00000,0.00000,0.00000,0.00000,2219.43243,0.00000 ===
160.87472|I|libbeamng.print:18052| === LSTM_TRACE t=540 v=4.69 ws=4.38,4.85,4.34,4.84 cmd=0.523,0.487,0.488,0.499 cap=2125,1980,958,948 des=2125,1980,839,830 app=1684,1689,829,818 abs=nil,nil,nil,nil ebrake=1.00 ibrake=1.00 hasABS=0 sy=8.30 split=1.000,0.875 ===
160.87477|I|libbeamng.print:18052| === LSTM_OBS t=540 4.37622,4.85203,4.33809,4.83831,0.00117,8.29813,0.00000,0.00601,0.00000,0.00000,0.00635,1.00000,0.00000,0.00000,0.00000,2050.91463,0.00000 ===
160.92449|I|libbeamng.print:18052| === LSTM_TRACE t=550 v=4.30 ws=4.20,3.70,4.03,4.19 cmd=0.490,0.542,0.568,0.558 cap=1296,1470,1070,1036 des=1296,1470,936,907 app=1291,1468,925,894 abs=nil,nil,nil,nil ebrake=1.00 ibrake=1.00 hasABS=0 sy=8.10 split=1.000,0.875 ===
160.92453|I|libbeamng.print:18052| === LSTM_OBS t=550 4.20396,3.70456,4.02773,4.19199,-0.02371,8.10252,0.00000,0.00256,0.00000,0.00000,0.00375,1.00000,0.00000,0.00000,0.00000,1880.69794,0.00000 ===
160.97092|I|libbeamng.print:18052| === LSTM_TRACE t=560 v=3.83 ws=3.19,3.47,3.62,3.57 cmd=0.713,0.787,0.708,0.688 cap=2199,2383,1374,1354 des=2199,2383,1202,1184 app=2188,2378,1187,1167 abs=nil,nil,nil,nil ebrake=1.00 ibrake=1.00 hasABS=0 sy=8.27 split=1.000,0.875 ===
160.97095|I|libbeamng.print:18052| === LSTM_OBS t=560 3.18600,3.46985,3.62421,3.56799,0.02771,8.26990,0.00000,-0.01712,0.00000,0.00000,0.00000,1.00000,0.00000,0.00000,0.00000,1721.17332,0.00000 ===
161.02199|I|libbeamng.print:18052| === LSTM_TRACE t=570 v=3.30 ws=2.81,1.39,3.23,2.98 cmd=0.766,0.830,0.751,0.776 cap=2276,2504,1446,1492 des=2276,2504,1266,1305 app=2265,2498,1250,1286 abs=nil,nil,nil,nil ebrake=1.00 ibrake=1.00 hasABS=0 sy=8.79 split=1.000,0.875 ===
161.02204|I|libbeamng.print:18052| === LSTM_OBS t=570 2.80877,1.38719,3.22668,2.98303,-0.01453,8.78936,0.00000,-0.01120,0.00000,0.00000,0.00183,1.00000,0.00000,0.00000,0.00000,1520.78776,0.00000 ===
161.07076|I|libbeamng.print:18052| === LSTM_TRACE t=580 v=2.75 ws=0.12,0.07,2.32,2.16 cmd=0.966,0.957,0.785,0.831 cap=2962,2941,1532,1625 des=2962,2941,1340,1422 app=2946,2932,1323,1401 abs=nil,nil,nil,nil ebrake=1.00 ibrake=1.00 hasABS=0 sy=9.34 split=1.000,0.875 ===
161.07080|I|libbeamng.print:18052| === LSTM_OBS t=580 0.11624,0.07236,2.32091,2.16079,0.00322,9.33702,0.00000,-0.00047,0.00000,0.00000,0.00457,1.00000,0.00000,0.00000,0.00000,1304.62361,0.00000 ===
161.12076|I|libbeamng.print:18052| === LSTM_TRACE t=590 v=2.21 ws=0.03,0.01,2.02,1.77 cmd=0.988,0.983,0.808,0.833 cap=3059,3043,1554,1609 des=3059,3043,1360,1408 app=3040,3033,1342,1387 abs=nil,nil,nil,nil ebrake=1.00 ibrake=1.00 hasABS=0 sy=9.77 split=1.000,0.875 ===
161.12082|I|libbeamng.print:18052| === LSTM_OBS t=590 0.03198,0.01467,2.01664,1.77142,-0.01646,9.77282,0.00000,0.00161,0.00000,0.00000,0.00455,1.00000,0.00000,0.00000,0.00000,1085.85518,0.00000 ===
161.17065|I|libbeamng.print:18052| === LSTM_TRACE t=600 v=1.64 ws=0.01,0.00,0.41,1.48 cmd=0.995,0.992,0.853,0.864 cap=3084,3072,1656,1679 des=3084,3072,1449,1469 app=3064,3061,1430,1446 abs=nil,nil,nil,nil ebrake=1.00 ibrake=1.00 hasABS=0 sy=10.19 split=1.000,0.875 ===
161.17069|I|libbeamng.print:18052| === LSTM_OBS t=600 0.01154,0.00348,0.41128,1.48016,0.04463,10.18736,0.00000,-0.00201,0.00000,0.00000,0.00459,1.00000,0.00000,0.00000,0.00000,881.23844,0.00000 ===
161.22165|I|libbeamng.print:18052| === LSTM_TRACE t=610 v=1.07 ws=0.01,0.01,0.09,0.82 cmd=0.996,0.993,0.855,0.862 cap=3088,3079,1660,1673 des=3088,3079,1453,1464 app=3066,3066,1432,1441 abs=nil,nil,nil,nil ebrake=1.00 ibrake=1.00 hasABS=0 sy=10.50 split=1.000,0.875 ===
161.22169|I|libbeamng.print:18052| === LSTM_OBS t=610 0.00596,0.00617,0.08743,0.81568,-0.02550,10.49803,0.00000,-0.01722,0.00000,0.00000,0.00557,1.00000,0.00000,0.00000,0.00000,751.46817,0.00000 ===
166.21211|I|libbeamng.print:18052| === LSTM_ABS: lens 'baseline_dyn' loaded (17 in, 64 hidden, 2 layers) ===
166.21399|I|libbeamng.print:18052| === LSTM_ABS SELFTEST lens=baseline_dyn cmd=0.848090,0.913097,0.917436,0.897752 ===
187.58289|I|libbeamng.print:18052| === LSTM_TRACE t=0 v=27.72 ws=27.67,27.80,27.38,27.51 cmd=0.834,0.696,0.303,0.311 cap=155,155,97,97 des=155,155,85,85 app=142,142,78,78 abs=nil,nil,nil,nil ebrake=1.00 ibrake=1.00 hasABS=0 sy=1.58 split=1.000,0.875 ===
187.58293|I|libbeamng.print:18052| === LSTM_OBS t=0 27.67464,27.80004,27.38432,27.50537,-0.02012,1.58047,0.00000,-0.01150,0.00000,0.00000,0.00049,1.00000,0.00000,0.00000,0.00000,7859.39490,0.00000 ===
187.63340|I|libbeamng.print:18052| === LSTM_TRACE t=10 v=27.49 ws=26.13,26.09,27.09,27.02 cmd=0.690,0.804,0.791,0.799 cap=1951,2356,1336,1381 des=1951,2356,1169,1209 app=1798,2020,815,842 abs=nil,nil,nil,nil ebrake=1.00 ibrake=1.00 hasABS=0 sy=1.96 split=1.000,0.875 ===
187.63346|I|libbeamng.print:18052| === LSTM_OBS t=10 26.13255,26.08565,27.08533,27.02204,0.02725,1.96233,0.00000,-0.00856,0.00000,0.00000,0.00154,1.00000,0.00000,0.00000,0.00000,7816.20869,0.00000 ===
187.65656|I|libbeamng.print:18052| === LSTM_ABS DBG raw=24.8702,24.3338,26.6663,26.7527,-0.0129,2.4893,0.0000,0.0079,0.0000,0.0000,0.0030,1.0000,0.0000,0.0000,0.0000,7756.5934,0.0000 ===
187.65659|I|libbeamng.print:18052| === LSTM_ABS DBG norm=0.52,0.49,0.58,0.58,0.03,-2.15,0.00,0.08,-0.03,-0.05,-0.00,0.50,-0.01,0.00,0.00,1.76,0.00 ===
187.65659|I|libbeamng.print:18052| === LSTM_ABS DBG cmd=0.7627,0.7764,0.8833,0.8750 ===
187.68475|I|libbeamng.print:18052| === LSTM_TRACE t=20 v=26.97 ws=23.82,23.59,25.81,25.99 cmd=0.812,0.797,0.864,0.863 cap=2506,2476,1683,1679 des=2506,2476,1473,1469 app=2348,2319,1379,1376 abs=nil,nil,nil,nil ebrake=1.00 ibrake=1.00 hasABS=0 sy=3.66 split=1.000,0.875 ===
187.68480|I|libbeamng.print:18052| === LSTM_OBS t=20 23.81760,23.58960,25.81353,25.98694,0.00438,3.65536,0.00000,0.02580,0.00000,0.00000,0.00305,1.00000,0.00000,0.00000,0.00000,7590.49838,0.00000 ===
187.73607|I|libbeamng.print:18052| === LSTM_TRACE t=30 v=26.46 ws=22.22,22.95,24.49,24.99 cmd=0.780,0.786,0.831,0.837 cap=2519,2541,1593,1606 des=2519,2541,1394,1405 app=2390,2411,1323,1334 abs=nil,nil,nil,nil ebrake=1.00 ibrake=1.00 hasABS=0 sy=5.48 split=1.000,0.875 ===
187.73619|I|libbeamng.print:18052| === LSTM_OBS t=30 22.22031,22.94664,24.48959,24.99217,-0.02862,5.48342,0.00000,0.00461,0.00000,0.00000,0.00256,1.00000,0.00000,0.00000,0.00000,7249.86482,0.00000 ===
187.78412|I|libbeamng.print:18052| === LSTM_TRACE t=40 v=25.91 ws=20.90,23.07,23.45,24.29 cmd=0.785,0.802,0.796,0.806 cap=2455,2498,1552,1571 des=2455,2498,1358,1375 app=2351,2393,1301,1319 abs=nil,nil,nil,nil ebrake=1.00 ibrake=1.00 hasABS=0 sy=7.06 split=1.000,0.875 ===
187.78417|I|libbeamng.print:18052| === LSTM_OBS t=40 20.90373,23.06574,23.45403,24.28762,-0.02072,7.05840,0.00000,-0.02571,0.00000,0.00000,0.00285,1.00000,0.00000,0.00000,0.00000,6947.02074,0.00000 ===
187.83335|I|libbeamng.print:18052| === LSTM_TRACE t=50 v=25.30 ws=20.00,23.24,22.57,23.60 cmd=0.769,0.814,0.805,0.808 cap=2399,2504,1522,1529 des=2399,2504,1331,1338 app=2313,2418,1285,1292 abs=nil,nil,nil,nil ebrake=1.00 ibrake=1.00 hasABS=0 sy=8.44 split=1.000,0.875 ===
187.83339|I|libbeamng.print:18052| === LSTM_OBS t=50 20.00439,23.23694,22.57173,23.60157,-0.00228,8.43712,0.00000,-0.03240,0.00000,0.00000,0.00326,1.00000,0.00000,0.00000,0.00000,6706.82909,0.00000 ===
187.88312|I|libbeamng.print:18052| === LSTM_TRACE t=60 v=24.68 ws=19.21,22.78,21.68,22.79 cmd=0.770,0.824,0.808,0.801 cap=2380,2502,1569,1557 des=2380,2502,1373,1363 app=2307,2432,1332,1323 abs=nil,nil,nil,nil ebrake=1.00 ibrake=1.00 hasABS=0 sy=9.49 split=1.000,0.875 ===
187.88315|I|libbeamng.print:18052| === LSTM_OBS t=60 19.20734,22.77882,21.68434,22.79373,0.04126,9.48585,0.00000,-0.03577,0.00000,0.00000,0.00293,1.00000,0.00000,0.00000,0.00000,6487.43570,0.00000 ===
187.93338|I|libbeamng.print:18052| === LSTM_TRACE t=70 v=24.09 ws=18.60,22.01,21.08,22.00 cmd=0.742,0.791,0.845,0.834 cap=2514,2613,1584,1557 des=2514,2613,1386,1363 app=2447,2553,1350,1329 abs=nil,nil,nil,nil ebrake=1.00 ibrake=1.00 hasABS=0 sy=10.24 split=1.000,0.875 ===
187.93347|I|libbeamng.print:18052| === LSTM_OBS t=70 18.59888,22.01075,21.08069,22.00148,0.09318,10.23849,0.00000,-0.04041,0.00000,0.00000,0.00388,1.00000,0.00000,0.00000,0.00000,6268.51183,0.00000 ===
187.98304|I|libbeamng.print:18052| === LSTM_TRACE t=80 v=23.49 ws=17.86,20.87,20.42,21.06 cmd=0.778,0.808,0.832,0.819 cap=2260,2395,1662,1637 des=2260,2395,1454,1433 app=2208,2350,1421,1402 abs=nil,nil,nil,nil ebrake=1.00 ibrake=1.00 hasABS=0 sy=10.76 split=1.000,0.875 ===
187.98308|I|libbeamng.print:18052| === LSTM_OBS t=80 17.85678,20.87147,20.42496,21.06374,0.15327,10.76116,0.00000,-0.04092,0.00000,0.00000,0.00407,1.00000,0.00000,0.00000,0.00000,6035.54151,0.00000 ===
188.03275|I|libbeamng.print:18052| === LSTM_TRACE t=90 v=22.90 ws=16.82,19.57,19.68,20.05 cmd=0.662,0.699,0.869,0.857 cap=2431,2518,1613,1584 des=2431,2518,1411,1386 app=2381,2477,1383,1360 abs=nil,nil,nil,nil ebrake=1.00 ibrake=1.00 hasABS=0 sy=11.06 split=1.000,0.875 ===
188.03279|I|libbeamng.print:18052| === LSTM_OBS t=90 16.82009,19.57138,19.67917,20.04583,0.19369,11.06479,0.00000,-0.05098,0.00000,0.00000,0.00285,1.00000,0.00000,0.00000,0.00000,5793.16559,0.00000 ===
188.08370|I|libbeamng.print:18052| === LSTM_TRACE t=100 v=22.33 ws=16.56,18.77,18.98,18.85 cmd=0.792,0.804,0.861,0.847 cap=2319,2388,1611,1583 des=2319,2388,1409,1385 app=2275,2354,1385,1362 abs=nil,nil,nil,nil ebrake=1.00 ibrake=1.00 hasABS=0 sy=11.23 split=1.000,0.875 ===
188.08374|I|libbeamng.print:18052| === LSTM_OBS t=100 16.55748,18.76966,18.97995,18.85080,0.24098,11.22625,0.00000,-0.02719,0.00000,0.00000,0.00378,1.00000,0.00000,0.00000,0.00000,5541.90412,0.00000 ===
188.13282|I|libbeamng.print:18052| === LSTM_TRACE t=110 v=21.76 ws=15.26,17.84,18.29,17.83 cmd=0.620,0.650,0.830,0.818 cap=1917,1929,1690,1669 des=1917,1929,1479,1460 app=1919,1963,1455,1438 abs=nil,nil,nil,nil ebrake=1.00 ibrake=1.00 hasABS=0 sy=11.31 split=1.000,0.875 ===
188.13286|I|libbeamng.print:18052| === LSTM_OBS t=110 15.25799,17.83963,18.28761,17.83265,0.30425,11.30816,0.00000,-0.03065,0.00000,0.00000,0.00311,1.00000,0.00000,0.00000,0.00000,5295.33916,0.00000 ===
188.18342|I|libbeamng.print:18052| === LSTM_TRACE t=120 v=21.17 ws=14.85,17.47,17.65,16.92 cmd=0.732,0.732,0.847,0.833 cap=2154,2205,1665,1637 des=2154,2205,1456,1433 app=2120,2180,1435,1412 abs=nil,nil,nil,nil ebrake=1.00 ibrake=1.00 hasABS=0 sy=11.38 split=1.000,0.875 ===
188.18346|I|libbeamng.print:18052| === LSTM_OBS t=120 14.85253,17.47278,17.64893,16.91889,0.37919,11.38333,0.00000,-0.02393,0.00000,0.00000,0.00274,1.00000,0.00000,0.00000,0.00000,5053.06090,0.00000 ===
188.23275|I|libbeamng.print:18052| === LSTM_TRACE t=130 v=20.59 ws=13.68,16.99,17.06,15.86 cmd=0.667,0.710,0.872,0.858 cap=2275,2327,1649,1623 des=2275,2327,1443,1420 app=2241,2303,1423,1401 abs=nil,nil,nil,nil ebrake=1.00 ibrake=1.00 hasABS=0 sy=11.42 split=1.000,0.875 ===
188.23283|I|libbeamng.print:18052| === LSTM_OBS t=130 13.67801,16.99255,17.05782,15.86478,0.43220,11.41913,0.00000,-0.02865,0.00000,0.00000,0.00265,1.00000,0.00000,0.00000,0.00000,4809.07851,0.00000 ===
188.28374|I|libbeamng.print:18052| === LSTM_TRACE t=140 v=20.02 ws=12.60,17.01,16.23,14.41 cmd=0.847,0.878,0.789,0.761 cap=2018,2212,1603,1565 des=2018,2212,1402,1369 app=1989,2190,1385,1351 abs=nil,nil,nil,nil ebrake=1.00 ibrake=1.00 hasABS=0 sy=11.46 split=1.000,0.875 ===
188.28380|I|libbeamng.print:18052| === LSTM_OBS t=140 12.59824,17.01340,16.23296,14.40659,0.46434,11.45727,0.00000,-0.02491,0.00000,0.00000,0.00335,1.00000,0.00000,0.00000,0.00000,4573.55739,0.00000 ===
188.33304|I|libbeamng.print:18052| === LSTM_TRACE t=150 v=19.45 ws=10.73,15.94,14.64,12.50 cmd=0.603,0.641,0.694,0.644 cap=1548,1680,1484,1400 des=1548,1680,1299,1225 app=1960,2007,1283,1209 abs=nil,nil,nil,nil ebrake=1.00 ibrake=1.00 hasABS=0 sy=11.47 split=1.000,0.875 ===
188.33307|I|libbeamng.print:18052| === LSTM_OBS t=150 10.73271,15.94369,14.63701,12.49509,0.47317,11.46975,0.00000,-0.02701,0.00000,0.00000,0.00146,1.00000,0.00000,0.00000,0.00000,4380.62482,0.00000 ===
188.38326|I|libbeamng.print:18052| === LSTM_TRACE t=160 v=18.89 ws=9.24,16.32,13.36,11.56 cmd=0.534,0.571,0.742,0.681 cap=2753,2795,1223,1095 des=2753,2795,1070,958 app=2425,2594,1057,945 abs=nil,nil,nil,nil ebrake=1.00 ibrake=1.00 hasABS=0 sy=11.41 split=1.000,0.875 ===
188.38330|I|libbeamng.print:18052| === LSTM_OBS t=160 9.23820,16.32328,13.36100,11.55564,0.48197,11.41407,0.00000,-0.04092,0.00000,0.00000,0.00270,1.00000,0.00000,0.00000,0.00000,4237.67572,0.00000 ===
188.43280|I|libbeamng.print:18052| === LSTM_TRACE t=170 v=18.31 ws=8.41,16.14,12.36,10.41 cmd=0.666,0.758,0.501,0.414 cap=1343,1689,1165,989 des=1343,1689,1019,865 app=1781,1991,1006,852 abs=nil,nil,nil,nil ebrake=1.00 ibrake=1.00 hasABS=0 sy=11.40 split=1.000,0.875 ===
188.43285|I|libbeamng.print:18052| === LSTM_OBS t=170 8.40533,16.13833,12.36156,10.41485,0.49535,11.40014,0.00000,-0.04442,0.00000,0.00000,0.00270,1.00000,0.00000,0.00000,0.00000,4163.60439,0.00000 ===
188.48312|I|libbeamng.print:18052| === LSTM_TRACE t=180 v=17.78 ws=7.31,16.43,11.60,9.95 cmd=0.480,0.532,0.670,0.577 cap=2646,2715,919,743 des=2646,2715,804,650 app=2411,2546,793,639 abs=nil,nil,nil,nil ebrake=1.00 ibrake=1.00 hasABS=0 sy=11.36 split=1.000,0.875 ===
188.48316|I|libbeamng.print:18052| === LSTM_OBS t=180 7.30771,16.42943,11.59757,9.95312,0.53244,11.36183,0.00000,-0.05308,0.00000,0.00000,0.00457,1.00000,0.00000,0.00000,0.00000,4122.36509,0.00000 ===
188.53312|I|libbeamng.print:18052| === LSTM_TRACE t=190 v=17.22 ws=6.71,15.84,10.64,8.91 cmd=0.669,0.764,0.459,0.365 cap=1359,1529,1042,861 des=1359,1529,912,753 app=1694,1785,898,740 abs=nil,nil,nil,nil ebrake=1.00 ibrake=1.00 hasABS=0 sy=11.25 split=1.000,0.875 ===
188.53317|I|libbeamng.print:18052| === LSTM_OBS t=190 6.71064,15.84289,10.63792,8.91073,0.56231,11.25205,0.00000,-0.08210,0.00000,0.00000,0.00146,1.00000,0.00000,0.00000,0.00000,4090.70840,0.00000 ===
188.58451|I|libbeamng.print:18052| === LSTM_TRACE t=200 v=16.68 ws=7.43,15.66,10.29,8.92 cmd=0.711,0.701,0.536,0.413 cap=1732,1958,997,771 des=1732,1958,873,674 app=1705,1946,859,662 abs=nil,nil,nil,nil ebrake=1.00 ibrake=1.00 hasABS=0 sy=11.10 split=1.000,0.875 ===
188.58456|I|libbeamng.print:18052| === LSTM_OBS t=200 7.43232,15.66170,10.29244,8.92434,0.60596,11.10271,0.00000,-0.07002,0.00000,0.00000,0.00423,1.00000,0.00000,0.00000,0.00000,4033.03578,0.00000 ===
188.63309|I|libbeamng.print:18052| === LSTM_TRACE t=210 v=16.15 ws=6.99,13.92,9.22,8.77 cmd=0.834,0.913,0.730,0.564 cap=1970,2404,1508,1231 des=1970,2404,1320,1078 app=1939,2390,1298,1056 abs=nil,nil,nil,nil ebrake=1.00 ibrake=1.00 hasABS=0 sy=10.96 split=1.000,0.875 ===
188.63313|I|libbeamng.print:18052| === LSTM_OBS t=210 6.98721,13.91696,9.22099,8.77093,0.63846,10.95719,0.00000,-0.08668,0.00000,0.00000,0.00216,1.00000,0.00000,0.00000,0.00000,3940.80474,0.00000 ===
188.68393|I|libbeamng.print:18052| === LSTM_TRACE t=220 v=15.62 ws=4.67,9.40,7.88,9.35 cmd=0.613,0.668,0.890,0.811 cap=2286,2304,1665,1464 des=2286,2304,1457,1281 app=2249,2291,1432,1255 abs=nil,nil,nil,nil ebrake=1.00 ibrake=1.00 hasABS=0 sy=10.89 split=1.000,0.875 ===
188.68397|I|libbeamng.print:18052| === LSTM_OBS t=220 4.67249,9.39531,7.87623,9.35224,0.59852,10.89389,0.00000,-0.08351,0.00000,0.00000,0.00000,1.00000,0.00000,0.00000,0.00000,3778.01656,0.00000 ===
188.73363|I|libbeamng.print:18052| === LSTM_TRACE t=230 v=15.13 ws=4.92,7.72,6.21,9.81 cmd=0.442,0.541,0.928,0.880 cap=2118,2259,1700,1595 des=2118,2259,1488,1395 app=2082,2244,1462,1367 abs=nil,nil,nil,nil ebrake=1.00 ibrake=1.00 hasABS=0 sy=10.64 split=1.000,0.875 ===
188.73367|I|libbeamng.print:18052| === LSTM_OBS t=230 4.91623,7.71768,6.21454,9.81262,0.51764,10.63765,0.00000,-0.08822,0.00000,0.00000,0.00522,1.00000,0.00000,0.00000,0.00000,3542.92938,0.00000 ===
188.78409|I|libbeamng.print:18052| === LSTM_TRACE t=240 v=14.65 ws=4.79,6.94,4.69,10.33 cmd=0.510,0.642,0.893,0.836 cap=1106,1372,1700,1693 des=1106,1372,1488,1482 app=1677,1787,1460,1453 abs=nil,nil,nil,nil ebrake=1.00 ibrake=1.00 hasABS=0 sy=10.37 split=1.000,0.875 ===
188.78413|I|libbeamng.print:18052| === LSTM_OBS t=240 4.78515,6.94289,4.69153,10.32634,0.55867,10.37361,0.00000,-0.09221,0.00000,0.00000,0.00307,1.00000,0.00000,0.00000,0.00000,3298.93304,0.00000 ===
188.83384|I|libbeamng.print:18052| === LSTM_TRACE t=250 v=14.11 ws=5.40,5.65,3.37,10.51 cmd=0.641,0.732,0.874,0.822 cap=1213,1516,1700,1675 des=1213,1516,1488,1466 app=1578,1713,1459,1438 abs=nil,nil,nil,nil ebrake=1.00 ibrake=1.00 hasABS=0 sy=10.36 split=1.000,0.875 ===
188.83389|I|libbeamng.print:18052| === LSTM_OBS t=250 5.39828,5.65020,3.36744,10.51190,0.60903,10.36194,0.00000,-0.09396,0.00000,0.00000,0.00354,1.00000,0.00000,0.00000,0.00000,3083.84822,0.00000 ===
188.88500|I|libbeamng.print:18052| === LSTM_TRACE t=260 v=13.59 ws=6.07,4.68,2.76,10.34 cmd=0.767,0.729,0.862,0.814 cap=2144,2079,1641,1541 des=2144,2079,1436,1348 app=1840,1957,1406,1323 abs=nil,nil,nil,nil ebrake=1.00 ibrake=1.00 hasABS=0 sy=10.41 split=1.000,0.875 ===
188.88507|I|libbeamng.print:18052| === LSTM_OBS t=260 6.06561,4.68149,2.75601,10.34183,0.71449,10.41390,0.00000,-0.09616,0.00000,0.00000,0.00525,1.00000,0.00000,0.00000,0.00000,2870.06314,0.00000 ===
188.93344|I|libbeamng.print:18052| === LSTM_TRACE t=270 v=13.05 ws=6.11,3.21,2.16,9.73 cmd=0.531,0.529,0.902,0.874 cap=1968,2059,1700,1686 des=1968,2059,1488,1475 app=1930,2040,1454,1448 abs=nil,nil,nil,nil ebrake=1.00 ibrake=1.00 hasABS=0 sy=10.50 split=1.000,0.875 ===
188.93349|I|libbeamng.print:18052| === LSTM_OBS t=270 6.11465,3.21417,2.15757,9.72685,0.69955,10.49710,0.00000,-0.08634,0.00000,0.00000,0.00326,1.00000,0.00000,0.00000,0.00000,2656.46055,0.00000 ===
188.98430|I|libbeamng.print:18052| === LSTM_TRACE t=280 v=12.53 ws=6.50,1.96,1.75,8.92 cmd=0.740,0.575,0.879,0.851 cap=2345,2078,1643,1579 des=2345,2078,1437,1382 app=1897,2057,1403,1357 abs=nil,nil,nil,nil ebrake=1.00 ibrake=1.00 hasABS=0 sy=10.54 split=1.000,0.875 ===
188.98434|I|libbeamng.print:18052| === LSTM_OBS t=280 6.49906,1.96314,1.74676,8.91931,0.70289,10.53621,0.00000,-0.07559,0.00000,0.00000,0.00649,1.00000,0.00000,0.00000,0.00000,2439.86277,0.00000 ===
189.03369|I|libbeamng.print:18052| === LSTM_TRACE t=290 v=11.97 ws=6.41,0.50,2.15,7.78 cmd=0.675,0.626,0.846,0.824 cap=1644,1904,1671,1637 des=1644,1904,1462,1433 app=1622,1883,1426,1407 abs=nil,nil,nil,nil ebrake=1.00 ibrake=1.00 hasABS=0 sy=10.59 split=1.000,0.875 ===
189.03373|I|libbeamng.print:18052| === LSTM_OBS t=290 6.41046,0.49560,2.14625,7.78136,0.66134,10.58779,0.00000,-0.05804,0.00000,0.00000,0.00192,1.00000,0.00000,0.00000,0.00000,2227.44349,0.00000 ===
189.08386|I|libbeamng.print:18052| === LSTM_TRACE t=300 v=11.43 ws=5.88,0.16,2.02,5.88 cmd=0.697,0.707,0.862,0.848 cap=2409,2462,1644,1621 des=2409,2462,1439,1419 app=2328,2074,1401,1393 abs=nil,nil,nil,nil ebrake=1.00 ibrake=1.00 hasABS=0 sy=10.63 split=1.000,0.875 ===
189.08393|I|libbeamng.print:18052| === LSTM_OBS t=300 5.87704,0.16338,2.02436,5.88458,0.70473,10.63326,0.00000,-0.04450,0.00000,0.00000,0.00384,1.00000,0.00000,0.00000,0.00000,2017.86655,0.00000 ===
189.13386|I|libbeamng.print:18052| === LSTM_TRACE t=310 v=10.89 ws=5.65,0.01,2.44,4.76 cmd=0.768,0.801,0.856,0.847 cap=2017,2050,1688,1669 des=2017,2050,1477,1460 app=1976,2022,1437,1433 abs=nil,nil,nil,nil ebrake=1.00 ibrake=1.00 hasABS=0 sy=10.63 split=1.000,0.875 ===
189.13392|I|libbeamng.print:18052| === LSTM_OBS t=310 5.64732,0.01426,2.44310,4.76286,0.66656,10.62736,0.00000,-0.03191,0.00000,0.00000,0.00409,1.00000,0.00000,0.00000,0.00000,1803.47527,0.00000 ===
189.18388|I|libbeamng.print:18052| === LSTM_TRACE t=320 v=10.34 ws=4.89,0.06,2.56,3.97 cmd=0.757,0.723,0.820,0.814 cap=2088,2015,1665,1653 des=2088,2015,1457,1446 app=2046,1984,1416,1418 abs=nil,nil,nil,nil ebrake=1.00 ibrake=1.00 hasABS=0 sy=10.66 split=1.000,0.875 ===
189.18398|I|libbeamng.print:18052| === LSTM_OBS t=320 4.89399,0.05712,2.56059,3.97102,0.69508,10.66144,0.00000,-0.02194,0.00000,0.00000,0.00301,1.00000,0.00000,0.00000,0.00000,1595.38046,0.00000 ===
189.23352|I|libbeamng.print:18052| === LSTM_TRACE t=330 v=9.82 ws=3.92,0.10,2.50,3.74 cmd=0.671,0.597,0.846,0.837 cap=2231,2157,1641,1626 des=2231,2157,1436,1423 app=2184,2121,1394,1394 abs=nil,nil,nil,nil ebrake=1.00 ibrake=1.00 hasABS=0 sy=10.65 split=1.000,0.875 ===
189.23357|I|libbeamng.print:18052| === LSTM_OBS t=330 3.92045,0.10020,2.49661,3.73676,0.69972,10.65401,0.00000,-0.02533,0.00000,0.00000,0.00858,1.00000,0.00000,0.00000,0.00000,1390.80544,0.00000 ===
189.28375|I|libbeamng.print:18052| === LSTM_TRACE t=340 v=9.31 ws=2.82,0.06,1.13,2.66 cmd=0.796,0.819,0.857,0.852 cap=2588,2661,1641,1631 des=2588,2661,1436,1427 app=2532,2613,1393,1397 abs=nil,nil,nil,nil ebrake=1.00 ibrake=1.00 hasABS=0 sy=10.69 split=1.000,0.875 ===
189.28379|I|libbeamng.print:18052| === LSTM_OBS t=340 2.81788,0.05583,1.12847,2.66444,0.64886,10.69136,0.00000,-0.03531,0.00000,0.00000,0.00224,1.00000,0.00000,0.00000,0.00000,1198.76583,0.00000 ===
189.33387|I|libbeamng.print:18052| === LSTM_TRACE t=350 v=8.79 ws=0.23,0.03,1.17,1.39 cmd=0.989,0.995,0.881,0.880 cap=3050,3076,1700,1700 des=3050,3076,1488,1488 app=2981,3016,1441,1454 abs=nil,nil,nil,nil ebrake=1.00 ibrake=1.00 hasABS=0 sy=10.58 split=1.000,0.875 ===
189.33391|I|libbeamng.print:18052| === LSTM_OBS t=350 0.23274,0.03402,1.16596,1.38862,0.61081,10.57594,0.00000,-0.01139,0.00000,0.00000,0.00626,1.00000,0.00000,0.00000,0.00000,990.47286,0.00000 ===
189.38376|I|libbeamng.print:18052| === LSTM_TRACE t=360 v=8.28 ws=0.05,0.03,0.17,1.00 cmd=0.995,0.998,0.873,0.875 cap=3085,3093,1692,1694 des=3085,3093,1481,1482 app=3011,3029,1433,1447 abs=nil,nil,nil,nil ebrake=1.00 ibrake=1.00 hasABS=0 sy=10.45 split=1.000,0.875 ===
189.38380|I|libbeamng.print:18052| === LSTM_OBS t=360 0.04888,0.03023,0.17320,1.00009,0.60555,10.45310,0.00000,-0.01781,0.00000,0.00000,0.00338,1.00000,0.00000,0.00000,0.00000,795.53008,0.00000 ===
189.43340|I|libbeamng.print:18052| === LSTM_TRACE t=370 v=7.76 ws=0.01,0.02,0.38,0.07 cmd=0.996,0.998,0.878,0.880 cap=3086,3094,1700,1700 des=3086,3094,1488,1488 app=3008,3026,1438,1450 abs=nil,nil,nil,nil ebrake=1.00 ibrake=1.00 hasABS=0 sy=10.39 split=1.000,0.875 ===
189.43344|I|libbeamng.print:18052| === LSTM_OBS t=370 0.01413,0.01672,0.37621,0.06596,0.67076,10.38897,0.00000,-0.01667,0.00000,0.00000,0.00438,1.00000,0.00000,0.00000,0.00000,735.55962,0.00000 ===
189.48438|I|libbeamng.print:18052| === LSTM_TRACE t=380 v=7.24 ws=0.01,0.01,0.46,0.05 cmd=0.996,0.998,0.881,0.882 cap=3086,3095,1700,1700 des=3086,3095,1488,1488 app=3004,3023,1436,1447 abs=nil,nil,nil,nil ebrake=1.00 ibrake=1.00 hasABS=0 sy=10.40 split=1.000,0.875 ===
189.48442|I|libbeamng.print:18052| === LSTM_OBS t=380 0.00805,0.00590,0.45865,0.04960,0.62885,10.40369,0.00000,-0.01533,0.00000,0.00000,0.00557,1.00000,0.00000,0.00000,0.00000,727.48830,0.00000 ===
189.53358|I|libbeamng.print:18052| === LSTM_TRACE t=390 v=6.71 ws=0.00,0.00,0.22,0.01 cmd=0.996,0.998,0.879,0.881 cap=3087,3095,1700,1700 des=3087,3095,1488,1488 app=3001,3020,1435,1445 abs=nil,nil,nil,nil ebrake=1.00 ibrake=1.00 hasABS=0 sy=10.42 split=1.000,0.875 ===
189.53365|I|libbeamng.print:18052| === LSTM_OBS t=390 0.00463,0.00218,0.22338,0.00891,0.61804,10.42353,0.00000,-0.01442,0.00000,0.00000,0.00543,1.00000,0.00000,0.00000,0.00000,727.25826,0.00000 ===
189.58409|I|libbeamng.print:18052| === LSTM_TRACE t=400 v=6.18 ws=0.00,0.00,0.66,0.05 cmd=0.995,0.998,0.884,0.885 cap=3086,3095,1700,1700 des=3086,3095,1488,1488 app=2996,3015,1433,1443 abs=nil,nil,nil,nil ebrake=1.00 ibrake=1.00 hasABS=0 sy=10.45 split=1.000,0.875 ===
189.58413|I|libbeamng.print:18052| === LSTM_OBS t=400 0.00452,0.00490,0.66373,0.04700,0.58083,10.45285,0.00000,-0.01066,0.00000,0.00000,0.00543,1.00000,0.00000,0.00000,0.00000,724.72792,0.00000 ===
189.63332|I|libbeamng.print:18052| === LSTM_TRACE t=410 v=5.62 ws=0.00,0.00,1.58,0.01 cmd=0.994,0.997,0.876,0.877 cap=3080,3091,1700,1700 des=3080,3091,1488,1488 app=2986,3009,1433,1441 abs=nil,nil,nil,nil ebrake=1.00 ibrake=1.00 hasABS=0 sy=10.62 split=1.000,0.875 ===
189.63336|I|libbeamng.print:18052| === LSTM_OBS t=410 0.00116,0.00413,1.58209,0.01261,0.54036,10.62166,0.00000,0.00212,0.00000,0.00000,0.00535,1.00000,0.00000,0.00000,0.00000,726.51039,0.00000 ===
189.68412|I|libbeamng.print:18052| === LSTM_TRACE t=420 v=5.09 ws=0.00,0.00,0.44,0.01 cmd=0.995,0.998,0.864,0.868 cap=3083,3093,1678,1684 des=3083,3093,1468,1474 app=2986,3007,1413,1426 abs=nil,nil,nil,nil ebrake=1.00 ibrake=1.00 hasABS=0 sy=10.68 split=1.000,0.875 ===
189.68417|I|libbeamng.print:18052| === LSTM_OBS t=420 0.00264,0.00062,0.43502,0.01267,0.58342,10.67820,0.00000,-0.00107,0.00000,0.00000,0.00565,1.00000,0.00000,0.00000,0.00000,725.06213,0.00000 ===
189.73387|I|libbeamng.print:18052| === LSTM_TRACE t=430 v=4.53 ws=0.00,0.00,1.63,0.03 cmd=0.991,0.996,0.883,0.884 cap=3073,3089,1700,1700 des=3073,3089,1488,1488 app=2973,3000,1431,1438 abs=nil,nil,nil,nil ebrake=1.00 ibrake=1.00 hasABS=0 sy=10.74 split=1.000,0.875 ===
189.73391|I|libbeamng.print:18052| === LSTM_OBS t=430 0.00276,0.00388,1.63293,0.03472,0.59808,10.73838,0.00000,0.00876,0.00000,0.00000,0.00588,1.00000,0.00000,0.00000,0.00000,726.06353,0.00000 ===
189.78449|I|libbeamng.print:18052| === LSTM_TRACE t=440 v=3.97 ws=0.00,0.00,1.03,0.04 cmd=0.992,0.996,0.869,0.871 cap=3073,3088,1695,1696 des=3073,3088,1483,1484 app=2970,2996,1426,1433 abs=nil,nil,nil,nil ebrake=1.00 ibrake=1.00 hasABS=0 sy=10.87 split=1.000,0.875 ===
189.78456|I|libbeamng.print:18052| === LSTM_OBS t=440 0.00296,0.00121,1.02853,0.04191,0.58989,10.87224,0.00000,0.01526,0.00000,0.00000,0.00554,1.00000,0.00000,0.00000,0.00000,725.06089,0.00000 ===
189.83389|I|libbeamng.print:18052| === LSTM_TRACE t=450 v=3.41 ws=0.01,0.01,1.25,0.03 cmd=0.991,0.996,0.877,0.879 cap=3074,3089,1698,1700 des=3074,3089,1486,1488 app=2967,2994,1428,1435 abs=nil,nil,nil,nil ebrake=1.00 ibrake=1.00 hasABS=0 sy=10.94 split=1.000,0.875 ===
189.83393|I|libbeamng.print:18052| === LSTM_OBS t=450 0.00636,0.00509,1.24556,0.02814,0.63167,10.93789,0.00000,0.01296,0.00000,0.00000,0.00592,1.00000,0.00000,0.00000,0.00000,724.70094,0.00000 ===
189.88401|I|libbeamng.print:18052| === LSTM_TRACE t=460 v=2.83 ws=0.00,0.00,1.53,0.01 cmd=0.989,0.995,0.874,0.874 cap=3063,3084,1700,1700 des=3063,3084,1488,1488 app=2954,2986,1430,1434 abs=nil,nil,nil,nil ebrake=1.00 ibrake=1.00 hasABS=0 sy=11.10 split=1.000,0.875 ===
189.88405|I|libbeamng.print:18052| === LSTM_OBS t=460 0.00193,0.00119,1.52510,0.00661,0.60752,11.10299,0.00000,0.02394,0.00000,0.00000,0.00614,1.00000,0.00000,0.00000,0.00000,722.09964,0.00000 ===
189.93473|I|libbeamng.print:18052| === LSTM_TRACE t=470 v=2.26 ws=0.01,0.00,1.30,0.02 cmd=0.989,0.995,0.874,0.876 cap=3069,3087,1693,1697 des=3069,3087,1481,1485 app=2956,2986,1424,1431 abs=nil,nil,nil,nil ebrake=1.00 ibrake=1.00 hasABS=0 sy=11.17 split=1.000,0.875 ===
189.93482|I|libbeamng.print:18052| === LSTM_OBS t=470 0.00571,0.00228,1.30010,0.02110,0.64045,11.16819,0.00000,0.02013,0.00000,0.00000,0.00612,1.00000,0.00000,0.00000,0.00000,723.00285,0.00000 ===
189.98407|I|libbeamng.print:18052| === LSTM_TRACE t=480 v=1.67 ws=0.00,0.00,1.55,0.01 cmd=0.986,0.994,0.874,0.873 cap=3055,3080,1700,1699 des=3055,3080,1488,1486 app=2941,2978,1430,1431 abs=nil,nil,nil,nil ebrake=1.00 ibrake=1.00 hasABS=0 sy=11.32 split=1.000,0.875 ===
189.98412|I|libbeamng.print:18052| === LSTM_OBS t=480 0.00196,0.00032,1.55325,0.00755,0.65415,11.32226,0.00000,0.03748,0.00000,0.00000,0.00616,1.00000,0.00000,0.00000,0.00000,720.32574,0.00000 ===
190.03379|I|libbeamng.print:18052| === LSTM_TRACE t=490 v=1.10 ws=0.00,0.01,1.21,0.02 cmd=0.987,0.995,0.873,0.874 cap=3063,3084,1691,1694 des=3063,3084,1480,1483 app=2946,2979,1422,1426 abs=nil,nil,nil,nil ebrake=1.00 ibrake=1.00 hasABS=0 sy=11.38 split=1.000,0.875 ===
190.03382|I|libbeamng.print:18052| === LSTM_OBS t=490 0.00335,0.00585,1.21218,0.01569,0.66389,11.38287,0.00000,0.03041,0.00000,0.00000,0.00612,1.00000,0.00000,0.00000,0.00000,721.20913,0.00000 ===
190.08416|I|libbeamng.print:18052| === LSTM_TRACE t=500 v=0.52 ws=0.00,0.00,0.42,0.00 cmd=0.989,0.996,0.872,0.876 cap=3066,3086,1693,1700 des=3066,3086,1482,1488 app=2946,2979,1423,1430 abs=nil,nil,nil,nil ebrake=1.00 ibrake=1.00 hasABS=0 sy=11.43 split=1.000,0.875 ===
190.08420|I|libbeamng.print:18052| === LSTM_OBS t=500 0.00158,0.00207,0.41614,0.00051,0.63877,11.43275,0.00000,0.02918,0.00000,0.00000,0.00593,1.00000,0.00000,0.00000,0.00000,719.47281,0.00000 ===
220.55909|I|libbeamng.print:18052| === LSTM_TRACE t=0 v=27.70 ws=27.69,27.75,27.39,27.44 cmd=0.842,0.703,0.303,0.313 cap=155,155,97,97 des=155,155,85,85 app=147,147,81,81 abs=nil,nil,nil,nil ebrake=1.00 ibrake=1.00 hasABS=0 sy=1.58 split=1.000,0.875 ===
220.55912|I|libbeamng.print:18052| === LSTM_OBS t=0 27.69031,27.74922,27.38554,27.44399,-0.00484,1.57696,0.00000,0.00839,0.00000,0.00000,0.00000,1.00000,0.00000,0.00000,0.00000,7857.59322,0.00000 ===
220.60894|I|libbeamng.print:18052| === LSTM_TRACE t=10 v=27.48 ws=26.05,26.03,26.95,27.06 cmd=0.688,0.797,0.789,0.801 cap=1955,2349,1331,1383 des=1955,2349,1165,1210 app=1859,2075,836,866 abs=nil,nil,nil,nil ebrake=1.00 ibrake=1.00 hasABS=0 sy=1.96 split=1.000,0.875 ===
220.60897|I|libbeamng.print:18052| === LSTM_OBS t=10 26.05499,26.02976,26.94850,27.06220,-0.04614,1.96062,0.00000,0.01127,0.00000,0.00000,0.00162,1.00000,0.00000,0.00000,0.00000,7812.56900,0.00000 ===
220.63156|I|libbeamng.print:18052| === LSTM_ABS DBG raw=24.6890,24.1332,26.5143,26.5890,-0.0717,2.5022,0.0000,-0.0079,0.0000,0.0000,0.0029,1.0000,0.0000,0.0000,0.0000,7748.7510,0.0000 ===
220.63160|I|libbeamng.print:18052| === LSTM_ABS DBG norm=0.50,0.48,0.57,0.57,-0.00,-2.15,0.00,-0.05,-0.03,-0.05,-0.00,0.50,-0.01,0.00,0.00,1.76,0.00 ===
220.63160|I|libbeamng.print:18052| === LSTM_ABS DBG cmd=0.7569,0.7754,0.8768,0.8702 ===
220.66105|I|libbeamng.print:18052| === LSTM_TRACE t=20 v=26.97 ws=23.47,23.13,25.72,25.88 cmd=0.798,0.775,0.863,0.864 cap=2438,2378,1692,1689 des=2438,2378,1480,1478 app=2343,2293,1426,1426 abs=nil,nil,nil,nil ebrake=1.00 ibrake=1.00 hasABS=0 sy=3.59 split=1.000,0.875 ===
220.66110|I|libbeamng.print:18052| === LSTM_OBS t=20 23.47260,23.12896,25.72465,25.88410,-0.07593,3.59232,0.00000,0.02371,0.00000,0.00000,0.00283,1.00000,0.00000,0.00000,0.00000,7575.01166,0.00000 ===
220.71021|I|libbeamng.print:18052| === LSTM_TRACE t=30 v=26.46 ws=21.80,22.18,24.31,24.81 cmd=0.775,0.772,0.836,0.841 cap=2423,2424,1635,1645 des=2423,2424,1431,1439 app=2347,2355,1390,1401 abs=nil,nil,nil,nil ebrake=1.00 ibrake=1.00 hasABS=0 sy=5.44 split=1.000,0.875 ===
220.71025|I|libbeamng.print:18052| === LSTM_OBS t=30 21.80211,22.17557,24.30563,24.80600,-0.03797,5.43646,0.00000,-0.00344,0.00000,0.00000,0.00249,1.00000,0.00000,0.00000,0.00000,7220.93562,0.00000 ===
220.76097|I|libbeamng.print:18052| === LSTM_TRACE t=40 v=25.90 ws=20.34,21.91,23.11,24.12 cmd=0.782,0.799,0.827,0.834 cap=2357,2410,1610,1625 des=2357,2410,1409,1422 app=2297,2355,1378,1393 abs=nil,nil,nil,nil ebrake=1.00 ibrake=1.00 hasABS=0 sy=6.99 split=1.000,0.875 ===
220.76103|I|libbeamng.print:18052| === LSTM_OBS t=40 20.33960,21.90893,23.11475,24.11956,-0.03316,6.99282,0.00000,-0.01381,0.00000,0.00000,0.00249,1.00000,0.00000,0.00000,0.00000,6906.08623,0.00000 ===
220.80968|I|libbeamng.print:18052| === LSTM_TRACE t=50 v=25.32 ws=18.77,22.11,21.99,23.54 cmd=0.789,0.809,0.818,0.826 cap=2354,2436,1605,1619 des=2354,2436,1404,1416 app=2304,2391,1379,1393 abs=nil,nil,nil,nil ebrake=1.00 ibrake=1.00 hasABS=0 sy=8.31 split=1.000,0.875 ===
220.80972|I|libbeamng.print:18052| === LSTM_OBS t=50 18.77247,22.10530,21.98827,23.53593,-0.01838,8.30770,0.00000,-0.02142,0.00000,0.00000,0.00244,1.00000,0.00000,0.00000,0.00000,6644.99886,0.00000 ===
220.86075|I|libbeamng.print:18052| === LSTM_TRACE t=60 v=24.71 ws=17.56,22.14,21.13,22.72 cmd=0.771,0.832,0.821,0.820 cap=2074,2319,1639,1639 des=2074,2319,1434,1434 app=2036,2284,1413,1415 abs=nil,nil,nil,nil ebrake=1.00 ibrake=1.00 hasABS=0 sy=9.35 split=1.000,0.875 ===
220.86079|I|libbeamng.print:18052| === LSTM_OBS t=60 17.55990,22.13875,21.12540,22.71714,0.01934,9.35168,0.00000,-0.03397,0.00000,0.00000,0.00274,1.00000,0.00000,0.00000,0.00000,6401.44736,0.00000 ===
220.91076|I|libbeamng.print:18052| === LSTM_TRACE t=70 v=24.13 ws=16.80,21.63,20.25,21.74 cmd=0.776,0.845,0.822,0.811 cap=2220,2480,1635,1622 des=2220,2480,1431,1419 app=2184,2451,1413,1404 abs=nil,nil,nil,nil ebrake=1.00 ibrake=1.00 hasABS=0 sy=10.08 split=1.000,0.875 ===
220.91081|I|libbeamng.print:18052| === LSTM_OBS t=70 16.80165,21.62890,20.24740,21.73612,0.07677,10.08293,0.00000,-0.04921,0.00000,0.00000,0.00388,1.00000,0.00000,0.00000,0.00000,6159.62968,0.00000 ===
220.96033|I|libbeamng.print:18052| === LSTM_TRACE t=80 v=23.53 ws=16.03,20.92,19.48,20.75 cmd=0.741,0.812,0.817,0.803 cap=1819,2096,1700,1700 des=1819,2096,1488,1488 app=1854,2076,1472,1474 abs=nil,nil,nil,nil ebrake=1.00 ibrake=1.00 hasABS=0 sy=10.57 split=1.000,0.875 ===
220.96040|I|libbeamng.print:18052| === LSTM_OBS t=80 16.03052,20.92420,19.48251,20.74975,0.14828,10.56602,0.00000,-0.06222,0.00000,0.00000,0.00322,1.00000,0.00000,0.00000,0.00000,5912.65936,0.00000 ===
221.01106|I|libbeamng.print:18052| === LSTM_TRACE t=90 v=22.96 ws=16.11,20.02,18.95,19.74 cmd=0.759,0.780,0.880,0.866 cap=2482,2574,1659,1627 des=2482,2574,1452,1424 app=2450,2554,1439,1413 abs=nil,nil,nil,nil ebrake=1.00 ibrake=1.00 hasABS=0 sy=10.89 split=1.000,0.875 ===
221.01111|I|libbeamng.print:18052| === LSTM_OBS t=90 16.11129,20.02454,18.95366,19.73724,0.21927,10.89067,0.00000,-0.06328,0.00000,0.00000,0.00388,1.00000,0.00000,0.00000,0.00000,5661.75214,0.00000 ===
221.06022|I|libbeamng.print:18052| === LSTM_TRACE t=100 v=22.38 ws=15.58,18.86,18.17,18.66 cmd=0.704,0.742,0.868,0.853 cap=2173,2309,1700,1700 des=2173,2309,1488,1488 app=2148,2295,1476,1478 abs=nil,nil,nil,nil ebrake=1.00 ibrake=1.00 hasABS=0 sy=11.08 split=1.000,0.875 ===
221.06026|I|libbeamng.print:18052| === LSTM_OBS t=100 15.58440,18.86319,18.17042,18.65941,0.28514,11.07832,0.00000,-0.05671,0.00000,0.00000,0.00289,1.00000,0.00000,0.00000,0.00000,5410.02114,0.00000 ===
221.11032|I|libbeamng.print:18052| === LSTM_TRACE t=110 v=21.80 ws=15.18,18.12,17.55,17.56 cmd=0.778,0.788,0.837,0.818 cap=2005,2148,1700,1695 des=2005,2148,1488,1483 app=1984,2136,1477,1475 abs=nil,nil,nil,nil ebrake=1.00 ibrake=1.00 hasABS=0 sy=11.22 split=1.000,0.875 ===
221.11036|I|libbeamng.print:18052| === LSTM_OBS t=110 15.18146,18.11565,17.54566,17.56249,0.36682,11.22446,0.00000,-0.06221,0.00000,0.00000,0.00318,1.00000,0.00000,0.00000,0.00000,5157.64278,0.00000 ===
221.16013|I|libbeamng.print:18052| === LSTM_TRACE t=120 v=21.23 ws=14.46,17.25,16.69,16.31 cmd=0.732,0.754,0.839,0.820 cap=2123,2163,1693,1661 des=2123,2163,1482,1453 app=2102,2154,1473,1446 abs=nil,nil,nil,nil ebrake=1.00 ibrake=1.00 hasABS=0 sy=11.30 split=1.000,0.875 ===
221.16017|I|libbeamng.print:18052| === LSTM_OBS t=120 14.46006,17.25096,16.68562,16.30725,0.44092,11.30259,0.00000,-0.06148,0.00000,0.00000,0.00360,1.00000,0.00000,0.00000,0.00000,4906.21727,0.00000 ===
221.21090|I|libbeamng.print:18052| === LSTM_TRACE t=130 v=20.65 ws=13.34,16.28,16.20,15.51 cmd=0.537,0.532,0.886,0.869 cap=2448,2453,1667,1628 des=2448,2453,1459,1425 app=2426,2443,1451,1418 abs=nil,nil,nil,nil ebrake=1.00 ibrake=1.00 hasABS=0 sy=11.36 split=1.000,0.875 ===
221.21095|I|libbeamng.print:18052| === LSTM_OBS t=130 13.33510,16.28334,16.20243,15.50857,0.49486,11.36172,0.00000,-0.04621,0.00000,0.00000,0.00265,1.00000,0.00000,0.00000,0.00000,4657.96424,0.00000 ===
221.26198|I|libbeamng.print:18052| === LSTM_TRACE t=140 v=20.09 ws=11.55,16.46,14.52,13.35 cmd=0.874,0.861,0.823,0.783 cap=2427,2363,1571,1499 des=2427,2363,1375,1311 app=2316,2109,1368,1305 abs=nil,nil,nil,nil ebrake=1.00 ibrake=1.00 hasABS=0 sy=11.37 split=1.000,0.875 ===
221.26202|I|libbeamng.print:18052| === LSTM_OBS t=140 11.54514,16.45866,14.52043,13.35002,0.54181,11.37128,0.00000,-0.04616,0.00000,0.00000,0.00261,1.00000,0.00000,0.00000,0.00000,4426.26071,0.00000 ===
221.32547|I|libbeamng.print:18052| === LSTM_TRACE t=150 v=19.54 ws=8.20,16.83,13.18,11.50 cmd=0.509,0.542,0.800,0.726 cap=2151,2200,1620,1493 des=2151,2200,1418,1306 app=2133,2194,1411,1300 abs=nil,nil,nil,nil ebrake=1.00 ibrake=1.00 hasABS=0 sy=11.30 split=1.000,0.875 ===
221.32559|I|libbeamng.print:18052| === LSTM_OBS t=150 8.20070,16.83304,13.17653,11.49919,0.56543,11.29598,0.00000,-0.06222,0.00000,0.00000,0.00169,1.00000,0.00000,0.00000,0.00000,4206.07186,0.00000 ===
221.36961|I|libbeamng.print:18052| === LSTM_TRACE t=160 v=18.98 ws=6.88,16.87,11.65,10.70 cmd=0.607,0.706,0.756,0.671 cap=2118,2343,1339,1160 des=2118,2343,1172,1015 app=2100,2337,1165,1010 abs=nil,nil,nil,nil ebrake=1.00 ibrake=1.00 hasABS=0 sy=11.20 split=1.000,0.875 ===
221.36965|I|libbeamng.print:18052| === LSTM_OBS t=160 6.88138,16.86803,11.65251,10.69903,0.65033,11.20429,0.00000,-0.07215,0.00000,0.00000,0.00274,1.00000,0.00000,0.00000,0.00000,4033.68233,0.00000 ===
221.41521|I|libbeamng.print:18052| === LSTM_TRACE t=170 v=18.46 ws=6.19,16.57,10.90,9.76 cmd=0.535,0.625,0.747,0.649 cap=2047,2252,1373,1181 des=2047,2252,1201,1033 app=2029,2247,1151,990 abs=nil,nil,nil,nil ebrake=1.00 ibrake=1.00 hasABS=0 sy=11.12 split=1.000,0.875 ===
221.41526|I|libbeamng.print:18052| === LSTM_OBS t=170 6.19202,16.57170,10.89939,9.76176,0.71814,11.11658,0.00000,-0.09476,0.00000,0.00000,0.00285,1.00000,0.00000,0.00000,0.00000,3907.98756,0.00000 ===
221.46113|I|libbeamng.print:18052| === LSTM_TRACE t=180 v=17.90 ws=5.64,15.98,9.92,8.98 cmd=0.505,0.607,0.735,0.625 cap=2026,2296,1213,990 des=2026,2296,1061,866 app=2007,2292,1055,861 abs=nil,nil,nil,nil ebrake=1.00 ibrake=1.00 hasABS=0 sy=11.03 split=1.000,0.875 ===
221.46118|I|libbeamng.print:18052| === LSTM_OBS t=180 5.63603,15.98154,9.91704,8.97866,0.75195,11.02895,0.00000,-0.09754,0.00000,0.00000,0.00445,1.00000,0.00000,0.00000,0.00000,3803.28123,0.00000 ===
221.50996|I|libbeamng.print:18052| === LSTM_TRACE t=190 v=17.36 ws=6.10,15.43,8.17,8.34 cmd=0.597,0.694,0.672,0.504 cap=1893,2128,1301,978 des=1893,2128,1138,856 app=1874,2124,1131,850 abs=nil,nil,nil,nil ebrake=1.00 ibrake=1.00 hasABS=0 sy=10.92 split=1.000,0.875 ===
221.51000|I|libbeamng.print:18052| === LSTM_OBS t=190 6.09820,15.42707,8.17044,8.33745,0.81070,10.91907,0.00000,-0.11359,0.00000,0.00000,0.00318,1.00000,0.00000,0.00000,0.00000,3684.42223,0.00000 ===
221.55937|I|libbeamng.print:18052| === LSTM_TRACE t=200 v=16.83 ws=3.72,11.81,6.65,9.42 cmd=0.753,0.838,0.832,0.651 cap=2162,2572,1625,1277 des=2162,2572,1422,1117 app=2140,2569,1412,1108 abs=nil,nil,nil,nil ebrake=1.00 ibrake=1.00 hasABS=0 sy=10.87 split=1.000,0.875 ===
221.55940|I|libbeamng.print:18052| === LSTM_OBS t=200 3.71518,11.80633,6.65224,9.41719,0.87976,10.86714,0.00000,-0.13308,0.00000,0.00000,0.00000,1.00000,0.00000,0.00000,0.00000,3541.01165,0.00000 ===
221.60737|I|libbeamng.print:18052| === LSTM_TRACE t=210 v=16.33 ws=2.91,8.83,4.68,10.46 cmd=0.476,0.531,0.895,0.809 cap=1918,1966,1692,1493 des=1918,1966,1481,1306 app=1898,1964,1469,1296 abs=nil,nil,nil,nil ebrake=1.00 ibrake=1.00 hasABS=0 sy=10.71 split=1.000,0.875 ===
221.60746|I|libbeamng.print:18052| === LSTM_OBS t=210 2.91420,8.83497,4.68269,10.46450,0.76130,10.70704,0.00000,-0.13231,0.00000,0.00000,0.00305,1.00000,0.00000,0.00000,0.00000,3356.74853,0.00000 ===
221.65563|I|libbeamng.print:18052| === LSTM_TRACE t=220 v=15.84 ws=3.05,8.25,2.71,11.08 cmd=0.488,0.597,0.862,0.767 cap=1518,1654,1700,1543 des=1518,1654,1488,1350 app=1501,1651,1475,1340 abs=nil,nil,nil,nil ebrake=1.00 ibrake=1.00 hasABS=0 sy=10.47 split=1.000,0.875 ===
221.65568|I|libbeamng.print:18052| === LSTM_OBS t=220 3.04844,8.24852,2.71089,11.08247,0.74098,10.46603,0.00000,-0.13835,0.00000,0.00000,0.00430,1.00000,0.00000,0.00000,0.00000,3130.67202,0.00000 ===
221.70613|I|libbeamng.print:18052| === LSTM_TRACE t=230 v=15.34 ws=3.45,7.69,0.98,12.07 cmd=0.486,0.586,0.870,0.782 cap=1745,2066,1644,1454 des=1745,2066,1439,1272 app=1723,2062,1425,1262 abs=nil,nil,nil,nil ebrake=1.00 ibrake=1.00 hasABS=0 sy=10.30 split=1.000,0.875 ===
221.70617|I|libbeamng.print:18052| === LSTM_OBS t=230 3.44725,7.69436,0.98345,12.07026,0.82241,10.30254,0.00000,-0.13483,0.00000,0.00000,0.00492,1.00000,0.00000,0.00000,0.00000,2915.50088,0.00000 ===
221.75563|I|libbeamng.print:18052| === LSTM_TRACE t=240 v=14.84 ws=4.31,6.30,0.17,12.31 cmd=0.558,0.536,0.857,0.783 cap=2000,1929,1641,1486 des=2000,1929,1436,1300 app=1974,1925,1420,1291 abs=nil,nil,nil,nil ebrake=1.00 ibrake=1.00 hasABS=0 sy=10.21 split=1.000,0.875 ===
221.75567|I|libbeamng.print:18052| === LSTM_OBS t=240 4.30683,6.30033,0.17195,12.31179,0.99524,10.20502,0.00000,-0.13753,0.00000,0.00000,0.00049,1.00000,0.00000,0.00000,0.00000,2701.05802,0.00000 ===
221.80578|I|libbeamng.print:18052| === LSTM_TRACE t=250 v=14.29 ws=4.57,5.45,0.06,11.26 cmd=0.662,0.671,0.846,0.782 cap=2099,2047,1610,1475 des=2099,2047,1409,1291 app=2071,2041,1391,1282 abs=nil,nil,nil,nil ebrake=1.00 ibrake=1.00 hasABS=0 sy=10.28 split=1.000,0.875 ===
221.80582|I|libbeamng.print:18052| === LSTM_OBS t=250 4.56639,5.45026,0.05907,11.25563,1.01162,10.27526,0.00000,-0.10993,0.00000,0.00000,0.00249,1.00000,0.00000,0.00000,0.00000,2518.29237,0.00000 ===
221.85562|I|libbeamng.print:18052| === LSTM_TRACE t=260 v=13.76 ws=4.29,4.73,0.20,10.17 cmd=0.613,0.619,0.847,0.790 cap=2218,2186,1572,1447 des=2218,2186,1376,1266 app=2188,2179,1357,1258 abs=nil,nil,nil,nil ebrake=1.00 ibrake=1.00 hasABS=0 sy=10.34 split=1.000,0.875 ===
221.85567|I|libbeamng.print:18052| === LSTM_OBS t=260 4.28771,4.72671,0.19572,10.17152,1.00050,10.33685,0.00000,-0.09587,0.00000,0.00000,0.00813,1.00000,0.00000,0.00000,0.00000,2331.78843,0.00000 ===
221.90566|I|libbeamng.print:18052| === LSTM_TRACE t=270 v=13.26 ws=4.49,2.85,0.03,9.38 cmd=0.592,0.482,0.837,0.794 cap=1607,1268,1636,1552 des=1607,1268,1431,1358 app=1628,1611,1410,1349 abs=nil,nil,nil,nil ebrake=1.00 ibrake=1.00 hasABS=0 sy=10.40 split=1.000,0.875 ===
221.90571|I|libbeamng.print:18052| === LSTM_OBS t=270 4.49147,2.84769,0.02527,9.37504,1.05855,10.40382,0.00000,-0.09782,0.00000,0.00000,0.00261,1.00000,0.00000,0.00000,0.00000,2138.44331,0.00000 ===
221.95620|I|libbeamng.print:18052| === LSTM_TRACE t=280 v=12.73 ws=4.26,1.92,0.03,8.52 cmd=0.575,0.606,0.867,0.834 cap=1906,2039,1700,1644 des=1906,2039,1488,1439 app=1879,2030,1464,1429 abs=nil,nil,nil,nil ebrake=1.00 ibrake=1.00 hasABS=0 sy=10.39 split=1.000,0.875 ===
221.95625|I|libbeamng.print:18052| === LSTM_OBS t=280 4.25952,1.91962,0.03146,8.51788,1.01545,10.39178,0.00000,-0.07744,0.00000,0.00000,0.00224,1.00000,0.00000,0.00000,0.00000,1944.46441,0.00000 ===
222.00551|I|libbeamng.print:18052| === LSTM_TRACE t=290 v=12.23 ws=3.85,0.90,0.10,7.43 cmd=0.521,0.570,0.876,0.845 cap=1907,1951,1685,1626 des=1907,1951,1474,1423 app=1880,1882,1449,1413 abs=nil,nil,nil,nil ebrake=1.00 ibrake=1.00 hasABS=0 sy=10.31 split=1.000,0.875 ===
222.00555|I|libbeamng.print:18052| === LSTM_OBS t=290 3.84662,0.90229,0.09922,7.42702,1.00073,10.30834,0.00000,-0.06115,0.00000,0.00000,0.00760,1.00000,0.00000,0.00000,0.00000,1741.74044,0.00000 ===
222.05576|I|libbeamng.print:18052| === LSTM_TRACE t=300 v=11.72 ws=4.09,0.01,0.04,6.37 cmd=0.575,0.533,0.871,0.843 cap=2508,2418,1607,1541 des=2508,2418,1407,1348 app=2294,2295,1381,1338 abs=nil,nil,nil,nil ebrake=1.00 ibrake=1.00 hasABS=0 sy=10.28 split=1.000,0.875 ===
222.05583|I|libbeamng.print:18052| === LSTM_OBS t=300 4.08960,0.00971,0.04301,6.37339,1.01908,10.28029,0.00000,-0.06435,0.00000,0.00000,0.00000,1.00000,0.00000,0.00000,0.00000,1536.78245,0.00000 ===
222.10598|I|libbeamng.print:18052| === LSTM_TRACE t=310 v=11.19 ws=2.78,0.02,0.03,5.61 cmd=0.744,0.799,0.873,0.845 cap=2079,2377,1680,1631 des=2079,2377,1470,1427 app=2047,2285,1442,1416 abs=nil,nil,nil,nil ebrake=1.00 ibrake=1.00 hasABS=0 sy=10.24 split=1.000,0.875 ===
222.10603|I|libbeamng.print:18052| === LSTM_OBS t=310 2.77921,0.01972,0.03182,5.60858,0.95638,10.23910,0.00000,-0.05574,0.00000,0.00000,0.00692,1.00000,0.00000,0.00000,0.00000,1333.13220,0.00000 ===
222.15584|I|libbeamng.print:18052| === LSTM_TRACE t=320 v=10.69 ws=0.24,0.04,0.01,4.24 cmd=0.989,0.995,0.901,0.892 cap=3047,3078,1700,1700 des=3047,3078,1488,1488 app=2999,3055,1458,1476 abs=nil,nil,nil,nil ebrake=1.00 ibrake=1.00 hasABS=0 sy=10.31 split=1.000,0.875 ===
222.15589|I|libbeamng.print:18052| === LSTM_OBS t=320 0.23564,0.03670,0.00741,4.23698,0.96012,10.31152,0.00000,-0.05463,0.00000,0.00000,0.00318,1.00000,0.00000,0.00000,0.00000,1135.20764,0.00000 ===
222.20614|I|libbeamng.print:18052| === LSTM_TRACE t=330 v=10.16 ws=0.04,0.02,0.01,2.58 cmd=0.995,0.997,0.874,0.872 cap=3085,3092,1699,1696 des=3085,3092,1487,1484 app=3032,3066,1456,1471 abs=nil,nil,nil,nil ebrake=1.00 ibrake=1.00 hasABS=0 sy=10.30 split=1.000,0.875 ===
222.20618|I|libbeamng.print:18052| === LSTM_OBS t=330 0.04285,0.01508,0.01168,2.57675,0.93935,10.30140,0.00000,-0.05037,0.00000,0.00000,0.00069,1.00000,0.00000,0.00000,0.00000,940.92321,0.00000 ===
222.25602|I|libbeamng.print:18052| === LSTM_TRACE t=340 v=9.67 ws=0.01,0.01,0.14,0.71 cmd=0.996,0.998,0.871,0.871 cap=3088,3094,1687,1687 des=3088,3094,1476,1476 app=3033,3066,1445,1463 abs=nil,nil,nil,nil ebrake=1.00 ibrake=1.00 hasABS=0 sy=10.24 split=1.000,0.875 ===
222.25611|I|libbeamng.print:18052| === LSTM_OBS t=340 0.00514,0.01243,0.13681,0.71383,0.88929,10.24099,0.00000,-0.05460,0.00000,0.00000,0.00234,1.00000,0.00000,0.00000,0.00000,769.24625,0.00000 ===
222.30638|I|libbeamng.print:18052| === LSTM_TRACE t=350 v=9.15 ws=0.01,0.01,0.11,0.04 cmd=0.997,0.999,0.881,0.881 cap=3090,3096,1700,1700 des=3090,3096,1488,1488 app=3032,3065,1455,1472 abs=nil,nil,nil,nil ebrake=1.00 ibrake=1.00 hasABS=0 sy=10.18 split=1.000,0.875 ===
222.30642|I|libbeamng.print:18052| === LSTM_OBS t=350 0.00976,0.00728,0.11232,0.03638,0.87144,10.17768,0.00000,-0.03774,0.00000,0.00000,0.00085,1.00000,0.00000,0.00000,0.00000,731.85322,0.00000 ===
222.35933|I|libbeamng.print:18052| === LSTM_TRACE t=360 v=8.65 ws=0.01,0.00,0.18,0.01 cmd=0.997,0.999,0.885,0.884 cap=3091,3096,1700,1700 des=3091,3096,1488,1488 app=3030,3063,1454,1470 abs=nil,nil,nil,nil ebrake=1.00 ibrake=1.00 hasABS=0 sy=10.16 split=1.000,0.875 ===
222.35937|I|libbeamng.print:18052| === LSTM_OBS t=360 0.00837,0.00427,0.17534,0.01466,0.87294,10.15862,0.00000,-0.04190,0.00000,0.00000,0.00162,1.00000,0.00000,0.00000,0.00000,728.20267,0.00000 ===
222.40964|I|libbeamng.print:18052| === LSTM_TRACE t=370 v=8.13 ws=0.01,0.01,0.36,0.00 cmd=0.997,0.999,0.884,0.882 cap=3091,3096,1700,1700 des=3091,3096,1488,1488 app=3028,3060,1453,1469 abs=nil,nil,nil,nil ebrake=1.00 ibrake=1.00 hasABS=0 sy=10.18 split=1.000,0.875 ===
222.40969|I|libbeamng.print:18052| === LSTM_OBS t=370 0.00898,0.01107,0.36405,0.00365,0.87244,10.17610,0.00000,-0.03578,0.00000,0.00000,0.00146,1.00000,0.00000,0.00000,0.00000,725.29427,0.00000 ===
222.45938|I|libbeamng.print:18052| === LSTM_TRACE t=380 v=7.62 ws=0.00,0.00,0.28,0.02 cmd=0.997,0.999,0.881,0.880 cap=3091,3096,1700,1700 des=3091,3096,1488,1488 app=3025,3058,1452,1468 abs=nil,nil,nil,nil ebrake=1.00 ibrake=1.00 hasABS=0 sy=10.19 split=1.000,0.875 ===
222.45942|I|libbeamng.print:18052| === LSTM_OBS t=380 0.00473,0.00201,0.28030,0.01959,0.87121,10.19056,0.00000,-0.03659,0.00000,0.00000,0.00210,1.00000,0.00000,0.00000,0.00000,727.64604,0.00000 ===
222.50994|I|libbeamng.print:18052| === LSTM_TRACE t=390 v=7.10 ws=0.01,0.00,0.56,0.04 cmd=0.997,0.999,0.883,0.882 cap=3091,3096,1700,1700 des=3091,3096,1488,1488 app=3022,3056,1452,1466 abs=nil,nil,nil,nil ebrake=1.00 ibrake=1.00 hasABS=0 sy=10.21 split=1.000,0.875 ===
222.50998|I|libbeamng.print:18052| === LSTM_OBS t=390 0.00646,0.00112,0.55799,0.03725,0.87524,10.21224,0.00000,-0.03590,0.00000,0.00000,0.00189,1.00000,0.00000,0.00000,0.00000,726.66641,0.00000 ===
222.55949|I|libbeamng.print:18052| === LSTM_TRACE t=400 v=6.55 ws=0.00,0.01,1.73,0.02 cmd=0.995,0.998,0.879,0.878 cap=3085,3093,1700,1700 des=3085,3093,1488,1488 app=3015,3051,1452,1465 abs=nil,nil,nil,nil ebrake=1.00 ibrake=1.00 hasABS=0 sy=10.38 split=1.000,0.875 ===
222.55953|I|libbeamng.print:18052| === LSTM_OBS t=400 0.00029,0.00631,1.72752,0.01532,0.85899,10.38246,0.00000,-0.02112,0.00000,0.00000,0.00192,1.00000,0.00000,0.00000,0.00000,729.69591,0.00000 ===
222.61006|I|libbeamng.print:18052| === LSTM_TRACE t=410 v=6.02 ws=0.00,0.00,0.47,0.00 cmd=0.996,0.998,0.865,0.867 cap=3087,3094,1681,1683 des=3087,3094,1471,1473 app=3015,3049,1435,1450 abs=nil,nil,nil,nil ebrake=1.00 ibrake=1.00 hasABS=0 sy=10.46 split=1.000,0.875 ===
222.61010|I|libbeamng.print:18052| === LSTM_OBS t=410 0.00199,0.00152,0.47446,0.00077,0.92536,10.45755,0.00000,-0.02726,0.00000,0.00000,0.00210,1.00000,0.00000,0.00000,0.00000,725.76320,0.00000 ===
222.65965|I|libbeamng.print:18052| === LSTM_TRACE t=420 v=5.47 ws=0.00,0.01,1.76,0.02 cmd=0.993,0.997,0.878,0.877 cap=3080,3090,1700,1700 des=3080,3090,1488,1488 app=3006,3044,1452,1463 abs=nil,nil,nil,nil ebrake=1.00 ibrake=1.00 hasABS=0 sy=10.57 split=1.000,0.875 ===
222.65969|I|libbeamng.print:18052| === LSTM_OBS t=420 0.00296,0.00538,1.75765,0.02333,0.95701,10.56501,0.00000,-0.01297,0.00000,0.00000,0.00229,1.00000,0.00000,0.00000,0.00000,726.47894,0.
