 28.47555|I|libbeamng.print:18052| === LSTM_ABS: lens 'baseline_stock' loaded (17 in, 64 hidden, 2 layers) ===
 28.47731|I|libbeamng.print:18052| === LSTM_ABS SELFTEST lens=baseline_stock cmd=0.988105,0.417022,0.705998,0.927593 ===
 50.38947|I|libbeamng.print:18052| === LSTM_TRACE t=0 v=27.71 ws=27.68,27.80,27.35,27.48 cmd=0.900,0.802,0.888,0.900 cap=155,155,97,97 des=155,155,85,85 app=142,142,78,78 abs=nil,nil,nil,nil ebrake=1.00 ibrake=1.00 hasABS=0 sy=1.50 split=1.000,0.875 ===
 50.38950|I|libbeamng.print:18052| === LSTM_OBS t=0 27.67983,27.80139,27.35197,27.48481,-0.09866,1.50242,-0.18051,0.00437,0.00000,0.00000,0.00049,1.00000,0.00000,0.00098,-0.00903,7857.03314,0.25000 ===
 50.40134|I|libbeamng.print:18052| === LSTM_TRACE t=2 v=27.68 ws=27.46,27.59,27.32,27.44 cmd=0.964,0.881,0.913,0.728 cap=2992,2734,1700,1700 des=2992,2734,1488,1488 app=496,496,272,272 abs=nil,nil,nil,nil ebrake=1.00 ibrake=1.00 hasABS=0 sy=1.76 split=1.000,0.875 ===
 50.40140|I|libbeamng.print:18052| === LSTM_OBS t=2 27.46214,27.58514,27.31638,27.44380,0.24175,1.75587,-0.10023,-0.00997,0.00000,0.00000,0.00069,1.00000,0.00000,0.00098,-0.00909,7851.78823,0.25000 ===
 50.41285|I|libbeamng.print:18052| === LSTM_TRACE t=4 v=27.65 ws=26.80,26.93,27.17,27.30 cmd=0.967,0.816,0.750,0.478 cap=2988,2593,1559,1054 des=2988,2593,1364,922 app=1208,1208,662,662 abs=nil,nil,nil,nil ebrake=1.00 ibrake=1.00 hasABS=0 sy=2.37 split=1.000,0.875 ===
 50.41289|I|libbeamng.print:18052| === LSTM_OBS t=4 26.80263,26.93393,27.17002,27.29600,0.05264,2.36558,-0.11828,-0.00425,0.00000,0.00000,0.00049,1.00000,0.00000,0.00102,-0.00913,7843.85620,0.25000 ===
 50.42287|I|libbeamng.print:18052| === LSTM_TRACE t=6 v=27.57 ws=26.03,26.16,26.94,27.19 cmd=0.951,0.821,0.780,0.593 cap=2980,2560,1499,1008 des=2980,2560,1312,882 app=1924,1924,1055,811 abs=nil,nil,nil,nil ebrake=1.00 ibrake=1.00 hasABS=0 sy=4.05 split=1.000,0.875 ===
 50.42291|I|libbeamng.print:18052| === LSTM_OBS t=6 26.03187,26.16184,26.93807,27.18993,-0.20535,4.05183,-0.11917,0.00773,0.00000,0.00000,0.00069,1.00000,0.00000,0.00112,-0.00929,7826.62443,0.25000 ===
 50.43264|I|libbeamng.print:18052| === LSTM_TRACE t=8 v=27.48 ws=24.91,25.33,26.63,27.05 cmd=0.924,0.742,0.790,0.644 cap=2908,2395,1534,1232 des=2908,2395,1343,1078 app=2647,2211,1239,994 abs=nil,nil,nil,nil ebrake=1.00 ibrake=1.00 hasABS=0 sy=5.68 split=1.000,0.875 ===
 50.43267|I|libbeamng.print:18052| === LSTM_OBS t=8 24.90607,25.33409,26.62588,27.04810,-0.11708,5.67596,0.20000,-0.00299,0.00000,0.00000,0.00226,1.00000,0.00000,0.00113,-0.00961,7798.66524,0.25000 ===
 50.44181|I|libbeamng.print:18052| === LSTM_TRACE t=10 v=27.37 ws=23.39,24.91,26.58,26.84 cmd=0.883,0.734,0.792,0.685 cap=2793,2254,1536,1301 des=2793,2254,1344,1138 app=2590,2088,1246,1054 abs=nil,nil,nil,nil ebrake=1.00 ibrake=1.00 hasABS=0 sy=7.32 split=1.000,0.875 ===
 50.44187|I|libbeamng.print:18052| === LSTM_OBS t=10 23.38822,24.91330,26.58463,26.83777,0.04740,7.32336,0.79998,-0.00325,0.00000,0.00000,0.00091,1.00000,0.00000,0.00108,-0.01017,7760.06557,0.25000 ===
 50.45487|I|libbeamng.print:18052| === LSTM_TRACE t=12 v=27.28 ws=22.15,24.77,26.36,26.63 cmd=0.857,0.738,0.800,0.700 cap=2707,2315,1544,1346 des=2707,2315,1351,1178 app=2519,2152,1257,1094 abs=nil,nil,nil,nil ebrake=1.00 ibrake=1.00 hasABS=0 sy=8.07 split=1.000,0.875 ===
 50.45491|I|libbeamng.print:18052| === LSTM_OBS t=12 22.15464,24.76793,26.36201,26.63499,0.01205,8.06709,0.94946,-0.00181,0.00000,0.00000,0.00049,1.00000,0.00000,0.00095,-0.01082,7712.35359,0.25000 ===
 50.46279|I|libbeamng.print:18052| === LSTM_TRACE t=14 v=27.17 ws=21.36,24.68,26.15,26.47 cmd=0.840,0.744,0.786,0.684 cap=2614,2282,1543,1334 des=2614,2282,1350,1167 app=2440,2129,1261,1088 abs=nil,nil,nil,nil ebrake=1.00 ibrake=1.00 hasABS=0 sy=8.88 split=1.000,0.875 ===
 50.46289|I|libbeamng.print:18052| === LSTM_OBS t=14 21.35532,24.68416,26.15290,26.47092,-0.17062,8.87647,0.49339,0.02773,0.00000,0.00000,0.00104,1.00000,0.00000,0.00090,-0.01158,7657.84249,0.25000 ===
 50.46290|I|libbeamng.print:18052| === LSTM_ABS DBG raw=21.3553,24.6842,26.1529,26.4709,-0.1706,8.8765,0.4934,0.0277,0.0000,0.0000,0.0010,1.0000,0.0000,0.0009,-0.0116,7657.8425,0.2500 ===
 50.46291|I|libbeamng.print:18052| === LSTM_ABS DBG norm=0.76,1.05,1.18,1.20,-0.05,-0.25,0.21,0.04,-0.10,0.10,-0.07,0.34,-0.05,0.02,0.84,10.00,0.25 ===
 50.46292|I|libbeamng.print:18052| === LSTM_ABS DBG cmd=0.8400,0.7436,0.7863,0.6844 ===
 50.47408|I|libbeamng.print:18052| === LSTM_TRACE t=16 v=27.08 ws=20.56,24.80,25.93,26.30 cmd=0.822,0.758,0.773,0.671 cap=2563,2300,1515,1307 des=2563,2300,1325,1144 app=2397,2149,1240,1067 abs=nil,nil,nil,nil ebrake=1.00 ibrake=1.00 hasABS=0 sy=8.98 split=1.000,0.875 ===
 50.47412|I|libbeamng.print:18052| === LSTM_OBS t=16 20.56371,24.79767,25.92845,26.30444,-0.15922,8.97727,0.14388,0.01029,0.00000,0.00000,0.00204,1.00000,0.00000,0.00088,-0.01234,7628.73611,0.25000 ===
 50.48061|I|libbeamng.print:18052| === LSTM_TRACE t=18 v=26.98 ws=19.78,24.86,25.70,26.13 cmd=0.800,0.765,0.783,0.695 cap=2522,2377,1506,1320 des=2522,2377,1318,1155 app=2365,2227,1237,1081 abs=nil,nil,nil,nil ebrake=1.00 ibrake=1.00 hasABS=0 sy=9.21 split=1.000,0.875 ===
 50.48065|I|libbeamng.print:18052| === LSTM_OBS t=18 19.77506,24.85694,25.70116,26.13367,-0.06940,9.21127,0.46604,-0.00172,0.00000,0.00000,0.00104,1.00000,0.00000,0.00087,-0.01314,7569.29423,0.25000 ===
 50.49313|I|libbeamng.print:18052| === LSTM_TRACE t=20 v=26.87 ws=19.22,24.85,25.39,25.97 cmd=0.795,0.769,0.808,0.729 cap=2479,2384,1546,1390 des=2479,2384,1352,1216 app=2330,2240,1273,1141 abs=nil,nil,nil,nil ebrake=1.00 ibrake=1.00 hasABS=0 sy=9.63 split=1.000,0.875 ===
 50.49317|I|libbeamng.print:18052| === LSTM_OBS t=20 19.21783,24.85029,25.38648,25.96703,0.10894,9.62524,1.19608,-0.00570,0.00000,0.00000,0.00142,1.00000,0.00000,0.00089,-0.01388,7509.08853,0.25000 ===
 50.50621|I|libbeamng.print:18052| === LSTM_TRACE t=22 v=26.77 ws=18.56,24.78,25.11,25.87 cmd=0.773,0.762,0.817,0.747 cap=2441,2382,1594,1450 des=2441,2382,1395,1268 app=2299,2245,1317,1194 abs=nil,nil,nil,nil ebrake=1.00 ibrake=1.00 hasABS=0 sy=9.90 split=1.000,0.875 ===
 50.50624|I|libbeamng.print:18052| === LSTM_OBS t=22 18.55637,24.78054,25.11239,25.86796,0.16680,9.89883,0.98813,-0.00176,0.00000,0.00000,0.00134,1.00000,0.00000,0.00091,-0.01458,7447.97334,0.25000 ===
 50.51350|I|libbeamng.print:18052| === LSTM_TRACE t=24 v=26.67 ws=18.08,24.67,24.83,25.70 cmd=0.765,0.773,0.810,0.752 cap=2387,2388,1580,1453 des=2387,2388,1382,1271 app=2253,2257,1309,1200 abs=nil,nil,nil,nil ebrake=1.00 ibrake=1.00 hasABS=0 sy=9.85 split=1.000,0.875 ===
 50.51354|I|libbeamng.print:18052| === LSTM_OBS t=24 18.08067,24.67434,24.82783,25.69713,-0.11699,9.85435,1.14039,-0.00546,0.00000,0.00000,0.00254,1.00000,0.00000,0.00090,-0.01518,7384.82241,0.25000 ===
 50.52567|I|libbeamng.print:18052| === LSTM_TRACE t=26 v=26.58 ws=17.56,24.64,24.61,25.51 cmd=0.739,0.771,0.799,0.746 cap=2330,2387,1574,1467 des=2330,2387,1378,1284 app=2203,2261,1307,1215 abs=nil,nil,nil,nil ebrake=1.00 ibrake=1.00 hasABS=0 sy=9.82 split=1.000,0.875 ===
 50.52571|I|libbeamng.print:18052| === LSTM_OBS t=26 17.56169,24.63691,24.60677,25.51425,-0.29210,9.82253,0.52381,-0.00495,0.00000,0.00000,0.00169,1.00000,0.00000,0.00098,-0.01567,7322.02140,0.25000 ===
 50.53842|I|libbeamng.print:18052| === LSTM_TRACE t=28 v=26.48 ws=17.10,24.63,24.37,25.39 cmd=0.750,0.793,0.802,0.753 cap=2304,2432,1536,1439 des=2304,2432,1344,1260 app=2182,2310,1278,1194 abs=nil,nil,nil,nil ebrake=1.00 ibrake=1.00 hasABS=0 sy=9.80 split=1.000,0.875 ===
 50.53846|I|libbeamng.print:18052| === LSTM_OBS t=28 17.09823,24.62530,24.37323,25.38599,0.06757,9.79564,1.16039,-0.02534,0.00000,0.00000,0.00198,1.00000,0.00000,0.00104,-0.01613,7260.10160,0.25000 ===
 50.54743|I|libbeamng.print:18052| === LSTM_TRACE t=30 v=26.37 ws=16.91,24.55,24.13,25.24 cmd=0.742,0.794,0.785,0.743 cap=2248,2421,1545,1461 des=2248,2421,1352,1278 app=2132,2304,1289,1215 abs=nil,nil,nil,nil ebrake=1.00 ibrake=1.00 hasABS=0 sy=10.01 split=1.000,0.875 ===
 50.54746|I|libbeamng.print:18052| === LSTM_OBS t=30 16.90844,24.55304,24.13238,25.23635,-0.09392,10.01129,0.15963,-0.02869,0.00000,0.00000,0.00226,1.00000,0.00000,0.00104,-0.01654,7200.38751,0.25000 ===
 50.55768|I|libbeamng.print:18052| === LSTM_TRACE t=32 v=26.25 ws=16.13,24.36,23.99,25.07 cmd=0.726,0.778,0.802,0.761 cap=2357,2491,1562,1475 des=2357,2491,1367,1291 app=2238,2377,1306,1229 abs=nil,nil,nil,nil ebrake=1.00 ibrake=1.00 hasABS=0 sy=10.62 split=1.000,0.875 ===
 50.55772|I|libbeamng.print:18052| === LSTM_OBS t=32 16.13473,24.36319,23.99465,25.06960,-0.44146,10.62391,-0.03763,-0.00352,0.00000,0.00000,0.00183,1.00000,0.00000,0.00099,-0.01679,7142.24810,0.25000 ===
 50.56462|I|libbeamng.print:18052| === LSTM_TRACE t=34 v=26.15 ws=15.98,24.28,23.92,24.87 cmd=0.771,0.805,0.813,0.760 cap=2266,2421,1533,1450 des=2266,2421,1342,1269 app=2153,2312,1282,1210 abs=nil,nil,nil,nil ebrake=1.00 ibrake=1.00 hasABS=0 sy=10.44 split=1.000,0.875 ===
 50.56466|I|libbeamng.print:18052| === LSTM_OBS t=34 15.98149,24.28434,23.92072,24.87260,-0.03772,10.43845,1.01781,-0.01695,0.00000,0.00000,0.00183,1.00000,0.00000,0.00090,-0.01706,7114.32409,0.25000 ===
 50.57606|I|libbeamng.print:18052| === LSTM_TRACE t=36 v=26.04 ws=15.12,24.09,23.64,24.72 cmd=0.715,0.777,0.804,0.750 cap=2288,2425,1586,1477 des=2288,2425,1388,1292 app=2177,2320,1329,1234 abs=nil,nil,nil,nil ebrake=1.00 ibrake=1.00 hasABS=0 sy=10.56 split=1.000,0.875 ===
 50.57610|I|libbeamng.print:18052| === LSTM_OBS t=36 15.11825,24.08675,23.64077,24.72023,-0.23207,10.56039,-0.33853,-0.02203,0.00000,0.00000,0.00176,1.00000,0.00000,0.00086,-0.01729,7060.30282,0.25000 ===
 50.58938|I|libbeamng.print:18052| === LSTM_TRACE t=38 v=25.93 ws=14.99,24.07,23.45,24.62 cmd=0.753,0.797,0.819,0.765 cap=2318,2481,1585,1482 des=2318,2481,1387,1297 app=2208,2379,1330,1241 abs=nil,nil,nil,nil ebrake=1.00 ibrake=1.00 hasABS=0 sy=10.93 split=1.000,0.875 ===
 50.58944|I|libbeamng.print:18052| === LSTM_OBS t=38 14.99095,24.06966,23.44975,24.61774,0.13916,10.92927,-0.07742,-0.02586,0.00000,0.00000,0.00229,1.00000,0.00000,0.00084,-0.01746,7008.68244,0.25000 ===
 50.59749|I|libbeamng.print:18052| === LSTM_TRACE t=40 v=25.82 ws=14.32,23.90,23.21,24.54 cmd=0.737,0.787,0.819,0.766 cap=2327,2463,1594,1486 des=2327,2463,1395,1300 app=2219,2366,1340,1246 abs=nil,nil,nil,nil ebrake=1.00 ibrake=1.00 hasABS=0 sy=11.03 split=1.000,0.875 ===
 50.59753|I|libbeamng.print:18052| === LSTM_OBS t=40 14.32231,23.90307,23.20809,24.54262,0.19272,11.03055,0.29587,-0.03249,0.00000,0.00000,0.00234,1.00000,0.00000,0.00076,-0.01767,6959.15317,0.25000 ===
 50.60939|I|libbeamng.print:18052| === LSTM_TRACE t=42 v=25.71 ws=13.68,23.94,22.99,24.47 cmd=0.711,0.794,0.811,0.764 cap=2211,2429,1578,1483 des=2211,2429,1380,1298 app=2110,2337,1328,1246 abs=nil,nil,nil,nil ebrake=1.00 ibrake=1.00 hasABS=0 sy=10.80 split=1.000,0.875 ===
 50.60948|I|libbeamng.print:18052| === LSTM_OBS t=42 13.68132,23.94326,22.98628,24.46640,0.18106,10.80087,0.44441,-0.04687,0.00000,0.00000,0.00221,1.00000,0.00000,0.00073,-0.01786,6910.14725,0.25000 ===
 50.62331|I|libbeamng.print:18052| === LSTM_TRACE t=44 v=25.60 ws=13.24,23.87,22.93,24.27 cmd=0.698,0.794,0.814,0.762 cap=2161,2452,1576,1483 des=2161,2452,1379,1298 app=2064,2363,1329,1248 abs=nil,nil,nil,nil ebrake=1.00 ibrake=1.00 hasABS=0 sy=10.78 split=1.000,0.875 ===
 50.62335|I|libbeamng.print:18052| === LSTM_OBS t=44 13.24289,23.86540,22.92868,24.27232,0.23952,10.78056,0.60510,-0.05584,0.00000,0.00000,0.00224,1.00000,0.00000,0.00065,-0.01798,6861.96557,0.25000 ===
 50.63068|I|libbeamng.print:18052| === LSTM_TRACE t=46 v=25.48 ws=12.97,23.58,22.66,24.19 cmd=0.675,0.784,0.793,0.753 cap=2093,2436,1558,1466 des=2093,2436,1363,1282 app=2001,2351,1316,1235 abs=nil,nil,nil,nil ebrake=1.00 ibrake=1.00 hasABS=0 sy=11.39 split=1.000,0.875 ===
 50.63076|I|libbeamng.print:18052| === LSTM_OBS t=46 12.97309,23.57751,22.65938,24.19417,-0.00914,11.38897,0.05409,-0.02564,0.00000,0.00000,0.00221,1.00000,0.00000,0.00057,-0.01809,6814.75755,0.25000 ===
 50.64295|I|libbeamng.print:18052| === LSTM_TRACE t=48 v=25.38 ws=12.82,23.60,22.49,24.03 cmd=0.669,0.790,0.778,0.735 cap=2075,2427,1522,1448 des=2075,2427,1331,1267 app=1986,2346,1286,1222 abs=nil,nil,nil,nil ebrake=1.00 ibrake=1.00 hasABS=0 sy=10.86 split=1.000,0.875 ===
 50.64299|I|libbeamng.print:18052| === LSTM_OBS t=48 12.81627,23.60193,22.48769,24.02629,0.08505,10.86340,-0.05519,-0.04043,0.00000,0.00000,0.00229,1.00000,0.00000,0.00048,-0.01816,6767.75853,0.25000 ===
 50.65576|I|libbeamng.print:18052| === LSTM_TRACE t=50 v=25.26 ws=12.70,23.55,22.28,23.87 cmd=0.672,0.807,0.765,0.722 cap=2050,2470,1488,1405 des=2050,2470,1302,1230 app=1963,2392,1259,1187 abs=nil,nil,nil,nil ebrake=1.00 ibrake=1.00 hasABS=0 sy=11.32 split=1.000,0.875 ===
 50.65580|I|libbeamng.print:18052| === LSTM_OBS t=50 12.70473,23.55413,22.27531,23.87344,0.27847,11.32410,-0.08263,-0.04309,0.00000,0.00000,0.00221,1.00000,0.00000,0.00030,-0.01823,6722.65571,0.25000 ===
 50.66348|I|libbeamng.print:18052| === LSTM_TRACE t=52 v=25.15 ws=12.57,23.29,22.26,23.81 cmd=0.657,0.789,0.763,0.717 cap=2068,2479,1484,1400 des=2068,2479,1299,1225 app=1982,2403,1257,1184 abs=nil,nil,nil,nil ebrake=1.00 ibrake=1.00 hasABS=0 sy=11.16 split=1.000,0.875 ===
 50.66352|I|libbeamng.print:18052| === LSTM_OBS t=52 12.56565,23.28835,22.25701,23.80777,0.25849,11.15545,0.10400,-0.04671,0.00000,0.00000,0.00234,1.00000,0.00000,0.00008,-0.01823,6679.15457,0.25000 ===
 50.67538|I|libbeamng.print:18052| === LSTM_TRACE t=54 v=25.04 ws=12.52,23.28,22.05,23.75 cmd=0.652,0.788,0.757,0.711 cap=1982,2428,1459,1377 des=1982,2428,1277,1205 app=1900,2357,1237,1166 abs=nil,nil,nil,nil ebrake=1.00 ibrake=1.00 hasABS=0 sy=10.90 split=1.000,0.875 ===
 50.67542|I|libbeamng.print:18052| === LSTM_OBS t=54 12.52044,23.27816,22.04892,23.75105,0.12962,10.89838,0.31641,-0.05781,0.00000,0.00000,0.00274,1.00000,0.00000,-0.00008,-0.01821,6637.40608,0.25000 ===
 50.68854|I|libbeamng.print:18052| === LSTM_TRACE t=56 v=24.92 ws=12.50,23.07,21.92,23.55 cmd=0.657,0.783,0.754,0.706 cap=2007,2423,1462,1375 des=2007,2423,1279,1203 app=1925,2355,1241,1165 abs=nil,nil,nil,nil ebrake=1.00 ibrake=1.00 hasABS=0 sy=11.33 split=1.000,0.875 ===
 50.68858|I|libbeamng.print:18052| === LSTM_OBS t=56 12.49708,23.07141,21.92336,23.55142,0.28980,11.33116,0.16450,-0.05678,0.00000,0.00000,0.00297,1.00000,0.00000,-0.00026,-0.01815,6596.83437,0.25000 ===
 50.69718|I|libbeamng.print:18052| === LSTM_TRACE t=58 v=24.81 ws=12.49,23.05,21.90,23.38 cmd=0.647,0.788,0.746,0.694 cap=1981,2410,1443,1354 des=1981,2410,1262,1185 app=1901,2344,1225,1148 abs=nil,nil,nil,nil ebrake=1.00 ibrake=1.00 hasABS=0 sy=11.15 split=1.000,0.875 ===
 50.69722|I|libbeamng.print:18052| === LSTM_OBS t=58 12.48719,23.04966,21.89892,23.38058,0.30604,11.14661,0.03412,-0.06192,0.00000,0.00000,0.00270,1.00000,0.00000,-0.00048,-0.01809,6558.73572,0.25000 ===
 50.70825|I|libbeamng.print:18052| === LSTM_TRACE t=60 v=24.69 ws=12.56,22.80,21.71,23.26 cmd=0.657,0.785,0.744,0.696 cap=1987,2428,1437,1350 des=1987,2428,1257,1181 app=1908,2364,1222,1146 abs=nil,nil,nil,nil ebrake=1.00 ibrake=1.00 hasABS=0 sy=11.59 split=1.000,0.875 ===
 50.70829|I|libbeamng.print:18052| === LSTM_OBS t=60 12.56335,22.80317,21.70787,23.25545,0.39754,11.58675,-0.02246,-0.04406,0.00000,0.00000,0.00301,1.00000,0.00000,-0.00074,-0.01802,6522.13886,0.25000 ===
 50.72252|I|libbeamng.print:18052| === LSTM_TRACE t=62 v=24.58 ws=12.55,22.76,21.61,23.13 cmd=0.647,0.784,0.739,0.689 cap=2004,2418,1437,1343 des=2004,2418,1257,1175 app=1926,2357,1222,1141 abs=nil,nil,nil,nil ebrake=1.00 ibrake=1.00 hasABS=0 sy=11.33 split=1.000,0.875 ===
 50.72256|I|libbeamng.print:18052| === LSTM_OBS t=62 12.55429,22.75837,21.61453,23.13037,0.27131,11.32919,-0.02874,-0.06251,0.00000,0.00000,0.00342,1.00000,0.00000,-0.00100,-0.01793,6486.36745,0.25000 ===
 50.73014|I|libbeamng.print:18052| === LSTM_TRACE t=64 v=24.46 ws=12.62,22.54,21.60,23.18 cmd=0.655,0.775,0.746,0.696 cap=1968,2416,1424,1336 des=1968,2416,1246,1169 app=1892,2357,1212,1136 abs=nil,nil,nil,nil ebrake=1.00 ibrake=1.00 hasABS=0 sy=11.58 split=1.000,0.875 ===
 50.73018|I|libbeamng.print:18052| === LSTM_OBS t=64 12.62429,22.53755,21.59937,23.17772,0.22521,11.58142,0.22594,-0.05698,0.00000,0.00000,0.00357,1.00000,0.00000,-0.00116,-0.01784,6451.90678,0.25000 ===
 50.74179|I|libbeamng.print:18052| === LSTM_TRACE t=66 v=24.35 ws=12.58,22.45,21.43,22.93 cmd=0.650,0.771,0.738,0.686 cap=2002,2371,1437,1342 des=2002,2371,1257,1174 app=1926,2316,1224,1142 abs=nil,nil,nil,nil ebrake=1.00 ibrake=1.00 hasABS=0 sy=11.38 split=1.000,0.875 ===
 50.74183|I|libbeamng.print:18052| === LSTM_OBS t=66 12.58427,22.45050,21.42730,22.93189,0.48979,11.37987,-0.03252,-0.06956,0.00000,0.00000,0.00338,1.00000,0.00000,-0.00140,-0.01777,6418.37235,0.25000 ===
 50.75489|I|libbeamng.print:18052| === LSTM_TRACE t=68 v=24.22 ws=12.58,22.25,21.38,22.70 cmd=0.653,0.776,0.741,0.689 cap=1994,2395,1428,1332 des=1994,2395,1249,1166 app=1919,2341,1217,1134 abs=nil,nil,nil,nil ebrake=1.00 ibrake=1.00 hasABS=0 sy=11.87 split=1.000,0.875 ===
 50.75493|I|libbeamng.print:18052| === LSTM_OBS t=68 12.58468,22.24842,21.37756,22.69614,0.39627,11.87121,0.00987,-0.05552,0.00000,0.00000,0.00322,1.00000,0.00000,-0.00163,-0.01767,6385.21558,0.25000 ===
 50.76369|I|libbeamng.print:18052| === LSTM_TRACE t=70 v=24.12 ws=12.55,22.25,21.41,22.58 cmd=0.643,0.776,0.743,0.684 cap=1980,2399,1435,1325 des=1980,2399,1256,1160 app=1907,2347,1224,1129 abs=nil,nil,nil,nil ebrake=1.00 ibrake=1.00 hasABS=0 sy=11.52 split=1.000,0.875 ===
 50.76373|I|libbeamng.print:18052| === LSTM_OBS t=70 12.54627,22.25119,21.41314,22.57596,0.54790,11.52330,0.02246,-0.07334,0.00000,0.00000,0.00370,1.00000,0.00000,-0.00185,-0.01756,6353.65524,0.25000 ===
 50.77535|I|libbeamng.print:18052| === LSTM_TRACE t=72 v=24.00 ws=12.57,22.01,21.23,22.58 cmd=0.633,0.761,0.735,0.686 cap=1958,2371,1432,1332 des=1958,2371,1253,1165 app=1886,2322,1223,1135 abs=nil,nil,nil,nil ebrake=1.00 ibrake=1.00 hasABS=0 sy=11.67 split=1.000,0.875 ===
 50.77539|I|libbeamng.print:18052| === LSTM_OBS t=72 12.57492,22.00725,21.23063,22.57974,0.41124,11.67227,-0.28739,-0.05439,0.00000,0.00000,0.00395,1.00000,0.00000,-0.00206,-0.01752,6322.30382,0.25000 ===
 50.78823|I|libbeamng.print:18052| === LSTM_TRACE t=74 v=23.88 ws=12.65,21.94,21.12,22.36 cmd=0.650,0.771,0.741,0.687 cap=1967,2371,1430,1328 des=1967,2371,1251,1162 app=1895,2323,1221,1133 abs=nil,nil,nil,nil ebrake=1.00 ibrake=1.00 hasABS=0 sy=11.65 split=1.000,0.875 ===
 50.78831|I|libbeamng.print:18052| === LSTM_OBS t=74 12.64787,21.94425,21.12165,22.36224,0.53670,11.65239,-0.04757,-0.06053,0.00000,0.00000,0.00360,1.00000,0.00000,-0.00227,-0.01745,6289.90721,0.25000 ===
 50.79716|I|libbeamng.print:18052| === LSTM_TRACE t=76 v=23.77 ws=12.65,21.96,21.12,22.17 cmd=0.649,0.771,0.747,0.682 cap=2007,2378,1448,1331 des=2007,2378,1267,1164 app=1935,2332,1237,1136 abs=nil,nil,nil,nil ebrake=1.00 ibrake=1.00 hasABS=0 sy=11.42 split=1.000,0.875 ===
 50.79722|I|libbeamng.print:18052| === LSTM_OBS t=76 12.64573,21.95745,21.11865,22.16927,0.63215,11.42151,0.08091,-0.06899,0.00000,0.00000,0.00350,1.00000,0.00000,-0.00249,-0.01733,6257.75277,0.25000 ===
 50.80848|I|libbeamng.print:18052| === LSTM_TRACE t=78 v=23.65 ws=12.70,21.53,21.01,22.04 cmd=0.639,0.747,0.744,0.687 cap=1986,2355,1452,1332 des=1986,2355,1270,1165 app=1915,2311,1241,1137 abs=nil,nil,nil,nil ebrake=1.00 ibrake=1.00 hasABS=0 sy=11.76 split=1.000,0.875 ===
 50.80853|I|libbeamng.print:18052| === LSTM_OBS t=78 12.69813,21.53205,21.00759,22.03992,0.63434,11.75893,-0.19383,-0.06099,0.00000,0.00000,0.00375,1.00000,0.00000,-0.00268,-0.01722,6225.88281,0.25000 ===
 50.82150|I|libbeamng.print:18052| === LSTM_TRACE t=80 v=23.53 ws=12.78,21.43,20.99,21.94 cmd=0.648,0.746,0.747,0.688 cap=1990,2304,1449,1336 des=1990,2304,1268,1169 app=1920,2262,1240,1142 abs=nil,nil,nil,nil ebrake=1.00 ibrake=1.00 hasABS=0 sy=11.75 split=1.000,0.875 ===
 50.82160|I|libbeamng.print:18052| === LSTM_OBS t=80 12.77887,21.43093,20.99157,21.94021,0.50563,11.75389,-0.16250,-0.04690,0.00000,0.00000,0.00370,1.00000,0.00000,-0.00287,-0.01714,6193.83316,0.25000 ===
 50.82654|I|libbeamng.print:18052| === LSTM_TRACE t=82 v=23.42 ws=12.81,21.45,20.81,21.72 cmd=0.665,0.756,0.755,0.690 cap=2058,2336,1470,1340 des=2058,2336,1286,1172 app=1986,2294,1257,1145 abs=nil,nil,nil,nil ebrake=1.00 ibrake=1.00 hasABS=0 sy=11.62 split=1.000,0.875 ===
 50.82659|I|libbeamng.print:18052| === LSTM_OBS t=82 12.81276,21.45229,20.81427,21.71958,0.75941,11.61647,0.14603,-0.06469,0.00000,0.00000,0.00345,1.00000,0.00000,-0.00308,-0.01705,6178.18703,0.25000 ===
 50.83961|I|libbeamng.print:18052| === LSTM_TRACE t=84 v=23.30 ws=12.83,21.23,20.75,21.58 cmd=0.638,0.739,0.742,0.686 cap=2018,2312,1464,1341 des=2018,2312,1281,1173 app=1949,2272,1253,1146 abs=nil,nil,nil,nil ebrake=1.00 ibrake=1.00 hasABS=0 sy=11.60 split=1.000,0.875 ===
 50.83965|I|libbeamng.print:18052| === LSTM_OBS t=84 12.82826,21.23461,20.74717,21.57928,0.65107,11.60461,-0.40168,-0.06415,0.00000,0.00000,0.00364,1.00000,0.00000,-0.00322,-0.01696,6145.92999,0.25000 ===
 50.84835|I|libbeamng.print:18052| === LSTM_TRACE t=86 v=23.18 ws=12.96,21.09,20.78,21.50 cmd=0.661,0.749,0.753,0.692 cap=1985,2299,1450,1336 des=1985,2299,1269,1169 app=1917,2260,1242,1142 abs=nil,nil,nil,nil ebrake=1.00 ibrake=1.00 hasABS=0 sy=11.85 split=1.000,0.875 ===
 50.84839|I|libbeamng.print:18052| === LSTM_OBS t=86 12.95885,21.08920,20.77662,21.49838,0.78694,11.84598,-0.08844,-0.04884,0.00000,0.00000,0.00407,1.00000,0.00000,-0.00336,-0.01691,6112.67745,0.25000 ===
 50.85958|I|libbeamng.print:18052| === LSTM_TRACE t=88 v=23.07 ws=12.94,21.04,20.57,21.24 cmd=0.669,0.742,0.764,0.695 cap=2119,2350,1494,1351 des=2119,2350,1307,1182 app=2047,2312,1280,1156 abs=nil,nil,nil,nil ebrake=1.00 ibrake=1.00 hasABS=0 sy=11.61 split=1.000,0.875 ===
 50.85963|I|libbeamng.print:18052| === LSTM_OBS t=88 12.94063,21.03710,20.56927,21.23864,0.81260,11.60933,0.10653,-0.06008,0.00000,0.00000,0.00360,1.00000,0.00000,-0.00350,-0.01678,6079.98183,0.25000 ===
 50.87330|I|libbeamng.print:18052| === LSTM_TRACE t=90 v=22.96 ws=12.91,20.94,20.62,21.17 cmd=0.641,0.719,0.757,0.692 cap=2036,2254,1488,1354 des=2036,2254,1302,1185 app=1969,2218,1276,1159 abs=nil,nil,nil,nil ebrake=1.00 ibrake=1.00 hasABS=0 sy=11.41 split=1.000,0.875 ===
 50.87335|I|libbeamng.print:18052| === LSTM_OBS t=90 12.91427,20.93649,20.61823,21.16978,0.69591,11.40638,-0.24037,-0.06099,0.00000,0.00000,0.00331,1.00000,0.00000,-0.00361,-0.01674,6046.99672,0.25000 ===
 50.88164|I|libbeamng.print:18052| === LSTM_TRACE t=92 v=22.84 ws=13.02,20.90,20.43,21.01 cmd=0.666,0.738,0.762,0.698 cap=2032,2262,1484,1357 des=2032,2262,1299,1187 app=1965,2228,1273,1162 abs=nil,nil,nil,nil ebrake=1.00 ibrake=1.00 hasABS=0 sy=11.52 split=1.000,0.875 ===
 50.88168|I|libbeamng.print:18052| === LSTM_OBS t=92 13.02443,20.89767,20.43445,21.00716,0.85792,11.51608,-0.02249,-0.05128,0.00000,0.00000,0.00404,1.00000,0.00000,-0.00371,-0.01667,6012.47292,0.25000 ===
 50.89293|I|libbeamng.print:18052| === LSTM_TRACE t=94 v=22.73 ws=13.00,20.63,20.29,20.77 cmd=0.659,0.725,0.763,0.701 cap=2099,2299,1498,1363 des=2099,2299,1311,1193 app=2032,2265,1285,1168 abs=nil,nil,nil,nil ebrake=1.00 ibrake=1.00 hasABS=0 sy=11.49 split=1.000,0.875 ===
 50.89297|I|libbeamng.print:18052| === LSTM_OBS t=94 12.99574,20.63336,20.28953,20.77144,0.77123,11.48975,-0.09384,-0.05028,0.00000,0.00000,0.00381,1.00000,0.00000,-0.00377,-0.01658,5978.52825,0.25000 ===
 50.90611|I|libbeamng.print:18052| === LSTM_TRACE t=96 v=22.61 ws=13.07,20.61,20.29,20.78 cmd=0.659,0.729,0.760,0.701 cap=2007,2237,1476,1354 des=2007,2237,1292,1184 app=1943,2204,1267,1160 abs=nil,nil,nil,nil ebrake=1.00 ibrake=1.00 hasABS=0 sy=11.74 split=1.000,0.875 ===
 50.90616|I|libbeamng.print:18052| === LSTM_OBS t=96 13.06868,20.61100,20.28720,20.77684,0.88610,11.73748,-0.12026,-0.04685,0.00000,0.00000,0.00370,1.00000,0.00000,-0.00386,-0.01655,5943.75124,0.25000 ===
 50.91420|I|libbeamng.print:18052| === LSTM_TRACE t=98 v=22.50 ws=13.14,20.57,20.06,20.48 cmd=0.683,0.734,0.774,0.708 cap=2103,2295,1502,1368 des=2103,2295,1314,1197 app=2036,2263,1290,1173 abs=nil,nil,nil,nil ebrake=1.00 ibrake=1.00 hasABS=0 sy=11.47 split=1.000,0.875 ===
 50.91427|I|libbeamng.print:18052| === LSTM_OBS t=98 13.14024,20.56913,20.06025,20.48151,1.06693,11.47239,0.33972,-0.05433,0.00000,0.00000,0.00395,1.00000,0.00000,-0.00392,-0.01645,5908.43272,0.25000 ===
 50.92657|I|libbeamng.print:18052| === LSTM_TRACE t=100 v=22.39 ws=13.08,20.52,20.06,20.43 cmd=0.651,0.707,0.764,0.702 cap=2079,2221,1514,1380 des=2079,2221,1325,1208 app=2014,2191,1301,1184 abs=nil,nil,nil,nil ebrake=1.00 ibrake=1.00 hasABS=0 sy=11.37 split=1.000,0.875 ===
 50.92661|I|libbeamng.print:18052| === LSTM_OBS t=100 13.08479,20.51844,20.06087,20.42554,0.86692,11.36537,-0.27162,-0.05153,0.00000,0.00000,0.00364,1.00000,0.00000,-0.00395,-0.01639,5873.33507,0.25000 ===
 50.93974|I|libbeamng.print:18052| === LSTM_TRACE t=102 v=22.27 ws=13.20,20.55,19.94,20.26 cmd=0.683,0.733,0.773,0.711 cap=2055,2226,1496,1378 des=2055,2226,1309,1206 app=1991,2196,1285,1183 abs=nil,nil,nil,nil ebrake=1.00 ibrake=1.00 hasABS=0 sy=11.62 split=1.000,0.875 ===
 50.93978|I|libbeamng.print:18052| === LSTM_OBS t=102 13.19985,20.55026,19.93675,20.26097,0.96818,11.62109,0.19487,-0.04091,0.00000,0.00000,0.00398,1.00000,0.00000,-0.00401,-0.01633,5837.53023,0.25000 ===
 50.94735|I|libbeamng.print:18052| === LSTM_TRACE t=104 v=22.15 ws=13.18,20.35,19.86,20.06 cmd=0.665,0.710,0.769,0.708 cap=2118,2247,1518,1392 des=2118,2247,1328,1218 app=2054,2218,1305,1195 abs=nil,nil,nil,nil ebrake=1.00 ibrake=1.00 hasABS=0 sy=11.52 split=1.000,0.875 ===
 50.94742|I|libbeamng.print:18052| === LSTM_OBS t=104 13.18325,20.35282,19.86386,20.06394,0.86243,11.51588,-0.22106,-0.03830,0.00000,0.00000,0.00388,1.00000,0.00000,-0.00404,-0.01622,5802.17753,0.25000 ===
 50.95919|I|libbeamng.print:18052| === LSTM_TRACE t=106 v=22.04 ws=13.26,20.25,19.76,19.98 cmd=0.671,0.719,0.766,0.713 cap=2056,2221,1489,1381 des=2056,2221,1303,1208 app=1995,2193,1281,1185 abs=nil,nil,nil,nil ebrake=1.00 ibrake=1.00 hasABS=0 sy=11.53 split=1.000,0.875 ===
 50.95923|I|libbeamng.print:18052| === LSTM_OBS t=106 13.25934,20.24848,19.76463,19.98291,0.89554,11.53315,-0.08374,-0.03568,0.00000,0.00000,0.00392,1.00000,0.00000,-0.00409,-0.01622,5765.54867,0.25000 ===
 50.97300|I|libbeamng.print:18052| === LSTM_TRACE t=108 v=21.93 ws=13.26,20.12,19.69,19.77 cmd=0.684,0.713,0.786,0.723 cap=2150,2273,1516,1397 des=2150,2273,1326,1222 app=2087,2245,1304,1199 abs=nil,nil,nil,nil ebrake=1.00 ibrake=1.00 hasABS=0 sy=11.32 split=1.000,0.875 ===
 50.97304|I|libbeamng.print:18052| === LSTM_OBS t=108 13.25558,20.11942,19.68908,19.77027,0.84376,11.32169,0.45739,-0.03654,0.00000,0.00000,0.00384,1.00000,0.00000,-0.00409,-0.01612,5728.40071,0.25000 ===
 50.98060|I|libbeamng.print:18052| === LSTM_TRACE t=110 v=21.81 ws=13.26,20.12,19.54,19.67 cmd=0.666,0.708,0.767,0.713 cap=2064,2170,1502,1393 des=2064,2170,1314,1219 app=2004,2144,1292,1197 abs=nil,nil,nil,nil ebrake=1.00 ibrake=1.00 hasABS=0 sy=11.62 split=1.000,0.875 ===
 50.98067|I|libbeamng.print:18052| === LSTM_OBS t=110 13.25539,20.11605,19.53560,19.66811,0.81150,11.62112,-0.08515,-0.03128,0.00000,0.00000,0.00378,1.00000,0.00000,-0.00409,-0.01609,5691.70748,0.25000 ===
 50.99260|I|libbeamng.print:18052| === LSTM_TRACE t=112 v=21.70 ws=13.30,19.96,19.50,19.43 cmd=0.687,0.714,0.789,0.728 cap=2128,2261,1510,1400 des=2128,2261,1321,1225 app=2067,2234,1299,1203 abs=nil,nil,nil,nil ebrake=1.00 ibrake=1.00 hasABS=0 sy=11.45 split=1.000,0.875 ===
 50.99267|I|libbeamng.print:18052| === LSTM_OBS t=112 13.29996,19.95712,19.49525,19.42843,0.94651,11.45254,0.49755,-0.03937,0.00000,0.00000,0.00404,1.00000,0.00000,-0.00409,-0.01599,5654.81759,0.25000 ===
 51.00594|I|libbeamng.print:18052| === LSTM_TRACE t=114 v=21.58 ws=13.25,19.98,19.32,19.32 cmd=0.668,0.706,0.769,0.716 cap=2098,2180,1516,1404 des=2098,2180,1327,1228 app=2039,2156,1305,1207 abs=nil,nil,nil,nil ebrake=1.00 ibrake=1.00 hasABS=0 sy=11.61 split=1.000,0.875 ===
 51.00601|I|libbeamng.print:18052| === LSTM_OBS t=114 13.25236,19.98416,19.32485,19.32353,0.94593,11.60688,-0.08966,-0.03182,0.00000,0.00000,0.00357,1.00000,0.00000,-0.00412,-0.01594,5618.05688,0.25000 ===
 51.01420|I|libbeamng.print:18052| === LSTM_TRACE t=116 v=21.47 ws=13.37,19.87,19.29,19.13 cmd=0.690,0.721,0.782,0.727 cap=2091,2231,1487,1397 des=2091,2231,1302,1223 app=2032,2206,1281,1201 abs=nil,nil,nil,nil ebrake=1.00 ibrake=1.00 hasABS=0 sy=11.48 split=1.000,0.875 ===
 51.01424|I|libbeamng.print:18052| === LSTM_OBS t=116 13.36598,19.87231,19.29488,19.13054,1.03909,11.48291,0.43331,-0.03858,0.00000,0.00000,0.00389,1.00000,0.00000,-0.00414,-0.01592,5580.69411,0.25000 ===
 51.02613|I|libbeamng.print:18052| === LSTM_TRACE t=118 v=21.35 ws=13.29,19.87,19.07,18.96 cmd=0.673,0.705,0.774,0.719 cap=2140,2214,1527,1418 des=2140,2214,1336,1241 app=2081,2190,1315,1219 abs=nil,nil,nil,nil ebrake=1.00 ibrake=1.00 hasABS=0 sy=11.36 split=1.000,0.875 ===
 51.02618|I|libbeamng.print:18052| === LSTM_OBS t=118 13.28797,19.86572,19.06795,18.95903,0.92608,11.35791,0.02348,-0.03682,0.00000,0.00000,0.00392,1.00000,0.00000,-0.00413,-0.01582,5542.68807,0.25000 ===
 51.03940|I|libbeamng.print:18052| === LSTM_TRACE t=120 v=21.23 ws=13.37,19.80,19.11,18.86 cmd=0.686,0.718,0.783,0.728 cap=2074,2202,1493,1398 des=2074,2202,1306,1223 app=2018,2179,1286,1203 abs=nil,nil,nil,nil ebrake=1.00 ibrake=1.00 hasABS=0 sy=11.66 split=1.000,0.875 ===
 51.03944|I|libbeamng.print:18052| === LSTM_OBS t=120 13.37220,19.79678,19.11014,18.86140,1.07967,11.66093,0.46742,-0.03811,0.00000,0.00000,0.00381,1.00000,0.00000,-0.00416,-0.01580,5504.64196,0.25000 ===
 51.04715|I|libbeamng.print:18052| === LSTM_TRACE t=122 v=21.13 ws=13.41,19.69,18.84,18.68 cmd=0.682,0.701,0.776,0.724 cap=2124,2189,1528,1424 des=2124,2189,1337,1246 app=2067,2166,1317,1225 abs=nil,nil,nil,nil ebrake=1.00 ibrake=1.00 hasABS=0 sy=11.34 split=1.000,0.875 ===
 51.04718|I|libbeamng.print:18052| === LSTM_OBS t=122 13.41054,19.69461,18.84300,18.67684,0.97673,11.33789,0.18684,-0.04020,0.00000,0.00000,0.00378,1.00000,0.00000,-0.00415,-0.01568,5466.88298,0.25000 ===
 51.05914|I|libbeamng.print:18052| === LSTM_TRACE t=124 v=21.00 ws=13.41,19.62,18.80,18.67 cmd=0.680,0.707,0.776,0.732 cap=2098,2192,1503,1398 des=2098,2192,1315,1223 app=2042,2170,1295,1203 abs=nil,nil,nil,nil ebrake=1.00 ibrake=1.00 hasABS=0 sy=11.62 split=1.000,0.875 ===
 51.05918|I|libbeamng.print:18052| === LSTM_OBS t=124 13.41263,19.62308,18.79905,18.66944,0.95928,11.61848,0.27090,-0.03407,0.00000,0.00000,0.00389,1.00000,0.00000,-0.00417,-0.01565,5429.41077,0.25000 ===
 51.07335|I|libbeamng.print:18052| === LSTM_TRACE t=126 v=20.90 ws=13.48,19.55,18.60,18.33 cmd=0.685,0.707,0.775,0.727 cap=2113,2179,1517,1414 des=2113,2179,1328,1237 app=2057,2158,1308,1217 abs=nil,nil,nil,nil ebrake=1.00 ibrake=1.00 hasABS=0 sy=11.38 split=1.000,0.875 ===
 51.07340|I|libbeamng.print:18052| === LSTM_OBS t=126 13.48157,19.55181,18.60178,18.33208,0.96927,11.38425,0.26949,-0.03501,0.00000,0.00000,0.00378,1.00000,0.00000,-0.00418,-0.01559,5392.23251,0.25000 ===
 51.08167|I|libbeamng.print:18052| === LSTM_TRACE t=128 v=20.77 ws=13.50,19.43,18.63,18.19 cmd=0.678,0.706,0.777,0.726 cap=2075,2162,1508,1401 des=2075,2162,1320,1226 app=2021,2142,1301,1207 abs=nil,nil,nil,nil ebrake=1.00 ibrake=1.00 hasABS=0 sy=11.67 split=1.000,0.875 ===
 51.08172|I|libbeamng.print:18052| === LSTM_OBS t=128 13.49527,19.43476,18.63350,18.19048,0.92774,11.67218,0.27819,-0.03039,0.00000,0.00000,0.00381,1.00000,0.00000,-0.00418,-0.01557,5355.33247,0.25000 ===
 51.09293|I|libbeamng.print:18052| === LSTM_TRACE t=130 v=20.66 ws=13.60,19.31,18.47,17.94 cmd=0.690,0.702,0.783,0.727 cap=2109,2168,1513,1415 des=2109,2168,1324,1238 app=2055,2148,1305,1219 abs=nil,nil,nil,nil ebrake=1.00 ibrake=1.00 hasABS=0 sy=11.37 split=1.000,0.875 ===
 51.09297|I|libbeamng.print:18052| === LSTM_OBS t=130 13.60483,19.31029,18.47223,17.94235,1.05576,11.36724,0.42256,-0.03098,0.00000,0.00000,0.00381,1.00000,0.00000,-0.00419,-0.01549,5317.79391,0.25000 ===
 51.10596|I|libbeamng.print:18052| === LSTM_TRACE t=132 v=20.54 ws=13.62,19.23,18.51,17.84 cmd=0.684,0.699,0.785,0.726 cap=2083,2125,1513,1414 des=2083,2125,1324,1237 app=2031,2106,1306,1218 abs=nil,nil,nil,nil ebrake=1.00 ibrake=1.00 hasABS=0 sy=11.72 split=1.000,0.875 ===
 51.10603|I|libbeamng.print:18052| === LSTM_OBS t=132 13.61965,19.22561,18.50787,17.83852,1.00653,11.72427,0.43984,-0.02416,0.00000,0.00000,0.00378,1.00000,0.00000,-0.00419,-0.01545,5279.62468,0.25000 ===
 51.11452|I|libbeamng.print:18052| === LSTM_TRACE t=134 v=20.43 ws=13.67,19.12,18.47,17.79 cmd=0.681,0.689,0.790,0.734 cap=2119,2171,1515,1410 des=2119,2171,1326,1234 app=2066,2151,1307,1215 abs=nil,nil,nil,nil ebrake=1.00 ibrake=1.00 hasABS=0 sy=11.48 split=1.000,0.875 ===
 51.11456|I|libbeamng.print:18052| === LSTM_OBS t=134 13.67165,19.11575,18.46544,17.78728,0.93708,11.48343,0.43164,-0.02626,0.00000,0.00000,0.00349,1.00000,0.00000,-0.00413,-0.01537,5242.42538,0.25000 ===
 51.12563|I|libbeamng.print:18052| === LSTM_TRACE t=136 v=20.31 ws=13.93,18.96,18.28,17.37 cmd=0.693,0.703,0.779,0.720 cap=2109,2145,1504,1389 des=2109,2145,1316,1215 app=2057,2126,1298,1196 abs=nil,nil,nil,nil ebrake=1.00 ibrake=1.00 hasABS=0 sy=11.67 split=1.000,0.875 ===
 51.12567|I|libbeamng.print:18052| === LSTM_OBS t=136 13.93006,18.96430,18.27614,17.37238,0.96362,11.67287,0.27222,-0.02575,0.00000,0.00000,0.00329,1.00000,0.00000,-0.00413,-0.01536,5205.48548,0.25000 ===
 51.13941|I|libbeamng.print:18052| === LSTM_TRACE t=138 v=20.20 ws=14.23,18.88,18.16,17.24 cmd=0.714,0.701,0.778,0.716 cap=2184,2155,1512,1413 des=2184,2155,1323,1236 app=2131,2137,1306,1217 abs=nil,nil,nil,nil ebrake=1.00 ibrake=1.00 hasABS=0 sy=11.55 split=1.000,0.875 ===
 51.13944|I|libbeamng.print:18052| === LSTM_OBS t=138 14.23224,18.87715,18.15791,17.23802,1.00154,11.55206,0.07153,-0.02048,0.00000,0.00000,0.00326,1.00000,0.00000,-0.00410,-0.01528,5168.14375,0.25000 ===
 51.14772|I|libbeamng.print:18052| === LSTM_TRACE t=140 v=20.08 ws=14.39,18.65,18.02,17.32 cmd=0.714,0.689,0.783,0.733 cap=2218,2175,1502,1382 des=2218,2175,1315,1209 app=2165,2157,1297,1191 abs=nil,nil,nil,nil ebrake=1.00 ibrake=1.00 hasABS=0 sy=11.68 split=1.000,0.875 ===
 51.14776|I|libbeamng.print:18052| === LSTM_OBS t=140 14.38660,18.65440,18.02478,17.31722,1.19165,11.67906,0.37089,-0.01862,0.00000,0.00000,0.00349,1.00000,0.00000,-0.00413,-0.01526,5130.96533,0.25000 ===
 51.15880|I|libbeamng.print:18052| === LSTM_TRACE t=142 v=19.96 ws=14.32,18.74,18.03,16.87 cmd=0.695,0.686,0.788,0.715 cap=2222,2133,1538,1406 des=2222,2133,1345,1230 app=2169,2115,1328,1212 abs=nil,nil,nil,nil ebrake=1.00 ibrake=1.00 hasABS=0 sy=11.70 split=1.000,0.875 ===
 51.15884|I|libbeamng.print:18052| === LSTM_OBS t=142 14.32364,18.73753,18.02587,16.86981,0.69675,11.69660,0.05945,-0.01033,0.00000,0.00000,0.00372,1.00000,0.00000,-0.00405,-0.01518,5093.74399,0.25000 ===
 51.17244|I|libbeamng.print:18052| === LSTM_TRACE t=144 v=19.85 ws=14.30,18.68,18.00,16.81 cmd=0.692,0.678,0.795,0.725 cap=2123,2083,1523,1434 des=2123,2083,1333,1254 app=2074,2066,1316,1236 abs=nil,nil,nil,nil ebrake=1.00 ibrake=1.00 hasABS=0 sy=11.50 split=1.000,0.875 ===
 51.17248|I|libbeamng.print:18052| === LSTM_OBS t=144 14.29824,18.68310,17.99979,16.81152,1.16450,11.49853,0.42641,-0.01881,0.00000,0.00000,0.00392,1.00000,0.00000,-0.00398,-0.01515,5055.99149,0.25000 ===
 51.18102|I|libbeamng.print:18052| === LSTM_TRACE t=146 v=19.73 ws=14.62,18.58,17.73,16.80 cmd=0.695,0.680,0.768,0.721 cap=2131,2118,1530,1400 des=2131,2118,1339,1225 app=2083,2101,1322,1207 abs=nil,nil,nil,nil ebrake=1.00 ibrake=1.00 hasABS=0 sy=11.66 split=1.000,0.875 ===
 51.18105|I|libbeamng.print:18052| === LSTM_OBS t=146 14.62494,18.57783,17.72536,16.80164,0.87687,11.66261,-0.39287,-0.01074,0.00000,0.00000,0.00450,1.00000,0.00000,-0.00397,-0.01510,5017.84123,0.25000 ===
 51.19281|I|libbeamng.print:18052| === LSTM_TRACE t=148 v=19.62 ws=15.11,18.42,17.58,16.44 cmd=0.738,0.691,0.780,0.721 cap=2239,2131,1524,1416 des=2239,2131,1334,1239 app=2189,2115,1317,1221 abs=nil,nil,nil,nil ebrake=1.00 ibrake=1.00 hasABS=0 sy=11.38 split=1.000,0.875 ===
 51.19287|I|libbeamng.print:18052| === LSTM_OBS t=148 15.11147,18.42208,17.58014,16.44481,1.05900,11.37752,0.04198,-0.01536,0.00000,0.00000,0.00442,1.00000,0.00000,-0.00391,-0.01501,4979.95491,0.25000 ===
 51.20597|I|libbeamng.print:18052| === LSTM_TRACE t=150 v=19.50 ws=15.02,18.08,17.60,16.47 cmd=0.705,0.666,0.784,0.737 cap=2238,2126,1508,1379 des=2238,2126,1320,1207 app=2189,2110,1303,1189 abs=nil,nil,nil,nil ebrake=1.00 ibrake=1.00 hasABS=0 sy=11.68 split=1.000,0.875 ===
 51.20601|I|libbeamng.print:18052| === LSTM_OBS t=150 15.01587,18.08080,17.60021,16.47266,0.83653,11.67864,0.34963,-0.00685,0.00000,0.00000,0.00381,1.00000,0.00000,-0.00386,-0.01502,4942.65349,0.25000 ===
 51.21414|I|libbeamng.print:18052| === LSTM_TRACE t=152 v=19.38 ws=14.89,18.17,17.44,16.04 cmd=0.695,0.670,0.794,0.726 cap=2179,2059,1530,1439 des=2179,2059,1339,1259 app=2132,2043,1323,1241 abs=nil,nil,nil,nil ebrake=1.00 ibrake=1.00 hasABS=0 sy=11.86 split=1.000,0.875 ===
 51.21418|I|libbeamng.print:18052| === LSTM_OBS t=152 14.88678,18.16524,17.43586,16.04439,0.84125,11.86165,0.34899,0.00134,0.00000,0.00000,0.00378,1.00000,0.00000,-0.00375,-0.01497,4905.39832,0.25000 ===
 51.22553|I|libbeamng.print:18052| === LSTM_TRACE t=154 v=19.27 ws=15.58,18.12,17.23,16.40 cmd=0.736,0.672,0.775,0.742 cap=2172,2072,1509,1410 des=2172,2072,1320,1234 app=2125,2057,1304,1216 abs=nil,nil,nil,nil ebrake=1.00 ibrake=1.00 hasABS=0 sy=11.45 split=1.000,0.875 ===
 51.22557|I|libbeamng.print:18052| === LSTM_OBS t=154 15.57603,18.11857,17.22884,16.39578,1.10475,11.45473,0.41620,-0.01362,0.00000,0.00000,0.00375,1.00000,0.00000,-0.00370,-0.01495,4867.34576,0.25000 ===
 51.23896|I|libbeamng.print:18052| === LSTM_TRACE t=156 v=19.15 ws=15.52,18.05,17.17,15.78 cmd=0.718,0.667,0.774,0.707 cap=2309,2061,1528,1416 des=2309,2061,1337,1239 app=2261,2046,1321,1221 abs=nil,nil,nil,nil ebrake=1.00 ibrake=1.00 hasABS=0 sy=11.55 split=1.000,0.875 ===
 51.23902|I|libbeamng.print:18052| === LSTM_OBS t=156 15.52266,18.05219,17.16659,15.78206,0.42872,11.55379,-0.36641,0.00406,0.00000,0.00000,0.00381,1.00000,0.00000,-0.00358,-0.01488,4829.51836,0.25000 ===
 51.24715|I|libbeamng.print:18052| === LSTM_TRACE t=158 v=19.04 ws=15.75,17.84,17.10,15.95 cmd=0.712,0.657,0.776,0.745 cap=2180,2089,1512,1430 des=2180,2089,1323,1251 app=2135,2074,1308,1233 abs=nil,nil,nil,nil ebrake=1.00 ibrake=1.00 hasABS=0 sy=11.63 split=1.000,0.875 ===
 51.24719|I|libbeamng.print:18052| === LSTM_OBS t=158 15.74706,17.84402,17.10317,15.94786,0.65280,11.62954,0.06809,0.00497,0.00000,0.00000,0.00476,1.00000,0.00000,-0.00347,-0.01484,4791.94002,0.25000 ===
 51.25912|I|libbeamng.print:18052| === LSTM_TRACE t=160 v=18.92 ws=16.13,17.66,16.76,15.55 cmd=0.747,0.679,0.769,0.728 cap=2281,2067,1494,1415 des=2281,2067,1307,1238 app=2235,2052,1292,1221 abs=nil,nil,nil,nil ebrake=1.00 ibrake=1.00 hasABS=0 sy=11.81 split=1.000,0.875 ===
 51.25915|I|libbeamng.print:18052| === LSTM_OBS t=160 16.13479,17.66268,16.76016,15.55167,0.88949,11.81290,0.23631,0.00574,0.00000,0.00000,0.00442,1.00000,0.00000,-0.00340,-0.01483,4754.46657,0.25000 ===
 51.27294|I|libbeamng.print:18052| === LSTM_TRACE t=162 v=18.79 ws=15.89,17.78,16.92,15.59 cmd=0.701,0.661,0.784,0.734 cap=2232,2065,1514,1421 des=2232,2065,1325,1243 app=2188,2051,1309,1226 abs=nil,nil,nil,nil ebrake=1.00 ibrake=1.00 hasABS=0 sy=11.96 split=1.000,0.875 ===
 51.27298|I|libbeamng.print:18052| === LSTM_OBS t=162 15.89245,17.78122,16.91690,15.59498,0.87503,11.96040,0.12432,0.01460,0.00000,0.00000,0.00335,1.00000,0.00000,-0.00325,-0.01481,4716.97187,0.25000 ===
 51.28113|I|libbeamng.print:18052| === LSTM_TRACE t=164 v=18.69 ws=16.54,17.68,16.55,15.59 cmd=0.761,0.671,0.771,0.748 cap=2268,2033,1455,1453 des=2268,2033,1273,1272 app=2224,2019,1258,1254 abs=nil,nil,nil,nil ebrake=1.00 ibrake=1.00 hasABS=0 sy=11.46 split=1.000,0.875 ===
 51.28116|I|libbeamng.print:18052| === LSTM_OBS t=164 16.54473,17.67755,16.55052,15.59399,0.99819,11.46365,0.82652,0.00663,0.00000,0.00000,0.00445,1.00000,0.00000,-0.00315,-0.01480,4679.54907,0.25000 ===
 51.29304|I|libbeamng.print:18052| === LSTM_TRACE t=166 v=18.57 ws=16.46,17.34,16.50,15.14 cmd=0.699,0.653,0.750,0.722 cap=2242,2047,1543,1405 des=2242,2047,1350,1229 app=2199,2033,1335,1212 abs=nil,nil,nil,nil ebrake=1.00 ibrake=1.00 hasABS=0 sy=11.54 split=1.000,0.875 ===
 51.29311|I|libbeamng.print:18052| === LSTM_OBS t=166 16.45900,17.33657,16.49827,15.13586,0.54866,11.53853,-0.57487,0.00944,0.00000,0.00000,0.00409,1.00000,0.00000,-0.00299,-0.01475,4641.67852,0.25000 ===
 51.30596|I|libbeamng.print:18052| === LSTM_TRACE t=168 v=18.45 ws=16.74,17.43,16.51,15.27 cmd=0.737,0.663,0.776,0.742 cap=2322,2161,1471,1442 des=2322,2161,1287,1261 app=2279,2147,1272,1244 abs=nil,nil,nil,nil ebrake=1.00 ibrake=1.00 hasABS=0 sy=11.76 split=1.000,0.875 ===
 51.30600|I|libbeamng.print:18052| === LSTM_OBS t=168 16.73668,17.42605,16.51092,15.26731,0.35996,11.76103,-0.16314,0.02153,0.00000,0.00000,0.00423,1.00000,0.00000,-0.00284,-0.01466,4603.80526,0.25000 ===
 51.31402|I|libbeamng.print:18052| === LSTM_TRACE t=170 v=18.34 ws=16.77,17.46,16.23,14.87 cmd=0.734,0.685,0.764,0.732 cap=2163,1929,1487,1441 des=2163,1929,1301,1261 app=2124,1916,1286,1243 abs=nil,nil,nil,nil ebrake=1.00 ibrake=1.00 hasABS=0 sy=11.50 split=1.000,0.875 ===
 51.31406|I|libbeamng.print:18052| === LSTM_OBS t=170 16.77389,17.45748,16.22599,14.87477,0.87262,11.49947,0.71790,0.00353,0.00000,0.00000,0.00395,1.00000,0.00000,-0.00268,-0.01466,4567.01494,0.25000 ===
 51.32655|I|libbeamng.print:18052| === LSTM_TRACE t=172 v=18.23 ws=16.57,16.95,15.93,14.43 cmd=0.710,0.669,0.764,0.730 cap=2299,2145,1446,1416 des=2299,2145,1266,1239 app=2258,2131,1251,1222 abs=nil,nil,nil,nil ebrake=1.00 ibrake=1.00 hasABS=0 sy=11.47 split=1.000,0.875 ===
 51.32659|I|libbeamng.print:18052| === LSTM_OBS t=172 16.56944,16.95149,15.93342,14.42548,0.86666,11.47331,0.43406,0.01275,0.00000,0.00000,0.00349,1.00000,0.00000,-0.00254,-0.01469,4531.71043,0.25000 ===
 51.33931|I|libbeamng.print:18052| === LSTM_TRACE t=174 v=18.11 ws=16.93,17.14,15.39,14.14 cmd=0.731,0.693,0.728,0.708 cap=2193,2105,1500,1420 des=2193,2105,1313,1243 app=2154,2091,1298,1226 abs=nil,nil,nil,nil ebrake=1.00 ibrake=1.00 hasABS=0 sy=11.54 split=1.000,0.875 ===
 51.33938|I|libbeamng.print:18052| === LSTM_OBS t=174 16.93162,17.13755,15.38849,14.13512,0.42144,11.53864,-0.43481,0.02009,0.00000,0.00000,0.00395,1.00000,0.00000,-0.00233,-0.01453,4500.47189,0.25000 ===
 51.34720|I|libbeamng.print:18052| === LSTM_TRACE t=176 v=17.99 ws=16.57,16.87,15.17,13.97 cmd=0.693,0.658,0.738,0.728 cap=2201,2085,1424,1425 des=2201,2085,1246,1247 app=2163,2072,1232,1230 abs=nil,nil,nil,nil ebrake=1.00 ibrake=1.00 hasABS=0 sy=11.55 split=1.000,0.875 ===
 51.34724|I|libbeamng.print:18052| === LSTM_OBS t=176 16.57193,16.86624,15.17308,13.96565,0.41974,11.55186,0.08265,0.01641,0.00000,0.00000,0.00372,1.00000,0.00000,-0.00218,-0.01455,4470.41702,0.25000 ===
 51.35902|I|libbeamng.print:18052| === LSTM_TRACE t=178 v=17.89 ws=16.66,16.63,15.20,13.68 cmd=0.688,0.695,0.760,0.731 cap=2228,2180,1412,1335 des=2228,2180,1235,1168 app=2190,2166,1222,1152 abs=nil,nil,nil,nil ebrake=1.00 ibrake=1.00 hasABS=0 sy=11.26 split=1.000,0.875 ===
 51.35906|I|libbeamng.print:18052| === LSTM_OBS t=178 16.66372,16.63485,15.19783,13.67531,0.59221,11.25878,0.65884,0.00317,0.00000,0.00000,0.00297,1.00000,0.00000,-0.00200,-0.01457,4440.32348,0.25000 ===
 51.37260|I|libbeamng.print:18052| === LSTM_TRACE t=180 v=17.77 ws=16.76,16.84,14.49,13.34 cmd=0.714,0.709,0.714,0.706 cap=2074,2079,1435,1391 des=2074,2079,1255,1217 app=2040,2066,1241,1200 abs=nil,nil,nil,nil ebrake=1.00 ibrake=1.00 hasABS=0 sy=11.29 split=1.000,0.875 ===
 51.37263|I|libbeamng.print:18052| === LSTM_OBS t=180 16.76448,16.83573,14.48510,13.33915,0.46561,11.29256,0.31604,0.01021,0.00000,0.00000,0.00360,1.00000,0.00000,-0.00180,-0.01455,4411.82182,0.25000 ===
 51.38259|I|libbeamng.print:18052| === LSTM_TRACE t=182 v=17.66 ws=16.29,16.29,14.27,13.12 cmd=0.655,0.658,0.734,0.714 cap=2223,2190,1414,1378 des=2223,2190,1238,1206 app=2187,2177,1224,1189 abs=nil,nil,nil,nil ebrake=1.00 ibrake=1.00 hasABS=0 sy=11.35 split=1.000,0.875 ===
 51.38265|I|libbeamng.print:18052| === LSTM_OBS t=182 16.29324,16.28505,14.27059,13.12478,0.62649,11.35418,-0.01758,0.00891,0.00000,0.00000,0.00342,1.00000,0.00000,-0.00160,-0.01451,4383.56656,0.25000 ===
 51.39488|I|libbeamng.print:18052| === LSTM_TRACE t=184 v=17.54 ws=16.66,16.63,13.98,12.85 cmd=0.706,0.723,0.721,0.702 cap=2070,2135,1392,1344 des=2070,2135,1218,1176 app=2037,2122,1204,1160 abs=nil,nil,nil,nil ebrake=1.00 ibrake=1.00 hasABS=0 sy=11.35 split=1.000,0.875 ===
 51.39492|I|libbeamng.print:18052| === LSTM_OBS t=184 16.66439,16.63248,13.98385,12.85396,0.53484,11.34746,0.36001,0.00962,0.00000,0.00000,0.00311,1.00000,0.00000,-0.00139,-0.01445,4354.93765,0.25000 ===
 51.40589|I|libbeamng.print:18052| === LSTM_TRACE t=186 v=17.43 ws=16.09,16.00,13.66,12.53 cmd=0.636,0.669,0.727,0.705 cap=2120,2162,1422,1322 des=2120,2162,1244,1157 app=2087,2150,1230,1141 abs=nil,nil,nil,nil ebrake=1.00 ibrake=1.00 hasABS=0 sy=11.29 split=1.000,0.875 ===
 51.40594|I|libbeamng.print:18052| === LSTM_OBS t=186 16.08809,15.99893,13.65968,12.53027,0.35470,11.28916,0.40453,0.00709,0.00000,0.00000,0.00311,1.00000,0.00000,-0.00121,-0.01446,4327.40776,0.25000 ===
 51.41549|I|libbeamng.print:18052| === LSTM_TRACE t=188 v=17.32 ws=16.51,16.45,13.41,12.30 cmd=0.708,0.728,0.719,0.665 cap=2105,2163,1376,1300 des=2105,2163,1204,1137 app=2072,2151,1190,1122 abs=nil,nil,nil,nil ebrake=1.00 ibrake=1.00 hasABS=0 sy=11.21 split=1.000,0.875 ===
 51.41553|I|libbeamng.print:18052| === LSTM_OBS t=188 16.50703,16.44827,13.41276,12.30470,0.24669,11.20650,0.12335,0.00647,0.00000,0.00000,0.00311,1.00000,0.00000,-0.00103,-0.01446,4300.27550,0.25000 ===
 51.42558|I|libbeamng.print:18052| === LSTM_TRACE t=190 v=17.21 ws=15.95,15.81,13.03,12.05 cmd=0.634,0.676,0.715,0.689 cap=2048,2156,1433,1295 des=2048,2156,1254,1133 app=2016,2144,1240,1117 abs=nil,nil,nil,nil ebrake=1.00 ibrake=1.00 hasABS=0 sy=11.30 split=1.000,0.875 ===
 51.42562|I|libbeamng.print:18052| === LSTM_OBS t=190 15.95186,15.81299,13.03484,12.05383,0.25757,11.30027,0.38512,0.00349,0.00000,0.00000,0.00265,1.00000,0.00000,-0.00087,-0.01443,4272.79395,0.25000 ===
 51.43945|I|libbeamng.print:18052| === LSTM_TRACE t=192 v=17.10 ws=16.26,16.17,12.71,11.80 cmd=0.703,0.728,0.715,0.648 cap=2122,2168,1334,1250 des=2122,2168,1167,1094 app=2090,2156,1154,1079 abs=nil,nil,nil,nil ebrake=1.00 ibrake=1.00 hasABS=0 sy=11.35 split=1.000,0.875 ===
 51.43951|I|libbeamng.print:18052| === LSTM_OBS t=192 16.26270,16.16646,12.71239,11.80146,0.49326,11.34587,0.52107,0.00092,0.00000,0.00000,0.00331,1.00000,0.00000,-0.00069,-0.01438,4246.53745,0.25000 ===
 51.44721|I|libbeamng.print:18052| === LSTM_TRACE t=194 v=16.99 ws=15.71,15.61,12.34,11.64 cmd=0.631,0.669,0.690,0.674 cap=2021,2132,1397,1285 des=2021,2132,1222,1124 app=1991,2120,1209,1108 abs=nil,nil,nil,nil ebrake=1.00 ibrake=1.00 hasABS=0 sy=11.17 split=1.000,0.875 ===
 51.44725|I|libbeamng.print:18052| === LSTM_OBS t=194 15.70950,15.61152,12.33647,11.64344,0.17407,11.17443,0.56356,-0.00006,0.00000,0.00000,0.00254,1.00000,0.00000,-0.00054,-0.01440,4220.23572,0.25000 ===
 51.45888|I|libbeamng.print:18052| === LSTM_TRACE t=196 v=16.88 ws=16.10,16.07,12.08,11.52 cmd=0.712,0.717,0.660,0.607 cap=2075,2078,1266,1267 des=2075,2078,1108,1108 app=2045,2066,1095,1093 abs=nil,nil,nil,nil ebrake=1.00 ibrake=1.00 hasABS=0 sy=11.17 split=1.000,0.875 ===
 51.45892|I|libbeamng.print:18052| === LSTM_OBS t=196 16.09883,16.06881,12.07599,11.52359,0.42767,11.16922,0.01217,-0.00415,0.00000,0.00000,0.00307,1.00000,0.00000,-0.00037,-0.01439,4194.47120,0.25000 ===
 51.47269|I|libbeamng.print:18052| === LSTM_TRACE t=198 v=16.76 ws=15.51,15.62,11.64,11.37 cmd=0.645,0.676,0.650,0.658 cap=2079,2202,1358,1272 des=2079,2202,1188,1113 app=2049,2191,1175,1097 abs=nil,nil,nil,nil ebrake=1.00 ibrake=1.00 hasABS=0 sy=11.28 split=1.000,0.875 ===
 51.47273|I|libbeamng.print:18052| === LSTM_OBS t=198 15.50723,15.62403,11.63737,11.37350,0.25335,11.27956,-0.00577,-0.00297,0.00000,0.00000,0.00224,1.00000,0.00000,-0.00027,-0.01440,4169.35658,0.25000 ===
 51.48007|I|libbeamng.print:18052| === LSTM_TRACE t=200 v=16.66 ws=15.90,15.67,11.53,11.19 cmd=0.695,0.689,0.617,0.608 cap=2049,2056,1177,1247 des=2049,2056,1030,1091 app=2020,2045,1018,1075 abs=nil,nil,nil,nil ebrake=1.00 ibrake=1.00 hasABS=0 sy=10.83 split=1.000,0.875 ===
 51.48014|I|libbeamng.print:18052| === LSTM_OBS t=200 15.89691,15.66623,11.53377,11.19355,0.43923,10.83349,0.10471,-0.01526,0.00000,0.00000,0.00322,1.00000,0.00000,-0.00015,-0.01442,4145.46236,0.25000 ===
 51.49301|I|libbeamng.print:18052| === LSTM_TRACE t=202 v=16.55 ws=15.44,15.67,11.38,11.13 cmd=0.653,0.687,0.664,0.629 cap=2116,2188,1295,1204 des=2116,2188,1133,1053 app=2087,2176,1120,1038 abs=nil,nil,nil,nil ebrake=1.00 ibrake=1.00 hasABS=0 sy=11.03 split=1.000,0.875 ===
 51.49305|I|libbeamng.print:18052| === LSTM_OBS t=202 15.43576,15.66729,11.37843,11.12783,0.12552,11.02682,0.04675,-0.00165,0.00000,0.00000,0.00244,1.00000,0.00000,-0.00006,-0.01441,4122.09086,0.25000 ===
 51.50564|I|libbeamng.print:18052| === LSTM_TRACE t=204 v=16.43 ws=15.54,15.26,11.11,11.11 cmd=0.662,0.654,0.608,0.626 cap=2027,2088,1200,1208 des=2027,2088,1050,1057 app=2000,2078,1037,1041 abs=nil,nil,nil,nil ebrake=1.00 ibrake=1.00 hasABS=0 sy=11.26 split=1.000,0.875 ===
 51.50569|I|libbeamng.print:18052| === LSTM_OBS t=204 15.53796,15.25684,11.10537,11.11086,0.12251,11.26010,0.15585,-0.00545,0.00000,0.00000,0.00289,1.00000,0.00000,0.00003,-0.01440,4100.60288,0.25000 ===
 51.51387|I|libbeamng.print:18052| === LSTM_TRACE t=206 v=16.32 ws=15.37,15.61,10.86,10.87 cmd=0.680,0.688,0.623,0.576 cap=2149,2092,1164,1159 des=2149,2092,1018,1014 app=2120,2082,1006,999 abs=nil,nil,nil,nil ebrake=1.00 ibrake=1.00 hasABS=0 sy=11.09 split=1.000,0.875 ===
 51.51391|I|libbeamng.print:18052| === LSTM_OBS t=206 15.37040,15.61451,10.86040,10.87382,0.19105,11.09224,-0.00762,-0.00759,0.00000,0.00000,0.00297,1.00000,0.00000,0.00012,-0.01439,4078.99349,0.25000 ===
 51.52545|I|libbeamng.print:18052| === LSTM_TRACE t=208 v=16.21 ws=15.11,15.25,10.50,10.71 cmd=0.655,0.675,0.591,0.600 cap=2072,2146,1171,1101 des=2072,2146,1025,963 app=2044,2135,1012,949 abs=nil,nil,nil,nil ebrake=1.00 ibrake=1.00 hasABS=0 sy=11.25 split=1.000,0.875 ===
 51.52549|I|libbeamng.print:18052| === LSTM_OBS t=208 15.10977,15.25317,10.50022,10.70844,0.22129,11.25161,0.33150,-0.00485,0.00000,0.00000,0.00192,1.00000,0.00000,0.00020,-0.01441,4059.04147,0.25000 ===
 51.53942|I|libbeamng.print:18052| === LSTM_TRACE t=210 v=16.11 ws=15.38,15.18,10.32,10.51 cmd=0.684,0.664,0.567,0.576 cap=2035,1998,1127,1166 des=2035,1998,986,1021 app=2008,1988,974,1005 abs=nil,nil,nil,nil ebrake=1.00 ibrake=1.00 hasABS=0 sy=10.82 split=1.000,0.875 ===
 51.53946|I|libbeamng.print:18052| === LSTM_OBS t=210 15.37955,15.17995,10.31535,10.51157,0.19099,10.82475,0.46250,-0.01983,0.00000,0.00000,0.00338,1.00000,0.00000,0.00028,-0.01441,4041.00891,0.25000 ===
 51.54673|I|libbeamng.print:18052| === LSTM_TRACE t=212 v=15.99 ws=15.12,15.36,10.11,10.40 cmd=0.678,0.679,0.582,0.550 cap=2091,2065,1137,1101 des=2091,2065,995,964 app=2064,2054,983,949 abs=nil,nil,nil,nil ebrake=1.00 ibrake=1.00 hasABS=0 sy=11.31 split=1.000,0.875 ===
 51.54676|I|libbeamng.print:18052| === LSTM_OBS t=212 15.12365,15.35874,10.10909,10.40108,0.11370,11.30728,-0.03279,-0.00114,0.00000,0.00000,0.00221,1.00000,0.00000,0.00033,-0.01449,4022.81919,0.25000 ===
 51.55875|I|libbeamng.print:18052| === LSTM_TRACE t=214 v=15.88 ws=14.83,15.01,9.99,10.45 cmd=0.645,0.638,0.550,0.560 cap=2036,2063,1113,1106 des=2036,2063,974,968 app=2010,2053,961,953 abs=nil,nil,nil,nil ebrake=1.00 ibrake=1.00 hasABS=0 sy=10.96 split=1.000,0.875 ===
 51.55880|I|libbeamng.print:18052| === LSTM_OBS t=214 14.82801,15.01416,9.99017,10.45345,0.02733,10.95697,-0.24491,-0.00942,0.00000,0.00000,0.00234,1.00000,0.00000,0.00038,-0.01447,4006.46986,0.25000 ===
 51.57183|I|libbeamng.print:18052| === LSTM_TRACE t=216 v=15.77 ws=14.98,14.87,9.75,10.26 cmd=0.663,0.638,0.533,0.550 cap=2060,2018,1045,1059 des=2060,2018,914,926 app=2033,2008,902,912 abs=nil,nil,nil,nil ebrake=1.00 ibrake=1.00 hasABS=0 sy=11.07 split=1.000,0.875 ===
 51.57187|I|libbeamng.print:18052| === LSTM_OBS t=216 14.98185,14.87074,9.74616,10.26027,-0.09733,11.06950,-0.02364,-0.01038,0.00000,0.00000,0.00345,1.00000,0.00000,0.00041,-0.01451,3991.55808,0.25000 ===
 51.58011|I|libbeamng.print:18052| === LSTM_TRACE t=218 v=15.66 ws=14.77,15.03,9.56,10.13 cmd=0.663,0.661,0.538,0.520 cap=2099,2021,1021,982 des=2099,2021,893,859 app=2072,2011,882,845 abs=nil,nil,nil,nil ebrake=1.00 ibrake=1.00 hasABS=0 sy=11.09 split=1.000,0.875 ===
 51.58015|I|libbeamng.print:18052| === LSTM_OBS t=218 14.76806,15.03070,9.56016,10.13477,0.21115,11.09001,0.18372,-0.01203,0.00000,0.00000,0.00239,1.00000,0.00000,0.00043,-0.01452,3977.25006,0.25000 ===
 51.59164|I|libbeamng.print:18052| === LSTM_TRACE t=220 v=15.55 ws=14.59,14.83,9.37,9.97 cmd=0.649,0.641,0.529,0.531 cap=2025,1997,1013,1050 des=2025,1997,887,919 app=2000,1987,875,905 abs=nil,nil,nil,nil ebrake=1.00 ibrake=1.00 hasABS=0 sy=11.10 split=1.000,0.875 ===
 51.59167|I|libbeamng.print:18052| === LSTM_OBS t=220 14.58508,14.83240,9.37229,9.96687,0.20186,11.10039,0.49491,-0.00857,0.00000,0.00000,0.00239,1.00000,0.00000,0.00051,-0.01458,3964.67048,0.25000 ===
 51.60553|I|libbeamng.print:18052| === LSTM_TRACE t=222 v=15.44 ws=14.63,14.69,9.30,9.95 cmd=0.644,0.622,0.506,0.506 cap=1974,1923,996,1009 des=1974,1923,871,883 app=1950,1914,859,869 abs=nil,nil,nil,nil ebrake=1.00 ibrake=1.00 hasABS=0 sy=10.99 split=1.000,0.875 ===
 51.60556|I|libbeamng.print:18052| === LSTM_OBS t=222 14.63287,14.68826,9.29556,9.94745,0.27506,10.99464,0.13209,-0.01156,0.00000,0.00000,0.00297,1.00000,0.00000,0.00056,-0.01468,3952.50193,0.25000 ===
 51.61283|I|libbeamng.print:18052| === LSTM_TRACE t=224 v=15.34 ws=14.70,14.72,9.07,9.91 cmd=0.655,0.615,0.476,0.493 cap=2013,1922,971,982 des=2013,1922,850,859 app=1989,1913,838,845 abs=nil,nil,nil,nil ebrake=1.00 ibrake=1.00 hasABS=0 sy=10.65 split=1.000,0.875 ===
 51.61286|I|libbeamng.print:18052| === LSTM_OBS t=224 14.70071,14.71647,9.06596,9.90564,-0.06648,10.64742,-0.19384,-0.01472,0.00000,0.00000,0.00204,1.00000,0.00000,0.00055,-0.01471,3940.97317,0.25000 ===
 51.62515|I|libbeamng.print:18052| === LSTM_TRACE t=226 v=15.23 ws=14.40,14.75,8.88,9.67 cmd=0.641,0.625,0.494,0.466 cap=2020,1952,972,903 des=2020,1952,851,790 app=1995,1942,839,777 abs=nil,nil,nil,nil ebrake=1.00 ibrake=1.00 hasABS=0 sy=10.87 split=1.000,0.875 ===
 51.62519|I|libbeamng.print:18052| === LSTM_OBS t=226 14.40198,14.75296,8.87793,9.67277,-0.00036,10.86576,-0.11449,-0.00408,0.00000,0.00000,0.00210,1.00000,0.00000,0.00052,-0.01474,3931.06522,0.25000 ===
 51.63827|I|libbeamng.print:18052| === LSTM_TRACE t=228 v=15.12 ws=14.20,14.56,8.85,9.62 cmd=0.623,0.601,0.475,0.461 cap=1946,1885,920,935 des=1946,1885,805,819 app=1923,1875,794,805 abs=nil,nil,nil,nil ebrake=1.00 ibrake=1.00 hasABS=0 sy=10.83 split=1.000,0.875 ===
 51.63830|I|libbeamng.print:18052| === LSTM_OBS t=228 14.20294,14.56147,8.85222,9.62265,0.09807,10.82943,-0.07305,-0.01061,0.00000,0.00000,0.00335,1.00000,0.00000,0.00053,-0.01480,3921.85933,0.25000 ===
 51.64679|I|libbeamng.print:18052| === LSTM_TRACE t=230 v=15.02 ws=14.24,14.39,8.52,9.58 cmd=0.623,0.585,0.443,0.470 cap=1930,1851,898,907 des=1930,1851,785,793 app=1907,1842,774,780 abs=nil,nil,nil,nil ebrake=1.00 ibrake=1.00 hasABS=0 sy=10.70 split=1.000,0.875 ===
 51.64682|I|libbeamng.print:18052| === LSTM_OBS t=230 14.23611,14.39287,8.52101,9.57789,0.11226,10.70450,0.18235,-0.01041,0.00000,0.00000,0.00297,1.00000,0.00000,0.00055,-0.01486,3913.37388,0.25000 ===
 51.65799|I|libbeamng.print:18052| === LSTM_TRACE t=232 v=14.91 ws=14.30,14.41,8.58,9.69 cmd=0.622,0.580,0.454,0.453 cap=1930,1804,886,877 des=1930,1804,775,767 app=1908,1795,764,754 abs=nil,nil,nil,nil ebrake=1.00 ibrake=1.00 hasABS=0 sy=10.82 split=1.000,0.875 ===
 51.65803|I|libbeamng.print:18052| === LSTM_OBS t=232 14.30202,14.41361,8.57565,9.68641,0.11764,10.82010,-0.04212,-0.00862,0.00000,0.00000,0.00224,1.00000,0.00000,0.00053,-0.01498,3903.33613,0.25000 ===
 51.67181|I|libbeamng.print:18052| === LSTM_TRACE t=234 v=14.81 ws=14.14,14.40,8.63,9.61 cmd=0.609,0.577,0.454,0.439 cap=1939,1813,863,867 des=1939,1813,755,758 app=1916,1804,744,745 abs=nil,nil,nil,nil ebrake=1.00 ibrake=1.00 hasABS=0 sy=10.39 split=1.000,0.875 ===
 51.67189|I|libbeamng.print:18052| === LSTM_OBS t=234 14.13977,14.40360,8.63154,9.60703,0.01264,10.39011,-0.02454,-0.01154,0.00000,0.00000,0.00244,1.00000,0.00000,0.00052,-0.01499,3892.72618,0.25000 ===
 51.68013|I|libbeamng.print:18052| === LSTM_TRACE t=236 v=14.70 ws=14.03,14.25,8.44,9.58 cmd=0.597,0.565,0.440,0.455 cap=1883,1773,843,875 des=1883,1773,737,766 app=1861,1764,726,753 abs=nil,nil,nil,nil ebrake=1.00 ibrake=1.00 hasABS=0 sy=10.47 split=1.000,0.875 ===
 51.68017|I|libbeamng.print:18052| === LSTM_OBS t=236 14.03059,14.25241,8.44134,9.58449,0.02745,10.47366,0.41412,-0.00459,0.00000,0.00000,0.00274,1.00000,0.00000,0.00054,-0.01503,3882.60473,0.25000 ===
 51.69117|I|libbeamng.print:18052| === LSTM_TRACE t=238 v=14.60 ws=13.95,14.14,8.36,9.68 cmd=0.582,0.549,0.425,0.452 cap=1825,1715,861,837 des=1825,1715,753,732 app=1804,1707,741,719 abs=nil,nil,nil,nil ebrake=1.00 ibrake=1.00 hasABS=0 sy=10.38 split=1.000,0.875 ===
 51.69121|I|libbeamng.print:18052| === LSTM_OBS t=238 13.95471,14.13905,8.35858,9.67946,0.13862,10.38233,0.33473,-0.00821,0.00000,0.00000,0.00224,1.00000,0.00000,0.00052,-0.01511,3871.80245,0.25000 ===
 51.70465|I|libbeamng.print:18052| === LSTM_TRACE t=240 v=14.50 ws=13.92,14.02,8.50,9.63 cmd=0.572,0.532,0.430,0.444 cap=1795,1674,820,878 des=1795,1674,717,768 app=1775,1666,706,754 abs=nil,nil,nil,nil ebrake=1.00 ibrake=1.00 hasABS=0 sy=10.39 split=1.000,0.875 ===
 51.70469|I|libbeamng.print:18052| === LSTM_OBS t=240 13.92109,14.02216,8.49585,9.62710,0.01753,10.38590,0.08915,-0.00547,0.00000,0.00000,0.00154,1.00000,0.00000,0.00053,-0.01516,3861.89689,0.25000 ===
 51.71344|I|libbeamng.print:18052| === LSTM_TRACE t=242 v=14.41 ws=13.89,13.92,8.40,9.58 cmd=0.564,0.524,0.412,0.437 cap=1783,1655,805,847 des=1783,1655,704,741 app=1762,1647,693,728 abs=nil,nil,nil,nil ebrake=1.00 ibrake=1.00 hasABS=0 sy=9.98 split=1.000,0.875 ===
 51.71348|I|libbeamng.print:18052| === LSTM_OBS t=242 13.88770,13.92431,8.39768,9.58411,0.00434,9.98093,0.24433,-0.01221,0.00000,0.00000,0.00169,1.00000,0.00000,0.00049,-0.01518,3852.51445,0.25000 ===
 51.72507|I|libbeamng.print:18052| === LSTM_TRACE t=244 v=14.30 ws=13.84,13.92,8.34,9.52 cmd=0.563,0.527,0.409,0.423 cap=1741,1603,809,834 des=1741,1603,708,729 app=1721,1595,696,716 abs=nil,nil,nil,nil ebrake=1.00 ibrake=1.00 hasABS=0 sy=10.13 split=1.000,0.875 ===
 51.72511|I|libbeamng.print:18052| === LSTM_OBS t=244 13.83764,13.92175,8.33544,9.51686,0.20614,10.12574,0.27202,-0.00559,0.00000,0.00000,0.00204,1.00000,0.00000,0.00046,-0.01522,3843.23768,0.25000 ===
 51.73818|I|libbeamng.print:18052| === LSTM_TRACE t=246 v=14.21 ws=13.75,13.85,8.39,9.68 cmd=0.549,0.512,0.403,0.416 cap=1722,1616,788,815 des=1722,1616,690,713 app=1703,1607,678,700 abs=nil,nil,nil,nil ebrake=1.00 ibrake=1.00 hasABS=0 sy=10.00 split=1.000,0.875 ===
 51.73822|I|libbeamng.print:18052| === LSTM_OBS t=246 13.74989,13.85455,8.38770,9.68451,0.16324,10.00350,-0.20923,-0.00910,0.00000,0.00000,0.00216,1.00000,0.00000,0.00053,-0.01530,3834.97574,0.25000 ===
 51.74661|I|libbeamng.print:18052| === LSTM_TRACE t=248 v=14.11 ws=13.70,13.83,8.30,9.51 cmd=0.543,0.512,0.403,0.409 cap=1697,1613,799,811 des=1697,1613,699,710 app=1678,1605,688,696 abs=nil,nil,nil,nil ebrake=1.00 ibrake=1.00 hasABS=0 sy=9.80 split=1.000,0.875 ===
 51.74664|I|libbeamng.print:18052| === LSTM_OBS t=248 13.69590,13.83456,8.30064,9.50841,-0.01202,9.79534,-0.02888,-0.00853,0.00000,0.00000,0.00234,1.00000,0.00000,0.00050,-0.01528,3827.48253,0.25000 ===
 51.75656|I|libbeamng.print:18052| === LSTM_TRACE t=250 v=14.01 ws=13.57,13.77,8.39,9.52 cmd=0.527,0.501,0.410,0.405 cap=1648,1565,783,805 des=1648,1565,685,704 app=1629,1557,673,691 abs=nil,nil,nil,nil ebrake=1.00 ibrake=1.00 hasABS=0 sy=9.86 split=1.000,0.875 ===
 51.75659|I|libbeamng.print:18052| === LSTM_OBS t=250 13.56980,13.76872,8.38511,9.52016,0.17477,9.85845,0.16265,-0.00638,0.00000,0.00000,0.00226,1.00000,0.00000,0.00049,-0.01532,3823.75190,0.25000 ===
 51.76426|I|libbeamng.print:18052| === LSTM_TRACE t=252 v=13.91 ws=13.45,13.66,8.19,9.52 cmd=0.518,0.484,0.379,0.401 cap=1593,1516,781,815 des=1593,1516,684,713 app=1575,1508,672,699 abs=nil,nil,nil,nil ebrake=1.00 ibrake=1.00 hasABS=0 sy=9.82 split=1.000,0.875 ===
 51.76430|I|libbeamng.print:18052| === LSTM_OBS t=252 13.44890,13.66311,8.19018,9.52059,0.18634,9.81891,-0.05263,-0.00282,0.00000,0.00000,0.00229,1.00000,0.00000,0.00051,-0.01537,3816.99276,0.25000 ===
 51.77648|I|libbeamng.print:18052| === LSTM_TRACE t=254 v=13.82 ws=13.33,13.54,8.23,9.66 cmd=0.496,0.464,0.383,0.417 cap=1548,1484,778,792 des=1548,1484,680,693 app=1530,1476,669,680 abs=nil,nil,nil,nil ebrake=1.00 ibrake=1.00 hasABS=0 sy=9.57 split=1.000,0.875 ===
 51.77651|I|libbeamng.print:18052| === LSTM_OBS t=254 13.32703,13.54029,8.23174,9.65878,0.08772,9.57471,0.00502,-0.01043,0.00000,0.00000,0.00226,1.00000,0.00000,0.00049,-0.01539,3810.57041,0.25000 ===
 51.78972|I|libbeamng.print:18052| === LSTM_TRACE t=256 v=13.73 ws=13.22,13.41,8.42,9.52 cmd=0.480,0.455,0.388,0.395 cap=1540,1451,725,801 des=1540,1451,635,701 app=1522,1443,624,688 abs=nil,nil,nil,nil ebrake=1.00 ibrake=1.00 hasABS=0 sy=9.43 split=1.000,0.875 ===
 51.78976|I|libbeamng.print:18052| === LSTM_OBS t=256 13.22215,13.40533,8.42258,9.51572,0.01738,9.43094,-0.00271,-0.01133,0.00000,0.00000,0.00216,1.00000,0.00000,0.00047,-0.01541,3805.18314,0.25000 ===
 51.79781|I|libbeamng.print:18052| === LSTM_TRACE t=258 v=13.64 ws=13.17,13.29,8.19,9.49 cmd=0.476,0.446,0.366,0.398 cap=1474,1400,743,791 des=1474,1400,650,692 app=1458,1392,639,679 abs=nil,nil,nil,nil ebrake=1.00 ibrake=1.00 hasABS=0 sy=9.42 split=1.000,0.875 ===
 51.79784|I|libbeamng.print:18052| === LSTM_OBS t=258 13.17353,13.28830,8.19077,9.49424,0.01947,9.42027,0.13555,-0.00649,0.00000,0.00000,0.00221,1.00000,0.00000,0.00048,-0.01544,3799.95689,0.25000 ===
 51.80954|I|libbeamng.print:18052| === LSTM_TRACE t=260 v=13.54 ws=13.10,13.20,8.19,9.49 cmd=0.465,0.438,0.372,0.383 cap=1431,1370,740,761 des=1431,1370,648,666 app=1415,1363,636,653 abs=nil,nil,nil,nil ebrake=1.00 ibrake=1.00 hasABS=0 sy=9.58 split=1.000,0.875 ===
 51.80958|I|libbeamng.print:18052| === LSTM_OBS t=260 13.10087,13.19546,8.19126,9.49307,0.29262,9.58286,0.09566,-0.00544,0.00000,0.00000,0.00221,1.00000,0.00000,0.00050,-0.01548,3795.47949,0.25000 ===
 51.82401|I|libbeamng.print:18052| === LSTM_TRACE t=262 v=13.45 ws=13.03,13.10,8.36,9.63 cmd=0.449,0.424,0.374,0.389 cap=1413,1344,711,753 des=1413,1344,622,659 app=1397,1337,610,646 abs=nil,nil,nil,nil ebrake=1.00 ibrake=1.00 hasABS=0 sy=9.38 split=1.000,0.875 ===
 51.82404|I|libbeamng.print:18052| === LSTM_OBS t=262 13.02619,13.10085,8.35913,9.62872,0.07855,9.37816,0.01606,-0.00819,0.00000,0.00000,0.00204,1.00000,0.00000,0.00048,-0.01548,3791.87645,0.25000 ===
 51.83183|I|libbeamng.print:18052| === LSTM_TRACE t=264 v=13.36 ws=12.97,13.04,8.29,9.51 cmd=0.442,0.422,0.370,0.376 cap=1393,1329,703,740 des=1393,1329,615,648 app=1377,1322,604,635 abs=nil,nil,nil,nil ebrake=1.00 ibrake=1.00 hasABS=0 sy=9.26 split=1.000,0.875 ===
 51.83187|I|libbeamng.print:18052| === LSTM_OBS t=264 12.97059,13.04196,8.28708,9.50537,0.02896,9.26343,0.17839,-0.00180,0.00000,0.00000,0.00216,1.00000,0.00000,0.00048,-0.01549,3788.78259,0.25000 ===
 51.84302|I|libbeamng.print:18052| === LSTM_TRACE t=266 v=13.27 ws=12.92,12.99,8.18,9.47 cmd=0.437,0.418,0.367,0.376 cap=1332,1277,726,743 des=1332,1277,635,651 app=1317,1270,623,637 abs=nil,nil,nil,nil ebrake=1.00 ibrake=1.00 hasABS=0 sy=9.27 split=1.000,0.875 ===
 51.84306|I|libbeamng.print:18052| === LSTM_OBS t=266 12.91615,12.98805,8.18141,9.46514,0.15110,9.27176,0.38017,-0.00288,0.00000,0.00000,0.00204,1.00000,0.00000,0.00047,-0.01548,3786.28346,0.25000 ===
 51.85628|I|libbeamng.print:18052| === LSTM_TRACE t=268 v=13.19 ws=12.81,12.90,8.30,9.61 cmd=0.420,0.403,0.369,0.364 cap=1318,1269,704,711 des=1318,1269,616,622 app=1303,1261,604,609 abs=nil,nil,nil,nil ebrake=1.00 ibrake=1.00 hasABS=0 sy=9.20 split=1.000,0.875 ===
 51.85637|I|libbeamng.print:18052| === LSTM_OBS t=268 12.81499,12.89951,8.30127,9.60537,0.15575,9.19714,0.00409,-0.00270,0.00000,0.00000,0.00189,1.00000,0.00000,0.00048,-0.01552,3784.74138,0.25000 ===
 51.86499|I|libbeamng.print:18052| === LSTM_TRACE t=270 v=13.10 ws=12.75,12.83,8.18,9.54 cmd=0.412,0.398,0.368,0.368 cap=1281,1252,717,716 des=1281,1252,627,627 app=1266,1245,615,614 abs=nil,nil,nil,nil ebrake=1.00 ibrake=1.00 hasABS=0 sy=9.08 split=1.000,0.875 ===
 51.86502|I|libbeamng.print:18052| === LSTM_OBS t=270 12.75048,12.83333,8.18357,9.53683,-0.00655,9.08111,0.18956,-0.00179,0.00000,0.00000,0.00183,1.00000,0.00000,0.00048,-0.01548,3783.56553,0.25000 ===
 51.87606|I|libbeamng.print:18052| === LSTM_TRACE t=272 v=13.01 ws=12.67,12.76,8.32,9.57 cmd=0.395,0.389,0.381,0.365 cap=1251,1211,698,703 des=1251,1211,611,615 app=1236,1204,599,602 abs=nil,nil,nil,nil ebrake=1.00 ibrake=1.00 hasABS=0 sy=9.01 split=1.000,0.875 ===
 51.87610|I|libbeamng.print:18052| === LSTM_OBS t=272 12.67427,12.75510,8.31625,9.56870,0.16402,9.01242,0.44066,-0.00378,0.00000,0.00000,0.00183,1.00000,0.00000,0.00046,-0.01548,3783.29128,0.25000 ===
 51.89008|I|libbeamng.print:18052| === LSTM_TRACE t=274 v=12.93 ws=12.59,12.70,8.09,9.57 cmd=0.391,0.379,0.355,0.360 cap=1200,1174,722,728 des=1200,1174,631,637 app=1186,1167,619,623 abs=nil,nil,nil,nil ebrake=1.00 ibrake=1.00 hasABS=0 sy=9.08 split=1.000,0.875 ===
 51.89014|I|libbeamng.print:18052| === LSTM_OBS t=274 12.59379,12.70343,8.08590,9.56629,0.14065,9.07769,0.08785,0.00075,0.00000,0.00000,0.00162,1.00000,0.00000,0.00045,-0.01547,3783.30848,0.25000 ===
 51.89791|I|libbeamng.print:18052| === LSTM_TRACE t=276 v=12.84 ws=12.53,12.63,8.13,9.74 cmd=0.372,0.367,0.371,0.375 cap=1162,1163,719,699 des=1162,1163,629,612 app=1148,1156,616,599 abs=nil,nil,nil,nil ebrake=1.00 ibrake=1.00 hasABS=0 sy=8.93 split=1.000,0.875 ===
 51.89794|I|libbeamng.print:18052| === LSTM_OBS t=276 12.52764,12.63296,8.12764,9.73638,0.21897,8.92618,0.20339,-0.01099,0.00000,0.00000,0.00142,1.00000,0.00000,0.00048,-0.01547,3783.83581,0.25000 ===
 51.91035|I|libbeamng.print:18052| === LSTM_TRACE t=278 v=12.76 ws=12.45,12.59,8.27,9.66 cmd=0.355,0.360,0.376,0.359 cap=1146,1133,690,722 des=1146,1133,604,632 app=1132,1126,591,618 abs=nil,nil,nil,nil ebrake=1.00 ibrake=1.00 hasABS=0 sy=8.72 split=1.000,0.875 ===
 51.91039|I|libbeamng.print:18052| === LSTM_OBS t=278 12.45104,12.58616,8.27195,9.66320,0.08246,8.71711,0.10126,-0.01251,0.00000,0.00000,0.00142,1.00000,0.00000,0.00043,-0.01545,3785.11616,0.25000 ===
 51.92347|I|libbeamng.print:18052| === LSTM_TRACE t=280 v=12.68 ws=12.45,12.53,8.10,9.71 cmd=0.342,0.349,0.370,0.368 cap=1092,1105,717,712 des=1092,1105,627,623 app=1079,1098,615,610 abs=nil,nil,nil,nil ebrake=1.00 ibrake=1.00 hasABS=0 sy=8.46 split=1.000,0.875 ===
 51.92350|I|libbeamng.print:18052| === LSTM_OBS t=280 12.44598,12.52616,8.10125,9.70540,0.02349,8.45790,0.25461,-0.01210,0.00000,0.00000,0.00124,1.00000,0.00000,0.00040,-0.01542,3786.34246,0.25000 ===
 51.93116|I|libbeamng.print:18052| === LSTM_TRACE t=282 v=12.60 ws=12.41,12.50,7.95,9.69 cmd=0.324,0.335,0.362,0.356 cap=1019,1054,738,731 des=1019,1054,646,640 app=1007,1047,633,626 abs=nil,nil,nil,nil ebrake=1.00 ibrake=1.00 hasABS=0 sy=8.43 split=1.000,0.875 ===
 51.93120|I|libbeamng.print:18052| === LSTM_OBS t=282 12.40811,12.49722,7.94767,9.68573,0.28300,8.43092,0.16152,-0.01665,0.00000,0.00000,0.00104,1.00000,0.00000,0.00040,-0.01540,3787.97852,0.25000 ===
 51.94349|I|libbeamng.print:18052| === LSTM_TRACE t=284 v=12.53 ws=12.36,12.42,8.11,9.95 cmd=0.290,0.311,0.374,0.364 cap=952,1012,717,698 des=952,1012,627,611 app=940,1006,614,597 abs=nil,nil,nil,nil ebrake=1.00 ibrake=1.00 hasABS=0 sy=8.18 split=1.000,0.875 ===
 51.94353|I|libbeamng.print:18052| === LSTM_OBS t=284 12.36247,12.42308,8.11219,9.95102,0.02833,8.17548,-0.13948,-0.01775,0.00000,0.00000,0.00069,1.00000,0.00000,0.00040,-0.01540,3789.92067,0.25000 ===
 51.95627|I|libbeamng.print:18052| === LSTM_TRACE t=286 v=12.45 ws=12.33,12.33,7.95,9.85 cmd=0.268,0.299,0.360,0.360 cap=878,972,714,703 des=878,972,625,616 app=867,965,612,602 abs=nil,nil,nil,nil ebrake=1.00 ibrake=1.00 hasABS=0 sy=8.00 split=1.000,0.875 ===
 51.95637|I|libbeamng.print:18052| === LSTM_OBS t=286 12.33115,12.32950,7.94912,9.85157,-0.11035,7.99959,0.05090,-0.00955,0.00000,0.00000,0.00049,1.00000,0.00000,0.00035,-0.01534,3792.27928,0.25000 ===
 51.96466|I|libbeamng.print:18052| === LSTM_TRACE t=288 v=12.37 ws=12.27,12.24,8.07,9.88 cmd=0.242,0.287,0.376,0.354 cap=796,910,695,694 des=796,910,609,607 app=786,904,596,594 abs=nil,nil,nil,nil ebrake=1.00 ibrake=1.00 hasABS=0 sy=7.90 split=1.000,0.875 ===
 51.96471|I|libbeamng.print:18052| === LSTM_OBS t=288 12.26752,12.24377,8.07066,9.88307,0.22419,7.90349,0.29861,-0.00490,0.00000,0.00000,0.00000,1.00000,0.00000,0.00032,-0.01530,3794.87527,0.25000 ===
 51.97594|I|libbeamng.print:18052| === LSTM_TRACE t=290 v=12.30 ws=12.19,12.15,7.81,9.98 cmd=0.230,0.276,0.341,0.358 cap=727,860,706,706 des=727,860,618,618 app=718,854,605,604 abs=nil,nil,nil,nil ebrake=1.00 ibrake=1.00 hasABS=0 sy=7.66 split=1.000,0.875 ===
 51.97598|I|libbeamng.print:18052| === LSTM_OBS t=290 12.19485,12.15409,7.81299,9.97554,0.21410,7.65503,0.26658,-0.00879,0.00000,0.00000,0.00000,1.00000,0.00000,0.00030,-0.01524,3797.97967,0.25000 ===
 51.98955|I|libbeamng.print:18052| === LSTM_TRACE t=292 v=12.24 ws=12.12,12.12,7.86,10.08 cmd=0.214,0.266,0.348,0.346 cap=674,846,709,692 des=674,846,620,605 app=666,840,607,591 abs=nil,nil,nil,nil ebrake=1.00 ibrake=1.00 hasABS=0 sy=7.36 split=1.000,0.875 ===
 51.98961|I|libbeamng.print:18052| === LSTM_OBS t=292 12.12231,12.11634,7.85565,10.08445,0.36847,7.35992,-0.04021,-0.02174,0.00000,0.00000,0.00000,1.00000,0.00000,0.00030,-0.01518,3801.27985,0.25000 ===
 51.99758|I|libbeamng.print:18052| === LSTM_TRACE t=294 v=12.17 ws=12.05,12.10,7.96,10.14 cmd=0.202,0.262,0.353,0.345 cap=647,829,679,674 des=647,829,594,590 app=638,823,581,577 abs=nil,nil,nil,nil ebrake=1.00 ibrake=1.00 hasABS=0 sy=7.14 split=1.000,0.875 ===
 51.99765|I|libbeamng.print:18052| === LSTM_OBS t=294 12.04905,12.10196,7.96036,10.14293,0.10619,7.14403,0.05199,-0.02300,0.00000,0.00000,0.00000,1.00000,0.00000,0.00027,-0.01509,3805.55549,0.25000 ===
 52.00920|I|libbeamng.print:18052| === LSTM_TRACE t=296 v=12.10 ws=12.04,12.04,7.83,10.19 cmd=0.199,0.259,0.332,0.348 cap=629,813,665,674 des=629,813,582,590 app=620,807,569,576 abs=nil,nil,nil,nil ebrake=1.00 ibrake=1.00 hasABS=0 sy=6.98 split=1.000,0.875 ===
 52.00926|I|libbeamng.print:18052| === LSTM_OBS t=296 12.03598,12.04131,7.83105,10.18737,-0.03080,6.98349,0.14709,-0.01905,0.00000,0.00000,0.00000,1.00000,0.00000,0.00022,-0.01496,3810.34946,0.25000 ===
 52.02317|I|libbeamng.print:18052| === LSTM_TRACE t=298 v=12.02 ws=12.00,11.94,7.90,10.18 cmd=0.194,0.259,0.344,0.359 cap=599,787,659,701 des=599,787,576,613 app=591,781,564,599 abs=nil,nil,nil,nil ebrake=1.00 ibrake=1.00 hasABS=0 sy=7.04 split=1.000,0.875 ===
 52.02321|I|libbeamng.print:18052| === LSTM_OBS t=298 11.99636,11.93992,7.89511,10.18098,0.31076,7.03877,0.49635,-0.01764,0.00000,0.00000,0.00000,1.00000,0.00000,0.00022,-0.01485,3815.59992,0.25000 ===
 52.03093|I|libbeamng.print:18052| === LSTM_TRACE t=300 v=11.95 ws=11.86,11.88,7.73,10.19 cmd=0.190,0.255,0.322,0.338 cap=586,787,658,678 des=586,787,576,594 app=578,781,563,580 abs=nil,nil,nil,nil ebrake=1.00 ibrake=1.00 hasABS=0 sy=7.04 split=1.000,0.875 ===
 52.03097|I|libbeamng.print:18052| === LSTM_OBS t=300 11.86160,11.88362,7.72882,10.18939,0.21101,7.04071,0.11443,-0.02248,0.00000,0.00000,0.00069,1.00000,0.00000,0.00025,-0.01474,3821.86725,0.25000 ===
 52.04388|I|libbeamng.print:18052| === LSTM_TRACE t=302 v=11.88 ws=11.77,11.81,7.83,10.40 cmd=0.182,0.249,0.352,0.373 cap=565,782,683,684 des=565,782,598,599 app=557,776,584,585 abs=nil,nil,nil,nil ebrake=1.00 ibrake=1.00 hasABS=0 sy=7.06 split=1.000,0.875 ===
 52.04392|I|libbeamng.print:18052| === LSTM_OBS t=302 11.76880,11.81085,7.82734,10.40106,0.03482,7.06231,0.03569,-0.02254,0.00000,0.00000,0.00069,1.00000,0.00000,0.00018,-0.01463,3828.51123,0.25000 ===
 52.05638|I|libbeamng.print:18052| === LSTM_TRACE t=304 v=11.81 ws=11.75,11.67,7.94,10.28 cmd=0.180,0.251,0.360,0.372 cap=569,783,679,732 des=569,783,594,641 app=561,776,580,626 abs=nil,nil,nil,nil ebrake=1.00 ibrake=1.00 hasABS=0 sy=7.05 split=1.000,0.875 ===
 52.05647|I|libbeamng.print:18052| === LSTM_OBS t=304 11.74517,11.67076,7.94116,10.27881,0.02352,7.04831,0.25643,-0.02634,0.00000,0.00000,0.00049,1.00000,0.00000,0.00017,-0.01451,3836.15798,0.25000 ===
 52.06484|I|libbeamng.print:18052| === LSTM_TRACE t=306 v=11.74 ws=11.65,11.63,7.88,10.31 cmd=0.180,0.250,0.355,0.373 cap=564,769,656,688 des=564,769,574,602 app=556,762,561,588 abs=nil,nil,nil,nil ebrake=1.00 ibrake=1.00 hasABS=0 sy=7.12 split=1.000,0.875 ===
 52.06488|I|libbeamng.print:18052| === LSTM_OBS t=306 11.64874,11.63127,7.87731,10.31160,0.02119,7.12101,0.65511,-0.02602,0.00000,0.00000,0.00000,1.00000,0.00000,0.00013,-0.01438,3843.34222,0.25000 ===
 52.07709|I|libbeamng.print:18052| === LSTM_TRACE t=308 v=11.66 ws=11.56,11.60,7.87,10.32 cmd=0.178,0.250,0.371,0.395 cap=547,754,700,760 des=547,754,613,665 app=539,748,598,649 abs=nil,nil,nil,nil ebrake=1.00 ibrake=1.00 hasABS=0 sy=7.39 split=1.000,0.875 ===
 52.07714|I|libbeamng.print:18052| === LSTM_OBS t=308 11.55864,11.60444,7.86821,10.32385,0.26327,7.39088,0.58665,-0.01484,0.00000,0.00000,0.00049,1.00000,0.00000,0.00015,-0.01427,3851.06981,0.25000 ===
 52.08986|I|libbeamng.print:18052| === LSTM_TRACE t=310 v=11.60 ws=11.48,11.48,7.82,10.32 cmd=0.174,0.241,0.338,0.365 cap=549,760,701,758 des=549,760,613,663 app=541,754,599,647 abs=nil,nil,nil,nil ebrake=1.00 ibrake=1.00 hasABS=0 sy=7.01 split=1.000,0.875 ===
 52.08990|I|libbeamng.print:18052| === LSTM_OBS t=310 11.48386,11.47616,7.81555,10.31743,0.14514,7.01470,-0.28195,-0.03549,0.00000,0.00000,0.00000,1.00000,0.00000,0.00019,-0.01418,3859.02616,0.25000 ===
 52.09778|I|libbeamng.print:18052| === LSTM_TRACE t=312 v=11.53 ws=11.47,11.34,7.95,10.49 cmd=0.169,0.235,0.382,0.408 cap=528,757,722,718 des=528,757,632,628 app=520,750,617,613 abs=nil,nil,nil,nil ebrake=1.00 ibrake=1.00 hasABS=0 sy=7.15 split=1.000,0.875 ===
 52.09782|I|libbeamng.print:18052| === LSTM_OBS t=312 11.47358,11.34020,7.95050,10.48730,-0.08411,7.15251,-0.07295,-0.02252,0.00000,0.00000,0.00000,1.00000,0.00000,0.00013,-0.01406,3865.90829,0.25000 ===
 52.10935|I|libbeamng.print:18052| === LSTM_TRACE t=314 v=11.46 ws=11.36,11.40,8.06,10.35 cmd=0.167,0.245,0.386,0.396 cap=536,758,706,788 des=536,758,618,690 app=528,751,603,673 abs=nil,nil,nil,nil ebrake=1.00 ibrake=1.00 hasABS=0 sy=6.91 split=1.000,0.875 ===
 52.10939|I|libbeamng.print:18052| === LSTM_OBS t=314 11.36213,11.39781,8.06072,10.34675,0.18221,6.90908,0.39673,-0.03104,0.00000,0.00000,0.00000,1.00000,0.00000,0.00011,-0.01398,3873.98028,0.25000 ===
 52.12310|I|libbeamng.print:18052| === LSTM_TRACE t=316 v=11.39 ws=11.33,11.33,8.01,10.33 cmd=0.167,0.240,0.384,0.389 cap=520,737,739,763 des=520,737,646,668 app=512,731,631,652 abs=nil,nil,nil,nil ebrake=1.00 ibrake=1.00 hasABS=0 sy=6.90 split=1.000,0.875 ===
 52.12313|I|libbeamng.print:18052| === LSTM_OBS t=316 11.32593,11.32956,8.01389,10.32794,0.07958,6.90279,0.30749,-0.03172,0.00000,0.00000,0.00000,1.00000,0.00000,0.00011,-0.01387,3880.69608,0.25000 ===
 52.13149|I|libbeamng.print:18052| === LSTM_TRACE t=318 v=11.32 ws=11.31,11.27,7.86,10.36 cmd=0.168,0.239,0.376,0.412 cap=505,730,781,802 des=505,730,684,702 app=497,724,667,685 abs=nil,nil,nil,nil ebrake=1.00 ibrake=1.00 hasABS=0 sy=6.98 split=1.000,0.875 ===
 52.13153|I|libbeamng.print:18052| === LSTM_OBS t=318 11.30502,11.26602,7.85787,10.36426,0.36381,6.98128,0.19678,-0.02973,0.00000,0.00000,0.00000,1.00000,0.00000,0.00014,-0.01380,3887.37268,0.25000 ===
 52.14267|I|libbeamng.print:18052| === LSTM_TRACE t=320 v=11.25 ws=11.18,11.15,8.02,10.39 cmd=0.161,0.233,0.370,0.395 cap=509,733,719,798 des=509,733,629,698 app=501,726,614,682 abs=nil,nil,nil,nil ebrake=1.00 ibrake=1.00 hasABS=0 sy=6.92 split=1.000,0.875 ===
 52.14272|I|libbeamng.print:18052| === LSTM_OBS t=320 11.18034,11.15252,8.02288,10.39435,0.27021,6.92215,-0.29825,-0.03863,0.00000,0.00000,0.00000,1.00000,0.00000,0.00015,-0.01375,3894.19516,0.25000 ===
 52.15661|I|libbeamng.print:18052| === LSTM_TRACE t=322 v=11.18 ws=11.17,11.08,8.02,10.43 cmd=0.160,0.232,0.410,0.421 cap=495,736,785,773 des=495,736,687,676 app=487,729,671,660 abs=nil,nil,nil,nil ebrake=1.00 ibrake=1.00 hasABS=0 sy=6.89 split=1.000,0.875 ===
 52.15671|I|libbeamng.print:18052| === LSTM_OBS t=322 11.17388,11.08164,8.02497,10.43299,-0.04660,6.88602,0.13392,-0.03392,0.00000,0.00000,0.00069,1.00000,0.00000,0.00005,-0.01365,3900.06280,0.25000 ===
 52.16446|I|libbeamng.print:18052| === LSTM_TRACE t=324 v=11.11 ws=11.02,11.03,8.24,10.39 cmd=0.155,0.235,0.427,0.418 cap=500,731,750,794 des=500,731,656,695 app=492,724,640,678 abs=nil,nil,nil,nil ebrake=1.00 ibrake=1.00 hasABS=0 sy=7.08 split=1.000,0.875 ===
 52.16450|I|libbeamng.print:18052| === LSTM_OBS t=324 11.01552,11.03276,8.23939,10.38581,0.04332,7.08386,0.46505,-0.02500,0.00000,0.00000,0.00000,1.00000,0.00000,0.00004,-0.01358,3906.56010,0.25000 ===
 52.17637|I|libbeamng.print:18052| === LSTM_TRACE t=326 v=11.05 ws=10.98,10.88,8.07,10.29 cmd=0.156,0.230,0.402,0.400 cap=480,706,805,792 des=480,706,705,693 app=473,699,688,676 abs=nil,nil,nil,nil ebrake=1.00 ibrake=1.00 hasABS=0 sy=6.79 split=1.000,0.875 ===
 52.17641|I|libbeamng.print:18052| === LSTM_OBS t=326 10.98187,10.88227,8.07379,10.29459,0.22586,6.79101,0.35053,-0.03283,0.00000,0.00000,0.00000,1.00000,0.00000,0.00001,-0.01345,3911.78028,0.25000 ===
 52.18980|I|libbeamng.print:18052| === LSTM_TRACE t=328 v=10.97 ws=10.93,10.92,8.04,10.32 cmd=0.154,0.228,0.411,0.414 cap=472,702,814,812 des=472,702,712,711 app=464,695,695,693 abs=nil,nil,nil,nil ebrake=1.00 ibrake=1.00 hasABS=0 sy=6.94 split=1.000,0.875 ===
 52.18983|I|libbeamng.print:18052| === LSTM_OBS t=328 10.92552,10.92296,8.03672,10.32492,0.37176,6.93792,0.09080,-0.02992,0.00000,0.00000,0.00049,1.00000,0.00000,-0.00002,-0.01338,3916.64044,0.25000 ===
 52.19793|I|libbeamng.print:18052| === LSTM_TRACE t=330 v=10.91 ws=10.84,10.85,8.26,10.38 cmd=0.147,0.224,0.432,0.408 cap=468,709,823,801 des=468,709,720,701 app=461,702,703,684 abs=nil,nil,nil,nil ebrake=1.00 ibrake=1.00 hasABS=0 sy=6.82 split=1.000,0.875 ===
 52.19796|I|libbeamng.print:18052| === LSTM_OBS t=330 10.84075,10.84811,8.26322,10.38467,0.33403,6.82357,-0.16932,-0.04037,0.00000,0.00000,0.00000,1.00000,0.00000,-0.00007,-0.01328,3921.78841,0.25000 ===
 52.20952|I|libbeamng.print:18052| === LSTM_TRACE t=332 v=10.84 ws=10.82,10.77,8.22,10.39 cmd=0.148,0.223,0.431,0.419 cap=469,707,828,794 des=469,707,724,695 app=461,700,707,678 abs=nil,nil,nil,nil ebrake=1.00 ibrake=1.00 hasABS=0 sy=6.67 split=1.000,0.875 ===
 52.20956|I|libbeamng.print:18052| === LSTM_OBS t=332 10.82150,10.77465,8.21719,10.39495,0.19957,6.67121,0.13889,-0.03787,0.00000,0.00000,0.00069,1.00000,0.00000,-0.00017,-0.01319,3926.10008,0.25000 ===
 52.22354|I|libbeamng.print:18052| === LSTM_TRACE t=334 v=10.78 ws=10.77,10.70,8.24,10.18 cmd=0.146,0.222,0.436,0.394 cap=448,680,852,793 des=448,680,746,694 app=441,673,727,677 abs=nil,nil,nil,nil ebrake=1.00 ibrake=1.00 hasABS=0 sy=6.63 split=1.000,0.875 ===
 52.22358|I|libbeamng.print:18052| === LSTM_OBS t=334 10.77463,10.69840,8.24065,10.18011,0.28309,6.63137,0.32920,-0.03360,0.00000,0.00000,0.00049,1.00000,0.00000,-0.00021,-0.01310,3929.94422,0.25000 ===
 52.23151|I|libbeamng.print:18052| === LSTM_TRACE t=336 v=10.70 ws=10.65,10.64,8.31,10.17 cmd=0.142,0.219,0.449,0.399 cap=442,671,839,766 des=442,671,734,670 app=434,664,716,654 abs=nil,nil,nil,nil ebrake=1.00 ibrake=1.00 hasABS=0 sy=6.88 split=1.000,0.875 ===
 52.23155|I|libbeamng.print:18052| === LSTM_OBS t=336 10.65421,10.64210,8.30821,10.17313,0.23271,6.88179,0.30518,-0.03034,0.00000,0.00000,0.00000,1.00000,0.00000,-0.00030,-0.01300,3933.19168,0.25000 ===
 52.24330|I|libbeamng.print:18052| === LSTM_TRACE t=338 v=10.64 ws=10.58,10.48,8.31,10.10 cmd=0.138,0.215,0.459,0.388 cap=432,674,897,772 des=432,674,785,675 app=425,667,766,659 abs=nil,nil,nil,nil ebrake=1.00 ibrake=1.00 hasABS=0 sy=6.69 split=1.000,0.875 ===
 52.24334|I|libbeamng.print:18052| === LSTM_OBS t=338 10.57539,10.48199,8.30872,10.10124,0.18407,6.68946,0.14598,-0.03016,0.00000,0.00000,0.00049,1.00000,0.00000,-0.00036,-0.01288,3936.09850,0.25000 ===
 52.25628|I|libbeamng.print:18052| === LSTM_TRACE t=340 v=10.58 ws=10.54,10.52,8.49,10.27 cmd=0.134,0.211,0.468,0.387 cap=426,661,879,734 des=426,661,769,642 app=419,654,750,627 abs=nil,nil,nil,nil ebrake=1.00 ibrake=1.00 hasABS=0 sy=6.60 split=1.000,0.875 ===
 52.25632|I|libbeamng.print:18052| === LSTM_OBS t=340 10.53956,10.52009,8.49239,10.26870,0.34804,6.59508,0.11434,-0.03205,0.00000,0.00000,0.00000,1.00000,0.00000,-0.00045,-0.01277,3938.66536,0.25000 ===
 52.26487|I|libbeamng.print:18052| === LSTM_TRACE t=342 v=10.51 ws=10.45,10.47,8.38,10.04 cmd=0.132,0.210,0.467,0.373 cap=418,662,930,760 des=418,662,813,665 app=410,655,793,649 abs=nil,nil,nil,nil ebrake=1.00 ibrake=1.00 hasABS=0 sy=6.57 split=1.000,0.875 ===
 52.26491|I|libbeamng.print:18052| === LSTM_OBS t=342 10.44794,10.47177,8.38322,10.03775,0.23678,6.56897,-0.17476,-0.03019,0.00000,0.00000,0.00000,1.00000,0.00000,-0.00063,-0.01263,3940.87301,0.25000 ===
 52.27626|I|libbeamng.print:18052| === LSTM_TRACE t=344 v=10.45 ws=10.42,10.39,8.49,9.99 cmd=0.129,0.206,0.481,0.361 cap=401,646,938,707 des=401,646,821,619 app=394,639,800,603 abs=nil,nil,nil,nil ebrake=1.00 ibrake=1.00 hasABS=0 sy=6.46 split=1.000,0.875 ===
 52.27630|I|libbeamng.print:18052| === LSTM_OBS t=344 10.42375,10.38677,8.48542,9.98731,0.22166,6.46022,0.05452,-0.03309,0.00000,0.00000,0.00069,1.00000,0.00000,-0.00072,-0.01249,3942.47480,0.25000 ===
 52.28997|I|libbeamng.print:18052| === LSTM_TRACE t=346 v=10.38 ws=10.36,10.34,8.61,10.06 cmd=0.128,0.208,0.493,0.385 cap=402,631,909,733 des=402,631,796,642 app=395,624,776,626 abs=nil,nil,nil,nil ebrake=1.00 ibrake=1.00 hasABS=0 sy=6.66 split=1.000,0.875 ===
 52.29001|I|libbeamng.print:18052| === LSTM_OBS t=346 10.36379,10.34053,8.61019,10.05748,0.21867,6.66136,0.35739,-0.02814,0.00000,0.00000,0.00049,1.00000,0.00000,-0.00083,-0.01236,3943.99425,0.25000 ===
 52.29775|I|libbeamng.print:18052| === LSTM_TRACE t=348 v=10.32 ws=10.27,10.18,8.54,10.02 cmd=0.125,0.202,0.494,0.355 cap=387,640,970,693 des=387,640,849,606 app=380,633,828,591 abs=nil,nil,nil,nil ebrake=1.00 ibrake=1.00 hasABS=0 sy=6.45 split=1.000,0.875 ===
 52.29779|I|libbeamng.print:18052| === LSTM_OBS t=348 10.26599,10.17653,8.54146,10.01840,0.44760,6.44554,0.25929,-0.02690,0.00000,0.00000,0.00049,1.00000,0.00000,-0.00099,-0.01226,3945.23335,0.25000 ===
 52.31310|I|libbeamng.print:18052| === LSTM_TRACE t=350 v=10.25 ws=10.25,10.20,8.62,9.93 cmd=0.122,0.199,0.497,0.344 cap=380,620,963,668 des=380,620,842,585 app=373,613,821,570 abs=nil,nil,nil,nil ebrake=1.00 ibrake=1.00 hasABS=0 sy=6.45 split=1.000,0.875 ===
 52.31314|I|libbeamng.print:18052| === LSTM_OBS t=350 10.25328,10.20016,8.62429,9.92971,0.32041,6.44977,0.12107,-0.02493,0.00000,0.00000,0.00000,1.00000,0.00000,-0.00112,-0.01207,3946.13356,0.25000 ===
 52.32466|I|libbeamng.print:18052| === LSTM_TRACE t=352 v=10.19 ws=10.15,10.18,8.76,9.81 cmd=0.118,0.198,0.512,0.339 cap=377,618,972,680 des=377,618,851,595 app=370,611,829,580 abs=nil,nil,nil,nil ebrake=1.00 ibrake=1.00 hasABS=0 sy=6.36 split=1.000,0.875 ===
 52.32471|I|libbeamng.print:18052| === LSTM_OBS t=352 10.14689,10.18130,8.75663,9.81166,0.29480,6.35834,0.00546,-0.02378,0.00000,0.00000,0.00049,1.00000,0.00000,-0.00131,-0.01191,3946.57189,0.25000 ===
 52.33820|I|libbeamng.print:18052| === LSTM_TRACE t=354 v=10.13 ws=10.11,10.08,8.65,9.91 cmd=0.118,0.195,0.490,0.342 cap=364,599,983,670 des=364,599,860,586 app=357,592,838,571 abs=nil,nil,nil,nil ebrake=1.00 ibrake=1.00 hasABS=0 sy=6.20 split=1.000,0.875 ===
 52.33826|I|libbeamng.print:18052| === LSTM_OBS t=354 10.11063,10.08356,8.65242,9.90516,0.23188,6.19673,-0.01077,-0.02854,0.00000,0.00000,0.00069,1.00000,0.00000,-0.00151,-0.01180,3946.74243,0.25000 ===
 52.34683|I|libbeamng.print:18052| === LSTM_TRACE t=356 v=10.07 ws=10.02,10.00,8.76,9.75 cmd=0.113,0.193,0.518,0.325 cap=358,612,989,639 des=358,612,866,559 app=352,605,844,545 abs=nil,nil,nil,nil ebrake=1.00 ibrake=1.00 hasABS=0 sy=6.36 split=1.000,0.875 ===
 52.34687|I|libbeamng.print:18052| === LSTM_OBS t=356 10.02496,10.00116,8.75982,9.75251,0.28701,6.35930,-0.08119,-0.02143,0.00000,0.00000,0.00000,1.00000,0.00000,-0.00164,-0.01161,3946.73006,0.25000 ===
 52.35800|I|libbeamng.print:18052| === LSTM_TRACE t=358 v=10.01 ws=9.98,9.95,8.88,9.78 cmd=0.112,0.191,0.517,0.323 cap=354,600,990,621 des=354,600,866,544 app=347,592,845,530 abs=nil,nil,nil,nil ebrake=1.00 ibrake=1.00 hasABS=0 sy=6.20 split=1.000,0.875 ===
 52.35805|I|libbeamng.print:18052| === LSTM_OBS t=358 9.98424,9.95226,8.87909,9.78156,0.27345,6.19756,-0.01459,-0.02463,0.00000,0.00000,0.00049,1.00000,0.00000,-0.00182,-0.01148,3946.62521,0.25000 ===
 52.37156|I|libbeamng.print:18052| === LSTM_TRACE t=360 v=9.95 ws=9.88,9.90,8.79,9.66 cmd=0.111,0.193,0.515,0.312 cap=347,596,1004,614 des=347,596,878,537 app=340,589,856,524 abs=nil,nil,nil,nil ebrake=1.00 ibrake=1.00 hasABS=0 sy=6.13 split=1.000,0.875 ===
 52.37162|I|libbeamng.print:18052| === LSTM_OBS t=360 9.87809,9.89811,8.79375,9.65884,0.60811,6.13208,0.22104,-0.02472,0.00000,0.00000,0.00069,1.00000,0.00000,-0.00198,-0.01132,3946.53868,0.25000 ===
 52.37959|I|libbeamng.print:18052| === LSTM_TRACE t=362 v=9.88 ws=9.85,9.84,8.87,9.63 cmd=0.108,0.189,0.520,0.311 cap=334,580,1025,626 des=334,580,897,548 app=328,573,874,534 abs=nil,nil,nil,nil ebrake=1.00 ibrake=1.00 hasABS=0 sy=6.33 split=1.000,0.875 ===
 52.37964|I|libbeamng.print:18052| === LSTM_OBS t=362 9.85320,9.83504,8.86836,9.62624,0.19169,6.32553,-0.23019,-0.01696,0.00000,0.00000,0.00069,1.00000,0.00000,-0.00211,-0.01117,3946.14822,0.25000 ===
 52.39132|I|libbeamng.print:18052| === LSTM_TRACE t=364 v=9.82 ws=9.81,9.76,9.01,9.68 cmd=0.107,0.189,0.531,0.313 cap=339,598,993,580 des=339,598,869,507 app=332,591,847,494 abs=nil,nil,nil,nil ebrake=1.00 ibrake=1.00 hasABS=0 sy=6.26 split=1.000,0.875 ===
 52.39136|I|libbeamng.print:18052| === LSTM_OBS t=364 9.80841,9.75945,9.00967,9.67975,0.32549,6.26450,0.07036,-0.01874,0.00000,0.00000,0.00049,1.00000,0.00000,-0.00231,-0.01105,3945.53913,0.25000 ===
 52.40486|I|libbeamng.print:18052| === LSTM_TRACE t=366 v=9.76 ws=9.74,9.68,8.96,9.53 cmd=0.107,0.188,0.522,0.298 cap=335,596,1029,599 des=335,596,900,524 app=328,588,878,511 abs=nil,nil,nil,nil ebrake=1.00 ibrake=1.00 hasABS=0 sy=6.05 split=1.000,0.875 ===
 52.40494|I|libbeamng.print:18052| === LSTM_OBS t=366 9.73718,9.67958,8.96293,9.52525,0.35983,6.05185,-0.14850,-0.01467,0.00000,0.00000,0.00049,1.00000,0.00000,-0.00250,-0.01089,3945.22793,0.25000 ===
 52.41300|I|libbeamng.print:18052| === LSTM_TRACE t=368 v=9.70 ws=9.64,9.65,8.96,9.45 cmd=0.106,0.189,0.521,0.290 cap=329,581,1014,563 des=329,581,887,492 app=322,574,865,479 abs=nil,nil,nil,nil ebrake=1.00 ibrake=1.00 hasABS=0 sy=6.11 split=1.000,0.875 ===
 52.41305|I|libbeamng.print:18052| === LSTM_OBS t=368 9.64324,9.64909,8.96477,9.44987,0.41149,6.10778,0.11375,-0.01544,0.00000,0.00000,0.00049,1.00000,0.00000,-0.00261,-0.01076,3944.46039,0.25000 ===
 52.42499|I|libbeamng.print:18052| === LSTM_TRACE t=370 v=9.64 ws=9.61,9.61,9.05,9.41 cmd=0.105,0.190,0.525,0.295 cap=322,576,1022,585 des=322,576,894,512 app=315,569,872,498 abs=nil,nil,nil,nil ebrake=1.00 ibrake=1.00 hasABS=0 sy=6.23 split=1.000,0.875 ===
 52.42503|I|libbeamng.print:18052| === LSTM_OBS t=370 9.61440,9.60663,9.05427,9.41228,0.34562,6.23104,-0.09625,-0.00973,0.00000,0.00000,0.00049,1.00000,0.00000,-0.00278,-0.01064,3943.51845,0.25000 ===
 52.43826|I|libbeamng.print:18052| === LSTM_TRACE t=372 v=9.58 ws=9.55,9.52,9.22,9.55 cmd=0.105,0.190,0.532,0.298 cap=327,592,1000,551 des=327,592,875,482 app=320,584,853,470 abs=nil,nil,nil,nil ebrake=1.00 ibrake=1.00 hasABS=0 sy=6.12 split=1.000,0.875 ===
 52.43831|I|libbeamng.print:18052| === LSTM_OBS t=372 9.55227,9.52249,9.21512,9.55054,0.60332,6.12201,0.06657,-0.01435,0.00000,0.00000,0.00049,1.00000,0.00000,-0.00295,-0.01055,3942.00030,0.25000 ===
 52.44653|I|libbeamng.print:18052| === LSTM_TRACE t=374 v=9.53 ws=9.51,9.48,9.08,9.26 cmd=0.107,0.192,0.516,0.279 cap=330,603,1031,585 des=330,603,902,512 app=323,595,880,498 abs=nil,nil,nil,nil ebrake=1.00 ibrake=1.00 hasABS=0 sy=5.80 split=1.000,0.875 ===
 52.44664|I|libbeamng.print:18052| === LSTM_OBS t=374 9.50526,9.47897,9.08384,9.26153,0.36981,5.80200,-0.30449,-0.00858,0.00000,0.00000,0.00049,1.00000,0.00000,-0.00308,-0.01038,3940.09975,0.25000 ===
 52.45816|I|libbeamng.print:18052| === LSTM_TRACE t=376 v=9.47 ws=9.38,9.44,9.03,9.26 cmd=0.106,0.194,0.510,0.279 cap=327,589,1017,546 des=327,589,890,478 app=320,581,868,465 abs=nil,nil,nil,nil ebrake=1.00 ibrake=1.00 hasABS=0 sy=5.87 split=1.000,0.875 ===
 52.45821|I|libbeamng.print:18052| === LSTM_OBS t=376 9.37891,9.43861,9.02895,9.25976,0.37397,5.86593,-0.04359,-0.01065,0.00000,0.00000,0.00000,1.00000,0.00000,-0.00323,-0.01032,3936.73145,0.25000 ===
 52.47143|I|libbeamng.print:18052| === LSTM_TRACE t=378 v=9.41 ws=9.35,9.38,9.24,9.35 cmd=0.105,0.193,0.506,0.273 cap=332,603,972,537 des=332,603,850,470 app=325,595,829,457 abs=nil,nil,nil,nil ebrake=1.00 ibrake=1.00 hasABS=0 sy=5.81 split=1.000,0.875 ===
 52.47148|I|libbeamng.print:18052| === LSTM_OBS t=378 9.35246,9.38115,9.24165,9.35089,0.33467,5.81303,-0.46088,-0.00689,0.00000,0.00000,0.00049,1.00000,0.00000,-0.00335,-0.01024,3932.11771,0.25000 ===
 52.48004|I|libbeamng.print:18052| === LSTM_TRACE t=380 v=9.36 ws=9.31,9.25,9.04,9.32 cmd=0.109,0.201,0.486,0.271 cap=333,620,959,515 des=333,620,839,450 app=326,611,818,438 abs=nil,nil,nil,nil ebrake=1.00 ibrake=1.00 hasABS=0 sy=5.39 split=1.000,0.875 ===
 52.48009|I|libbeamng.print:18052| === LSTM_OBS t=380 9.31369,9.24648,9.03520,9.31804,0.49326,5.38552,-0.00160,-0.00966,0.00000,0.00000,0.00049,1.00000,0.00000,-0.00340,-0.01011,3926.41908,0.25000 ===
 52.49132|I|libbeamng.print:18052| === LSTM_TRACE t=382 v=9.31 ws=9.30,9.23,9.00,9.15 cmd=0.111,0.206,0.484,0.258 cap=340,634,975,529 des=340,634,853,463 app=333,625,832,450 abs=nil,nil,nil,nil ebrake=1.00 ibrake=1.00 hasABS=0 sy=5.42 split=1.000,0.875 ===
 52.49136|I|libbeamng.print:18052| === LSTM_OBS t=382 9.30380,9.22998,8.99594,9.15130,0.37793,5.42426,-0.40349,-0.00361,0.00000,0.00000,0.00000,1.00000,0.00000,-0.00350,-0.01001,3918.96412,0.25000 ===
 52.50485|I|libbeamng.print:18052| === LSTM_TRACE t=384 v=9.26 ws=9.20,9.23,9.09,9.20 cmd=0.114,0.212,0.482,0.261 cap=353,648,921,509 des=353,648,806,445 app=345,639,786,433 abs=nil,nil,nil,nil ebrake=1.00 ibrake=1.00 hasABS=0 sy=5.34 split=1.000,0.875 ===
 52.50489|I|libbeamng.print:18052| === LSTM_OBS t=384 9.20070,9.22505,9.09261,9.19724,0.29014,5.33852,-0.14579,-0.00225,0.00000,0.00000,0.00049,1.00000,0.00000,-0.00355,-0.00995,3909.45118,0.25000 ===
 52.51294|I|libbeamng.print:18052| === LSTM_TRACE t=386 v=9.21 ws=9.20,9.13,8.97,9.30 cmd=0.117,0.219,0.464,0.251 cap=356,666,906,476 des=356,666,793,416 app=348,656,774,405 abs=nil,nil,nil,nil ebrake=1.00 ibrake=1.00 hasABS=0 sy=5.24 split=1.000,0.875 ===
 52.51298|I|libbeamng.print:18052| === LSTM_OBS t=386 9.20253,9.13191,8.97259,9.30435,0.26392,5.24448,-0.07912,-0.00163,0.00000,0.00000,0.00000,1.00000,0.00000,-0.00355,-0.00985,3898.74146,0.25000 ===
 52.52485|I|libbeamng.print:18052| === LSTM_TRACE t=388 v=9.16 ws=9.14,9.10,8.88,9.00 cmd=0.120,0.231,0.458,0.237 cap=363,692,912,487 des=363,692,798,426 app=355,682,778,415 abs=nil,nil,nil,nil ebrake=1.00 ibrake=1.00 hasABS=0 sy=4.94 split=1.000,0.875 ===
 52.52488|I|libbeamng.print:18052| === LSTM_OBS t=388 9.13610,9.10419,8.87943,8.99829,0.08168,4.93952,-0.25678,0.00318,0.00000,0.00000,0.00049,1.00000,0.00000,-0.00347,-0.00967,3886.77550,0.25000 ===
 52.53823|I|libbeamng.print:18052| === LSTM_TRACE t=390 v=9.11 ws=9.01,9.02,8.93,9.03 cmd=0.122,0.238,0.457,0.240 cap=373,710,893,472 des=373,710,782,413 app=364,700,762,402 abs=nil,nil,nil,nil ebrake=1.00 ibrake=1.00 hasABS=0 sy=4.96 split=1.000,0.875 ===
 52.53835|I|libbeamng.print:18052| === LSTM_OBS t=390 9.01118,9.01929,8.92655,9.03330,0.30741,4.96341,-0.25850,-0.00643,0.00000,0.00000,0.00049,1.00000,0.00000,-0.00346,-0.00959,3873.05203,0.25000 ===
 52.54656|I|libbeamng.print:18052| === LSTM_TRACE t=392 v=9.06 ws=9.03,8.98,8.95,9.12 cmd=0.126,0.244,0.456,0.239 cap=391,765,875,452 des=391,765,766,396 app=382,754,747,385 abs=nil,nil,nil,nil ebrake=1.00 ibrake=1.00 hasABS=0 sy=5.00 split=1.000,0.875 ===
 52.54665|I|libbeamng.print:18052| === LSTM_OBS t=392 9.02669,8.97780,8.95159,9.12442,0.25107,5.00395,-0.48514,-0.00455,0.00000,0.00000,0.00069,1.00000,0.00000,-0.00338,-0.00950,3858.32353,0.25000 ===
 52.55806|I|libbeamng.print:18052| === LSTM_TRACE t=394 v=9.02 ws=8.98,8.91,8.80,8.88 cmd=0.132,0.260,0.445,0.230 cap=398,785,872,455 des=398,785,763,398 app=389,773,744,387 abs=nil,nil,nil,nil ebrake=1.00 ibrake=1.00 hasABS=0 sy=4.71 split=1.000,0.875 ===
 52.55810|I|libbeamng.print:18052| === LSTM_OBS t=394 8.97501,8.90506,8.79575,8.88116,0.15675,4.70728,-0.10202,-0.00063,0.00000,0.00000,0.00049,1.00000,0.00000,-0.00321,-0.00933,3842.75456,0.25000 ===
 52.57147|I|libbeamng.print:18052| === LSTM_TRACE t=396 v=8.97 ws=8.89,8.85,8.75,8.81 cmd=0.133,0.263,0.443,0.230 cap=407,792,888,465 des=407,792,777,407 app=398,780,758,396 abs=nil,nil,nil,nil ebrake=1.00 ibrake=1.00 hasABS=0 sy=4.75 split=1.000,0.875 ===
 52.57152|I|libbeamng.print:18052| === LSTM_OBS t=396 8.89486,8.85363,8.74760,8.80602,0.25464,4.75233,-0.30021,-0.00543,0.00000,0.00000,0.00049,1.00000,0.00000,-0.00312,-0.00924,3825.89443,0.25000 ===
 52.57998|I|libbeamng.print:18052| === LSTM_TRACE t=398 v=8.92 ws=8.88,8.84,8.88,8.99 cmd=0.134,0.260,0.453,0.237 cap=423,832,856,442 des=423,832,749,387 app=413,819,730,376 abs=nil,nil,nil,nil ebrake=1.00 ibrake=1.00 hasABS=0 sy=4.86 split=1.000,0.875 ===
 52.58001|I|libbeamng.print:18052| === LSTM_OBS t=398 8.88324,8.83775,8.87920,8.98751,0.16022,4.85550,-0.31520,0.00197,0.00000,0.00000,0.00049,1.00000,0.00000,-0.00299,-0.00916,3808.19254,0.25000 ===
 52.59137|I|libbeamng.print:18052| === LSTM_TRACE t=400 v=8.88 ws=8.84,8.73,8.70,8.80 cmd=0.137,0.271,0.432,0.225 cap=418,826,845,440 des=418,826,740,385 app=408,813,722,374 abs=nil,nil,nil,nil ebrake=1.00 ibrake=1.00 hasABS=0 sy=4.68 split=1.000,0.875 ===
 52.59141|I|libbeamng.print:18052| === LSTM_OBS t=400 8.84259,8.73197,8.69836,8.79967,0.18472,4.68179,0.09603,-0.00356,0.00000,0.00000,0.00049,1.00000,0.00000,-0.00275,-0.00902,3790.21532,0.25000 ===
 52.60497|I|libbeamng.print:18052| === LSTM_TRACE t=402 v=8.83 ws=8.79,8.71,8.60,8.63 cmd=0.134,0.268,0.428,0.222 cap=414,820,871,455 des=414,820,762,398 app=404,807,743,387 abs=nil,nil,nil,nil ebrake=1.00 ibrake=1.00 hasABS=0 sy=4.78 split=1.000,0.875 ===
 52.60503|I|libbeamng.print:18052| === LSTM_OBS t=402 8.78770,8.70657,8.59779,8.63448,0.06789,4.77601,-0.27324,-0.00261,0.00000,0.00000,0.00000,1.00000,0.00000,-0.00264,-0.00891,3771.39738,0.25000 ===
 52.61308|I|libbeamng.print:18052| === LSTM_TRACE t=404 v=8.78 ws=8.73,8.73,8.77,8.84 cmd=0.132,0.262,0.439,0.229 cap=422,841,826,430 des=422,841,723,376 app=412,827,705,366 abs=nil,nil,nil,nil ebrake=1.00 ibrake=1.00 hasABS=0 sy=4.84 split=1.000,0.875 ===
 52.61311|I|libbeamng.print:18052| === LSTM_OBS t=404 8.73056,8.73358,8.76550,8.83906,0.00208,4.84058,-0.22106,0.00454,0.00000,0.00000,0.00049,1.00000,0.00000,-0.00250,-0.00886,3752.03962,0.25000 ===
 52.62497|I|libbeamng.print:18052| === LSTM_TRACE t=406 v=8.74 ws=8.68,8.58,8.57,8.69 cmd=0.134,0.267,0.417,0.217 cap=413,831,815,421 des=413,831,713,369 app=403,818,696,358 abs=nil,nil,nil,nil ebrake=1.00 ibrake=1.00 hasABS=0 sy=4.66 split=1.000,0.875 ===
 52.62501|I|libbeamng.print:18052| === LSTM_OBS t=406 8.68335,8.58196,8.56586,8.69343,0.09590,4.65990,0.17477,0.00008,0.00000,0.00000,0.00000,1.00000,0.00000,-0.00227,-0.00876,3733.37317,0.25000 ===
 52.63850|I|libbeamng.print:18052| === LSTM_TRACE t=408 v=8.69 ws=8.66,8.57,8.47,8.50 cmd=0.132,0.267,0.411,0.212 cap=402,806,832,435 des=402,806,728,380 app=392,794,710,369 abs=nil,nil,nil,nil ebrake=1.00 ibrake=1.00 hasABS=0 sy=4.67 split=1.000,0.875 ===
 52.63854|I|libbeamng.print:18052| === LSTM_OBS t=408 8.65887,8.57487,8.46835,8.49603,0.01858,4.66929,-0.02096,-0.00329,0.00000,0.00000,0.00000,1.00000,0.00000,-0.00214,-0.00863,3714.07295,0.25000 ===
 52.64693|I|libbeamng.print:18052| === LSTM_TRACE t=410 v=8.64 ws=8.59,8.59,8.61,8.70 cmd=0.128,0.259,0.421,0.220 cap=408,821,797,413 des=408,821,697,362 app=398,808,680,351 abs=nil,nil,nil,nil ebrake=1.00 ibrake=1.00 hasABS=0 sy=4.74 split=1.000,0.875 ===
 52.64703|I|libbeamng.print:18052| === LSTM_OBS t=410 8.59262,8.58660,8.61189,8.70465,0.00544,4.74199,-0.09629,0.00014,0.00000,0.00000,0.00000,1.00000,0.00000,-0.00205,-0.00860,3694.63979,0.25000 ===
 52.65837|I|libbeamng.print:18052| === LSTM_TRACE t=412 v=8.60 ws=8.55,8.47,8.41,8.54 cmd=0.130,0.262,0.402,0.206 cap=404,823,789,404 des=404,823,690,354 app=394,810,673,344 abs=nil,nil,nil,nil ebrake=1.00 ibrake=1.00 hasABS=0 sy=4.61 split=1.000,0.875 ===
 52.65841|I|libbeamng.print:18052| === LSTM_OBS t=412 8.55022,8.47488,8.40714,8.53629,0.05879,4.61270,0.15917,0.00034,0.00000,0.00000,0.00000,1.00000,0.00000,-0.00185,-0.00852,3675.75694,0.25000 ===
 52.67219|I|libbeamng.print:18052| === LSTM_TRACE t=414 v=8.56 ws=8.52,8.44,8.37,8.37 cmd=0.127,0.260,0.401,0.204 cap=392,791,804,416 des=392,791,703,364 app=382,778,686,353 abs=nil,nil,nil,nil ebrake=1.00 ibrake=1.00 hasABS=0 sy=4.53 split=1.000,0.875 ===
 52.67223|I|libbeamng.print:18052| === LSTM_OBS t=414 8.51504,8.44378,8.36697,8.36584,-0.02059,4.52780,0.11695,-0.00478,0.00000,0.00000,0.00000,1.00000,0.00000,-0.00174,-0.00840,3656.48565,0.25000 ===
 52.68044|I|libbeamng.print:18052| === LSTM_TRACE t=416 v=8.50 ws=8.45,8.42,8.42,8.59 cmd=0.125,0.251,0.404,0.209 cap=398,807,765,387 des=398,807,669,339 app=388,794,652,329 abs=nil,nil,nil,nil ebrake=1.00 ibrake=1.00 hasABS=0 sy=4.78 split=1.000,0.875 ===
 52.68047|I|libbeamng.print:18052| === LSTM_OBS t=416 8.45454,8.41759,8.42252,8.59318,0.06876,4.78279,0.07835,-0.00207,0.00000,0.00000,0.00000,1.00000,0.00000,-0.00172,-0.00839,3637.41966,0.25000 ===
 52.69212|I|libbeamng.print:18052| === LSTM_TRACE t=418 v=8.47 ws=8.43,8.46,8.24,8.34 cmd=0.126,0.259,0.385,0.191 cap=385,788,766,388 des=385,788,670,340 app=375,775,654,330 abs=nil,nil,nil,nil ebrake=1.00 ibrake=1.00 hasABS=0 sy=4.49 split=1.000,0.875 ===
 52.69216|I|libbeamng.print:18052| === LSTM_OBS t=418 8.42555,8.46121,8.24123,8.34290,0.02756,4.48565,0.29993,-0.00015,0.00000,0.00000,0.00000,1.00000,0.00000,-0.00154,-0.00832,3618.96032,0.25000 ===
 52.70500|I|libbeamng.print:18052| === LSTM_TRACE t=420 v=8.42 ws=8.38,8.28,8.33,8.28 cmd=0.120,0.248,0.388,0.198 cap=379,763,764,395 des=379,763,669,346 app=369,750,652,336 abs=nil,nil,nil,nil ebrake=1.00 ibrake=1.00 hasABS=0 sy=4.41 split=1.000,0.875 ===
 52.70503|I|libbeamng.print:18052| === LSTM_OBS t=420 8.37762,8.28181,8.33383,8.28140,-0.00849,4.40980,0.00006,-0.01008,0.00000,0.00000,0.00000,1.00000,0.00000,-0.00145,-0.00822,3600.12777,0.25000 ===
 52.71389|I|libbeamng.print:18052| === LSTM_TRACE t=422 v=8.37 ws=8.33,8.26,8.21,8.50 cmd=0.120,0.244,0.389,0.203 cap=381,800,740,366 des=381,800,648,320 app=371,787,632,311 abs=nil,nil,nil,nil ebrake=1.00 ibrake=1.00 hasABS=0 sy=4.70 split=1.000,0.875 ===
 52.71393|I|libbeamng.print:18052| === LSTM_OBS t=422 8.33414,8.25570,8.20787,8.49644,-0.02780,4.69723,0.02220,-0.00031,0.00000,0.00000,0.00000,1.00000,0.00000,-0.00149,-0.00822,3581.74274,0.25000 ===
 52.72487|I|libbeamng.print:18052| === LSTM_TRACE t=424 v=8.33 ws=8.31,8.33,8.15,8.19 cmd=0.120,0.256,0.378,0.186 cap=363,759,744,384 des=363,759,651,336 app=354,747,635,326 abs=nil,nil,nil,nil ebrake=1.00 ibrake=1.00 hasABS=0 sy=4.47 split=1.000,0.875 ===
 52.72491|I|libbeamng.print:18052| === LSTM_OBS t=424 8.31208,8.33189,8.14540,8.19262,0.22208,4.46863,0.49177,-0.00318,0.00000,0.00000,0.00000,1.00000,0.00000,-0.00135,-0.00816,3563.88150,0.25000 ===
 52.73877|I|libbeamng.print:18052| === LSTM_TRACE t=426 v=8.30 ws=8.24,8.26,8.25,8.24 cmd=0.114,0.244,0.381,0.194 cap=360,742,752,389 des=360,742,658,340 app=350,729,641,330 abs=nil,nil,nil,nil ebrake=1.00 ibrake=1.00 hasABS=0 sy=4.15 split=1.000,0.875 ===
 52.73884|I|libbeamng.print:18052| === LSTM_OBS t=426 8.24450,8.26038,8.25176,8.24105,-0.08757,4.14970,-0.03585,-0.01495,0.00000,0.00000,0.00000,1.00000,0.00000,-0.00129,-0.00812,3545.61426,0.25000 ===
 52.74647|I|libbeamng.print:18052| === LSTM_TRACE t=428 v=8.24 ws=8.22,8.07,8.15,8.38 cmd=0.112,0.234,0.384,0.198 cap=360,780,729,359 des=360,780,638,314 app=351,766,622,305 abs=nil,nil,nil,nil ebrake=1.00 ibrake=1.00 hasABS=0 sy=4.55 split=1.000,0.875 ===
 52.74656|I|libbeamng.print:18052| === LSTM_OBS t=428 8.22463,8.06624,8.15055,8.38376,-0.11137,4.55231,-0.19796,0.00043,0.00000,0.00000,0.00000,1.00000,0.00000,-0.00137,-0.00809,3527.78905,0.25000 ===
 52.75931|I|libbeamng.print:18052| === LSTM_TRACE t=430 v=8.21 ws=8.17,8.10,8.00,8.09 cmd=0.113,0.249,0.374,0.185 cap=346,761,737,371 des=346,761,644,324 app=337,748,628,315 abs=nil,nil,nil,nil ebrake=1.00 ibrake=1.00 hasABS=0 sy=4.28 split=1.000,0.875 ===
 52.75934|I|libbeamng.print:18052| === LSTM_OBS t=430 8.17338,8.10189,8.00341,8.08537,0.25708,4.27759,0.44359,-0.00648,0.00000,0.00000,0.00000,1.00000,0.00000,-0.00126,-0.00802,3509.89538,0.25000 ===
 52.77211|I|libbeamng.print:18052| === LSTM_TRACE t=432 v=8.17 ws=8.09,8.22,8.11,8.15 cmd=0.110,0.246,0.374,0.186 cap=335,713,735,379 des=335,713,643,331 app=327,701,627,321 abs=nil,nil,nil,nil ebrake=1.00 ibrake=1.00 hasABS=0 sy=4.08 split=1.000,0.875 ===
 52.77214|I|libbeamng.print:18052| === LSTM_OBS t=432 8.09175,8.22395,8.10917,8.15028,0.02824,4.07646,0.36957,-0.01665,0.00000,0.00000,0.00049,1.00000,0.00000,-0.00120,-0.00806,3491.75372,0.25000 ===
 52.78025|I|libbeamng.print:18052| === LSTM_TRACE t=434 v=8.12 ws=8.12,7.97,7.95,8.15 cmd=0.106,0.228,0.369,0.186 cap=340,758,730,352 des=340,758,639,308 app=330,745,623,299 abs=nil,nil,nil,nil ebrake=1.00 ibrake=1.00 hasABS=0 sy=4.37 split=1.000,0.875 ===
 52.78029|I|libbeamng.print:18052| === LSTM_OBS t=434 8.11579,7.96970,7.94980,8.15491,-0.14764,4.36589,-0.46277,0.00365,0.00000,0.00000,0.00000,1.00000,0.00000,-0.00133,-0.00800,3474.07636,0.25000 ===
 52.79215|I|libbeamng.print:18052| === LSTM_TRACE t=436 v=8.08 ws=8.07,7.97,8.02,7.92 cmd=0.106,0.238,0.373,0.180 cap=335,751,703,353 des=335,751,615,309 app=326,738,599,300 abs=nil,nil,nil,nil ebrake=1.00 ibrake=1.00 hasABS=0 sy=4.19 split=1.000,0.875 ===
 52.79220|I|libbeamng.print:18052| === LSTM_OBS t=436 8.07195,7.96892,8.01522,7.91548,0.10869,4.19316,0.23505,-0.00519,0.00000,0.00000,0.00000,1.00000,0.00000,-0.00125,-0.00791,3456.16978,0.25000 ===
 52.80590|I|libbeamng.print:18052| === LSTM_TRACE t=438 v=8.04 ws=8.01,7.95,7.84,8.09 cmd=0.105,0.237,0.356,0.180 cap=320,715,709,343 des=320,715,620,300 app=311,702,605,291 abs=nil,nil,nil,nil ebrake=1.00 ibrake=1.00 hasABS=0 sy=4.16 split=1.000,0.875 ===
 52.80597|I|libbeamng.print:18052| === LSTM_OBS t=438 8.00736,7.95081,7.83696,8.08946,0.03750,4.15759,0.48644,-0.01272,0.00000,0.00000,0.00000,1.00000,0.00000,-0.00119,-0.00798,3438.51533,0.25000 ===
 52.81430|I|libbeamng.print:18052| === LSTM_TRACE t=440 v=7.99 ws=7.95,7.99,7.86,7.88 cmd=0.101,0.232,0.362,0.174 cap=316,713,711,352 des=316,713,622,308 app=307,700,606,298 abs=nil,nil,nil,nil ebrake=1.00 ibrake=1.00 hasABS=0 sy=4.30 split=1.000,0.875 ===
 52.81434|I|libbeamng.print:18052| === LSTM_OBS t=440 7.95013,7.98745,7.86301,7.88478,0.17844,4.30356,0.06479,0.00244,0.00000,0.00000,0.00000,1.00000,0.00000,-0.00131,-0.00793,3421.10040,0.25000 ===
 52.82577|I|libbeamng.print:18052| === LSTM_TRACE t=442 v=7.96 ws=7.94,8.02,7.90,7.96 cmd=0.099,0.228,0.360,0.181 cap=313,713,708,355 des=313,713,619,311 app=304,701,603,301 abs=nil,nil,nil,nil ebrake=1.00 ibrake=1.00 hasABS=0 sy=4.06 split=1.000,0.875 ===
 52.82581|I|libbeamng.print:18052| === LSTM_OBS t=442 7.93545,8.01721,7.89694,7.95732,-0.11344,4.05636,-0.19315,-0.01180,0.00000,0.00000,0.00000,1.00000,0.00000,-0.00128,-0.00788,3403.47025,0.25000 ===
 52.83849|I|libbeamng.print:18052| === LSTM_TRACE t=444 v=7.91 ws=7.93,7.74,7.79,7.97 cmd=0.099,0.224,0.355,0.180 cap=310,719,687,338 des=310,719,601,295 app=302,706,586,286 abs=nil,nil,nil,nil ebrake=1.00 ibrake=1.00 hasABS=0 sy=4.18 split=1.000,0.875 ===
 52.83853|I|libbeamng.print:18052| === LSTM_OBS t=444 7.92891,7.73873,7.79490,7.96617,-0.10153,4.18359,-0.02269,-0.00210,0.00000,0.00000,0.00049,1.00000,0.00000,-0.00126,-0.00789,3386.16068,0.25000 ===
 52.84693|I|libbeamng.print:18052| === LSTM_TRACE t=446 v=7.88 ws=7.85,7.79,7.82,7.77 cmd=0.097,0.229,0.355,0.172 cap=304,708,682,344 des=304,708,597,301 app=295,695,582,291 abs=nil,nil,nil,nil ebrake=1.00 ibrake=1.00 hasABS=0 sy=3.96 split=1.000,0.875 ===
 52.84705|I|libbeamng.print:18052| === LSTM_OBS t=446 7.84958,7.78796,7.81583,7.76718,0.41736,3.95730,0.28278,-0.00608,0.00000,0.00000,0.00049,1.00000,0.00000,-0.00131,-0.00782,3368.71730,0.25000 ===
 52.85920|I|libbeamng.print:18052| === LSTM_TRACE t=448 v=7.84 ws=7.79,7.77,7.60,7.85 cmd=0.097,0.228,0.342,0.172 cap=297,692,682,332 des=297,692,597,291 app=288,679,581,282 abs=nil,nil,nil,nil ebrake=1.00 ibrake=1.00 hasABS=0 sy=3.96 split=1.000,0.875 ===
 52.85924|I|libbeamng.print:18052| === LSTM_OBS t=448 7.78598,7.77491,7.60132,7.84755,-0.10907,3.96091,0.32735,-0.01556,0.00000,0.00000,0.00000,1.00000,0.00000,-0.00128,-0.00788,3351.78694,0.25000 ===
 52.87241|I|libbeamng.print:18052| === LSTM_TRACE t=450 v=7.79 ws=7.75,7.80,7.66,7.66 cmd=0.093,0.223,0.351,0.166 cap=293,691,689,335 des=293,691,603,293 app=285,679,587,284 abs=nil,nil,nil,nil ebrake=1.00 ibrake=1.00 hasABS=0 sy=4.21 split=1.000,0.875 ===
 52.87244|I|libbeamng.print:18052| === LSTM_OBS t=450 7.75444,7.80120,7.65983,7.65668,-0.02622,4.20615,-0.20285,0.00502,0.00000,0.00000,0.00000,1.00000,0.00000,-0.00133,-0.00784,3334.77939,0.25000 ===
 52.88033|I|libbeamng.print:18052| === LSTM_TRACE t=452 v=7.76 ws=7.75,7.82,7.73,7.80 cmd=0.092,0.222,0.350,0.174 cap=291,700,678,336 des=291,700,593,294 app=283,687,578,285 abs=nil,nil,nil,nil ebrake=1.00 ibrake=1.00 hasABS=0 sy=3.83 split=1.000,0.875 ===
 52.88036|I|libbeamng.print:18052| === LSTM_OBS t=452 7.74547,7.82475,7.73377,7.79707,0.15514,3.82870,-0.15845,-0.00907,0.00000,0.00000,0.00000,1.00000,0.00000,-0.00133,-0.00777,3317.69043,0.25000 ===
 52.89238|I|libbeamng.print:18052| === LSTM_TRACE t=454 v=7.72 ws=7.72,7.54,7.54,7.72 cmd=0.093,0.221,0.344,0.172 cap=289,701,678,327 des=289,701,593,286 app=281,688,578,277 abs=nil,nil,nil,nil ebrake=1.00 ibrake=1.00 hasABS=0 sy=4.03 split=1.000,0.875 ===
 52.89243|I|libbeamng.print:18052| === LSTM_OBS t=454 7.71993,7.54040,7.54070,7.72018,-0.16476,4.03360,0.06403,-0.00370,0.00000,0.00000,0.00000,1.00000,0.00000,-0.00131,-0.00780,3300.80580,0.25000 ===
 52.90517|I|libbeamng.print:18052| === LSTM_TRACE t=456 v=7.68 ws=7.64,7.59,7.70,7.57 cmd=0.092,0.223,0.348,0.167 cap=288,685,650,331 des=288,685,569,290 app=280,672,554,281 abs=nil,nil,nil,nil ebrake=1.00 ibrake=1.00 hasABS=0 sy=4.03 split=1.000,0.875 ===
 52.90521|I|libbeamng.print:18052| === LSTM_OBS t=456 7.64022,7.58518,7.70070,7.57261,0.37685,4.03455,0.40936,-0.00169,0.00000,0.00000,0.00000,1.00000,0.00000,-0.00138,-0.00774,3283.59176,0.25000 ===
 52.91352|I|libbeamng.print:18052| === LSTM_TRACE t=458 v=7.64 ws=7.59,7.56,7.45,7.70 cmd=0.092,0.219,0.330,0.166 cap=282,678,664,317 des=282,678,581,277 app=274,665,566,268 abs=nil,nil,nil,nil ebrake=1.00 ibrake=1.00 hasABS=0 sy=3.82 split=1.000,0.875 ===
 52.91356|I|libbeamng.print:18052| === LSTM_OBS t=458 7.58898,7.55972,7.44639,7.69954,0.11577,3.82325,0.28198,-0.01733,0.00000,0.00000,0.00000,1.00000,0.00000,-0.00129,-0.00778,3266.96039,0.25000 ===
 52.92498|I|libbeamng.print:18052| === LSTM_TRACE t=460 v=7.60 ws=7.56,7.57,7.44,7.44 cmd=0.089,0.215,0.333,0.161 cap=280,671,658,325 des=280,671,575,284 app=272,659,560,275 abs=nil,nil,nil,nil ebrake=1.00 ibrake=1.00 hasABS=0 sy=4.09 split=1.000,0.875 ===
 52.92502|I|libbeamng.print:18052| === LSTM_OBS t=460 7.55693,7.56576,7.44257,7.44247,-0.04517,4.08756,-0.23073,0.00573,0.00000,0.00000,0.00000,1.00000,0.00000,-0.00136,-0.00777,3250.08880,0.25000 ===
 52.93902|I|libbeamng.print:18052| === LSTM_TRACE t=462 v=7.56 ws=7.54,7.63,7.49,7.63 cmd=0.088,0.217,0.328,0.166 cap=276,669,634,320 des=276,669,555,280 app=267,656,540,271 abs=nil,nil,nil,nil ebrake=1.00 ibrake=1.00 hasABS=0 sy=3.82 split=1.000,0.875 ===
 52.93906|I|libbeamng.print:18052| === LSTM_OBS t=462 7.54148,7.62874,7.48937,7.62590,0.06516,3.81599,-0.09463,-0.00828,0.00000,0.00000,0.00049,1.00000,0.00000,-0.00138,-0.00771,3233.47532,0.25000 ===
 52.94657|I|libbeamng.print:18052| === LSTM_TRACE t=464 v=7.52 ws=7.56,7.50,7.35,7.43 cmd=0.088,0.220,0.331,0.162 cap=271,682,659,318 des=271,682,577,278 app=263,669,561,270 abs=nil,nil,nil,nil ebrake=1.00 ibrake=1.00 hasABS=0 sy=3.90 split=1.000,0.875 ===
 52.94667|I|libbeamng.print:18052| === LSTM_OBS t=464 7.56492,7.49819,7.35228,7.43195,-0.20147,3.89583,-0.16715,0.00176,0.00000,0.00000,0.00049,1.00000,0.00000,-0.00133,-0.00775,3217.17938,0.25000 ===
 52.95861|I|libbeamng.print:18052| === LSTM_TRACE t=466 v=7.48 ws=7.50,7.40,7.51,7.44 cmd=0.088,0.219,0.342,0.167 cap=277,690,639,324 des=277,690,559,283 app=269,677,545,274 abs=nil,nil,nil,nil ebrake=1.00 ibrake=1.00 hasABS=0 sy=3.99 split=1.000,0.875 ===
 52.95865|I|libbeamng.print:18052| === LSTM_OBS t=466 7.49836,7.39558,7.51119,7.43693,0.19168,3.98510,0.15142,0.00075,0.00000,0.00000,0.00000,1.00000,0.00000,-0.00139,-0.00769,3200.43577,0.25000 ===
 52.97217|I|libbeamng.print:18052| === LSTM_TRACE t=468 v=7.45 ws=7.41,7.27,7.29,7.54 cmd=0.089,0.218,0.323,0.163 cap=272,673,641,308 des=272,673,561,270 app=264,660,546,261 abs=nil,nil,nil,nil ebrake=1.00 ibrake=1.00 hasABS=0 sy=3.78 split=1.000,0.875 ===
 52.97221|I|libbeamng.print:18052| === LSTM_OBS t=468 7.40955,7.26870,7.29097,7.53770,-0.16155,3.78260,0.30111,-0.01339,0.00000,0.00000,0.00000,1.00000,0.00000,-0.00135,-0.00774,3184.25663,0.25000 ===
 52.98025|I|libbeamng.print:18052| === LSTM_TRACE t=470 v=7.40 ws=7.37,7.33,7.36,7.26 cmd=0.087,0.217,0.327,0.159 cap=273,674,630,318 des=273,674,551,278 app=265,660,536,269 abs=nil,nil,nil,nil ebrake=1.00 ibrake=1.00 hasABS=0 sy=4.05 split=1.000,0.875 ===
 52.98028|I|libbeamng.print:18052| === LSTM_OBS t=470 7.37479,7.32754,7.36238,7.26315,0.23910,4.04760,-0.12262,0.00314,0.00000,0.00000,0.00000,1.00000,0.00000,-0.00134,-0.00775,3167.65130,0.25000 ===
 52.99253|I|libbeamng.print:18052| === LSTM_TRACE t=472 v=7.37 ws=7.31,7.30,7.25,7.46 cmd=0.089,0.225,0.321,0.164 cap=270,680,616,304 des=270,680,539,266 app=262,666,525,257 abs=nil,nil,nil,nil ebrake=1.00 ibrake=1.00 hasABS=0 sy=3.67 split=1.000,0.875 ===
 52.99257|I|libbeamng.print:18052| === LSTM_OBS t=472 7.31462,7.29947,7.24814,7.46229,0.05866,3.67145,0.45351,-0.01475,0.00000,0.00000,0.00000,1.00000,0.00000,-0.00127,-0.00776,3151.46026,0.25000 ===
 53.00586|I|libbeamng.print:18052| === LSTM_TRACE t=474 v=7.33 ws=7.28,7.28,7.19,7.18 cmd=0.087,0.219,0.325,0.159 cap=272,682,650,325 des=272,682,569,284 app=263,669,553,275 abs=nil,nil,nil,nil ebrake=1.00 ibrake=1.00 hasABS=0 sy=3.90 split=1.000,0.875 ===
 53.00592|I|libbeamng.print:18052| === LSTM_OBS t=474 7.28325,7.27597,7.18602,7.17520,-0.08297,3.89697,-0.20840,0.00078,0.00000,0.00000,0.00000,1.00000,0.00000,-0.00129,-0.00778,3135.27402,0.25000 ===
 53.01333|I|libbeamng.print:18052| === LSTM_TRACE t=476 v=7.29 ws=7.28,7.35,7.15,7.35 cmd=0.088,0.218,0.315,0.162 cap=273,682,620,316 des=273,682,542,276 app=265,668,528,267 abs=nil,nil,nil,nil ebrake=1.00 ibrake=1.00 hasABS=0 sy=3.88 split=1.000,0.875 ===
 53.01337|I|libbeamng.print:18052| === LSTM_OBS t=476 7.28464,7.35046,7.15332,7.34736,0.13143,3.87615,-0.15356,-0.00457,0.00000,0.00000,0.00000,1.00000,0.00000,-0.00127,-0.00776,3118.89963,0.25000 ===
 53.02542|I|libbeamng.print:18052| === LSTM_TRACE t=478 v=7.25 ws=7.31,7.29,7.11,7.13 cmd=0.087,0.223,0.311,0.152 cap=268,677,621,304 des=268,677,543,266 app=260,664,529,257 abs=nil,nil,nil,nil ebrake=1.00 ibrake=1.00 hasABS=0 sy=3.78 split=1.000,0.875 ===
 53.02546|I|libbeamng.print:18052| === LSTM_OBS t=478 7.31230,7.28901,7.10867,7.13288,-0.08702,3.77910,-0.12983,-0.00733,0.00000,0.00000,0.00049,1.00000,0.00000,-0.00118,-0.00781,3102.88186,0.25000 ===
 53.03882|I|libbeamng.print:18052| === LSTM_TRACE t=480 v=7.21 ws=7.26,7.25,7.18,7.21 cmd=0.088,0.221,0.324,0.164 cap=274,699,622,317 des=274,699,544,278 app=266,685,529,269 abs=nil,nil,nil,nil ebrake=1.00 ibrake=1.00 hasABS=0 sy=3.86 split=1.000,0.875 ===
 53.03886|I|libbeamng.print:18052| === LSTM_OBS t=480 7.25862,7.25370,7.17829,7.20593,0.21332,3.86324,-0.09954,-0.00226,0.00000,0.00000,0.00049,1.00000,0.00000,-0.00127,-0.00777,3086.73868,0.25000 ===
 53.04768|I|libbeamng.print:18052| === LSTM_TRACE t=482 v=7.18 ws=7.16,7.04,7.07,7.22 cmd=0.087,0.221,0.316,0.160 cap=270,687,622,304 des=270,687,544,266 app=261,673,530,257 abs=nil,nil,nil,nil ebrake=1.00 ibrake=1.00 hasABS=0 sy=3.81 split=1.000,0.875 ===
 53.04771|I|libbeamng.print:18052| === LSTM_OBS t=482 7.15505,7.03582,7.07225,7.22296,-0.25735,3.80799,0.10799,-0.00936,0.00000,0.00000,0.00000,1.00000,0.00000,-0.00110,-0.00785,3071.01564,0.25000 ===
 53.05864|I|libbeamng.print:18052| === LSTM_TRACE t=484 v=7.13 ws=7.10,7.00,7.14,7.03 cmd=0.088,0.223,0.316,0.160 cap=273,684,598,314 des=273,684,523,274 app=265,670,509,265 abs=nil,nil,nil,nil ebrake=1.00 ibrake=1.00 hasABS=0 sy=4.05 split=1.000,0.875 ===
 53.05868|I|libbeamng.print:18052| === LSTM_OBS t=484 7.09748,7.00079,7.13992,7.03096,0.23590,4.05022,0.09908,0.00063,0.00000,0.00000,0.00049,1.00000,0.00000,-0.00116,-0.00785,3054.77053,0.25000 ===
 53.07290|I|libbeamng.print:18052| === LSTM_TRACE t=486 v=7.11 ws=7.05,6.89,6.94,7.20 cmd=0.090,0.224,0.310,0.162 cap=275,698,602,301 des=275,698,527,263 app=266,683,513,254 abs=nil,nil,nil,nil ebrake=1.00 ibrake=1.00 hasABS=0 sy=3.63 split=1.000,0.875 ===
 53.07293|I|libbeamng.print:18052| === LSTM_OBS t=486 7.04913,6.88935,6.93905,7.19914,-0.00188,3.63044,0.50963,-0.01728,0.00000,0.00000,0.00049,1.00000,0.00000,-0.00108,-0.00789,3038.88600,0.25000 ===
 53.08039|I|libbeamng.print:18052| === LSTM_TRACE t=488 v=7.06 ws=7.02,6.94,7.08,6.92 cmd=0.087,0.219,0.309,0.153 cap=277,678,593,312 des=277,678,519,273 app=268,664,505,264 abs=nil,nil,nil,nil ebrake=1.00 ibrake=1.00 hasABS=0 sy=3.88 split=1.000,0.875 ===
 53.08043|I|libbeamng.print:18052| === LSTM_OBS t=488 7.02010,6.94251,7.07586,6.91742,0.02300,3.87537,-0.13820,0.00038,0.00000,0.00000,0.00049,1.00000,0.00000,-0.00106,-0.00791,3022.72944,0.25000 ===
 53.09226|I|libbeamng.print:18052| === LSTM_TRACE t=490 v=7.02 ws=6.98,6.90,6.89,7.11 cmd=0.088,0.226,0.307,0.161 cap=270,691,586,293 des=270,691,513,256 app=262,676,499,248 abs=nil,nil,nil,nil ebrake=1.00 ibrake=1.00 hasABS=0 sy=3.87 split=1.000,0.875 ===
 53.09230|I|libbeamng.print:18052| === LSTM_OBS t=490 6.98158,6.89546,6.89073,7.11106,0.13540,3.86552,0.42236,-0.01080,0.00000,0.00000,0.00000,1.00000,0.00000,-0.00107,-0.00795,3006.79495,0.25000 ===
 53.10523|I|libbeamng.print:18052| === LSTM_TRACE t=492 v=6.99 ws=6.95,6.92,6.97,6.87 cmd=0.088,0.224,0.311,0.157 cap=276,698,607,317 des=276,698,531,277 app=267,683,517,268 abs=nil,nil,nil,nil ebrake=1.00 ibrake=1.00 hasABS=0 sy=3.79 split=1.000,0.875 ===
 53.10526|I|libbeamng.print:18052| === LSTM_OBS t=492 6.95202,6.91875,6.96891,6.87014,0.16557,3.79112,0.01591,-0.00582,0.00000,0.00000,0.00000,1.00000,0.00000,-0.00098,-0.00798,2990.81997,0.25000 ===
 53.11415|I|libbeamng.print:18052| === LSTM_TRACE t=494 v=6.95 ws=6.92,6.91,6.82,6.99 cmd=0.088,0.219,0.300,0.159 cap=274,689,593,304 des=274,689,519,266 app=265,675,505,258 abs=nil,nil,nil,nil ebrake=1.00 ibrake=1.00 hasABS=0 sy=3.84 split=1.000,0.875 ===
 53.11419|I|libbeamng.print:18052| === LSTM_OBS t=494 6.91830,6.91139,6.81873,6.99429,0.05428,3.84349,-0.11912,-0.00327,0.00000,0.00000,0.00000,1.00000,0.00000,-0.00107,-0.00798,2975.00231,0.25000 ===
 53.12555|I|libbeamng.print:18052| === LSTM_TRACE t=496 v=6.91 ws=6.94,6.88,6.88,6.79 cmd=0.088,0.223,0.303,0.155 cap=272,688,593,308 des=272,688,519,269 app=264,674,505,260 abs=nil,nil,nil,nil ebrake=1.00 ibrake=1.00 hasABS=0 sy=3.74 split=1.000,0.875 ===
 53.12559|I|libbeamng.print:18052| === LSTM_OBS t=496 6.93809,6.87687,6.88258,6.79484,0.01936,3.73950,-0.02230,-0.00783,0.00000,0.00000,0.00049,1.00000,0.00000,-0.00098,-0.00805,2959.14934,0.25000 ===
 53.13912|I|libbeamng.print:18052| === LSTM_TRACE t=498 v=6.87 ws=6.89,6.91,6.70,6.91 cmd=0.089,0.218,0.294,0.159 cap=275,692,586,312 des=275,692,512,273 app=267,677,498,264 abs=nil,nil,nil,nil ebrake=1.00 ibrake=1.00 hasABS=0 sy=3.84 split=1.000,0.875 ===
 53.13919|I|libbeamng.print:18052| === LSTM_OBS t=498 6.89207,6.90746,6.70171,6.91469,0.14680,3.84205,-0.21657,-0.00096,0.00000,0.00000,0.00049,1.00000,0.00000,-0.00106,-0.00801,2943.37322,0.25000 ===
 53.14778|I|libbeamng.print:18052| === LSTM_TRACE t=500 v=6.84 ws=6.89,6.83,6.77,6.70 cmd=0.087,0.221,0.293,0.150 cap=270,677,579,300 des=270,677,506,263 app=262,663,492,254 abs=nil,nil,nil,nil ebrake=1.00 ibrake=1.00 hasABS=0 sy=3.71 split=1.000,0.875 ===
 53.14781|I|libbeamng.print:18052| === LSTM_OBS t=500 6.89147,6.82970,6.77325,6.69577,-0.11027,3.71426,-0.25291,-0.00801,0.00000,0.00000,0.00000,1.00000,0.00000,-0.00096,-0.00808,2927.46798,0.25000 ===
 53.15878|I|libbeamng.print:18052| === LSTM_TRACE t=502 v=6.80 ws=6.83,6.83,6.62,6.84 cmd=0.089,0.222,0.296,0.162 cap=275,701,576,310 des=275,701,504,271 app=266,686,490,262 abs=nil,nil,nil,nil ebrake=1.00 ibrake=1.00 hasABS=0 sy=3.81 split=1.000,0.875 ===
 53.15881|I|libbeamng.print:18052| === LSTM_OBS t=502 6.83274,6.83408,6.62026,6.83715,0.06432,3.80695,-0.00207,0.00419,0.00000,0.00000,0.00000,1.00000,0.00000,-0.00105,-0.00806,2911.71495,0.25000 ===
 53.17278|I|libbeamng.print:18052| === LSTM_TRACE t=504 v=6.76 ws=6.79,6.78,6.67,6.64 cmd=0.087,0.222,0.290,0.148 cap=270,678,579,300 des=270,678,506,262 app=261,664,492,253 abs=nil,nil,nil,nil ebrake=1.00 ibrake=1.00 hasABS=0 sy=3.76 split=1.000,0.875 ===
 53.17282|I|libbeamng.print:18052| === LSTM_OBS t=504 6.79203,6.78196,6.66689,6.64346,-0.05452,3.75738,-0.13296,-0.01106,0.00000,0.00000,0.00000,1.00000,0.00000,-0.00098,-0.00811,2895.91724,0.25000 ===
 53.18046|I|libbeamng.print:18052| === LSTM_TRACE t=506 v=6.72 ws=6.74,6.78,6.58,6.74 cmd=0.089,0.222,0.292,0.159 cap=274,691,568,306 des=274,691,497,268 app=265,676,483,259 abs=nil,nil,nil,nil ebrake=1.00 ibrake=1.00 hasABS=0 sy=3.87 split=1.000,0.875 ===
 53.18050|I|libbeamng.print:18052| === LSTM_OBS t=506 6.74127,6.78221,6.58428,6.74064,0.18333,3.86936,0.02952,-0.00060,0.00000,0.00000,0.00000,1.00000,0.00000,-0.00103,-0.00811,2879.81698,0.25000 ===
 53.19181|I|libbeamng.print:18052| === LSTM_TRACE t=508 v=6.69 ws=6.66,6.69,6.57,6.60 cmd=0.087,0.223,0.290,0.149 cap=269,681,574,299 des=269,681,502,261 app=260,667,488,252 abs=nil,nil,nil,nil ebrake=1.00 ibrake=1.00 hasABS=0 sy=3.68 split=1.000,0.875 ===
 53.19184|I|libbeamng.print:18052| === LSTM_OBS t=508 6.66362,6.69259,6.57328,6.60101,-0.08629,3.67830,0.08309,-0.00799,0.00000,0.00000,0.00000,1.00000,0.00000,-0.00099,-0.00815,2863.93228,0.25000 ===
 53.20609|I|libbeamng.print:18052| === LSTM_TRACE t=510 v=6.64 ws=6.66,6.71,6.54,6.65 cmd=0.088,0.221,0.287,0.156 cap=271,681,561,305 des=271,681,491,267 app=262,666,477,258 abs=nil,nil,nil,nil ebrake=1.00 ibrake=1.00 hasABS=0 sy=3.92 split=1.000,0.875 ===
 53.20613|I|libbeamng.print:18052| === LSTM_OBS t=510 6.66153,6.70970,6.53599,6.65305,0.24225,3.92036,-0.00630,-0.00402,0.00000,0.00000,0.00000,1.00000,0.00000,-0.00102,-0.00816,2847.99958,0.25000 ===
 53.21346|I|libbeamng.print:18052| === LSTM_TRACE t=512 v=6.61 ws=6.56,6.59,6.50,6.55 cmd=0.087,0.224,0.290,0.152 cap=268,682,567,296 des=268,682,496,259 app=259,668,482,250 abs=nil,nil,nil,nil ebrake=1.00 ibrake=1.00 hasABS=0 sy=3.61 split=1.000,0.875 ===
 53.21350|I|libbeamng.print:18052| === LSTM_OBS t=512 6.55757,6.58908,6.50124,6.54784,-0.14932,3.61298,0.20648,-0.00604,0.00000,0.00000,0.00000,1.00000,0.00000,-0.00097,-0.00820,2832.21404,0.25000 ===
 53.22546|I|libbeamng.print:18052| === LSTM_TRACE t=514 v=6.57 ws=6.58,6.62,6.48,6.58 cmd=0.088,0.221,0.282,0.155 cap=270,678,556,306 des=270,678,486,268 app=261,664,473,259 abs=nil,nil,nil,nil ebrake=1.00 ibrake=1.00 hasABS=0 sy=3.93 split=1.000,0.875 ===
 53.22550|I|libbeamng.print:18052| === LSTM_OBS t=514 6.57638,6.61763,6.48247,6.57546,0.44668,3.92832,-0.06966,-0.00872,0.00000,0.00000,0.00000,1.00000,0.00000,-0.00101,-0.00821,2816.08367,0.25000 ===
 53.23872|I|libbeamng.print:18052| === LSTM_TRACE t=516 v=6.54 ws=6.48,6.51,6.42,6.48 cmd=0.087,0.227,0.289,0.154 cap=269,690,560,297 des=269,690,490,260 app=260,675,476,251 abs=nil,nil,nil,nil ebrake=1.00 ibrake=1.00 hasABS=0 sy=3.61 split=1.000,0.875 ===
 53.23876|I|libbeamng.print:18052| === LSTM_OBS t=516 6.48428,6.50662,6.41964,6.47816,-0.08683,3.60746,0.28872,-0.00427,0.00000,0.00000,0.00000,1.00000,0.00000,-0.00097,-0.00824,2800.13604,0.25000 ===
 53.24701|I|libbeamng.print:18052| === LSTM_TRACE t=518 v=6.50 ws=6.50,6.54,6.41,6.50 cmd=0.089,0.223,0.281,0.156 cap=271,681,554,310 des=271,681,485,271 app=262,666,471,262 abs=nil,nil,nil,nil ebrake=1.00 ibrake=1.00 hasABS=0 sy=3.83 split=1.000,0.875 ===
 53.24705|I|libbeamng.print:18052| === LSTM_OBS t=518 6.49707,6.54027,6.40678,6.49565,0.40151,3.82709,0.05882,-0.01023,0.00000,0.00000,0.00000,1.00000,0.00000,-0.00099,-0.00825,2784.22434,0.25000 ===
 53.25841|I|libbeamng.print:18052| === LSTM_TRACE t=520 v=6.46 ws=6.41,6.44,6.35,6.40 cmd=0.088,0.227,0.288,0.153 cap=270,691,561,297 des=270,691,490,260 app=261,676,477,251 abs=nil,nil,nil,nil ebrake=1.00 ibrake=1.00 hasABS=0 sy=3.62 split=1.000,0.875 ===
 53.25845|I|libbeamng.print:18052| === LSTM_OBS t=520 6.41046,6.43867,6.34691,6.40061,-0.05576,3.62245,0.27597,-0.00417,0.00000,0.00000,0.00000,1.00000,0.00000,-0.00096,-0.00828,2768.38352,0.25000 ===
 53.27235|I|libbeamng.print:18052| === LSTM_TRACE t=522 v=6.42 ws=6.41,6.47,6.31,6.43 cmd=0.089,0.225,0.279,0.157 cap=273,681,549,311 des=273,681,480,272 app=264,666,466,263 abs=nil,nil,nil,nil ebrake=1.00 ibrake=1.00 hasABS=0 sy=3.85 split=1.000,0.875 ===
 53.27239|I|libbeamng.print:18052| === LSTM_OBS t=522 6.41495,6.47225,6.31191,6.42629,0.14261,3.84996,0.04840,-0.00258,0.00000,0.00000,0.00000,1.00000,0.00000,-0.00095,-0.00829,2752.57716,0.25000 ===
 53.28018|I|libbeamng.print:18052| === LSTM_TRACE t=524 v=6.39 ws=6.34,6.36,6.29,6.31 cmd=0.088,0.229,0.286,0.153 cap=272,695,555,298 des=272,695,486,261 app=263,679,472,252 abs=nil,nil,nil,nil ebrake=1.00 ibrake=1.00 hasABS=0 sy=3.65 split=1.000,0.875 ===
 53.28021|I|libbeamng.print:18052| === LSTM_OBS t=524 6.33711,6.35506,6.29434,6.30542,-0.02529,3.64952,0.30232,-0.00450,0.00000,0.00000,0.00000,1.00000,0.00000,-0.00094,-0.00831,2736.50723,0.25000 ===
 53.29176|I|libbeamng.print:18052| === LSTM_TRACE t=526 v=6.35 ws=6.34,6.39,6.21,6.36 cmd=0.090,0.226,0.277,0.158 cap=275,686,547,313 des=275,686,478,273 app=266,670,465,264 abs=nil,nil,nil,nil ebrake=1.00 ibrake=1.00 hasABS=0 sy=3.86 split=1.000,0.875 ===
 53.29180|I|libbeamng.print:18052| === LSTM_OBS t=526 6.34329,6.39189,6.20910,6.35669,0.04668,3.85725,-0.03811,0.00158,0.00000,0.00000,0.00000,1.00000,0.00000,-0.00090,-0.00833,2720.51068,0.25000 ===
 53.30586|I|libbeamng.print:18052| === LSTM_TRACE t=528 v=6.31 ws=6.28,6.28,6.26,6.21 cmd=0.089,0.231,0.286,0.154 cap=275,701,549,299 des=275,701,480,262 app=266,685,467,253 abs=nil,nil,nil,nil ebrake=1.00 ibrake=1.00 hasABS=0 sy=3.67 split=1.000,0.875 ===
 53.30591|I|libbeamng.print:18052| === LSTM_OBS t=528 6.27636,6.27681,6.26247,6.20830,-0.02695,3.66880,0.30786,-0.00152,0.00000,0.00000,0.00000,1.00000,0.00000,-0.00091,-0.00836,2704.59767,0.25000 ===
 53.31413|I|libbeamng.print:18052| === LSTM_TRACE t=530 v=6.27 ws=6.28,6.33,6.12,6.30 cmd=0.091,0.226,0.274,0.159 cap=278,693,547,314 des=278,693,479,275 app=269,678,465,266 abs=nil,nil,nil,nil ebrake=1.00 ibrake=1.00 hasABS=0 sy=3.83 split=1.000,0.875 ===
 53.31417|I|libbeamng.print:18052| === LSTM_OBS t=530 6.27857,6.33202,6.11856,6.30277,0.03336,3.82622,-0.15430,-0.00107,0.00000,0.00000,0.00000,1.00000,0.00000,-0.00086,-0.00837,2688.74505,0.25000 ===
 53.32533|I|libbeamng.print:18052| === LSTM_TRACE t=532 v=6.24 ws=6.21,6.20,6.25,6.13 cmd=0.090,0.233,0.286,0.155 cap=279,707,543,300 des=279,707,475,263 app=269,691,461,254 abs=nil,nil,nil,nil ebrake=1.00 ibrake=1.00 hasABS=0 sy=3.62 split=1.000,0.875 ===
 53.32538|I|libbeamng.print:18052| === LSTM_OBS t=532 6.21361,6.20328,6.25052,6.12506,-0.00545,3.62254,0.30994,-0.00353,0.00000,0.00000,0.00000,1.00000,0.00000,-0.00088,-0.00841,2672.81425,0.25000 ===
 53.33897|I|libbeamng.print:18052| === LSTM_TRACE t=534 v=6.20 ws=6.21,6.24,6.07,6.25 cmd=0.091,0.227,0.276,0.160 cap=280,701,551,314 des=280,701,482,275 app=270,686,468,266 abs=nil,nil,nil,nil ebrake=1.00 ibrake=1.00 hasABS=0 sy=3.86 split=1.000,0.875 ===
 53.33901|I|libbeamng.print:18052| === LSTM_OBS t=534 6.20643,6.23603,6.07428,6.25360,0.03165,3.85806,-0.21748,-0.00071,0.00000,0.00000,0.00049,1.00000,0.00000,-0.00082,-0.00842,2656.97514,0.25000 ===
 53.34672|I|libbeamng.print:18052| === LSTM_TRACE t=536 v=6.17 ws=6.17,6.17,6.19,6.06 cmd=0.091,0.235,0.282,0.155 cap=283,716,539,303 des=283,716,472,265 app=273,700,458,256 abs=nil,nil,nil,nil ebrake=1.00 ibrake=1.00 hasABS=0 sy=3.60 split=1.000,0.875 ===
 53.34675|I|libbeamng.print:18052| === LSTM_OBS t=536 6.16612,6.16502,6.18561,6.06321,0.09629,3.60018,0.22238,-0.00645,0.00000,0.00000,0.00000,1.00000,0.00000,-0.00086,-0.00846,2640.97249,0.25000 ===
 53.35938|I|libbeamng.print:18052| === LSTM_TRACE t=538 v=6.12 ws=6.12,6.08,5.99,6.18 cmd=0.092,0.227,0.276,0.162 cap=283,714,549,313 des=283,714,481,273 app=274,698,467,264 abs=nil,nil,nil,nil ebrake=1.00 ibrake=1.00 hasABS=0 sy=3.93 split=1.000,0.875 ===
 53.35942|I|libbeamng.print:18052| === LSTM_OBS t=538 6.11992,6.07833,5.99500,6.17795,0.05031,3.92816,-0.31946,-0.00262,0.00000,0.00000,0.00000,1.00000,0.00000,-0.00080,-0.00848,2625.16532,0.25000 ===
 53.37240|I|libbeamng.print:18052| === LSTM_TRACE t=540 v=6.09 ws=6.10,6.05,6.15,5.98 cmd=0.092,0.236,0.280,0.158 cap=287,725,534,310 des=287,725,467,271 app=277,708,454,262 abs=nil,nil,nil,nil ebrake=1.00 ibrake=1.00 hasABS=0 sy=3.61 split=1.000,0.875 ===
 53.37245|I|libbeamng.print:18052| === LSTM_OBS t=540 6.10456,6.04823,6.14824,5.98495,0.11977,3.60989,0.03504,-0.01046,0.00000,0.00000,0.00000,1.00000,0.00000,-0.00082,-0.00852,2609.13511,0.25000 ===
 53.38227|I|libbeamng.print:18052| === LSTM_TRACE t=542 v=6.05 ws=6.05,5.89,5.86,6.12 cmd=0.093,0.230,0.276,0.166 cap=289,733,547,315 des=289,733,479,275 app=279,716,465,266 abs=nil,nil,nil,nil ebrake=1.00 ibrake=1.00 hasABS=0 sy=3.91 split=1.000,0.875 ===
 53.38231|I|libbeamng.print:18052| === LSTM_OBS t=542 6.04955,5.88602,5.86246,6.12439,0.00545,3.90894,-0.28112,-0.00295,0.00000,0.00000,0.00000,1.00000,0.00000,-0.00079,-0.00857,2593.25610,0.25000 ===
 53.39192|I|libbeamng.print:18052| === LSTM_TRACE t=544 v=6.02 ws=6.02,5.92,6.11,5.89 cmd=0.094,0.238,0.279,0.161 cap=293,730,527,316 des=293,730,462,277 app=283,713,448,267 abs=nil,nil,nil,nil ebrake=1.00 ibrake=1.00 hasABS=0 sy=3.64 split=1.000,0.875 ===
 53.39195|I|libbeamng.print:18052| === LSTM_OBS t=544 6.02370,5.91872,6.11361,5.88763,-0.04009,3.64421,-0.04982,-0.00852,0.00000,0.00000,0.00000,1.00000,0.00000,-0.00078,-0.00860,2577.12914,0.25000 ===
 53.40545|I|libbeamng.print:18052| === LSTM_TRACE t=546 v=5.97 ws=5.96,5.73,5.77,6.06 cmd=0.095,0.233,0.280,0.171 cap=293,749,554,319 des=293,749,485,279 app=282,732,471,269 abs=nil,nil,nil,nil ebrake=1.00 ibrake=1.00 hasABS=0 sy=3.82 split=1.000,0.875 ===
 53.40549|I|libbeamng.print:18052| === LSTM_OBS t=546 5.95922,5.73113,5.77277,6.06352,0.06265,3.81612,-0.04857,-0.00942,0.00000,0.00000,0.00049,1.00000,0.00000,-0.00079,-0.00865,2561.16875,0.25000 ===
 53.41365|I|libbeamng.print:18052| === LSTM_TRACE t=548 v=5.94 ws=5.93,5.92,6.01,5.82 cmd=0.096,0.239,0.278,0.163 cap=300,730,531,325 des=300,730,465,285 app=289,713,451,275 abs=nil,nil,nil,nil ebrake=1.00 ibrake=1.00 hasABS=0 sy=3.78 split=1.000,0.875 ===
 53.41369|I|libbeamng.print:18052| === LSTM_OBS t=548 5.93333,5.92410,6.00552,5.82385,-0.03461,3.78028,-0.08310,-0.00586,0.00000,0.00000,0.00000,1.00000,0.00000,-0.00076,-0.00868,2544.95774,0.25000 ===
 53.42548|I|libbeamng.print:18052| === LSTM_TRACE t=550 v=5.90 ws=5.88,5.75,5.78,5.94 cmd=0.096,0.235,0.282,0.170 cap=300,757,552,321 des=300,757,483,280 app=289,739,469,271 abs=nil,nil,nil,nil ebrake=1.00 ibrake=1.00 hasABS=0 sy=3.79 split=1.000,0.875 ===
 53.42552|I|libbeamng.print:18052| === LSTM_OBS t=550 5.88217,5.74869,5.78363,5.94395,-0.20071,3.79400,-0.15242,-0.00573,0.00000,0.00000,0.00000,1.00000,0.00000,-0.00074,-0.00874,2528.77707,0.25000 ===
 53.43858|I|libbeamng.print:18052| === LSTM_TRACE t=552 v=5.86 ws=5.89,5.91,5.83,5.83 cmd=0.098,0.241,0.273,0.168 cap=300,726,531,330 des=300,726,464,288 app=289,709,451,278 abs=nil,nil,nil,nil ebrake=1.00 ibrake=1.00 hasABS=0 sy=3.80 split=1.000,0.875 ===
 53.43863|I|libbeamng.print:18052| === LSTM_OBS t=552 5.88615,5.91391,5.82953,5.82787,0.19319,3.79875,0.13602,-0.00556,0.00000,0.00000,0.00049,1.00000,0.00000,-0.00074,-0.00875,2512.34410,0.25000 ===
 53.44756|I|libbeamng.print:18052| === LSTM_TRACE t=554 v=5.82 ws=5.78,5.69,5.70,5.75 cmd=0.097,0.238,0.280,0.168 cap=302,750,549,326 des=302,750,480,285 app=291,732,466,275 abs=nil,nil,nil,nil ebrake=1.00 ibrake=1.00 hasABS=0 sy=3.77 split=1.000,0.875 ===
 53.44760|I|libbeamng.print:18052| === LSTM_OBS t=554 5.78037,5.68972,5.70273,5.75448,-0.27677,3.77440,-0.08089,-0.00278,0.00000,0.00000,0.00000,1.00000,0.00000,-0.00074,-0.00884,2495.80249,0.25000 ===
 53.45854|I|libbeamng.print:18052| === LSTM_TRACE t=556 v=5.78 ws=5.78,5.83,5.72,5.77 cmd=0.099,0.241,0.270,0.171 cap=302,726,527,335 des=302,726,461,293 app=292,709,447,283 abs=nil,nil,nil,nil ebrake=1.00 ibrake=1.00 hasABS=0 sy=3.91 split=1.000,0.875 ===
 53.45858|I|libbeamng.print:18052| === LSTM_OBS t=556 5.78412,5.82809,5.71783,5.77002,0.26333,3.91451,-0.04322,-0.00302,0.00000,0.00000,0.00085,1.00000,0.00000,-0.00069,-0.00881,2479.36568,0.25000 ===
 53.47210|I|libbeamng.print:18052| === LSTM_TRACE t=558 v=5.75 ws=5.72,5.68,5.73,5.69 cmd=0.099,0.247,0.284,0.172 cap=305,759,539,327 des=305,759,472,286 app=294,742,458,276 abs=nil,nil,nil,nil ebrake=1.00 ibrake=1.00 hasABS=0 sy=3.71 split=1.000,0.875 ===
 53.47214|I|libbeamng.print:18052| === LSTM_OBS t=558 5.72033,5.68206,5.72808,5.68969,-0.04676,3.71081,0.30738,-0.00435,0.00000,0.00000,0.00000,1.00000,0.00000,-0.00073,-0.00892,2462.86613,0.25000 ===
 53.47985|I|libbeamng.print:18052| === LSTM_TRACE t=560 v=5.70 ws=5.69,5.61,5.58,5.73 cmd=0.100,0.239,0.274,0.178 cap=307,746,546,346 des=307,746,477,302 app=296,728,463,292 abs=nil,nil,nil,nil ebrake=1.00 ibrake=1.00 hasABS=0 sy=4.01 split=1.000,0.875 ===
 53.47989|I|libbeamng.print:18052| === LSTM_OBS t=560 5.68995,5.61264,5.57636,5.73382,0.18445,4.01415,-0.23982,-0.00349,0.00000,0.00000,0.00085,1.00000,0.00000,-0.00069,-0.00890,2446.54086,0.25000 ===
 53.49198|I|libbeamng.print:18052| === LSTM_TRACE t=562 v=5.68 ws=5.65,5.54,5.77,5.57 cmd=0.101,0.247,0.282,0.175 cap=315,764,530,339 des=315,764,464,296 app=304,746,450,286 abs=nil,nil,nil,nil ebrake=1.00 ibrake=1.00 hasABS=0 sy=3.61 split=1.000,0.875 ===
 53.49202|I|libbeamng.print:18052| === LSTM_OBS t=562 5.64889,5.54192,5.76746,5.57093,-0.07521,3.60717,0.14856,-0.00752,0.00000,0.00000,0.00000,1.00000,0.00000,-0.00070,-0.00897,2429.89892,0.25000 ===
 53.50522|I|libbeamng.print:18052| === LSTM_TRACE t=564 v=5.63 ws=5.59,5.49,5.42,5.72 cmd=0.101,0.241,0.273,0.181 cap=311,755,546,343 des=311,755,478,300 app=299,737,464,290 abs=nil,nil,nil,nil ebrake=1.00 ibrake=1.00 hasABS=0 sy=3.87 split=1.000,0.875 ===
 53.50526|I|libbeamng.print:18052| === LSTM_OBS t=564 5.59341,5.49178,5.42276,5.72053,0.21209,3.86994,-0.05505,-0.00621,0.00000,0.00000,0.00069,1.00000,0.00000,-0.00071,-0.00898,2413.52113,0.25000 ===
 53.51359|I|libbeamng.print:18052| === LSTM_TRACE t=566 v=5.60 ws=5.60,5.66,5.67,5.48 cmd=0.102,0.249,0.279,0.176 cap=318,761,533,351 des=318,761,466,307 app=306,742,453,296 abs=nil,nil,nil,nil ebrake=1.00 ibrake=1.00 hasABS=0 sy=3.71 split=1.000,0.875 ===
 53.51363|I|libbeamng.print:18052| === LSTM_OBS t=566 5.60355,5.65652,5.66755,5.47653,-0.13386,3.70656,-0.08371,-0.00665,0.00000,0.00000,0.00000,1.00000,0.00000,-0.00071,-0.00901,2396.84321,0.25000 ===
 53.52528|I|libbeamng.print:18052| === LSTM_TRACE t=568 v=5.56 ws=5.51,5.37,5.38,5.56 cmd=0.102,0.244,0.277,0.181 cap=318,778,549,347 des=318,778,481,304 app=306,759,466,293 abs=nil,nil,nil,nil ebrake=1.00 ibrake=1.00 hasABS=0 sy=3.79 split=1.000,0.875 ===
 53.52532|I|libbeamng.print:18052| === LSTM_OBS t=568 5.51315,5.36747,5.38155,5.55897,-0.00526,3.79313,-0.11501,-0.00800,0.00000,0.00000,0.00000,1.00000,0.00000,-0.00071,-0.00903,2380.26674,0.25000 ===
 53.53885|I|libbeamng.print:18052| === LSTM_TRACE t=570 v=5.52 ws=5.54,5.62,5.52,5.45 cmd=0.104,0.251,0.271,0.181 cap=318,743,526,356 des=318,743,460,311 app=306,726,446,300 abs=nil,nil,nil,nil ebrake=1.00 ibrake=1.00 hasABS=0 sy=3.83 split=1.000,0.875 ===
 53.53893|I|libbeamng.print:18052| === LSTM_OBS t=570 5.54424,5.61771,5.51762,5.44515,0.26414,3.82611,0.10116,-0.01062,0.00000,0.00000,0.00069,1.00000,0.00000,-0.00068,-0.00902,2363.56555,0.25000 ===
 53.54679|I|libbeamng.print:18052| === LSTM_TRACE t=572 v=5.48 ws=5.42,5.33,5.41,5.47 cmd=0.103,0.251,0.284,0.186 cap=321,787,546,350 des=321,787,478,306 app=309,768,463,295 abs=nil,nil,nil,nil ebrake=1.00 ibrake=1.00 hasABS=0 sy=3.79 split=1.000,0.875 ===
 53.54685|I|libbeamng.print:18052| === LSTM_OBS t=572 5.41634,5.32767,5.41133,5.46706,-0.04667,3.78780,0.14985,-0.00331,0.00000,0.00000,0.00049,1.00000,0.00000,-0.00066,-0.00908,2346.77481,0.25000 ===
 53.55863|I|libbeamng.print:18052| === LSTM_TRACE t=574 v=5.43 ws=5.43,5.31,5.32,5.43 cmd=0.105,0.247,0.275,0.191 cap=322,764,541,371 des=322,764,474,325 app=311,746,459,313 abs=nil,nil,nil,nil ebrake=1.00 ibrake=1.00 hasABS=0 sy=4.12 split=1.000,0.875 ===
 53.55869|I|libbeamng.print:18052| === LSTM_OBS t=574 5.42898,5.30784,5.31709,5.43335,0.09933,4.11581,-0.20268,-0.00231,0.00000,0.00000,0.00091,1.00000,0.00000,-0.00063,-0.00904,2330.04275,0.25000 ===
 53.57175|I|libbeamng.print:18052| === LSTM_TRACE t=576 v=5.41 ws=5.36,5.25,5.46,5.29 cmd=0.106,0.255,0.283,0.187 cap=331,793,537,363 des=331,793,470,318 app=319,773,456,306 abs=nil,nil,nil,nil ebrake=1.00 ibrake=1.00 hasABS=0 sy=3.67 split=1.000,0.875 ===
 53.57179|I|libbeamng.print:18052| === LSTM_OBS t=576 5.36126,5.24918,5.45782,5.28668,-0.16383,3.66845,0.10574,-0.00761,0.00000,0.00000,0.00069,1.00000,0.00000,-0.00061,-0.00907,2312.84976,0.25000 ===
 53.58045|I|libbeamng.print:18052| === LSTM_TRACE t=578 v=5.36 ws=5.31,5.21,5.18,5.45 cmd=0.106,0.248,0.278,0.197 cap=327,777,550,374 des=327,777,481,327 app=315,759,467,315 abs=nil,nil,nil,nil ebrake=1.00 ibrake=1.00 hasABS=0 sy=4.01 split=1.000,0.875 ===
 53.58048|I|libbeamng.print:18052| === LSTM_OBS t=578 5.30683,5.21103,5.18216,5.44507,0.27516,4.01401,-0.02205,-0.00513,0.00000,0.00000,0.00115,1.00000,0.00000,-0.00062,-0.00908,2295.89109,0.25000 ===
 53.59170|I|libbeamng.print:18052| === LSTM_TRACE t=580 v=5.33 ws=5.35,5.44,5.36,5.23 cmd=0.109,0.257,0.279,0.192 cap=336,782,538,384 des=336,782,471,336 app=324,763,456,324 abs=nil,nil,nil,nil ebrake=1.00 ibrake=1.00 hasABS=0 sy=3.74 split=1.000,0.875 ===
 53.59173|I|libbeamng.print:18052| === LSTM_OBS t=580 5.34682,5.44319,5.36108,5.22513,-0.08014,3.73709,-0.02214,-0.00650,0.00000,0.00000,0.00000,1.00000,0.00000,-0.00061,-0.00906,2278.49196,0.25000 ===
 53.60533|I|libbeamng.print:18052| === LSTM_TRACE t=582 v=5.28 ws=5.21,5.07,5.12,5.33 cmd=0.107,0.251,0.280,0.197 cap=333,791,549,371 des=333,791,480,325 app=321,771,466,313 abs=nil,nil,nil,nil ebrake=1.00 ibrake=1.00 hasABS=0 sy=3.90 split=1.000,0.875 ===
 53.60537|I|libbeamng.print:18052| === LSTM_OBS t=582 5.20987,5.06572,5.12395,5.32711,0.15335,3.90499,0.07941,-0.00379,0.00000,0.00000,0.00000,1.00000,0.00000,-0.00057,-0.00910,2261.11445,0.25000 ===
 53.61319|I|libbeamng.print:18052| === LSTM_TRACE t=584 v=5.24 ws=5.29,5.20,5.19,5.18 cmd=0.111,0.256,0.278,0.203 cap=337,775,536,394 des=337,775,469,345 app=324,756,455,332 abs=nil,nil,nil,nil ebrake=1.00 ibrake=1.00 hasABS=0 sy=3.97 split=1.000,0.875 ===
 53.61323|I|libbeamng.print:18052| === LSTM_OBS t=584 5.28589,5.19688,5.19263,5.18495,0.08349,3.97474,0.24800,-0.00919,0.00000,0.00000,0.00115,1.00000,0.00000,-0.00054,-0.00907,2243.69814,0.25000 ===
 53.62454|I|libbeamng.print:18052| === LSTM_TRACE t=586 v=5.21 ws=5.14,4.99,5.20,5.11 cmd=0.109,0.256,0.282,0.195 cap=341,800,546,380 des=341,800,478,332 app=329,780,463,320 abs=nil,nil,nil,nil ebrake=1.00 ibrake=1.00 hasABS=0 sy=3.62 split=1.000,0.875 ===
 53.62458|I|libbeamng.print:18052| === LSTM_OBS t=586 5.14367,4.99277,5.20242,5.11022,-0.10952,3.62243,0.07154,-0.01060,0.00000,0.00000,0.00085,1.00000,0.00000,-0.00049,-0.00909,2225.54204,0.25000 ===
 53.63818|I|libbeamng.print:18052| === LSTM_TRACE t=588 v=5.16 ws=5.13,5.03,4.93,5.23 cmd=0.111,0.252,0.275,0.209 cap=337,778,542,395 des=337,778,475,346 app=324,759,460,333 abs=nil,nil,nil,nil ebrake=1.00 ibrake=1.00 hasABS=0 sy=4.09 split=1.000,0.875 ===
 53.63824|I|libbeamng.print:18052| === LSTM_OBS t=588 5.12614,5.02940,4.93007,5.22899,0.34873,4.08665,0.03768,-0.00200,0.00000,0.00000,0.00169,1.00000,0.00000,-0.00051,-0.00912,2207.81805,0.25000 ===
 53.64638|I|libbeamng.print:18052| === LSTM_TRACE t=590 v=5.13 ws=5.10,5.24,5.25,4.98 cmd=0.111,0.260,0.283,0.200 cap=350,804,539,406 des=350,804,472,355 app=337,784,458,342 abs=nil,nil,nil,nil ebrake=1.00 ibrake=1.00 hasABS=0 sy=3.71 split=1.000,0.875 ===
 53.64641|I|libbeamng.print:18052| === LSTM_OBS t=590 5.10155,5.24142,5.24772,4.98158,-0.21688,3.70860,-0.22177,-0.00568,0.00000,0.00000,0.00000,1.00000,0.00000,-0.00049,-0.00906,2189.52845,0.25000 ===
 53.65792|I|libbeamng.print:18052| === LSTM_TRACE t=592 v=5.08 ws=5.01,4.84,4.89,5.18 cmd=0.110,0.254,0.280,0.210 cap=339,800,549,386 des=339,800,480,338 app=327,780,465,326 abs=nil,nil,nil,nil ebrake=1.00 ibrake=1.00 hasABS=0 sy=4.08 split=1.000,0.875 ===
 53.65796|I|libbeamng.print:18052| === LSTM_OBS t=592 5.01280,4.84498,4.88799,5.17867,0.35818,4.08041,0.15829,-0.00009,0.00000,0.00000,0.00000,1.00000,0.00000,-0.00046,-0.00914,2171.47133,0.25000 ===
 53.67158|I|libbeamng.print:18052| === LSTM_TRACE t=594 v=5.05 ws=5.11,5.07,4.98,4.96 cmd=0.115,0.262,0.278,0.215 cap=350,791,536,422 des=350,791,469,369 app=337,771,454,356 abs=nil,nil,nil,nil ebrake=1.00 ibrake=1.00 hasABS=0 sy=3.94 split=1.000,0.875 ===
 53.67162|I|libbeamng.print:18052| === LSTM_OBS t=594 5.10689,5.06571,4.98179,4.96179,0.01710,3.93808,0.27981,-0.00875,0.00000,0.00000,0.00115,1.00000,0.00000,-0.00041,-0.00909,2153.37454,0.25000 ===
 53.67963|I|libbeamng.print:18052| === LSTM_TRACE t=596 v=5.02 ws=4.91,4.91,4.99,4.89 cmd=0.111,0.261,0.282,0.201 cap=350,812,553,397 des=350,812,484,347 app=337,791,469,335 abs=nil,nil,nil,nil ebrake=1.00 ibrake=1.00 hasABS=0 sy=3.68 split=1.000,0.875 ===
 53.67966|I|libbeamng.print:18052| === LSTM_OBS t=596 4.91379,4.90728,4.99395,4.89396,-0.17055,3.67532,-0.13563,-0.00991,0.00000,0.00000,0.00085,1.00000,0.00000,-0.00033,-0.00910,2134.73188,0.25000 ===
 53.69115|I|libbeamng.print:18052| === LSTM_TRACE t=598 v=4.97 ws=4.98,4.75,4.65,4.97 cmd=0.115,0.258,0.275,0.222 cap=347,801,545,418 des=347,801,477,366 app=334,781,463,353 abs=nil,nil,nil,nil ebrake=1.00 ibrake=1.00 hasABS=0 sy=4.10 split=1.000,0.875 ===
 53.69119|I|libbeamng.print:18052| === LSTM_OBS t=598 4.98430,4.74952,4.65032,4.96827,0.36711,4.10419,0.13155,-0.00318,0.00000,0.00000,0.00183,1.00000,0.00000,-0.00037,-0.00913,2116.63865,0.25000 ===
 53.70481|I|libbeamng.print:18052| === LSTM_TRACE t=600 v=4.93 ws=4.94,5.03,5.11,4.70 cmd=0.115,0.265,0.285,0.209 cap=365,822,537,425 des=365,822,470,372 app=352,801,456,358 abs=nil,nil,nil,nil ebrake=1.00 ibrake=1.00 hasABS=0 sy=3.91 split=1.000,0.875 ===
 53.70485|I|libbeamng.print:18052| === LSTM_OBS t=600 4.93655,5.02903,5.10890,4.69709,-0.41303,3.91350,-0.24720,-0.00999,0.00000,0.00000,0.00000,1.00000,0.00000,-0.00034,-0.00907,2097.93884,0.25000 ===
 53.71298|I|libbeamng.print:18052| === LSTM_TRACE t=602 v=4.89 ws=4.77,4.60,4.68,4.94 cmd=0.113,0.263,0.280,0.217 cap=349,818,547,394 des=349,818,479,344 app=336,797,464,332 abs=nil,nil,nil,nil ebrake=1.00 ibrake=1.00 hasABS=0 sy=3.91 split=1.000,0.875 ===
 53.71302|I|libbeamng.print:18052| === LSTM_OBS t=602 4.77378,4.60304,4.68236,4.93527,0.35508,3.90521,0.42544,-0.00230,0.00000,0.00000,0.00000,1.00000,0.00000,-0.00029,-0.00913,2079.38964,0.25000 ===
 53.72457|I|libbeamng.print:18052| === LSTM_TRACE t=604 v=4.85 ws=4.87,4.88,4.63,4.78 cmd=0.120,0.267,0.276,0.228 cap=361,807,535,443 des=361,807,468,388 app=348,787,454,374 abs=nil,nil,nil,nil ebrake=1.00 ibrake=1.00 hasABS=0 sy=4.02 split=1.000,0.875 ===
 53.72461|I|libbeamng.print:18052| === LSTM_OBS t=604 4.86975,4.87511,4.63105,4.78296,0.14251,4.02116,0.29749,-0.00249,0.00000,0.00000,0.00154,1.00000,0.00000,-0.00027,-0.00909,2061.27071,0.25000 ===
 53.73816|I|libbeamng.print:18052| === LSTM_TRACE t=606 v=4.82 ws=4.71,4.89,4.94,4.62 cmd=0.115,0.267,0.284,0.209 cap=367,829,549,426 des=367,829,480,373 app=353,808,466,359 abs=nil,nil,nil,nil ebrake=1.00 ibrake=1.00 hasABS=0 sy=3.62 split=1.000,0.875 ===
 53.73823|I|libbeamng.print:18052| === LSTM_OBS t=606 4.71108,4.88890,4.93768,4.62446,-0.17497,3.61848,-0.42566,-0.01190,0.00000,0.00000,0.00091,1.00000,0.00000,-0.00023,-0.00906,2042.37996,0.25000 ===
 53.74286|I|libbeamng.print:18052| === LSTM_TRACE t=608 v=4.76 ws=4.76,4.48,4.50,4.90 cmd=0.117,0.264,0.282,0.236 cap=354,831,550,424 des=354,831,481,371 app=341,810,467,357 abs=nil,nil,nil,nil ebrake=1.00 ibrake=1.00 hasABS=0 sy=4.33 split=1.000,0.875 ===
 53.74290|I|libbeamng.print:18052| === LSTM_OBS t=608 4.76014,4.47974,4.49693,4.90184,0.50511,4.32961,0.13406,0.00244,0.00000,0.00000,0.00146,1.00000,0.00000,-0.00021,-0.00909,2033.18116,0.25000 ===
 53.75650|I|libbeamng.print:18052| === LSTM_TRACE t=610 v=4.73 ws=4.78,4.86,4.68,4.58 cmd=0.124,0.275,0.283,0.234 cap=379,843,545,473 des=379,843,477,414 app=365,822,462,399 abs=nil,nil,nil,nil ebrake=1.00 ibrake=1.00 hasABS=0 sy=3.92 split=1.000,0.875 ===
 53.75653|I|libbeamng.print:18052| === LSTM_OBS t=610 4.77839,4.86110,4.67593,4.57645,-0.29003,3.91518,0.03634,-0.00866,0.00000,0.00000,0.00000,1.00000,0.00000,-0.00021,-0.00903,2014.87447,0.25000 ===
 53.76406|I|libbeamng.print:18052| === LSTM_TRACE t=612 v=4.69 ws=4.55,4.62,4.59,4.55 cmd=0.117,0.271,0.285,0.220 cap=369,841,561,428 des=369,841,491,374 app=355,820,476,361 abs=nil,nil,nil,nil ebrake=1.00 ibrake=1.00 hasABS=0 sy=3.92 split=1.000,0.875 ===
 53.76409|I|libbeamng.print:18052| === LSTM_OBS t=612 4.54680,4.61650,4.59290,4.54548,-0.13833,3.92276,-0.24520,-0.00745,0.00000,0.00000,0.00085,1.00000,0.00000,-0.00016,-0.00901,1995.85889,0.25000 ===
 53.77642|I|libbeamng.print:18052| === LSTM_TRACE t=614 v=4.64 ws=4.71,4.41,4.26,4.72 cmd=0.125,0.274,0.282,0.253 cap=368,839,550,460 des=368,839,481,403 app=354,818,467,388 abs=nil,nil,nil,nil ebrake=1.00 ibrake=1.00 hasABS=0 sy=4.30 split=1.000,0.875 ===
 53.77645|I|libbeamng.print:18052| === LSTM_OBS t=614 4.71026,4.41362,4.26414,4.71657,0.41404,4.30278,0.47826,-0.00091,0.00000,0.00000,0.00204,1.00000,0.00000,-0.00014,-0.00903,1977.40020,0.25000 ===
 53.78955|I|libbeamng.print:18052| === LSTM_TRACE t=616 v=4.61 ws=4.59,4.63,4.68,4.43 cmd=0.125,0.275,0.287,0.237 cap=395,858,548,485 des=395,858,479,424 app=380,836,465,409 abs=nil,nil,nil,nil ebrake=1.00 ibrake=1.00 hasABS=0 sy=3.95 split=1.000,0.875 ===
 53.78959|I|libbeamng.print:18052| === LSTM_OBS t=616 4.58922,4.62534,4.67739,4.43005,-0.42089,3.95117,-0.25359,-0.01983,0.00000,0.00000,0.00049,1.00000,0.00000,-0.00017,-0.00899,1959.36144,0.25000 ===
 53.79800|I|libbeamng.print:18052| === LSTM_TRACE t=618 v=4.57 ws=4.44,4.42,4.37,4.47 cmd=0.120,0.278,0.289,0.238 cap=372,854,565,443 des=372,854,494,388 app=358,832,479,374 abs=nil,nil,nil,nil ebrake=1.00 ibrake=1.00 hasABS=0 sy=4.21 split=1.000,0.875 ===
 53.79804|I|libbeamng.print:18052| === LSTM_OBS t=618 4.43888,4.41560,4.37427,4.47134,0.03093,4.21025,0.13476,-0.00422,0.00000,0.00000,0.00000,1.00000,0.00000,-0.00009,-0.00898,1940.47192,0.25000 ===
 53.80960|I|libbeamng.print:18052| === LSTM_TRACE t=620 v=4.52 ws=4.61,4.34,4.15,4.45 cmd=0.131,0.281,0.285,0.266 cap=386,860,561,505 des=386,860,491,442 app=372,838,476,426 abs=nil,nil,nil,nil ebrake=1.00 ibrake=1.00 hasABS=0 sy=4.18 split=1.000,0.875 ===
 53.80965|I|libbeamng.print:18052| === LSTM_OBS t=620 4.61311,4.34312,4.15137,4.44950,0.42302,4.18220,0.46269,-0.00346,0.00000,0.00000,0.00183,1.00000,0.00000,-0.00012,-0.00899,1922.28023,0.25000 ===
 53.82344|I|libbeamng.print:18052| === LSTM_TRACE t=622 v=4.48 ws=4.40,4.50,4.62,4.24 cmd=0.127,0.278,0.292,0.243 cap=411,877,554,498 des=411,877,485,436 app=395,854,470,420 abs=nil,nil,nil,nil ebrake=1.00 ibrake=1.00 hasABS=0 sy=4.13 split=1.000,0.875 ===
 53.82348|I|libbeamng.print:18052| === LSTM_OBS t=622 4.39825,4.50236,4.61654,4.23839,-0.54297,4.12705,-0.44315,-0.01767,0.00000,0.00000,0.00085,1.00000,0.00000,-0.00016,-0.00894,1904.18078,0.25000 ===
 53.83106|I|libbeamng.print:18052| === LSTM_TRACE t=624 v=4.44 ws=4.34,4.29,4.21,4.37 cmd=0.124,0.284,0.290,0.252 cap=378,861,569,460 des=378,861,498,402 app=363,839,483,388 abs=nil,nil,nil,nil ebrake=1.00 ibrake=1.00 hasABS=0 sy=4.33 split=1.000,0.875 ===
 53.83113|I|libbeamng.print:18052| === LSTM_OBS t=624 4.33808,4.29286,4.21094,4.37455,0.15956,4.32600,0.26448,-0.00259,0.00000,0.00000,0.00000,1.00000,0.00000,-0.00000,-0.00895,1885.24238,0.25000 ===
 53.84339|I|libbeamng.print:18052| === LSTM_TRACE t=626 v=4.40 ws=4.49,4.23,4.05,4.27 cmd=0.136,0.286,0.289,0.278 cap=403,886,568,538 des=403,886,497,470 app=388,863,482,453 abs=nil,nil,nil,nil ebrake=1.00 ibrake=1.00 hasABS=0 sy=4.20 split=1.000,0.875 ===
 53.84343|I|libbeamng.print:18052| === LSTM_OBS t=626 4.49073,4.22992,4.05184,4.27232,0.41507,4.20331,0.30649,-0.00304,0.00000,0.00000,0.00142,1.00000,0.00000,-0.00012,-0.00895,1867.04469,0.25000 ===
 53.85627|I|libbeamng.print:18052| === LSTM_TRACE t=628 v=4.36 ws=4.24,4.38,4.51,4.10 cmd=0.130,0.284,0.295,0.254 cap=422,890,561,516 des=422,890,491,452 app=405,867,476,435 abs=nil,nil,nil,nil ebrake=1.00 ibrake=1.00 hasABS=0 sy=4.21 split=1.000,0.875 ===
 53.85631|I|libbeamng.print:18052| === LSTM_OBS t=628 4.24098,4.37834,4.50551,4.10170,-0.54972,4.20582,-0.46507,-0.02076,0.00000,0.00000,0.00091,1.00000,0.00000,-0.00013,-0.00890,1848.90233,0.25000 ===
 53.86472|I|libbeamng.print:18052| === LSTM_TRACE t=630 v=4.31 ws=4.25,4.16,4.07,4.24 cmd=0.129,0.291,0.293,0.266 cap=390,882,578,488 des=390,882,505,427 app=374,859,490,412 abs=nil,nil,nil,nil ebrake=1.00 ibrake=1.00 hasABS=0 sy=4.41 split=1.000,0.875 ===
 53.86476|I|libbeamng.print:18052| === LSTM_OBS t=630 4.24608,4.16261,4.06709,4.24322,0.29746,4.40641,0.21666,-0.00266,0.00000,0.00000,0.00091,1.00000,0.00000,0.00009,-0.00893,1829.83468,0.25000 ===
 53.87965|I|libbeamng.print:18052| === LSTM_TRACE t=632 v=4.27 ws=4.37,4.10,3.91,4.20 cmd=0.140,0.291,0.292,0.292 cap=419,906,573,564 des=419,906,502,493 app=403,882,486,475 abs=nil,nil,nil,nil ebrake=1.00 ibrake=1.00 hasABS=0 sy=4.28 split=1.000,0.875 ===
 53.87970|I|libbeamng.print:18052| === LSTM_OBS t=632 4.36720,4.09539,3.91213,4.19705,0.38967,4.28297,0.26407,-0.00552,0.00000,0.00000,0.00124,1.00000,0.00000,-0.00010,-0.00892,1802.76531,0.25000 ===
 53.89140|I|libbeamng.print:18052| === LSTM_TRACE t=634 v=4.23 ws=4.11,4.25,4.36,4.02 cmd=0.135,0.290,0.298,0.270 cap=436,907,567,546 des=436,907,497,478 app=419,884,481,461 abs=nil,nil,nil,nil ebrake=1.00 ibrake=1.00 hasABS=0 sy=4.27 split=1.000,0.875 ===
 53.89144|I|libbeamng.print:18052| === LSTM_OBS t=634 4.10718,4.24800,4.35519,4.01742,-0.64196,4.26899,-0.47991,-0.02283,0.00000,0.00000,0.00085,1.00000,0.00000,-0.00008,-0.00889,1784.28369,0.25000 ===
 53.90486|I|libbeamng.print:18052| === LSTM_TRACE t=636 v=4.18 ws=4.10,4.01,3.99,4.07 cmd=0.132,0.297,0.299,0.279 cap=403,903,586,517 des=403,903,513,452 app=387,880,497,436 abs=nil,nil,nil,nil ebrake=1.00 ibrake=1.00 hasABS=0 sy=4.53 split=1.000,0.875 ===
 53.90489|I|libbeamng.print:18052| === LSTM_OBS t=636 4.10441,4.01300,3.99299,4.07268,0.22789,4.52893,0.14893,0.00101,0.00000,0.00000,0.00085,1.00000,0.00000,0.00018,-0.00892,1765.44150,0.25000 ===
 53.91327|I|libbeamng.print:18052| === LSTM_TRACE t=638 v=4.13 ws=4.26,3.90,3.80,4.18 cmd=0.146,0.298,0.297,0.311 cap=431,926,582,589 des=431,926,509,515 app=414,901,493,496 abs=nil,nil,nil,nil ebrake=1.00 ibrake=1.00 hasABS=0 sy=4.36 split=1.000,0.875 ===
 53.91332|I|libbeamng.print:18052| === LSTM_OBS t=638 4.25507,3.90482,3.80481,4.17958,0.53348,4.35803,0.46960,-0.00596,0.00000,0.00000,0.00134,1.00000,0.00000,-0.00005,-0.00893,1747.30975,0.25000 ===
 53.92510|I|libbeamng.print:18052| === LSTM_TRACE t=640 v=4.09 ws=3.98,4.28,4.15,3.91 cmd=0.142,0.296,0.301,0.285 cap=456,923,576,585 des=456,923,504,512 app=438,899,488,493 abs=nil,nil,nil,nil ebrake=1.00 ibrake=1.00 hasABS=0 sy=4.33 split=1.000,0.875 ===
 53.92515|I|libbeamng.print:18052| === LSTM_OBS t=640 3.97750,4.27597,4.15237,3.91442,-0.74253,4.33348,-0.58513,-0.02089,0.00000,0.00000,0.00069,1.00000,0.00000,-0.00004,-0.00891,1728.72303,0.25000 ===
 53.93809|I|libbeamng.print:18052| === LSTM_TRACE t=642 v=4.04 ws=3.96,3.89,4.07,3.88 cmd=0.135,0.304,0.306,0.289 cap=420,924,593,542 des=420,924,519,474 app=404,900,502,457 abs=nil,nil,nil,nil ebrake=1.00 ibrake=1.00 hasABS=0 sy=4.59 split=1.000,0.875 ===
 53.93818|I|libbeamng.print:18052| === LSTM_OBS t=642 3.95837,3.88841,4.06798,3.87853,0.06859,4.59219,-0.05003,0.00236,0.00000,0.00000,0.00000,1.00000,0.00000,0.00027,-0.00891,1709.42649,0.25000 ===
 53.94631|I|libbeamng.print:18052| === LSTM_TRACE t=644 v=4.00 ws=4.12,3.70,3.76,4.11 cmd=0.150,0.307,0.305,0.327 cap=440,954,591,602 des=440,954,517,526 app=423,928,501,507 abs=nil,nil,nil,nil ebrake=1.00 ibrake=1.00 hasABS=0 sy=4.48 split=1.000,0.875 ===
 53.94636|I|libbeamng.print:18052| === LSTM_OBS t=644 4.11528,3.69997,3.75534,4.10831,0.69035,4.47682,0.80290,-0.00462,0.00000,0.00000,0.00169,1.00000,0.00000,0.00007,-0.00894,1690.97209,0.25000 ===
 53.95804|I|libbeamng.print:18052| === LSTM_TRACE t=646 v=3.96 ws=3.82,4.15,3.85,3.74 cmd=0.149,0.301,0.301,0.303 cap=473,936,588,626 des=473,936,514,548 app=455,912,498,528 abs=nil,nil,nil,nil ebrake=1.00 ibrake=1.00 hasABS=0 sy=4.25 split=1.000,0.875 ===
 53.95809|I|libbeamng.print:18052| === LSTM_OBS t=646 3.82258,4.15431,3.85209,3.74316,-0.67181,4.25084,-0.47289,-0.02501,0.00000,0.00000,0.00049,1.00000,0.00000,-0.00000,-0.00897,1672.53825,0.25000 ===
 53.97190|I|libbeamng.print:18052| === LSTM_TRACE t=648 v=3.90 ws=3.77,3.83,4.07,3.71 cmd=0.140,0.308,0.311,0.301 cap=441,937,595,572 des=441,937,521,501 app=424,912,505,483 abs=nil,nil,nil,nil ebrake=1.00 ibrake=1.00 hasABS=0 sy=4.71 split=1.000,0.875 ===
 53.97196|I|libbeamng.print:18052| === LSTM_OBS t=648 3.76653,3.83399,4.06714,3.71326,-0.08544,4.70581,-0.23188,0.00294,0.00000,0.00000,0.00000,1.00000,0.00000,0.00035,-0.00891,1652.88937,0.25000 ===
 53.97961|I|libbeamng.print:18052| === LSTM_TRACE t=650 v=3.86 ws=3.90,3.58,3.61,3.93 cmd=0.153,0.315,0.311,0.338 cap=446,973,604,616 des=446,973,529,539 app=429,948,512,520 abs=nil,nil,nil,nil ebrake=1.00 ibrake=1.00 hasABS=0 sy=4.65 split=1.000,0.875 ===
 53.97966|I|libbeamng.print:18052| === LSTM_OBS t=650 3.90179,3.58282,3.60903,3.92524,0.84961,4.65302,0.89144,-0.00439,0.00000,0.00000,0.00189,1.00000,0.00000,0.00024,-0.00896,1633.95800,0.25000 ===
 53.99208|I|libbeamng.print:18052| === LSTM_TRACE t=652 v=3.82 ws=3.73,3.73,3.53,3.63 cmd=0.158,0.304,0.307,0.333 cap=495,959,603,673 des=495,959,527,589 app=476,933,511,568 abs=nil,nil,nil,nil ebrake=1.00 ibrake=1.00 hasABS=0 sy=4.49 split=1.000,0.875 ===
 53.99212|I|libbeamng.print:18052| === LSTM_OBS t=652 3.72702,3.73068,3.52579,3.62786,-0.57407,4.49409,-0.12748,-0.01859,0.00000,0.00000,0.00049,1.00000,0.00000,-0.00001,-0.00903,1615.38344,0.25000 ===
 54.00482|I|libbeamng.print:18052| === LSTM_TRACE t=654 v=3.76 ws=3.66,3.78,3.94,3.57 cmd=0.147,0.312,0.311,0.310 cap=472,948,593,605 des=472,948,519,529 app=453,923,503,510 abs=nil,nil,nil,nil ebrake=1.00 ibrake=1.00 hasABS=0 sy=4.86 split=1.000,0.875 ===
 54.00487|I|libbeamng.print:18052| === LSTM_OBS t=654 3.65759,3.78306,3.93942,3.56691,-0.55010,4.86126,-0.55434,-0.00526,0.00000,0.00000,0.00085,1.00000,0.00000,0.00042,-0.00894,1595.67300,0.25000 ===
 54.01287|I|libbeamng.print:18052| === LSTM_TRACE t=656 v=3.72 ws=3.71,3.50,3.61,3.57 cmd=0.152,0.323,0.316,0.338 cap=453,990,616,627 des=453,990,539,549 app=435,964,522,529 abs=nil,nil,nil,nil ebrake=1.00 ibrake=1.00 hasABS=0 sy=4.64 split=1.000,0.875 ===
 54.01291|I|libbeamng.print:18052| === LSTM_OBS t=656 3.71137,3.49746,3.61297,3.56949,0.99388,4.64115,0.61760,-0.00398,0.00000,0.00000,0.00091,1.00000,0.00000,0.00049,-0.00900,1575.96565,0.25000 ===
 54.02605|I|libbeamng.print:18052| === LSTM_TRACE t=658 v=3.68 ws=3.77,3.38,3.42,3.76 cmd=0.166,0.312,0.315,0.360 cap=503,999,615,696 des=503,999,538,609 app=483,972,521,587 abs=nil,nil,nil,nil ebrake=1.00 ibrake=1.00 hasABS=0 sy=4.51 split=1.000,0.875 ===
 54.02609|I|libbeamng.print:18052| === LSTM_OBS t=658 3.76654,3.38042,3.41591,3.76301,0.11542,4.51200,0.46501,-0.01077,0.00000,0.00000,0.00189,1.00000,0.00000,0.00003,-0.00907,1556.84013,0.25000 ===
 54.03801|I|libbeamng.print:18052| === LSTM_TRACE t=660 v=3.63 ws=3.47,3.89,3.54,3.42 cmd=0.155,0.313,0.308,0.324 cap=501,949,604,665 des=501,949,528,582 app=481,923,512,561 abs=nil,nil,nil,nil ebrake=1.00 ibrake=1.00 hasABS=0 sy=4.69 split=1.000,0.875 ===
 54.03810|I|libbeamng.print:18052| === LSTM_OBS t=660 3.47404,3.89128,3.54170,3.42139,-0.57114,4.68709,-1.06503,-0.01423,0.00000,0.00000,0.00069,1.00000,0.00000,0.00039,-0.00902,1537.48884,0.25000 ===
 54.04673|I|libbeamng.print:18052| === LSTM_TRACE t=662 v=3.57 ws=3.48,3.41,3.73,3.38 cmd=0.153,0.330,0.324,0.344 cap=474,1008,614,643 des=474,1008,537,562 app=455,981,520,542 abs=nil,nil,nil,nil ebrake=1.00 ibrake=1.00 hasABS=0 sy=4.90 split=1.000,0.875 ===
 54.04677|I|libbeamng.print:18052| === LSTM_OBS t=662 3.47940,3.41287,3.72876,3.38088,0.35208,4.90138,0.26232,0.00057,0.00000,0.00000,0.00049,1.00000,0.00000,0.00072,-0.00898,1517.12622,0.25000 ===
 54.05814|I|libbeamng.print:18052| === LSTM_TRACE t=664 v=3.53 ws=3.55,3.35,3.29,3.53 cmd=0.168,0.328,0.322,0.372 cap=491,1019,629,690 des=491,1019,550,604 app=472,992,533,582 abs=nil,nil,nil,nil ebrake=1.00 ibrake=1.00 hasABS=0 sy=4.67 split=1.000,0.875 ===
 54.05818|I|libbeamng.print:18052| === LSTM_OBS t=664 3.54711,3.34533,3.29495,3.53370,0.83905,4.66894,1.13169,-0.01140,0.00000,0.00000,0.00249,1.00000,0.00000,0.00030,-0.00909,1497.44579,0.25000 ===
 54.07201|I|libbeamng.print:18052| === LSTM_TRACE t=666 v=3.48 ws=3.38,3.34,3.17,3.48 cmd=0.167,0.309,0.316,0.360 cap=535,983,627,730 des=535,983,548,639 app=513,957,531,616 abs=nil,nil,nil,nil ebrake=1.00 ibrake=1.00 hasABS=0 sy=4.78 split=1.000,0.875 ===
 54.07204|I|libbeamng.print:18052| === LSTM_OBS t=666 3.38126,3.33761,3.16769,3.47794,-0.86049,4.77636,-0.89833,-0.01132,0.00000,0.00000,0.00115,1.00000,0.00000,0.00018,-0.00913,1477.89153,0.25000 ===
 54.07971|I|libbeamng.print:18052| === LSTM_TRACE t=668 v=3.43 ws=3.27,3.72,3.50,3.32 cmd=0.162,0.335,0.319,0.352 cap=504,992,603,669 des=504,992,527,586 app=484,966,511,565 abs=nil,nil,nil,nil ebrake=1.00 ibrake=1.00 hasABS=0 sy=5.02 split=1.000,0.875 ===
 54.07975|I|libbeamng.print:18052| === LSTM_OBS t=668 3.27397,3.71727,3.50338,3.32090,-0.42484,5.02324,0.06645,-0.00936,0.00000,0.00000,0.00091,1.00000,0.00000,0.00071,-0.00902,1458.19900,0.25000 ===
 54.09206|I|libbeamng.print:18052| === LSTM_TRACE t=670 v=3.39 ws=3.30,3.09,3.47,3.10 cmd=0.164,0.335,0.329,0.366 cap=502,1046,636,700 des=502,1046,557,613 app=482,1018,539,591 abs=nil,nil,nil,nil ebrake=1.00 ibrake=1.00 hasABS=0 sy=4.63 split=1.000,0.875 ===
 54.09209|I|libbeamng.print:18052| === LSTM_OBS t=670 3.29736,3.08869,3.47063,3.09747,1.04861,4.62886,0.40419,-0.00749,0.00000,0.00000,0.00000,1.00000,0.00000,0.00068,-0.00908,1437.86669,0.25000 ===
 54.10518|I|libbeamng.print:18052| === LSTM_TRACE t=672 v=3.33 ws=3.40,3.17,3.15,3.39 cmd=0.176,0.327,0.330,0.388 cap=526,1030,639,733 des=526,1030,560,641 app=505,1002,542,618 abs=nil,nil,nil,nil ebrake=1.00 ibrake=1.00 hasABS=0 sy=4.95 split=1.000,0.875 ===
 54.10523|I|libbeamng.print:18052| === LSTM_OBS t=672 3.40291,3.17071,3.15190,3.38937,-0.20242,4.95216,0.67966,-0.00897,0.00000,0.00000,0.00289,1.00000,0.00000,0.00023,-0.00910,1417.82294,0.25000 ===
 54.11370|I|libbeamng.print:18052| === LSTM_TRACE t=674 v=3.29 ws=3.13,3.22,2.97,3.28 cmd=0.172,0.321,0.318,0.373 cap=547,991,629,745 des=547,991,551,652 app=525,964,533,629 abs=nil,nil,nil,nil ebrake=1.00 ibrake=1.00 hasABS=0 sy=4.83 split=1.000,0.875 ===
 54.11376|I|libbeamng.print:18052| === LSTM_OBS t=674 3.12941,3.21942,2.97417,3.28336,-0.36535,4.83473,-0.74495,-0.01240,0.00000,0.00000,0.00049,1.00000,0.00000,0.00044,-0.00915,1397.81665,0.25000 ===
 54.12562|I|libbeamng.print:18052| === LSTM_TRACE t=676 v=3.23 ws=3.10,3.49,3.30,3.11 cmd=0.169,0.344,0.326,0.370 cap=527,1034,617,713 des=527,1034,540,624 app=506,1006,523,602 abs=nil,nil,nil,nil ebrake=1.00 ibrake=1.00 hasABS=0 sy=4.95 split=1.000,0.875 ===
 54.12566|I|libbeamng.print:18052| === LSTM_OBS t=676 3.09998,3.49460,3.29579,3.10652,-0.11923,4.95321,-0.01027,-0.00721,0.00000,0.00000,0.00091,1.00000,0.00000,0.00085,-0.00910,1377.27612,0.25000 ===
 54.13862|I|libbeamng.print:18052| === LSTM_TRACE t=678 v=3.19 ws=3.09,2.82,3.30,2.88 cmd=0.170,0.340,0.334,0.382 cap=522,1064,646,734 des=522,1064,565,642 app=502,1036,547,619 abs=nil,nil,nil,nil ebrake=1.00 ibrake=1.00 hasABS=0 sy=4.78 split=1.000,0.875 ===
 54.13868|I|libbeamng.print:18052| === LSTM_OBS t=678 3.09453,2.82126,3.30407,2.87559,0.95240,4.78083,0.34861,-0.00552,0.00000,0.00000,0.00000,1.00000,0.00000,0.00073,-0.00906,1356.22016,0.25000 ===
 54.14706|I|libbeamng.print:18052| === LSTM_TRACE t=680 v=3.13 ws=3.22,3.05,2.95,3.16 cmd=0.184,0.338,0.336,0.405 cap=544,1050,653,766 des=544,1050,571,670 app=522,1022,553,646 abs=nil,nil,nil,nil ebrake=1.00 ibrake=1.00 hasABS=0 sy=5.03 split=1.000,0.875 ===
 54.14710|I|libbeamng.print:18052| === LSTM_OBS t=680 3.22413,3.05161,2.95195,3.15744,-0.40587,5.02637,0.75763,-0.00653,0.00000,0.00000,0.00305,1.00000,0.00000,0.00030,-0.00914,1335.37236,0.25000 ===
 54.15862|I|libbeamng.print:18052| === LSTM_TRACE t=682 v=3.09 ws=2.95,2.97,2.76,3.17 cmd=0.180,0.328,0.325,0.392 cap=573,1022,642,779 des=573,1022,562,681 app=550,994,544,657 abs=nil,nil,nil,nil ebrake=1.00 ibrake=1.00 hasABS=0 sy=4.90 split=1.000,0.875 ===
 54.15866|I|libbeamng.print:18052| === LSTM_OBS t=682 2.94935,2.97379,2.76304,3.16926,-0.13200,4.90041,-0.68195,-0.01106,0.00000,0.00000,0.00069,1.00000,0.00000,0.00055,-0.00923,1314.60044,0.25000 ===
 54.17172|I|libbeamng.print:18052| === LSTM_TRACE t=684 v=3.03 ws=2.84,3.30,3.01,2.84 cmd=0.175,0.351,0.329,0.385 cap=545,1045,628,745 des=545,1045,550,652 app=523,1017,532,629 abs=nil,nil,nil,nil ebrake=1.00 ibrake=1.00 hasABS=0 sy=5.08 split=1.000,0.875 ===
 54.17176|I|libbeamng.print:18052| === LSTM_OBS t=684 2.83786,3.30035,3.00577,2.83853,-0.21421,5.08172,-0.14479,-0.00797,0.00000,0.00000,0.00085,1.00000,0.00000,0.00095,-0.00910,1293.63262,0.25000 ===
 54.18065|I|libbeamng.print:18052| === LSTM_TRACE t=686 v=2.98 ws=2.88,2.60,3.14,2.66 cmd=0.177,0.352,0.342,0.400 cap=547,1107,654,762 des=547,1107,572,667 app=525,1077,554,643 abs=nil,nil,nil,nil ebrake=1.00 ibrake=1.00 hasABS=0 sy=5.14 split=1.000,0.875 ===
 54.18069|I|libbeamng.print:18052| === LSTM_OBS t=686 2.88064,2.60007,3.13934,2.65697,0.72157,5.13538,0.35065,-0.00727,0.00000,0.00000,0.00085,1.00000,0.00000,0.00095,-0.00899,1271.99313,0.25000 ===
 54.19178|I|libbeamng.print:18052| === LSTM_TRACE t=688 v=2.93 ws=2.95,2.72,2.84,2.81 cmd=0.190,0.349,0.344,0.420 cap=561,1083,667,791 des=561,1083,584,692 app=539,1053,565,668 abs=nil,nil,nil,nil ebrake=1.00 ibrake=1.00 hasABS=0 sy=4.98 split=1.000,0.875 ===
 54.19182|I|libbeamng.print:18052| === LSTM_OBS t=688 2.94984,2.72303,2.84440,2.80733,-0.02590,4.97621,1.17244,-0.00661,0.00000,0.00000,0.00329,1.00000,0.00000,0.00046,-0.00917,1250.55364,0.25000 ===
 54.20534|I|libbeamng.print:18052| === LSTM_TRACE t=690 v=2.88 ws=2.96,2.74,2.57,3.04 cmd=0.190,0.334,0.333,0.410 cap=602,1052,662,814 des=602,1052,579,713 app=577,1024,561,687 abs=nil,nil,nil,nil ebrake=1.00 ibrake=1.00 hasABS=0 sy=5.13 split=1.000,0.875 ===
 54.20539|I|libbeamng.print:18052| === LSTM_OBS t=690 2.96241,2.73857,2.56583,3.03669,-0.19945,5.12586,-0.76442,-0.00818,0.00000,0.00000,0.00142,1.00000,0.00000,0.00060,-0.00928,1229.23118,0.25000 ===
 54.21342|I|libbeamng.print:18052| === LSTM_TRACE t=692 v=2.83 ws=2.61,2.96,2.63,2.74 cmd=0.181,0.355,0.331,0.401 cap=568,1051,643,788 des=568,1051,562,689 app=545,1022,544,665 abs=nil,nil,nil,nil ebrake=1.00 ibrake=1.00 hasABS=0 sy=4.94 split=1.000,0.875 ===
 54.21346|I|libbeamng.print:18052| === LSTM_OBS t=692 2.60754,2.95780,2.62713,2.74213,-0.30113,4.93531,-0.63609,-0.01154,0.00000,0.00000,0.00049,1.00000,0.00000,0.00106,-0.00907,1207.91206,0.25000 ===
 54.22524|I|libbeamng.print:18052| === LSTM_TRACE t=694 v=2.77 ws=2.84,2.78,2.91,2.52 cmd=0.187,0.370,0.347,0.414 cap=571,1148,656,793 des=571,1148,574,694 app=548,1116,556,669 abs=nil,nil,nil,nil ebrake=1.00 ibrake=1.00 hasABS=0 sy=5.30 split=1.000,0.875 ===
 54.22528|I|libbeamng.print:18052| === LSTM_OBS t=694 2.84324,2.77563,2.90921,2.52241,0.23527,5.30382,0.33645,-0.00739,0.00000,0.00000,0.00189,1.00000,0.00000,0.00126,-0.00897,1186.30028,0.25000 ===
 54.23837|I|libbeamng.print:18052| === LSTM_TRACE t=696 v=2.73 ws=2.64,2.24,2.90,2.45 cmd=0.189,0.356,0.353,0.427 cap=575,1114,683,814 des=575,1114,598,712 app=551,1083,578,687 abs=nil,nil,nil,nil ebrake=1.00 ibrake=1.00 hasABS=0 sy=4.92 split=1.000,0.875 ===
 54.23841|I|libbeamng.print:18052| === LSTM_OBS t=696 2.63609,2.23850,2.90448,2.45005,0.69530,4.91635,0.87762,-0.00547,0.00000,0.00000,0.00154,1.00000,0.00000,0.00083,-0.00908,1164.43187,0.25000 ===
 54.24706|I|libbeamng.print:18052| === LSTM_TRACE t=698 v=2.66 ws=2.77,2.80,2.35,2.68 cmd=0.202,0.350,0.349,0.437 cap=608,1094,689,849 des=608,1094,603,743 app=584,1064,584,716 abs=nil,nil,nil,nil ebrake=1.00 ibrake=1.00 hasABS=0 sy=5.49 split=1.000,0.875 ===
 54.24710|I|libbeamng.print:18052| === LSTM_OBS t=698 2.76922,2.79742,2.34601,2.67609,-0.77561,5.48908,0.04971,-0.00810,0.00000,0.00000,0.00338,1.00000,0.00000,0.00061,-0.00920,1143.03272,0.25000 ===
 54.25810|I|libbeamng.print:18052| === LSTM_TRACE t=700 v=2.62 ws=2.56,2.47,2.39,2.84 cmd=0.196,0.352,0.340,0.429 cap=624,1085,663,837 des=624,1085,580,732 app=599,1055,562,706 abs=nil,nil,nil,nil ebrake=1.00 ibrake=1.00 hasABS=0 sy=5.22 split=1.000,0.875 ===
 54.25814|I|libbeamng.print:18052| === LSTM_OBS t=700 2.56471,2.46647,2.39037,2.84248,-0.16474,5.21960,-0.64901,-0.00462,0.00000,0.00000,0.00000,1.00000,0.00000,0.00094,-0.00919,1121.38487,0.25000 ===
 54.27200|I|libbeamng.print:18052| === LSTM_TRACE t=702 v=2.56 ws=2.38,2.66,2.44,2.36 cmd=0.192,0.374,0.344,0.428 cap=589,1116,661,825 des=589,1116,579,722 app=566,1085,560,696 abs=nil,nil,nil,nil ebrake=1.00 ibrake=1.00 hasABS=0 sy=5.27 split=1.000,0.875 ===
 54.27204|I|libbeamng.print:18052| === LSTM_OBS t=702 2.37587,2.66249,2.44240,2.36380,0.10969,5.27265,0.05814,-0.00885,0.00000,0.00000,0.00069,1.00000,0.00000,0.00144,-0.00893,1099.91353,0.25000 ===
 54.27967|I|libbeamng.print:18052| === LSTM_TRACE t=704 v=2.51 ws=2.59,2.38,2.70,2.24 cmd=0.197,0.379,0.359,0.437 cap=605,1181,685,843 des=605,1181,600,737 app=581,1148,580,711 abs=nil,nil,nil,nil ebrake=1.00 ibrake=1.00 hasABS=0 sy=5.41 split=1.000,0.875 ===
 54.27971|I|libbeamng.print:18052| === LSTM_OBS t=704 2.59252,2.38252,2.69664,2.23676,0.36367,5.40616,0.22124,-0.00517,0.00000,0.00000,0.00256,1.00000,0.00000,0.00151,-0.00888,1078.20710,0.25000 ===
 54.29183|I|libbeamng.print:18052| === LSTM_TRACE t=706 v=2.46 ws=2.33,2.05,2.57,2.22 cmd=0.202,0.366,0.365,0.455 cap=614,1153,706,870 des=614,1153,618,762 app=589,1121,598,734 abs=nil,nil,nil,nil ebrake=1.00 ibrake=1.00 hasABS=0 sy=5.28 split=1.000,0.875 ===
 54.29187|I|libbeamng.print:18052| === LSTM_OBS t=706 2.32553,2.04567,2.57329,2.22274,0.31501,5.27620,0.86337,-0.00640,0.00000,0.00000,0.00229,1.00000,0.00000,0.00099,-0.00911,1056.12882,0.25000 ===
 54.30517|I|libbeamng.print:18052| === LSTM_TRACE t=708 v=2.39 ws=2.46,2.63,2.13,2.38 cmd=0.212,0.360,0.359,0.455 cap=649,1131,708,897 des=649,1131,620,784 app=623,1099,600,756 abs=nil,nil,nil,nil ebrake=1.00 ibrake=1.00 hasABS=0 sy=5.65 split=1.000,0.875 ===
 54.30520|I|libbeamng.print:18052| === LSTM_OBS t=708 2.46170,2.62911,2.12992,2.37765,-0.40317,5.64759,-0.17965,-0.01035,0.00000,0.00000,0.00278,1.00000,0.00000,0.00077,-0.00923,1034.45657,0.25000 ===
 54.31337|I|libbeamng.print:18052| === LSTM_TRACE t=710 v=2.35 ws=2.29,2.29,2.11,2.60 cmd=0.206,0.369,0.349,0.449 cap=650,1123,684,876 des=650,1123,599,767 app=624,1091,579,739 abs=nil,nil,nil,nil ebrake=1.00 ibrake=1.00 hasABS=0 sy=5.21 split=1.000,0.875 ===
 54.31341|I|libbeamng.print:18052| === LSTM_OBS t=710 2.29351,2.28983,2.10642,2.59591,-0.19178,5.20728,-0.67141,-0.00419,0.00000,0.00000,0.00000,1.00000,0.00000,0.00115,-0.00912,1012.27600,0.25000 ===
 54.32486|I|libbeamng.print:18052| === LSTM_TRACE t=712 v=2.29 ws=2.16,2.13,2.22,2.21 cmd=0.199,0.382,0.356,0.450 cap=622,1162,684,875 des=622,1162,599,766 app=596,1129,579,738 abs=nil,nil,nil,nil ebrake=1.00 ibrake=1.00 hasABS=0 sy=5.53 split=1.000,0.875 ===
 54.32489|I|libbeamng.print:18052| === LSTM_OBS t=712 2.15592,2.13417,2.22326,2.20501,-0.03072,5.52881,-0.41500,-0.00312,0.00000,0.00000,0.00000,1.00000,0.00000,0.00166,-0.00880,990.17200,0.25000 ===
 54.33890|I|libbeamng.print:18052| === LSTM_TRACE t=714 v=2.23 ws=2.32,2.21,2.27,1.89 cmd=0.209,0.395,0.367,0.462 cap=633,1221,699,890 des=633,1221,611,778 app=607,1187,592,750 abs=nil,nil,nil,nil ebrake=1.00 ibrake=1.00 hasABS=0 sy=5.68 split=1.000,0.875 ===
 54.33895|I|libbeamng.print:18052| === LSTM_OBS t=714 2.31881,2.20902,2.26578,1.88965,-0.01075,5.67754,0.39861,0.00033,0.00000,0.00000,0.00285,1.00000,0.00000,0.00172,-0.00892,968.37644,0.25000 ===
 54.34651|I|libbeamng.print:18052| === LSTM_TRACE t=716 v=2.17 ws=2.14,2.00,2.37,2.10 cmd=0.212,0.383,0.376,0.477 cap=651,1207,724,907 des=651,1207,634,794 app=624,1173,613,765 abs=nil,nil,nil,nil ebrake=1.00 ibrake=1.00 hasABS=0 sy=5.63 split=1.000,0.875 ===
 54.34655|I|libbeamng.print:18052| === LSTM_OBS t=716 2.13629,1.99751,2.36630,2.09818,0.44172,5.62628,0.81523,-0.00899,0.00000,0.00000,0.00000,1.00000,0.00000,0.00139,-0.00908,945.80541,0.25000 ===
 54.35866|I|libbeamng.print:18052| === LSTM_TRACE t=718 v=2.12 ws=2.02,2.13,2.00,2.05 cmd=0.218,0.376,0.371,0.480 cap=665,1167,730,934 des=665,1167,639,817 app=638,1134,618,788 abs=nil,nil,nil,nil ebrake=1.00 ibrake=1.00 hasABS=0 sy=5.47 split=1.000,0.875 ===
 54.35869|I|libbeamng.print:18052| === LSTM_OBS t=718 2.01985,2.12842,2.00204,2.05030,-0.07666,5.46904,0.23715,-0.01604,0.00000,0.00000,0.00261,1.00000,0.00000,0.00086,-0.00920,923.50752,0.25000 ===
 54.37160|I|libbeamng.print:18052| === LSTM_TRACE t=720 v=2.06 ws=2.04,2.12,1.81,2.07 cmd=0.222,0.382,0.366,0.478 cap=684,1174,714,927 des=684,1174,625,811 app=656,1141,605,782 abs=nil,nil,nil,nil ebrake=1.00 ibrake=1.00 hasABS=0 sy=5.60 split=1.000,0.875 ===
 54.37164|I|libbeamng.print:18052| === LSTM_OBS t=720 2.04195,2.12243,1.81470,2.07407,-0.55872,5.60248,-0.05743,-0.00758,0.00000,0.00000,0.00000,1.00000,0.00000,0.00109,-0.00915,901.32268,0.25000 ===
 54.38067|I|libbeamng.print:18052| === LSTM_TRACE t=722 v=2.00 ws=2.04,1.91,1.90,2.15 cmd=0.216,0.387,0.366,0.475 cap=682,1194,710,930 des=682,1194,622,814 app=654,1161,601,785 abs=nil,nil,nil,nil ebrake=1.00 ibrake=1.00 hasABS=0 sy=5.71 split=1.000,0.875 ===
 54.38071|I|libbeamng.print:18052| === LSTM_OBS t=722 2.04324,1.90967,1.89635,2.15320,0.05431,5.70677,-0.57358,-0.00658,0.00000,0.00000,0.00000,1.00000,0.00000,0.00147,-0.00896,878.48801,0.25000 ===
 54.39192|I|libbeamng.print:18052| === LSTM_TRACE t=724 v=1.94 ws=1.89,1.72,1.98,1.77 cmd=0.209,0.400,0.372,0.476 cap=650,1210,718,919 des=650,1210,628,804 app=623,1176,608,775 abs=nil,nil,nil,nil ebrake=1.00 ibrake=1.00 hasABS=0 sy=5.78 split=1.000,0.875 ===
 54.39196|I|libbeamng.print:18052| === LSTM_OBS t=724 1.89217,1.72442,1.97649,1.77150,0.36820,5.77923,-0.22615,0.00223,0.00000,0.00000,0.00000,1.00000,0.00000,0.00158,-0.00898,855.80126,0.25000 ===
 54.40548|I|libbeamng.print:18052| === LSTM_TRACE t=726 v=1.89 ws=1.82,1.88,1.81,1.63 cmd=0.223,0.408,0.381,0.492 cap=671,1269,731,949 des=671,1269,639,830 app=643,1233,619,800 abs=nil,nil,nil,nil ebrake=1.00 ibrake=1.00 hasABS=0 sy=5.70 split=1.000,0.875 ===
 54.40552|I|libbeamng.print:18052| === LSTM_OBS t=726 1.81860,1.87570,1.80834,1.63370,0.02519,5.70491,0.54672,-0.00088,0.00000,0.00000,0.00221,1.00000,0.00000,0.00156,-0.00912,833.16981,0.25000 ===
 54.41331|I|libbeamng.print:18052| === LSTM_TRACE t=728 v=1.83 ws=1.87,1.90,1.93,1.70 cmd=0.224,0.402,0.383,0.492 cap=690,1242,745,952 des=690,1242,652,833 app=662,1206,630,803 abs=nil,nil,nil,nil ebrake=1.00 ibrake=1.00 hasABS=0 sy=5.67 split=1.000,0.875 ===
 54.41335|I|libbeamng.print:18052| === LSTM_OBS t=728 1.87149,1.90145,1.93058,1.70160,0.31536,5.67301,0.09384,-0.01158,0.00000,0.00000,0.00115,1.00000,0.00000,0.00149,-0.00921,810.18873,0.25000 ===
 54.42513|I|libbeamng.print:18052| === LSTM_TRACE t=730 v=1.78 ws=1.62,1.72,1.68,1.82 cmd=0.230,0.402,0.384,0.504 cap=709,1253,745,968 des=709,1253,652,847 app=679,1218,631,816 abs=nil,nil,nil,nil ebrake=1.00 ibrake=1.00 hasABS=0 sy=5.53 split=1.000,0.875 ===
 54.42518|I|libbeamng.print:18052| === LSTM_OBS t=730 1.61642,1.71727,1.67989,1.82061,-0.21729,5.53086,0.42333,-0.01961,0.00000,0.00000,0.00000,1.00000,0.00000,0.00114,-0.00924,786.57363,0.25000 ===
 54.43843|I|libbeamng.print:18052| === LSTM_TRACE t=732 v=1.72 ws=1.62,1.46,1.60,1.56 cmd=0.228,0.396,0.384,0.502 cap=712,1231,745,981 des=712,1231,652,859 app=682,1196,631,828 abs=nil,nil,nil,nil ebrake=1.00 ibrake=1.00 hasABS=0 sy=5.67 split=1.000,0.875 ===
 54.43847|I|libbeamng.print:18052| === LSTM_OBS t=732 1.61524,1.45912,1.60487,1.56491,-0.24129,5.66561,-0.00873,-0.01022,0.00000,0.00000,0.00204,1.00000,0.00000,0.00105,-0.00926,768.09762,0.25000 ===
 54.44700|I|libbeamng.print:18052| === LSTM_TRACE t=734 v=1.66 ws=1.74,1.63,1.60,1.49 cmd=0.228,0.406,0.386,0.496 cap=706,1241,748,969 des=706,1241,655,848 app=677,1206,633,817 abs=nil,nil,nil,nil ebrake=1.00 ibrake=1.00 hasABS=0 sy=5.89 split=1.000,0.875 ===
 54.44704|I|libbeamng.print:18052| === LSTM_OBS t=734 1.74211,1.63380,1.60400,1.48623,-0.39124,5.89070,-0.27954,-0.00610,0.00000,0.00000,0.00000,1.00000,0.00000,0.00119,-0.00927,756.01770,0.25000 ===
 54.45840|I|libbeamng.print:18052| === LSTM_TRACE t=736 v=1.60 ws=1.64,1.69,1.50,1.68 cmd=0.229,0.414,0.386,0.501 cap=710,1275,748,967 des=710,1275,654,847 app=681,1238,633,816 abs=nil,nil,nil,nil ebrake=1.00 ibrake=1.00 hasABS=0 sy=5.94 split=1.000,0.875 ===
 54.45844|I|libbeamng.print:18052| === LSTM_OBS t=736 1.64245,1.68985,1.50371,1.67915,0.55903,5.94447,-0.17274,0.00615,0.00000,0.00000,0.00104,1.00000,0.00000,0.00123,-0.00935,747.90478,0.25000 ===
 54.47274|I|libbeamng.print:18052| === LSTM_TRACE t=738 v=1.54 ws=1.40,1.39,1.62,1.46 cmd=0.225,0.419,0.394,0.505 cap=706,1292,757,974 des=706,1292,662,852 app=677,1255,640,821 abs=nil,nil,nil,nil ebrake=1.00 ibrake=1.00 hasABS=0 sy=5.83 split=1.000,0.875 ===
 54.47281|I|libbeamng.print:18052| === LSTM_OBS t=738 1.39594,1.38617,1.62379,1.45921,0.16553,5.83482,-0.10122,0.00411,0.00000,0.00000,0.00154,1.00000,0.00000,0.00135,-0.00936,742.63439,0.25000 ===
 54.48065|I|libbeamng.print:18052| === LSTM_TRACE t=740 v=1.49 ws=1.20,1.24,1.44,1.48 cmd=0.227,0.426,0.396,0.511 cap=698,1308,769,988 des=698,1308,673,864 app=669,1270,651,833 abs=nil,nil,nil,nil ebrake=1.00 ibrake=1.00 hasABS=0 sy=5.48 split=1.000,0.875 ===
 54.48069|I|libbeamng.print:18052| === LSTM_OBS t=740 1.19804,1.23705,1.44204,1.48282,-0.26007,5.47722,-0.21099,-0.00026,0.00000,0.00000,0.00270,1.00000,0.00000,0.00163,-0.00939,739.02551,0.25000 ===
 54.49203|I|libbeamng.print:18052| === LSTM_TRACE t=742 v=1.43 ws=1.48,1.51,1.31,1.33 cmd=0.241,0.438,0.398,0.518 cap=720,1338,770,997 des=720,1338,674,872 app=690,1299,651,840 abs=nil,nil,nil,nil ebrake=1.00 ibrake=1.00 hasABS=0 sy=5.78 split=1.000,0.875 ===
 54.49208|I|libbeamng.print:18052| === LSTM_OBS t=742 1.47775,1.50941,1.30729,1.33015,0.40863,5.77975,0.25731,-0.00108,0.00000,0.00000,0.00289,1.00000,0.00000,0.00174,-0.00937,736.61960,0.25000 ===
 54.50537|I|libbeamng.print:18052| === LSTM_TRACE t=744 v=1.38 ws=1.55,1.41,1.39,1.20 cmd=0.250,0.437,0.404,0.519 cap=768,1366,779,1008 des=768,1366,681,882 app=736,1327,659,850 abs=nil,nil,nil,nil ebrake=1.00 ibrake=1.00 hasABS=0 sy=5.30 split=1.000,0.875 ===
 54.50542|I|libbeamng.print:18052| === LSTM_OBS t=744 1.55252,1.41021,1.39332,1.19752,0.18115,5.29526,0.43197,-0.01370,0.00000,0.00000,0.00000,1.00000,0.00000,0.00136,-0.00941,734.75922,0.25000 ===
 54.51361|I|libbeamng.print:18052| === LSTM_TRACE t=746 v=1.33 ws=1.24,1.35,1.31,1.34 cmd=0.248,0.425,0.410,0.528 cap=773,1337,791,1013 des=773,1337,692,886 app=741,1298,670,854 abs=nil,nil,nil,nil ebrake=1.00 ibrake=1.00 hasABS=0 sy=5.45 split=1.000,0.875 ===
 54.51365|I|libbeamng.print:18052| === LSTM_OBS t=746 1.24058,1.35497,1.31295,1.34104,0.13926,5.45032,0.77864,-0.01298,0.00000,0.00000,0.00049,1.00000,0.00000,0.00093,-0.00951,733.56879,0.25000 ===
 54.52498|I|libbeamng.print:18052| === LSTM_TRACE t=748 v=1.28 ws=0.94,1.05,1.30,1.30 cmd=0.241,0.413,0.413,0.527 cap=759,1292,802,1029 des=759,1292,702,900 app=727,1255,678,867 abs=nil,nil,nil,nil ebrake=1.00 ibrake=1.00 hasABS=0 sy=5.35 split=1.000,0.875 ===
 54.52506|I|libbeamng.print:18052| === LSTM_OBS t=748 0.93698,1.04529,1.29850,1.30129,-0.14860,5.35434,0.13961,-0.01534,0.00000,0.00000,0.00069,1.00000,0.00000,0.00070,-0.00943,732.11212,0.25000 ===
 54.53920|I|libbeamng.print:18052| === LSTM_TRACE t=750 v=1.22 ws=1.30,0.95,1.29,1.15 cmd=0.240,0.424,0.409,0.516 cap=742,1288,800,1015 des=742,1288,700,888 app=711,1250,677,856 abs=nil,nil,nil,nil ebrake=1.00 ibrake=1.00 hasABS=0 sy=5.49 split=1.000,0.875 ===
 54.53926|I|libbeamng.print:18052| === LSTM_OBS t=750 1.29805,0.94830,1.29079,1.14517,-0.50119,5.48854,-0.54868,-0.01178,0.00000,0.00000,0.00069,1.00000,0.00000,0.00067,-0.00941,731.57531,0.25000 ===
 54.54676|I|libbeamng.print:18052| === LSTM_TRACE t=752 v=1.16 ws=1.34,1.21,1.13,1.06 cmd=0.243,0.450,0.407,0.505 cap=750,1352,791,988 des=750,1352,692,865 app=719,1313,669,833 abs=nil,nil,nil,nil ebrake=1.00 ibrake=1.00 hasABS=0 sy=5.58 split=1.000,0.875 ===
 54.54680|I|libbeamng.print:18052| === LSTM_OBS t=752 1.34037,1.20791,1.12672,1.05736,-0.58050,5.58403,-0.65875,-0.00562,0.00000,0.00000,0.00000,1.00000,0.00000,0.00073,-0.00937,730.65080,0.25000 ===
 54.55859|I|libbeamng.print:18052| === LSTM_TRACE t=754 v=1.11 ws=1.07,1.18,0.96,1.15 cmd=0.242,0.462,0.410,0.509 cap=754,1423,792,980 des=754,1423,693,858 app=722,1382,670,827 abs=nil,nil,nil,nil ebrake=1.00 ibrake=1.00 hasABS=0 sy=5.30 split=1.000,0.875 ===
 54.55863|I|libbeamng.print:18052| === LSTM_OBS t=754 1.07213,1.18422,0.95946,1.14891,-0.18747,5.30080,-0.03539,-0.00252,0.00000,0.00000,0.00270,1.00000,0.00000,0.00088,-0.00940,731.04301,0.25000 ===
 54.57204|I|libbeamng.print:18052| === LSTM_TRACE t=756 v=1.06 ws=1.05,0.96,0.99,1.05 cmd=0.241,0.453,0.420,0.515 cap=749,1419,806,996 des=749,1419,705,871 app=718,1377,682,839 abs=nil,nil,nil,nil ebrake=1.00 ibrake=1.00 hasABS=0 sy=5.45 split=1.000,0.875 ===
 54.57208|I|libbeamng.print:18052| === LSTM_OBS t=756 1.05163,0.96398,0.99047,1.04773,-0.15453,5.44909,0.10948,0.00658,0.00000,0.00000,0.00085,1.00000,0.00000,0.00123,-0.00936,730.29474,0.25000 ===
 54.58086|I|libbeamng.print:18052| === LSTM_TRACE t=758 v=1.00 ws=0.86,0.95,1.05,1.04 cmd=0.240,0.457,0.428,0.512 cap=749,1405,826,1000 des=749,1405,722,875 app=717,1364,698,843 abs=nil,nil,nil,nil ebrake=1.00 ibrake=1.00 hasABS=0 sy=5.47 split=1.000,0.875 ===
 54.58089|I|libbeamng.print:18052| === LSTM_OBS t=758 0.86044,0.95329,1.04714,1.04156,-0.21592,5.46936,-0.60270,0.00635,0.00000,0.00000,0.00000,1.00000,0.00000,0.00189,-0.00925,730.80638,0.25000 ===
 54.59203|I|libbeamng.print:18052| === LSTM_TRACE t=760 v=0.95 ws=0.81,0.78,0.98,0.98 cmd=0.244,0.476,0.430,0.513 cap=745,1446,833,988 des=745,1446,729,865 app=714,1404,705,833 abs=nil,nil,nil,nil ebrake=1.00 ibrake=1.00 hasABS=0 sy=5.37 split=1.000,0.875 ===
 54.59207|I|libbeamng.print:18052| === LSTM_OBS t=760 0.80607,0.77838,0.98008,0.98244,0.71710,5.37323,-0.43332,0.00627,0.00000,0.00000,0.00091,1.00000,0.00000,0.00218,-0.00912,729.46332,0.25000 ===
 54.60545|I|libbeamng.print:18052| === LSTM_TRACE t=762 v=0.89 ws=0.88,0.76,0.89,0.90 cmd=0.261,0.486,0.439,0.539 cap=776,1492,843,1018 des=776,1492,737,891 app=743,1448,713,859 abs=nil,nil,nil,nil ebrake=1.00 ibrake=1.00 hasABS=0 sy=5.51 split=1.000,0.875 ===
 54.60549|I|libbeamng.print:18052| === LSTM_OBS t=762 0.88417,0.75518,0.88807,0.89871,1.08355,5.51092,0.49020,0.00325,0.00000,0.00000,0.00285,1.00000,0.00000,0.00203,-0.00905,730.45628,0.25000 ===
 54.61366|I|libbeamng.print:18052| === LSTM_TRACE t=764 v=0.84 ws=0.81,0.91,0.81,0.81 cmd=0.280,0.489,0.451,0.560 cap=845,1515,865,1074 des=845,1515,757,940 app=810,1471,731,905 abs=nil,nil,nil,nil ebrake=1.00 ibrake=1.00 hasABS=0 sy=5.41 split=1.000,0.875 ===
 54.61369|I|libbeamng.print:18052| === LSTM_OBS t=764 0.81087,0.91232,0.81396,0.81174,0.28540,5.40550,0.56984,-0.00658,0.00000,0.00000,0.00115,1.00000,0.00000,0.00165,-0.00903,729.24770,0.25000 ===
 54.62572|I|libbeamng.print:18052| === LSTM_TRACE t=766 v=0.78 ws=0.81,0.80,0.78,0.71 cmd=0.292,0.488,0.461,0.576 cap=888,1518,885,1103 des=888,1518,774,965 app=851,1473,748,930 abs=nil,nil,nil,nil ebrake=1.00 ibrake=1.00 hasABS=0 sy=5.40 split=1.000,0.875 ===
 54.62579|I|libbeamng.print:18052| === LSTM_OBS t=766 0.80667,0.79588,0.78140,0.71156,0.49135,5.40049,1.03235,-0.00849,0.00000,0.00000,0.00000,1.00000,0.00000,0.00139,-0.00902,729.66047,0.25000 ===
 54.63900|I|libbeamng.print:18052| === LSTM_TRACE t=768 v=0.73 ws=0.68,0.74,0.68,0.59 cmd=0.297,0.476,0.469,0.583 cap=917,1498,905,1131 des=917,1498,792,990 app=878,1453,766,954 abs=nil,nil,nil,nil ebrake=1.00 ibrake=1.00 hasABS=0 sy=5.39 split=1.000,0.875 ===
 54.63907|I|libbeamng.print:18052| === LSTM_OBS t=768 0.68303,0.73773,0.68471,0.58669,0.53310,5.39062,1.09058,-0.01168,0.00000,0.00000,0.00162,1.00000,0.00000,0.00086,-0.00902,728.45845,0.25000 ===
 54.64794|I|libbeamng.print:18052| === LSTM_TRACE t=770 v=0.67 ws=0.66,0.69,0.71,0.57 cmd=0.288,0.469,0.467,0.573 cap=909,1457,912,1127 des=909,1457,798,986 app=871,1414,771,950 abs=nil,nil,nil,nil ebrake=1.00 ibrake=1.00 hasABS=0 sy=5.54 split=1.000,0.875 ===
 54.64798|I|libbeamng.print:18052| === LSTM_OBS t=770 0.65652,0.69188,0.71194,0.56505,-0.17121,5.54191,0.08310,-0.01230,0.00000,0.00000,0.00085,1.00000,0.00000,0.00031,-0.00906,728.61177,0.25000 ===
 54.65896|I|libbeamng.print:18052| === LSTM_TRACE t=772 v=0.61 ws=0.71,0.57,0.63,0.65 cmd=0.281,0.491,0.460,0.564 cap=879,1478,899,1102 des=879,1478,787,964 app=842,1434,761,929 abs=nil,nil,nil,nil ebrake=1.00 ibrake=1.00 hasABS=0 sy=5.67 split=1.000,0.875 ===
 54.65900|I|libbeamng.print:18052| === LSTM_OBS t=772 0.70651,0.57378,0.63204,0.64877,-0.79676,5.67359,-0.51695,-0.01325,0.00000,0.00000,0.00091,1.00000,0.00000,0.00010,-0.00899,728.19969,0.25000 ===
 54.67269|I|libbeamng.print:18052| === LSTM_TRACE t=774 v=0.56 ws=0.52,0.45,0.58,0.61 cmd=0.272,0.514,0.464,0.560 cap=860,1566,895,1090 des=860,1566,783,954 app=823,1520,757,919 abs=nil,nil,nil,nil ebrake=1.00 ibrake=1.00 hasABS=0 sy=5.60 split=1.000,0.875 ===
 54.67284|I|libbeamng.print:18052| === LSTM_OBS t=774 0.51923,0.45449,0.57923,0.61418,-0.95107,5.60069,-0.41369,-0.01300,0.00000,0.00000,0.00000,1.00000,0.00000,0.00006,-0.00887,728.81219,0.25000 ===
 54.68046|I|libbeamng.print:18052| === LSTM_TRACE t=776 v=0.50 ws=0.39,0.37,0.47,0.51 cmd=0.261,0.525,0.472,0.550 cap=823,1610,909,1080 des=823,1610,796,945 app=788,1562,769,910 abs=nil,nil,nil,nil ebrake=1.00 ibrake=1.00 hasABS=0 sy=5.60 split=1.000,0.875 ===
 54.68050|I|libbeamng.print:18052| === LSTM_OBS t=776 0.39041,0.36546,0.47072,0.50743,-0.93806,5.59884,-0.59378,-0.01118,0.00000,0.00000,0.00069,1.00000,0.00000,0.00010,-0.00877,728.23915,0.25000 ===
 60.08388|I|libbeamng.print:18052| === LSTM_ABS: lens 'baseline_stock800' loaded (17 in, 64 hidden, 2 layers) ===
 60.08562|I|libbeamng.print:18052| === LSTM_ABS SELFTEST lens=baseline_stock800 cmd=0.942358,0.745321,0.845199,0.930048 ===
 82.12426|I|libbeamng.print:18052| === LSTM_TRACE t=0 v=27.72 ws=27.68,27.81,27.42,27.48 cmd=0.651,0.681,0.572,0.587 cap=155,155,97,97 des=155,155,85,85 app=142,142,78,78 abs=nil,nil,nil,nil ebrake=1.00 ibrake=1.00 hasABS=0 sy=1.34 split=1.000,0.875 ===
 82.12431|I|libbeamng.print:18052| === LSTM_OBS t=0 27.68433,27.80544,27.41994,27.48092,0.30189,1.33703,-0.07535,-0.01236,0.00000,0.00000,0.00069,1.00000,0.00000,0.00071,-0.00902,7858.00281,0.25000 ===
 82.13356|I|libbeamng.print:18052| === LSTM_TRACE t=2 v=27.69 ws=27.45,27.62,27.39,27.43 cmd=0.878,0.906,0.683,0.631 cap=2606,2676,1230,1207 des=2606,2676,1076,1056 app=496,496,272,272 abs=nil,nil,nil,nil ebrake=1.00 ibrake=1.00 hasABS=0 sy=1.73 split=1.000,0.875 ===
 82.13362|I|libbeamng.print:18052| === LSTM_OBS t=2 27.44900,27.61750,27.39477,27.42736,0.29264,1.72929,-0.07377,-0.00471,0.00000,0.00000,0.00000,1.00000,0.00000,0.00070,-0.00906,7852.78879,0.25000 ===
 82.14342|I|libbeamng.print:18052| === LSTM_TRACE t=4 v=27.65 ws=26.80,26.97,27.17,27.26 cmd=0.570,0.655,0.732,0.572 cap=2414,2591,1391,1179 des=2414,2591,1217,1032 app=1207,1207,662,662 abs=nil,nil,nil,nil ebrake=1.00 ibrake=1.00 hasABS=0 sy=2.47 split=1.000,0.875 ===
 82.14346|I|libbeamng.print:18052| === LSTM_OBS t=4 26.79911,26.96831,27.16959,27.26035,0.05880,2.46816,-0.13347,0.00022,0.00000,0.00000,0.00049,1.00000,0.00000,0.00073,-0.00910,7845.22914,0.25000 ===
 82.15750|I|libbeamng.print:18052| === LSTM_TRACE t=6 v=27.57 ws=26.41,26.34,27.04,27.12 cmd=0.529,0.604,0.745,0.519 cap=1464,1717,1434,1051 des=1464,1717,1255,919 app=1345,1578,1055,845 abs=nil,nil,nil,nil ebrake=1.00 ibrake=1.00 hasABS=0 sy=4.21 split=1.000,0.875 ===
 82.15753|I|libbeamng.print:18052| === LSTM_OBS t=6 26.41194,26.34096,27.03753,27.11990,0.12833,4.21389,-0.10240,-0.00492,0.00000,0.00000,0.00091,1.00000,0.00000,0.00082,-0.00926,7829.11931,0.25000 ===
 82.16594|I|libbeamng.print:18052| === LSTM_TRACE t=8 v=27.48 ws=26.22,25.96,26.65,27.11 cmd=0.631,0.666,0.751,0.480 cap=1914,2084,1457,971 des=1914,2084,1275,850 app=1763,1921,1176,783 abs=nil,nil,nil,nil ebrake=1.00 ibrake=1.00 hasABS=0 sy=5.75 split=1.000,0.875 ===
 82.16598|I|libbeamng.print:18052| === LSTM_OBS t=8 26.22432,25.96159,26.65080,27.11435,0.26222,5.75067,0.46806,-0.00757,0.00000,0.00000,0.00395,1.00000,0.00000,0.00081,-0.00960,7803.04546,0.25000 ===
 82.17684|I|libbeamng.print:18052| === LSTM_TRACE t=10 v=27.39 ws=25.90,25.81,26.42,27.06 cmd=0.593,0.599,0.737,0.437 cap=1865,1919,1447,887 des=1865,1919,1266,777 app=1724,1775,1172,717 abs=nil,nil,nil,nil ebrake=1.00 ibrake=1.00 hasABS=0 sy=6.94 split=1.000,0.875 ===
 82.17689|I|libbeamng.print:18052| === LSTM_OBS t=10 25.89960,25.80919,26.42013,27.05764,0.12085,6.94374,0.59407,0.00099,0.00000,0.00000,0.00104,1.00000,0.00000,0.00078,-0.01007,7769.98250,0.25000 ===
 82.19028|I|libbeamng.print:18052| === LSTM_TRACE t=12 v=27.31 ws=25.86,25.97,26.23,26.96 cmd=0.660,0.662,0.732,0.412 cap=1957,1955,1423,817 des=1957,1955,1245,715 app=1814,1813,1157,662 abs=nil,nil,nil,nil ebrake=1.00 ibrake=1.00 hasABS=0 sy=7.50 split=1.000,0.875 ===
 82.19032|I|libbeamng.print:18052| === LSTM_OBS t=12 25.86042,25.96969,26.23311,26.96174,0.02516,7.49902,0.51981,0.00638,0.00000,0.00000,0.00091,1.00000,0.00000,0.00081,-0.01059,7730.31120,0.25000 ===
 82.19928|I|libbeamng.print:18052| === LSTM_TRACE t=14 v=27.21 ws=25.55,25.77,26.00,26.86 cmd=0.662,0.668,0.730,0.402 cap=2059,2077,1422,788 des=2059,2077,1244,690 app=1915,1932,1160,640 abs=nil,nil,nil,nil ebrake=1.00 ibrake=1.00 hasABS=0 sy=8.16 split=1.000,0.875 ===
 82.19932|I|libbeamng.print:18052| === LSTM_OBS t=14 25.55368,25.77240,26.00064,26.86252,0.18387,8.15788,0.24607,0.01156,0.00000,0.00000,0.00229,1.00000,0.00000,0.00077,-0.01117,7686.66975,0.25000 ===
 82.19933|I|libbeamng.print:18052| === LSTM_ABS DBG raw=25.5537,25.7724,26.0006,26.8625,0.1839,8.1579,0.2461,0.0116,0.0000,0.0000,0.0023,1.0000,0.0000,0.0008,-0.0112,7686.6698,0.2500 ===
 82.19934|I|libbeamng.print:18052| === LSTM_ABS DBG norm=1.33,1.33,1.19,1.26,0.11,-0.46,0.05,0.02,-0.09,0.09,-0.11,0.35,-0.05,-0.04,0.52,10.00,0.25 ===
 82.19935|I|libbeamng.print:18052| === LSTM_ABS DBG cmd=0.6620,0.6685,0.7296,0.4018 ===
 82.21176|I|libbeamng.print:18052| === LSTM_TRACE t=16 v=27.13 ws=25.50,25.72,25.78,26.80 cmd=0.697,0.695,0.722,0.396 cap=2086,2098,1411,776 des=2086,2098,1235,679 app=1945,1957,1154,631 abs=nil,nil,nil,nil ebrake=1.00 ibrake=1.00 hasABS=0 sy=8.39 split=1.000,0.875 ===
 82.21181|I|libbeamng.print:18052| === LSTM_OBS t=16 25.50312,25.71518,25.77601,26.80195,0.04951,8.38719,0.65360,0.01139,0.00000,0.00000,0.00226,1.00000,0.00000,0.00069,-0.01178,7640.57314,0.25000 ===
 82.22414|I|libbeamng.print:18052| === LSTM_TRACE t=18 v=27.04 ws=25.33,25.62,25.55,26.73 cmd=0.699,0.701,0.722,0.397 cap=2168,2167,1403,772 des=2168,2167,1228,676 app=2028,2028,1151,629 abs=nil,nil,nil,nil ebrake=1.00 ibrake=1.00 hasABS=0 sy=8.37 split=1.000,0.875 ===
 82.22421|I|libbeamng.print:18052| === LSTM_OBS t=18 25.32971,25.62405,25.55055,26.73381,-0.38480,8.36514,0.71196,0.00707,0.00000,0.00000,0.00239,1.00000,0.00000,0.00063,-0.01235,7592.95208,0.25000 ===
 82.23322|I|libbeamng.print:18052| === LSTM_TRACE t=20 v=26.95 ws=25.25,25.45,25.31,26.57 cmd=0.705,0.710,0.726,0.403 cap=2164,2175,1405,775 des=2164,2175,1230,678 app=2029,2041,1156,632 abs=nil,nil,nil,nil ebrake=1.00 ibrake=1.00 hasABS=0 sy=8.81 split=1.000,0.875 ===
 82.23326|I|libbeamng.print:18052| === LSTM_OBS t=20 25.25300,25.44912,25.30773,26.56567,-0.30626,8.81402,0.77199,0.01258,0.00000,0.00000,0.00221,1.00000,0.00000,0.00061,-0.01288,7545.02128,0.25000 ===
 82.24373|I|libbeamng.print:18052| === LSTM_TRACE t=22 v=26.85 ws=25.15,25.39,25.13,26.53 cmd=0.716,0.728,0.737,0.419 cap=2213,2232,1417,794 des=2213,2232,1240,695 app=2081,2100,1169,649 abs=nil,nil,nil,nil ebrake=1.00 ibrake=1.00 hasABS=0 sy=8.97 split=1.000,0.875 ===
 82.24378|I|libbeamng.print:18052| === LSTM_OBS t=22 25.15309,25.38743,25.12728,26.53394,-0.37034,8.97214,0.53207,0.01901,0.00000,0.00000,0.00249,1.00000,0.00000,0.00055,-0.01343,7498.57319,0.25000 ===
 82.25702|I|libbeamng.print:18052| === LSTM_TRACE t=24 v=26.75 ws=25.06,25.09,24.89,26.42 cmd=0.739,0.763,0.754,0.442 cap=2248,2304,1447,835 des=2248,2304,1266,731 app=2119,2174,1196,683 abs=nil,nil,nil,nil ebrake=1.00 ibrake=1.00 hasABS=0 sy=9.48 split=1.000,0.875 ===
 82.25707|I|libbeamng.print:18052| === LSTM_OBS t=24 25.06328,25.08743,24.88625,26.41734,-0.33471,9.48377,0.18454,0.02432,0.00000,0.00000,0.00244,1.00000,0.00000,0.00042,-0.01393,7451.37842,0.25000 ===
 82.26544|I|libbeamng.print:18052| === LSTM_TRACE t=26 v=26.65 ws=24.85,24.79,24.69,26.25 cmd=0.759,0.791,0.770,0.463 cap=2336,2426,1480,878 des=2336,2426,1295,769 app=2208,2295,1226,720 abs=nil,nil,nil,nil ebrake=1.00 ibrake=1.00 hasABS=0 sy=9.81 split=1.000,0.875 ===
 82.26548|I|libbeamng.print:18052| === LSTM_OBS t=26 24.84971,24.79327,24.68904,26.25179,-0.38602,9.80534,0.19678,0.02728,0.00000,0.00000,0.00249,1.00000,0.00000,0.00029,-0.01442,7404.39184,0.25000 ===
 82.27638|I|libbeamng.print:18052| === LSTM_TRACE t=28 v=26.56 ws=24.68,24.41,24.54,26.11 cmd=0.764,0.802,0.781,0.483 cap=2348,2465,1509,921 des=2348,2465,1321,806 app=2225,2339,1253,757 abs=nil,nil,nil,nil ebrake=1.00 ibrake=1.00 hasABS=0 sy=9.58 split=1.000,0.875 ===
 82.27642|I|libbeamng.print:18052| === LSTM_OBS t=28 24.68074,24.40832,24.53812,26.11223,-0.39978,9.58430,0.18226,0.00934,0.00000,0.00000,0.00305,1.00000,0.00000,0.00024,-0.01488,7355.98703,0.25000 ===
 82.28965|I|libbeamng.print:18052| === LSTM_TRACE t=30 v=26.46 ws=24.45,24.07,24.41,25.99 cmd=0.765,0.809,0.790,0.510 cap=2375,2499,1526,964 des=2375,2499,1335,843 app=2256,2376,1270,793 abs=nil,nil,nil,nil ebrake=1.00 ibrake=1.00 hasABS=0 sy=9.33 split=1.000,0.875 ===
 82.28969|I|libbeamng.print:18052| === LSTM_OBS t=30 24.44963,24.07341,24.41232,25.99239,-0.37695,9.33260,-0.14054,-0.00575,0.00000,0.00000,0.00283,1.00000,0.00000,0.00016,-0.01533,7306.61303,0.25000 ===
 82.29677|I|libbeamng.print:18052| === LSTM_TRACE t=32 v=26.34 ws=24.27,23.85,24.21,25.79 cmd=0.792,0.830,0.793,0.527 cap=2427,2549,1535,1004 des=2427,2549,1343,879 app=2308,2426,1279,827 abs=nil,nil,nil,nil ebrake=1.00 ibrake=1.00 hasABS=0 sy=10.03 split=1.000,0.875 ===
 82.29682|I|libbeamng.print:18052| === LSTM_OBS t=32 24.26865,23.84507,24.20923,25.79092,-0.49047,10.03429,0.25138,0.01393,0.00000,0.00000,0.00278,1.00000,0.00000,0.00009,-0.01572,7281.89777,0.25000 ===
 82.30709|I|libbeamng.print:18052| === LSTM_TRACE t=34 v=26.22 ws=24.11,23.46,23.97,25.75 cmd=0.796,0.835,0.801,0.549 cap=2452,2574,1551,1049 des=2452,2574,1357,918 app=2338,2456,1295,865 abs=nil,nil,nil,nil ebrake=1.00 ibrake=1.00 hasABS=0 sy=10.68 split=1.000,0.875 ===
 82.30730|I|libbeamng.print:18052| === LSTM_OBS t=34 24.11384,23.46019,23.96573,25.75251,-0.45893,10.67615,0.15750,0.02003,0.00000,0.00000,0.00270,1.00000,0.00000,-0.00007,-0.01615,7232.38156,0.25000 ===
 82.31539|I|libbeamng.print:18052| === LSTM_TRACE t=36 v=26.13 ws=23.87,23.16,23.74,25.64 cmd=0.808,0.844,0.804,0.572 cap=2486,2605,1561,1090 des=2486,2605,1365,954 app=2375,2491,1306,901 abs=nil,nil,nil,nil ebrake=1.00 ibrake=1.00 hasABS=0 sy=10.26 split=1.000,0.875 ===
 82.31543|I|libbeamng.print:18052| === LSTM_OBS t=36 23.87192,23.16024,23.73839,25.63863,-0.05988,10.26382,0.14304,-0.01738,0.00000,0.00000,0.00265,1.00000,0.00000,-0.00011,-0.01657,7182.38796,0.25000 ===
 82.32925|I|libbeamng.print:18052| === LSTM_TRACE t=38 v=26.00 ws=23.61,22.76,23.48,25.56 cmd=0.824,0.852,0.802,0.595 cap=2530,2632,1560,1133 des=2530,2632,1365,992 app=2422,2522,1307,938 abs=nil,nil,nil,nil ebrake=1.00 ibrake=1.00 hasABS=0 sy=10.97 split=1.000,0.875 ===
 82.32930|I|libbeamng.print:18052| === LSTM_OBS t=38 23.61056,22.76368,23.48001,25.55611,0.07078,10.96779,0.28157,-0.00908,0.00000,0.00000,0.00311,1.00000,0.00000,-0.00006,-0.01698,7132.54581,0.25000 ===
 82.33977|I|libbeamng.print:18052| === LSTM_TRACE t=40 v=25.89 ws=23.49,22.24,23.24,25.37 cmd=0.817,0.846,0.805,0.616 cap=2540,2626,1562,1182 des=2540,2626,1367,1034 app=2436,2522,1311,980 abs=nil,nil,nil,nil ebrake=1.00 ibrake=1.00 hasABS=0 sy=11.08 split=1.000,0.875 ===
 82.33981|I|libbeamng.print:18052| === LSTM_OBS t=40 23.49018,22.23984,23.23899,25.37335,-0.29581,11.08059,0.21375,0.01429,0.00000,0.00000,0.00360,1.00000,0.00000,-0.00007,-0.01738,7082.05363,0.25000 ===
 82.34807|I|libbeamng.print:18052| === LSTM_TRACE t=42 v=25.77 ws=23.37,21.68,23.14,25.24 cmd=0.823,0.851,0.808,0.626 cap=2549,2635,1567,1206 des=2549,2635,1371,1055 app=2449,2535,1318,1002 abs=nil,nil,nil,nil ebrake=1.00 ibrake=1.00 hasABS=0 sy=11.58 split=1.000,0.875 ===
 82.34811|I|libbeamng.print:18052| === LSTM_OBS t=42 23.37397,21.68435,23.14252,25.24445,-0.28420,11.58140,0.41052,0.00834,0.00000,0.00000,0.00345,1.00000,0.00000,-0.00004,-0.01773,7029.93282,0.25000 ===
 82.36093|I|libbeamng.print:18052| === LSTM_TRACE t=44 v=25.68 ws=23.10,21.31,22.83,25.08 cmd=0.801,0.840,0.813,0.637 cap=2508,2613,1578,1231 des=2508,2613,1380,1077 app=2414,2518,1329,1024 abs=nil,nil,nil,nil ebrake=1.00 ibrake=1.00 hasABS=0 sy=10.81 split=1.000,0.875 ===
 82.36098|I|libbeamng.print:18052| === LSTM_OBS t=44 23.09521,21.31205,22.82906,25.07804,-0.65560,10.81267,0.05257,0.00076,0.00000,0.00000,0.00311,1.00000,0.00000,0.00003,-0.01807,6978.18261,0.25000 ===
 82.37291|I|libbeamng.print:18052| === LSTM_TRACE t=46 v=25.57 ws=23.15,20.77,22.55,24.99 cmd=0.795,0.839,0.816,0.648 cap=2477,2607,1583,1244 des=2477,2607,1385,1089 app=2388,2515,1335,1037 abs=nil,nil,nil,nil ebrake=1.00 ibrake=1.00 hasABS=0 sy=10.80 split=1.000,0.875 ===
 82.37295|I|libbeamng.print:18052| === LSTM_OBS t=46 23.15242,20.76921,22.54531,24.99314,-0.57883,10.80085,-0.28001,0.00275,0.00000,0.00000,0.00345,1.00000,0.00000,0.00013,-0.01841,6925.45611,0.25000 ===
 82.38466|I|libbeamng.print:18052| === LSTM_TRACE t=48 v=25.45 ws=23.01,20.32,22.30,24.84 cmd=0.805,0.837,0.811,0.666 cap=2478,2597,1581,1274 des=2478,2597,1383,1115 app=2394,2509,1335,1063 abs=nil,nil,nil,nil ebrake=1.00 ibrake=1.00 hasABS=0 sy=10.99 split=1.000,0.875 ===
 82.38471|I|libbeamng.print:18052| === LSTM_OBS t=48 23.00664,20.31979,22.30044,24.84463,-0.32982,10.99308,-0.39975,-0.00590,0.00000,0.00000,0.00392,1.00000,0.00000,0.00026,-0.01870,6871.88826,0.25000 ===
 82.39084|I|libbeamng.print:18052| === LSTM_TRACE t=50 v=25.33 ws=23.00,19.72,22.13,24.71 cmd=0.819,0.830,0.804,0.675 cap=2528,2593,1568,1304 des=2528,2593,1372,1141 app=2444,2507,1325,1090 abs=nil,nil,nil,nil ebrake=1.00 ibrake=1.00 hasABS=0 sy=11.33 split=1.000,0.875 ===
 82.39089|I|libbeamng.print:18052| === LSTM_OBS t=50 22.99622,19.72137,22.13334,24.71012,-0.49927,11.33074,0.18380,0.01464,0.00000,0.00000,0.00307,1.00000,0.00000,0.00042,-0.01894,6844.98144,0.25000 ===
 82.39993|I|libbeamng.print:18052| === LSTM_TRACE t=52 v=25.21 ws=22.71,19.21,21.86,24.58 cmd=0.804,0.807,0.801,0.689 cap=2502,2522,1559,1325 des=2502,2522,1365,1160 app=2422,2441,1319,1109 abs=nil,nil,nil,nil ebrake=1.00 ibrake=1.00 hasABS=0 sy=11.60 split=1.000,0.875 ===
 82.39997|I|libbeamng.print:18052| === LSTM_OBS t=52 22.71065,19.20867,21.86347,24.57695,-0.32997,11.60094,-0.16045,0.00278,0.00000,0.00000,0.00354,1.00000,0.00000,0.00052,-0.01915,6790.26442,0.25000 ===
 82.41037|I|libbeamng.print:18052| === LSTM_TRACE t=54 v=25.12 ws=22.61,18.68,21.57,24.39 cmd=0.815,0.810,0.797,0.692 cap=2518,2517,1553,1347 des=2518,2517,1358,1179 app=2441,2439,1315,1129 abs=nil,nil,nil,nil ebrake=1.00 ibrake=1.00 hasABS=0 sy=11.05 split=1.000,0.875 ===
 82.41041|I|libbeamng.print:18052| === LSTM_OBS t=54 22.60935,18.68031,21.56601,24.39068,-0.49822,11.05346,0.33227,0.00720,0.00000,0.00000,0.00360,1.00000,0.00000,0.00064,-0.01930,6735.41491,0.25000 ===
 82.42415|I|libbeamng.print:18052| === LSTM_TRACE t=56 v=25.01 ws=22.42,18.34,21.40,24.33 cmd=0.778,0.775,0.796,0.700 cap=2438,2432,1551,1355 des=2438,2432,1357,1186 app=2366,2359,1315,1137 abs=nil,nil,nil,nil ebrake=1.00 ibrake=1.00 hasABS=0 sy=11.07 split=1.000,0.875 ===
 82.42419|I|libbeamng.print:18052| === LSTM_OBS t=56 22.42330,18.34351,21.39616,24.32745,-0.45782,11.07349,-0.35702,-0.00452,0.00000,0.00000,0.00342,1.00000,0.00000,0.00081,-0.01941,6679.87366,0.25000 ===
 82.43341|I|libbeamng.print:18052| === LSTM_TRACE t=58 v=24.90 ws=22.51,17.84,21.17,24.22 cmd=0.806,0.786,0.789,0.701 cap=2466,2438,1541,1362 des=2466,2438,1348,1192 app=2396,2367,1308,1145 abs=nil,nil,nil,nil ebrake=1.00 ibrake=1.00 hasABS=0 sy=10.90 split=1.000,0.875 ===
 82.43348|I|libbeamng.print:18052| === LSTM_OBS t=58 22.50890,17.84284,21.16904,24.21890,-0.33380,10.89659,0.19279,0.00243,0.00000,0.00000,0.00375,1.00000,0.00000,0.00095,-0.01948,6624.35580,0.25000 ===
 82.44315|I|libbeamng.print:18052| === LSTM_TRACE t=60 v=24.78 ws=22.28,17.43,20.90,24.10 cmd=0.793,0.753,0.783,0.709 cap=2474,2379,1528,1370 des=2474,2379,1337,1199 app=2406,2312,1298,1153 abs=nil,nil,nil,nil ebrake=1.00 ibrake=1.00 hasABS=0 sy=11.18 split=1.000,0.875 ===
 82.44319|I|libbeamng.print:18052| === LSTM_OBS t=60 22.28098,17.42997,20.89765,24.10065,-0.31802,11.17573,-0.13117,-0.01153,0.00000,0.00000,0.00357,1.00000,0.00000,0.00110,-0.01950,6570.39875,0.25000 ===
 82.45739|I|libbeamng.print:18052| === LSTM_TRACE t=62 v=24.67 ws=22.14,17.28,20.79,23.93 cmd=0.807,0.752,0.776,0.711 cap=2473,2327,1515,1384 des=2473,2327,1325,1211 app=2409,2263,1288,1166 abs=nil,nil,nil,nil ebrake=1.00 ibrake=1.00 hasABS=0 sy=11.17 split=1.000,0.875 ===
 82.45743|I|libbeamng.print:18052| === LSTM_OBS t=62 22.14492,17.28233,20.79380,23.93078,-0.20394,11.16514,0.26294,0.00564,0.00000,0.00000,0.00329,1.00000,0.00000,0.00128,-0.01950,6517.37437,0.25000 ===
 82.46508|I|libbeamng.print:18052| === LSTM_TRACE t=64 v=24.57 ws=21.92,16.77,20.55,23.81 cmd=0.785,0.726,0.774,0.716 cap=2439,2269,1511,1394 des=2439,2269,1323,1220 app=2378,2208,1286,1176 abs=nil,nil,nil,nil ebrake=1.00 ibrake=1.00 hasABS=0 sy=10.91 split=1.000,0.875 ===
 82.46513|I|libbeamng.print:18052| === LSTM_OBS t=64 21.92302,16.76572,20.54890,23.80913,-0.22104,10.91277,-0.00842,-0.00778,0.00000,0.00000,0.00342,1.00000,0.00000,0.00139,-0.01949,6464.48916,0.25000 ===
 82.47638|I|libbeamng.print:18052| === LSTM_TRACE t=66 v=24.45 ws=21.83,16.63,20.40,23.65 cmd=0.794,0.728,0.773,0.717 cap=2499,2298,1495,1381 des=2499,2298,1308,1209 app=2438,2237,1273,1167 abs=nil,nil,nil,nil ebrake=1.00 ibrake=1.00 hasABS=0 sy=11.24 split=1.000,0.875 ===
 82.47643|I|libbeamng.print:18052| === LSTM_OBS t=66 21.83272,16.63455,20.40108,23.64641,-0.46140,11.23843,-0.15167,0.00102,0.00000,0.00000,0.00329,1.00000,0.00000,0.00157,-0.01942,6412.94966,0.25000 ===
 82.48997|I|libbeamng.print:18052| === LSTM_TRACE t=68 v=24.34 ws=21.57,16.49,20.15,23.47 cmd=0.798,0.716,0.763,0.711 cap=2427,2201,1496,1394 des=2427,2201,1309,1220 app=2371,2144,1274,1179 abs=nil,nil,nil,nil ebrake=1.00 ibrake=1.00 hasABS=0 sy=11.16 split=1.000,0.875 ===
 82.49023|I|libbeamng.print:18052| === LSTM_OBS t=68 21.56583,16.49403,20.15091,23.47253,-0.10279,11.15845,0.58881,0.00029,0.00000,0.00000,0.00335,1.00000,0.00000,0.00177,-0.01931,6362.61401,0.25000 ===
 82.49820|I|libbeamng.print:18052| === LSTM_TRACE t=70 v=24.24 ws=21.29,16.19,19.91,23.44 cmd=0.780,0.699,0.765,0.718 cap=2426,2177,1491,1393 des=2426,2177,1304,1219 app=2371,2121,1271,1179 abs=nil,nil,nil,nil ebrake=1.00 ibrake=1.00 hasABS=0 sy=10.80 split=1.000,0.875 ===
 82.49825|I|libbeamng.print:18052| === LSTM_OBS t=70 21.29413,16.19367,19.91397,23.43622,-0.03520,10.80198,-0.06408,-0.01989,0.00000,0.00000,0.00360,1.00000,0.00000,0.00183,-0.01923,6312.82145,0.25000 ===
 82.50949|I|libbeamng.print:18052| === LSTM_TRACE t=72 v=24.11 ws=21.08,16.03,19.74,23.26 cmd=0.790,0.699,0.763,0.721 cap=2467,2198,1478,1389 des=2467,2198,1294,1216 app=2413,2143,1261,1177 abs=nil,nil,nil,nil ebrake=1.00 ibrake=1.00 hasABS=0 sy=11.47 split=1.000,0.875 ===
 82.50954|I|libbeamng.print:18052| === LSTM_OBS t=72 21.08263,16.03419,19.74004,23.25839,-0.19920,11.46764,-0.00547,0.00346,0.00000,0.00000,0.00301,1.00000,0.00000,0.00199,-0.01908,6263.92410,0.25000 ===
 82.52326|I|libbeamng.print:18052| === LSTM_TRACE t=74 v=24.01 ws=20.77,15.83,19.52,23.17 cmd=0.794,0.705,0.760,0.719 cap=2438,2164,1481,1404 des=2438,2164,1296,1229 app=2387,2111,1264,1191 abs=nil,nil,nil,nil ebrake=1.00 ibrake=1.00 hasABS=0 sy=10.96 split=1.000,0.875 ===
 82.52330|I|libbeamng.print:18052| === LSTM_OBS t=74 20.77199,15.83381,19.51971,23.17027,-0.25829,10.96195,0.41215,-0.00947,0.00000,0.00000,0.00278,1.00000,0.00000,0.00213,-0.01894,6216.24221,0.25000 ===
 82.53124|I|libbeamng.print:18052| === LSTM_TRACE t=76 v=23.90 ws=20.50,15.83,19.34,23.03 cmd=0.776,0.684,0.759,0.720 cap=2366,2094,1486,1408 des=2366,2094,1300,1232 app=2318,2044,1269,1196 abs=nil,nil,nil,nil ebrake=1.00 ibrake=1.00 hasABS=0 sy=11.12 split=1.000,0.875 ===
 82.53128|I|libbeamng.print:18052| === LSTM_OBS t=76 20.50168,15.83386,19.33831,23.02938,0.04291,11.11682,0.32198,-0.00969,0.00000,0.00000,0.00342,1.00000,0.00000,0.00218,-0.01882,6169.58973,0.25000 ===
 82.54294|I|libbeamng.print:18052| === LSTM_TRACE t=78 v=23.79 ws=20.07,15.82,19.13,22.97 cmd=0.783,0.696,0.762,0.728 cap=2461,2177,1475,1403 des=2461,2177,1291,1228 app=2412,2126,1260,1192 abs=nil,nil,nil,nil ebrake=1.00 ibrake=1.00 hasABS=0 sy=10.92 split=1.000,0.875 ===
 82.54300|I|libbeamng.print:18052| === LSTM_OBS t=78 20.06906,15.81743,19.12709,22.97065,-0.08769,10.91590,-0.07280,-0.01421,0.00000,0.00000,0.00270,1.00000,0.00000,0.00222,-0.01864,6122.93664,0.25000 ===
 82.55622|I|libbeamng.print:18052| === LSTM_TRACE t=80 v=23.68 ws=19.71,15.30,18.93,22.85 cmd=0.767,0.677,0.761,0.723 cap=2411,2137,1479,1409 des=2411,2137,1294,1233 app=2365,2088,1264,1198 abs=nil,nil,nil,nil ebrake=1.00 ibrake=1.00 hasABS=0 sy=10.85 split=1.000,0.875 ===
 82.55627|I|libbeamng.print:18052| === LSTM_OBS t=80 19.71041,15.29843,18.93431,22.85163,-0.10505,10.85237,0.46860,-0.01192,0.00000,0.00000,0.00315,1.00000,0.00000,0.00224,-0.01846,6077.56226,0.25000 ===
 82.56193|I|libbeamng.print:18052| === LSTM_TRACE t=82 v=23.57 ws=19.37,15.67,18.81,22.66 cmd=0.769,0.685,0.763,0.726 cap=2388,2104,1474,1400 des=2388,2104,1290,1225 app=2343,2055,1260,1191 abs=nil,nil,nil,nil ebrake=1.00 ibrake=1.00 hasABS=0 sy=11.12 split=1.000,0.875 ===
 82.56198|I|libbeamng.print:18052| === LSTM_OBS t=82 19.36903,15.67192,18.80519,22.66004,-0.08488,11.12098,-0.00208,-0.01525,0.00000,0.00000,0.00278,1.00000,0.00000,0.00228,-0.01830,6054.69177,0.25000 ===
 82.57407|I|libbeamng.print:18052| === LSTM_TRACE t=84 v=23.46 ws=18.99,15.25,18.60,22.60 cmd=0.776,0.704,0.766,0.727 cap=2401,2174,1488,1415 des=2401,2174,1302,1238 app=2357,2124,1272,1205 abs=nil,nil,nil,nil ebrake=1.00 ibrake=1.00 hasABS=0 sy=11.11 split=1.000,0.875 ===
 82.57413|I|libbeamng.print:18052| === LSTM_OBS t=84 18.98693,15.24571,18.59912,22.60221,0.03328,11.10536,0.36802,-0.01179,0.00000,0.00000,0.00305,1.00000,0.00000,0.00221,-0.01817,6009.77156,0.25000 ===
 82.58446|I|libbeamng.print:18052| === LSTM_TRACE t=86 v=23.35 ws=18.57,15.15,18.52,22.51 cmd=0.730,0.655,0.768,0.732 cap=2356,2115,1486,1408 des=2356,2115,1300,1232 app=2314,2068,1272,1200 abs=nil,nil,nil,nil ebrake=1.00 ibrake=1.00 hasABS=0 sy=11.08 split=1.000,0.875 ===
 82.58461|I|libbeamng.print:18052| === LSTM_OBS t=86 18.56862,15.15086,18.51798,22.51448,-0.14342,11.07667,-0.14014,-0.01516,0.00000,0.00000,0.00270,1.00000,0.00000,0.00220,-0.01796,5965.52048,0.25000 ===
 82.59555|I|libbeamng.print:18052| === LSTM_TRACE t=88 v=23.24 ws=18.38,15.30,18.16,22.37 cmd=0.778,0.712,0.769,0.729 cap=2351,2127,1489,1416 des=2351,2127,1303,1239 app=2310,2080,1274,1207 abs=nil,nil,nil,nil ebrake=1.00 ibrake=1.00 hasABS=0 sy=10.83 split=1.000,0.875 ===
 82.59561|I|libbeamng.print:18052| === LSTM_OBS t=88 18.38367,15.29546,18.16327,22.37041,0.01817,10.82990,0.54593,-0.01177,0.00000,0.00000,0.00349,1.00000,0.00000,0.00214,-0.01785,5920.92115,0.25000 ===
 82.60726|I|libbeamng.print:18052| === LSTM_TRACE t=90 v=23.13 ws=17.87,14.87,18.03,22.24 cmd=0.717,0.660,0.774,0.735 cap=2359,2158,1496,1416 des=2359,2158,1309,1239 app=2319,2111,1281,1208 abs=nil,nil,nil,nil ebrake=1.00 ibrake=1.00 hasABS=0 sy=10.95 split=1.000,0.875 ===
 82.60731|I|libbeamng.print:18052| === LSTM_OBS t=90 17.86888,14.87186,18.02667,22.24379,-0.26812,10.95461,-0.20846,-0.01094,0.00000,0.00000,0.00224,1.00000,0.00000,0.00208,-0.01765,5876.85163,0.25000 ===
 82.61593|I|libbeamng.print:18052| === LSTM_TRACE t=92 v=23.02 ws=17.57,14.64,17.76,22.14 cmd=0.764,0.704,0.770,0.730 cap=2264,2093,1502,1427 des=2264,2093,1314,1249 app=2227,2048,1286,1218 abs=nil,nil,nil,nil ebrake=1.00 ibrake=1.00 hasABS=0 sy=10.91 split=1.000,0.875 ===
 82.61600|I|libbeamng.print:18052| === LSTM_OBS t=92 17.57430,14.63562,17.75963,22.13747,0.20258,10.91325,0.96398,-0.01859,0.00000,0.00000,0.00338,1.00000,0.00000,0.00201,-0.01751,5833.05853,0.25000 ===
 82.62815|I|libbeamng.print:18052| === LSTM_TRACE t=94 v=22.91 ws=17.45,14.71,17.66,22.12 cmd=0.726,0.680,0.778,0.743 cap=2235,2078,1515,1446 des=2235,2078,1325,1265 app=2199,2034,1298,1235 abs=nil,nil,nil,nil ebrake=1.00 ibrake=1.00 hasABS=0 sy=10.90 split=1.000,0.875 ===
 82.62820|I|libbeamng.print:18052| === LSTM_OBS t=94 17.44815,14.70679,17.65559,22.12288,-0.24416,10.90016,-0.00970,-0.01715,0.00000,0.00000,0.00307,1.00000,0.00000,0.00195,-0.01738,5789.14496,0.25000 ===
 82.64062|I|libbeamng.print:18052| === LSTM_TRACE t=96 v=22.80 ws=16.93,14.50,17.54,21.93 cmd=0.725,0.686,0.784,0.749 cap=2377,2224,1505,1432 des=2377,2224,1317,1253 app=2340,2178,1290,1223 abs=nil,nil,nil,nil ebrake=1.00 ibrake=1.00 hasABS=0 sy=10.88 split=1.000,0.875 ===
 82.64068|I|libbeamng.print:18052| === LSTM_OBS t=96 16.92957,14.49663,17.54377,21.92551,-0.14241,10.87968,-0.19665,-0.02298,0.00000,0.00000,0.00254,1.00000,0.00000,0.00185,-0.01716,5745.01243,0.25000 ===
 82.64870|I|libbeamng.print:18052| === LSTM_TRACE t=98 v=22.69 ws=16.62,14.14,17.08,21.79 cmd=0.749,0.705,0.777,0.742 cap=2188,2088,1523,1462 des=2188,2088,1333,1279 app=2154,2045,1306,1250 abs=nil,nil,nil,nil ebrake=1.00 ibrake=1.00 hasABS=0 sy=11.03 split=1.000,0.875 ===
 82.64874|I|libbeamng.print:18052| === LSTM_OBS t=98 16.61774,14.14284,17.07838,21.78532,0.07942,11.03296,1.13208,-0.01045,0.00000,0.00000,0.00318,1.00000,0.00000,0.00174,-0.01707,5701.06218,0.25000 ===
 82.66095|I|libbeamng.print:18052| === LSTM_TRACE t=100 v=22.58 ws=16.62,13.81,17.09,21.80 cmd=0.684,0.653,0.787,0.761 cap=2198,2079,1526,1462 des=2198,2079,1335,1280 app=2165,2037,1309,1251 abs=nil,nil,nil,nil ebrake=1.00 ibrake=1.00 hasABS=0 sy=10.94 split=1.000,0.875 ===
 82.66100|I|libbeamng.print:18052| === LSTM_OBS t=100 16.61579,13.81389,17.08762,21.80304,-0.20030,10.94342,-0.46358,-0.01979,0.00000,0.00000,0.00307,1.00000,0.00000,0.00169,-0.01690,5657.38531,0.25000 ===
 82.67356|I|libbeamng.print:18052| === LSTM_TRACE t=102 v=22.47 ws=15.98,13.73,16.91,21.61 cmd=0.713,0.677,0.789,0.761 cap=2326,2185,1511,1452 des=2326,2185,1322,1270 app=2291,2141,1297,1243 abs=nil,nil,nil,nil ebrake=1.00 ibrake=1.00 hasABS=0 sy=11.04 split=1.000,0.875 ===
 82.67368|I|libbeamng.print:18052| === LSTM_OBS t=102 15.97522,13.73337,16.90644,21.61388,-0.24272,11.04108,0.08752,-0.00850,0.00000,0.00000,0.00256,1.00000,0.00000,0.00158,-0.01669,5612.78936,0.25000 ===
 82.68137|I|libbeamng.print:18052| === LSTM_TRACE t=104 v=22.36 ws=16.18,13.80,16.47,21.46 cmd=0.747,0.713,0.783,0.758 cap=2104,2031,1539,1495 des=2104,2031,1346,1308 app=2073,1990,1320,1280 abs=nil,nil,nil,nil ebrake=1.00 ibrake=1.00 hasABS=0 sy=10.95 split=1.000,0.875 ===
 82.68141|I|libbeamng.print:18052| === LSTM_OBS t=104 16.17585,13.79788,16.47434,21.45733,0.06818,10.94864,1.04530,-0.02079,0.00000,0.00000,0.00274,1.00000,0.00000,0.00146,-0.01659,5567.66384,0.25000 ===
 82.69521|I|libbeamng.print:18052| === LSTM_TRACE t=106 v=22.26 ws=15.47,13.50,16.51,21.54 cmd=0.684,0.665,0.795,0.776 cap=2271,2182,1538,1497 des=2271,2182,1346,1310 app=2238,2139,1320,1283 abs=nil,nil,nil,nil ebrake=1.00 ibrake=1.00 hasABS=0 sy=10.84 split=1.000,0.875 ===
 82.69525|I|libbeamng.print:18052| === LSTM_OBS t=106 15.47009,13.49960,16.50547,21.53885,-0.14913,10.83888,-0.20663,-0.02202,0.00000,0.00000,0.00293,1.00000,0.00000,0.00140,-0.01645,5523.04726,0.25000 ===
 82.70666|I|libbeamng.print:18052| === LSTM_TRACE t=108 v=22.15 ws=15.70,13.36,16.02,21.26 cmd=0.707,0.690,0.794,0.776 cap=2165,2093,1535,1491 des=2165,2093,1343,1305 app=2134,2053,1318,1279 abs=nil,nil,nil,nil ebrake=1.00 ibrake=1.00 hasABS=0 sy=10.73 split=1.000,0.875 ===
 82.70670|I|libbeamng.print:18052| === LSTM_OBS t=108 15.70293,13.35729,16.01765,21.26236,-0.10421,10.72868,0.02088,-0.01956,0.00000,0.00000,0.00329,1.00000,0.00000,0.00130,-0.01624,5478.36991,0.25000 ===
 82.71539|I|libbeamng.print:18052| === LSTM_TRACE t=110 v=22.05 ws=15.12,13.05,16.25,21.16 cmd=0.694,0.678,0.797,0.779 cap=2241,2176,1542,1506 des=2241,2176,1349,1318 app=2209,2134,1324,1292 abs=nil,nil,nil,nil ebrake=1.00 ibrake=1.00 hasABS=0 sy=10.64 split=1.000,0.875 ===
 82.71543|I|libbeamng.print:18052| === LSTM_OBS t=110 15.11962,13.05432,16.24851,21.16120,-0.04728,10.63635,0.25440,-0.02470,0.00000,0.00000,0.00293,1.00000,0.00000,0.00118,-0.01608,5433.21616,0.25000 ===
 82.72696|I|libbeamng.print:18052| === LSTM_TRACE t=112 v=21.93 ws=14.85,12.82,15.68,21.06 cmd=0.692,0.674,0.795,0.777 cap=2053,2019,1553,1522 des=2053,2019,1359,1331 app=2024,1980,1334,1306 abs=nil,nil,nil,nil ebrake=1.00 ibrake=1.00 hasABS=0 sy=10.78 split=1.000,0.875 ===
 82.72703|I|libbeamng.print:18052| === LSTM_OBS t=112 14.85324,12.81712,15.67568,21.06245,0.06422,10.77881,0.82400,-0.01814,0.00000,0.00000,0.00256,1.00000,0.00000,0.00107,-0.01598,5387.75117,0.25000 ===
 82.74026|I|libbeamng.print:18052| === LSTM_TRACE t=114 v=21.82 ws=14.99,12.50,15.73,20.89 cmd=0.702,0.688,0.800,0.791 cap=2146,2109,1556,1530 des=2146,2109,1361,1339 app=2117,2069,1336,1314 abs=nil,nil,nil,nil ebrake=1.00 ibrake=1.00 hasABS=0 sy=10.88 split=1.000,0.875 ===
 82.74030|I|libbeamng.print:18052| === LSTM_OBS t=114 14.99205,12.49974,15.73095,20.89437,0.22126,10.87913,0.20117,-0.01783,0.00000,0.00000,0.00254,1.00000,0.00000,0.00097,-0.01584,5342.21159,0.25000 ===
 82.74854|I|libbeamng.print:18052| === LSTM_TRACE t=116 v=21.72 ws=14.64,12.08,15.32,20.86 cmd=0.674,0.665,0.805,0.800 cap=2156,2113,1559,1542 des=2156,2113,1364,1349 app=2126,2073,1339,1325 abs=nil,nil,nil,nil ebrake=1.00 ibrake=1.00 hasABS=0 sy=10.72 split=1.000,0.875 ===
 82.74859|I|libbeamng.print:18052| === LSTM_OBS t=116 14.64291,12.08375,15.31901,20.85571,-0.09086,10.71975,-0.09541,-0.02341,0.00000,0.00000,0.00278,1.00000,0.00000,0.00097,-0.01567,5296.86697,0.25000 ===
 82.76097|I|libbeamng.print:18052| === LSTM_TRACE t=118 v=21.61 ws=14.38,11.78,15.16,20.68 cmd=0.677,0.666,0.806,0.803 cap=2114,2069,1561,1553 des=2114,2069,1366,1359 app=2085,2030,1341,1335 abs=nil,nil,nil,nil ebrake=1.00 ibrake=1.00 hasABS=0 sy=10.71 split=1.000,0.875 ===
 82.76104|I|libbeamng.print:18052| === LSTM_OBS t=118 14.37908,11.77774,15.16327,20.67965,-0.20032,10.70763,0.23939,-0.02136,0.00000,0.00000,0.00335,1.00000,0.00000,0.00090,-0.01550,5251.41839,0.25000 ===
 82.77372|I|libbeamng.print:18052| === LSTM_TRACE t=120 v=21.50 ws=14.52,11.57,15.24,20.55 cmd=0.683,0.671,0.808,0.809 cap=2091,2058,1568,1567 des=2091,2058,1372,1371 app=2063,2019,1348,1347 abs=nil,nil,nil,nil ebrake=1.00 ibrake=1.00 hasABS=0 sy=10.92 split=1.000,0.875 ===
 82.77382|I|libbeamng.print:18052| === LSTM_OBS t=120 14.52029,11.57413,15.24067,20.54954,0.01504,10.91770,0.18591,-0.02010,0.00000,0.00000,0.00326,1.00000,0.00000,0.00087,-0.01536,5205.85127,0.25000 ===
 82.78224|I|libbeamng.print:18052| === LSTM_TRACE t=122 v=21.39 ws=14.58,11.35,14.72,20.48 cmd=0.707,0.689,0.808,0.818 cap=2150,2106,1571,1582 des=2150,2106,1375,1385 app=2121,2067,1351,1361 abs=nil,nil,nil,nil ebrake=1.00 ibrake=1.00 hasABS=0 sy=10.91 split=1.000,0.875 ===
 82.78228|I|libbeamng.print:18052| === LSTM_OBS t=122 14.58466,11.35311,14.71844,20.48129,0.07211,10.91155,0.15571,-0.01778,0.00000,0.00000,0.00326,1.00000,0.00000,0.00083,-0.01518,5160.11110,0.25000 ===
 82.79424|I|libbeamng.print:18052| === LSTM_TRACE t=124 v=21.29 ws=14.21,10.88,14.56,20.29 cmd=0.682,0.666,0.812,0.827 cap=2177,2122,1573,1596 des=2177,2122,1376,1397 app=2149,2082,1353,1374 abs=nil,nil,nil,nil ebrake=1.00 ibrake=1.00 hasABS=0 sy=10.62 split=1.000,0.875 ===
 82.79428|I|libbeamng.print:18052| === LSTM_OBS t=124 14.20850,10.87757,14.55876,20.29411,0.20005,10.62473,-0.10917,-0.02627,0.00000,0.00000,0.00311,1.00000,0.00000,0.00085,-0.01503,5114.19501,0.25000 ===
 82.80696|I|libbeamng.print:18052| === LSTM_TRACE t=126 v=21.18 ws=13.88,10.61,14.47,20.33 cmd=0.669,0.654,0.813,0.829 cap=2092,2040,1576,1605 des=2092,2040,1379,1405 app=2065,2003,1356,1382 abs=nil,nil,nil,nil ebrake=1.00 ibrake=1.00 hasABS=0 sy=10.69 split=1.000,0.875 ===
 82.80700|I|libbeamng.print:18052| === LSTM_OBS t=126 13.87681,10.61403,14.47105,20.32901,0.16273,10.68716,0.21142,-0.02790,0.00000,0.00000,0.00297,1.00000,0.00000,0.00085,-0.01487,5067.80533,0.25000 ===
 82.81481|I|libbeamng.print:18052| === LSTM_TRACE t=128 v=21.07 ws=13.73,10.42,14.19,20.08 cmd=0.672,0.660,0.815,0.828 cap=2083,2039,1581,1606 des=2083,2039,1383,1405 app=2056,2002,1359,1383 abs=nil,nil,nil,nil ebrake=1.00 ibrake=1.00 hasABS=0 sy=10.80 split=1.000,0.875 ===
 82.81485|I|libbeamng.print:18052| === LSTM_OBS t=128 13.72753,10.41532,14.19379,20.08463,0.11265,10.80119,0.32104,-0.02149,0.00000,0.00000,0.00270,1.00000,0.00000,0.00088,-0.01472,5021.41882,0.25000 ===
 82.82926|I|libbeamng.print:18052| === LSTM_TRACE t=130 v=20.96 ws=13.71,10.12,13.88,20.09 cmd=0.679,0.667,0.817,0.835 cap=2085,2050,1586,1615 des=2085,2050,1387,1413 app=2059,2012,1364,1392 abs=nil,nil,nil,nil ebrake=1.00 ibrake=1.00 hasABS=0 sy=10.85 split=1.000,0.875 ===
 82.82930|I|libbeamng.print:18052| === LSTM_OBS t=130 13.71239,10.12114,13.88182,20.09353,-0.00188,10.85432,0.07280,-0.02640,0.00000,0.00000,0.00278,1.00000,0.00000,0.00089,-0.01456,4974.85482,0.25000 ===
 82.83973|I|libbeamng.print:18052| === LSTM_TRACE t=132 v=20.85 ws=13.70,9.83,13.66,19.87 cmd=0.694,0.677,0.816,0.840 cap=2108,2070,1590,1635 des=2108,2070,1391,1430 app=2081,2032,1368,1409 abs=nil,nil,nil,nil ebrake=1.00 ibrake=1.00 hasABS=0 sy=10.82 split=1.000,0.875 ===
 82.83977|I|libbeamng.print:18052| === LSTM_OBS t=132 13.69835,9.83431,13.66441,19.86573,-0.17593,10.81843,0.41168,-0.02577,0.00000,0.00000,0.00270,1.00000,0.00000,0.00093,-0.01443,4928.02586,0.25000 ===
 82.84877|I|libbeamng.print:18052| === LSTM_TRACE t=134 v=20.75 ws=13.59,9.31,13.43,19.80 cmd=0.685,0.661,0.816,0.846 cap=2107,2055,1591,1646 des=2107,2055,1392,1441 app=2081,2018,1369,1419 abs=nil,nil,nil,nil ebrake=1.00 ibrake=1.00 hasABS=0 sy=10.85 split=1.000,0.875 ===
 82.84881|I|libbeamng.print:18052| === LSTM_OBS t=134 13.58734,9.30605,13.42991,19.79787,-0.05312,10.84632,0.39722,-0.02066,0.00000,0.00000,0.00234,1.00000,0.00000,0.00096,-0.01426,4881.32926,0.25000 ===
 82.86026|I|libbeamng.print:18052| === LSTM_TRACE t=136 v=20.64 ws=13.45,9.13,13.28,19.60 cmd=0.689,0.661,0.817,0.851 cap=2108,2030,1589,1655 des=2108,2030,1391,1448 app=2082,1993,1367,1427 abs=nil,nil,nil,nil ebrake=1.00 ibrake=1.00 hasABS=0 sy=10.75 split=1.000,0.875 ===
 82.86030|I|libbeamng.print:18052| === LSTM_OBS t=136 13.44553,9.12899,13.28129,19.60151,0.03980,10.75005,0.40070,-0.01739,0.00000,0.00000,0.00244,1.00000,0.00000,0.00099,-0.01413,4833.86210,0.25000 ===
 82.87349|I|libbeamng.print:18052| === LSTM_TRACE t=138 v=20.53 ws=13.26,8.83,13.09,19.59 cmd=0.682,0.654,0.819,0.855 cap=2126,2039,1590,1658 des=2126,2039,1392,1451 app=2100,2002,1369,1431 abs=nil,nil,nil,nil ebrake=1.00 ibrake=1.00 hasABS=0 sy=10.76 split=1.000,0.875 ===
 82.87353|I|libbeamng.print:18052| === LSTM_OBS t=138 13.26465,8.82808,13.09135,19.58702,0.22674,10.75764,0.25650,-0.01692,0.00000,0.00000,0.00265,1.00000,0.00000,0.00103,-0.01396,4786.33343,0.25000 ===
 82.88141|I|libbeamng.print:18052| === LSTM_TRACE t=140 v=20.42 ws=13.06,8.47,12.86,19.39 cmd=0.678,0.653,0.820,0.857 cap=2090,2013,1593,1665 des=2090,2013,1394,1457 app=2065,1976,1371,1437 abs=nil,nil,nil,nil ebrake=1.00 ibrake=1.00 hasABS=0 sy=10.96 split=1.000,0.875 ===
 82.88145|I|libbeamng.print:18052| === LSTM_OBS t=140 13.06199,8.46569,12.85949,19.38984,0.01543,10.96226,0.32812,-0.01682,0.00000,0.00000,0.00254,1.00000,0.00000,0.00110,-0.01381,4738.39600,0.25000 ===
 82.89350|I|libbeamng.print:18052| === LSTM_TRACE t=142 v=20.32 ws=12.90,8.27,12.66,19.36 cmd=0.673,0.653,0.823,0.860 cap=2086,2023,1599,1671 des=2086,2023,1399,1462 app=2061,1986,1376,1442 abs=nil,nil,nil,nil ebrake=1.00 ibrake=1.00 hasABS=0 sy=10.63 split=1.000,0.875 ===
 82.89354|I|libbeamng.print:18052| === LSTM_OBS t=142 12.89663,8.27113,12.66128,19.36145,0.20466,10.63360,0.37260,-0.01577,0.00000,0.00000,0.00249,1.00000,0.00000,0.00118,-0.01365,4690.73445,0.25000 ===
 82.90637|I|libbeamng.print:18052| === LSTM_TRACE t=144 v=20.21 ws=12.77,8.03,12.41,19.21 cmd=0.665,0.645,0.825,0.866 cap=2073,2006,1601,1675 des=2073,2006,1401,1466 app=2048,1970,1378,1446 abs=nil,nil,nil,nil ebrake=1.00 ibrake=1.00 hasABS=0 sy=10.66 split=1.000,0.875 ===
 82.90641|I|libbeamng.print:18052| === LSTM_OBS t=144 12.77369,8.02939,12.40894,19.21080,0.21120,10.66329,-0.07327,-0.01455,0.00000,0.00000,0.00249,1.00000,0.00000,0.00123,-0.01352,4643.16411,0.25000 ===
 82.91470|I|libbeamng.print:18052| === LSTM_TRACE t=146 v=20.10 ws=12.67,7.51,12.16,19.18 cmd=0.675,0.649,0.825,0.868 cap=2104,2032,1601,1681 des=2104,2032,1401,1471 app=2079,1994,1378,1452 abs=nil,nil,nil,nil ebrake=1.00 ibrake=1.00 hasABS=0 sy=10.88 split=1.000,0.875 ===
 82.91474|I|libbeamng.print:18052| === LSTM_OBS t=146 12.67015,7.50906,12.15964,19.18482,0.11538,10.88474,0.17861,-0.01889,0.00000,0.00000,0.00261,1.00000,0.00000,0.00125,-0.01338,4594.70787,0.25000 ===
 82.92678|I|libbeamng.print:18052| === LSTM_TRACE t=148 v=20.00 ws=12.53,7.19,11.96,18.98 cmd=0.671,0.644,0.826,0.871 cap=2067,1990,1605,1695 des=2067,1990,1404,1483 app=2042,1953,1381,1464 abs=nil,nil,nil,nil ebrake=1.00 ibrake=1.00 hasABS=0 sy=10.56 split=1.000,0.875 ===
 82.92682|I|libbeamng.print:18052| === LSTM_OBS t=148 12.52947,7.19468,11.95911,18.97936,0.11523,10.56079,0.40176,-0.01368,0.00000,0.00000,0.00249,1.00000,0.00000,0.00133,-0.01321,4546.43525,0.25000 ===
 82.93951|I|libbeamng.print:18052| === LSTM_TRACE t=150 v=19.89 ws=12.38,7.06,11.76,18.94 cmd=0.670,0.646,0.828,0.874 cap=2069,1994,1608,1696 des=2069,1994,1407,1484 app=2044,1957,1384,1465 abs=nil,nil,nil,nil ebrake=1.00 ibrake=1.00 hasABS=0 sy=10.73 split=1.000,0.875 ===
 82.93954|I|libbeamng.print:18052| === LSTM_OBS t=150 12.38429,7.05626,11.76200,18.94290,0.20832,10.72911,0.23586,-0.02567,0.00000,0.00000,0.00256,1.00000,0.00000,0.00138,-0.01304,4498.27537,0.25000 ===
 82.94767|I|libbeamng.print:18052| === LSTM_TRACE t=152 v=19.79 ws=12.20,6.72,11.54,18.68 cmd=0.663,0.639,0.828,0.874 cap=2050,1983,1611,1700 des=2050,1983,1409,1488 app=2026,1946,1387,1469 abs=nil,nil,nil,nil ebrake=1.00 ibrake=1.00 hasABS=0 sy=10.65 split=1.000,0.875 ===
 82.94771|I|libbeamng.print:18052| === LSTM_OBS t=152 12.20085,6.71607,11.53804,18.68445,0.15390,10.65324,0.49628,-0.02366,0.00000,0.00000,0.00278,1.00000,0.00000,0.00144,-0.01294,4449.92471,0.25000 ===
 82.96182|I|libbeamng.print:18052| === LSTM_TRACE t=154 v=19.68 ws=12.13,6.48,11.28,18.65 cmd=0.668,0.645,0.829,0.879 cap=2035,1968,1612,1700 des=2035,1968,1410,1488 app=2011,1932,1387,1470 abs=nil,nil,nil,nil ebrake=1.00 ibrake=1.00 hasABS=0 sy=10.64 split=1.000,0.875 ===
 82.96194|I|libbeamng.print:18052| === LSTM_OBS t=154 12.13034,6.47637,11.27580,18.65082,0.33498,10.64103,0.23004,-0.01914,0.00000,0.00000,0.00261,1.00000,0.00000,0.00154,-0.01275,4401.43325,0.25000 ===
 82.97249|I|libbeamng.print:18052| === LSTM_TRACE t=156 v=19.57 ws=12.01,6.12,11.03,18.49 cmd=0.659,0.636,0.830,0.882 cap=2064,1994,1612,1700 des=2064,1994,1410,1488 app=2040,1956,1387,1470 abs=nil,nil,nil,nil ebrake=1.00 ibrake=1.00 hasABS=0 sy=10.66 split=1.000,0.875 ===
 82.97252|I|libbeamng.print:18052| === LSTM_OBS t=156 12.00678,6.12452,11.03074,18.48935,0.31651,10.66473,-0.06809,-0.02126,0.00000,0.00000,0.00270,1.00000,0.00000,0.00156,-0.01262,4353.11613,0.25000 ===
 82.97757|I|libbeamng.print:18052| === LSTM_TRACE t=158 v=19.47 ws=11.96,5.83,10.97,18.46 cmd=0.668,0.642,0.830,0.883 cap=2065,1987,1612,1700 des=2065,1987,1410,1488 app=2041,1949,1387,1470 abs=nil,nil,nil,nil ebrake=1.00 ibrake=1.00 hasABS=0 sy=10.47 split=1.000,0.875 ===
 82.97761|I|libbeamng.print:18052| === LSTM_OBS t=158 11.95702,5.82623,10.96938,18.45858,0.21005,10.46806,0.42272,-0.01866,0.00000,0.00000,0.00289,1.00000,0.00000,0.00162,-0.01247,4328.97189,0.25000 ===
 82.99416|I|libbeamng.print:18052| === LSTM_TRACE t=160 v=19.36 ws=11.90,5.49,10.62,18.48 cmd=0.667,0.639,0.830,0.886 cap=2041,1971,1615,1700 des=2041,1971,1413,1488 app=2017,1933,1390,1471 abs=nil,nil,nil,nil ebrake=1.00 ibrake=1.00 hasABS=0 sy=10.60 split=1.000,0.875 ===
 82.99421|I|libbeamng.print:18052| === LSTM_OBS t=160 11.90442,5.49186,10.62161,18.48001,0.56360,10.59773,0.25704,-0.02023,0.00000,0.00000,0.00326,1.00000,0.00000,0.00167,-0.01228,4279.79081,0.25000 ===
 82.99994|I|libbeamng.print:18052| === LSTM_TRACE t=162 v=19.26 ws=11.85,5.30,10.34,18.30 cmd=0.669,0.640,0.830,0.887 cap=2092,1995,1611,1700 des=2092,1995,1410,1488 app=2067,1957,1387,1471 abs=nil,nil,nil,nil ebrake=1.00 ibrake=1.00 hasABS=0 sy=10.45 split=1.000,0.875 ===
 83.00005|I|libbeamng.print:18052| === LSTM_OBS t=162 11.85083,5.30238,10.33575,18.30284,-0.02211,10.45290,0.20573,-0.02627,0.00000,0.00000,0.00307,1.00000,0.00000,0.00164,-0.01216,4230.37353,0.25000 ===
 83.01036|I|libbeamng.print:18052| === LSTM_TRACE t=164 v=19.15 ws=11.71,5.04,10.09,18.26 cmd=0.676,0.647,0.831,0.892 cap=2053,1973,1616,1700 des=2053,1973,1414,1488 app=2029,1935,1391,1471 abs=nil,nil,nil,nil ebrake=1.00 ibrake=1.00 hasABS=0 sy=10.65 split=1.000,0.875 ===
 83.01047|I|libbeamng.print:18052| === LSTM_OBS t=164 11.71042,5.03782,10.08734,18.26257,0.47675,10.65229,0.04669,-0.01971,0.00000,0.00000,0.00370,1.00000,0.00000,0.00156,-0.01196,4180.85341,0.25000 ===
 83.02456|I|libbeamng.print:18052| === LSTM_TRACE t=166 v=19.04 ws=11.40,4.79,9.85,17.94 cmd=0.664,0.634,0.832,0.893 cap=2094,1996,1615,1700 des=2094,1996,1413,1488 app=2069,1957,1390,1472 abs=nil,nil,nil,nil ebrake=1.00 ibrake=1.00 hasABS=0 sy=10.90 split=1.000,0.875 ===
 83.02460|I|libbeamng.print:18052| === LSTM_OBS t=166 11.40312,4.79437,9.84517,17.93641,-0.01884,10.89648,0.00072,-0.01745,0.00000,0.00000,0.00297,1.00000,0.00000,0.00148,-0.01184,4130.96159,0.25000 ===
 83.03148|I|libbeamng.print:18052| === LSTM_TRACE t=168 v=18.93 ws=11.28,4.68,9.76,17.89 cmd=0.675,0.652,0.834,0.894 cap=2059,1981,1619,1700 des=2059,1981,1416,1488 app=2035,1942,1393,1472 abs=nil,nil,nil,nil ebrake=1.00 ibrake=1.00 hasABS=0 sy=10.85 split=1.000,0.875 ===
 83.03152|I|libbeamng.print:18052| === LSTM_OBS t=168 11.28476,4.67516,9.76474,17.89450,0.31070,10.84680,0.39213,-0.01349,0.00000,0.00000,0.00342,1.00000,0.00000,0.00136,-0.01162,4080.82874,0.25000 ===
 83.04369|I|libbeamng.print:18052| === LSTM_TRACE t=170 v=18.83 ws=11.14,4.13,9.41,17.96 cmd=0.660,0.638,0.834,0.896 cap=2060,2002,1624,1700 des=2060,2002,1421,1488 app=2035,1962,1398,1472 abs=nil,nil,nil,nil ebrake=1.00 ibrake=1.00 hasABS=0 sy=10.59 split=1.000,0.875 ===
 83.04378|I|libbeamng.print:18052| === LSTM_OBS t=170 11.13514,4.12968,9.40555,17.96389,0.55361,10.58912,0.29361,-0.02259,0.00000,0.00000,0.00261,1.00000,0.00000,0.00118,-0.01144,4030.84788,0.25000 ===
 83.05712|I|libbeamng.print:18052| === LSTM_TRACE t=172 v=18.72 ws=11.00,4.08,9.21,17.65 cmd=0.652,0.637,0.836,0.897 cap=2033,1963,1620,1700 des=2033,1963,1418,1488 app=2010,1924,1394,1472 abs=nil,nil,nil,nil ebrake=1.00 ibrake=1.00 hasABS=0 sy=10.68 split=1.000,0.875 ===
 83.05716|I|libbeamng.print:18052| === LSTM_OBS t=172 10.99828,4.08090,9.21343,17.64726,-0.10108,10.68322,-0.22186,-0.02239,0.00000,0.00000,0.00192,1.00000,0.00000,0.00095,-0.01124,3980.82827,0.25000 ===
 83.06548|I|libbeamng.print:18052| === LSTM_TRACE t=174 v=18.62 ws=10.85,3.90,9.12,17.46 cmd=0.663,0.660,0.842,0.902 cap=2057,2030,1630,1700 des=2057,2030,1426,1488 app=2033,1989,1402,1473 abs=nil,nil,nil,nil ebrake=1.00 ibrake=1.00 hasABS=0 sy=10.44 split=1.000,0.875 ===
 83.06551|I|libbeamng.print:18052| === LSTM_OBS t=174 10.84884,3.89577,9.11583,17.45512,0.46555,10.44304,-0.30318,-0.02348,0.00000,0.00000,0.00328,1.00000,0.00000,0.00075,-0.01101,3930.33637,0.25000 ===
 83.07679|I|libbeamng.print:18052| === LSTM_TRACE t=176 v=18.52 ws=10.70,3.37,8.82,17.47 cmd=0.640,0.630,0.840,0.900 cap=2017,2005,1635,1700 des=2017,2005,1431,1488 app=1994,1964,1407,1473 abs=nil,nil,nil,nil ebrake=1.00 ibrake=1.00 hasABS=0 sy=10.41 split=1.000,0.875 ===
 83.07683|I|libbeamng.print:18052| === LSTM_OBS t=176 10.69691,3.36552,8.81600,17.47488,0.46714,10.40660,0.39421,-0.01916,0.00000,0.00000,0.00345,1.00000,0.00000,0.00037,-0.01083,3880.49265,0.25000 ===
 83.09011|I|libbeamng.print:18052| === LSTM_TRACE t=178 v=18.41 ws=10.76,2.90,8.63,17.22 cmd=0.641,0.633,0.841,0.899 cap=1976,1936,1631,1700 des=1976,1936,1427,1488 app=1953,1896,1403,1473 abs=nil,nil,nil,nil ebrake=1.00 ibrake=1.00 hasABS=0 sy=10.55 split=1.000,0.875 ===
 83.09015|I|libbeamng.print:18052| === LSTM_OBS t=178 10.75651,2.89757,8.62538,17.22172,-0.26059,10.54529,-0.04773,-0.02293,0.00000,0.00000,0.00249,1.00000,0.00000,0.00005,-0.01058,3830.19601,0.25000 ===
 83.09914|I|libbeamng.print:18052| === LSTM_TRACE t=180 v=18.30 ws=10.50,3.08,8.55,16.95 cmd=0.648,0.653,0.845,0.902 cap=1993,1994,1639,1700 des=1993,1994,1434,1488 app=1969,1952,1410,1473 abs=nil,nil,nil,nil ebrake=1.00 ibrake=1.00 hasABS=0 sy=10.55 split=1.000,0.875 ===
 83.09918|I|libbeamng.print:18052| === LSTM_OBS t=180 10.50245,3.08044,8.55239,16.95224,0.34291,10.55158,-0.18988,-0.02218,0.00000,0.00000,0.00375,1.00000,0.00000,-0.00014,-0.01031,3780.73795,0.25000 ===
 83.10968|I|libbeamng.print:18052| === LSTM_TRACE t=182 v=18.19 ws=10.47,2.48,8.27,17.08 cmd=0.646,0.648,0.846,0.905 cap=2010,2035,1645,1700 des=2010,2035,1439,1488 app=1986,1992,1415,1474 abs=nil,nil,nil,nil ebrake=1.00 ibrake=1.00 hasABS=0 sy=10.68 split=1.000,0.875 ===
 83.10972|I|libbeamng.print:18052| === LSTM_OBS t=182 10.47143,2.47540,8.26958,17.08294,0.68577,10.68062,-0.08045,-0.01185,0.00000,0.00000,0.00404,1.00000,0.00000,-0.00058,-0.01011,3730.53183,0.25000 ===
 83.12317|I|libbeamng.print:18052| === LSTM_TRACE t=184 v=18.10 ws=10.28,1.69,8.09,16.64 cmd=0.616,0.616,0.845,0.903 cap=1966,1958,1642,1700 des=1966,1958,1437,1488 app=1943,1916,1412,1474 abs=nil,nil,nil,nil ebrake=1.00 ibrake=1.00 hasABS=0 sy=10.38 split=1.000,0.875 ===
 83.12323|I|libbeamng.print:18052| === LSTM_OBS t=184 10.28078,1.69241,8.09267,16.63575,-0.19182,10.37504,0.00420,-0.01684,0.00000,0.00000,0.00169,1.00000,0.00000,-0.00094,-0.00983,3680.80234,0.25000 ===
 83.13332|I|libbeamng.print:18052| === LSTM_TRACE t=186 v=17.99 ws=10.45,1.47,8.09,16.52 cmd=0.620,0.632,0.849,0.902 cap=1902,1919,1645,1700 des=1902,1919,1440,1488 app=1880,1878,1415,1474 abs=nil,nil,nil,nil ebrake=1.00 ibrake=1.00 hasABS=0 sy=10.33 split=1.000,0.875 ===
 83.13336|I|libbeamng.print:18052| === LSTM_OBS t=186 10.44673,1.47475,8.09491,16.51583,-0.20083,10.32882,-0.05002,-0.01828,0.00000,0.00000,0.00234,1.00000,0.00000,-0.00116,-0.00959,3631.02737,0.25000 ===
 83.14316|I|libbeamng.print:18052| === LSTM_TRACE t=188 v=17.89 ws=10.47,0.63,7.76,16.49 cmd=0.629,0.634,0.849,0.903 cap=1954,1991,1651,1700 des=1954,1991,1445,1488 app=1931,1947,1420,1474 abs=nil,nil,nil,nil ebrake=1.00 ibrake=1.00 hasABS=0 sy=10.31 split=1.000,0.875 ===
 83.14326|I|libbeamng.print:18052| === LSTM_OBS t=188 10.46708,0.62919,7.76491,16.49328,0.50747,10.31227,0.09674,-0.00961,0.00000,0.00000,0.00384,1.00000,0.00000,-0.00140,-0.00933,3581.79995,0.25000 ===
 83.14964|I|libbeamng.print:18052| === LSTM_TRACE t=190 v=17.79 ws=10.42,0.27,7.58,16.20 cmd=0.617,0.608,0.845,0.903 cap=1901,1891,1646,1700 des=1901,1891,1440,1488 app=1879,1849,1415,1474 abs=nil,nil,nil,nil ebrake=1.00 ibrake=1.00 hasABS=0 sy=10.23 split=1.000,0.875 ===
 83.14968|I|libbeamng.print:18052| === LSTM_OBS t=190 10.41740,0.27374,7.57981,16.19686,0.32980,10.23372,0.09895,-0.01002,0.00000,0.00000,0.00404,1.00000,0.00000,-0.00168,-0.00911,3556.57744,0.25000 ===
 83.16346|I|libbeamng.print:18052| === LSTM_TRACE t=192 v=17.68 ws=10.52,0.22,7.47,16.06 cmd=0.637,0.634,0.846,0.900 cap=1945,1923,1642,1700 des=1945,1923,1437,1488 app=1922,1880,1412,1474 abs=nil,nil,nil,nil ebrake=1.00 ibrake=1.00 hasABS=0 sy=10.30 split=1.000,0.875 ===
 83.16350|I|libbeamng.print:18052| === LSTM_OBS t=192 10.51675,0.22481,7.46512,16.05621,-0.28481,10.29685,0.38169,-0.00886,0.00000,0.00000,0.00335,1.00000,0.00000,-0.00164,-0.00894,3506.27258,0.25000 ===
 83.17444|I|libbeamng.print:18052| === LSTM_TRACE t=194 v=17.58 ws=10.49,0.16,7.18,15.81 cmd=0.627,0.632,0.847,0.900 cap=1942,1952,1647,1700 des=1942,1952,1441,1488 app=1919,1907,1415,1474 abs=nil,nil,nil,nil ebrake=1.00 ibrake=1.00 hasABS=0 sy=10.38 split=1.000,0.875 ===
 83.17448|I|libbeamng.print:18052| === LSTM_OBS t=194 10.48992,0.16066,7.18441,15.81048,-0.19569,10.38135,0.03663,-0.00596,0.00000,0.00000,0.00162,1.00000,0.00000,-0.00150,-0.00876,3456.13053,0.25000 ===
 83.18209|I|libbeamng.print:18052| === LSTM_TRACE t=196 v=17.48 ws=10.55,0.14,7.12,15.83 cmd=0.646,0.650,0.848,0.904 cap=1983,1996,1647,1700 des=1983,1996,1441,1488 app=1960,1950,1415,1475 abs=nil,nil,nil,nil ebrake=1.00 ibrake=1.00 hasABS=0 sy=10.16 split=1.000,0.875 ===
 83.18213|I|libbeamng.print:18052| === LSTM_OBS t=196 10.55018,0.14254,7.12239,15.83328,0.17099,10.15654,-0.23252,-0.00179,0.00000,0.00000,0.00256,1.00000,0.00000,-0.00153,-0.00860,3406.33536,0.25000 ===
 83.19575|I|libbeamng.print:18052| === LSTM_TRACE t=198 v=17.38 ws=10.50,0.09,6.72,15.95 cmd=0.652,0.640,0.844,0.904 cap=2023,2006,1645,1700 des=2023,2006,1439,1488 app=1999,1958,1413,1475 abs=nil,nil,nil,nil ebrake=1.00 ibrake=1.00 hasABS=0 sy=10.08 split=1.000,0.875 ===
 83.19579|I|libbeamng.print:18052| === LSTM_OBS t=198 10.49906,0.09202,6.72298,15.95100,0.01951,10.07709,0.27143,0.00162,0.00000,0.00000,0.00381,1.00000,0.00000,-0.00138,-0.00842,3356.37387,0.25000 ===
 83.20664|I|libbeamng.print:18052| === LSTM_TRACE t=200 v=17.28 ws=10.41,0.08,6.63,15.51 cmd=0.667,0.653,0.843,0.902 cap=2044,1995,1638,1700 des=2044,1995,1433,1488 app=2020,1947,1407,1475 abs=nil,nil,nil,nil ebrake=1.00 ibrake=1.00 hasABS=0 sy=10.20 split=1.000,0.875 ===
 83.20668|I|libbeamng.print:18052| === LSTM_OBS t=200 10.40532,0.07933,6.62856,15.50796,0.02151,10.19846,0.35456,-0.00438,0.00000,0.00000,0.00349,1.00000,0.00000,-0.00122,-0.00822,3307.48540,0.25000 ===
 83.21524|I|libbeamng.print:18052| === LSTM_TRACE t=202 v=17.17 ws=10.20,0.07,6.15,15.73 cmd=0.673,0.663,0.843,0.904 cap=2073,2043,1639,1700 des=2073,2043,1434,1488 app=2049,1993,1408,1475 abs=nil,nil,nil,nil ebrake=1.00 ibrake=1.00 hasABS=0 sy=10.36 split=1.000,0.875 ===
 83.21528|I|libbeamng.print:18052| === LSTM_OBS t=202 10.19974,0.06702,6.15485,15.73104,0.30315,10.36167,0.28122,-0.00187,0.00000,0.00000,0.00198,1.00000,0.00000,-0.00109,-0.00813,3258.52444,0.25000 ===
 83.22764|I|libbeamng.print:18052| === LSTM_TRACE t=204 v=17.06 ws=9.94,0.05,6.14,15.45 cmd=0.665,0.661,0.844,0.907 cap=2072,2049,1637,1700 des=2072,2049,1432,1488 app=2048,1998,1406,1475 abs=nil,nil,nil,nil ebrake=1.00 ibrake=1.00 hasABS=0 sy=10.62 split=1.000,0.875 ===
 83.22767|I|libbeamng.print:18052| === LSTM_OBS t=204 9.94218,0.04928,6.13874,15.45112,0.35286,10.62353,-0.29374,0.00973,0.00000,0.00000,0.00210,1.00000,0.00000,-0.00105,-0.00799,3209.21800,0.25000 ===
 83.24006|I|libbeamng.print:18052| === LSTM_TRACE t=206 v=16.97 ws=9.82,0.02,5.58,15.55 cmd=0.673,0.674,0.844,0.907 cap=2085,2080,1640,1700 des=2085,2080,1435,1488 app=2060,2028,1408,1475 abs=nil,nil,nil,nil ebrake=1.00 ibrake=1.00 hasABS=0 sy=10.28 split=1.000,0.875 ===
 83.24011|I|libbeamng.print:18052| === LSTM_OBS t=206 9.81661,0.01616,5.58396,15.54871,0.31663,10.28499,0.18368,0.00405,0.00000,0.00000,0.00293,1.00000,0.00000,-0.00086,-0.00786,3160.90515,0.25000 ===
 83.24819|I|libbeamng.print:18052| === LSTM_TRACE t=208 v=16.86 ws=9.60,0.02,5.51,15.74 cmd=0.671,0.674,0.844,0.908 cap=2102,2098,1639,1700 des=2102,2098,1434,1488 app=2077,2045,1407,1475 abs=nil,nil,nil,nil ebrake=1.00 ibrake=1.00 hasABS=0 sy=10.28 split=1.000,0.875 ===
 83.24823|I|libbeamng.print:18052| === LSTM_OBS t=208 9.60349,0.02087,5.50831,15.74258,0.12021,10.28142,-0.06755,0.00741,0.00000,0.00000,0.00311,1.00000,0.00000,-0.00089,-0.00772,3113.76155,0.25000 ===
 83.26072|I|libbeamng.print:18052| === LSTM_TRACE t=210 v=16.75 ws=9.34,0.01,5.15,15.13 cmd=0.675,0.686,0.846,0.908 cap=2076,2098,1642,1700 des=2076,2098,1436,1488 app=2051,2044,1409,1475 abs=nil,nil,nil,nil ebrake=1.00 ibrake=1.00 hasABS=0 sy=10.51 split=1.000,0.875 ===
 83.26084|I|libbeamng.print:18052| === LSTM_OBS t=210 9.34174,0.01465,5.14910,15.12632,0.13325,10.50603,0.35070,-0.00337,0.00000,0.00000,0.00221,1.00000,0.00000,-0.00089,-0.00766,3066.99323,0.25000 ===
 83.27314|I|libbeamng.print:18052| === LSTM_TRACE t=212 v=16.63 ws=8.91,0.00,5.12,15.33 cmd=0.667,0.688,0.849,0.910 cap=2086,2137,1646,1700 des=2086,2137,1440,1488 app=2061,2081,1412,1475 abs=nil,nil,nil,nil ebrake=1.00 ibrake=1.00 hasABS=0 sy=10.89 split=1.000,0.875 ===
 83.27318|I|libbeamng.print:18052| === LSTM_OBS t=212 8.90890,0.00215,5.12111,15.33018,0.17350,10.89011,0.03253,0.00985,0.00000,0.00000,0.00198,1.00000,0.00000,-0.00074,-0.00760,3021.29771,0.25000 ===
 83.28151|I|libbeamng.print:18052| === LSTM_TRACE t=214 v=16.54 ws=8.83,0.01,5.01,15.05 cmd=0.656,0.687,0.851,0.911 cap=2037,2125,1652,1700 des=2037,2125,1446,1488 app=2013,2069,1417,1475 abs=nil,nil,nil,nil ebrake=1.00 ibrake=1.00 hasABS=0 sy=10.36 split=1.000,0.875 ===
 83.28156|I|libbeamng.print:18052| === LSTM_OBS t=214 8.82709,0.01302,5.00625,15.04720,0.47229,10.35798,0.09834,0.00250,0.00000,0.00000,0.00307,1.00000,0.00000,-0.00075,-0.00760,2975.02894,0.25000 ===
 83.29465|I|libbeamng.print:18052| === LSTM_TRACE t=216 v=16.43 ws=8.65,0.02,4.36,14.85 cmd=0.674,0.707,0.852,0.913 cap=2061,2156,1653,1700 des=2061,2156,1447,1488 app=2036,2098,1418,1476 abs=nil,nil,nil,nil ebrake=1.00 ibrake=1.00 hasABS=0 sy=10.75 split=1.000,0.875 ===
 83.29469|I|libbeamng.print:18052| === LSTM_OBS t=216 8.64893,0.01552,4.36430,14.84507,0.28392,10.75232,-0.44139,0.01085,0.00000,0.00000,0.00305,1.00000,0.00000,-0.00063,-0.00753,2930.38276,0.25000 ===
 83.30599|I|libbeamng.print:18052| === LSTM_TRACE t=218 v=16.33 ws=8.21,0.01,4.62,15.12 cmd=0.648,0.692,0.854,0.914 cap=2078,2194,1658,1700 des=2078,2194,1451,1488 app=2053,2135,1422,1476 abs=nil,nil,nil,nil ebrake=1.00 ibrake=1.00 hasABS=0 sy=10.45 split=1.000,0.875 ===
 83.30605|I|libbeamng.print:18052| === LSTM_OBS t=218 8.20535,0.01093,4.62313,15.11926,0.39911,10.44654,-0.25038,0.00193,0.00000,0.00000,0.00146,1.00000,0.00000,-0.00065,-0.00754,2883.77271,0.25000 ===
 83.31453|I|libbeamng.print:18052| === LSTM_TRACE t=220 v=16.23 ws=8.20,0.01,4.28,14.90 cmd=0.639,0.690,0.856,0.914 cap=1976,2125,1661,1700 des=1976,2125,1454,1488 app=1952,2067,1424,1476 abs=nil,nil,nil,nil ebrake=1.00 ibrake=1.00 hasABS=0 sy=10.43 split=1.000,0.875 ===
 83.31457|I|libbeamng.print:18052| === LSTM_OBS t=220 8.19964,0.00984,4.27776,14.90082,-0.10959,10.43415,-0.01719,0.00766,0.00000,0.00000,0.00315,1.00000,0.00000,-0.00058,-0.00758,2837.74148,0.25000 ===
 83.32692|I|libbeamng.print:18052| === LSTM_TRACE t=222 v=16.12 ws=8.11,0.02,3.64,14.57 cmd=0.664,0.715,0.857,0.913 cap=2017,2175,1665,1700 des=2017,2175,1457,1488 app=1992,2115,1427,1476 abs=nil,nil,nil,nil ebrake=1.00 ibrake=1.00 hasABS=0 sy=10.51 split=1.000,0.875 ===
 83.32701|I|libbeamng.print:18052| === LSTM_OBS t=222 8.10564,0.02053,3.63827,14.57001,0.10549,10.50679,-0.05973,0.00572,0.00000,0.00000,0.00265,1.00000,0.00000,-0.00038,-0.00759,2793.41078,0.25000 ===
 83.33401|I|libbeamng.print:18052| === LSTM_TRACE t=224 v=16.02 ws=7.62,0.00,3.96,14.56 cmd=0.648,0.700,0.855,0.915 cap=2056,2212,1663,1700 des=2056,2212,1455,1488 app=2030,2150,1425,1476 abs=nil,nil,nil,nil ebrake=1.00 ibrake=1.00 hasABS=0 sy=10.34 split=1.000,0.875 ===
 83.33405|I|libbeamng.print:18052| === LSTM_OBS t=224 7.62323,0.00291,3.96385,14.56205,0.56637,10.34471,-0.14923,0.00302,0.00000,0.00000,0.00162,1.00000,0.00000,-0.00052,-0.00769,2769.65700,0.25000 ===
 83.34446|I|libbeamng.print:18052| === LSTM_TRACE t=226 v=15.91 ws=7.41,0.00,3.81,14.45 cmd=0.621,0.690,0.858,0.915 cap=1965,2149,1662,1700 des=1965,2149,1454,1488 app=1941,2088,1424,1476 abs=nil,nil,nil,nil ebrake=1.00 ibrake=1.00 hasABS=0 sy=10.44 split=1.000,0.875 ===
 83.34453|I|libbeamng.print:18052| === LSTM_OBS t=226 7.40565,0.00260,3.80873,14.44914,-0.49450,10.44236,-0.10599,0.01077,0.00000,0.00000,0.00322,1.00000,0.00000,-0.00045,-0.00769,2720.80208,0.25000 ===
 83.35760|I|libbeamng.print:18052| === LSTM_TRACE t=228 v=15.80 ws=7.54,0.01,2.93,14.07 cmd=0.657,0.722,0.858,0.913 cap=1963,2177,1668,1700 des=1963,2177,1460,1488 app=1939,2114,1429,1476 abs=nil,nil,nil,nil ebrake=1.00 ibrake=1.00 hasABS=0 sy=10.60 split=1.000,0.875 ===
 83.35764|I|libbeamng.print:18052| === LSTM_OBS t=228 7.53559,0.01444,2.93091,14.07400,0.31485,10.59996,-0.10469,0.01433,0.00000,0.00000,0.00210,1.00000,0.00000,-0.00018,-0.00777,2675.17714,0.25000 ===
 83.36628|I|libbeamng.print:18052| === LSTM_TRACE t=230 v=15.72 ws=7.14,0.00,2.83,14.14 cmd=0.660,0.715,0.852,0.915 cap=2065,2243,1662,1700 des=2065,2243,1455,1488 app=2039,2178,1423,1476 abs=nil,nil,nil,nil ebrake=1.00 ibrake=1.00 hasABS=0 sy=9.94 split=1.000,0.875 ===
 83.36632|I|libbeamng.print:18052| === LSTM_OBS t=230 7.14161,0.00407,2.83083,14.14295,0.94852,9.94352,-0.33193,0.00589,0.00000,0.00000,0.00249,1.00000,0.00000,-0.00035,-0.00788,2628.73439,0.25000 ===
 83.37855|I|libbeamng.print:18052| === LSTM_TRACE t=232 v=15.61 ws=6.92,0.01,3.40,14.14 cmd=0.626,0.698,0.854,0.916 cap=1997,2180,1655,1700 des=1997,2180,1448,1488 app=1972,2116,1416,1476 abs=nil,nil,nil,nil ebrake=1.00 ibrake=1.00 hasABS=0 sy=9.99 split=1.000,0.875 ===
 83.37861|I|libbeamng.print:18052| === LSTM_OBS t=232 6.91697,0.00610,3.40499,14.13881,-0.15172,9.98862,-0.62851,-0.00596,0.00000,0.00000,0.00198,1.00000,0.00000,-0.00044,-0.00785,2577.52146,0.25000 ===
 83.39077|I|libbeamng.print:18052| === LSTM_TRACE t=234 v=15.49 ws=6.83,0.00,2.77,13.68 cmd=0.614,0.708,0.860,0.910 cap=1875,2151,1667,1700 des=1875,2151,1459,1488 app=1851,2087,1426,1476 abs=nil,nil,nil,nil ebrake=1.00 ibrake=1.00 hasABS=0 sy=10.73 split=1.000,0.875 ===
 83.39080|I|libbeamng.print:18052| === LSTM_OBS t=234 6.83326,0.00091,2.77406,13.68375,-0.20130,10.73165,0.00292,0.01177,0.00000,0.00000,0.00285,1.00000,0.00000,-0.00012,-0.00786,2527.63547,0.25000 ===
 83.39951|I|libbeamng.print:18052| === LSTM_TRACE t=236 v=15.41 ws=6.74,0.01,1.79,13.40 cmd=0.670,0.744,0.854,0.907 cap=1989,2257,1669,1700 des=1989,2257,1461,1488 app=1963,2189,1428,1476 abs=nil,nil,nil,nil ebrake=1.00 ibrake=1.00 hasABS=0 sy=9.98 split=1.000,0.875 ===
 83.39955|I|libbeamng.print:18052| === LSTM_OBS t=236 6.74398,0.01101,1.79466,13.40197,0.95703,9.98320,0.57230,0.00758,0.00000,0.00000,0.00176,1.00000,0.00000,-0.00014,-0.00802,2483.03955,0.25000 ===
 83.41098|I|libbeamng.print:18052| === LSTM_TRACE t=238 v=15.31 ws=6.32,0.01,1.43,13.68 cmd=0.689,0.748,0.846,0.913 cap=2125,2323,1651,1700 des=2125,2323,1444,1488 app=2097,2252,1411,1476 abs=nil,nil,nil,nil ebrake=1.00 ibrake=1.00 hasABS=0 sy=9.83 split=1.000,0.875 ===
 83.41102|I|libbeamng.print:18052| === LSTM_OBS t=238 6.31732,0.00830,1.43319,13.67528,0.67561,9.82567,-0.42446,-0.00436,0.00000,0.00000,0.00239,1.00000,0.00000,-0.00047,-0.00803,2436.15151,0.25000 ===
 83.42441|I|libbeamng.print:18052| === LSTM_TRACE t=240 v=15.22 ws=5.83,0.00,1.75,14.18 cmd=0.617,0.707,0.851,0.917 cap=2049,2271,1647,1700 des=2049,2271,1441,1488 app=2023,2201,1407,1476 abs=nil,nil,nil,nil ebrake=1.00 ibrake=1.00 hasABS=0 sy=9.65 split=1.000,0.875 ===
 83.42455|I|libbeamng.print:18052| === LSTM_OBS t=240 5.83051,0.00497,1.74787,14.17772,-0.37183,9.64928,-0.71040,-0.00351,0.00000,0.00000,0.00154,1.00000,0.00000,-0.00030,-0.00804,2381.83691,0.25000 ===
 83.43331|I|libbeamng.print:18052| === LSTM_TRACE t=242 v=15.12 ws=5.79,0.01,2.01,13.95 cmd=0.568,0.679,0.854,0.908 cap=1785,2119,1659,1700 des=1785,2119,1451,1488 app=1762,2053,1417,1476 abs=nil,nil,nil,nil ebrake=1.00 ibrake=1.00 hasABS=0 sy=9.83 split=1.000,0.875 ===
 83.43335|I|libbeamng.print:18052| === LSTM_OBS t=242 5.79319,0.00767,2.00866,13.94834,-0.32907,9.82637,1.01159,0.00181,0.00000,0.00000,0.00392,1.00000,0.00000,-0.00019,-0.00807,2323.31043,0.25000 ===
 83.44361|I|libbeamng.print:18052| === LSTM_TRACE t=244 v=15.00 ws=5.93,0.01,1.59,13.32 cmd=0.657,0.740,0.846,0.898 cap=1872,2175,1653,1700 des=1872,2175,1447,1488 app=1847,2107,1412,1476 abs=nil,nil,nil,nil ebrake=1.00 ibrake=1.00 hasABS=0 sy=10.23 split=1.000,0.875 ===
 83.44365|I|libbeamng.print:18052| === LSTM_OBS t=244 5.92625,0.00577,1.58640,13.32095,0.69751,10.23135,1.30425,0.00135,0.00000,0.00000,0.00142,1.00000,0.00000,-0.00033,-0.00800,2271.89697,0.25000 ===
 83.45729|I|libbeamng.print:18052| === LSTM_TRACE t=246 v=14.90 ws=5.51,0.03,1.04,12.95 cmd=0.722,0.790,0.842,0.904 cap=2164,2381,1636,1700 des=2164,2381,1431,1488 app=2135,2306,1397,1476 abs=nil,nil,nil,nil ebrake=1.00 ibrake=1.00 hasABS=0 sy=10.12 split=1.000,0.875 ===
 83.45733|I|libbeamng.print:18052| === LSTM_OBS t=246 5.50684,0.03013,1.03909,12.95391,0.51310,10.12445,-0.59249,0.00562,0.00000,0.00000,0.00221,1.00000,0.00000,-0.00075,-0.00793,2227.39232,0.25000 ===
 83.46559|I|libbeamng.print:18052| === LSTM_TRACE t=248 v=14.80 ws=4.77,0.00,0.74,12.93 cmd=0.677,0.776,0.854,0.915 cap=2256,2484,1645,1700 des=2256,2484,1439,1488 app=2225,2405,1404,1476 abs=nil,nil,nil,nil ebrake=1.00 ibrake=1.00 hasABS=0 sy=10.28 split=1.000,0.875 ===
 83.46563|I|libbeamng.print:18052| === LSTM_OBS t=248 4.76789,0.00040,0.74436,12.93166,-0.32727,10.27936,-1.50167,0.00556,0.00000,0.00000,0.00049,1.00000,0.00000,-0.00056,-0.00798,2182.53542,0.25000 ===
 83.47689|I|libbeamng.print:18052| === LSTM_TRACE t=250 v=14.71 ws=4.50,0.01,0.79,12.97 cmd=0.527,0.684,0.862,0.913 cap=1845,2258,1668,1700 des=1845,2258,1460,1488 app=1820,2185,1423,1476 abs=nil,nil,nil,nil ebrake=1.00 ibrake=1.00 hasABS=0 sy=9.77 split=1.000,0.875 ===
 83.47693|I|libbeamng.print:18052| === LSTM_OBS t=250 4.50453,0.00616,0.78736,12.97192,-1.15983,9.76838,-0.47239,0.00463,0.00000,0.00000,0.00518,1.00000,0.00000,-0.00021,-0.00809,2132.55743,0.25000 ===
 83.49055|I|libbeamng.print:18052| === LSTM_TRACE t=252 v=14.60 ws=4.89,0.00,0.67,12.98 cmd=0.591,0.713,0.857,0.904 cap=1666,2133,1673,1700 des=1666,2133,1463,1488 app=1643,2063,1426,1476 abs=nil,nil,nil,nil ebrake=1.00 ibrake=1.00 hasABS=0 sy=10.32 split=1.000,0.875 ===
 83.49059|I|libbeamng.print:18052| === LSTM_OBS t=252 4.89030,0.00067,0.66735,12.97730,0.26062,10.32134,1.35590,0.01436,0.00000,0.00000,0.00364,1.00000,0.00000,0.00010,-0.00803,2078.87931,0.25000 ===
 83.50015|I|libbeamng.print:18052| === LSTM_TRACE t=254 v=14.50 ws=4.96,0.02,0.28,12.90 cmd=0.688,0.762,0.844,0.902 cap=2026,2310,1651,1700 des=2026,2310,1445,1488 app=1997,2234,1408,1476 abs=nil,nil,nil,nil ebrake=1.00 ibrake=1.00 hasABS=0 sy=9.94 split=1.000,0.875 ===
 83.50021|I|libbeamng.print:18052| === LSTM_OBS t=254 4.96435,0.02480,0.27845,12.90121,0.52337,9.94196,0.84125,0.00190,0.00000,0.00000,0.00104,1.00000,0.00000,0.00010,-0.00783,2025.61778,0.25000 ===
 83.51010|I|libbeamng.print:18052| === LSTM_TRACE t=256 v=14.40 ws=4.19,0.03,0.08,12.79 cmd=0.686,0.769,0.844,0.909 cap=2171,2392,1635,1700 des=2171,2392,1431,1488 app=2141,2313,1393,1476 abs=nil,nil,nil,nil ebrake=1.00 ibrake=1.00 hasABS=0 sy=10.02 split=1.000,0.875 ===
 83.51014|I|libbeamng.print:18052| === LSTM_OBS t=256 4.18627,0.02873,0.07952,12.78582,-0.05430,10.01721,-0.74568,0.00860,0.00000,0.00000,0.00350,1.00000,0.00000,0.00029,-0.00774,1974.47882,0.25000 ===
 83.52417|I|libbeamng.print:18052| === LSTM_TRACE t=258 v=14.29 ws=3.94,0.01,0.16,12.67 cmd=0.626,0.744,0.854,0.914 cap=2045,2357,1650,1700 des=2045,2357,1444,1488 app=2015,2279,1405,1476 abs=nil,nil,nil,nil ebrake=1.00 ibrake=1.00 hasABS=0 sy=10.45 split=1.000,0.875 ===
 83.52423|I|libbeamng.print:18052| === LSTM_OBS t=258 3.93676,0.00819,0.15798,12.66992,0.10058,10.44909,-0.99489,0.00749,0.00000,0.00000,0.00198,1.00000,0.00000,0.00074,-0.00765,1924.90218,0.25000 ===
 83.53218|I|libbeamng.print:18052| === LSTM_TRACE t=260 v=14.21 ws=3.76,0.01,0.18,12.42 cmd=0.570,0.711,0.859,0.911 cap=1853,2266,1666,1700 des=1853,2266,1457,1488 app=1826,2189,1418,1476 abs=nil,nil,nil,nil ebrake=1.00 ibrake=1.00 hasABS=0 sy=9.65 split=1.000,0.875 ===
 83.53224|I|libbeamng.print:18052| === LSTM_OBS t=260 3.75638,0.00731,0.17532,12.42040,-0.11436,9.64588,0.09398,-0.00255,0.00000,0.00000,0.00104,1.00000,0.00000,0.00107,-0.00763,1876.74582,0.25000 ===
 83.54361|I|libbeamng.print:18052| === LSTM_TRACE t=262 v=14.11 ws=3.58,0.00,0.08,12.07 cmd=0.591,0.715,0.854,0.903 cap=1772,2198,1665,1700 des=1772,2198,1457,1488 app=1746,2123,1417,1476 abs=nil,nil,nil,nil ebrake=1.00 ibrake=1.00 hasABS=0 sy=9.96 split=1.000,0.875 ===
 83.54365|I|libbeamng.print:18052| === LSTM_OBS t=262 3.58094,0.00031,0.07613,12.07334,0.30974,9.95932,1.23566,0.00685,0.00000,0.00000,0.00388,1.00000,0.00000,0.00118,-0.00755,1830.55522,0.25000 ===
 83.55675|I|libbeamng.print:18052| === LSTM_TRACE t=264 v=14.01 ws=3.38,0.01,0.01,11.70 cmd=0.660,0.763,0.847,0.901 cap=1951,2296,1651,1700 des=1951,2296,1445,1488 app=1922,2217,1404,1476 abs=nil,nil,nil,nil ebrake=1.00 ibrake=1.00 hasABS=0 sy=9.95 split=1.000,0.875 ===
 83.55679|I|libbeamng.print:18052| === LSTM_OBS t=264 3.38121,0.01381,0.01478,11.70088,0.73527,9.94545,0.82567,0.00805,0.00000,0.00000,0.00104,1.00000,0.00000,0.00136,-0.00734,1787.04914,0.25000 ===
 83.56590|I|libbeamng.print:18052| === LSTM_TRACE t=266 v=13.90 ws=3.50,0.02,0.04,11.30 cmd=0.693,0.802,0.853,0.906 cap=2132,2448,1648,1700 des=2132,2448,1442,1488 app=2100,2364,1401,1476 abs=nil,nil,nil,nil ebrake=1.00 ibrake=1.00 hasABS=0 sy=10.04 split=1.000,0.875 ===
 83.56593|I|libbeamng.print:18052| === LSTM_OBS t=266 3.50204,0.01975,0.03926,11.30034,0.04203,10.04135,-0.87025,0.00177,0.00000,0.00000,0.00000,1.00000,0.00000,0.00161,-0.00714,1746.39606,0.25000 ===
 83.57653|I|libbeamng.print:18052| === LSTM_TRACE t=268 v=13.81 ws=2.53,0.00,0.02,10.96 cmd=0.576,0.743,0.864,0.908 cap=2016,2433,1669,1700 des=2016,2433,1460,1488 app=1986,2348,1418,1476 abs=nil,nil,nil,nil ebrake=1.00 ibrake=1.00 hasABS=0 sy=9.87 split=1.000,0.875 ===
 83.57657|I|libbeamng.print:18052| === LSTM_OBS t=268 2.53474,0.00360,0.01819,10.95895,-0.46763,9.86501,-0.87758,-0.00520,0.00000,0.00000,0.00315,1.00000,0.00000,0.00211,-0.00705,1707.92588,0.25000 ===
 83.59030|I|libbeamng.print:18052| === LSTM_TRACE t=270 v=13.70 ws=2.47,0.00,0.00,10.54 cmd=0.564,0.732,0.863,0.901 cap=1636,2195,1681,1700 des=1636,2195,1471,1488 app=1610,2118,1428,1476 abs=nil,nil,nil,nil ebrake=1.00 ibrake=1.00 hasABS=0 sy=10.29 split=1.000,0.875 ===
 83.59034|I|libbeamng.print:18052| === LSTM_OBS t=270 2.46987,0.00304,0.00391,10.54238,0.58429,10.28758,0.21595,0.00422,0.00000,0.00000,0.00398,1.00000,0.00000,0.00246,-0.00711,1670.33292,0.25000 ===
 83.59871|I|libbeamng.print:18052| === LSTM_TRACE t=272 v=13.61 ws=1.96,0.02,0.05,10.46 cmd=0.633,0.779,0.860,0.900 cap=1930,2388,1673,1700 des=1930,2388,1464,1488 app=1900,2303,1421,1476 abs=nil,nil,nil,nil ebrake=1.00 ibrake=1.00 hasABS=0 sy=9.68 split=1.000,0.875 ===
 83.59874|I|libbeamng.print:18052| === LSTM_OBS t=272 1.95851,0.01696,0.04694,10.46228,0.33358,9.67617,0.34281,0.00267,0.00000,0.00000,0.00192,1.00000,0.00000,0.00255,-0.00704,1632.19242,0.25000 ===
 83.61027|I|libbeamng.print:18052| === LSTM_TRACE t=274 v=13.50 ws=1.77,0.00,0.01,10.11 cmd=0.612,0.771,0.859,0.898 cap=1894,2372,1669,1700 des=1894,2372,1461,1488 app=1864,2287,1417,1476 abs=nil,nil,nil,nil ebrake=1.00 ibrake=1.00 hasABS=0 sy=10.11 split=1.000,0.875 ===
 83.61034|I|libbeamng.print:18052| === LSTM_OBS t=274 1.77061,0.00076,0.01421,10.11283,-0.01246,10.11402,-0.09440,-0.00376,0.00000,0.00000,0.00216,1.00000,0.00000,0.00277,-0.00695,1592.90583,0.25000 ===
 83.62364|I|libbeamng.print:18052| === LSTM_TRACE t=276 v=13.40 ws=2.00,0.03,0.01,9.91 cmd=0.641,0.801,0.865,0.898 cap=1977,2467,1674,1700 des=1977,2467,1465,1488 app=1945,2378,1421,1476 abs=nil,nil,nil,nil ebrake=1.00 ibrake=1.00 hasABS=0 sy=10.13 split=1.000,0.875 ===
 83.62368|I|libbeamng.print:18052| === LSTM_OBS t=276 2.00372,0.02581,0.01237,9.91438,0.08998,10.12645,-0.14369,-0.00397,0.00000,0.00000,0.00224,1.00000,0.00000,0.00322,-0.00678,1552.66491,0.25000 ===
 83.63318|I|libbeamng.print:18052| === LSTM_TRACE t=278 v=13.30 ws=1.42,0.01,0.00,9.63 cmd=0.595,0.777,0.869,0.899 cap=1927,2459,1684,1700 des=1927,2459,1474,1488 app=1895,2370,1429,1476 abs=nil,nil,nil,nil ebrake=1.00 ibrake=1.00 hasABS=0 sy=10.11 split=1.000,0.875 ===
 83.63322|I|libbeamng.print:18052| === LSTM_OBS t=278 1.42411,0.00681,0.00421,9.62702,0.28135,10.10507,-0.39401,-0.00450,0.00000,0.00000,0.00335,1.00000,0.00000,0.00360,-0.00673,1512.29898,0.25000 ===
 83.64368|I|libbeamng.print:18052| === LSTM_TRACE t=280 v=13.21 ws=0.55,0.01,0.05,9.38 cmd=0.550,0.749,0.869,0.895 cap=1772,2368,1689,1700 des=1772,2368,1478,1488 app=1742,2281,1432,1475 abs=nil,nil,nil,nil ebrake=1.00 ibrake=1.00 hasABS=0 sy=9.60 split=1.000,0.875 ===
 83.64377|I|libbeamng.print:18052| === LSTM_OBS t=280 0.54682,0.00986,0.04928,9.37789,0.18064,9.60387,0.69959,-0.00747,0.00000,0.00000,0.00049,1.00000,0.00000,0.00383,-0.00675,1472.29599,0.25000 ===
 83.65695|I|libbeamng.print:18052| === LSTM_TRACE t=282 v=13.12 ws=0.00,0.00,0.07,8.94 cmd=0.592,0.782,0.862,0.889 cap=1731,2340,1681,1700 des=1731,2340,1471,1488 app=1702,2254,1425,1475 abs=nil,nil,nil,nil ebrake=1.00 ibrake=1.00 hasABS=0 sy=9.53 split=1.000,0.875 ===
 83.65700|I|libbeamng.print:18052| === LSTM_OBS t=282 0.00314,0.00475,0.06588,8.93792,0.43986,9.53291,0.86180,-0.01017,0.00000,0.00000,0.00000,1.00000,0.00000,0.00390,-0.00675,1432.65747,0.25000 ===
 83.66582|I|libbeamng.print:18052| === LSTM_TRACE t=284 v=13.02 ws=0.01,0.02,0.01,8.61 cmd=0.657,0.825,0.857,0.887 cap=1946,2497,1670,1700 des=1946,2497,1461,1488 app=1912,2404,1415,1475 abs=nil,nil,nil,nil ebrake=1.00 ibrake=1.00 hasABS=0 sy=9.52 split=1.000,0.875 ===
 83.66589|I|libbeamng.print:18052| === LSTM_OBS t=284 0.01475,0.02353,0.01288,8.61389,0.70972,9.51981,0.68916,-0.01373,0.00000,0.00000,0.00357,1.00000,0.00000,0.00380,-0.00668,1393.08438,0.25000 ===
 83.67714|I|libbeamng.print:18052| === LSTM_TRACE t=286 v=12.93 ws=0.04,0.01,0.07,8.42 cmd=0.681,0.844,0.856,0.887 cap=2100,2599,1662,1700 des=2100,2599,1454,1488 app=2063,2502,1408,1475 abs=nil,nil,nil,nil ebrake=1.00 ibrake=1.00 hasABS=0 sy=9.32 split=1.000,0.875 ===
 83.67718|I|libbeamng.print:18052| === LSTM_OBS t=286 0.03689,0.01462,0.06512,8.41556,0.25310,9.31829,0.32321,-0.01686,0.00000,0.00000,0.00289,1.00000,0.00000,0.00379,-0.00664,1353.53164,0.25000 ===
 83.69007|I|libbeamng.print:18052| === LSTM_TRACE t=288 v=12.83 ws=0.00,0.01,0.07,7.80 cmd=0.664,0.841,0.862,0.886 cap=2110,2632,1669,1700 des=2110,2632,1460,1488 app=2072,2533,1413,1475 abs=nil,nil,nil,nil ebrake=1.00 ibrake=1.00 hasABS=0 sy=9.63 split=1.000,0.875 ===
 83.69011|I|libbeamng.print:18052| === LSTM_OBS t=288 0.00450,0.01075,0.06794,7.80485,0.33534,9.62869,0.48159,-0.01998,0.00000,0.00000,0.00000,1.00000,0.00000,0.00375,-0.00670,1314.10875,0.25000 ===
 83.69926|I|libbeamng.print:18052| === LSTM_TRACE t=290 v=12.74 ws=0.02,0.00,0.02,7.40 cmd=0.678,0.845,0.858,0.883 cap=2043,2593,1672,1700 des=2043,2593,1463,1488 app=2006,2495,1415,1475 abs=nil,nil,nil,nil ebrake=1.00 ibrake=1.00 hasABS=0 sy=9.57 split=1.000,0.875 ===
 83.69930|I|libbeamng.print:18052| === LSTM_OBS t=290 0.01708,0.00345,0.02221,7.39757,0.39676,9.57332,0.77111,-0.01766,0.00000,0.00000,0.00146,1.00000,0.00000,0.00357,-0.00680,1274.74059,0.25000 ===
 83.70969|I|libbeamng.print:18052| === LSTM_TRACE t=292 v=12.64 ws=0.02,0.00,0.01,6.95 cmd=0.725,0.868,0.854,0.883 cap=2178,2655,1663,1700 des=2178,2655,1455,1488 app=2137,2554,1407,1474 abs=nil,nil,nil,nil ebrake=1.00 ibrake=1.00 hasABS=0 sy=9.65 split=1.000,0.875 ===
 83.70972|I|libbeamng.print:18052| === LSTM_OBS t=292 0.01683,0.00019,0.00504,6.94817,0.42046,9.65427,0.54991,-0.01808,0.00000,0.00000,0.00192,1.00000,0.00000,0.00335,-0.00679,1235.11529,0.25000 ===
 83.72406|I|libbeamng.print:18052| === LSTM_TRACE t=294 v=12.55 ws=0.00,0.01,0.01,6.41 cmd=0.735,0.875,0.854,0.882 cap=2272,2704,1659,1700 des=2272,2704,1452,1488 app=2229,2600,1403,1474 abs=nil,nil,nil,nil ebrake=1.00 ibrake=1.00 hasABS=0 sy=9.43 split=1.000,0.875 ===
 83.72410|I|libbeamng.print:18052| === LSTM_OBS t=294 0.00149,0.01211,0.00936,6.40792,0.20343,9.42731,0.36455,-0.02113,0.00000,0.00000,0.00192,1.00000,0.00000,0.00320,-0.00679,1194.90195,0.25000 ===
 83.73249|I|libbeamng.print:18052| === LSTM_TRACE t=296 v=12.45 ws=0.01,0.00,0.02,6.10 cmd=0.726,0.879,0.862,0.881 cap=2283,2727,1666,1700 des=2283,2727,1458,1488 app=2240,2622,1409,1474 abs=nil,nil,nil,nil ebrake=1.00 ibrake=1.00 hasABS=0 sy=9.55 split=1.000,0.875 ===
 83.73252|I|libbeamng.print:18052| === LSTM_OBS t=296 0.00660,0.00140,0.02150,6.10086,-0.01070,9.55453,-0.12464,-0.02175,0.00000,0.00000,0.00124,1.00000,0.00000,0.00314,-0.00688,1154.11099,0.25000 ===
 83.74520|I|libbeamng.print:18052| === LSTM_TRACE t=298 v=12.35 ws=0.01,0.00,0.01,5.50 cmd=0.694,0.867,0.868,0.879 cap=2197,2706,1682,1700 des=2197,2706,1472,1488 app=2155,2601,1421,1474 abs=nil,nil,nil,nil ebrake=1.00 ibrake=1.00 hasABS=0 sy=9.67 split=1.000,0.875 ===
 83.74524|I|libbeamng.print:18052| === LSTM_OBS t=298 0.00535,0.00186,0.01300,5.49952,0.19096,9.67245,-0.03668,-0.02392,0.00000,0.00000,0.00124,1.00000,0.00000,0.00299,-0.00696,1112.88618,0.25000 ===
 83.75684|I|libbeamng.print:18052| === LSTM_TRACE t=300 v=12.26 ws=0.01,0.00,0.05,5.11 cmd=0.691,0.865,0.868,0.876 cap=2139,2682,1687,1700 des=2139,2682,1476,1488 app=2097,2576,1425,1473 abs=nil,nil,nil,nil ebrake=1.00 ibrake=1.00 hasABS=0 sy=9.54 split=1.000,0.875 ===
 83.75689|I|libbeamng.print:18052| === LSTM_OBS t=300 0.00504,0.00390,0.04807,5.11343,0.05692,9.54195,0.42515,-0.02220,0.00000,0.00000,0.00142,1.00000,0.00000,0.00297,-0.00694,1071.49683,0.25000 ===
 83.76620|I|libbeamng.print:18052| === LSTM_TRACE t=302 v=12.16 ws=0.01,0.00,0.04,5.09 cmd=0.710,0.869,0.863,0.875 cap=2161,2682,1681,1700 des=2161,2682,1471,1488 app=2118,2576,1420,1473 abs=nil,nil,nil,nil ebrake=1.00 ibrake=1.00 hasABS=0 sy=9.71 split=1.000,0.875 ===
 83.76624|I|libbeamng.print:18052| === LSTM_OBS t=302 0.00611,0.00189,0.04301,5.09054,0.34974,9.70710,0.39426,-0.02335,0.00000,0.00000,0.00189,1.00000,0.00000,0.00292,-0.00697,1030.15596,0.25000 ===
 83.77654|I|libbeamng.print:18052| === LSTM_TRACE t=304 v=12.06 ws=0.00,0.00,0.02,4.62 cmd=0.727,0.879,0.864,0.876 cap=2239,2710,1675,1700 des=2239,2710,1466,1488 app=2194,2602,1415,1473 abs=nil,nil,nil,nil ebrake=1.00 ibrake=1.00 hasABS=0 sy=9.88 split=1.000,0.875 ===
 83.77657|I|libbeamng.print:18052| === LSTM_OBS t=304 0.00435,0.00283,0.01875,4.62473,-0.02378,9.88466,-0.24800,-0.02540,0.00000,0.00000,0.00115,1.00000,0.00000,0.00290,-0.00701,989.19643,0.25000 ===
 83.79069|I|libbeamng.print:18052| === LSTM_TRACE t=306 v=11.96 ws=0.01,0.00,0.05,4.50 cmd=0.694,0.873,0.873,0.875 cap=2215,2719,1687,1700 des=2215,2719,1476,1488 app=2170,2610,1424,1472 abs=nil,nil,nil,nil ebrake=1.00 ibrake=1.00 hasABS=0 sy=9.76 split=1.000,0.875 ===
 83.79074|I|libbeamng.print:18052| === LSTM_OBS t=306 0.01201,0.00027,0.04808,4.49599,0.06506,9.76383,-0.84801,-0.02551,0.00000,0.00000,0.00146,1.00000,0.00000,0.00275,-0.00707,948.82799,0.25000 ===
 83.79879|I|libbeamng.print:18052| === LSTM_TRACE t=308 v=11.85 ws=0.01,0.00,0.01,3.95 cmd=0.659,0.855,0.875,0.872 cap=2070,2673,1700,1698 des=2070,2673,1488,1486 app=2027,2565,1434,1470 abs=nil,nil,nil,nil ebrake=1.00 ibrake=1.00 hasABS=0 sy=10.12 split=1.000,0.875 ===
 83.79883|I|libbeamng.print:18052| === LSTM_OBS t=308 0.01060,0.00284,0.00616,3.95156,0.42268,10.12035,0.16103,-0.02425,0.00000,0.00000,0.00176,1.00000,0.00000,0.00270,-0.00717,909.21978,0.25000 ===
 83.81029|I|libbeamng.print:18052| === LSTM_TRACE t=310 v=11.76 ws=0.03,0.00,0.03,3.43 cmd=0.704,0.872,0.869,0.870 cap=2104,2672,1694,1692 des=2104,2672,1482,1481 app=2059,2564,1429,1465 abs=nil,nil,nil,nil ebrake=1.00 ibrake=1.00 hasABS=0 sy=9.79 split=1.000,0.875 ===
 83.81033|I|libbeamng.print:18052| === LSTM_OBS t=310 0.02789,0.00371,0.02870,3.42853,0.17071,9.78856,0.50943,-0.02750,0.00000,0.00000,0.00146,1.00000,0.00000,0.00246,-0.00727,870.46166,0.25000 ===
 83.82336|I|libbeamng.print:18052| === LSTM_TRACE t=312 v=11.67 ws=0.01,0.00,0.01,3.46 cmd=0.710,0.878,0.869,0.870 cap=2224,2730,1687,1690 des=2224,2730,1476,1479 app=2176,2619,1423,1463 abs=nil,nil,nil,nil ebrake=1.00 ibrake=1.00 hasABS=0 sy=9.55 split=1.000,0.875 ===
 83.82341|I|libbeamng.print:18052| === LSTM_OBS t=312 0.00540,0.00200,0.00697,3.46410,0.14778,9.54771,0.07694,-0.02934,0.00000,0.00000,0.00162,1.00000,0.00000,0.00239,-0.00730,832.53481,0.25000 ===
 83.83327|I|libbeamng.print:18052| === LSTM_TRACE t=314 v=11.56 ws=0.00,0.00,0.00,2.95 cmd=0.705,0.876,0.870,0.869 cap=2175,2706,1688,1689 des=2175,2706,1477,1478 app=2127,2595,1423,1462 abs=nil,nil,nil,nil ebrake=1.00 ibrake=1.00 hasABS=0 sy=10.17 split=1.000,0.875 ===
 83.83331|I|libbeamng.print:18052| === LSTM_OBS t=314 0.00051,0.00041,0.00163,2.94706,0.19842,10.17190,-0.24910,-0.02971,0.00000,0.00000,0.00169,1.00000,0.00000,0.00233,-0.00740,795.63813,0.25000 ===
 83.84329|I|libbeamng.print:18052| === LSTM_TRACE t=316 v=11.46 ws=0.01,0.01,0.02,1.98 cmd=0.711,0.886,0.876,0.866 cap=2206,2733,1695,1686 des=2206,2733,1483,1475 app=2158,2620,1429,1459 abs=nil,nil,nil,nil ebrake=1.00 ibrake=1.00 hasABS=0 sy=10.01 split=1.000,0.875 ===
 83.84333|I|libbeamng.print:18052| === LSTM_OBS t=316 0.01170,0.00852,0.01911,1.98410,-0.05631,10.01146,-0.59649,-0.03299,0.00000,0.00000,0.00115,1.00000,0.00000,0.00204,-0.00760,772.55720,0.25000 ===
 83.85759|I|libbeamng.print:18052| === LSTM_TRACE t=318 v=11.38 ws=0.01,0.02,0.05,1.18 cmd=0.680,0.880,0.879,0.859 cap=2154,2742,1700,1676 des=2154,2742,1488,1467 app=2106,2628,1432,1449 abs=nil,nil,nil,nil ebrake=1.00 ibrake=1.00 hasABS=0 sy=9.36 split=1.000,0.875 ===
 83.85768|I|libbeamng.print:18052| === LSTM_OBS t=318 0.00954,0.01731,0.04552,1.18184,-0.26021,9.35621,0.00186,-0.02918,0.00000,0.00000,0.00204,1.00000,0.00000,0.00195,-0.00771,755.92412,0.25000 ===
 83.86518|I|libbeamng.print:18052| === LSTM_TRACE t=320 v=11.28 ws=0.01,0.01,0.01,1.02 cmd=0.706,0.885,0.872,0.856 cap=2124,2732,1700,1663 des=2124,2732,1488,1455 app=2076,2619,1432,1438 abs=nil,nil,nil,nil ebrake=1.00 ibrake=1.00 hasABS=0 sy=9.59 split=1.000,0.875 ===
 83.86522|I|libbeamng.print:18052| === LSTM_OBS t=320 0.01485,0.01335,0.01088,1.02026,0.77044,9.58816,0.44711,-0.02061,0.00000,0.00000,0.00169,1.00000,0.00000,0.00189,-0.00787,747.03308,0.25000 ===
 83.87872|I|libbeamng.print:18052| === LSTM_TRACE t=322 v=11.17 ws=0.01,0.01,0.07,0.94 cmd=0.750,0.894,0.864,0.858 cap=2263,2756,1685,1665 des=2263,2756,1474,1457 app=2212,2641,1418,1439 abs=nil,nil,nil,nil ebrake=1.00 ibrake=1.00 hasABS=0 sy=10.04 split=1.000,0.875 ===
 83.87877|I|libbeamng.print:18052| === LSTM_OBS t=322 0.00862,0.00625,0.06853,0.94320,0.55555,10.04445,0.25750,-0.02338,0.00000,0.00000,0.00091,1.00000,0.00000,0.00167,-0.00800,739.66897,0.25000 ===
 83.89042|I|libbeamng.print:18052| === LSTM_TRACE t=324 v=11.08 ws=0.00,0.01,0.06,0.55 cmd=0.757,0.906,0.869,0.855 cap=2356,2791,1679,1666 des=2356,2791,1469,1458 app=2302,2674,1413,1439 abs=nil,nil,nil,nil ebrake=1.00 ibrake=1.00 hasABS=0 sy=9.73 split=1.000,0.875 ===
 83.89047|I|libbeamng.print:18052| === LSTM_OBS t=324 0.00120,0.01273,0.05947,0.55365,-0.67480,9.72597,-0.72181,-0.03590,0.00000,0.00000,0.00204,1.00000,0.00000,0.00167,-0.00806,737.17470,0.25000 ===
 83.89998|I|libbeamng.print:18052| === LSTM_TRACE t=326 v=10.99 ws=0.00,0.01,0.08,0.10 cmd=0.699,0.895,0.879,0.848 cap=2270,2803,1700,1655 des=2270,2803,1488,1448 app=2217,2685,1431,1429 abs=nil,nil,nil,nil ebrake=1.00 ibrake=1.00 hasABS=0 sy=9.45 split=1.000,0.875 ===
 83.90006|I|libbeamng.print:18052| === LSTM_OBS t=326 0.00193,0.00723,0.07920,0.10394,-0.38289,9.44531,-0.47753,-0.03398,0.00000,0.00000,0.00274,1.00000,0.00000,0.00166,-0.00811,732.49464,0.25000 ===
 83.91208|I|libbeamng.print:18052| === LSTM_TRACE t=328 v=10.89 ws=0.01,0.00,0.01,0.04 cmd=0.714,0.890,0.872,0.846 cap=2137,2755,1700,1642 des=2137,2755,1488,1436 app=2086,2638,1430,1417 abs=nil,nil,nil,nil ebrake=1.00 ibrake=1.00 hasABS=0 sy=9.69 split=1.000,0.875 ===
 83.91212|I|libbeamng.print:18052| === LSTM_OBS t=328 0.00886,0.00428,0.01059,0.04191,0.86142,9.69087,0.61145,-0.01812,0.00000,0.00000,0.00091,1.00000,0.00000,0.00153,-0.00827,733.12212,0.25000 ===
 83.92462|I|libbeamng.print:18052| === LSTM_TRACE t=330 v=10.79 ws=0.03,0.00,0.05,0.13 cmd=0.777,0.904,0.858,0.851 cap=2330,2785,1678,1649 des=2330,2785,1468,1443 app=2274,2666,1412,1423 abs=nil,nil,nil,nil ebrake=1.00 ibrake=1.00 hasABS=0 sy=9.62 split=1.000,0.875 ===
 83.92467|I|libbeamng.print:18052| === LSTM_OBS t=330 0.03378,0.00174,0.04531,0.13499,0.65788,9.62474,0.72789,-0.02234,0.00000,0.00000,0.00085,1.00000,0.00000,0.00120,-0.00842,730.08068,0.25000 ===
 83.93302|I|libbeamng.print:18052| === LSTM_TRACE t=332 v=10.70 ws=0.02,0.01,0.07,0.08 cmd=0.792,0.915,0.859,0.852 cap=2451,2820,1662,1656 des=2451,2820,1454,1449 app=2392,2699,1397,1429 abs=nil,nil,nil,nil ebrake=1.00 ibrake=1.00 hasABS=0 sy=9.53 split=1.000,0.875 ===
 83.93307|I|libbeamng.print:18052| === LSTM_OBS t=332 0.01604,0.00520,0.06533,0.07687,-0.39552,9.52506,-0.26444,-0.03428,0.00000,0.00000,0.00315,1.00000,0.00000,0.00116,-0.00840,731.46258,0.25000 ===
 83.94412|I|libbeamng.print:18052| === LSTM_TRACE t=334 v=10.61 ws=0.01,0.01,0.00,0.00 cmd=0.751,0.910,0.871,0.846 cap=2409,2838,1681,1650 des=2409,2838,1471,1444 app=2350,2715,1413,1423 abs=nil,nil,nil,nil ebrake=1.00 ibrake=1.00 hasABS=0 sy=9.46 split=1.000,0.875 ===
 83.94416|I|libbeamng.print:18052| === LSTM_OBS t=334 0.01116,0.00544,0.00041,0.00342,-0.42593,9.46338,-0.59704,-0.02917,0.00000,0.00000,0.00311,1.00000,0.00000,0.00126,-0.00838,729.03868,0.25000 ===
 83.95693|I|libbeamng.print:18052| === LSTM_TRACE t=336 v=10.51 ws=0.02,0.00,0.06,0.07 cmd=0.731,0.899,0.870,0.843 cap=2260,2797,1697,1638 des=2260,2797,1485,1433 app=2204,2676,1426,1412 abs=nil,nil,nil,nil ebrake=1.00 ibrake=1.00 hasABS=0 sy=9.52 split=1.000,0.875 ===
 83.95697|I|libbeamng.print:18052| === LSTM_OBS t=336 0.01549,0.00016,0.06408,0.06957,0.32261,9.51732,0.32226,-0.02093,0.00000,0.00000,0.00085,1.00000,0.00000,0.00131,-0.00849,730.80462,0.25000 ===
 83.96637|I|libbeamng.print:18052| === LSTM_TRACE t=338 v=10.41 ws=0.01,0.01,0.03,0.04 cmd=0.777,0.908,0.859,0.847 cap=2337,2799,1680,1641 des=2337,2799,1470,1435 app=2278,2677,1412,1414 abs=nil,nil,nil,nil ebrake=1.00 ibrake=1.00 hasABS=0 sy=9.58 split=1.000,0.875 ===
 83.96641|I|libbeamng.print:18052| === LSTM_OBS t=338 0.01102,0.00703,0.03453,0.03878,0.63179,9.58327,0.58945,-0.02541,0.00000,0.00000,0.00069,1.00000,0.00000,0.00114,-0.00849,728.98385,0.25000 ===
 83.97698|I|libbeamng.print:18052| === LSTM_TRACE t=340 v=10.31 ws=0.01,0.00,0.04,0.02 cmd=0.799,0.913,0.854,0.851 cap=2450,2819,1661,1650 des=2450,2819,1454,1444 app=2388,2696,1396,1421 abs=nil,nil,nil,nil ebrake=1.00 ibrake=1.00 hasABS=0 sy=9.69 split=1.000,0.875 ===
 83.97701|I|libbeamng.print:18052| === LSTM_OBS t=340 0.00697,0.00194,0.04229,0.01962,0.08710,9.69440,0.31792,-0.02777,0.00000,0.00000,0.00311,1.00000,0.00000,0.00094,-0.00844,730.77029,0.25000 ===
 83.99111|I|libbeamng.print:18052| === LSTM_TRACE t=342 v=10.22 ws=0.02,0.01,0.03,0.04 cmd=0.797,0.920,0.862,0.850 cap=2492,2847,1665,1653 des=2492,2847,1457,1447 app=2428,2722,1398,1424 abs=nil,nil,nil,nil ebrake=1.00 ibrake=1.00 hasABS=0 sy=9.64 split=1.000,0.875 ===
 83.99116|I|libbeamng.print:18052| === LSTM_OBS t=342 0.01696,0.00827,0.02900,0.03524,-0.15706,9.63769,-0.27046,-0.02620,0.00000,0.00000,0.00301,1.00000,0.00000,0.00103,-0.00838,728.73613,0.25000 ===
 83.99887|I|libbeamng.print:18052| === LSTM_TRACE t=344 v=10.12 ws=0.01,0.00,0.01,0.03 cmd=0.769,0.912,0.868,0.847 cap=2422,2840,1683,1648 des=2422,2840,1472,1442 app=2359,2715,1413,1419 abs=nil,nil,nil,nil ebrake=1.00 ibrake=1.00 hasABS=0 sy=9.61 split=1.000,0.875 ===
 83.99894|I|libbeamng.print:18052| === LSTM_OBS t=344 0.01053,0.00104,0.01366,0.03030,0.00104,9.61386,-0.12412,-0.02489,0.00000,0.00000,0.00142,1.00000,0.00000,0.00110,-0.00844,730.10953,0.25000 ===
 84.01050|I|libbeamng.print:18052| === LSTM_TRACE t=346 v=10.02 ws=0.01,0.00,0.01,0.02 cmd=0.776,0.911,0.865,0.847 cap=2381,2824,1685,1644 des=2381,2824,1475,1439 app=2319,2699,1415,1415 abs=nil,nil,nil,nil ebrake=1.00 ibrake=1.00 hasABS=0 sy=9.71 split=1.000,0.875 ===
 84.01054|I|libbeamng.print:18052| === LSTM_OBS t=346 0.00922,0.00404,0.00849,0.01724,0.34275,9.71249,0.35025,-0.02630,0.00000,0.00000,0.00104,1.00000,0.00000,0.00099,-0.00844,728.92672,0.25000 ===
 84.02457|I|libbeamng.print:18052| === LSTM_TRACE t=348 v=9.93 ws=0.01,0.00,0.00,0.02 cmd=0.799,0.915,0.858,0.851 cap=2439,2828,1673,1649 des=2439,2828,1464,1443 app=2375,2702,1404,1419 abs=nil,nil,nil,nil ebrake=1.00 ibrake=1.00 hasABS=0 sy=9.74 split=1.000,0.875 ===
 84.02461|I|libbeamng.print:18052| === LSTM_OBS t=348 0.00740,0.00190,0.00495,0.02294,0.39187,9.73530,0.44623,-0.02382,0.00000,0.00000,0.00254,1.00000,0.00000,0.00086,-0.00841,730.24466,0.25000 ===
 84.03348|I|libbeamng.print:18052| === LSTM_TRACE t=350 v=9.83 ws=0.01,0.01,0.02,0.03 cmd=0.808,0.920,0.859,0.852 cap=2506,2850,1666,1655 des=2506,2850,1458,1449 app=2439,2722,1398,1423 abs=nil,nil,nil,nil ebrake=1.00 ibrake=1.00 hasABS=0 sy=9.69 split=1.000,0.875 ===
 84.03352|I|libbeamng.print:18052| === LSTM_OBS t=350 0.01076,0.00867,0.01985,0.02567,0.04511,9.68770,0.17711,-0.02571,0.00000,0.00000,0.00311,1.00000,0.00000,0.00085,-0.00837,729.07414,0.25000 ===
 84.04714|I|libbeamng.print:18052| === LSTM_TRACE t=352 v=9.73 ws=0.00,0.00,0.00,0.01 cmd=0.797,0.920,0.863,0.851 cap=2485,2850,1673,1655 des=2485,2850,1464,1448 app=2418,2721,1403,1422 abs=nil,nil,nil,nil ebrake=1.00 ibrake=1.00 hasABS=0 sy=9.67 split=1.000,0.875 ===
 84.04720|I|libbeamng.print:18052| === LSTM_OBS t=352 0.00326,0.00140,0.00011,0.01362,-0.09098,9.67440,-0.09070,-0.02604,0.00000,0.00000,0.00210,1.00000,0.00000,0.00095,-0.00837,730.43102,0.25000 ===
 84.05767|I|libbeamng.print:18052| === LSTM_TRACE t=354 v=9.63 ws=0.01,0.00,0.01,0.01 cmd=0.790,0.918,0.866,0.850 cap=2458,2849,1681,1652 des=2458,2849,1471,1445 app=2392,2720,1410,1419 abs=nil,nil,nil,nil ebrake=1.00 ibrake=1.00 hasABS=0 sy=9.78 split=1.000,0.875 ===
 84.05771|I|libbeamng.print:18052| === LSTM_OBS t=354 0.01050,0.00183,0.01035,0.01142,0.24859,9.77752,-0.00184,-0.02536,0.00000,0.00000,0.00124,1.00000,0.00000,0.00091,-0.00836,729.55288,0.25000 ===
 84.06610|I|libbeamng.print:18052| === LSTM_TRACE t=356 v=9.53 ws=0.00,0.00,0.02,0.01 cmd=0.794,0.916,0.863,0.851 cap=2449,2840,1681,1652 des=2449,2840,1471,1446 app=2382,2711,1409,1419 abs=nil,nil,nil,nil ebrake=1.00 ibrake=1.00 hasABS=0 sy=9.85 split=1.000,0.875 ===
 84.06614|I|libbeamng.print:18052| === LSTM_OBS t=356 0.00014,0.00244,0.02128,0.01108,0.36015,9.85067,0.28154,-0.02305,0.00000,0.00000,0.00224,1.00000,0.00000,0.00081,-0.00836,731.65225,0.25000 ===
 84.07893|I|libbeamng.print:18052| === LSTM_TRACE t=358 v=9.44 ws=0.00,0.01,0.01,0.01 cmd=0.806,0.921,0.862,0.853 cap=2487,2849,1675,1655 des=2487,2849,1466,1448 app=2418,2719,1404,1421 abs=nil,nil,nil,nil ebrake=1.00 ibrake=1.00 hasABS=0 sy=9.79 split=1.000,0.875 ===
 84.07898|I|libbeamng.print:18052| === LSTM_OBS t=358 0.00209,0.00668,0.00632,0.01454,0.09812,9.79344,0.16181,-0.02437,0.00000,0.00000,0.00301,1.00000,0.00000,0.00080,-0.00834,729.35018,0.25000 ===
 84.09017|I|libbeamng.print:18052| === LSTM_TRACE t=360 v=9.34 ws=0.00,0.00,0.01,0.00 cmd=0.801,0.919,0.863,0.852 cap=2492,2852,1676,1657 des=2492,2852,1466,1450 app=2422,2721,1405,1422 abs=nil,nil,nil,nil ebrake=1.00 ibrake=1.00 hasABS=0 sy=9.75 split=1.000,0.875 ===
 84.09021|I|libbeamng.print:18052| === LSTM_OBS t=360 0.00090,0.00033,0.00875,0.00133,0.06840,9.75217,0.16851,-0.02533,0.00000,0.00000,0.00234,1.00000,0.00000,0.00087,-0.00833,731.35532,0.25000 ===
 84.09871|I|libbeamng.print:18052| === LSTM_TRACE t=362 v=9.24 ws=0.01,0.00,0.02,0.01 cmd=0.802,0.920,0.864,0.852 cap=2481,2850,1677,1656 des=2481,2850,1468,1449 app=2411,2719,1406,1421 abs=nil,nil,nil,nil ebrake=1.00 ibrake=1.00 hasABS=0 sy=9.90 split=1.000,0.875 ===
 84.09875|I|libbeamng.print:18052| === LSTM_OBS t=362 0.00601,0.00139,0.01888,0.01163,0.17896,9.89686,0.03156,-0.02377,0.00000,0.00000,0.00162,1.00000,0.00000,0.00083,-0.00832,728.63596,0.25000 ===
 84.10996|I|libbeamng.print:18052| === LSTM_TRACE t=364 v=9.14 ws=0.00,0.00,0.01,0.03 cmd=0.801,0.919,0.864,0.853 cap=2483,2851,1680,1657 des=2483,2851,1470,1450 app=2412,2720,1407,1421 abs=nil,nil,nil,nil ebrake=1.00 ibrake=1.00 hasABS=0 sy=9.90 split=1.000,0.875 ===
 84.11001|I|libbeamng.print:18052| === LSTM_OBS t=364 0.00401,0.00157,0.00986,0.02578,0.25560,9.90412,0.06950,-0.02365,0.00000,0.00000,0.00221,1.00000,0.00000,0.00077,-0.00834,731.10186,0.25000 ===
 84.12323|I|libbeamng.print:18052| === LSTM_TRACE t=366 v=9.04 ws=0.01,0.00,0.01,0.00 cmd=0.803,0.920,0.865,0.853 cap=2488,2853,1680,1658 des=2488,2853,1470,1450 app=2416,2720,1407,1421 abs=nil,nil,nil,nil ebrake=1.00 ibrake=1.00 hasABS=0 sy=9.89 split=1.000,0.875 ===
 84.12329|I|libbeamng.print:18052| === LSTM_OBS t=366 0.00597,0.00190,0.00525,0.00137,0.20344,9.88971,0.04175,-0.02311,0.00000,0.00000,0.00289,1.00000,0.00000,0.00079,-0.00832,727.86889,0.25000 ===
 84.13250|I|libbeamng.print:18052| === LSTM_TRACE t=368 v=8.94 ws=0.00,0.00,0.02,0.01 cmd=0.799,0.918,0.864,0.853 cap=2482,2850,1681,1658 des=2482,2850,1471,1451 app=2410,2717,1408,1421 abs=nil,nil,nil,nil ebrake=1.00 ibrake=1.00 hasABS=0 sy=9.85 split=1.000,0.875 ===
 84.13255|I|libbeamng.print:18052| === LSTM_OBS t=368 0.00253,0.00125,0.01806,0.01224,0.12043,9.85055,0.25874,-0.02423,0.00000,0.00000,0.00249,1.00000,0.00000,0.00083,-0.00833,730.91101,0.25000 ===
 84.14322|I|libbeamng.print:18052| === LSTM_TRACE t=370 v=8.84 ws=0.00,0.00,0.01,0.02 cmd=0.806,0.921,0.864,0.854 cap=2484,2849,1678,1658 des=2484,2849,1468,1451 app=2412,2716,1405,1421 abs=nil,nil,nil,nil ebrake=1.00 ibrake=1.00 hasABS=0 sy=9.95 split=1.000,0.875 ===
 84.14326|I|libbeamng.print:18052| === LSTM_OBS t=370 0.00259,0.00115,0.00815,0.02099,0.17799,9.95022,0.08416,-0.02411,0.00000,0.00000,0.00183,1.00000,0.00000,0.00080,-0.00833,727.84775,0.25000 ===
 84.15634|I|libbeamng.print:18052| === LSTM_TRACE t=372 v=8.74 ws=0.00,0.00,0.01,0.01 cmd=0.805,0.921,0.865,0.854 cap=2500,2857,1679,1659 des=2500,2857,1469,1452 app=2426,2723,1406,1421 abs=nil,nil,nil,nil ebrake=1.00 ibrake=1.00 hasABS=0 sy=9.99 split=1.000,0.875 ===
 84.15638|I|libbeamng.print:18052| === LSTM_OBS t=372 0.00442,0.00020,0.01017,0.00999,0.26804,9.99103,-0.03003,-0.02203,0.00000,0.00000,0.00224,1.00000,0.00000,0.00076,-0.00833,730.45997,0.25000 ===
 84.16502|I|libbeamng.print:18052| === LSTM_TRACE t=374 v=8.64 ws=0.01,0.00,0.01,0.01 cmd=0.801,0.919,0.866,0.854 cap=2487,2852,1682,1660 des=2487,2852,1472,1452 app=2413,2718,1408,1421 abs=nil,nil,nil,nil ebrake=1.00 ibrake=1.00 hasABS=0 sy=9.95 split=1.000,0.875 ===
 84.16506|I|libbeamng.print:18052| === LSTM_OBS t=374 0.00540,0.00304,0.01161,0.00699,0.23191,9.95168,0.12713,-0.02247,0.00000,0.00000,0.00278,1.00000,0.00000,0.00076,-0.00831,727.82889,0.25000 ===
 84.17428|I|libbeamng.print:18052| === LSTM_TRACE t=376 v=8.54 ws=0.00,0.00,0.00,0.01 cmd=0.804,0.920,0.865,0.854 cap=2486,2850,1681,1660 des=2486,2850,1471,1452 app=2412,2715,1407,1421 abs=nil,nil,nil,nil ebrake=1.00 ibrake=1.00 hasABS=0 sy=9.96 split=1.000,0.875 ===
 84.17433|I|libbeamng.print:18052| === LSTM_OBS t=376 0.00129,0.00004,0.00052,0.01170,0.13680,9.95657,0.19145,-0.02308,0.00000,0.00000,0.00256,1.00000,0.00000,0.00079,-0.00834,729.51753,0.25000 ===
 84.18322|I|libbeamng.print:18052| === LSTM_TRACE t=378 v=8.44 ws=0.00,0.00,0.01,0.01 cmd=0.807,0.922,0.865,0.855 cap=2501,2856,1680,1660 des=2501,2856,1470,1453 app=2425,2721,1406,1421 abs=nil,nil,nil,nil ebrake=1.00 ibrake=1.00 hasABS=0 sy=10.02 split=1.000,0.875 ===
 84.18330|I|libbeamng.print:18052| === LSTM_OBS t=378 0.00244,0.00153,0.00579,0.00809,0.16649,10.02338,-0.01315,-0.02262,0.00000,0.00000,0.00204,1.00000,0.00000,0.00076,-0.00835,729.08578,0.25000 ===
 84.19457|I|libbeamng.print:18052| === LSTM_TRACE t=380 v=8.34 ws=0.00,0.00,0.01,0.01 cmd=0.803,0.920,0.866,0.855 cap=2495,2855,1682,1661 des=2495,2855,1472,1453 app=2419,2720,1408,1421 abs=nil,nil,nil,nil ebrake=1.00 ibrake=1.00 hasABS=0 sy=10.05 split=1.000,0.875 ===
 84.19464|I|libbeamng.print:18052| === LSTM_OBS t=380 0.00282,0.00187,0.01073,0.00605,0.28182,10.04649,0.04789,-0.02189,0.00000,0.00000,0.00229,1.00000,0.00000,0.00075,-0.00835,729.64992,0.25000 ===
 84.20765|I|libbeamng.print:18052| === LSTM_TRACE t=382 v=8.24 ws=0.00,0.00,0.00,0.00 cmd=0.805,0.920,0.866,0.855 cap=2489,2852,1682,1661 des=2489,2852,1472,1453 app=2413,2716,1407,1421 abs=nil,nil,nil,nil ebrake=1.00 ibrake=1.00 hasABS=0 sy=10.00 split=1.000,0.875 ===
 84.20772|I|libbeamng.print:18052| === LSTM_OBS t=382 0.00196,0.00275,0.00041,0.00339,0.26266,9.99624,0.14953,-0.02221,0.00000,0.00000,0.00280,1.00000,0.00000,0.00072,-0.00835,728.73221,0.25000 ===
 84.21725|I|libbeamng.print:18052| === LSTM_TRACE t=384 v=8.14 ws=0.00,0.00,0.01,0.00 cmd=0.807,0.921,0.865,0.855 cap=2498,2854,1681,1662 des=2498,2854,1471,1454 app=2421,2717,1406,1421 abs=nil,nil,nil,nil ebrake=1.00 ibrake=1.00 hasABS=0 sy=10.02 split=1.000,0.875 ===
 84.21729|I|libbeamng.print:18052| === LSTM_OBS t=384 0.00027,0.00089,0.01124,0.00012,0.13728,10.02443,0.17187,-0.02181,0.00000,0.00000,0.00265,1.00000,0.00000,0.00075,-0.00838,729.54692,0.25000 ===
 84.22778|I|libbeamng.print:18052| === LSTM_TRACE t=386 v=8.04 ws=0.00,0.00,0.00,0.01 cmd=0.808,0.922,0.866,0.855 cap=2504,2857,1681,1662 des=2504,2857,1470,1454 app=2426,2720,1405,1421 abs=nil,nil,nil,nil ebrake=1.00 ibrake=1.00 hasABS=0 sy=10.08 split=1.000,0.875 ===
 84.22782|I|libbeamng.print:18052| === LSTM_OBS t=386 0.00331,0.00315,0.00328,0.00845,0.18934,10.08128,-0.01031,-0.02176,0.00000,0.00000,0.00234,1.00000,0.00000,0.00074,-0.00838,727.73227,0.25000 ===
 84.24074|I|libbeamng.print:18052| === LSTM_TRACE t=388 v=7.94 ws=0.00,0.00,0.00,0.01 cmd=0.805,0.921,0.866,0.856 cap=2500,2856,1683,1662 des=2500,2856,1473,1454 app=2422,2719,1407,1420 abs=nil,nil,nil,nil ebrake=1.00 ibrake=1.00 hasABS=0 sy=10.11 split=1.000,0.875 ===
 84.24081|I|libbeamng.print:18052| === LSTM_OBS t=388 0.00270,0.00111,0.00451,0.01358,0.26723,10.10845,0.06603,-0.02094,0.00000,0.00000,0.00244,1.00000,0.00000,0.00072,-0.00839,729.57329,0.25000 ===
 84.24899|I|libbeamng.print:18052| === LSTM_TRACE t=390 v=7.83 ws=0.00,0.00,0.01,0.00 cmd=0.807,0.921,0.866,0.856 cap=2497,2854,1683,1663 des=2497,2854,1473,1455 app=2418,2716,1407,1420 abs=nil,nil,nil,nil ebrake=1.00 ibrake=1.00 hasABS=0 sy=10.13 split=1.000,0.875 ===
 84.24903|I|libbeamng.print:18052| === LSTM_OBS t=390 0.00015,0.00275,0.00938,0.00232,0.26321,10.12635,0.08734,-0.02072,0.00000,0.00000,0.00280,1.00000,0.00000,0.00069,-0.00841,727.79852,0.25000 ===
 84.26073|I|libbeamng.print:18052| === LSTM_TRACE t=392 v=7.73 ws=0.00,0.00,0.01,0.01 cmd=0.808,0.921,0.866,0.856 cap=2504,2856,1682,1663 des=2504,2856,1472,1455 app=2425,2717,1406,1421 abs=nil,nil,nil,nil ebrake=1.00 ibrake=1.00 hasABS=0 sy=10.11 split=1.000,0.875 ===
 84.26079|I|libbeamng.print:18052| === LSTM_OBS t=392 0.00069,0.00116,0.00723,0.00835,0.18261,10.11233,0.14747,-0.02082,0.00000,0.00000,0.00280,1.00000,0.00000,0.00070,-0.00843,729.58405,0.25000 ===
 84.27362|I|libbeamng.print:18052| === LSTM_TRACE t=394 v=7.63 ws=0.00,0.00,0.00,0.00 cmd=0.810,0.922,0.866,0.856 cap=2507,2857,1682,1663 des=2507,2857,1471,1456 app=2427,2718,1405,1420 abs=nil,nil,nil,nil ebrake=1.00 ibrake=1.00 hasABS=0 sy=10.17 split=1.000,0.875 ===
 84.27367|I|libbeamng.print:18052| === LSTM_OBS t=394 0.00130,0.00128,0.00195,0.00317,0.19287,10.17143,0.06176,-0.02093,0.00000,0.00000,0.00254,1.00000,0.00000,0.00070,-0.00843,727.42296,0.25000 ===
 84.28174|I|libbeamng.print:18052| === LSTM_TRACE t=396 v=7.53 ws=0.00,0.00,0.01,0.00 cmd=0.809,0.922,0.866,0.856 cap=2509,2858,1683,1664 des=2509,2858,1472,1456 app=2428,2719,1406,1420 abs=nil,nil,nil,nil ebrake=1.00 ibrake=1.00 hasABS=0 sy=10.19 split=1.000,0.875 ===
 84.28182|I|libbeamng.print:18052| === LSTM_OBS t=396 0.00310,0.00080,0.00914,0.00250,0.24299,10.18548,0.05963,-0.02055,0.00000,0.00000,0.00261,1.00000,0.00000,0.00069,-0.00847,728.99703,0.25000 ===
 84.30560|I|libbeamng.print:18052| === LSTM_TRACE t=398 v=7.43 ws=0.00,0.00,0.00,0.00 cmd=0.810,0.922,0.867,0.857 cap=2509,2858,1684,1664 des=2509,2858,1473,1456 app=2427,2718,1407,1420 abs=nil,nil,nil,nil ebrake=1.00 ibrake=1.00 hasABS=0 sy=10.23 split=1.000,0.875 ===
 84.30566|I|libbeamng.print:18052| === LSTM_OBS t=398 0.00141,0.00171,0.00318,0.00226,0.25647,10.22922,0.06607,-0.02019,0.00000,0.00000,0.00285,1.00000,0.00000,0.00067,-0.00848,726.41556,0.25000 ===
 84.31386|I|libbeamng.print:18052| === LSTM_TRACE t=400 v=7.32 ws=0.00,0.00,0.00,0.01 cmd=0.810,0.922,0.866,0.857 cap=2511,2858,1683,1665 des=2511,2858,1473,1457 app=2429,2717,1406,1421 abs=nil,nil,nil,nil ebrake=1.00 ibrake=1.00 hasABS=0 sy=10.22 split=1.000,0.875 ===
 84.31391|I|libbeamng.print:18052| === LSTM_OBS t=400 0.00013,0.00103,0.00394,0.00938,0.24858,10.21617,0.12825,-0.01970,0.00000,0.00000,0.00289,1.00000,0.00000,0.00068,-0.00851,728.61931,0.25000 ===
 84.32414|I|libbeamng.print:18052| === LSTM_TRACE t=402 v=7.22 ws=0.00,0.00,0.01,0.00 cmd=0.813,0.923,0.866,0.857 cap=2516,2859,1683,1666 des=2516,2859,1472,1457 app=2433,2718,1405,1421 abs=nil,nil,nil,nil ebrake=1.00 ibrake=1.00 hasABS=0 sy=10.26 split=1.000,0.875 ===
 84.32418|I|libbeamng.print:18052| === LSTM_OBS t=402 0.00106,0.00142,0.00722,0.00382,0.18765,10.26422,0.08800,-0.01980,0.00000,0.00000,0.00274,1.00000,0.00000,0.00067,-0.00853,725.75505,0.25000 ===
 84.33368|I|libbeamng.print:18052| === LSTM_TRACE t=404 v=7.11 ws=0.00,0.00,0.01,0.01 cmd=0.813,0.923,0.867,0.858 cap=2519,2861,1683,1666 des=2519,2861,1473,1458 app=2436,2719,1406,1421 abs=nil,nil,nil,nil ebrake=1.00 ibrake=1.00 hasABS=0 sy=10.33 split=1.000,0.875 ===
 84.33372|I|libbeamng.print:18052| === LSTM_OBS t=404 0.00320,0.00098,0.00786,0.01109,0.23730,10.32535,0.06406,-0.01958,0.00000,0.00000,0.00274,1.00000,0.00000,0.00068,-0.00856,728.37320,0.25000 ===
 84.34362|I|libbeamng.print:18052| === LSTM_TRACE t=406 v=7.01 ws=0.00,0.00,0.01,0.01 cmd=0.813,0.923,0.867,0.858 cap=2519,2860,1684,1667 des=2519,2860,1473,1458 app=2435,2718,1406,1421 abs=nil,nil,nil,nil ebrake=1.00 ibrake=1.00 hasABS=0 sy=10.35 split=1.000,0.875 ===
 84.34367|I|libbeamng.print:18052| === LSTM_OBS t=406 0.00218,0.00188,0.00662,0.01165,0.28685,10.34878,0.09065,-0.01909,0.00000,0.00000,0.00293,1.00000,0.00000,0.00066,-0.00858,725.44615,0.25000 ===
 84.35343|I|libbeamng.print:18052| === LSTM_TRACE t=408 v=6.91 ws=0.00,0.00,0.00,0.03 cmd=0.815,0.923,0.866,0.859 cap=2524,2861,1683,1668 des=2524,2861,1473,1459 app=2440,2719,1406,1421 abs=nil,nil,nil,nil ebrake=1.00 ibrake=1.00 hasABS=0 sy=10.36 split=1.000,0.875 ===
 84.35347|I|libbeamng.print:18052| === LSTM_OBS t=408 0.00061,0.00083,0.00389,0.02979,0.27103,10.35684,0.11296,-0.01832,0.00000,0.00000,0.00307,1.00000,0.00000,0.00066,-0.00861,728.17015,0.25000 ===
 84.36322|I|libbeamng.print:18052| === LSTM_TRACE t=410 v=6.80 ws=0.00,0.00,0.00,0.03 cmd=0.817,0.924,0.867,0.859 cap=2530,2863,1683,1668 des=2530,2863,1473,1460 app=2445,2720,1405,1421 abs=nil,nil,nil,nil ebrake=1.00 ibrake=1.00 hasABS=0 sy=10.40 split=1.000,0.875 ===
 84.36332|I|libbeamng.print:18052| === LSTM_OBS t=410 0.00110,0.00185,0.00394,0.02959,0.20527,10.40175,0.06087,-0.01827,0.00000,0.00000,0.00293,1.00000,0.00000,0.00065,-0.00864,726.05157,0.25000 ===
 84.36939|I|libbeamng.print:18052| === LSTM_TRACE t=412 v=6.70 ws=0.00,0.00,0.01,0.04 cmd=0.816,0.923,0.867,0.859 cap=2531,2864,1684,1669 des=2531,2864,1474,1460 app=2446,2721,1406,1422 abs=nil,nil,nil,nil ebrake=1.00 ibrake=1.00 hasABS=0 sy=10.44 split=1.000,0.875 ===
 84.36943|I|libbeamng.print:18052| === LSTM_OBS t=412 0.00348,0.00113,0.00845,0.04116,0.24832,10.44108,0.07784,-0.01810,0.00000,0.00000,0.00289,1.00000,0.00000,0.00066,-0.00869,727.69568,0.25000 ===
 84.37944|I|libbeamng.print:18052| === LSTM_TRACE t=414 v=6.59 ws=0.00,0.00,0.01,0.04 cmd=0.817,0.924,0.867,0.859 cap=2530,2863,1685,1669 des=2530,2863,1474,1460 app=2444,2719,1406,1422 abs=nil,nil,nil,nil ebrake=1.00 ibrake=1.00 hasABS=0 sy=10.44 split=1.000,0.875 ===
 84.37952|I|libbeamng.print:18052| === LSTM_OBS t=414 0.00136,0.00131,0.01138,0.04372,0.27693,10.43941,0.09240,-0.01830,0.00000,0.00000,0.00307,1.00000,0.00000,0.00064,-0.00871,726.59965,0.25000 ===
 84.39054|I|libbeamng.print:18052| === LSTM_TRACE t=416 v=6.49 ws=0.00,0.00,0.00,0.06 cmd=0.819,0.924,0.867,0.860 cap=2536,2864,1684,1670 des=2536,2864,1473,1461 app=2449,2720,1405,1422 abs=nil,nil,nil,nil ebrake=1.00 ibrake=1.00 hasABS=0 sy=10.46 split=1.000,0.875 ===
 84.39058|I|libbeamng.print:18052| === LSTM_OBS t=416 0.00100,0.00097,0.00136,0.05857,0.26611,10.45736,0.12473,-0.01762,0.00000,0.00000,0.00318,1.00000,0.00000,0.00063,-0.00874,727.13529,0.25000 ===
 84.39944|I|libbeamng.print:18052| === LSTM_TRACE t=418 v=6.38 ws=0.00,0.00,0.01,0.06 cmd=0.821,0.925,0.867,0.860 cap=2541,2865,1683,1671 des=2541,2865,1473,1462 app=2454,2721,1405,1422 abs=nil,nil,nil,nil ebrake=1.00 ibrake=1.00 hasABS=0 sy=10.52 split=1.000,0.875 ===
 84.39949|I|libbeamng.print:18052| === LSTM_OBS t=418 0.00109,0.00162,0.00666,0.05535,0.22701,10.52461,0.06888,-0.01730,0.00000,0.00000,0.00311,1.00000,0.00000,0.00062,-0.00877,725.87698,0.25000 ===
 84.41008|I|libbeamng.print:18052| === LSTM_TRACE t=420 v=6.27 ws=0.00,0.00,0.01,0.07 cmd=0.820,0.925,0.867,0.860 cap=2544,2867,1685,1671 des=2544,2867,1474,1462 app=2456,2722,1405,1422 abs=nil,nil,nil,nil ebrake=1.00 ibrake=1.00 hasABS=0 sy=10.55 split=1.000,0.875 ===
 84.41013|I|libbeamng.print:18052| === LSTM_OBS t=420 0.00275,0.00088,0.00927,0.06534,0.25248,10.55449,0.05925,-0.01686,0.00000,0.00000,0.00307,1.00000,0.00000,0.00063,-0.00883,727.89596,0.25000 ===
 84.42381|I|libbeamng.print:18052| === LSTM_TRACE t=422 v=6.17 ws=0.00,0.00,0.01,0.07 cmd=0.821,0.925,0.867,0.861 cap=2543,2866,1685,1672 des=2543,2866,1475,1463 app=2454,2721,1406,1422 abs=nil,nil,nil,nil ebrake=1.00 ibrake=1.00 hasABS=0 sy=10.57 split=1.000,0.875 ===
 84.42385|I|libbeamng.print:18052| === LSTM_OBS t=422 0.00037,0.00121,0.00790,0.06568,0.28681,10.56985,0.07678,-0.01694,0.00000,0.00000,0.00322,1.00000,0.00000,0.00062,-0.00886,726.19699,0.25000 ===
 84.43247|I|libbeamng.print:18052| === LSTM_TRACE t=424 v=6.06 ws=0.00,0.00,0.00,0.08 cmd=0.822,0.925,0.867,0.861 cap=2546,2866,1685,1672 des=2546,2866,1474,1463 app=2457,2720,1405,1423 abs=nil,nil,nil,nil ebrake=1.00 ibrake=1.00 hasABS=0 sy=10.57 split=1.000,0.875 ===
 84.43251|I|libbeamng.print:18052| === LSTM_OBS t=424 0.00051,0.00063,0.00159,0.08004,0.28079,10.56692,0.12459,-0.01617,0.00000,0.00000,0.00331,1.00000,0.00000,0.00060,-0.00890,729.06539,0.25000 ===
 84.44409|I|libbeamng.print:18052| === LSTM_TRACE t=426 v=5.96 ws=0.00,0.00,0.01,0.07 cmd=0.824,0.925,0.867,0.861 cap=2552,2867,1684,1673 des=2552,2867,1473,1464 app=2462,2721,1404,1423 abs=nil,nil,nil,nil ebrake=1.00 ibrake=1.00 hasABS=0 sy=10.56 split=1.000,0.875 ===
 84.44414|I|libbeamng.print:18052| === LSTM_OBS t=426 0.00098,0.00124,0.00784,0.07258,0.23778,10.56441,0.10252,-0.01684,0.00000,0.00000,0.00318,1.00000,0.00000,0.00059,-0.00892,725.92082,0.25000 ===
 84.45697|I|libbeamng.print:18052| === LSTM_TRACE t=428 v=5.85 ws=0.00,0.00,0.01,0.08 cmd=0.824,0.925,0.867,0.861 cap=2554,2868,1684,1673 des=2554,2868,1474,1464 app=2463,2722,1405,1423 abs=nil,nil,nil,nil ebrake=1.00 ibrake=1.00 hasABS=0 sy=10.64 split=1.000,0.875 ===
 84.45701|I|libbeamng.print:18052| === LSTM_OBS t=428 0.00232,0.00017,0.00829,0.07844,0.25459,10.63718,0.08748,-0.01568,0.00000,0.00000,0.00318,1.00000,0.00000,0.00060,-0.00897,728.26360,0.25000 ===
 84.46605|I|libbeamng.print:18052| === LSTM_TRACE t=430 v=5.74 ws=0.00,0.00,0.01,0.07 cmd=0.825,0.926,0.867,0.862 cap=2556,2869,1685,1674 des=2556,2869,1474,1464 app=2465,2722,1405,1423 abs=nil,nil,nil,nil ebrake=1.00 ibrake=1.00 hasABS=0 sy=10.64 split=1.000,0.875 ===
 84.46610|I|libbeamng.print:18052| === LSTM_OBS t=430 0.00214,0.00165,0.00926,0.07357,0.28276,10.64082,0.04901,-0.01528,0.00000,0.00000,0.00326,1.00000,0.00000,0.00059,-0.00902,725.79398,0.25000 ===
 84.47641|I|libbeamng.print:18052| === LSTM_TRACE t=432 v=5.64 ws=0.00,0.00,0.00,0.08 cmd=0.825,0.925,0.867,0.862 cap=2558,2870,1685,1674 des=2558,2870,1474,1465 app=2466,2722,1405,1423 abs=nil,nil,nil,nil ebrake=1.00 ibrake=1.00 hasABS=0 sy=10.62 split=1.000,0.875 ===
 84.47645|I|libbeamng.print:18052| === LSTM_OBS t=432 0.00015,0.00039,0.00145,0.08264,0.29744,10.62489,0.06897,-0.01555,0.00000,0.00000,0.00342,1.00000,0.00000,0.00057,-0.00906,727.63949,0.25000 ===
 84.48988|I|libbeamng.print:18052| === LSTM_TRACE t=434 v=5.53 ws=0.00,0.00,0.01,0.07 cmd=0.825,0.925,0.867,0.862 cap=2556,2869,1685,1674 des=2556,2869,1474,1465 app=2464,2721,1405,1423 abs=nil,nil,nil,nil ebrake=1.00 ibrake=1.00 hasABS=0 sy=10.64 split=1.000,0.875 ===
 84.48992|I|libbeamng.print:18052| === LSTM_OBS t=434 0.00068,0.00140,0.00695,0.07487,0.25879,10.64110,0.10625,-0.01561,0.00000,0.00000,0.00335,1.00000,0.00000,0.00056,-0.00907,724.48318,0.25000 ===
 84.49818|I|libbeamng.print:18052| === LSTM_TRACE t=436 v=5.42 ws=0.00,0.00,0.04,0.02 cmd=0.826,0.926,0.867,0.862 cap=2558,2868,1684,1674 des=2558,2868,1474,1465 app=2465,2720,1404,1423 abs=nil,nil,nil,nil ebrake=1.00 ibrake=1.00 hasABS=0 sy=10.66 split=1.000,0.875 ===
 84.49822|I|libbeamng.print:18052| === LSTM_OBS t=436 0.00181,0.00017,0.03583,0.01704,0.25397,10.65831,0.18547,-0.01520,0.00000,0.00000,0.00328,1.00000,0.00000,0.00057,-0.00911,727.48682,0.25000 ===
 84.50944|I|libbeamng.print:18052| === LSTM_TRACE t=438 v=5.31 ws=0.00,0.00,0.02,0.03 cmd=0.830,0.927,0.866,0.862 cap=2567,2871,1683,1675 des=2567,2871,1473,1465 app=2473,2723,1403,1423 abs=nil,nil,nil,nil ebrake=1.00 ibrake=1.00 hasABS=0 sy=10.71 split=1.000,0.875 ===
 84.50948|I|libbeamng.print:18052| === LSTM_OBS t=438 0.00199,0.00187,0.02323,0.03093,0.30403,10.71482,0.07361,-0.01462,0.00000,0.00000,0.00335,1.00000,0.00000,0.00056,-0.00915,724.46508,0.25000 ===
 84.52293|I|libbeamng.print:18052| === LSTM_TRACE t=440 v=5.21 ws=0.00,0.00,0.01,0.01 cmd=0.830,0.927,0.867,0.862 cap=2577,2876,1684,1675 des=2577,2876,1473,1466 app=2483,2727,1403,1423 abs=nil,nil,nil,nil ebrake=1.00 ibrake=1.00 hasABS=0 sy=10.71 split=1.000,0.875 ===
 84.52297|I|libbeamng.print:18052| === LSTM_OBS t=440 0.00148,0.00111,0.00549,0.01467,0.29096,10.70999,-0.01234,-0.01393,0.00000,0.00000,0.00350,1.00000,0.00000,0.00055,-0.00919,727.91586,0.25000 ===
 84.53100|I|libbeamng.print:18052| === LSTM_TRACE t=442 v=5.10 ws=0.00,0.00,0.01,0.01 cmd=0.828,0.926,0.868,0.862 cap=2568,2872,1686,1675 des=2568,2872,1475,1466 app=2473,2723,1405,1422 abs=nil,nil,nil,nil ebrake=1.00 ibrake=1.00 hasABS=0 sy=10.75 split=1.000,0.875 ===
 84.53103|I|libbeamng.print:18052| === LSTM_OBS t=442 0.00053,0.00140,0.01248,0.00738,0.28523,10.74502,0.05782,-0.01374,0.00000,0.00000,0.00350,1.00000,0.00000,0.00053,-0.00921,725.83773,0.25000 ===
 84.54258|I|libbeamng.print:18052| === LSTM_TRACE t=444 v=4.99 ws=0.00,0.00,0.02,0.01 cmd=0.829,0.926,0.867,0.862 cap=2567,2871,1686,1675 des=2567,2871,1475,1466 app=2472,2722,1405,1422 abs=nil,nil,nil,nil ebrake=1.00 ibrake=1.00 hasABS=0 sy=10.77 split=1.000,0.875 ===
 84.54262|I|libbeamng.print:18052| === LSTM_OBS t=444 0.00117,0.00093,0.02350,0.01162,0.26336,10.76606,0.18702,-0.01345,0.00000,0.00000,0.00349,1.00000,0.00000,0.00054,-0.00925,728.30072,0.25000 ===
 84.55620|I|libbeamng.print:18052| === LSTM_TRACE t=446 v=4.88 ws=0.00,0.00,0.00,0.01 cmd=0.834,0.928,0.866,0.863 cap=2576,2873,1683,1676 des=2576,2873,1473,1466 app=2480,2723,1403,1422 abs=nil,nil,nil,nil ebrake=1.00 ibrake=1.00 hasABS=0 sy=10.84 split=1.000,0.875 ===
 84.55624|I|libbeamng.print:18052| === LSTM_OBS t=446 0.00255,0.00195,0.00081,0.01284,0.28931,10.83627,0.14027,-0.01321,0.00000,0.00000,0.00354,1.00000,0.00000,0.00054,-0.00928,725.73108,0.25000 ===
 84.56209|I|libbeamng.print:18052| === LSTM_TRACE t=448 v=4.77 ws=0.00,0.00,0.00,0.03 cmd=0.836,0.929,0.866,0.863 cap=2589,2878,1683,1677 des=2589,2878,1472,1467 app=2493,2727,1402,1423 abs=nil,nil,nil,nil ebrake=1.00 ibrake=1.00 hasABS=0 sy=10.87 split=1.000,0.875 ===
 84.56216|I|libbeamng.print:18052| === LSTM_OBS t=448 0.00279,0.00152,0.00147,0.02528,0.32713,10.87031,0.04845,-0.01280,0.00000,0.00000,0.00360,1.00000,0.00000,0.00055,-0.00933,726.84020,0.25000 ===
 84.57398|I|libbeamng.print:18052| === LSTM_TRACE t=450 v=4.66 ws=0.00,0.00,0.01,0.03 cmd=0.835,0.928,0.868,0.863 cap=2590,2878,1684,1678 des=2590,2878,1474,1468 app=2493,2728,1403,1424 abs=nil,nil,nil,nil ebrake=1.00 ibrake=1.00 hasABS=0 sy=10.90 split=1.000,0.875 ===
 84.57403|I|libbeamng.print:18052| === LSTM_OBS t=450 0.00123,0.00173,0.01200,0.02508,0.31298,10.90367,-0.02805,-0.01245,0.00000,0.00000,0.00367,1.00000,0.00000,0.00052,-0.00937,726.56019,0.25000 ===
 84.58316|I|libbeamng.print:18052| === LSTM_TRACE t=452 v=4.55 ws=0.00,0.00,0.00,0.03 cmd=0.833,0.927,0.868,0.863 cap=2584,2876,1687,1678 des=2584,2876,1476,1468 app=2487,2726,1405,1423 abs=nil,nil,nil,nil ebrake=1.00 ibrake=1.00 hasABS=0 sy=10.96 split=1.000,0.875 ===
 84.58320|I|libbeamng.print:18052| === LSTM_OBS t=452 0.00144,0.00051,0.00325,0.02921,0.29984,10.95995,0.06546,-0.01184,0.00000,0.00000,0.00367,1.00000,0.00000,0.00052,-0.00944,727.36110,0.25000 ===
 84.59547|I|libbeamng.print:18052| === LSTM_TRACE t=454 v=4.44 ws=0.00,0.00,0.00,0.02 cmd=0.835,0.928,0.867,0.864 cap=2584,2875,1686,1678 des=2584,2875,1475,1468 app=2487,2724,1405,1423 abs=nil,nil,nil,nil ebrake=1.00 ibrake=1.00 hasABS=0 sy=10.95 split=1.000,0.875 ===
 84.59551|I|libbeamng.print:18052| === LSTM_OBS t=454 0.00239,0.00265,0.00349,0.01994,0.28687,10.94717,0.14463,-0.01183,0.00000,0.00000,0.00372,1.00000,0.00000,0.00051,-0.00948,726.42101,0.25000 ===
 84.60724|I|libbeamng.print:18052| === LSTM_TRACE t=456 v=4.33 ws=0.00,0.00,0.01,0.03 cmd=0.838,0.928,0.866,0.864 cap=2592,2877,1684,1679 des=2592,2877,1474,1469 app=2494,2725,1403,1424 abs=nil,nil,nil,nil ebrake=1.00 ibrake=1.00 hasABS=0 sy=10.94 split=1.000,0.875 ===
 84.60728|I|libbeamng.print:18052| === LSTM_OBS t=456 0.00169,0.00012,0.01426,0.03157,0.31065,10.94335,0.16262,-0.01185,0.00000,0.00000,0.00378,1.00000,0.00000,0.00051,-0.00954,727.13293,0.25000 ===
 84.61568|I|libbeamng.print:18052| === LSTM_TRACE t=458 v=4.22 ws=0.00,0.00,0.00,0.03 cmd=0.840,0.930,0.866,0.865 cap=2602,2880,1683,1680 des=2602,2880,1473,1470 app=2503,2728,1402,1425 abs=nil,nil,nil,nil ebrake=1.00 ibrake=1.00 hasABS=0 sy=10.98 split=1.000,0.875 ===
 84.61573|I|libbeamng.print:18052| === LSTM_OBS t=458 0.00264,0.00209,0.00005,0.02898,0.30424,10.97973,0.06732,-0.01184,0.00000,0.00000,0.00378,1.00000,0.00000,0.00049,-0.00957,726.25006,0.25000 ===
 84.62841|I|libbeamng.print:18052| === LSTM_TRACE t=460 v=4.11 ws=0.00,0.00,0.01,0.05 cmd=0.839,0.929,0.867,0.865 cap=2604,2882,1684,1680 des=2604,2882,1474,1470 app=2505,2729,1403,1425 abs=nil,nil,nil,nil ebrake=1.00 ibrake=1.00 hasABS=0 sy=11.02 split=1.000,0.875 ===
 84.62845|I|libbeamng.print:18052| === LSTM_OBS t=460 0.00076,0.00034,0.01158,0.04938,0.31258,11.02337,0.03247,-0.01083,0.00000,0.00000,0.00381,1.00000,0.00000,0.00049,-0.00962,726.70423,0.25000 ===
 84.64082|I|libbeamng.print:18052| === LSTM_TRACE t=462 v=4.00 ws=0.00,0.00,0.01,0.06 cmd=0.839,0.929,0.868,0.865 cap=2599,2879,1686,1680 des=2599,2879,1475,1470 app=2499,2727,1404,1424 abs=nil,nil,nil,nil ebrake=1.00 ibrake=1.00 hasABS=0 sy=11.04 split=1.000,0.875 ===
 84.64086|I|libbeamng.print:18052| === LSTM_OBS t=462 0.00169,0.00290,0.00950,0.06170,0.31244,11.03854,0.07567,-0.01054,0.00000,0.00000,0.00388,1.00000,0.00000,0.00049,-0.00967,726.81801,0.25000 ===
 84.64876|I|libbeamng.print:18052| === LSTM_TRACE t=464 v=3.89 ws=0.00,0.00,0.00,0.09 cmd=0.840,0.929,0.867,0.865 cap=2601,2879,1685,1680 des=2601,2879,1474,1470 app=2501,2726,1403,1424 abs=nil,nil,nil,nil ebrake=1.00 ibrake=1.00 hasABS=0 sy=11.04 split=1.000,0.875 ===
 84.64883|I|libbeamng.print:18052| === LSTM_OBS t=464 0.00210,0.00137,0.00443,0.09067,0.31238,11.04464,0.14635,-0.01033,0.00000,0.00000,0.00395,1.00000,0.00000,0.00048,-0.00973,727.91508,0.25000 ===
 84.66084|I|libbeamng.print:18052| === LSTM_TRACE t=466 v=3.78 ws=0.00,0.00,0.01,0.10 cmd=0.843,0.930,0.866,0.866 cap=2608,2881,1684,1681 des=2608,2881,1473,1471 app=2507,2727,1402,1425 abs=nil,nil,nil,nil ebrake=1.00 ibrake=1.00 hasABS=0 sy=11.08 split=1.000,0.875 ===
 84.66091|I|libbeamng.print:18052| === LSTM_OBS t=466 0.00205,0.00295,0.00907,0.09799,0.30382,11.08163,0.12297,-0.01011,0.00000,0.00000,0.00395,1.00000,0.00000,0.00047,-0.00976,727.88487,0.25000 ===
 84.67396|I|libbeamng.print:18052| === LSTM_TRACE t=468 v=3.67 ws=0.00,0.00,0.01,0.13 cmd=0.843,0.930,0.866,0.866 cap=2613,2882,1683,1682 des=2613,2882,1473,1472 app=2512,2729,1401,1425 abs=nil,nil,nil,nil ebrake=1.00 ibrake=1.00 hasABS=0 sy=11.10 split=1.000,0.875 ===
 84.67399|I|libbeamng.print:18052| === LSTM_OBS t=468 0.00091,0.00192,0.01114,0.12552,0.31422,11.10087,0.13081,-0.00969,0.00000,0.00000,0.00398,1.00000,0.00000,0.00047,-0.00980,728.60298,0.25000 ===
 84.68248|I|libbeamng.print:18052| === LSTM_TRACE t=470 v=3.55 ws=0.00,0.00,0.00,0.15 cmd=0.844,0.930,0.866,0.866 cap=2615,2883,1683,1682 des=2615,2883,1473,1472 app=2513,2729,1401,1426 abs=nil,nil,nil,nil ebrake=1.00 ibrake=1.00 hasABS=0 sy=11.14 split=1.000,0.875 ===
 84.68252|I|libbeamng.print:18052| === LSTM_OBS t=470 0.00058,0.00116,0.00337,0.15315,0.32281,11.13678,0.08660,-0.00959,0.00000,0.00000,0.00401,1.00000,0.00000,0.00046,-0.00983,727.94710,0.25000 ===
 84.69504|I|libbeamng.print:18052| === LSTM_TRACE t=472 v=3.44 ws=0.00,0.00,0.01,0.28 cmd=0.844,0.930,0.866,0.867 cap=2617,2883,1684,1683 des=2617,2883,1473,1473 app=2515,2729,1402,1426 abs=nil,nil,nil,nil ebrake=1.00 ibrake=1.00 hasABS=0 sy=11.17 split=1.000,0.875 ===
 84.69508|I|libbeamng.print:18052| === LSTM_OBS t=472 0.00180,0.00126,0.00904,0.28106,0.35323,11.16615,0.12467,-0.00894,0.00000,0.00000,0.00406,1.00000,0.00000,0.00046,-0.00988,728.56448,0.25000 ===
 84.70754|I|libbeamng.print:18052| === LSTM_TRACE t=474 v=3.33 ws=0.00,0.00,0.01,0.35 cmd=0.845,0.930,0.866,0.867 cap=2618,2882,1683,1684 des=2618,2882,1473,1474 app=2515,2727,1401,1427 abs=nil,nil,nil,nil ebrake=1.00 ibrake=1.00 hasABS=0 sy=11.26 split=1.000,0.875 ===
 84.70758|I|libbeamng.print:18052| === LSTM_OBS t=474 0.00035,0.00080,0.01370,0.35030,0.34813,11.25987,0.11189,-0.00962,0.00000,0.00000,0.00406,1.00000,0.00000,0.00044,-0.00990,727.91890,0.25000 ===
 84.71622|I|libbeamng.print:18052| === LSTM_TRACE t=476 v=3.21 ws=0.00,0.00,0.01,0.31 cmd=0.847,0.930,0.866,0.868 cap=2622,2882,1683,1686 des=2622,2882,1473,1475 app=2519,2727,1401,1428 abs=nil,nil,nil,nil ebrake=1.00 ibrake=1.00 hasABS=0 sy=11.29 split=1.000,0.875 ===
 84.71627|I|libbeamng.print:18052| === LSTM_OBS t=476 0.00145,0.00176,0.01018,0.30595,0.31690,11.29018,0.14015,-0.01010,0.00000,0.00000,0.00414,1.00000,0.00000,0.00042,-0.00994,728.10582,0.25000 ===
 84.72824|I|libbeamng.print:18052| === LSTM_TRACE t=478 v=3.10 ws=0.00,0.00,0.00,0.16 cmd=0.849,0.931,0.867,0.868 cap=2629,2885,1683,1686 des=2629,2885,1473,1475 app=2525,2730,1401,1428 abs=nil,nil,nil,nil ebrake=1.00 ibrake=1.00 hasABS=0 sy=11.29 split=1.000,0.875 ===
 84.72828|I|libbeamng.print:18052| === LSTM_OBS t=478 0.00160,0.00140,0.00058,0.16149,0.31949,11.28846,0.09679,-0.00973,0.00000,0.00000,0.00414,1.00000,0.00000,0.00038,-0.00996,727.70417,0.25000 ===
 84.74092|I|libbeamng.print:18052| === LSTM_TRACE t=480 v=2.99 ws=0.00,0.00,0.03,0.05 cmd=0.850,0.932,0.867,0.868 cap=2633,2888,1684,1686 des=2633,2888,1474,1475 app=2528,2732,1402,1428 abs=nil,nil,nil,nil ebrake=1.00 ibrake=1.00 hasABS=0 sy=11.29 split=1.000,0.875 ===
 84.74097|I|libbeamng.print:18052| === LSTM_OBS t=480 0.00211,0.00123,0.02509,0.05254,0.39057,11.28782,0.12135,-0.00869,0.00000,0.00000,0.00417,1.00000,0.00000,0.00035,-0.01002,728.30119,0.25000 ===
 84.74943|I|libbeamng.print:18052| === LSTM_TRACE t=482 v=2.87 ws=0.00,0.00,0.04,0.04 cmd=0.852,0.933,0.867,0.868 cap=2637,2890,1684,1686 des=2637,2890,1474,1475 app=2532,2734,1402,1427 abs=nil,nil,nil,nil ebrake=1.00 ibrake=1.00 hasABS=0 sy=11.30 split=1.000,0.875 ===
 84.74947|I|libbeamng.print:18052| === LSTM_OBS t=482 0.00041,0.00197,0.03780,0.04436,0.34838,11.30150,0.07374,-0.00853,0.00000,0.00000,0.00423,1.00000,0.00000,0.00032,-0.01005,727.98636,0.25000 ===
 84.76101|I|libbeamng.print:18052| === LSTM_TRACE t=484 v=2.76 ws=0.00,0.00,0.08,0.04 cmd=0.850,0.932,0.868,0.867 cap=2639,2891,1685,1685 des=2639,2891,1474,1475 app=2533,2735,1402,1427 abs=nil,nil,nil,nil ebrake=1.00 ibrake=1.00 hasABS=0 sy=11.29 split=1.000,0.875 ===
 84.76105|I|libbeamng.print:18052| === LSTM_OBS t=484 0.00020,0.00112,0.08320,0.04233,0.27823,11.29114,0.07096,-0.00850,0.00000,0.00000,0.00433,1.00000,0.00000,0.00031,-0.01009,728.21850,0.25000 ===
 84.77389|I|libbeamng.print:18052| === LSTM_TRACE t=486 v=2.65 ws=0.00,0.00,0.10,0.02 cmd=0.850,0.932,0.868,0.867 cap=2634,2890,1686,1685 des=2634,2890,1475,1474 app=2528,2733,1403,1426 abs=nil,nil,nil,nil ebrake=1.00 ibrake=1.00 hasABS=0 sy=11.29 split=1.000,0.875 ===
 84.77393|I|libbeamng.print:18052| === LSTM_OBS t=486 0.00101,0.00118,0.09607,0.01641,0.31266,11.29165,0.10960,-0.00808,0.00000,0.00000,0.00424,1.00000,0.00000,0.00029,-0.01009,727.17630,0.25000 ===
 84.78251|I|libbeamng.print:18052| === LSTM_TRACE t=488 v=2.53 ws=0.00,0.00,0.12,0.04 cmd=0.851,0.932,0.867,0.867 cap=2635,2889,1685,1685 des=2635,2889,1474,1474 app=2529,2732,1402,1426 abs=nil,nil,nil,nil ebrake=1.00 ibrake=1.00 hasABS=0 sy=11.33 split=1.000,0.875 ===
 84.78255|I|libbeamng.print:18052| === LSTM_OBS t=488 0.00242,0.00026,0.12318,0.03726,0.37747,11.32746,0.19297,-0.00745,0.00000,0.00000,0.00424,1.00000,0.00000,0.00027,-0.01011,727.04637,0.25000 ===
 84.79462|I|libbeamng.print:18052| === LSTM_TRACE t=490 v=2.42 ws=0.00,0.00,0.15,0.03 cmd=0.854,0.933,0.866,0.868 cap=2642,2890,1683,1686 des=2642,2890,1473,1475 app=2536,2733,1400,1426 abs=nil,nil,nil,nil ebrake=1.00 ibrake=1.00 hasABS=0 sy=11.35 split=1.000,0.875 ===
 84.79467|I|libbeamng.print:18052| === LSTM_OBS t=490 0.00357,0.00206,0.14516,0.02922,0.37833,11.35170,0.13698,-0.00753,0.00000,0.00000,0.00430,1.00000,0.00000,0.00022,-0.01011,726.53430,0.25000 ===
 84.80741|I|libbeamng.print:18052| === LSTM_TRACE t=492 v=2.31 ws=0.00,0.00,0.19,0.03 cmd=0.854,0.933,0.867,0.868 cap=2650,2894,1683,1686 des=2650,2894,1473,1475 app=2542,2736,1400,1427 abs=nil,nil,nil,nil ebrake=1.00 ibrake=1.00 hasABS=0 sy=11.40 split=1.000,0.875 ===
 84.80748|I|libbeamng.print:18052| === LSTM_OBS t=492 0.00088,0.00073,0.18971,0.03357,0.33468,11.40290,0.09008,-0.00806,0.00000,0.00000,0.00448,1.00000,0.00000,0.00019,-0.01013,727.49430,0.25000 ===
 84.81547|I|libbeamng.print:18052| === LSTM_TRACE t=494 v=2.19 ws=0.00,0.00,0.21,0.02 cmd=0.854,0.934,0.868,0.868 cap=2647,2894,1685,1686 des=2647,2894,1474,1475 app=2540,2736,1402,1426 abs=nil,nil,nil,nil ebrake=1.00 ibrake=1.00 hasABS=0 sy=11.44 split=1.000,0.875 ===
 84.81551|I|libbeamng.print:18052| === LSTM_OBS t=494 0.00185,0.00274,0.20875,0.02365,0.34456,11.43609,0.05267,-0.00750,0.00000,0.00000,0.00445,1.00000,0.00000,0.00014,-0.01013,727.09624,0.25000 ===
 84.82737|I|libbeamng.print:18052| === LSTM_TRACE t=496 v=2.08 ws=0.00,0.00,0.38,0.07 cmd=0.852,0.933,0.868,0.868 cap=2643,2892,1686,1686 des=2643,2892,1476,1475 app=2535,2735,1403,1426 abs=nil,nil,nil,nil ebrake=1.00 ibrake=1.00 hasABS=0 sy=11.42 split=1.000,0.875 ===
 84.82740|I|libbeamng.print:18052| === LSTM_OBS t=496 0.00095,0.00001,0.37795,0.06654,0.33646,11.42328,0.03883,-0.00761,0.00000,0.00000,0.00442,1.00000,0.00000,0.00010,-0.01018,727.80930,0.25000 ===
 84.84053|I|libbeamng.print:18052| === LSTM_TRACE t=498 v=1.96 ws=0.00,0.00,0.46,0.10 cmd=0.849,0.932,0.868,0.868 cap=2636,2890,1687,1686 des=2636,2890,1477,1475 app=2528,2732,1404,1426 abs=nil,nil,nil,nil ebrake=1.00 ibrake=1.00 hasABS=0 sy=11.35 split=1.000,0.875 ===
 84.84057|I|libbeamng.print:18052| === LSTM_OBS t=498 0.00218,0.00030,0.45959,0.09813,0.40005,11.35229,0.15303,-0.00770,0.00000,0.00000,0.00450,1.00000,0.00000,0.00004,-0.01017,726.56649,0.25000 ===
 84.84859|I|libbeamng.print:18052| === LSTM_TRACE t=500 v=1.85 ws=0.00,0.00,0.49,0.17 cmd=0.850,0.931,0.867,0.868 cap=2632,2887,1686,1686 des=2632,2887,1475,1475 app=2524,2729,1403,1426 abs=nil,nil,nil,nil ebrake=1.00 ibrake=1.00 hasABS=0 sy=11.36 split=1.000,0.875 ===
 84.84868|I|libbeamng.print:18052| === LSTM_OBS t=500 0.00111,0.00330,0.48648,0.16560,0.39710,11.36484,0.29403,-0.00705,0.00000,0.00000,0.00459,1.00000,0.00000,-0.00001,-0.01018,727.17116,0.25000 ===
 84.86250|I|libbeamng.print:18052| === LSTM_TRACE t=502 v=1.74 ws=0.00,0.00,0.46,0.24 cmd=0.853,0.933,0.866,0.869 cap=2643,2891,1683,1687 des=2643,2891,1473,1476 app=2534,2733,1400,1427 abs=nil,nil,nil,nil ebrake=1.00 ibrake=1.00 hasABS=0 sy=11.31 split=1.000,0.875 ===
 84.86254|I|libbeamng.print:18052| === LSTM_OBS t=502 0.00307,0.00200,0.45564,0.23657,0.38342,11.31175,0.20903,-0.00873,0.00000,0.00000,0.00459,1.00000,0.00000,-0.00010,-0.01013,725.83950,0.25000 ===
 84.87402|I|libbeamng.print:18052| === LSTM_TRACE t=504 v=1.63 ws=0.00,0.00,0.42,0.33 cmd=0.852,0.933,0.866,0.869 cap=2644,2892,1683,1688 des=2644,2892,1473,1477 app=2534,2733,1400,1427 abs=nil,nil,nil,nil ebrake=1.00 ibrake=1.00 hasABS=0 sy=11.30 split=1.000,0.875 ===
 84.87406|I|libbeamng.print:18052| === LSTM_OBS t=504 0.00028,0.00218,0.42413,0.33299,0.35788,11.30408,0.13816,-0.00961,0.00000,0.00000,0.00459,1.00000,0.00000,-0.00019,-0.01011,726.78007,0.25000 ===
 84.88314|I|libbeamng.print:18052| === LSTM_TRACE t=506 v=1.51 ws=0.01,0.00,0.40,0.39 cmd=0.851,0.933,0.867,0.869 cap=2639,2891,1684,1687 des=2639,2891,1473,1477 app=2530,2733,1401,1427 abs=nil,nil,nil,nil ebrake=1.00 ibrake=1.00 hasABS=0 sy=11.28 split=1.000,0.875 ===
 84.88318|I|libbeamng.print:18052| === LSTM_OBS t=506 0.00512,0.00153,0.40361,0.39499,0.42724,11.27741,0.14940,-0.00986,0.00000,0.00000,0.00462,1.00000,0.00000,-0.00033,-0.01007,726.00827,0.25000 ===
 84.89527|I|libbeamng.print:18052| === LSTM_TRACE t=508 v=1.40 ws=0.00,0.00,0.44,0.47 cmd=0.850,0.931,0.866,0.869 cap=2634,2889,1684,1688 des=2634,2889,1473,1477 app=2525,2730,1401,1427 abs=nil,nil,nil,nil ebrake=1.00 ibrake=1.00 hasABS=0 sy=11.33 split=1.000,0.875 ===
 84.89532|I|libbeamng.print:18052| === LSTM_OBS t=508 0.00118,0.00482,0.44101,0.46518,0.46207,11.32895,0.29318,-0.00875,0.00000,0.00000,0.00470,1.00000,0.00000,-0.00051,-0.01007,727.39312,0.25000 ===
 84.90728|I|libbeamng.print:18052| === LSTM_TRACE t=510 v=1.28 ws=0.00,0.00,0.60,0.50 cmd=0.853,0.933,0.866,0.869 cap=2639,2889,1682,1688 des=2639,2889,1472,1477 app=2529,2730,1399,1427 abs=nil,nil,nil,nil ebrake=1.00 ibrake=1.00 hasABS=0 sy=11.39 split=1.000,0.875 ===
 84.90732|I|libbeamng.print:18052| === LSTM_OBS t=510 0.00398,0.00043,0.60072,0.49695,0.42999,11.38547,0.22351,-0.00720,0.00000,0.00000,0.00476,1.00000,0.00000,-0.00070,-0.01003,727.23999,0.25000 ===
 84.91599|I|libbeamng.print:18052| === LSTM_TRACE t=512 v=1.16 ws=0.00,0.00,1.10,0.47 cmd=0.847,0.932,0.868,0.868 cap=2638,2891,1684,1688 des=2638,2891,1473,1477 app=2528,2731,1401,1427 abs=nil,nil,nil,nil ebrake=1.00 ibrake=1.00 hasABS=0 sy=11.55 split=1.000,0.875 ===
 84.91603|I|libbeamng.print:18052| === LSTM_OBS t=512 0.00041,0.00164,1.09943,0.46844,0.24491,11.55014,0.13096,-0.00417,0.00000,0.00000,0.00487,1.00000,0.00000,-0.00083,-0.01002,728.73236,0.25000 ===
 84.92839|I|libbeamng.print:18052| === LSTM_TRACE t=514 v=1.04 ws=0.00,0.00,1.22,0.34 cmd=0.843,0.931,0.872,0.867 cap=2616,2887,1691,1685 des=2616,2887,1480,1474 app=2507,2727,1407,1424 abs=nil,nil,nil,nil ebrake=1.00 ibrake=1.00 hasABS=0 sy=11.83 split=1.000,0.875 ===
 84.92844|I|libbeamng.print:18052| === LSTM_OBS t=514 0.00051,0.00239,1.22296,0.34003,0.37292,11.82696,-0.05377,0.00531,0.00000,0.00000,0.00483,1.00000,0.00000,-0.00089,-0.01003,727.73762,0.25000 ===
 84.94176|I|libbeamng.print:18052| === LSTM_TRACE t=516 v=0.93 ws=0.00,0.01,1.06,0.25 cmd=0.846,0.932,0.873,0.868 cap=2616,2888,1696,1685 des=2616,2888,1484,1474 app=2506,2728,1412,1424 abs=nil,nil,nil,nil ebrake=1.00 ibrake=1.00 hasABS=0 sy=11.68 split=1.000,0.875 ===
 84.94179|I|libbeamng.print:18052| === LSTM_OBS t=516 0.00055,0.00500,1.05646,0.24902,0.80738,11.68124,-0.07859,0.01283,0.00000,0.00000,0.00478,1.00000,0.00000,-0.00097,-0.01012,727.90416,0.25000 ===
 84.94915|I|libbeamng.print:18052| === LSTM_TRACE t=518 v=0.82 ws=0.00,0.01,0.72,0.16 cmd=0.851,0.935,0.874,0.868 cap=2636,2894,1696,1687 des=2636,2894,1484,1476 app=2524,2734,1411,1426 abs=nil,nil,nil,nil ebrake=1.00 ibrake=1.00 hasABS=0 sy=11.46 split=1.000,0.875 ===
 84.94925|I|libbeamng.print:18052| === LSTM_OBS t=518 0.00165,0.01086,0.72444,0.16410,0.61115,11.45525,-0.50690,0.01404,0.00000,0.00000,0.00510,1.00000,0.00000,-0.00100,-0.01021,727.16498,0.25000 ===
 84.96154|I|libbeamng.print:18052| === LSTM_TRACE t=520 v=0.70 ws=0.00,0.00,0.49,0.12 cmd=0.837,0.930,0.877,0.866 cap=2623,2893,1700,1685 des=2623,2893,1488,1474 app=2512,2732,1415,1424 abs=nil,nil,nil,nil ebrake=1.00 ibrake=1.00 hasABS=0 sy=11.42 split=1.000,0.875 ===
 84.96158|I|libbeamng.print:18052| === LSTM_OBS t=520 0.00465,0.00247,0.48938,0.11717,0.33367,11.42040,-0.41676,0.01721,0.00000,0.00000,0.00530,1.00000,0.00000,-0.00080,-0.01031,727.58412,0.25000 ===
 84.97370|I|libbeamng.print:18052| === LSTM_TRACE t=522 v=0.59 ws=0.00,0.01,0.41,0.07 cmd=0.833,0.925,0.874,0.866 cap=2579,2873,1700,1682 des=2579,2873,1488,1471 app=2469,2713,1415,1421 abs=nil,nil,nil,nil ebrake=1.00 ibrake=1.00 hasABS=0 sy=11.32 split=1.000,0.875 ===
 84.97374|I|libbeamng.print:18052| === LSTM_OBS t=522 0.00272,0.00762,0.40735,0.06884,0.73118,11.31963,0.01735,0.02300,0.00000,0.00000,0.00507,1.00000,0.00000,-0.00062,-0.01039,726.90342,0.25000 ===
 90.36207|I|libbeamng.print:18052| === LSTM_ABS: lens 'baseline_stock16' loaded (17 in, 64 hidden, 2 layers) ===
 90.36397|I|libbeamng.print:18052| === LSTM_ABS SELFTEST lens=baseline_stock16 cmd=0.640036,0.982448,0.903880,0.952201 ===
112.11365|I|libbeamng.print:18052| === LSTM_TRACE t=0 v=27.71 ws=27.64,27.79,27.41,27.43 cmd=0.671,0.934,0.956,0.903 cap=155,155,97,97 des=155,155,85,85 app=142,142,78,78 abs=nil,nil,nil,nil ebrake=1.00 ibrake=1.00 hasABS=0 sy=1.82 split=1.000,0.875 ===
112.11369|I|libbeamng.print:18052| === LSTM_OBS t=0 27.63939,27.79309,27.40841,27.43427,-0.43216,1.81754,-0.23710,0.01287,0.00000,0.00000,0.00000,1.00000,0.00000,0.00086,-0.00908,7859.10089,0.25000 ===
112.12565|I|libbeamng.print:18052| === LSTM_TRACE t=2 v=27.69 ws=27.48,27.57,27.36,27.43 cmd=0.148,0.815,0.894,0.647 cap=1586,2847,1700,1668 des=1586,2847,1488,1460 app=496,496,272,272 abs=nil,nil,nil,nil ebrake=1.00 ibrake=1.00 hasABS=0 sy=1.86 split=1.000,0.875 ===
112.12570|I|libbeamng.print:18052| === LSTM_OBS t=2 27.47721,27.57406,27.35742,27.43193,0.00690,1.86158,-0.04561,-0.00010,0.00000,0.00000,0.00049,1.00000,0.00000,0.00088,-0.00912,7853.95393,0.25000 ===
112.14062|I|libbeamng.print:18052| === LSTM_TRACE t=4 v=27.66 ws=27.47,26.93,27.20,27.34 cmd=0.123,0.375,0.588,0.463 cap=280,1882,1301,1044 des=280,1882,1138,913 app=257,1209,663,663 abs=nil,nil,nil,nil ebrake=1.00 ibrake=1.00 hasABS=0 sy=2.27 split=1.000,0.875 ===
112.14069|I|libbeamng.print:18052| === LSTM_OBS t=4 27.46544,26.93323,27.20453,27.34010,0.19447,2.26674,-0.01035,-0.01011,0.00000,0.00000,0.00000,1.00000,0.00000,0.00091,-0.00917,7840.39097,0.25000 ===
112.15058|I|libbeamng.print:18052| === LSTM_TRACE t=6 v=27.61 ws=27.47,27.01,26.95,27.32 cmd=0.177,0.249,0.696,0.384 cap=553,814,1256,774 des=553,814,1099,677 app=507,748,1012,623 abs=nil,nil,nil,nil ebrake=1.00 ibrake=1.00 hasABS=0 sy=3.05 split=1.000,0.875 ===
112.15062|I|libbeamng.print:18052| === LSTM_OBS t=6 27.47072,27.01005,26.94967,27.31525,-0.38101,3.04759,0.22997,-0.00854,0.00000,0.00000,0.00124,1.00000,0.00000,0.00094,-0.00934,7820.86477,0.25000 ===
112.16064|I|libbeamng.print:18052| === LSTM_TRACE t=8 v=27.55 ws=27.47,27.50,26.62,27.28 cmd=0.117,0.271,0.626,0.373 cap=407,827,1328,763 des=407,827,1162,668 app=373,761,1073,615 abs=nil,nil,nil,nil ebrake=1.00 ibrake=1.00 hasABS=0 sy=3.87 split=1.000,0.875 ===
112.16073|I|libbeamng.print:18052| === LSTM_OBS t=8 27.46661,27.49938,26.61923,27.27899,0.15003,3.87465,0.53643,-0.00194,0.00000,0.00000,0.00115,1.00000,0.00000,0.00104,-0.00957,7794.42736,0.25000 ===
112.17392|I|libbeamng.print:18052| === LSTM_TRACE t=10 v=27.50 ws=27.54,27.45,26.59,27.12 cmd=0.113,0.213,0.575,0.309 cap=373,774,1151,672 des=373,774,1007,588 app=343,713,933,542 abs=nil,nil,nil,nil ebrake=1.00 ibrake=1.00 hasABS=0 sy=4.16 split=1.000,0.875 ===
112.17395|I|libbeamng.print:18052| === LSTM_OBS t=10 27.53653,27.45172,26.58788,27.11697,0.63635,4.15984,0.73747,-0.01048,0.00000,0.00000,0.00000,1.00000,0.00000,0.00091,-0.00979,7763.52259,0.25000 ===
112.18184|I|libbeamng.print:18052| === LSTM_TRACE t=12 v=27.46 ws=27.39,27.47,26.45,27.02 cmd=0.083,0.173,0.500,0.250 cap=301,586,1036,532 des=301,586,906,465 app=277,540,842,430 abs=nil,nil,nil,nil ebrake=1.00 ibrake=1.00 hasABS=0 sy=4.26 split=1.000,0.875 ===
112.18188|I|libbeamng.print:18052| === LSTM_OBS t=12 27.39154,27.46896,26.45181,27.02200,0.20874,4.25623,0.40103,-0.00558,0.00000,0.00000,0.00069,1.00000,0.00000,0.00079,-0.00998,7731.62443,0.25000 ===
112.19333|I|libbeamng.print:18052| === LSTM_TRACE t=14 v=27.42 ws=27.41,27.37,26.38,26.94 cmd=0.074,0.167,0.467,0.225 cap=230,488,936,441 des=230,488,819,386 app=212,450,761,357 abs=nil,nil,nil,nil ebrake=1.00 ibrake=1.00 hasABS=0 sy=4.01 split=1.000,0.875 ===
112.19337|I|libbeamng.print:18052| === LSTM_OBS t=14 27.41370,27.36873,26.37551,26.94150,0.00018,4.00553,0.55824,-0.00242,0.00000,0.00000,0.00069,1.00000,0.00000,0.00075,-0.01020,7715.39268,0.25000 ===
112.19338|I|libbeamng.print:18052| === LSTM_ABS DBG raw=27.4137,27.3687,26.3755,26.9415,0.0002,4.0055,0.5582,-0.0024,0.0000,0.0000,0.0007,1.0000,0.0000,0.0008,-0.0102,7715.3927,0.2500 ===
112.19339|I|libbeamng.print:18052| === LSTM_ABS DBG norm=1.31,1.29,1.20,1.24,0.01,-1.47,0.28,-0.05,-0.10,0.10,-0.07,0.34,-0.05,0.00,0.95,10.00,0.25 ===
112.19340|I|libbeamng.print:18052| === LSTM_ABS DBG cmd=0.0736,0.1670,0.4669,0.2248 ===
112.19978|I|libbeamng.print:18052| === LSTM_TRACE t=16 v=27.39 ws=27.36,27.31,26.25,26.85 cmd=0.072,0.188,0.498,0.242 cap=218,558,937,463 des=218,558,820,405 app=201,515,764,375 abs=nil,nil,nil,nil ebrake=1.00 ibrake=1.00 hasABS=0 sy=3.64 split=1.000,0.875 ===
112.19983|I|libbeamng.print:18052| === LSTM_OBS t=16 27.35569,27.30731,26.25331,26.84566,-0.25391,3.64434,0.68956,-0.00175,0.00000,0.00000,0.00000,1.00000,0.00000,0.00056,-0.01029,7684.51618,0.25000 ===
112.21139|I|libbeamng.print:18052| === LSTM_TRACE t=18 v=27.35 ws=27.31,27.22,26.18,26.85 cmd=0.075,0.199,0.516,0.254 cap=223,605,974,482 des=223,605,852,422 app=205,559,796,391 abs=nil,nil,nil,nil ebrake=1.00 ibrake=1.00 hasABS=0 sy=3.96 split=1.000,0.875 ===
112.21146|I|libbeamng.print:18052| === LSTM_OBS t=18 27.30908,27.21884,26.18296,26.85294,-0.16180,3.96022,1.01519,0.00375,0.00000,0.00000,0.00000,1.00000,0.00000,0.00045,-0.01031,7657.23874,0.25000 ===
112.22787|I|libbeamng.print:18052| === LSTM_TRACE t=20 v=27.31 ws=27.30,27.18,26.17,26.81 cmd=0.069,0.192,0.521,0.252 cap=222,610,1028,503 des=222,610,900,440 app=204,565,842,408 abs=nil,nil,nil,nil ebrake=1.00 ibrake=1.00 hasABS=0 sy=4.00 split=1.000,0.875 ===
112.22791|I|libbeamng.print:18052| === LSTM_OBS t=20 27.29953,27.17930,26.16921,26.81106,0.02092,4.00454,0.65964,-0.00503,0.00000,0.00000,0.00000,1.00000,0.00000,0.00036,-0.01029,7621.38407,0.25000 ===
112.24035|I|libbeamng.print:18052| === LSTM_TRACE t=22 v=27.27 ws=27.28,27.24,26.13,26.82 cmd=0.064,0.185,0.499,0.247 cap=208,571,999,477 des=208,571,874,417 app=191,529,819,388 abs=nil,nil,nil,nil ebrake=1.00 ibrake=1.00 hasABS=0 sy=4.11 split=1.000,0.875 ===
112.24046|I|libbeamng.print:18052| === LSTM_OBS t=22 27.27704,27.23804,26.12670,26.81888,0.29987,4.11380,0.38025,-0.00719,0.00000,0.00000,0.00000,1.00000,0.00000,0.00013,-0.01029,7600.62942,0.25000 ===
112.24854|I|libbeamng.print:18052| === LSTM_TRACE t=24 v=27.22 ws=27.23,27.22,26.06,26.75 cmd=0.061,0.185,0.524,0.250 cap=195,562,985,477 des=195,562,862,418 app=179,521,810,388 abs=nil,nil,nil,nil ebrake=1.00 ibrake=1.00 hasABS=0 sy=4.21 split=1.000,0.875 ===
112.24858|I|libbeamng.print:18052| === LSTM_OBS t=24 27.22707,27.21634,26.06266,26.75079,0.03401,4.20774,0.32939,-0.00284,0.00000,0.00000,0.00000,1.00000,0.00000,-0.00016,-0.01026,7582.97720,0.25000 ===
112.26105|I|libbeamng.print:18052| === LSTM_TRACE t=26 v=27.18 ws=27.16,27.09,25.96,26.74 cmd=0.058,0.193,0.552,0.271 cap=182,599,1046,511 des=182,599,915,447 app=168,556,861,416 abs=nil,nil,nil,nil ebrake=1.00 ibrake=1.00 hasABS=0 sy=4.25 split=1.000,0.875 ===
112.26109|I|libbeamng.print:18052| === LSTM_OBS t=26 27.16364,27.09212,25.96317,26.73773,-0.06958,4.24703,0.40885,-0.00145,0.00000,0.00000,0.00049,1.00000,0.00000,-0.00032,-0.01021,7566.55358,0.25000 ===
112.27413|I|libbeamng.print:18052| === LSTM_TRACE t=28 v=27.14 ws=27.16,27.01,25.95,26.77 cmd=0.058,0.185,0.549,0.269 cap=179,588,1069,525 des=179,588,936,459 app=165,546,882,428 abs=nil,nil,nil,nil ebrake=1.00 ibrake=1.00 hasABS=0 sy=4.12 split=1.000,0.875 ===
112.27420|I|libbeamng.print:18052| === LSTM_OBS t=28 27.16490,27.01219,25.94630,26.76684,0.04157,4.11942,0.39619,-0.01469,0.00000,0.00000,0.00000,1.00000,0.00000,-0.00053,-0.01014,7550.23025,0.25000 ===
112.28348|I|libbeamng.print:18052| === LSTM_TRACE t=30 v=27.09 ws=27.13,27.05,25.85,26.69 cmd=0.054,0.176,0.540,0.254 cap=168,560,1069,514 des=168,560,935,450 app=155,521,883,419 abs=nil,nil,nil,nil ebrake=1.00 ibrake=1.00 hasABS=0 sy=4.26 split=1.000,0.875 ===
112.28351|I|libbeamng.print:18052| === LSTM_OBS t=30 27.13049,27.05000,25.85495,26.69457,0.13181,4.25960,0.06404,-0.01525,0.00000,0.00000,0.00000,1.00000,0.00000,-0.00079,-0.01004,7534.44158,0.25000 ===
112.29393|I|libbeamng.print:18052| === LSTM_TRACE t=32 v=27.04 ws=27.07,27.01,25.83,26.66 cmd=0.054,0.182,0.554,0.262 cap=167,547,1047,495 des=167,547,916,433 app=154,509,866,404 abs=nil,nil,nil,nil ebrake=1.00 ibrake=1.00 hasABS=0 sy=4.58 split=1.000,0.875 ===
112.29397|I|libbeamng.print:18052| === LSTM_OBS t=32 27.06662,27.00988,25.82881,26.66315,-0.04323,4.57789,0.27717,-0.00156,0.00000,0.00000,0.00000,1.00000,0.00000,-0.00102,-0.00999,7519.84945,0.25000 ===
112.30729|I|libbeamng.print:18052| === LSTM_TRACE t=34 v=26.99 ws=26.97,26.96,25.75,26.61 cmd=0.054,0.189,0.568,0.271 cap=167,575,1093,520 des=167,575,957,455 app=154,535,906,425 abs=nil,nil,nil,nil ebrake=1.00 ibrake=1.00 hasABS=0 sy=4.72 split=1.000,0.875 ===
112.30734|I|libbeamng.print:18052| === LSTM_OBS t=34 26.96695,26.96124,25.75028,26.60782,-0.08681,4.71624,0.35243,0.00311,0.00000,0.00000,0.00000,1.00000,0.00000,-0.00121,-0.00992,7506.31921,0.25000 ===
112.31562|I|libbeamng.print:18052| === LSTM_TRACE t=36 v=26.95 ws=26.90,26.88,25.79,26.50 cmd=0.054,0.187,0.568,0.261 cap=166,576,1117,521 des=166,576,978,456 app=153,537,927,427 abs=nil,nil,nil,nil ebrake=1.00 ibrake=1.00 hasABS=0 sy=4.59 split=1.000,0.875 ===
112.31566|I|libbeamng.print:18052| === LSTM_OBS t=36 26.90275,26.87976,25.78759,26.50205,-0.22083,4.58932,0.27451,-0.00275,0.00000,0.00000,0.00000,1.00000,0.00000,-0.00139,-0.00988,7492.55928,0.25000 ===
112.32711|I|libbeamng.print:18052| === LSTM_TRACE t=38 v=26.90 ws=26.87,26.89,25.71,26.47 cmd=0.053,0.187,0.548,0.256 cap=167,586,1079,504 des=167,586,944,441 app=154,546,897,412 abs=nil,nil,nil,nil ebrake=1.00 ibrake=1.00 hasABS=0 sy=4.48 split=1.000,0.875 ===
112.32715|I|libbeamng.print:18052| === LSTM_OBS t=38 26.86649,26.89039,25.71285,26.47296,-0.26933,4.47884,0.09436,-0.00900,0.00000,0.00000,0.00000,1.00000,0.00000,-0.00150,-0.00977,7479.66528,0.25000 ===
112.34068|I|libbeamng.print:18052| === LSTM_TRACE t=40 v=26.86 ws=26.85,26.81,25.65,26.46 cmd=0.058,0.188,0.541,0.253 cap=173,575,1058,487 des=173,575,926,427 app=159,536,880,399 abs=nil,nil,nil,nil ebrake=1.00 ibrake=1.00 hasABS=0 sy=4.42 split=1.000,0.875 ===
112.34078|I|libbeamng.print:18052| === LSTM_OBS t=40 26.84527,26.80806,25.64573,26.45902,0.04773,4.41820,0.32123,-0.01774,0.00000,0.00000,0.00049,1.00000,0.00000,-0.00162,-0.00972,7467.78069,0.25000 ===
112.34856|I|libbeamng.print:18052| === LSTM_TRACE t=42 v=26.81 ws=26.80,26.73,25.58,26.37 cmd=0.059,0.178,0.537,0.241 cap=179,563,1052,489 des=179,563,921,428 app=165,525,877,401 abs=nil,nil,nil,nil ebrake=1.00 ibrake=1.00 hasABS=0 sy=4.67 split=1.000,0.875 ===
112.34860|I|libbeamng.print:18052| === LSTM_OBS t=42 26.80373,26.73132,25.57751,26.36773,0.13825,4.66984,0.03026,-0.01552,0.00000,0.00000,0.00000,1.00000,0.00000,-0.00174,-0.00970,7456.19632,0.25000 ===
112.36099|I|libbeamng.print:18052| === LSTM_TRACE t=44 v=26.77 ws=26.75,26.63,25.56,26.36 cmd=0.059,0.181,0.530,0.247 cap=184,561,1028,472 des=184,561,900,413 app=170,524,858,387 abs=nil,nil,nil,nil ebrake=1.00 ibrake=1.00 hasABS=0 sy=4.50 split=1.000,0.875 ===
112.36103|I|libbeamng.print:18052| === LSTM_OBS t=44 26.74750,26.62693,25.56322,26.36411,0.05505,4.49734,-0.10970,-0.02187,0.00000,0.00000,0.00000,1.00000,0.00000,-0.00186,-0.00964,7444.17914,0.25000 ===
112.37428|I|libbeamng.print:18052| === LSTM_TRACE t=46 v=26.72 ws=26.76,26.57,25.56,26.25 cmd=0.062,0.192,0.535,0.249 cap=186,572,1031,477 des=186,572,902,418 app=172,535,861,392 abs=nil,nil,nil,nil ebrake=1.00 ibrake=1.00 hasABS=0 sy=4.56 split=1.000,0.875 ===
112.37432|I|libbeamng.print:18052| === LSTM_OBS t=46 26.76346,26.57477,25.55656,26.25179,0.07956,4.56100,0.06032,-0.01145,0.00000,0.00000,0.00000,1.00000,0.00000,-0.00196,-0.00956,7432.65355,0.25000 ===
112.38271|I|libbeamng.print:18052| === LSTM_TRACE t=48 v=26.67 ws=26.68,26.49,25.49,26.22 cmd=0.063,0.202,0.544,0.261 cap=195,619,1057,498 des=195,619,925,435 app=180,579,884,409 abs=nil,nil,nil,nil ebrake=1.00 ibrake=1.00 hasABS=0 sy=4.75 split=1.000,0.875 ===
112.38275|I|libbeamng.print:18052| === LSTM_OBS t=48 26.67989,26.48750,25.49492,26.22261,-0.07479,4.74930,-0.03175,-0.00043,0.00000,0.00000,0.00000,1.00000,0.00000,-0.00206,-0.00948,7422.14019,0.25000 ===
112.39460|I|libbeamng.print:18052| === LSTM_TRACE t=50 v=26.62 ws=26.60,26.44,25.48,26.21 cmd=0.064,0.199,0.530,0.253 cap=195,614,1037,500 des=195,614,908,437 app=180,574,868,411 abs=nil,nil,nil,nil ebrake=1.00 ibrake=1.00 hasABS=0 sy=4.87 split=1.000,0.875 ===
112.39463|I|libbeamng.print:18052| === LSTM_OBS t=50 26.59656,26.44234,25.47815,26.21075,-0.04046,4.87348,-0.17938,0.00635,0.00000,0.00000,0.00000,1.00000,0.00000,-0.00216,-0.00943,7411.74896,0.25000 ===
112.40809|I|libbeamng.print:18052| === LSTM_TRACE t=52 v=26.56 ws=26.54,26.42,25.43,26.06 cmd=0.064,0.207,0.527,0.247 cap=196,623,1033,488 des=196,623,904,427 app=181,583,865,401 abs=nil,nil,nil,nil ebrake=1.00 ibrake=1.00 hasABS=0 sy=4.99 split=1.000,0.875 ===
112.40812|I|libbeamng.print:18052| === LSTM_OBS t=52 26.53881,26.42173,25.42798,26.06174,-0.14090,4.98515,-0.44572,0.00771,0.00000,0.00000,0.00000,1.00000,0.00000,-0.00224,-0.00936,7401.01648,0.25000 ===
112.41553|I|libbeamng.print:18052| === LSTM_TRACE t=54 v=26.52 ws=26.50,26.37,25.41,26.06 cmd=0.068,0.224,0.524,0.260 cap=205,671,1014,489 des=205,671,887,428 app=189,629,851,403 abs=nil,nil,nil,nil ebrake=1.00 ibrake=1.00 hasABS=0 sy=4.89 split=1.000,0.875 ===
112.41557|I|libbeamng.print:18052| === LSTM_OBS t=54 26.49565,26.37117,25.41476,26.05928,-0.10880,4.89179,-0.39349,0.00656,0.00000,0.00000,0.00049,1.00000,0.00000,-0.00229,-0.00932,7390.65495,0.25000 ===
112.42928|I|libbeamng.print:18052| === LSTM_TRACE t=56 v=26.47 ws=26.42,26.26,25.36,26.02 cmd=0.076,0.236,0.535,0.265 cap=223,718,1032,511 des=223,718,903,447 app=206,672,867,421 abs=nil,nil,nil,nil ebrake=1.00 ibrake=1.00 hasABS=0 sy=4.90 split=1.000,0.875 ===
112.42932|I|libbeamng.print:18052| === LSTM_OBS t=56 26.41874,26.26165,25.36086,26.01774,-0.14512,4.89867,-0.20337,0.00863,0.00000,0.00000,0.00000,1.00000,0.00000,-0.00234,-0.00926,7380.21235,0.25000 ===
112.44133|I|libbeamng.print:18052| === LSTM_TRACE t=58 v=26.42 ws=26.35,26.24,25.34,25.95 cmd=0.079,0.237,0.522,0.257 cap=243,734,1039,512 des=243,734,909,448 app=225,689,873,422 abs=nil,nil,nil,nil ebrake=1.00 ibrake=1.00 hasABS=0 sy=4.89 split=1.000,0.875 ===
112.44153|I|libbeamng.print:18052| === LSTM_OBS t=58 26.34639,26.24018,25.34299,25.95093,-0.23461,4.88606,-0.34902,0.00260,0.00000,0.00000,0.00049,1.00000,0.00000,-0.00238,-0.00919,7369.10602,0.25000 ===
112.45110|I|libbeamng.print:18052| === LSTM_TRACE t=60 v=26.37 ws=26.30,26.19,25.29,25.92 cmd=0.084,0.233,0.497,0.248 cap=252,728,980,485 des=252,728,857,424 app=233,683,824,400 abs=nil,nil,nil,nil ebrake=1.00 ibrake=1.00 hasABS=0 sy=4.89 split=1.000,0.875 ===
112.45113|I|libbeamng.print:18052| === LSTM_OBS t=60 26.29871,26.19063,25.28558,25.91505,0.02591,4.88948,-0.36928,-0.00421,0.00000,0.00000,0.00085,1.00000,0.00000,-0.00239,-0.00914,7358.18418,0.25000 ===
112.46119|I|libbeamng.print:18052| === LSTM_TRACE t=62 v=26.32 ws=26.24,26.16,25.29,25.85 cmd=0.089,0.238,0.505,0.247 cap=266,719,977,479 des=266,719,855,419 app=246,675,822,395 abs=nil,nil,nil,nil ebrake=1.00 ibrake=1.00 hasABS=0 sy=4.90 split=1.000,0.875 ===
112.46127|I|libbeamng.print:18052| === LSTM_OBS t=62 26.24340,26.16499,25.29184,25.84638,0.12766,4.89998,-0.28494,-0.00579,0.00000,0.00000,0.00049,1.00000,0.00000,-0.00242,-0.00911,7347.59638,0.25000 ===
112.47491|I|libbeamng.print:18052| === LSTM_TRACE t=64 v=26.27 ws=26.20,26.05,25.25,25.88 cmd=0.093,0.248,0.513,0.261 cap=285,764,988,492 des=285,764,865,431 app=263,718,832,406 abs=nil,nil,nil,nil ebrake=1.00 ibrake=1.00 hasABS=0 sy=4.89 split=1.000,0.875 ===
112.47495|I|libbeamng.print:18052| === LSTM_OBS t=64 26.20242,26.05394,25.25367,25.87774,0.05090,4.89164,-0.19335,-0.00367,0.00000,0.00000,0.00000,1.00000,0.00000,-0.00247,-0.00908,7337.31240,0.25000 ===
112.48225|I|libbeamng.print:18052| === LSTM_TRACE t=66 v=26.22 ws=26.16,25.97,25.27,25.82 cmd=0.096,0.246,0.517,0.255 cap=290,771,995,506 des=290,771,871,443 app=269,725,839,418 abs=nil,nil,nil,nil ebrake=1.00 ibrake=1.00 hasABS=0 sy=4.92 split=1.000,0.875 ===
112.48229|I|libbeamng.print:18052| === LSTM_OBS t=66 26.16340,25.96595,25.27021,25.81792,-0.01034,4.92385,-0.07228,-0.00557,0.00000,0.00000,0.00049,1.00000,0.00000,-0.00253,-0.00904,7326.74293,0.25000 ===
112.49577|I|libbeamng.print:18052| === LSTM_TRACE t=68 v=26.17 ws=26.07,26.00,25.22,25.76 cmd=0.094,0.253,0.502,0.255 cap=299,768,995,493 des=299,768,870,431 app=277,723,839,407 abs=nil,nil,nil,nil ebrake=1.00 ibrake=1.00 hasABS=0 sy=4.96 split=1.000,0.875 ===
112.49581|I|libbeamng.print:18052| === LSTM_OBS t=68 26.07117,25.99844,25.22270,25.76330,-0.04898,4.96306,-0.09791,-0.00322,0.00000,0.00000,0.00085,1.00000,0.00000,-0.00255,-0.00901,7315.70495,0.25000 ===
112.50776|I|libbeamng.print:18052| === LSTM_TRACE t=70 v=26.11 ws=26.04,25.95,25.25,25.72 cmd=0.094,0.247,0.509,0.247 cap=291,766,987,485 des=291,766,863,424 app=270,722,833,401 abs=nil,nil,nil,nil ebrake=1.00 ibrake=1.00 hasABS=0 sy=5.23 split=1.000,0.875 ===
112.50781|I|libbeamng.print:18052| === LSTM_OBS t=70 26.04274,25.95014,25.24881,25.72320,0.02964,5.23488,-0.19851,0.00349,0.00000,0.00000,0.00049,1.00000,0.00000,-0.00254,-0.00901,7304.80523,0.25000 ===
112.51603|I|libbeamng.print:18052| === LSTM_TRACE t=72 v=26.06 ws=25.99,25.85,25.19,25.69 cmd=0.095,0.257,0.517,0.259 cap=296,792,986,494 des=296,792,863,432 app=274,747,833,408 abs=nil,nil,nil,nil ebrake=1.00 ibrake=1.00 hasABS=0 sy=5.21 split=1.000,0.875 ===
112.51607|I|libbeamng.print:18052| === LSTM_OBS t=72 25.98641,25.85249,25.18923,25.68553,-0.02154,5.20885,-0.11909,0.00025,0.00000,0.00000,0.00000,1.00000,0.00000,-0.00257,-0.00901,7293.88176,0.25000 ===
112.52864|I|libbeamng.print:18052| === LSTM_TRACE t=74 v=26.01 ws=25.90,25.76,25.22,25.64 cmd=0.099,0.256,0.523,0.258 cap=302,795,1011,503 des=302,795,885,440 app=280,750,855,416 abs=nil,nil,nil,nil ebrake=1.00 ibrake=1.00 hasABS=0 sy=5.24 split=1.000,0.875 ===
112.52873|I|libbeamng.print:18052| === LSTM_OBS t=74 25.90291,25.75705,25.21908,25.63934,0.02384,5.23841,-0.01112,-0.00323,0.00000,0.00000,0.00049,1.00000,0.00000,-0.00259,-0.00902,7282.22186,0.25000 ===
112.54158|I|libbeamng.print:18052| === LSTM_TRACE t=76 v=25.96 ws=25.85,25.70,25.10,25.68 cmd=0.100,0.261,0.511,0.265 cap=299,799,1000,515 des=299,799,875,450 app=277,754,846,426 abs=nil,nil,nil,nil ebrake=1.00 ibrake=1.00 hasABS=0 sy=5.13 split=1.000,0.875 ===
112.54162|I|libbeamng.print:18052| === LSTM_OBS t=76 25.85114,25.69994,25.10188,25.67838,0.07538,5.13414,0.11248,-0.00656,0.00000,0.00000,0.00049,1.00000,0.00000,-0.00257,-0.00901,7269.90658,0.25000 ===
112.54958|I|libbeamng.print:18052| === LSTM_TRACE t=78 v=25.91 ws=25.83,25.67,25.04,25.61 cmd=0.108,0.263,0.520,0.264 cap=333,811,1017,507 des=333,811,890,444 app=309,766,861,420 abs=nil,nil,nil,nil ebrake=1.00 ibrake=1.00 hasABS=0 sy=5.12 split=1.000,0.875 ===
112.54961|I|libbeamng.print:18052| === LSTM_OBS t=78 25.83333,25.67390,25.04240,25.61116,0.20814,5.12358,0.15838,-0.01131,0.00000,0.00000,0.00049,1.00000,0.00000,-0.00253,-0.00898,7257.20466,0.25000 ===
112.56183|I|libbeamng.print:18052| === LSTM_TRACE t=80 v=25.86 ws=25.78,25.63,24.99,25.56 cmd=0.105,0.254,0.518,0.260 cap=333,815,996,518 des=333,815,872,453 app=309,770,844,429 abs=nil,nil,nil,nil ebrake=1.00 ibrake=1.00 hasABS=0 sy=5.10 split=1.000,0.875 ===
112.56187|I|libbeamng.print:18052| === LSTM_OBS t=80 25.77754,25.63227,24.98795,25.56179,0.11535,5.10051,-0.01573,-0.01036,0.00000,0.00000,0.00000,1.00000,0.00000,-0.00251,-0.00897,7244.05592,0.25000 ===
112.57505|I|libbeamng.print:18052| === LSTM_TRACE t=82 v=25.81 ws=25.72,25.59,24.95,25.58 cmd=0.106,0.259,0.516,0.268 cap=326,797,994,509 des=326,797,870,446 app=303,754,842,422 abs=nil,nil,nil,nil ebrake=1.00 ibrake=1.00 hasABS=0 sy=5.07 split=1.000,0.875 ===
112.57512|I|libbeamng.print:18052| === LSTM_OBS t=82 25.71693,25.58727,24.95396,25.58294,0.27055,5.07051,0.12152,-0.01415,0.00000,0.00000,0.00049,1.00000,0.00000,-0.00248,-0.00897,7230.27621,0.25000 ===
112.58576|I|libbeamng.print:18052| === LSTM_TRACE t=84 v=25.76 ws=25.64,25.53,24.86,25.48 cmd=0.111,0.264,0.522,0.270 cap=332,813,1008,524 des=332,813,882,459 app=308,770,855,435 abs=nil,nil,nil,nil ebrake=1.00 ibrake=1.00 hasABS=0 sy=4.98 split=1.000,0.875 ===
112.58580|I|libbeamng.print:18052| === LSTM_OBS t=84 25.64128,25.52520,24.86181,25.48007,0.40079,4.98259,0.29886,-0.01574,0.00000,0.00000,0.00000,1.00000,0.00000,-0.00248,-0.00896,7216.65188,0.25000 ===
112.59598|I|libbeamng.print:18052| === LSTM_TRACE t=86 v=25.71 ws=25.55,25.53,24.76,25.46 cmd=0.106,0.269,0.529,0.278 cap=343,824,1023,531 des=343,824,895,465 app=318,780,868,441 abs=nil,nil,nil,nil ebrake=1.00 ibrake=1.00 hasABS=0 sy=5.08 split=1.000,0.875 ===
112.59602|I|libbeamng.print:18052| === LSTM_OBS t=86 25.54665,25.52735,24.75671,25.45558,0.19886,5.07770,0.24970,-0.01077,0.00000,0.00000,0.00049,1.00000,0.00000,-0.00245,-0.00893,7202.95284,0.25000 ===
112.60936|I|libbeamng.print:18052| === LSTM_TRACE t=88 v=25.66 ws=25.53,25.42,24.66,25.37 cmd=0.107,0.272,0.543,0.281 cap=331,829,1048,542 des=331,829,917,474 app=307,786,890,450 abs=nil,nil,nil,nil ebrake=1.00 ibrake=1.00 hasABS=0 sy=5.28 split=1.000,0.875 ===
112.60943|I|libbeamng.print:18052| === LSTM_OBS t=88 25.53300,25.42072,24.65583,25.36979,0.22415,5.27518,0.26718,-0.00795,0.00000,0.00000,0.00085,1.00000,0.00000,-0.00245,-0.00890,7188.36184,0.25000 ===
112.61711|I|libbeamng.print:18052| === LSTM_TRACE t=90 v=25.60 ws=25.48,25.44,24.58,25.30 cmd=0.107,0.287,0.551,0.294 cap=337,855,1056,556 des=337,855,924,486 app=313,811,897,462 abs=nil,nil,nil,nil ebrake=1.00 ibrake=1.00 hasABS=0 sy=5.29 split=1.000,0.875 ===
112.61715|I|libbeamng.print:18052| === LSTM_OBS t=90 25.48427,25.44057,24.58106,25.30144,0.10308,5.29222,0.26743,-0.00313,0.00000,0.00000,0.00049,1.00000,0.00000,-0.00247,-0.00889,7173.69356,0.25000 ===
112.62934|I|libbeamng.print:18052| === LSTM_TRACE t=92 v=25.55 ws=25.43,25.29,24.54,25.23 cmd=0.109,0.287,0.572,0.299 cap=328,869,1101,577 des=328,869,963,505 app=305,825,935,480 abs=nil,nil,nil,nil ebrake=1.00 ibrake=1.00 hasABS=0 sy=5.27 split=1.000,0.875 ===
112.62939|I|libbeamng.print:18052| === LSTM_OBS t=92 25.42633,25.28662,24.53872,25.22947,0.07439,5.27410,0.32338,-0.00109,0.00000,0.00000,0.00000,1.00000,0.00000,-0.00252,-0.00888,7158.49949,0.25000 ===
112.64171|I|libbeamng.print:18052| === LSTM_TRACE t=94 v=25.50 ws=25.36,25.25,24.55,25.18 cmd=0.111,0.302,0.596,0.321 cap=344,915,1136,603 des=344,915,994,528 app=320,869,966,502 abs=nil,nil,nil,nil ebrake=1.00 ibrake=1.00 hasABS=0 sy=5.37 split=1.000,0.875 ===
112.64175|I|libbeamng.print:18052| === LSTM_OBS t=94 25.35660,25.24710,24.54664,25.17694,0.02743,5.36754,0.19982,0.00461,0.00000,0.00000,0.00069,1.00000,0.00000,-0.00252,-0.00886,7142.45590,0.25000 ===
112.64996|I|libbeamng.print:18052| === LSTM_TRACE t=96 v=25.44 ws=25.32,25.13,24.51,25.09 cmd=0.121,0.305,0.608,0.326 cap=358,925,1179,628 des=358,925,1032,550 app=333,879,1003,523 abs=nil,nil,nil,nil ebrake=1.00 ibrake=1.00 hasABS=0 sy=5.47 split=1.000,0.875 ===
112.65000|I|libbeamng.print:18052| === LSTM_OBS t=96 25.32466,25.13000,24.51232,25.08643,0.17002,5.47372,0.15973,0.00641,0.00000,0.00000,0.00000,1.00000,0.00000,-0.00256,-0.00884,7125.36890,0.25000 ===
112.66300|I|libbeamng.print:18052| === LSTM_TRACE t=98 v=25.39 ws=25.26,25.05,24.44,25.04 cmd=0.126,0.319,0.646,0.349 cap=385,993,1209,670 des=385,993,1058,586 app=358,944,1029,558 abs=nil,nil,nil,nil ebrake=1.00 ibrake=1.00 hasABS=0 sy=5.63 split=1.000,0.875 ===
112.66305|I|libbeamng.print:18052| === LSTM_OBS t=98 25.25682,25.04891,24.44490,25.04494,0.00949,5.63173,-0.02755,0.00894,0.00000,0.00000,0.00000,1.00000,0.00000,-0.00260,-0.00881,7106.92079,0.25000 ===
112.67513|I|libbeamng.print:18052| === LSTM_TRACE t=100 v=25.34 ws=25.20,24.99,24.27,24.99 cmd=0.144,0.331,0.624,0.360 cap=420,987,1239,661 des=420,987,1084,578 app=391,939,1056,551 abs=nil,nil,nil,nil ebrake=1.00 ibrake=1.00 hasABS=0 sy=5.39 split=1.000,0.875 ===
112.67517|I|libbeamng.print:18052| === LSTM_OBS t=100 25.20458,24.98824,24.27445,24.98609,0.26020,5.38836,0.11334,-0.01340,0.00000,0.00000,0.00069,1.00000,0.00000,-0.00260,-0.00880,7087.53724,0.25000 ===
112.68425|I|libbeamng.print:18052| === LSTM_TRACE t=102 v=25.30 ws=25.16,24.96,24.19,24.83 cmd=0.150,0.303,0.628,0.325 cap=438,993,1244,684 des=438,993,1088,599 app=408,945,1060,570 abs=nil,nil,nil,nil ebrake=1.00 ibrake=1.00 hasABS=0 sy=4.94 split=1.000,0.875 ===
112.68429|I|libbeamng.print:18052| === LSTM_OBS t=102 25.15563,24.95547,24.18726,24.83042,0.29566,4.94271,-0.22735,-0.03374,0.00000,0.00000,0.00049,1.00000,0.00000,-0.00264,-0.00881,7067.12332,0.25000 ===
112.69604|I|libbeamng.print:18052| === LSTM_TRACE t=104 v=25.24 ws=25.05,25.02,24.07,24.80 cmd=0.142,0.313,0.607,0.341 cap=471,959,1187,634 des=471,959,1039,555 app=439,914,1013,529 abs=nil,nil,nil,nil ebrake=1.00 ibrake=1.00 hasABS=0 sy=5.09 split=1.000,0.875 ===
112.69609|I|libbeamng.print:18052| === LSTM_OBS t=104 25.05125,25.02107,24.06860,24.80088,0.21007,5.08917,-0.32091,-0.02371,0.00000,0.00000,0.00000,1.00000,0.00000,-0.00267,-0.00881,7046.44861,0.25000 ===
112.70861|I|libbeamng.print:18052| === LSTM_TRACE t=106 v=25.17 ws=25.06,24.97,23.94,24.77 cmd=0.140,0.326,0.639,0.342 cap=432,973,1212,645 des=432,973,1061,564 app=403,928,1035,538 abs=nil,nil,nil,nil ebrake=1.00 ibrake=1.00 hasABS=0 sy=5.58 split=1.000,0.875 ===
112.70865|I|libbeamng.print:18052| === LSTM_OBS t=106 25.05591,24.97439,23.93954,24.77206,0.04630,5.58034,-0.32631,0.00405,0.00000,0.00000,0.00049,1.00000,0.00000,-0.00274,-0.00879,7026.11264,0.25000 ===
112.71652|I|libbeamng.print:18052| === LSTM_TRACE t=108 v=25.11 ws=24.96,24.80,23.82,24.76 cmd=0.138,0.346,0.672,0.381 cap=423,1027,1287,712 des=423,1027,1126,623 app=394,980,1099,595 abs=nil,nil,nil,nil ebrake=1.00 ibrake=1.00 hasABS=0 sy=5.57 split=1.000,0.875 ===
112.71662|I|libbeamng.print:18052| === LSTM_OBS t=108 24.96444,24.79901,23.81652,24.76166,-0.04021,5.57457,-0.28966,0.00554,0.00000,0.00000,0.00000,1.00000,0.00000,-0.00279,-0.00877,7005.70444,0.25000 ===
112.72967|I|libbeamng.print:18052| === LSTM_TRACE t=110 v=25.06 ws=24.87,24.65,23.87,24.77 cmd=0.155,0.348,0.705,0.395 cap=465,1079,1348,743 des=465,1079,1180,650 app=434,1030,1152,621 abs=nil,nil,nil,nil ebrake=1.00 ibrake=1.00 hasABS=0 sy=5.50 split=1.000,0.875 ===
112.72974|I|libbeamng.print:18052| === LSTM_OBS t=110 24.86530,24.64806,23.86674,24.76664,0.04146,5.49785,-0.13884,-0.01254,0.00000,0.00000,0.00000,1.00000,0.00000,-0.00280,-0.00875,6984.53739,0.25000 ===
112.74253|I|libbeamng.print:18052| === LSTM_TRACE t=112 v=24.98 ws=24.82,24.64,23.75,24.70 cmd=0.187,0.376,0.719,0.417 cap=506,1091,1379,791 des=506,1091,1207,692 app=472,1043,1179,661 abs=nil,nil,nil,nil ebrake=1.00 ibrake=1.00 hasABS=0 sy=6.02 split=1.000,0.875 ===
112.74260|I|libbeamng.print:18052| === LSTM_OBS t=112 24.82428,24.64152,23.74959,24.69862,0.28826,6.02195,0.15325,-0.01819,0.00000,0.00000,0.00000,1.00000,0.00000,-0.00281,-0.00874,6962.50689,0.25000 ===
112.75168|I|libbeamng.print:18052| === LSTM_TRACE t=114 v=24.92 ws=24.70,24.49,23.54,24.59 cmd=0.220,0.394,0.750,0.450 cap=623,1194,1431,857 des=623,1194,1252,750 app=582,1142,1225,717 abs=nil,nil,nil,nil ebrake=1.00 ibrake=1.00 hasABS=0 sy=6.37 split=1.000,0.875 ===
112.75172|I|libbeamng.print:18052| === LSTM_OBS t=114 24.69941,24.49030,23.53905,24.58904,0.55021,6.36833,0.50198,-0.02479,0.00000,0.00000,0.00000,1.00000,0.00000,-0.00283,-0.00874,6939.32232,0.25000 ===
112.76337|I|libbeamng.print:18052| === LSTM_TRACE t=116 v=24.85 ws=24.58,24.34,23.40,24.51 cmd=0.230,0.389,0.765,0.466 cap=694,1206,1470,883 des=694,1206,1286,773 app=648,1154,1258,740 abs=nil,nil,nil,nil ebrake=1.00 ibrake=1.00 hasABS=0 sy=6.44 split=1.000,0.875 ===
112.76343|I|libbeamng.print:18052| === LSTM_OBS t=116 24.57733,24.34413,23.40355,24.50584,0.53023,6.44059,0.72210,-0.02712,0.00000,0.00000,0.00104,1.00000,0.00000,-0.00285,-0.00872,6914.38130,0.25000 ===
112.77543|I|libbeamng.print:18052| === LSTM_TRACE t=118 v=24.79 ws=24.55,24.28,23.20,24.39 cmd=0.219,0.408,0.783,0.485 cap=663,1219,1518,929 des=663,1219,1328,813 app=620,1167,1301,779 abs=nil,nil,nil,nil ebrake=1.00 ibrake=1.00 hasABS=0 sy=6.53 split=1.000,0.875 ===
112.77549|I|libbeamng.print:18052| === LSTM_OBS t=118 24.55495,24.28255,23.20155,24.38743,0.31606,6.52547,0.56547,-0.01523,0.00000,0.00000,0.00134,1.00000,0.00000,-0.00281,-0.00872,6887.52711,0.25000 ===
112.79042|I|libbeamng.print:18052| === LSTM_TRACE t=120 v=24.73 ws=24.51,24.20,23.15,24.26 cmd=0.221,0.428,0.812,0.506 cap=678,1309,1549,974 des=678,1309,1355,853 app=634,1255,1328,818 abs=nil,nil,nil,nil ebrake=1.00 ibrake=1.00 hasABS=0 sy=6.36 split=1.000,0.875 ===
112.79047|I|libbeamng.print:18052| === LSTM_OBS t=120 24.51117,24.19830,23.15277,24.25778,0.00668,6.36332,0.66087,-0.02049,0.00000,0.00000,0.00069,1.00000,0.00000,-0.00283,-0.00871,6844.71584,0.25000 ===
112.79722|I|libbeamng.print:18052| === LSTM_TRACE t=122 v=24.65 ws=24.51,24.11,23.07,24.11 cmd=0.208,0.420,0.825,0.511 cap=673,1324,1596,993 des=673,1324,1397,869 app=630,1270,1369,834 abs=nil,nil,nil,nil ebrake=1.00 ibrake=1.00 hasABS=0 sy=7.00 split=1.000,0.875 ===
112.79727|I|libbeamng.print:18052| === LSTM_OBS t=122 24.51424,24.10544,23.07221,24.10871,-0.02452,7.00249,0.20091,-0.00530,0.00000,0.00000,0.00049,1.00000,0.00000,-0.00287,-0.00870,6829.23226,0.25000 ===
112.80867|I|libbeamng.print:18052| === LSTM_TRACE t=124 v=24.59 ws=24.47,24.05,22.77,24.10 cmd=0.193,0.443,0.814,0.537 cap=587,1339,1582,1023 des=587,1339,1385,895 app=550,1286,1358,859 abs=nil,nil,nil,nil ebrake=1.00 ibrake=1.00 hasABS=0 sy=6.74 split=1.000,0.875 ===
112.80871|I|libbeamng.print:18052| === LSTM_OBS t=124 24.47024,24.05448,22.77396,24.10135,0.11533,6.74266,0.11538,-0.01690,0.00000,0.00000,0.00091,1.00000,0.00000,-0.00286,-0.00873,6797.16215,0.25000 ===
112.81666|I|libbeamng.print:18052| === LSTM_TRACE t=126 v=24.53 ws=24.36,24.04,22.56,24.12 cmd=0.178,0.438,0.824,0.546 cap=540,1321,1600,1053 des=540,1321,1400,922 app=507,1269,1374,886 abs=nil,nil,nil,nil ebrake=1.00 ibrake=1.00 hasABS=0 sy=6.24 split=1.000,0.875 ===
112.81670|I|libbeamng.print:18052| === LSTM_OBS t=126 24.36467,24.04269,22.56134,24.11514,-0.00601,6.24006,0.12986,-0.02128,0.00000,0.00000,0.00049,1.00000,0.00000,-0.00290,-0.00873,6762.72096,0.25000 ===
112.82886|I|libbeamng.print:18052| === LSTM_TRACE t=128 v=24.45 ws=24.30,23.90,22.45,24.00 cmd=0.181,0.443,0.843,0.554 cap=545,1369,1629,1082 des=545,1369,1425,947 app=511,1316,1400,911 abs=nil,nil,nil,nil ebrake=1.00 ibrake=1.00 hasABS=0 sy=6.73 split=1.000,0.875 ===
112.82891|I|libbeamng.print:18052| === LSTM_OBS t=128 24.29945,23.90087,22.44527,23.99610,-0.07400,6.73311,0.07945,-0.01520,0.00000,0.00000,0.00000,1.00000,0.00000,-0.00289,-0.00873,6727.20251,0.25000 ===
112.84151|I|libbeamng.print:18052| === LSTM_TRACE t=130 v=24.39 ws=24.27,23.70,22.28,23.92 cmd=0.186,0.441,0.842,0.568 cap=566,1391,1632,1095 des=566,1391,1428,958 app=531,1339,1403,922 abs=nil,nil,nil,nil ebrake=1.00 ibrake=1.00 hasABS=0 sy=6.50 split=1.000,0.875 ===
112.84156|I|libbeamng.print:18052| === LSTM_OBS t=130 24.27007,23.69771,22.27628,23.91661,-0.00436,6.50239,0.18431,-0.03498,0.00000,0.00000,0.00000,1.00000,0.00000,-0.00286,-0.00869,6689.76657,0.25000 ===
112.84954|I|libbeamng.print:18052| === LSTM_TRACE t=132 v=24.32 ws=24.16,23.74,22.04,23.84 cmd=0.201,0.447,0.828,0.569 cap=589,1366,1627,1104 des=589,1366,1423,966 app=553,1315,1399,931 abs=nil,nil,nil,nil ebrake=1.00 ibrake=1.00 hasABS=0 sy=6.66 split=1.000,0.875 ===
112.84961|I|libbeamng.print:18052| === LSTM_OBS t=132 24.15675,23.74346,22.03979,23.83698,0.49350,6.65606,0.29297,-0.05106,0.00000,0.00000,0.00085,1.00000,0.00000,-0.00277,-0.00862,6651.76750,0.25000 ===
112.86209|I|libbeamng.print:18052| === LSTM_TRACE t=134 v=24.25 ws=24.02,23.73,21.81,23.69 cmd=0.192,0.433,0.832,0.571 cap=638,1376,1612,1109 des=638,1376,1411,970 app=599,1326,1388,936 abs=nil,nil,nil,nil ebrake=1.00 ibrake=1.00 hasABS=0 sy=6.79 split=1.000,0.875 ===
112.86214|I|libbeamng.print:18052| === LSTM_OBS t=134 24.02205,23.73372,21.80568,23.69260,0.39949,6.78595,0.20591,-0.04531,0.00000,0.00000,0.00091,1.00000,0.00000,-0.00273,-0.00855,6613.68665,0.25000 ===
112.87502|I|libbeamng.print:18052| === LSTM_TRACE t=136 v=24.18 ws=24.05,23.66,21.79,23.62 cmd=0.191,0.444,0.836,0.572 cap=599,1322,1626,1092 des=599,1322,1423,956 app=563,1275,1400,922 abs=nil,nil,nil,nil ebrake=1.00 ibrake=1.00 hasABS=0 sy=6.96 split=1.000,0.875 ===
112.87507|I|libbeamng.print:18052| === LSTM_OBS t=136 24.05206,23.65869,21.78561,23.61731,0.06936,6.95884,0.49583,-0.03327,0.00000,0.00000,0.00104,1.00000,0.00000,-0.00269,-0.00844,6576.00695,0.25000 ===
112.88239|I|libbeamng.print:18052| === LSTM_TRACE t=138 v=24.10 ws=24.03,23.63,21.52,23.59 cmd=0.187,0.462,0.836,0.583 cap=559,1401,1626,1138 des=559,1401,1422,996 app=525,1352,1401,962 abs=nil,nil,nil,nil ebrake=1.00 ibrake=1.00 hasABS=0 sy=7.34 split=1.000,0.875 ===
112.88242|I|libbeamng.print:18052| === LSTM_OBS t=138 24.02600,23.62581,21.51514,23.58645,0.06383,7.33767,0.34534,-0.02671,0.00000,0.00000,0.00085,1.00000,0.00000,-0.00269,-0.00833,6538.11293,0.25000 ===
112.89588|I|libbeamng.print:18052| === LSTM_TRACE t=140 v=24.05 ws=23.93,23.38,21.32,23.47 cmd=0.164,0.423,0.826,0.572 cap=565,1378,1618,1119 des=565,1378,1416,979 app=532,1331,1395,947 abs=nil,nil,nil,nil ebrake=1.00 ibrake=1.00 hasABS=0 sy=6.58 split=1.000,0.875 ===
112.89593|I|libbeamng.print:18052| === LSTM_OBS t=140 23.92636,23.37969,21.31896,23.47365,0.02060,6.57590,0.13463,-0.06381,0.00000,0.00000,0.00085,1.00000,0.00000,-0.00266,-0.00820,6499.92887,0.25000 ===
112.90801|I|libbeamng.print:18052| === LSTM_TRACE t=142 v=23.99 ws=23.88,23.46,21.25,23.45 cmd=0.164,0.441,0.827,0.578 cap=503,1295,1615,1104 des=503,1295,1413,966 app=473,1251,1393,935 abs=nil,nil,nil,nil ebrake=1.00 ibrake=1.00 hasABS=0 sy=6.45 split=1.000,0.875 ===
112.90807|I|libbeamng.print:18052| === LSTM_OBS t=142 23.87698,23.45882,21.25255,23.44888,-0.00271,6.44749,0.19067,-0.05337,0.00000,0.00000,0.00091,1.00000,0.00000,-0.00260,-0.00806,6462.60136,0.25000 ===
112.91768|I|libbeamng.print:18052| === LSTM_TRACE t=144 v=23.91 ws=23.87,23.36,21.05,23.33 cmd=0.173,0.424,0.839,0.577 cap=490,1370,1619,1146 des=490,1370,1417,1003 app=461,1325,1397,970 abs=nil,nil,nil,nil ebrake=1.00 ibrake=1.00 hasABS=0 sy=6.69 split=1.000,0.875 ===
112.91778|I|libbeamng.print:18052| === LSTM_OBS t=144 23.87062,23.35786,21.05463,23.33208,0.26463,6.69391,-0.13430,-0.06141,0.00000,0.00000,0.00000,1.00000,0.00000,-0.00259,-0.00791,6426.45291,0.25000 ===
112.92863|I|libbeamng.print:18052| === LSTM_TRACE t=146 v=23.84 ws=23.68,23.32,20.91,23.22 cmd=0.172,0.415,0.829,0.590 cap=571,1333,1600,1139 des=571,1333,1400,997 app=538,1289,1381,966 abs=nil,nil,nil,nil ebrake=1.00 ibrake=1.00 hasABS=0 sy=6.86 split=1.000,0.875 ===
112.92868|I|libbeamng.print:18052| === LSTM_OBS t=146 23.67977,23.31868,20.91227,23.22386,0.60914,6.86031,-0.17109,-0.06514,0.00000,0.00000,0.00091,1.00000,0.00000,-0.00263,-0.00775,6391.11235,0.25000 ===
112.94164|I|libbeamng.print:18052| === LSTM_TRACE t=148 v=23.77 ws=23.61,23.32,20.73,23.20 cmd=0.177,0.452,0.826,0.603 cap=529,1312,1608,1136 des=529,1312,1407,994 app=499,1270,1388,963 abs=nil,nil,nil,nil ebrake=1.00 ibrake=1.00 hasABS=0 sy=6.81 split=1.000,0.875 ===
112.94168|I|libbeamng.print:18052| === LSTM_OBS t=148 23.60669,23.31685,20.73275,23.20108,0.36571,6.81242,0.43914,-0.05428,0.00000,0.00000,0.00124,1.00000,0.00000,-0.00266,-0.00758,6356.27234,0.25000 ===
112.94974|I|libbeamng.print:18052| === LSTM_TRACE t=150 v=23.69 ws=23.60,22.95,20.53,23.04 cmd=0.203,0.439,0.833,0.597 cap=623,1395,1638,1173 des=623,1395,1433,1027 app=587,1351,1414,996 abs=nil,nil,nil,nil ebrake=1.00 ibrake=1.00 hasABS=0 sy=7.36 split=1.000,0.875 ===
112.94977|I|libbeamng.print:18052| === LSTM_OBS t=150 23.59894,22.95058,20.53489,23.04382,0.57068,7.35756,0.46137,-0.06275,0.00000,0.00000,0.00115,1.00000,0.00000,-0.00279,-0.00736,6321.86869,0.25000 ===
112.96191|I|libbeamng.print:18052| === LSTM_TRACE t=152 v=23.63 ws=23.50,23.09,20.55,23.04 cmd=0.173,0.436,0.810,0.582 cap=575,1320,1601,1137 des=575,1320,1401,995 app=542,1279,1383,965 abs=nil,nil,nil,nil ebrake=1.00 ibrake=1.00 hasABS=0 sy=6.89 split=1.000,0.875 ===
112.96195|I|libbeamng.print:18052| === LSTM_OBS t=152 23.50426,23.09333,20.55394,23.04462,0.30598,6.89069,0.26029,-0.08625,0.00000,0.00000,0.00124,1.00000,0.00000,-0.00285,-0.00719,6287.58728,0.25000 ===
112.97449|I|libbeamng.print:18052| === LSTM_TRACE t=154 v=23.55 ws=23.48,22.94,20.34,22.91 cmd=0.175,0.414,0.820,0.577 cap=537,1324,1583,1120 des=537,1324,1385,980 app=506,1283,1367,952 abs=nil,nil,nil,nil ebrake=1.00 ibrake=1.00 hasABS=0 sy=7.10 split=1.000,0.875 ===
112.97453|I|libbeamng.print:18052| === LSTM_OBS t=154 23.48417,22.94124,20.34147,22.90564,0.41373,7.10339,-0.06791,-0.06160,0.00000,0.00000,0.00124,1.00000,0.00000,-0.00295,-0.00700,6254.72728,0.25000 ===
112.98280|I|libbeamng.print:18052| === LSTM_TRACE t=156 v=23.48 ws=23.43,22.98,20.29,22.85 cmd=0.181,0.426,0.827,0.585 cap=552,1349,1560,1127 des=552,1349,1365,986 app=520,1309,1348,958 abs=nil,nil,nil,nil ebrake=1.00 ibrake=1.00 hasABS=0 sy=7.06 split=1.000,0.875 ===
112.98284|I|libbeamng.print:18052| === LSTM_OBS t=156 23.43089,22.97618,20.28743,22.85428,0.42460,7.05829,-0.01291,-0.07291,0.00000,0.00000,0.00069,1.00000,0.00000,-0.00315,-0.00686,6223.39093,0.25000 ===
112.99439|I|libbeamng.print:18052| === LSTM_TRACE t=158 v=23.41 ws=23.23,22.75,20.09,22.72 cmd=0.192,0.423,0.815,0.584 cap=547,1353,1583,1150 des=547,1353,1385,1007 app=517,1313,1369,979 abs=nil,nil,nil,nil ebrake=1.00 ibrake=1.00 hasABS=0 sy=7.34 split=1.000,0.875 ===
112.99443|I|libbeamng.print:18052| === LSTM_OBS t=158 23.23491,22.74617,20.08784,22.72353,0.91340,7.33665,0.22089,-0.07779,0.00000,0.00000,0.00142,1.00000,0.00000,-0.00333,-0.00669,6192.71649,0.25000 ===
113.00813|I|libbeamng.print:18052| === LSTM_TRACE t=160 v=23.33 ws=23.21,22.69,20.02,22.64 cmd=0.190,0.434,0.827,0.582 cap=591,1381,1574,1163 des=591,1381,1377,1017 app=558,1341,1361,990 abs=nil,nil,nil,nil ebrake=1.00 ibrake=1.00 hasABS=0 sy=7.39 split=1.000,0.875 ===
113.00817|I|libbeamng.print:18052| === LSTM_OBS t=160 23.20827,22.68728,20.02182,22.64383,0.58218,7.39283,0.09193,-0.06976,0.00000,0.00000,0.00169,1.00000,0.00000,-0.00355,-0.00652,6162.59247,0.25000 ===
113.01592|I|libbeamng.print:18052| === LSTM_TRACE t=162 v=23.26 ws=23.16,22.65,19.92,22.61 cmd=0.193,0.434,0.803,0.579 cap=571,1339,1576,1121 des=571,1339,1379,981 app=539,1301,1363,955 abs=nil,nil,nil,nil ebrake=1.00 ibrake=1.00 hasABS=0 sy=7.25 split=1.000,0.875 ===
113.01601|I|libbeamng.print:18052| === LSTM_OBS t=162 23.16413,22.65169,19.91906,22.61486,0.84534,7.25196,0.15145,-0.09631,0.00000,0.00000,0.00150,1.00000,0.00000,-0.00372,-0.00636,6133.62993,0.25000 ===
113.02913|I|libbeamng.print:18052| === LSTM_TRACE t=164 v=23.19 ws=23.09,22.66,19.79,22.56 cmd=0.186,0.449,0.810,0.585 cap=581,1350,1568,1128 des=581,1350,1372,987 app=549,1312,1357,961 abs=nil,nil,nil,nil ebrake=1.00 ibrake=1.00 hasABS=0 sy=7.29 split=1.000,0.875 ===
113.02917|I|libbeamng.print:18052| === LSTM_OBS t=164 23.08864,22.65750,19.79189,22.55743,0.58351,7.28652,0.08515,-0.07258,0.00000,0.00000,0.00162,1.00000,0.00000,-0.00396,-0.00621,6105.59029,0.25000 ===
113.04103|I|libbeamng.print:18052| === LSTM_TRACE t=166 v=23.10 ws=22.99,22.39,19.69,22.38 cmd=0.201,0.429,0.809,0.573 cap=615,1376,1594,1114 des=615,1376,1395,975 app=581,1338,1379,950 abs=nil,nil,nil,nil ebrake=1.00 ibrake=1.00 hasABS=0 sy=7.72 split=1.000,0.875 ===
113.04107|I|libbeamng.print:18052| === LSTM_OBS t=166 22.99232,22.39454,19.68760,22.38015,1.09420,7.71677,-0.04352,-0.09316,0.00000,0.00000,0.00162,1.00000,0.00000,-0.00424,-0.00608,6079.00080,0.25000 ===
113.04967|I|libbeamng.print:18052| === LSTM_TRACE t=168 v=23.04 ws=22.93,22.48,19.52,22.35 cmd=0.185,0.445,0.797,0.575 cap=567,1354,1534,1139 des=567,1354,1342,997 app=536,1317,1327,971 abs=nil,nil,nil,nil ebrake=1.00 ibrake=1.00 hasABS=0 sy=7.24 split=1.000,0.875 ===
113.04971|I|libbeamng.print:18052| === LSTM_OBS t=168 22.93431,22.47936,19.52202,22.35118,0.80398,7.23833,-0.10811,-0.09051,0.00000,0.00000,0.00169,1.00000,0.00000,-0.00448,-0.00598,6052.77622,0.25000 ===
113.06224|I|libbeamng.print:18052| === LSTM_TRACE t=170 v=22.95 ws=22.83,22.37,19.54,22.32 cmd=0.202,0.449,0.801,0.585 cap=634,1328,1605,1098 des=634,1328,1405,961 app=600,1292,1390,937 abs=nil,nil,nil,nil ebrake=1.00 ibrake=1.00 hasABS=0 sy=7.70 split=1.000,0.875 ===
113.06228|I|libbeamng.print:18052| === LSTM_OBS t=170 22.83300,22.36949,19.54287,22.32459,1.29362,7.70388,-0.09932,-0.09710,0.00000,0.00000,0.00229,1.00000,0.00000,-0.00479,-0.00588,6027.05930,0.25000 ===
113.07501|I|libbeamng.print:18052| === LSTM_TRACE t=172 v=22.88 ws=22.78,22.30,19.35,22.20 cmd=0.208,0.471,0.808,0.580 cap=606,1407,1551,1144 des=606,1407,1357,1001 app=573,1370,1343,976 abs=nil,nil,nil,nil ebrake=1.00 ibrake=1.00 hasABS=0 sy=7.62 split=1.000,0.875 ===
113.07505|I|libbeamng.print:18052| === LSTM_OBS t=172 22.78010,22.30115,19.35323,22.20095,0.86636,7.62486,0.26651,-0.08148,0.00000,0.00000,0.00154,1.00000,0.00000,-0.00506,-0.00579,6002.24602,0.25000 ===
113.08298|I|libbeamng.print:18052| === LSTM_TRACE t=174 v=22.80 ws=22.71,22.13,19.35,22.11 cmd=0.199,0.448,0.794,0.580 cap=703,1359,1608,1095 des=703,1359,1407,958 app=665,1324,1393,935 abs=nil,nil,nil,nil ebrake=1.00 ibrake=1.00 hasABS=0 sy=7.61 split=1.000,0.875 ===
113.08301|I|libbeamng.print:18052| === LSTM_OBS t=174 22.71334,22.13293,19.35477,22.11102,1.13019,7.60871,-0.07564,-0.10092,0.00000,0.00000,0.00234,1.00000,0.00000,-0.00535,-0.00570,5977.68118,0.25000 ===
113.09547|I|libbeamng.print:18052| === LSTM_TRACE t=176 v=22.73 ws=22.62,22.06,19.19,22.04 cmd=0.185,0.425,0.793,0.563 cap=553,1341,1540,1105 des=553,1341,1348,967 app=524,1307,1334,944 abs=nil,nil,nil,nil ebrake=1.00 ibrake=1.00 hasABS=0 sy=7.41 split=1.000,0.875 ===
113.09551|I|libbeamng.print:18052| === LSTM_OBS t=176 22.62081,22.06335,19.18880,22.04417,1.10831,7.41185,-0.33800,-0.09785,0.00000,0.00000,0.00234,1.00000,0.00000,-0.00562,-0.00565,5954.19920,0.25000 ===
113.10795|I|libbeamng.print:18052| === LSTM_TRACE t=178 v=22.64 ws=22.51,22.17,19.20,22.03 cmd=0.213,0.477,0.800,0.591 cap=663,1345,1581,1093 des=663,1345,1383,956 app=628,1311,1370,934 abs=nil,nil,nil,nil ebrake=1.00 ibrake=1.00 hasABS=0 sy=7.89 split=1.000,0.875 ===
113.10798|I|libbeamng.print:18052| === LSTM_OBS t=178 22.50884,22.16975,19.20078,22.02742,1.39083,7.89181,0.11824,-0.09400,0.00000,0.00000,0.00221,1.00000,0.00000,-0.00597,-0.00565,5931.12387,0.25000 ===
113.11612|I|libbeamng.print:18052| === LSTM_TRACE t=180 v=22.56 ws=22.44,21.80,19.09,21.83 cmd=0.215,0.454,0.815,0.573 cap=651,1431,1592,1137 des=651,1431,1393,995 app=617,1395,1379,972 abs=nil,nil,nil,nil ebrake=1.00 ibrake=1.00 hasABS=0 sy=7.90 split=1.000,0.875 ===
113.11616|I|libbeamng.print:18052| === LSTM_OBS t=180 22.43539,21.79700,19.09484,21.83378,1.25118,7.89811,0.27111,-0.09004,0.00000,0.00000,0.00192,1.00000,0.00000,-0.00624,-0.00561,5907.80827,0.25000 ===
113.12860|I|libbeamng.print:18052| === LSTM_TRACE t=182 v=22.49 ws=22.37,21.81,19.08,21.77 cmd=0.187,0.428,0.808,0.567 cap=671,1445,1566,1117 des=671,1445,1370,978 app=636,1410,1357,955 abs=nil,nil,nil,nil ebrake=1.00 ibrake=1.00 hasABS=0 sy=7.63 split=1.000,0.875 ===
113.12864|I|libbeamng.print:18052| === LSTM_OBS t=182 22.37105,21.80878,19.07958,21.77248,1.13761,7.63492,-0.37581,-0.10721,0.00000,0.00000,0.00297,1.00000,0.00000,-0.00647,-0.00556,5884.64352,0.25000 ===
113.14163|I|libbeamng.print:18052| === LSTM_TRACE t=184 v=22.41 ws=22.43,21.94,18.98,21.85 cmd=0.201,0.448,0.798,0.571 cap=537,1305,1529,1105 des=537,1305,1338,967 app=509,1273,1325,945 abs=nil,nil,nil,nil ebrake=1.00 ibrake=1.00 hasABS=0 sy=7.76 split=1.000,0.875 ===
113.14167|I|libbeamng.print:18052| === LSTM_OBS t=184 22.42763,21.93830,18.98246,21.85280,1.35029,7.75594,-0.24876,-0.09432,0.00000,0.00000,0.00258,1.00000,0.00000,-0.00676,-0.00562,5862.32959,0.25000 ===
113.14940|I|libbeamng.print:18052| === LSTM_TRACE t=186 v=22.32 ws=22.21,21.60,18.91,21.61 cmd=0.226,0.437,0.822,0.575 cap=707,1438,1585,1123 des=707,1438,1387,983 app=670,1403,1374,961 abs=nil,nil,nil,nil ebrake=1.00 ibrake=1.00 hasABS=0 sy=8.00 split=1.000,0.875 ===
113.14944|I|libbeamng.print:18052| === LSTM_OBS t=186 22.21171,21.59566,18.90964,21.61155,1.68758,7.99885,-0.03616,-0.10759,0.00000,0.00000,0.00198,1.00000,0.00000,-0.00708,-0.00561,5840.05472,0.25000 ===
113.16257|I|libbeamng.print:18052| === LSTM_TRACE t=188 v=22.25 ws=22.15,21.54,18.89,21.56 cmd=0.208,0.440,0.825,0.571 cap=636,1467,1539,1147 des=636,1467,1347,1003 app=604,1432,1334,981 abs=nil,nil,nil,nil ebrake=1.00 ibrake=1.00 hasABS=0 sy=7.89 split=1.000,0.875 ===
113.16260|I|libbeamng.print:18052| === LSTM_OBS t=188 22.15247,21.54414,18.88575,21.56383,1.28984,7.89343,-0.03090,-0.09184,0.00000,0.00000,0.00234,1.00000,0.00000,-0.00730,-0.00561,5817.80677,0.25000 ===
113.17453|I|libbeamng.print:18052| === LSTM_TRACE t=190 v=22.17 ws=22.06,21.70,18.68,21.62 cmd=0.183,0.429,0.787,0.572 cap=574,1315,1554,1110 des=574,1315,1360,971 app=544,1284,1348,950 abs=nil,nil,nil,nil ebrake=1.00 ibrake=1.00 hasABS=0 sy=7.83 split=1.000,0.875 ===
113.17457|I|libbeamng.print:18052| === LSTM_OBS t=190 22.05734,21.70050,18.68225,21.61521,1.63087,7.82696,-0.46408,-0.10382,0.00000,0.00000,0.00370,1.00000,0.00000,-0.00751,-0.00566,5795.27981,0.25000 ===
113.18276|I|libbeamng.print:18052| === LSTM_TRACE t=192 v=22.09 ws=22.03,21.45,18.65,21.39 cmd=0.235,0.439,0.819,0.571 cap=705,1368,1565,1092 des=705,1368,1369,956 app=669,1336,1357,935 abs=nil,nil,nil,nil ebrake=1.00 ibrake=1.00 hasABS=0 sy=8.04 split=1.000,0.875 ===
113.18280|I|libbeamng.print:18052| === LSTM_OBS t=192 22.02698,21.45393,18.64506,21.38654,1.81601,8.03625,-0.02607,-0.10067,0.00000,0.00000,0.00254,1.00000,0.00000,-0.00786,-0.00570,5772.59644,0.25000 ===
113.19517|I|libbeamng.print:18052| === LSTM_TRACE t=194 v=22.02 ws=21.91,21.33,18.47,21.32 cmd=0.196,0.438,0.806,0.577 cap=655,1374,1562,1111 des=655,1374,1367,973 app=622,1342,1355,952 abs=nil,nil,nil,nil ebrake=1.00 ibrake=1.00 hasABS=0 sy=7.80 split=1.000,0.875 ===
113.19522|I|libbeamng.print:18052| === LSTM_OBS t=194 21.91122,21.33200,18.46907,21.31599,1.31410,7.80032,0.08194,-0.09820,0.00000,0.00000,0.00183,1.00000,0.00000,-0.00804,-0.00569,5750.14142,0.25000 ===
113.20836|I|libbeamng.print:18052| === LSTM_TRACE t=196 v=21.94 ws=21.77,21.39,18.46,21.35 cmd=0.182,0.413,0.789,0.571 cap=670,1287,1591,1095 des=670,1287,1392,958 app=636,1258,1380,938 abs=nil,nil,nil,nil ebrake=1.00 ibrake=1.00 hasABS=0 sy=7.59 split=1.000,0.875 ===
113.20845|I|libbeamng.print:18052| === LSTM_OBS t=196 21.76780,21.39023,18.45687,21.35323,1.70640,7.58529,-0.40424,-0.10999,0.00000,0.00000,0.00407,1.00000,0.00000,-0.00823,-0.00574,5727.86027,0.25000 ===
113.21651|I|libbeamng.print:18052| === LSTM_TRACE t=198 v=21.86 ws=21.89,21.32,18.38,21.15 cmd=0.223,0.437,0.805,0.560 cap=637,1253,1567,1065 des=637,1253,1371,932 app=606,1225,1359,913 abs=nil,nil,nil,nil ebrake=1.00 ibrake=1.00 hasABS=0 sy=7.90 split=1.000,0.875 ===
113.21655|I|libbeamng.print:18052| === LSTM_OBS t=198 21.88986,21.32316,18.38237,21.15015,1.75033,7.90067,-0.10572,-0.10417,0.00000,0.00000,0.00289,1.00000,0.00000,-0.00846,-0.00576,5705.87052,0.25000 ===
113.22895|I|libbeamng.print:18052| === LSTM_TRACE t=200 v=21.78 ws=21.71,21.16,18.37,21.14 cmd=0.195,0.401,0.808,0.567 cap=662,1293,1570,1098 des=662,1293,1374,961 app=630,1264,1362,941 abs=nil,nil,nil,nil ebrake=1.00 ibrake=1.00 hasABS=0 sy=7.74 split=1.000,0.875 ===
113.22898|I|libbeamng.print:18052| === LSTM_OBS t=200 21.71364,21.15840,18.37109,21.13751,1.59560,7.73648,-0.19614,-0.10527,0.00000,0.00000,0.00229,1.00000,0.00000,-0.00866,-0.00578,5684.03554,0.25000 ===
113.24147|I|libbeamng.print:18052| === LSTM_TRACE t=202 v=21.70 ws=21.60,21.06,18.39,21.05 cmd=0.208,0.390,0.827,0.550 cap=603,1365,1539,1117 des=603,1365,1347,977 app=573,1335,1335,957 abs=nil,nil,nil,nil ebrake=1.00 ibrake=1.00 hasABS=0 sy=7.77 split=1.000,0.875 ===
113.24151|I|libbeamng.print:18052| === LSTM_OBS t=202 21.59530,21.05526,18.38512,21.05128,1.82772,7.77289,-0.11151,-0.10665,0.00000,0.00000,0.00345,1.00000,0.00000,-0.00882,-0.00583,5661.81710,0.25000 ===
113.25010|I|libbeamng.print:18052| === LSTM_TRACE t=204 v=21.63 ws=21.60,21.09,18.13,20.88 cmd=0.213,0.417,0.795,0.554 cap=607,1231,1549,1076 des=607,1231,1355,941 app=577,1205,1344,923 abs=nil,nil,nil,nil ebrake=1.00 ibrake=1.00 hasABS=0 sy=7.76 split=1.000,0.875 ===
113.25015|I|libbeamng.print:18052| === LSTM_OBS t=204 21.59553,21.08513,18.12993,20.88136,1.90191,7.76115,0.01153,-0.10548,0.00000,0.00000,0.00301,1.00000,0.00000,-0.00897,-0.00582,5639.70882,0.25000 ===
113.26272|I|libbeamng.print:18052| === LSTM_TRACE t=206 v=21.56 ws=21.50,21.11,18.05,20.98 cmd=0.190,0.408,0.790,0.568 cap=625,1175,1575,1073 des=625,1175,1378,939 app=594,1150,1367,920 abs=nil,nil,nil,nil ebrake=1.00 ibrake=1.00 hasABS=0 sy=7.60 split=1.000,0.875 ===
113.26280|I|libbeamng.print:18052| === LSTM_OBS t=206 21.49500,21.11421,18.05172,20.98095,1.74305,7.59564,-0.14671,-0.10686,0.00000,0.00000,0.00265,1.00000,0.00000,-0.00912,-0.00585,5617.84196,0.25000 ===
113.27497|I|libbeamng.print:18052| === LSTM_TRACE t=208 v=21.47 ws=21.33,20.84,17.94,20.77 cmd=0.205,0.399,0.803,0.556 cap=660,1248,1584,1069 des=660,1248,1386,936 app=628,1222,1375,917 abs=nil,nil,nil,nil ebrake=1.00 ibrake=1.00 hasABS=0 sy=7.78 split=1.000,0.875 ===
113.27501|I|libbeamng.print:18052| === LSTM_OBS t=208 21.33477,20.84134,17.94186,20.76955,2.02151,7.77794,-0.00684,-0.10509,0.00000,0.00000,0.00370,1.00000,0.00000,-0.00932,-0.00584,5596.17794,0.25000 ===
113.28293|I|libbeamng.print:18052| === LSTM_TRACE t=210 v=21.40 ws=21.36,20.81,18.02,20.71 cmd=0.207,0.372,0.805,0.542 cap=652,1213,1542,1064 des=652,1213,1349,931 app=620,1187,1338,913 abs=nil,nil,nil,nil ebrake=1.00 ibrake=1.00 hasABS=0 sy=7.68 split=1.000,0.875 ===
113.28300|I|libbeamng.print:18052| === LSTM_OBS t=210 21.36387,20.80518,18.02078,20.70728,1.88838,7.68321,-0.17881,-0.10252,0.00000,0.00000,0.00318,1.00000,0.00000,-0.00943,-0.00579,5574.55838,0.25000 ===
113.29631|I|libbeamng.print:18052| === LSTM_TRACE t=212 v=21.33 ws=21.33,20.87,18.00,20.69 cmd=0.204,0.375,0.805,0.531 cap=550,1174,1513,1082 des=550,1174,1324,947 app=523,1150,1313,929 abs=nil,nil,nil,nil ebrake=1.00 ibrake=1.00 hasABS=0 sy=7.57 split=1.000,0.875 ===
113.29637|I|libbeamng.print:18052| === LSTM_OBS t=212 21.33154,20.87380,17.99699,20.69112,1.94046,7.56751,0.03396,-0.10214,0.00000,0.00000,0.00326,1.00000,0.00000,-0.00954,-0.00584,5552.95461,0.25000 ===
113.30818|I|libbeamng.print:18052| === LSTM_TRACE t=214 v=21.26 ws=21.07,20.73,17.70,20.47 cmd=0.194,0.400,0.786,0.554 cap=678,1200,1570,1049 des=678,1200,1374,918 app=646,1175,1363,901 abs=nil,nil,nil,nil ebrake=1.00 ibrake=1.00 hasABS=0 sy=7.18 split=1.000,0.875 ===
113.30821|I|libbeamng.print:18052| === LSTM_OBS t=214 21.06971,20.72857,17.69882,20.47229,2.03500,7.18068,0.13802,-0.11992,0.00000,0.00000,0.00352,1.00000,0.00000,-0.00974,-0.00580,5531.73894,0.25000 ===
113.31635|I|libbeamng.print:18052| === LSTM_TRACE t=216 v=21.18 ws=21.10,20.72,17.70,20.60 cmd=0.181,0.362,0.779,0.546 cap=651,1105,1577,1056 des=651,1105,1380,924 app=620,1083,1369,907 abs=nil,nil,nil,nil ebrake=1.00 ibrake=1.00 hasABS=0 sy=7.38 split=1.000,0.875 ===
113.31641|I|libbeamng.print:18052| === LSTM_OBS t=216 21.10304,20.72137,17.69751,20.59825,2.06391,7.37664,-0.50266,-0.10963,0.00000,0.00000,0.00329,1.00000,0.00000,-0.00984,-0.00578,5511.43021,0.25000 ===
113.32896|I|libbeamng.print:18052| === LSTM_TRACE t=218 v=21.10 ws=21.17,20.55,17.77,20.44 cmd=0.211,0.370,0.807,0.527 cap=576,1118,1534,1011 des=576,1118,1343,885 app=549,1095,1332,868 abs=nil,nil,nil,nil ebrake=1.00 ibrake=1.00 hasABS=0 sy=7.71 split=1.000,0.875 ===
113.32900|I|libbeamng.print:18052| === LSTM_OBS t=218 21.17303,20.54503,17.76956,20.44105,2.03247,7.70550,0.10880,-0.09306,0.00000,0.00000,0.00373,1.00000,0.00000,-0.00997,-0.00581,5490.84978,0.25000 ===
113.34195|I|libbeamng.print:18052| === LSTM_TRACE t=220 v=21.03 ws=20.90,20.39,17.63,20.41 cmd=0.190,0.354,0.803,0.552 cap=611,1227,1520,1072 des=611,1227,1330,938 app=582,1202,1320,921 abs=nil,nil,nil,nil ebrake=1.00 ibrake=1.00 hasABS=0 sy=7.32 split=1.000,0.875 ===
113.34199|I|libbeamng.print:18052| === LSTM_OBS t=220 20.90383,20.38855,17.63371,20.40973,1.99215,7.32045,0.02046,-0.09971,0.00000,0.00000,0.00326,1.00000,0.00000,-0.01007,-0.00572,5470.44552,0.25000 ===
113.34958|I|libbeamng.print:18052| === LSTM_TRACE t=222 v=20.95 ws=20.88,20.46,17.48,20.26 cmd=0.186,0.359,0.782,0.516 cap=556,1084,1548,1015 des=556,1084,1354,888 app=530,1063,1344,872 abs=nil,nil,nil,nil ebrake=1.00 ibrake=1.00 hasABS=0 sy=7.49 split=1.000,0.875 ===
113.34962|I|libbeamng.print:18052| === LSTM_OBS t=222 20.87941,20.46302,17.48247,20.26438,2.13932,7.48616,0.09276,-0.10508,0.00000,0.00000,0.00345,1.00000,0.00000,-0.01019,-0.00576,5450.50411,0.25000 ===
113.36233|I|libbeamng.print:18052| === LSTM_TRACE t=224 v=20.88 ws=20.74,20.33,17.49,20.18 cmd=0.194,0.362,0.800,0.538 cap=652,1170,1547,1031 des=652,1170,1353,902 app=621,1146,1343,886 abs=nil,nil,nil,nil ebrake=1.00 ibrake=1.00 hasABS=0 sy=7.48 split=1.000,0.875 ===
113.36236|I|libbeamng.print:18052| === LSTM_OBS t=224 20.73698,20.32675,17.49153,20.18089,2.17048,7.47503,-0.00088,-0.10687,0.00000,0.00000,0.00342,1.00000,0.00000,-0.01031,-0.00571,5430.57208,0.25000 ===
113.37514|I|libbeamng.print:18052| === LSTM_TRACE t=226 v=20.81 ws=20.80,20.44,17.53,20.16 cmd=0.191,0.350,0.799,0.513 cap=548,1107,1503,1068 des=548,1107,1315,934 app=523,1084,1305,917 abs=nil,nil,nil,nil ebrake=1.00 ibrake=1.00 hasABS=0 sy=7.38 split=1.000,0.875 ===
113.37517|I|libbeamng.print:18052| === LSTM_OBS t=226 20.80497,20.43920,17.52649,20.15683,2.06530,7.37646,-0.15266,-0.10008,0.00000,0.00000,0.00349,1.00000,0.00000,-0.01038,-0.00567,5410.96774,0.25000 ===
113.38387|I|libbeamng.print:18052| === LSTM_TRACE t=228 v=20.73 ws=20.77,20.36,17.24,20.04 cmd=0.190,0.379,0.767,0.525 cap=557,1006,1547,973 des=557,1006,1354,851 app=531,986,1344,836 abs=nil,nil,nil,nil ebrake=1.00 ibrake=1.00 hasABS=0 sy=7.46 split=1.000,0.875 ===
113.38395|I|libbeamng.print:18052| === LSTM_OBS t=228 20.76519,20.35638,17.24448,20.03795,2.19857,7.46174,0.33668,-0.09771,0.00000,0.00000,0.00394,1.00000,0.00000,-0.01049,-0.00569,5391.54182,0.25000 ===
113.39630|I|libbeamng.print:18052| === LSTM_TRACE t=230 v=20.67 ws=20.53,20.23,17.32,20.03 cmd=0.174,0.358,0.791,0.531 cap=610,1101,1567,1062 des=610,1101,1371,929 app=581,1079,1361,912 abs=nil,nil,nil,nil ebrake=1.00 ibrake=1.00 hasABS=0 sy=6.96 split=1.000,0.875 ===
113.39635|I|libbeamng.print:18052| === LSTM_OBS t=230 20.52880,20.23005,17.32401,20.02789,2.02470,6.95680,-0.03151,-0.10660,0.00000,0.00000,0.00322,1.00000,0.00000,-0.01052,-0.00562,5373.04289,0.25000 ===
113.40852|I|libbeamng.print:18052| === LSTM_TRACE t=232 v=20.58 ws=20.52,20.10,17.34,19.91 cmd=0.185,0.327,0.789,0.498 cap=575,1046,1533,995 des=575,1046,1342,871 app=548,1026,1332,855 abs=nil,nil,nil,nil ebrake=1.00 ibrake=1.00 hasABS=0 sy=7.37 split=1.000,0.875 ===
113.40856|I|libbeamng.print:18052| === LSTM_OBS t=232 20.51958,20.10158,17.33996,19.90675,2.30577,7.37281,-0.12274,-0.10188,0.00000,0.00000,0.00375,1.00000,0.00000,-0.01062,-0.00563,5354.80748,0.25000 ===
113.41645|I|libbeamng.print:18052| === LSTM_TRACE t=234 v=20.51 ws=20.39,20.08,17.07,19.96 cmd=0.165,0.364,0.780,0.550 cap=567,1081,1525,1013 des=567,1081,1334,887 app=540,1060,1324,871 abs=nil,nil,nil,nil ebrake=1.00 ibrake=1.00 hasABS=0 sy=7.32 split=1.000,0.875 ===
113.41649|I|libbeamng.print:18052| === LSTM_OBS t=234 20.39068,20.07693,17.06917,19.96367,2.06780,7.31962,-0.11112,-0.09745,0.00000,0.00000,0.00373,1.00000,0.00000,-0.01066,-0.00561,5336.17862,0.25000 ===
113.42983|I|libbeamng.print:18052| === LSTM_TRACE t=236 v=20.44 ws=20.44,19.87,17.17,19.75 cmd=0.185,0.334,0.802,0.502 cap=574,1080,1555,986 des=574,1080,1361,863 app=548,1059,1351,847 abs=nil,nil,nil,nil ebrake=1.00 ibrake=1.00 hasABS=0 sy=7.38 split=1.000,0.875 ===
113.42987|I|libbeamng.print:18052| === LSTM_OBS t=236 20.44049,19.86828,17.17103,19.75008,2.10063,7.37640,-0.02216,-0.10027,0.00000,0.00000,0.00338,1.00000,0.00000,-0.01071,-0.00557,5318.27192,0.25000 ===
113.44202|I|libbeamng.print:18052| === LSTM_TRACE t=238 v=20.37 ws=20.40,19.87,17.10,19.87 cmd=0.184,0.342,0.791,0.530 cap=510,1070,1497,1019 des=510,1070,1310,891 app=486,1049,1301,875 abs=nil,nil,nil,nil ebrake=1.00 ibrake=1.00 hasABS=0 sy=7.38 split=1.000,0.875 ===
113.44206|I|libbeamng.print:18052| === LSTM_OBS t=238 20.40186,19.86987,17.10341,19.86987,2.13095,7.38096,0.34144,-0.09243,0.00000,0.00000,0.00378,1.00000,0.00000,-0.01070,-0.00560,5299.96712,0.25000 ===
113.45738|I|libbeamng.print:18052| === LSTM_TRACE t=240 v=20.29 ws=20.29,19.76,16.85,19.64 cmd=0.186,0.356,0.786,0.516 cap=503,1077,1545,1007 des=503,1077,1352,881 app=480,1056,1342,866 abs=nil,nil,nil,nil ebrake=1.00 ibrake=1.00 hasABS=0 sy=7.51 split=1.000,0.875 ===
113.45742|I|libbeamng.print:18052| === LSTM_OBS t=240 20.29177,19.76226,16.85002,19.63596,2.21667,7.50623,0.47675,-0.08748,0.00000,0.00000,0.00342,1.00000,0.00000,-0.01073,-0.00558,5272.58574,0.25000 ===
113.46609|I|libbeamng.print:18052| === LSTM_TRACE t=242 v=20.22 ws=20.23,19.71,17.13,19.69 cmd=0.167,0.310,0.801,0.507 cap=548,1037,1544,993 des=548,1037,1351,869 app=523,1017,1342,854 abs=nil,nil,nil,nil ebrake=1.00 ibrake=1.00 hasABS=0 sy=7.26 split=1.000,0.875 ===
113.46612|I|libbeamng.print:18052| === LSTM_OBS t=242 20.22831,19.70757,17.12954,19.69059,2.00816,7.25734,-0.07265,-0.09543,0.00000,0.00000,0.00315,1.00000,0.00000,-0.01077,-0.00556,5254.73262,0.25000 ===
113.47699|I|libbeamng.print:18052| === LSTM_TRACE t=244 v=20.16 ws=20.09,19.64,16.83,19.52 cmd=0.170,0.353,0.795,0.521 cap=478,1128,1490,1018 des=478,1128,1304,891 app=456,1107,1295,875 abs=nil,nil,nil,nil ebrake=1.00 ibrake=1.00 hasABS=0 sy=6.95 split=1.000,0.875 ===
113.47703|I|libbeamng.print:18052| === LSTM_OBS t=244 20.08594,19.64219,16.83011,19.52265,1.99105,6.94751,0.44970,-0.09634,0.00000,0.00000,0.00410,1.00000,0.00000,-0.01072,-0.00557,5236.58107,0.25000 ===
113.49077|I|libbeamng.print:18052| === LSTM_TRACE t=246 v=20.09 ws=19.99,19.54,16.73,19.56 cmd=0.149,0.319,0.772,0.531 cap=590,1034,1592,972 des=590,1034,1393,850 app=563,1014,1384,836 abs=nil,nil,nil,nil ebrake=1.00 ibrake=1.00 hasABS=0 sy=6.92 split=1.000,0.875 ===
113.49081|I|libbeamng.print:18052| === LSTM_OBS t=246 19.98881,19.54421,16.72862,19.56234,2.21413,6.91553,-0.34435,-0.10346,0.00000,0.00000,0.00342,1.00000,0.00000,-0.01076,-0.00553,5218.42715,0.25000 ===
113.49951|I|libbeamng.print:18052| === LSTM_TRACE t=248 v=20.01 ws=19.88,19.52,16.94,19.41 cmd=0.156,0.319,0.818,0.492 cap=474,1068,1501,1002 des=474,1068,1313,877 app=452,1048,1304,862 abs=nil,nil,nil,nil ebrake=1.00 ibrake=1.00 hasABS=0 sy=7.26 split=1.000,0.875 ===
113.49957|I|libbeamng.print:18052| === LSTM_OBS t=248 19.88376,19.52251,16.94390,19.40684,1.94609,7.26171,-0.12193,-0.09551,0.00000,0.00000,0.00342,1.00000,0.00000,-0.01070,-0.00556,5200.09263,0.25000 ===
113.51039|I|libbeamng.print:18052| === LSTM_TRACE t=250 v=19.95 ws=19.90,19.39,16.47,19.43 cmd=0.158,0.345,0.779,0.558 cap=533,1127,1531,999 des=533,1127,1339,874 app=509,1106,1330,859 abs=nil,nil,nil,nil ebrake=1.00 ibrake=1.00 hasABS=0 sy=6.79 split=1.000,0.875 ===
113.51043|I|libbeamng.print:18052| === LSTM_OBS t=250 19.90150,19.38567,16.47431,19.42577,2.22951,6.78964,-0.02950,-0.10452,0.00000,0.00000,0.00357,1.00000,0.00000,-0.01064,-0.00550,5181.96857,0.25000 ===
113.52413|I|libbeamng.print:18052| === LSTM_TRACE t=252 v=19.86 ws=19.77,19.39,16.74,19.25 cmd=0.154,0.318,0.802,0.481 cap=476,979,1574,985 des=476,979,1377,862 app=454,960,1368,848 abs=nil,nil,nil,nil ebrake=1.00 ibrake=1.00 hasABS=0 sy=7.31 split=1.000,0.875 ===
113.52416|I|libbeamng.print:18052| === LSTM_OBS t=252 19.77130,19.39309,16.74422,19.24791,2.23090,7.30800,-0.01903,-0.09675,0.00000,0.00000,0.00311,1.00000,0.00000,-0.01064,-0.00555,5163.59121,0.25000 ===
113.53233|I|libbeamng.print:18052| === LSTM_TRACE t=254 v=19.80 ws=19.78,19.21,16.45,19.31 cmd=0.161,0.329,0.809,0.553 cap=500,1181,1487,1040 des=500,1181,1301,910 app=478,1159,1293,895 abs=nil,nil,nil,nil ebrake=1.00 ibrake=1.00 hasABS=0 sy=6.99 split=1.000,0.875 ===
113.53236|I|libbeamng.print:18052| === LSTM_OBS t=254 19.78343,19.20947,16.45257,19.30642,2.07540,6.98930,-0.12150,-0.09938,0.00000,0.00000,0.00373,1.00000,0.00000,-0.01057,-0.00549,5144.54638,0.25000 ===
113.54588|I|libbeamng.print:18052| === LSTM_TRACE t=256 v=19.73 ws=19.69,19.31,16.59,19.08 cmd=0.144,0.318,0.793,0.481 cap=465,939,1565,941 des=465,939,1370,823 app=444,921,1361,809 abs=nil,nil,nil,nil ebrake=1.00 ibrake=1.00 hasABS=0 sy=7.17 split=1.000,0.875 ===
113.54592|I|libbeamng.print:18052| === LSTM_OBS t=256 19.68577,19.31109,16.59412,19.07855,2.03172,7.16815,0.11707,-0.09400,0.00000,0.00000,0.00373,1.00000,0.00000,-0.01056,-0.00550,5126.04571,0.25000 ===
113.55756|I|libbeamng.print:18052| === LSTM_TRACE t=258 v=19.66 ws=19.74,19.14,16.39,19.09 cmd=0.177,0.332,0.814,0.530 cap=426,1149,1495,1065 des=426,1149,1308,932 app=407,1127,1299,916 abs=nil,nil,nil,nil ebrake=1.00 ibrake=1.00 hasABS=0 sy=7.11 split=1.000,0.875 ===
113.55761|I|libbeamng.print:18052| === LSTM_OBS t=258 19.74418,19.13508,16.38848,19.08540,2.29747,7.11357,0.32466,-0.09265,0.00000,0.00000,0.00381,1.00000,0.00000,-0.01049,-0.00549,5107.26731,0.25000 ===
113.56619|I|libbeamng.print:18052| === LSTM_TRACE t=260 v=19.58 ws=19.56,19.12,16.31,18.97 cmd=0.128,0.320,0.788,0.505 cap=446,931,1590,948 des=446,931,1391,830 app=426,914,1382,816 abs=nil,nil,nil,nil ebrake=1.00 ibrake=1.00 hasABS=0 sy=7.26 split=1.000,0.875 ===
113.56623|I|libbeamng.print:18052| === LSTM_OBS t=260 19.56493,19.12347,16.31430,18.96957,1.90309,7.26313,0.09952,-0.08466,0.00000,0.00000,0.00309,1.00000,0.00000,-0.01050,-0.00549,5088.61501,0.25000 ===
113.57752|I|libbeamng.print:18052| === LSTM_TRACE t=262 v=19.52 ws=19.65,19.03,16.37,18.90 cmd=0.171,0.327,0.825,0.505 cap=399,1098,1500,1067 des=399,1098,1312,933 app=381,1077,1304,918 abs=nil,nil,nil,nil ebrake=1.00 ibrake=1.00 hasABS=0 sy=7.17 split=1.000,0.875 ===
113.57756|I|libbeamng.print:18052| === LSTM_OBS t=262 19.64745,19.02653,16.37213,18.89615,2.09625,7.17393,0.31414,-0.08807,0.00000,0.00000,0.00345,1.00000,0.00000,-0.01039,-0.00544,5069.35924,0.25000 ===
113.59222|I|libbeamng.print:18052| === LSTM_TRACE t=264 v=19.45 ws=19.42,19.04,16.21,18.84 cmd=0.131,0.329,0.790,0.519 cap=434,952,1570,964 des=434,952,1374,843 app=414,934,1365,829 abs=nil,nil,nil,nil ebrake=1.00 ibrake=1.00 hasABS=0 sy=7.19 split=1.000,0.875 ===
113.59226|I|libbeamng.print:18052| === LSTM_OBS t=264 19.42188,19.04030,16.21010,18.83829,1.91620,7.18667,0.41067,-0.08308,0.00000,0.00000,0.00329,1.00000,0.00000,-0.01038,-0.00545,5050.43963,0.25000 ===
113.59912|I|libbeamng.print:18052| === LSTM_TRACE t=266 v=19.38 ws=19.50,19.01,16.17,18.76 cmd=0.173,0.337,0.812,0.503 cap=391,1063,1531,1075 des=391,1063,1340,941 app=373,1044,1331,925 abs=nil,nil,nil,nil ebrake=1.00 ibrake=1.00 hasABS=0 sy=7.06 split=1.000,0.875 ===
113.59916|I|libbeamng.print:18052| === LSTM_OBS t=266 19.49969,19.01291,16.17285,18.75853,2.39875,7.05786,0.48209,-0.09025,0.00000,0.00000,0.00338,1.00000,0.00000,-0.01029,-0.00541,5031.43550,0.25000 ===
113.61380|I|libbeamng.print:18052| === LSTM_TRACE t=268 v=19.31 ws=19.27,18.92,16.00,18.79 cmd=0.115,0.328,0.785,0.535 cap=444,921,1601,954 des=444,921,1401,835 app=424,904,1392,821 abs=nil,nil,nil,nil ebrake=1.00 ibrake=1.00 hasABS=0 sy=7.16 split=1.000,0.875 ===
113.61385|I|libbeamng.print:18052| === LSTM_OBS t=268 19.26888,18.92176,15.99959,18.78552,1.79493,7.16453,0.09135,-0.08262,0.00000,0.00000,0.00329,1.00000,0.00000,-0.01031,-0.00543,5012.38564,0.25000 ===
113.62442|I|libbeamng.print:18052| === LSTM_TRACE t=270 v=19.24 ws=19.34,18.86,16.10,18.64 cmd=0.153,0.334,0.823,0.505 cap=389,1054,1530,1043 des=389,1054,1339,912 app=372,1034,1330,897 abs=nil,nil,nil,nil ebrake=1.00 ibrake=1.00 hasABS=0 sy=7.01 split=1.000,0.875 ===
113.62446|I|libbeamng.print:18052| === LSTM_OBS t=270 19.34416,18.86481,16.10226,18.63714,2.02019,7.00531,0.37012,-0.08630,0.00000,0.00000,0.00352,1.00000,0.00000,-0.01019,-0.00535,4992.72932,0.25000 ===
113.63284|I|libbeamng.print:18052| === LSTM_TRACE t=272 v=19.18 ws=19.15,18.76,15.93,18.70 cmd=0.116,0.329,0.791,0.543 cap=415,951,1602,977 des=415,951,1402,855 app=396,934,1393,841 abs=nil,nil,nil,nil ebrake=1.00 ibrake=1.00 hasABS=0 sy=6.94 split=1.000,0.875 ===
113.63289|I|libbeamng.print:18052| === LSTM_OBS t=272 19.14682,18.75768,15.93407,18.70333,1.89450,6.93560,0.32943,-0.09104,0.00000,0.00000,0.00301,1.00000,0.00000,-0.01023,-0.00536,4972.71858,0.25000 ===
113.64394|I|libbeamng.print:18052| === LSTM_TRACE t=274 v=19.11 ws=19.18,18.65,15.82,18.46 cmd=0.149,0.319,0.820,0.503 cap=365,1090,1539,1046 des=365,1090,1347,916 app=348,1070,1339,901 abs=nil,nil,nil,nil ebrake=1.00 ibrake=1.00 hasABS=0 sy=6.85 split=1.000,0.875 ===
113.64398|I|libbeamng.print:18052| === LSTM_OBS t=274 19.18323,18.65063,15.81600,18.46324,2.28795,6.84683,0.26905,-0.09289,0.00000,0.00000,0.00338,1.00000,0.00000,-0.01009,-0.00531,4952.58262,0.25000 ===
113.65813|I|libbeamng.print:18052| === LSTM_TRACE t=276 v=19.04 ws=18.95,18.60,15.85,18.49 cmd=0.111,0.313,0.805,0.531 cap=396,922,1611,983 des=396,922,1409,860 app=378,905,1401,846 abs=nil,nil,nil,nil ebrake=1.00 ibrake=1.00 hasABS=0 sy=6.97 split=1.000,0.875 ===
113.65817|I|libbeamng.print:18052| === LSTM_OBS t=276 18.95227,18.59853,15.84508,18.48980,2.04853,6.96631,0.11513,-0.09776,0.00000,0.00000,0.00305,1.00000,0.00000,-0.01015,-0.00527,4932.75364,0.25000 ===
113.66571|I|libbeamng.print:18052| === LSTM_TRACE t=278 v=18.97 ws=18.99,18.50,15.54,18.34 cmd=0.132,0.327,0.825,0.530 cap=361,1127,1523,1061 des=361,1127,1333,929 app=345,1106,1325,913 abs=nil,nil,nil,nil ebrake=1.00 ibrake=1.00 hasABS=0 sy=6.94 split=1.000,0.875 ===
113.66575|I|libbeamng.print:18052| === LSTM_OBS t=278 18.98898,18.50368,15.54354,18.34292,2.05409,6.93752,0.14364,-0.09557,0.00000,0.00000,0.00333,1.00000,0.00000,-0.01005,-0.00523,4912.77355,0.25000 ===
113.67779|I|libbeamng.print:18052| === LSTM_TRACE t=280 v=18.91 ws=18.80,18.54,15.91,18.32 cmd=0.106,0.302,0.827,0.509 cap=390,937,1599,1027 des=390,937,1399,899 app=373,920,1390,884 abs=nil,nil,nil,nil ebrake=1.00 ibrake=1.00 hasABS=0 sy=6.67 split=1.000,0.875 ===
113.67783|I|libbeamng.print:18052| === LSTM_OBS t=280 18.79669,18.54219,15.91033,18.31820,1.87156,6.67341,0.10091,-0.10221,0.00000,0.00000,0.00311,1.00000,0.00000,-0.01010,-0.00518,4892.60920,0.25000 ===
113.69154|I|libbeamng.print:18052| === LSTM_TRACE t=282 v=18.84 ws=18.85,18.50,15.29,18.34 cmd=0.113,0.340,0.799,0.560 cap=325,1045,1564,1025 des=325,1045,1368,897 app=311,1026,1360,882 abs=nil,nil,nil,nil ebrake=1.00 ibrake=1.00 hasABS=0 sy=6.73 split=1.000,0.875 ===
113.69164|I|libbeamng.print:18052| === LSTM_OBS t=282 18.84773,18.49813,15.28823,18.33788,2.22821,6.72730,0.02160,-0.09549,0.00000,0.00000,0.00318,1.00000,0.00000,-0.01001,-0.00517,4872.07328,0.25000 ===
113.69958|I|libbeamng.print:18052| === LSTM_TRACE t=284 v=18.78 ws=18.69,18.41,15.60,18.15 cmd=0.103,0.303,0.830,0.513 cap=391,953,1608,1026 des=391,953,1407,898 app=373,935,1399,883 abs=nil,nil,nil,nil ebrake=1.00 ibrake=1.00 hasABS=0 sy=6.47 split=1.000,0.875 ===
113.69962|I|libbeamng.print:18052| === LSTM_OBS t=284 18.68679,18.41267,15.59989,18.15092,1.96611,6.46922,-0.31074,-0.10185,0.00000,0.00000,0.00278,1.00000,0.00000,-0.01006,-0.00509,4851.33440,0.25000 ===
113.71080|I|libbeamng.print:18052| === LSTM_TRACE t=286 v=18.71 ws=18.74,18.32,15.36,18.15 cmd=0.102,0.336,0.818,0.555 cap=337,972,1623,1001 des=337,972,1421,876 app=322,954,1412,862 abs=nil,nil,nil,nil ebrake=1.00 ibrake=1.00 hasABS=0 sy=6.79 split=1.000,0.875 ===
113.71084|I|libbeamng.print:18052| === LSTM_OBS t=286 18.74453,18.32448,15.36172,18.14801,2.03438,6.79286,-0.03852,-0.09489,0.00000,0.00000,0.00322,1.00000,0.00000,-0.01005,-0.00505,4830.30486,0.25000 ===
113.72499|I|libbeamng.print:18052| === LSTM_TRACE t=288 v=18.65 ws=18.73,18.18,15.16,17.96 cmd=0.111,0.313,0.827,0.529 cap=325,1032,1571,1081 des=325,1032,1374,946 app=310,1013,1366,931 abs=nil,nil,nil,nil ebrake=1.00 ibrake=1.00 hasABS=0 sy=6.47 split=1.000,0.875 ===
113.72503|I|libbeamng.print:18052| === LSTM_OBS t=288 18.72860,18.17922,15.16262,17.96295,1.94159,6.47129,-0.00005,-0.10106,0.00000,0.00000,0.00301,1.00000,0.00000,-0.01003,-0.00498,4809.74493,0.25000 ===
113.73269|I|libbeamng.print:18052| === LSTM_TRACE t=290 v=18.58 ws=18.65,18.21,15.52,17.96 cmd=0.100,0.304,0.850,0.526 cap=323,964,1621,1059 des=323,964,1418,926 app=309,946,1410,912 abs=nil,nil,nil,nil ebrake=1.00 ibrake=1.00 hasABS=0 sy=6.48 split=1.000,0.875 ===
113.73273|I|libbeamng.print:18052| === LSTM_OBS t=290 18.65144,18.20647,15.52398,17.95997,1.90183,6.48253,0.04282,-0.09873,0.00000,0.00000,0.00283,1.00000,0.00000,-0.01007,-0.00492,4788.59646,0.25000 ===
113.74447|I|libbeamng.print:18052| === LSTM_TRACE t=292 v=18.51 ws=18.63,18.23,15.00,18.05 cmd=0.100,0.341,0.808,0.575 cap=266,949,1607,1018 des=266,949,1406,891 app=254,931,1398,877 abs=nil,nil,nil,nil ebrake=1.00 ibrake=1.00 hasABS=0 sy=6.66 split=1.000,0.875 ===
113.74451|I|libbeamng.print:18052| === LSTM_OBS t=292 18.63497,18.23164,14.99993,18.05245,2.14249,6.66486,0.49893,-0.09474,0.00000,0.00000,0.00305,1.00000,0.00000,-0.01003,-0.00488,4767.30441,0.25000 ===
113.75808|I|libbeamng.print:18052| === LSTM_TRACE t=294 v=18.45 ws=18.39,18.06,14.94,17.72 cmd=0.097,0.316,0.837,0.533 cap=323,996,1635,1104 des=323,996,1430,966 app=309,978,1422,951 abs=nil,nil,nil,nil ebrake=1.00 ibrake=1.00 hasABS=0 sy=6.38 split=1.000,0.875 ===
113.75812|I|libbeamng.print:18052| === LSTM_OBS t=294 18.38719,18.05722,14.94015,17.71583,2.13962,6.37921,0.07661,-0.10085,0.00000,0.00000,0.00285,1.00000,0.00000,-0.01010,-0.00479,4745.73513,0.25000 ===
113.76609|I|libbeamng.print:18052| === LSTM_TRACE t=296 v=18.37 ws=18.36,17.93,15.14,17.75 cmd=0.085,0.300,0.854,0.539 cap=271,923,1649,1056 des=271,923,1443,924 app=258,906,1435,909 abs=nil,nil,nil,nil ebrake=1.00 ibrake=1.00 hasABS=0 sy=6.93 split=1.000,0.875 ===
113.76612|I|libbeamng.print:18052| === LSTM_OBS t=296 18.36395,17.93267,15.14191,17.74707,1.98199,6.93438,0.30769,-0.10144,0.00000,0.00000,0.00297,1.00000,0.00000,-0.01008,-0.00471,4723.89483,0.25000 ===
113.77751|I|libbeamng.print:18052| === LSTM_TRACE t=298 v=18.32 ws=18.25,17.93,14.74,17.79 cmd=0.074,0.321,0.838,0.588 cap=259,1011,1638,1065 des=259,1011,1433,932 app=247,993,1425,917 abs=nil,nil,nil,nil ebrake=1.00 ibrake=1.00 hasABS=0 sy=6.53 split=1.000,0.875 ===
113.77754|I|libbeamng.print:18052| === LSTM_OBS t=298 18.24890,17.92772,14.74000,17.78961,1.84878,6.53493,-0.04955,-0.10160,0.00000,0.00000,0.00283,1.00000,0.00000,-0.01005,-0.00466,4702.00239,0.25000 ===
113.79262|I|libbeamng.print:18052| === LSTM_TRACE t=300 v=18.25 ws=18.33,17.91,14.67,17.60 cmd=0.082,0.321,0.854,0.562 cap=279,1013,1636,1114 des=279,1013,1432,975 app=266,995,1423,960 abs=nil,nil,nil,nil ebrake=1.00 ibrake=1.00 hasABS=0 sy=6.59 split=1.000,0.875 ===
113.79270|I|libbeamng.print:18052| === LSTM_OBS t=300 18.32573,17.91165,14.66704,17.59692,1.89599,6.58590,-0.23239,-0.10321,0.00000,0.00000,0.00283,1.00000,0.00000,-0.01009,-0.00455,4680.21442,0.25000 ===
113.79934|I|libbeamng.print:18052| === LSTM_TRACE t=302 v=18.20 ws=18.32,17.84,14.86,17.55 cmd=0.072,0.308,0.862,0.554 cap=226,923,1661,1091 des=226,923,1454,955 app=215,906,1445,940 abs=nil,nil,nil,nil ebrake=1.00 ibrake=1.00 hasABS=0 sy=6.13 split=1.000,0.875 ===
113.79938|I|libbeamng.print:18052| === LSTM_OBS t=302 18.31537,17.83827,14.85711,17.55285,1.68689,6.12832,0.25861,-0.10803,0.00000,0.00000,0.00283,1.00000,0.00000,-0.01003,-0.00453,4657.68800,0.25000 ===
113.81142|I|libbeamng.print:18052| === LSTM_TRACE t=304 v=18.13 ws=18.19,17.76,14.70,17.51 cmd=0.073,0.310,0.861,0.579 cap=218,971,1681,1116 des=218,971,1471,976 app=208,953,1463,961 abs=nil,nil,nil,nil ebrake=1.00 ibrake=1.00 hasABS=0 sy=6.37 split=1.000,0.875 ===
113.81145|I|libbeamng.print:18052| === LSTM_OBS t=304 18.18594,17.76148,14.70234,17.50901,2.09944,6.36633,0.09878,-0.10100,0.00000,0.00000,0.00293,1.00000,0.00000,-0.01001,-0.00442,4634.80741,0.25000 ===
113.82510|I|libbeamng.print:18052| === LSTM_TRACE t=306 v=18.06 ws=18.09,17.64,14.37,17.45 cmd=0.073,0.322,0.860,0.598 cap=205,978,1663,1141 des=205,978,1455,999 app=196,960,1447,983 abs=nil,nil,nil,nil ebrake=1.00 ibrake=1.00 hasABS=0 sy=6.55 split=1.000,0.875 ===
113.82514|I|libbeamng.print:18052| === LSTM_OBS t=306 18.08862,17.64347,14.37354,17.45263,2.17463,6.54875,0.60160,-0.10327,0.00000,0.00000,0.00261,1.00000,0.00000,-0.01003,-0.00435,4611.71211,0.25000 ===
113.83376|I|libbeamng.print:18052| === LSTM_TRACE t=308 v=17.99 ws=17.92,17.62,14.23,17.35 cmd=0.055,0.298,0.872,0.585 cap=197,962,1695,1168 des=197,962,1483,1022 app=187,944,1474,1006 abs=nil,nil,nil,nil ebrake=1.00 ibrake=1.00 hasABS=0 sy=6.46 split=1.000,0.875 ===
113.83380|I|libbeamng.print:18052| === LSTM_OBS t=308 17.91615,17.62402,14.23463,17.35025,1.86645,6.46280,-0.08070,-0.11040,0.00000,0.00000,0.00265,1.00000,0.00000,-0.00996,-0.00427,4587.80434,0.25000 ===
113.84537|I|libbeamng.print:18052| === LSTM_TRACE t=310 v=17.93 ws=18.02,17.57,14.21,17.33 cmd=0.055,0.305,0.883,0.610 cap=190,981,1700,1149 des=190,981,1488,1005 app=181,963,1479,990 abs=nil,nil,nil,nil ebrake=1.00 ibrake=1.00 hasABS=0 sy=6.36 split=1.000,0.875 ===
113.84541|I|libbeamng.print:18052| === LSTM_OBS t=310 18.02468,17.57303,14.21314,17.32681,1.97053,6.36354,-0.36900,-0.10603,0.00000,0.00000,0.00274,1.00000,0.00000,-0.00992,-0.00414,4563.50763,0.25000 ===
113.85847|I|libbeamng.print:18052| === LSTM_TRACE t=312 v=17.87 ws=18.08,17.50,14.16,17.19 cmd=0.054,0.310,0.886,0.605 cap=159,903,1700,1156 des=159,903,1488,1012 app=152,887,1479,996 abs=nil,nil,nil,nil ebrake=1.00 ibrake=1.00 hasABS=0 sy=6.41 split=1.000,0.875 ===
113.85850|I|libbeamng.print:18052| === LSTM_OBS t=312 18.08221,17.49850,14.16189,17.18789,1.83695,6.41455,0.40726,-0.10719,0.00000,0.00000,0.00221,1.00000,0.00000,-0.00992,-0.00410,4538.95811,0.25000 ===
113.86724|I|libbeamng.print:18052| === LSTM_TRACE t=314 v=17.80 ws=17.78,17.48,13.73,16.88 cmd=0.044,0.313,0.888,0.610 cap=160,947,1700,1185 des=160,947,1488,1037 app=152,929,1479,1021 abs=nil,nil,nil,nil ebrake=1.00 ibrake=1.00 hasABS=0 sy=6.45 split=1.000,0.875 ===
113.86728|I|libbeamng.print:18052| === LSTM_OBS t=314 17.78217,17.47887,13.72914,16.87520,1.85804,6.45133,0.16808,-0.10525,0.00000,0.00000,0.00249,1.00000,0.00000,-0.00988,-0.00396,4516.01292,0.25000 ===
113.87853|I|libbeamng.print:18052| === LSTM_TRACE t=316 v=17.74 ws=17.79,17.37,13.17,16.81 cmd=0.041,0.325,0.883,0.639 cap=139,945,1700,1182 des=139,945,1488,1034 app=132,928,1479,1019 abs=nil,nil,nil,nil ebrake=1.00 ibrake=1.00 hasABS=0 sy=6.24 split=1.000,0.875 ===
113.87858|I|libbeamng.print:18052| === LSTM_OBS t=316 17.79274,17.37500,13.17452,16.80777,1.90092,6.23948,0.47253,-0.12091,0.00000,0.00000,0.00278,1.00000,0.00000,-0.00987,-0.00384,4498.34513,0.25000 ===
113.89409|I|libbeamng.print:18052| === LSTM_TRACE t=318 v=17.67 ws=17.74,17.20,12.78,16.48 cmd=0.032,0.307,0.897,0.620 cap=115,973,1700,1229 des=115,973,1488,1075 app=109,955,1479,1059 abs=nil,nil,nil,nil ebrake=1.00 ibrake=1.00 hasABS=0 sy=6.50 split=1.000,0.875 ===
113.89413|I|libbeamng.print:18052| === LSTM_OBS t=318 17.73678,17.19563,12.77717,16.47567,1.59730,6.50012,-0.03046,-0.11833,0.00000,0.00000,0.00244,1.00000,0.00000,-0.00982,-0.00380,4483.19986,0.25000 ===
113.90032|I|libbeamng.print:18052| === LSTM_TRACE t=320 v=17.60 ws=17.74,17.32,12.34,16.42 cmd=0.028,0.340,0.900,0.671 cap=93,995,1700,1303 des=93,995,1488,1140 app=88,977,1479,1124 abs=nil,nil,nil,nil ebrake=1.00 ibrake=1.00 hasABS=0 sy=6.71 split=1.000,0.875 ===
113.90039|I|libbeamng.print:18052| === LSTM_OBS t=320 17.74452,17.31663,12.34404,16.42358,1.58837,6.70724,-0.09097,-0.11328,0.00000,0.00000,0.00258,1.00000,0.00000,-0.00972,-0.00374,4468.03397,0.25000 ===
113.91224|I|libbeamng.print:18052| === LSTM_TRACE t=322 v=17.55 ws=17.71,17.13,11.96,16.47 cmd=0.028,0.345,0.900,0.686 cap=84,1017,1700,1262 des=84,1017,1488,1104 app=80,999,1479,1088 abs=nil,nil,nil,nil ebrake=1.00 ibrake=1.00 hasABS=0 sy=6.33 split=1.000,0.875 ===
113.91227|I|libbeamng.print:18052| === LSTM_OBS t=322 17.71043,17.13465,11.95988,16.47041,1.95450,6.32732,0.41275,-0.12068,0.00000,0.00000,0.00234,1.00000,0.00000,-0.00965,-0.00368,4453.58655,0.25000 ===
113.92835|I|libbeamng.print:18052| === LSTM_TRACE t=324 v=17.48 ws=17.44,16.95,11.53,16.22 cmd=0.026,0.350,0.905,0.701 cap=86,1082,1700,1362 des=86,1082,1488,1191 app=82,1062,1479,1174 abs=nil,nil,nil,nil ebrake=1.00 ibrake=1.00 hasABS=0 sy=6.58 split=1.000,0.875 ===
113.92841|I|libbeamng.print:18052| === LSTM_OBS t=324 17.43786,16.95320,11.52720,16.21716,1.81572,6.58353,0.23722,-0.13201,0.00000,0.00000,0.00234,1.00000,0.00000,-0.00953,-0.00360,4438.37521,0.25000 ===
113.94067|I|libbeamng.print:18052| === LSTM_TRACE t=326 v=17.41 ws=17.54,17.01,11.01,16.02 cmd=0.027,0.361,0.895,0.690 cap=90,1079,1700,1336 des=90,1079,1488,1169 app=85,1059,1479,1152 abs=nil,nil,nil,nil ebrake=1.00 ibrake=1.00 hasABS=0 sy=6.71 split=1.000,0.875 ===
113.94071|I|libbeamng.print:18052| === LSTM_OBS t=326 17.53532,17.01051,11.00535,16.01733,1.76814,6.71264,0.17101,-0.13777,0.00000,0.00000,0.00234,1.00000,0.00000,-0.00938,-0.00353,4413.73230,0.25000 ===
113.94846|I|libbeamng.print:18052| === LSTM_TRACE t=328 v=17.35 ws=17.62,16.90,10.78,15.88 cmd=0.026,0.359,0.899,0.701 cap=71,1122,1700,1425 des=71,1122,1488,1247 app=68,1101,1479,1229 abs=nil,nil,nil,nil ebrake=1.00 ibrake=1.00 hasABS=0 sy=6.40 split=1.000,0.875 ===
113.94850|I|libbeamng.print:18052| === LSTM_OBS t=328 17.61749,16.89928,10.77979,15.88038,1.85357,6.40215,-0.26195,-0.14148,0.00000,0.00000,0.00221,1.00000,0.00000,-0.00927,-0.00351,4395.86440,0.25000 ===
113.96058|I|libbeamng.print:18052| === LSTM_TRACE t=330 v=17.28 ws=17.24,16.89,10.43,15.92 cmd=0.023,0.379,0.897,0.712 cap=81,1153,1700,1318 des=81,1153,1488,1153 app=77,1132,1479,1137 abs=nil,nil,nil,nil ebrake=1.00 ibrake=1.00 hasABS=0 sy=6.64 split=1.000,0.875 ===
113.96062|I|libbeamng.print:18052| === LSTM_OBS t=330 17.24462,16.89180,10.43138,15.91760,2.06313,6.63908,-0.04539,-0.14198,0.00000,0.00000,0.00249,1.00000,0.00000,-0.00912,-0.00342,4376.80820,0.25000 ===
113.97431|I|libbeamng.print:18052| === LSTM_TRACE t=332 v=17.22 ws=17.35,16.62,9.97,15.89 cmd=0.027,0.384,0.891,0.741 cap=79,1174,1700,1407 des=79,1174,1488,1231 app=75,1152,1479,1214 abs=nil,nil,nil,nil ebrake=1.00 ibrake=1.00 hasABS=0 sy=6.34 split=1.000,0.875 ===
113.97435|I|libbeamng.print:18052| === LSTM_OBS t=332 17.34629,16.61520,9.97256,15.89467,1.90363,6.33703,0.43349,-0.15961,0.00000,0.00000,0.00249,1.00000,0.00000,-0.00895,-0.00334,4357.45281,0.25000 ===
113.98193|I|libbeamng.print:18052| === LSTM_TRACE t=334 v=17.15 ws=17.39,16.66,9.52,15.41 cmd=0.029,0.401,0.883,0.690 cap=81,1257,1700,1388 des=81,1257,1488,1214 app=77,1234,1479,1198 abs=nil,nil,nil,nil ebrake=1.00 ibrake=1.00 hasABS=0 sy=6.47 split=1.000,0.875 ===
113.98201|I|libbeamng.print:18052| === LSTM_OBS t=334 17.39212,16.65894,9.51758,15.41455,1.79063,6.46560,0.12429,-0.15886,0.00000,0.00000,0.00221,1.00000,0.00000,-0.00887,-0.00330,4336.48379,0.25000 ===
113.99515|I|libbeamng.print:18052| === LSTM_TRACE t=336 v=17.09 ws=17.05,16.59,9.19,15.56 cmd=0.023,0.406,0.877,0.735 cap=84,1178,1700,1406 des=84,1178,1488,1230 app=80,1157,1479,1213 abs=nil,nil,nil,nil ebrake=1.00 ibrake=1.00 hasABS=0 sy=6.46 split=1.000,0.875 ===
113.99519|I|libbeamng.print:18052| === LSTM_OBS t=336 17.04610,16.58920,9.19453,15.55793,1.70329,6.46016,-0.01785,-0.17088,0.00000,0.00000,0.00226,1.00000,0.00000,-0.00877,-0.00320,4314.25117,0.25000 ===
114.00778|I|libbeamng.print:18052| === LSTM_TRACE t=338 v=17.02 ws=17.19,16.43,8.86,15.20 cmd=0.031,0.402,0.874,0.695 cap=87,1304,1684,1430 des=87,1304,1474,1251 app=82,1281,1465,1234 abs=nil,nil,nil,nil ebrake=1.00 ibrake=1.00 hasABS=0 sy=6.63 split=1.000,0.875 ===
114.00782|I|libbeamng.print:18052| === LSTM_OBS t=338 17.19214,16.43423,8.86298,15.20353,2.18020,6.62709,0.15614,-0.17630,0.00000,0.00000,0.00254,1.00000,0.00000,-0.00863,-0.00316,4292.55735,0.25000 ===
114.01582|I|libbeamng.print:18052| === LSTM_TRACE t=340 v=16.95 ws=17.20,16.46,8.46,15.37 cmd=0.029,0.411,0.864,0.722 cap=83,1275,1686,1340 des=83,1275,1475,1172 app=79,1252,1466,1157 abs=nil,nil,nil,nil ebrake=1.00 ibrake=1.00 hasABS=0 sy=6.62 split=1.000,0.875 ===
114.01586|I|libbeamng.print:18052| === LSTM_OBS t=340 17.19578,16.45883,8.45961,15.37470,2.13052,6.61581,-0.14076,-0.17727,0.00000,0.00000,0.00239,1.00000,0.00000,-0.00852,-0.00312,4269.74556,0.25000 ===
114.02856|I|libbeamng.print:18052| === LSTM_TRACE t=342 v=16.89 ws=16.84,16.33,8.05,15.41 cmd=0.027,0.433,0.853,0.752 cap=91,1315,1678,1425 des=91,1315,1468,1246 app=86,1292,1459,1230 abs=nil,nil,nil,nil ebrake=1.00 ibrake=1.00 hasABS=0 sy=6.60 split=1.000,0.875 ===
114.02861|I|libbeamng.print:18052| === LSTM_OBS t=342 16.84414,16.32926,8.05064,15.41044,2.10796,6.59726,-0.12680,-0.18465,0.00000,0.00000,0.00254,1.00000,0.00000,-0.00849,-0.00297,4246.55221,0.25000 ===
114.04218|I|libbeamng.print:18052| === LSTM_TRACE t=344 v=16.82 ws=16.98,16.23,7.73,15.00 cmd=0.033,0.433,0.850,0.691 cap=104,1288,1651,1377 des=104,1288,1445,1205 app=99,1265,1436,1189 abs=nil,nil,nil,nil ebrake=1.00 ibrake=1.00 hasABS=0 sy=6.67 split=1.000,0.875 ===
114.04221|I|libbeamng.print:18052| === LSTM_OBS t=344 16.98052,16.22816,7.73069,14.99687,1.91240,6.67307,0.31740,-0.19816,0.00000,0.00000,0.00244,1.00000,0.00000,-0.00842,-0.00293,4223.18115,0.25000 ===
114.04909|I|libbeamng.print:18052| === LSTM_TRACE t=346 v=16.75 ws=16.98,16.13,7.39,14.91 cmd=0.033,0.430,0.856,0.707 cap=88,1349,1679,1356 des=88,1349,1469,1186 app=83,1326,1459,1171 abs=nil,nil,nil,nil ebrake=1.00 ibrake=1.00 hasABS=0 sy=6.66 split=1.000,0.875 ===
114.04912|I|libbeamng.print:18052| === LSTM_OBS t=346 16.98142,16.12541,7.39213,14.90629,1.94586,6.66117,0.24543,-0.19947,0.00000,0.00000,0.00258,1.00000,0.00000,-0.00840,-0.00291,4198.43384,0.25000 ===
114.06485|I|libbeamng.print:18052| === LSTM_TRACE t=348 v=16.68 ws=16.66,16.11,7.13,14.90 cmd=0.033,0.449,0.843,0.730 cap=108,1367,1642,1456 des=108,1367,1437,1274 app=103,1343,1427,1258 abs=nil,nil,nil,nil ebrake=1.00 ibrake=1.00 hasABS=0 sy=6.62 split=1.000,0.875 ===
114.06489|I|libbeamng.print:18052| === LSTM_OBS t=348 16.66307,16.10950,7.13362,14.89526,2.34823,6.61578,-0.34738,-0.21346,0.00000,0.00000,0.00270,1.00000,0.00000,-0.00847,-0.00282,4174.63976,0.25000 ===
114.07481|I|libbeamng.print:18052| === LSTM_TRACE t=350 v=16.61 ws=16.75,15.96,6.79,14.66 cmd=0.034,0.454,0.834,0.695 cap=116,1414,1609,1406 des=116,1414,1408,1231 app=110,1389,1398,1215 abs=nil,nil,nil,nil ebrake=1.00 ibrake=1.00 hasABS=0 sy=6.83 split=1.000,0.875 ===
114.07484|I|libbeamng.print:18052| === LSTM_OBS t=350 16.74571,15.96030,6.78937,14.66475,2.00853,6.83057,-0.39455,-0.20350,0.00000,0.00000,0.00285,1.00000,0.00000,-0.00853,-0.00272,4150.21889,0.25000 ===
114.08459|I|libbeamng.print:18052| === LSTM_TRACE t=352 v=16.55 ws=16.68,15.91,6.69,14.68 cmd=0.036,0.450,0.858,0.693 cap=102,1335,1642,1317 des=102,1335,1437,1153 app=96,1312,1427,1138 abs=nil,nil,nil,nil ebrake=1.00 ibrake=1.00 hasABS=0 sy=6.57 split=1.000,0.875 ===
114.08466|I|libbeamng.print:18052| === LSTM_OBS t=352 16.67623,15.91192,6.69403,14.68149,2.35219,6.57038,0.45570,-0.21632,0.00000,0.00000,0.00289,1.00000,0.00000,-0.00858,-0.00268,4124.62123,0.25000 ===
114.09726|I|libbeamng.print:18052| === LSTM_TRACE t=354 v=16.48 ws=16.70,15.75,6.16,14.63 cmd=0.042,0.463,0.830,0.723 cap=108,1574,1616,1383 des=108,1574,1414,1210 app=102,1547,1404,1195 abs=nil,nil,nil,nil ebrake=1.00 ibrake=1.00 hasABS=0 sy=6.44 split=1.000,0.875 ===
114.09730|I|libbeamng.print:18052| === LSTM_OBS t=354 16.70391,15.75199,6.15618,14.62691,2.37480,6.44472,-0.02282,-0.23743,0.00000,0.00000,0.00249,1.00000,0.00000,-0.00871,-0.00261,4100.42315,0.25000 ===
114.10852|I|libbeamng.print:18052| === LSTM_TRACE t=356 v=16.40 ws=16.39,15.66,6.20,14.68 cmd=0.035,0.468,0.847,0.721 cap=127,1427,1617,1359 des=127,1427,1414,1189 app=121,1403,1404,1174 abs=nil,nil,nil,nil ebrake=1.00 ibrake=1.00 hasABS=0 sy=7.00 split=1.000,0.875 ===
114.10856|I|libbeamng.print:18052| === LSTM_OBS t=356 16.38645,15.65939,6.20328,14.67686,2.07967,6.99746,0.02458,-0.22392,0.00000,0.00000,0.00289,1.00000,0.00000,-0.00891,-0.00257,4075.29578,0.25000 ===
114.11664|I|libbeamng.print:18052| === LSTM_TRACE t=358 v=16.34 ws=16.50,15.75,5.73,14.38 cmd=0.042,0.482,0.823,0.674 cap=130,1451,1614,1317 des=130,1451,1412,1152 app=123,1426,1402,1138 abs=nil,nil,nil,nil ebrake=1.00 ibrake=1.00 hasABS=0 sy=6.78 split=1.000,0.875 ===
114.11667|I|libbeamng.print:18052| === LSTM_OBS t=358 16.50095,15.74949,5.72535,14.37871,2.01989,6.78323,0.12581,-0.24699,0.00000,0.00000,0.00305,1.00000,0.00000,-0.00902,-0.00250,4050.14852,0.25000 ===
114.12918|I|libbeamng.print:18052| === LSTM_TRACE t=360 v=16.26 ws=16.52,15.52,5.67,14.10 cmd=0.044,0.459,0.848,0.661 cap=122,1476,1635,1290 des=122,1476,1431,1128 app=116,1451,1420,1114 abs=nil,nil,nil,nil ebrake=1.00 ibrake=1.00 hasABS=0 sy=6.99 split=1.000,0.875 ===
114.12923|I|libbeamng.print:18052| === LSTM_OBS t=360 16.52196,15.52219,5.67468,14.10254,2.43716,6.99498,-0.04531,-0.25021,0.00000,0.00000,0.00285,1.00000,0.00000,-0.00926,-0.00254,4024.95569,0.25000 ===
114.14137|I|libbeamng.print:18052| === LSTM_TRACE t=362 v=16.19 ws=16.22,15.46,5.15,13.88 cmd=0.044,0.507,0.828,0.665 cap=141,1513,1637,1275 des=141,1513,1432,1116 app=133,1488,1422,1102 abs=nil,nil,nil,nil ebrake=1.00 ibrake=1.00 hasABS=0 sy=6.91 split=1.000,0.875 ===
114.14141|I|libbeamng.print:18052| === LSTM_OBS t=362 16.22336,15.46180,5.15314,13.88332,2.18042,6.91023,-0.18915,-0.25678,0.00000,0.00000,0.00333,1.00000,0.00000,-0.00949,-0.00250,4001.45721,0.25000 ===
114.14984|I|libbeamng.print:18052| === LSTM_TRACE t=364 v=16.12 ws=16.17,15.38,5.42,13.81 cmd=0.041,0.499,0.856,0.667 cap=140,1530,1629,1346 des=140,1530,1426,1178 app=133,1505,1415,1163 abs=nil,nil,nil,nil ebrake=1.00 ibrake=1.00 hasABS=0 sy=7.17 split=1.000,0.875 ===
114.14988|I|libbeamng.print:18052| === LSTM_OBS t=364 16.17440,15.38271,5.42136,13.81441,2.24734,7.17190,-0.19543,-0.25719,0.00000,0.00000,0.00331,1.00000,0.00000,-0.00963,-0.00257,3976.52266,0.25000 ===
114.16221|I|libbeamng.print:18052| === LSTM_TRACE t=366 v=16.05 ws=16.22,15.26,4.87,13.48 cmd=0.050,0.498,0.840,0.609 cap=138,1505,1664,1246 des=138,1505,1456,1090 app=131,1480,1445,1077 abs=nil,nil,nil,nil ebrake=1.00 ibrake=1.00 hasABS=0 sy=7.15 split=1.000,0.875 ===
114.16225|I|libbeamng.print:18052| === LSTM_OBS t=366 16.22387,15.26048,4.87329,13.47718,2.52284,7.15280,0.06347,-0.27327,0.00000,0.00000,0.00355,1.00000,0.00000,-0.00981,-0.00259,3952.51621,0.25000 ===
114.17505|I|libbeamng.print:18052| === LSTM_TRACE t=368 v=15.97 ws=16.27,15.10,4.70,13.73 cmd=0.053,0.478,0.821,0.682 cap=150,1627,1600,1324 des=150,1627,1400,1158 app=142,1600,1388,1144 abs=nil,nil,nil,nil ebrake=1.00 ibrake=1.00 hasABS=0 sy=7.16 split=1.000,0.875 ===
114.17509|I|libbeamng.print:18052| === LSTM_OBS t=368 16.27257,15.09658,4.70264,13.72954,2.79164,7.16469,-1.10805,-0.27623,0.00000,0.00000,0.00329,1.00000,0.00000,-0.00991,-0.00273,3928.67779,0.25000 ===
114.18275|I|libbeamng.print:18052| === LSTM_TRACE t=370 v=15.91 ws=15.88,15.22,4.74,13.30 cmd=0.047,0.505,0.856,0.578 cap=165,1469,1654,1253 des=165,1469,1447,1097 app=157,1445,1435,1083 abs=nil,nil,nil,nil ebrake=1.00 ibrake=1.00 hasABS=0 sy=6.75 split=1.000,0.875 ===
114.18278|I|libbeamng.print:18052| === LSTM_OBS t=370 15.88159,15.21666,4.74311,13.29990,2.58335,6.74510,-0.79707,-0.29345,0.00000,0.00000,0.00370,1.00000,0.00000,-0.01025,-0.00266,3901.88593,0.25000 ===
114.19559|I|libbeamng.print:18052| === LSTM_TRACE t=372 v=15.82 ws=15.89,14.93,4.03,13.23 cmd=0.057,0.537,0.828,0.643 cap=168,1582,1664,1132 des=168,1582,1456,991 app=159,1556,1444,978 abs=nil,nil,nil,nil ebrake=1.00 ibrake=1.00 hasABS=0 sy=7.70 split=1.000,0.875 ===
114.19564|I|libbeamng.print:18052| === LSTM_OBS t=372 15.89237,14.93413,4.03466,13.22965,2.32653,7.69851,0.22382,-0.28251,0.00000,0.00000,0.00411,1.00000,0.00000,-0.01022,-0.00281,3879.82544,0.25000 ===
114.20805|I|libbeamng.print:18052| === LSTM_TRACE t=374 v=15.76 ws=15.94,14.90,4.36,13.53 cmd=0.064,0.467,0.845,0.647 cap=188,1491,1604,1376 des=188,1491,1404,1204 app=178,1468,1391,1189 abs=nil,nil,nil,nil ebrake=1.00 ibrake=1.00 hasABS=0 sy=6.89 split=1.000,0.875 ===
114.20809|I|libbeamng.print:18052| === LSTM_OBS t=374 15.94333,14.90454,4.36244,13.53481,3.19210,6.88854,-0.30401,-0.31832,0.00000,0.00000,0.00364,1.00000,0.00000,-0.01048,-0.00309,3853.32672,0.25000 ===
114.21643|I|libbeamng.print:18052| === LSTM_TRACE t=376 v=15.70 ws=15.95,15.04,4.35,13.00 cmd=0.062,0.509,0.877,0.555 cap=166,1553,1700,1183 des=166,1553,1488,1035 app=157,1528,1474,1022 abs=nil,nil,nil,nil ebrake=1.00 ibrake=1.00 hasABS=0 sy=6.50 split=1.000,0.875 ===
114.21647|I|libbeamng.print:18052| === LSTM_OBS t=376 15.95453,15.03762,4.35230,12.99944,3.08516,6.49977,-0.35266,-0.32857,0.00000,0.00000,0.00420,1.00000,0.00000,-0.01071,-0.00303,3824.05111,0.25000 ===
114.23016|I|libbeamng.print:18052| === LSTM_TRACE t=378 v=15.61 ws=15.81,14.71,3.72,13.09 cmd=0.064,0.523,0.826,0.650 cap=200,1638,1681,1182 des=200,1638,1471,1035 app=189,1612,1457,1022 abs=nil,nil,nil,nil ebrake=1.00 ibrake=1.00 hasABS=0 sy=7.44 split=1.000,0.875 ===
114.23021|I|libbeamng.print:18052| === LSTM_OBS t=378 15.80966,14.71152,3.71870,13.09372,2.57231,7.44323,-1.06229,-0.31917,0.00000,0.00000,0.00417,1.00000,0.00000,-0.01077,-0.00319,3799.38296,0.25000 ===
114.24155|I|libbeamng.print:18052| === LSTM_TRACE t=380 v=15.54 ws=15.45,14.57,4.09,13.50 cmd=0.065,0.484,0.858,0.659 cap=236,1474,1622,1304 des=236,1474,1419,1141 app=223,1451,1406,1127 abs=nil,nil,nil,nil ebrake=1.00 ibrake=1.00 hasABS=0 sy=7.07 split=1.000,0.875 ===
114.24159|I|libbeamng.print:18052| === LSTM_OBS t=380 15.44536,14.57010,4.09450,13.50136,3.25535,7.06666,-0.24574,-0.32382,0.00000,0.00000,0.00404,1.00000,0.00000,-0.01105,-0.00334,3767.89742,0.25000 ===
114.24907|I|libbeamng.print:18052| === LSTM_TRACE t=382 v=15.49 ws=15.63,14.71,4.12,12.84 cmd=0.075,0.496,0.884,0.528 cap=223,1424,1700,1166 des=223,1424,1488,1020 app=211,1401,1473,1007 abs=nil,nil,nil,nil ebrake=1.00 ibrake=1.00 hasABS=0 sy=6.62 split=1.000,0.875 ===
114.24912|I|libbeamng.print:18052| === LSTM_OBS t=382 15.63343,14.70880,4.11805,12.83667,3.17434,6.62070,0.52954,-0.35400,0.00000,0.00000,0.00483,1.00000,0.00000,-0.01131,-0.00328,3735.45128,0.25000 ===
114.26366|I|libbeamng.print:18052| === LSTM_TRACE t=384 v=15.40 ws=15.70,14.54,3.63,12.82 cmd=0.074,0.523,0.861,0.615 cap=203,1683,1691,1074 des=203,1683,1479,940 app=192,1656,1465,928 abs=nil,nil,nil,nil ebrake=1.00 ibrake=1.00 hasABS=0 sy=7.25 split=1.000,0.875 ===
114.26371|I|libbeamng.print:18052| === LSTM_OBS t=384 15.69768,14.54493,3.62728,12.82140,2.92390,7.25322,0.21114,-0.34629,0.00000,0.00000,0.00444,1.00000,0.00000,-0.01141,-0.00357,3709.32786,0.25000 ===
114.27465|I|libbeamng.print:18052| === LSTM_TRACE t=386 v=15.35 ws=15.59,14.29,3.71,13.31 cmd=0.084,0.455,0.857,0.653 cap=230,1621,1649,1332 des=230,1621,1443,1165 app=218,1596,1428,1151 abs=nil,nil,nil,nil ebrake=1.00 ibrake=1.00 hasABS=0 sy=6.54 split=1.000,0.875 ===
114.27473|I|libbeamng.print:18052| === LSTM_OBS t=386 15.58623,14.29236,3.71281,13.31038,3.90883,6.54011,-0.71763,-0.36069,0.00000,0.00000,0.00462,1.00000,0.00000,-0.01173,-0.00368,3676.76160,0.25000 ===
114.28364|I|libbeamng.print:18052| === LSTM_TRACE t=388 v=15.30 ws=15.32,14.48,4.01,12.85 cmd=0.081,0.472,0.891,0.504 cap=265,1344,1700,1113 des=265,1344,1488,974 app=251,1323,1473,962 abs=nil,nil,nil,nil ebrake=1.00 ibrake=1.00 hasABS=0 sy=5.88 split=1.000,0.875 ===
114.28369|I|libbeamng.print:18052| === LSTM_OBS t=388 15.32199,14.47868,4.00833,12.85495,3.73715,5.88216,-0.08893,-0.38538,0.00000,0.00000,0.00478,1.00000,0.00000,-0.01230,-0.00355,3641.12215,0.25000 ===
114.29522|I|libbeamng.print:18052| === LSTM_TRACE t=390 v=15.20 ws=15.26,14.36,3.57,12.41 cmd=0.072,0.566,0.877,0.574 cap=233,1601,1700,1005 des=233,1601,1488,879 app=221,1577,1472,868 abs=nil,nil,nil,nil ebrake=1.00 ibrake=1.00 hasABS=0 sy=7.27 split=1.000,0.875 ===
114.29528|I|libbeamng.print:18052| === LSTM_OBS t=390 15.26417,14.36380,3.56965,12.41313,2.33922,7.26606,0.89560,-0.36321,0.00000,0.00000,0.00504,1.00000,0.00000,-0.01240,-0.00364,3613.34197,0.25000 ===
114.30916|I|libbeamng.print:18052| === LSTM_TRACE t=392 v=15.12 ws=15.32,14.08,3.32,12.83 cmd=0.097,0.478,0.873,0.614 cap=269,1651,1694,1226 des=269,1651,1482,1073 app=255,1626,1467,1059 abs=nil,nil,nil,nil ebrake=1.00 ibrake=1.00 hasABS=0 sy=7.07 split=1.000,0.875 ===
114.30922|I|libbeamng.print:18052| === LSTM_OBS t=392 15.31773,14.08206,3.31625,12.82973,4.11021,7.06934,0.11519,-0.37009,0.00000,0.00000,0.00525,1.00000,0.00000,-0.01262,-0.00393,3583.65480,0.25000 ===
114.31632|I|libbeamng.print:18052| === LSTM_TRACE t=394 v=15.09 ws=15.23,14.25,3.58,12.97 cmd=0.095,0.429,0.887,0.529 cap=297,1335,1700,1161 des=297,1335,1488,1016 app=281,1314,1472,1003 abs=nil,nil,nil,nil ebrake=1.00 ibrake=1.00 hasABS=0 sy=5.68 split=1.000,0.875 ===
114.31637|I|libbeamng.print:18052| === LSTM_OBS t=394 15.22969,14.25085,3.57600,12.96917,4.39056,5.68192,-1.15016,-0.40639,0.00000,0.00000,0.00477,1.00000,0.00000,-0.01330,-0.00385,3546.30699,0.25000 ===
114.32888|I|libbeamng.print:18052| === LSTM_TRACE t=396 v=15.01 ws=15.30,14.17,3.65,12.22 cmd=0.083,0.542,0.893,0.501 cap=265,1556,1700,981 des=265,1556,1488,858 app=251,1533,1471,847 abs=nil,nil,nil,nil ebrake=1.00 ibrake=1.00 hasABS=0 sy=6.43 split=1.000,0.875 ===
114.32893|I|libbeamng.print:18052| === LSTM_OBS t=396 15.29876,14.16752,3.64998,12.22442,2.77561,6.42527,-0.41550,-0.40693,0.00000,0.00000,0.00594,1.00000,0.00000,-0.01366,-0.00373,3513.98638,0.25000 ===
114.34115|I|libbeamng.print:18052| === LSTM_TRACE t=398 v=14.91 ws=15.23,13.73,3.27,12.17 cmd=0.099,0.523,0.884,0.550 cap=283,1667,1700,1040 des=283,1667,1488,910 app=268,1642,1471,898 abs=nil,nil,nil,nil ebrake=1.00 ibrake=1.00 hasABS=0 sy=7.70 split=1.000,0.875 ===
114.34119|I|libbeamng.print:18052| === LSTM_OBS t=398 15.22547,13.73414,3.27282,12.16692,3.42421,7.69780,0.10951,-0.39561,0.00000,0.00000,0.00609,1.00000,0.00000,-0.01371,-0.00388,3487.26036,0.25000 ===
114.34934|I|libbeamng.print:18052| === LSTM_TRACE t=400 v=14.86 ws=14.76,13.60,3.10,12.78 cmd=0.106,0.416,0.890,0.550 cap=359,1397,1700,1080 des=359,1397,1488,945 app=340,1376,1471,933 abs=nil,nil,nil,nil ebrake=1.00 ibrake=1.00 hasABS=0 sy=6.63 split=1.000,0.875 ===
114.34939|I|libbeamng.print:18052| === LSTM_OBS t=400 14.76211,13.59533,3.09989,12.78298,4.48301,6.62603,-0.77483,-0.41054,0.00000,0.00000,0.00507,1.00000,0.00000,-0.01420,-0.00401,3455.35320,0.25000 ===
114.36177|I|libbeamng.print:18052| === LSTM_TRACE t=402 v=14.81 ws=14.70,13.83,3.23,12.54 cmd=0.106,0.480,0.890,0.483 cap=372,1291,1700,1023 des=372,1291,1488,895 app=352,1272,1471,883 abs=nil,nil,nil,nil ebrake=1.00 ibrake=1.00 hasABS=0 sy=6.21 split=1.000,0.875 ===
114.36187|I|libbeamng.print:18052| === LSTM_OBS t=402 14.69655,13.83229,3.23298,12.54057,3.91749,6.20811,-0.08569,-0.43360,0.00000,0.00000,0.00563,1.00000,0.00000,-0.01498,-0.00391,3418.92312,0.25000 ===
114.37516|I|libbeamng.print:18052| === LSTM_TRACE t=404 v=14.72 ws=15.02,13.66,3.38,11.82 cmd=0.098,0.544,0.904,0.464 cap=308,1643,1700,944 des=308,1643,1488,826 app=292,1618,1470,815 abs=nil,nil,nil,nil ebrake=1.00 ibrake=1.00 hasABS=0 sy=7.00 split=1.000,0.875 ===
114.37520|I|libbeamng.print:18052| === LSTM_OBS t=404 15.01864,13.65529,3.38024,11.82306,2.53981,6.99602,0.93365,-0.44035,0.00000,0.00000,0.00709,1.00000,0.00000,-0.01507,-0.00395,3389.23592,0.25000 ===
114.38288|I|libbeamng.print:18052| === LSTM_TRACE t=406 v=14.65 ws=15.00,13.21,3.04,11.97 cmd=0.120,0.457,0.908,0.494 cap=331,1665,1700,940 des=331,1665,1488,822 app=313,1640,1470,811 abs=nil,nil,nil,nil ebrake=1.00 ibrake=1.00 hasABS=0 sy=7.00 split=1.000,0.875 ===
114.38292|I|libbeamng.print:18052| === LSTM_OBS t=406 14.99973,13.21169,3.03688,11.96739,4.30029,6.99755,-0.27340,-0.43905,0.00000,0.00000,0.00639,1.00000,0.00000,-0.01519,-0.00416,3364.13178,0.25000 ===
114.39826|I|libbeamng.print:18052| === LSTM_TRACE t=408 v=14.59 ws=14.72,13.26,2.73,12.58 cmd=0.136,0.406,0.891,0.506 cap=397,1329,1700,995 des=397,1329,1488,871 app=376,1310,1470,859 abs=nil,nil,nil,nil ebrake=1.00 ibrake=1.00 hasABS=0 sy=6.32 split=1.000,0.875 ===
114.39853|I|libbeamng.print:18052| === LSTM_OBS t=408 14.72205,13.26070,2.73319,12.57897,5.14033,6.32095,-1.28902,-0.46195,0.00000,0.00000,0.00529,1.00000,0.00000,-0.01606,-0.00415,3332.74652,0.25000 ===
114.40841|I|libbeamng.print:18052| === LSTM_TRACE t=410 v=14.53 ws=14.61,13.50,2.85,12.32 cmd=0.119,0.505,0.891,0.446 cap=417,1422,1700,902 des=417,1422,1488,789 app=395,1401,1469,778 abs=nil,nil,nil,nil ebrake=1.00 ibrake=1.00 hasABS=0 sy=6.33 split=1.000,0.875 ===
114.40845|I|libbeamng.print:18052| === LSTM_OBS t=410 14.60650,13.49803,2.84655,12.32243,3.21484,6.32543,-0.62441,-0.46676,0.00000,0.00000,0.00670,1.00000,0.00000,-0.01672,-0.00400,3298.34010,0.25000 ===
114.41653|I|libbeamng.print:18052| === LSTM_TRACE t=412 v=14.44 ws=14.65,13.20,3.21,11.80 cmd=0.117,0.524,0.919,0.447 cap=373,1635,1700,855 des=373,1635,1488,748 app=354,1611,1469,738 abs=nil,nil,nil,nil ebrake=1.00 ibrake=1.00 hasABS=0 sy=7.10 split=1.000,0.875 ===
114.41656|I|libbeamng.print:18052| === LSTM_OBS t=412 14.64831,13.20386,3.20593,11.79962,2.88309,7.10238,1.25858,-0.47184,0.00000,0.00000,0.00846,1.00000,0.00000,-0.01663,-0.00408,3268.80286,0.25000 ===
114.42934|I|libbeamng.print:18052| === LSTM_TRACE t=414 v=14.35 ws=14.43,12.84,2.92,11.78 cmd=0.141,0.462,0.926,0.453 cap=418,1592,1700,810 des=418,1592,1488,709 app=396,1569,1469,699 abs=nil,nil,nil,nil ebrake=1.00 ibrake=1.00 hasABS=0 sy=7.67 split=1.000,0.875 ===
114.42939|I|libbeamng.print:18052| === LSTM_OBS t=414 14.43019,12.84284,2.91733,11.78445,4.84338,7.67309,1.08361,-0.46756,0.00000,0.00000,0.00687,1.00000,0.00000,-0.01693,-0.00422,3243.91415,0.25000 ===
114.44247|I|libbeamng.print:18052| === LSTM_TRACE t=416 v=14.29 ws=14.15,12.99,2.54,12.22 cmd=0.165,0.430,0.908,0.441 cap=501,1296,1700,895 des=501,1296,1488,783 app=475,1277,1469,772 abs=nil,nil,nil,nil ebrake=1.00 ibrake=1.00 hasABS=0 sy=6.92 split=1.000,0.875 ===
114.44254|I|libbeamng.print:18052| === LSTM_OBS t=416 14.14676,12.98901,2.53525,12.21947,5.36222,6.92097,0.28932,-0.49801,0.00000,0.00000,0.00542,1.00000,0.00000,-0.01794,-0.00433,3216.90775,0.25000 ===
114.44980|I|libbeamng.print:18052| === LSTM_TRACE t=418 v=14.24 ws=14.17,13.17,2.49,12.43 cmd=0.154,0.460,0.892,0.399 cap=505,1347,1700,779 des=505,1347,1488,682 app=478,1328,1468,672 abs=nil,nil,nil,nil ebrake=1.00 ibrake=1.00 hasABS=0 sy=6.49 split=1.000,0.875 ===
114.44984|I|libbeamng.print:18052| === LSTM_OBS t=418 14.17107,13.17069,2.49140,12.42838,4.24747,6.49079,-0.41067,-0.50087,0.00000,0.00000,0.00787,1.00000,0.00000,-0.01842,-0.00434,3185.11384,0.25000 ===
114.46319|I|libbeamng.print:18052| === LSTM_TRACE t=420 v=14.19 ws=14.48,12.91,2.59,11.97 cmd=0.164,0.507,0.916,0.417 cap=458,1612,1700,786 des=458,1612,1488,688 app=434,1589,1468,678 abs=nil,nil,nil,nil ebrake=1.00 ibrake=1.00 hasABS=0 sy=5.86 split=1.000,0.875 ===
114.46328|I|libbeamng.print:18052| === LSTM_OBS t=420 14.48438,12.91104,2.59340,11.97230,3.83741,5.85816,1.17851,-0.52563,0.00000,0.00000,0.00959,1.00000,0.00000,-0.01825,-0.00433,3153.41492,0.25000 ===
114.47545|I|libbeamng.print:18052| === LSTM_TRACE t=422 v=14.09 ws=14.53,12.60,2.95,11.42 cmd=0.186,0.465,0.936,0.374 cap=502,1546,1700,779 des=502,1546,1488,681 app=475,1524,1468,672 abs=nil,nil,nil,nil ebrake=1.00 ibrake=1.00 hasABS=0 sy=6.95 split=1.000,0.875 ===
114.47549|I|libbeamng.print:18052| === LSTM_OBS t=422 14.52980,12.60342,2.95402,11.41561,5.18220,6.94930,1.56387,-0.53427,0.00000,0.00000,0.00764,1.00000,0.00000,-0.01862,-0.00428,3126.61065,0.25000 ===
114.48332|I|libbeamng.print:18052| === LSTM_TRACE t=424 v=14.01 ws=14.26,12.50,2.46,11.42 cmd=0.211,0.432,0.929,0.377 cap=561,1458,1700,728 des=561,1458,1488,637 app=531,1437,1468,628 abs=nil,nil,nil,nil ebrake=1.00 ibrake=1.00 hasABS=0 sy=7.10 split=1.000,0.875 ===
114.48338|I|libbeamng.print:18052| === LSTM_OBS t=424 14.26357,12.49820,2.46458,11.42305,6.39552,7.09865,-0.09133,-0.52345,0.00000,0.00000,0.00605,1.00000,0.00000,-0.01959,-0.00436,3103.45134,0.25000 ===
114.49696|I|libbeamng.print:18052| === LSTM_TRACE t=426 v=13.94 ws=13.98,12.56,2.21,11.81 cmd=0.209,0.428,0.905,0.348 cap=652,1315,1700,720 des=652,1315,1488,630 app=618,1295,1467,621 abs=nil,nil,nil,nil ebrake=1.00 ibrake=1.00 hasABS=0 sy=6.80 split=1.000,0.875 ===
114.49700|I|libbeamng.print:18052| === LSTM_OBS t=426 13.98388,12.56435,2.20851,11.80717,5.03199,6.79505,-1.40627,-0.52486,0.00000,0.00000,0.00834,1.00000,0.00000,-0.02047,-0.00464,3077.67866,0.25000 ===
114.50875|I|libbeamng.print:18052| === LSTM_TRACE t=428 v=13.88 ws=13.93,12.47,2.02,11.90 cmd=0.211,0.454,0.891,0.331 cap=613,1423,1700,648 des=613,1423,1488,567 app=581,1402,1467,558 abs=nil,nil,nil,nil ebrake=1.00 ibrake=1.00 hasABS=0 sy=6.43 split=1.000,0.875 ===
114.50879|I|libbeamng.print:18052| === LSTM_OBS t=428 13.93360,12.47414,2.02440,11.89913,3.77459,6.42837,-1.46448,-0.55191,0.00000,0.00000,0.01060,1.00000,0.00000,-0.02028,-0.00475,3048.25122,0.25000 ===
114.51646|I|libbeamng.print:18052| === LSTM_TRACE t=430 v=13.81 ws=13.92,12.20,2.08,11.67 cmd=0.245,0.491,0.928,0.400 cap=689,1508,1700,704 des=689,1508,1488,616 app=653,1486,1467,607 abs=nil,nil,nil,nil ebrake=1.00 ibrake=1.00 hasABS=0 sy=6.65 split=1.000,0.875 ===
114.51653|I|libbeamng.print:18052| === LSTM_OBS t=430 13.92246,12.20474,2.08323,11.66509,4.51096,6.64911,1.42977,-0.55784,0.00000,0.00000,0.00991,1.00000,0.00000,-0.02056,-0.00473,3017.77131,0.25000 ===
114.54372|I|libbeamng.print:18052| === LSTM_TRACE t=432 v=13.72 ws=13.62,11.86,2.52,11.31 cmd=0.285,0.445,0.949,0.385 cap=869,1497,1700,776 des=869,1497,1488,679 app=824,1475,1466,669 abs=nil,nil,nil,nil ebrake=1.00 ibrake=1.00 hasABS=0 sy=7.36 split=1.000,0.875 ===
114.54378|I|libbeamng.print:18052| === LSTM_OBS t=432 13.62105,11.86157,2.52387,11.30618,5.85275,7.36212,1.60226,-0.55115,0.00000,0.00000,0.00771,1.00000,0.00000,-0.02123,-0.00479,2990.25713,0.25000 ===
114.55132|I|libbeamng.print:18052| === LSTM_TRACE t=434 v=13.63 ws=13.41,11.84,2.32,11.03 cmd=0.273,0.422,0.943,0.313 cap=902,1338,1700,656 des=902,1338,1488,574 app=855,1319,1466,565 abs=nil,nil,nil,nil ebrake=1.00 ibrake=1.00 hasABS=0 sy=7.70 split=1.000,0.875 ===
114.55137|I|libbeamng.print:18052| === LSTM_OBS t=434 13.40670,11.84211,2.32034,11.03432,6.02482,7.70333,0.29867,-0.54791,0.00000,0.00000,0.00837,1.00000,0.00000,-0.02213,-0.00512,2965.94527,0.25000 ===
114.56044|I|libbeamng.print:18052| === LSTM_TRACE t=436 v=13.54 ws=13.45,12.00,2.17,11.40 cmd=0.272,0.410,0.900,0.260 cap=873,1229,1700,548 des=873,1229,1488,480 app=828,1211,1466,472 abs=nil,nil,nil,nil ebrake=1.00 ibrake=1.00 hasABS=0 sy=7.91 split=1.000,0.875 ===
114.56048|I|libbeamng.print:18052| === LSTM_OBS t=436 13.45443,12.00407,2.17492,11.39988,4.71535,7.91238,-1.86003,-0.56568,0.00000,0.00000,0.01119,1.00000,0.00000,-0.02243,-0.00541,2942.09905,0.25000 ===
114.57474|I|libbeamng.print:18052| === LSTM_TRACE t=438 v=13.49 ws=13.48,12.08,1.81,11.58 cmd=0.302,0.520,0.899,0.293 cap=910,1397,1700,465 des=910,1397,1488,407 app=863,1377,1465,401 abs=nil,nil,nil,nil ebrake=1.00 ibrake=1.00 hasABS=0 sy=7.03 split=1.000,0.875 ===
114.57482|I|libbeamng.print:18052| === LSTM_OBS t=438 13.48026,12.08422,1.80511,11.57975,4.26228,7.02979,0.28854,-0.59129,0.00000,0.00000,0.01097,1.00000,0.00000,-0.02246,-0.00540,2914.15106,0.25000 ===
114.58355|I|libbeamng.print:18052| === LSTM_TRACE t=440 v=13.43 ws=13.33,11.71,1.66,11.39 cmd=0.378,0.499,0.943,0.414 cap=1128,1549,1700,746 des=1128,1549,1488,653 app=1071,1526,1465,643 abs=nil,nil,nil,nil ebrake=1.00 ibrake=1.00 hasABS=0 sy=6.71 split=1.000,0.875 ===
114.58359|I|libbeamng.print:18052| === LSTM_OBS t=440 13.33216,11.70620,1.65941,11.39092,5.28163,6.71067,2.98017,-0.59668,0.00000,0.00000,0.00987,1.00000,0.00000,-0.02264,-0.00541,2885.95533,0.25000 ===
114.59510|I|libbeamng.print:18052| === LSTM_TRACE t=442 v=13.34 ws=13.09,11.40,1.93,11.14 cmd=0.413,0.460,0.957,0.357 cap=1313,1478,1700,796 des=1313,1478,1488,696 app=1247,1456,1465,685 abs=nil,nil,nil,nil ebrake=1.00 ibrake=1.00 hasABS=0 sy=6.96 split=1.000,0.875 ===
114.59516|I|libbeamng.print:18052| === LSTM_OBS t=442 13.09051,11.39504,1.93094,11.13751,5.82889,6.95643,1.27086,-0.59646,0.00000,0.00000,0.00983,1.00000,0.00000,-0.02317,-0.00556,2857.03004,0.25000 ===
114.60811|I|libbeamng.print:18052| === LSTM_TRACE t=444 v=13.25 ws=13.13,11.40,2.20,10.86 cmd=0.395,0.441,0.946,0.336 cap=1272,1312,1700,732 des=1272,1312,1488,640 app=1208,1293,1465,630 abs=nil,nil,nil,nil ebrake=1.00 ibrake=1.00 hasABS=0 sy=7.61 split=1.000,0.875 ===
114.60814|I|libbeamng.print:18052| === LSTM_OBS t=444 13.13080,11.39736,2.19565,10.85885,5.75976,7.60686,-0.84805,-0.58519,0.00000,0.00000,0.01112,1.00000,0.00000,-0.02375,-0.00567,2827.37724,0.25000 ===
114.61570|I|libbeamng.print:18052| === LSTM_TRACE t=446 v=13.16 ws=13.23,11.25,2.22,10.46 cmd=0.405,0.492,0.930,0.250 cap=1203,1466,1700,542 des=1203,1466,1488,474 app=1144,1445,1464,466 abs=nil,nil,nil,nil ebrake=1.00 ibrake=1.00 hasABS=0 sy=7.78 split=1.000,0.875 ===
114.61574|I|libbeamng.print:18052| === LSTM_OBS t=446 13.23056,11.24630,2.21712,10.46142,5.02363,7.77895,-1.79242,-0.59909,0.00000,0.00000,0.01199,1.00000,0.00000,-0.02412,-0.00599,2801.54527,0.25000 ===
114.62753|I|libbeamng.print:18052| === LSTM_TRACE t=448 v=13.07 ws=13.08,10.86,1.89,10.70 cmd=0.451,0.524,0.947,0.402 cap=1242,1690,1700,571 des=1242,1690,1488,500 app=1181,1665,1464,492 abs=nil,nil,nil,nil ebrake=1.00 ibrake=1.00 hasABS=0 sy=8.00 split=1.000,0.875 ===
114.62757|I|libbeamng.print:18052| === LSTM_OBS t=448 13.07947,10.85590,1.88843,10.70408,5.10862,8.00309,-1.04301,-0.59553,0.00000,0.00000,0.01111,1.00000,0.00000,-0.02435,-0.00639,2776.73259,0.25000 ===
114.64073|I|libbeamng.print:18052| === LSTM_TRACE t=450 v=12.99 ws=12.78,10.21,1.97,10.64 cmd=0.482,0.481,0.958,0.402 cap=1396,1570,1700,857 des=1396,1570,1488,750 app=1329,1547,1464,738 abs=nil,nil,nil,nil ebrake=1.00 ibrake=1.00 hasABS=0 sy=7.86 split=1.000,0.875 ===
114.64077|I|libbeamng.print:18052| === LSTM_OBS t=450 12.77785,10.21333,1.97381,10.64159,5.55547,7.86284,-0.38373,-0.60983,0.00000,0.00000,0.01073,1.00000,0.00000,-0.02432,-0.00657,2747.66200,0.25000 ===
114.64878|I|libbeamng.print:18052| === LSTM_TRACE t=452 v=12.90 ws=12.72,10.20,1.94,10.49 cmd=0.472,0.527,0.953,0.370 cap=1454,1587,1700,637 des=1454,1587,1488,558 app=1384,1564,1464,548 abs=nil,nil,nil,nil ebrake=1.00 ibrake=1.00 hasABS=0 sy=7.98 split=1.000,0.875 ===
114.64882|I|libbeamng.print:18052| === LSTM_OBS t=452 12.71611,10.19922,1.93907,10.48895,5.83507,7.97530,0.91894,-0.62099,0.00000,0.00000,0.01184,1.00000,0.00000,-0.02433,-0.00672,2716.96269,0.25000 ===
114.65892|I|libbeamng.print:18052| === LSTM_TRACE t=454 v=12.82 ws=12.73,9.78,1.84,10.26 cmd=0.496,0.507,0.957,0.432 cap=1527,1572,1700,893 des=1527,1572,1488,781 app=1454,1549,1463,768 abs=nil,nil,nil,nil ebrake=1.00 ibrake=1.00 hasABS=0 sy=7.89 split=1.000,0.875 ===
114.65896|I|libbeamng.print:18052| === LSTM_OBS t=454 12.73071,9.78064,1.84297,10.25643,5.42288,7.88833,0.29843,-0.63301,0.00000,0.00000,0.01225,1.00000,0.00000,-0.02444,-0.00693,2701.36056,0.25000 ===
114.66753|I|libbeamng.print:18052| === LSTM_TRACE t=456 v=12.73 ws=12.58,9.58,2.13,10.04 cmd=0.502,0.534,0.957,0.355 cap=1574,1594,1700,708 des=1574,1594,1488,620 app=1501,1571,1463,609 abs=nil,nil,nil,nil ebrake=1.00 ibrake=1.00 hasABS=0 sy=7.91 split=1.000,0.875 ===
114.66757|I|libbeamng.print:18052| === LSTM_OBS t=456 12.58151,9.57711,2.12822,10.04244,5.03541,7.91060,0.11021,-0.63851,0.00000,0.00000,0.01183,1.00000,0.00000,-0.02459,-0.00729,2670.72471,0.25000 ===
114.67847|I|libbeamng.print:18052| === LSTM_TRACE t=458 v=12.64 ws=12.48,9.08,2.28,9.83 cmd=0.515,0.525,0.959,0.431 cap=1557,1666,1700,807 des=1557,1666,1488,706 app=1485,1641,1463,694 abs=nil,nil,nil,nil ebrake=1.00 ibrake=1.00 hasABS=0 sy=8.00 split=1.000,0.875 ===
114.67852|I|libbeamng.print:18052| === LSTM_OBS t=458 12.47856,9.08104,2.28498,9.82861,4.55284,8.00357,-0.81743,-0.63557,0.00000,0.00000,0.01180,1.00000,0.00000,-0.02476,-0.00761,2639.64126,0.25000 ===
114.69261|I|libbeamng.print:18052| === LSTM_TRACE t=460 v=12.53 ws=12.33,8.83,2.04,9.49 cmd=0.535,0.557,0.958,0.357 cap=1603,1688,1700,727 des=1603,1688,1488,636 app=1529,1663,1463,626 abs=nil,nil,nil,nil ebrake=1.00 ibrake=1.00 hasABS=0 sy=8.68 split=1.000,0.875 ===
114.69265|I|libbeamng.print:18052| === LSTM_OBS t=460 12.32760,8.83001,2.04381,9.48508,5.47229,8.67565,0.05584,-0.63763,0.00000,0.00000,0.01206,1.00000,0.00000,-0.02483,-0.00790,2611.24764,0.25000 ===
114.70024|I|libbeamng.print:18052| === LSTM_TRACE t=462 v=12.44 ws=12.13,8.34,2.14,9.60 cmd=0.550,0.558,0.963,0.518 cap=1704,1716,1700,870 des=1704,1716,1488,761 app=1627,1691,1462,748 abs=nil,nil,nil,nil ebrake=1.00 ibrake=1.00 hasABS=0 sy=8.69 split=1.000,0.875 ===
114.70029|I|libbeamng.print:18052| === LSTM_OBS t=462 12.12541,8.34014,2.14498,9.60315,5.79483,8.68708,0.30574,-0.64123,0.00000,0.00000,0.01209,1.00000,0.00000,-0.02466,-0.00816,2580.39178,0.25000 ===
114.71159|I|libbeamng.print:18052| === LSTM_TRACE t=464 v=12.35 ws=11.97,7.58,1.93,9.32 cmd=0.575,0.552,0.962,0.439 cap=1770,1719,1700,902 des=1770,1719,1488,789 app=1690,1694,1462,775 abs=nil,nil,nil,nil ebrake=1.00 ibrake=1.00 hasABS=0 sy=8.46 split=1.000,0.875 ===
114.71162|I|libbeamng.print:18052| === LSTM_OBS t=464 11.97007,7.58488,1.93277,9.32191,5.88906,8.46450,0.78868,-0.65412,0.00000,0.00000,0.01239,1.00000,0.00000,-0.02438,-0.00838,2547.80404,0.25000 ===
114.72481|I|libbeamng.print:18052| === LSTM_TRACE t=466 v=12.27 ws=11.87,7.14,2.09,9.36 cmd=0.586,0.570,0.962,0.542 cap=1799,1774,1700,917 des=1799,1774,1488,802 app=1720,1747,1462,788 abs=nil,nil,nil,nil ebrake=1.00 ibrake=1.00 hasABS=0 sy=8.32 split=1.000,0.875 ===
114.72484|I|libbeamng.print:18052| === LSTM_OBS t=466 11.87343,7.14187,2.09185,9.36495,5.26040,8.32279,-0.15786,-0.66697,0.00000,0.00000,0.01209,1.00000,0.00000,-0.02417,-0.00876,2513.53063,0.25000 ===
114.73387|I|libbeamng.print:18052| === LSTM_TRACE t=468 v=12.18 ws=11.79,6.56,2.31,8.76 cmd=0.610,0.574,0.966,0.480 cap=1838,1788,1700,1036 des=1838,1788,1488,906 app=1758,1762,1462,890 abs=nil,nil,nil,nil ebrake=1.00 ibrake=1.00 hasABS=0 sy=8.45 split=1.000,0.875 ===
114.73392|I|libbeamng.print:18052| === LSTM_OBS t=468 11.79283,6.56222,2.31314,8.75783,5.39409,8.44509,0.41793,-0.67283,0.00000,0.00000,0.01183,1.00000,0.00000,-0.02428,-0.00900,2477.97662,0.25000 ===
114.74432|I|libbeamng.print:18052| === LSTM_TRACE t=470 v=12.07 ws=11.60,6.02,2.49,8.54 cmd=0.605,0.588,0.968,0.556 cap=1910,1798,1700,977 des=1910,1798,1488,855 app=1827,1771,1462,840 abs=nil,nil,nil,nil ebrake=1.00 ibrake=1.00 hasABS=0 sy=8.89 split=1.000,0.875 ===
114.74435|I|libbeamng.print:18052| === LSTM_OBS t=470 11.60063,6.01755,2.49319,8.54071,5.67105,8.88717,1.34740,-0.66938,0.00000,0.00000,0.01199,1.00000,0.00000,-0.02415,-0.00926,2443.45742,0.25000 ===
114.75876|I|libbeamng.print:18052| === LSTM_TRACE t=472 v=11.98 ws=11.53,5.16,2.37,8.21 cmd=0.633,0.588,0.967,0.541 cap=1928,1860,1700,1062 des=1928,1860,1488,929 app=1845,1832,1461,913 abs=nil,nil,nil,nil ebrake=1.00 ibrake=1.00 hasABS=0 sy=8.80 split=1.000,0.875 ===
114.75880|I|libbeamng.print:18052| === LSTM_OBS t=472 11.53324,5.15842,2.36715,8.20700,5.65323,8.80444,0.60635,-0.68325,0.00000,0.00000,0.01195,1.00000,0.00000,-0.02411,-0.00951,2409.66076,0.25000 ===
114.76756|I|libbeamng.print:18052| === LSTM_TRACE t=474 v=11.89 ws=11.26,4.90,2.64,7.91 cmd=0.623,0.605,0.967,0.575 cap=1985,1812,1700,1126 des=1985,1812,1488,985 app=1902,1785,1461,968 abs=nil,nil,nil,nil ebrake=1.00 ibrake=1.00 hasABS=0 sy=8.70 split=1.000,0.875 ===
114.76762|I|libbeamng.print:18052| === LSTM_OBS t=474 11.26060,4.90119,2.63879,7.90900,5.04883,8.69673,-0.03126,-0.68668,0.00000,0.00000,0.01202,1.00000,0.00000,-0.02388,-0.00988,2373.08313,0.25000 ===
114.77839|I|libbeamng.print:18052| === LSTM_TRACE t=476 v=11.79 ws=11.21,4.33,2.48,7.84 cmd=0.639,0.604,0.966,0.602 cap=1936,1871,1700,1118 des=1936,1871,1488,979 app=1856,1842,1461,961 abs=nil,nil,nil,nil ebrake=1.00 ibrake=1.00 hasABS=0 sy=8.72 split=1.000,0.875 ===
114.77843|I|libbeamng.print:18052| === LSTM_OBS t=476 11.21154,4.32624,2.47951,7.84193,5.34408,8.72255,-0.56826,-0.69142,0.00000,0.00000,0.01232,1.00000,0.00000,-0.02378,-0.01002,2334.40418,0.25000 ===
114.79165|I|libbeamng.print:18052| === LSTM_TRACE t=478 v=11.70 ws=11.14,3.17,2.89,7.36 cmd=0.641,0.588,0.966,0.635 cap=1990,1834,1700,1204 des=1990,1834,1488,1053 app=1909,1806,1461,1035 abs=nil,nil,nil,nil ebrake=1.00 ibrake=1.00 hasABS=0 sy=8.33 split=1.000,0.875 ===
114.79169|I|libbeamng.print:18052| === LSTM_OBS t=478 11.13644,3.17252,2.89093,7.36035,5.45735,8.33243,0.87619,-0.71420,0.00000,0.00000,0.01185,1.00000,0.00000,-0.02375,-0.01019,2294.75316,0.25000 ===
114.80156|I|libbeamng.print:18052| === LSTM_TRACE t=480 v=11.59 ws=10.92,3.12,3.15,6.76 cmd=0.626,0.623,0.968,0.635 cap=1958,1836,1700,1297 des=1958,1836,1488,1135 app=1878,1807,1461,1114 abs=nil,nil,nil,nil ebrake=1.00 ibrake=1.00 hasABS=0 sy=9.18 split=1.000,0.875 ===
114.80161|I|libbeamng.print:18052| === LSTM_OBS t=480 10.91790,3.11913,3.14630,6.75878,5.15593,9.18311,0.87006,-0.70316,0.00000,0.00000,0.01246,1.00000,0.00000,-0.02370,-0.01039,2255.04362,0.25000 ===
114.81115|I|libbeamng.print:18052| === LSTM_TRACE t=482 v=11.47 ws=10.86,2.90,3.30,6.39 cmd=0.664,0.662,0.968,0.608 cap=1996,2037,1700,1097 des=1996,2037,1488,960 app=1916,2005,1461,943 abs=nil,nil,nil,nil ebrake=1.00 ibrake=1.00 hasABS=0 sy=9.66 split=1.000,0.875 ===
114.81119|I|libbeamng.print:18052| === LSTM_OBS t=482 10.86477,2.89955,3.30494,6.38517,5.98441,9.66367,-0.67300,-0.70786,0.00000,0.00000,0.01242,1.00000,0.00000,-0.02379,-0.01052,2217.02024,0.25000 ===
114.82534|I|libbeamng.print:18052| === LSTM_TRACE t=484 v=11.39 ws=10.62,1.20,3.09,6.12 cmd=0.677,0.603,0.967,0.706 cap=2082,1973,1700,1346 des=2082,1973,1488,1178 app=1999,1941,1461,1157 abs=nil,nil,nil,nil ebrake=1.00 ibrake=1.00 hasABS=0 sy=8.71 split=1.000,0.875 ===
114.82538|I|libbeamng.print:18052| === LSTM_OBS t=484 10.62459,1.19726,3.08615,6.11859,6.08861,8.71122,-0.46194,-0.72251,0.00000,0.00000,0.01106,1.00000,0.00000,-0.02422,-0.01071,2176.14660,0.25000 ===
114.83348|I|libbeamng.print:18052| === LSTM_TRACE t=486 v=11.30 ws=10.39,0.28,3.66,5.72 cmd=0.655,0.579,0.962,0.676 cap=2109,1792,1700,1316 des=2109,1792,1488,1151 app=2027,1763,1460,1131 abs=nil,nil,nil,nil ebrake=1.00 ibrake=1.00 hasABS=0 sy=8.77 split=1.000,0.875 ===
114.83352|I|libbeamng.print:18052| === LSTM_OBS t=486 10.38855,0.28476,3.66416,5.71824,5.08951,8.76721,0.38841,-0.71773,0.00000,0.00000,0.01180,1.00000,0.00000,-0.02446,-0.01057,2133.88047,0.25000 ===
114.84465|I|libbeamng.print:18052| === LSTM_TRACE t=488 v=11.23 ws=10.20,0.25,4.06,5.39 cmd=0.599,0.599,0.960,0.698 cap=1899,1835,1700,1362 des=1899,1835,1488,1192 app=1826,1805,1460,1170 abs=nil,nil,nil,nil ebrake=1.00 ibrake=1.00 hasABS=0 sy=8.24 split=1.000,0.875 ===
114.84469|I|libbeamng.print:18052| === LSTM_OBS t=488 10.20034,0.24584,4.05830,5.39072,4.43541,8.23808,1.69950,-0.74013,0.00000,0.00000,0.01260,1.00000,0.00000,-0.02418,-0.01053,2089.54165,0.25000 ===
114.85853|I|libbeamng.print:18052| === LSTM_TRACE t=490 v=11.10 ws=10.60,0.10,4.04,4.51 cmd=0.660,0.661,0.956,0.649 cap=1956,1928,1700,1301 des=1956,1928,1488,1139 app=1881,1896,1460,1118 abs=nil,nil,nil,nil ebrake=1.00 ibrake=1.00 hasABS=0 sy=9.18 split=1.000,0.875 ===
114.85862|I|libbeamng.print:18052| === LSTM_OBS t=490 10.59567,0.09891,4.04482,4.51424,5.43790,9.17670,1.41856,-0.72392,0.00000,0.00000,0.01095,1.00000,0.00000,-0.02415,-0.01041,2049.39261,0.25000 ===
114.86654|I|libbeamng.print:18052| === LSTM_TRACE t=492 v=11.02 ws=10.09,0.09,4.11,4.37 cmd=0.689,0.697,0.959,0.687 cap=2100,2155,1700,1288 des=2100,2155,1488,1127 app=2021,2119,1460,1106 abs=nil,nil,nil,nil ebrake=1.00 ibrake=1.00 hasABS=0 sy=8.61 split=1.000,0.875 ===
114.86658|I|libbeamng.print:18052| === LSTM_OBS t=492 10.08747,0.08841,4.10617,4.37089,5.51449,8.60886,-1.42479,-0.73571,0.00000,0.00000,0.01086,1.00000,0.00000,-0.02460,-0.01059,2009.75156,0.25000 ===
114.87762|I|libbeamng.print:18052| === LSTM_TRACE t=494 v=10.91 ws=9.73,0.07,4.63,4.42 cmd=0.694,0.664,0.965,0.662 cap=2160,2098,1700,1329 des=2160,2098,1488,1163 app=2079,2062,1460,1142 abs=nil,nil,nil,nil ebrake=1.00 ibrake=1.00 hasABS=0 sy=8.73 split=1.000,0.875 ===
114.87765|I|libbeamng.print:18052| === LSTM_OBS t=494 9.72846,0.06706,4.63438,4.42376,5.84677,8.72818,-0.32746,-0.72766,0.00000,0.00000,0.01163,1.00000,0.00000,-0.02452,-0.01072,1966.86489,0.25000 ===
114.89180|I|libbeamng.print:18052| === LSTM_TRACE t=496 v=10.81 ws=9.48,0.06,4.42,4.06 cmd=0.669,0.694,0.962,0.643 cap=2107,2069,1700,1248 des=2107,2069,1488,1092 app=2029,2032,1460,1072 abs=nil,nil,nil,nil ebrake=1.00 ibrake=1.00 hasABS=0 sy=9.31 split=1.000,0.875 ===
114.89184|I|libbeamng.print:18052| === LSTM_OBS t=496 9.48064,0.05621,4.41932,4.06147,4.62402,9.30982,1.54345,-0.72811,0.00000,0.00000,0.01131,1.00000,0.00000,-0.02438,-0.01061,1925.77040,0.25000 ===
114.90007|I|libbeamng.print:18052| === LSTM_TRACE t=498 v=10.72 ws=9.56,0.00,4.18,3.15 cmd=0.709,0.766,0.961,0.614 cap=2130,2293,1700,1222 des=2130,2293,1488,1069 app=2052,2252,1460,1049 abs=nil,nil,nil,nil ebrake=1.00 ibrake=1.00 hasABS=0 sy=8.90 split=1.000,0.875 ===
114.90010|I|libbeamng.print:18052| === LSTM_OBS t=498 9.55912,0.00203,4.18074,3.15234,5.32514,8.90020,1.84628,-0.74482,0.00000,0.00000,0.01032,1.00000,0.00000,-0.02430,-0.01056,1889.09306,0.25000 ===
114.91145|I|libbeamng.print:18052| === LSTM_TRACE t=500 v=10.61 ws=9.30,0.01,4.71,3.22 cmd=0.742,0.778,0.971,0.702 cap=2269,2430,1700,1237 des=2269,2430,1488,1082 app=2186,2386,1460,1061 abs=nil,nil,nil,nil ebrake=1.00 ibrake=1.00 hasABS=0 sy=9.30 split=1.000,0.875 ===
114.91149|I|libbeamng.print:18052| === LSTM_OBS t=500 9.29948,0.01095,4.71167,3.21890,5.64415,9.29563,-0.26126,-0.72898,0.00000,0.00000,0.01128,1.00000,0.00000,-0.02472,-0.01068,1850.41462,0.25000 ===
114.92474|I|libbeamng.print:18052| === LSTM_TRACE t=502 v=10.50 ws=9.04,0.03,5.00,3.21 cmd=0.734,0.739,0.975,0.656 cap=2286,2350,1700,1374 des=2286,2350,1488,1202 app=2204,2307,1460,1179 abs=nil,nil,nil,nil ebrake=1.00 ibrake=1.00 hasABS=0 sy=9.53 split=1.000,0.875 ===
114.92478|I|libbeamng.print:18052| === LSTM_OBS t=502 9.04233,0.02768,5.00228,3.21117,5.48133,9.52600,-0.94381,-0.72586,0.00000,0.00000,0.01046,1.00000,0.00000,-0.02484,-0.01075,1808.40127,0.25000 ===
114.93479|I|libbeamng.print:18052| === LSTM_TRACE t=504 v=10.40 ws=8.73,0.05,4.61,2.97 cmd=0.712,0.757,0.970,0.583 cap=2247,2289,1700,1174 des=2247,2289,1488,1027 app=2167,2246,1461,1007 abs=nil,nil,nil,nil ebrake=1.00 ibrake=1.00 hasABS=0 sy=9.46 split=1.000,0.875 ===
114.93484|I|libbeamng.print:18052| === LSTM_OBS t=504 8.72533,0.05351,4.60942,2.96992,4.59828,9.45779,0.50167,-0.72939,0.00000,0.00000,0.01091,1.00000,0.00000,-0.02477,-0.01091,1768.68708,0.25000 ===
114.94451|I|libbeamng.print:18052| === LSTM_TRACE t=506 v=10.31 ws=8.73,0.00,4.52,2.33 cmd=0.718,0.796,0.968,0.602 cap=2206,2411,1700,1146 des=2206,2411,1488,1003 app=2128,2366,1461,983 abs=nil,nil,nil,nil ebrake=1.00 ibrake=1.00 hasABS=0 sy=9.07 split=1.000,0.875 ===
114.94457|I|libbeamng.print:18052| === LSTM_OBS t=506 8.72905,0.00031,4.52263,2.33108,4.95269,9.07460,1.09780,-0.73639,0.00000,0.00000,0.01204,1.00000,0.00000,-0.02477,-0.01098,1731.21924,0.25000 ===
114.95847|I|libbeamng.print:18052| === LSTM_TRACE t=508 v=10.20 ws=8.78,0.00,4.93,2.20 cmd=0.741,0.809,0.974,0.620 cap=2262,2500,1700,1189 des=2262,2500,1488,1041 app=2183,2452,1461,1020 abs=nil,nil,nil,nil ebrake=1.00 ibrake=1.00 hasABS=0 sy=9.26 split=1.000,0.875 ===
114.95854|I|libbeamng.print:18052| === LSTM_OBS t=508 8.78077,0.00426,4.92818,2.19783,4.86930,9.25569,0.59430,-0.73442,0.00000,0.00000,0.01082,1.00000,0.00000,-0.02485,-0.01100,1692.01524,0.25000 ===
114.96692|I|libbeamng.print:18052| === LSTM_TRACE t=510 v=10.09 ws=8.33,0.03,5.14,2.23 cmd=0.742,0.795,0.976,0.643 cap=2306,2492,1700,1235 des=2306,2492,1488,1081 app=2226,2443,1461,1059 abs=nil,nil,nil,nil ebrake=1.00 ibrake=1.00 hasABS=0 sy=9.52 split=1.000,0.875 ===
114.96697|I|libbeamng.print:18052| === LSTM_OBS t=510 8.32836,0.02760,5.14231,2.23194,5.77767,9.52211,-0.37401,-0.71683,0.00000,0.00000,0.00957,1.00000,0.00000,-0.02490,-0.01106,1650.29739,0.25000 ===
114.97830|I|libbeamng.print:18052| === LSTM_TRACE t=512 v=9.99 ws=8.11,0.01,4.85,2.08 cmd=0.736,0.798,0.975,0.596 cap=2302,2460,1700,1199 des=2302,2460,1488,1049 app=2223,2411,1461,1028 abs=nil,nil,nil,nil ebrake=1.00 ibrake=1.00 hasABS=0 sy=9.30 split=1.000,0.875 ===
114.97835|I|libbeamng.print:18052| === LSTM_OBS t=512 8.10851,0.01380,4.85317,2.08240,5.76791,9.30413,0.48350,-0.72695,0.00000,0.00000,0.01122,1.00000,0.00000,-0.02503,-0.01124,1610.22770,0.25000 ===
114.99136|I|libbeamng.print:18052| === LSTM_TRACE t=514 v=9.88 ws=8.21,0.01,4.58,2.03 cmd=0.730,0.809,0.973,0.606 cap=2262,2490,1700,1162 des=2262,2490,1488,1017 app=2184,2440,1461,996 abs=nil,nil,nil,nil ebrake=1.00 ibrake=1.00 hasABS=0 sy=9.56 split=1.000,0.875 ===
114.99144|I|libbeamng.print:18052| === LSTM_OBS t=514 8.21031,0.00988,4.58071,2.02685,4.77525,9.56021,0.06678,-0.73068,0.00000,0.00000,0.01133,1.00000,0.00000,-0.02498,-0.01125,1572.98914,0.25000 ===
115.00066|I|libbeamng.print:18052| === LSTM_TRACE t=516 v=9.77 ws=7.95,0.00,4.61,1.86 cmd=0.737,0.815,0.975,0.607 cap=2262,2518,1700,1185 des=2262,2518,1488,1037 app=2186,2467,1461,1015 abs=nil,nil,nil,nil ebrake=1.00 ibrake=1.00 hasABS=0 sy=9.65 split=1.000,0.875 ===
115.00072|I|libbeamng.print:18052| === LSTM_OBS t=516 7.94973,0.00308,4.61277,1.85605,5.28726,9.65473,0.42857,-0.72502,0.00000,0.00000,0.01065,1.00000,0.00000,-0.02502,-0.01125,1536.15616,0.25000 ===
115.01225|I|libbeamng.print:18052| === LSTM_TRACE t=518 v=9.67 ws=7.83,0.02,4.82,1.27 cmd=0.750,0.832,0.975,0.579 cap=2313,2550,1700,1154 des=2313,2550,1488,1010 app=2235,2498,1461,989 abs=nil,nil,nil,nil ebrake=1.00 ibrake=1.00 hasABS=0 sy=9.48 split=1.000,0.875 ===
115.01229|I|libbeamng.print:18052| === LSTM_OBS t=518 7.83463,0.02444,4.82425,1.26979,5.43134,9.47729,0.27625,-0.71674,0.00000,0.00000,0.01043,1.00000,0.00000,-0.02535,-0.01142,1498.76108,0.25000 ===
115.02514|I|libbeamng.print:18052| === LSTM_TRACE t=520 v=9.56 ws=7.62,0.00,4.79,0.98 cmd=0.754,0.840,0.974,0.574 cap=2339,2595,1700,1112 des=2339,2595,1488,973 app=2261,2541,1461,952 abs=nil,nil,nil,nil ebrake=1.00 ibrake=1.00 hasABS=0 sy=9.50 split=1.000,0.875 ===
115.02517|I|libbeamng.print:18052| === LSTM_OBS t=520 7.61729,0.00029,4.79340,0.98315,5.33365,9.50193,-0.05998,-0.71431,0.00000,0.00000,0.01021,1.00000,0.00000,-0.02547,-0.01171,1460.19193,0.25000 ===
115.03317|I|libbeamng.print:18052| === LSTM_TRACE t=522 v=9.47 ws=7.47,0.02,4.77,0.97 cmd=0.747,0.834,0.975,0.575 cap=2329,2603,1700,1118 des=2329,2603,1488,978 app=2252,2548,1461,957 abs=nil,nil,nil,nil ebrake=1.00 ibrake=1.00 hasABS=0 sy=9.10 split=1.000,0.875 ===
115.03321|I|libbeamng.print:18052| === LSTM_OBS t=522 7.47155,0.01851,4.77328,0.97382,5.21697,9.09784,-0.14418,-0.71069,0.00000,0.00000,0.01188,1.00000,0.00000,-0.02540,-0.01183,1419.04120,0.25000 ===
115.04474|I|libbeamng.print:18052| === LSTM_TRACE t=524 v=9.38 ws=7.37,0.03,4.76,0.97 cmd=0.737,0.832,0.975,0.569 cap=2298,2571,1700,1122 des=2298,2571,1488,982 app=2222,2516,1461,960 abs=nil,nil,nil,nil ebrake=1.00 ibrake=1.00 hasABS=0 sy=8.97 split=1.000,0.875 ===
115.04478|I|libbeamng.print:18052| === LSTM_OBS t=524 7.36563,0.03290,4.76405,0.96709,4.34674,8.96760,-0.17312,-0.70792,0.00000,0.00000,0.01022,1.00000,0.00000,-0.02514,-0.01170,1377.04642,0.25000 ===
115.05778|I|libbeamng.print:18052| === LSTM_TRACE t=526 v=9.26 ws=7.18,0.01,4.69,0.94 cmd=0.739,0.835,0.976,0.589 cap=2273,2580,1700,1101 des=2273,2580,1488,963 app=2199,2524,1461,942 abs=nil,nil,nil,nil ebrake=1.00 ibrake=1.00 hasABS=0 sy=9.55 split=1.000,0.875 ===
115.05781|I|libbeamng.print:18052| === LSTM_OBS t=526 7.17757,0.01130,4.68651,0.93779,4.99465,9.55265,0.09508,-0.70575,0.00000,0.00000,0.00981,1.00000,0.00000,-0.02466,-0.01158,1335.35187,0.25000 ===
115.06731|I|libbeamng.print:18052| === LSTM_TRACE t=528 v=9.15 ws=7.01,0.00,4.61,0.83 cmd=0.754,0.848,0.978,0.595 cap=2310,2613,1700,1163 des=2310,2613,1488,1018 app=2235,2556,1461,995 abs=nil,nil,nil,nil ebrake=1.00 ibrake=1.00 hasABS=0 sy=9.49 split=1.000,0.875 ===
115.06735|I|libbeamng.print:18052| === LSTM_OBS t=528 7.00641,0.00045,4.60619,0.82730,5.56997,9.49447,0.78415,-0.70439,0.00000,0.00000,0.00957,1.00000,0.00000,-0.02479,-0.01167,1294.92385,0.25000 ===
115.07771|I|libbeamng.print:18052| === LSTM_TRACE t=530 v=9.02 ws=6.72,0.02,4.40,0.67 cmd=0.760,0.846,0.977,0.604 cap=2347,2620,1700,1184 des=2347,2620,1488,1036 app=2271,2562,1461,1012 abs=nil,nil,nil,nil ebrake=1.00 ibrake=1.00 hasABS=0 sy=10.08 split=1.000,0.875 ===
115.07775|I|libbeamng.print:18052| === LSTM_OBS t=530 6.71861,0.02174,4.39879,0.66992,5.76410,10.08471,-0.26504,-0.69468,0.00000,0.00000,0.01047,1.00000,0.00000,-0.02495,-0.01168,1256.27234,0.25000 ===
115.09182|I|libbeamng.print:18052| === LSTM_TRACE t=532 v=8.92 ws=6.61,0.01,4.25,0.56 cmd=0.760,0.853,0.977,0.572 cap=2355,2644,1700,1119 des=2355,2644,1488,979 app=2279,2585,1461,957 abs=nil,nil,nil,nil ebrake=1.00 ibrake=1.00 hasABS=0 sy=9.75 split=1.000,0.875 ===
115.09186|I|libbeamng.print:18052| === LSTM_OBS t=532 6.60813,0.01397,4.25392,0.55828,5.58591,9.75418,0.25312,-0.69246,0.00000,0.00000,0.01001,1.00000,0.00000,-0.02498,-0.01187,1218.45860,0.25000 ===
115.09918|I|libbeamng.print:18052| === LSTM_TRACE t=534 v=8.82 ws=6.39,0.00,4.11,0.55 cmd=0.758,0.855,0.977,0.594 cap=2353,2637,1700,1154 des=2353,2637,1488,1010 app=2277,2578,1461,987 abs=nil,nil,nil,nil ebrake=1.00 ibrake=1.00 hasABS=0 sy=9.71 split=1.000,0.875 ===
115.09921|I|libbeamng.print:18052| === LSTM_OBS t=534 6.38948,0.00053,4.11181,0.55401,5.10576,9.70878,0.56978,-0.68860,0.00000,0.00000,0.01086,1.00000,0.00000,-0.02508,-0.01196,1180.69804,0.25000 ===
115.11170|I|libbeamng.print:18052| === LSTM_TRACE t=536 v=8.70 ws=6.39,0.00,3.94,0.53 cmd=0.762,0.854,0.978,0.590 cap=2348,2652,1700,1134 des=2348,2652,1488,992 app=2273,2591,1461,970 abs=nil,nil,nil,nil ebrake=1.00 ibrake=1.00 hasABS=0 sy=10.13 split=1.000,0.875 ===
115.11175|I|libbeamng.print:18052| === LSTM_OBS t=536 6.38700,0.00100,3.94449,0.52840,5.39248,10.12714,-0.00552,-0.68313,0.00000,0.00000,0.00991,1.00000,0.00000,-0.02509,-0.01202,1142.98937,0.25000 ===
115.12476|I|libbeamng.print:18052| === LSTM_TRACE t=538 v=8.60 ws=6.15,0.01,3.92,0.45 cmd=0.765,0.861,0.978,0.591 cap=2369,2655,1700,1164 des=2369,2655,1488,1019 app=2294,2594,1461,995 abs=nil,nil,nil,nil ebrake=1.00 ibrake=1.00 hasABS=0 sy=9.79 split=1.000,0.875 ===
115.12480|I|libbeamng.print:18052| === LSTM_OBS t=538 6.14670,0.00990,3.91848,0.45245,5.39713,9.78886,0.71441,-0.67522,0.00000,0.00000,0.01045,1.00000,0.00000,-0.02525,-0.01224,1105.43770,0.25000 ===
115.13346|I|libbeamng.print:18052| === LSTM_TRACE t=540 v=8.48 ws=6.15,0.00,3.69,0.33 cmd=0.767,0.859,0.977,0.593 cap=2373,2664,1700,1143 des=2373,2664,1488,1000 app=2298,2602,1461,976 abs=nil,nil,nil,nil ebrake=1.00 ibrake=1.00 hasABS=0 sy=9.89 split=1.000,0.875 ===
115.13350|I|libbeamng.print:18052| === LSTM_OBS t=540 6.14825,0.00412,3.68550,0.33138,5.61591,9.88821,-0.36110,-0.67385,0.00000,0.00000,0.01017,1.00000,0.00000,-0.02532,-0.01244,1068.82034,0.25000 ===
115.14633|I|libbeamng.print:18052| === LSTM_TRACE t=542 v=8.38 ws=5.92,0.01,3.60,0.23 cmd=0.764,0.861,0.977,0.573 cap=2368,2665,1700,1140 des=2368,2665,1488,997 app=2293,2603,1461,974 abs=nil,nil,nil,nil ebrake=1.00 ibrake=1.00 hasABS=0 sy=9.91 split=1.000,0.875 ===
115.14645|I|libbeamng.print:18052| === LSTM_OBS t=542 5.92230,0.01438,3.60300,0.23226,4.97583,9.91139,0.36740,-0.66859,0.00000,0.00000,0.01148,1.00000,0.00000,-0.02535,-0.01263,1032.17068,0.25000 ===
115.15863|I|libbeamng.print:18052| === LSTM_TRACE t=544 v=8.27 ws=5.91,0.00,3.30,0.14 cmd=0.768,0.865,0.977,0.580 cap=2367,2668,1700,1114 des=2367,2668,1488,974 app=2293,2605,1461,951 abs=nil,nil,nil,nil ebrake=1.00 ibrake=1.00 hasABS=0 sy=9.59 split=1.000,0.875 ===
115.15867|I|libbeamng.print:18052| === LSTM_OBS t=544 5.91330,0.00469,3.29733,0.13967,5.31662,9.58762,0.06296,-0.66663,0.00000,0.00000,0.00912,1.00000,0.00000,-0.02539,-0.01274,995.50476,0.25000 ===
115.16610|I|libbeamng.print:18052| === LSTM_TRACE t=546 v=8.17 ws=5.69,0.00,3.20,0.03 cmd=0.769,0.864,0.977,0.580 cap=2386,2689,1700,1124 des=2386,2689,1488,983 app=2311,2624,1461,959 abs=nil,nil,nil,nil ebrake=1.00 ibrake=1.00 hasABS=0 sy=9.55 split=1.000,0.875 ===
115.16614|I|libbeamng.print:18052| === LSTM_OBS t=546 5.68696,0.00225,3.19964,0.03135,5.07793,9.55378,-0.08016,-0.66242,0.00000,0.00000,0.01283,1.00000,0.00000,-0.02527,-0.01293,958.77517,0.25000 ===
115.17969|I|libbeamng.print:18052| === LSTM_TRACE t=548 v=8.07 ws=5.53,0.01,2.95,0.05 cmd=0.767,0.867,0.977,0.577 cap=2375,2676,1700,1131 des=2375,2676,1488,989 app=2300,2612,1461,965 abs=nil,nil,nil,nil ebrake=1.00 ibrake=1.00 hasABS=0 sy=9.35 split=1.000,0.875 ===
115.17973|I|libbeamng.print:18052| === LSTM_OBS t=548 5.52977,0.00538,2.95439,0.04548,4.89797,9.35337,0.26887,-0.66217,0.00000,0.00000,0.00811,1.00000,0.00000,-0.02515,-0.01300,922.06255,0.25000 ===
115.19163|I|libbeamng.print:18052| === LSTM_TRACE t=550 v=7.96 ws=5.49,0.02,2.92,0.06 cmd=0.768,0.863,0.977,0.589 cap=2381,2681,1700,1124 des=2381,2681,1488,984 app=2306,2616,1461,959 abs=nil,nil,nil,nil ebrake=1.00 ibrake=1.00 hasABS=0 sy=9.59 split=1.000,0.875 ===
115.19167|I|libbeamng.print:18052| === LSTM_OBS t=550 5.48511,0.01759,2.92072,0.06453,4.89504,9.59128,-0.52471,-0.65474,0.00000,0.00000,0.01347,1.00000,0.00000,-0.02487,-0.01312,885.45340,0.25000 ===
115.20007|I|libbeamng.print:18052| === LSTM_TRACE t=552 v=7.85 ws=4.92,0.00,2.43,0.02 cmd=0.768,0.864,0.978,0.590 cap=2383,2675,1700,1150 des=2383,2675,1488,1007 app=2308,2609,1461,981 abs=nil,nil,nil,nil ebrake=1.00 ibrake=1.00 hasABS=0 sy=9.51 split=1.000,0.875 ===
115.20010|I|libbeamng.print:18052| === LSTM_OBS t=552 4.91956,0.00216,2.43352,0.01815,5.29843,9.50992,0.43156,-0.65164,0.00000,0.00000,0.00870,1.00000,0.00000,-0.02456,-0.01322,849.78138,0.25000 ===
115.21133|I|libbeamng.print:18052| === LSTM_TRACE t=554 v=7.76 ws=5.19,0.01,2.42,0.00 cmd=0.767,0.865,0.977,0.589 cap=2379,2676,1700,1141 des=2379,2676,1488,998 app=2305,2609,1460,973 abs=nil,nil,nil,nil ebrake=1.00 ibrake=1.00 hasABS=0 sy=9.24 split=1.000,0.875 ===
115.21137|I|libbeamng.print:18052| === LSTM_OBS t=554 5.18599,0.01417,2.41963,0.00416,4.62431,9.23756,0.25560,-0.65935,0.00000,0.00000,0.01108,1.00000,0.00000,-0.02434,-0.01324,814.27423,0.25000 ===
115.22561|I|libbeamng.print:18052| === LSTM_TRACE t=556 v=7.65 ws=4.85,0.03,2.13,0.01 cmd=0.765,0.860,0.978,0.609 cap=2375,2673,1700,1162 des=2375,2673,1488,1017 app=2301,2606,1460,991 abs=nil,nil,nil,nil ebrake=1.00 ibrake=1.00 hasABS=0 sy=9.64 split=1.000,0.875 ===
115.22568|I|libbeamng.print:18052| === LSTM_OBS t=556 4.84745,0.02981,2.13150,0.00869,4.66814,9.64428,-0.23998,-0.64058,0.00000,0.00000,0.01230,1.00000,0.00000,-0.02369,-0.01322,782.68176,0.25000 ===
115.23308|I|libbeamng.print:18052| === LSTM_TRACE t=558 v=7.54 ws=4.69,0.03,1.76,0.05 cmd=0.771,0.864,0.978,0.612 cap=2377,2676,1700,1188 des=2377,2676,1488,1039 app=2302,2608,1460,1013 abs=nil,nil,nil,nil ebrake=1.00 ibrake=1.00 hasABS=0 sy=9.41 split=1.000,0.875 ===
115.23312|I|libbeamng.print:18052| === LSTM_OBS t=558 4.69488,0.03297,1.75680,0.05354,5.04421,9.40684,0.31999,-0.64665,0.00000,0.00000,0.00579,1.00000,0.00000,-0.02336,-0.01325,763.54286,0.25000 ===
115.24527|I|libbeamng.print:18052| === LSTM_TRACE t=560 v=7.44 ws=4.78,0.02,1.71,0.03 cmd=0.773,0.860,0.978,0.634 cap=2396,2679,1700,1207 des=2396,2679,1488,1056 app=2321,2610,1460,1028 abs=nil,nil,nil,nil ebrake=1.00 ibrake=1.00 hasABS=0 sy=9.37 split=1.000,0.875 ===
115.24536|I|libbeamng.print:18052| === LSTM_OBS t=560 4.77606,0.01991,1.70606,0.02895,5.19681,9.36615,-0.05233,-0.64911,0.00000,0.00000,0.01478,1.00000,0.00000,-0.02300,-0.01330,750.83937,0.25000 ===
115.25894|I|libbeamng.print:18052| === LSTM_TRACE t=562 v=7.32 ws=4.24,0.00,1.64,0.08 cmd=0.764,0.854,0.979,0.639 cap=2379,2649,1700,1248 des=2379,2649,1488,1092 app=2304,2581,1460,1063 abs=nil,nil,nil,nil ebrake=1.00 ibrake=1.00 hasABS=0 sy=9.68 split=1.000,0.875 ===
115.25900|I|libbeamng.print:18052| === LSTM_OBS t=562 4.24145,0.00146,1.64141,0.08244,4.66780,9.68373,0.14003,-0.64285,0.00000,0.00000,0.00908,1.00000,0.00000,-0.02249,-0.01319,743.29952,0.25000 ===
115.26684|I|libbeamng.print:18052| === LSTM_TRACE t=564 v=7.24 ws=4.17,0.01,1.16,0.05 cmd=0.763,0.855,0.978,0.627 cap=2361,2647,1700,1222 des=2361,2647,1488,1069 app=2287,2578,1460,1041 abs=nil,nil,nil,nil ebrake=1.00 ibrake=1.00 hasABS=0 sy=9.05 split=1.000,0.875 ===
115.26687|I|libbeamng.print:18052| === LSTM_OBS t=564 4.16878,0.00762,1.16199,0.04522,4.63071,9.05010,0.41158,-0.64410,0.00000,0.00000,0.00570,1.00000,0.00000,-0.02199,-0.01319,738.16383,0.25000 ===
115.27842|I|libbeamng.print:18052| === LSTM_TRACE t=566 v=7.12 ws=4.23,0.01,1.04,0.12 cmd=0.770,0.853,0.980,0.664 cap=2375,2649,1700,1244 des=2375,2649,1488,1089 app=2300,2579,1459,1060 abs=nil,nil,nil,nil ebrake=1.00 ibrake=1.00 hasABS=0 sy=9.39 split=1.000,0.875 ===
115.27845|I|libbeamng.print:18052| === LSTM_OBS t=566 4.22813,0.00627,1.03809,0.12452,5.05701,9.39134,0.59010,-0.64139,0.00000,0.00000,0.01711,1.00000,0.00000,-0.02138,-0.01303,734.68115,0.25000 ===
115.29290|I|libbeamng.print:18052| === LSTM_TRACE t=568 v=7.01 ws=3.71,0.01,1.20,0.05 cmd=0.769,0.848,0.981,0.680 cap=2387,2633,1700,1320 des=2387,2633,1488,1155 app=2313,2563,1459,1124 abs=nil,nil,nil,nil ebrake=1.00 ibrake=1.00 hasABS=0 sy=9.70 split=1.000,0.875 ===
115.29294|I|libbeamng.print:18052| === LSTM_OBS t=568 3.70530,0.01371,1.19846,0.05247,5.01427,9.69649,0.28070,-0.63932,0.00000,0.00000,0.00712,1.00000,0.00000,-0.02119,-0.01288,732.85857,0.25000 ===
115.30007|I|libbeamng.print:18052| === LSTM_TRACE t=570 v=6.91 ws=3.51,0.04,1.39,0.01 cmd=0.765,0.851,0.981,0.665 cap=2377,2634,1700,1301 des=2377,2634,1488,1138 app=2303,2563,1459,1107 abs=nil,nil,nil,nil ebrake=1.00 ibrake=1.00 hasABS=0 sy=9.50 split=1.000,0.875 ===
115.30011|I|libbeamng.print:18052| === LSTM_OBS t=570 3.50774,0.04154,1.38610,0.01059,4.66828,9.49581,0.42890,-0.62751,0.00000,0.00000,0.00249,1.00000,0.00000,-0.02099,-0.01288,730.57098,0.25000 ===
115.31244|I|libbeamng.print:18052| === LSTM_TRACE t=572 v=6.78 ws=3.74,0.04,1.34,0.03 cmd=0.770,0.849,0.982,0.696 cap=2376,2634,1700,1317 des=2376,2634,1488,1152 app=2301,2563,1459,1121 abs=nil,nil,nil,nil ebrake=1.00 ibrake=1.00 hasABS=0 sy=9.92 split=1.000,0.875 ===
115.31249|I|libbeamng.print:18052| === LSTM_OBS t=572 3.74309,0.03503,1.33634,0.03317,5.42832,9.91781,0.52818,-0.62091,0.00000,0.00000,0.01767,1.00000,0.00000,-0.02052,-0.01284,730.85937,0.25000 ===
115.32606|I|libbeamng.print:18052| === LSTM_TRACE t=574 v=6.68 ws=3.42,0.02,0.95,0.04 cmd=0.772,0.847,0.982,0.705 cap=2396,2629,1700,1370 des=2396,2629,1488,1199 app=2321,2557,1459,1166 abs=nil,nil,nil,nil ebrake=1.00 ibrake=1.00 hasABS=0 sy=9.81 split=1.000,0.875 ===
115.32610|I|libbeamng.print:18052| === LSTM_OBS t=574 3.41810,0.01956,0.95339,0.03801,5.10633,9.80563,0.34779,-0.62143,0.00000,0.00000,0.01338,1.00000,0.00000,-0.02024,-0.01256,729.23847,0.25000 ===
115.33394|I|libbeamng.print:18052| === LSTM_TRACE t=576 v=6.61 ws=3.01,0.05,0.56,0.05 cmd=0.760,0.850,0.980,0.689 cap=2380,2632,1700,1357 des=2380,2632,1488,1187 app=2305,2561,1458,1155 abs=nil,nil,nil,nil ebrake=1.00 ibrake=1.00 hasABS=0 sy=8.73 split=1.000,0.875 ===
115.33398|I|libbeamng.print:18052| === LSTM_OBS t=576 3.01442,0.04588,0.56226,0.04782,3.69020,8.73469,0.01408,-0.62682,0.00000,0.00000,0.00229,1.00000,0.00000,-0.02012,-0.01241,730.44258,0.25000 ===
115.34640|I|libbeamng.print:18052| === LSTM_TRACE t=578 v=6.50 ws=2.88,0.02,0.60,0.04 cmd=0.760,0.853,0.981,0.702 cap=2346,2645,1700,1338 des=2346,2645,1488,1170 app=2272,2572,1458,1138 abs=nil,nil,nil,nil ebrake=1.00 ibrake=1.00 hasABS=0 sy=9.13 split=1.000,0.875 ===
115.34645|I|libbeamng.print:18052| === LSTM_OBS t=578 2.88062,0.02102,0.60187,0.04242,4.21437,9.13091,0.54980,-0.62438,0.00000,0.00000,0.00875,1.00000,0.00000,-0.01950,-0.01233,729.09376,0.25000 ===
115.35950|I|libbeamng.print:18052| === LSTM_TRACE t=580 v=6.36 ws=3.11,0.03,0.79,0.03 cmd=0.777,0.853,0.983,0.748 cap=2380,2645,1700,1414 des=2380,2645,1488,1237 app=2304,2572,1458,1202 abs=nil,nil,nil,nil ebrake=1.00 ibrake=1.00 hasABS=0 sy=10.01 split=1.000,0.875 ===
115.35954|I|libbeamng.print:18052| === LSTM_OBS t=580 3.11058,0.03189,0.78841,0.03328,5.65128,10.01106,0.71622,-0.60723,0.00000,0.00000,0.02160,1.00000,0.00000,-0.01900,-0.01208,730.48540,0.25000 ===
115.37404|I|libbeamng.print:18052| === LSTM_TRACE t=582 v=6.27 ws=2.73,0.03,0.99,0.01 cmd=0.774,0.852,0.983,0.746 cap=2414,2628,1700,1466 des=2414,2628,1488,1283 app=2337,2554,1458,1247 abs=nil,nil,nil,nil ebrake=1.00 ibrake=1.00 hasABS=0 sy=9.45 split=1.000,0.875 ===
115.37407|I|libbeamng.print:18052| === LSTM_OBS t=582 2.73476,0.02542,0.99427,0.00598,4.75250,9.45102,0.47758,-0.60639,0.00000,0.00000,0.00908,1.00000,0.00000,-0.01912,-0.01185,730.77757,0.25000 ===
115.38202|I|libbeamng.print:18052| === LSTM_TRACE t=584 v=6.17 ws=2.36,0.04,1.14,0.02 cmd=0.765,0.862,0.982,0.732 cap=2383,2659,1700,1418 des=2383,2659,1488,1240 app=2307,2583,1458,1205 abs=nil,nil,nil,nil ebrake=1.00 ibrake=1.00 hasABS=0 sy=9.46 split=1.000,0.875 ===
115.38205|I|libbeamng.print:18052| === LSTM_OBS t=584 2.36186,0.03870,1.13622,0.02131,3.91965,9.46438,0.52624,-0.59918,0.00000,0.00000,0.00512,1.00000,0.00000,-0.01883,-0.01175,728.55601,0.25000 ===
115.39433|I|libbeamng.print:18052| === LSTM_TRACE t=586 v=6.05 ws=2.00,0.04,1.15,0.01 cmd=0.768,0.868,0.983,0.764 cap=2369,2683,1700,1452 des=2369,2683,1488,1271 app=2293,2606,1457,1234 abs=nil,nil,nil,nil ebrake=1.00 ibrake=1.00 hasABS=0 sy=9.83 split=1.000,0.875 ===
115.39437|I|libbeamng.print:18052| === LSTM_OBS t=586 1.99672,0.03736,1.14908,0.00710,4.95706,9.83360,0.57524,-0.58880,0.00000,0.00000,0.00714,1.00000,0.00000,-0.01836,-0.01166,731.07450,0.25000 ===
115.40737|I|libbeamng.print:18052| === LSTM_TRACE t=588 v=5.93 ws=1.84,0.01,1.01,0.03 cmd=0.771,0.865,0.983,0.784 cap=2390,2689,1700,1510 des=2390,2689,1488,1321 app=2313,2612,1457,1283 abs=nil,nil,nil,nil ebrake=1.00 ibrake=1.00 hasABS=0 sy=9.96 split=1.000,0.875 ===
115.40740|I|libbeamng.print:18052| === LSTM_OBS t=588 1.83522,0.00950,1.00564,0.02923,5.57897,9.95597,0.08090,-0.58209,0.00000,0.00000,0.01847,1.00000,0.00000,-0.01818,-0.01141,728.57280,0.25000 ===
115.41536|I|libbeamng.print:18052| === LSTM_TRACE t=590 v=5.84 ws=2.11,0.02,0.96,0.05 cmd=0.765,0.870,0.982,0.780 cap=2385,2688,1700,1524 des=2385,2688,1488,1333 app=2307,2610,1457,1295 abs=nil,nil,nil,nil ebrake=1.00 ibrake=1.00 hasABS=0 sy=9.46 split=1.000,0.875 ===
115.41539|I|libbeamng.print:18052| === LSTM_OBS t=590 2.10935,0.01676,0.96431,0.04592,4.38336,9.46388,0.36539,-0.57835,0.00000,0.00000,0.01302,1.00000,0.00000,-0.01810,-0.01116,731.60249,0.25000 ===
115.42803|I|libbeamng.print:18052| === LSTM_TRACE t=592 v=5.74 ws=2.19,0.00,1.14,0.02 cmd=0.762,0.877,0.982,0.783 cap=2363,2705,1700,1513 des=2363,2705,1488,1323 app=2286,2626,1457,1285 abs=nil,nil,nil,nil ebrake=1.00 ibrake=1.00 hasABS=0 sy=9.74 split=1.000,0.875 ===
115.42806|I|libbeamng.print:18052| === LSTM_OBS t=592 2.18546,0.00005,1.14172,0.02152,3.79990,9.74174,0.52640,-0.57943,0.00000,0.00000,0.00721,1.00000,0.00000,-0.01791,-0.01109,729.75043,0.25000 ===
115.44110|I|libbeamng.print:18052| === LSTM_TRACE t=594 v=5.60 ws=1.66,0.02,1.29,0.02 cmd=0.772,0.883,0.983,0.803 cap=2372,2727,1700,1541 des=2372,2727,1488,1348 app=2295,2647,1457,1309 abs=nil,nil,nil,nil ebrake=1.00 ibrake=1.00 hasABS=0 sy=10.15 split=1.000,0.875 ===
115.44117|I|libbeamng.print:18052| === LSTM_OBS t=594 1.66215,0.01881,1.28707,0.02097,5.23825,10.15318,0.60027,-0.55487,0.00000,0.00000,0.00439,1.00000,0.00000,-0.01780,-0.01104,731.85778,0.25000 ===
115.44905|I|libbeamng.print:18052| === LSTM_TRACE t=596 v=5.49 ws=1.44,0.02,1.37,0.01 cmd=0.784,0.892,0.983,0.814 cap=2420,2755,1700,1572 des=2420,2755,1488,1376 app=2340,2674,1457,1335 abs=nil,nil,nil,nil ebrake=1.00 ibrake=1.00 hasABS=0 sy=9.85 split=1.000,0.875 ===
115.44909|I|libbeamng.print:18052| === LSTM_OBS t=596 1.44071,0.02409,1.37198,0.00894,5.56755,9.84506,0.71122,-0.54997,0.00000,0.00000,0.00318,1.00000,0.00000,-0.01796,-0.01099,729.76713,0.25000 ===
115.46205|I|libbeamng.print:18052| === LSTM_TRACE t=598 v=5.39 ws=1.28,0.00,1.31,0.04 cmd=0.785,0.898,0.982,0.823 cap=2436,2775,1700,1591 des=2436,2775,1488,1392 app=2356,2693,1456,1351 abs=nil,nil,nil,nil ebrake=1.00 ibrake=1.00 hasABS=0 sy=9.84 split=1.000,0.875 ===
115.46209|I|libbeamng.print:18052| === LSTM_OBS t=598 1.27559,0.00277,1.31332,0.04245,5.03019,9.83625,0.55490,-0.54296,0.00000,0.00000,0.00760,1.00000,0.00000,-0.01833,-0.01085,731.24761,0.25000 ===
115.47482|I|libbeamng.print:18052| === LSTM_TRACE t=600 v=5.28 ws=1.10,0.02,1.01,0.00 cmd=0.784,0.904,0.981,0.828 cap=2428,2793,1700,1604 des=2428,2793,1488,1404 app=2347,2710,1456,1362 abs=nil,nil,nil,nil ebrake=1.00 ibrake=1.00 hasABS=0 sy=9.94 split=1.000,0.875 ===
115.47486|I|libbeamng.print:18052| === LSTM_OBS t=600 1.10212,0.01871,1.01090,0.00320,4.77479,9.94063,0.26712,-0.53339,0.00000,0.00000,0.00675,1.00000,0.00000,-0.01843,-0.01075,728.99693,0.25000 ===
115.48299|I|libbeamng.print:18052| === LSTM_TRACE t=602 v=5.18 ws=1.12,0.02,0.90,0.01 cmd=0.792,0.911,0.980,0.833 cap=2442,2812,1700,1613 des=2442,2812,1488,1412 app=2360,2728,1456,1370 abs=nil,nil,nil,nil ebrake=1.00 ibrake=1.00 hasABS=0 sy=9.71 split=1.000,0.875 ===
115.48302|I|libbeamng.print:18052| === LSTM_OBS t=602 1.12034,0.01796,0.89909,0.00558,4.66267,9.71201,0.43560,-0.52785,0.00000,0.00000,0.00806,1.00000,0.00000,-0.01864,-0.01068,730.33941,0.25000 ===
115.49561|I|libbeamng.print:18052| === LSTM_TRACE t=604 v=5.07 ws=0.85,0.01,1.01,0.00 cmd=0.801,0.917,0.980,0.840 cap=2469,2836,1700,1623 des=2469,2836,1488,1420 app=2386,2750,1456,1378 abs=nil,nil,nil,nil ebrake=1.00 ibrake=1.00 hasABS=0 sy=9.73 split=1.000,0.875 ===
115.49564|I|libbeamng.print:18052| === LSTM_OBS t=604 0.84946,0.00724,1.01130,0.00387,4.57872,9.72786,0.34900,-0.51911,0.00000,0.00000,0.01246,1.00000,0.00000,-0.01873,-0.01069,728.50567,0.25000 ===
115.50787|I|libbeamng.print:18052| === LSTM_TRACE t=606 v=4.95 ws=0.79,0.00,1.26,0.02 cmd=0.816,0.925,0.980,0.850 cap=2501,2854,1700,1641 des=2501,2854,1488,1436 app=2416,2767,1456,1393 abs=nil,nil,nil,nil ebrake=1.00 ibrake=1.00 hasABS=0 sy=10.10 split=1.000,0.875 ===
115.50790|I|libbeamng.print:18052| === LSTM_OBS t=606 0.79300,0.00106,1.26225,0.01517,4.88354,10.10392,0.40959,-0.50301,0.00000,0.00000,0.01105,1.00000,0.00000,-0.01884,-0.01063,729.07554,0.25000 ===
115.51624|I|libbeamng.print:18052| === LSTM_TRACE t=608 v=4.83 ws=0.78,0.00,1.38,0.03 cmd=0.820,0.926,0.980,0.855 cap=2543,2871,1700,1657 des=2543,2871,1488,1450 app=2457,2783,1456,1406 abs=nil,nil,nil,nil ebrake=1.00 ibrake=1.00 hasABS=0 sy=10.18 split=1.000,0.875 ===
115.51627|I|libbeamng.print:18052| === LSTM_OBS t=608 0.77747,0.00354,1.38448,0.03422,4.92775,10.17924,-0.37164,-0.48713,0.00000,0.00000,0.00991,1.00000,0.00000,-0.01897,-0.01051,728.03227,0.25000 ===
115.52947|I|libbeamng.print:18052| === LSTM_TRACE t=610 v=4.72 ws=0.76,0.00,1.28,0.00 cmd=0.822,0.927,0.979,0.856 cap=2544,2872,1700,1663 des=2544,2872,1488,1455 app=2457,2784,1456,1411 abs=nil,nil,nil,nil ebrake=1.00 ibrake=1.00 hasABS=0 sy=10.25 split=1.000,0.875 ===
115.52951|I|libbeamng.print:18052| === LSTM_OBS t=610 0.76233,0.00121,1.28232,0.00172,4.61406,10.24743,-0.06739,-0.47760,0.00000,0.00000,0.01173,1.00000,0.00000,-0.01894,-0.01050,728.65687,0.25000 ===
115.54216|I|libbeamng.print:18052| === LSTM_TRACE t=612 v=4.61 ws=0.76,0.00,1.00,0.01 cmd=0.822,0.927,0.979,0.857 cap=2544,2872,1700,1662 des=2544,2872,1488,1454 app=2456,2784,1456,1410 abs=nil,nil,nil,nil ebrake=1.00 ibrake=1.00 hasABS=0 sy=10.01 split=1.000,0.875 ===
115.54223|I|libbeamng.print:18052| === LSTM_OBS t=612 0.76107,0.00108,0.99540,0.00625,4.65432,10.01102,-0.16967,-0.46758,0.00000,0.00000,0.01229,1.00000,0.00000,-0.01879,-0.01047,728.30585,0.25000 ===
115.55025|I|libbeamng.print:18052| === LSTM_TRACE t=614 v=4.51 ws=0.71,0.00,1.03,0.03 cmd=0.822,0.927,0.980,0.859 cap=2545,2871,1700,1666 des=2545,2871,1488,1457 app=2456,2781,1455,1413 abs=nil,nil,nil,nil ebrake=1.00 ibrake=1.00 hasABS=0 sy=9.81 split=1.000,0.875 ===
115.55032|I|libbeamng.print:18052| === LSTM_OBS t=614 0.71382,0.00162,1.02805,0.03296,4.82980,9.81231,0.08779,-0.46379,0.00000,0.00000,0.01097,1.00000,0.00000,-0.01874,-0.01041,728.56891,0.25000 ===
115.56279|I|libbeamng.print:18052| === LSTM_TRACE t=616 v=4.39 ws=0.59,0.00,1.08,0.00 cmd=0.826,0.928,0.980,0.861 cap=2557,2874,1700,1671 des=2557,2874,1488,1462 app=2467,2784,1455,1417 abs=nil,nil,nil,nil ebrake=1.00 ibrake=1.00 hasABS=0 sy=9.96 split=1.000,0.875 ===
115.56285|I|libbeamng.print:18052| === LSTM_OBS t=616 0.59084,0.00070,1.08346,0.00294,4.86464,9.96366,0.17925,-0.44733,0.00000,0.00000,0.01006,1.00000,0.00000,-0.01870,-0.01032,729.03714,0.25000 ===
115.57527|I|libbeamng.print:18052| === LSTM_TRACE t=618 v=4.27 ws=0.39,0.00,1.19,0.01 cmd=0.841,0.934,0.980,0.865 cap=2583,2886,1700,1677 des=2583,2886,1488,1467 app=2492,2795,1455,1422 abs=nil,nil,nil,nil ebrake=1.00 ibrake=1.00 hasABS=0 sy=10.22 split=1.000,0.875 ===
115.57530|I|libbeamng.print:18052| === LSTM_OBS t=618 0.39117,0.00129,1.18605,0.00671,5.38281,10.21677,0.46393,-0.43095,0.00000,0.00000,0.01014,1.00000,0.00000,-0.01879,-0.01036,728.81907,0.25000 ===
115.58379|I|libbeamng.print:18052| === LSTM_TRACE t=620 v=4.15 ws=0.28,0.00,1.15,0.03 cmd=0.854,0.941,0.980,0.868 cap=2626,2905,1700,1684 des=2626,2905,1488,1473 app=2532,2813,1455,1428 abs=nil,nil,nil,nil ebrake=1.00 ibrake=1.00 hasABS=0 sy=10.23 split=1.000,0.875 ===
115.58383|I|libbeamng.print:18052| === LSTM_OBS t=620 0.27678,0.00474,1.14975,0.02961,5.54079,10.22580,0.43084,-0.41775,0.00000,0.00000,0.00989,1.00000,0.00000,-0.01911,-0.01039,729.30265,0.25000 ===
115.59657|I|libbeamng.print:18052| === LSTM_TRACE t=622 v=4.04 ws=0.33,0.00,0.97,0.02 cmd=0.864,0.948,0.978,0.869 cap=2662,2926,1700,1687 des=2662,2926,1488,1476 app=2567,2833,1455,1430 abs=nil,nil,nil,nil ebrake=1.00 ibrake=1.00 hasABS=0 sy=10.05 split=1.000,0.875 ===
115.59661|I|libbeamng.print:18052| === LSTM_OBS t=622 0.33404,0.00028,0.96854,0.01751,5.15082,10.05199,0.33494,-0.40984,0.00000,0.00000,0.00954,1.00000,0.00000,-0.01929,-0.01041,728.14071,0.25000 ===
115.60873|I|libbeamng.print:18052| === LSTM_TRACE t=624 v=3.94 ws=0.21,0.00,0.65,0.00 cmd=0.868,0.953,0.976,0.866 cap=2689,2948,1700,1685 des=2689,2948,1488,1475 app=2592,2853,1455,1429 abs=nil,nil,nil,nil ebrake=1.00 ibrake=1.00 hasABS=0 sy=9.81 split=1.000,0.875 ===
115.60877|I|libbeamng.print:18052| === LSTM_OBS t=624 0.21425,0.00413,0.64697,0.00057,4.79911,9.81210,-0.08717,-0.40086,0.00000,0.00000,0.00861,1.00000,0.00000,-0.01936,-0.01040,728.69467,0.25000 ===
115.61704|I|libbeamng.print:18052| === LSTM_TRACE t=626 v=3.83 ws=0.05,0.00,0.69,0.02 cmd=0.877,0.959,0.975,0.867 cap=2701,2962,1700,1683 des=2701,2962,1488,1473 app=2603,2867,1455,1426 abs=nil,nil,nil,nil ebrake=1.00 ibrake=1.00 hasABS=0 sy=9.84 split=1.000,0.875 ===
115.61711|I|libbeamng.print:18052| === LSTM_OBS t=626 0.05089,0.00032,0.69082,0.01633,4.83863,9.83624,0.32323,-0.39715,0.00000,0.00000,0.00653,1.00000,0.00000,-0.01948,-0.01039,727.45672,0.25000 ===
115.62931|I|libbeamng.print:18052| === LSTM_TRACE t=628 v=3.71 ws=0.05,0.01,0.75,0.02 cmd=0.894,0.966,0.974,0.868 cap=2744,2983,1700,1685 des=2744,2983,1488,1475 app=2643,2887,1455,1428 abs=nil,nil,nil,nil ebrake=1.00 ibrake=1.00 hasABS=0 sy=9.99 split=1.000,0.875 ===
115.62935|I|libbeamng.print:18052| === LSTM_OBS t=628 0.05300,0.00613,0.75188,0.02110,5.11102,9.98764,0.60838,-0.38280,0.00000,0.00000,0.00746,1.00000,0.00000,-0.01969,-0.01042,728.08854,0.25000 ===
115.64274|I|libbeamng.print:18052| === LSTM_TRACE t=630 v=3.60 ws=0.02,0.01,0.92,0.00 cmd=0.912,0.973,0.973,0.870 cap=2799,3005,1700,1690 des=2799,3005,1488,1478 app=2696,2908,1454,1432 abs=nil,nil,nil,nil ebrake=1.00 ibrake=1.00 hasABS=0 sy=10.08 split=1.000,0.875 ===
115.64278|I|libbeamng.print:18052| === LSTM_OBS t=630 0.01889,0.00534,0.92103,0.00071,5.34156,10.08073,0.55658,-0.36453,0.00000,0.00000,0.00912,1.00000,0.00000,-0.01992,-0.01047,726.35330,0.25000 ===
115.65018|I|libbeamng.print:18052| === LSTM_TRACE t=632 v=3.48 ws=0.01,0.01,1.01,0.03 cmd=0.922,0.978,0.970,0.868 cap=2846,3023,1700,1689 des=2846,3023,1488,1478 app=2740,2925,1454,1431 abs=nil,nil,nil,nil ebrake=1.00 ibrake=1.00 hasABS=0 sy=10.17 split=1.000,0.875 ===
115.65021|I|libbeamng.print:18052| === LSTM_OBS t=632 0.01381,0.01177,1.00850,0.03134,5.22657,10.17500,-0.11081,-0.35322,0.00000,0.00000,0.00846,1.00000,0.00000,-0.02018,-0.01046,728.55240,0.25000 ===
115.66290|I|libbeamng.print:18052| === LSTM_TRACE t=634 v=3.37 ws=0.01,0.01,1.04,0.01 cmd=0.930,0.982,0.968,0.863 cap=2871,3038,1700,1682 des=2871,3038,1488,1472 app=2764,2938,1454,1425 abs=nil,nil,nil,nil ebrake=1.00 ibrake=1.00 hasABS=0 sy=10.27 split=1.000,0.875 ===
115.66294|I|libbeamng.print:18052| === LSTM_OBS t=634 0.00693,0.00723,1.03926,0.01154,4.94912,10.27372,-0.04628,-0.34179,0.00000,0.00000,0.00797,1.00000,0.00000,-0.02034,-0.01046,726.96676,0.25000 ===
115.67553|I|libbeamng.print:18052| === LSTM_TRACE t=636 v=3.25 ws=0.01,0.01,0.95,0.03 cmd=0.942,0.986,0.967,0.858 cap=2902,3051,1700,1672 des=2902,3051,1488,1463 app=2793,2951,1454,1416 abs=nil,nil,nil,nil ebrake=1.00 ibrake=1.00 hasABS=0 sy=10.18 split=1.000,0.875 ===
115.67557|I|libbeamng.print:18052| === LSTM_OBS t=636 0.00752,0.00584,0.95048,0.03353,5.27084,10.17508,0.14676,-0.32731,0.00000,0.00000,0.00832,1.00000,0.00000,-0.02044,-0.01049,728.40169,0.25000 ===
115.69093|I|libbeamng.print:18052| === LSTM_TRACE t=638 v=3.14 ws=0.00,0.00,0.84,0.01 cmd=0.951,0.990,0.965,0.853 cap=2934,3063,1700,1661 des=2934,3063,1488,1454 app=2823,2961,1454,1407 abs=nil,nil,nil,nil ebrake=1.00 ibrake=1.00 hasABS=0 sy=9.92 split=1.000,0.875 ===
115.69097|I|libbeamng.print:18052| === LSTM_OBS t=638 0.00058,0.00253,0.84005,0.00798,5.39918,9.92201,0.33892,-0.31774,0.00000,0.00000,0.00897,1.00000,0.00000,-0.02065,-0.01054,729.09110,0.25000 ===
115.69900|I|libbeamng.print:18052| === LSTM_TRACE t=640 v=3.03 ws=0.01,0.00,0.93,0.02 cmd=0.955,0.991,0.964,0.848 cap=2956,3071,1700,1650 des=2956,3071,1488,1444 app=2843,2969,1454,1397 abs=nil,nil,nil,nil ebrake=1.00 ibrake=1.00 hasABS=0 sy=9.91 split=1.000,0.875 ===
115.69904|I|libbeamng.print:18052| === LSTM_OBS t=640 0.00816,0.00358,0.92725,0.01752,5.37856,9.90923,0.12598,-0.30825,0.00000,0.00000,0.00855,1.00000,0.00000,-0.02092,-0.01055,726.31808,0.25000 ===
115.71058|I|libbeamng.print:18052| === LSTM_TRACE t=642 v=2.91 ws=0.00,0.00,0.87,0.01 cmd=0.956,0.993,0.965,0.845 cap=2963,3076,1700,1645 des=2963,3076,1488,1439 app=2849,2973,1454,1393 abs=nil,nil,nil,nil ebrake=1.00 ibrake=1.00 hasABS=0 sy=10.13 split=1.000,0.875 ===
115.71062|I|libbeamng.print:18052| === LSTM_OBS t=642 0.00248,0.00278,0.87406,0.01076,5.34390,10.12837,0.32432,-0.29196,0.00000,0.00000,0.00866,1.00000,0.00000,-0.02120,-0.01057,729.18023,0.25000 ===
115.72440|I|libbeamng.print:18052| === LSTM_TRACE t=644 v=2.79 ws=0.00,0.00,0.82,0.01 cmd=0.957,0.993,0.966,0.844 cap=2966,3078,1700,1640 des=2966,3078,1488,1435 app=2852,2974,1454,1389 abs=nil,nil,nil,nil ebrake=1.00 ibrake=1.00 hasABS=0 sy=10.16 split=1.000,0.875 ===
115.72444|I|libbeamng.print:18052| === LSTM_OBS t=644 0.00242,0.00481,0.82296,0.01374,5.77805,10.15612,0.39558,-0.27658,0.00000,0.00000,0.00890,1.00000,0.00000,-0.02152,-0.01059,726.57516,0.25000 ===
115.73288|I|libbeamng.print:18052| === LSTM_TRACE t=646 v=2.68 ws=0.01,0.00,0.81,0.01 cmd=0.955,0.993,0.967,0.841 cap=2966,3078,1700,1637 des=2966,3078,1488,1433 app=2851,2974,1453,1386 abs=nil,nil,nil,nil ebrake=1.00 ibrake=1.00 hasABS=0 sy=10.03 split=1.000,0.875 ===
115.73294|I|libbeamng.print:18052| === LSTM_OBS t=646 0.00712,0.00484,0.80923,0.01244,5.63252,10.03049,0.33397,-0.26534,0.00000,0.00000,0.00938,1.00000,0.00000,-0.02199,-0.01066,729.19354,0.25000 ===
115.74408|I|libbeamng.print:18052| === LSTM_TRACE t=648 v=2.57 ws=0.00,0.00,0.76,0.00 cmd=0.950,0.992,0.968,0.838 cap=2954,3077,1700,1631 des=2954,3077,1488,1427 app=2838,2972,1453,1380 abs=nil,nil,nil,nil ebrake=1.00 ibrake=1.00 hasABS=0 sy=10.13 split=1.000,0.875 ===
115.74412|I|libbeamng.print:18052| === LSTM_OBS t=648 0.00500,0.00066,0.76134,0.00432,5.40587,10.13129,-0.05804,-0.24672,0.00000,0.00000,0.00932,1.00000,0.00000,-0.02220,-0.01066,726.77740,0.25000 ===
115.75772|I|libbeamng.print:18052| === LSTM_TRACE t=650 v=2.45 ws=0.01,0.00,0.72,0.02 cmd=0.947,0.992,0.969,0.837 cap=2941,3075,1700,1628 des=2941,3075,1488,1425 app=2825,2970,1453,1378 abs=nil,nil,nil,nil ebrake=1.00 ibrake=1.00 hasABS=0 sy=10.05 split=1.000,0.875 ===
115.75776|I|libbeamng.print:18052| === LSTM_OBS t=650 0.00612,0.00141,0.71732,0.01960,5.54821,10.04846,0.11049,-0.23628,0.00000,0.00000,0.00938,1.00000,0.00000,-0.02242,-0.01070,728.69441,0.25000 ===
115.76608|I|libbeamng.print:18052| === LSTM_TRACE t=652 v=2.34 ws=0.01,0.00,0.62,0.01 cmd=0.943,0.991,0.969,0.834 cap=2930,3073,1700,1624 des=2930,3073,1488,1421 app=2814,2968,1453,1374 abs=nil,nil,nil,nil ebrake=1.00 ibrake=1.00 hasABS=0 sy=9.98 split=1.000,0.875 ===
115.76612|I|libbeamng.print:18052| === LSTM_OBS t=652 0.00811,0.00140,0.62258,0.01147,5.54671,9.97621,0.01263,-0.22482,0.00000,0.00000,0.00953,1.00000,0.00000,-0.02264,-0.01074,726.51372,0.25000 ===
115.77764|I|libbeamng.print:18052| === LSTM_TRACE t=654 v=2.23 ws=0.01,0.00,0.52,0.01 cmd=0.939,0.990,0.970,0.832 cap=2917,3071,1700,1618 des=2917,3071,1488,1416 app=2801,2965,1453,1369 abs=nil,nil,nil,nil ebrake=1.00 ibrake=1.00 hasABS=0 sy=9.84 split=1.000,0.875 ===
115.77767|I|libbeamng.print:18052| === LSTM_OBS t=654 0.01147,0.00150,0.51699,0.01135,5.39567,9.83644,0.19914,-0.21220,0.00000,0.00000,0.00976,1.00000,0.00000,-0.02279,-0.01078,728.49059,0.25000 ===
115.79151|I|libbeamng.print:18052| === LSTM_TRACE t=656 v=2.12 ws=0.01,0.00,0.41,0.00 cmd=0.935,0.990,0.970,0.829 cap=2905,3070,1700,1614 des=2905,3070,1488,1412 app=2789,2964,1453,1366 abs=nil,nil,nil,nil ebrake=1.00 ibrake=1.00 hasABS=0 sy=9.66 split=1.000,0.875 ===
115.79155|I|libbeamng.print:18052| === LSTM_OBS t=656 0.00902,0.00124,0.41170,0.00232,5.34617,9.66062,0.19893,-0.20287,0.00000,0.00000,0.00969,1.00000,0.00000,-0.02282,-0.01079,727.02551,0.25000 ===
115.79940|I|libbeamng.print:18052| === LSTM_TRACE t=658 v=2.01 ws=0.00,0.00,0.50,0.01 cmd=0.934,0.990,0.970,0.828 cap=2898,3069,1700,1610 des=2898,3069,1488,1408 app=2781,2962,1453,1362 abs=nil,nil,nil,nil ebrake=1.00 ibrake=1.00 hasABS=0 sy=9.69 split=1.000,0.875 ===
115.79945|I|libbeamng.print:18052| === LSTM_OBS t=658 0.00482,0.00062,0.50424,0.01138,5.46036,9.69168,0.24997,-0.19495,0.00000,0.00000,0.00980,1.00000,0.00000,-0.02289,-0.01076,728.45280,0.25000 ===
115.81157|I|libbeamng.print:18052| === LSTM_TRACE t=660 v=1.90 ws=0.01,0.00,0.49,0.01 cmd=0.932,0.990,0.970,0.826 cap=2893,3068,1700,1606 des=2893,3068,1488,1406 app=2776,2961,1453,1359 abs=nil,nil,nil,nil ebrake=1.00 ibrake=1.00 hasABS=0 sy=9.83 split=1.000,0.875 ===
115.81161|I|libbeamng.print:18052| === LSTM_OBS t=660 0.00667,0.00090,0.48936,0.01276,5.45356,9.83023,0.23360,-0.18170,0.00000,0.00000,0.00968,1.00000,0.00000,-0.02293,-0.01072,727.03864,0.25000 ===
115.82469|I|libbeamng.print:18052| === LSTM_TRACE t=662 v=1.78 ws=0.01,0.00,0.50,0.02 cmd=0.932,0.989,0.970,0.826 cap=2890,3067,1700,1604 des=2890,3067,1488,1404 app=2772,2960,1453,1357 abs=nil,nil,nil,nil ebrake=1.00 ibrake=1.00 hasABS=0 sy=9.81 split=1.000,0.875 ===
115.82473|I|libbeamng.print:18052| === LSTM_OBS t=662 0.00612,0.00274,0.49859,0.01563,5.68202,9.80655,0.41760,-0.16854,0.00000,0.00000,0.00980,1.00000,0.00000,-0.02295,-0.01068,728.19444,0.25000 ===
115.83346|I|libbeamng.print:18052| === LSTM_TRACE t=664 v=1.66 ws=0.00,0.00,0.53,0.02 cmd=0.930,0.989,0.970,0.824 cap=2887,3067,1700,1602 des=2887,3067,1488,1402 app=2769,2959,1452,1355 abs=nil,nil,nil,nil ebrake=1.00 ibrake=1.00 hasABS=0 sy=9.83 split=1.000,0.875 ===
115.83357|I|libbeamng.print:18052| === LSTM_OBS t=664 0.00344,0.00209,0.52609,0.01612,5.76313,9.83465,0.24426,-0.15692,0.00000,0.00000,0.00987,1.00000,0.00000,-0.02301,-0.01068,727.52994,0.25000 ===
115.84439|I|libbeamng.print:18052| === LSTM_TRACE t=666 v=1.55 ws=0.00,0.00,0.56,0.01 cmd=0.928,0.989,0.970,0.824 cap=2882,3066,1700,1601 des=2882,3066,1488,1401 app=2763,2958,1452,1354 abs=nil,nil,nil,nil ebrake=1.00 ibrake=1.00 hasABS=0 sy=10.01 split=1.000,0.875 ===
115.84443|I|libbeamng.print:18052| === LSTM_OBS t=666 0.00135,0.00101,0.56496,0.01048,5.79003,10.01135,0.15423,-0.14301,0.00000,0.00000,0.00995,1.00000,0.00000,-0.02302,-0.01065,728.01290,0.25000 ===
115.85997|I|libbeamng.print:18052| === LSTM_TRACE t=668 v=1.43 ws=0.00,0.00,0.55,0.02 cmd=0.927,0.989,0.970,0.824 cap=2876,3065,1700,1601 des=2876,3065,1488,1401 app=2757,2957,1452,1354 abs=nil,nil,nil,nil ebrake=1.00 ibrake=1.00 hasABS=0 sy=10.00 split=1.000,0.875 ===
115.86004|I|libbeamng.print:18052| === LSTM_OBS t=668 0.00372,0.00257,0.54826,0.01683,6.00696,9.99537,0.12429,-0.12947,0.00000,0.00000,0.00991,1.00000,0.00000,-0.02305,-0.01062,727.86132,0.25000 ===
115.86691|I|libbeamng.print:18052| === LSTM_TRACE t=670 v=1.31 ws=0.01,0.00,0.51,0.01 cmd=0.925,0.989,0.970,0.824 cap=2870,3065,1700,1602 des=2870,3065,1488,1402 app=2750,2956,1452,1354 abs=nil,nil,nil,nil ebrake=1.00 ibrake=1.00 hasABS=0 sy=9.94 split=1.000,0.875 ===
115.86695|I|libbeamng.print:18052| === LSTM_OBS t=670 0.00676,0.00477,0.51397,0.01153,6.15803,9.94456,0.37780,-0.11663,0.00000,0.00000,0.01007,1.00000,0.00000,-0.02315,-0.01065,728.87647,0.25000 ===
115.87821|I|libbeamng.print:18052| === LSTM_TRACE t=672 v=1.19 ws=0.00,0.00,0.43,0.01 cmd=0.922,0.988,0.970,0.823 cap=2862,3064,1700,1599 des=2862,3064,1488,1400 app=2743,2955,1452,1352 abs=nil,nil,nil,nil ebrake=1.00 ibrake=1.00 hasABS=0 sy=9.88 split=1.000,0.875 ===
115.87826|I|libbeamng.print:18052| === LSTM_OBS t=672 0.00116,0.00147,0.43406,0.01398,6.19780,9.87679,0.15175,-0.10317,0.00000,0.00000,0.01010,1.00000,0.00000,-0.02327,-0.01070,728.58128,0.25000 ===
115.89147|I|libbeamng.print:18052| === LSTM_TRACE t=674 v=1.08 ws=0.00,0.00,0.40,0.00 cmd=0.920,0.988,0.970,0.825 cap=2855,3063,1700,1602 des=2855,3063,1488,1401 app=2735,2954,1452,1354 abs=nil,nil,nil,nil ebrake=1.00 ibrake=1.00 hasABS=0 sy=9.86 split=1.000,0.875 ===
115.89153|I|libbeamng.print:18052| === LSTM_OBS t=674 0.00158,0.00318,0.40394,0.00190,6.18116,9.85793,0.20780,-0.09188,0.00000,0.00000,0.01031,1.00000,0.00000,-0.02339,-0.01073,728.30860,0.25000 ===
115.90210|I|libbeamng.print:18052| === LSTM_TRACE t=676 v=0.96 ws=0.00,0.00,0.38,0.01 cmd=0.917,0.988,0.970,0.825 cap=2847,3062,1700,1602 des=2847,3062,1488,1402 app=2726,2953,1452,1354 abs=nil,nil,nil,nil ebrake=1.00 ibrake=1.00 hasABS=0 sy=9.84 split=1.000,0.875 ===
115.90217|I|libbeamng.print:18052| === LSTM_OBS t=676 0.00031,0.00004,0.37652,0.01347,6.28293,9.83786,0.25636,-0.08063,0.00000,0.00000,0.01038,1.00000,0.00000,-0.02356,-0.01075,728.86044,0.25000 ===
115.91163|I|libbeamng.print:18052| === LSTM_TRACE t=678 v=0.84 ws=0.01,0.00,0.37,0.00 cmd=0.917,0.988,0.970,0.826 cap=2843,3062,1700,1604 des=2843,3062,1488,1404 app=2723,2952,1452,1356 abs=nil,nil,nil,nil ebrake=1.00 ibrake=1.00 hasABS=0 sy=9.80 split=1.000,0.875 ===
115.91167|I|libbeamng.print:18052| === LSTM_OBS t=678 0.00652,0.00476,0.36578,0.00210,6.27276,9.79883,0.47407,-0.06755,0.00000,0.00000,0.01040,1.00000,0.00000,-0.02382,-0.01081,728.91571,0.25000 ===
115.92524|I|libbeamng.print:18052| === LSTM_TRACE t=680 v=0.73 ws=0.00,0.00,0.32,0.02 cmd=0.915,0.988,0.970,0.827 cap=2839,3062,1700,1605 des=2839,3062,1488,1404 app=2718,2952,1451,1357 abs=nil,nil,nil,nil ebrake=1.00 ibrake=1.00 hasABS=0 sy=9.71 split=1.000,0.875 ===
115.92528|I|libbeamng.print:18052| === LSTM_OBS t=680 0.00073,0.00128,0.31855,0.01547,6.29524,9.70595,0.29123,-0.05442,0.00000,0.00000,0.01049,1.00000,0.00000,-0.02407,-0.01085,729.56668,0.25000 ===
115.93327|I|libbeamng.print:18052| === LSTM_TRACE t=682 v=0.61 ws=0.01,0.00,0.29,0.00 cmd=0.914,0.988,0.970,0.829 cap=2836,3062,1700,1609 des=2836,3062,1488,1408 app=2714,2951,1451,1360 abs=nil,nil,nil,nil ebrake=1.00 ibrake=1.00 hasABS=0 sy=9.68 split=1.000,0.875 ===
115.93331|I|libbeamng.print:18052| === LSTM_OBS t=682 0.00538,0.00206,0.29234,0.00117,6.29518,9.68126,0.41897,-0.04383,0.00000,0.00000,0.01074,1.00000,0.00000,-0.02434,-0.01087,729.15161,0.25000 ===
121.23265|I|libbeamng.print:18052| === LSTM_ABS: lens 'baseline_stocknorpm' loaded (17 in, 64 hidden, 2 layers) ===
121.23455|I|libbeamng.print:18052| === LSTM_ABS SELFTEST lens=baseline_stocknorpm cmd=0.869261,0.513300,0.754903,0.846604 ===
143.35847|I|libbeamng.print:18052| === LSTM_TRACE t=0 v=27.71 ws=27.65,27.81,27.33,27.49 cmd=0.729,0.790,0.656,0.820 cap=155,155,97,97 des=155,155,85,85 app=142,142,78,78 abs=nil,nil,nil,nil ebrake=1.00 ibrake=1.00 hasABS=0 sy=1.47 split=1.000,0.875 ===
143.35851|I|libbeamng.print:18052| === LSTM_OBS t=0 27.64833,27.80884,27.33405,27.48630,0.02878,1.47294,-0.23612,-0.00466,0.00000,0.00000,0.00000,1.00000,0.00000,0.00067,-0.00908,0.00000,0.00000 ===
143.36810|I|libbeamng.print:18052| === LSTM_TRACE t=2 v=27.68 ws=27.41,27.56,27.32,27.48 cmd=0.892,0.909,0.669,0.689 cap=2712,2831,1441,1646 des=2712,2831,1261,1440 app=497,497,272,272 abs=nil,nil,nil,nil ebrake=1.00 ibrake=1.00 hasABS=0 sy=1.99 split=1.000,0.875 ===
143.36814|I|libbeamng.print:18052| === LSTM_OBS t=2 27.40515,27.55667,27.31730,27.47501,-0.11453,1.99120,-0.37689,0.00760,0.00000,0.00000,0.00000,1.00000,0.00000,0.00068,-0.00913,0.00000,0.00000 ===
143.37860|I|libbeamng.print:18052| === LSTM_TRACE t=4 v=27.64 ws=26.80,26.88,27.24,27.35 cmd=0.652,0.784,0.470,0.519 cap=2491,2661,1041,1000 des=2491,2661,911,875 app=1209,1209,663,663 abs=nil,nil,nil,nil ebrake=1.00 ibrake=1.00 hasABS=0 sy=2.59 split=1.000,0.875 ===
143.37863|I|libbeamng.print:18052| === LSTM_OBS t=4 26.79561,26.88381,27.24171,27.34677,0.08978,2.59088,-0.47392,-0.00300,0.00000,0.00000,0.00049,1.00000,0.00000,0.00073,-0.00915,0.00000,0.00000 ===
143.39181|I|libbeamng.print:18052| === LSTM_TRACE t=6 v=27.57 ws=26.18,26.19,27.18,27.16 cmd=0.539,0.668,0.487,0.521 cap=1755,2239,913,1051 des=1755,2239,799,920 app=1615,1926,735,846 abs=nil,nil,nil,nil ebrake=1.00 ibrake=1.00 hasABS=0 sy=4.11 split=1.000,0.875 ===
143.39185|I|libbeamng.print:18052| === LSTM_OBS t=6 26.18347,26.19165,27.18318,27.15975,0.08149,4.11411,-0.27886,-0.00046,0.00000,0.00000,0.00069,1.00000,0.00000,0.00084,-0.00930,0.00000,0.00000 ===
143.39996|I|libbeamng.print:18052| === LSTM_TRACE t=8 v=27.48 ws=26.15,25.80,27.00,27.01 cmd=0.610,0.599,0.393,0.419 cap=1732,1905,896,935 des=1732,1905,784,818 app=1598,1758,722,755 abs=nil,nil,nil,nil ebrake=1.00 ibrake=1.00 hasABS=0 sy=5.63 split=1.000,0.875 ===
143.40001|I|libbeamng.print:18052| === LSTM_OBS t=8 26.15387,25.80124,26.99864,27.01493,0.07242,5.63280,0.37744,0.00216,0.00000,0.00000,0.00373,1.00000,0.00000,0.00080,-0.00964,0.00000,0.00000 ===
143.41230|I|libbeamng.print:18052| === LSTM_TRACE t=10 v=27.40 ws=25.99,25.98,26.85,26.91 cmd=0.615,0.592,0.369,0.373 cap=1914,1796,732,750 des=1914,1796,640,656 app=1771,1663,592,606 abs=nil,nil,nil,nil ebrake=1.00 ibrake=1.00 hasABS=0 sy=6.44 split=1.000,0.875 ===
143.41234|I|libbeamng.print:18052| === LSTM_OBS t=10 25.99342,25.98166,26.84797,26.91087,0.03031,6.44260,0.81908,-0.00492,0.00000,0.00000,0.00146,1.00000,0.00000,0.00070,-0.01016,0.00000,0.00000 ===
143.42512|I|libbeamng.print:18052| === LSTM_TRACE t=12 v=27.31 ws=25.92,26.07,26.70,26.77 cmd=0.622,0.623,0.389,0.411 cap=1920,1933,732,737 des=1920,1933,641,645 app=1781,1794,593,597 abs=nil,nil,nil,nil ebrake=1.00 ibrake=1.00 hasABS=0 sy=7.10 split=1.000,0.875 ===
143.42516|I|libbeamng.print:18052| === LSTM_OBS t=12 25.91646,26.06706,26.70422,26.76738,0.10356,7.09600,0.66768,-0.00913,0.00000,0.00000,0.00000,1.00000,0.00000,0.00066,-0.01067,0.00000,0.00000 ===
143.43374|I|libbeamng.print:18052| === LSTM_TRACE t=14 v=27.23 ws=25.77,25.98,26.64,26.65 cmd=0.616,0.633,0.381,0.385 cap=1926,1897,756,806 des=1926,1897,662,705 app=1792,1766,613,654 abs=nil,nil,nil,nil ebrake=1.00 ibrake=1.00 hasABS=0 sy=7.46 split=1.000,0.875 ===
143.43378|I|libbeamng.print:18052| === LSTM_OBS t=14 25.77235,25.98015,26.63736,26.64775,0.13448,7.46233,0.21931,-0.00221,0.00000,0.00000,0.00274,1.00000,0.00000,0.00065,-0.01123,0.00000,0.00000 ===
143.43381|I|libbeamng.print:18052| === LSTM_ABS DBG raw=25.7724,25.9801,26.6374,26.6477,0.1345,7.4623,0.2193,-0.0022,0.0000,0.0000,0.0027,1.0000,0.0000,0.0007,-0.0112,0.0000,0.0000 ===
143.43381|I|libbeamng.print:18052| === LSTM_ABS DBG norm=1.16,1.17,1.22,1.21,0.05,-0.60,-0.05,-0.05,-0.10,0.10,-0.05,0.34,-0.05,-0.01,0.87,0.00,0.00 ===
143.43382|I|libbeamng.print:18052| === LSTM_ABS DBG cmd=0.6161,0.6331,0.3813,0.3848 ===
143.44568|I|libbeamng.print:18052| === LSTM_TRACE t=16 v=27.15 ws=25.81,25.87,26.51,26.58 cmd=0.617,0.648,0.369,0.407 cap=1917,2052,704,746 des=1917,2052,616,653 app=1788,1915,572,606 abs=nil,nil,nil,nil ebrake=1.00 ibrake=1.00 hasABS=0 sy=7.58 split=1.000,0.875 ===
143.44572|I|libbeamng.print:18052| === LSTM_OBS t=16 25.80589,25.86728,26.51228,26.57953,0.14273,7.58082,0.32583,-0.00342,0.00000,0.00000,0.00254,1.00000,0.00000,0.00066,-0.01185,0.00000,0.00000 ===
143.45912|I|libbeamng.print:18052| === LSTM_TRACE t=18 v=27.07 ws=25.87,25.80,26.41,26.40 cmd=0.623,0.630,0.367,0.367 cap=1927,1955,723,767 des=1927,1955,633,671 app=1802,1829,588,625 abs=nil,nil,nil,nil ebrake=1.00 ibrake=1.00 hasABS=0 sy=7.62 split=1.000,0.875 ===
143.45916|I|libbeamng.print:18052| === LSTM_OBS t=18 25.86546,25.80351,26.40890,26.39969,-0.14413,7.61593,0.67823,-0.00656,0.00000,0.00000,0.00142,1.00000,0.00000,0.00065,-0.01244,0.00000,0.00000 ===
143.46682|I|libbeamng.print:18052| === LSTM_TRACE t=20 v=26.98 ws=25.75,25.78,26.28,26.40 cmd=0.625,0.630,0.359,0.395 cap=1915,1926,706,741 des=1915,1926,617,649 app=1795,1807,575,604 abs=nil,nil,nil,nil ebrake=1.00 ibrake=1.00 hasABS=0 sy=7.98 split=1.000,0.875 ===
143.46686|I|libbeamng.print:18052| === LSTM_OBS t=20 25.74656,25.77561,26.28233,26.39711,0.12083,7.97896,0.20611,-0.01108,0.00000,0.00000,0.00189,1.00000,0.00000,0.00078,-0.01305,0.00000,0.00000 ===
143.47903|I|libbeamng.print:18052| === LSTM_TRACE t=22 v=26.90 ws=25.62,25.64,26.21,26.30 cmd=0.610,0.636,0.370,0.394 cap=1935,1994,697,755 des=1935,1994,609,660 app=1819,1874,568,616 abs=nil,nil,nil,nil ebrake=1.00 ibrake=1.00 hasABS=0 sy=7.91 split=1.000,0.875 ===
143.47908|I|libbeamng.print:18052| === LSTM_OBS t=22 25.61522,25.64376,26.20956,26.29575,0.19613,7.91316,0.14482,-0.01305,0.00000,0.00000,0.00216,1.00000,0.00000,0.00084,-0.01358,0.00000,0.00000 ===
143.49216|I|libbeamng.print:18052| === LSTM_TRACE t=24 v=26.81 ws=25.54,25.59,26.13,26.18 cmd=0.618,0.648,0.354,0.380 cap=1901,1981,695,758 des=1901,1981,608,664 app=1790,1866,568,620 abs=nil,nil,nil,nil ebrake=1.00 ibrake=1.00 hasABS=0 sy=8.06 split=1.000,0.875 ===
143.49220|I|libbeamng.print:18052| === LSTM_OBS t=24 25.54135,25.59117,26.12510,26.17720,0.10278,8.06174,0.23602,-0.01446,0.00000,0.00000,0.00216,1.00000,0.00000,0.00088,-0.01411,0.00000,0.00000 ===
143.50082|I|libbeamng.print:18052| === LSTM_TRACE t=26 v=26.72 ws=25.51,25.47,26.07,26.07 cmd=0.622,0.635,0.367,0.386 cap=1910,1990,711,753 des=1910,1990,622,659 app=1803,1879,582,617 abs=nil,nil,nil,nil ebrake=1.00 ibrake=1.00 hasABS=0 sy=8.29 split=1.000,0.875 ===
143.50090|I|libbeamng.print:18052| === LSTM_OBS t=26 25.50569,25.46583,26.07416,26.07211,-0.00897,8.29326,0.29552,-0.01046,0.00000,0.00000,0.00154,1.00000,0.00000,0.00091,-0.01461,0.00000,0.00000 ===
143.51251|I|libbeamng.print:18052| === LSTM_TRACE t=28 v=26.63 ws=25.34,25.42,25.93,26.02 cmd=0.629,0.641,0.358,0.390 cap=1972,1998,669,736 des=1972,1998,585,644 app=1865,1891,548,604 abs=nil,nil,nil,nil ebrake=1.00 ibrake=1.00 hasABS=0 sy=8.41 split=1.000,0.875 ===
143.51256|I|libbeamng.print:18052| === LSTM_OBS t=28 25.33821,25.41862,25.93412,26.02499,0.07427,8.41342,0.17399,-0.00886,0.00000,0.00000,0.00169,1.00000,0.00000,0.00098,-0.01509,0.00000,0.00000 ===
143.52559|I|libbeamng.print:18052| === LSTM_TRACE t=30 v=26.53 ws=25.24,25.36,25.87,25.90 cmd=0.632,0.661,0.359,0.391 cap=1920,2000,734,764 des=1920,2000,642,669 app=1819,1897,602,627 abs=nil,nil,nil,nil ebrake=1.00 ibrake=1.00 hasABS=0 sy=8.74 split=1.000,0.875 ===
143.52563|I|libbeamng.print:18052| === LSTM_OBS t=30 25.24391,25.35887,25.86923,25.90346,0.28179,8.74440,0.06592,-0.00281,0.00000,0.00000,0.00192,1.00000,0.00000,0.00102,-0.01550,0.00000,0.00000 ===
143.53365|I|libbeamng.print:18052| === LSTM_TRACE t=32 v=26.44 ws=25.15,25.21,25.75,25.82 cmd=0.646,0.648,0.368,0.405 cap=1983,2054,691,765 des=1983,2054,605,669 app=1882,1951,567,629 abs=nil,nil,nil,nil ebrake=1.00 ibrake=1.00 hasABS=0 sy=9.05 split=1.000,0.875 ===
143.53370|I|libbeamng.print:18052| === LSTM_OBS t=32 25.14599,25.20819,25.74752,25.82494,0.11703,9.05472,0.29288,0.00461,0.00000,0.00000,0.00210,1.00000,0.00000,0.00101,-0.01588,0.00000,0.00000 ===
143.54703|I|libbeamng.print:18052| === LSTM_TRACE t=34 v=26.35 ws=25.00,25.23,25.66,25.74 cmd=0.649,0.666,0.360,0.388 cap=2017,1998,713,771 des=2017,1998,624,675 app=1918,1902,586,635 abs=nil,nil,nil,nil ebrake=1.00 ibrake=1.00 hasABS=0 sy=9.06 split=1.000,0.875 ===
143.54707|I|libbeamng.print:18052| === LSTM_OBS t=34 25.00220,25.23206,25.66442,25.74034,0.25037,9.05870,0.33918,0.00101,0.00000,0.00000,0.00150,1.00000,0.00000,0.00100,-0.01624,0.00000,0.00000 ===
143.55885|I|libbeamng.print:18052| === LSTM_TRACE t=36 v=26.26 ws=25.00,24.99,25.55,25.62 cmd=0.665,0.659,0.359,0.417 cap=2009,2052,731,823 des=2009,2052,640,720 app=1914,1956,601,678 abs=nil,nil,nil,nil ebrake=1.00 ibrake=1.00 hasABS=0 sy=9.11 split=1.000,0.875 ===
143.55889|I|libbeamng.print:18052| === LSTM_OBS t=36 25.00490,24.99094,25.55002,25.62326,0.23688,9.10898,0.13905,-0.00544,0.00000,0.00000,0.00198,1.00000,0.00000,0.00098,-0.01661,0.00000,0.00000 ===
143.56755|I|libbeamng.print:18052| === LSTM_TRACE t=38 v=26.16 ws=24.89,24.89,25.52,25.57 cmd=0.650,0.668,0.371,0.417 cap=2023,2062,723,758 des=2023,2062,633,664 app=1930,1969,596,626 abs=nil,nil,nil,nil ebrake=1.00 ibrake=1.00 hasABS=0 sy=9.33 split=1.000,0.875 ===
143.56759|I|libbeamng.print:18052| === LSTM_OBS t=38 24.88604,24.89328,25.52396,25.56734,0.37573,9.33034,0.04990,-0.01391,0.00000,0.00000,0.00239,1.00000,0.00000,0.00098,-0.01695,0.00000,0.00000 ===
143.57995|I|libbeamng.print:18052| === LSTM_TRACE t=40 v=26.08 ws=24.76,24.80,25.45,25.41 cmd=0.650,0.670,0.383,0.400 cap=2067,2114,690,815 des=2067,2114,603,713 app=1976,2023,569,673 abs=nil,nil,nil,nil ebrake=1.00 ibrake=1.00 hasABS=0 sy=9.15 split=1.000,0.875 ===
143.58000|I|libbeamng.print:18052| === LSTM_OBS t=40 24.75864,24.79517,25.45313,25.40582,0.38944,9.14929,0.27626,-0.01935,0.00000,0.00000,0.00265,1.00000,0.00000,0.00102,-0.01729,0.00000,0.00000 ===
143.59251|I|libbeamng.print:18052| === LSTM_TRACE t=42 v=25.98 ws=24.68,24.77,25.32,25.40 cmd=0.661,0.673,0.346,0.412 cap=2012,2063,713,798 des=2012,2063,624,698 app=1926,1977,588,660 abs=nil,nil,nil,nil ebrake=1.00 ibrake=1.00 hasABS=0 sy=9.33 split=1.000,0.875 ===
143.59258|I|libbeamng.print:18052| === LSTM_OBS t=42 24.68217,24.77072,25.32359,25.39585,0.24602,9.32666,0.14461,-0.01316,0.00000,0.00000,0.00270,1.00000,0.00000,0.00101,-0.01764,0.00000,0.00000 ===
143.60037|I|libbeamng.print:18052| === LSTM_TRACE t=44 v=25.88 ws=24.58,24.75,25.25,25.26 cmd=0.649,0.680,0.370,0.394 cap=2020,2071,716,786 des=2020,2071,627,688 app=1937,1988,592,651 abs=nil,nil,nil,nil ebrake=1.00 ibrake=1.00 hasABS=0 sy=9.50 split=1.000,0.875 ===
143.60043|I|libbeamng.print:18052| === LSTM_OBS t=44 24.58038,24.75100,25.25320,25.25698,0.08650,9.50143,0.31871,-0.00189,0.00000,0.00000,0.00239,1.00000,0.00000,0.00098,-0.01792,0.00000,0.00000 ===
143.61362|I|libbeamng.print:18052| === LSTM_TRACE t=46 v=25.78 ws=24.57,24.58,25.19,25.18 cmd=0.669,0.663,0.379,0.413 cap=2039,2109,707,786 des=2039,2109,619,688 app=1958,2027,585,651 abs=nil,nil,nil,nil ebrake=1.00 ibrake=1.00 hasABS=0 sy=9.76 split=1.000,0.875 ===
143.61366|I|libbeamng.print:18052| === LSTM_OBS t=46 24.56931,24.58325,25.18513,25.18108,-0.18431,9.75662,-0.04207,0.00936,0.00000,0.00000,0.00256,1.00000,0.00000,0.00099,-0.01824,0.00000,0.00000 ===
143.62559|I|libbeamng.print:18052| === LSTM_TRACE t=48 v=25.70 ws=24.43,24.51,25.05,25.08 cmd=0.670,0.676,0.348,0.377 cap=2079,2021,756,789 des=2079,2021,661,690 app=1999,1945,625,654 abs=nil,nil,nil,nil ebrake=1.00 ibrake=1.00 hasABS=0 sy=9.46 split=1.000,0.875 ===
143.62563|I|libbeamng.print:18052| === LSTM_OBS t=48 24.42540,24.51049,25.05492,25.07670,0.01020,9.46070,-0.26388,0.00081,0.00000,0.00000,0.00261,1.00000,0.00000,0.00100,-0.01847,0.00000,0.00000 ===
143.63413|I|libbeamng.print:18052| === LSTM_TRACE t=50 v=25.62 ws=24.27,24.43,25.01,24.96 cmd=0.625,0.675,0.375,0.376 cap=1989,2080,738,761 des=1989,2080,645,666 app=1915,2005,611,632 abs=nil,nil,nil,nil ebrake=1.00 ibrake=1.00 hasABS=0 sy=8.90 split=1.000,0.875 ===
143.63418|I|libbeamng.print:18052| === LSTM_OBS t=50 24.27408,24.43249,25.00878,24.96458,-0.05460,8.89787,-0.34984,-0.01646,0.00000,0.00000,0.00270,1.00000,0.00000,0.00096,-0.01876,0.00000,0.00000 ===
143.64602|I|libbeamng.print:18052| === LSTM_TRACE t=52 v=25.52 ws=24.33,24.36,24.99,24.94 cmd=0.640,0.651,0.369,0.367 cap=1982,2066,673,742 des=1982,2066,589,649 app=1911,1993,558,616 abs=nil,nil,nil,nil ebrake=1.00 ibrake=1.00 hasABS=0 sy=8.98 split=1.000,0.875 ===
143.64606|I|libbeamng.print:18052| === LSTM_OBS t=52 24.33177,24.35714,24.99256,24.93686,-0.32561,8.98152,-0.22117,-0.00493,0.00000,0.00000,0.00301,1.00000,0.00000,0.00090,-0.01898,0.00000,0.00000 ===
143.65936|I|libbeamng.print:18052| === LSTM_TRACE t=54 v=25.41 ws=24.23,24.32,24.80,24.89 cmd=0.653,0.656,0.341,0.383 cap=1997,2060,707,690 des=1997,2060,619,603 app=1927,1990,587,573 abs=nil,nil,nil,nil ebrake=1.00 ibrake=1.00 hasABS=0 sy=9.43 split=1.000,0.875 ===
143.65943|I|libbeamng.print:18052| === LSTM_OBS t=54 24.23031,24.31989,24.80273,24.89456,-0.28257,9.43232,-0.05529,0.00824,0.00000,0.00000,0.00176,1.00000,0.00000,0.00090,-0.01919,0.00000,0.00000 ===
143.66740|I|libbeamng.print:18052| === LSTM_TRACE t=56 v=25.32 ws=24.21,24.22,24.79,24.84 cmd=0.655,0.639,0.348,0.374 cap=1998,1948,731,745 des=1998,1948,640,652 app=1930,1884,607,620 abs=nil,nil,nil,nil ebrake=1.00 ibrake=1.00 hasABS=0 sy=9.36 split=1.000,0.875 ===
143.66745|I|libbeamng.print:18052| === LSTM_OBS t=56 24.20934,24.21550,24.79290,24.84117,0.27824,9.36300,-0.01768,-0.01091,0.00000,0.00000,0.00192,1.00000,0.00000,0.00087,-0.01938,0.00000,0.00000 ===
143.67988|I|libbeamng.print:18052| === LSTM_TRACE t=58 v=25.24 ws=23.92,24.13,24.72,24.78 cmd=0.614,0.655,0.355,0.390 cap=2004,2036,649,737 des=2004,2036,568,645 app=1939,1971,540,614 abs=nil,nil,nil,nil ebrake=1.00 ibrake=1.00 hasABS=0 sy=9.07 split=1.000,0.875 ===
143.67992|I|libbeamng.print:18052| === LSTM_OBS t=58 23.92011,24.12577,24.72229,24.78359,0.48696,9.06727,-0.01845,-0.03094,0.00000,0.00000,0.00311,1.00000,0.00000,0.00085,-0.01951,0.00000,0.00000 ===
143.69233|I|libbeamng.print:18052| === LSTM_TRACE t=60 v=25.14 ws=23.94,24.03,24.60,24.66 cmd=0.631,0.658,0.332,0.396 cap=1918,2082,640,741 des=1918,2082,560,648 app=1858,2018,532,617 abs=nil,nil,nil,nil ebrake=1.00 ibrake=1.00 hasABS=0 sy=9.31 split=1.000,0.875 ===
143.69237|I|libbeamng.print:18052| === LSTM_OBS t=60 23.93924,24.02874,24.59984,24.66409,0.29010,9.30912,0.43188,-0.01818,0.00000,0.00000,0.00309,1.00000,0.00000,0.00082,-0.01963,0.00000,0.00000 ===
143.70099|I|libbeamng.print:18052| === LSTM_TRACE t=62 v=25.04 ws=23.96,23.92,24.53,24.51 cmd=0.665,0.653,0.351,0.378 cap=2012,1993,697,771 des=2012,1993,610,675 app=1950,1934,580,643 abs=nil,nil,nil,nil ebrake=1.00 ibrake=1.00 hasABS=0 sy=9.72 split=1.000,0.875 ===
143.70102|I|libbeamng.print:18052| === LSTM_OBS t=62 23.95558,23.91611,24.53393,24.51468,0.03301,9.71665,0.08603,0.00654,0.00000,0.00000,0.00254,1.00000,0.00000,0.00078,-0.01974,0.00000,0.00000 ===
143.71240|I|libbeamng.print:18052| === LSTM_TRACE t=64 v=24.96 ws=23.65,23.85,24.48,24.47 cmd=0.616,0.645,0.364,0.380 cap=2026,2018,663,750 des=2026,2018,580,656 app=1966,1960,552,625 abs=nil,nil,nil,nil ebrake=1.00 ibrake=1.00 hasABS=0 sy=9.10 split=1.000,0.875 ===
143.71244|I|libbeamng.print:18052| === LSTM_OBS t=64 23.65254,23.85268,24.47685,24.47412,0.20704,9.09970,-0.30456,-0.00399,0.00000,0.00000,0.00198,1.00000,0.00000,0.00076,-0.01985,0.00000,0.00000 ===
143.72597|I|libbeamng.print:18052| === LSTM_TRACE t=66 v=24.87 ws=23.60,23.73,24.33,24.42 cmd=0.612,0.641,0.343,0.393 cap=1887,2079,641,697 des=1887,2079,560,610 app=1833,2020,533,582 abs=nil,nil,nil,nil ebrake=1.00 ibrake=1.00 hasABS=0 sy=9.01 split=1.000,0.875 ===
143.72601|I|libbeamng.print:18052| === LSTM_OBS t=66 23.60261,23.73247,24.33014,24.41881,0.14867,9.00644,0.01330,0.00630,0.00000,0.00000,0.00283,1.00000,0.00000,0.00074,-0.01994,0.00000,0.00000 ===
143.73447|I|libbeamng.print:18052| === LSTM_TRACE t=68 v=24.78 ws=23.64,23.65,24.23,24.20 cmd=0.654,0.651,0.338,0.332 cap=1974,1931,702,727 des=1974,1931,614,636 app=1918,1878,585,607 abs=nil,nil,nil,nil ebrake=1.00 ibrake=1.00 hasABS=0 sy=9.03 split=1.000,0.875 ===
143.73451|I|libbeamng.print:18052| === LSTM_OBS t=68 23.63704,23.65133,24.22858,24.20115,-0.01626,9.03485,-0.13351,-0.00306,0.00000,0.00000,0.00289,1.00000,0.00000,0.00065,-0.02001,0.00000,0.00000 ===
143.74662|I|libbeamng.print:18052| === LSTM_TRACE t=70 v=24.69 ws=23.41,23.60,24.16,24.18 cmd=0.620,0.648,0.352,0.372 cap=1956,1972,678,725 des=1956,1972,593,634 app=1902,1920,565,606 abs=nil,nil,nil,nil ebrake=1.00 ibrake=1.00 hasABS=0 sy=8.95 split=1.000,0.875 ===
143.74666|I|libbeamng.print:18052| === LSTM_OBS t=70 23.40747,23.59533,24.15972,24.17544,0.10751,8.94562,-0.40062,-0.02177,0.00000,0.00000,0.00189,1.00000,0.00000,0.00068,-0.02010,0.00000,0.00000 ===
143.75886|I|libbeamng.print:18052| === LSTM_TRACE t=72 v=24.59 ws=23.39,23.51,24.16,24.11 cmd=0.606,0.642,0.348,0.378 cap=1879,2061,655,671 des=1879,2061,573,587 app=1829,2009,546,561 abs=nil,nil,nil,nil ebrake=1.00 ibrake=1.00 hasABS=0 sy=9.24 split=1.000,0.875 ===
143.75894|I|libbeamng.print:18052| === LSTM_OBS t=72 23.38761,23.51377,24.15864,24.11122,0.02414,9.23696,0.38325,-0.00062,0.00000,0.00000,0.00297,1.00000,0.00000,0.00075,-0.02012,0.00000,0.00000 ===
143.76753|I|libbeamng.print:18052| === LSTM_TRACE t=74 v=24.49 ws=23.42,23.44,24.01,24.05 cmd=0.675,0.634,0.332,0.363 cap=2018,1935,671,763 des=2018,1935,587,668 app=1966,1887,560,639 abs=nil,nil,nil,nil ebrake=1.00 ibrake=1.00 hasABS=0 sy=9.50 split=1.000,0.875 ===
143.76757|I|libbeamng.print:18052| === LSTM_OBS t=74 23.41839,23.43668,24.00642,24.05284,0.30715,9.49648,0.20699,0.00537,0.00000,0.00000,0.00322,1.00000,0.00000,0.00066,-0.02018,0.00000,0.00000 ===
143.77940|I|libbeamng.print:18052| === LSTM_TRACE t=76 v=24.42 ws=23.11,23.41,23.90,23.95 cmd=0.597,0.668,0.334,0.369 cap=1955,2003,682,698 des=1955,2003,596,611 app=1906,1955,569,584 abs=nil,nil,nil,nil ebrake=1.00 ibrake=1.00 hasABS=0 sy=8.94 split=1.000,0.875 ===
143.77944|I|libbeamng.print:18052| === LSTM_OBS t=76 23.11002,23.41452,23.90085,23.95207,0.15533,8.94000,0.04399,-0.01477,0.00000,0.00000,0.00169,1.00000,0.00000,0.00068,-0.02020,0.00000,0.00000 ===
143.79251|I|libbeamng.print:18052| === LSTM_TRACE t=78 v=24.32 ws=23.27,23.08,23.83,23.83 cmd=0.637,0.602,0.350,0.376 cap=1896,2006,631,760 des=1896,2006,552,665 app=1850,1959,527,636 abs=nil,nil,nil,nil ebrake=1.00 ibrake=1.00 hasABS=0 sy=8.99 split=1.000,0.875 ===
143.79255|I|libbeamng.print:18052| === LSTM_OBS t=78 23.26767,23.07910,23.82570,23.82868,-0.14937,8.98991,0.34105,0.00190,0.00000,0.00000,0.00285,1.00000,0.00000,0.00065,-0.02020,0.00000,0.00000 ===
143.80049|I|libbeamng.print:18052| === LSTM_TRACE t=80 v=24.23 ws=22.97,23.24,23.73,23.85 cmd=0.620,0.655,0.322,0.352 cap=1978,1881,697,672 des=1978,1881,609,588 app=1931,1838,582,563 abs=nil,nil,nil,nil ebrake=1.00 ibrake=1.00 hasABS=0 sy=8.90 split=1.000,0.875 ===
143.80054|I|libbeamng.print:18052| === LSTM_OBS t=80 22.97237,23.23660,23.73142,23.85095,0.26953,8.90065,-0.22935,-0.01668,0.00000,0.00000,0.00261,1.00000,0.00000,0.00065,-0.02024,0.00000,0.00000 ===
143.81322|I|libbeamng.print:18052| === LSTM_TRACE t=82 v=24.14 ws=23.02,22.99,23.62,23.61 cmd=0.612,0.639,0.349,0.386 cap=1852,2081,632,721 des=1852,2081,553,631 app=1810,2035,529,605 abs=nil,nil,nil,nil ebrake=1.00 ibrake=1.00 hasABS=0 sy=9.19 split=1.000,0.875 ===
143.81325|I|libbeamng.print:18052| === LSTM_OBS t=82 23.01686,22.98571,23.62181,23.61043,0.34371,9.18931,0.23477,-0.00641,0.00000,0.00000,0.00192,1.00000,0.00000,0.00071,-0.02028,0.00000,0.00000 ===
143.82543|I|libbeamng.print:18052| === LSTM_TRACE t=84 v=24.05 ws=22.87,22.95,23.61,23.57 cmd=0.638,0.626,0.341,0.344 cap=2000,1914,691,728 des=2000,1914,604,637 app=1955,1873,578,610 abs=nil,nil,nil,nil ebrake=1.00 ibrake=1.00 hasABS=0 sy=8.91 split=1.000,0.875 ===
143.82547|I|libbeamng.print:18052| === LSTM_OBS t=84 22.87320,22.95218,23.61446,23.57086,0.18973,8.91011,0.14532,-0.00926,0.00000,0.00000,0.00331,1.00000,0.00000,0.00063,-0.02027,0.00000,0.00000 ===
143.83405|I|libbeamng.print:18052| === LSTM_TRACE t=86 v=23.96 ws=22.75,22.96,23.49,23.56 cmd=0.603,0.644,0.323,0.379 cap=1866,2017,632,664 des=1866,2017,553,581 app=1825,1974,529,557 abs=nil,nil,nil,nil ebrake=1.00 ibrake=1.00 hasABS=0 sy=9.12 split=1.000,0.875 ===
143.83409|I|libbeamng.print:18052| === LSTM_OBS t=86 22.74755,22.95833,23.48999,23.55685,0.06112,9.12234,0.37854,0.01388,0.00000,0.00000,0.00192,1.00000,0.00000,0.00068,-0.02026,0.00000,0.00000 ===
143.84629|I|libbeamng.print:18052| === LSTM_TRACE t=88 v=23.87 ws=22.77,22.79,23.38,23.38 cmd=0.651,0.620,0.342,0.344 cap=1983,1893,653,743 des=1983,1893,572,650 app=1941,1855,547,623 abs=nil,nil,nil,nil ebrake=1.00 ibrake=1.00 hasABS=0 sy=8.86 split=1.000,0.875 ===
143.84632|I|libbeamng.print:18052| === LSTM_OBS t=88 22.76571,22.79353,23.37501,23.37513,0.21624,8.85898,0.53610,-0.01487,0.00000,0.00000,0.00239,1.00000,0.00000,0.00058,-0.02026,0.00000,0.00000 ===
143.85883|I|libbeamng.print:18052| === LSTM_TRACE t=90 v=23.79 ws=22.55,22.75,23.25,23.43 cmd=0.602,0.643,0.315,0.388 cap=1896,1989,675,710 des=1896,1989,591,621 app=1857,1949,566,596 abs=nil,nil,nil,nil ebrake=1.00 ibrake=1.00 hasABS=0 sy=8.79 split=1.000,0.875 ===
143.85887|I|libbeamng.print:18052| === LSTM_OBS t=90 22.55035,22.74609,23.25275,23.43061,0.23168,8.78785,-0.03227,-0.00487,0.00000,0.00000,0.00256,1.00000,0.00000,0.00061,-0.02029,0.00000,0.00000 ===
143.86846|I|libbeamng.print:18052| === LSTM_TRACE t=92 v=23.69 ws=22.57,22.62,23.22,23.21 cmd=0.636,0.636,0.345,0.351 cap=1928,1942,653,742 des=1928,1942,572,649 app=1889,1905,547,623 abs=nil,nil,nil,nil ebrake=1.00 ibrake=1.00 hasABS=0 sy=9.15 split=1.000,0.875 ===
143.86850|I|libbeamng.print:18052| === LSTM_OBS t=92 22.57181,22.61584,23.21803,23.20947,0.53631,9.14750,0.26724,-0.00962,0.00000,0.00000,0.00297,1.00000,0.00000,0.00055,-0.02028,0.00000,0.00000 ===
143.87897|I|libbeamng.print:18052| === LSTM_TRACE t=94 v=23.60 ws=22.40,22.51,23.15,23.20 cmd=0.605,0.630,0.341,0.386 cap=1922,2018,658,688 des=1922,2018,576,602 app=1884,1980,552,578 abs=nil,nil,nil,nil ebrake=1.00 ibrake=1.00 hasABS=0 sy=9.07 split=1.000,0.875 ===
143.87901|I|libbeamng.print:18052| === LSTM_OBS t=94 22.39873,22.50857,23.15198,23.20147,-0.20132,9.06599,0.25187,0.00754,0.00000,0.00000,0.00189,1.00000,0.00000,0.00053,-0.02033,0.00000,0.00000 ===
143.89237|I|libbeamng.print:18052| === LSTM_TRACE t=96 v=23.52 ws=22.39,22.49,23.04,23.07 cmd=0.639,0.634,0.332,0.325 cap=1975,1904,633,713 des=1975,1904,554,624 app=1937,1870,531,599 abs=nil,nil,nil,nil ebrake=1.00 ibrake=1.00 hasABS=0 sy=8.79 split=1.000,0.875 ===
143.89244|I|libbeamng.print:18052| === LSTM_OBS t=96 22.39198,22.49430,23.04274,23.06756,0.05372,8.79249,0.16277,-0.00889,0.00000,0.00000,0.00226,1.00000,0.00000,0.00050,-0.02033,0.00000,0.00000 ===
143.90130|I|libbeamng.print:18052| === LSTM_TRACE t=98 v=23.42 ws=22.26,22.29,22.94,22.98 cmd=0.606,0.629,0.343,0.402 cap=1882,2021,675,686 des=1882,2021,591,600 app=1847,1985,566,577 abs=nil,nil,nil,nil ebrake=1.00 ibrake=1.00 hasABS=0 sy=9.06 split=1.000,0.875 ===
143.90134|I|libbeamng.print:18052| === LSTM_OBS t=98 22.26364,22.29007,22.93735,22.98273,0.02178,9.06236,0.21392,-0.00284,0.00000,0.00000,0.00254,1.00000,0.00000,0.00057,-0.02038,0.00000,0.00000 ===
143.91233|I|libbeamng.print:18052| === LSTM_TRACE t=100 v=23.33 ws=22.13,22.36,22.92,22.96 cmd=0.621,0.632,0.337,0.328 cap=1977,1904,658,738 des=1977,1904,576,646 app=1941,1871,552,621 abs=nil,nil,nil,nil ebrake=1.00 ibrake=1.00 hasABS=0 sy=8.80 split=1.000,0.875 ===
143.91237|I|libbeamng.print:18052| === LSTM_OBS t=100 22.13401,22.36079,22.91967,22.95671,0.24513,8.79695,0.25475,-0.01033,0.00000,0.00000,0.00261,1.00000,0.00000,0.00057,-0.02039,0.00000,0.00000 ===
143.92561|I|libbeamng.print:18052| === LSTM_TRACE t=102 v=23.24 ws=22.25,22.07,22.80,22.80 cmd=0.631,0.622,0.340,0.404 cap=1891,2043,622,680 des=1891,2043,544,595 app=1858,2009,522,573 abs=nil,nil,nil,nil ebrake=1.00 ibrake=1.00 hasABS=0 sy=9.13 split=1.000,0.875 ===
143.92565|I|libbeamng.print:18052| === LSTM_OBS t=102 22.25014,22.07071,22.80217,22.80208,-0.08918,9.13052,0.24935,-0.00282,0.00000,0.00000,0.00198,1.00000,0.00000,0.00065,-0.02041,0.00000,0.00000 ===
143.93386|I|libbeamng.print:18052| === LSTM_TRACE t=104 v=23.16 ws=21.97,22.16,22.70,22.73 cmd=0.606,0.641,0.323,0.328 cap=1936,1914,700,659 des=1936,1914,612,576 app=1903,1882,587,554 abs=nil,nil,nil,nil ebrake=1.00 ibrake=1.00 hasABS=0 sy=8.75 split=1.000,0.875 ===
143.93390|I|libbeamng.print:18052| === LSTM_OBS t=104 21.96523,22.15929,22.69669,22.73452,0.02696,8.74835,0.18596,-0.00609,0.00000,0.00000,0.00244,1.00000,0.00000,0.00065,-0.02040,0.00000,0.00000 ===
143.94607|I|libbeamng.print:18052| === LSTM_TRACE t=106 v=23.06 ws=21.91,22.03,22.60,22.60 cmd=0.624,0.631,0.361,0.360 cap=1929,1957,607,759 des=1929,1957,531,664 app=1897,1926,510,639 abs=nil,nil,nil,nil ebrake=1.00 ibrake=1.00 hasABS=0 sy=9.18 split=1.000,0.875 ===
143.94611|I|libbeamng.print:18052| === LSTM_OBS t=106 21.90700,22.02738,22.60277,22.59791,0.26642,9.18009,-0.02019,-0.00439,0.00000,0.00000,0.00270,1.00000,0.00000,0.00070,-0.02050,0.00000,0.00000 ===
143.95862|I|libbeamng.print:18052| === LSTM_TRACE t=108 v=22.97 ws=21.93,21.93,22.57,22.65 cmd=0.612,0.618,0.315,0.390 cap=1867,1998,660,663 des=1867,1998,578,580 app=1836,1967,554,558 abs=nil,nil,nil,nil ebrake=1.00 ibrake=1.00 hasABS=0 sy=9.14 split=1.000,0.875 ===
143.95866|I|libbeamng.print:18052| === LSTM_OBS t=108 21.92680,21.93155,22.57009,22.64825,0.04687,9.13764,0.53167,0.00809,0.00000,0.00000,0.00189,1.00000,0.00000,0.00075,-0.02051,0.00000,0.00000 ===
143.96716|I|libbeamng.print:18052| === LSTM_TRACE t=110 v=22.89 ws=21.68,21.99,22.44,22.45 cmd=0.621,0.651,0.344,0.321 cap=2009,1915,630,688 des=2009,1915,551,602 app=1976,1886,529,579 abs=nil,nil,nil,nil ebrake=1.00 ibrake=1.00 hasABS=0 sy=8.75 split=1.000,0.875 ===
143.96720|I|libbeamng.print:18052| === LSTM_OBS t=110 21.67551,21.99479,22.43909,22.45115,0.24221,8.75099,0.34005,-0.01914,0.00000,0.00000,0.00221,1.00000,0.00000,0.00077,-0.02051,0.00000,0.00000 ===
143.97947|I|libbeamng.print:18052| === LSTM_TRACE t=112 v=22.79 ws=21.72,21.72,22.27,22.36 cmd=0.629,0.627,0.307,0.373 cap=1823,1930,665,770 des=1823,1930,582,673 app=1794,1901,559,649 abs=nil,nil,nil,nil ebrake=1.00 ibrake=1.00 hasABS=0 sy=9.17 split=1.000,0.875 ===
143.97950|I|libbeamng.print:18052| === LSTM_OBS t=112 21.72426,21.72352,22.27176,22.35695,0.09908,9.17296,-0.22529,0.00887,0.00000,0.00000,0.00244,1.00000,0.00000,0.00080,-0.02056,0.00000,0.00000 ===
143.99276|I|libbeamng.print:18052| === LSTM_TRACE t=114 v=22.70 ws=21.59,21.66,22.29,22.32 cmd=0.593,0.621,0.352,0.375 cap=1908,1999,644,599 des=1908,1999,564,524 app=1879,1970,542,505 abs=nil,nil,nil,nil ebrake=1.00 ibrake=1.00 hasABS=0 sy=9.20 split=1.000,0.875 ===
143.99283|I|libbeamng.print:18052| === LSTM_OBS t=114 21.58681,21.65520,22.29120,22.31689,0.09633,9.19834,0.51880,0.00142,0.00000,0.00000,0.00234,1.00000,0.00000,0.00083,-0.02061,0.00000,0.00000 ===
144.00113|I|libbeamng.print:18052| === LSTM_TRACE t=116 v=22.62 ws=21.47,21.72,22.18,22.20 cmd=0.635,0.639,0.327,0.315 cap=1965,1886,608,763 des=1965,1886,532,667 app=1936,1859,511,643 abs=nil,nil,nil,nil ebrake=1.00 ibrake=1.00 hasABS=0 sy=8.75 split=1.000,0.875 ===
144.00117|I|libbeamng.print:18052| === LSTM_OBS t=116 21.46557,21.71817,22.17546,22.19605,0.22428,8.74945,0.42732,-0.01573,0.00000,0.00000,0.00234,1.00000,0.00000,0.00084,-0.02063,0.00000,0.00000 ===
144.01312|I|libbeamng.print:18052| === LSTM_TRACE t=118 v=22.52 ws=21.46,21.49,22.11,22.16 cmd=0.613,0.623,0.321,0.391 cap=1828,1918,704,706 des=1828,1918,616,617 app=1802,1891,592,595 abs=nil,nil,nil,nil ebrake=1.00 ibrake=1.00 hasABS=0 sy=9.19 split=1.000,0.875 ===
144.01316|I|libbeamng.print:18052| === LSTM_OBS t=118 21.45904,21.48903,22.10711,22.16394,0.08551,9.18742,-0.09812,0.00654,0.00000,0.00000,0.00210,1.00000,0.00000,0.00086,-0.02065,0.00000,0.00000 ===
144.02531|I|libbeamng.print:18052| === LSTM_TRACE t=120 v=22.43 ws=21.37,21.36,22.02,22.04 cmd=0.601,0.619,0.357,0.369 cap=1930,2073,571,591 des=1930,2073,500,517 app=1903,2045,481,499 abs=nil,nil,nil,nil ebrake=1.00 ibrake=1.00 hasABS=0 sy=9.25 split=1.000,0.875 ===
144.02535|I|libbeamng.print:18052| === LSTM_OBS t=120 21.37492,21.35837,22.02128,22.04434,0.14646,9.24999,0.35536,0.00028,0.00000,0.00000,0.00216,1.00000,0.00000,0.00086,-0.02070,0.00000,0.00000 ===
144.03412|I|libbeamng.print:18052| === LSTM_TRACE t=122 v=22.35 ws=21.19,21.46,21.90,21.92 cmd=0.632,0.644,0.306,0.310 cap=1937,1823,670,774 des=1937,1823,587,677 app=1910,1799,564,653 abs=nil,nil,nil,nil ebrake=1.00 ibrake=1.00 hasABS=0 sy=8.76 split=1.000,0.875 ===
144.03416|I|libbeamng.print:18052| === LSTM_OBS t=122 21.19202,21.46327,21.90395,21.91773,0.11306,8.75700,0.59620,-0.00966,0.00000,0.00000,0.00226,1.00000,0.00000,0.00082,-0.02069,0.00000,0.00000 ===
144.04685|I|libbeamng.print:18052| === LSTM_TRACE t=124 v=22.26 ws=21.18,21.31,21.89,21.94 cmd=0.601,0.623,0.342,0.381 cap=1824,1932,684,703 des=1824,1932,599,615 app=1799,1907,576,593 abs=nil,nil,nil,nil ebrake=1.00 ibrake=1.00 hasABS=0 sy=8.93 split=1.000,0.875 ===
144.04689|I|libbeamng.print:18052| === LSTM_OBS t=124 21.18390,21.30753,21.88987,21.93562,0.22936,8.93142,-0.22637,-0.01166,0.00000,0.00000,0.00204,1.00000,0.00000,0.00088,-0.02077,0.00000,0.00000 ===
144.05913|I|libbeamng.print:18052| === LSTM_TRACE t=126 v=22.16 ws=21.18,21.03,21.74,21.77 cmd=0.619,0.600,0.331,0.370 cap=1932,2047,565,619 des=1932,2047,495,541 app=1906,2021,476,522 abs=nil,nil,nil,nil ebrake=1.00 ibrake=1.00 hasABS=0 sy=9.06 split=1.000,0.875 ===
144.05918|I|libbeamng.print:18052| === LSTM_OBS t=126 21.18337,21.03492,21.74338,21.77325,0.20996,9.05851,0.40428,0.00585,0.00000,0.00000,0.00229,1.00000,0.00000,0.00084,-0.02079,0.00000,0.00000 ===
144.06777|I|libbeamng.print:18052| === LSTM_TRACE t=128 v=22.08 ws=20.98,21.13,21.61,21.66 cmd=0.618,0.648,0.312,0.336 cap=1927,1894,684,689 des=1927,1894,599,603 app=1902,1870,576,582 abs=nil,nil,nil,nil ebrake=1.00 ibrake=1.00 hasABS=0 sy=8.81 split=1.000,0.875 ===
144.06781|I|libbeamng.print:18052| === LSTM_OBS t=128 20.97526,21.13267,21.60825,21.66327,0.00938,8.81384,0.43389,-0.00407,0.00000,0.00000,0.00221,1.00000,0.00000,0.00085,-0.02078,0.00000,0.00000 ===
144.07937|I|libbeamng.print:18052| === LSTM_TRACE t=130 v=22.00 ws=20.82,21.09,21.63,21.64 cmd=0.586,0.621,0.351,0.340 cap=1849,1908,668,746 des=1849,1908,584,653 app=1825,1885,563,630 abs=nil,nil,nil,nil ebrake=1.00 ibrake=1.00 hasABS=0 sy=8.66 split=1.000,0.875 ===
144.07940|I|libbeamng.print:18052| === LSTM_OBS t=130 20.82338,21.09289,21.63473,21.64384,0.19707,8.65681,-0.14734,-0.01633,0.00000,0.00000,0.00204,1.00000,0.00000,0.00086,-0.02087,0.00000,0.00000 ===
144.09203|I|libbeamng.print:18052| === LSTM_TRACE t=132 v=21.91 ws=20.88,20.94,21.47,21.52 cmd=0.629,0.613,0.306,0.348 cap=1920,1951,558,649 des=1920,1951,488,568 app=1895,1928,470,548 abs=nil,nil,nil,nil ebrake=1.00 ibrake=1.00 hasABS=0 sy=8.65 split=1.000,0.875 ===
144.09207|I|libbeamng.print:18052| === LSTM_OBS t=132 20.87718,20.93545,21.47118,21.52008,0.23570,8.64706,0.66099,-0.01230,0.00000,0.00000,0.00239,1.00000,0.00000,0.00081,-0.02089,0.00000,0.00000 ===
144.10060|I|libbeamng.print:18052| === LSTM_TRACE t=134 v=21.81 ws=20.76,20.87,21.34,21.39 cmd=0.617,0.643,0.326,0.352 cap=1898,1891,708,701 des=1898,1891,619,613 app=1875,1869,596,592 abs=nil,nil,nil,nil ebrake=1.00 ibrake=1.00 hasABS=0 sy=8.85 split=1.000,0.875 ===
144.10064|I|libbeamng.print:18052| === LSTM_OBS t=134 20.75926,20.86939,21.34467,21.38695,0.04917,8.85482,0.19727,0.00133,0.00000,0.00000,0.00198,1.00000,0.00000,0.00088,-0.02086,0.00000,0.00000 ===
144.11297|I|libbeamng.print:18052| === LSTM_TRACE t=136 v=21.72 ws=20.71,20.70,21.37,21.40 cmd=0.596,0.608,0.337,0.367 cap=1826,1976,644,696 des=1826,1976,564,609 app=1804,1953,543,588 abs=nil,nil,nil,nil ebrake=1.00 ibrake=1.00 hasABS=0 sy=9.21 split=1.000,0.875 ===
144.11301|I|libbeamng.print:18052| === LSTM_OBS t=136 20.70996,20.69713,21.36615,21.40203,0.13516,9.20934,0.06026,0.00420,0.00000,0.00000,0.00210,1.00000,0.00000,0.00087,-0.02096,0.00000,0.00000 ===
144.12597|I|libbeamng.print:18052| === LSTM_TRACE t=138 v=21.64 ws=20.54,20.65,21.21,21.25 cmd=0.614,0.615,0.333,0.349 cap=1954,1942,566,614 des=1954,1942,495,538 app=1931,1920,477,519 abs=nil,nil,nil,nil ebrake=1.00 ibrake=1.00 hasABS=0 sy=8.87 split=1.000,0.875 ===
144.12601|I|libbeamng.print:18052| === LSTM_OBS t=138 20.53939,20.65326,21.21329,21.25344,0.18853,8.87195,0.57555,-0.01014,0.00000,0.00000,0.00254,1.00000,0.00000,0.00084,-0.02092,0.00000,0.00000 ===
144.13377|I|libbeamng.print:18052| === LSTM_TRACE t=140 v=21.55 ws=20.35,20.70,21.07,21.11 cmd=0.603,0.658,0.335,0.332 cap=1917,1937,687,744 des=1917,1937,601,651 app=1895,1915,579,629 abs=nil,nil,nil,nil ebrake=1.00 ibrake=1.00 hasABS=0 sy=8.63 split=1.000,0.875 ===
144.13383|I|libbeamng.print:18052| === LSTM_OBS t=140 20.35486,20.70468,21.07334,21.10875,0.11421,8.62892,-0.35768,-0.01091,0.00000,0.00000,0.00154,1.00000,0.00000,0.00090,-0.02097,0.00000,0.00000 ===
144.14694|I|libbeamng.print:18052| === LSTM_TRACE t=142 v=21.46 ws=20.45,20.58,21.09,21.13 cmd=0.620,0.613,0.302,0.334 cap=1821,1842,660,747 des=1821,1842,577,653 app=1800,1822,556,631 abs=nil,nil,nil,nil ebrake=1.00 ibrake=1.00 hasABS=0 sy=8.85 split=1.000,0.875 ===
144.14698|I|libbeamng.print:18052| === LSTM_OBS t=142 20.44797,20.57723,21.09498,21.13294,0.20456,8.84512,0.73697,-0.01415,0.00000,0.00000,0.00244,1.00000,0.00000,0.00084,-0.02104,0.00000,0.00000 ===
144.15899|I|libbeamng.print:18052| === LSTM_TRACE t=144 v=21.37 ws=20.29,20.44,20.95,21.06 cmd=0.608,0.617,0.368,0.397 cap=1936,1956,604,628 des=1936,1956,528,550 app=1914,1936,509,531 abs=nil,nil,nil,nil ebrake=1.00 ibrake=1.00 hasABS=0 sy=9.00 split=1.000,0.875 ===
144.15904|I|libbeamng.print:18052| === LSTM_OBS t=144 20.28668,20.43512,20.94980,21.06080,0.14031,9.00243,-0.16155,-0.00308,0.00000,0.00000,0.00239,1.00000,0.00000,0.00085,-0.02100,0.00000,0.00000 ===
144.16877|I|libbeamng.print:18052| === LSTM_TRACE t=146 v=21.28 ws=20.30,20.26,20.92,20.92 cmd=0.606,0.626,0.315,0.344 cap=1868,1982,675,703 des=1868,1982,591,615 app=1848,1962,569,595 abs=nil,nil,nil,nil ebrake=1.00 ibrake=1.00 hasABS=0 sy=8.89 split=1.000,0.875 ===
144.16882|I|libbeamng.print:18052| === LSTM_OBS t=146 20.30076,20.26322,20.91679,20.92272,0.18858,8.89127,0.31913,-0.00232,0.00000,0.00000,0.00176,1.00000,0.00000,0.00085,-0.02109,0.00000,0.00000 ===
144.17934|I|libbeamng.print:18052| === LSTM_TRACE t=148 v=21.19 ws=20.25,20.23,20.75,20.77 cmd=0.636,0.631,0.296,0.333 cap=1823,1834,673,699 des=1823,1834,589,611 app=1803,1816,567,591 abs=nil,nil,nil,nil ebrake=1.00 ibrake=1.00 hasABS=0 sy=9.03 split=1.000,0.875 ===
144.17941|I|libbeamng.print:18052| === LSTM_OBS t=148 20.25365,20.22834,20.74562,20.77409,-0.04463,9.02538,0.70681,0.00317,0.00000,0.00000,0.00270,1.00000,0.00000,0.00084,-0.02108,0.00000,0.00000 ===
144.19291|I|libbeamng.print:18052| === LSTM_TRACE t=150 v=21.10 ws=20.06,20.08,20.71,20.79 cmd=0.591,0.605,0.388,0.412 cap=1924,2049,670,665 des=1924,2049,586,582 app=1904,2028,565,562 abs=nil,nil,nil,nil ebrake=1.00 ibrake=1.00 hasABS=0 sy=8.92 split=1.000,0.875 ===
144.19296|I|libbeamng.print:18052| === LSTM_OBS t=150 20.05636,20.08145,20.71409,20.79466,-0.03423,8.91926,-0.20474,0.00059,0.00000,0.00000,0.00142,1.00000,0.00000,0.00084,-0.02115,0.00000,0.00000 ===
144.20074|I|libbeamng.print:18052| === LSTM_TRACE t=152 v=21.02 ws=19.98,19.99,20.72,20.73 cmd=0.606,0.592,0.325,0.341 cap=1951,1911,571,669 des=1951,1911,499,586 app=1931,1892,481,566 abs=nil,nil,nil,nil ebrake=1.00 ibrake=1.00 hasABS=0 sy=8.79 split=1.000,0.875 ===
144.20078|I|libbeamng.print:18052| === LSTM_OBS t=152 19.97888,19.99293,20.72071,20.72754,0.26081,8.78654,0.97408,-0.00814,0.00000,0.00000,0.00229,1.00000,0.00000,0.00084,-0.02115,0.00000,0.00000 ===
144.21293|I|libbeamng.print:18052| === LSTM_TRACE t=154 v=20.93 ws=19.90,20.04,20.42,20.55 cmd=0.622,0.666,0.324,0.369 cap=1854,1980,681,680 des=1854,1980,596,595 app=1835,1961,575,575 abs=nil,nil,nil,nil ebrake=1.00 ibrake=1.00 hasABS=0 sy=8.74 split=1.000,0.875 ===
144.21299|I|libbeamng.print:18052| === LSTM_OBS t=154 19.89953,20.04422,20.41968,20.54941,0.05733,8.74053,-0.39625,-0.01083,0.00000,0.00000,0.00244,1.00000,0.00000,0.00090,-0.02116,0.00000,0.00000 ===
144.22599|I|libbeamng.print:18052| === LSTM_TRACE t=156 v=20.84 ws=19.72,19.87,20.53,20.50 cmd=0.599,0.584,0.372,0.345 cap=1933,1872,665,726 des=1933,1872,582,635 app=1913,1854,561,614 abs=nil,nil,nil,nil ebrake=1.00 ibrake=1.00 hasABS=0 sy=8.82 split=1.000,0.875 ===
144.22602|I|libbeamng.print:18052| === LSTM_OBS t=156 19.72447,19.87303,20.52911,20.50281,0.36836,8.81692,0.53428,-0.01576,0.00000,0.00000,0.00189,1.00000,0.00000,0.00082,-0.02123,0.00000,0.00000 ===
144.23427|I|libbeamng.print:18052| === LSTM_TRACE t=158 v=20.76 ws=19.60,19.93,20.32,20.42 cmd=0.604,0.657,0.328,0.367 cap=1928,2022,570,655 des=1928,2022,499,573 app=1909,2004,481,554 abs=nil,nil,nil,nil ebrake=1.00 ibrake=1.00 hasABS=0 sy=8.59 split=1.000,0.875 ===
144.23431|I|libbeamng.print:18052| === LSTM_OBS t=158 19.60054,19.93099,20.32191,20.41804,-0.03110,8.58641,-0.21773,-0.00825,0.00000,0.00000,0.00221,1.00000,0.00000,0.00089,-0.02121,0.00000,0.00000 ===
144.24653|I|libbeamng.print:18052| === LSTM_TRACE t=160 v=20.66 ws=19.59,19.74,20.21,20.23 cmd=0.633,0.630,0.312,0.320 cap=1870,1850,756,765 des=1870,1850,661,669 app=1852,1833,638,648 abs=nil,nil,nil,nil ebrake=1.00 ibrake=1.00 hasABS=0 sy=8.75 split=1.000,0.875 ===
144.24657|I|libbeamng.print:18052| === LSTM_OBS t=160 19.59217,19.73866,20.20522,20.22955,0.23248,8.74771,0.49668,-0.01970,0.00000,0.00000,0.00221,1.00000,0.00000,0.00087,-0.02126,0.00000,0.00000 ===
144.25938|I|libbeamng.print:18052| === LSTM_TRACE t=162 v=20.57 ws=19.40,19.74,20.22,20.23 cmd=0.586,0.629,0.363,0.359 cap=1870,1859,648,723 des=1870,1859,567,632 app=1852,1842,547,612 abs=nil,nil,nil,nil ebrake=1.00 ibrake=1.00 hasABS=0 sy=8.84 split=1.000,0.875 ===
144.25942|I|libbeamng.print:18052| === LSTM_OBS t=162 19.40319,19.74386,20.22429,20.23305,0.08893,8.84331,-0.20945,-0.00517,0.00000,0.00000,0.00216,1.00000,0.00000,0.00085,-0.02129,0.00000,0.00000 ===
144.26746|I|libbeamng.print:18052| === LSTM_TRACE t=164 v=20.49 ws=19.40,19.50,20.06,20.16 cmd=0.630,0.610,0.336,0.368 cap=1978,2046,576,683 des=1978,2046,504,597 app=1960,2028,486,578 abs=nil,nil,nil,nil ebrake=1.00 ibrake=1.00 hasABS=0 sy=8.76 split=1.000,0.875 ===
144.26750|I|libbeamng.print:18052| === LSTM_OBS t=164 19.39799,19.50129,20.06269,20.15503,0.33340,8.76334,0.51286,-0.01710,0.00000,0.00000,0.00239,1.00000,0.00000,0.00082,-0.02129,0.00000,0.00000 ===
144.28063|I|libbeamng.print:18052| === LSTM_TRACE t=166 v=20.39 ws=19.24,19.60,20.03,20.01 cmd=0.602,0.660,0.335,0.327 cap=1878,1768,730,738 des=1878,1768,639,646 app=1861,1753,617,625 abs=nil,nil,nil,nil ebrake=1.00 ibrake=1.00 hasABS=0 sy=8.89 split=1.000,0.875 ===
144.28071|I|libbeamng.print:18052| === LSTM_OBS t=166 19.24386,19.59720,20.02929,20.00984,0.06771,8.89217,0.00897,-0.00712,0.00000,0.00000,0.00198,1.00000,0.00000,0.00085,-0.02128,0.00000,0.00000 ===
144.29365|I|libbeamng.print:18052| === LSTM_TRACE t=168 v=20.31 ws=19.23,19.31,19.93,20.00 cmd=0.616,0.592,0.368,0.389 cap=1920,2068,588,724 des=1920,2068,515,633 app=1902,2051,497,613 abs=nil,nil,nil,nil ebrake=1.00 ibrake=1.00 hasABS=0 sy=8.77 split=1.000,0.875 ===
144.29369|I|libbeamng.print:18052| === LSTM_OBS t=168 19.23098,19.31444,19.93215,19.99700,0.36042,8.77471,0.14974,-0.01494,0.00000,0.00000,0.00216,1.00000,0.00000,0.00084,-0.02139,0.00000,0.00000 ===
144.30104|I|libbeamng.print:18052| === LSTM_TRACE t=170 v=20.22 ws=19.04,19.37,19.93,19.93 cmd=0.586,0.638,0.358,0.359 cap=1960,1861,651,639 des=1960,1861,570,559 app=1943,1845,550,541 abs=nil,nil,nil,nil ebrake=1.00 ibrake=1.00 hasABS=0 sy=8.84 split=1.000,0.875 ===
144.30108|I|libbeamng.print:18052| === LSTM_OBS t=170 19.03632,19.37357,19.93171,19.93189,0.15884,8.83881,-0.05225,-0.00873,0.00000,0.00000,0.00226,1.00000,0.00000,0.00084,-0.02132,0.00000,0.00000 ===
144.31392|I|libbeamng.print:18052| === LSTM_TRACE t=172 v=20.13 ws=19.11,19.14,19.73,19.76 cmd=0.630,0.620,0.330,0.355 cap=1877,2026,632,757 des=1877,2026,553,662 app=1861,2010,534,641 abs=nil,nil,nil,nil ebrake=1.00 ibrake=1.00 hasABS=0 sy=8.82 split=1.000,0.875 ===
144.31402|I|libbeamng.print:18052| === LSTM_OBS t=172 19.10639,19.14203,19.73151,19.76359,0.27346,8.82330,0.26215,-0.01155,0.00000,0.00000,0.00229,1.00000,0.00000,0.00084,-0.02140,0.00000,0.00000 ===
144.32633|I|libbeamng.print:18052| === LSTM_TRACE t=174 v=20.04 ws=18.91,19.15,19.71,19.80 cmd=0.594,0.608,0.369,0.387 cap=1952,1831,644,670 des=1952,1831,564,586 app=1936,1816,544,568 abs=nil,nil,nil,nil ebrake=1.00 ibrake=1.00 hasABS=0 sy=8.78 split=1.000,0.875 ===
144.32637|I|libbeamng.print:18052| === LSTM_OBS t=174 18.90740,19.14582,19.70825,19.79544,0.06296,8.77670,-0.10879,-0.00857,0.00000,0.00000,0.00210,1.00000,0.00000,0.00081,-0.02137,0.00000,0.00000 ===
144.33478|I|libbeamng.print:18052| === LSTM_TRACE t=176 v=19.95 ws=18.95,18.91,19.58,19.63 cmd=0.618,0.622,0.342,0.385 cap=1917,2129,623,665 des=1917,2129,545,582 app=1901,2112,526,564 abs=nil,nil,nil,nil ebrake=1.00 ibrake=1.00 hasABS=0 sy=8.87 split=1.000,0.875 ===
144.33484|I|libbeamng.print:18052| === LSTM_OBS t=176 18.94761,18.91324,19.57888,19.63497,0.30114,8.86759,0.27917,-0.00824,0.00000,0.00000,0.00244,1.00000,0.00000,0.00078,-0.02145,0.00000,0.00000 ===
144.34591|I|libbeamng.print:18052| === LSTM_TRACE t=178 v=19.86 ws=18.90,18.92,19.52,19.61 cmd=0.621,0.610,0.343,0.372 cap=1925,1813,681,695 des=1925,1813,596,608 app=1909,1798,576,589 abs=nil,nil,nil,nil ebrake=1.00 ibrake=1.00 hasABS=0 sy=8.87 split=1.000,0.875 ===
144.34595|I|libbeamng.print:18052| === LSTM_OBS t=178 18.89535,18.91874,19.52397,19.60593,-0.11129,8.86924,-0.21262,-0.00346,0.00000,0.00000,0.00221,1.00000,0.00000,0.00079,-0.02138,0.00000,0.00000 ===
144.35960|I|libbeamng.print:18052| === LSTM_TRACE t=180 v=19.77 ws=18.81,18.72,19.39,19.46 cmd=0.604,0.617,0.334,0.385 cap=1874,2087,666,644 des=1874,2087,582,564 app=1858,2070,563,546 abs=nil,nil,nil,nil ebrake=1.00 ibrake=1.00 hasABS=0 sy=8.87 split=1.000,0.875 ===
144.35963|I|libbeamng.print:18052| === LSTM_OBS t=180 18.80969,18.71581,19.39475,19.46210,0.15767,8.87188,0.47870,-0.00295,0.00000,0.00000,0.00234,1.00000,0.00000,0.00078,-0.02147,0.00000,0.00000 ===
144.36767|I|libbeamng.print:18052| === LSTM_TRACE t=182 v=19.68 ws=18.69,18.80,19.37,19.43 cmd=0.623,0.620,0.370,0.363 cap=1963,1858,650,712 des=1963,1858,568,623 app=1947,1844,549,603 abs=nil,nil,nil,nil ebrake=1.00 ibrake=1.00 hasABS=0 sy=8.90 split=1.000,0.875 ===
144.36770|I|libbeamng.print:18052| === LSTM_OBS t=182 18.69015,18.79657,19.36666,19.42847,-0.12128,8.90129,-0.07007,-0.00025,0.00000,0.00000,0.00204,1.00000,0.00000,0.00079,-0.02142,0.00000,0.00000 ===
144.37998|I|libbeamng.print:18052| === LSTM_TRACE t=184 v=19.59 ws=18.55,18.65,19.19,19.29 cmd=0.607,0.633,0.306,0.372 cap=1865,2017,673,664 des=1865,2017,589,581 app=1850,2002,569,563 abs=nil,nil,nil,nil ebrake=1.00 ibrake=1.00 hasABS=0 sy=8.96 split=1.000,0.875 ===
144.38002|I|libbeamng.print:18052| === LSTM_OBS t=184 18.54550,18.65372,19.19414,19.29305,0.09248,8.95886,0.51077,0.00196,0.00000,0.00000,0.00226,1.00000,0.00000,0.00080,-0.02143,0.00000,0.00000 ===
144.39319|I|libbeamng.print:18052| === LSTM_TRACE t=186 v=19.50 ws=18.43,18.69,19.16,19.15 cmd=0.615,0.638,0.375,0.321 cap=1936,1818,685,768 des=1936,1818,600,672 app=1921,1805,580,651 abs=nil,nil,nil,nil ebrake=1.00 ibrake=1.00 hasABS=0 sy=8.87 split=1.000,0.875 ===
144.39326|I|libbeamng.print:18052| === LSTM_OBS t=186 18.42809,18.68991,19.16053,19.15203,-0.00351,8.87340,0.03627,-0.00227,0.00000,0.00000,0.00216,1.00000,0.00000,0.00080,-0.02144,0.00000,0.00000 ===
144.40133|I|libbeamng.print:18052| === LSTM_TRACE t=188 v=19.41 ws=18.29,18.48,19.06,19.14 cmd=0.605,0.607,0.334,0.402 cap=1894,1988,607,696 des=1894,1988,531,609 app=1880,1974,514,590 abs=nil,nil,nil,nil ebrake=1.00 ibrake=1.00 hasABS=0 sy=8.93 split=1.000,0.875 ===
144.40137|I|libbeamng.print:18052| === LSTM_OBS t=188 18.29061,18.48220,19.05673,19.13607,0.12715,8.93465,0.17426,-0.00272,0.00000,0.00000,0.00221,1.00000,0.00000,0.00082,-0.02142,0.00000,0.00000 ===
144.41448|I|libbeamng.print:18052| === LSTM_TRACE t=190 v=19.33 ws=18.28,18.33,18.97,18.96 cmd=0.607,0.624,0.350,0.330 cap=1928,1918,696,686 des=1928,1918,609,600 app=1913,1904,588,581 abs=nil,nil,nil,nil ebrake=1.00 ibrake=1.00 hasABS=0 sy=8.74 split=1.000,0.875 ===
144.41452|I|libbeamng.print:18052| === LSTM_OBS t=190 18.28131,18.32673,18.97329,18.95984,0.13991,8.73579,0.28644,-0.00913,0.00000,0.00000,0.00229,1.00000,0.00000,0.00080,-0.02139,0.00000,0.00000 ===
144.42647|I|libbeamng.print:18052| === LSTM_TRACE t=192 v=19.23 ws=18.24,18.23,18.87,18.92 cmd=0.619,0.601,0.351,0.400 cap=1888,1956,588,714 des=1888,1956,515,624 app=1874,1942,498,605 abs=nil,nil,nil,nil ebrake=1.00 ibrake=1.00 hasABS=0 sy=9.03 split=1.000,0.875 ===
144.42651|I|libbeamng.print:18052| === LSTM_OBS t=192 18.23976,18.22621,18.87176,18.91742,0.00739,9.03344,-0.09626,0.00546,0.00000,0.00000,0.00226,1.00000,0.00000,0.00082,-0.02140,0.00000,0.00000 ===
144.44250|I|libbeamng.print:18052| === LSTM_TRACE t=194 v=19.15 ws=18.17,18.20,18.77,18.79 cmd=0.614,0.639,0.301,0.332 cap=1863,1923,751,653 des=1863,1923,657,571 app=1850,1910,635,554 abs=nil,nil,nil,nil ebrake=1.00 ibrake=1.00 hasABS=0 sy=8.84 split=1.000,0.875 ===
144.44255|I|libbeamng.print:18052| === LSTM_OBS t=194 18.16973,18.19748,18.76952,18.79374,0.44174,8.84157,0.59173,-0.00533,0.00000,0.00000,0.00229,1.00000,0.00000,0.00081,-0.02139,0.00000,0.00000 ===
144.45114|I|libbeamng.print:18052| === LSTM_TRACE t=196 v=19.05 ws=18.00,18.26,18.67,18.73 cmd=0.618,0.637,0.365,0.343 cap=1888,1820,633,797 des=1888,1820,554,697 app=1874,1807,536,676 abs=nil,nil,nil,nil ebrake=1.00 ibrake=1.00 hasABS=0 sy=9.02 split=1.000,0.875 ===
144.45118|I|libbeamng.print:18052| === LSTM_OBS t=196 18.00206,18.26227,18.66807,18.73014,-0.15593,9.02032,-0.20420,0.00150,0.00000,0.00000,0.00189,1.00000,0.00000,0.00084,-0.02139,0.00000,0.00000 ===
144.46288|I|libbeamng.print:18052| === LSTM_TRACE t=198 v=18.97 ws=17.82,18.06,18.59,18.67 cmd=0.602,0.612,0.310,0.365 cap=1878,1932,695,690 des=1878,1932,608,604 app=1864,1919,588,585 abs=nil,nil,nil,nil ebrake=1.00 ibrake=1.00 hasABS=0 sy=8.68 split=1.000,0.875 ===
144.46291|I|libbeamng.print:18052| === LSTM_OBS t=198 17.81972,18.06323,18.59478,18.67030,0.39595,8.67777,0.52944,-0.01106,0.00000,0.00000,0.00216,1.00000,0.00000,0.00084,-0.02133,0.00000,0.00000 ===
144.47566|I|libbeamng.print:18052| === LSTM_TRACE t=200 v=18.88 ws=17.88,17.83,18.52,18.57 cmd=0.610,0.603,0.374,0.362 cap=1891,1922,664,714 des=1891,1922,581,624 app=1878,1910,561,605 abs=nil,nil,nil,nil ebrake=1.00 ibrake=1.00 hasABS=0 sy=8.78 split=1.000,0.875 ===
144.47571|I|libbeamng.print:18052| === LSTM_OBS t=200 17.87704,17.83337,18.51643,18.57200,-0.11419,8.78415,0.01806,-0.00678,0.00000,0.00000,0.00244,1.00000,0.00000,0.00084,-0.02137,0.00000,0.00000 ===
144.48488|I|libbeamng.print:18052| === LSTM_TRACE t=202 v=18.79 ws=17.86,17.79,18.48,18.55 cmd=0.607,0.599,0.330,0.414 cap=1885,2011,609,598 des=1885,2011,532,523 app=1872,1997,515,507 abs=nil,nil,nil,nil ebrake=1.00 ibrake=1.00 hasABS=0 sy=8.91 split=1.000,0.875 ===
144.48491|I|libbeamng.print:18052| === LSTM_OBS t=202 17.85616,17.79164,18.48173,18.55355,0.06478,8.91317,0.11155,0.00393,0.00000,0.00000,0.00198,1.00000,0.00000,0.00088,-0.02130,0.00000,0.00000 ===
144.49544|I|libbeamng.print:18052| === LSTM_TRACE t=204 v=18.70 ws=17.63,17.94,18.38,18.37 cmd=0.607,0.663,0.337,0.288 cap=1905,1827,731,731 des=1905,1827,640,640 app=1892,1816,619,620 abs=nil,nil,nil,nil ebrake=1.00 ibrake=1.00 hasABS=0 sy=8.84 split=1.000,0.875 ===
144.49547|I|libbeamng.print:18052| === LSTM_OBS t=204 17.62616,17.94074,18.37601,18.36613,0.14897,8.84499,0.61252,-0.00591,0.00000,0.00000,0.00224,1.00000,0.00000,0.00085,-0.02132,0.00000,0.00000 ===
144.50909|I|libbeamng.print:18052| === LSTM_TRACE t=206 v=18.61 ws=17.54,17.78,18.28,18.35 cmd=0.610,0.599,0.365,0.391 cap=1865,1882,606,799 des=1865,1882,530,699 app=1852,1870,512,678 abs=nil,nil,nil,nil ebrake=1.00 ibrake=1.00 hasABS=0 sy=8.91 split=1.000,0.875 ===
144.50928|I|libbeamng.print:18052| === LSTM_OBS t=206 17.53789,17.78146,18.28424,18.34655,-0.05069,8.91486,-0.30260,0.00029,0.00000,0.00000,0.00234,1.00000,0.00000,0.00090,-0.02131,0.00000,0.00000 ===
144.51699|I|libbeamng.print:18052| === LSTM_TRACE t=208 v=18.53 ws=17.52,17.47,18.19,18.22 cmd=0.600,0.602,0.333,0.380 cap=1942,2016,657,588 des=1942,2016,575,515 app=1929,2003,556,499 abs=nil,nil,nil,nil ebrake=1.00 ibrake=1.00 hasABS=0 sy=8.66 split=1.000,0.875 ===
144.51702|I|libbeamng.print:18052| === LSTM_OBS t=208 17.51874,17.46990,18.19374,18.21648,0.32932,8.65618,0.36490,-0.01245,0.00000,0.00000,0.00210,1.00000,0.00000,0.00088,-0.02121,0.00000,0.00000 ===
144.53000|I|libbeamng.print:18052| === LSTM_TRACE t=210 v=18.43 ws=17.55,17.55,18.02,18.12 cmd=0.643,0.656,0.302,0.331 cap=1810,1862,729,776 des=1810,1862,638,679 app=1797,1850,617,658 abs=nil,nil,nil,nil ebrake=1.00 ibrake=1.00 hasABS=0 sy=9.17 split=1.000,0.875 ===
144.53003|I|libbeamng.print:18052| === LSTM_OBS t=210 17.54538,17.54723,18.02352,18.11745,-0.01702,9.16516,0.32432,-0.00214,0.00000,0.00000,0.00226,1.00000,0.00000,0.00090,-0.02128,0.00000,0.00000 ===
144.54252|I|libbeamng.print:18052| === LSTM_TRACE t=212 v=18.34 ws=17.21,17.60,18.05,18.13 cmd=0.585,0.619,0.378,0.376 cap=1891,1850,691,702 des=1891,1850,605,614 app=1879,1838,585,595 abs=nil,nil,nil,nil ebrake=1.00 ibrake=1.00 hasABS=0 sy=9.05 split=1.000,0.875 ===
144.54256|I|libbeamng.print:18052| === LSTM_OBS t=212 17.20522,17.60296,18.04748,18.12651,0.18151,9.04748,0.04561,-0.00410,0.00000,0.00000,0.00189,1.00000,0.00000,0.00091,-0.02126,0.00000,0.00000 ===
144.55150|I|libbeamng.print:18052| === LSTM_TRACE t=214 v=18.26 ws=17.21,17.21,18.04,18.01 cmd=0.604,0.576,0.393,0.386 cap=1993,2035,567,721 des=1993,2035,496,631 app=1980,2023,480,612 abs=nil,nil,nil,nil ebrake=1.00 ibrake=1.00 hasABS=0 sy=8.78 split=1.000,0.875 ===
144.55154|I|libbeamng.print:18052| === LSTM_OBS t=214 17.20657,17.21003,18.04393,18.01226,0.19686,8.77731,0.31584,-0.01346,0.00000,0.00000,0.00221,1.00000,0.00000,0.00090,-0.02124,0.00000,0.00000 ===
144.56320|I|libbeamng.print:18052| === LSTM_TRACE t=216 v=18.16 ws=17.31,17.23,17.82,17.88 cmd=0.633,0.659,0.284,0.390 cap=1833,1992,682,611 des=1833,1992,597,534 app=1821,1980,578,518 abs=nil,nil,nil,nil ebrake=1.00 ibrake=1.00 hasABS=0 sy=9.15 split=1.000,0.875 ===
144.56324|I|libbeamng.print:18052| === LSTM_OBS t=216 17.31028,17.22933,17.81732,17.87905,-0.00628,9.15412,0.22039,0.00513,0.00000,0.00000,0.00254,1.00000,0.00000,0.00092,-0.02122,0.00000,0.00000 ===
144.57627|I|libbeamng.print:18052| === LSTM_TRACE t=218 v=18.08 ws=16.94,17.35,17.72,17.69 cmd=0.616,0.651,0.351,0.270 cap=1886,1700,827,859 des=1886,1700,724,752 app=1874,1690,673,729 abs=nil,nil,nil,nil ebrake=1.00 ibrake=1.00 hasABS=0 sy=8.94 split=1.000,0.875 ===
144.57634|I|libbeamng.print:18052| === LSTM_OBS t=218 16.94208,17.34896,17.71695,17.68878,0.23257,8.94030,0.45530,-0.00627,0.00000,0.00000,0.00192,1.00000,0.00000,0.00093,-0.02123,0.00000,0.00000 ===
144.58436|I|libbeamng.print:18052| === LSTM_TRACE t=220 v=17.99 ws=17.05,16.84,17.85,17.89 cmd=0.591,0.515,0.442,0.533 cap=1911,2151,536,665 des=1911,2151,469,582 app=1898,2138,454,564 abs=nil,nil,nil,nil ebrake=1.00 ibrake=1.00 hasABS=0 sy=8.85 split=1.000,0.875 ===
144.58439|I|libbeamng.print:18052| === LSTM_OBS t=220 17.05386,16.83974,17.84818,17.89067,0.25210,8.85267,0.04796,-0.01521,0.00000,0.00000,0.00176,1.00000,0.00000,0.00092,-0.02129,0.00000,0.00000 ===
144.59629|I|libbeamng.print:18052| === LSTM_TRACE t=222 v=17.89 ws=16.97,17.10,17.48,17.49 cmd=0.645,0.727,0.241,0.261 cap=2003,1850,708,580 des=2003,1850,620,507 app=1991,1839,600,564 abs=nil,nil,nil,nil ebrake=1.00 ibrake=1.00 hasABS=0 sy=9.15 split=1.000,0.875 ===
144.59635|I|libbeamng.print:18052| === LSTM_OBS t=222 16.96540,17.09802,17.48093,17.49076,-0.12127,9.14787,0.19690,0.00222,0.00000,0.00000,0.00274,1.00000,0.00000,0.00096,-0.02120,0.00000,0.00000 ===
144.60938|I|libbeamng.print:18052| === LSTM_TRACE t=224 v=17.81 ws=16.69,16.89,17.51,17.58 cmd=0.597,0.551,0.438,0.403 cap=1740,1702,852,1094 des=1740,1702,745,957 app=1729,1839,603,637 abs=nil,nil,nil,nil ebrake=1.00 ibrake=1.00 hasABS=0 sy=8.97 split=1.000,0.875 ===
144.60942|I|libbeamng.print:18052| === LSTM_OBS t=224 16.69453,16.89138,17.51204,17.57644,0.21342,8.96811,0.01672,-0.00598,0.00000,0.00000,0.00198,1.00000,0.00000,0.00097,-0.02134,0.00000,0.00000 ===
144.61794|I|libbeamng.print:18052| === LSTM_TRACE t=226 v=17.72 ws=16.86,16.85,17.45,17.59 cmd=0.613,0.653,0.341,0.454 cap=2100,2355,409,385 des=2100,2355,358,337 app=2087,2084,515,458 abs=nil,nil,nil,nil ebrake=1.00 ibrake=1.00 hasABS=0 sy=8.79 split=1.000,0.875 ===
144.61798|I|libbeamng.print:18052| === LSTM_OBS t=226 16.86151,16.84811,17.45256,17.58792,0.11665,8.79122,0.13578,-0.00961,0.00000,0.00000,0.00234,1.00000,0.00000,0.00097,-0.02124,0.00000,0.00000 ===
144.63037|I|libbeamng.print:18052| === LSTM_TRACE t=228 v=17.62 ws=16.57,17.00,17.27,17.22 cmd=0.655,0.700,0.311,0.244 cap=1742,1554,1070,1040 des=1742,1554,936,910 app=1731,1626,766,871 abs=nil,nil,nil,nil ebrake=1.00 ibrake=1.00 hasABS=0 sy=9.20 split=1.000,0.875 ===
144.63041|I|libbeamng.print:18052| === LSTM_OBS t=228 16.57406,16.99858,17.26839,17.22091,0.18970,9.20201,0.28248,0.00185,0.00000,0.00000,0.00224,1.00000,0.00000,0.00104,-0.02132,0.00000,0.00000 ===
144.64261|I|libbeamng.print:18052| === LSTM_TRACE t=230 v=17.55 ws=16.53,16.38,17.43,17.38 cmd=0.552,0.472,0.512,0.536 cap=2019,2232,429,601 des=2019,2232,375,526 app=2007,2220,363,510 abs=nil,nil,nil,nil ebrake=1.00 ibrake=1.00 hasABS=0 sy=8.66 split=1.000,0.875 ===
144.64265|I|libbeamng.print:18052| === LSTM_OBS t=230 16.53382,16.38410,17.43129,17.37733,0.13178,8.65670,0.04192,-0.00694,0.00000,0.00000,0.00254,1.00000,0.00000,0.00098,-0.02132,0.00000,0.00000 ===
144.65076|I|libbeamng.print:18052| === LSTM_TRACE t=232 v=17.45 ws=16.62,16.82,16.97,17.13 cmd=0.696,0.769,0.165,0.244 cap=1798,1616,959,708 des=1798,1616,839,620 app=1788,1607,774,601 abs=nil,nil,nil,nil ebrake=1.00 ibrake=1.00 hasABS=0 sy=9.12 split=1.000,0.875 ===
144.65079|I|libbeamng.print:18052| === LSTM_OBS t=232 16.62260,16.81964,16.97283,17.13066,-0.21237,9.12340,-0.00581,0.00048,0.00000,0.00000,0.00229,1.00000,0.00000,0.00099,-0.02131,0.00000,0.00000 ===
144.66339|I|libbeamng.print:18052| === LSTM_TRACE t=234 v=17.37 ws=16.22,16.45,17.18,17.32 cmd=0.522,0.471,0.636,0.530 cap=2026,2119,526,779 des=2026,2119,460,681 app=2014,2107,445,609 abs=nil,nil,nil,nil ebrake=1.00 ibrake=1.00 hasABS=0 sy=8.76 split=1.000,0.875 ===
144.66343|I|libbeamng.print:18052| === LSTM_OBS t=234 16.22347,16.45277,17.17753,17.32078,0.13636,8.75791,0.12496,-0.00466,0.00000,0.00000,0.00154,1.00000,0.00000,0.00106,-0.02137,0.00000,0.00000 ===
144.67602|I|libbeamng.print:18052| === LSTM_TRACE t=236 v=17.27 ws=16.51,16.40,16.84,16.80 cmd=0.692,0.750,0.150,0.256 cap=1833,2054,784,617 des=1833,2054,686,540 app=1822,2043,664,609 abs=nil,nil,nil,nil ebrake=1.00 ibrake=1.00 hasABS=0 sy=9.02 split=1.000,0.875 ===
144.67610|I|libbeamng.print:18052| === LSTM_OBS t=236 16.51320,16.40177,16.84414,16.80340,0.17297,9.02216,0.80510,-0.00472,0.00000,0.00000,0.00244,1.00000,0.00000,0.00107,-0.02129,0.00000,0.00000 ===
144.68591|I|libbeamng.print:18052| === LSTM_TRACE t=238 v=17.18 ws=15.97,15.98,17.01,17.13 cmd=0.562,0.399,0.632,0.483 cap=1971,1453,806,984 des=1971,1453,705,861 app=1960,1926,664,628 abs=nil,nil,nil,nil ebrake=1.00 ibrake=1.00 hasABS=0 sy=9.19 split=1.000,0.875 ===
144.68595|I|libbeamng.print:18052| === LSTM_OBS t=238 15.97228,15.98262,17.01119,17.12825,0.03920,9.19381,-0.32110,-0.00723,0.00000,0.00000,0.00301,1.00000,0.00000,0.00103,-0.02141,0.00000,0.00000 ===
144.69718|I|libbeamng.print:18052| === LSTM_TRACE t=240 v=17.09 ws=16.31,16.50,16.67,16.71 cmd=0.654,0.808,0.190,0.324 cap=2076,2441,380,392 des=2076,2441,333,343 app=2064,1926,664,591 abs=nil,nil,nil,nil ebrake=1.00 ibrake=1.00 hasABS=0 sy=8.96 split=1.000,0.875 ===
144.69722|I|libbeamng.print:18052| === LSTM_OBS t=240 16.30734,16.50470,16.67119,16.70637,-0.16525,8.96377,0.54781,0.00685,0.00000,0.00000,0.00198,1.00000,0.00000,0.00109,-0.02125,0.00000,0.00000 ===
144.70978|I|libbeamng.print:18052| === LSTM_TRACE t=242 v=17.00 ws=15.98,15.91,16.70,16.76 cmd=0.655,0.476,0.516,0.382 cap=1662,1404,1347,1318 des=1662,1404,1178,1153 app=1653,1927,664,741 abs=nil,nil,nil,nil ebrake=1.00 ibrake=1.00 hasABS=0 sy=9.03 split=1.000,0.875 ===
144.70982|I|libbeamng.print:18052| === LSTM_OBS t=242 15.97723,15.90808,16.70110,16.75633,0.26320,9.03315,0.23589,-0.00870,0.00000,0.00000,0.00162,1.00000,0.00000,0.00100,-0.02142,0.00000,0.00000 ===
144.71804|I|libbeamng.print:18052| === LSTM_TRACE t=244 v=16.91 ws=15.90,16.45,16.66,16.78 cmd=0.583,0.757,0.339,0.405 cap=2248,2447,243,320 des=2248,2447,213,280 app=2235,1927,644,423 abs=nil,nil,nil,nil ebrake=1.00 ibrake=1.00 hasABS=0 sy=9.13 split=1.000,0.875 ===
144.71808|I|libbeamng.print:18052| === LSTM_OBS t=244 15.90031,16.45207,16.66258,16.78031,0.09640,9.12951,0.12625,-0.00183,0.00000,0.00000,0.00307,1.00000,0.00000,0.00100,-0.02131,0.00000,0.00000 ===
144.73024|I|libbeamng.print:18052| === LSTM_TRACE t=246 v=16.81 ws=15.88,15.68,16.36,16.39 cmd=0.718,0.562,0.346,0.335 cap=1590,1503,1306,1352 des=1590,1503,1143,1183 app=1581,1927,765,836 abs=nil,nil,nil,nil ebrake=1.00 ibrake=1.00 hasABS=0 sy=9.19 split=1.000,0.875 ===
144.73027|I|libbeamng.print:18052| === LSTM_OBS t=246 15.88473,15.67604,16.36347,16.39136,0.07393,9.18947,0.20242,0.00104,0.00000,0.00000,0.00249,1.00000,0.00000,0.00098,-0.02136,0.00000,0.00000 ===
144.74332|I|libbeamng.print:18052| === LSTM_TRACE t=248 v=16.73 ws=15.86,16.06,16.67,16.66 cmd=0.553,0.667,0.471,0.492 cap=2226,2263,362,332 des=2226,2263,317,291 app=2214,2118,364,423 abs=nil,nil,nil,nil ebrake=1.00 ibrake=1.00 hasABS=0 sy=9.03 split=1.000,0.875 ===
144.74336|I|libbeamng.print:18052| === LSTM_OBS t=248 15.86186,16.06334,16.67145,16.65562,-0.15245,9.02528,0.19520,0.00584,0.00000,0.00000,0.00285,1.00000,0.00000,0.00087,-0.02132,0.00000,0.00000 ===
144.75174|I|libbeamng.print:18052| === LSTM_TRACE t=250 v=16.63 ws=15.76,15.71,16.10,16.07 cmd=0.769,0.694,0.249,0.239 cap=1783,1789,1132,1213 des=1783,1789,990,1061 app=1773,1780,776,836 abs=nil,nil,nil,nil ebrake=1.00 ibrake=1.00 hasABS=0 sy=9.15 split=1.000,0.875 ===
144.75178|I|libbeamng.print:18052| === LSTM_OBS t=250 15.75998,15.71457,16.10498,16.07407,0.47046,9.15445,0.63447,-0.00721,0.00000,0.00000,0.00069,1.00000,0.00000,0.00088,-0.02133,0.00000,0.00000 ===
144.76394|I|libbeamng.print:18052| === LSTM_TRACE t=252 v=16.54 ws=15.45,15.77,16.55,16.55 cmd=0.494,0.567,0.602,0.600 cap=2096,2130,546,500 des=2096,2130,478,438 app=2084,2120,463,425 abs=nil,nil,nil,nil ebrake=1.00 ibrake=1.00 hasABS=0 sy=9.13 split=1.000,0.875 ===
144.76398|I|libbeamng.print:18052| === LSTM_OBS t=252 15.45338,15.77421,16.55293,16.55424,0.11416,9.13276,0.00355,0.00392,0.00000,0.00000,0.00326,1.00000,0.00000,0.00075,-0.02139,0.00000,0.00000 ===
144.77650|I|libbeamng.print:18052| === LSTM_TRACE t=254 v=16.45 ws=15.63,15.50,15.94,16.00 cmd=0.765,0.720,0.213,0.245 cap=2022,2044,758,939 des=2022,2044,664,822 app=2011,2034,643,798 abs=nil,nil,nil,nil ebrake=1.00 ibrake=1.00 hasABS=0 sy=9.11 split=1.000,0.875 ===
144.77655|I|libbeamng.print:18052| === LSTM_OBS t=254 15.63204,15.50225,15.94006,15.99747,-0.08231,9.10531,0.10533,0.00300,0.00000,0.00000,0.00301,1.00000,0.00000,0.00082,-0.02125,0.00000,0.00000 ===
144.78460|I|libbeamng.print:18052| === LSTM_TRACE t=256 v=16.36 ws=15.03,15.39,16.24,16.23 cmd=0.474,0.539,0.569,0.551 cap=1838,1742,970,686 des=1838,1742,848,601 app=1973,1834,643,583 abs=nil,nil,nil,nil ebrake=1.00 ibrake=1.00 hasABS=0 sy=9.30 split=1.000,0.875 ===
144.78464|I|libbeamng.print:18052| === LSTM_OBS t=256 15.02714,15.38563,16.24353,16.22737,0.00205,9.30489,-0.05048,-0.00419,0.00000,0.00000,0.00146,1.00000,0.00000,0.00077,-0.02136,0.00000,0.00000 ===
144.79676|I|libbeamng.print:18052| === LSTM_TRACE t=258 v=16.27 ws=15.64,15.77,15.79,15.93 cmd=0.785,0.800,0.227,0.285 cap=2141,2465,414,680 des=2141,2465,362,595 app=1973,2049,643,583 abs=nil,nil,nil,nil ebrake=1.00 ibrake=1.00 hasABS=0 sy=9.16 split=1.000,0.875 ===
144.79682|I|libbeamng.print:18052| === LSTM_OBS t=258 15.64406,15.76623,15.79209,15.93181,0.08461,9.15764,0.77851,0.00611,0.00000,0.00000,0.00350,1.00000,0.00000,0.00084,-0.02125,0.00000,0.00000 ===
144.80968|I|libbeamng.print:18052| === LSTM_TRACE t=260 v=16.17 ws=15.14,14.92,16.03,16.03 cmd=0.603,0.440,0.585,0.496 cap=1962,1500,1358,1134 des=1962,1500,1188,993 app=1974,2049,643,677 abs=nil,nil,nil,nil ebrake=1.00 ibrake=1.00 hasABS=0 sy=9.26 split=1.000,0.875 ===
144.80972|I|libbeamng.print:18052| === LSTM_OBS t=260 15.14406,14.92235,16.03357,16.02587,0.12519,9.26417,0.09779,-0.01179,0.00000,0.00000,0.00134,1.00000,0.00000,0.00070,-0.02138,0.00000,0.00000 ===
144.81837|I|libbeamng.print:18052| === LSTM_TRACE t=262 v=16.08 ws=14.91,15.47,15.67,15.89 cmd=0.593,0.771,0.290,0.339 cap=2190,2299,283,456 des=2190,2299,248,399 app=2178,2049,643,612 abs=nil,nil,nil,nil ebrake=1.00 ibrake=1.00 hasABS=0 sy=9.17 split=1.000,0.875 ===
144.81841|I|libbeamng.print:18052| === LSTM_OBS t=262 14.90783,15.47061,15.66724,15.88752,-0.03495,9.16624,-0.05993,0.00816,0.00000,0.00000,0.00256,1.00000,0.00000,0.00086,-0.02122,0.00000,0.00000 ===
144.83035|I|libbeamng.print:18052| === LSTM_TRACE t=264 v=15.98 ws=15.41,14.99,15.72,15.64 cmd=0.757,0.630,0.457,0.443 cap=1619,1855,1342,1193 des=1619,1855,1175,1044 app=1610,1994,683,766 abs=nil,nil,nil,nil ebrake=1.00 ibrake=1.00 hasABS=0 sy=9.46 split=1.000,0.875 ===
144.83039|I|libbeamng.print:18052| === LSTM_OBS t=264 15.40801,14.99296,15.72193,15.63996,0.16117,9.46069,0.29448,-0.00514,0.00000,0.00000,0.00367,1.00000,0.00000,0.00086,-0.02136,0.00000,0.00000 ===
144.84294|I|libbeamng.print:18052| === LSTM_TRACE t=266 v=15.90 ws=14.95,14.79,15.26,15.48 cmd=0.723,0.661,0.380,0.387 cap=2700,2257,332,450 des=2700,2257,291,394 app=2381,2246,547,524 abs=nil,nil,nil,nil ebrake=1.00 ibrake=1.00 hasABS=0 sy=9.12 split=1.000,0.875 ===
144.84298|I|libbeamng.print:18052| === LSTM_OBS t=266 14.94822,14.78584,15.25874,15.47767,-0.01950,9.11532,0.16613,-0.00276,0.00000,0.00000,0.00183,1.00000,0.00000,0.00082,-0.02119,0.00000,0.00000 ===
144.85139|I|libbeamng.print:18052| === LSTM_TRACE t=268 v=15.78 ws=14.52,14.89,14.89,14.96 cmd=0.650,0.811,0.299,0.361 cap=1544,1940,1196,1153 des=1544,1940,1047,1009 app=1843,1930,831,845 abs=nil,nil,nil,nil ebrake=1.00 ibrake=1.00 hasABS=0 sy=9.99 split=1.000,0.875 ===
144.85146|I|libbeamng.print:18052| === LSTM_OBS t=268 14.51646,14.89128,14.88989,14.95898,-0.16534,9.98537,0.40958,0.00011,0.00000,0.00000,0.00000,1.00000,0.00000,0.00095,-0.02128,0.00000,0.00000 ===
144.86394|I|libbeamng.print:18052| === LSTM_TRACE t=270 v=15.67 ws=14.65,14.53,15.26,15.12 cmd=0.698,0.559,0.646,0.556 cap=2368,2573,480,493 des=2368,2573,420,431 app=2356,2561,419,432 abs=nil,nil,nil,nil ebrake=1.00 ibrake=1.00 hasABS=0 sy=10.24 split=1.000,0.875 ===
144.86406|I|libbeamng.print:18052| === LSTM_OBS t=270 14.64812,14.52739,15.25956,15.11755,0.13961,10.23892,0.43090,0.00083,0.00000,0.00000,0.00423,1.00000,0.00000,0.00098,-0.02129,0.00000,0.00000 ===
144.87674|I|libbeamng.print:18052| === LSTM_TRACE t=272 v=15.56 ws=14.33,14.41,14.61,14.70 cmd=0.793,0.763,0.173,0.228 cap=2253,1534,1097,1041 des=2253,1534,960,911 app=2241,1790,831,845 abs=nil,nil,nil,nil ebrake=1.00 ibrake=1.00 hasABS=0 sy=10.66 split=1.000,0.875 ===
144.87681|I|libbeamng.print:18052| === LSTM_OBS t=272 14.32709,14.40541,14.60625,14.70468,0.03597,10.65721,0.13559,-0.00153,0.00000,0.00000,0.00234,1.00000,0.00000,0.00087,-0.02137,0.00000,0.00000 ===
144.88481|I|libbeamng.print:18052| === LSTM_TRACE t=274 v=15.44 ws=13.97,14.19,14.68,14.74 cmd=0.558,0.629,0.696,0.689 cap=2233,2584,379,488 des=2233,2584,332,427 app=2221,2561,419,432 abs=nil,nil,nil,nil ebrake=1.00 ibrake=1.00 hasABS=0 sy=10.96 split=1.000,0.875 ===
144.88485|I|libbeamng.print:18052| === LSTM_OBS t=274 13.97304,14.19238,14.67754,14.74479,0.26400,10.96406,0.75600,0.00350,0.00000,0.00000,0.00049,1.00000,0.00000,0.00084,-0.02156,0.00000,0.00000 ===
144.89725|I|libbeamng.print:18052| === LSTM_TRACE t=276 v=15.32 ws=14.04,14.08,14.27,14.19 cmd=0.861,0.793,0.177,0.165 cap=2170,1789,1229,1124 des=2170,1789,1075,984 app=2159,1790,831,845 abs=nil,nil,nil,nil ebrake=1.00 ibrake=1.00 hasABS=0 sy=11.16 split=1.000,0.875 ===
144.89729|I|libbeamng.print:18052| === LSTM_OBS t=276 14.03983,14.07987,14.26660,14.19378,-0.12766,11.15660,0.76436,-0.00356,0.00000,0.00000,0.00364,1.00000,0.00000,0.00079,-0.02173,0.00000,0.00000 ===
144.91040|I|libbeamng.print:18052| === LSTM_TRACE t=278 v=15.21 ws=13.54,14.26,14.39,14.33 cmd=0.633,0.758,0.719,0.701 cap=2450,2672,485,381 des=2450,2672,424,333 app=2438,2562,419,432 abs=nil,nil,nil,nil ebrake=1.00 ibrake=1.00 hasABS=0 sy=11.44 split=1.000,0.875 ===
144.91044|I|libbeamng.print:18052| === LSTM_OBS t=278 13.54074,14.26260,14.39266,14.32559,0.35044,11.43856,0.90433,0.00026,0.00000,0.00000,0.00265,1.00000,0.00000,0.00080,-0.02195,0.00000,0.00000 ===
144.91847|I|libbeamng.print:18052| === LSTM_TRACE t=280 v=15.09 ws=13.62,13.93,13.97,13.90 cmd=0.862,0.812,0.213,0.185 cap=2214,2205,1354,1286 des=2214,2205,1185,1125 app=2203,2195,831,845 abs=nil,nil,nil,nil ebrake=1.00 ibrake=1.00 hasABS=0 sy=11.48 split=1.000,0.875 ===
144.91855|I|libbeamng.print:18052| === LSTM_OBS t=280 13.61624,13.93080,13.96887,13.90080,-0.17332,11.48301,-0.14229,-0.00297,0.00000,0.00000,0.00210,1.00000,0.00000,0.00073,-0.02208,0.00000,0.00000 ===
144.93083|I|libbeamng.print:18052| === LSTM_TRACE t=282 v=14.96 ws=13.28,13.60,14.01,14.01 cmd=0.651,0.674,0.678,0.669 cap=2475,2462,454,424 des=2475,2462,397,371 app=2463,2451,419,432 abs=nil,nil,nil,nil ebrake=1.00 ibrake=1.00 hasABS=0 sy=11.91 split=1.000,0.875 ===
144.93088|I|libbeamng.print:18052| === LSTM_OBS t=282 13.28017,13.60307,14.01445,14.01473,-0.09782,11.91117,0.23566,0.00334,0.00000,0.00000,0.00364,1.00000,0.00000,0.00065,-0.02248,0.00000,0.00000 ===
144.94368|I|libbeamng.print:18052| === LSTM_TRACE t=284 v=14.85 ws=13.35,13.58,13.51,13.46 cmd=0.868,0.857,0.193,0.178 cap=2221,2238,1340,1216 des=2221,2238,1172,1064 app=2210,2228,831,845 abs=nil,nil,nil,nil ebrake=1.00 ibrake=1.00 hasABS=0 sy=11.67 split=1.000,0.875 ===
144.94373|I|libbeamng.print:18052| === LSTM_OBS t=284 13.35064,13.57732,13.51235,13.46462,0.08325,11.66858,0.05788,-0.00079,0.00000,0.00000,0.00322,1.00000,0.00000,0.00070,-0.02269,0.00000,0.00000 ===
144.95193|I|libbeamng.print:18052| === LSTM_TRACE t=286 v=14.73 ws=13.07,13.18,13.77,13.58 cmd=0.672,0.653,0.739,0.673 cap=2561,2573,388,456 des=2561,2573,340,399 app=2549,2562,419,432 abs=nil,nil,nil,nil ebrake=1.00 ibrake=1.00 hasABS=0 sy=11.79 split=1.000,0.875 ===
144.95197|I|libbeamng.print:18052| === LSTM_OBS t=286 13.06851,13.18246,13.76738,13.57984,0.05469,11.78612,0.65732,-0.00545,0.00000,0.00000,0.00301,1.00000,0.00000,0.00055,-0.02308,0.00000,0.00000 ===
144.96385|I|libbeamng.print:18052| === LSTM_TRACE t=288 v=14.61 ws=13.05,13.22,13.32,13.10 cmd=0.864,0.854,0.185,0.172 cap=2205,2078,1443,1222 des=2205,2078,1263,1069 app=2194,2069,831,845 abs=nil,nil,nil,nil ebrake=1.00 ibrake=1.00 hasABS=0 sy=11.82 split=1.000,0.875 ===
144.96392|I|libbeamng.print:18052| === LSTM_OBS t=288 13.05367,13.21618,13.32450,13.10371,-0.14060,11.81688,0.13978,0.00177,0.00000,0.00000,0.00328,1.00000,0.00000,0.00059,-0.02323,0.00000,0.00000 ===
144.97889|I|libbeamng.print:18052| === LSTM_TRACE t=290 v=14.49 ws=12.80,12.98,13.54,13.19 cmd=0.671,0.710,0.761,0.681 cap=2564,2683,369,387 des=2564,2683,323,338 app=2552,2672,419,432 abs=nil,nil,nil,nil ebrake=1.00 ibrake=1.00 hasABS=0 sy=11.91 split=1.000,0.875 ===
144.97896|I|libbeamng.print:18052| === LSTM_OBS t=290 12.80455,12.98083,13.54491,13.18606,-0.09842,11.90582,0.34913,-0.00010,0.00000,0.00000,0.00372,1.00000,0.00000,0.00054,-0.02365,0.00000,0.00000 ===
144.99173|I|libbeamng.print:18052| === LSTM_TRACE t=292 v=14.37 ws=12.78,12.93,13.11,12.71 cmd=0.873,0.843,0.203,0.151 cap=2234,2132,1510,1227 des=2234,2132,1321,1074 app=2224,2123,831,845 abs=nil,nil,nil,nil ebrake=1.00 ibrake=1.00 hasABS=0 sy=11.89 split=1.000,0.875 ===
144.99177|I|libbeamng.print:18052| === LSTM_OBS t=292 12.78308,12.93408,13.10938,12.70739,-0.13618,11.88974,-0.24263,0.00438,0.00000,0.00000,0.00318,1.00000,0.00000,0.00055,-0.02389,0.00000,0.00000 ===
144.99983|I|libbeamng.print:18052| === LSTM_TRACE t=294 v=14.25 ws=12.47,12.74,13.35,12.84 cmd=0.626,0.722,0.752,0.677 cap=2532,2671,367,341 des=2532,2671,321,298 app=2521,2660,419,432 abs=nil,nil,nil,nil ebrake=1.00 ibrake=1.00 hasABS=0 sy=11.95 split=1.000,0.875 ===
144.99988|I|libbeamng.print:18052| === LSTM_OBS t=294 12.47377,12.73649,13.34723,12.84434,-0.13290,11.95341,0.24981,0.00383,0.00000,0.00000,0.00357,1.00000,0.00000,0.00050,-0.02430,0.00000,0.00000 ===
145.01217|I|libbeamng.print:18052| === LSTM_TRACE t=296 v=14.13 ws=12.54,12.65,12.86,12.36 cmd=0.887,0.842,0.201,0.137 cap=2200,2192,1485,1212 des=2200,2192,1299,1060 app=2190,2183,831,845 abs=nil,nil,nil,nil ebrake=1.00 ibrake=1.00 hasABS=0 sy=11.96 split=1.000,0.875 ===
145.01222|I|libbeamng.print:18052| === LSTM_OBS t=296 12.53590,12.65035,12.85849,12.35623,-0.10445,11.96284,0.17824,0.00873,0.00000,0.00000,0.00354,1.00000,0.00000,0.00051,-0.02448,0.00000,0.00000 ===
145.02565|I|libbeamng.print:18052| === LSTM_TRACE t=298 v=14.01 ws=12.21,12.41,13.07,12.50 cmd=0.633,0.706,0.751,0.677 cap=2620,2633,363,337 des=2620,2633,317,295 app=2608,2622,419,432 abs=nil,nil,nil,nil ebrake=1.00 ibrake=1.00 hasABS=0 sy=12.02 split=1.000,0.875 ===
145.02569|I|libbeamng.print:18052| === LSTM_OBS t=298 12.21391,12.40804,13.06663,12.50178,-0.01386,12.01842,0.27750,0.00869,0.00000,0.00000,0.00345,1.00000,0.00000,0.00043,-0.02483,0.00000,0.00000 ===
145.03373|I|libbeamng.print:18052| === LSTM_TRACE t=300 v=13.89 ws=12.30,12.34,12.59,12.03 cmd=0.870,0.848,0.201,0.139 cap=2079,2193,1492,1208 des=2079,2193,1306,1057 app=2069,2184,831,845 abs=nil,nil,nil,nil ebrake=1.00 ibrake=1.00 hasABS=0 sy=12.00 split=1.000,0.875 ===
145.03378|I|libbeamng.print:18052| === LSTM_OBS t=300 12.29717,12.34302,12.59329,12.03324,-0.08921,12.00274,-0.17825,0.00750,0.00000,0.00000,0.00289,1.00000,0.00000,0.00050,-0.02497,0.00000,0.00000 ===
145.04645|I|libbeamng.print:18052| === LSTM_TRACE t=302 v=13.77 ws=12.14,12.07,12.80,12.19 cmd=0.692,0.697,0.749,0.657 cap=2653,2607,347,342 des=2653,2607,303,299 app=2641,2596,419,432 abs=nil,nil,nil,nil ebrake=1.00 ibrake=1.00 hasABS=0 sy=12.09 split=1.000,0.875 ===
145.04651|I|libbeamng.print:18052| === LSTM_OBS t=302 12.13823,12.07495,12.80278,12.19309,0.01897,12.09250,0.05954,0.00355,0.00000,0.00000,0.00389,1.00000,0.00000,0.00043,-0.02533,0.00000,0.00000 ===
145.05908|I|libbeamng.print:18052| === LSTM_TRACE t=304 v=13.65 ws=12.11,12.07,12.26,11.58 cmd=0.871,0.865,0.193,0.128 cap=2250,2253,1467,1061 des=2250,2253,1283,928 app=2240,2244,831,845 abs=nil,nil,nil,nil ebrake=1.00 ibrake=1.00 hasABS=0 sy=11.90 split=1.000,0.875 ===
145.05913|I|libbeamng.print:18052| === LSTM_OBS t=304 12.10828,12.07152,12.26272,11.57961,0.04915,11.90239,-0.34824,0.00469,0.00000,0.00000,0.00216,1.00000,0.00000,0.00056,-0.02544,0.00000,0.00000 ===
145.06814|I|libbeamng.print:18052| === LSTM_TRACE t=306 v=13.53 ws=11.89,11.81,12.55,11.89 cmd=0.654,0.659,0.746,0.658 cap=2573,2572,379,365 des=2573,2572,331,319 app=2562,2562,419,432 abs=nil,nil,nil,nil ebrake=1.00 ibrake=1.00 hasABS=0 sy=12.14 split=1.000,0.875 ===
145.06819|I|libbeamng.print:18052| === LSTM_OBS t=306 11.89360,11.80988,12.54906,11.89316,-0.02986,12.14134,0.24735,0.00895,0.00000,0.00000,0.00326,1.00000,0.00000,0.00042,-0.02575,0.00000,0.00000 ===
145.07932|I|libbeamng.print:18052| === LSTM_TRACE t=308 v=13.42 ws=11.81,11.91,11.96,11.30 cmd=0.868,0.871,0.184,0.120 cap=2298,2278,1386,908 des=2298,2278,1212,795 app=2288,2268,831,771 abs=nil,nil,nil,nil ebrake=1.00 ibrake=1.00 hasABS=0 sy=11.65 split=1.000,0.875 ===
145.07938|I|libbeamng.print:18052| === LSTM_OBS t=308 11.80862,11.91125,11.96154,11.30421,0.03436,11.64771,-0.22588,0.00531,0.00000,0.00000,0.00274,1.00000,0.00000,0.00057,-0.02577,0.00000,0.00000 ===
145.09283|I|libbeamng.print:18052| === LSTM_TRACE t=310 v=13.29 ws=11.46,11.72,12.32,11.80 cmd=0.601,0.646,0.763,0.687 cap=2503,2606,460,420 des=2503,2606,403,367 app=2492,2596,419,359 abs=nil,nil,nil,nil ebrake=1.00 ibrake=1.00 hasABS=0 sy=12.10 split=1.000,0.875 ===
145.09287|I|libbeamng.print:18052| === LSTM_OBS t=310 11.46421,11.71912,12.31513,11.79648,0.04100,12.09886,0.41419,0.00604,0.00000,0.00000,0.00256,1.00000,0.00000,0.00053,-0.02608,0.00000,0.00000 ===
145.10026|I|libbeamng.print:18052| === LSTM_TRACE t=312 v=13.18 ws=11.62,11.78,11.62,11.11 cmd=0.877,0.869,0.136,0.093 cap=2084,2107,1338,921 des=2084,2107,1170,806 app=2075,2099,831,771 abs=nil,nil,nil,nil ebrake=1.00 ibrake=1.00 hasABS=0 sy=11.72 split=1.000,0.875 ===
145.10031|I|libbeamng.print:18052| === LSTM_OBS t=312 11.61775,11.77942,11.62081,11.10709,0.13151,11.72090,0.18517,0.00534,0.00000,0.00000,0.00345,1.00000,0.00000,0.00064,-0.02605,0.00000,0.00000 ===
145.11259|I|libbeamng.print:18052| === LSTM_TRACE t=314 v=13.05 ws=11.48,11.45,11.97,11.44 cmd=0.707,0.705,0.797,0.711 cap=2680,2730,409,408 des=2680,2730,358,357 app=2668,2719,419,359 abs=nil,nil,nil,nil ebrake=1.00 ibrake=1.00 hasABS=0 sy=12.20 split=1.000,0.875 ===
145.11264|I|libbeamng.print:18052| === LSTM_OBS t=314 11.47919,11.45491,11.97438,11.44421,-0.02841,12.20189,0.55839,0.00649,0.00000,0.00000,0.00367,1.00000,0.00000,0.00057,-0.02634,0.00000,0.00000 ===
145.12558|I|libbeamng.print:18052| === LSTM_TRACE t=316 v=12.95 ws=11.49,11.43,11.30,10.93 cmd=0.878,0.827,0.120,0.092 cap=2208,1961,1444,1113 des=2208,1961,1264,974 app=2198,1953,831,771 abs=nil,nil,nil,nil ebrake=1.00 ibrake=1.00 hasABS=0 sy=11.59 split=1.000,0.875 ===
145.12562|I|libbeamng.print:18052| === LSTM_OBS t=316 11.49328,11.42896,11.30158,10.93257,0.15785,11.59340,0.27041,0.00106,0.00000,0.00000,0.00265,1.00000,0.00000,0.00074,-0.02620,0.00000,0.00000 ===
145.13545|I|libbeamng.print:18052| === LSTM_TRACE t=318 v=12.81 ws=11.19,11.53,11.50,11.32 cmd=0.687,0.788,0.756,0.719 cap=2583,2724,288,387 des=2583,2724,252,338 app=2571,2713,419,359 abs=nil,nil,nil,nil ebrake=1.00 ibrake=1.00 hasABS=0 sy=12.18 split=1.000,0.875 ===
145.13549|I|libbeamng.print:18052| === LSTM_OBS t=318 11.18860,11.52969,11.50284,11.31926,0.09504,12.18297,0.59755,0.00494,0.00000,0.00000,0.00404,1.00000,0.00000,0.00064,-0.02649,0.00000,0.00000 ===
145.14591|I|libbeamng.print:18052| === LSTM_TRACE t=320 v=12.71 ws=10.98,11.18,10.87,10.81 cmd=0.856,0.826,0.138,0.143 cap=2231,2409,1415,1156 des=2231,2409,1239,1012 app=2221,2399,831,771 abs=nil,nil,nil,nil ebrake=1.00 ibrake=1.00 hasABS=0 sy=11.70 split=1.000,0.875 ===
145.14595|I|libbeamng.print:18052| === LSTM_OBS t=320 10.98233,11.18069,10.87366,10.81028,-0.00349,11.69763,-0.32232,0.00719,0.00000,0.00000,0.00338,1.00000,0.00000,0.00073,-0.02638,0.00000,0.00000 ===
145.15940|I|libbeamng.print:18052| === LSTM_TRACE t=322 v=12.57 ws=10.88,10.98,11.24,11.34 cmd=0.648,0.626,0.712,0.700 cap=2543,2380,289,436 des=2543,2380,253,381 app=2532,2370,419,370 abs=nil,nil,nil,nil ebrake=1.00 ibrake=1.00 hasABS=0 sy=12.24 split=1.000,0.875 ===
145.15947|I|libbeamng.print:18052| === LSTM_OBS t=322 10.88418,10.97724,11.24351,11.34498,-0.11097,12.23974,0.34304,0.00592,0.00000,0.00000,0.00372,1.00000,0.00000,0.00061,-0.02664,0.00000,0.00000 ===
145.16763|I|libbeamng.print:18052| === LSTM_TRACE t=324 v=12.47 ws=10.73,11.15,10.56,10.97 cmd=0.864,0.869,0.135,0.245 cap=2327,2414,1110,984 des=2327,2414,972,861 app=2317,2370,831,782 abs=nil,nil,nil,nil ebrake=1.00 ibrake=1.00 hasABS=0 sy=11.64 split=1.000,0.875 ===
145.16767|I|libbeamng.print:18052| === LSTM_OBS t=324 10.73066,11.14892,10.55772,10.97307,0.08054,11.63571,0.31691,0.00745,0.00000,0.00000,0.00216,1.00000,0.00000,0.00079,-0.02642,0.00000,0.00000 ===
145.17944|I|libbeamng.print:18052| === LSTM_TRACE t=326 v=12.33 ws=10.40,11.03,11.00,11.39 cmd=0.636,0.661,0.753,0.630 cap=2526,2426,550,837 des=2526,2426,482,732 app=2515,2417,466,710 abs=nil,nil,nil,nil ebrake=1.00 ibrake=1.00 hasABS=0 sy=12.32 split=1.000,0.875 ===
145.17948|I|libbeamng.print:18052| === LSTM_OBS t=326 10.39834,11.03268,11.00425,11.39363,-0.14413,12.31950,0.15628,0.00544,0.00000,0.00000,0.00221,1.00000,0.00000,0.00062,-0.02674,0.00000,0.00000 ===
145.19325|I|libbeamng.print:18052| === LSTM_TRACE t=328 v=12.23 ws=10.51,11.03,10.63,10.72 cmd=0.806,0.862,0.127,0.229 cap=2020,2472,919,700 des=2020,2472,804,613 app=2011,2427,778,710 abs=nil,nil,nil,nil ebrake=1.00 ibrake=1.00 hasABS=0 sy=11.66 split=1.000,0.875 ===
145.19329|I|libbeamng.print:18052| === LSTM_OBS t=328 10.51096,11.03286,10.62565,10.71606,0.37328,11.65874,0.68116,0.00460,0.00000,0.00000,0.00411,1.00000,0.00000,0.00080,-0.02652,0.00000,0.00000 ===
145.20105|I|libbeamng.print:18052| === LSTM_TRACE t=330 v=12.09 ws=10.62,10.61,10.76,11.12 cmd=0.827,0.619,0.727,0.538 cap=2551,2118,913,1184 des=2551,2118,799,1036 app=2540,2276,774,710 abs=nil,nil,nil,nil ebrake=1.00 ibrake=1.00 hasABS=0 sy=12.18 split=1.000,0.875 ===
145.20109|I|libbeamng.print:18052| === LSTM_OBS t=330 10.62274,10.61094,10.76273,11.11841,-0.39688,12.18083,0.29653,-0.00156,0.00000,0.00000,0.00445,1.00000,0.00000,0.00064,-0.02684,0.00000,0.00000 ===
145.21312|I|libbeamng.print:18052| === LSTM_TRACE t=332 v=11.99 ws=9.93,11.11,10.52,11.08 cmd=0.694,0.889,0.228,0.471 cap=2569,2630,539,594 des=2569,2630,472,520 app=2558,2297,774,681 abs=nil,nil,nil,nil ebrake=1.00 ibrake=1.00 hasABS=0 sy=11.78 split=1.000,0.875 ===
145.21316|I|libbeamng.print:18052| === LSTM_OBS t=332 9.92882,11.10731,10.52385,11.07562,0.16782,11.77725,-0.20457,0.00139,0.00000,0.00000,0.00146,1.00000,0.00000,0.00088,-0.02660,0.00000,0.00000 ===
145.22622|I|libbeamng.print:18052| === LSTM_TRACE t=334 v=11.86 ws=10.20,10.62,10.68,10.90 cmd=0.713,0.732,0.549,0.412 cap=1726,2408,1254,1330 des=1726,2408,1097,1164 app=1786,2399,774,982 abs=nil,nil,nil,nil ebrake=1.00 ibrake=1.00 hasABS=0 sy=11.96 split=1.000,0.875 ===
145.22626|I|libbeamng.print:18052| === LSTM_OBS t=334 10.19773,10.61579,10.67681,10.90165,-0.23833,11.95898,0.63035,0.00495,0.00000,0.00000,0.00342,1.00000,0.00000,0.00074,-0.02678,0.00000,0.00000 ===
145.23484|I|libbeamng.print:18052| === LSTM_TRACE t=336 v=11.75 ws=10.32,10.63,10.64,11.17 cmd=0.857,0.754,0.464,0.639 cap=2790,2487,353,460 des=2790,2487,309,403 app=2558,2477,699,570 abs=nil,nil,nil,nil ebrake=1.00 ibrake=1.00 hasABS=0 sy=11.72 split=1.000,0.875 ===
145.23487|I|libbeamng.print:18052| === LSTM_OBS t=336 10.31639,10.62826,10.63966,11.16926,-0.11838,11.72141,0.12627,0.00475,0.00000,0.00000,0.00457,1.00000,0.00000,0.00077,-0.02671,0.00000,0.00000 ===
145.24684|I|libbeamng.print:18052| === LSTM_TRACE t=338 v=11.63 ws=9.84,10.53,10.27,10.86 cmd=0.744,0.857,0.326,0.388 cap=2347,2406,1461,1356 des=2347,2406,1279,1187 app=2337,2397,971,982 abs=nil,nil,nil,nil ebrake=1.00 ibrake=1.00 hasABS=0 sy=11.63 split=1.000,0.875 ===
145.24687|I|libbeamng.print:18052| === LSTM_OBS t=338 9.84394,10.52961,10.27216,10.86130,-0.00738,11.63420,0.34682,-0.00196,0.00000,0.00000,0.00104,1.00000,0.00000,0.00081,-0.02659,0.00000,0.00000 ===
145.25941|I|libbeamng.print:18052| === LSTM_TRACE t=340 v=11.51 ws=9.98,9.98,10.67,11.00 cmd=0.673,0.519,0.616,0.609 cap=2021,2157,469,976 des=2021,2157,411,854 app=2012,2259,559,828 abs=nil,nil,nil,nil ebrake=1.00 ibrake=1.00 hasABS=0 sy=11.82 split=1.000,0.875 ===
145.25948|I|libbeamng.print:18052| === LSTM_OBS t=340 9.98309,9.98294,10.66800,10.99610,-0.03327,11.82025,0.02099,-0.00363,0.00000,0.00000,0.00395,1.00000,0.00000,0.00085,-0.02676,0.00000,0.00000 ===
145.26740|I|libbeamng.print:18052| === LSTM_TRACE t=342 v=11.40 ws=10.11,10.53,10.37,10.47 cmd=0.892,0.936,0.288,0.368 cap=2604,2520,1108,653 des=2604,2520,970,572 app=2463,2259,939,798 abs=nil,nil,nil,nil ebrake=1.00 ibrake=1.00 hasABS=0 sy=11.61 split=1.000,0.875 ===
145.26744|I|libbeamng.print:18052| === LSTM_OBS t=342 10.10872,10.53485,10.37168,10.47417,0.24430,11.61048,1.31356,-0.00900,0.00000,0.00000,0.00486,1.00000,0.00000,0.00092,-0.02647,0.00000,0.00000 ===
145.27984|I|libbeamng.print:18052| === LSTM_TRACE t=344 v=11.27 ws=9.36,9.98,10.55,10.92 cmd=0.629,0.564,0.793,0.697 cap=2411,2546,1108,1512 des=2411,2546,970,1323 app=2401,2536,939,813 abs=nil,nil,nil,nil ebrake=1.00 ibrake=1.00 hasABS=0 sy=12.04 split=1.000,0.875 ===
145.27987|I|libbeamng.print:18052| === LSTM_OBS t=344 9.36266,9.98221,10.54820,10.91762,-0.27783,12.04358,-0.25503,0.00294,0.00000,0.00000,0.00000,1.00000,0.00000,0.00106,-0.02667,0.00000,0.00000 ===
145.29266|I|libbeamng.print:18052| === LSTM_TRACE t=346 v=11.18 ws=9.53,9.99,10.17,10.70 cmd=0.741,0.805,0.207,0.490 cap=2398,2360,556,437 des=2398,2360,486,382 app=2388,2351,940,813 abs=nil,nil,nil,nil ebrake=1.00 ibrake=1.00 hasABS=0 sy=11.02 split=1.000,0.875 ===
145.29270|I|libbeamng.print:18052| === LSTM_OBS t=346 9.53122,9.98860,10.17457,10.70127,-0.05824,11.01948,0.53630,0.00009,0.00000,0.00000,0.00381,1.00000,0.00000,0.00102,-0.02634,0.00000,0.00000 ===
145.30093|I|libbeamng.print:18052| === LSTM_TRACE t=348 v=11.05 ws=9.56,9.93,10.30,10.56 cmd=0.765,0.781,0.725,0.490 cap=2097,2173,1487,1580 des=2097,2173,1301,1382 app=2088,2164,940,1015 abs=nil,nil,nil,nil ebrake=1.00 ibrake=1.00 hasABS=0 sy=11.61 split=1.000,0.875 ===
145.30096|I|libbeamng.print:18052| === LSTM_OBS t=348 9.56232,9.93049,10.29637,10.56495,-0.38646,11.61320,0.10074,-0.00101,0.00000,0.00000,0.00467,1.00000,0.00000,0.00114,-0.02638,0.00000,0.00000 ===
145.31306|I|libbeamng.print:18052| === LSTM_TRACE t=350 v=10.93 ws=9.42,9.65,10.19,10.79 cmd=0.796,0.669,0.374,0.702 cap=2625,2588,476,673 des=2625,2588,417,588 app=2613,2578,940,603 abs=nil,nil,nil,nil ebrake=1.00 ibrake=1.00 hasABS=0 sy=11.77 split=1.000,0.875 ===
145.31310|I|libbeamng.print:18052| === LSTM_OBS t=350 9.42154,9.65473,10.19143,10.79139,0.45268,11.76959,0.70377,0.00235,0.00000,0.00000,0.00210,1.00000,0.00000,0.00106,-0.02619,0.00000,0.00000 ===
145.32632|I|libbeamng.print:18052| === LSTM_TRACE t=352 v=10.82 ws=8.96,9.72,10.10,10.24 cmd=0.715,0.861,0.613,0.345 cap=2240,1888,1456,1312 des=2240,1888,1274,1148 app=2230,1881,940,1015 abs=nil,nil,nil,nil ebrake=1.00 ibrake=1.00 hasABS=0 sy=11.53 split=1.000,0.875 ===
145.32636|I|libbeamng.print:18052| === LSTM_OBS t=352 8.96199,9.72462,10.09935,10.24462,-0.28733,11.52565,0.59215,-0.01189,0.00000,0.00000,0.00183,1.00000,0.00000,0.00118,-0.02603,0.00000,0.00000 ===
145.33501|I|libbeamng.print:18052| === LSTM_TRACE t=354 v=10.72 ws=9.15,9.75,10.38,10.61 cmd=0.694,0.730,0.625,0.793 cap=2140,2831,600,1098 des=2140,2831,525,960 app=2130,2652,805,932 abs=nil,nil,nil,nil ebrake=1.00 ibrake=1.00 hasABS=0 sy=11.23 split=1.000,0.875 ===
145.33506|I|libbeamng.print:18052| === LSTM_OBS t=354 9.14920,9.74877,10.37897,10.60956,0.23842,11.22844,0.39866,-0.00337,0.00000,0.00000,0.00453,1.00000,0.00000,0.00121,-0.02608,0.00000,0.00000 ===
145.34644|I|libbeamng.print:18052| === LSTM_TRACE t=356 v=10.61 ws=9.14,9.61,9.93,10.11 cmd=0.875,0.861,0.429,0.354 cap=2568,2196,1401,722 des=2568,2196,1226,631 app=2526,2187,1188,932 abs=nil,nil,nil,nil ebrake=1.00 ibrake=1.00 hasABS=0 sy=10.92 split=1.000,0.875 ===
145.34647|I|libbeamng.print:18052| === LSTM_OBS t=356 9.13996,9.61118,9.93101,10.10777,-0.45602,10.91544,0.77687,-0.00394,0.00000,0.00000,0.00369,1.00000,0.00000,0.00125,-0.02563,0.00000,0.00000 ===
145.35952|I|libbeamng.print:18052| === LSTM_TRACE t=358 v=10.48 ws=8.39,9.35,10.03,10.34 cmd=0.577,0.674,0.759,0.756 cap=2253,2500,1112,1592 des=2253,2500,973,1393 app=2313,2490,944,932 abs=nil,nil,nil,nil ebrake=1.00 ibrake=1.00 hasABS=0 sy=11.73 split=1.000,0.875 ===
145.35956|I|libbeamng.print:18052| === LSTM_OBS t=358 8.39004,9.34843,10.02822,10.33769,0.22508,11.72761,0.06394,-0.00200,0.00000,0.00000,0.00091,1.00000,0.00000,0.00119,-0.02572,0.00000,0.00000 ===
145.36762|I|libbeamng.print:18052| === LSTM_TRACE t=360 v=10.40 ws=8.75,9.05,9.98,10.01 cmd=0.717,0.773,0.390,0.537 cap=2134,2422,834,552 des=2134,2422,730,483 app=2124,2411,944,932 abs=nil,nil,nil,nil ebrake=1.00 ibrake=1.00 hasABS=0 sy=10.70 split=1.000,0.875 ===
145.36765|I|libbeamng.print:18052| === LSTM_OBS t=360 8.75091,9.05486,9.98069,10.01099,-0.15851,10.69974,1.01305,-0.00842,0.00000,0.00000,0.00424,1.00000,0.00000,0.00113,-0.02540,0.00000,0.00000 ===
145.38018|I|libbeamng.print:18052| === LSTM_TRACE t=362 v=10.27 ws=8.80,9.18,10.00,9.84 cmd=0.816,0.804,0.746,0.482 cap=2217,2174,1525,1565 des=2217,2174,1335,1369 app=2206,2165,944,1093 abs=nil,nil,nil,nil ebrake=1.00 ibrake=1.00 hasABS=0 sy=11.20 split=1.000,0.875 ===
145.38021|I|libbeamng.print:18052| === LSTM_OBS t=362 8.79579,9.18158,10.00115,9.83814,0.08555,11.19533,0.21394,-0.00710,0.00000,0.00000,0.00411,1.00000,0.00000,0.00106,-0.02534,0.00000,0.00000 ===
145.39272|I|libbeamng.print:18052| === LSTM_TRACE t=364 v=10.16 ws=8.19,8.81,9.75,10.11 cmd=0.649,0.627,0.544,0.781 cap=2566,2573,735,860 des=2566,2573,643,753 app=2554,2562,944,731 abs=nil,nil,nil,nil ebrake=1.00 ibrake=1.00 hasABS=0 sy=11.05 split=1.000,0.875 ===
145.39276|I|libbeamng.print:18052| === LSTM_OBS t=364 8.18622,8.80597,9.75242,10.11472,0.39726,11.04795,0.21438,-0.00114,0.00000,0.00000,0.00104,1.00000,0.00000,0.00106,-0.02507,0.00000,0.00000 ===
145.40078|I|libbeamng.print:18052| === LSTM_TRACE t=366 v=10.06 ws=8.42,8.88,9.64,9.65 cmd=0.738,0.866,0.517,0.371 cap=1758,1901,1507,1308 des=1758,1901,1319,1144 app=1782,1893,1102,1111 abs=nil,nil,nil,nil ebrake=1.00 ibrake=1.00 hasABS=0 sy=10.86 split=1.000,0.875 ===
145.40082|I|libbeamng.print:18052| === LSTM_OBS t=366 8.42334,8.88380,9.63877,9.65234,-0.37554,10.85989,0.87819,-0.00685,0.00000,0.00000,0.00388,1.00000,0.00000,0.00096,-0.02485,0.00000,0.00000 ===
145.41354|I|libbeamng.print:18052| === LSTM_TRACE t=368 v=9.96 ws=8.59,8.85,9.86,9.72 cmd=0.756,0.729,0.790,0.788 cap=2436,2761,915,1282 des=2436,2761,800,1121 app=2424,2664,776,1089 abs=nil,nil,nil,nil ebrake=1.00 ibrake=1.00 hasABS=0 sy=10.53 split=1.000,0.875 ===
145.41358|I|libbeamng.print:18052| === LSTM_OBS t=368 8.59031,8.84912,9.86395,9.72334,0.00406,10.52656,-0.30483,0.00375,0.00000,0.00000,0.00420,1.00000,0.00000,0.00102,-0.02472,0.00000,0.00000 ===
145.42633|I|libbeamng.print:18052| === LSTM_TRACE t=370 v=9.84 ws=8.01,8.62,9.68,9.42 cmd=0.774,0.777,0.569,0.456 cap=2542,2151,1421,902 des=2542,2151,1243,790 app=2530,2142,1189,1089 abs=nil,nil,nil,nil ebrake=1.00 ibrake=1.00 hasABS=0 sy=10.95 split=1.000,0.875 ===
145.42636|I|libbeamng.print:18052| === LSTM_OBS t=370 8.01011,8.61768,9.67788,9.42305,0.24504,10.95411,0.78558,-0.00251,0.00000,0.00000,0.00134,1.00000,0.00000,0.00091,-0.02430,0.00000,0.00000 ===
145.43453|I|libbeamng.print:18052| === LSTM_TRACE t=372 v=9.74 ws=8.02,8.56,9.35,9.54 cmd=0.688,0.763,0.610,0.701 cap=1885,2328,1173,1559 des=1885,2328,1026,1364 app=2003,2318,996,1089 abs=nil,nil,nil,nil ebrake=1.00 ibrake=1.00 hasABS=0 sy=10.80 split=1.000,0.875 ===
145.43457|I|libbeamng.print:18052| === LSTM_OBS t=372 8.02270,8.55807,9.34735,9.53945,-0.32777,10.79902,0.10720,-0.00070,0.00000,0.00000,0.00357,1.00000,0.00000,0.00077,-0.02432,0.00000,0.00000 ===
145.44666|I|libbeamng.print:18052| === LSTM_TRACE t=374 v=9.64 ws=8.17,8.28,9.44,9.50 cmd=0.712,0.731,0.619,0.682 cap=2340,2438,1293,779 des=2340,2438,1131,681 app=2328,2428,1097,951 abs=nil,nil,nil,nil ebrake=1.00 ibrake=1.00 hasABS=0 sy=10.39 split=1.000,0.875 ===
145.44677|I|libbeamng.print:18052| === LSTM_OBS t=374 8.17404,8.27535,9.44161,9.50208,-0.46391,10.38818,0.28616,-0.00381,0.00000,0.00000,0.00372,1.00000,0.00000,0.00088,-0.02402,0.00000,0.00000 ===
145.45969|I|libbeamng.print:18052| === LSTM_TRACE t=376 v=9.53 ws=8.00,8.37,9.34,9.09 cmd=0.808,0.775,0.701,0.419 cap=2381,2042,1205,1558 des=2381,2042,1054,1364 app=2369,2033,1023,1324 abs=nil,nil,nil,nil ebrake=1.00 ibrake=1.00 hasABS=0 sy=10.53 split=1.000,0.875 ===
145.45972|I|libbeamng.print:18052| === LSTM_OBS t=376 7.99831,8.36667,9.33556,9.08792,0.01117,10.53423,-0.29076,-0.00532,0.00000,0.00000,0.00239,1.00000,0.00000,0.00097,-0.02369,0.00000,0.00000 ===
145.46804|I|libbeamng.print:18052| === LSTM_TRACE t=378 v=9.42 ws=7.41,7.91,9.28,9.37 cmd=0.536,0.624,0.679,0.869 cap=2164,2552,1211,1015 des=2164,2552,1060,888 app=2153,2540,1028,912 abs=nil,nil,nil,nil ebrake=1.00 ibrake=1.00 hasABS=0 sy=10.80 split=1.000,0.875 ===
145.46809|I|libbeamng.print:18052| === LSTM_OBS t=378 7.40832,7.90778,9.28144,9.36899,0.48637,10.80031,0.33903,-0.00624,0.00000,0.00000,0.00239,1.00000,0.00000,0.00096,-0.02349,0.00000,0.00000 ===
145.48033|I|libbeamng.print:18052| === LSTM_TRACE t=380 v=9.32 ws=7.96,8.25,9.05,9.13 cmd=0.873,0.828,0.557,0.349 cap=2309,2012,1196,1187 des=2309,2012,1046,1039 app=2153,2002,1016,1009 abs=nil,nil,nil,nil ebrake=1.00 ibrake=1.00 hasABS=0 sy=10.50 split=1.000,0.875 ===
145.48041|I|libbeamng.print:18052| === LSTM_OBS t=380 7.96213,8.24655,9.05397,9.13373,-0.07403,10.50229,1.32799,0.00548,0.00000,0.00000,0.00401,1.00000,0.00000,0.00094,-0.02328,0.00000,0.00000 ===
145.49329|I|libbeamng.print:18052| === LSTM_TRACE t=382 v=9.23 ws=7.74,8.11,8.90,8.97 cmd=0.691,0.758,0.718,0.827 cap=2349,2551,1407,1486 des=2349,2551,1231,1300 app=2337,2539,1125,1009 abs=nil,nil,nil,nil ebrake=1.00 ibrake=1.00 hasABS=0 sy=10.17 split=1.000,0.875 ===
145.49332|I|libbeamng.print:18052| === LSTM_OBS t=382 7.74031,8.11074,8.89650,8.97476,0.40674,10.17073,-0.97117,-0.00333,0.00000,0.00000,0.00280,1.00000,0.00000,0.00104,-0.02309,0.00000,0.00000 ===
145.50083|I|libbeamng.print:18052| === LSTM_TRACE t=384 v=9.12 ws=7.67,7.88,9.04,9.02 cmd=0.711,0.688,0.638,0.534 cap=2415,2214,1046,998 des=2415,2214,915,874 app=2402,2203,979,1009 abs=nil,nil,nil,nil ebrake=1.00 ibrake=1.00 hasABS=0 sy=10.31 split=1.000,0.875 ===
145.50090|I|libbeamng.print:18052| === LSTM_OBS t=384 7.66883,7.87910,9.03821,9.01937,-0.63331,10.31177,0.24920,-0.00049,0.00000,0.00000,0.00239,1.00000,0.00000,0.00093,-0.02268,0.00000,0.00000 ===
145.51400|I|libbeamng.print:18052| === LSTM_TRACE t=386 v=9.00 ws=7.69,7.69,8.57,8.85 cmd=0.833,0.799,0.593,0.750 cap=2093,2396,1406,1474 des=2093,2396,1230,1290 app=2082,2385,1194,1089 abs=nil,nil,nil,nil ebrake=1.00 ibrake=1.00 hasABS=0 sy=10.77 split=1.000,0.875 ===
145.51404|I|libbeamng.print:18052| === LSTM_OBS t=386 7.69290,7.68977,8.56538,8.84778,0.18387,10.77251,0.22032,0.01091,0.00000,0.00000,0.00331,1.00000,0.00000,0.00106,-0.02244,0.00000,0.00000 ===
145.52679|I|libbeamng.print:18052| === LSTM_TRACE t=388 v=8.91 ws=7.03,7.61,8.82,8.74 cmd=0.613,0.622,0.785,0.612 cap=2631,2281,1280,957 des=2631,2281,1120,837 app=2617,2270,1088,1033 abs=nil,nil,nil,nil ebrake=1.00 ibrake=1.00 hasABS=0 sy=10.24 split=1.000,0.875 ===
145.52683|I|libbeamng.print:18052| === LSTM_OBS t=388 7.02850,7.60701,8.82001,8.73745,0.23911,10.23906,0.90080,-0.01689,0.00000,0.00000,0.00274,1.00000,0.00000,0.00109,-0.02226,0.00000,0.00000 ===
145.53537|I|libbeamng.print:18052| === LSTM_TRACE t=390 v=8.79 ws=6.88,7.91,8.47,8.60 cmd=0.696,0.857,0.554,0.620 cap=1589,2233,1140,1543 des=1589,2233,997,1350 app=1846,2222,1088,1217 abs=nil,nil,nil,nil ebrake=1.00 ibrake=1.00 hasABS=0 sy=10.58 split=1.000,0.875 ===
145.53541|I|libbeamng.print:18052| === LSTM_OBS t=390 6.88000,7.91298,8.47282,8.60048,-0.16430,10.57811,0.66918,0.00208,0.00000,0.00000,0.00176,1.00000,0.00000,0.00107,-0.02196,0.00000,0.00000 ===
145.55024|I|libbeamng.print:18052| === LSTM_TRACE t=392 v=8.69 ws=6.94,7.55,8.48,8.63 cmd=0.739,0.622,0.771,0.733 cap=2484,2430,1415,1089 des=2484,2430,1238,953 app=2470,2418,1121,926 abs=nil,nil,nil,nil ebrake=1.00 ibrake=1.00 hasABS=0 sy=10.55 split=1.000,0.875 ===
145.55031|I|libbeamng.print:18052| === LSTM_OBS t=392 6.94127,7.55279,8.47539,8.62841,-0.01089,10.55264,-0.05623,0.01099,0.00000,0.00000,0.00457,1.00000,0.00000,0.00114,-0.02183,0.00000,0.00000 ===
145.56321|I|libbeamng.print:18052| === LSTM_TRACE t=394 v=8.59 ws=6.65,7.73,8.24,8.43 cmd=0.735,0.838,0.614,0.564 cap=2423,2159,1140,1330 des=2423,2159,997,1163 app=2410,2148,1066,1131 abs=nil,nil,nil,nil ebrake=1.00 ibrake=1.00 hasABS=0 sy=10.61 split=1.000,0.875 ===
145.56325|I|libbeamng.print:18052| === LSTM_OBS t=394 6.64873,7.72770,8.23586,8.43079,-0.09203,10.61299,-0.15895,-0.00703,0.00000,0.00000,0.00146,1.00000,0.00000,0.00129,-0.02141,0.00000,0.00000 ===
145.57533|I|libbeamng.print:18052| === LSTM_TRACE t=396 v=8.50 ws=6.67,7.18,8.25,8.22 cmd=0.585,0.676,0.686,0.741 cap=1752,2519,1469,1423 des=1752,2519,1286,1245 app=1881,2506,1220,1138 abs=nil,nil,nil,nil ebrake=1.00 ibrake=1.00 hasABS=0 sy=10.07 split=1.000,0.875 ===
145.57538|I|libbeamng.print:18052| === LSTM_OBS t=396 6.67130,7.18162,8.25332,8.22121,0.12027,10.06588,0.30513,-0.00631,0.00000,0.00000,0.00335,1.00000,0.00000,0.00120,-0.02128,0.00000,0.00000 ===
145.58376|I|libbeamng.print:18052| === LSTM_TRACE t=398 v=8.37 ws=7.19,7.03,8.30,8.34 cmd=0.893,0.702,0.759,0.692 cap=2668,2253,1073,924 des=2668,2253,939,808 app=2188,2241,927,1019 abs=nil,nil,nil,nil ebrake=1.00 ibrake=1.00 hasABS=0 sy=10.81 split=1.000,0.875 ===
145.58380|I|libbeamng.print:18052| === LSTM_OBS t=398 7.19355,7.02764,8.29661,8.33664,-0.05474,10.81204,0.45284,0.00378,0.00000,0.00000,0.00364,1.00000,0.00000,0.00130,-0.02099,0.00000,0.00000 ===
145.59552|I|libbeamng.print:18052| === LSTM_TRACE t=400 v=8.29 ws=6.74,7.14,8.01,7.76 cmd=0.732,0.839,0.605,0.572 cap=2499,2344,1558,1471 des=2499,2344,1363,1288 app=2485,2332,1324,1252 abs=nil,nil,nil,nil ebrake=1.00 ibrake=1.00 hasABS=0 sy=10.14 split=1.000,0.875 ===
145.59557|I|libbeamng.print:18052| === LSTM_OBS t=400 6.74262,7.13971,8.00816,7.75836,0.14811,10.14022,0.45661,-0.00822,0.00000,0.00000,0.00229,1.00000,0.00000,0.00122,-0.02073,0.00000,0.00000 ===
145.60932|I|libbeamng.print:18052| === LSTM_TRACE t=402 v=8.17 ws=6.77,6.79,8.01,8.11 cmd=0.698,0.604,0.753,0.782 cap=1937,2354,1164,1450 des=1937,2354,1018,1268 app=1926,2342,989,1233 abs=nil,nil,nil,nil ebrake=1.00 ibrake=1.00 hasABS=0 sy=10.64 split=1.000,0.875 ===
145.60936|I|libbeamng.print:18052| === LSTM_OBS t=402 6.77357,6.78760,8.00991,8.10762,-0.01196,10.63592,-0.13354,-0.00832,0.00000,0.00000,0.00176,1.00000,0.00000,0.00122,-0.02063,0.00000,0.00000 ===
145.61744|I|libbeamng.print:18052| === LSTM_TRACE t=404 v=8.06 ws=6.70,6.93,7.76,7.86 cmd=0.793,0.842,0.552,0.623 cap=2449,2267,1494,826 des=2449,2267,1307,723 app=2434,2255,1270,1086 abs=nil,nil,nil,nil ebrake=1.00 ibrake=1.00 hasABS=0 sy=10.60 split=1.000,0.875 ===
145.61748|I|libbeamng.print:18052| === LSTM_OBS t=404 6.69532,6.93351,7.76217,7.85796,-0.04357,10.60102,-0.03990,0.01072,0.00000,0.00000,0.00520,1.00000,0.00000,0.00114,-0.02026,0.00000,0.00000 ===
145.62949|I|libbeamng.print:18052| === LSTM_TRACE t=406 v=7.96 ws=6.40,6.67,7.90,7.80 cmd=0.722,0.601,0.832,0.661 cap=2238,2262,1291,1672 des=2238,2262,1129,1463 app=2225,2250,1097,1236 abs=nil,nil,nil,nil ebrake=1.00 ibrake=1.00 hasABS=0 sy=10.35 split=1.000,0.875 ===
145.62952|I|libbeamng.print:18052| === LSTM_OBS t=406 6.40321,6.66594,7.90420,7.80342,0.30974,10.35078,0.54250,-0.01459,0.00000,0.00000,0.00000,1.00000,0.00000,0.00122,-0.02021,0.00000,0.00000 ===
145.64287|I|libbeamng.print:18052| === LSTM_TRACE t=408 v=7.86 ws=6.19,7.00,7.58,7.80 cmd=0.714,0.857,0.531,0.767 cap=2366,2387,1258,856 des=2366,2387,1101,749 app=2352,2250,1097,886 abs=nil,nil,nil,nil ebrake=1.00 ibrake=1.00 hasABS=0 sy=10.32 split=1.000,0.875 ===
145.64291|I|libbeamng.print:18052| === LSTM_OBS t=408 6.19475,7.00141,7.58026,7.79704,-0.09260,10.31557,0.26804,0.00384,0.00000,0.00000,0.00375,1.00000,0.00000,0.00106,-0.01989,0.00000,0.00000 ===
145.65172|I|libbeamng.print:18052| === LSTM_TRACE t=410 v=7.74 ws=6.25,6.65,7.67,7.21 cmd=0.761,0.770,0.810,0.452 cap=2079,2342,1625,1647 des=2079,2342,1422,1441 app=2066,2330,1097,1299 abs=nil,nil,nil,nil ebrake=1.00 ibrake=1.00 hasABS=0 sy=10.80 split=1.000,0.875 ===
145.65185|I|libbeamng.print:18052| === LSTM_OBS t=410 6.25332,6.65168,7.66721,7.20614,0.53442,10.80264,-0.41321,0.00258,0.00000,0.00000,0.00204,1.00000,0.00000,0.00109,-0.01974,0.00000,0.00000 ===
145.66232|I|libbeamng.print:18052| === LSTM_TRACE t=412 v=7.65 ws=6.04,6.42,7.39,7.64 cmd=0.732,0.618,0.634,0.854 cap=2429,2340,1056,1127 des=2429,2340,924,986 app=2414,2327,1097,959 abs=nil,nil,nil,nil ebrake=1.00 ibrake=1.00 hasABS=0 sy=10.25 split=1.000,0.875 ===
145.66235|I|libbeamng.print:18052| === LSTM_OBS t=412 6.04368,6.42116,7.39008,7.64205,-0.05206,10.24873,-0.29482,-0.00439,0.00000,0.00000,0.00420,1.00000,0.00000,0.00102,-0.01950,0.00000,0.00000 ===
145.67617|I|libbeamng.print:18052| === LSTM_TRACE t=414 v=7.53 ws=5.84,6.72,7.13,7.13 cmd=0.799,0.909,0.663,0.414 cap=2337,2048,1700,1387 des=2337,2048,1488,1214 app=2322,2037,1254,1180 abs=nil,nil,nil,nil ebrake=1.00 ibrake=1.00 hasABS=0 sy=10.75 split=1.000,0.875 ===
145.67621|I|libbeamng.print:18052| === LSTM_OBS t=414 5.83915,6.71823,7.12855,7.13216,-0.14612,10.75090,-0.22237,0.01466,0.00000,0.00000,0.00104,1.00000,0.00000,0.00116,-0.01935,0.00000,0.00000 ===
145.68395|I|libbeamng.print:18052| === LSTM_TRACE t=416 v=7.44 ws=5.48,6.38,7.45,7.49 cmd=0.529,0.595,0.848,0.873 cap=2044,2738,1062,1510 des=2044,2738,929,1321 app=2077,2723,903,1180 abs=nil,nil,nil,nil ebrake=1.00 ibrake=1.00 hasABS=0 sy=10.42 split=1.000,0.875 ===
145.68399|I|libbeamng.print:18052| === LSTM_OBS t=416 5.47539,6.38255,7.45128,7.49286,0.06873,10.42081,-0.09993,-0.01014,0.00000,0.00000,0.00392,1.00000,0.00000,0.00104,-0.01916,0.00000,0.00000 ===
145.69999|I|libbeamng.print:18052| === LSTM_TRACE t=418 v=7.32 ws=6.07,6.18,7.07,6.96 cmd=0.900,0.852,0.539,0.480 cap=2413,2030,1580,880 des=2413,2030,1382,770 app=2077,2019,1316,1181 abs=nil,nil,nil,nil ebrake=1.00 ibrake=1.00 hasABS=0 sy=10.66 split=1.000,0.875 ===
145.70004|I|libbeamng.print:18052| === LSTM_OBS t=418 6.07482,6.17900,7.06883,6.95666,-0.65899,10.65955,0.42477,0.00640,0.00000,0.00000,0.00311,1.00000,0.00000,0.00124,-0.01893,0.00000,0.00000 ===
145.71845|I|libbeamng.print:18052| === LSTM_TRACE t=420 v=7.22 ws=5.49,6.07,7.24,7.19 cmd=0.749,0.581,0.914,0.818 cap=2714,2402,1241,1700 des=2714,2402,1086,1488 app=2696,2389,1055,1181 abs=nil,nil,nil,nil ebrake=1.00 ibrake=1.00 hasABS=0 sy=10.69 split=1.000,0.875 ===
145.71849|I|libbeamng.print:18052| === LSTM_OBS t=420 5.48730,6.07359,7.23833,7.19347,0.48080,10.69107,-0.05288,0.00491,0.00000,0.00000,0.00326,1.00000,0.00000,0.00123,-0.01890,0.00000,0.00000 ===
145.72855|I|libbeamng.print:18052| === LSTM_TRACE t=422 v=7.11 ws=5.53,6.10,6.87,6.87 cmd=0.667,0.900,0.470,0.701 cap=2211,2581,1377,743 des=2211,2581,1205,650 app=2196,2388,1171,1146 abs=nil,nil,nil,nil ebrake=1.00 ibrake=1.00 hasABS=0 sy=10.76 split=1.000,0.875 ===
145.72859|I|libbeamng.print:18052| === LSTM_OBS t=422 5.52829,6.10462,6.86950,6.87204,-0.39031,10.76038,0.37527,-0.00566,0.00000,0.00000,0.00000,1.00000,0.00000,0.00145,-0.01857,0.00000,0.00000 ===
145.73791|I|libbeamng.print:18052| === LSTM_TRACE t=424 v=7.01 ws=5.64,5.45,6.95,6.70 cmd=0.790,0.466,0.879,0.601 cap=2231,2150,1501,1700 des=2231,2150,1314,1488 app=2216,2388,1171,1365 abs=nil,nil,nil,nil ebrake=1.00 ibrake=1.00 hasABS=0 sy=10.38 split=1.000,0.875 ===
145.73794|I|libbeamng.print:18052| === LSTM_OBS t=424 5.63930,5.44519,6.95347,6.69682,0.28170,10.38261,-0.21880,-0.00140,0.00000,0.00000,0.00551,1.00000,0.00000,0.00148,-0.01855,0.00000,0.00000 ===
145.74795|I|libbeamng.print:18052| === LSTM_TRACE t=426 v=6.90 ws=5.20,5.67,6.66,6.99 cmd=0.697,0.806,0.576,0.861 cap=2471,2292,1182,743 des=2471,2292,1034,650 app=2454,2278,1171,952 abs=nil,nil,nil,nil ebrake=1.00 ibrake=1.00 hasABS=0 sy=10.82 split=1.000,0.875 ===
145.74799|I|libbeamng.print:18052| === LSTM_OBS t=426 5.19595,5.67500,6.65836,6.98923,0.51460,10.82316,0.39728,-0.00951,0.00000,0.00000,0.00183,1.00000,0.00000,0.00166,-0.01828,0.00000,0.00000 ===
145.75430|I|libbeamng.print:18052| === LSTM_TRACE t=428 v=6.80 ws=5.23,5.40,6.69,6.34 cmd=0.765,0.731,0.820,0.428 cap=2268,2295,1600,1700 des=2268,2295,1400,1488 app=2252,2281,1171,1365 abs=nil,nil,nil,nil ebrake=1.00 ibrake=1.00 hasABS=0 sy=10.27 split=1.000,0.875 ===
145.75434|I|libbeamng.print:18052| === LSTM_OBS t=428 5.23456,5.40255,6.69254,6.34203,0.20410,10.26903,0.24280,-0.01439,0.00000,0.00000,0.00000,1.00000,0.00000,0.00169,-0.01810,0.00000,0.00000 ===
145.76527|I|libbeamng.print:18052| === LSTM_TRACE t=430 v=6.69 ws=4.87,5.49,6.46,6.81 cmd=0.616,0.725,0.692,0.909 cap=2047,2507,1030,1005 des=2047,2507,901,879 app=2033,2492,1149,952 abs=nil,nil,nil,nil ebrake=1.00 ibrake=1.00 hasABS=0 sy=10.76 split=1.000,0.875 ===
145.76532|I|libbeamng.print:18052| === LSTM_OBS t=430 4.87365,5.49275,6.45955,6.81466,-0.17182,10.75909,-0.15678,-0.01209,0.00000,0.00000,0.00530,1.00000,0.00000,0.00166,-0.01799,0.00000,0.00000 ===
145.77638|I|libbeamng.print:18052| === LSTM_TRACE t=432 v=6.58 ws=5.60,5.53,6.38,6.19 cmd=0.923,0.868,0.712,0.359 cap=2589,2274,1641,1568 des=2589,2274,1436,1372 app=2282,2260,1350,1334 abs=nil,nil,nil,nil ebrake=1.00 ibrake=1.00 hasABS=0 sy=10.72 split=1.000,0.875 ===
145.77642|I|libbeamng.print:18052| === LSTM_OBS t=432 5.59747,5.53150,6.38175,6.18912,0.46120,10.71569,0.09083,-0.00155,0.00000,0.00000,0.00189,1.00000,0.00000,0.00194,-0.01770,0.00000,0.00000 ===
145.78431|I|libbeamng.print:18052| === LSTM_TRACE t=434 v=6.49 ws=4.90,5.06,6.39,6.56 cmd=0.625,0.425,0.795,0.914 cap=2527,2296,1143,1436 des=2527,2296,1000,1257 app=2509,2281,972,1222 abs=nil,nil,nil,nil ebrake=1.00 ibrake=1.00 hasABS=0 sy=10.29 split=1.000,0.875 ===
145.78434|I|libbeamng.print:18052| === LSTM_OBS t=434 4.89522,5.06091,6.39225,6.55618,-0.12574,10.29272,0.42030,-0.00120,0.00000,0.00000,0.00169,1.00000,0.00000,0.00167,-0.01758,0.00000,0.00000 ===
145.79674|I|libbeamng.print:18052| === LSTM_TRACE t=436 v=6.36 ws=4.75,5.42,6.21,5.96 cmd=0.709,0.938,0.646,0.451 cap=2070,2213,1600,1078 des=2070,2213,1400,943 app=2055,2198,1360,1222 abs=nil,nil,nil,nil ebrake=1.00 ibrake=1.00 hasABS=0 sy=11.15 split=1.000,0.875 ===
145.79678|I|libbeamng.print:18052| === LSTM_OBS t=436 4.74864,5.42426,6.21312,5.96335,0.18419,11.14688,0.38309,-0.00241,0.00000,0.00000,0.00210,1.00000,0.00000,0.00181,-0.01726,0.00000,0.00000 ===
145.80955|I|libbeamng.print:18052| === LSTM_TRACE t=438 v=6.27 ws=4.77,4.68,6.09,6.44 cmd=0.819,0.335,0.846,0.871 cap=2382,2683,1091,1695 des=2382,2683,955,1484 app=2365,2666,947,1222 abs=nil,nil,nil,nil ebrake=1.00 ibrake=1.00 hasABS=0 sy=10.35 split=1.000,0.875 ===
145.80959|I|libbeamng.print:18052| === LSTM_OBS t=438 4.76974,4.68416,6.08884,6.43807,0.48017,10.35141,0.42922,-0.00518,0.00000,0.00000,0.00189,1.00000,0.00000,0.00173,-0.01721,0.00000,0.00000 ===
145.81796|I|libbeamng.print:18052| === LSTM_TRACE t=440 v=6.16 ws=3.88,5.00,6.02,5.69 cmd=0.484,0.856,0.716,0.518 cap=2458,1484,1572,737 des=2458,1484,1376,645 app=2440,1896,1337,1222 abs=nil,nil,nil,nil ebrake=1.00 ibrake=1.00 hasABS=0 sy=10.68 split=1.000,0.875 ===
145.81799|I|libbeamng.print:18052| === LSTM_OBS t=440 3.88463,5.00490,6.01587,5.68554,-0.17409,10.68306,-0.30049,-0.01483,0.00000,0.00000,0.00439,1.00000,0.00000,0.00169,-0.01681,0.00000,0.00000 ===
145.82995|I|libbeamng.print:18052| === LSTM_TRACE t=442 v=6.04 ws=4.39,4.95,5.85,6.23 cmd=0.679,0.735,0.644,0.842 cap=1051,2698,1342,1700 des=1051,2698,1174,1488 app=1670,2665,1141,1222 abs=nil,nil,nil,nil ebrake=1.00 ibrake=1.00 hasABS=0 sy=10.88 split=1.000,0.875 ===
145.82999|I|libbeamng.print:18052| === LSTM_OBS t=442 4.39073,4.94738,5.84900,6.23133,0.27892,10.88044,0.30981,0.01077,0.00000,0.00000,0.00104,1.00000,0.00000,0.00166,-0.01679,0.00000,0.00000 ===
145.84237|I|libbeamng.print:18052| === LSTM_TRACE t=444 v=5.94 ws=4.87,4.53,6.00,5.45 cmd=0.922,0.675,0.857,0.488 cap=2942,1982,1236,797 des=2942,1982,1082,698 app=2439,1969,1051,1185 abs=nil,nil,nil,nil ebrake=1.00 ibrake=1.00 hasABS=0 sy=10.62 split=1.000,0.875 ===
145.84244|I|libbeamng.print:18052| === LSTM_OBS t=444 4.86883,4.53419,5.99968,5.45340,0.31978,10.62043,0.57900,-0.01164,0.00000,0.00000,0.00244,1.00000,0.00000,0.00153,-0.01629,0.00000,0.00000 ===
145.85082|I|libbeamng.print:18052| === LSTM_TRACE t=446 v=5.82 ws=3.47,5.22,5.39,5.83 cmd=0.525,0.889,0.619,0.850 cap=2174,2539,1609,1657 des=2174,2539,1408,1450 app=2439,2464,1368,1185 abs=nil,nil,nil,nil ebrake=1.00 ibrake=1.00 hasABS=0 sy=11.03 split=1.000,0.875 ===
145.85086|I|libbeamng.print:18052| === LSTM_OBS t=446 3.46936,5.22063,5.38642,5.83195,-0.41143,11.03181,0.17527,0.00412,0.00000,0.00000,0.00311,1.00000,0.00000,0.00147,-0.01628,0.00000,0.00000 ===
145.86291|I|libbeamng.print:18052| === LSTM_TRACE t=448 v=5.72 ws=3.92,4.21,5.73,5.52 cmd=0.479,0.515,0.789,0.628 cap=1321,2478,1246,1307 des=1321,2478,1090,1144 app=1670,2460,1059,1185 abs=nil,nil,nil,nil ebrake=1.00 ibrake=1.00 hasABS=0 sy=10.74 split=1.000,0.875 ===
145.86295|I|libbeamng.print:18052| === LSTM_OBS t=448 3.91828,4.21284,5.73171,5.52004,0.68809,10.73932,0.54116,0.00338,0.00000,0.00000,0.00049,1.00000,0.00000,0.00156,-0.01585,0.00000,0.00000 ===
145.87592|I|libbeamng.print:18052| === LSTM_TRACE t=450 v=5.62 ws=5.13,4.19,5.33,5.28 cmd=0.964,0.736,0.568,0.624 cap=2554,1303,1451,1412 des=2554,1303,1269,1236 app=1856,1691,1233,1201 abs=nil,nil,nil,nil ebrake=1.00 ibrake=1.00 hasABS=0 sy=10.55 split=1.000,0.875 ===
145.87596|I|libbeamng.print:18052| === LSTM_OBS t=450 5.12607,4.18549,5.32680,5.28463,-0.54842,10.54660,0.24434,-0.00314,0.00000,0.00000,0.00481,1.00000,0.00000,0.00129,-0.01578,0.00000,0.00000 ===
145.88370|I|libbeamng.print:18052| === LSTM_TRACE t=452 v=5.51 ws=4.36,4.82,5.39,5.65 cmd=0.826,0.908,0.869,0.864 cap=2986,2801,1236,1410 des=2986,2801,1081,1234 app=2625,2460,1050,1199 abs=nil,nil,nil,nil ebrake=1.00 ibrake=1.00 hasABS=0 sy=10.62 split=1.000,0.875 ===
145.88374|I|libbeamng.print:18052| === LSTM_OBS t=452 4.36002,4.81743,5.39052,5.65249,0.15492,10.61964,-0.33699,0.00320,0.00000,0.00000,0.00224,1.00000,0.00000,0.00143,-0.01541,0.00000,0.00000 ===
145.89612|I|libbeamng.print:18052| === LSTM_TRACE t=454 v=5.40 ws=4.03,3.70,5.26,4.99 cmd=0.506,0.632,0.602,0.642 cap=1806,2619,1584,1486 des=1806,2619,1386,1300 app=2156,2600,1346,1264 abs=nil,nil,nil,nil ebrake=1.00 ibrake=1.00 hasABS=0 sy=10.77 split=1.000,0.875 ===
145.89618|I|libbeamng.print:18052| === LSTM_OBS t=454 4.02507,3.70312,5.25968,4.99450,0.24520,10.77398,-0.04882,0.01139,0.00000,0.00000,0.00305,1.00000,0.00000,0.00133,-0.01517,0.00000,0.00000 ===
145.90874|I|libbeamng.print:18052| === LSTM_TRACE t=456 v=5.30 ws=4.40,3.42,5.18,5.52 cmd=0.839,0.311,0.762,0.740 cap=2091,861,1268,1527 des=2091,861,1109,1336 app=2073,1831,1078,1268 abs=nil,nil,nil,nil ebrake=1.00 ibrake=1.00 hasABS=0 sy=10.64 split=1.000,0.875 ===
145.90878|I|libbeamng.print:18052| === LSTM_OBS t=456 4.40219,3.41754,5.17659,5.51867,-0.27224,10.63526,0.27682,0.00330,0.00000,0.00000,0.00490,1.00000,0.00000,0.00109,-0.01522,0.00000,0.00000 ===
145.91739|I|libbeamng.print:18052| === LSTM_TRACE t=458 v=5.19 ws=3.31,4.99,5.08,4.76 cmd=0.630,0.974,0.696,0.581 cap=2700,2628,1388,964 des=2700,2628,1215,844 app=2678,1830,1180,1017 abs=nil,nil,nil,nil ebrake=1.00 ibrake=1.00 hasABS=0 sy=10.62 split=1.000,0.875 ===
145.91743|I|libbeamng.print:18052| === LSTM_OBS t=458 3.30765,4.99497,5.07601,4.75622,-0.41956,10.62410,0.39977,-0.00172,0.00000,0.00000,0.00430,1.00000,0.00000,0.00139,-0.01487,0.00000,0.00000 ===
145.92915|I|libbeamng.print:18052| === LSTM_TRACE t=460 v=5.09 ws=3.42,4.59,4.79,5.08 cmd=0.603,0.812,0.684,0.796 cap=1100,2894,1545,1673 des=1100,2894,1352,1464 app=1909,2599,1313,1166 abs=nil,nil,nil,nil ebrake=1.00 ibrake=1.00 hasABS=0 sy=10.74 split=1.000,0.875 ===
145.92919|I|libbeamng.print:18052| === LSTM_OBS t=460 3.41854,4.59384,4.79029,5.07602,0.50649,10.73794,0.32468,0.01499,0.00000,0.00000,0.00239,1.00000,0.00000,0.00123,-0.01486,0.00000,0.00000 ===
145.94255|I|libbeamng.print:18052| === LSTM_TRACE t=462 v=4.98 ws=4.26,3.68,4.99,4.89 cmd=0.901,0.523,0.836,0.660 cap=2889,2089,1127,1074 des=2889,2089,986,940 app=2237,2112,957,1108 abs=nil,nil,nil,nil ebrake=1.00 ibrake=1.00 hasABS=0 sy=10.53 split=1.000,0.875 ===
145.94263|I|libbeamng.print:18052| === LSTM_OBS t=462 4.25653,3.67837,4.98978,4.89139,-0.89304,10.52946,-0.57017,0.00722,0.00000,0.00000,0.00423,1.00000,0.00000,0.00116,-0.01452,0.00000,0.00000 ===
145.95007|I|libbeamng.print:18052| === LSTM_TRACE t=464 v=4.88 ws=3.36,4.59,4.65,4.51 cmd=0.587,0.931,0.490,0.599 cap=2130,2262,1641,1389 des=2130,2262,1436,1215 app=2236,2112,1370,1181 abs=nil,nil,nil,nil ebrake=1.00 ibrake=1.00 hasABS=0 sy=10.55 split=1.000,0.875 ===
145.95012|I|libbeamng.print:18052| === LSTM_OBS t=464 3.35840,4.59439,4.65237,4.50746,-0.60995,10.54637,-0.48833,0.00194,0.00000,0.00000,0.00478,1.00000,0.00000,0.00136,-0.01462,0.00000,0.00000 ===
145.96222|I|libbeamng.print:18052| === LSTM_TRACE t=466 v=4.78 ws=3.40,3.79,4.49,5.01 cmd=0.733,0.452,0.781,0.774 cap=1953,2676,890,1462 des=1953,2676,779,1280 app=1935,2655,957,1196 abs=nil,nil,nil,nil ebrake=1.00 ibrake=1.00 hasABS=0 sy=10.12 split=1.000,0.875 ===
145.96227|I|libbeamng.print:18052| === LSTM_OBS t=466 3.40488,3.78931,4.49486,5.00519,0.95005,10.12426,0.89347,0.00950,0.00000,0.00000,0.00176,1.00000,0.00000,0.00137,-0.01452,0.00000,0.00000 ===
145.97513|I|libbeamng.print:18052| === LSTM_TRACE t=468 v=4.67 ws=3.75,3.27,4.61,4.17 cmd=0.732,0.754,0.615,0.572 cap=2384,1357,1584,1048 des=2384,1357,1386,917 app=2362,1886,1345,1073 abs=nil,nil,nil,nil ebrake=1.00 ibrake=1.00 hasABS=0 sy=10.68 split=1.000,0.875 ===
145.97517|I|libbeamng.print:18052| === LSTM_OBS t=468 3.74553,3.27080,4.60949,4.17177,-1.10311,10.67975,-0.03046,-0.00960,0.00000,0.00000,0.00000,1.00000,0.00000,0.00124,-0.01445,0.00000,0.00000 ===
145.98337|I|libbeamng.print:18052| === LSTM_TRACE t=470 v=4.57 ws=3.61,3.55,4.59,4.73 cmd=0.673,0.703,0.730,0.785 cap=2022,2575,1037,1509 des=2022,2575,907,1320 app=2004,2554,933,1151 abs=nil,nil,nil,nil ebrake=1.00 ibrake=1.00 hasABS=0 sy=10.30 split=1.000,0.875 ===
145.98341|I|libbeamng.print:18052| === LSTM_OBS t=470 3.61078,3.55098,4.59272,4.72812,0.45521,10.29841,-0.52586,-0.00055,0.00000,0.00000,0.00441,1.00000,0.00000,0.00157,-0.01442,0.00000,0.00000 ===
145.99524|I|libbeamng.print:18052| === LSTM_TRACE t=472 v=4.46 ws=3.46,3.47,3.99,4.11 cmd=0.830,0.852,0.550,0.561 cap=2513,2347,1322,977 des=2513,2347,1156,855 app=2450,2327,1122,1089 abs=nil,nil,nil,nil ebrake=1.00 ibrake=1.00 hasABS=0 sy=10.49 split=1.000,0.875 ===
145.99534|I|libbeamng.print:18052| === LSTM_OBS t=472 3.45622,3.47269,3.99418,4.11457,-0.15162,10.48910,0.19198,0.00567,0.00000,0.00000,0.00691,1.00000,0.00000,0.00161,-0.01428,0.00000,0.00000 ===
146.00848|I|libbeamng.print:18052| === LSTM_TRACE t=474 v=4.36 ws=2.82,2.98,4.58,4.34 cmd=0.394,0.460,0.838,0.759 cap=1870,2151,1534,1650 des=1870,2151,1342,1444 app=2166,2236,1122,1132 abs=nil,nil,nil,nil ebrake=1.00 ibrake=1.00 hasABS=0 sy=10.38 split=1.000,0.875 ===
146.00852|I|libbeamng.print:18052| === LSTM_OBS t=474 2.81887,2.97654,4.58152,4.33866,0.27414,10.38341,0.10950,-0.00591,0.00000,0.00000,0.00169,1.00000,0.00000,0.00154,-0.01441,0.00000,0.00000 ===
146.01661|I|libbeamng.print:18052| === LSTM_TRACE t=476 v=4.25 ws=3.81,3.00,3.92,4.07 cmd=0.855,0.806,0.379,0.668 cap=2099,2295,751,709 des=2099,2295,657,620 app=2080,2236,1122,1046 abs=nil,nil,nil,nil ebrake=1.00 ibrake=1.00 hasABS=0 sy=10.50 split=1.000,0.875 ===
146.01665|I|libbeamng.print:18052| === LSTM_OBS t=476 3.81415,3.00125,3.92449,4.06998,-0.43932,10.50394,0.13514,-0.00152,0.00000,0.00000,0.00000,1.00000,0.00000,0.00148,-0.01429,0.00000,0.00000 ===
146.02878|I|libbeamng.print:18052| === LSTM_TRACE t=478 v=4.14 ws=3.00,3.21,3.98,4.04 cmd=0.745,0.752,0.850,0.613 cap=2643,1989,1667,1668 des=2643,1989,1459,1460 app=2618,2094,1122,1309 abs=nil,nil,nil,nil ebrake=1.00 ibrake=1.00 hasABS=0 sy=10.61 split=1.000,0.875 ===
146.02882|I|libbeamng.print:18052| === LSTM_OBS t=478 2.99570,3.20778,3.98131,4.03946,0.24953,10.61334,-0.48295,-0.00811,0.00000,0.00000,0.00573,1.00000,0.00000,0.00162,-0.01431,0.00000,0.00000 ===
146.04190|I|libbeamng.print:18052| === LSTM_TRACE t=480 v=4.03 ws=2.71,3.17,4.05,3.92 cmd=0.499,0.816,0.604,0.797 cap=1887,2850,914,969 des=1887,2850,799,848 app=1903,2694,1122,896 abs=nil,nil,nil,nil ebrake=1.00 ibrake=1.00 hasABS=0 sy=10.70 split=1.000,0.875 ===
146.04197|I|libbeamng.print:18052| === LSTM_OBS t=480 2.70773,3.16569,4.05216,3.91988,0.34832,10.69732,0.07917,-0.00899,0.00000,0.00000,0.00473,1.00000,0.00000,0.00151,-0.01412,0.00000,0.00000 ===
146.05057|I|libbeamng.print:18052| === LSTM_TRACE t=482 v=3.94 ws=3.25,2.32,3.77,3.64 cmd=0.783,0.549,0.673,0.535 cap=1657,1406,1688,1517 des=1657,1406,1477,1327 app=1640,2125,1203,1289 abs=nil,nil,nil,nil ebrake=1.00 ibrake=1.00 hasABS=0 sy=10.16 split=1.000,0.875 ===
146.05062|I|libbeamng.print:18052| === LSTM_OBS t=482 3.25013,2.32471,3.76619,3.63874,-0.29973,10.15827,-0.23856,0.00175,0.00000,0.00000,0.00326,1.00000,0.00000,0.00125,-0.01444,0.00000,0.00000 ===
146.06218|I|libbeamng.print:18052| === LSTM_TRACE t=484 v=3.83 ws=3.71,2.97,3.59,4.02 cmd=0.927,0.877,0.706,0.823 cap=2802,2519,854,1261 des=2802,2519,747,1104 app=2408,2124,904,1071 abs=nil,nil,nil,nil ebrake=1.00 ibrake=1.00 hasABS=0 sy=10.65 split=1.000,0.875 ===
146.06222|I|libbeamng.print:18052| === LSTM_OBS t=484 3.70519,2.96883,3.58755,4.02028,0.06546,10.64695,-0.15518,-0.00018,0.00000,0.00000,0.00104,1.00000,0.00000,0.00124,-0.01433,0.00000,0.00000 ===
146.06828|I|libbeamng.print:18052| === LSTM_TRACE t=486 v=3.74 ws=2.36,2.28,3.57,3.31 cmd=0.545,0.786,0.795,0.708 cap=2563,2546,1700,1537 des=2563,2546,1488,1345 app=2537,2523,1316,1305 abs=nil,nil,nil,nil ebrake=1.00 ibrake=1.00 hasABS=0 sy=9.95 split=1.000,0.875 ===
146.06832|I|libbeamng.print:18052| === LSTM_OBS t=486 2.35870,2.27938,3.56932,3.30690,0.22311,9.95189,-0.42275,-0.01167,0.00000,0.00000,0.00234,1.00000,0.00000,0.00126,-0.01431,0.00000,0.00000 ===
146.07997|I|libbeamng.print:18052| === LSTM_TRACE t=488 v=3.62 ws=2.30,2.52,3.70,3.47 cmd=0.529,0.759,0.683,0.693 cap=1163,2282,1202,1395 des=1163,2282,1052,1220 app=1769,2261,1105,1184 abs=nil,nil,nil,nil ebrake=1.00 ibrake=1.00 hasABS=0 sy=10.69 split=1.000,0.875 ===
146.08001|I|libbeamng.print:18052| === LSTM_OBS t=488 2.29775,2.52301,3.69788,3.47312,-0.28676,10.69377,0.45694,-0.00065,0.00000,0.00000,0.00780,1.00000,0.00000,0.00109,-0.01430,0.00000,0.00000 ===
146.09341|I|libbeamng.print:18052| === LSTM_TRACE t=490 v=3.52 ws=2.90,2.06,3.27,3.59 cmd=0.915,0.789,0.795,0.814 cap=2612,2617,1425,1389 des=2612,2617,1246,1215 app=2005,2593,1209,1179 abs=nil,nil,nil,nil ebrake=1.00 ibrake=1.00 hasABS=0 sy=10.40 split=1.000,0.875 ===
146.09345|I|libbeamng.print:18052| === LSTM_OBS t=490 2.89648,2.05597,3.27038,3.58694,0.15011,10.40340,0.22974,0.00365,0.00000,0.00000,0.00716,1.00000,0.00000,0.00110,-0.01437,0.00000,0.00000 ===
146.10194|I|libbeamng.print:18052| === LSTM_TRACE t=492 v=3.43 ws=2.40,1.07,2.94,3.07 cmd=0.868,0.667,0.785,0.781 cap=2788,1927,1560,1607 des=2788,1927,1365,1406 app=2759,2040,1323,1364 abs=nil,nil,nil,nil ebrake=1.00 ibrake=1.00 hasABS=0 sy=10.06 split=1.000,0.875 ===
146.10197|I|libbeamng.print:18052| === LSTM_OBS t=492 2.40303,1.07451,2.93554,3.07439,-0.63753,10.06431,0.27308,-0.00533,0.00000,0.00000,0.00494,1.00000,0.00000,0.00092,-0.01441,0.00000,0.00000 ===
146.11278|I|libbeamng.print:18052| === LSTM_TRACE t=494 v=3.32 ws=1.92,1.16,3.11,3.21 cmd=0.870,0.913,0.829,0.827 cap=2690,2665,1508,1525 des=2690,2665,1319,1335 app=2662,2430,1279,1295 abs=nil,nil,nil,nil ebrake=1.00 ibrake=1.00 hasABS=0 sy=10.49 split=1.000,0.875 ===
146.11281|I|libbeamng.print:18052| === LSTM_OBS t=494 1.92146,1.16110,3.10692,3.20697,0.25421,10.48661,-0.68554,0.01144,0.00000,0.00000,0.00000,1.00000,0.00000,0.00119,-0.01432,0.00000,0.00000 ===
146.12651|I|libbeamng.print:18052| === LSTM_TRACE t=496 v=3.21 ws=0.57,0.32,3.16,2.90 cmd=0.892,0.922,0.853,0.824 cap=2707,2830,1660,1614 des=2707,2830,1453,1412 app=2679,2802,1408,1370 abs=nil,nil,nil,nil ebrake=1.00 ibrake=1.00 hasABS=0 sy=10.65 split=1.000,0.875 ===
146.12657|I|libbeamng.print:18052| === LSTM_OBS t=496 0.57403,0.32064,3.15718,2.90480,-0.63589,10.64811,0.20125,-0.01117,0.00000,0.00000,0.00619,1.00000,0.00000,0.00121,-0.01437,0.00000,0.00000 ===
146.13455|I|libbeamng.print:18052| === LSTM_TRACE t=498 v=3.09 ws=0.32,0.25,2.73,3.02 cmd=0.970,0.973,0.843,0.829 cap=2914,2958,1618,1585 des=2914,2958,1416,1386 app=2882,2928,1372,1345 abs=nil,nil,nil,nil ebrake=1.00 ibrake=1.00 hasABS=0 sy=10.79 split=1.000,0.875 ===
146.13458|I|libbeamng.print:18052| === LSTM_OBS t=498 0.31525,0.25035,2.73491,3.02098,0.27962,10.79057,1.07677,0.00173,0.00000,0.00000,0.00049,1.00000,0.00000,0.00109,-0.01452,0.00000,0.00000 ===
146.14603|I|libbeamng.print:18052| === LSTM_TRACE t=500 v=3.01 ws=0.31,0.18,2.48,2.83 cmd=0.986,0.984,0.857,0.850 cap=3040,3032,1667,1650 des=3040,3032,1459,1444 app=3006,3001,1413,1400 abs=nil,nil,nil,nil ebrake=1.00 ibrake=1.00 hasABS=0 sy=10.03 split=1.000,0.875 ===
146.14607|I|libbeamng.print:18052| === LSTM_OBS t=500 0.30937,0.18162,2.47553,2.82526,0.45238,10.02930,1.41943,-0.00294,0.00000,0.00000,0.00049,1.00000,0.00000,0.00090,-0.01470,0.00000,0.00000 ===
146.15969|I|libbeamng.print:18052| === LSTM_TRACE t=502 v=2.88 ws=0.24,0.09,2.32,2.42 cmd=0.990,0.989,0.871,0.859 cap=3064,3060,1681,1655 des=3064,3060,1470,1448 app=3030,3028,1425,1405 abs=nil,nil,nil,nil ebrake=1.00 ibrake=1.00 hasABS=0 sy=11.00 split=1.000,0.875 ===
146.15973|I|libbeamng.print:18052| === LSTM_OBS t=502 0.24443,0.08671,2.31526,2.42265,0.16239,11.00049,-0.16945,-0.00276,0.00000,0.00000,0.00154,1.00000,0.00000,0.00090,-0.01454,0.00000,0.00000 ===
146.16791|I|libbeamng.print:18052| === LSTM_TRACE t=504 v=2.80 ws=0.20,0.06,2.47,2.37 cmd=0.993,0.993,0.871,0.861 cap=3074,3073,1697,1679 des=3074,3073,1485,1469 app=3039,3040,1438,1425 abs=nil,nil,nil,nil ebrake=1.00 ibrake=1.00 hasABS=0 sy=10.00 split=1.000,0.875 ===
146.16795|I|libbeamng.print:18052| === LSTM_OBS t=504 0.20276,0.05600,2.47068,2.36513,-0.04461,10.00112,0.06114,-0.01886,0.00000,0.00000,0.00442,1.00000,0.00000,0.00062,-0.01462,0.00000,0.00000 ===
146.17916|I|libbeamng.print:18052| === LSTM_TRACE t=506 v=2.68 ws=0.14,0.04,2.60,2.09 cmd=0.996,0.996,0.875,0.861 cap=3083,3084,1697,1673 des=3083,3084,1485,1464 app=3047,3051,1439,1419 abs=nil,nil,nil,nil ebrake=1.00 ibrake=1.00 hasABS=0 sy=10.82 split=1.000,0.875 ===
146.17920|I|libbeamng.print:18052| === LSTM_OBS t=506 0.14198,0.04317,2.59548,2.08573,-0.70514,10.81767,0.56142,-0.01147,0.00000,0.00000,0.00000,1.00000,0.00000,0.00045,-0.01465,0.00000,0.00000 ===
146.19309|I|libbeamng.print:18052| === LSTM_TRACE t=508 v=2.58 ws=0.14,0.03,1.90,2.01 cmd=0.997,0.997,0.870,0.860 cap=3089,3090,1694,1672 des=3089,3090,1482,1463 app=3053,3056,1436,1418 abs=nil,nil,nil,nil ebrake=1.00 ibrake=1.00 hasABS=0 sy=10.42 split=1.000,0.875 ===
146.19313|I|libbeamng.print:18052| === LSTM_OBS t=508 0.13618,0.03302,1.90095,2.01471,0.43832,10.41603,1.11096,-0.00184,0.00000,0.00000,0.00091,1.00000,0.00000,0.00042,-0.01473,0.00000,0.00000 ===
146.20128|I|libbeamng.print:18052| === LSTM_TRACE t=510 v=2.47 ws=0.11,0.02,1.94,2.33 cmd=0.998,0.998,0.871,0.864 cap=3093,3093,1692,1675 des=3093,3093,1481,1465 app=3055,3058,1434,1420 abs=nil,nil,nil,nil ebrake=1.00 ibrake=1.00 hasABS=0 sy=10.67 split=1.000,0.875 ===
146.20131|I|libbeamng.print:18052| === LSTM_OBS t=510 0.11087,0.01764,1.93570,2.33168,0.85920,10.67147,0.79080,0.00121,0.00000,0.00000,0.00183,1.00000,0.00000,0.00012,-0.01465,0.00000,0.00000 ===
146.21300|I|libbeamng.print:18052| === LSTM_TRACE t=512 v=2.35 ws=0.09,0.00,1.67,1.93 cmd=0.999,0.999,0.867,0.864 cap=3095,3095,1691,1680 des=3095,3095,1480,1470 app=3057,3059,1433,1425 abs=nil,nil,nil,nil ebrake=1.00 ibrake=1.00 hasABS=0 sy=11.05 split=1.000,0.875 ===
146.21304|I|libbeamng.print:18052| === LSTM_OBS t=512 0.08816,0.00385,1.66600,1.92801,-0.26120,11.05253,0.18916,-0.01060,0.00000,0.00000,0.00280,1.00000,0.00000,-0.00011,-0.01451,0.00000,0.00000 ===
146.22624|I|libbeamng.print:18052| === LSTM_TRACE t=514 v=2.25 ws=0.06,0.01,1.48,1.40 cmd=0.999,0.999,0.857,0.856 cap=3096,3096,1674,1671 des=3096,3096,1464,1462 app=3057,3060,1418,1417 abs=nil,nil,nil,nil ebrake=1.00 ibrake=1.00 hasABS=0 sy=10.48 split=1.000,0.875 ===
146.22631|I|libbeamng.print:18052| === LSTM_OBS t=514 0.05999,0.01444,1.47784,1.39884,-0.96105,10.48467,-0.13664,-0.01733,0.00000,0.00000,0.00115,1.00000,0.00000,-0.00013,-0.01451,0.00000,0.00000 ===
146.23440|I|libbeamng.print:18052| === LSTM_TRACE t=516 v=2.15 ws=0.04,0.02,1.51,1.64 cmd=0.999,0.999,0.848,0.848 cap=3097,3097,1657,1655 des=3097,3097,1450,1448 app=3057,3060,1403,1403 abs=nil,nil,nil,nil ebrake=1.00 ibrake=1.00 hasABS=0 sy=10.51 split=1.000,0.875 ===
146.23443|I|libbeamng.print:18052| === LSTM_OBS t=516 0.04263,0.01705,1.50857,1.64001,-0.04453,10.50831,0.46520,-0.01212,0.00000,0.00000,0.00204,1.00000,0.00000,-0.00013,-0.01442,0.00000,0.00000 ===
146.24609|I|libbeamng.print:18052| === LSTM_TRACE t=518 v=2.02 ws=0.03,0.02,2.01,1.52 cmd=0.999,0.999,0.851,0.849 cap=3097,3097,1645,1645 des=3097,3097,1440,1440 app=3057,3060,1393,1395 abs=nil,nil,nil,nil ebrake=1.00 ibrake=1.00 hasABS=0 sy=11.29 split=1.000,0.875 ===
146.24613|I|libbeamng.print:18052| === LSTM_OBS t=518 0.02700,0.02472,2.01313,1.52105,0.17124,11.29317,0.90810,-0.01225,0.00000,0.00000,0.00104,1.00000,0.00000,-0.00014,-0.01433,0.00000,0.00000 ===
146.25946|I|libbeamng.print:18052| === LSTM_TRACE t=520 v=1.90 ws=0.03,0.02,1.94,1.07 cmd=1.000,0.999,0.862,0.859 cap=3098,3098,1664,1658 des=3098,3098,1456,1451 app=3058,3060,1409,1405 abs=nil,nil,nil,nil ebrake=1.00 ibrake=1.00 hasABS=0 sy=11.53 split=1.000,0.875 ===
146.25950|I|libbeamng.print:18052| === LSTM_OBS t=520 0.02861,0.02416,1.93516,1.07299,0.03577,11.53171,0.55868,-0.00675,0.00000,0.00000,0.00154,1.00000,0.00000,-0.00032,-0.01418,0.00000,0.00000 ===
146.26767|I|libbeamng.print:18052| === LSTM_TRACE t=522 v=1.80 ws=0.03,0.02,1.23,0.75 cmd=1.000,1.000,0.859,0.862 cap=3099,3098,1675,1676 des=3099,3098,1466,1467 app=3057,3060,1418,1420 abs=nil,nil,nil,nil ebrake=1.00 ibrake=1.00 hasABS=0 sy=11.15 split=1.000,0.875 ===
146.26771|I|libbeamng.print:18052| === LSTM_OBS t=522 0.02552,0.01622,1.23200,0.74736,0.54710,11.14603,0.07866,0.00598,0.00000,0.00000,0.00183,1.00000,0.00000,-0.00044,-0.01407,0.00000,0.00000 ===
146.27905|I|libbeamng.print:18052| === LSTM_TRACE t=524 v=1.69 ws=0.03,0.00,1.11,0.57 cmd=1.000,1.000,0.851,0.856 cap=3099,3099,1662,1670 des=3099,3099,1454,1461 app=3057,3059,1406,1414 abs=nil,nil,nil,nil ebrake=1.00 ibrake=1.00 hasABS=0 sy=11.08 split=1.000,0.875 ===
146.27909|I|libbeamng.print:18052| === LSTM_OBS t=524 0.02631,0.00341,1.11063,0.57319,0.33814,11.07927,-0.21841,0.00222,0.00000,0.00000,0.00183,1.00000,0.00000,-0.00058,-0.01399,0.00000,0.00000 ===
146.29273|I|libbeamng.print:18052| === LSTM_TRACE t=526 v=1.57 ws=0.01,0.01,1.46,0.65 cmd=1.000,1.000,0.847,0.852 cap=3099,3099,1647,1658 des=3099,3099,1441,1451 app=3056,3059,1393,1404 abs=nil,nil,nil,nil ebrake=1.00 ibrake=1.00 hasABS=0 sy=11.43 split=1.000,0.875 ===
146.29276|I|libbeamng.print:18052| === LSTM_OBS t=526 0.01272,0.00530,1.45651,0.64637,-0.30768,11.42881,0.10771,0.00878,0.00000,0.00000,0.00124,1.00000,0.00000,-0.00043,-0.01397,0.00000,0.00000 ===
146.30092|I|libbeamng.print:18052| === LSTM_TRACE t=528 v=1.45 ws=0.01,0.00,1.27,0.84 cmd=1.000,1.000,0.842,0.849 cap=3099,3099,1642,1653 des=3099,3099,1437,1446 app=3056,3058,1389,1399 abs=nil,nil,nil,nil ebrake=1.00 ibrake=1.00 hasABS=0 sy=11.60 split=1.000,0.875 ===
146.30096|I|libbeamng.print:18052| === LSTM_OBS t=528 0.01124,0.00236,1.27179,0.83564,0.18635,11.60169,0.63091,0.00748,0.00000,0.00000,0.00192,1.00000,0.00000,-0.00026,-0.01385,0.00000,0.00000 ===
146.31281|I|libbeamng.print:18052| === LSTM_TRACE t=530 v=1.32 ws=0.01,0.01,0.79,1.04 cmd=1.000,1.000,0.839,0.848 cap=3099,3099,1632,1648 des=3099,3099,1428,1442 app=3055,3057,1381,1395 abs=nil,nil,nil,nil ebrake=1.00 ibrake=1.00 hasABS=0 sy=11.80 split=1.000,0.875 ===
146.31285|I|libbeamng.print:18052| === LSTM_OBS t=530 0.01435,0.00533,0.79346,1.03994,0.77821,11.79694,0.51004,0.00597,0.00000,0.00000,0.00154,1.00000,0.00000,-0.00049,-0.01371,0.00000,0.00000 ===
146.32628|I|libbeamng.print:18052| === LSTM_TRACE t=532 v=1.22 ws=0.01,0.00,0.50,1.20 cmd=1.000,1.0
