 28.27462|I|libbeamng.print:18052| === LSTM_ABS: lens 'baseline_stock' loaded (17 in, 64 hidden, 2 layers) ===
 28.27675|I|libbeamng.print:18052| === LSTM_ABS SELFTEST lens=baseline_stock cmd=0.988105,0.417022,0.705998,0.927593 ===
 50.66995|I|libbeamng.print:18052| === LSTM_TRACE t=0 v=27.71 ws=27.68,27.81,27.36,27.43 cmd=0.900,0.804,0.891,0.904 cap=155,155,97,97 des=155,155,85,85 app=142,142,78,78 abs=nil,nil,nil,nil ebrake=1.00 ibrake=1.00 hasABS=0 sy=1.33 split=1.000,0.875 ===
 50.73011|I|libbeamng.print:18052| === LSTM_TRACE t=10 v=27.36 ws=23.41,24.83,26.54,26.97 cmd=0.886,0.724,0.783,0.691 cap=2798,2235,1524,1300 des=2798,2235,1334,1137 app=2591,2068,1235,1051 abs=nil,nil,nil,nil ebrake=1.00 ibrake=1.00 hasABS=0 sy=7.67 split=1.000,0.875 ===
 50.75038|I|libbeamng.print:18052| === LSTM_ABS DBG raw=21.1961,24.7270,26.1801,26.5778,0.1373,8.7433,0.8894,-0.0082,0.0000,0.0000,0.0015,1.0000,0.0000,0.0007,-0.0116,7676.6433,0.2500 ===
 50.75041|I|libbeamng.print:18052| === LSTM_ABS DBG norm=0.74,1.05,1.18,1.21,0.05,-0.28,0.59,-0.06,-0.10,0.10,-0.06,0.34,-0.05,-0.00,0.84,10.00,0.25 ===
 50.75041|I|libbeamng.print:18052| === LSTM_ABS DBG cmd=0.8415,0.7337,0.8066,0.7013 ===
 50.77953|I|libbeamng.print:18052| === LSTM_TRACE t=20 v=26.87 ws=19.24,24.85,25.30,26.09 cmd=0.794,0.764,0.787,0.722 cap=2476,2365,1525,1376 des=2476,2365,1334,1204 app=2327,2221,1256,1129 abs=nil,nil,nil,nil ebrake=1.00 ibrake=1.00 hasABS=0 sy=9.71 split=1.000,0.875 ===
 50.83128|I|libbeamng.print:18052| === LSTM_TRACE t=30 v=26.37 ws=16.62,24.43,24.14,25.28 cmd=0.731,0.770,0.802,0.761 cap=2329,2430,1560,1481 des=2329,2430,1365,1296 app=2209,2313,1301,1231 abs=nil,nil,nil,nil ebrake=1.00 ibrake=1.00 hasABS=0 sy=10.32 split=1.000,0.875 ===
 50.88205|I|libbeamng.print:18052| === LSTM_TRACE t=40 v=25.83 ws=14.12,23.99,23.18,24.53 cmd=0.722,0.799,0.809,0.758 cap=2197,2437,1573,1476 des=2197,2437,1377,1291 app=2096,2341,1323,1238 abs=nil,nil,nil,nil ebrake=1.00 ibrake=1.00 hasABS=0 sy=10.58 split=1.000,0.875 ===
 50.93670|I|libbeamng.print:18052| === LSTM_TRACE t=50 v=25.27 ws=12.59,23.50,22.30,23.96 cmd=0.657,0.788,0.763,0.723 cap=2082,2436,1501,1427 des=2082,2436,1313,1248 app=1994,2359,1270,1205 abs=nil,nil,nil,nil ebrake=1.00 ibrake=1.00 hasABS=0 sy=11.22 split=1.000,0.875 ===
 50.98696|I|libbeamng.print:18052| === LSTM_TRACE t=60 v=24.70 ws=12.35,22.87,21.75,23.36 cmd=0.625,0.773,0.737,0.689 cap=1938,2381,1443,1356 des=1938,2381,1263,1186 app=1860,2318,1227,1150 abs=nil,nil,nil,nil ebrake=1.00 ibrake=1.00 hasABS=0 sy=11.16 split=1.000,0.875 ===
 51.04497|I|libbeamng.print:18052| === LSTM_TRACE t=70 v=24.11 ws=12.78,22.11,21.40,22.56 cmd=0.666,0.777,0.748,0.684 cap=2006,2393,1429,1322 des=2006,2393,1251,1157 app=1930,2341,1219,1126 abs=nil,nil,nil,nil ebrake=1.00 ibrake=1.00 hasABS=0 sy=11.78 split=1.000,0.875 ===
 51.09915|I|libbeamng.print:18052| === LSTM_TRACE t=80 v=23.54 ws=12.96,21.32,20.99,21.77 cmd=0.647,0.743,0.747,0.680 cap=2005,2310,1453,1324 des=2005,2310,1272,1159 app=1935,2267,1243,1131 abs=nil,nil,nil,nil ebrake=1.00 ibrake=1.00 hasABS=0 sy=11.64 split=1.000,0.875 ===
 51.15423|I|libbeamng.print:18052| === LSTM_TRACE t=90 v=22.96 ws=13.09,20.74,20.51,21.09 cmd=0.669,0.729,0.769,0.699 cap=2092,2304,1487,1350 des=2092,2304,1301,1181 app=2023,2268,1275,1156 abs=nil,nil,nil,nil ebrake=1.00 ibrake=1.00 hasABS=0 sy=11.54 split=1.000,0.875 ===
 51.21113|I|libbeamng.print:18052| === LSTM_TRACE t=100 v=22.38 ws=13.10,20.40,20.04,20.39 cmd=0.669,0.713,0.776,0.711 cap=2116,2260,1513,1389 des=2116,2260,1324,1215 app=2050,2229,1299,1191 abs=nil,nil,nil,nil ebrake=1.00 ibrake=1.00 hasABS=0 sy=11.61 split=1.000,0.875 ===
 51.26510|I|libbeamng.print:18052| === LSTM_TRACE t=110 v=21.82 ws=13.13,20.16,19.44,19.68 cmd=0.669,0.709,0.772,0.717 cap=2102,2217,1519,1404 des=2102,2217,1329,1229 app=2040,2190,1307,1206 abs=nil,nil,nil,nil ebrake=1.00 ibrake=1.00 hasABS=0 sy=11.32 split=1.000,0.875 ===
 51.31942|I|libbeamng.print:18052| === LSTM_TRACE t=120 v=21.24 ws=13.27,19.79,19.09,18.85 cmd=0.664,0.706,0.770,0.718 cap=2073,2179,1500,1407 des=2073,2179,1313,1231 app=2016,2156,1293,1210 abs=nil,nil,nil,nil ebrake=1.00 ibrake=1.00 hasABS=0 sy=11.66 split=1.000,0.875 ===
 51.37939|I|libbeamng.print:18052| === LSTM_TRACE t=130 v=20.67 ws=13.53,19.32,18.43,18.03 cmd=0.689,0.703,0.780,0.731 cap=2077,2156,1506,1417 des=2077,2156,1317,1240 app=2023,2136,1299,1220 abs=nil,nil,nil,nil ebrake=1.00 ibrake=1.00 hasABS=0 sy=11.35 split=1.000,0.875 ===
 51.43115|I|libbeamng.print:18052| === LSTM_TRACE t=140 v=20.09 ws=14.35,18.76,17.96,17.17 cmd=0.714,0.697,0.774,0.723 cap=2212,2162,1506,1387 des=2212,2162,1318,1214 app=2158,2144,1300,1195 abs=nil,nil,nil,nil ebrake=1.00 ibrake=1.00 hasABS=0 sy=11.63 split=1.000,0.875 ===
 51.48668|I|libbeamng.print:18052| === LSTM_TRACE t=150 v=19.51 ws=15.12,18.33,17.47,16.41 cmd=0.722,0.680,0.771,0.718 cap=2285,2140,1528,1393 des=2285,2140,1337,1219 app=2234,2124,1321,1201 abs=nil,nil,nil,nil ebrake=1.00 ibrake=1.00 hasABS=0 sy=11.64 split=1.000,0.875 ===
 51.54883|I|libbeamng.print:18052| === LSTM_TRACE t=160 v=18.92 ws=16.21,17.86,16.81,15.92 cmd=0.746,0.662,0.757,0.736 cap=2245,2067,1499,1456 des=2245,2067,1311,1274 app=2199,2052,1296,1256 abs=nil,nil,nil,nil ebrake=1.00 ibrake=1.00 hasABS=0 sy=11.64 split=1.000,0.875 ===
 51.60235|I|libbeamng.print:18052| === LSTM_TRACE t=170 v=18.34 ws=16.63,17.12,16.00,15.10 cmd=0.715,0.651,0.758,0.763 cap=2247,2073,1502,1422 des=2247,2073,1314,1244 app=2206,2060,1299,1227 abs=nil,nil,nil,nil ebrake=1.00 ibrake=1.00 hasABS=0 sy=11.68 split=1.000,0.875 ===
 51.66111|I|libbeamng.print:18052| === LSTM_TRACE t=180 v=17.78 ws=16.53,16.40,14.36,13.14 cmd=0.680,0.676,0.725,0.718 cap=2176,2186,1438,1388 des=2176,2186,1259,1214 app=2140,2173,1245,1198 abs=nil,nil,nil,nil ebrake=1.00 ibrake=1.00 hasABS=0 sy=11.33 split=1.000,0.875 ===
 51.71493|I|libbeamng.print:18052| === LSTM_TRACE t=190 v=17.21 ws=15.95,16.23,13.00,12.11 cmd=0.663,0.702,0.726,0.659 cap=2174,2194,1382,1266 des=2174,2194,1209,1107 app=2140,2181,1195,1092 abs=nil,nil,nil,nil ebrake=1.00 ibrake=1.00 hasABS=0 sy=11.48 split=1.000,0.875 ===
 51.77008|I|libbeamng.print:18052| === LSTM_TRACE t=200 v=16.66 ws=15.72,15.71,11.40,11.16 cmd=0.676,0.702,0.641,0.641 cap=2061,2190,1265,1212 des=2061,2190,1107,1060 app=2032,2178,1094,1045 abs=nil,nil,nil,nil ebrake=1.00 ibrake=1.00 hasABS=0 sy=11.17 split=1.000,0.875 ===
 51.82962|I|libbeamng.print:18052| === LSTM_TRACE t=210 v=16.10 ws=15.17,15.47,10.30,10.51 cmd=0.673,0.689,0.603,0.577 cap=2043,2106,1174,1103 des=2043,2106,1027,965 app=2016,2096,1014,950 abs=nil,nil,nil,nil ebrake=1.00 ibrake=1.00 hasABS=0 sy=11.35 split=1.000,0.875 ===
 51.88569|I|libbeamng.print:18052| === LSTM_TRACE t=220 v=15.56 ws=14.64,14.82,9.40,9.92 cmd=0.650,0.636,0.520,0.511 cap=2068,1972,986,1014 des=2068,1972,863,887 app=2042,1962,851,873 abs=nil,nil,nil,nil ebrake=1.00 ibrake=1.00 hasABS=0 sy=10.76 split=1.000,0.875 ===
 51.94472|I|libbeamng.print:18052| === LSTM_TRACE t=230 v=15.02 ws=14.16,14.55,8.58,9.55 cmd=0.616,0.595,0.469,0.466 cap=1952,1888,909,896 des=1952,1888,796,784 app=1928,1879,784,771 abs=nil,nil,nil,nil ebrake=1.00 ibrake=1.00 hasABS=0 sy=10.57 split=1.000,0.875 ===
 51.99792|I|libbeamng.print:18052| === LSTM_TRACE t=240 v=14.50 ws=13.89,14.17,8.46,9.60 cmd=0.577,0.543,0.429,0.427 cap=1800,1694,830,865 des=1800,1694,726,757 app=1779,1685,715,743 abs=nil,nil,nil,nil ebrake=1.00 ibrake=1.00 hasABS=0 sy=10.31 split=1.000,0.875 ===
 52.05370|I|libbeamng.print:18052| === LSTM_TRACE t=250 v=14.01 ws=13.64,13.63,8.48,9.64 cmd=0.521,0.486,0.402,0.406 cap=1647,1521,752,793 des=1647,1521,658,694 app=1628,1513,647,681 abs=nil,nil,nil,nil ebrake=1.00 ibrake=1.00 hasABS=0 sy=9.89 split=1.000,0.875 ===
 52.11196|I|libbeamng.print:18052| === LSTM_TRACE t=260 v=13.55 ws=13.09,13.40,8.16,9.54 cmd=0.467,0.447,0.369,0.374 cap=1451,1393,748,741 des=1451,1393,655,648 app=1435,1386,643,635 abs=nil,nil,nil,nil ebrake=1.00 ibrake=1.00 hasABS=0 sy=9.25 split=1.000,0.875 ===
 52.17057|I|libbeamng.print:18052| === LSTM_TRACE t=270 v=13.10 ws=12.72,12.95,8.15,9.54 cmd=0.415,0.404,0.364,0.370 cap=1289,1253,714,730 des=1289,1253,625,639 app=1274,1246,613,625 abs=nil,nil,nil,nil ebrake=1.00 ibrake=1.00 hasABS=0 sy=9.04 split=1.000,0.875 ===
 52.22810|I|libbeamng.print:18052| === LSTM_TRACE t=280 v=12.69 ws=12.45,12.51,8.16,9.84 cmd=0.341,0.343,0.369,0.371 cap=1102,1093,717,704 des=1102,1093,627,616 app=1088,1086,614,602 abs=nil,nil,nil,nil ebrake=1.00 ibrake=1.00 hasABS=0 sy=8.43 split=1.000,0.875 ===
 52.28210|I|libbeamng.print:18052| === LSTM_TRACE t=290 v=12.30 ws=12.17,12.22,7.89,9.97 cmd=0.231,0.280,0.354,0.353 cap=742,885,715,704 des=742,885,626,616 app=733,879,612,602 abs=nil,nil,nil,nil ebrake=1.00 ibrake=1.00 hasABS=0 sy=7.67 split=1.000,0.875 ===
 52.33678|I|libbeamng.print:18052| === LSTM_TRACE t=300 v=11.96 ws=11.88,11.87,7.74,10.24 cmd=0.190,0.253,0.323,0.349 cap=588,786,657,674 des=588,786,575,589 app=580,780,562,576 abs=nil,nil,nil,nil ebrake=1.00 ibrake=1.00 hasABS=0 sy=6.91 split=1.000,0.875 ===
 52.39572|I|libbeamng.print:18052| === LSTM_TRACE t=310 v=11.60 ws=11.48,11.48,7.86,10.33 cmd=0.174,0.242,0.355,0.373 cap=543,753,695,711 des=543,753,608,622 app=536,747,594,607 abs=nil,nil,nil,nil ebrake=1.00 ibrake=1.00 hasABS=0 sy=7.07 split=1.000,0.875 ===
 52.45204|I|libbeamng.print:18052| === LSTM_TRACE t=320 v=11.25 ws=11.24,11.19,8.06,10.32 cmd=0.163,0.235,0.385,0.396 cap=507,727,732,782 des=507,727,640,684 app=499,720,625,668 abs=nil,nil,nil,nil ebrake=1.00 ibrake=1.00 hasABS=0 sy=6.96 split=1.000,0.875 ===
 52.51097|I|libbeamng.print:18052| === LSTM_TRACE t=330 v=10.91 ws=10.91,10.74,8.30,10.27 cmd=0.149,0.226,0.440,0.416 cap=464,696,807,799 des=464,696,707,699 app=456,689,689,682 abs=nil,nil,nil,nil ebrake=1.00 ibrake=1.00 hasABS=0 sy=6.86 split=1.000,0.875 ===
 52.56462|I|libbeamng.print:18052| === LSTM_TRACE t=340 v=10.57 ws=10.49,10.47,8.44,10.11 cmd=0.135,0.215,0.464,0.388 cap=426,648,869,763 des=426,648,761,668 app=418,641,742,652 abs=nil,nil,nil,nil ebrake=1.00 ibrake=1.00 hasABS=0 sy=6.69 split=1.000,0.875 ===
 52.62005|I|libbeamng.print:18052| === LSTM_TRACE t=350 v=10.25 ws=10.19,10.14,8.60,9.85 cmd=0.121,0.199,0.499,0.344 cap=380,618,969,684 des=380,618,848,598 app=373,611,827,583 abs=nil,nil,nil,nil ebrake=1.00 ibrake=1.00 hasABS=0 sy=6.45 split=1.000,0.875 ===
 52.68082|I|libbeamng.print:18052| === LSTM_TRACE t=360 v=9.95 ws=9.91,9.87,8.82,9.83 cmd=0.111,0.191,0.521,0.327 cap=346,598,1010,614 des=346,598,884,537 app=339,591,862,524 abs=nil,nil,nil,nil ebrake=1.00 ibrake=1.00 hasABS=0 sy=6.13 split=1.000,0.875 ===
 52.73589|I|libbeamng.print:18052| === LSTM_TRACE t=370 v=9.64 ws=9.61,9.58,9.02,9.33 cmd=0.105,0.189,0.519,0.283 cap=325,587,1045,593 des=325,587,914,519 app=319,579,892,505 abs=nil,nil,nil,nil ebrake=1.00 ibrake=1.00 hasABS=0 sy=5.99 split=1.000,0.875 ===
 52.79467|I|libbeamng.print:18052| === LSTM_TRACE t=380 v=9.36 ws=9.33,9.31,8.98,9.28 cmd=0.111,0.204,0.487,0.273 cap=337,620,959,522 des=337,620,839,457 app=330,611,819,445 abs=nil,nil,nil,nil ebrake=1.00 ibrake=1.00 hasABS=0 sy=5.68 split=1.000,0.875 ===
 52.85136|I|libbeamng.print:18052| === LSTM_TRACE t=390 v=9.12 ws=9.03,9.05,8.92,8.96 cmd=0.126,0.243,0.453,0.232 cap=388,736,896,473 des=388,736,784,414 app=379,725,764,402 abs=nil,nil,nil,nil ebrake=1.00 ibrake=1.00 hasABS=0 sy=4.69 split=1.000,0.875 ===
 52.91072|I|libbeamng.print:18052| === LSTM_TRACE t=400 v=8.87 ws=8.84,8.77,8.66,8.85 cmd=0.136,0.268,0.437,0.232 cap=420,848,848,440 des=420,848,742,385 app=410,835,723,374 abs=nil,nil,nil,nil ebrake=1.00 ibrake=1.00 hasABS=0 sy=5.01 split=1.000,0.875 ===
 52.96476|I|libbeamng.print:18052| === LSTM_TRACE t=410 v=8.65 ws=8.57,8.49,8.63,8.59 cmd=0.127,0.257,0.418,0.219 cap=414,832,815,432 des=414,832,713,378 app=404,819,695,368 abs=nil,nil,nil,nil ebrake=1.00 ibrake=1.00 hasABS=0 sy=4.49 split=1.000,0.875 ===
 53.02116|I|libbeamng.print:18052| === LSTM_TRACE t=420 v=8.42 ws=8.35,8.38,8.39,8.35 cmd=0.124,0.265,0.395,0.197 cap=380,780,753,394 des=380,780,659,345 app=371,767,642,335 abs=nil,nil,nil,nil ebrake=1.00 ibrake=1.00 hasABS=0 sy=4.32 split=1.000,0.875 ===
 53.07868|I|libbeamng.print:18052| === LSTM_TRACE t=430 v=8.19 ws=8.19,8.05,8.01,8.21 cmd=0.113,0.240,0.387,0.196 cap=358,785,753,369 des=358,785,659,323 app=348,772,642,313 abs=nil,nil,nil,nil ebrake=1.00 ibrake=1.00 hasABS=0 sy=4.70 split=1.000,0.875 ===
 53.13535|I|libbeamng.print:18052| === LSTM_TRACE t=440 v=7.98 ws=7.95,7.81,7.79,7.96 cmd=0.104,0.232,0.365,0.185 cap=327,739,709,348 des=327,739,620,304 app=318,726,605,295 abs=nil,nil,nil,nil ebrake=1.00 ibrake=1.00 hasABS=0 sy=4.50 split=1.000,0.875 ===
 53.19430|I|libbeamng.print:18052| === LSTM_TRACE t=450 v=7.78 ws=7.75,7.63,7.61,7.74 cmd=0.095,0.225,0.352,0.174 cap=298,704,689,329 des=298,704,603,288 app=289,692,587,279 abs=nil,nil,nil,nil ebrake=1.00 ibrake=1.00 hasABS=0 sy=4.34 split=1.000,0.875 ===
 53.24806|I|libbeamng.print:18052| === LSTM_TRACE t=460 v=7.59 ws=7.55,7.42,7.42,7.59 cmd=0.088,0.217,0.341,0.171 cap=275,677,667,318 des=275,677,584,278 app=267,665,568,269 abs=nil,nil,nil,nil ebrake=1.00 ibrake=1.00 hasABS=0 sy=4.12 split=1.000,0.875 ===
 53.30315|I|libbeamng.print:18052| === LSTM_TRACE t=470 v=7.40 ws=7.41,7.41,7.38,7.42 cmd=0.085,0.216,0.338,0.166 cap=266,672,641,318 des=266,672,561,278 app=258,659,546,269 abs=nil,nil,nil,nil ebrake=1.00 ibrake=1.00 hasABS=0 sy=3.95 split=1.000,0.875 ===
 53.36553|I|libbeamng.print:18052| === LSTM_TRACE t=480 v=7.21 ws=7.21,7.13,7.30,7.21 cmd=0.083,0.212,0.325,0.158 cap=267,682,612,304 des=267,682,535,266 app=259,668,521,257 abs=nil,nil,nil,nil ebrake=1.00 ibrake=1.00 hasABS=0 sy=3.94 split=1.000,0.875 ===
 53.41682|I|libbeamng.print:18052| === LSTM_TRACE t=490 v=7.02 ws=6.98,7.07,6.91,7.00 cmd=0.086,0.218,0.307,0.156 cap=269,700,596,307 des=269,700,521,269 app=261,686,507,260 abs=nil,nil,nil,nil ebrake=1.00 ibrake=1.00 hasABS=0 sy=3.76 split=1.000,0.875 ===
 53.46940|I|libbeamng.print:18052| === LSTM_TRACE t=500 v=6.83 ws=6.78,6.59,6.67,6.79 cmd=0.086,0.222,0.303,0.160 cap=264,686,587,301 des=264,686,513,264 app=256,672,499,255 abs=nil,nil,nil,nil ebrake=1.00 ibrake=1.00 hasABS=0 sy=3.65 split=1.000,0.875 ===
 53.52857|I|libbeamng.print:18052| === LSTM_TRACE t=510 v=6.64 ws=6.68,6.50,6.67,6.67 cmd=0.087,0.223,0.298,0.158 cap=273,704,557,297 des=273,704,487,260 app=264,688,474,251 abs=nil,nil,nil,nil ebrake=1.00 ibrake=1.00 hasABS=0 sy=3.78 split=1.000,0.875 ===
 53.58149|I|libbeamng.print:18052| === LSTM_TRACE t=520 v=6.46 ws=6.50,6.28,6.25,6.37 cmd=0.091,0.230,0.284,0.157 cap=274,709,575,308 des=274,709,503,269 app=265,693,489,260 abs=nil,nil,nil,nil ebrake=1.00 ibrake=1.00 hasABS=0 sy=3.71 split=1.000,0.875 ===
 53.63590|I|libbeamng.print:18052| === LSTM_TRACE t=530 v=6.27 ws=6.27,6.12,6.22,6.27 cmd=0.093,0.233,0.282,0.159 cap=291,728,535,304 des=291,728,468,266 app=281,712,454,257 abs=nil,nil,nil,nil ebrake=1.00 ibrake=1.00 hasABS=0 sy=3.85 split=1.000,0.875 ===
 53.69469|I|libbeamng.print:18052| === LSTM_TRACE t=540 v=6.08 ws=6.06,5.97,6.06,6.07 cmd=0.095,0.240,0.289,0.167 cap=295,747,558,319 des=295,747,488,279 app=285,730,474,269 abs=nil,nil,nil,nil ebrake=1.00 ibrake=1.00 hasABS=0 sy=3.73 split=1.000,0.875 ===
 53.74796|I|libbeamng.print:18052| === LSTM_TRACE t=550 v=5.89 ws=5.88,5.80,5.74,5.85 cmd=0.099,0.245,0.277,0.169 cap=301,752,548,327 des=301,752,479,287 app=290,734,466,276 abs=nil,nil,nil,nil ebrake=1.00 ibrake=1.00 hasABS=0 sy=3.92 split=1.000,0.875 ===
 53.80264|I|libbeamng.print:18052| === LSTM_TRACE t=560 v=5.70 ws=5.66,5.74,5.65,5.63 cmd=0.103,0.253,0.279,0.175 cap=317,772,537,342 des=317,772,470,299 app=306,753,456,289 abs=nil,nil,nil,nil ebrake=1.00 ibrake=1.00 hasABS=0 sy=3.83 split=1.000,0.875 ===
 53.86195|I|libbeamng.print:18052| === LSTM_TRACE t=570 v=5.50 ws=5.46,5.44,5.55,5.48 cmd=0.105,0.254,0.285,0.185 cap=331,797,537,356 des=331,797,470,311 app=319,778,456,300 abs=nil,nil,nil,nil ebrake=1.00 ibrake=1.00 hasABS=0 sy=3.90 split=1.000,0.875 ===
 53.91445|I|libbeamng.print:18052| === LSTM_TRACE t=580 v=5.32 ws=5.24,5.11,5.34,5.34 cmd=0.106,0.251,0.279,0.188 cap=338,793,547,368 des=338,793,479,322 app=326,774,464,311 abs=nil,nil,nil,nil ebrake=1.00 ibrake=1.00 hasABS=0 sy=3.61 split=1.000,0.875 ===
 53.96976|I|libbeamng.print:18052| === LSTM_TRACE t=590 v=5.12 ws=5.05,4.93,5.24,5.16 cmd=0.108,0.253,0.279,0.196 cap=346,794,544,383 des=346,794,476,335 app=333,775,462,323 abs=nil,nil,nil,nil ebrake=1.00 ibrake=1.00 hasABS=0 sy=3.69 split=1.000,0.875 ===
 54.03016|I|libbeamng.print:18052| === LSTM_TRACE t=600 v=4.92 ws=4.85,4.95,5.08,4.92 cmd=0.111,0.257,0.279,0.204 cap=360,803,541,409 des=360,803,473,358 app=346,783,459,345 abs=nil,nil,nil,nil ebrake=1.00 ibrake=1.00 hasABS=0 sy=3.72 split=1.000,0.875 ===
 54.08211|I|libbeamng.print:18052| === LSTM_TRACE t=610 v=4.72 ws=4.60,4.82,4.70,4.67 cmd=0.119,0.264,0.281,0.219 cap=382,843,549,449 des=382,843,481,393 app=367,822,466,379 abs=nil,nil,nil,nil ebrake=1.00 ibrake=1.00 hasABS=0 sy=3.98 split=1.000,0.875 ===
 54.13673|I|libbeamng.print:18052| === LSTM_TRACE t=620 v=4.51 ws=4.44,4.60,4.21,4.35 cmd=0.131,0.282,0.286,0.254 cap=400,885,559,510 des=400,885,489,446 app=385,862,474,430 abs=nil,nil,nil,nil ebrake=1.00 ibrake=1.00 hasABS=0 sy=4.03 split=1.000,0.875 ===
 54.19587|I|libbeamng.print:18052| === LSTM_TRACE t=630 v=4.29 ws=4.23,3.99,4.02,4.25 cmd=0.132,0.288,0.297,0.285 cap=398,892,580,530 des=398,892,508,464 app=382,869,492,447 abs=nil,nil,nil,nil ebrake=1.00 ibrake=1.00 hasABS=0 sy=4.53 split=1.000,0.875 ===
 54.24899|I|libbeamng.print:18052| === LSTM_TRACE t=640 v=4.07 ws=4.00,4.05,4.11,4.02 cmd=0.138,0.289,0.301,0.284 cap=441,910,581,555 des=441,910,509,486 app=424,886,493,468 abs=nil,nil,nil,nil ebrake=1.00 ibrake=1.00 hasABS=0 sy=4.59 split=1.000,0.875 ===
 54.30364|I|libbeamng.print:18052| === LSTM_TRACE t=650 v=3.85 ws=3.75,3.61,3.52,3.69 cmd=0.154,0.318,0.308,0.336 cap=449,964,602,635 des=449,964,527,555 app=432,938,511,535 abs=nil,nil,nil,nil ebrake=1.00 ibrake=1.00 hasABS=0 sy=4.26 split=1.000,0.875 ===
 54.36432|I|libbeamng.print:18052| === LSTM_TRACE t=660 v=3.60 ws=3.58,3.66,3.61,3.53 cmd=0.155,0.308,0.314,0.331 cap=494,947,611,643 des=494,947,534,563 app=474,921,517,542 abs=nil,nil,nil,nil ebrake=1.00 ibrake=1.00 hasABS=0 sy=5.01 split=1.000,0.875 ===
 54.41885|I|libbeamng.print:18052| === LSTM_TRACE t=670 v=3.37 ws=3.33,3.20,3.41,3.38 cmd=0.165,0.335,0.324,0.374 cap=493,1005,625,695 des=493,1005,547,608 app=473,978,530,586 abs=nil,nil,nil,nil ebrake=1.00 ibrake=1.00 hasABS=0 sy=4.66 split=1.000,0.875 ===
 54.47763|I|libbeamng.print:18052| === LSTM_TRACE t=680 v=3.13 ws=3.00,2.83,2.80,3.06 cmd=0.184,0.339,0.332,0.409 cap=550,1064,647,784 des=550,1064,567,686 app=528,1035,548,661 abs=nil,nil,nil,nil ebrake=1.00 ibrake=1.00 hasABS=0 sy=4.68 split=1.000,0.875 ===
 54.53126|I|libbeamng.print:18052| === LSTM_TRACE t=690 v=2.87 ws=2.86,2.78,2.68,2.61 cmd=0.190,0.332,0.338,0.409 cap=596,1048,659,816 des=596,1048,576,714 app=572,1020,558,688 abs=nil,nil,nil,nil ebrake=1.00 ibrake=1.00 hasABS=0 sy=5.10 split=1.000,0.875 ===
 54.58655|I|libbeamng.print:18052| === LSTM_TRACE t=700 v=2.60 ws=2.72,2.66,2.46,2.34 cmd=0.195,0.342,0.345,0.423 cap=613,1059,671,843 des=613,1059,587,737 app=588,1029,568,711 abs=nil,nil,nil,nil ebrake=1.00 ibrake=1.00 hasABS=0 sy=5.55 split=1.000,0.875 ===
 54.64495|I|libbeamng.print:18052| === LSTM_TRACE t=710 v=2.33 ws=2.44,2.21,2.13,2.22 cmd=0.201,0.355,0.352,0.442 cap=632,1094,689,873 des=632,1094,603,764 app=606,1063,584,736 abs=nil,nil,nil,nil ebrake=1.00 ibrake=1.00 hasABS=0 sy=5.62 split=1.000,0.875 ===
 54.69775|I|libbeamng.print:18052| === LSTM_TRACE t=720 v=2.06 ws=1.92,2.13,1.93,2.03 cmd=0.211,0.375,0.366,0.465 cap=670,1156,712,917 des=670,1156,623,803 app=642,1124,603,774 abs=nil,nil,nil,nil ebrake=1.00 ibrake=1.00 hasABS=0 sy=5.56 split=1.000,0.875 ===
 54.75370|I|libbeamng.print:18052| === LSTM_TRACE t=730 v=1.78 ws=1.72,1.55,1.76,1.57 cmd=0.218,0.408,0.379,0.483 cap=676,1256,731,934 des=676,1256,639,818 app=648,1220,618,788 abs=nil,nil,nil,nil ebrake=1.00 ibrake=1.00 hasABS=0 sy=5.35 split=1.000,0.875 ===
 54.81188|I|libbeamng.print:18052| === LSTM_TRACE t=740 v=1.48 ws=1.57,1.48,1.54,1.37 cmd=0.235,0.429,0.396,0.511 cap=722,1293,767,988 des=722,1293,672,864 app=693,1256,649,833 abs=nil,nil,nil,nil ebrake=1.00 ibrake=1.00 hasABS=0 sy=5.80 split=1.000,0.875 ===
 54.86498|I|libbeamng.print:18052| === LSTM_TRACE t=750 v=1.21 ws=1.21,1.34,1.27,1.21 cmd=0.246,0.428,0.413,0.521 cap=774,1330,798,1017 des=774,1330,698,890 app=741,1291,675,857 abs=nil,nil,nil,nil ebrake=1.00 ibrake=1.00 hasABS=0 sy=5.56 split=1.000,0.875 ===
 54.92764|I|libbeamng.print:18052| === LSTM_TRACE t=760 v=0.94 ws=0.93,1.05,0.97,0.88 cmd=0.254,0.464,0.426,0.531 cap=781,1414,821,1025 des=781,1414,718,896 app=749,1372,694,864 abs=nil,nil,nil,nil ebrake=1.00 ibrake=1.00 hasABS=0 sy=5.49 split=1.000,0.875 ===
 54.98089|I|libbeamng.print:18052| === LSTM_TRACE t=770 v=0.68 ws=0.75,0.67,0.68,0.66 cmd=0.274,0.500,0.460,0.554 cap=828,1541,883,1066 des=828,1541,773,933 app=793,1495,747,899 abs=nil,nil,nil,nil ebrake=1.00 ibrake=1.00 hasABS=0 sy=5.38 split=1.000,0.875 ===
 85.40488|I|libbeamng.print:18052| === LSTM_TRACE t=0 v=27.72 ws=27.78,27.88,27.44,27.35 cmd=0.900,0.804,0.890,0.901 cap=3100,3100,1700,1700 des=3100,3100,1488,1488 app=37,37,20,20 abs=nil,nil,nil,nil ebrake=1.00 ibrake=1.00 hasABS=0 sy=1.30 split=1.000,0.875 ===
 85.45512|I|libbeamng.print:18052| === LSTM_TRACE t=10 v=27.38 ws=23.06,24.58,26.49,26.88 cmd=0.876,0.704,0.785,0.701 cap=2776,2140,1528,1322 des=2776,2140,1337,1156 app=2656,2065,1289,1110 abs=nil,nil,nil,nil ebrake=1.00 ibrake=1.00 hasABS=0 sy=7.55 split=1.000,0.875 ===
 85.48040|I|libbeamng.print:18052| === LSTM_ABS DBG raw=20.6995,24.4100,26.0192,26.4495,0.0919,9.0198,0.7382,0.0090,0.0000,0.0000,0.0012,1.0000,0.0000,0.0007,-0.0116,7671.8019,0.2500 ===
 85.48045|I|libbeamng.print:18052| === LSTM_ABS DBG norm=0.70,1.02,1.17,1.20,0.04,-0.21,0.45,-0.01,-0.10,0.10,-0.06,0.34,-0.05,0.00,0.84,10.00,0.25 ===
 85.48046|I|libbeamng.print:18052| === LSTM_ABS DBG cmd=0.8232,0.7194,0.7979,0.6989 ===
 85.51297|I|libbeamng.print:18052| === LSTM_TRACE t=20 v=26.89 ws=18.57,24.53,25.19,25.84 cmd=0.765,0.756,0.802,0.727 cap=2387,2331,1530,1384 des=2387,2331,1339,1211 app=2304,2267,1302,1173 abs=nil,nil,nil,nil ebrake=1.00 ibrake=1.00 hasABS=0 sy=9.52 split=1.000,0.875 ===
 85.57900|I|libbeamng.print:18052| === LSTM_TRACE t=30 v=26.37 ws=15.98,24.25,23.93,25.18 cmd=0.718,0.778,0.799,0.758 cap=2220,2408,1561,1476 des=2220,2408,1366,1292 app=2154,2357,1337,1260 abs=nil,nil,nil,nil ebrake=1.00 ibrake=1.00 hasABS=0 sy=10.34 split=1.000,0.875 ===
 85.62276|I|libbeamng.print:18052| === LSTM_TRACE t=40 v=25.83 ws=13.36,23.83,22.93,24.46 cmd=0.699,0.789,0.808,0.762 cap=2192,2437,1567,1477 des=2192,2437,1371,1293 app=2134,2397,1348,1268 abs=nil,nil,nil,nil ebrake=1.00 ibrake=1.00 hasABS=0 sy=10.81 split=1.000,0.875 ===
 85.67221|I|libbeamng.print:18052| === LSTM_TRACE t=50 v=25.27 ws=12.13,23.24,22.09,23.88 cmd=0.621,0.779,0.749,0.715 cap=2019,2445,1477,1412 des=2019,2445,1292,1235 app=1970,2414,1275,1216 abs=nil,nil,nil,nil ebrake=1.00 ibrake=1.00 hasABS=0 sy=11.14 split=1.000,0.875 ===
 85.72985|I|libbeamng.print:18052| === LSTM_TRACE t=60 v=24.70 ws=12.31,22.70,21.55,23.19 cmd=0.621,0.778,0.732,0.686 cap=1912,2398,1423,1343 des=1912,2398,1245,1175 app=1869,2375,1231,1160 abs=nil,nil,nil,nil ebrake=1.00 ibrake=1.00 hasABS=0 sy=11.19 split=1.000,0.875 ===
 85.78124|I|libbeamng.print:18052| === LSTM_TRACE t=70 v=24.11 ws=12.53,21.86,21.19,22.35 cmd=0.630,0.769,0.734,0.678 cap=1912,2354,1415,1322 des=1912,2354,1238,1157 app=1871,2336,1226,1143 abs=nil,nil,nil,nil ebrake=1.00 ibrake=1.00 hasABS=0 sy=11.56 split=1.000,0.875 ===
 85.83392|I|libbeamng.print:18052| === LSTM_TRACE t=80 v=23.53 ws=12.85,20.96,20.85,21.61 cmd=0.647,0.729,0.758,0.689 cap=2054,2330,1480,1333 des=2054,2330,1295,1167 app=2014,2316,1284,1155 abs=nil,nil,nil,nil ebrake=1.00 ibrake=1.00 hasABS=0 sy=11.62 split=1.000,0.875 ===
 85.88743|I|libbeamng.print:18052| === LSTM_TRACE t=90 v=22.95 ws=13.11,20.37,20.34,20.80 cmd=0.669,0.714,0.774,0.704 cap=2108,2278,1511,1361 des=2108,2278,1322,1191 app=2070,2268,1313,1181 abs=nil,nil,nil,nil ebrake=1.00 ibrake=1.00 hasABS=0 sy=11.46 split=1.000,0.875 ===
 85.94038|I|libbeamng.print:18052| === LSTM_TRACE t=100 v=22.38 ws=13.08,20.09,19.73,20.09 cmd=0.660,0.696,0.776,0.715 cap=2096,2206,1530,1399 des=2096,2206,1339,1224 app=2060,2198,1330,1215 abs=nil,nil,nil,nil ebrake=1.00 ibrake=1.00 hasABS=0 sy=11.26 split=1.000,0.875 ===
 85.99595|I|libbeamng.print:18052| === LSTM_TRACE t=110 v=21.80 ws=13.08,19.86,19.23,19.35 cmd=0.653,0.699,0.767,0.716 cap=2040,2147,1519,1407 des=2040,2147,1329,1231 app=2009,2141,1322,1223 abs=nil,nil,nil,nil ebrake=1.00 ibrake=1.00 hasABS=0 sy=11.77 split=1.000,0.875 ===
 86.04916|I|libbeamng.print:18052| === LSTM_TRACE t=120 v=21.23 ws=13.24,19.54,18.81,18.56 cmd=0.673,0.710,0.782,0.732 cap=2051,2214,1500,1396 des=2051,2214,1313,1222 app=2021,2209,1307,1214 abs=nil,nil,nil,nil ebrake=1.00 ibrake=1.00 hasABS=0 sy=11.57 split=1.000,0.875 ===
 86.10272|I|libbeamng.print:18052| === LSTM_TRACE t=130 v=20.65 ws=13.54,19.13,18.26,17.73 cmd=0.673,0.699,0.780,0.728 cap=2105,2204,1526,1392 des=2105,2204,1335,1218 app=2076,2200,1330,1211 abs=nil,nil,nil,nil ebrake=1.00 ibrake=1.00 hasABS=0 sy=11.68 split=1.000,0.875 ===
 86.15591|I|libbeamng.print:18052| === LSTM_TRACE t=140 v=20.08 ws=14.21,18.75,17.78,16.70 cmd=0.703,0.700,0.787,0.719 cap=2083,2111,1528,1409 des=2083,2111,1337,1233 app=2057,2109,1332,1227 abs=nil,nil,nil,nil ebrake=1.00 ibrake=1.00 hasABS=0 sy=11.47 split=1.000,0.875 ===
 86.21361|I|libbeamng.print:18052| === LSTM_TRACE t=150 v=19.50 ws=15.36,18.19,17.41,16.20 cmd=0.724,0.679,0.786,0.725 cap=2192,2136,1511,1384 des=2192,2136,1322,1211 app=2168,2135,1318,1205 abs=nil,nil,nil,nil ebrake=1.00 ibrake=1.00 hasABS=0 sy=11.58 split=1.000,0.875 ===
 86.26720|I|libbeamng.print:18052| === LSTM_TRACE t=160 v=18.92 ws=16.49,17.72,16.70,15.55 cmd=0.740,0.673,0.772,0.735 cap=2158,2065,1511,1412 des=2158,2065,1322,1236 app=2136,2064,1319,1230 abs=nil,nil,nil,nil ebrake=1.00 ibrake=1.00 hasABS=0 sy=11.39 split=1.000,0.875 ===
 86.32175|I|libbeamng.print:18052| === LSTM_TRACE t=170 v=18.32 ws=16.85,17.13,15.06,13.76 cmd=0.730,0.713,0.753,0.712 cap=2255,2184,1416,1367 des=2255,2184,1239,1196 app=2236,2184,1236,1190 abs=nil,nil,nil,nil ebrake=1.00 ibrake=1.00 hasABS=0 sy=11.80 split=1.000,0.875 ===
 86.37940|I|libbeamng.print:18052| === LSTM_TRACE t=180 v=17.75 ws=16.80,16.51,13.39,12.32 cmd=0.707,0.722,0.705,0.643 cap=2062,2139,1427,1322 des=2062,2139,1248,1157 app=2046,2139,1245,1152 abs=nil,nil,nil,nil ebrake=1.00 ibrake=1.00 hasABS=0 sy=11.60 split=1.000,0.875 ===
 86.43245|I|libbeamng.print:18052| === LSTM_TRACE t=190 v=17.20 ws=15.86,15.67,11.85,11.58 cmd=0.643,0.668,0.662,0.641 cap=2100,2220,1358,1207 des=2100,2220,1188,1056 app=2086,2220,1185,1050 abs=nil,nil,nil,nil ebrake=1.00 ibrake=1.00 hasABS=0 sy=11.36 split=1.000,0.875 ===
 86.48404|I|libbeamng.print:18052| === LSTM_TRACE t=200 v=16.64 ws=15.79,15.42,10.41,10.90 cmd=0.702,0.674,0.555,0.575 cap=2085,2059,1104,1126 des=2085,2059,966,985 app=2072,2059,963,980 abs=nil,nil,nil,nil ebrake=1.00 ibrake=1.00 hasABS=0 sy=11.21 split=1.000,0.875 ===
 86.53839|I|libbeamng.print:18052| === LSTM_TRACE t=210 v=16.08 ws=15.22,15.07,9.46,10.31 cmd=0.678,0.648,0.521,0.519 cap=2061,2022,1070,995 des=2061,2022,936,870 app=2049,2022,932,865 abs=nil,nil,nil,nil ebrake=1.00 ibrake=1.00 hasABS=0 sy=11.28 split=1.000,0.875 ===
 86.59695|I|libbeamng.print:18052| === LSTM_TRACE t=220 v=15.54 ws=14.61,15.01,8.68,9.80 cmd=0.658,0.631,0.484,0.442 cap=2059,1938,924,868 des=2059,1938,809,760 app=2049,1938,805,755 abs=nil,nil,nil,nil ebrake=1.00 ibrake=1.00 hasABS=0 sy=10.98 split=1.000,0.875 ===
 86.64979|I|libbeamng.print:18052| === LSTM_TRACE t=230 v=15.01 ws=14.22,14.46,8.39,9.76 cmd=0.602,0.561,0.444,0.431 cap=1890,1729,846,848 des=1890,1729,741,742 app=1881,1729,737,737 abs=nil,nil,nil,nil ebrake=1.00 ibrake=1.00 hasABS=0 sy=10.56 split=1.000,0.875 ===
 86.70533|I|libbeamng.print:18052| === LSTM_TRACE t=240 v=14.51 ws=13.95,14.09,8.15,9.80 cmd=0.560,0.507,0.402,0.407 cap=1740,1604,812,777 des=1740,1604,710,680 app=1732,1604,706,675 abs=nil,nil,nil,nil ebrake=1.00 ibrake=1.00 hasABS=0 sy=10.18 split=1.000,0.875 ===
 86.76348|I|libbeamng.print:18052| === LSTM_TRACE t=250 v=14.03 ws=13.65,13.79,8.14,9.58 cmd=0.512,0.471,0.390,0.362 cap=1592,1470,758,723 des=1592,1470,663,633 app=1584,1470,659,628 abs=nil,nil,nil,nil ebrake=1.00 ibrake=1.00 hasABS=0 sy=9.58 split=1.000,0.875 ===
 86.81687|I|libbeamng.print:18052| === LSTM_TRACE t=260 v=13.57 ws=13.13,13.30,8.10,9.64 cmd=0.447,0.410,0.357,0.359 cap=1402,1270,688,706 des=1402,1270,602,618 app=1396,1270,598,612 abs=nil,nil,nil,nil ebrake=1.00 ibrake=1.00 hasABS=0 sy=9.12 split=1.000,0.875 ===
 86.87894|I|libbeamng.print:18052| === LSTM_TRACE t=270 v=13.15 ws=12.85,12.89,8.03,9.73 cmd=0.374,0.354,0.365,0.328 cap=1180,1114,734,628 des=1180,1114,642,549 app=1175,1114,637,544 abs=nil,nil,nil,nil ebrake=1.00 ibrake=1.00 hasABS=0 sy=8.52 split=1.000,0.875 ===
 86.93267|I|libbeamng.print:18052| === LSTM_TRACE t=280 v=12.76 ws=12.58,12.64,7.83,10.12 cmd=0.256,0.275,0.347,0.322 cap=826,872,701,613 des=826,872,613,536 app=821,872,608,531 abs=nil,nil,nil,nil ebrake=1.00 ibrake=1.00 hasABS=0 sy=7.82 split=1.000,0.875 ===
 86.98729|I|libbeamng.print:18052| === LSTM_TRACE t=290 v=12.40 ws=12.23,12.26,7.76,10.25 cmd=0.208,0.252,0.326,0.311 cap=660,793,630,633 des=660,793,551,554 app=656,793,546,548 abs=nil,nil,nil,nil ebrake=1.00 ibrake=1.00 hasABS=0 sy=7.24 split=1.000,0.875 ===
 87.04633|I|libbeamng.print:18052| === LSTM_TRACE t=300 v=12.05 ws=11.97,11.89,7.90,10.34 cmd=0.191,0.240,0.350,0.335 cap=607,759,674,675 des=607,759,590,590 app=604,758,585,584 abs=nil,nil,nil,nil ebrake=1.00 ibrake=1.00 hasABS=0 sy=7.01 split=1.000,0.875 ===
 87.09992|I|libbeamng.print:18052| === LSTM_TRACE t=310 v=11.69 ws=11.62,11.56,8.15,10.41 cmd=0.176,0.231,0.394,0.363 cap=565,732,717,700 des=565,732,628,612 app=561,731,622,605 abs=nil,nil,nil,nil ebrake=1.00 ibrake=1.00 hasABS=0 sy=7.06 split=1.000,0.875 ===
 87.15463|I|libbeamng.print:18052| === LSTM_TRACE t=320 v=11.35 ws=11.30,11.17,8.30,10.40 cmd=0.164,0.222,0.416,0.375 cap=523,694,780,726 des=523,694,683,635 app=519,693,676,628 abs=nil,nil,nil,nil ebrake=1.00 ibrake=1.00 hasABS=0 sy=6.75 split=1.000,0.875 ===
 87.21249|I|libbeamng.print:18052| === LSTM_TRACE t=330 v=11.00 ws=10.95,10.88,8.36,10.29 cmd=0.153,0.213,0.437,0.369 cap=480,658,833,741 des=480,658,729,648 app=476,656,721,641 abs=nil,nil,nil,nil ebrake=1.00 ibrake=1.00 hasABS=0 sy=6.77 split=1.000,0.875 ===
 87.26627|I|libbeamng.print:18052| === LSTM_TRACE t=340 v=10.67 ws=10.63,10.60,8.57,10.13 cmd=0.139,0.203,0.478,0.356 cap=434,626,909,705 des=434,626,795,617 app=430,624,787,610 abs=nil,nil,nil,nil ebrake=1.00 ibrake=1.00 hasABS=0 sy=6.66 split=1.000,0.875 ===
 87.32059|I|libbeamng.print:18052| === LSTM_TRACE t=350 v=10.35 ws=10.31,10.28,8.71,9.97 cmd=0.126,0.194,0.495,0.321 cap=391,600,967,619 des=391,600,846,542 app=387,598,838,535 abs=nil,nil,nil,nil ebrake=1.00 ibrake=1.00 hasABS=0 sy=6.33 split=1.000,0.875 ===
 87.38003|I|libbeamng.print:18052| === LSTM_TRACE t=360 v=10.03 ws=9.98,9.98,8.99,9.80 cmd=0.117,0.191,0.521,0.320 cap=364,587,997,626 des=364,587,872,547 app=360,585,863,541 abs=nil,nil,nil,nil ebrake=1.00 ibrake=1.00 hasABS=0 sy=6.32 split=1.000,0.875 ===
 87.43376|I|libbeamng.print:18052| === LSTM_TRACE t=370 v=9.73 ws=9.72,9.67,9.19,9.69 cmd=0.115,0.195,0.522,0.299 cap=355,616,1026,567 des=355,616,898,496 app=351,614,889,490 abs=nil,nil,nil,nil ebrake=1.00 ibrake=1.00 hasABS=0 sy=6.12 split=1.000,0.875 ===
 87.48798|I|libbeamng.print:18052| === LSTM_TRACE t=380 v=9.45 ws=9.36,9.40,9.12,9.26 cmd=0.127,0.224,0.488,0.267 cap=387,671,948,530 des=387,671,829,464 app=383,668,821,458 abs=nil,nil,nil,nil ebrake=1.00 ibrake=1.00 hasABS=0 sy=5.49 split=1.000,0.875 ===
 87.54658|I|libbeamng.print:18052| === LSTM_TRACE t=390 v=9.18 ws=9.12,9.13,8.93,9.16 cmd=0.143,0.259,0.452,0.246 cap=432,785,894,482 des=432,785,782,422 app=427,782,775,416 abs=nil,nil,nil,nil ebrake=1.00 ibrake=1.00 hasABS=0 sy=5.31 split=1.000,0.875 ===
 87.59999|I|libbeamng.print:18052| === LSTM_TRACE t=400 v=8.96 ws=8.85,8.84,8.89,8.86 cmd=0.138,0.267,0.440,0.230 cap=441,835,844,464 des=441,835,739,406 app=436,831,732,401 abs=nil,nil,nil,nil ebrake=1.00 ibrake=1.00 hasABS=0 sy=4.50 split=1.000,0.875 ===
 87.66253|I|libbeamng.print:18052| === LSTM_TRACE t=410 v=8.70 ws=8.66,8.57,8.47,8.71 cmd=0.130,0.259,0.426,0.220 cap=411,844,817,413 des=411,844,715,361 app=406,840,708,356 abs=nil,nil,nil,nil ebrake=1.00 ibrake=1.00 hasABS=0 sy=5.07 split=1.000,0.875 ===
 87.71626|I|libbeamng.print:18052| === LSTM_TRACE t=420 v=8.49 ws=8.45,8.53,8.19,8.43 cmd=0.126,0.259,0.385,0.203 cap=379,772,807,415 des=379,772,706,363 app=374,768,699,358 abs=nil,nil,nil,nil ebrake=1.00 ibrake=1.00 hasABS=0 sy=4.46 split=1.000,0.875 ===
 87.77135|I|libbeamng.print:18052| === LSTM_TRACE t=430 v=8.27 ws=8.18,8.16,8.25,8.21 cmd=0.116,0.247,0.380,0.191 cap=369,775,725,376 des=369,775,634,329 app=364,770,628,324 abs=nil,nil,nil,nil ebrake=1.00 ibrake=1.00 hasABS=0 sy=4.17 split=1.000,0.875 ===
 87.83270|I|libbeamng.print:18052| === LSTM_TRACE t=440 v=8.05 ws=8.02,7.95,8.08,8.06 cmd=0.104,0.237,0.370,0.184 cap=330,736,698,356 des=330,736,611,312 app=326,732,604,307 abs=nil,nil,nil,nil ebrake=1.00 ibrake=1.00 hasABS=0 sy=4.10 split=1.000,0.875 ===
 87.88739|I|libbeamng.print:18052| === LSTM_TRACE t=450 v=7.85 ws=7.83,7.80,7.88,7.83 cmd=0.097,0.229,0.353,0.173 cap=303,705,660,336 des=303,705,577,294 app=298,700,571,290 abs=nil,nil,nil,nil ebrake=1.00 ibrake=1.00 hasABS=0 sy=4.05 split=1.000,0.875 ===
 87.94557|I|libbeamng.print:18052| === LSTM_TRACE t=460 v=7.64 ws=7.65,7.56,7.69,7.65 cmd=0.091,0.223,0.350,0.170 cap=287,704,650,326 des=287,704,569,285 app=282,699,563,281 abs=nil,nil,nil,nil ebrake=1.00 ibrake=1.00 hasABS=0 sy=4.06 split=1.000,0.875 ===
 87.99916|I|libbeamng.print:18052| === LSTM_TRACE t=470 v=7.45 ws=7.40,7.34,7.34,7.41 cmd=0.089,0.221,0.324,0.162 cap=277,690,618,315 des=277,690,541,275 app=273,685,535,271 abs=nil,nil,nil,nil ebrake=1.00 ibrake=1.00 hasABS=0 sy=3.86 split=1.000,0.875 ===
 88.05418|I|libbeamng.print:18052| === LSTM_TRACE t=480 v=7.26 ws=7.20,7.33,7.08,7.21 cmd=0.089,0.223,0.315,0.159 cap=272,688,628,318 des=272,688,550,278 app=267,683,544,274 abs=nil,nil,nil,nil ebrake=1.00 ibrake=1.00 hasABS=0 sy=3.60 split=1.000,0.875 ===
 88.11214|I|libbeamng.print:18052| === LSTM_TRACE t=490 v=7.07 ws=7.13,6.95,6.86,7.00 cmd=0.087,0.226,0.307,0.158 cap=261,667,608,299 des=261,667,532,262 app=257,662,526,258 abs=nil,nil,nil,nil ebrake=1.00 ibrake=1.00 hasABS=0 sy=3.76 split=1.000,0.875 ===
 88.16327|I|libbeamng.print:18052| === LSTM_TRACE t=500 v=6.87 ws=6.83,6.87,6.94,6.83 cmd=0.085,0.220,0.303,0.154 cap=268,670,571,298 des=268,670,500,261 app=263,665,494,257 abs=nil,nil,nil,nil ebrake=1.00 ibrake=1.00 hasABS=0 sy=3.98 split=1.000,0.875 ===
 88.21696|I|libbeamng.print:18052| === LSTM_TRACE t=510 v=6.68 ws=6.65,6.75,6.48,6.65 cmd=0.088,0.226,0.283,0.152 cap=270,693,567,301 des=270,693,496,263 app=265,688,491,259 abs=nil,nil,nil,nil ebrake=1.00 ibrake=1.00 hasABS=0 sy=3.75 split=1.000,0.875 ===
 88.27288|I|libbeamng.print:18052| === LSTM_TRACE t=520 v=6.50 ws=6.45,6.43,6.57,6.48 cmd=0.089,0.228,0.300,0.160 cap=281,711,564,306 des=281,711,493,268 app=276,705,488,264 abs=nil,nil,nil,nil ebrake=1.00 ibrake=1.00 hasABS=0 sy=3.73 split=1.000,0.875 ===
 88.33081|I|libbeamng.print:18052| === LSTM_TRACE t=530 v=6.30 ws=6.30,6.34,6.07,6.26 cmd=0.094,0.233,0.277,0.158 cap=287,729,561,315 des=287,729,490,276 app=282,723,485,271 abs=nil,nil,nil,nil ebrake=1.00 ibrake=1.00 hasABS=0 sy=3.80 split=1.000,0.875 ===
 88.38326|I|libbeamng.print:18052| === LSTM_TRACE t=540 v=6.11 ws=6.08,6.09,6.15,6.10 cmd=0.095,0.240,0.288,0.166 cap=298,747,545,315 des=298,747,477,276 app=292,741,472,271 abs=nil,nil,nil,nil ebrake=1.00 ibrake=1.00 hasABS=0 sy=3.80 split=1.000,0.875 ===
 88.43802|I|libbeamng.print:18052| === LSTM_TRACE t=550 v=5.92 ws=5.91,5.73,5.86,5.90 cmd=0.099,0.244,0.286,0.173 cap=304,748,555,328 des=304,748,485,287 app=298,742,479,282 abs=nil,nil,nil,nil ebrake=1.00 ibrake=1.00 hasABS=0 sy=3.86 split=1.000,0.875 ===
 88.49656|I|libbeamng.print:18052| === LSTM_TRACE t=560 v=5.72 ws=5.73,5.71,5.56,5.68 cmd=0.104,0.251,0.279,0.178 cap=315,771,553,347 des=315,771,484,304 app=309,764,478,298 abs=nil,nil,nil,nil ebrake=1.00 ibrake=1.00 hasABS=0 sy=3.97 split=1.000,0.875 ===
 88.55047|I|libbeamng.print:18052| === LSTM_TRACE t=570 v=5.53 ws=5.47,5.61,5.38,5.50 cmd=0.107,0.255,0.276,0.183 cap=331,786,537,358 des=331,786,470,313 app=324,779,464,308 abs=nil,nil,nil,nil ebrake=1.00 ibrake=1.00 hasABS=0 sy=3.96 split=1.000,0.875 ===
 88.60546|I|libbeamng.print:18052| === LSTM_TRACE t=580 v=5.33 ws=5.30,5.39,5.31,5.24 cmd=0.111,0.261,0.284,0.195 cap=346,821,542,382 des=346,821,475,334 app=339,814,469,328 abs=nil,nil,nil,nil ebrake=1.00 ibrake=1.00 hasABS=0 sy=3.81 split=1.000,0.875 ===
 88.66346|I|libbeamng.print:18052| === LSTM_TRACE t=590 v=5.14 ws=5.08,5.19,5.12,5.05 cmd=0.114,0.261,0.282,0.201 cap=361,830,547,406 des=361,830,479,355 app=353,822,473,349 abs=nil,nil,nil,nil ebrake=1.00 ibrake=1.00 hasABS=0 sy=3.70 split=1.000,0.875 ===
 88.71737|I|libbeamng.print:18052| === LSTM_TRACE t=600 v=4.94 ws=4.85,5.03,4.83,4.85 cmd=0.118,0.260,0.279,0.214 cap=375,834,545,439 des=375,834,477,384 app=367,826,470,377 abs=nil,nil,nil,nil ebrake=1.00 ibrake=1.00 hasABS=0 sy=3.80 split=1.000,0.875 ===
 88.77220|I|libbeamng.print:18052| === LSTM_TRACE t=610 v=4.73 ws=4.70,4.73,4.46,4.58 cmd=0.125,0.272,0.282,0.236 cap=383,860,554,473 des=383,860,485,413 app=375,852,478,406 abs=nil,nil,nil,nil ebrake=1.00 ibrake=1.00 hasABS=0 sy=4.03 split=1.000,0.875 ===
 88.83028|I|libbeamng.print:18052| === LSTM_TRACE t=620 v=4.52 ws=4.50,4.41,4.21,4.28 cmd=0.131,0.286,0.289,0.264 cap=385,869,570,512 des=385,869,499,448 app=377,860,492,440 abs=nil,nil,nil,nil ebrake=1.00 ibrake=1.00 hasABS=0 sy=4.17 split=1.000,0.875 ===
 88.88703|I|libbeamng.print:18052| === LSTM_TRACE t=630 v=4.29 ws=4.26,4.07,4.42,4.33 cmd=0.128,0.286,0.300,0.277 cap=398,868,570,502 des=398,868,499,440 app=390,859,492,432 abs=nil,nil,nil,nil ebrake=1.00 ibrake=1.00 hasABS=0 sy=4.61 split=1.000,0.875 ===
 88.94575|I|libbeamng.print:18052| === LSTM_TRACE t=640 v=4.08 ws=3.98,4.03,3.90,3.88 cmd=0.145,0.294,0.302,0.295 cap=461,949,582,588 des=461,949,509,515 app=451,940,502,506 abs=nil,nil,nil,nil ebrake=1.00 ibrake=1.00 hasABS=0 sy=4.50 split=1.000,0.875 ===
 88.99957|I|libbeamng.print:18052| === LSTM_TRACE t=650 v=3.84 ws=3.81,3.58,3.86,3.88 cmd=0.147,0.315,0.314,0.335 cap=438,942,604,610 des=438,942,528,534 app=428,933,521,524 abs=nil,nil,nil,nil ebrake=1.00 ibrake=1.00 hasABS=0 sy=4.85 split=1.000,0.875 ===
 89.05492|I|libbeamng.print:18052| === LSTM_TRACE t=660 v=3.60 ws=3.67,3.82,3.42,3.41 cmd=0.165,0.310,0.315,0.339 cap=522,985,611,683 des=522,985,535,598 app=511,975,528,587 abs=nil,nil,nil,nil ebrake=1.00 ibrake=1.00 hasABS=0 sy=4.92 split=1.000,0.875 ===
 89.11302|I|libbeamng.print:18052| === LSTM_TRACE t=670 v=3.36 ws=3.24,3.11,3.48,3.24 cmd=0.161,0.329,0.323,0.364 cap=502,995,626,695 des=502,995,548,608 app=491,985,540,598 abs=nil,nil,nil,nil ebrake=1.00 ibrake=1.00 hasABS=0 sy=4.86 split=1.000,0.875 ===
 89.17040|I|libbeamng.print:18052| === LSTM_TRACE t=680 v=3.10 ws=2.99,2.95,3.12,3.05 cmd=0.179,0.346,0.339,0.409 cap=537,1066,648,771 des=537,1066,567,675 app=525,1055,559,663 abs=nil,nil,nil,nil ebrake=1.00 ibrake=1.00 hasABS=0 sy=5.05 split=1.000,0.875 ===
 89.22927|I|libbeamng.print:18052| === LSTM_TRACE t=690 v=2.86 ws=2.68,2.55,2.60,2.85 cmd=0.195,0.343,0.345,0.430 cap=600,1110,674,840 des=600,1110,590,735 app=587,1098,582,722 abs=nil,nil,nil,nil ebrake=1.00 ibrake=1.00 hasABS=0 sy=4.83 split=1.000,0.875 ===
 89.28345|I|libbeamng.print:18052| === LSTM_TRACE t=700 v=2.58 ws=2.55,2.43,2.30,2.65 cmd=0.202,0.348,0.350,0.446 cap=623,1097,689,865 des=623,1097,603,757 app=609,1086,594,743 abs=nil,nil,nil,nil ebrake=1.00 ibrake=1.00 hasABS=0 sy=5.33 split=1.000,0.875 ===
 89.33738|I|libbeamng.print:18052| === LSTM_TRACE t=710 v=2.31 ws=2.15,2.40,2.14,2.42 cmd=0.211,0.362,0.364,0.466 cap=657,1138,710,906 des=657,1138,621,793 app=642,1126,613,779 abs=nil,nil,nil,nil ebrake=1.00 ibrake=1.00 hasABS=0 sy=5.44 split=1.000,0.875 ===
 89.39589|I|libbeamng.print:18052| === LSTM_TRACE t=720 v=2.02 ws=1.92,2.16,1.97,1.96 cmd=0.222,0.386,0.376,0.486 cap=682,1201,728,938 des=682,1201,637,821 app=666,1188,628,806 abs=nil,nil,nil,nil ebrake=1.00 ibrake=1.00 hasABS=0 sy=5.46 split=1.000,0.875 ===
 89.44935|I|libbeamng.print:18052| === LSTM_TRACE t=730 v=1.73 ws=1.60,1.65,1.53,1.77 cmd=0.224,0.419,0.380,0.500 cap=680,1286,740,954 des=680,1286,647,835 app=665,1271,638,820 abs=nil,nil,nil,nil ebrake=1.00 ibrake=1.00 hasABS=0 sy=5.73 split=1.000,0.875 ===
 89.50466|I|libbeamng.print:18052| === LSTM_TRACE t=740 v=1.44 ws=1.42,1.11,1.26,1.42 cmd=0.241,0.403,0.400,0.522 cap=755,1255,783,1026 des=755,1255,686,898 app=738,1241,676,882 abs=nil,nil,nil,nil ebrake=1.00 ibrake=1.00 hasABS=0 sy=5.84 split=1.000,0.875 ===
 89.56249|I|libbeamng.print:18052| === LSTM_TRACE t=750 v=1.17 ws=1.25,0.86,1.16,1.17 cmd=0.253,0.446,0.415,0.535 cap=779,1381,806,1042 des=779,1381,705,912 app=761,1365,695,896 abs=nil,nil,nil,nil ebrake=1.00 ibrake=1.00 hasABS=0 sy=5.29 split=1.000,0.875 ===
 89.61612|I|libbeamng.print:18052| === LSTM_TRACE t=760 v=0.88 ws=0.94,0.73,0.87,0.89 cmd=0.260,0.466,0.436,0.538 cap=804,1421,851,1052 des=804,1421,745,921 app=785,1405,734,904 abs=nil,nil,nil,nil ebrake=1.00 ibrake=1.00 hasABS=0 sy=5.57 split=1.000,0.875 ===
 89.67059|I|libbeamng.print:18052| === LSTM_TRACE t=770 v=0.60 ws=0.62,0.51,0.63,0.53 cmd=0.275,0.525,0.464,0.560 cap=852,1607,894,1084 des=852,1607,782,949 app=832,1587,770,932 abs=nil,nil,nil,nil ebrake=1.00 ibrake=1.00 hasABS=0 sy=5.59 split=1.000,0.875 ===
 95.18909|I|libbeamng.print:18052| === LSTM_ABS: lens 'avg_g_window_stock' loaded (17 in, 64 hidden, 2 layers) ===
 95.19093|I|libbeamng.print:18052| === LSTM_ABS SELFTEST lens=avg_g_window_stock cmd=0.959988,0.587191,0.756346,0.891103 ===
117.21792|I|libbeamng.print:18052| === LSTM_TRACE t=0 v=27.70 ws=27.66,27.77,27.41,27.51 cmd=0.371,0.255,0.918,0.878 cap=155,155,97,97 des=155,155,85,85 app=142,142,78,78 abs=nil,nil,nil,nil ebrake=1.00 ibrake=1.00 hasABS=0 sy=1.72 split=1.000,0.875 ===
117.27306|I|libbeamng.print:18052| === LSTM_TRACE t=10 v=27.42 ws=25.76,26.55,26.62,26.73 cmd=0.714,0.556,0.721,0.770 cap=2098,1591,1400,1472 des=2098,1591,1225,1288 app=1939,1465,1135,1193 abs=nil,nil,nil,nil ebrake=1.00 ibrake=1.00 hasABS=0 sy=6.06 split=1.000,0.875 ===
117.29802|I|libbeamng.print:18052| === LSTM_ABS DBG raw=24.9037,25.9919,26.2981,26.2784,0.1023,7.8431,0.3126,0.0154,0.0000,0.0000,0.0024,1.0000,0.0000,0.0009,-0.0109,7670.9974,0.2500 ===
117.29805|I|libbeamng.print:18052| === LSTM_ABS DBG norm=1.08,1.17,1.19,1.18,0.04,-0.51,0.04,0.00,-0.10,0.10,-0.05,0.34,-0.05,0.01,0.89,10.00,0.25 ===
117.29806|I|libbeamng.print:18052| === LSTM_ABS DBG cmd=0.7734,0.6012,0.7415,0.7933 ===
117.33141|I|libbeamng.print:18052| === LSTM_TRACE t=20 v=26.95 ws=23.86,25.94,25.74,25.64 cmd=0.809,0.616,0.741,0.775 cap=2502,1919,1442,1507 des=2502,1919,1262,1319 app=2350,1792,1187,1242 abs=nil,nil,nil,nil ebrake=1.00 ibrake=1.00 hasABS=0 sy=8.80 split=1.000,0.875 ===
117.38454|I|libbeamng.print:18052| === LSTM_TRACE t=30 v=26.45 ws=22.11,25.61,24.76,24.93 cmd=0.817,0.586,0.751,0.757 cap=2560,1790,1478,1485 des=2560,1790,1293,1299 app=2435,1690,1231,1237 abs=nil,nil,nil,nil ebrake=1.00 ibrake=1.00 hasABS=0 sy=9.76 split=1.000,0.875 ===
117.44023|I|libbeamng.print:18052| === LSTM_TRACE t=40 v=25.91 ws=20.21,25.18,23.85,24.42 cmd=0.770,0.592,0.753,0.768 cap=2408,1830,1468,1501 des=2408,1830,1285,1314 app=2309,1743,1233,1262 abs=nil,nil,nil,nil ebrake=1.00 ibrake=1.00 hasABS=0 sy=10.57 split=1.000,0.875 ===
117.49752|I|libbeamng.print:18052| === LSTM_TRACE t=50 v=25.37 ws=18.27,24.61,22.98,24.04 cmd=0.770,0.604,0.764,0.787 cap=2391,1888,1486,1521 des=2391,1888,1300,1331 app=2307,1811,1256,1287 abs=nil,nil,nil,nil ebrake=1.00 ibrake=1.00 hasABS=0 sy=10.67 split=1.000,0.875 ===
117.55064|I|libbeamng.print:18052| === LSTM_TRACE t=60 v=24.85 ws=15.50,24.14,22.00,23.45 cmd=0.743,0.610,0.783,0.805 cap=2272,1849,1500,1559 des=2272,1849,1313,1364 app=2201,1784,1274,1327 abs=nil,nil,nil,nil ebrake=1.00 ibrake=1.00 hasABS=0 sy=10.68 split=1.000,0.875 ===
117.60594|I|libbeamng.print:18052| === LSTM_TRACE t=70 v=24.34 ws=12.48,23.73,21.09,22.94 cmd=0.697,0.573,0.819,0.841 cap=2171,1768,1584,1628 des=2171,1768,1386,1425 app=2108,1714,1351,1391 abs=nil,nil,nil,nil ebrake=1.00 ibrake=1.00 hasABS=0 sy=10.26 split=1.000,0.875 ===
117.66378|I|libbeamng.print:18052| === LSTM_TRACE t=80 v=23.85 ws=9.57,23.22,20.00,22.31 cmd=0.633,0.531,0.858,0.873 cap=2000,1679,1661,1692 des=2000,1679,1453,1481 app=1944,1634,1421,1451 abs=nil,nil,nil,nil ebrake=1.00 ibrake=1.00 hasABS=0 sy=9.83 split=1.000,0.875 ===
117.71815|I|libbeamng.print:18052| === LSTM_TRACE t=90 v=23.36 ws=7.96,22.69,18.91,21.79 cmd=0.585,0.510,0.879,0.890 cap=1832,1592,1700,1700 des=1832,1592,1488,1488 app=1781,1553,1458,1462 abs=nil,nil,nil,nil ebrake=1.00 ibrake=1.00 hasABS=0 sy=9.81 split=1.000,0.875 ===
117.77323|I|libbeamng.print:18052| === LSTM_TRACE t=100 v=22.88 ws=6.90,22.38,17.73,21.36 cmd=0.570,0.500,0.882,0.896 cap=1763,1556,1700,1700 des=1763,1556,1488,1488 app=1714,1521,1461,1466 abs=nil,nil,nil,nil ebrake=1.00 ibrake=1.00 hasABS=0 sy=9.66 split=1.000,0.875 ===
117.83116|I|libbeamng.print:18052| === LSTM_TRACE t=110 v=22.39 ws=6.14,21.75,16.41,20.96 cmd=0.575,0.511,0.881,0.896 cap=1769,1569,1700,1700 des=1769,1569,1488,1488 app=1719,1537,1464,1469 abs=nil,nil,nil,nil ebrake=1.00 ibrake=1.00 hasABS=0 sy=9.62 split=1.000,0.875 ===
117.88506|I|libbeamng.print:18052| === LSTM_TRACE t=120 v=21.88 ws=5.46,21.26,14.91,20.64 cmd=0.573,0.521,0.876,0.898 cap=1765,1615,1700,1700 des=1765,1615,1488,1488 app=1714,1585,1465,1471 abs=nil,nil,nil,nil ebrake=1.00 ibrake=1.00 hasABS=0 sy=10.30 split=1.000,0.875 ===
117.94111|I|libbeamng.print:18052| === LSTM_TRACE t=130 v=21.38 ws=5.15,20.66,13.78,20.28 cmd=0.574,0.524,0.873,0.898 cap=1786,1647,1698,1700 des=1786,1647,1485,1488 app=1734,1618,1464,1473 abs=nil,nil,nil,nil ebrake=1.00 ibrake=1.00 hasABS=0 sy=10.19 split=1.000,0.875 ===
117.99809|I|libbeamng.print:18052| === LSTM_TRACE t=140 v=20.88 ws=4.66,20.29,12.54,19.95 cmd=0.591,0.538,0.873,0.899 cap=1800,1664,1694,1700 des=1800,1664,1482,1488 app=1746,1637,1461,1474 abs=nil,nil,nil,nil ebrake=1.00 ibrake=1.00 hasABS=0 sy=10.31 split=1.000,0.875 ===
118.05283|I|libbeamng.print:18052| === LSTM_TRACE t=150 v=20.39 ws=3.46,19.55,11.00,19.24 cmd=0.610,0.553,0.870,0.898 cap=1855,1713,1690,1700 des=1855,1713,1479,1488 app=1798,1687,1458,1476 abs=nil,nil,nil,nil ebrake=1.00 ibrake=1.00 hasABS=0 sy=10.06 split=1.000,0.875 ===
118.11374|I|libbeamng.print:18052| === LSTM_TRACE t=160 v=19.90 ws=1.99,19.09,8.23,18.39 cmd=0.635,0.571,0.864,0.895 cap=1961,1737,1681,1700 des=1961,1737,1471,1488 app=1898,1712,1449,1477 abs=nil,nil,nil,nil ebrake=1.00 ibrake=1.00 hasABS=0 sy=9.82 split=1.000,0.875 ===
118.16856|I|libbeamng.print:18052| === LSTM_TRACE t=170 v=19.39 ws=0.15,18.34,5.54,17.67 cmd=0.659,0.592,0.851,0.895 cap=2018,1825,1655,1700 des=2018,1825,1448,1488 app=1950,1802,1425,1477 abs=nil,nil,nil,nil ebrake=1.00 ibrake=1.00 hasABS=0 sy=9.96 split=1.000,0.875 ===
118.22210|I|libbeamng.print:18052| === LSTM_TRACE t=180 v=18.88 ws=0.01,17.81,3.84,16.54 cmd=0.669,0.619,0.842,0.883 cap=2064,1895,1635,1700 des=2064,1895,1430,1488 app=1992,1872,1406,1478 abs=nil,nil,nil,nil ebrake=1.00 ibrake=1.00 hasABS=0 sy=10.39 split=1.000,0.875 ===
118.28099|I|libbeamng.print:18052| === LSTM_TRACE t=190 v=18.39 ws=0.03,17.40,2.59,15.87 cmd=0.688,0.610,0.829,0.878 cap=2167,1914,1610,1700 des=2167,1914,1409,1488 app=2087,1892,1383,1478 abs=nil,nil,nil,nil ebrake=1.00 ibrake=1.00 hasABS=0 sy=9.68 split=1.000,0.875 ===
118.33549|I|libbeamng.print:18052| === LSTM_TRACE t=200 v=17.90 ws=0.02,17.06,0.85,14.82 cmd=0.743,0.661,0.814,0.868 cap=2219,1974,1589,1684 des=2219,1974,1390,1474 app=2134,1953,1362,1465 abs=nil,nil,nil,nil ebrake=1.00 ibrake=1.00 hasABS=0 sy=9.48 split=1.000,0.875 ===
118.38971|I|libbeamng.print:18052| === LSTM_TRACE t=210 v=17.40 ws=0.01,15.80,0.24,14.11 cmd=0.788,0.686,0.796,0.864 cap=2414,2109,1550,1675 des=2414,2109,1356,1465 app=2318,2088,1326,1457 abs=nil,nil,nil,nil ebrake=1.00 ibrake=1.00 hasABS=0 sy=9.92 split=1.000,0.875 ===
118.44814|I|libbeamng.print:18052| === LSTM_TRACE t=220 v=16.89 ws=0.01,14.99,0.57,12.60 cmd=0.807,0.691,0.798,0.859 cap=2456,2129,1548,1663 des=2456,2129,1354,1455 app=2354,2110,1321,1446 abs=nil,nil,nil,nil ebrake=1.00 ibrake=1.00 hasABS=0 sy=10.33 split=1.000,0.875 ===
118.50265|I|libbeamng.print:18052| === LSTM_TRACE t=230 v=16.37 ws=0.01,14.79,1.14,10.97 cmd=0.836,0.695,0.803,0.856 cap=2551,2131,1559,1661 des=2551,2131,1364,1454 app=2442,2113,1327,1444 abs=nil,nil,nil,nil ebrake=1.00 ibrake=1.00 hasABS=0 sy=10.19 split=1.000,0.875 ===
118.56356|I|libbeamng.print:18052| === LSTM_TRACE t=240 v=15.88 ws=0.01,14.24,0.75,10.38 cmd=0.849,0.686,0.794,0.855 cap=2641,2142,1546,1661 des=2641,2142,1353,1454 app=2524,2124,1314,1444 abs=nil,nil,nil,nil ebrake=1.00 ibrake=1.00 hasABS=0 sy=9.88 split=1.000,0.875 ===
118.61789|I|libbeamng.print:18052| === LSTM_TRACE t=250 v=15.37 ws=0.01,12.77,1.25,8.73 cmd=0.864,0.700,0.793,0.845 cap=2689,2167,1542,1649 des=2689,2167,1349,1443 app=2567,2150,1308,1432 abs=nil,nil,nil,nil ebrake=1.00 ibrake=1.00 hasABS=0 sy=10.23 split=1.000,0.875 ===
118.67258|I|libbeamng.print:18052| === LSTM_TRACE t=260 v=14.87 ws=0.00,10.63,1.90,6.89 cmd=0.867,0.696,0.801,0.835 cap=2681,2172,1556,1622 des=2681,2172,1362,1419 app=2556,2155,1318,1408 abs=nil,nil,nil,nil ebrake=1.00 ibrake=1.00 hasABS=0 sy=9.97 split=1.000,0.875 ===
118.73127|I|libbeamng.print:18052| === LSTM_TRACE t=270 v=14.36 ws=0.00,8.60,2.10,5.74 cmd=0.886,0.707,0.785,0.830 cap=2760,2222,1536,1606 des=2760,2222,1344,1405 app=2627,2204,1300,1393 abs=nil,nil,nil,nil ebrake=1.00 ibrake=1.00 hasABS=0 sy=10.14 split=1.000,0.875 ===
118.78480|I|libbeamng.print:18052| === LSTM_TRACE t=280 v=13.84 ws=0.02,5.04,2.38,4.37 cmd=0.912,0.721,0.768,0.828 cap=2853,2264,1500,1621 des=2853,2264,1313,1419 app=2713,2245,1268,1404 abs=nil,nil,nil,nil ebrake=1.00 ibrake=1.00 hasABS=0 sy=10.62 split=1.000,0.875 ===
118.83949|I|libbeamng.print:18052| === LSTM_TRACE t=290 v=13.35 ws=0.01,0.38,3.12,3.00 cmd=0.946,0.776,0.753,0.837 cap=2930,2367,1491,1633 des=2930,2367,1304,1429 app=2783,2345,1259,1413 abs=nil,nil,nil,nil ebrake=1.00 ibrake=1.00 hasABS=0 sy=10.22 split=1.000,0.875 ===
118.89818|I|libbeamng.print:18052| === LSTM_TRACE t=300 v=12.86 ws=0.03,0.10,3.88,1.11 cmd=0.962,0.836,0.802,0.853 cap=2986,2614,1549,1653 des=2986,2614,1355,1446 app=2833,2585,1307,1428 abs=nil,nil,nil,nil ebrake=1.00 ibrake=1.00 hasABS=0 sy=10.05 split=1.000,0.875 ===
118.95188|I|libbeamng.print:18052| === LSTM_TRACE t=310 v=12.40 ws=0.01,0.04,3.38,0.01 cmd=0.950,0.807,0.788,0.843 cap=2958,2558,1542,1638 des=2958,2558,1349,1433 app=2804,2526,1302,1412 abs=nil,nil,nil,nil ebrake=1.00 ibrake=1.00 hasABS=0 sy=9.37 split=1.000,0.875 ===
119.00553|I|libbeamng.print:18052| === LSTM_TRACE t=320 v=11.92 ws=0.02,0.03,3.98,0.00 cmd=0.941,0.792,0.756,0.823 cap=2917,2450,1478,1606 des=2917,2450,1293,1405 app=2763,2416,1247,1382 abs=nil,nil,nil,nil ebrake=1.00 ibrake=1.00 hasABS=0 sy=9.56 split=1.000,0.875 ===
119.05752|I|libbeamng.print:18052| === LSTM_TRACE t=330 v=11.40 ws=0.02,0.01,2.75,0.07 cmd=0.943,0.806,0.752,0.825 cap=2922,2508,1460,1597 des=2922,2508,1277,1398 app=2765,2470,1232,1373 abs=nil,nil,nil,nil ebrake=1.00 ibrake=1.00 hasABS=0 sy=10.01 split=1.000,0.875 ===
119.11431|I|libbeamng.print:18052| === LSTM_TRACE t=340 v=10.90 ws=0.01,0.01,2.02,0.04 cmd=0.942,0.804,0.751,0.825 cap=2919,2477,1471,1607 des=2919,2477,1287,1406 app=2760,2436,1241,1379 abs=nil,nil,nil,nil ebrake=1.00 ibrake=1.00 hasABS=0 sy=9.62 split=1.000,0.875 ===
119.17058|I|libbeamng.print:18052| === LSTM_TRACE t=350 v=10.42 ws=0.02,0.02,1.99,0.00 cmd=0.937,0.802,0.732,0.819 cap=2909,2471,1452,1600 des=2909,2471,1271,1400 app=2748,2426,1224,1371 abs=nil,nil,nil,nil ebrake=1.00 ibrake=1.00 hasABS=0 sy=9.40 split=1.000,0.875 ===
119.21900|I|libbeamng.print:18052| === LSTM_TRACE t=360 v=9.93 ws=0.01,0.00,2.16,0.02 cmd=0.930,0.792,0.712,0.813 cap=2888,2430,1417,1590 des=2888,2430,1240,1391 app=2725,2383,1194,1360 abs=nil,nil,nil,nil ebrake=1.00 ibrake=1.00 hasABS=0 sy=9.36 split=1.000,0.875 ===
119.27297|I|libbeamng.print:18052| === LSTM_TRACE t=370 v=9.43 ws=0.01,0.03,2.49,0.02 cmd=0.932,0.791,0.709,0.812 cap=2883,2407,1395,1587 des=2883,2407,1220,1388 app=2719,2357,1175,1355 abs=nil,nil,nil,nil ebrake=1.00 ibrake=1.00 hasABS=0 sy=9.23 split=1.000,0.875 ===
119.33072|I|libbeamng.print:18052| === LSTM_TRACE t=380 v=8.92 ws=0.00,0.03,2.92,0.02 cmd=0.940,0.807,0.717,0.818 cap=2902,2444,1393,1591 des=2902,2444,1219,1392 app=2735,2390,1174,1357 abs=nil,nil,nil,nil ebrake=1.00 ibrake=1.00 hasABS=0 sy=9.51 split=1.000,0.875 ===
119.38384|I|libbeamng.print:18052| === LSTM_TRACE t=390 v=8.40 ws=0.01,0.03,3.24,0.06 cmd=0.948,0.823,0.737,0.828 cap=2926,2516,1407,1603 des=2926,2516,1232,1402 app=2756,2457,1186,1365 abs=nil,nil,nil,nil ebrake=1.00 ibrake=1.00 hasABS=0 sy=9.85 split=1.000,0.875 ===
119.43844|I|libbeamng.print:18052| === LSTM_TRACE t=400 v=7.86 ws=0.00,0.01,3.41,0.03 cmd=0.953,0.829,0.760,0.840 cap=2949,2564,1447,1617 des=2949,2564,1266,1415 app=2775,2500,1218,1376 abs=nil,nil,nil,nil ebrake=1.00 ibrake=1.00 hasABS=0 sy=10.56 split=1.000,0.875 ===
119.49687|I|libbeamng.print:18052| === LSTM_TRACE t=410 v=7.32 ws=0.01,0.05,3.33,0.03 cmd=0.954,0.819,0.778,0.852 cap=2964,2583,1495,1639 des=2964,2583,1308,1434 app=2788,2517,1259,1393 abs=nil,nil,nil,nil ebrake=1.00 ibrake=1.00 hasABS=0 sy=10.94 split=1.000,0.875 ===
119.55044|I|libbeamng.print:18052| === LSTM_TRACE t=420 v=6.79 ws=0.03,0.06,3.09,0.04 cmd=0.949,0.794,0.778,0.855 cap=2962,2548,1521,1659 des=2962,2548,1331,1452 app=2785,2479,1281,1409 abs=nil,nil,nil,nil ebrake=1.00 ibrake=1.00 hasABS=0 sy=10.88 split=1.000,0.875 ===
119.60602|I|libbeamng.print:18052| === LSTM_TRACE t=430 v=6.26 ws=0.02,0.02,2.68,0.04 cmd=0.944,0.772,0.772,0.848 cap=2945,2464,1517,1664 des=2945,2464,1328,1456 app=2768,2395,1278,1412 abs=nil,nil,nil,nil ebrake=1.00 ibrake=1.00 hasABS=0 sy=10.56 split=1.000,0.875 ===
119.65681|I|libbeamng.print:18052| === LSTM_TRACE t=440 v=5.73 ws=0.00,0.02,2.36,0.03 cmd=0.944,0.771,0.761,0.840 cap=2928,2397,1500,1648 des=2928,2397,1312,1442 app=2751,2327,1263,1398 abs=nil,nil,nil,nil ebrake=1.00 ibrake=1.00 hasABS=0 sy=10.35 split=1.000,0.875 ===
119.71476|I|libbeamng.print:18052| === LSTM_TRACE t=450 v=5.19 ws=0.03,0.01,2.64,0.00 cmd=0.947,0.791,0.745,0.838 cap=2930,2406,1478,1632 des=2930,2406,1293,1428 app=2751,2333,1245,1383 abs=nil,nil,nil,nil ebrake=1.00 ibrake=1.00 hasABS=0 sy=10.32 split=1.000,0.875 ===
119.76840|I|libbeamng.print:18052| === LSTM_TRACE t=460 v=4.65 ws=0.01,0.03,3.09,0.05 cmd=0.951,0.814,0.745,0.838 cap=2939,2472,1452,1628 des=2939,2472,1271,1424 app=2759,2395,1223,1378 abs=nil,nil,nil,nil ebrake=1.00 ibrake=1.00 hasABS=0 sy=10.28 split=1.000,0.875 ===
119.82282|I|libbeamng.print:18052| === LSTM_TRACE t=470 v=4.09 ws=0.02,0.05,3.19,0.09 cmd=0.956,0.830,0.759,0.842 cap=2953,2540,1455,1631 des=2953,2540,1273,1427 app=2771,2458,1225,1380 abs=nil,nil,nil,nil ebrake=1.00 ibrake=1.00 hasABS=0 sy=10.68 split=1.000,0.875 ===
119.88128|I|libbeamng.print:18052| === LSTM_TRACE t=480 v=3.51 ws=0.02,0.04,2.86,0.01 cmd=0.959,0.838,0.773,0.847 cap=2966,2584,1479,1637 des=2966,2584,1294,1433 app=2781,2499,1246,1385 abs=nil,nil,nil,nil ebrake=1.00 ibrake=1.00 hasABS=0 sy=11.34 split=1.000,0.875 ===
119.93490|I|libbeamng.print:18052| === LSTM_TRACE t=490 v=2.94 ws=0.02,0.05,2.47,0.07 cmd=0.958,0.835,0.774,0.856 cap=2976,2615,1503,1650 des=2976,2615,1316,1444 app=2790,2527,1266,1395 abs=nil,nil,nil,nil ebrake=1.00 ibrake=1.00 hasABS=0 sy=11.31 split=1.000,0.875 ===
119.99008|I|libbeamng.print:18052| === LSTM_TRACE t=500 v=2.39 ws=0.02,0.00,1.87,0.09 cmd=0.959,0.843,0.776,0.862 cap=2981,2639,1511,1669 des=2981,2639,1322,1460 app=2794,2548,1272,1410 abs=nil,nil,nil,nil ebrake=1.00 ibrake=1.00 hasABS=0 sy=11.08 split=1.000,0.875 ===
120.05013|I|libbeamng.print:18052| === LSTM_TRACE t=510 v=1.86 ws=0.00,0.02,1.69,0.04 cmd=0.968,0.874,0.797,0.871 cap=3002,2705,1552,1693 des=3002,2705,1358,1482 app=2812,2609,1307,1430 abs=nil,nil,nil,nil ebrake=1.00 ibrake=1.00 hasABS=0 sy=10.71 split=1.000,0.875 ===
120.10593|I|libbeamng.print:18052| === LSTM_TRACE t=520 v=1.31 ws=0.00,0.00,1.26,0.36 cmd=0.979,0.909,0.839,0.887 cap=3032,2809,1621,1700 des=3032,2809,1418,1488 app=2840,2707,1364,1435 abs=nil,nil,nil,nil ebrake=1.00 ibrake=1.00 hasABS=0 sy=10.94 split=1.000,0.875 ===
120.16432|I|libbeamng.print:18052| === LSTM_TRACE t=530 v=0.75 ws=0.00,0.00,0.18,0.82 cmd=0.984,0.929,0.859,0.895 cap=3050,2876,1659,1700 des=3050,2876,1452,1488 app=2856,2770,1395,1435 abs=nil,nil,nil,nil ebrake=1.00 ibrake=1.00 hasABS=0 sy=11.23 split=1.000,0.875 ===
150.60605|I|libbeamng.print:18052| === LSTM_TRACE t=0 v=27.71 ws=27.74,27.86,27.33,27.45 cmd=0.379,0.256,0.917,0.878 cap=155,155,97,97 des=155,155,85,85 app=144,147,81,81 abs=nil,nil,nil,nil ebrake=1.00 ibrake=1.00 hasABS=0 sy=1.66 split=1.000,0.875 ===
150.66547|I|libbeamng.print:18052| === LSTM_TRACE t=10 v=27.43 ws=25.71,26.54,26.69,26.68 cmd=0.701,0.554,0.722,0.772 cap=2078,1600,1409,1481 des=2078,1600,1233,1296 app=1953,1526,1179,1249 abs=nil,nil,nil,nil ebrake=1.00 ibrake=1.00 hasABS=0 sy=6.23 split=1.000,0.875 ===
150.68591|I|libbeamng.print:18052| === LSTM_ABS DBG raw=24.8544,25.9381,26.3559,26.2637,0.0640,8.0427,0.4301,0.0156,0.0000,0.0000,0.0026,1.0000,0.0000,0.0011,-0.0109,7658.5236,0.2500 ===
150.68596|I|libbeamng.print:18052| === LSTM_ABS DBG norm=1.08,1.16,1.20,1.18,0.03,-0.46,0.15,0.00,-0.10,0.10,-0.05,0.34,-0.05,0.03,0.89,10.00,0.25 ===
150.68597|I|libbeamng.print:18052| === LSTM_ABS DBG cmd=0.7733,0.6056,0.7442,0.7924 ===
150.71875|I|libbeamng.print:18052| === LSTM_TRACE t=20 v=26.96 ws=23.53,25.81,25.78,25.62 cmd=0.816,0.613,0.744,0.773 cap=2524,1898,1451,1509 des=2524,1898,1270,1320 app=2404,1827,1226,1284 abs=nil,nil,nil,nil ebrake=1.00 ibrake=1.00 hasABS=0 sy=8.70 split=1.000,0.875 ===
150.77356|I|libbeamng.print:18052| === LSTM_TRACE t=30 v=26.45 ws=21.08,25.58,24.67,24.80 cmd=0.801,0.572,0.759,0.770 cap=2517,1773,1486,1504 des=2517,1773,1300,1316 app=2420,1718,1265,1288 abs=nil,nil,nil,nil ebrake=1.00 ibrake=1.00 hasABS=0 sy=9.79 split=1.000,0.875 ===
150.83163|I|libbeamng.print:18052| === LSTM_TRACE t=40 v=25.91 ws=19.01,25.12,23.72,24.25 cmd=0.758,0.592,0.774,0.784 cap=2348,1830,1492,1519 des=2348,1830,1305,1329 app=2272,1782,1277,1306 abs=nil,nil,nil,nil ebrake=1.00 ibrake=1.00 hasABS=0 sy=10.65 split=1.000,0.875 ===
150.88517|I|libbeamng.print:18052| === LSTM_TRACE t=50 v=25.38 ws=16.52,24.64,22.86,23.77 cmd=0.753,0.604,0.787,0.799 cap=2305,1829,1520,1558 des=2305,1829,1330,1363 app=2241,1789,1306,1345 abs=nil,nil,nil,nil ebrake=1.00 ibrake=1.00 hasABS=0 sy=10.73 split=1.000,0.875 ===
150.93603|I|libbeamng.print:18052| === LSTM_TRACE t=60 v=24.86 ws=13.32,24.09,21.81,23.18 cmd=0.702,0.579,0.806,0.828 cap=2224,1821,1561,1599 des=2224,1821,1366,1399 app=2167,1787,1345,1383 abs=nil,nil,nil,nil ebrake=1.00 ibrake=1.00 hasABS=0 sy=10.62 split=1.000,0.875 ===
150.99191|I|libbeamng.print:18052| === LSTM_TRACE t=70 v=24.35 ws=10.81,23.73,20.86,22.68 cmd=0.664,0.551,0.843,0.860 cap=2088,1731,1631,1662 des=2088,1731,1427,1454 app=2038,1703,1409,1441 abs=nil,nil,nil,nil ebrake=1.00 ibrake=1.00 hasABS=0 sy=10.04 split=1.000,0.875 ===
151.04905|I|libbeamng.print:18052| === LSTM_TRACE t=80 v=23.86 ws=8.68,23.22,19.63,22.03 cmd=0.600,0.519,0.872,0.882 cap=1873,1618,1689,1700 des=1873,1618,1478,1488 app=1829,1596,1462,1477 abs=nil,nil,nil,nil ebrake=1.00 ibrake=1.00 hasABS=0 sy=9.68 split=1.000,0.875 ===
151.10198|I|libbeamng.print:18052| === LSTM_TRACE t=90 v=23.36 ws=7.10,22.71,18.50,21.65 cmd=0.584,0.511,0.883,0.892 cap=1806,1569,1700,1700 des=1806,1569,1488,1488 app=1764,1550,1474,1480 abs=nil,nil,nil,nil ebrake=1.00 ibrake=1.00 hasABS=0 sy=10.11 split=1.000,0.875 ===
151.15381|I|libbeamng.print:18052| === LSTM_TRACE t=100 v=22.88 ws=6.21,22.30,17.08,21.22 cmd=0.556,0.506,0.881,0.895 cap=1737,1568,1700,1700 des=1737,1568,1488,1488 app=1696,1551,1476,1481 abs=nil,nil,nil,nil ebrake=1.00 ibrake=1.00 hasABS=0 sy=9.90 split=1.000,0.875 ===
151.20763|I|libbeamng.print:18052| === LSTM_TRACE t=110 v=22.38 ws=5.66,21.73,15.76,20.88 cmd=0.577,0.520,0.878,0.896 cap=1785,1613,1700,1700 des=1785,1613,1488,1488 app=1743,1598,1477,1483 abs=nil,nil,nil,nil ebrake=1.00 ibrake=1.00 hasABS=0 sy=9.90 split=1.000,0.875 ===
151.26572|I|libbeamng.print:18052| === LSTM_TRACE t=120 v=21.87 ws=5.29,21.21,14.60,20.67 cmd=0.572,0.527,0.876,0.899 cap=1755,1642,1699,1700 des=1755,1642,1487,1488 app=1713,1628,1477,1484 abs=nil,nil,nil,nil ebrake=1.00 ibrake=1.00 hasABS=0 sy=10.35 split=1.000,0.875 ===
151.31923|I|libbeamng.print:18052| === LSTM_TRACE t=130 v=21.37 ws=4.65,20.61,13.05,20.43 cmd=0.579,0.538,0.873,0.899 cap=1778,1674,1696,1700 des=1778,1674,1484,1488 app=1734,1661,1474,1485 abs=nil,nil,nil,nil ebrake=1.00 ibrake=1.00 hasABS=0 sy=10.33 split=1.000,0.875 ===
151.37388|I|libbeamng.print:18052| === LSTM_TRACE t=140 v=20.88 ws=3.57,20.20,11.77,20.08 cmd=0.581,0.549,0.871,0.895 cap=1798,1695,1693,1700 des=1798,1695,1481,1488 app=1752,1684,1472,1486 abs=nil,nil,nil,nil ebrake=1.00 ibrake=1.00 hasABS=0 sy=10.04 split=1.000,0.875 ===
151.43237|I|libbeamng.print:18052| === LSTM_TRACE t=150 v=20.39 ws=2.62,19.56,9.15,18.92 cmd=0.615,0.565,0.867,0.896 cap=1892,1728,1686,1700 des=1892,1728,1475,1488 app=1843,1717,1466,1486 abs=nil,nil,nil,nil ebrake=1.00 ibrake=1.00 hasABS=0 sy=9.91 split=1.000,0.875 ===
151.48588|I|libbeamng.print:18052| === LSTM_TRACE t=160 v=19.89 ws=0.64,19.03,6.39,18.36 cmd=0.614,0.591,0.857,0.888 cap=1937,1817,1666,1700 des=1937,1817,1458,1488 app=1885,1807,1448,1487 abs=nil,nil,nil,nil ebrake=1.00 ibrake=1.00 hasABS=0 sy=10.01 split=1.000,0.875 ===
151.54059|I|libbeamng.print:18052| === LSTM_TRACE t=170 v=19.39 ws=0.02,18.35,4.20,17.32 cmd=0.652,0.621,0.844,0.883 cap=2014,1886,1643,1700 des=2014,1886,1437,1488 app=1957,1876,1426,1487 abs=nil,nil,nil,nil ebrake=1.00 ibrake=1.00 hasABS=0 sy=10.14 split=1.000,0.875 ===
151.59935|I|libbeamng.print:18052| === LSTM_TRACE t=180 v=18.89 ws=0.03,17.92,3.49,16.52 cmd=0.667,0.611,0.835,0.879 cap=2083,1903,1621,1700 des=2083,1903,1418,1488 app=2021,1894,1406,1487 abs=nil,nil,nil,nil ebrake=1.00 ibrake=1.00 hasABS=0 sy=9.88 split=1.000,0.875 ===
151.65691|I|libbeamng.print:18052| === LSTM_TRACE t=190 v=18.39 ws=0.03,17.06,1.87,14.97 cmd=0.781,0.682,0.814,0.883 cap=2304,2059,1598,1700 des=2304,2059,1398,1488 app=2232,2051,1384,1487 abs=nil,nil,nil,nil ebrake=1.00 ibrake=1.00 hasABS=0 sy=10.03 split=1.000,0.875 ===
151.71578|I|libbeamng.print:18052| === LSTM_TRACE t=200 v=17.90 ws=0.01,16.26,0.68,13.91 cmd=0.811,0.669,0.801,0.883 cap=2470,2120,1561,1700 des=2470,2120,1366,1488 app=2390,2113,1351,1487 abs=nil,nil,nil,nil ebrake=1.00 ibrake=1.00 hasABS=0 sy=9.59 split=1.000,0.875 ===
151.76953|I|libbeamng.print:18052| === LSTM_TRACE t=210 v=17.41 ws=0.03,15.87,0.11,13.41 cmd=0.844,0.686,0.789,0.880 cap=2598,2129,1539,1700 des=2598,2129,1347,1488 app=2511,2123,1330,1487 abs=nil,nil,nil,nil ebrake=1.00 ibrake=1.00 hasABS=0 sy=9.89 split=1.000,0.875 ===
151.83171|I|libbeamng.print:18052| === LSTM_TRACE t=220 v=16.90 ws=0.00,14.65,0.44,11.95 cmd=0.836,0.686,0.793,0.863 cap=2596,2131,1538,1682 des=2596,2131,1346,1472 app=2505,2125,1327,1472 abs=nil,nil,nil,nil ebrake=1.00 ibrake=1.00 hasABS=0 sy=10.29 split=1.000,0.875 ===
151.88559|I|libbeamng.print:18052| === LSTM_TRACE t=230 v=16.38 ws=0.00,13.65,1.21,10.43 cmd=0.832,0.681,0.799,0.852 cap=2596,2123,1554,1658 des=2596,2123,1360,1451 app=2503,2117,1339,1450 abs=nil,nil,nil,nil ebrake=1.00 ibrake=1.00 hasABS=0 sy=10.42 split=1.000,0.875 ===
151.94226|I|libbeamng.print:18052| === LSTM_TRACE t=240 v=15.89 ws=0.01,13.40,0.93,9.19 cmd=0.852,0.689,0.797,0.847 cap=2633,2124,1555,1648 des=2633,2124,1361,1442 app=2535,2119,1338,1441 abs=nil,nil,nil,nil ebrake=1.00 ibrake=1.00 hasABS=0 sy=9.68 split=1.000,0.875 ===
151.99941|I|libbeamng.print:18052| === LSTM_TRACE t=250 v=15.39 ws=0.01,12.05,1.52,7.90 cmd=0.881,0.712,0.790,0.843 cap=2727,2200,1542,1637 des=2727,2200,1350,1433 app=2623,2195,1326,1431 abs=nil,nil,nil,nil ebrake=1.00 ibrake=1.00 hasABS=0 sy=10.24 split=1.000,0.875 ===
152.05365|I|libbeamng.print:18052| === LSTM_TRACE t=260 v=14.89 ws=0.00,9.35,2.03,5.89 cmd=0.887,0.703,0.794,0.834 cap=2747,2194,1549,1617 des=2747,2194,1355,1415 app=2640,2189,1331,1413 abs=nil,nil,nil,nil ebrake=1.00 ibrake=1.00 hasABS=0 sy=9.79 split=1.000,0.875 ===
152.11542|I|libbeamng.print:18052| === LSTM_TRACE t=270 v=14.39 ws=0.01,6.21,1.99,4.80 cmd=0.897,0.707,0.769,0.825 cap=2784,2175,1510,1606 des=2784,2175,1321,1405 app=2673,2169,1297,1402 abs=nil,nil,nil,nil ebrake=1.00 ibrake=1.00 hasABS=0 sy=9.76 split=1.000,0.875 ===
152.16987|I|libbeamng.print:18052| === LSTM_TRACE t=280 v=13.88 ws=0.01,1.33,2.04,2.97 cmd=0.922,0.735,0.734,0.825 cap=2861,2243,1446,1612 des=2861,2243,1265,1411 app=2744,2236,1241,1407 abs=nil,nil,nil,nil ebrake=1.00 ibrake=1.00 hasABS=0 sy=10.05 split=1.000,0.875 ===
152.22421|I|libbeamng.print:18052| === LSTM_TRACE t=290 v=13.44 ws=0.00,0.03,2.62,0.53 cmd=0.944,0.816,0.710,0.832 cap=2945,2525,1411,1631 des=2945,2525,1234,1428 app=2822,2516,1210,1423 abs=nil,nil,nil,nil ebrake=1.00 ibrake=1.00 hasABS=0 sy=8.49 split=1.000,0.875 ===
152.28303|I|libbeamng.print:18052| === LSTM_TRACE t=300 v=12.97 ws=0.01,0.02,4.63,0.12 cmd=0.946,0.825,0.736,0.823 cap=2949,2556,1460,1631 des=2949,2556,1277,1427 app=2824,2544,1252,1421 abs=nil,nil,nil,nil ebrake=1.00 ibrake=1.00 hasABS=0 sy=9.19 split=1.000,0.875 ===
152.33594|I|libbeamng.print:18052| === LSTM_TRACE t=310 v=12.48 ws=0.01,0.04,3.62,0.02 cmd=0.940,0.804,0.731,0.816 cap=2913,2505,1411,1586 des=2913,2505,1235,1388 app=2787,2491,1211,1381 abs=nil,nil,nil,nil ebrake=1.00 ibrake=1.00 hasABS=0 sy=9.48 split=1.000,0.875 ===
152.39109|I|libbeamng.print:18052| === LSTM_TRACE t=320 v=11.97 ws=0.01,0.02,3.55,0.03 cmd=0.939,0.809,0.731,0.816 cap=2910,2482,1416,1591 des=2910,2482,1239,1392 app=2782,2466,1215,1383 abs=nil,nil,nil,nil ebrake=1.00 ibrake=1.00 hasABS=0 sy=10.28 split=1.000,0.875 ===
152.44933|I|libbeamng.print:18052| === LSTM_TRACE t=330 v=11.47 ws=0.01,0.00,2.96,0.00 cmd=0.946,0.825,0.752,0.827 cap=2931,2578,1440,1593 des=2931,2578,1260,1394 app=2801,2559,1235,1384 abs=nil,nil,nil,nil ebrake=1.00 ibrake=1.00 hasABS=0 sy=10.06 split=1.000,0.875 ===
152.50254|I|libbeamng.print:18052| === LSTM_TRACE t=340 v=10.98 ws=0.00,0.03,2.81,0.01 cmd=0.941,0.812,0.752,0.828 cap=2925,2556,1450,1603 des=2925,2556,1269,1402 app=2793,2535,1243,1391 abs=nil,nil,nil,nil ebrake=1.00 ibrake=1.00 hasABS=0 sy=10.17 split=1.000,0.875 ===
152.55754|I|libbeamng.print:18052| === LSTM_TRACE t=350 v=10.51 ws=0.03,0.02,3.14,0.02 cmd=0.938,0.802,0.749,0.825 cap=2913,2515,1445,1601 des=2913,2515,1264,1401 app=2780,2493,1238,1388 abs=nil,nil,nil,nil ebrake=1.00 ibrake=1.00 hasABS=0 sy=9.94 split=1.000,0.875 ===
152.61606|I|libbeamng.print:18052| === LSTM_TRACE t=360 v=10.02 ws=0.00,0.02,3.52,0.06 cmd=0.937,0.794,0.745,0.825 cap=2906,2486,1435,1594 des=2906,2486,1255,1395 app=2772,2461,1229,1382 abs=nil,nil,nil,nil ebrake=1.00 ibrake=1.00 hasABS=0 sy=10.15 split=1.000,0.875 ===
152.67029|I|libbeamng.print:18052| === LSTM_TRACE t=370 v=9.51 ws=0.00,0.02,3.47,0.01 cmd=0.940,0.790,0.757,0.833 cap=2917,2486,1448,1609 des=2917,2486,1267,1408 app=2781,2459,1240,1393 abs=nil,nil,nil,nil ebrake=1.00 ibrake=1.00 hasABS=0 sy=10.43 split=1.000,0.875 ===
152.73195|I|libbeamng.print:18052| === LSTM_TRACE t=380 v=9.00 ws=0.02,0.02,3.09,0.01 cmd=0.942,0.780,0.768,0.842 cap=2928,2472,1483,1630 des=2928,2472,1298,1426 app=2789,2444,1270,1410 abs=nil,nil,nil,nil ebrake=1.00 ibrake=1.00 hasABS=0 sy=10.31 split=1.000,0.875 ===
152.78642|I|libbeamng.print:18052| === LSTM_TRACE t=390 v=8.50 ws=0.03,0.01,2.59,0.03 cmd=0.939,0.762,0.765,0.841 cap=2925,2417,1495,1647 des=2925,2417,1308,1442 app=2785,2387,1281,1425 abs=nil,nil,nil,nil ebrake=1.00 ibrake=1.00 hasABS=0 sy=9.96 split=1.000,0.875 ===
152.84056|I|libbeamng.print:18052| === LSTM_TRACE t=400 v=8.00 ws=0.01,0.01,2.32,0.01 cmd=0.939,0.758,0.753,0.836 cap=2912,2355,1486,1637 des=2912,2355,1300,1433 app=2772,2324,1273,1416 abs=nil,nil,nil,nil ebrake=1.00 ibrake=1.00 hasABS=0 sy=9.77 split=1.000,0.875 ===
152.90181|I|libbeamng.print:18052| === LSTM_TRACE t=410 v=7.49 ws=0.02,0.00,2.25,0.00 cmd=0.940,0.766,0.740,0.833 cap=2908,2333,1466,1626 des=2908,2333,1283,1423 app=2766,2300,1256,1405 abs=nil,nil,nil,nil ebrake=1.00 ibrake=1.00 hasABS=0 sy=9.96 split=1.000,0.875 ===
152.95697|I|libbeamng.print:18052| === LSTM_TRACE t=420 v=6.99 ws=0.04,0.02,2.55,0.01 cmd=0.943,0.780,0.733,0.834 cap=2915,2362,1444,1623 des=2915,2362,1263,1420 app=2772,2327,1237,1401 abs=nil,nil,nil,nil ebrake=1.00 ibrake=1.00 hasABS=0 sy=9.64 split=1.000,0.875 ===
153.01663|I|libbeamng.print:18052| === LSTM_TRACE t=430 v=6.46 ws=0.01,0.03,2.99,0.03 cmd=0.948,0.801,0.737,0.835 cap=2927,2420,1427,1624 des=2927,2420,1249,1421 app=2783,2384,1222,1402 abs=nil,nil,nil,nil ebrake=1.00 ibrake=1.00 hasABS=0 sy=9.79 split=1.000,0.875 ===
153.07340|I|libbeamng.print:18052| === LSTM_TRACE t=440 v=5.92 ws=0.01,0.03,3.25,0.08 cmd=0.954,0.818,0.755,0.839 cap=2941,2487,1436,1625 des=2941,2487,1256,1422 app=2795,2448,1230,1402 abs=nil,nil,nil,nil ebrake=1.00 ibrake=1.00 hasABS=0 sy=10.19 split=1.000,0.875 ===
153.13259|I|libbeamng.print:18052| === LSTM_TRACE t=450 v=5.36 ws=0.01,0.01,3.22,0.04 cmd=0.957,0.826,0.776,0.845 cap=2957,2538,1472,1631 des=2957,2538,1288,1427 app=2809,2496,1261,1407 abs=nil,nil,nil,nil ebrake=1.00 ibrake=1.00 hasABS=0 sy=10.90 split=1.000,0.875 ===
153.18963|I|libbeamng.print:18052| === LSTM_TRACE t=460 v=4.80 ws=0.01,0.03,3.16,0.04 cmd=0.955,0.814,0.783,0.854 cap=2967,2562,1512,1643 des=2967,2562,1323,1438 app=2818,2518,1295,1417 abs=nil,nil,nil,nil ebrake=1.00 ibrake=1.00 hasABS=0 sy=11.14 split=1.000,0.875 ===
153.24930|I|libbeamng.print:18052| === LSTM_TRACE t=470 v=4.25 ws=0.05,0.01,2.93,0.04 cmd=0.948,0.789,0.777,0.854 cap=2959,2521,1519,1659 des=2959,2521,1329,1452 app=2809,2477,1301,1430 abs=nil,nil,nil,nil ebrake=1.00 ibrake=1.00 hasABS=0 sy=10.90 split=1.000,0.875 ===
153.30276|I|libbeamng.print:18052| === LSTM_TRACE t=480 v=3.71 ws=0.03,0.00,2.57,0.01 cmd=0.944,0.778,0.770,0.846 cap=2939,2453,1507,1657 des=2939,2453,1318,1450 app=2790,2409,1291,1428 abs=nil,nil,nil,nil ebrake=1.00 ibrake=1.00 hasABS=0 sy=10.79 split=1.000,0.875 ===
153.36580|I|libbeamng.print:18052| === LSTM_TRACE t=490 v=3.15 ws=0.02,0.02,2.35,0.01 cmd=0.946,0.791,0.762,0.844 cap=2933,2440,1497,1646 des=2933,2440,1309,1440 app=2783,2395,1282,1418 abs=nil,nil,nil,nil ebrake=1.00 ibrake=1.00 hasABS=0 sy=11.02 split=1.000,0.875 ===
153.42165|I|libbeamng.print:18052| === LSTM_TRACE t=500 v=2.60 ws=0.04,0.01,2.26,0.00 cmd=0.953,0.820,0.764,0.849 cap=2947,2510,1491,1650 des=2947,2510,1305,1443 app=2796,2462,1277,1421 abs=nil,nil,nil,nil ebrake=1.00 ibrake=1.00 hasABS=0 sy=10.97 split=1.000,0.875 ===
153.47384|I|libbeamng.print:18052| === LSTM_TRACE t=510 v=2.07 ws=0.03,0.02,1.65,0.09 cmd=0.964,0.857,0.785,0.864 cap=2980,2626,1517,1676 des=2980,2626,1327,1466 app=2826,2574,1299,1443 abs=nil,nil,nil,nil ebrake=1.00 ibrake=1.00 hasABS=0 sy=10.45 split=1.000,0.875 ===
153.53248|I|libbeamng.print:18052| === LSTM_TRACE t=520 v=1.54 ws=0.01,0.01,1.41,0.02 cmd=0.976,0.902,0.828,0.883 cap=3023,2783,1593,1700 des=3023,2783,1393,1488 app=2867,2727,1364,1464 abs=nil,nil,nil,nil ebrake=1.00 ibrake=1.00 hasABS=0 sy=10.54 split=1.000,0.875 ===
153.58905|I|libbeamng.print:18052| === LSTM_TRACE t=530 v=0.99 ws=0.01,0.00,0.92,0.03 cmd=0.983,0.921,0.861,0.896 cap=3044,2848,1659,1700 des=3044,2848,1452,1488 app=2886,2789,1420,1463 abs=nil,nil,nil,nil ebrake=1.00 ibrake=1.00 hasABS=0 sy=10.83 split=1.000,0.875 ===
159.33463|I|libbeamng.print:18052| === LSTM_ABS: lens 'curation_hg' loaded (17 in, 64 hidden, 2 layers) ===
159.33647|I|libbeamng.print:18052| === LSTM_ABS SELFTEST lens=curation_hg cmd=0.999216,0.997817,0.831395,0.846014 ===
181.48803|I|libbeamng.print:18052| === LSTM_TRACE t=0 v=27.70 ws=27.66,27.78,27.44,27.42 cmd=0.408,0.396,0.672,0.719 cap=155,155,97,97 des=155,155,85,85 app=142,142,78,78 abs=nil,nil,nil,nil ebrake=1.00 ibrake=1.00 hasABS=0 sy=1.70 split=1.000,0.875 ===
181.54291|I|libbeamng.print:18052| === LSTM_TRACE t=10 v=27.45 ws=27.07,27.11,26.70,26.73 cmd=0.333,0.359,0.773,0.862 cap=1042,1124,1518,1682 des=1042,1124,1328,1471 app=960,1036,1230,1363 abs=nil,nil,nil,nil ebrake=1.00 ibrake=1.00 hasABS=0 sy=5.33 split=1.000,0.875 ===
181.56718|I|libbeamng.print:18052| === LSTM_ABS DBG raw=26.7994,26.8748,26.3275,26.1021,0.0012,5.8827,0.2139,-0.0010,0.0000,0.0000,0.0013,1.0000,0.0000,0.0010,-0.0107,7666.0504,0.2500 ===
181.56721|I|libbeamng.print:18052| === LSTM_ABS DBG norm=1.34,1.35,1.24,1.23,-0.05,-1.06,-0.03,-0.01,-0.05,0.05,-0.37,0.05,-0.05,0.13,0.84,10.00,0.25 ===
181.56722|I|libbeamng.print:18052| === LSTM_ABS DBG cmd=0.3273,0.3518,0.7497,0.8446 ===
181.60119|I|libbeamng.print:18052| === LSTM_TRACE t=20 v=27.12 ws=26.61,26.76,25.93,25.44 cmd=0.331,0.358,0.708,0.832 cap=1031,1116,1392,1625 des=1031,1116,1218,1422 app=958,1037,1146,1340 abs=nil,nil,nil,nil ebrake=1.00 ibrake=1.00 hasABS=0 sy=6.43 split=1.000,0.875 ===
181.65453|I|libbeamng.print:18052| === LSTM_TRACE t=30 v=26.77 ws=26.25,26.36,25.50,24.35 cmd=0.332,0.362,0.698,0.827 cap=1029,1121,1363,1612 des=1029,1121,1192,1411 app=963,1050,1134,1346 abs=nil,nil,nil,nil ebrake=1.00 ibrake=1.00 hasABS=0 sy=7.17 split=1.000,0.875 ===
181.70846|I|libbeamng.print:18052| === LSTM_TRACE t=40 v=26.38 ws=25.90,25.96,25.07,23.67 cmd=0.335,0.362,0.712,0.825 cap=1039,1121,1389,1610 des=1039,1121,1216,1409 app=977,1056,1166,1356 abs=nil,nil,nil,nil ebrake=1.00 ibrake=1.00 hasABS=0 sy=7.92 split=1.000,0.875 ===
181.76621|I|libbeamng.print:18052| === LSTM_TRACE t=50 v=25.97 ws=25.48,25.62,24.92,22.97 cmd=0.340,0.364,0.719,0.819 cap=1054,1129,1396,1589 des=1054,1129,1222,1391 app=997,1070,1180,1348 abs=nil,nil,nil,nil ebrake=1.00 ibrake=1.00 hasABS=0 sy=8.10 split=1.000,0.875 ===
181.81773|I|libbeamng.print:18052| === LSTM_TRACE t=60 v=25.55 ws=25.16,25.22,24.42,22.37 cmd=0.345,0.365,0.699,0.790 cap=1069,1131,1368,1550 des=1069,1131,1197,1357 app=1015,1076,1161,1320 abs=nil,nil,nil,nil ebrake=1.00 ibrake=1.00 hasABS=0 sy=8.53 split=1.000,0.875 ===
181.87059|I|libbeamng.print:18052| === LSTM_TRACE t=70 v=25.13 ws=24.77,24.79,24.04,22.00 cmd=0.355,0.369,0.718,0.793 cap=1098,1147,1395,1548 des=1098,1147,1221,1354 app=1047,1096,1190,1323 abs=nil,nil,nil,nil ebrake=1.00 ibrake=1.00 hasABS=0 sy=8.78 split=1.000,0.875 ===
181.92587|I|libbeamng.print:18052| === LSTM_TRACE t=80 v=24.71 ws=24.25,24.39,23.61,21.56 cmd=0.364,0.374,0.712,0.799 cap=1133,1158,1394,1560 des=1133,1158,1220,1365 app=1085,1111,1193,1338 abs=nil,nil,nil,nil ebrake=1.00 ibrake=1.00 hasABS=0 sy=8.57 split=1.000,0.875 ===
181.98322|I|libbeamng.print:18052| === LSTM_TRACE t=90 v=24.31 ws=23.84,24.07,23.21,21.12 cmd=0.356,0.374,0.663,0.747 cap=1102,1158,1295,1468 des=1102,1158,1133,1285 app=1058,1115,1110,1262 abs=nil,nil,nil,nil ebrake=1.00 ibrake=1.00 hasABS=0 sy=7.86 split=1.000,0.875 ===
182.03844|I|libbeamng.print:18052| === LSTM_TRACE t=100 v=23.87 ws=23.41,23.55,22.73,20.73 cmd=0.361,0.380,0.697,0.801 cap=1133,1181,1367,1570 des=1133,1181,1196,1374 app=1091,1140,1175,1352 abs=nil,nil,nil,nil ebrake=1.00 ibrake=1.00 hasABS=0 sy=8.44 split=1.000,0.875 ===
182.09163|I|libbeamng.print:18052| === LSTM_TRACE t=110 v=23.44 ws=22.96,23.13,22.26,20.21 cmd=0.364,0.383,0.688,0.795 cap=1143,1191,1355,1560 des=1143,1191,1185,1365 app=1104,1152,1166,1345 abs=nil,nil,nil,nil ebrake=1.00 ibrake=1.00 hasABS=0 sy=8.37 split=1.000,0.875 ===
182.15007|I|libbeamng.print:18052| === LSTM_TRACE t=120 v=23.02 ws=22.63,22.79,22.03,19.74 cmd=0.366,0.388,0.664,0.777 cap=1133,1193,1305,1519 des=1133,1193,1142,1329 app=1095,1157,1125,1311 abs=nil,nil,nil,nil ebrake=1.00 ibrake=1.00 hasABS=0 sy=8.24 split=1.000,0.875 ===
182.20332|I|libbeamng.print:18052| === LSTM_TRACE t=130 v=22.59 ws=22.09,22.30,21.46,19.34 cmd=0.367,0.387,0.654,0.764 cap=1139,1205,1269,1482 des=1139,1205,1110,1297 app=1104,1170,1095,1281 abs=nil,nil,nil,nil ebrake=1.00 ibrake=1.00 hasABS=0 sy=8.41 split=1.000,0.875 ===
182.25888|I|libbeamng.print:18052| === LSTM_TRACE t=140 v=22.17 ws=21.74,21.97,21.13,18.98 cmd=0.368,0.389,0.658,0.770 cap=1143,1202,1283,1499 des=1143,1202,1123,1312 app=1110,1169,1108,1297 abs=nil,nil,nil,nil ebrake=1.00 ibrake=1.00 hasABS=0 sy=8.30 split=1.000,0.875 ===
182.31633|I|libbeamng.print:18052| === LSTM_TRACE t=150 v=21.74 ws=21.25,21.59,20.70,18.37 cmd=0.371,0.391,0.642,0.754 cap=1147,1205,1269,1480 des=1147,1205,1110,1295 app=1115,1174,1096,1281 abs=nil,nil,nil,nil ebrake=1.00 ibrake=1.00 hasABS=0 sy=8.47 split=1.000,0.875 ===
182.36937|I|libbeamng.print:18052| === LSTM_TRACE t=160 v=21.31 ws=20.88,21.05,20.30,18.02 cmd=0.371,0.392,0.633,0.744 cap=1147,1209,1245,1466 des=1147,1209,1090,1283 app=1116,1179,1077,1269 abs=nil,nil,nil,nil ebrake=1.00 ibrake=1.00 hasABS=0 sy=8.75 split=1.000,0.875 ===
182.42460|I|libbeamng.print:18052| === LSTM_TRACE t=170 v=20.88 ws=20.34,20.61,19.88,17.66 cmd=0.373,0.391,0.627,0.738 cap=1157,1215,1231,1464 des=1157,1215,1077,1281 app=1127,1187,1065,1268 abs=nil,nil,nil,nil ebrake=1.00 ibrake=1.00 hasABS=0 sy=8.83 split=1.000,0.875 ===
182.48319|I|libbeamng.print:18052| === LSTM_TRACE t=180 v=20.46 ws=19.95,20.27,19.71,17.55 cmd=0.376,0.391,0.629,0.738 cap=1159,1210,1219,1440 des=1159,1210,1067,1260 app=1131,1183,1055,1248 abs=nil,nil,nil,nil ebrake=1.00 ibrake=1.00 hasABS=0 sy=8.48 split=1.000,0.875 ===
182.53613|I|libbeamng.print:18052| === LSTM_TRACE t=190 v=20.04 ws=19.53,19.74,19.18,17.07 cmd=0.383,0.398,0.627,0.754 cap=1180,1225,1216,1445 des=1180,1225,1064,1264 app=1152,1198,1053,1253 abs=nil,nil,nil,nil ebrake=1.00 ibrake=1.00 hasABS=0 sy=8.45 split=1.000,0.875 ===
182.59142|I|libbeamng.print:18052| === LSTM_TRACE t=200 v=19.60 ws=18.98,19.29,18.84,16.88 cmd=0.380,0.389,0.632,0.747 cap=1190,1231,1198,1447 des=1190,1231,1048,1266 app=1163,1205,1037,1254 abs=nil,nil,nil,nil ebrake=1.00 ibrake=1.00 hasABS=0 sy=8.72 split=1.000,0.875 ===
182.65012|I|libbeamng.print:18052| === LSTM_TRACE t=210 v=19.18 ws=18.68,18.97,18.55,16.38 cmd=0.389,0.400,0.611,0.741 cap=1200,1234,1186,1430 des=1200,1234,1038,1251 app=1173,1209,1027,1240 abs=nil,nil,nil,nil ebrake=1.00 ibrake=1.00 hasABS=0 sy=8.41 split=1.000,0.875 ===
182.70323|I|libbeamng.print:18052| === LSTM_TRACE t=220 v=18.76 ws=18.31,18.47,18.04,15.99 cmd=0.390,0.396,0.621,0.746 cap=1203,1213,1223,1452 des=1203,1213,1070,1271 app=1177,1189,1059,1260 abs=nil,nil,nil,nil ebrake=1.00 ibrake=1.00 hasABS=0 sy=8.39 split=1.000,0.875 ===
182.75853|I|libbeamng.print:18052| === LSTM_TRACE t=230 v=18.33 ws=17.90,18.05,17.36,15.53 cmd=0.394,0.400,0.601,0.728 cap=1210,1215,1219,1454 des=1210,1215,1067,1272 app=1185,1192,1056,1261 abs=nil,nil,nil,nil ebrake=1.00 ibrake=1.00 hasABS=0 sy=8.47 split=1.000,0.875 ===
182.81692|I|libbeamng.print:18052| === LSTM_TRACE t=240 v=17.90 ws=17.37,17.72,17.03,15.35 cmd=0.396,0.401,0.589,0.727 cap=1221,1224,1187,1439 des=1221,1224,1038,1259 app=1196,1201,1028,1249 abs=nil,nil,nil,nil ebrake=1.00 ibrake=1.00 hasABS=0 sy=8.40 split=1.000,0.875 ===
182.86985|I|libbeamng.print:18052| === LSTM_TRACE t=250 v=17.46 ws=17.03,17.17,16.76,14.98 cmd=0.401,0.402,0.588,0.728 cap=1228,1229,1169,1429 des=1228,1229,1023,1250 app=1204,1207,1013,1240 abs=nil,nil,nil,nil ebrake=1.00 ibrake=1.00 hasABS=0 sy=8.77 split=1.000,0.875 ===
182.92483|I|libbeamng.print:18052| === LSTM_TRACE t=260 v=17.03 ws=16.68,16.71,15.70,14.02 cmd=0.410,0.406,0.556,0.700 cap=1270,1263,1083,1371 des=1270,1263,948,1199 app=1245,1240,938,1190 abs=nil,nil,nil,nil ebrake=1.00 ibrake=1.00 hasABS=0 sy=8.73 split=1.000,0.875 ===
182.98337|I|libbeamng.print:18052| === LSTM_TRACE t=270 v=16.58 ws=16.01,16.36,15.34,12.04 cmd=0.434,0.421,0.547,0.689 cap=1333,1296,1079,1355 des=1333,1296,944,1186 app=1308,1273,935,1176 abs=nil,nil,nil,nil ebrake=1.00 ibrake=1.00 hasABS=0 sy=9.08 split=1.000,0.875 ===
183.03661|I|libbeamng.print:18052| === LSTM_TRACE t=280 v=16.13 ws=15.63,15.79,15.33,10.00 cmd=0.461,0.441,0.563,0.691 cap=1422,1353,1117,1353 des=1422,1353,978,1184 app=1395,1330,967,1174 abs=nil,nil,nil,nil ebrake=1.00 ibrake=1.00 hasABS=0 sy=8.95 split=1.000,0.875 ===
183.09134|I|libbeamng.print:18052| === LSTM_TRACE t=290 v=15.68 ws=15.08,15.38,15.14,8.30 cmd=0.481,0.458,0.569,0.688 cap=1487,1406,1129,1347 des=1487,1406,988,1179 app=1461,1382,977,1167 abs=nil,nil,nil,nil ebrake=1.00 ibrake=1.00 hasABS=0 sy=8.92 split=1.000,0.875 ===
183.15049|I|libbeamng.print:18052| === LSTM_TRACE t=300 v=15.24 ws=14.73,15.04,14.68,6.95 cmd=0.496,0.472,0.567,0.679 cap=1536,1458,1102,1317 des=1536,1458,965,1152 app=1510,1434,954,1140 abs=nil,nil,nil,nil ebrake=1.00 ibrake=1.00 hasABS=0 sy=8.80 split=1.000,0.875 ===
183.20330|I|libbeamng.print:18052| === LSTM_TRACE t=310 v=14.77 ws=14.20,14.43,14.22,5.49 cmd=0.503,0.479,0.559,0.667 cap=1561,1490,1081,1295 des=1561,1490,946,1133 app=1535,1466,936,1120 abs=nil,nil,nil,nil ebrake=1.00 ibrake=1.00 hasABS=0 sy=9.26 split=1.000,0.875 ===
183.25847|I|libbeamng.print:18052| === LSTM_TRACE t=320 v=14.31 ws=13.81,14.03,13.91,4.97 cmd=0.510,0.487,0.550,0.662 cap=1583,1507,1068,1283 des=1583,1507,935,1122 app=1557,1483,924,1108 abs=nil,nil,nil,nil ebrake=1.00 ibrake=1.00 hasABS=0 sy=9.33 split=1.000,0.875 ===
183.31681|I|libbeamng.print:18052| === LSTM_TRACE t=330 v=13.86 ws=13.34,13.73,13.61,4.74 cmd=0.510,0.486,0.537,0.655 cap=1585,1513,1032,1268 des=1585,1513,903,1109 app=1559,1490,893,1094 abs=nil,nil,nil,nil ebrake=1.00 ibrake=1.00 hasABS=0 sy=9.13 split=1.000,0.875 ===
183.37065|I|libbeamng.print:18052| === LSTM_TRACE t=340 v=13.42 ws=13.01,13.15,13.01,4.61 cmd=0.505,0.481,0.519,0.650 cap=1568,1500,1005,1264 des=1568,1500,880,1106 app=1543,1477,870,1090 abs=nil,nil,nil,nil ebrake=1.00 ibrake=1.00 hasABS=0 sy=9.03 split=1.000,0.875 ===
183.42534|I|libbeamng.print:18052| === LSTM_TRACE t=350 v=12.98 ws=12.49,12.73,12.50,4.77 cmd=0.502,0.477,0.519,0.654 cap=1557,1477,1025,1278 des=1557,1477,897,1119 app=1533,1455,887,1102 abs=nil,nil,nil,nil ebrake=1.00 ibrake=1.00 hasABS=0 sy=8.80 split=1.000,0.875 ===
183.48378|I|libbeamng.print:18052| === LSTM_TRACE t=360 v=12.53 ws=12.05,12.39,11.91,4.71 cmd=0.502,0.475,0.521,0.656 cap=1552,1461,1028,1279 des=1552,1461,900,1119 app=1528,1439,889,1101 abs=nil,nil,nil,nil ebrake=1.00 ibrake=1.00 hasABS=0 sy=8.65 split=1.000,0.875 ===
183.53611|I|libbeamng.print:18052| === LSTM_TRACE t=370 v=12.07 ws=11.62,11.86,11.77,4.41 cmd=0.499,0.470,0.513,0.656 cap=1550,1466,966,1257 des=1550,1466,846,1100 app=1526,1444,835,1081 abs=nil,nil,nil,nil ebrake=1.00 ibrake=1.00 hasABS=0 sy=9.12 split=1.000,0.875 ===
183.59221|I|libbeamng.print:18052| === LSTM_TRACE t=380 v=11.63 ws=11.22,11.49,11.14,4.12 cmd=0.501,0.473,0.476,0.642 cap=1553,1460,942,1260 des=1553,1460,824,1102 app=1529,1438,814,1083 abs=nil,nil,nil,nil ebrake=1.00 ibrake=1.00 hasABS=0 sy=9.22 split=1.000,0.875 ===
183.65053|I|libbeamng.print:18052| === LSTM_TRACE t=390 v=11.20 ws=10.73,11.01,10.73,4.32 cmd=0.500,0.464,0.520,0.671 cap=1546,1440,1012,1306 des=1546,1440,885,1143 app=1523,1419,874,1122 abs=nil,nil,nil,nil ebrake=1.00 ibrake=1.00 hasABS=0 sy=8.37 split=1.000,0.875 ===
183.70375|I|libbeamng.print:18052| === LSTM_TRACE t=400 v=10.73 ws=10.49,10.61,10.77,3.88 cmd=0.503,0.469,0.491,0.663 cap=1569,1469,898,1258 des=1569,1469,786,1101 app=1545,1446,775,1080 abs=nil,nil,nil,nil ebrake=1.00 ibrake=1.00 hasABS=0 sy=9.40 split=1.000,0.875 ===
183.76082|I|libbeamng.print:18052| === LSTM_TRACE t=410 v=10.32 ws=9.97,10.13,9.95,4.16 cmd=0.508,0.470,0.465,0.657 cap=1572,1448,968,1305 des=1572,1448,847,1142 app=1548,1425,836,1120 abs=nil,nil,nil,nil ebrake=1.00 ibrake=1.00 hasABS=0 sy=8.70 split=1.000,0.875 ===
183.82009|I|libbeamng.print:18052| === LSTM_TRACE t=420 v=9.87 ws=9.49,9.66,9.73,3.55 cmd=0.501,0.462,0.519,0.689 cap=1556,1446,937,1305 des=1556,1446,820,1142 app=1531,1424,808,1119 abs=nil,nil,nil,nil ebrake=1.00 ibrake=1.00 hasABS=0 sy=8.72 split=1.000,0.875 ===
183.87408|I|libbeamng.print:18052| === LSTM_TRACE t=430 v=9.44 ws=9.14,9.28,9.05,4.10 cmd=0.507,0.465,0.468,0.669 cap=1574,1434,969,1328 des=1574,1434,848,1162 app=1550,1412,836,1138 abs=nil,nil,nil,nil ebrake=1.00 ibrake=1.00 hasABS=0 sy=8.95 split=1.000,0.875 ===
183.93323|I|libbeamng.print:18052| === LSTM_TRACE t=440 v=8.99 ws=8.61,8.82,8.73,3.02 cmd=0.507,0.469,0.501,0.692 cap=1571,1466,901,1313 des=1571,1466,789,1149 app=1546,1442,777,1124 abs=nil,nil,nil,nil ebrake=1.00 ibrake=1.00 hasABS=0 sy=9.03 split=1.000,0.875 ===
183.98395|I|libbeamng.print:18052| === LSTM_TRACE t=450 v=8.57 ws=8.34,8.19,8.44,3.73 cmd=0.507,0.457,0.520,0.704 cap=1574,1431,1015,1370 des=1574,1431,888,1198 app=1549,1408,875,1172 abs=nil,nil,nil,nil ebrake=1.00 ibrake=1.00 hasABS=0 sy=8.50 split=1.000,0.875 ===
184.03653|I|libbeamng.print:18052| === LSTM_TRACE t=460 v=8.13 ws=8.06,8.00,7.63,3.66 cmd=0.509,0.470,0.470,0.689 cap=1582,1447,926,1338 des=1582,1447,810,1171 app=1557,1423,797,1145 abs=nil,nil,nil,nil ebrake=1.00 ibrake=1.00 hasABS=0 sy=8.98 split=1.000,0.875 ===
184.09157|I|libbeamng.print:18052| === LSTM_TRACE t=470 v=7.69 ws=7.61,7.46,7.31,2.63 cmd=0.511,0.477,0.491,0.710 cap=1591,1496,904,1361 des=1591,1496,791,1191 app=1565,1471,779,1164 abs=nil,nil,nil,nil ebrake=1.00 ibrake=1.00 hasABS=0 sy=8.98 split=1.000,0.875 ===
184.15006|I|libbeamng.print:18052| === LSTM_TRACE t=480 v=7.24 ws=6.72,6.88,7.42,2.14 cmd=0.516,0.464,0.557,0.734 cap=1608,1482,995,1397 des=1608,1482,871,1222 app=1581,1457,857,1195 abs=nil,nil,nil,nil ebrake=1.00 ibrake=1.00 hasABS=0 sy=9.18 split=1.000,0.875 ===
184.20289|I|libbeamng.print:18052| === LSTM_TRACE t=490 v=6.82 ws=6.66,6.38,6.98,2.26 cmd=0.522,0.472,0.514,0.717 cap=1611,1461,1066,1426 des=1611,1461,933,1247 app=1583,1435,917,1218 abs=nil,nil,nil,nil ebrake=1.00 ibrake=1.00 hasABS=0 sy=8.78 split=1.000,0.875 ===
184.25939|I|libbeamng.print:18052| === LSTM_TRACE t=500 v=6.36 ws=6.24,6.07,6.86,2.11 cmd=0.511,0.456,0.544,0.731 cap=1600,1451,986,1396 des=1600,1451,863,1221 app=1572,1425,848,1192 abs=nil,nil,nil,nil ebrake=1.00 ibrake=1.00 hasABS=0 sy=9.25 split=1.000,0.875 ===
184.31656|I|libbeamng.print:18052| === LSTM_TRACE t=510 v=5.92 ws=5.77,6.03,6.02,1.72 cmd=0.517,0.460,0.551,0.730 cap=1556,1375,1104,1448 des=1556,1375,966,1267 app=1528,1350,949,1237 abs=nil,nil,nil,nil ebrake=1.00 ibrake=1.00 hasABS=0 sy=9.21 split=1.000,0.875 ===
184.36989|I|libbeamng.print:18052| === LSTM_TRACE t=520 v=5.47 ws=4.96,5.30,5.63,1.54 cmd=0.540,0.480,0.567,0.743 cap=1616,1428,1159,1470 des=1616,1428,1014,1287 app=1587,1401,996,1255 abs=nil,nil,nil,nil ebrake=1.00 ibrake=1.00 hasABS=0 sy=9.25 split=1.000,0.875 ===
184.42540|I|libbeamng.print:18052| === LSTM_TRACE t=530 v=5.03 ws=4.42,4.57,4.39,1.80 cmd=0.537,0.483,0.600,0.773 cap=1641,1495,1149,1503 des=1641,1495,1005,1315 app=1611,1466,987,1283 abs=nil,nil,nil,nil ebrake=1.00 ibrake=1.00 hasABS=0 sy=9.21 split=1.000,0.875 ===
184.48368|I|libbeamng.print:18052| === LSTM_TRACE t=540 v=4.60 ws=4.46,4.46,4.14,2.10 cmd=0.547,0.497,0.622,0.794 cap=1687,1556,1219,1551 des=1687,1556,1067,1357 app=1655,1525,1047,1323 abs=nil,nil,nil,nil ebrake=1.00 ibrake=1.00 hasABS=0 sy=8.28 split=1.000,0.875 ===
184.53641|I|libbeamng.print:18052| === LSTM_TRACE t=550 v=4.11 ws=4.10,4.41,4.06,0.84 cmd=0.557,0.509,0.638,0.801 cap=1694,1545,1247,1558 des=1694,1545,1092,1364 app=1660,1513,1071,1329 abs=nil,nil,nil,nil ebrake=1.00 ibrake=1.00 hasABS=0 sy=9.38 split=1.000,0.875 ===
184.59198|I|libbeamng.print:18052| === LSTM_TRACE t=560 v=3.69 ws=3.13,3.33,3.43,0.29 cmd=0.576,0.529,0.679,0.829 cap=1763,1624,1284,1590 des=1763,1624,1123,1391 app=1727,1590,1102,1355 abs=nil,nil,nil,nil ebrake=1.00 ibrake=1.00 hasABS=0 sy=8.38 split=1.000,0.875 ===
184.65054|I|libbeamng.print:18052| === LSTM_TRACE t=570 v=3.21 ws=2.81,3.09,3.17,0.07 cmd=0.578,0.531,0.737,0.854 cap=1783,1645,1441,1663 des=1783,1645,1261,1455 app=1746,1609,1236,1416 abs=nil,nil,nil,nil ebrake=1.00 ibrake=1.00 hasABS=0 sy=9.19 split=1.000,0.875 ===
184.70431|I|libbeamng.print:18052| === LSTM_TRACE t=580 v=2.75 ws=2.38,2.70,2.64,0.01 cmd=0.584,0.546,0.731,0.860 cap=1813,1681,1427,1667 des=1813,1681,1249,1459 app=1774,1644,1224,1418 abs=nil,nil,nil,nil ebrake=1.00 ibrake=1.00 hasABS=0 sy=9.28 split=1.000,0.875 ===
184.75935|I|libbeamng.print:18052| === LSTM_TRACE t=590 v=2.27 ws=2.07,2.09,1.92,0.12 cmd=0.594,0.556,0.723,0.865 cap=1858,1724,1424,1676 des=1858,1724,1246,1467 app=1817,1685,1221,1425 abs=nil,nil,nil,nil ebrake=1.00 ibrake=1.00 hasABS=0 sy=9.32 split=1.000,0.875 ===
184.81769|I|libbeamng.print:18052| === LSTM_TRACE t=600 v=1.79 ws=0.83,1.77,1.62,0.05 cmd=0.610,0.558,0.769,0.878 cap=1878,1701,1521,1700 des=1878,1701,1331,1488 app=1835,1661,1304,1445 abs=nil,nil,nil,nil ebrake=1.00 ibrake=1.00 hasABS=0 sy=9.64 split=1.000,0.875 ===
184.87423|I|libbeamng.print:18052| === LSTM_TRACE t=610 v=1.33 ws=1.02,1.09,1.16,0.62 cmd=0.582,0.538,0.797,0.893 cap=1797,1661,1554,1700 des=1797,1661,1359,1488 app=1754,1621,1331,1444 abs=nil,nil,nil,nil ebrake=1.00 ibrake=1.00 hasABS=0 sy=9.01 split=1.000,0.875 ===
184.93296|I|libbeamng.print:18052| === LSTM_TRACE t=620 v=0.83 ws=0.52,0.76,0.66,0.74 cmd=0.583,0.534,0.807,0.898 cap=1805,1657,1571,1700 des=1805,1657,1374,1488 app=1761,1616,1345,1444 abs=nil,nil,nil,nil ebrake=1.00 ibrake=1.00 hasABS=0 sy=9.52 split=1.000,0.875 ===
215.57138|I|libbeamng.print:18052| === LSTM_TRACE t=0 v=27.70 ws=27.63,27.77,27.37,27.40 cmd=0.409,0.397,0.669,0.718 cap=155,155,97,97 des=155,155,85,85 app=148,148,82,82 abs=nil,nil,nil,nil ebrake=1.00 ibrake=1.00 hasABS=0 sy=1.67 split=1.000,0.875 ===
215.62706|I|libbeamng.print:18052| === LSTM_TRACE t=10 v=27.43 ws=27.02,26.98,26.63,26.57 cmd=0.333,0.359,0.765,0.861 cap=1045,1131,1503,1688 des=1045,1131,1315,1477 app=1000,1084,1276,1429 abs=nil,nil,nil,nil ebrake=1.00 ibrake=1.00 hasABS=0 sy=5.79 split=1.000,0.875 ===
215.65244|I|libbeamng.print:18052| === LSTM_ABS DBG raw=26.7649,26.7845,26.2313,26.0937,0.1368,6.0451,-0.2187,-0.0078,0.0000,0.0000,0.0013,1.0000,0.0000,0.0008,-0.0106,7653.7262,0.2500 ===
215.65247|I|libbeamng.print:18052| === LSTM_ABS DBG norm=1.34,1.34,1.23,1.23,0.01,-1.02,-0.44,-0.04,-0.05,0.05,-0.37,0.05,-0.05,0.10,0.84,10.00,0.25 ===
215.65248|I|libbeamng.print:18052| === LSTM_ABS DBG cmd=0.3254,0.3496,0.7573,0.8462 ===
215.68590|I|libbeamng.print:18052| === LSTM_TRACE t=20 v=27.11 ws=26.49,26.64,25.85,25.23 cmd=0.333,0.360,0.714,0.833 cap=1036,1120,1414,1632 des=1036,1120,1237,1428 app=997,1078,1209,1394 abs=nil,nil,nil,nil ebrake=1.00 ibrake=1.00 hasABS=0 sy=6.47 split=1.000,0.875 ===
215.73802|I|libbeamng.print:18052| === LSTM_TRACE t=30 v=26.76 ws=26.20,26.30,25.42,24.12 cmd=0.330,0.360,0.685,0.816 cap=1030,1123,1332,1589 des=1030,1123,1166,1391 app=995,1086,1145,1365 abs=nil,nil,nil,nil ebrake=1.00 ibrake=1.00 hasABS=0 sy=7.12 split=1.000,0.875 ===
215.79284|I|libbeamng.print:18052| === LSTM_TRACE t=40 v=26.36 ws=25.89,25.88,25.15,23.30 cmd=0.336,0.362,0.708,0.808 cap=1040,1123,1383,1583 des=1040,1123,1210,1385 app=1008,1090,1193,1365 abs=nil,nil,nil,nil ebrake=1.00 ibrake=1.00 hasABS=0 sy=7.73 split=1.000,0.875 ===
215.85096|I|libbeamng.print:18052| === LSTM_TRACE t=50 v=25.94 ws=25.42,25.53,24.72,22.65 cmd=0.346,0.365,0.708,0.788 cap=1073,1136,1383,1545 des=1073,1136,1210,1352 app=1043,1106,1196,1336 abs=nil,nil,nil,nil ebrake=1.00 ibrake=1.00 hasABS=0 sy=8.30 split=1.000,0.875 ===
215.90395|I|libbeamng.print:18052| === LSTM_TRACE t=60 v=25.51 ws=25.02,25.10,24.37,22.14 cmd=0.359,0.370,0.709,0.794 cap=1118,1154,1373,1541 des=1118,1154,1201,1348 app=1090,1127,1190,1336 abs=nil,nil,nil,nil ebrake=1.00 ibrake=1.00 hasABS=0 sy=8.51 split=1.000,0.875 ===
215.95590|I|libbeamng.print:18052| === LSTM_TRACE t=70 v=25.09 ws=24.63,24.67,23.88,21.57 cmd=0.352,0.372,0.667,0.764 cap=1092,1158,1314,1509 des=1092,1158,1150,1320 app=1066,1133,1141,1310 abs=nil,nil,nil,nil ebrake=1.00 ibrake=1.00 hasABS=0 sy=8.51 split=1.000,0.875 ===
216.00936|I|libbeamng.print:18052| === LSTM_TRACE t=80 v=24.66 ws=24.13,24.31,23.39,21.21 cmd=0.370,0.378,0.695,0.771 cap=1138,1163,1367,1508 des=1138,1163,1196,1319 app=1114,1140,1189,1311 abs=nil,nil,nil,nil ebrake=1.00 ibrake=1.00 hasABS=0 sy=8.46 split=1.000,0.875 ===
216.06844|I|libbeamng.print:18052| === LSTM_TRACE t=90 v=24.23 ws=23.80,23.89,23.00,20.67 cmd=0.358,0.382,0.657,0.755 cap=1115,1188,1312,1512 des=1115,1188,1148,1323 app=1094,1166,1142,1316 abs=nil,nil,nil,nil ebrake=1.00 ibrake=1.00 hasABS=0 sy=8.27 split=1.000,0.875 ===
216.12173|I|libbeamng.print:18052| === LSTM_TRACE t=100 v=23.80 ws=23.29,23.43,22.57,20.23 cmd=0.366,0.388,0.673,0.780 cap=1144,1195,1352,1558 des=1144,1195,1183,1363 app=1124,1176,1179,1357 abs=nil,nil,nil,nil ebrake=1.00 ibrake=1.00 hasABS=0 sy=8.29 split=1.000,0.875 ===
216.17590|I|libbeamng.print:18052| === LSTM_TRACE t=110 v=23.38 ws=22.91,23.08,22.37,19.90 cmd=0.366,0.387,0.675,0.783 cap=1146,1202,1330,1540 des=1146,1202,1163,1347 app=1128,1184,1159,1342 abs=nil,nil,nil,nil ebrake=1.00 ibrake=1.00 hasABS=0 sy=8.02 split=1.000,0.875 ===
216.23420|I|libbeamng.print:18052| === LSTM_TRACE t=120 v=22.93 ws=22.39,22.63,21.79,19.37 cmd=0.366,0.390,0.649,0.757 cap=1137,1209,1283,1499 des=1137,1209,1123,1312 app=1120,1192,1120,1308 abs=nil,nil,nil,nil ebrake=1.00 ibrake=1.00 hasABS=0 sy=8.73 split=1.000,0.875 ===
216.28849|I|libbeamng.print:18052| === LSTM_TRACE t=130 v=22.50 ws=21.99,22.31,21.44,18.98 cmd=0.373,0.393,0.651,0.761 cap=1148,1212,1254,1458 des=1148,1212,1097,1276 app=1132,1196,1094,1273 abs=nil,nil,nil,nil ebrake=1.00 ibrake=1.00 hasABS=0 sy=8.66 split=1.000,0.875 ===
216.34237|I|libbeamng.print:18052| === LSTM_TRACE t=140 v=22.08 ws=21.49,21.74,21.10,18.53 cmd=0.371,0.391,0.662,0.775 cap=1164,1223,1286,1512 des=1164,1223,1125,1323 app=1149,1208,1122,1320 abs=nil,nil,nil,nil ebrake=1.00 ibrake=1.00 hasABS=0 sy=8.41 split=1.000,0.875 ===
216.40099|I|libbeamng.print:18052| === LSTM_TRACE t=150 v=21.64 ws=21.23,21.36,20.66,18.13 cmd=0.379,0.398,0.647,0.763 cap=1166,1230,1239,1452 des=1166,1230,1084,1270 app=1152,1216,1082,1268 abs=nil,nil,nil,nil ebrake=1.00 ibrake=1.00 hasABS=0 sy=8.64 split=1.000,0.875 ===
216.45453|I|libbeamng.print:18052| === LSTM_TRACE t=160 v=21.20 ws=20.74,20.88,20.30,17.92 cmd=0.377,0.394,0.642,0.749 cap=1156,1219,1218,1432 des=1156,1219,1065,1253 app=1143,1206,1064,1251 abs=nil,nil,nil,nil ebrake=1.00 ibrake=1.00 hasABS=0 sy=8.92 split=1.000,0.875 ===
216.51039|I|libbeamng.print:18052| === LSTM_TRACE t=170 v=20.77 ws=20.31,20.40,19.83,17.24 cmd=0.380,0.398,0.629,0.741 cap=1167,1220,1232,1449 des=1167,1220,1078,1268 app=1154,1208,1077,1266 abs=nil,nil,nil,nil ebrake=1.00 ibrake=1.00 hasABS=0 sy=8.93 split=1.000,0.875 ===
216.56784|I|libbeamng.print:18052| === LSTM_TRACE t=180 v=20.35 ws=19.74,20.13,19.45,16.87 cmd=0.383,0.400,0.614,0.729 cap=1181,1234,1205,1429 des=1181,1234,1055,1250 app=1169,1222,1053,1248 abs=nil,nil,nil,nil ebrake=1.00 ibrake=1.00 hasABS=0 sy=8.54 split=1.000,0.875 ===
216.62264|I|libbeamng.print:18052| === LSTM_TRACE t=190 v=19.91 ws=19.27,19.64,19.00,16.45 cmd=0.386,0.401,0.618,0.738 cap=1192,1234,1220,1447 des=1192,1234,1068,1266 app=1180,1223,1067,1265 abs=nil,nil,nil,nil ebrake=1.00 ibrake=1.00 hasABS=0 sy=8.83 split=1.000,0.875 ===
216.67585|I|libbeamng.print:18052| === LSTM_TRACE t=200 v=19.48 ws=18.92,19.17,18.61,16.20 cmd=0.388,0.398,0.627,0.747 cap=1209,1243,1215,1453 des=1209,1243,1063,1272 app=1198,1232,1062,1270 abs=nil,nil,nil,nil ebrake=1.00 ibrake=1.00 hasABS=0 sy=8.50 split=1.000,0.875 ===
216.73483|I|libbeamng.print:18052| === LSTM_TRACE t=210 v=19.05 ws=18.47,18.76,18.24,15.78 cmd=0.394,0.405,0.604,0.730 cap=1211,1240,1197,1434 des=1211,1240,1047,1255 app=1200,1230,1046,1254 abs=nil,nil,nil,nil ebrake=1.00 ibrake=1.00 hasABS=0 sy=8.64 split=1.000,0.875 ===
216.78809|I|libbeamng.print:18052| === LSTM_TRACE t=220 v=18.62 ws=18.08,18.37,17.69,15.82 cmd=0.395,0.401,0.615,0.738 cap=1229,1252,1173,1416 des=1229,1252,1026,1239 app=1218,1242,1025,1238 abs=nil,nil,nil,nil ebrake=1.00 ibrake=1.00 hasABS=0 sy=8.43 split=1.000,0.875 ===
216.84307|I|libbeamng.print:18052| === LSTM_TRACE t=230 v=18.19 ws=17.60,17.91,17.27,15.58 cmd=0.398,0.400,0.617,0.742 cap=1243,1254,1172,1420 des=1243,1254,1026,1242 app=1232,1245,1025,1241 abs=nil,nil,nil,nil ebrake=1.00 ibrake=1.00 hasABS=0 sy=8.41 split=1.000,0.875 ===
216.90115|I|libbeamng.print:18052| === LSTM_TRACE t=240 v=17.74 ws=17.36,17.38,16.94,15.05 cmd=0.401,0.404,0.595,0.727 cap=1243,1256,1150,1415 des=1243,1256,1007,1238 app=1233,1247,1006,1237 abs=nil,nil,nil,nil ebrake=1.00 ibrake=1.00 hasABS=0 sy=8.66 split=1.000,0.875 ===
216.95594|I|libbeamng.print:18052| === LSTM_TRACE t=250 v=17.31 ws=16.85,16.95,15.85,14.11 cmd=0.413,0.413,0.550,0.698 cap=1273,1268,1094,1367 des=1273,1268,957,1196 app=1263,1259,956,1195 abs=nil,nil,nil,nil ebrake=1.00 ibrake=1.00 hasABS=0 sy=8.65 split=1.000,0.875 ===
217.00922|I|libbeamng.print:18052| === LSTM_TRACE t=260 v=16.85 ws=16.47,16.44,15.51,12.32 cmd=0.435,0.420,0.574,0.704 cap=1354,1327,1065,1349 des=1354,1327,932,1180 app=1343,1318,931,1179 abs=nil,nil,nil,nil ebrake=1.00 ibrake=1.00 hasABS=0 sy=8.95 split=1.000,0.875 ===
217.07108|I|libbeamng.print:18052| === LSTM_TRACE t=270 v=16.39 ws=15.76,16.22,15.25,10.09 cmd=0.465,0.445,0.571,0.694 cap=1433,1365,1124,1357 des=1433,1365,984,1187 app=1422,1356,983,1186 abs=nil,nil,nil,nil ebrake=1.00 ibrake=1.00 hasABS=0 sy=9.30 split=1.000,0.875 ===
217.12139|I|libbeamng.print:18052| === LSTM_TRACE t=280 v=15.93 ws=15.32,15.61,15.09,8.19 cmd=0.483,0.462,0.575,0.687 cap=1498,1429,1122,1341 des=1498,1429,982,1173 app=1488,1420,981,1171 abs=nil,nil,nil,nil ebrake=1.00 ibrake=1.00 hasABS=0 sy=9.14 split=1.000,0.875 ===
217.17649|I|libbeamng.print:18052| === LSTM_TRACE t=290 v=15.48 ws=14.94,15.31,15.08,6.57 cmd=0.496,0.475,0.572,0.675 cap=1541,1469,1115,1316 des=1541,1469,975,1152 app=1531,1460,974,1150 abs=nil,nil,nil,nil ebrake=1.00 ibrake=1.00 hasABS=0 sy=9.04 split=1.000,0.875 ===
217.23553|I|libbeamng.print:18052| === LSTM_TRACE t=300 v=15.02 ws=14.41,14.73,14.19,5.57 cmd=0.503,0.483,0.567,0.666 cap=1553,1486,1118,1303 des=1553,1486,978,1140 app=1543,1477,977,1138 abs=nil,nil,nil,nil ebrake=1.00 ibrake=1.00 hasABS=0 sy=9.04 split=1.000,0.875 ===
217.28977|I|libbeamng.print:18052| === LSTM_TRACE t=310 v=14.56 ws=13.92,14.34,13.86,5.07 cmd=0.510,0.487,0.567,0.664 cap=1570,1490,1140,1310 des=1570,1490,997,1146 app=1560,1482,996,1143 abs=nil,nil,nil,nil ebrake=1.00 ibrake=1.00 hasABS=0 sy=9.04 split=1.000,0.875 ===
217.35080|I|libbeamng.print:18052| === LSTM_TRACE t=320 v=14.10 ws=13.64,13.85,13.39,4.83 cmd=0.507,0.483,0.562,0.666 cap=1567,1489,1110,1304 des=1567,1489,971,1141 app=1558,1481,970,1137 abs=nil,nil,nil,nil ebrake=1.00 ibrake=1.00 hasABS=0 sy=8.80 split=1.000,0.875 ===
217.40445|I|libbeamng.print:18052| === LSTM_TRACE t=330 v=13.64 ws=13.12,13.47,13.20,4.71 cmd=0.503,0.480,0.547,0.659 cap=1561,1493,1048,1270 des=1561,1493,917,1112 app=1552,1485,915,1107 abs=nil,nil,nil,nil ebrake=1.00 ibrake=1.00 hasABS=0 sy=9.18 split=1.000,0.875 ===
217.45934|I|libbeamng.print:18052| === LSTM_TRACE t=340 v=13.18 ws=12.67,12.91,12.85,4.32 cmd=0.504,0.480,0.521,0.647 cap=1565,1498,987,1245 des=1565,1498,863,1089 app=1556,1490,862,1084 abs=nil,nil,nil,nil ebrake=1.00 ibrake=1.00 hasABS=0 sy=9.38 split=1.000,0.875 ===
217.51766|I|libbeamng.print:18052| === LSTM_TRACE t=350 v=12.74 ws=12.37,12.57,12.04,4.38 cmd=0.504,0.480,0.497,0.639 cap=1559,1485,993,1256 des=1559,1485,869,1099 app=1550,1477,867,1094 abs=nil,nil,nil,nil ebrake=1.00 ibrake=1.00 hasABS=0 sy=8.80 split=1.000,0.875 ===
217.57106|I|libbeamng.print:18052| === LSTM_TRACE t=360 v=12.30 ws=11.79,12.02,11.88,4.47 cmd=0.499,0.469,0.536,0.666 cap=1551,1464,1020,1282 des=1551,1464,893,1122 app=1542,1457,891,1116 abs=nil,nil,nil,nil ebrake=1.00 ibrake=1.00 hasABS=0 sy=8.45 split=1.000,0.875 ===
217.62609|I|libbeamng.print:18052| === LSTM_TRACE t=370 v=11.83 ws=11.34,11.59,11.63,3.89 cmd=0.503,0.476,0.486,0.643 cap=1563,1473,941,1244 des=1563,1473,823,1088 app=1554,1466,822,1082 abs=nil,nil,nil,nil ebrake=1.00 ibrake=1.00 hasABS=0 sy=9.48 split=1.000,0.875 ===
217.68454|I|libbeamng.print:18052| === LSTM_TRACE t=380 v=11.41 ws=10.97,11.15,10.74,4.26 cmd=0.504,0.472,0.479,0.646 cap=1555,1447,1011,1292 des=1555,1447,885,1130 app=1546,1439,883,1124 abs=nil,nil,nil,nil ebrake=1.00 ibrake=1.00 hasABS=0 sy=8.26 split=1.000,0.875 ===
217.73752|I|libbeamng.print:18052| === LSTM_TRACE t=390 v=10.94 ws=10.44,10.74,10.82,3.53 cmd=0.500,0.466,0.514,0.667 cap=1554,1460,917,1257 des=1554,1460,802,1099 app=1545,1452,800,1093 abs=nil,nil,nil,nil ebrake=1.00 ibrake=1.00 hasABS=0 sy=9.06 split=1.000,0.875 ===
217.79293|I|libbeamng.print:18052| === LSTM_TRACE t=400 v=10.52 ws=10.05,10.35,10.02,4.05 cmd=0.508,0.470,0.473,0.655 cap=1575,1444,997,1308 des=1575,1444,872,1144 app=1566,1437,870,1137 abs=nil,nil,nil,nil ebrake=1.00 ibrake=1.00 hasABS=0 sy=8.52 split=1.000,0.875 ===
217.85101|I|libbeamng.print:18052| === LSTM_TRACE t=410 v=10.06 ws=9.66,9.83,9.75,3.09 cmd=0.506,0.473,0.486,0.668 cap=1566,1470,889,1273 des=1566,1470,777,1114 app=1557,1462,775,1106 abs=nil,nil,nil,nil ebrake=1.00 ibrake=1.00 hasABS=0 sy=9.18 split=1.000,0.875 ===
217.90413|I|libbeamng.print:18052| === LSTM_TRACE t=420 v=9.64 ws=9.30,9.33,9.45,3.69 cmd=0.507,0.458,0.531,0.694 cap=1577,1448,1011,1340 des=1577,1448,885,1172 app=1568,1440,882,1164 abs=nil,nil,nil,nil ebrake=1.00 ibrake=1.00 hasABS=0 sy=8.35 split=1.000,0.875 ===
217.95955|I|libbeamng.print:18052| === LSTM_TRACE t=430 v=9.19 ws=8.80,9.21,8.75,3.67 cmd=0.509,0.473,0.461,0.671 cap=1584,1455,924,1311 des=1584,1455,808,1147 app=1575,1447,806,1139 abs=nil,nil,nil,nil ebrake=1.00 ibrake=1.00 hasABS=0 sy=8.93 split=1.000,0.875 ===
218.00981|I|libbeamng.print:18052| === LSTM_TRACE t=440 v=8.76 ws=8.55,8.57,8.35,2.65 cmd=0.510,0.481,0.470,0.685 cap=1582,1492,883,1318 des=1582,1492,773,1154 app=1573,1483,770,1145 abs=nil,nil,nil,nil ebrake=1.00 ibrake=1.00 hasABS=0 sy=8.82 split=1.000,0.875 ===
218.06836|I|libbeamng.print:18052| === LSTM_TRACE t=450 v=8.31 ws=7.92,7.99,8.38,2.19 cmd=0.514,0.466,0.547,0.718 cap=1588,1466,1009,1380 des=1588,1466,883,1207 app=1578,1457,880,1198 abs=nil,nil,nil,nil ebrake=1.00 ibrake=1.00 hasABS=0 sy=9.11 split=1.000,0.875 ===
218.12104|I|libbeamng.print:18052| === LSTM_TRACE t=460 v=7.87 ws=7.46,7.46,8.10,2.04 cmd=0.518,0.472,0.516,0.705 cap=1599,1451,1050,1396 des=1599,1451,919,1221 app=1589,1442,916,1211 abs=nil,nil,nil,nil ebrake=1.00 ibrake=1.00 hasABS=0 sy=8.89 split=1.000,0.875 ===
218.17598|I|libbeamng.print:18052| === LSTM_TRACE t=470 v=7.42 ws=7.34,7.21,7.82,1.92 cmd=0.510,0.456,0.548,0.722 cap=1593,1449,988,1379 des=1593,1449,865,1207 app=1583,1440,862,1197 abs=nil,nil,nil,nil ebrake=1.00 ibrake=1.00 hasABS=0 sy=9.40 split=1.000,0.875 ===
218.22696|I|libbeamng.print:18052| === LSTM_TRACE t=480 v=6.97 ws=6.60,6.73,7.41,1.77 cmd=0.514,0.454,0.560,0.724 cap=1573,1400,1073,1414 des=1573,1400,939,1237 app=1563,1390,935,1227 abs=nil,nil,nil,nil ebrake=1.00 ibrake=1.00 hasABS=0 sy=9.68 split=1.000,0.875 ===
218.28593|I|libbeamng.print:18052| === LSTM_TRACE t=490 v=6.53 ws=6.16,6.49,6.37,1.53 cmd=0.534,0.475,0.563,0.732 cap=1601,1428,1128,1448 des=1601,1428,987,1267 app=1590,1418,983,1256 abs=nil,nil,nil,nil ebrake=1.00 ibrake=1.00 hasABS=0 sy=9.53 split=1.000,0.875 ===
