 32.30569|I|libbeamng.print:18052| === LSTM_ABS: lens 'baseline_dyn' loaded (17 in, 64 hidden, 2 layers) ===
 32.30756|I|libbeamng.print:18052| === LSTM_ABS SELFTEST lens=baseline_dyn cmd=0.848090,0.913097,0.917436,0.897752 ===
 53.65498|I|libbeamng.print:18052| === LSTM_TRACE t=0 v=27.70 ws=27.68,27.80,27.38,27.51 cmd=0.840,0.701,0.303,0.313 cap=155,155,97,97 des=155,155,85,85 app=142,142,78,78 abs=nil,nil,nil,nil ebrake=1.00 ibrake=1.00 hasABS=0 sy=1.58 split=1.000,0.875 ===
 53.65502|I|libbeamng.print:18052| === LSTM_OBS t=0 27.68377,27.80294,27.37900,27.50936,-0.03836,1.58282,0.00000,0.00232,0.00000,0.00000,0.00000,1.00000,0.00000,0.00000,0.00000,7857.99068,0.00000 ===
 53.71324|I|libbeamng.print:18052| === LSTM_TRACE t=10 v=27.48 ws=26.16,26.13,27.00,27.03 cmd=0.690,0.802,0.783,0.793 cap=1971,2362,1318,1369 des=1971,2362,1154,1198 app=1818,2019,817,845 abs=nil,nil,nil,nil ebrake=1.00 ibrake=1.00 hasABS=0 sy=1.97 split=1.000,0.875 ===
 53.71331|I|libbeamng.print:18052| === LSTM_OBS t=10 26.15571,26.12643,27.00487,27.02615,-0.02260,1.97432,0.00000,-0.00812,0.00000,0.00000,0.00142,1.00000,0.00000,0.00000,0.00000,7813.59519,0.00000 ===
 53.73288|I|libbeamng.print:18052| === LSTM_ABS DBG raw=24.8702,24.3001,26.6631,26.6775,-0.0415,2.5022,0.0000,0.0010,0.0000,0.0000,0.0035,1.0000,0.0000,0.0000,0.0000,7749.4137,0.0000 ===
 53.73292|I|libbeamng.print:18052| === LSTM_ABS DBG norm=0.52,0.49,0.58,0.58,0.02,-2.15,0.00,0.03,-0.03,-0.05,0.00,0.50,-0.01,0.00,0.00,1.76,0.00 ===
 53.73296|I|libbeamng.print:18052| === LSTM_ABS DBG cmd=0.7605,0.7817,0.8824,0.8741 ===
 53.76312|I|libbeamng.print:18052| === LSTM_TRACE t=20 v=26.98 ws=23.83,23.47,25.80,26.01 cmd=0.809,0.787,0.860,0.861 cap=2486,2423,1688,1684 des=2486,2423,1477,1474 app=2330,2271,1383,1381 abs=nil,nil,nil,nil ebrake=1.00 ibrake=1.00 hasABS=0 sy=3.60 split=1.000,0.875 ===
 53.76316|I|libbeamng.print:18052| === LSTM_OBS t=20 23.82580,23.46692,25.80176,26.00645,-0.06458,3.60197,0.00000,0.01225,0.00000,0.00000,0.00305,1.00000,0.00000,0.00000,0.00000,7574.25191,0.00000 ===
 53.81226|I|libbeamng.print:18052| === LSTM_TRACE t=30 v=26.46 ws=22.24,22.94,24.43,25.01 cmd=0.796,0.798,0.820,0.827 cap=2473,2484,1610,1623 des=2473,2484,1409,1420 app=2348,2358,1338,1350 abs=nil,nil,nil,nil ebrake=1.00 ibrake=1.00 hasABS=0 sy=5.55 split=1.000,0.875 ===
 53.81230|I|libbeamng.print:18052| === LSTM_OBS t=30 22.24342,22.93596,24.43116,25.00776,-0.02914,5.55142,0.00000,-0.00933,0.00000,0.00000,0.00254,1.00000,0.00000,0.00000,0.00000,7225.87687,0.00000 ===
 53.85929|I|libbeamng.print:18052| === LSTM_TRACE t=40 v=25.90 ws=20.97,23.11,23.45,24.29 cmd=0.789,0.803,0.797,0.807 cap=2451,2487,1548,1568 des=2451,2487,1355,1372 app=2347,2382,1298,1316 abs=nil,nil,nil,nil ebrake=1.00 ibrake=1.00 hasABS=0 sy=7.00 split=1.000,0.875 ===
 53.85933|I|libbeamng.print:18052| === LSTM_OBS t=40 20.96703,23.10649,23.45124,24.29423,-0.03177,6.99587,0.00000,-0.01814,0.00000,0.00000,0.00283,1.00000,0.00000,0.00000,0.00000,6951.48533,0.00000 ===
 53.90842|I|libbeamng.print:18052| === LSTM_TRACE t=50 v=25.29 ws=19.98,23.21,22.47,23.55 cmd=0.782,0.828,0.800,0.802 cap=2371,2496,1549,1557 des=2371,2496,1355,1362 app=2286,2411,1308,1316 abs=nil,nil,nil,nil ebrake=1.00 ibrake=1.00 hasABS=0 sy=8.39 split=1.000,0.875 ===
 53.90851|I|libbeamng.print:18052| === LSTM_OBS t=50 19.97763,23.21171,22.46725,23.55322,-0.00644,8.38930,0.00000,-0.02374,0.00000,0.00000,0.00305,1.00000,0.00000,0.00000,0.00000,6707.68755,0.00000 ===
 53.95814|I|libbeamng.print:18052| === LSTM_TRACE t=60 v=24.69 ws=19.21,22.80,21.73,22.87 cmd=0.790,0.829,0.800,0.794 cap=2278,2416,1574,1562 des=2278,2416,1377,1366 app=2209,2349,1336,1327 abs=nil,nil,nil,nil ebrake=1.00 ibrake=1.00 hasABS=0 sy=9.45 split=1.000,0.875 ===
 53.95818|I|libbeamng.print:18052| === LSTM_OBS t=60 19.21467,22.80438,21.73212,22.86982,0.04450,9.45088,0.00000,-0.02862,0.00000,0.00000,0.00270,1.00000,0.00000,0.00000,0.00000,6485.00453,0.00000 ===
 54.00804|I|libbeamng.print:18052| === LSTM_TRACE t=70 v=24.08 ws=18.39,21.93,21.09,21.91 cmd=0.729,0.792,0.836,0.826 cap=2303,2433,1617,1595 des=2303,2433,1415,1395 app=2242,2377,1379,1361 abs=nil,nil,nil,nil ebrake=1.00 ibrake=1.00 hasABS=0 sy=10.20 split=1.000,0.875 ===
 54.00808|I|libbeamng.print:18052| === LSTM_OBS t=70 18.38783,21.93398,21.08999,21.91227,0.09139,10.20354,0.00000,-0.03962,0.00000,0.00000,0.00326,1.00000,0.00000,0.00000,0.00000,6262.27670,0.00000 ===
 54.05853|I|libbeamng.print:18052| === LSTM_TRACE t=80 v=23.49 ws=17.62,20.96,20.46,20.94 cmd=0.713,0.763,0.844,0.830 cap=2421,2544,1625,1598 des=2421,2544,1422,1398 app=2365,2495,1391,1369 abs=nil,nil,nil,nil ebrake=1.00 ibrake=1.00 hasABS=0 sy=10.73 split=1.000,0.875 ===
 54.05861|I|libbeamng.print:18052| === LSTM_OBS t=80 17.62121,20.95806,20.46052,20.94403,0.15724,10.72541,0.00000,-0.04578,0.00000,0.00000,0.00378,1.00000,0.00000,0.00000,0.00000,6028.30683,0.00000 ===
 54.10757|I|libbeamng.print:18052| === LSTM_TRACE t=90 v=22.90 ws=16.66,19.46,19.76,19.83 cmd=0.701,0.747,0.849,0.839 cap=1878,1952,1700,1700 des=1878,1952,1488,1488 app=2044,2118,1458,1460 abs=nil,nil,nil,nil ebrake=1.00 ibrake=1.00 hasABS=0 sy=11.06 split=1.000,0.875 ===
 54.10761|I|libbeamng.print:18052| === LSTM_OBS t=90 16.66043,19.45590,19.75731,19.83294,0.22674,11.05530,0.00000,-0.03664,0.00000,0.00000,0.00301,1.00000,0.00000,0.00000,0.00000,5786.37687,0.00000 ===
 54.15831|I|libbeamng.print:18052| === LSTM_TRACE t=100 v=22.32 ws=15.90,18.64,19.05,18.67 cmd=0.674,0.740,0.859,0.846 cap=1991,2146,1700,1700 des=1991,2146,1488,1488 app=1972,2115,1462,1463 abs=nil,nil,nil,nil ebrake=1.00 ibrake=1.00 hasABS=0 sy=11.23 split=1.000,0.875 ===
 54.15841|I|libbeamng.print:18052| === LSTM_OBS t=100 15.90293,18.64372,19.04695,18.66580,0.27684,11.23074,0.00000,-0.02915,0.00000,0.00000,0.00293,1.00000,0.00000,0.00000,0.00000,5539.14602,0.00000 ===
 54.20731|I|libbeamng.print:18052| === LSTM_TRACE t=110 v=21.74 ws=15.86,18.38,18.63,17.73 cmd=0.874,0.872,0.860,0.845 cap=2239,2368,1542,1509 des=2239,2368,1349,1321 app=2163,2192,1328,1300 abs=nil,nil,nil,nil ebrake=1.00 ibrake=1.00 hasABS=0 sy=11.32 split=1.000,0.875 ===
 54.20734|I|libbeamng.print:18052| === LSTM_OBS t=110 15.86294,18.38291,18.62772,17.72988,0.33024,11.32298,0.00000,-0.01403,0.00000,0.00000,0.00401,1.00000,0.00000,0.00000,0.00000,5290.77075,0.00000 ===
 54.25791|I|libbeamng.print:18052| === LSTM_TRACE t=120 v=21.17 ws=14.42,17.50,18.07,16.63 cmd=0.575,0.609,0.887,0.875 cap=2353,2401,1581,1546 des=2353,2401,1383,1353 app=2315,2373,1363,1333 abs=nil,nil,nil,nil ebrake=1.00 ibrake=1.00 hasABS=0 sy=11.38 split=1.000,0.875 ===
 54.25795|I|libbeamng.print:18052| === LSTM_OBS t=120 14.41643,17.49623,18.06548,16.62575,0.39000,11.37840,0.00000,-0.02507,0.00000,0.00000,0.00388,1.00000,0.00000,0.00000,0.00000,5048.38079,0.00000 ===
 54.30739|I|libbeamng.print:18052| === LSTM_TRACE t=130 v=20.59 ws=13.69,17.11,17.17,15.65 cmd=0.786,0.790,0.815,0.797 cap=1917,2014,1683,1655 des=1917,2014,1473,1448 app=1887,1993,1453,1428 abs=nil,nil,nil,nil ebrake=1.00 ibrake=1.00 hasABS=0 sy=11.46 split=1.000,0.875 ===
 54.30744|I|libbeamng.print:18052| === LSTM_OBS t=130 13.69017,17.10751,17.17328,15.64733,0.40809,11.45831,0.00000,-0.01673,0.00000,0.00000,0.00239,1.00000,0.00000,0.00000,0.00000,4810.14205,0.00000 ===
 54.35773|I|libbeamng.print:18052| === LSTM_TRACE t=140 v=20.01 ws=12.19,16.66,16.68,14.21 cmd=0.764,0.781,0.731,0.701 cap=1551,1742,1596,1558 des=1551,1742,1396,1363 app=1797,1812,1379,1345 abs=nil,nil,nil,nil ebrake=1.00 ibrake=1.00 hasABS=0 sy=11.49 split=1.000,0.875 ===
 54.35776|I|libbeamng.print:18052| === LSTM_OBS t=140 12.18795,16.66139,16.68328,14.21231,0.45903,11.48914,0.00000,-0.02017,0.00000,0.00000,0.00198,1.00000,0.00000,0.00000,0.00000,4574.15215,0.00000 ===
 54.40775|I|libbeamng.print:18052| === LSTM_TRACE t=150 v=19.45 ws=10.07,16.18,15.31,12.30 cmd=0.449,0.507,0.678,0.633 cap=1473,1389,1633,1563 des=1473,1389,1429,1368 app=2206,2169,1412,1350 abs=nil,nil,nil,nil ebrake=1.00 ibrake=1.00 hasABS=0 sy=11.48 split=1.000,0.875 ===
 54.40779|I|libbeamng.print:18052| === LSTM_OBS t=150 10.07197,16.17579,15.30987,12.30052,0.48652,11.47829,0.00000,-0.02712,0.00000,0.00000,0.00221,1.00000,0.00000,0.00000,0.00000,4377.28334,0.00000 ===
 54.45791|I|libbeamng.print:18052| === LSTM_TRACE t=160 v=18.88 ws=8.73,16.64,14.65,10.88 cmd=0.536,0.611,0.778,0.711 cap=2368,2580,1262,1114 des=2368,2580,1105,975 app=2281,2520,1091,961 abs=nil,nil,nil,nil ebrake=1.00 ibrake=1.00 hasABS=0 sy=11.44 split=1.000,0.875 ===
 54.45795|I|libbeamng.print:18052| === LSTM_OBS t=160 8.73412,16.64028,14.64888,10.87576,0.49409,11.44165,0.00000,-0.03168,0.00000,0.00000,0.00192,1.00000,0.00000,0.00000,0.00000,4234.90177,0.00000 ===
 54.50765|I|libbeamng.print:18052| === LSTM_TRACE t=170 v=18.33 ws=8.01,16.37,13.80,9.75 cmd=0.612,0.660,0.660,0.568 cap=1935,2138,1033,861 des=1935,2138,904,753 app=1907,2122,893,742 abs=nil,nil,nil,nil ebrake=1.00 ibrake=1.00 hasABS=0 sy=11.39 split=1.000,0.875 ===
 54.50769|I|libbeamng.print:18052| === LSTM_OBS t=170 8.01334,16.37499,13.79877,9.75373,0.52107,11.38964,0.00000,-0.04347,0.00000,0.00000,0.00318,1.00000,0.00000,0.00000,0.00000,4143.11474,0.00000 ===
 54.55846|I|libbeamng.print:18052| === LSTM_TRACE t=180 v=17.77 ws=7.73,16.22,13.02,8.29 cmd=0.884,0.890,0.512,0.425 cap=2577,2652,581,457 des=2577,2652,508,400 app=1846,2186,716,562 abs=nil,nil,nil,nil ebrake=1.00 ibrake=1.00 hasABS=0 sy=11.32 split=1.000,0.875 ===
 54.55851|I|libbeamng.print:18052| === LSTM_OBS t=180 7.73284,16.22137,13.01614,8.29009,0.52135,11.32494,0.00000,-0.03609,0.00000,0.00000,0.00326,1.00000,0.00000,0.00000,0.00000,4090.35122,0.00000 ===
 54.60773|I|libbeamng.print:18052| === LSTM_TRACE t=190 v=17.22 ws=7.17,15.64,12.76,7.33 cmd=0.630,0.608,0.429,0.338 cap=2321,2326,909,721 des=2321,2326,796,631 app=2285,2311,785,620 abs=nil,nil,nil,nil ebrake=1.00 ibrake=1.00 hasABS=0 sy=11.27 split=1.000,0.875 ===
 54.60778|I|libbeamng.print:18052| === LSTM_OBS t=190 7.17400,15.64343,12.75828,7.32937,0.51830,11.27485,0.00000,-0.05963,0.00000,0.00000,0.00301,1.00000,0.00000,0.00000,0.00000,4061.24658,0.00000 ===
 54.65816|I|libbeamng.print:18052| === LSTM_TRACE t=200 v=16.67 ws=6.57,15.48,12.23,6.24 cmd=0.700,0.711,0.329,0.246 cap=1448,1678,937,739 des=1448,1678,820,646 app=1617,1668,808,634 abs=nil,nil,nil,nil ebrake=1.00 ibrake=1.00 hasABS=0 sy=11.15 split=1.000,0.875 ===
 54.65821|I|libbeamng.print:18052| === LSTM_OBS t=200 6.57147,15.47503,12.22622,6.24381,0.55576,11.15477,0.00000,-0.05483,0.00000,0.00000,0.00216,1.00000,0.00000,0.00000,0.00000,4038.29521,0.00000 ===
 54.70774|I|libbeamng.print:18052| === LSTM_TRACE t=210 v=16.14 ws=6.46,15.11,12.58,5.79 cmd=0.635,0.714,0.483,0.360 cap=1828,2284,1111,874 des=1828,2284,972,765 app=1799,2223,957,748 abs=nil,nil,nil,nil ebrake=1.00 ibrake=1.00 hasABS=0 sy=11.03 split=1.000,0.875 ===
 54.70779|I|libbeamng.print:18052| === LSTM_OBS t=210 6.46469,15.10639,12.57959,5.79095,0.58558,11.02987,0.00000,-0.04472,0.00000,0.00000,0.00270,1.00000,0.00000,0.00000,0.00000,3991.99606,0.00000 ===
 54.75823|I|libbeamng.print:18052| === LSTM_TRACE t=220 v=15.59 ws=4.48,12.19,12.19,5.73 cmd=0.780,0.864,0.820,0.657 cap=2146,2491,1610,1307 des=2146,2491,1408,1144 app=2110,2477,1387,1118 abs=nil,nil,nil,nil ebrake=1.00 ibrake=1.00 hasABS=0 sy=10.97 split=1.000,0.875 ===
 54.75826|I|libbeamng.print:18052| === LSTM_OBS t=220 4.48096,12.18772,12.19123,5.73341,0.60415,10.97291,0.00000,-0.05022,0.00000,0.00000,0.00278,1.00000,0.00000,0.00000,0.00000,3904.31902,0.00000 ===
 54.80884|I|libbeamng.print:18052| === LSTM_TRACE t=230 v=15.10 ws=3.03,9.91,11.38,5.41 cmd=0.617,0.677,0.910,0.845 cap=1896,2073,1700,1651 des=1896,2073,1488,1444 app=1862,2061,1465,1411 abs=nil,nil,nil,nil ebrake=1.00 ibrake=1.00 hasABS=0 sy=10.85 split=1.000,0.875 ===
 54.80888|I|libbeamng.print:18052| === LSTM_OBS t=230 3.03270,9.91033,11.38117,5.40942,0.52030,10.84671,0.00000,-0.05118,0.00000,0.00000,0.00289,1.00000,0.00000,0.00000,0.00000,3709.16844,0.00000 ===
 54.86129|I|libbeamng.print:18052| === LSTM_TRACE t=240 v=14.60 ws=3.08,8.63,10.34,5.13 cmd=0.691,0.778,0.915,0.874 cap=1556,1907,1700,1700 des=1556,1907,1488,1488 app=1527,1895,1466,1452 abs=nil,nil,nil,nil ebrake=1.00 ibrake=1.00 hasABS=0 sy=10.54 split=1.000,0.875 ===
 54.86133|I|libbeamng.print:18052| === LSTM_OBS t=240 3.07539,8.62997,10.33850,5.13070,0.47793,10.54060,0.00000,-0.05403,0.00000,0.00000,0.00655,1.00000,0.00000,0.00000,0.00000,3451.46972,0.00000 ===
 54.90889|I|libbeamng.print:18052| === LSTM_TRACE t=250 v=14.11 ws=2.88,7.55,9.70,4.92 cmd=0.594,0.648,0.934,0.905 cap=1965,2325,1700,1700 des=1965,2325,1488,1488 app=1716,2062,1466,1451 abs=nil,nil,nil,nil ebrake=1.00 ibrake=1.00 hasABS=0 sy=10.32 split=1.000,0.875 ===
 54.90893|I|libbeamng.print:18052| === LSTM_OBS t=250 2.87749,7.55198,9.70255,4.91652,0.52565,10.32417,0.00000,-0.05009,0.00000,0.00000,0.00372,1.00000,0.00000,0.00000,0.00000,3202.10172,0.00000 ===
 54.95922|I|libbeamng.print:18052| === LSTM_TRACE t=260 v=13.58 ws=2.72,6.90,9.23,4.58 cmd=0.501,0.492,0.946,0.910 cap=2122,2284,1700,1700 des=2122,2284,1488,1488 app=2077,2268,1466,1450 abs=nil,nil,nil,nil ebrake=1.00 ibrake=1.00 hasABS=0 sy=10.30 split=1.000,0.875 ===
 54.95926|I|libbeamng.print:18052| === LSTM_OBS t=260 2.71678,6.89595,9.22775,4.57510,0.53224,10.30473,0.00000,-0.05045,0.00000,0.00000,0.00388,1.00000,0.00000,0.00000,0.00000,2976.64937,0.00000 ===
 55.00869|I|libbeamng.print:18052| === LSTM_TRACE t=270 v=13.03 ws=2.36,6.06,8.44,3.34 cmd=0.540,0.695,0.950,0.918 cap=2095,2356,1700,1700 des=2095,2356,1488,1488 app=2049,2338,1465,1449 abs=nil,nil,nil,nil ebrake=1.00 ibrake=1.00 hasABS=0 sy=10.41 split=1.000,0.875 ===
 55.00872|I|libbeamng.print:18052| === LSTM_OBS t=270 2.35726,6.06250,8.43986,3.34408,0.53848,10.40998,0.00000,-0.04806,0.00000,0.00000,0.00459,1.00000,0.00000,0.00000,0.00000,2768.51971,0.00000 ===
 55.05918|I|libbeamng.print:18052| === LSTM_TRACE t=280 v=12.52 ws=2.72,4.81,8.75,3.53 cmd=0.685,0.593,0.930,0.905 cap=1861,1946,1700,1700 des=1861,1946,1488,1488 app=1819,1930,1465,1448 abs=nil,nil,nil,nil ebrake=1.00 ibrake=1.00 hasABS=0 sy=10.50 split=1.000,0.875 ===
 55.05922|I|libbeamng.print:18052| === LSTM_OBS t=280 2.71822,4.80949,8.74797,3.52827,0.45294,10.50301,0.00000,-0.04919,0.00000,0.00000,0.00811,1.00000,0.00000,0.00000,0.00000,2551.88714,0.00000 ===
 55.10859|I|libbeamng.print:18052| === LSTM_TRACE t=290 v=11.97 ws=2.82,4.15,7.73,2.81 cmd=0.752,0.647,0.920,0.909 cap=2243,2012,1700,1700 des=2243,2012,1488,1488 app=1918,1896,1465,1446 abs=nil,nil,nil,nil ebrake=1.00 ibrake=1.00 hasABS=0 sy=10.56 split=1.000,0.875 ===
 55.10869|I|libbeamng.print:18052| === LSTM_OBS t=290 2.82274,4.15395,7.73453,2.81323,0.51433,10.55568,0.00000,-0.02698,0.00000,0.00000,0.00091,1.00000,0.00000,0.00000,0.00000,2334.87626,0.00000 ===
 55.15892|I|libbeamng.print:18052| === LSTM_TRACE t=300 v=11.45 ws=2.55,4.51,7.85,1.41 cmd=0.634,0.788,0.913,0.897 cap=2382,2600,1699,1669 des=2382,2600,1487,1460 app=2323,1952,1464,1418 abs=nil,nil,nil,nil ebrake=1.00 ibrake=1.00 hasABS=0 sy=10.54 split=1.000,0.875 ===
 55.15897|I|libbeamng.print:18052| === LSTM_OBS t=300 2.55025,4.51122,7.85171,1.40630,0.50723,10.53751,0.00000,-0.02410,0.00000,0.00000,0.00305,1.00000,0.00000,0.00000,0.00000,2115.64540,0.00000 ===
 55.20866|I|libbeamng.print:18052| === LSTM_TRACE t=310 v=10.92 ws=3.19,2.41,7.67,1.03 cmd=0.545,0.489,0.858,0.830 cap=2013,1916,1629,1568 des=2013,1916,1425,1372 app=1961,1895,1403,1331 abs=nil,nil,nil,nil ebrake=1.00 ibrake=1.00 hasABS=0 sy=10.55 split=1.000,0.875 ===
 55.20870|I|libbeamng.print:18052| === LSTM_OBS t=310 3.19283,2.40951,7.67077,1.03221,0.53098,10.54775,0.00000,-0.01726,0.00000,0.00000,0.00774,1.00000,0.00000,0.00000,0.00000,1910.00363,0.00000 ===
 55.25885|I|libbeamng.print:18052| === LSTM_TRACE t=320 v=10.39 ws=3.38,1.73,7.62,0.05 cmd=0.715,0.631,0.811,0.785 cap=1785,1671,1565,1515 des=1785,1671,1370,1326 app=1739,1651,1348,1284 abs=nil,nil,nil,nil ebrake=1.00 ibrake=1.00 hasABS=0 sy=10.58 split=1.000,0.875 ===
 55.25889|I|libbeamng.print:18052| === LSTM_OBS t=320 3.37558,1.72541,7.62101,0.05210,0.46767,10.58187,0.00000,-0.00499,0.00000,0.00000,0.00124,1.00000,0.00000,0.00000,0.00000,1711.16067,0.00000 ===
 55.30494|I|libbeamng.print:18052| === LSTM_TRACE t=330 v=9.85 ws=3.66,0.17,6.60,0.09 cmd=0.451,0.466,0.785,0.763 cap=1812,1645,1568,1518 des=1812,1645,1372,1328 app=2013,1893,1350,1284 abs=nil,nil,nil,nil ebrake=1.00 ibrake=1.00 hasABS=0 sy=10.60 split=1.000,0.875 ===
 55.30499|I|libbeamng.print:18052| === LSTM_OBS t=330 3.66445,0.17268,6.59709,0.09371,0.42230,10.59795,0.00000,0.01321,0.00000,0.00000,0.00375,1.00000,0.00000,0.00000,0.00000,1560.17535,0.00000 ===
 55.35527|I|libbeamng.print:18052| === LSTM_TRACE t=340 v=9.30 ws=3.65,0.16,6.12,0.08 cmd=0.734,0.716,0.794,0.776 cap=2089,2172,1632,1597 des=2089,2172,1428,1397 app=2032,2141,1404,1349 abs=nil,nil,nil,nil ebrake=1.00 ibrake=1.00 hasABS=0 sy=10.70 split=1.000,0.875 ===
 55.35531|I|libbeamng.print:18052| === LSTM_OBS t=340 3.64989,0.16040,6.11706,0.08269,0.42145,10.69946,0.00000,0.02693,0.00000,0.00000,0.00503,1.00000,0.00000,0.00000,0.00000,1406.87604,0.00000 ===
 55.40513|I|libbeamng.print:18052| === LSTM_TRACE t=350 v=8.76 ws=2.93,0.01,5.06,0.08 cmd=0.785,0.797,0.842,0.832 cap=2586,2676,1628,1609 des=2586,2676,1425,1408 app=2515,2634,1400,1357 abs=nil,nil,nil,nil ebrake=1.00 ibrake=1.00 hasABS=0 sy=10.71 split=1.000,0.875 ===
 55.40517|I|libbeamng.print:18052| === LSTM_OBS t=350 2.92674,0.00811,5.05969,0.07540,0.38393,10.71489,0.00000,0.04106,0.00000,0.00000,0.00216,1.00000,0.00000,0.00000,0.00000,1238.61149,0.00000 ===
 55.45541|I|libbeamng.print:18052| === LSTM_TRACE t=360 v=8.23 ws=0.09,0.02,3.82,0.00 cmd=0.978,0.989,0.894,0.887 cap=3023,3060,1700,1700 des=3023,3060,1488,1488 app=2937,3009,1461,1432 abs=nil,nil,nil,nil ebrake=1.00 ibrake=1.00 hasABS=0 sy=10.73 split=1.000,0.875 ===
 55.45550|I|libbeamng.print:18052| === LSTM_OBS t=360 0.08658,0.02497,3.82045,0.00294,0.31127,10.73058,0.00000,0.05197,0.00000,0.00000,0.00459,1.00000,0.00000,0.00000,0.00000,1067.35591,0.00000 ===
 55.50526|I|libbeamng.print:18052| === LSTM_TRACE t=370 v=7.72 ws=0.01,0.01,1.70,0.03 cmd=0.993,0.997,0.857,0.862 cap=3079,3090,1671,1679 des=3079,3090,1462,1469 app=2988,3034,1435,1413 abs=nil,nil,nil,nil ebrake=1.00 ibrake=1.00 hasABS=0 sy=10.64 split=1.000,0.875 ===
 55.50530|I|libbeamng.print:18052| === LSTM_OBS t=370 0.01142,0.01250,1.69670,0.03267,0.28711,10.63987,0.00000,0.05397,0.00000,0.00000,0.00483,1.00000,0.00000,0.00000,0.00000,880.44392,0.00000 ===
 55.55909|I|libbeamng.print:18052| === LSTM_TRACE t=380 v=7.21 ws=0.02,0.02,1.05,0.03 cmd=0.988,0.995,0.864,0.867 cap=3065,3084,1674,1681 des=3065,3084,1465,1471 app=2970,3024,1435,1413 abs=nil,nil,nil,nil ebrake=1.00 ibrake=1.00 hasABS=0 sy=10.46 split=1.000,0.875 ===
 55.55913|I|libbeamng.print:18052| === LSTM_OBS t=380 0.02018,0.02156,1.05030,0.03128,0.34080,10.46384,0.00000,0.05218,0.00000,0.00000,0.00372,1.00000,0.00000,0.00000,0.00000,742.24245,0.00000 ===
 55.60862|I|libbeamng.print:18052| === LSTM_TRACE t=390 v=6.69 ws=0.02,0.01,0.76,0.03 cmd=0.989,0.995,0.869,0.873 cap=3063,3085,1689,1697 des=3063,3085,1478,1485 app=2964,3021,1446,1425 abs=nil,nil,nil,nil ebrake=1.00 ibrake=1.00 hasABS=0 sy=10.45 split=1.000,0.875 ===
 55.60866|I|libbeamng.print:18052| === LSTM_OBS t=390 0.02139,0.01297,0.76009,0.03324,0.27883,10.44538,0.00000,0.04832,0.00000,0.00000,0.00467,1.00000,0.00000,0.00000,0.00000,730.18196,0.00000 ===
 55.65895|I|libbeamng.print:18052| === LSTM_TRACE t=400 v=6.16 ws=0.01,0.01,0.15,0.02 cmd=0.992,0.997,0.865,0.872 cap=3074,3090,1681,1693 des=3074,3090,1471,1482 app=2971,3022,1437,1420 abs=nil,nil,nil,nil ebrake=1.00 ibrake=1.00 hasABS=0 sy=10.48 split=1.000,0.875 ===
 55.65899|I|libbeamng.print:18052| === LSTM_OBS t=400 0.00743,0.00935,0.15097,0.01727,0.23094,10.48363,0.00000,0.04608,0.00000,0.00000,0.00478,1.00000,0.00000,0.00000,0.00000,728.30352,0.00000 ===
 55.70518|I|libbeamng.print:18052| === LSTM_TRACE t=410 v=5.62 ws=0.00,0.00,0.06,0.14 cmd=0.992,0.997,0.871,0.877 cap=3075,3091,1690,1700 des=3075,3091,1479,1488 app=2969,3020,1443,1425 abs=nil,nil,nil,nil ebrake=1.00 ibrake=1.00 hasABS=0 sy=10.52 split=1.000,0.875 ===
 55.70522|I|libbeamng.print:18052| === LSTM_OBS t=410 0.00201,0.00170,0.05897,0.14438,0.20577,10.51666,0.00000,0.04233,0.00000,0.00000,0.00476,1.00000,0.00000,0.00000,0.00000,729.27851,0.00000 ===
 55.75889|I|libbeamng.print:18052| === LSTM_TRACE t=420 v=5.09 ws=0.00,0.00,0.04,0.18 cmd=0.992,0.997,0.872,0.878 cap=3076,3091,1694,1700 des=3076,3091,1482,1488 app=2966,3016,1443,1424 abs=nil,nil,nil,nil ebrake=1.00 ibrake=1.00 hasABS=0 sy=10.58 split=1.000,0.875 ===
 55.75893|I|libbeamng.print:18052| === LSTM_OBS t=420 0.00027,0.00009,0.03827,0.18465,0.15338,10.57638,0.00000,0.04031,0.00000,0.00000,0.00448,1.00000,0.00000,0.00000,0.00000,729.64323,0.00000 ===
 55.80866|I|libbeamng.print:18052| === LSTM_TRACE t=430 v=4.55 ws=0.00,0.00,0.03,0.17 cmd=0.992,0.997,0.872,0.878 cap=3076,3092,1694,1700 des=3076,3092,1482,1488 app=2963,3013,1442,1423 abs=nil,nil,nil,nil ebrake=1.00 ibrake=1.00 hasABS=0 sy=10.63 split=1.000,0.875 ===
 55.80870|I|libbeamng.print:18052| === LSTM_OBS t=430 0.00164,0.00218,0.02738,0.17262,0.12198,10.63162,0.00000,0.04138,0.00000,0.00000,0.00438,1.00000,0.00000,0.00000,0.00000,729.11682,0.00000 ===
 55.85890|I|libbeamng.print:18052| === LSTM_TRACE t=440 v=3.99 ws=0.01,0.00,0.03,1.00 cmd=0.991,0.997,0.877,0.883 cap=3072,3090,1700,1700 des=3072,3090,1488,1488 app=2957,3009,1445,1422 abs=nil,nil,nil,nil ebrake=1.00 ibrake=1.00 hasABS=0 sy=10.71 split=1.000,0.875 ===
 55.85894|I|libbeamng.print:18052| === LSTM_OBS t=440 0.00718,0.00087,0.03043,1.00344,0.11167,10.71445,0.00000,0.03423,0.00000,0.00000,0.00448,1.00000,0.00000,0.00000,0.00000,728.30316,0.00000 ===
 55.90881|I|libbeamng.print:18052| === LSTM_TRACE t=450 v=3.43 ws=0.00,0.00,0.01,1.46 cmd=0.991,0.996,0.871,0.876 cap=3071,3089,1694,1700 des=3071,3089,1482,1488 app=2953,3004,1438,1423 abs=nil,nil,nil,nil ebrake=1.00 ibrake=1.00 hasABS=0 sy=10.88 split=1.000,0.875 ===
 55.90888|I|libbeamng.print:18052| === LSTM_OBS t=450 0.00157,0.00137,0.00892,1.45581,0.10386,10.87838,0.00000,0.02576,0.00000,0.00000,0.00492,1.00000,0.00000,0.00000,0.00000,729.34858,0.00000 ===
 55.95547|I|libbeamng.print:18052| === LSTM_TRACE t=460 v=2.87 ws=0.00,0.00,0.02,0.53 cmd=0.991,0.997,0.869,0.876 cap=3074,3090,1686,1699 des=3074,3090,1476,1487 app=2953,3003,1431,1422 abs=nil,nil,nil,nil ebrake=1.00 ibrake=1.00 hasABS=0 sy=10.96 split=1.000,0.875 ===
 55.95551|I|libbeamng.print:18052| === LSTM_OBS t=460 0.00316,0.00140,0.01875,0.52559,0.05659,10.96225,0.00000,0.02491,0.00000,0.00000,0.00486,1.00000,0.00000,0.00000,0.00000,727.15338,0.00000 ===
 56.00469|I|libbeamng.print:18052| === LSTM_TRACE t=470 v=2.30 ws=0.00,0.00,0.02,1.67 cmd=0.989,0.996,0.878,0.883 cap=3063,3086,1700,1700 des=3063,3086,1488,1488 app=2940,2996,1441,1423 abs=nil,nil,nil,nil ebrake=1.00 ibrake=1.00 hasABS=0 sy=11.06 split=1.000,0.875 ===
 56.00489|I|libbeamng.print:18052| === LSTM_OBS t=470 0.00246,0.00245,0.01840,1.67162,0.02106,11.05927,0.00000,0.00908,0.00000,0.00000,0.00503,1.00000,0.00000,0.00000,0.00000,729.50048,0.00000 ===
 56.05515|I|libbeamng.print:18052| === LSTM_TRACE t=480 v=1.73 ws=0.00,0.00,0.01,0.80 cmd=0.991,0.997,0.873,0.878 cap=3073,3090,1696,1700 des=3073,3090,1484,1488 app=2947,2997,1436,1423 abs=nil,nil,nil,nil ebrake=1.00 ibrake=1.00 hasABS=0 sy=11.15 split=1.000,0.875 ===
 56.05518|I|libbeamng.print:18052| === LSTM_OBS t=480 0.00060,0.00208,0.00927,0.79875,-0.02754,11.15186,0.00000,0.01026,0.00000,0.00000,0.00476,1.00000,0.00000,0.00000,0.00000,725.22943,0.00000 ===
 56.10496|I|libbeamng.print:18052| === LSTM_TRACE t=490 v=1.15 ws=0.00,0.00,0.01,1.19 cmd=0.991,0.997,0.878,0.883 cap=3069,3089,1700,1700 des=3069,3089,1488,1488 app=2941,2993,1439,1423 abs=nil,nil,nil,nil ebrake=1.00 ibrake=1.00 hasABS=0 sy=11.25 split=1.000,0.875 ===
 56.10500|I|libbeamng.print:18052| === LSTM_OBS t=490 0.00205,0.00067,0.00561,1.19449,-0.04243,11.25234,0.00000,-0.00493,0.00000,0.00000,0.00424,1.00000,0.00000,0.00000,0.00000,728.09280,0.00000 ===
 56.15605|I|libbeamng.print:18052| === LSTM_TRACE t=500 v=0.59 ws=0.00,0.01,0.02,0.53 cmd=0.993,0.997,0.879,0.884 cap=3077,3092,1700,1700 des=3077,3092,1488,1488 app=2946,2994,1438,1423 abs=nil,nil,nil,nil ebrake=1.00 ibrake=1.00 hasABS=0 sy=11.28 split=1.000,0.875 ===
 56.15610|I|libbeamng.print:18052| === LSTM_OBS t=500 0.00134,0.00556,0.01733,0.53222,-0.15396,11.27798,0.00000,-0.02479,0.00000,0.00000,0.00494,1.00000,0.00000,0.00000,0.00000,724.58982,0.00000 ===
 86.87464|I|libbeamng.print:18052| === LSTM_TRACE t=0 v=27.71 ws=27.73,27.84,27.41,27.39 cmd=0.842,0.705,0.301,0.310 cap=155,155,97,97 des=155,155,85,85 app=146,148,81,80 abs=nil,nil,nil,nil ebrake=1.00 ibrake=1.00 hasABS=0 sy=1.57 split=1.000,0.875 ===
 86.87468|I|libbeamng.print:18052| === LSTM_OBS t=0 27.72796,27.83604,27.40915,27.39434,-0.02643,1.57070,0.00000,0.00044,0.00000,0.00000,0.00000,1.00000,0.00000,0.00000,0.00000,7858.46065,0.00000 ===
 86.92546|I|libbeamng.print:18052| === LSTM_TRACE t=10 v=27.49 ws=26.06,26.05,26.95,27.05 cmd=0.683,0.791,0.773,0.789 cap=1966,2339,1290,1354 des=1966,2339,1129,1185 app=1867,2072,848,871 abs=nil,nil,nil,nil ebrake=1.00 ibrake=1.00 hasABS=0 sy=2.00 split=1.000,0.875 ===
 86.92550|I|libbeamng.print:18052| === LSTM_OBS t=10 26.05902,26.05066,26.95246,27.04842,-0.00537,2.00357,0.00000,0.00736,0.00000,0.00000,0.00162,1.00000,0.00000,0.00000,0.00000,7811.45260,0.00000 ===
 86.94516|I|libbeamng.print:18052| === LSTM_ABS DBG raw=24.7685,24.0452,26.4650,26.6190,-0.0048,2.5796,0.0000,-0.0129,0.0000,0.0000,0.0031,1.0000,0.0000,0.0000,0.0000,7743.6946,0.0000 ===
 86.94519|I|libbeamng.print:18052| === LSTM_ABS DBG norm=0.51,0.47,0.56,0.57,0.04,-2.13,0.00,-0.09,-0.03,-0.05,-0.00,0.50,-0.01,0.00,0.00,1.75,0.00 ===
 86.94520|I|libbeamng.print:18052| === LSTM_ABS DBG cmd=0.7563,0.7864,0.8775,0.8703 ===
 86.97467|I|libbeamng.print:18052| === LSTM_TRACE t=20 v=26.99 ws=23.49,22.77,25.72,25.83 cmd=0.785,0.777,0.875,0.871 cap=2405,2390,1700,1700 des=2405,2390,1488,1488 app=2308,2309,1440,1431 abs=nil,nil,nil,nil ebrake=1.00 ibrake=1.00 hasABS=0 sy=3.78 split=1.000,0.875 ===
 86.97471|I|libbeamng.print:18052| === LSTM_OBS t=20 23.48516,22.76754,25.72196,25.82812,0.00170,3.77571,0.00000,-0.00179,0.00000,0.00000,0.00285,1.00000,0.00000,0.00000,0.00000,7564.41934,0.00000 ===
 87.02536|I|libbeamng.print:18052| === LSTM_TRACE t=30 v=26.47 ws=22.03,21.76,24.18,24.84 cmd=0.795,0.791,0.832,0.837 cap=2383,2373,1628,1637 des=2383,2373,1425,1433 app=2306,2308,1390,1391 abs=nil,nil,nil,nil ebrake=1.00 ibrake=1.00 hasABS=0 sy=5.54 split=1.000,0.875 ===
 87.02540|I|libbeamng.print:18052| === LSTM_OBS t=30 22.02535,21.75541,24.18168,24.83795,-0.05078,5.54320,0.00000,-0.00076,0.00000,0.00000,0.00210,1.00000,0.00000,0.00000,0.00000,7205.52073,0.00000 ===
 87.07451|I|libbeamng.print:18052| === LSTM_TRACE t=40 v=25.92 ws=20.44,21.38,22.96,24.22 cmd=0.771,0.778,0.828,0.836 cap=2450,2458,1599,1615 des=2450,2458,1399,1413 app=2385,2403,1372,1381 abs=nil,nil,nil,nil ebrake=1.00 ibrake=1.00 hasABS=0 sy=7.06 split=1.000,0.875 ===
 87.07455|I|libbeamng.print:18052| === LSTM_OBS t=40 20.44464,21.37916,22.96454,24.22032,-0.06022,7.06218,0.00000,-0.02538,0.00000,0.00000,0.00293,1.00000,0.00000,0.00000,0.00000,6890.58316,0.00000 ===
 87.12524|I|libbeamng.print:18052| === LSTM_TRACE t=50 v=25.32 ws=19.07,21.39,21.81,23.74 cmd=0.763,0.782,0.830,0.838 cap=2219,2262,1629,1646 des=2219,2262,1425,1440 app=2170,2222,1403,1414 abs=nil,nil,nil,nil ebrake=1.00 ibrake=1.00 hasABS=0 sy=8.36 split=1.000,0.875 ===
 87.12528|I|libbeamng.print:18052| === LSTM_OBS t=50 19.06542,21.39435,21.80725,23.73627,-0.04701,8.35708,0.00000,-0.02364,0.00000,0.00000,0.00283,1.00000,0.00000,0.00000,0.00000,6629.75839,0.00000 ===
 87.17457|I|libbeamng.print:18052| === LSTM_TRACE t=60 v=24.73 ws=17.77,21.32,20.75,23.11 cmd=0.672,0.722,0.846,0.847 cap=2421,2565,1592,1593 des=2421,2565,1393,1394 app=2375,2527,1375,1374 abs=nil,nil,nil,nil ebrake=1.00 ibrake=1.00 hasABS=0 sy=9.37 split=1.000,0.875 ===
 87.17461|I|libbeamng.print:18052| === LSTM_OBS t=60 17.77405,21.32233,20.75468,23.11240,-0.01502,9.37044,0.00000,-0.04419,0.00000,0.00000,0.00329,1.00000,0.00000,0.00000,0.00000,6384.87704,0.00000 ===
 87.22497|I|libbeamng.print:18052| === LSTM_TRACE t=70 v=24.14 ws=17.04,21.18,19.86,22.23 cmd=0.736,0.799,0.849,0.842 cap=2503,2653,1610,1599 des=2503,2653,1409,1399 app=2385,2622,1394,1382 abs=nil,nil,nil,nil ebrake=1.00 ibrake=1.00 hasABS=0 sy=10.09 split=1.000,0.875 ===
 87.22501|I|libbeamng.print:18052| === LSTM_OBS t=70 17.03698,21.17890,19.86316,22.22880,0.03380,10.09114,0.00000,-0.06553,0.00000,0.00000,0.00322,1.00000,0.00000,0.00000,0.00000,6139.03427,0.00000 ===
 87.27506|I|libbeamng.print:18052| === LSTM_TRACE t=80 v=23.56 ws=16.77,20.47,19.00,21.46 cmd=0.739,0.797,0.857,0.846 cap=2094,2350,1627,1602 des=2094,2350,1424,1401 app=2063,2328,1411,1387 abs=nil,nil,nil,nil ebrake=1.00 ibrake=1.00 hasABS=0 sy=10.57 split=1.000,0.875 ===
 87.27511|I|libbeamng.print:18052| === LSTM_OBS t=80 16.77380,20.47102,19.00109,21.45917,0.09965,10.56802,0.00000,-0.05676,0.00000,0.00000,0.00378,1.00000,0.00000,0.00000,0.00000,5889.55158,0.00000 ===
 87.32574|I|libbeamng.print:18052| === LSTM_TRACE t=90 v=22.98 ws=16.41,19.29,18.04,20.48 cmd=0.720,0.776,0.841,0.826 cap=2179,2394,1641,1618 des=2179,2394,1436,1415 app=2151,2376,1425,1404 abs=nil,nil,nil,nil ebrake=1.00 ibrake=1.00 hasABS=0 sy=10.90 split=1.000,0.875 ===
 87.32579|I|libbeamng.print:18052| === LSTM_OBS t=90 16.41293,19.29126,18.04118,20.47614,0.17152,10.89635,0.00000,-0.07819,0.00000,0.00000,0.00297,1.00000,0.00000,0.00000,0.00000,5642.15557,0.00000 ===
 87.37602|I|libbeamng.print:18052| === LSTM_TRACE t=100 v=22.40 ws=15.90,18.11,17.24,19.54 cmd=0.582,0.631,0.874,0.863 cap=2023,2091,1700,1700 des=2023,2091,1488,1488 app=1999,2077,1477,1477 abs=nil,nil,nil,nil ebrake=1.00 ibrake=1.00 hasABS=0 sy=11.10 split=1.000,0.875 ===
 87.37606|I|libbeamng.print:18052| === LSTM_OBS t=100 15.90389,18.11072,17.24159,19.53898,0.25545,11.10456,0.00000,-0.05593,0.00000,0.00000,0.00328,1.00000,0.00000,0.00000,0.00000,5390.91958,0.00000 ===
 87.42535|I|libbeamng.print:18052| === LSTM_TRACE t=110 v=21.82 ws=16.56,17.25,16.52,18.83 cmd=0.857,0.853,0.870,0.856 cap=2316,2442,1602,1571 des=2316,2442,1402,1374 app=2133,2250,1393,1366 abs=nil,nil,nil,nil ebrake=1.00 ibrake=1.00 hasABS=0 sy=11.24 split=1.000,0.875 ===
 87.42539|I|libbeamng.print:18052| === LSTM_OBS t=110 16.55936,17.25431,16.51866,18.82888,0.33719,11.23593,0.00000,-0.04961,0.00000,0.00000,0.00435,1.00000,0.00000,0.00000,0.00000,5140.47253,0.00000 ===
 87.47495|I|libbeamng.print:18052| === LSTM_TRACE t=120 v=21.24 ws=15.78,16.27,15.53,17.87 cmd=0.771,0.723,0.835,0.824 cap=2206,2016,1685,1663 des=2206,2016,1474,1455 app=2185,2007,1466,1447 abs=nil,nil,nil,nil ebrake=1.00 ibrake=1.00 hasABS=0 sy=11.31 split=1.000,0.875 ===
 87.47499|I|libbeamng.print:18052| === LSTM_OBS t=120 15.78368,16.26849,15.52884,17.87176,0.41129,11.31448,0.00000,-0.04020,0.00000,0.00000,0.00357,1.00000,0.00000,0.00000,0.00000,4892.28711,0.00000 ===
 87.52549|I|libbeamng.print:18052| === LSTM_TRACE t=130 v=20.67 ws=14.77,14.74,14.40,17.29 cmd=0.649,0.639,0.860,0.850 cap=2000,1863,1700,1692 des=2000,1863,1488,1481 app=2141,2029,1480,1473 abs=nil,nil,nil,nil ebrake=1.00 ibrake=1.00 hasABS=0 sy=11.38 split=1.000,0.875 ===
 87.52553|I|libbeamng.print:18052| === LSTM_OBS t=130 14.77008,14.73766,14.39511,17.28914,0.44892,11.38128,0.00000,-0.05246,0.00000,0.00000,0.00204,1.00000,0.00000,0.00000,0.00000,4644.18637,0.00000 ===
 87.57479|I|libbeamng.print:18052| === LSTM_TRACE t=140 v=20.11 ws=13.45,13.54,12.49,15.26 cmd=0.786,0.742,0.843,0.819 cap=2554,2458,1578,1534 des=2554,2458,1381,1342 app=2395,2288,1374,1336 abs=nil,nil,nil,nil ebrake=1.00 ibrake=1.00 hasABS=0 sy=11.38 split=1.000,0.875 ===
 87.57487|I|libbeamng.print:18052| === LSTM_OBS t=140 13.45487,13.53592,12.49089,15.25907,0.49069,11.37959,0.00000,-0.05260,0.00000,0.00000,0.00395,1.00000,0.00000,0.00000,0.00000,4410.65885,0.00000 ===
 87.62580|I|libbeamng.print:18052| === LSTM_TRACE t=150 v=19.55 ws=11.47,12.73,10.28,14.44 cmd=0.695,0.629,0.786,0.749 cap=2272,2036,1481,1400 des=2272,2036,1295,1225 app=2255,2028,1289,1219 abs=nil,nil,nil,nil ebrake=1.00 ibrake=1.00 hasABS=0 sy=11.30 split=1.000,0.875 ===
 87.62589|I|libbeamng.print:18052| === LSTM_OBS t=150 11.47270,12.73387,10.27768,14.44331,0.50401,11.29678,0.00000,-0.04977,0.00000,0.00000,0.00280,1.00000,0.00000,0.00000,0.00000,4185.81944,0.00000 ===
 87.67480|I|libbeamng.print:18052| === LSTM_TRACE t=160 v=19.02 ws=9.96,12.14,8.27,13.68 cmd=0.594,0.684,0.683,0.645 cap=1801,2000,1477,1411 des=1801,2000,1292,1235 app=1939,1992,1285,1229 abs=nil,nil,nil,nil ebrake=1.00 ibrake=1.00 hasABS=0 sy=11.17 split=1.000,0.875 ===
 87.67484|I|libbeamng.print:18052| === LSTM_OBS t=160 9.96139,12.13845,8.27477,13.67899,0.53925,11.17419,0.00000,-0.05331,0.00000,0.00000,0.00270,1.00000,0.00000,0.00000,0.00000,3995.92018,0.00000 ===
 87.72547|I|libbeamng.print:18052| === LSTM_TRACE t=170 v=18.47 ws=9.64,11.08,6.69,13.82 cmd=0.596,0.605,0.708,0.675 cap=2284,2132,1430,1366 des=2284,2132,1251,1196 app=2267,2125,1067,1006 abs=nil,nil,nil,nil ebrake=1.00 ibrake=1.00 hasABS=0 sy=11.08 split=1.000,0.875 ===
 87.72552|I|libbeamng.print:18052| === LSTM_OBS t=170 9.63731,11.08454,6.68523,13.81593,0.54731,11.08140,0.00000,-0.06907,0.00000,0.00000,0.00322,1.00000,0.00000,0.00000,0.00000,3864.99840,0.00000 ===
 87.77498|I|libbeamng.print:18052| === LSTM_TRACE t=180 v=17.93 ws=9.06,9.41,5.29,13.39 cmd=0.631,0.619,0.746,0.720 cap=2014,2231,1277,1232 des=2014,2231,1118,1078 app=1999,2223,1110,1072 abs=nil,nil,nil,nil ebrake=1.00 ibrake=1.00 hasABS=0 sy=11.01 split=1.000,0.875 ===
 87.77502|I|libbeamng.print:18052| === LSTM_OBS t=180 9.06110,9.41111,5.28877,13.38818,0.55650,11.01070,0.00000,-0.06529,0.00000,0.00000,0.00297,1.00000,0.00000,0.00000,0.00000,3758.71520,0.00000 ===
 87.82550|I|libbeamng.print:18052| === LSTM_TRACE t=190 v=17.40 ws=8.36,8.05,4.06,12.78 cmd=0.624,0.738,0.826,0.827 cap=2117,2260,1337,1364 des=2117,2260,1170,1193 app=2101,2056,1161,1187 abs=nil,nil,nil,nil ebrake=1.00 ibrake=1.00 hasABS=0 sy=10.92 split=1.000,0.875 ===
 87.82554|I|libbeamng.print:18052| === LSTM_OBS t=190 8.35659,8.05195,4.06315,12.78484,0.53293,10.92354,0.00000,-0.05906,0.00000,0.00000,0.00142,1.00000,0.00000,0.00000,0.00000,3612.05139,0.00000 ===
 87.87483|I|libbeamng.print:18052| === LSTM_TRACE t=200 v=16.90 ws=8.65,6.21,3.02,12.18 cmd=0.464,0.449,0.870,0.874 cap=2146,2222,1552,1563 des=2146,2222,1358,1368 app=2130,2212,1346,1360 abs=nil,nil,nil,nil ebrake=1.00 ibrake=1.00 hasABS=0 sy=10.69 split=1.000,0.875 ===
 87.87487|I|libbeamng.print:18052| === LSTM_OBS t=200 8.64566,6.21259,3.02499,12.17662,0.50834,10.69394,0.00000,-0.04764,0.00000,0.00000,0.00442,1.00000,0.00000,0.00000,0.00000,3413.81377,0.00000 ===
 87.92554|I|libbeamng.print:18052| === LSTM_TRACE t=210 v=16.39 ws=8.93,5.92,2.17,11.97 cmd=0.685,0.778,0.799,0.818 cap=1991,1798,1567,1599 des=1991,1798,1371,1399 app=1976,1790,1358,1391 abs=nil,nil,nil,nil ebrake=1.00 ibrake=1.00 hasABS=0 sy=10.51 split=1.000,0.875 ===
 87.92558|I|libbeamng.print:18052| === LSTM_OBS t=210 8.93492,5.91629,2.17422,11.96598,0.54643,10.51425,0.00000,-0.05242,0.00000,0.00000,0.00146,1.00000,0.00000,0.00000,0.00000,3192.04884,0.00000 ===
 87.97506|I|libbeamng.print:18052| === LSTM_TRACE t=220 v=15.87 ws=9.71,4.93,1.72,11.92 cmd=0.743,0.617,0.694,0.709 cap=2018,2015,1421,1453 des=2018,2015,1243,1271 app=1915,2005,1230,1264 abs=nil,nil,nil,nil ebrake=1.00 ibrake=1.00 hasABS=0 sy=10.39 split=1.000,0.875 ===
 87.97510|I|libbeamng.print:18052| === LSTM_OBS t=220 9.71469,4.92848,1.72444,11.91873,0.61956,10.39099,0.00000,-0.06067,0.00000,0.00000,0.00483,1.00000,0.00000,0.00000,0.00000,2975.33887,0.00000 ===
 88.02672|I|libbeamng.print:18052| === LSTM_TRACE t=230 v=15.35 ws=10.15,3.41,1.06,11.41 cmd=0.598,0.624,0.814,0.832 cap=2427,2359,1422,1468 des=2427,2359,1244,1285 app=2408,2257,1230,1277 abs=nil,nil,nil,nil ebrake=1.00 ibrake=1.00 hasABS=0 sy=10.42 split=1.000,0.875 ===
 88.02676|I|libbeamng.print:18052| === LSTM_OBS t=230 10.15086,3.41089,1.05911,11.40648,0.67558,10.42036,0.00000,-0.04486,0.00000,0.00000,0.00244,1.00000,0.00000,0.00000,0.00000,2785.49514,0.00000 ===
 88.07516|I|libbeamng.print:18052| === LSTM_TRACE t=240 v=14.82 ws=11.06,1.49,0.98,10.63 cmd=0.636,0.628,0.706,0.745 cap=1980,1831,1380,1458 des=1980,1831,1208,1276 app=1965,1819,1192,1269 abs=nil,nil,nil,nil ebrake=1.00 ibrake=1.00 hasABS=0 sy=10.44 split=1.000,0.875 ===
 88.07520|I|libbeamng.print:18052| === LSTM_OBS t=240 11.06169,1.49342,0.97921,10.62819,0.70047,10.43568,0.00000,-0.04710,0.00000,0.00000,0.00326,1.00000,0.00000,0.00000,0.00000,2591.84110,0.00000 ===
 88.12529|I|libbeamng.print:18052| === LSTM_TRACE t=250 v=14.28 ws=11.51,0.06,1.86,9.03 cmd=0.725,0.633,0.677,0.728 cap=2198,1933,1343,1436 des=2198,1933,1175,1256 app=2182,1920,1159,1249 abs=nil,nil,nil,nil ebrake=1.00 ibrake=1.00 hasABS=0 sy=10.55 split=1.000,0.875 ===
 88.12533|I|libbeamng.print:18052| === LSTM_OBS t=250 11.51142,0.06153,1.86037,9.03280,0.71956,10.55083,0.00000,-0.02982,0.00000,0.00000,0.00621,1.00000,0.00000,0.00000,0.00000,2430.03014,0.00000 ===
 88.17575|I|libbeamng.print:18052| === LSTM_TRACE t=260 v=13.75 ws=10.64,0.05,2.63,7.06 cmd=0.706,0.669,0.671,0.718 cap=2308,2036,1313,1405 des=2308,2036,1149,1229 app=2292,2020,1132,1221 abs=nil,nil,nil,nil ebrake=1.00 ibrake=1.00 hasABS=0 sy=10.54 split=1.000,0.875 ===
 88.17580|I|libbeamng.print:18052| === LSTM_OBS t=260 10.64088,0.05311,2.63374,7.06254,0.73047,10.54363,0.00000,-0.03504,0.00000,0.00000,0.00357,1.00000,0.00000,0.00000,0.00000,2261.73634,0.00000 ===
 88.22565|I|libbeamng.print:18052| === LSTM_TRACE t=270 v=13.22 ws=9.80,0.15,3.21,5.24 cmd=0.758,0.734,0.642,0.687 cap=2235,2007,1185,1290 des=2235,2007,1037,1129 app=2220,1989,1021,1121 abs=nil,nil,nil,nil ebrake=1.00 ibrake=1.00 hasABS=0 sy=10.51 split=1.000,0.875 ===
 88.22570|I|libbeamng.print:18052| === LSTM_OBS t=270 9.79669,0.14643,3.20983,5.24186,0.72443,10.50570,0.00000,-0.01722,0.00000,0.00000,0.00254,1.00000,0.00000,0.00000,0.00000,2093.22694,0.00000 ===
 88.27512|I|libbeamng.print:18052| === LSTM_TRACE t=280 v=12.69 ws=9.00,0.09,3.25,4.22 cmd=0.690,0.718,0.675,0.710 cap=2284,2324,1228,1308 des=2284,2324,1075,1144 app=2269,2301,1058,1136 abs=nil,nil,nil,nil ebrake=1.00 ibrake=1.00 hasABS=0 sy=10.55 split=1.000,0.875 ===
 88.27525|I|libbeamng.print:18052| === LSTM_OBS t=280 8.99932,0.09332,3.25410,4.21550,0.76791,10.54603,0.00000,-0.01252,0.00000,0.00000,0.00435,1.00000,0.00000,0.00000,0.00000,1934.84368,0.00000 ===
 88.32607|I|libbeamng.print:18052| === LSTM_TRACE t=290 v=12.16 ws=8.20,0.03,4.89,3.85 cmd=0.577,0.353,0.649,0.677 cap=1434,1373,1251,1317 des=1434,1373,1095,1153 app=1556,1537,1078,1143 abs=nil,nil,nil,nil ebrake=1.00 ibrake=1.00 hasABS=0 sy=10.60 split=1.000,0.875 ===
 88.32613|I|libbeamng.print:18052| === LSTM_OBS t=290 8.20009,0.02784,4.89414,3.84618,0.80028,10.59702,0.00000,-0.01047,0.00000,0.00000,0.00525,1.00000,0.00000,0.00000,0.00000,1786.33789,0.00000 ===
 88.37513|I|libbeamng.print:18052| === LSTM_TRACE t=300 v=11.63 ws=8.41,0.06,5.06,1.76 cmd=0.781,0.819,0.581,0.623 cap=2027,1881,1343,1403 des=2027,1881,1175,1227 app=2165,1860,1156,1216 abs=nil,nil,nil,nil ebrake=1.00 ibrake=1.00 hasABS=0 sy=10.65 split=1.000,0.875 ===
 88.37518|I|libbeamng.print:18052| === LSTM_OBS t=300 8.40832,0.06380,5.06209,1.75570,0.74212,10.64563,0.00000,-0.00584,0.00000,0.00000,0.00261,1.00000,0.00000,0.00000,0.00000,1647.92868,0.00000 ===
 88.42573|I|libbeamng.print:18052| === LSTM_TRACE t=310 v=11.12 ws=7.50,0.02,6.15,0.96 cmd=0.544,0.375,0.609,0.624 cap=2266,2211,1128,1168 des=2266,2211,987,1022 app=2251,2184,972,1012 abs=nil,nil,nil,nil ebrake=1.00 ibrake=1.00 hasABS=0 sy=10.58 split=1.000,0.875 ===
 88.42580|I|libbeamng.print:18052| === LSTM_OBS t=310 7.49977,0.01643,6.15065,0.95719,0.68555,10.57743,0.00000,-0.00254,0.00000,0.00000,0.00639,1.00000,0.00000,0.00000,0.00000,1498.83258,0.00000 ===
 88.47587|I|libbeamng.print:18052| === LSTM_TRACE t=320 v=10.57 ws=7.64,0.04,6.39,0.26 cmd=0.738,0.634,0.519,0.535 cap=2303,1901,1023,1054 des=2303,1901,895,922 app=2288,1876,881,912 abs=nil,nil,nil,nil ebrake=1.00 ibrake=1.00 hasABS=0 sy=10.61 split=1.000,0.875 ===
 88.47593|I|libbeamng.print:18052| === LSTM_OBS t=320 7.63716,0.04015,6.38820,0.25542,0.68581,10.61418,0.00000,0.01622,0.00000,0.00000,0.00389,1.00000,0.00000,0.00000,0.00000,1389.44301,0.00000 ===
 88.52558|I|libbeamng.print:18052| === LSTM_TRACE t=330 v=10.01 ws=7.58,0.03,6.60,0.03 cmd=0.790,0.666,0.465,0.471 cap=2081,1692,1047,1051 des=2081,1692,916,919 app=2066,1669,902,908 abs=nil,nil,nil,nil ebrake=1.00 ibrake=1.00 hasABS=0 sy=10.72 split=1.000,0.875 ===
 88.52563|I|libbeamng.print:18052| === LSTM_OBS t=330 7.58329,0.03358,6.59589,0.02885,0.68329,10.72460,0.00000,0.03849,0.00000,0.00000,0.00424,1.00000,0.00000,0.00000,0.00000,1320.93727,0.00000 ===
 88.57494|I|libbeamng.print:18052| === LSTM_TRACE t=340 v=9.45 ws=7.44,0.01,6.20,0.02 cmd=0.764,0.638,0.452,0.448 cap=2388,2048,902,897 des=2388,2048,789,785 app=2372,2018,777,774 abs=nil,nil,nil,nil ebrake=1.00 ibrake=1.00 hasABS=0 sy=10.84 split=1.000,0.875 ===
 88.57498|I|libbeamng.print:18052| === LSTM_OBS t=340 7.44357,0.00880,6.19586,0.01924,0.69404,10.83596,0.00000,0.05178,0.00000,0.00000,0.00335,1.00000,0.00000,0.00000,0.00000,1280.45361,0.00000 ===
 88.62631|I|libbeamng.print:18052| === LSTM_TRACE t=350 v=8.90 ws=7.23,0.03,6.24,0.01 cmd=0.659,0.535,0.492,0.478 cap=2440,2151,863,847 des=2440,2151,755,741 app=2424,2118,743,730 abs=nil,nil,nil,nil ebrake=1.00 ibrake=1.00 hasABS=0 sy=10.88 split=1.000,0.875 ===
 88.62636|I|libbeamng.print:18052| === LSTM_OBS t=350 7.22969,0.02949,6.23862,0.01467,0.69628,10.88158,0.00000,0.06197,0.00000,0.00000,0.00435,1.00000,0.00000,0.00000,0.00000,1241.71273,0.00000 ===
 88.67482|I|libbeamng.print:18052| === LSTM_TRACE t=360 v=8.35 ws=7.56,0.01,6.25,0.04 cmd=0.759,0.646,0.428,0.412 cap=2192,1836,888,854 des=2192,1836,777,747 app=2177,1806,765,735 abs=nil,nil,nil,nil ebrake=1.00 ibrake=1.00 hasABS=0 sy=10.90 split=1.000,0.875 ===
 88.67486|I|libbeamng.print:18052| === LSTM_OBS t=360 7.56131,0.01282,6.25445,0.03853,0.70273,10.89973,0.00000,0.05923,0.00000,0.00000,0.00462,1.00000,0.00000,0.00000,0.00000,1209.93471,0.00000 ===
 88.72593|I|libbeamng.print:18052| === LSTM_TRACE t=370 v=7.81 ws=7.27,0.12,6.07,0.01 cmd=0.795,0.695,0.405,0.390 cap=2044,1689,886,849 des=2044,1689,775,743 app=2030,1661,763,731 abs=nil,nil,nil,nil ebrake=1.00 ibrake=1.00 hasABS=0 sy=10.89 split=1.000,0.875 ===
 88.72599|I|libbeamng.print:18052| === LSTM_OBS t=370 7.27136,0.12002,6.06833,0.00599,0.70204,10.89253,0.00000,0.06536,0.00000,0.00000,0.00472,1.00000,0.00000,0.00000,0.00000,1188.53919,0.00000 ===
 88.77525|I|libbeamng.print:18052| === LSTM_TRACE t=380 v=7.27 ws=6.35,0.34,5.96,0.03 cmd=0.537,0.438,0.496,0.473 cap=2438,2151,812,777 des=2438,2151,711,680 app=2421,2113,699,668 abs=nil,nil,nil,nil ebrake=1.00 ibrake=1.00 hasABS=0 sy=10.88 split=1.000,0.875 ===
 88.77529|I|libbeamng.print:18052| === LSTM_OBS t=380 6.34929,0.34386,5.96188,0.03342,0.66390,10.88082,0.00000,0.05264,0.00000,0.00000,0.00409,1.00000,0.00000,0.00000,0.00000,1166.66433,0.00000 ===
 88.82543|I|libbeamng.print:18052| === LSTM_TRACE t=390 v=6.72 ws=6.15,0.50,5.87,0.01 cmd=0.645,0.515,0.490,0.465 cap=2417,2162,816,781 des=2417,2162,714,683 app=2348,2001,703,671 abs=nil,nil,nil,nil ebrake=1.00 ibrake=1.00 hasABS=0 sy=10.92 split=1.000,0.875 ===
 88.82547|I|libbeamng.print:18052| === LSTM_OBS t=390 6.15294,0.49768,5.87109,0.01139,0.54490,10.92326,0.00000,0.05020,0.00000,0.00000,0.00430,1.00000,0.00000,0.00000,0.00000,1139.55584,0.00000 ===
 88.87557|I|libbeamng.print:18052| === LSTM_TRACE t=400 v=6.17 ws=5.37,2.11,5.26,0.59 cmd=0.758,0.707,0.399,0.382 cap=2394,2252,817,787 des=2394,2252,715,689 app=2376,2211,703,676 abs=nil,nil,nil,nil ebrake=1.00 ibrake=1.00 hasABS=0 sy=10.94 split=1.000,0.875 ===
 88.87565|I|libbeamng.print:18052| === LSTM_OBS t=400 5.36507,2.10573,5.25884,0.59374,0.38338,10.93952,0.00000,0.04033,0.00000,0.00000,0.00338,1.00000,0.00000,0.00000,0.00000,1107.07017,0.00000 ===
 88.92524|I|libbeamng.print:18052| === LSTM_TRACE t=410 v=5.60 ws=5.02,1.41,4.85,0.45 cmd=0.695,0.609,0.456,0.437 cap=2136,2031,936,896 des=2136,2031,819,784 app=2120,1994,806,769 abs=nil,nil,nil,nil ebrake=1.00 ibrake=1.00 hasABS=0 sy=11.06 split=1.000,0.875 ===
 88.92528|I|libbeamng.print:18052| === LSTM_OBS t=410 5.01618,1.41329,4.85069,0.45428,0.26645,11.05769,0.00000,0.03183,0.00000,0.00000,0.00183,1.00000,0.00000,0.00000,0.00000,1074.04539,0.00000 ===
 88.97523|I|libbeamng.print:18052| === LSTM_TRACE t=420 v=5.02 ws=4.68,1.41,4.51,0.44 cmd=0.776,0.686,0.501,0.493 cap=2483,2232,935,916 des=2483,2232,819,802 app=2464,2190,805,786 abs=nil,nil,nil,nil ebrake=1.00 ibrake=1.00 hasABS=0 sy=11.18 split=1.000,0.875 ===
 88.97528|I|libbeamng.print:18052| === LSTM_OBS t=420 4.68059,1.40803,4.51106,0.43786,0.16852,11.18331,0.00000,0.03392,0.00000,0.00000,0.00115,1.00000,0.00000,0.00000,0.00000,1026.20188,0.00000 ===
 89.02547|I|libbeamng.print:18052| === LSTM_TRACE t=430 v=4.46 ws=3.49,2.17,4.12,0.10 cmd=0.682,0.713,0.542,0.542 cap=2287,2534,1087,1088 des=2287,2534,951,952 app=2269,2486,935,933 abs=nil,nil,nil,nil ebrake=1.00 ibrake=1.00 hasABS=0 sy=11.22 split=1.000,0.875 ===
 89.02551|I|libbeamng.print:18052| === LSTM_OBS t=430 3.49128,2.17327,4.12338,0.10384,0.01488,11.21532,0.00000,0.01955,0.00000,0.00000,0.00445,1.00000,0.00000,0.00000,0.00000,943.01515,0.00000 ===
 89.07625|I|libbeamng.print:18052| === LSTM_TRACE t=440 v=3.90 ws=3.73,1.63,3.45,0.65 cmd=0.732,0.686,0.550,0.555 cap=2268,2223,1063,1069 des=2268,2223,930,936 app=2249,2181,915,916 abs=nil,nil,nil,nil ebrake=1.00 ibrake=1.00 hasABS=0 sy=11.18 split=1.000,0.875 ===
 89.07631|I|libbeamng.print:18052| === LSTM_OBS t=440 3.73031,1.62735,3.44627,0.64826,-0.01064,11.18326,0.00000,0.03034,0.00000,0.00000,0.00134,1.00000,0.00000,0.00000,0.00000,841.51263,0.00000 ===
 89.12695|I|libbeamng.print:18052| === LSTM_TRACE t=450 v=3.34 ws=2.25,2.52,2.31,0.81 cmd=0.520,0.731,0.587,0.597 cap=2000,2167,1125,1133 des=2000,2167,984,991 app=2197,2126,967,971 abs=nil,nil,nil,nil ebrake=1.00 ibrake=1.00 hasABS=0 sy=11.25 split=1.000,0.875 ===
 89.12700|I|libbeamng.print:18052| === LSTM_OBS t=450 2.25350,2.52441,2.31448,0.80718,-0.01004,11.24618,0.00000,0.00406,0.00000,0.00000,0.00465,1.00000,0.00000,0.00000,0.00000,757.88265,0.00000 ===
 89.17295|I|libbeamng.print:18052| === LSTM_TRACE t=460 v=2.76 ws=2.24,1.94,1.91,1.00 cmd=0.522,0.697,0.676,0.686 cap=2102,2274,1166,1184 des=2102,2274,1021,1036 app=2082,2231,1003,1014 abs=nil,nil,nil,nil ebrake=1.00 ibrake=1.00 hasABS=0 sy=11.30 split=1.000,0.875 ===
 89.17300|I|libbeamng.print:18052| === LSTM_OBS t=460 2.23925,1.94178,1.91314,0.99932,-0.04444,11.30380,0.00000,0.01667,0.00000,0.00000,0.00605,1.00000,0.00000,0.00000,0.00000,738.09505,0.00000 ===
 89.22347|I|libbeamng.print:18052| === LSTM_TRACE t=470 v=2.21 ws=2.42,1.05,1.90,0.64 cmd=0.747,0.793,0.731,0.748 cap=2205,2299,1434,1460 des=2205,2299,1255,1277 app=2183,2255,1233,1250 abs=nil,nil,nil,nil ebrake=1.00 ibrake=1.00 hasABS=0 sy=11.28 split=1.000,0.875 ===
 89.22351|I|libbeamng.print:18052| === LSTM_OBS t=470 2.42207,1.05039,1.89771,0.64129,-0.07945,11.28220,0.00000,0.02072,0.00000,0.00000,0.00462,1.00000,0.00000,0.00000,0.00000,731.86740,0.00000 ===
 89.27507|I|libbeamng.print:18052| === LSTM_TRACE t=480 v=1.64 ws=0.47,0.11,1.21,0.52 cmd=0.832,0.897,0.864,0.872 cap=2603,2741,1653,1671 des=2603,2741,1446,1462 app=2576,2688,1420,1430 abs=nil,nil,nil,nil ebrake=1.00 ibrake=1.00 hasABS=0 sy=11.27 split=1.000,0.875 ===
 89.27514|I|libbeamng.print:18052| === LSTM_OBS t=480 0.46681,0.10647,1.20740,0.51767,-0.13625,11.26943,0.00000,-0.00439,0.00000,0.00000,0.00142,1.00000,0.00000,0.00000,0.00000,729.83016,0.00000 ===
 89.33108|I|libbeamng.print:18052| === LSTM_TRACE t=490 v=1.09 ws=0.08,0.02,0.51,0.04 cmd=0.991,0.997,0.872,0.877 cap=3071,3091,1693,1700 des=3071,3091,1481,1488 app=3036,3029,1454,1455 abs=nil,nil,nil,nil ebrake=1.00 ibrake=1.00 hasABS=0 sy=11.16 split=1.000,0.875 ===
 89.33115|I|libbeamng.print:18052| === LSTM_OBS t=490 0.08440,0.01914,0.50511,0.03973,-0.17936,11.16093,0.00000,0.00357,0.00000,0.00000,0.00244,1.00000,0.00000,0.00000,0.00000,731.32851,0.00000 ===
 89.37924|I|libbeamng.print:18052| === LSTM_TRACE t=500 v=0.51 ws=0.04,0.05,0.56,0.49 cmd=0.992,0.997,0.875,0.880 cap=3073,3091,1700,1700 des=3073,3091,1488,1488 app=3036,3028,1460,1455 abs=nil,nil,nil,nil ebrake=1.00 ibrake=1.00 hasABS=0 sy=11.25 split=1.000,0.875 ===
 89.37930|I|libbeamng.print:18052| === LSTM_OBS t=500 0.03750,0.04758,0.56200,0.49234,-0.17229,11.24593,0.00000,0.00328,0.00000,0.00000,0.00349,1.00000,0.00000,0.00000,0.00000,730.26687,0.00000 ===
 94.51214|I|libbeamng.print:18052| === LSTM_ABS: lens 'baseline_dynnoimu' loaded (17 in, 64 hidden, 2 layers) ===
 94.51404|I|libbeamng.print:18052| === LSTM_ABS SELFTEST lens=baseline_dynnoimu cmd=0.996970,0.994045,0.852837,0.867451 ===
115.62763|I|libbeamng.print:18052| === LSTM_TRACE t=0 v=27.71 ws=27.69,27.82,27.32,27.40 cmd=0.750,0.920,0.220,0.205 cap=155,155,97,97 des=155,155,85,85 app=142,142,78,78 abs=nil,nil,nil,nil ebrake=1.00 ibrake=1.00 hasABS=0 sy=0.00 split=1.000,0.875 ===
115.62766|I|libbeamng.print:18052| === LSTM_OBS t=0 27.68737,27.82046,27.32408,27.39694,0.00000,0.00000,0.00000,-0.00381,0.00000,0.00000,0.00049,1.00000,0.00000,0.00000,0.00000,7857.56464,0.00000 ===
115.67688|I|libbeamng.print:18052| === LSTM_TRACE t=10 v=27.54 ws=27.07,27.24,27.19,27.29 cmd=0.329,0.376,0.125,0.109 cap=847,979,161,141 des=847,979,141,124 app=778,900,129,113 abs=nil,nil,nil,nil ebrake=1.00 ibrake=1.00 hasABS=0 sy=0.00 split=1.000,0.875 ===
115.67691|I|libbeamng.print:18052| === LSTM_OBS t=10 27.06684,27.24269,27.19363,27.28976,0.00000,0.00000,0.00000,-0.00745,0.00000,0.00000,0.00221,1.00000,0.00000,0.00000,0.00000,7824.69301,0.00000 ===
115.69743|I|libbeamng.print:18052| === LSTM_ABS DBG raw=26.4501,26.1783,26.9786,27.0245,0.0000,0.0000,0.0000,-0.0204,0.0000,0.0000,0.0023,1.0000,0.0000,0.0000,0.0000,7800.0264,0.0000 ===
115.69746|I|libbeamng.print:18052| === LSTM_ABS DBG norm=0.62,0.62,0.60,0.60,0.04,-2.81,0.00,-0.15,-0.03,-0.05,-0.01,0.50,-0.01,0.00,0.00,1.78,0.00 ===
115.69747|I|libbeamng.print:18052| === LSTM_ABS DBG cmd=0.5278,0.6492,0.5448,0.5198 ===
115.72743|I|libbeamng.print:18052| === LSTM_TRACE t=20 v=27.18 ws=26.39,26.02,26.42,26.52 cmd=0.436,0.568,0.627,0.619 cap=1425,1786,1323,1295 des=1425,1786,1158,1133 app=1323,1664,1073,1049 abs=nil,nil,nil,nil ebrake=1.00 ibrake=1.00 hasABS=0 sy=0.00 split=1.000,0.875 ===
115.72746|I|libbeamng.print:18052| === LSTM_OBS t=20 26.38790,26.01602,26.41708,26.51780,0.00000,0.00000,0.00000,-0.00234,0.00000,0.00000,0.00249,1.00000,0.00000,0.00000,0.00000,7708.90374,0.00000 ===
115.77714|I|libbeamng.print:18052| === LSTM_TRACE t=30 v=26.87 ws=26.71,26.98,26.05,26.17 cmd=0.177,0.154,0.221,0.204 cap=619,563,438,407 des=619,563,383,356 app=579,529,358,332 abs=nil,nil,nil,nil ebrake=1.00 ibrake=1.00 hasABS=0 sy=0.00 split=1.000,0.875 ===
115.77717|I|libbeamng.print:18052| === LSTM_OBS t=30 26.70930,26.98411,26.05443,26.17108,0.00000,0.00000,0.00000,-0.01213,0.00000,0.00000,0.00000,1.00000,0.00000,0.00000,0.00000,7510.32906,0.00000 ===
115.82813|I|libbeamng.print:18052| === LSTM_TRACE t=40 v=26.65 ws=26.40,26.62,26.04,26.16 cmd=0.204,0.146,0.244,0.247 cap=576,417,459,461 des=576,417,401,404 app=540,393,376,378 abs=nil,nil,nil,nil ebrake=1.00 ibrake=1.00 hasABS=0 sy=0.00 split=1.000,0.875 ===
115.82817|I|libbeamng.print:18052| === LSTM_OBS t=40 26.39723,26.61730,26.04387,26.16361,0.00000,0.00000,0.00000,-0.01739,0.00000,0.00000,0.00000,1.00000,0.00000,0.00000,0.00000,7459.99099,0.00000 ===
115.87738|I|libbeamng.print:18052| === LSTM_TRACE t=50 v=26.36 ws=25.35,25.57,25.78,25.93 cmd=0.514,0.475,0.417,0.410 cap=1542,1373,763,752 des=1542,1373,667,658 app=1453,1296,628,619 abs=nil,nil,nil,nil ebrake=1.00 ibrake=1.00 hasABS=0 sy=0.00 split=1.000,0.875 ===
115.87742|I|libbeamng.print:18052| === LSTM_OBS t=50 25.35248,25.56704,25.78459,25.93091,0.00000,0.00000,0.00000,-0.00525,0.00000,0.00000,0.00204,1.00000,0.00000,0.00000,0.00000,7433.56802,0.00000 ===
115.92946|I|libbeamng.print:18052| === LSTM_TRACE t=60 v=25.93 ws=24.99,24.83,25.29,25.38 cmd=0.541,0.608,0.426,0.437 cap=1735,1893,872,897 des=1735,1893,763,785 app=1649,1801,723,743 abs=nil,nil,nil,nil ebrake=1.00 ibrake=1.00 hasABS=0 sy=0.00 split=1.000,0.875 ===
115.92953|I|libbeamng.print:18052| === LSTM_OBS t=60 24.98613,24.83216,25.28691,25.37810,0.00000,0.00000,0.00000,-0.01170,0.00000,0.00000,0.00183,1.00000,0.00000,0.00000,0.00000,7322.95341,0.00000 ===
115.97751|I|libbeamng.print:18052| === LSTM_TRACE t=70 v=25.55 ws=25.21,25.46,24.99,25.09 cmd=0.301,0.253,0.219,0.200 cap=1005,895,444,405 des=1005,895,388,354 app=961,857,369,337 abs=nil,nil,nil,nil ebrake=1.00 ibrake=1.00 hasABS=0 sy=0.00 split=1.000,0.875 ===
115.97758|I|libbeamng.print:18052| === LSTM_OBS t=70 25.21444,25.45932,24.98597,25.09167,0.00000,0.00000,0.00000,0.01530,0.00000,0.00000,0.00142,1.00000,0.00000,0.00000,0.00000,7198.78776,0.00000 ===
116.02786|I|libbeamng.print:18052| === LSTM_TRACE t=80 v=25.33 ws=25.12,25.20,24.89,25.02 cmd=0.247,0.183,0.186,0.189 cap=699,524,365,369 des=699,524,320,323 app=670,502,304,307 abs=nil,nil,nil,nil ebrake=1.00 ibrake=1.00 hasABS=0 sy=0.00 split=1.000,0.875 ===
116.02791|I|libbeamng.print:18052| === LSTM_OBS t=80 25.11866,25.19701,24.88675,25.02110,0.00000,0.00000,0.00000,-0.00551,0.00000,0.00000,0.00069,1.00000,0.00000,0.00000,0.00000,7141.54951,0.00000 ===
116.07773|I|libbeamng.print:18052| === LSTM_TRACE t=90 v=25.05 ws=24.32,24.54,24.63,24.76 cmd=0.456,0.392,0.277,0.275 cap=1342,1138,510,506 des=1342,1138,446,443 app=1289,1093,425,421 abs=nil,nil,nil,nil ebrake=1.00 ibrake=1.00 hasABS=0 sy=0.00 split=1.000,0.875 ===
116.07777|I|libbeamng.print:18052| === LSTM_OBS t=90 24.31918,24.54317,24.63325,24.76165,0.00000,0.00000,0.00000,0.01309,0.00000,0.00000,0.00142,1.00000,0.00000,0.00000,0.00000,7099.74634,0.00000 ===
116.12826|I|libbeamng.print:18052| === LSTM_TRACE t=100 v=24.69 ws=24.02,24.13,24.32,24.40 cmd=0.441,0.462,0.295,0.294 cap=1365,1512,601,597 des=1365,1512,526,522 app=1317,1458,502,498 abs=nil,nil,nil,nil ebrake=1.00 ibrake=1.00 hasABS=0 sy=0.00 split=1.000,0.875 ===
116.12830|I|libbeamng.print:18052| === LSTM_OBS t=100 24.02216,24.13359,24.32414,24.39711,0.00000,0.00000,0.00000,0.02629,0.00000,0.00000,0.00192,1.00000,0.00000,0.00000,0.00000,7008.72578,0.00000 ===
116.17987|I|libbeamng.print:18052| === LSTM_TRACE t=110 v=24.38 ws=24.09,24.38,23.94,24.08 cmd=0.289,0.222,0.150,0.133 cap=922,733,310,271 des=922,733,271,237 app=891,708,259,226 abs=nil,nil,nil,nil ebrake=1.00 ibrake=1.00 hasABS=0 sy=0.00 split=1.000,0.875 ===
116.17992|I|libbeamng.print:18052| === LSTM_OBS t=110 24.09144,24.38351,23.93713,24.07743,0.00000,0.00000,0.00000,0.01523,0.00000,0.00000,0.00049,1.00000,0.00000,0.00000,0.00000,6906.73998,0.00000 ===
116.22772|I|libbeamng.print:18052| === LSTM_TRACE t=120 v=24.17 ws=23.72,24.03,23.84,24.01 cmd=0.283,0.244,0.158,0.147 cap=874,727,293,274 des=874,727,256,240 app=846,703,244,228 abs=nil,nil,nil,nil ebrake=1.00 ibrake=1.00 hasABS=0 sy=0.00 split=1.000,0.875 ===
116.22779|I|libbeamng.print:18052| === LSTM_OBS t=120 23.72028,24.02724,23.83852,24.01021,0.00000,0.00000,0.00000,0.00021,0.00000,0.00000,0.00150,1.00000,0.00000,0.00000,0.00000,6846.80363,0.00000 ===
116.27832|I|libbeamng.print:18052| === LSTM_TRACE t=130 v=23.90 ws=23.32,23.45,23.62,23.66 cmd=0.351,0.360,0.238,0.217 cap=1138,1110,454,419 des=1138,1110,398,367 app=1103,1075,379,350 abs=nil,nil,nil,nil ebrake=1.00 ibrake=1.00 hasABS=0 sy=0.00 split=1.000,0.875 ===
116.27836|I|libbeamng.print:18052| === LSTM_OBS t=130 23.32353,23.45340,23.61695,23.66146,0.00000,0.00000,0.00000,-0.00141,0.00000,0.00000,0.00115,1.00000,0.00000,0.00000,0.00000,6786.22503,0.00000 ===
116.32757|I|libbeamng.print:18052| === LSTM_TRACE t=140 v=23.64 ws=23.31,23.57,23.33,23.42 cmd=0.243,0.227,0.136,0.122 cap=831,725,277,248 des=831,725,243,217 app=807,703,232,207 abs=nil,nil,nil,nil ebrake=1.00 ibrake=1.00 hasABS=0 sy=0.00 split=1.000,0.875 ===
116.32761|I|libbeamng.print:18052| === LSTM_OBS t=140 23.31482,23.57462,23.32728,23.41912,0.00000,0.00000,0.00000,-0.00357,0.00000,0.00000,0.00069,1.00000,0.00000,0.00000,0.00000,6703.94753,0.00000 ===
116.37797|I|libbeamng.print:18052| === LSTM_TRACE t=150 v=23.43 ws=23.05,23.28,23.14,23.23 cmd=0.266,0.234,0.125,0.117 cap=823,673,232,219 des=823,673,203,191 app=800,652,194,182 abs=nil,nil,nil,nil ebrake=1.00 ibrake=1.00 hasABS=0 sy=0.00 split=1.000,0.875 ===
116.37801|I|libbeamng.print:18052| === LSTM_OBS t=150 23.05323,23.27707,23.14283,23.22515,0.00000,0.00000,0.00000,-0.00756,0.00000,0.00000,0.00049,1.00000,0.00000,0.00000,0.00000,6642.38911,0.00000 ===
116.42766|I|libbeamng.print:18052| === LSTM_TRACE t=160 v=23.18 ws=22.77,22.89,22.90,23.05 cmd=0.312,0.329,0.200,0.167 cap=946,1020,401,339 des=946,1020,351,297 app=920,990,335,283 abs=nil,nil,nil,nil ebrake=1.00 ibrake=1.00 hasABS=0 sy=0.00 split=1.000,0.875 ===
116.42769|I|libbeamng.print:18052| === LSTM_OBS t=160 22.77178,22.88828,22.90293,23.04801,0.00000,0.00000,0.00000,0.00400,0.00000,0.00000,0.00124,1.00000,0.00000,0.00000,0.00000,6584.93502,0.00000 ===
116.47799|I|libbeamng.print:18052| === LSTM_TRACE t=170 v=22.96 ws=22.86,23.03,22.66,22.82 cmd=0.183,0.139,0.101,0.087 cap=576,472,203,170 des=576,472,178,149 app=560,458,169,142 abs=nil,nil,nil,nil ebrake=1.00 ibrake=1.00 hasABS=0 sy=0.00 split=1.000,0.875 ===
116.47803|I|libbeamng.print:18052| === LSTM_OBS t=170 22.85685,23.02748,22.65911,22.81876,0.00000,0.00000,0.00000,0.01019,0.00000,0.00000,0.00000,1.00000,0.00000,0.00000,0.00000,6510.66472,0.00000 ===
116.52845|I|libbeamng.print:18052| === LSTM_TRACE t=180 v=22.78 ws=22.28,22.48,22.52,22.59 cmd=0.333,0.316,0.197,0.179 cap=959,871,320,296 des=959,871,280,259 app=933,846,267,246 abs=nil,nil,nil,nil ebrake=1.00 ibrake=1.00 hasABS=0 sy=0.00 split=1.000,0.875 ===
116.52849|I|libbeamng.print:18052| === LSTM_OBS t=180 22.28178,22.47867,22.52096,22.59185,0.00000,0.00000,0.00000,0.00744,0.00000,0.00000,0.00000,1.00000,0.00000,0.00000,0.00000,6460.08113,0.00000 ===
116.57787|I|libbeamng.print:18052| === LSTM_TRACE t=190 v=22.47 ws=22.19,22.33,22.15,22.21 cmd=0.228,0.250,0.137,0.106 cap=794,881,331,261 des=794,881,289,228 app=773,857,276,217 abs=nil,nil,nil,nil ebrake=1.00 ibrake=1.00 hasABS=0 sy=0.00 split=1.000,0.875 ===
116.57792|I|libbeamng.print:18052| === LSTM_OBS t=190 22.19424,22.33145,22.15220,22.20608,0.00000,0.00000,0.00000,-0.00299,0.00000,0.00000,0.00049,1.00000,0.00000,0.00000,0.00000,6385.42050,0.00000 ===
116.62822|I|libbeamng.print:18052| === LSTM_TRACE t=200 v=22.32 ws=22.16,22.36,22.12,22.14 cmd=0.129,0.095,0.077,0.076 cap=385,267,139,136 des=385,267,122,119 app=375,260,116,114 abs=nil,nil,nil,nil ebrake=1.00 ibrake=1.00 hasABS=0 sy=0.00 split=1.000,0.875 ===
116.62825|I|libbeamng.print:18052| === LSTM_OBS t=200 22.16430,22.35861,22.11744,22.14422,0.00000,0.00000,0.00000,-0.01005,0.00000,0.00000,0.00049,1.00000,0.00000,0.00000,0.00000,6318.84193,0.00000 ===
116.67757|I|libbeamng.print:18052| === LSTM_TRACE t=210 v=22.08 ws=21.04,21.05,21.68,21.74 cmd=0.450,0.546,0.522,0.505 cap=1530,1649,944,912 des=1530,1649,826,798 app=1490,1604,787,760 abs=nil,nil,nil,nil ebrake=1.00 ibrake=1.00 hasABS=0 sy=0.00 split=1.000,0.875 ===
116.67764|I|libbeamng.print:18052| === LSTM_OBS t=210 21.04399,21.04503,21.68003,21.74222,0.00000,0.00000,0.00000,-0.00486,0.00000,0.00000,0.00169,1.00000,0.00000,0.00000,0.00000,6274.97104,0.00000 ===
116.72797|I|libbeamng.print:18052| === LSTM_TRACE t=220 v=21.71 ws=21.67,21.80,21.37,21.52 cmd=0.212,0.214,0.091,0.071 cap=785,872,208,166 des=785,872,182,145 app=767,851,174,138 abs=nil,nil,nil,nil ebrake=1.00 ibrake=1.00 hasABS=0 sy=0.00 split=1.000,0.875 ===
116.72800|I|libbeamng.print:18052| === LSTM_OBS t=220 21.66655,21.80335,21.36523,21.51749,0.00000,0.00000,0.00000,-0.00280,0.00000,0.00000,0.00085,1.00000,0.00000,0.00000,0.00000,6153.66711,0.00000 ===
116.77815|I|libbeamng.print:18052| === LSTM_TRACE t=230 v=21.58 ws=21.46,21.63,21.35,21.41 cmd=0.111,0.081,0.076,0.082 cap=310,210,133,141 des=310,210,117,123 app=302,204,111,117 abs=nil,nil,nil,nil ebrake=1.00 ibrake=1.00 hasABS=0 sy=0.00 split=1.000,0.875 ===
116.77819|I|libbeamng.print:18052| === LSTM_OBS t=230 21.45753,21.63032,21.35186,21.41034,0.00000,0.00000,0.00000,-0.01276,0.00000,0.00000,0.00049,1.00000,0.00000,0.00000,0.00000,6099.83107,0.00000 ===
116.82831|I|libbeamng.print:18052| === LSTM_TRACE t=240 v=21.32 ws=20.24,20.22,20.95,21.04 cmd=0.515,0.606,0.584,0.584 cap=1672,1821,1090,1092 des=1672,1821,954,956 app=1631,1775,911,911 abs=nil,nil,nil,nil ebrake=1.00 ibrake=1.00 hasABS=0 sy=0.00 split=1.000,0.875 ===
116.82836|I|libbeamng.print:18052| === LSTM_OBS t=240 20.24403,20.21998,20.94645,21.04162,0.00000,0.00000,0.00000,0.00610,0.00000,0.00000,0.00189,1.00000,0.00000,0.00000,0.00000,6060.49358,0.00000 ===
116.87839|I|libbeamng.print:18052| === LSTM_TRACE t=250 v=20.93 ws=20.78,20.97,20.59,20.67 cmd=0.272,0.304,0.089,0.070 cap=950,1054,218,180 des=950,1054,191,157 app=928,1030,183,150 abs=nil,nil,nil,nil ebrake=1.00 ibrake=1.00 hasABS=0 sy=0.00 split=1.000,0.875 ===
116.87845|I|libbeamng.print:18052| === LSTM_OBS t=250 20.78268,20.96906,20.59111,20.66634,0.00000,0.00000,0.00000,-0.01854,0.00000,0.00000,0.00091,1.00000,0.00000,0.00000,0.00000,5928.18461,0.00000 ===
116.92788|I|libbeamng.print:18052| === LSTM_TRACE t=260 v=20.77 ws=20.64,20.82,20.57,20.62 cmd=0.103,0.078,0.057,0.056 cap=321,223,99,95 des=321,223,87,83 app=314,218,83,79 abs=nil,nil,nil,nil ebrake=1.00 ibrake=1.00 hasABS=0 sy=0.00 split=1.000,0.875 ===
116.92791|I|libbeamng.print:18052| === LSTM_OBS t=260 20.63813,20.82315,20.57466,20.61876,0.00000,0.00000,0.00000,-0.00570,0.00000,0.00000,0.00049,1.00000,0.00000,0.00000,0.00000,5875.06534,0.00000 ===
116.97873|I|libbeamng.print:18052| === LSTM_TRACE t=270 v=20.55 ws=19.77,19.78,20.22,20.37 cmd=0.517,0.576,0.485,0.466 cap=1376,1504,945,908 des=1376,1504,827,795 app=1344,1468,790,758 abs=nil,nil,nil,nil ebrake=1.00 ibrake=1.00 hasABS=0 sy=0.00 split=1.000,0.875 ===
116.97878|I|libbeamng.print:18052| === LSTM_OBS t=270 19.77383,19.77793,20.21915,20.36905,0.00000,0.00000,0.00000,-0.00766,0.00000,0.00000,0.00085,1.00000,0.00000,0.00000,0.00000,5841.08615,0.00000 ===
117.02811|I|libbeamng.print:18052| === LSTM_TRACE t=280 v=20.18 ws=19.91,20.04,19.89,20.07 cmd=0.260,0.274,0.081,0.060 cap=1002,1022,194,149 des=1002,1022,170,130 app=980,1000,163,125 abs=nil,nil,nil,nil ebrake=1.00 ibrake=1.00 hasABS=0 sy=0.00 split=1.000,0.875 ===
117.02817|I|libbeamng.print:18052| === LSTM_OBS t=280 19.90667,20.03953,19.88557,20.07105,0.00000,0.00000,0.00000,-0.01414,0.00000,0.00000,0.00150,1.00000,0.00000,0.00000,0.00000,5727.35017,0.00000 ===
117.07845|I|libbeamng.print:18052| === LSTM_TRACE t=290 v=20.02 ws=19.96,20.07,19.76,19.87 cmd=0.108,0.095,0.046,0.039 cap=302,280,83,68 des=302,280,72,60 app=295,274,69,57 abs=nil,nil,nil,nil ebrake=1.00 ibrake=1.00 hasABS=0 sy=0.00 split=1.000,0.875 ===
117.07849|I|libbeamng.print:18052| === LSTM_OBS t=290 19.95759,20.06640,19.76341,19.86919,0.00000,0.00000,0.00000,0.00641,0.00000,0.00000,0.00000,1.00000,0.00000,0.00000,0.00000,5671.35923,0.00000 ===
117.12795|I|libbeamng.print:18052| === LSTM_TRACE t=300 v=19.84 ws=19.34,19.21,19.63,19.73 cmd=0.353,0.391,0.240,0.200 cap=1016,1206,436,366 des=1016,1206,382,320 app=993,1179,365,305 abs=nil,nil,nil,nil ebrake=1.00 ibrake=1.00 hasABS=0 sy=0.00 split=1.000,0.875 ===
117.12799|I|libbeamng.print:18052| === LSTM_OBS t=300 19.34452,19.21454,19.62581,19.73214,0.00000,0.00000,0.00000,-0.00066,0.00000,0.00000,0.00000,1.00000,0.00000,0.00000,0.00000,5635.95636,0.00000 ===
117.17788|I|libbeamng.print:18052| === LSTM_TRACE t=310 v=19.56 ws=19.34,19.48,19.34,19.41 cmd=0.211,0.249,0.049,0.034 cap=678,808,116,81 des=678,808,101,71 app=663,790,97,68 abs=nil,nil,nil,nil ebrake=1.00 ibrake=1.00 hasABS=0 sy=0.00 split=1.000,0.875 ===
117.17791|I|libbeamng.print:18052| === LSTM_OBS t=310 19.33756,19.47602,19.33943,19.41164,0.00000,0.00000,0.00000,-0.00128,0.00000,0.00000,0.00091,1.00000,0.00000,0.00000,0.00000,5564.75725,0.00000 ===
117.22823|I|libbeamng.print:18052| === LSTM_TRACE t=320 v=19.42 ws=19.41,19.30,19.20,19.28 cmd=0.094,0.128,0.035,0.025 cap=273,423,66,46 des=273,423,58,40 app=266,413,55,38 abs=nil,nil,nil,nil ebrake=1.00 ibrake=1.00 hasABS=0 sy=0.00 split=1.000,0.875 ===
117.22827|I|libbeamng.print:18052| === LSTM_OBS t=320 19.40599,19.30439,19.20345,19.27848,0.00000,0.00000,0.00000,-0.00501,0.00000,0.00000,0.00000,1.00000,0.00000,0.00000,0.00000,5506.34910,0.00000 ===
117.27797|I|libbeamng.print:18052| === LSTM_TRACE t=330 v=19.28 ws=19.14,19.25,19.10,19.16 cmd=0.123,0.141,0.054,0.038 cap=344,423,100,71 des=344,423,88,62 app=335,413,84,59 abs=nil,nil,nil,nil ebrake=1.00 ibrake=1.00 hasABS=0 sy=0.00 split=1.000,0.875 ===
117.27801|I|libbeamng.print:18052| === LSTM_OBS t=330 19.14296,19.25036,19.09768,19.16336,0.00000,0.00000,0.00000,0.00669,0.00000,0.00000,0.00000,1.00000,0.00000,0.00000,0.00000,5468.31238,0.00000 ===
117.32811|I|libbeamng.print:18052| === LSTM_TRACE t=340 v=19.12 ws=18.81,18.83,18.93,19.04 cmd=0.163,0.213,0.065,0.046 cap=593,686,125,89 des=593,686,110,78 app=578,670,104,74 abs=nil,nil,nil,nil ebrake=1.00 ibrake=1.00 hasABS=0 sy=0.00 split=1.000,0.875 ===
117.32815|I|libbeamng.print:18052| === LSTM_OBS t=340 18.81287,18.83266,18.92737,19.03889,0.00000,0.00000,0.00000,-0.00642,0.00000,0.00000,0.00069,1.00000,0.00000,0.00000,0.00000,5429.05918,0.00000 ===
117.37800|I|libbeamng.print:18052| === LSTM_TRACE t=350 v=18.96 ws=18.95,18.82,18.73,18.90 cmd=0.113,0.165,0.034,0.024 cap=330,551,69,48 des=330,551,61,42 app=322,538,58,40 abs=nil,nil,nil,nil ebrake=1.00 ibrake=1.00 hasABS=0 sy=0.00 split=1.000,0.875 ===
117.37804|I|libbeamng.print:18052| === LSTM_OBS t=350 18.95269,18.81781,18.72593,18.89887,0.00000,0.00000,0.00000,-0.00802,0.00000,0.00000,0.00000,1.00000,0.00000,0.00000,0.00000,5381.75462,0.00000 ===
117.42793|I|libbeamng.print:18052| === LSTM_TRACE t=360 v=18.83 ws=18.63,18.77,18.66,18.72 cmd=0.085,0.129,0.039,0.027 cap=288,412,71,50 des=288,412,62,43 app=280,402,59,41 abs=nil,nil,nil,nil ebrake=1.00 ibrake=1.00 hasABS=0 sy=0.00 split=1.000,0.875 ===
117.42797|I|libbeamng.print:18052| === LSTM_OBS t=360 18.63464,18.76553,18.65826,18.71894,0.00000,0.00000,0.00000,0.00007,0.00000,0.00000,0.00000,1.00000,0.00000,0.00000,0.00000,5338.30066,0.00000 ===
117.47798|I|libbeamng.print:18052| === LSTM_TRACE t=370 v=18.69 ws=18.55,18.66,18.48,18.59 cmd=0.128,0.174,0.052,0.036 cap=359,506,100,70 des=359,506,87,62 app=349,493,83,58 abs=nil,nil,nil,nil ebrake=1.00 ibrake=1.00 hasABS=0 sy=0.00 split=1.000,0.875 ===
117.47801|I|libbeamng.print:18052| === LSTM_OBS t=370 18.54660,18.66192,18.48456,18.59446,0.00000,0.00000,0.00000,0.00205,0.00000,0.00000,0.00000,1.00000,0.00000,0.00000,0.00000,5300.13854,0.00000 ===
117.52790|I|libbeamng.print:18052| === LSTM_TRACE t=380 v=18.54 ws=18.42,18.45,18.38,18.39 cmd=0.125,0.192,0.041,0.029 cap=382,588,87,60 des=382,588,76,52 app=372,574,72,49 abs=nil,nil,nil,nil ebrake=1.00 ibrake=1.00 hasABS=0 sy=0.00 split=1.000,0.875 ===
117.52793|I|libbeamng.print:18052| === LSTM_OBS t=380 18.41584,18.44675,18.37869,18.39350,0.00000,0.00000,0.00000,-0.00491,0.00000,0.00000,0.00000,1.00000,0.00000,0.00000,0.00000,5261.74173,0.00000 ===
117.57909|I|libbeamng.print:18052| === LSTM_TRACE t=390 v=18.40 ws=18.31,18.40,18.23,18.27 cmd=0.083,0.149,0.033,0.023 cap=264,446,65,44 des=264,446,57,39 app=256,435,54,37 abs=nil,nil,nil,nil ebrake=1.00 ibrake=1.00 hasABS=0 sy=0.00 split=1.000,0.875 ===
117.57927|I|libbeamng.print:18052| === LSTM_OBS t=390 18.30870,18.39585,18.23342,18.26900,0.00000,0.00000,0.00000,-0.01325,0.00000,0.00000,0.00000,1.00000,0.00000,0.00000,0.00000,5219.21809,0.00000 ===
117.62832|I|libbeamng.print:18052| === LSTM_TRACE t=400 v=18.27 ws=18.12,18.16,18.10,18.14 cmd=0.090,0.149,0.040,0.028 cap=287,446,77,53 des=287,446,67,46 app=278,434,63,44 abs=nil,nil,nil,nil ebrake=1.00 ibrake=1.00 hasABS=0 sy=0.00 split=1.000,0.875 ===
117.62844|I|libbeamng.print:18052| === LSTM_OBS t=400 18.12219,18.15688,18.09965,18.13770,0.00000,0.00000,0.00000,-0.01411,0.00000,0.00000,0.00000,1.00000,0.00000,0.00000,0.00000,5181.10303,0.00000 ===
117.67808|I|libbeamng.print:18052| === LSTM_TRACE t=410 v=18.13 ws=17.98,18.05,17.98,18.02 cmd=0.113,0.189,0.043,0.030 cap=363,543,87,60 des=363,543,76,53 app=352,529,72,50 abs=nil,nil,nil,nil ebrake=1.00 ibrake=1.00 hasABS=0 sy=0.00 split=1.000,0.875 ===
117.67812|I|libbeamng.print:18052| === LSTM_OBS t=410 17.98417,18.04943,17.98299,18.02420,0.00000,0.00000,0.00000,-0.01290,0.00000,0.00000,0.00049,1.00000,0.00000,0.00000,0.00000,5144.69656,0.00000 ===
117.72790|I|libbeamng.print:18052| === LSTM_TRACE t=420 v=17.99 ws=17.95,18.01,17.89,17.87 cmd=0.090,0.172,0.033,0.022 cap=268,510,68,46 des=268,510,59,40 app=260,497,56,38 abs=nil,nil,nil,nil ebrake=1.00 ibrake=1.00 hasABS=0 sy=0.00 split=1.000,0.875 ===
117.72793|I|libbeamng.print:18052| === LSTM_OBS t=420 17.95057,18.01073,17.88919,17.86812,0.00000,0.00000,0.00000,-0.01298,0.00000,0.00000,0.00000,1.00000,0.00000,0.00000,0.00000,5106.44069,0.00000 ===
117.77795|I|libbeamng.print:18052| === LSTM_TRACE t=430 v=17.85 ws=17.82,17.77,17.72,17.79 cmd=0.077,0.146,0.035,0.023 cap=220,473,66,45 des=220,473,58,39 app=213,460,55,37 abs=nil,nil,nil,nil ebrake=1.00 ibrake=1.00 hasABS=0 sy=0.00 split=1.000,0.875 ===
117.77799|I|libbeamng.print:18052| === LSTM_OBS t=430 17.81587,17.76511,17.72485,17.79271,0.00000,0.00000,0.00000,0.00045,0.00000,0.00000,0.00000,1.00000,0.00000,0.00000,0.00000,5067.62719,0.00000 ===
117.82816|I|libbeamng.print:18052| === LSTM_TRACE t=440 v=17.72 ws=17.56,17.62,17.53,17.76 cmd=0.084,0.157,0.042,0.028 cap=277,503,77,52 des=277,503,68,45 app=268,489,64,43 abs=nil,nil,nil,nil ebrake=1.00 ibrake=1.00 hasABS=0 sy=0.00 split=1.000,0.875 ===
117.82820|I|libbeamng.print:18052| === LSTM_OBS t=440 17.56430,17.62322,17.52850,17.75522,0.00000,0.00000,0.00000,-0.00025,0.00000,0.00000,0.00000,1.00000,0.00000,0.00000,0.00000,5031.61382,0.00000 ===
117.87821|I|libbeamng.print:18052| === LSTM_TRACE t=450 v=17.59 ws=17.62,17.45,17.43,17.48 cmd=0.099,0.166,0.035,0.024 cap=262,532,73,50 des=262,532,64,43 app=254,517,60,41 abs=nil,nil,nil,nil ebrake=1.00 ibrake=1.00 hasABS=0 sy=0.00 split=1.000,0.875 ===
117.87827|I|libbeamng.print:18052| === LSTM_OBS t=450 17.62428,17.44987,17.43160,17.47878,0.00000,0.00000,0.00000,-0.00652,0.00000,0.00000,0.00000,1.00000,0.00000,0.00000,0.00000,4994.67401,0.00000 ===
117.92811|I|libbeamng.print:18052| === LSTM_TRACE t=460 v=17.46 ws=17.33,17.51,17.31,17.36 cmd=0.067,0.167,0.032,0.021 cap=237,480,62,41 des=237,480,54,36 app=230,467,51,34 abs=nil,nil,nil,nil ebrake=1.00 ibrake=1.00 hasABS=0 sy=0.00 split=1.000,0.875 ===
117.92814|I|libbeamng.print:18052| === LSTM_OBS t=460 17.32733,17.51152,17.31299,17.36494,0.00000,0.00000,0.00000,-0.02260,0.00000,0.00000,0.00000,1.00000,0.00000,0.00000,0.00000,4957.35390,0.00000 ===
117.97824|I|libbeamng.print:18052| === LSTM_TRACE t=470 v=17.33 ws=17.30,17.17,17.16,17.34 cmd=0.071,0.148,0.035,0.023 cap=209,487,67,44 des=209,487,59,39 app=202,474,55,36 abs=nil,nil,nil,nil ebrake=1.00 ibrake=1.00 hasABS=0 sy=0.00 split=1.000,0.875 ===
117.97828|I|libbeamng.print:18052| === LSTM_OBS t=470 17.29808,17.17033,17.15972,17.34261,0.00000,0.00000,0.00000,-0.00609,0.00000,0.00000,0.00000,1.00000,0.00000,0.00000,0.00000,4919.76102,0.00000 ===
118.02793|I|libbeamng.print:18052| === LSTM_TRACE t=480 v=17.21 ws=17.17,17.02,17.07,17.11 cmd=0.082,0.153,0.037,0.025 cap=240,510,72,48 des=240,510,63,42 app=232,496,59,39 abs=nil,nil,nil,nil ebrake=1.00 ibrake=1.00 hasABS=0 sy=0.00 split=1.000,0.875 ===
118.02797|I|libbeamng.print:18052| === LSTM_OBS t=480 17.16847,17.01730,17.06563,17.10854,0.00000,0.00000,0.00000,-0.00808,0.00000,0.00000,0.00069,1.00000,0.00000,0.00000,0.00000,4887.16652,0.00000 ===
118.07803|I|libbeamng.print:18052| === LSTM_TRACE t=490 v=17.07 ws=16.96,17.03,17.03,16.96 cmd=0.071,0.167,0.033,0.022 cap=246,520,64,43 des=246,520,56,37 app=237,505,53,35 abs=nil,nil,nil,nil ebrake=1.00 ibrake=1.00 hasABS=0 sy=0.00 split=1.000,0.875 ===
118.07807|I|libbeamng.print:18052| === LSTM_OBS t=490 16.95839,17.02741,17.02763,16.95726,0.00000,0.00000,0.00000,-0.01316,0.00000,0.00000,0.00000,1.00000,0.00000,0.00000,0.00000,4850.54092,0.00000 ===
118.12807|I|libbeamng.print:18052| === LSTM_TRACE t=500 v=16.94 ws=16.88,16.86,16.82,16.85 cmd=0.067,0.146,0.032,0.022 cap=207,469,62,42 des=207,469,55,36 app=199,456,52,34 abs=nil,nil,nil,nil ebrake=1.00 ibrake=1.00 hasABS=0 sy=0.00 split=1.000,0.875 ===
118.12811|I|libbeamng.print:18052| === LSTM_OBS t=500 16.87506,16.85556,16.82159,16.85334,0.00000,0.00000,0.00000,-0.00295,0.00000,0.00000,0.00000,1.00000,0.00000,0.00000,0.00000,4814.30619,0.00000 ===
118.17802|I|libbeamng.print:18052| === LSTM_TRACE t=510 v=16.82 ws=16.73,16.72,16.76,16.76 cmd=0.065,0.160,0.033,0.022 cap=211,512,63,42 des=211,512,55,37 app=204,498,52,34 abs=nil,nil,nil,nil ebrake=1.00 ibrake=1.00 hasABS=0 sy=0.00 split=1.000,0.875 ===
118.17806|I|libbeamng.print:18052| === LSTM_OBS t=510 16.73324,16.72136,16.76066,16.75908,0.00000,0.00000,0.00000,-0.00912,0.00000,0.00000,0.00000,1.00000,0.00000,0.00000,0.00000,4779.80270,0.00000 ===
118.22789|I|libbeamng.print:18052| === LSTM_TRACE t=520 v=16.69 ws=16.63,16.55,16.54,16.62 cmd=0.066,0.155,0.033,0.022 cap=199,512,63,42 des=199,512,56,37 app=192,497,52,35 abs=nil,nil,nil,nil ebrake=1.00 ibrake=1.00 hasABS=0 sy=0.00 split=1.000,0.875 ===
118.22793|I|libbeamng.print:18052| === LSTM_OBS t=520 16.63301,16.55158,16.53983,16.62047,0.00000,0.00000,0.00000,-0.00413,0.00000,0.00000,0.00000,1.00000,0.00000,0.00000,0.00000,4744.45878,0.00000 ===
118.27876|I|libbeamng.print:18052| === LSTM_TRACE t=530 v=16.56 ws=16.49,16.51,16.39,16.61 cmd=0.061,0.170,0.031,0.020 cap=204,526,59,39 des=204,526,52,34 app=196,511,49,32 abs=nil,nil,nil,nil ebrake=1.00 ibrake=1.00 hasABS=0 sy=0.00 split=1.000,0.875 ===
118.27881|I|libbeamng.print:18052| === LSTM_OBS t=530 16.48608,16.51286,16.38803,16.60862,0.00000,0.00000,0.00000,-0.01302,0.00000,0.00000,0.00000,1.00000,0.00000,0.00000,0.00000,4708.30512,0.00000 ===
118.32899|I|libbeamng.print:18052| === LSTM_TRACE t=540 v=16.44 ws=16.48,16.44,16.42,16.32 cmd=0.065,0.156,0.030,0.020 cap=181,473,61,40 des=181,473,53,35 app=174,459,50,33 abs=nil,nil,nil,nil ebrake=1.00 ibrake=1.00 hasABS=0 sy=0.00 split=1.000,0.875 ===
118.32902|I|libbeamng.print:18052| === LSTM_OBS t=540 16.47548,16.43867,16.42078,16.31612,0.00000,0.00000,0.00000,-0.01324,0.00000,0.00000,0.00000,1.00000,0.00000,0.00000,0.00000,4672.90077,0.00000 ===
118.37933|I|libbeamng.print:18052| === LSTM_TRACE t=550 v=16.31 ws=16.31,16.17,16.18,16.26 cmd=0.060,0.161,0.030,0.020 cap=175,543,58,39 des=175,543,51,34 app=168,527,48,32 abs=nil,nil,nil,nil ebrake=1.00 ibrake=1.00 hasABS=0 sy=0.00 split=1.000,0.875 ===
118.37938|I|libbeamng.print:18052| === LSTM_OBS t=550 16.30663,16.17129,16.18181,16.26217,0.00000,0.00000,0.00000,-0.00386,0.00000,0.00000,0.00000,1.00000,0.00000,0.00000,0.00000,4637.51267,0.00000 ===
118.42895|I|libbeamng.print:18052| === LSTM_TRACE t=560 v=16.19 ws=16.15,16.16,16.10,16.10 cmd=0.061,0.154,0.030,0.020 cap=201,460,59,39 des=201,460,51,35 app=193,446,48,32 abs=nil,nil,nil,nil ebrake=1.00 ibrake=1.00 hasABS=0 sy=0.00 split=1.000,0.875 ===
118.42899|I|libbeamng.print:18052| === LSTM_OBS t=560 16.14520,16.16459,16.10018,16.10261,0.00000,0.00000,0.00000,-0.01977,0.00000,0.00000,0.00000,1.00000,0.00000,0.00000,0.00000,4604.15736,0.00000 ===
118.47924|I|libbeamng.print:18052| === LSTM_TRACE t=570 v=16.07 ws=15.99,16.00,15.90,16.11 cmd=0.053,0.172,0.029,0.019 cap=170,534,55,37 des=170,534,48,32 app=164,519,45,30 abs=nil,nil,nil,nil ebrake=1.00 ibrake=1.00 hasABS=0 sy=0.00 split=1.000,0.875 ===
118.47928|I|libbeamng.print:18052| === LSTM_OBS t=570 15.99151,15.99668,15.89993,16.10693,0.00000,0.00000,0.00000,-0.00852,0.00000,0.00000,0.00049,1.00000,0.00000,0.00000,0.00000,4567.70709,0.00000 ===
118.52896|I|libbeamng.print:18052| === LSTM_TRACE t=580 v=15.95 ws=15.96,15.76,15.84,15.99 cmd=0.058,0.145,0.029,0.020 cap=171,508,55,37 des=171,508,48,32 app=164,493,46,30 abs=nil,nil,nil,nil ebrake=1.00 ibrake=1.00 hasABS=0 sy=0.00 split=1.000,0.875 ===
118.52900|I|libbeamng.print:18052| === LSTM_OBS t=580 15.96116,15.76188,15.84154,15.99307,0.00000,0.00000,0.00000,-0.00765,0.00000,0.00000,0.00000,1.00000,0.00000,0.00000,0.00000,4533.10116,0.00000 ===
118.57953|I|libbeamng.print:18052| === LSTM_TRACE t=590 v=15.83 ws=15.82,15.74,15.70,15.73 cmd=0.060,0.153,0.028,0.019 cap=190,475,55,37 des=190,475,48,32 app=183,461,45,30 abs=nil,nil,nil,nil ebrake=1.00 ibrake=1.00 hasABS=0 sy=0.00 split=1.000,0.875 ===
118.57957|I|libbeamng.print:18052| === LSTM_OBS t=590 15.81508,15.73941,15.69916,15.72979,0.00000,0.00000,0.00000,-0.01889,0.00000,0.00000,0.00069,1.00000,0.00000,0.00000,0.00000,4498.83279,0.00000 ===
118.62948|I|libbeamng.print:18052| === LSTM_TRACE t=600 v=15.61 ws=15.62,15.56,15.13,15.36 cmd=0.052,0.169,0.025,0.016 cap=175,530,48,32 des=175,530,42,28 app=168,514,39,26 abs=nil,nil,nil,nil ebrake=1.00 ibrake=1.00 hasABS=0 sy=0.00 split=1.000,0.875 ===
118.62951|I|libbeamng.print:18052| === LSTM_OBS t=600 15.61599,15.56402,15.12747,15.35957,0.00000,0.00000,0.00000,-0.01736,0.00000,0.00000,0.00069,1.00000,0.00000,0.00000,0.00000,4595.26999,0.00000 ===
118.67913|I|libbeamng.print:18052| === LSTM_TRACE t=610 v=15.36 ws=15.38,15.31,14.90,14.90 cmd=0.032,0.147,0.022,0.014 cap=100,450,43,28 des=100,450,38,24 app=96,436,36,23 abs=nil,nil,nil,nil ebrake=1.00 ibrake=1.00 hasABS=0 sy=0.00 split=1.000,0.875 ===
118.67917|I|libbeamng.print:18052| === LSTM_OBS t=610 15.38065,15.30530,14.90151,14.89802,0.00000,0.00000,0.00000,-0.02712,0.00000,0.00000,0.00069,1.00000,0.00000,0.00000,0.00000,4861.74391,0.00000 ===
118.72919|I|libbeamng.print:18052| === LSTM_TRACE t=620 v=15.10 ws=15.08,15.07,14.56,14.71 cmd=0.035,0.132,0.024,0.016 cap=102,410,46,30 des=102,410,40,26 app=98,398,38,25 abs=nil,nil,nil,nil ebrake=1.00 ibrake=1.00 hasABS=0 sy=0.00 split=1.000,0.875 ===
118.72922|I|libbeamng.print:18052| === LSTM_OBS t=620 15.08004,15.06584,14.55521,14.70594,0.00000,0.00000,0.00000,-0.01254,0.00000,0.00000,0.00049,1.00000,0.00000,0.00000,0.00000,5134.70183,0.00000 ===
118.77886|I|libbeamng.print:18052| === LSTM_TRACE t=630 v=14.86 ws=14.83,14.81,14.52,14.48 cmd=0.048,0.164,0.027,0.018 cap=166,516,51,34 des=166,516,45,30 app=159,501,42,28 abs=nil,nil,nil,nil ebrake=1.00 ibrake=1.00 hasABS=0 sy=0.00 split=1.000,0.875 ===
118.77889|I|libbeamng.print:18052| === LSTM_OBS t=630 14.82956,14.81207,14.51657,14.47698,0.00000,0.00000,0.00000,-0.01881,0.00000,0.00000,0.00049,1.00000,0.00000,0.00000,0.00000,5390.95355,0.00000 ===
118.82924|I|libbeamng.print:18052| === LSTM_TRACE t=640 v=14.59 ws=14.56,14.59,14.12,14.07 cmd=0.046,0.177,0.025,0.017 cap=142,496,52,35 des=142,496,45,31 app=136,481,43,29 abs=nil,nil,nil,nil ebrake=1.00 ibrake=1.00 hasABS=0 sy=0.00 split=1.000,0.875 ===
118.82928|I|libbeamng.print:18052| === LSTM_OBS t=640 14.55721,14.59137,14.11626,14.07482,0.00000,0.00000,0.00000,-0.02379,0.00000,0.00000,0.00000,1.00000,0.00000,0.00000,0.00000,5630.08097,0.00000 ===
118.87911|I|libbeamng.print:18052| === LSTM_TRACE t=650 v=14.31 ws=14.36,14.22,13.99,14.07 cmd=0.048,0.168,0.026,0.018 cap=165,563,48,33 des=165,563,42,28 app=158,546,39,27 abs=nil,nil,nil,nil ebrake=1.00 ibrake=1.00 hasABS=0 sy=0.00 split=1.000,0.875 ===
118.87915|I|libbeamng.print:18052| === LSTM_OBS t=650 14.36489,14.21991,13.98766,14.07161,0.00000,0.00000,0.00000,-0.02601,0.00000,0.00000,0.00049,1.00000,0.00000,0.00000,0.00000,5846.41135,0.00000 ===
118.92893|I|libbeamng.print:18052| === LSTM_TRACE t=660 v=14.10 ws=14.03,14.06,13.97,14.00 cmd=0.067,0.177,0.036,0.025 cap=194,534,67,47 des=194,534,59,41 app=186,518,56,38 abs=nil,nil,nil,nil ebrake=1.00 ibrake=1.00 hasABS=0 sy=0.00 split=1.000,0.875 ===
118.92897|I|libbeamng.print:18052| === LSTM_OBS t=660 14.03082,14.05582,13.96917,13.99634,0.00000,0.00000,0.00000,-0.01298,0.00000,0.00000,0.00000,1.00000,0.00000,0.00000,0.00000,5960.26303,0.00000 ===
118.97896|I|libbeamng.print:18052| === LSTM_TRACE t=670 v=13.94 ws=13.89,13.79,13.82,13.83 cmd=0.135,0.247,0.052,0.038 cap=334,725,102,75 des=334,725,90,66 app=320,703,84,61 abs=nil,nil,nil,nil ebrake=1.00 ibrake=1.00 hasABS=0 sy=0.00 split=1.000,0.875 ===
118.97899|I|libbeamng.print:18052| === LSTM_OBS t=670 13.88792,13.78655,13.81522,13.82660,0.00000,0.00000,0.00000,-0.01614,0.00000,0.00000,0.00000,1.00000,0.00000,0.00000,0.00000,5956.89490,0.00000 ===
119.02887|I|libbeamng.print:18052| === LSTM_TRACE t=680 v=13.76 ws=13.67,13.56,13.74,13.81 cmd=0.122,0.265,0.056,0.042 cap=420,861,106,79 des=420,861,92,69 app=403,835,87,64 abs=nil,nil,nil,nil ebrake=1.00 ibrake=1.00 hasABS=0 sy=0.00 split=1.000,0.875 ===
119.02891|I|libbeamng.print:18052| === LSTM_OBS t=680 13.66850,13.55697,13.74136,13.81478,0.00000,0.00000,0.00000,-0.01376,0.00000,0.00000,0.00000,1.00000,0.00000,0.00000,0.00000,5892.73593,0.00000 ===
119.07989|I|libbeamng.print:18052| === LSTM_TRACE t=690 v=13.59 ws=13.46,13.41,13.55,13.53 cmd=0.125,0.285,0.052,0.039 cap=441,909,96,73 des=441,909,84,64 app=423,883,79,60 abs=nil,nil,nil,nil ebrake=1.00 ibrake=1.00 hasABS=0 sy=0.00 split=1.000,0.875 ===
119.07995|I|libbeamng.print:18052| === LSTM_OBS t=690 13.45909,13.40571,13.54636,13.52787,0.00000,0.00000,0.00000,-0.01432,0.00000,0.00000,0.00000,1.00000,0.00000,0.00000,0.00000,5816.45227,0.00000 ===
119.12890|I|libbeamng.print:18052| === LSTM_TRACE t=700 v=13.40 ws=13.39,13.29,13.28,13.30 cmd=0.120,0.284,0.046,0.033 cap=363,852,91,66 des=363,852,80,58 app=348,828,75,55 abs=nil,nil,nil,nil ebrake=1.00 ibrake=1.00 hasABS=0 sy=0.00 split=1.000,0.875 ===
119.12894|I|libbeamng.print:18052| === LSTM_OBS t=700 13.38812,13.28730,13.27644,13.29519,0.00000,0.00000,0.00000,-0.01919,0.00000,0.00000,0.00000,1.00000,0.00000,0.00000,0.00000,5740.54408,0.00000 ===
119.17905|I|libbeamng.print:18052| === LSTM_TRACE t=710 v=13.24 ws=13.20,13.12,13.16,13.21 cmd=0.098,0.262,0.045,0.033 cap=273,787,89,65 des=273,787,78,57 app=261,765,74,53 abs=nil,nil,nil,nil ebrake=1.00 ibrake=1.00 hasABS=0 sy=0.00 split=1.000,0.875 ===
119.17909|I|libbeamng.print:18052| === LSTM_OBS t=710 13.20387,13.12447,13.15861,13.21402,0.00000,0.00000,0.00000,-0.01597,0.00000,0.00000,0.00000,1.00000,0.00000,0.00000,0.00000,5665.10376,0.00000 ===
119.22884|I|libbeamng.print:18052| === LSTM_TRACE t=720 v=13.07 ws=13.06,12.97,13.02,13.06 cmd=0.106,0.264,0.045,0.032 cap=275,798,90,65 des=275,798,79,57 app=263,776,74,53 abs=nil,nil,nil,nil ebrake=1.00 ibrake=1.00 hasABS=0 sy=0.00 split=1.000,0.875 ===
119.22887|I|libbeamng.print:18052| === LSTM_OBS t=720 13.06441,12.96630,13.01771,13.06388,0.00000,0.00000,0.00000,-0.01841,0.00000,0.00000,0.00000,1.00000,0.00000,0.00000,0.00000,5593.80453,0.00000 ===
119.27889|I|libbeamng.print:18052| === LSTM_TRACE t=730 v=12.91 ws=12.89,12.77,12.86,12.89 cmd=0.106,0.262,0.045,0.033 cap=288,794,91,66 des=288,794,80,58 app=276,773,75,54 abs=nil,nil,nil,nil ebrake=1.00 ibrake=1.00 hasABS=0 sy=0.00 split=1.000,0.875 ===
119.27893|I|libbeamng.print:18052| === LSTM_OBS t=730 12.89457,12.76711,12.85574,12.88649,0.00000,0.00000,0.00000,-0.01898,0.00000,0.00000,0.00000,1.00000,0.00000,0.00000,0.00000,5523.39179,0.00000 ===
119.32968|I|libbeamng.print:18052| === LSTM_TRACE t=740 v=12.74 ws=12.70,12.60,12.64,12.64 cmd=0.100,0.256,0.043,0.031 cap=292,779,87,63 des=292,779,76,55 app=280,758,72,52 abs=nil,nil,nil,nil ebrake=1.00 ibrake=1.00 hasABS=0 sy=0.00 split=1.000,0.875 ===
119.32981|I|libbeamng.print:18052| === LSTM_OBS t=740 12.69991,12.60305,12.64216,12.64166,0.00000,0.00000,0.00000,-0.02026,0.00000,0.00000,0.00049,1.00000,0.00000,0.00000,0.00000,5453.38123,0.00000 ===
119.37888|I|libbeamng.print:18052| === LSTM_TRACE t=750 v=12.58 ws=12.60,12.44,12.48,12.54 cmd=0.092,0.249,0.039,0.029 cap=277,795,78,57 des=277,795,68,50 app=266,774,64,47 abs=nil,nil,nil,nil ebrake=1.00 ibrake=1.00 hasABS=0 sy=0.00 split=1.000,0.875 ===
119.37892|I|libbeamng.print:18052| === LSTM_OBS t=750 12.60264,12.44169,12.48318,12.53700,0.00000,0.00000,0.00000,-0.01580,0.00000,0.00000,0.00000,1.00000,0.00000,0.00000,0.00000,5383.61746,0.00000 ===
119.42903|I|libbeamng.print:18052| === LSTM_TRACE t=760 v=12.43 ws=12.40,12.27,12.42,12.46 cmd=0.062,0.220,0.038,0.027 cap=213,733,71,50 des=213,733,62,44 app=204,713,58,41 abs=nil,nil,nil,nil ebrake=1.00 ibrake=1.00 hasABS=0 sy=0.00 split=1.000,0.875 ===
119.42906|I|libbeamng.print:18052| === LSTM_OBS t=760 12.39689,12.27490,12.41818,12.46181,0.00000,0.00000,0.00000,-0.02264,0.00000,0.00000,0.00000,1.00000,0.00000,0.00000,0.00000,5315.19662,0.00000 ===
119.47969|I|libbeamng.print:18052| === LSTM_TRACE t=770 v=12.27 ws=12.21,12.19,12.13,12.17 cmd=0.072,0.240,0.037,0.027 cap=242,717,71,51 des=242,717,62,45 app=232,698,58,42 abs=nil,nil,nil,nil ebrake=1.00 ibrake=1.00 hasABS=0 sy=0.00 split=1.000,0.875 ===
119.47973|I|libbeamng.print:18052| === LSTM_OBS t=770 12.20669,12.18642,12.13024,12.16501,0.00000,0.00000,0.00000,-0.01764,0.00000,0.00000,0.00049,1.00000,0.00000,0.00000,0.00000,5249.39206,0.00000 ===
119.52973|I|libbeamng.print:18052| === LSTM_TRACE t=780 v=12.12 ws=12.14,12.02,12.03,12.02 cmd=0.070,0.213,0.035,0.025 cap=195,647,71,51 des=195,647,62,45 app=187,630,59,42 abs=nil,nil,nil,nil ebrake=1.00 ibrake=1.00 hasABS=0 sy=0.00 split=1.000,0.875 ===
119.52977|I|libbeamng.print:18052| === LSTM_OBS t=780 12.14271,12.02205,12.03110,12.02199,0.00000,0.00000,0.00000,-0.01814,0.00000,0.00000,0.00049,1.00000,0.00000,0.00000,0.00000,5185.53077,0.00000 ===
119.57936|I|libbeamng.print:18052| === LSTM_TRACE t=790 v=11.98 ws=12.03,11.86,11.97,12.01 cmd=0.064,0.206,0.035,0.025 cap=186,676,68,49 des=186,676,60,43 app=178,658,56,40 abs=nil,nil,nil,nil ebrake=1.00 ibrake=1.00 hasABS=0 sy=0.00 split=1.000,0.875 ===
119.57940|I|libbeamng.print:18052| === LSTM_OBS t=790 12.03065,11.85505,11.97027,12.00796,0.00000,0.00000,0.00000,-0.01945,0.00000,0.00000,0.00085,1.00000,0.00000,0.00000,0.00000,5121.71789,0.00000 ===
119.62980|I|libbeamng.print:18052| === LSTM_TRACE t=800 v=11.83 ws=11.82,11.77,11.79,11.86 cmd=0.056,0.214,0.034,0.025 cap=184,659,65,47 des=184,659,57,41 app=176,641,54,39 abs=nil,nil,nil,nil ebrake=1.00 ibrake=1.00 hasABS=0 sy=0.00 split=1.000,0.875 ===
119.62983|I|libbeamng.print:18052| === LSTM_OBS t=800 11.81583,11.76670,11.78883,11.85626,0.00000,0.00000,0.00000,-0.01767,0.00000,0.00000,0.00000,1.00000,0.00000,0.00000,0.00000,5058.79568,0.00000 ===
119.67935|I|libbeamng.print:18052| === LSTM_TRACE t=810 v=11.69 ws=11.70,11.58,11.66,11.70 cmd=0.055,0.203,0.032,0.024 cap=178,640,63,46 des=178,640,55,40 app=170,623,52,38 abs=nil,nil,nil,nil ebrake=1.00 ibrake=1.00 hasABS=0 sy=0.00 split=1.000,0.875 ===
119.67939|I|libbeamng.print:18052| === LSTM_OBS t=810 11.70298,11.58252,11.66456,11.70232,0.00000,0.00000,0.00000,-0.02055,0.00000,0.00000,0.00049,1.00000,0.00000,0.00000,0.00000,4996.59234,0.00000 ===
119.72949|I|libbeamng.print:18052| === LSTM_TRACE t=820 v=11.54 ws=11.56,11.48,11.51,11.52 cmd=0.054,0.206,0.031,0.023 cap=170,612,60,45 des=170,612,53,39 app=163,596,50,37 abs=nil,nil,nil,nil ebrake=1.00 ibrake=1.00 hasABS=0 sy=0.00 split=1.000,0.875 ===
119.72954|I|libbeamng.print:18052| === LSTM_OBS t=820 11.55591,11.48177,11.50667,11.51676,0.00000,0.00000,0.00000,-0.01979,0.00000,0.00000,0.00085,1.00000,0.00000,0.00000,0.00000,4935.14326,0.00000 ===
119.77926|I|libbeamng.print:18052| === LSTM_TRACE t=830 v=11.41 ws=11.45,11.33,11.39,11.43 cmd=0.053,0.189,0.031,0.023 cap=164,618,59,43 des=164,618,51,38 app=157,601,48,35 abs=nil,nil,nil,nil ebrake=1.00 ibrake=1.00 hasABS=0 sy=0.00 split=1.000,0.875 ===
119.77934|I|libbeamng.print:18052| === LSTM_OBS t=830 11.44731,11.32758,11.39328,11.43041,0.00000,0.00000,0.00000,-0.01068,0.00000,0.00000,0.00049,1.00000,0.00000,0.00000,0.00000,4874.49103,0.00000 ===
119.82949|I|libbeamng.print:18052| === LSTM_TRACE t=840 v=11.27 ws=11.26,11.20,11.22,11.23 cmd=0.048,0.193,0.030,0.022 cap=167,619,56,42 des=167,619,49,37 app=159,602,46,34 abs=nil,nil,nil,nil ebrake=1.00 ibrake=1.00 hasABS=0 sy=0.00 split=1.000,0.875 ===
119.82953|I|libbeamng.print:18052| === LSTM_OBS t=840 11.25839,11.19626,11.21580,11.22828,0.00000,0.00000,0.00000,-0.01246,0.00000,0.00000,0.00000,1.00000,0.00000,0.00000,0.00000,4813.15982,0.00000 ===
119.87970|I|libbeamng.print:18052| === LSTM_TRACE t=850 v=11.13 ws=11.14,11.09,11.08,11.09 cmd=0.047,0.188,0.029,0.021 cap=148,578,55,41 des=148,578,48,36 app=142,563,45,34 abs=nil,nil,nil,nil ebrake=1.00 ibrake=1.00 hasABS=0 sy=0.00 split=1.000,0.875 ===
119.87976|I|libbeamng.print:18052| === LSTM_OBS t=850 11.13528,11.08537,11.07836,11.08592,0.00000,0.00000,0.00000,-0.01079,0.00000,0.00000,0.00000,1.00000,0.00000,0.00000,0.00000,4754.27077,0.00000 ===
119.92959|I|libbeamng.print:18052| === LSTM_TRACE t=860 v=11.00 ws=11.01,11.02,10.91,10.92 cmd=0.049,0.196,0.027,0.020 cap=155,550,54,40 des=155,550,47,35 app=148,535,44,33 abs=nil,nil,nil,nil ebrake=1.00 ibrake=1.00 hasABS=0 sy=0.00 split=1.000,0.875 ===
119.92962|I|libbeamng.print:18052| === LSTM_OBS t=860 11.00857,11.02355,10.90682,10.91658,0.00000,0.00000,0.00000,-0.01286,0.00000,0.00000,0.00049,1.00000,0.00000,0.00000,0.00000,4696.44978,0.00000 ===
119.97922|I|libbeamng.print:18052| === LSTM_TRACE t=870 v=10.87 ws=10.92,10.73,10.81,10.85 cmd=0.049,0.165,0.028,0.021 cap=133,575,54,40 des=133,575,47,35 app=127,559,44,33 abs=nil,nil,nil,nil ebrake=1.00 ibrake=1.00 hasABS=0 sy=0.00 split=1.000,0.875 ===
119.97926|I|libbeamng.print:18052| === LSTM_OBS t=870 10.91996,10.73395,10.80765,10.84894,0.00000,0.00000,0.00000,-0.00707,0.00000,0.00000,0.00049,1.00000,0.00000,0.00000,0.00000,4639.09159,0.00000 ===
120.02950|I|libbeamng.print:18052| === LSTM_TRACE t=880 v=10.74 ws=10.71,10.67,10.66,10.67 cmd=0.043,0.174,0.027,0.020 cap=148,543,52,39 des=148,543,45,34 app=142,528,43,32 abs=nil,nil,nil,nil ebrake=1.00 ibrake=1.00 hasABS=0 sy=0.00 split=1.000,0.875 ===
120.02954|I|libbeamng.print:18052| === LSTM_OBS t=880 10.71095,10.67225,10.65843,10.67279,0.00000,0.00000,0.00000,-0.01388,0.00000,0.00000,0.00069,1.00000,0.00000,0.00000,0.00000,4582.54787,0.00000 ===
120.07932|I|libbeamng.print:18052| === LSTM_TRACE t=890 v=10.60 ws=10.63,10.51,10.59,10.56 cmd=0.046,0.167,0.026,0.020 cap=145,558,50,37 des=145,558,44,33 app=138,543,41,31 abs=nil,nil,nil,nil ebrake=1.00 ibrake=1.00 hasABS=0 sy=0.00 split=1.000,0.875 ===
120.07943|I|libbeamng.print:18052| === LSTM_OBS t=890 10.63129,10.50621,10.58920,10.55934,0.00000,0.00000,0.00000,-0.01165,0.00000,0.00000,0.00069,1.00000,0.00000,0.00000,0.00000,4526.73441,0.00000 ===
120.13093|I|libbeamng.print:18052| === LSTM_TRACE t=900 v=10.47 ws=10.49,10.40,10.49,10.44 cmd=0.043,0.167,0.026,0.020 cap=138,539,50,38 des=138,539,44,33 app=132,524,41,31 abs=nil,nil,nil,nil ebrake=1.00 ibrake=1.00 hasABS=0 sy=0.00 split=1.000,0.875 ===
120.13097|I|libbeamng.print:18052| === LSTM_OBS t=900 10.48922,10.39946,10.48869,10.44143,0.00000,0.00000,0.00000,-0.01383,0.00000,0.00000,0.00085,1.00000,0.00000,0.00000,0.00000,4471.51686,0.00000 ===
120.18030|I|libbeamng.print:18052| === LSTM_TRACE t=910 v=10.34 ws=10.35,10.27,10.34,10.31 cmd=0.041,0.164,0.026,0.019 cap=134,529,49,37 des=134,529,43,33 app=128,514,40,31 abs=nil,nil,nil,nil ebrake=1.00 ibrake=1.00 hasABS=0 sy=0.00 split=1.000,0.875 ===
120.18034|I|libbeamng.print:18052| === LSTM_OBS t=910 10.34682,10.26711,10.34470,10.30811,0.00000,0.00000,0.00000,-0.01361,0.00000,0.00000,0.00069,1.00000,0.00000,0.00000,0.00000,4416.61728,0.00000 ===
120.23063|I|libbeamng.print:18052| === LSTM_TRACE t=920 v=10.22 ws=10.22,10.17,10.19,10.15 cmd=0.041,0.173,0.024,0.018 cap=128,520,48,36 des=128,520,42,32 app=123,506,39,30 abs=nil,nil,nil,nil ebrake=1.00 ibrake=1.00 hasABS=0 sy=0.00 split=1.000,0.875 ===
120.23071|I|libbeamng.print:18052| === LSTM_OBS t=920 10.22118,10.17047,10.19102,10.15238,0.00000,0.00000,0.00000,-0.01782,0.00000,0.00000,0.00069,1.00000,0.00000,0.00000,0.00000,4362.52878,0.00000 ===
120.28035|I|libbeamng.print:18052| === LSTM_TRACE t=930 v=10.09 ws=10.11,10.01,9.99,10.04 cmd=0.043,0.155,0.024,0.018 cap=123,494,48,36 des=123,494,42,32 app=118,480,39,30 abs=nil,nil,nil,nil ebrake=1.00 ibrake=1.00 hasABS=0 sy=0.00 split=1.000,0.875 ===
120.28039|I|libbeamng.print:18052| === LSTM_OBS t=930 10.11445,10.00857,9.98778,10.04111,0.00000,0.00000,0.00000,-0.01025,0.00000,0.00000,0.00049,1.00000,0.00000,0.00000,0.00000,4308.78091,0.00000 ===
120.34557|I|libbeamng.print:18052| === LSTM_TRACE t=940 v=9.96 ws=9.95,9.90,9.88,9.87 cmd=0.040,0.164,0.024,0.018 cap=128,511,47,35 des=128,511,41,31 app=122,496,38,29 abs=nil,nil,nil,nil ebrake=1.00 ibrake=1.00 hasABS=0 sy=0.00 split=1.000,0.875 ===
120.34561|I|libbeamng.print:18052| === LSTM_OBS t=940 9.95168,9.90449,9.88282,9.87498,0.00000,0.00000,0.00000,-0.01149,0.00000,0.00000,0.00069,1.00000,0.00000,0.00000,0.00000,4255.11529,0.00000 ===
120.39134|I|libbeamng.print:18052| === LSTM_TRACE t=950 v=9.83 ws=9.86,9.85,9.78,9.85 cmd=0.039,0.161,0.023,0.018 cap=114,474,47,36 des=114,474,41,31 app=109,460,39,29 abs=nil,nil,nil,nil ebrake=1.00 ibrake=1.00 hasABS=0 sy=0.00 split=1.000,0.875 ===
120.39140|I|libbeamng.print:18052| === LSTM_OBS t=950 9.86398,9.84771,9.77723,9.84946,0.00000,0.00000,0.00000,-0.01130,0.00000,0.00000,0.00085,1.00000,0.00000,0.00000,0.00000,4205.37846,0.00000 ===
120.44088|I|libbeamng.print:18052| === LSTM_TRACE t=960 v=9.71 ws=9.74,9.68,9.68,9.73 cmd=0.040,0.152,0.023,0.018 cap=128,482,44,34 des=128,482,39,30 app=122,468,36,28 abs=nil,nil,nil,nil ebrake=1.00 ibrake=1.00 hasABS=0 sy=0.00 split=1.000,0.875 ===
120.44092|I|libbeamng.print:18052| === LSTM_OBS t=960 9.74043,9.68023,9.67643,9.73168,0.00000,0.00000,0.00000,-0.01013,0.00000,0.00000,0.00085,1.00000,0.00000,0.00000,0.00000,4150.01550,0.00000 ===
120.49033|I|libbeamng.print:18052| === LSTM_TRACE t=970 v=9.59 ws=9.60,9.55,9.53,9.53 cmd=0.038,0.158,0.022,0.017 cap=112,478,44,34 des=112,478,39,29 app=107,465,36,28 abs=nil,nil,nil,nil ebrake=1.00 ibrake=1.00 hasABS=0 sy=0.00 split=1.000,0.875 ===
120.49036|I|libbeamng.print:18052| === LSTM_OBS t=970 9.60021,9.54859,9.52636,9.53274,0.00000,0.00000,0.00000,-0.01199,0.00000,0.00000,0.00085,1.00000,0.00000,0.00000,0.00000,4095.63670,0.00000 ===
120.53885|I|libbeamng.print:18052| === LSTM_TRACE t=980 v=9.46 ws=9.46,9.42,9.35,9.45 cmd=0.037,0.145,0.022,0.017 cap=117,455,43,33 des=117,455,38,29 app=111,442,35,27 abs=nil,nil,nil,nil ebrake=1.00 ibrake=1.00 hasABS=0 sy=0.00 split=1.000,0.875 ===
120.53889|I|libbeamng.print:18052| === LSTM_OBS t=980 9.45967,9.41786,9.35019,9.45022,0.00000,0.00000,0.00000,-0.00893,0.00000,0.00000,0.00069,1.00000,0.00000,0.00000,0.00000,4046.70934,0.00000 ===
120.58723|I|libbeamng.print:18052| === LSTM_TRACE t=990 v=9.34 ws=9.37,9.31,9.32,9.40 cmd=0.037,0.143,0.021,0.017 cap=121,459,41,32 des=121,459,36,28 app=115,445,34,26 abs=nil,nil,nil,nil ebrake=1.00 ibrake=1.00 hasABS=0 sy=0.00 split=1.000,0.875 ===
120.58727|I|libbeamng.print:18052| === LSTM_OBS t=990 9.36944,9.30721,9.32479,9.40100,0.00000,0.00000,0.00000,-0.01261,0.00000,0.00000,0.00085,1.00000,0.00000,0.00000,0.00000,3993.36794,0.00000 ===
120.63646|I|libbeamng.print:18052| === LSTM_TRACE t=1000 v=9.22 ws=9.27,9.21,9.11,9.12 cmd=0.040,0.149,0.020,0.016 cap=105,452,41,31 des=105,452,36,28 app=100,439,34,26 abs=nil,nil,nil,nil ebrake=1.00 ibrake=1.00 hasABS=0 sy=0.00 split=1.000,0.875 ===
120.63650|I|libbeamng.print:18052| === LSTM_OBS t=1000 9.26585,9.21243,9.10579,9.12253,0.00000,0.00000,0.00000,-0.00437,0.00000,0.00000,0.00069,1.00000,0.00000,0.00000,0.00000,3940.75128,0.00000 ===
120.68636|I|libbeamng.print:18052| === LSTM_TRACE t=1010 v=9.10 ws=9.14,9.10,9.11,9.16 cmd=0.036,0.145,0.020,0.016 cap=113,445,40,31 des=113,445,35,27 app=107,431,33,25 abs=nil,nil,nil,nil ebrake=1.00 ibrake=1.00 hasABS=0 sy=0.00 split=1.000,0.875 ===
120.68643|I|libbeamng.print:18052| === LSTM_OBS t=1010 9.14319,9.10341,9.10587,9.16246,0.00000,0.00000,0.00000,-0.01217,0.00000,0.00000,0.00091,1.00000,0.00000,0.00000,0.00000,3888.62679,0.00000 ===
120.73600|I|libbeamng.print:18052| === LSTM_TRACE t=1020 v=8.98 ws=9.04,8.97,8.86,8.87 cmd=0.039,0.149,0.019,0.015 cap=98,438,40,31 des=98,438,35,27 app=93,425,33,25 abs=nil,nil,nil,nil ebrake=1.00 ibrake=1.00 hasABS=0 sy=0.00 split=1.000,0.875 ===
120.73604|I|libbeamng.print:18052| === LSTM_OBS t=1020 9.03632,8.97054,8.85525,8.87381,0.00000,0.00000,0.00000,-0.00589,0.00000,0.00000,0.00091,1.00000,0.00000,0.00000,0.00000,3837.45563,0.00000 ===
120.78695|I|libbeamng.print:18052| === LSTM_TRACE t=1030 v=8.87 ws=8.91,8.86,8.92,8.91 cmd=0.035,0.141,0.019,0.015 cap=113,439,37,29 des=113,439,33,25 app=108,426,31,24 abs=nil,nil,nil,nil ebrake=1.00 ibrake=1.00 hasABS=0 sy=0.00 split=1.000,0.875 ===
120.78704|I|libbeamng.print:18052| === LSTM_OBS t=1030 8.90951,8.85668,8.92044,8.90689,0.00000,0.00000,0.00000,-0.01783,0.00000,0.00000,0.00069,1.00000,0.00000,0.00000,0.00000,3786.61184,0.00000 ===
120.83624|I|libbeamng.print:18052| === LSTM_TRACE t=1040 v=8.74 ws=8.77,8.73,8.65,8.72 cmd=0.035,0.135,0.019,0.015 cap=104,407,37,29 des=104,407,33,26 app=99,395,31,24 abs=nil,nil,nil,nil ebrake=1.00 ibrake=1.00 hasABS=0 sy=0.00 split=1.000,0.875 ===
120.83628|I|libbeamng.print:18052| === LSTM_OBS t=1040 8.76754,8.73407,8.64889,8.71772,0.00000,0.00000,0.00000,-0.00555,0.00000,0.00000,0.00085,1.00000,0.00000,0.00000,0.00000,3736.22963,0.00000 ===
120.88626|I|libbeamng.print:18052| === LSTM_TRACE t=1050 v=8.63 ws=8.60,8.60,8.53,8.56 cmd=0.034,0.142,0.019,0.015 cap=114,438,36,29 des=114,438,32,25 app=108,425,30,24 abs=nil,nil,nil,nil ebrake=1.00 ibrake=1.00 hasABS=0 sy=0.00 split=1.000,0.875 ===
120.88630|I|libbeamng.print:18052| === LSTM_OBS t=1050 8.60212,8.59630,8.52545,8.55677,0.00000,0.00000,0.00000,-0.00454,0.00000,0.00000,0.00085,1.00000,0.00000,0.00000,0.00000,3686.35951,0.00000 ===
120.93597|I|libbeamng.print:18052| === LSTM_TRACE t=1060 v=8.51 ws=8.55,8.47,8.60,8.56 cmd=0.032,0.134,0.019,0.015 cap=105,442,36,28 des=105,442,31,25 app=100,429,29,23 abs=nil,nil,nil,nil ebrake=1.00 ibrake=1.00 hasABS=0 sy=0.00 split=1.000,0.875 ===
120.93601|I|libbeamng.print:18052| === LSTM_OBS t=1060 8.55019,8.46975,8.60277,8.56366,0.00000,0.00000,0.00000,-0.00760,0.00000,0.00000,0.00085,1.00000,0.00000,0.00000,0.00000,3636.23084,0.00000 ===
120.98551|I|libbeamng.print:18052| === LSTM_TRACE t=1070 v=8.39 ws=8.41,8.37,8.37,8.39 cmd=0.032,0.136,0.018,0.014 cap=100,428,34,27 des=100,428,30,24 app=95,415,28,22 abs=nil,nil,nil,nil ebrake=1.00 ibrake=1.00 hasABS=0 sy=0.00 split=1.000,0.875 ===
120.98555|I|libbeamng.print:18052| === LSTM_OBS t=1070 8.40501,8.37020,8.37001,8.39353,0.00000,0.00000,0.00000,-0.00480,0.00000,0.00000,0.00049,1.00000,0.00000,0.00000,0.00000,3586.52904,0.00000 ===
121.03613|I|libbeamng.print:18052| === LSTM_TRACE t=1080 v=8.28 ws=8.34,8.27,8.10,8.22 cmd=0.036,0.132,0.017,0.013 cap=90,396,34,27 des=90,396,30,23 app=86,384,28,22 abs=nil,nil,nil,nil ebrake=1.00 ibrake=1.00 hasABS=0 sy=0.00 split=1.000,0.875 ===
121.03616|I|libbeamng.print:18052| === LSTM_OBS t=1080 8.33746,8.27378,8.09998,8.22007,0.00000,0.00000,0.00000,-0.00056,0.00000,0.00000,0.00085,1.00000,0.00000,0.00000,0.00000,3537.41532,0.00000 ===
121.08586|I|libbeamng.print:18052| === LSTM_TRACE t=1090 v=8.17 ws=8.12,8.15,8.08,8.09 cmd=0.032,0.133,0.017,0.013 cap=112,408,32,25 des=112,408,28,22 app=107,396,26,21 abs=nil,nil,nil,nil ebrake=1.00 ibrake=1.00 hasABS=0 sy=0.00 split=1.000,0.875 ===
121.08591|I|libbeamng.print:18052| === LSTM_OBS t=1090 8.11951,8.15405,8.07716,8.09188,0.00000,0.00000,0.00000,-0.00738,0.00000,0.00000,0.00091,1.00000,0.00000,0.00000,0.00000,3488.41190,0.00000 ===
121.13605|I|libbeamng.print:18052| === LSTM_TRACE t=1100 v=8.06 ws=8.07,8.03,8.03,8.03 cmd=0.033,0.137,0.016,0.013 cap=109,413,32,25 des=109,413,28,22 app=104,401,26,21 abs=nil,nil,nil,nil ebrake=1.00 ibrake=1.00 hasABS=0 sy=0.00 split=1.000,0.875 ===
121.13613|I|libbeamng.print:18052| === LSTM_OBS t=1100 8.06514,8.02766,8.03031,8.03372,0.00000,0.00000,0.00000,-0.02059,0.00000,0.00000,0.00091,1.00000,0.00000,0.00000,0.00000,3439.63010,0.00000 ===
121.18548|I|libbeamng.print:18052| === LSTM_TRACE t=1110 v=7.94 ws=7.98,7.90,7.93,7.93 cmd=0.032,0.125,0.016,0.013 cap=96,400,31,25 des=96,400,27,21 app=92,388,25,20 abs=nil,nil,nil,nil ebrake=1.00 ibrake=1.00 hasABS=0 sy=0.00 split=1.000,0.875 ===
121.18552|I|libbeamng.print:18052| === LSTM_OBS t=1110 7.97521,7.89505,7.93145,7.92787,0.00000,0.00000,0.00000,-0.00904,0.00000,0.00000,0.00085,1.00000,0.00000,0.00000,0.00000,3391.12556,0.00000 ===
121.23605|I|libbeamng.print:18052| === LSTM_TRACE t=1120 v=7.82 ws=7.88,7.79,7.80,7.79 cmd=0.032,0.125,0.015,0.012 cap=89,392,31,24 des=89,392,27,21 app=85,380,25,20 abs=nil,nil,nil,nil ebrake=1.00 ibrake=1.00 hasABS=0 sy=0.00 split=1.000,0.875 ===
121.23609|I|libbeamng.print:18052| === LSTM_OBS t=1120 7.87836,7.79421,7.80097,7.78906,0.00000,0.00000,0.00000,-0.01027,0.00000,0.00000,0.00085,1.00000,0.00000,0.00000,0.00000,3342.42391,0.00000 ===
121.28583|I|libbeamng.print:18052| === LSTM_TRACE t=1130 v=7.71 ws=7.76,7.69,7.67,7.67 cmd=0.032,0.129,0.015,0.012 cap=89,393,29,23 des=89,393,26,20 app=85,381,24,19 abs=nil,nil,nil,nil ebrake=1.00 ibrake=1.00 hasABS=0 sy=0.00 split=1.000,0.875 ===
121.28586|I|libbeamng.print:18052| === LSTM_OBS t=1130 7.75845,7.68629,7.66883,7.67006,0.00000,0.00000,0.00000,-0.01334,0.00000,0.00000,0.00069,1.00000,0.00000,0.00000,0.00000,3294.21641,0.00000 ===
121.33560|I|libbeamng.print:18052| === LSTM_TRACE t=1140 v=7.60 ws=7.65,7.57,7.52,7.53 cmd=0.033,0.129,0.014,0.011 cap=93,393,28,22 des=93,393,25,20 app=89,381,23,18 abs=nil,nil,nil,nil ebrake=1.00 ibrake=1.00 hasABS=0 sy=0.00 split=1.000,0.875 ===
121.33564|I|libbeamng.print:18052| === LSTM_OBS t=1140 7.64686,7.56802,7.51718,7.52862,0.00000,0.00000,0.00000,-0.01412,0.00000,0.00000,0.00085,1.00000,0.00000,0.00000,0.00000,3245.85970,0.00000 ===
121.38539|I|libbeamng.print:18052| === LSTM_TRACE t=1150 v=7.49 ws=7.55,7.49,7.40,7.46 cmd=0.033,0.129,0.014,0.011 cap=89,384,28,22 des=89,384,24,19 app=85,372,23,18 abs=nil,nil,nil,nil ebrake=1.00 ibrake=1.00 hasABS=0 sy=0.00 split=1.000,0.875 ===
121.38543|I|libbeamng.print:18052| === LSTM_OBS t=1150 7.54614,7.49289,7.39849,7.45514,0.00000,0.00000,0.00000,-0.01038,0.00000,0.00000,0.00085,1.00000,0.00000,0.00000,0.00000,3197.50534,0.00000 ===
121.43640|I|libbeamng.print:18052| === LSTM_TRACE t=1160 v=7.38 ws=7.33,7.38,7.25,7.36 cmd=0.028,0.123,0.014,0.011 cap=94,374,27,22 des=94,374,23,19 app=89,362,22,18 abs=nil,nil,nil,nil ebrake=1.00 ibrake=1.00 hasABS=0 sy=0.00 split=1.000,0.875 ===
121.43645|I|libbeamng.print:18052| === LSTM_OBS t=1160 7.33245,7.37956,7.24547,7.35645,0.00000,0.00000,0.00000,-0.00958,0.00000,0.00000,0.00069,1.00000,0.00000,0.00000,0.00000,3149.48664,0.00000 ===
121.48249|I|libbeamng.print:18052| === LSTM_TRACE t=1170 v=7.26 ws=7.27,7.27,7.24,7.27 cmd=0.028,0.121,0.013,0.011 cap=88,362,26,21 des=88,362,23,19 app=84,351,22,17 abs=nil,nil,nil,nil ebrake=1.00 ibrake=1.00 hasABS=0 sy=0.00 split=1.000,0.875 ===
121.48253|I|libbeamng.print:18052| === LSTM_OBS t=1170 7.26873,7.27227,7.23866,7.27408,0.00000,0.00000,0.00000,-0.01341,0.00000,0.00000,0.00085,1.00000,0.00000,0.00000,0.00000,3105.77838,0.00000 ===
121.53191|I|libbeamng.print:18052| === LSTM_TRACE t=1180 v=7.15 ws=7.22,7.14,7.23,7.18 cmd=0.030,0.115,0.013,0.011 cap=92,375,25,20 des=92,375,22,18 app=88,363,21,17 abs=nil,nil,nil,nil ebrake=1.00 ibrake=1.00 hasABS=0 sy=0.00 split=1.000,0.875 ===
121.53195|I|libbeamng.print:18052| === LSTM_OBS t=1180 7.22168,7.14288,7.23193,7.18351,0.00000,0.00000,0.00000,-0.00197,0.00000,0.00000,0.00069,1.00000,0.00000,0.00000,0.00000,3058.20062,0.00000 ===
121.58159|I|libbeamng.print:18052| === LSTM_TRACE t=1190 v=7.05 ws=7.02,7.00,7.03,7.00 cmd=0.029,0.116,0.013,0.010 cap=100,384,23,19 des=100,384,20,17 app=95,372,19,16 abs=nil,nil,nil,nil ebrake=1.00 ibrake=1.00 hasABS=0 sy=0.00 split=1.000,0.875 ===
121.58170|I|libbeamng.print:18052| === LSTM_OBS t=1190 7.02300,6.99903,7.02682,6.99704,0.00000,0.00000,0.00000,-0.00324,0.00000,0.00000,0.00069,1.00000,0.00000,0.00000,0.00000,3011.03205,0.00000 ===
121.63169|I|libbeamng.print:18052| === LSTM_TRACE t=1200 v=6.94 ws=6.99,6.94,6.80,6.92 cmd=0.030,0.124,0.012,0.010 cap=80,370,24,20 des=80,370,21,17 app=76,358,20,16 abs=nil,nil,nil,nil ebrake=1.00 ibrake=1.00 hasABS=0 sy=0.00 split=1.000,0.875 ===
121.63173|I|libbeamng.print:18052| === LSTM_OBS t=1200 6.99408,6.93713,6.80444,6.92261,0.00000,0.00000,0.00000,-0.00837,0.00000,0.00000,0.00091,1.00000,0.00000,0.00000,0.00000,2963.96272,0.00000 ===
121.68163|I|libbeamng.print:18052| === LSTM_TRACE t=1210 v=6.83 ws=6.87,6.86,6.87,6.87 cmd=0.027,0.118,0.012,0.010 cap=81,355,23,19 des=81,355,20,17 app=78,343,19,16 abs=nil,nil,nil,nil ebrake=1.00 ibrake=1.00 hasABS=0 sy=0.00 split=1.000,0.875 ===
121.68167|I|libbeamng.print:18052| === LSTM_OBS t=1210 6.86807,6.85701,6.86588,6.87366,0.00000,0.00000,0.00000,-0.00913,0.00000,0.00000,0.00069,1.00000,0.00000,0.00000,0.00000,2917.01138,0.00000 ===
121.73141|I|libbeamng.print:18052| === LSTM_TRACE t=1220 v=6.72 ws=6.72,6.66,6.67,6.68 cmd=0.028,0.114,0.011,0.009 cap=94,379,21,19 des=94,379,19,17 app=89,367,17,16 abs=nil,nil,nil,nil ebrake=1.00 ibrake=1.00 hasABS=0 sy=0.00 split=1.000,0.875 ===
121.73146|I|libbeamng.print:18052| === LSTM_OBS t=1220 6.71780,6.65936,6.67389,6.68215,0.00000,0.00000,0.00000,-0.00386,0.00000,0.00000,0.00069,1.00000,0.00000,0.00000,0.00000,2870.62018,0.00000 ===
121.78140|I|libbeamng.print:18052| === LSTM_TRACE t=1230 v=6.62 ws=6.58,6.64,6.59,6.63 cmd=0.025,0.118,0.011,0.009 cap=86,352,21,19 des=86,352,19,17 app=81,340,18,16 abs=nil,nil,nil,nil ebrake=1.00 ibrake=1.00 hasABS=0 sy=0.00 split=1.000,0.875 ===
121.78144|I|libbeamng.print:18052| === LSTM_OBS t=1230 6.58453,6.64148,6.58788,6.62721,0.00000,0.00000,0.00000,-0.00709,0.00000,0.00000,0.00069,1.00000,0.00000,0.00000,0.00000,2824.01680,0.00000 ===
121.83142|I|libbeamng.print:18052| === LSTM_TRACE t=1240 v=6.51 ws=6.53,6.45,6.51,6.47 cmd=0.027,0.116,0.011,0.009 cap=86,380,20,19 des=86,380,18,17 app=82,367,17,16 abs=nil,nil,nil,nil ebrake=1.00 ibrake=1.00 hasABS=0 sy=0.00 split=1.000,0.875 ===
121.83146|I|libbeamng.print:18052| === LSTM_OBS t=1240 6.52863,6.45000,6.51272,6.46659,0.00000,0.00000,0.00000,-0.00719,0.00000,0.00000,0.00069,1.00000,0.00000,0.00000,0.00000,2777.91186,0.00000 ===
121.88201|I|libbeamng.print:18052| === LSTM_TRACE t=1250 v=6.40 ws=6.39,6.42,6.37,6.42 cmd=0.025,0.118,0.010,0.008 cap=82,355,20,19 des=82,355,17,17 app=78,344,16,16 abs=nil,nil,nil,nil ebrake=1.00 ibrake=1.00 hasABS=0 sy=0.00 split=1.000,0.875 ===
121.88206|I|libbeamng.print:18052| === LSTM_OBS t=1250 6.39313,6.41964,6.36923,6.41953,0.00000,0.00000,0.00000,-0.00702,0.00000,0.00000,0.00091,1.00000,0.00000,0.00000,0.00000,2731.38297,0.00000 ===
121.93154|I|libbeamng.print:18052| === LSTM_TRACE t=1260 v=6.29 ws=6.31,6.25,6.26,6.28 cmd=0.026,0.116,0.010,0.008 cap=84,376,19,19 des=84,376,17,17 app=80,363,16,16 abs=nil,nil,nil,nil ebrake=1.00 ibrake=1.00 hasABS=0 sy=0.00 split=1.000,0.875 ===
121.93160|I|libbeamng.print:18052| === LSTM_OBS t=1260 6.30933,6.24509,6.25653,6.27777,0.00000,0.00000,0.00000,-0.00532,0.00000,0.00000,0.00049,1.00000,0.00000,0.00000,0.00000,2685.69417,0.00000 ===
121.98144|I|libbeamng.print:18052| === LSTM_TRACE t=1270 v=6.19 ws=6.19,6.25,6.23,6.18 cmd=0.024,0.119,0.009,0.008 cap=78,353,19,19 des=78,353,17,17 app=74,341,16,16 abs=nil,nil,nil,nil ebrake=1.00 ibrake=1.00 hasABS=0 sy=0.00 split=1.000,0.875 ===
121.98148|I|libbeamng.print:18052| === LSTM_OBS t=1270 6.18962,6.24508,6.23411,6.18350,0.00000,0.00000,0.00000,-0.00483,0.00000,0.00000,0.00049,1.00000,0.00000,0.00000,0.00000,2639.87768,0.00000 ===
122.03107|I|libbeamng.print:18052| === LSTM_TRACE t=1280 v=6.08 ws=6.11,6.07,5.95,6.08 cmd=0.026,0.122,0.009,0.007 cap=75,373,19,19 des=75,373,17,17 app=72,361,16,16 abs=nil,nil,nil,nil ebrake=1.00 ibrake=1.00 hasABS=0 sy=0.00 split=1.000,0.875 ===
122.03111|I|libbeamng.print:18052| === LSTM_OBS t=1280 6.10965,6.07359,5.95036,6.07566,0.00000,0.00000,0.00000,-0.00320,0.00000,0.00000,0.00069,1.00000,0.00000,0.00000,0.00000,2593.90035,0.00000 ===
122.08123|I|libbeamng.print:18052| === LSTM_TRACE t=1290 v=5.98 ws=6.00,5.90,5.96,5.92 cmd=0.025,0.117,0.009,0.007 cap=79,377,19,19 des=79,377,17,17 app=76,365,16,16 abs=nil,nil,nil,nil ebrake=1.00 ibrake=1.00 hasABS=0 sy=0.00 split=1.000,0.875 ===
122.08127|I|libbeamng.print:18052| === LSTM_OBS t=1290 5.99903,5.89871,5.96336,5.91581,0.00000,0.00000,0.00000,-0.00968,0.00000,0.00000,0.00069,1.00000,0.00000,0.00000,0.00000,2547.98351,0.00000 ===
122.13102|I|libbeamng.print:18052| === LSTM_TRACE t=1300 v=5.87 ws=5.89,5.92,5.95,5.85 cmd=0.024,0.126,0.008,0.007 cap=75,369,19,19 des=75,369,17,17 app=71,357,16,16 abs=nil,nil,nil,nil ebrake=1.00 ibrake=1.00 hasABS=0 sy=0.00 split=1.000,0.875 ===
122.13105|I|libbeamng.print:18052| === LSTM_OBS t=1300 5.88955,5.91652,5.94735,5.85089,0.00000,0.00000,0.00000,-0.00822,0.00000,0.00000,0.00069,1.00000,0.00000,0.00000,0.00000,2501.18083,0.00000 ===
122.18062|I|libbeamng.print:18052| === LSTM_TRACE t=1310 v=5.76 ws=5.79,5.76,5.72,5.78 cmd=0.024,0.128,0.008,0.007 cap=75,396,19,19 des=75,396,17,17 app=71,383,16,16 abs=nil,nil,nil,nil ebrake=1.00 ibrake=1.00 hasABS=0 sy=0.00 split=1.000,0.875 ===
122.18066|I|libbeamng.print:18052| === LSTM_OBS t=1310 5.78952,5.75918,5.72061,5.78378,0.00000,0.00000,0.00000,-0.00380,0.00000,0.00000,0.00049,1.00000,0.00000,0.00000,0.00000,2454.61423,0.00000 ===
122.23113|I|libbeamng.print:18052| === LSTM_TRACE t=1320 v=5.66 ws=5.68,5.61,5.51,5.64 cmd=0.025,0.128,0.008,0.006 cap=74,402,19,19 des=74,402,17,17 app=70,389,16,16 abs=nil,nil,nil,nil ebrake=1.00 ibrake=1.00 hasABS=0 sy=0.00 split=1.000,0.875 ===
122.23117|I|libbeamng.print:18052| === LSTM_OBS t=1320 5.68368,5.61329,5.50561,5.64037,0.00000,0.00000,0.00000,-0.00407,0.00000,0.00000,0.00069,1.00000,0.00000,0.00000,0.00000,2408.07260,0.00000 ===
122.28067|I|libbeamng.print:18052| === LSTM_TRACE t=1330 v=5.55 ws=5.53,5.47,5.51,5.52 cmd=0.023,0.129,0.007,0.006 cap=75,418,19,19 des=75,418,17,17 app=71,404,16,16 abs=nil,nil,nil,nil ebrake=1.00 ibrake=1.00 hasABS=0 sy=0.00 split=1.000,0.875 ===
122.28071|I|libbeamng.print:18052| === LSTM_OBS t=1330 5.53133,5.47211,5.50691,5.51904,0.00000,0.00000,0.00000,-0.01027,0.00000,0.00000,0.00049,1.00000,0.00000,0.00000,0.00000,2361.20418,0.00000 ===
122.33107|I|libbeamng.print:18052| === LSTM_TRACE t=1340 v=5.44 ws=5.43,5.33,5.49,5.39 cmd=0.023,0.126,0.007,0.006 cap=74,409,19,19 des=74,409,17,17 app=71,396,16,16 abs=nil,nil,nil,nil ebrake=1.00 ibrake=1.00 hasABS=0 sy=0.00 split=1.000,0.875 ===
122.33111|I|libbeamng.print:18052| === LSTM_OBS t=1340 5.43166,5.32722,5.48542,5.38684,0.00000,0.00000,0.00000,-0.00703,0.00000,0.00000,0.00069,1.00000,0.00000,0.00000,0.00000,2314.13082,0.00000 ===
122.38060|I|libbeamng.print:18052| === LSTM_TRACE t=1350 v=5.33 ws=5.34,5.23,5.37,5.28 cmd=0.023,0.131,0.007,0.006 cap=69,410,19,19 des=69,410,17,17 app=65,397,16,16 abs=nil,nil,nil,nil ebrake=1.00 ibrake=1.00 hasABS=0 sy=0.00 split=1.000,0.875 ===
122.38064|I|libbeamng.print:18052| === LSTM_OBS t=1350 5.33980,5.22942,5.37086,5.27761,0.00000,0.00000,0.00000,-0.00942,0.00000,0.00000,0.00091,1.00000,0.00000,0.00000,0.00000,2266.73987,0.00000 ===
122.43256|I|libbeamng.print:18052| === LSTM_TRACE t=1360 v=5.22 ws=5.22,5.16,5.28,5.19 cmd=0.022,0.140,0.007,0.006 cap=68,424,19,19 des=68,424,17,17 app=64,410,16,16 abs=nil,nil,nil,nil ebrake=1.00 ibrake=1.00 hasABS=0 sy=0.00 split=1.000,0.875 ===
122.43266|I|libbeamng.print:18052| === LSTM_OBS t=1360 5.21949,5.15949,5.27502,5.19068,0.00000,0.00000,0.00000,-0.01279,0.00000,0.00000,0.00115,1.00000,0.00000,0.00000,0.00000,2218.80341,0.00000 ===
122.48068|I|libbeamng.print:18052| === LSTM_TRACE t=1370 v=5.11 ws=5.11,5.08,5.18,5.07 cmd=0.023,0.148,0.006,0.005 cap=68,438,19,19 des=68,438,17,17 app=65,424,16,16 abs=nil,nil,nil,nil ebrake=1.00 ibrake=1.00 hasABS=0 sy=0.00 split=1.000,0.875 ===
122.48072|I|libbeamng.print:18052| === LSTM_OBS t=1370 5.11144,5.07860,5.17890,5.07259,0.00000,0.00000,0.00000,-0.01103,0.00000,0.00000,0.00142,1.00000,0.00000,0.00000,0.00000,2170.43807,0.00000 ===
122.53213|I|libbeamng.print:18052| === LSTM_TRACE t=1380 v=5.01 ws=5.02,5.05,5.10,4.95 cmd=0.023,0.161,0.006,0.005 cap=68,454,19,19 des=68,454,17,17 app=65,439,16,16 abs=nil,nil,nil,nil ebrake=1.00 ibrake=1.00 hasABS=0 sy=0.00 split=1.000,0.875 ===
122.53217|I|libbeamng.print:18052| === LSTM_OBS t=1380 5.02082,5.05353,5.10357,4.94827,0.00000,0.00000,0.00000,-0.01127,0.00000,0.00000,0.00146,1.00000,0.00000,0.00000,0.00000,2121.42531,0.00000 ===
122.58069|I|libbeamng.print:18052| === LSTM_TRACE t=1390 v=4.90 ws=4.89,4.87,4.97,4.87 cmd=0.023,0.154,0.006,0.005 cap=71,451,19,19 des=71,451,17,17 app=68,436,16,16 abs=nil,nil,nil,nil ebrake=1.00 ibrake=1.00 hasABS=0 sy=0.00 split=1.000,0.875 ===
122.58072|I|libbeamng.print:18052| === LSTM_OBS t=1390 4.89481,4.86870,4.97297,4.87194,0.00000,0.00000,0.00000,-0.01409,0.00000,0.00000,0.00134,1.00000,0.00000,0.00000,0.00000,2071.79250,0.00000 ===
122.63107|I|libbeamng.print:18052| === LSTM_TRACE t=1400 v=4.78 ws=4.74,4.64,4.73,4.72 cmd=0.022,0.152,0.006,0.005 cap=71,482,19,19 des=71,482,17,17 app=68,466,16,16 abs=nil,nil,nil,nil ebrake=1.00 ibrake=1.00 hasABS=0 sy=0.00 split=1.000,0.875 ===
122.63111|I|libbeamng.print:18052| === LSTM_OBS t=1400 4.74024,4.64377,4.73212,4.71602,0.00000,0.00000,0.00000,-0.01260,0.00000,0.00000,0.00124,1.00000,0.00000,0.00000,0.00000,2021.89619,0.00000 ===
122.68074|I|libbeamng.print:18052| === LSTM_TRACE t=1410 v=4.67 ws=4.69,4.47,4.55,4.64 cmd=0.023,0.159,0.006,0.005 cap=70,547,19,19 des=70,547,17,17 app=67,529,16,16 abs=nil,nil,nil,nil ebrake=1.00 ibrake=1.00 hasABS=0 sy=0.00 split=1.000,0.875 ===
122.68078|I|libbeamng.print:18052| === LSTM_OBS t=1410 4.69489,4.46524,4.55093,4.63578,0.00000,0.00000,0.00000,-0.01195,0.00000,0.00000,0.00085,1.00000,0.00000,0.00000,0.00000,1971.63907,0.00000 ===
122.73097|I|libbeamng.print:18052| === LSTM_TRACE t=1420 v=4.55 ws=4.55,4.55,4.40,4.59 cmd=0.024,0.181,0.006,0.005 cap=76,569,19,19 des=76,569,17,17 app=72,550,16,16 abs=nil,nil,nil,nil ebrake=1.00 ibrake=1.00 hasABS=0 sy=0.00 split=1.000,0.875 ===
122.73101|I|libbeamng.print:18052| === LSTM_OBS t=1420 4.55407,4.54800,4.40089,4.59175,0.00000,0.00000,0.00000,0.00187,0.00000,0.00000,0.00069,1.00000,0.00000,0.00000,0.00000,1921.08068,0.00000 ===
122.78340|I|libbeamng.print:18052| === LSTM_TRACE t=1430 v=4.44 ws=4.46,4.59,4.52,4.40 cmd=0.024,0.195,0.006,0.005 cap=74,523,19,19 des=74,523,17,17 app=70,505,16,16 abs=nil,nil,nil,nil ebrake=1.00 ibrake=1.00 hasABS=0 sy=0.00 split=1.000,0.875 ===
122.78346|I|libbeamng.print:18052| === LSTM_OBS t=1430 4.46086,4.58985,4.52466,4.39879,0.00000,0.00000,0.00000,-0.01265,0.00000,0.00000,0.00104,1.00000,0.00000,0.00000,0.00000,1870.63756,0.00000 ===
122.83099|I|libbeamng.print:18052| === LSTM_TRACE t=1440 v=4.33 ws=4.31,4.17,4.29,4.25 cmd=0.024,0.163,0.006,0.005 cap=71,517,19,19 des=71,517,17,17 app=68,500,16,16 abs=nil,nil,nil,nil ebrake=1.00 ibrake=1.00 hasABS=0 sy=0.00 split=1.000,0.875 ===
122.83103|I|libbeamng.print:18052| === LSTM_OBS t=1440 4.31422,4.17268,4.28596,4.24683,0.00000,0.00000,0.00000,-0.01713,0.00000,0.00000,0.00154,1.00000,0.00000,0.00000,0.00000,1820.06791,0.00000 ===
122.88075|I|libbeamng.print:18052| === LSTM_TRACE t=1450 v=4.21 ws=4.23,4.14,4.06,4.27 cmd=0.023,0.178,0.006,0.005 cap=73,591,19,19 des=73,591,17,17 app=69,571,16,16 abs=nil,nil,nil,nil ebrake=1.00 ibrake=1.00 hasABS=0 sy=0.00 split=1.000,0.875 ===
122.88079|I|libbeamng.print:18052| === LSTM_OBS t=1450 4.22547,4.14418,4.06237,4.27475,0.00000,0.00000,0.00000,-0.00184,0.00000,0.00000,0.00069,1.00000,0.00000,0.00000,0.00000,1768.70974,0.00000 ===
122.93137|I|libbeamng.print:18052| === LSTM_TRACE t=1460 v=4.10 ws=4.10,4.12,4.24,4.04 cmd=0.024,0.180,0.006,0.005 cap=79,524,19,19 des=79,524,17,17 app=75,506,16,16 abs=nil,nil,nil,nil ebrake=1.00 ibrake=1.00 hasABS=0 sy=0.00 split=1.000,0.875 ===
122.93141|I|libbeamng.print:18052| === LSTM_OBS t=1460 4.09641,4.12021,4.24435,4.03505,0.00000,0.00000,0.00000,-0.01241,0.00000,0.00000,0.00115,1.00000,0.00000,0.00000,0.00000,1718.29536,0.00000 ===
122.98113|I|libbeamng.print:18052| === LSTM_TRACE t=1470 v=3.99 ws=3.98,3.89,3.76,3.95 cmd=0.025,0.174,0.006,0.005 cap=71,531,19,19 des=71,531,17,17 app=67,513,16,16 abs=nil,nil,nil,nil ebrake=1.00 ibrake=1.00 hasABS=0 sy=0.00 split=1.000,0.875 ===
122.98117|I|libbeamng.print:18052| === LSTM_OBS t=1470 3.98085,3.88774,3.76226,3.95086,0.00000,0.00000,0.00000,-0.01625,0.00000,0.00000,0.00162,1.00000,0.00000,0.00000,0.00000,1667.94130,0.00000 ===
123.03113|I|libbeamng.print:18052| === LSTM_TRACE t=1480 v=3.87 ws=3.89,3.94,4.01,3.81 cmd=0.025,0.187,0.006,0.006 cap=76,536,19,19 des=76,536,17,17 app=73,518,16,16 abs=nil,nil,nil,nil ebrake=1.00 ibrake=1.00 hasABS=0 sy=0.00 split=1.000,0.875 ===
123.03117|I|libbeamng.print:18052| === LSTM_OBS t=1480 3.89240,3.94210,4.00933,3.80669,0.00000,0.00000,0.00000,-0.00329,0.00000,0.00000,0.00115,1.00000,0.00000,0.00000,0.00000,1617.28308,0.00000 ===
123.08125|I|libbeamng.print:18052| === LSTM_TRACE t=1490 v=3.77 ws=3.74,3.59,3.59,3.80 cmd=0.024,0.163,0.006,0.006 cap=72,536,19,19 des=72,536,17,17 app=68,518,16,16 abs=nil,nil,nil,nil ebrake=1.00 ibrake=1.00 hasABS=0 sy=0.00 split=1.000,0.875 ===
123.08128|I|libbeamng.print:18052| === LSTM_OBS t=1490 3.74278,3.59013,3.58871,3.79608,0.00000,0.00000,0.00000,-0.01631,0.00000,0.00000,0.00162,1.00000,0.00000,0.00000,0.00000,1566.47673,0.00000 ===
123.13136|I|libbeamng.print:18052| === LSTM_TRACE t=1500 v=3.65 ws=3.63,3.54,3.77,3.53 cmd=0.024,0.164,0.007,0.006 cap=83,546,19,19 des=83,546,17,17 app=78,528,16,16 abs=nil,nil,nil,nil ebrake=1.00 ibrake=1.00 hasABS=0 sy=0.00 split=1.000,0.875 ===
123.13140|I|libbeamng.print:18052| === LSTM_OBS t=1500 3.62910,3.53783,3.77010,3.53133,0.00000,0.00000,0.00000,-0.00719,0.00000,0.00000,0.00146,1.00000,0.00000,0.00000,0.00000,1515.28477,0.00000 ===
123.18076|I|libbeamng.print:18052| === LSTM_TRACE t=1510 v=3.54 ws=3.50,3.43,3.37,3.56 cmd=0.023,0.178,0.007,0.006 cap=78,602,19,19 des=78,602,17,17 app=74,582,16,16 abs=nil,nil,nil,nil ebrake=1.00 ibrake=1.00 hasABS=0 sy=0.00 split=1.000,0.875 ===
123.18081|I|libbeamng.print:18052| === LSTM_OBS t=1510 3.49768,3.43173,3.36921,3.55713,0.00000,0.00000,0.00000,-0.01039,0.00000,0.00000,0.00069,1.00000,0.00000,0.00000,0.00000,1464.96222,0.00000 ===
123.23151|I|libbeamng.print:18052| === LSTM_TRACE t=1520 v=3.43 ws=3.48,3.46,3.28,3.32 cmd=0.030,0.177,0.006,0.006 cap=77,473,19,19 des=77,473,17,17 app=73,457,16,16 abs=nil,nil,nil,nil ebrake=1.00 ibrake=1.00 hasABS=0 sy=0.00 split=1.000,0.875 ===
123.23156|I|libbeamng.print:18052| === LSTM_OBS t=1520 3.47641,3.45759,3.27515,3.31606,0.00000,0.00000,0.00000,-0.00947,0.00000,0.00000,0.00154,1.00000,0.00000,0.00000,0.00000,1415.83868,0.00000 ===
123.28141|I|libbeamng.print:18052| === LSTM_TRACE t=1530 v=3.31 ws=3.28,3.18,3.43,3.21 cmd=0.024,0.154,0.008,0.007 cap=84,525,19,19 des=84,525,17,17 app=79,507,16,16 abs=nil,nil,nil,nil ebrake=1.00 ibrake=1.00 hasABS=0 sy=0.00 split=1.000,0.875 ===
123.28145|I|libbeamng.print:18052| === LSTM_OBS t=1530 3.28278,3.18284,3.42897,3.21489,0.00000,0.00000,0.00000,-0.00547,0.00000,0.00000,0.00134,1.00000,0.00000,0.00000,0.00000,1366.38704,0.00000 ===
123.33212|I|libbeamng.print:18052| === LSTM_TRACE t=1540 v=3.20 ws=3.17,3.34,3.26,3.12 cmd=0.025,0.189,0.007,0.007 cap=80,512,19,19 des=80,512,17,17 app=76,495,16,16 abs=nil,nil,nil,nil ebrake=1.00 ibrake=1.00 hasABS=0 sy=0.00 split=1.000,0.875 ===
123.33218|I|libbeamng.print:18052| === LSTM_OBS t=1540 3.16822,3.33508,3.25849,3.11537,0.00000,0.00000,0.00000,-0.00709,0.00000,0.00000,0.00000,1.00000,0.00000,0.00000,0.00000,1316.29847,0.00000 ===
123.38148|I|libbeamng.print:18052| === LSTM_TRACE t=1550 v=3.09 ws=3.07,2.84,2.92,3.15 cmd=0.023,0.151,0.008,0.007 cap=73,586,19,19 des=73,586,17,17 app=69,566,16,16 abs=nil,nil,nil,nil ebrake=1.00 ibrake=1.00 hasABS=0 sy=0.00 split=1.000,0.875 ===
123.38152|I|libbeamng.print:18052| === LSTM_OBS t=1550 3.07172,2.84424,2.91834,3.15318,0.00000,0.00000,0.00000,-0.00184,0.00000,0.00000,0.00091,1.00000,0.00000,0.00000,0.00000,1265.99997,0.00000 ===
123.43171|I|libbeamng.print:18052| === LSTM_TRACE t=1560 v=2.98 ws=3.05,2.84,2.81,3.05 cmd=0.031,0.130,0.008,0.008 cap=80,416,19,19 des=80,416,17,17 app=76,402,16,16 abs=nil,nil,nil,nil ebrake=1.00 ibrake=1.00 hasABS=0 sy=0.00 split=1.000,0.875 ===
123.43175|I|libbeamng.print:18052| === LSTM_OBS t=1560 3.05220,2.83789,2.81476,3.04758,0.00000,0.00000,0.00000,-0.00332,0.00000,0.00000,0.00204,1.00000,0.00000,0.00000,0.00000,1215.32782,0.00000 ===
123.48149|I|libbeamng.print:18052| === LSTM_TRACE t=1570 v=2.88 ws=2.87,3.09,2.74,2.86 cmd=0.034,0.171,0.008,0.008 cap=103,405,19,19 des=103,405,17,17 app=98,391,16,16 abs=nil,nil,nil,nil ebrake=1.00 ibrake=1.00 hasABS=0 sy=0.00 split=1.000,0.875 ===
123.48153|I|libbeamng.print:18052| === LSTM_OBS t=1570 2.87482,3.08569,2.73702,2.86498,0.00000,0.00000,0.00000,-0.00469,0.00000,0.00000,0.00115,1.00000,0.00000,0.00000,0.00000,1164.34111,0.00000 ===
123.53171|I|libbeamng.print:18052| === LSTM_TRACE t=1580 v=2.78 ws=2.65,2.89,2.68,2.63 cmd=0.028,0.184,0.009,0.008 cap=111,512,19,19 des=111,512,17,17 app=105,495,16,16 abs=nil,nil,nil,nil ebrake=1.00 ibrake=1.00 hasABS=0 sy=0.00 split=1.000,0.875 ===
123.53176|I|libbeamng.print:18052| === LSTM_OBS t=1580 2.65077,2.88933,2.68491,2.62775,0.00000,0.00000,0.00000,-0.00658,0.00000,0.00000,0.00000,1.00000,0.00000,0.00000,0.00000,1112.81557,0.00000 ===
123.58146|I|libbeamng.print:18052| === LSTM_TRACE t=1590 v=2.67 ws=2.54,2.58,2.67,2.50 cmd=0.025,0.165,0.010,0.009 cap=99,570,19,19 des=99,570,17,17 app=94,551,16,16 abs=nil,nil,nil,nil ebrake=1.00 ibrake=1.00 hasABS=0 sy=0.00 split=1.000,0.875 ===
123.58149|I|libbeamng.print:18052| === LSTM_OBS t=1590 2.53568,2.57985,2.66811,2.50166,0.00000,0.00000,0.00000,-0.00594,0.00000,0.00000,0.00085,1.00000,0.00000,0.00000,0.00000,1060.43145,0.00000 ===
123.63178|I|libbeamng.print:18052| === LSTM_TRACE t=1600 v=2.56 ws=2.45,2.46,2.59,2.39 cmd=0.025,0.159,0.010,0.010 cap=91,549,19,19 des=91,549,17,17 app=86,530,16,16 abs=nil,nil,nil,nil ebrake=1.00 ibrake=1.00 hasABS=0 sy=0.00 split=1.000,0.875 ===
123.63182|I|libbeamng.print:18052| === LSTM_OBS t=1600 2.45184,2.46219,2.58554,2.38851,0.00000,0.00000,0.00000,-0.00433,0.00000,0.00000,0.00124,1.00000,0.00000,0.00000,0.00000,1007.07556,0.00000 ===
123.68176|I|libbeamng.print:18052| === LSTM_TRACE t=1610 v=2.46 ws=2.34,2.40,2.47,2.28 cmd=0.027,0.161,0.011,0.011 cap=95,525,20,21 des=95,525,18,18 app=90,507,17,17 abs=nil,nil,nil,nil ebrake=1.00 ibrake=1.00 hasABS=0 sy=0.00 split=1.000,0.875 ===
123.68180|I|libbeamng.print:18052| === LSTM_OBS t=1610 2.34354,2.40171,2.46978,2.27743,0.00000,0.00000,0.00000,-0.00385,0.00000,0.00000,0.00146,1.00000,0.00000,0.00000,0.00000,952.93144,0.00000 ===
123.73165|I|libbeamng.print:18052| === LSTM_TRACE t=1620 v=2.35 ws=2.23,2.45,2.37,2.30 cmd=0.029,0.162,0.011,0.012 cap=115,456,22,23 des=115,456,19,20 app=109,441,18,19 abs=nil,nil,nil,nil ebrake=1.00 ibrake=1.00 hasABS=0 sy=0.00 split=1.000,0.875 ===
123.73169|I|libbeamng.print:18052| === LSTM_OBS t=1620 2.23127,2.44601,2.36838,2.30225,0.00000,0.00000,0.00000,-0.00066,0.00000,0.00000,0.00115,1.00000,0.00000,0.00000,0.00000,897.47323,0.00000 ===
123.78130|I|libbeamng.print:18052| === LSTM_TRACE t=1630 v=2.26 ws=2.23,2.29,2.23,2.28 cmd=0.040,0.140,0.012,0.013 cap=142,391,23,25 des=142,391,20,22 app=135,377,19,21 abs=nil,nil,nil,nil ebrake=1.00 ibrake=1.00 hasABS=0 sy=0.00 split=1.000,0.875 ===
123.78133|I|libbeamng.print:18052| === LSTM_OBS t=1630 2.22907,2.28638,2.22746,2.28346,0.00000,0.00000,0.00000,-0.00240,0.00000,0.00000,0.00049,1.00000,0.00000,0.00000,0.00000,839.73622,0.00000 ===
123.83195|I|libbeamng.print:18052| === LSTM_TRACE t=1640 v=2.16 ws=2.21,2.01,1.98,2.27 cmd=0.048,0.122,0.013,0.015 cap=141,427,24,26 des=141,427,21,23 app=134,413,20,22 abs=nil,nil,nil,nil ebrake=1.00 ibrake=1.00 hasABS=0 sy=0.00 split=1.000,0.875 ===
123.83198|I|libbeamng.print:18052| === LSTM_OBS t=1640 2.21069,2.01064,1.98451,2.27169,0.00000,0.00000,0.00000,-0.00477,0.00000,0.00000,0.00069,1.00000,0.00000,0.00000,0.00000,779.17509,0.00000 ===
123.88144|I|libbeamng.print:18052| === LSTM_TRACE t=1650 v=2.06 ws=2.04,2.03,1.95,2.12 cmd=0.041,0.159,0.014,0.016 cap=128,523,27,31 des=128,523,24,27 app=121,505,23,25 abs=nil,nil,nil,nil ebrake=1.00 ibrake=1.00 hasABS=0 sy=0.00 split=1.000,0.875 ===
123.88148|I|libbeamng.print:18052| === LSTM_OBS t=1650 2.03621,2.02581,1.95173,2.12197,0.00000,0.00000,0.00000,-0.01017,0.00000,0.00000,0.00142,1.00000,0.00000,0.00000,0.00000,744.09884,0.00000 ===
123.93182|I|libbeamng.print:18052| === LSTM_TRACE t=1660 v=1.97 ws=1.96,1.86,1.99,2.00 cmd=0.053,0.127,0.018,0.022 cap=154,380,34,40 des=154,380,30,35 app=147,367,28,33 abs=nil,nil,nil,nil ebrake=1.00 ibrake=1.00 hasABS=0 sy=0.00 split=1.000,0.875 ===
123.93186|I|libbeamng.print:18052| === LSTM_OBS t=1660 1.96216,1.85619,1.98508,1.99831,0.00000,0.00000,0.00000,-0.01264,0.00000,0.00000,0.00069,1.00000,0.00000,0.00000,0.00000,739.48921,0.00000 ===
123.98145|I|libbeamng.print:18052| === LSTM_TRACE t=1670 v=1.87 ws=1.81,1.91,1.92,1.82 cmd=0.050,0.181,0.022,0.028 cap=149,533,42,53 des=149,533,37,47 app=142,514,35,44 abs=nil,nil,nil,nil ebrake=1.00 ibrake=1.00 hasABS=0 sy=0.00 split=1.000,0.875 ===
123.98149|I|libbeamng.print:18052| === LSTM_OBS t=1670 1.80964,1.90720,1.91658,1.82472,0.00000,0.00000,0.00000,0.00253,0.00000,0.00000,0.00049,1.00000,0.00000,0.00000,0.00000,740.41224,0.00000 ===
124.03177|I|libbeamng.print:18052| === LSTM_TRACE t=1680 v=1.77 ws=1.76,1.60,1.73,1.79 cmd=0.084,0.171,0.034,0.047 cap=295,667,58,79 des=295,667,50,69 app=281,644,47,65 abs=nil,nil,nil,nil ebrake=1.00 ibrake=1.00 hasABS=0 sy=0.00 split=1.000,0.875 ===
124.03181|I|libbeamng.print:18052| === LSTM_OBS t=1680 1.75640,1.59516,1.72583,1.78912,0.00000,0.00000,0.00000,0.00222,0.00000,0.00000,0.00091,1.00000,0.00000,0.00000,0.00000,736.66286,0.00000 ===
124.08137|I|libbeamng.print:18052| === LSTM_TRACE t=1690 v=1.65 ws=1.49,1.53,1.62,1.71 cmd=0.158,0.366,0.078,0.104 cap=586,1082,124,169 des=586,1082,108,148 app=557,1045,102,138 abs=nil,nil,nil,nil ebrake=1.00 ibrake=1.00 hasABS=0 sy=0.00 split=1.000,0.875 ===
124.08141|I|libbeamng.print:18052| === LSTM_OBS t=1690 1.49065,1.52888,1.62446,1.70765,0.00000,0.00000,0.00000,-0.01227,0.00000,0.00000,0.00000,1.00000,0.00000,0.00000,0.00000,735.34143,0.00000 ===
124.13179|I|libbeamng.print:18052| === LSTM_TRACE t=1700 v=1.43 ws=1.12,1.04,1.39,1.38 cmd=0.435,0.547,0.309,0.365 cap=1193,1954,482,581 des=1193,1954,422,509 app=1134,1886,396,477 abs=nil,nil,nil,nil ebrake=1.00 ibrake=1.00 hasABS=0 sy=0.00 split=1.000,0.875 ===
124.13182|I|libbeamng.print:18052| === LSTM_OBS t=1700 1.11792,1.04408,1.39306,1.37994,0.00000,0.00000,0.00000,-0.00649,0.00000,0.00000,0.00000,1.00000,0.00000,0.00000,0.00000,731.16528,0.00000 ===
124.18217|I|libbeamng.print:18052| === LSTM_TRACE t=1710 v=0.98 ws=0.26,0.15,0.97,0.48 cmd=0.921,0.922,0.840,0.855 cap=2939,2701,1548,1598 des=2939,2701,1355,1398 app=2786,2607,1272,1310 abs=nil,nil,nil,nil ebrake=1.00 ibrake=1.00 hasABS=0 sy=0.00 split=1.000,0.875 ===
124.18220|I|libbeamng.print:18052| === LSTM_OBS t=1710 0.26363,0.14707,0.96999,0.47584,0.00000,0.00000,0.00000,0.00447,0.00000,0.00000,0.00637,1.00000,0.00000,0.00000,0.00000,732.07083,0.00000 ===
154.83952|I|libbeamng.print:18052| === LSTM_TRACE t=0 v=27.71 ws=27.78,27.86,27.41,27.40 cmd=0.756,0.918,0.220,0.206 cap=155,155,97,97 des=155,155,85,85 app=73,74,40,40 abs=nil,nil,nil,nil ebrake=1.00 ibrake=1.00 hasABS=0 sy=0.00 split=1.000,0.875 ===
154.83956|I|libbeamng.print:18052| === LSTM_OBS t=0 27.78347,27.86412,27.40516,27.40472,0.00000,0.00000,0.00000,0.00246,0.00000,0.00000,0.00069,1.00000,0.00000,0.00000,0.00000,7858.02471,0.00000 ===
154.88933|I|libbeamng.print:18052| === LSTM_TRACE t=10 v=27.54 ws=27.11,27.16,27.21,27.33 cmd=0.323,0.363,0.122,0.106 cap=826,964,157,137 des=826,964,138,120 app=784,927,129,112 abs=nil,nil,nil,nil ebrake=1.00 ibrake=1.00 hasABS=0 sy=0.00 split=1.000,0.875 ===
154.88937|I|libbeamng.print:18052| === LSTM_OBS t=10 27.10652,27.16119,27.21204,27.33198,0.00000,0.00000,0.00000,-0.00149,0.00000,0.00000,0.00265,1.00000,0.00000,0.00000,0.00000,7824.19686,0.00000 ===
154.90963|I|libbeamng.print:18052| === LSTM_ABS DBG raw=26.3325,26.1135,27.0698,27.0265,0.0000,0.0000,0.0000,-0.0108,0.0000,0.0000,0.0018,1.0000,0.0000,0.0000,0.0000,7797.2265,0.0000 ===
154.90966|I|libbeamng.print:18052| === LSTM_ABS DBG norm=0.62,0.61,0.60,0.60,0.04,-2.81,0.00,-0.07,-0.03,-0.05,-0.02,0.50,-0.01,0.00,0.00,1.78,0.00 ===
154.90967|I|libbeamng.print:18052| === LSTM_ABS DBG cmd=0.5175,0.6284,0.5447,0.5212 ===
154.93987|I|libbeamng.print:18052| === LSTM_TRACE t=20 v=27.18 ws=26.31,25.74,26.44,26.46 cmd=0.461,0.577,0.670,0.667 cap=1461,1770,1392,1374 des=1461,1770,1218,1202 app=1398,1714,1152,1135 abs=nil,nil,nil,nil ebrake=1.00 ibrake=1.00 hasABS=0 sy=0.00 split=1.000,0.875 ===
154.93993|I|libbeamng.print:18052| === LSTM_OBS t=20 26.30765,25.73902,26.44435,26.45705,0.00000,0.00000,0.00000,-0.01179,0.00000,0.00000,0.00226,1.00000,0.00000,0.00000,0.00000,7691.37081,0.00000 ===
154.98935|I|libbeamng.print:18052| === LSTM_TRACE t=30 v=26.84 ws=26.67,26.91,25.94,26.06 cmd=0.209,0.179,0.231,0.193 cap=726,657,463,397 des=726,657,405,347 app=698,639,386,330 abs=nil,nil,nil,nil ebrake=1.00 ibrake=1.00 hasABS=0 sy=0.00 split=1.000,0.875 ===
154.98939|I|libbeamng.print:18052| === LSTM_OBS t=30 26.67062,26.91361,25.94009,26.06068,0.00000,0.00000,0.00000,-0.02557,0.00000,0.00000,0.00115,1.00000,0.00000,0.00000,0.00000,7482.67390,0.00000 ===
155.03932|I|libbeamng.print:18052| === LSTM_TRACE t=40 v=26.62 ws=26.37,26.58,25.91,26.05 cmd=0.202,0.130,0.252,0.242 cap=574,371,474,446 des=574,371,414,390 app=553,361,396,371 abs=nil,nil,nil,nil ebrake=1.00 ibrake=1.00 hasABS=0 sy=0.00 split=1.000,0.875 ===
155.03936|I|libbeamng.print:18052| === LSTM_OBS t=40 26.37127,26.57722,25.91003,26.04665,0.00000,0.00000,0.00000,-0.00309,0.00000,0.00000,0.00069,1.00000,0.00000,0.00000,0.00000,7437.45255,0.00000 ===
155.08939|I|libbeamng.print:18052| === LSTM_TRACE t=50 v=26.32 ws=25.31,25.48,25.74,25.78 cmd=0.511,0.479,0.421,0.440 cap=1494,1371,779,815 des=1494,1371,681,713 app=1444,1337,652,681 abs=nil,nil,nil,nil ebrake=1.00 ibrake=1.00 hasABS=0 sy=0.00 split=1.000,0.875 ===
155.08942|I|libbeamng.print:18052| === LSTM_OBS t=50 25.31202,25.48489,25.73842,25.77790,0.00000,0.00000,0.00000,0.00865,0.00000,0.00000,0.00192,1.00000,0.00000,0.00000,0.00000,7410.75828,0.00000 ===
155.13926|I|libbeamng.print:18052| === LSTM_TRACE t=60 v=25.89 ws=24.94,24.74,25.30,25.25 cmd=0.530,0.591,0.385,0.417 cap=1702,1883,783,851 des=1702,1883,685,744 app=1654,1844,659,715 abs=nil,nil,nil,nil ebrake=1.00 ibrake=1.00 hasABS=0 sy=0.00 split=1.000,0.875 ===
155.13930|I|libbeamng.print:18052| === LSTM_OBS t=60 24.94416,24.73982,25.29985,25.24985,0.00000,0.00000,0.00000,0.00552,0.00000,0.00000,0.00221,1.00000,0.00000,0.00000,0.00000,7295.84249,0.00000 ===
155.18977|I|libbeamng.print:18052| === LSTM_TRACE t=70 v=25.50 ws=25.24,25.26,25.00,25.07 cmd=0.307,0.276,0.200,0.179 cap=989,986,405,371 des=989,986,354,324 app=964,968,342,312 abs=nil,nil,nil,nil ebrake=1.00 ibrake=1.00 hasABS=0 sy=0.00 split=1.000,0.875 ===
155.18981|I|libbeamng.print:18052| === LSTM_OBS t=70 25.24437,25.26417,25.00179,25.06569,0.00000,0.00000,0.00000,-0.00668,0.00000,0.00000,0.00104,1.00000,0.00000,0.00000,0.00000,7184.16858,0.00000 ===
155.23948|I|libbeamng.print:18052| === LSTM_TRACE t=80 v=25.28 ws=24.96,25.19,24.83,24.96 cmd=0.239,0.161,0.198,0.176 cap=703,490,376,328 des=703,490,329,287 app=686,481,317,276 abs=nil,nil,nil,nil ebrake=1.00 ibrake=1.00 hasABS=0 sy=0.00 split=1.000,0.875 ===
155.23952|I|libbeamng.print:18052| === LSTM_OBS t=80 24.95502,25.19271,24.83199,24.96273,0.00000,0.00000,0.00000,0.00852,0.00000,0.00000,0.00049,1.00000,0.00000,0.00000,0.00000,7132.22622,0.00000 ===
155.29006|I|libbeamng.print:18052| === LSTM_TRACE t=90 v=25.01 ws=24.18,24.26,24.66,24.61 cmd=0.466,0.441,0.330,0.341 cap=1372,1299,607,629 des=1372,1299,531,551 app=1341,1277,512,531 abs=nil,nil,nil,nil ebrake=1.00 ibrake=1.00 hasABS=0 sy=0.00 split=1.000,0.875 ===
155.29012|I|libbeamng.print:18052| === LSTM_OBS t=90 24.17594,24.26011,24.66297,24.60906,0.00000,0.00000,0.00000,0.01381,0.00000,0.00000,0.00162,1.00000,0.00000,0.00000,0.00000,7080.15409,0.00000 ===
155.33933|I|libbeamng.print:18052| === LSTM_TRACE t=100 v=24.62 ws=23.99,24.05,24.16,24.27 cmd=0.428,0.413,0.255,0.239 cap=1389,1396,532,504 des=1389,1396,466,441 app=1362,1376,450,425 abs=nil,nil,nil,nil ebrake=1.00 ibrake=1.00 hasABS=0 sy=0.00 split=1.000,0.875 ===
155.33937|I|libbeamng.print:18052| === LSTM_OBS t=100 23.98883,24.05071,24.15961,24.27160,0.00000,0.00000,0.00000,0.01699,0.00000,0.00000,0.00124,1.00000,0.00000,0.00000,0.00000,6975.53149,0.00000 ===
155.38934|I|libbeamng.print:18052| === LSTM_TRACE t=110 v=24.34 ws=23.99,24.24,23.93,24.11 cmd=0.267,0.230,0.155,0.138 cap=858,723,312,278 des=858,723,273,243 app=842,714,264,235 abs=nil,nil,nil,nil ebrake=1.00 ibrake=1.00 hasABS=0 sy=0.00 split=1.000,0.875 ===
155.38938|I|libbeamng.print:18052| === LSTM_OBS t=110 23.98753,24.24326,23.92937,24.11363,0.00000,0.00000,0.00000,-0.00421,0.00000,0.00000,0.00115,1.00000,0.00000,0.00000,0.00000,6884.95485,0.00000 ===
155.43937|I|libbeamng.print:18052| === LSTM_TRACE t=120 v=24.10 ws=23.70,23.92,23.80,23.79 cmd=0.322,0.270,0.160,0.152 cap=950,791,300,284 des=950,791,262,249 app=934,781,254,240 abs=nil,nil,nil,nil ebrake=1.00 ibrake=1.00 hasABS=0 sy=0.00 split=1.000,0.875 ===
155.43940|I|libbeamng.print:18052| === LSTM_OBS t=120 23.69873,23.92180,23.79816,23.79298,0.00000,0.00000,0.00000,0.00502,0.00000,0.00000,0.00069,1.00000,0.00000,0.00000,0.00000,6829.12851,0.00000 ===
155.48963|I|libbeamng.print:18052| === LSTM_TRACE t=130 v=23.84 ws=23.35,23.57,23.53,23.59 cmd=0.351,0.335,0.207,0.184 cap=1118,1010,413,369 des=1118,1010,361,323 app=1100,998,349,312 abs=nil,nil,nil,nil ebrake=1.00 ibrake=1.00 hasABS=0 sy=0.00 split=1.000,0.875 ===
155.48969|I|libbeamng.print:18052| === LSTM_OBS t=130 23.34779,23.57119,23.53171,23.59118,0.00000,0.00000,0.00000,0.00895,0.00000,0.00000,0.00069,1.00000,0.00000,0.00000,0.00000,6763.46550,0.00000 ===
155.54003|I|libbeamng.print:18052| === LSTM_TRACE t=140 v=23.59 ws=23.34,23.60,23.27,23.36 cmd=0.259,0.212,0.128,0.113 cap=814,651,264,232 des=814,651,231,203 app=801,644,223,196 abs=nil,nil,nil,nil ebrake=1.00 ibrake=1.00 hasABS=0 sy=0.00 split=1.000,0.875 ===
155.54007|I|libbeamng.print:18052| === LSTM_OBS t=140 23.34126,23.59800,23.26871,23.36114,0.00000,0.00000,0.00000,0.00884,0.00000,0.00000,0.00049,1.00000,0.00000,0.00000,0.00000,6684.06357,0.00000 ===
155.58962|I|libbeamng.print:18052| === LSTM_TRACE t=150 v=23.38 ws=22.95,23.30,23.10,23.14 cmd=0.300,0.255,0.142,0.129 cap=912,698,266,243 des=912,698,233,213 app=898,690,225,205 abs=nil,nil,nil,nil ebrake=1.00 ibrake=1.00 hasABS=0 sy=0.00 split=1.000,0.875 ===
155.58966|I|libbeamng.print:18052| === LSTM_OBS t=150 22.94579,23.29556,23.09824,23.13523,0.00000,0.00000,0.00000,0.00423,0.00000,0.00000,0.00085,1.00000,0.00000,0.00000,0.00000,6625.45163,0.00000 ===
155.63970|I|libbeamng.print:18052| === LSTM_TRACE t=160 v=23.10 ws=22.69,22.85,22.76,22.91 cmd=0.268,0.280,0.175,0.143 cap=879,956,359,295 des=879,956,314,258 app=866,945,303,249 abs=nil,nil,nil,nil ebrake=1.00 ibrake=1.00 hasABS=0 sy=0.00 split=1.000,0.875 ===
155.63974|I|libbeamng.print:18052| === LSTM_OBS t=160 22.68552,22.85401,22.75500,22.90604,0.00000,0.00000,0.00000,0.01030,0.00000,0.00000,0.00069,1.00000,0.00000,0.00000,0.00000,6560.50183,0.00000 ===
155.68967|I|libbeamng.print:18052| === LSTM_TRACE t=170 v=22.91 ws=22.78,22.90,22.64,22.73 cmd=0.196,0.132,0.096,0.087 cap=568,428,190,167 des=568,428,167,146 app=560,423,161,141 abs=nil,nil,nil,nil ebrake=1.00 ibrake=1.00 hasABS=0 sy=0.00 split=1.000,0.875 ===
155.68971|I|libbeamng.print:18052| === LSTM_OBS t=170 22.78370,22.90382,22.63853,22.73399,0.00000,0.00000,0.00000,0.01699,0.00000,0.00000,0.00049,1.00000,0.00000,0.00000,0.00000,6491.99539,0.00000 ===
155.73991|I|libbeamng.print:18052| === LSTM_TRACE t=180 v=22.71 ws=22.13,22.33,22.39,22.49 cmd=0.346,0.391,0.242,0.209 cap=1073,1065,412,364 des=1073,1065,361,318 app=1057,1053,348,306 abs=nil,nil,nil,nil ebrake=1.00 ibrake=1.00 hasABS=0 sy=0.00 split=1.000,0.875 ===
155.73995|I|libbeamng.print:18052| === LSTM_OBS t=180 22.12809,22.33114,22.39018,22.49063,0.00000,0.00000,0.00000,-0.00673,0.00000,0.00000,0.00049,1.00000,0.00000,0.00000,0.00000,6441.48832,0.00000 ===
155.78996|I|libbeamng.print:18052| === LSTM_TRACE t=190 v=22.42 ws=22.28,22.54,22.09,22.20 cmd=0.167,0.171,0.099,0.077 cap=609,651,220,169 des=609,651,193,148 app=600,644,186,142 abs=nil,nil,nil,nil ebrake=1.00 ibrake=1.00 hasABS=0 sy=0.00 split=1.000,0.875 ===
155.78999|I|libbeamng.print:18052| === LSTM_OBS t=190 22.28067,22.54367,22.08653,22.19532,0.00000,0.00000,0.00000,0.00686,0.00000,0.00000,0.00000,1.00000,0.00000,0.00000,0.00000,6361.10365,0.00000 ===
155.83987|I|libbeamng.print:18052| === LSTM_TRACE t=200 v=22.29 ws=22.00,22.31,21.99,22.04 cmd=0.194,0.135,0.096,0.099 cap=530,326,167,170 des=530,326,146,149 app=523,322,141,143 abs=nil,nil,nil,nil ebrake=1.00 ibrake=1.00 hasABS=0 sy=0.00 split=1.000,0.875 ===
155.83991|I|libbeamng.print:18052| === LSTM_OBS t=200 22.00219,22.30733,21.99152,22.04302,0.00000,0.00000,0.00000,-0.00265,0.00000,0.00000,0.00000,1.00000,0.00000,0.00000,0.00000,6307.62444,0.00000 ===
155.89007|I|libbeamng.print:18052| === LSTM_TRACE t=210 v=21.98 ws=21.08,20.87,21.54,21.75 cmd=0.448,0.552,0.441,0.422 cap=1508,1783,948,909 des=1508,1783,829,795 app=1488,1765,802,767 abs=nil,nil,nil,nil ebrake=1.00 ibrake=1.00 hasABS=0 sy=0.00 split=1.000,0.875 ===
155.89012|I|libbeamng.print:18052| === LSTM_OBS t=210 21.07916,20.86625,21.54267,21.74712,0.00000,0.00000,0.00000,0.00384,0.00000,0.00000,0.00229,1.00000,0.00000,0.00000,0.00000,6240.47140,0.00000 ===
155.94007|I|libbeamng.print:18052| === LSTM_TRACE t=220 v=21.67 ws=21.70,22.04,21.41,21.48 cmd=0.128,0.120,0.068,0.055 cap=522,454,142,112 des=522,454,124,98 app=515,450,120,95 abs=nil,nil,nil,nil ebrake=1.00 ibrake=1.00 hasABS=0 sy=0.00 split=1.000,0.875 ===
155.94017|I|libbeamng.print:18052| === LSTM_OBS t=220 21.69689,22.03899,21.40775,21.48122,0.00000,0.00000,0.00000,-0.00865,0.00000,0.00000,0.00000,1.00000,0.00000,0.00000,0.00000,6131.82771,0.00000 ===
155.98683|I|libbeamng.print:18052| === LSTM_TRACE t=230 v=21.55 ws=21.26,21.47,21.28,21.30 cmd=0.201,0.152,0.113,0.126 cap=511,345,184,204 des=511,345,161,179 app=505,342,156,172 abs=nil,nil,nil,nil ebrake=1.00 ibrake=1.00 hasABS=0 sy=0.00 split=1.000,0.875 ===
155.98687|I|libbeamng.print:18052| === LSTM_OBS t=230 21.25818,21.46583,21.27785,21.30091,0.00000,0.00000,0.00000,-0.00672,0.00000,0.00000,0.00000,1.00000,0.00000,0.00000,0.00000,6096.16815,0.00000 ===
156.03647|I|libbeamng.print:18052| === LSTM_TRACE t=240 v=21.21 ws=20.24,19.92,20.80,20.84 cmd=0.504,0.600,0.450,0.454 cap=1734,1860,989,1003 des=1734,1860,866,878 app=1713,1842,838,847 abs=nil,nil,nil,nil ebrake=1.00 ibrake=1.00 hasABS=0 sy=0.00 split=1.000,0.875 ===
156.03651|I|libbeamng.print:18052| === LSTM_OBS t=240 20.24437,19.92128,20.80151,20.84000,0.00000,0.00000,0.00000,0.00578,0.00000,0.00000,0.00204,1.00000,0.00000,0.00000,0.00000,6032.06010,0.00000 ===
156.08713|I|libbeamng.print:18052| === LSTM_TRACE t=250 v=20.87 ws=20.94,21.13,20.58,20.62 cmd=0.170,0.154,0.058,0.046 cap=577,596,131,103 des=577,596,115,90 app=570,591,111,87 abs=nil,nil,nil,nil ebrake=1.00 ibrake=1.00 hasABS=0 sy=0.00 split=1.000,0.875 ===
156.08716|I|libbeamng.print:18052| === LSTM_OBS t=250 20.93950,21.12758,20.57522,20.62410,0.00000,0.00000,0.00000,-0.00007,0.00000,0.00000,0.00000,1.00000,0.00000,0.00000,0.00000,5908.94935,0.00000 ===
156.13662|I|libbeamng.print:18052| === LSTM_TRACE t=260 v=20.74 ws=20.58,20.71,20.51,20.52 cmd=0.174,0.130,0.082,0.081 cap=421,331,134,133 des=421,331,118,116 app=416,328,114,112 abs=nil,nil,nil,nil ebrake=1.00 ibrake=1.00 hasABS=0 sy=0.00 split=1.000,0.875 ===
156.13666|I|libbeamng.print:18052| === LSTM_OBS t=260 20.57692,20.70534,20.51153,20.51616,0.00000,0.00000,0.00000,0.00730,0.00000,0.00000,0.00000,1.00000,0.00000,0.00000,0.00000,5869.29384,0.00000 ===
156.18781|I|libbeamng.print:18052| === LSTM_TRACE t=270 v=20.44 ws=19.60,19.37,20.18,20.20 cmd=0.472,0.549,0.391,0.365 cap=1611,1797,855,810 des=1611,1797,748,709 app=1592,1781,724,685 abs=nil,nil,nil,nil ebrake=1.00 ibrake=1.00 hasABS=0 sy=0.00 split=1.000,0.875 ===
156.18785|I|libbeamng.print:18052| === LSTM_OBS t=270 19.59677,19.37491,20.18499,20.19597,0.00000,0.00000,0.00000,0.00244,0.00000,0.00000,0.00176,1.00000,0.00000,0.00000,0.00000,5816.83670,0.00000 ===
156.23718|I|libbeamng.print:18052| === LSTM_TRACE t=280 v=20.12 ws=20.10,20.25,19.85,19.94 cmd=0.169,0.145,0.047,0.035 cap=574,514,114,84 des=574,514,100,74 app=567,510,96,71 abs=nil,nil,nil,nil ebrake=1.00 ibrake=1.00 hasABS=0 sy=0.00 split=1.000,0.875 ===
156.23722|I|libbeamng.print:18052| === LSTM_OBS t=280 20.10105,20.25093,19.85117,19.93583,0.00000,0.00000,0.00000,-0.00403,0.00000,0.00000,0.00049,1.00000,0.00000,0.00000,0.00000,5710.60554,0.00000 ===
156.28669|I|libbeamng.print:18052| === LSTM_TRACE t=290 v=20.00 ws=19.83,19.99,19.77,19.87 cmd=0.141,0.140,0.064,0.054 cap=405,367,107,91 des=405,367,94,80 app=401,364,91,77 abs=nil,nil,nil,nil ebrake=1.00 ibrake=1.00 hasABS=0 sy=0.00 split=1.000,0.875 ===
156.28674|I|libbeamng.print:18052| === LSTM_OBS t=290 19.82806,19.98760,19.76846,19.87067,0.00000,0.00000,0.00000,-0.00318,0.00000,0.00000,0.00000,1.00000,0.00000,0.00000,0.00000,5665.47014,0.00000 ===
156.33661|I|libbeamng.print:18052| === LSTM_TRACE t=300 v=19.76 ws=19.17,19.06,19.60,19.65 cmd=0.298,0.376,0.167,0.130 cap=1135,1327,341,272 des=1135,1327,299,238 app=1122,1316,289,229 abs=nil,nil,nil,nil ebrake=1.00 ibrake=1.00 hasABS=0 sy=0.00 split=1.000,0.875 ===
156.33665|I|libbeamng.print:18052| === LSTM_OBS t=300 19.16938,19.05572,19.59772,19.64532,0.00000,0.00000,0.00000,-0.00028,0.00000,0.00000,0.00115,1.00000,0.00000,0.00000,0.00000,5623.44366,0.00000 ===
156.38639|I|libbeamng.print:18052| === LSTM_TRACE t=310 v=19.54 ws=19.41,19.57,19.32,19.47 cmd=0.150,0.192,0.035,0.024 cap=519,568,77,53 des=519,568,67,46 app=513,563,65,45 abs=nil,nil,nil,nil ebrake=1.00 ibrake=1.00 hasABS=0 sy=0.00 split=1.000,0.875 ===
156.38648|I|libbeamng.print:18052| === LSTM_OBS t=310 19.41296,19.56712,19.31749,19.46677,0.00000,0.00000,0.00000,-0.01081,0.00000,0.00000,0.00000,1.00000,0.00000,0.00000,0.00000,5555.06325,0.00000 ===
156.43665|I|libbeamng.print:18052| === LSTM_TRACE t=320 v=19.40 ws=19.22,19.31,19.18,19.26 cmd=0.085,0.128,0.039,0.028 cap=275,416,71,51 des=275,416,62,44 app=272,413,60,43 abs=nil,nil,nil,nil ebrake=1.00 ibrake=1.00 hasABS=0 sy=0.00 split=1.000,0.875 ===
156.43669|I|libbeamng.print:18052| === LSTM_OBS t=320 19.21675,19.31335,19.18306,19.25827,0.00000,0.00000,0.00000,-0.00076,0.00000,0.00000,0.00000,1.00000,0.00000,0.00000,0.00000,5502.38790,0.00000 ===
156.48764|I|libbeamng.print:18052| === LSTM_TRACE t=330 v=19.27 ws=19.07,19.22,19.08,19.10 cmd=0.133,0.171,0.058,0.041 cap=390,464,111,80 des=390,464,97,70 app=385,460,94,67 abs=nil,nil,nil,nil ebrake=1.00 ibrake=1.00 hasABS=0 sy=0.00 split=1.000,0.875 ===
156.48768|I|libbeamng.print:18052| === LSTM_OBS t=330 19.07295,19.21924,19.07777,19.10480,0.00000,0.00000,0.00000,-0.01634,0.00000,0.00000,0.00000,1.00000,0.00000,0.00000,0.00000,5465.62494,0.00000 ===
156.53757|I|libbeamng.print:18052| === LSTM_TRACE t=340 v=19.09 ws=18.88,18.85,18.90,19.05 cmd=0.157,0.208,0.056,0.040 cap=486,664,117,83 des=486,664,102,73 app=480,658,99,70 abs=nil,nil,nil,nil ebrake=1.00 ibrake=1.00 hasABS=0 sy=0.00 split=1.000,0.875 ===
156.53761|I|libbeamng.print:18052| === LSTM_OBS t=340 18.88491,18.84586,18.89741,19.05309,0.00000,0.00000,0.00000,-0.00353,0.00000,0.00000,0.00049,1.00000,0.00000,0.00000,0.00000,5423.54256,0.00000 ===
156.58757|I|libbeamng.print:18052| === LSTM_TRACE t=350 v=18.94 ws=18.78,18.87,18.75,18.79 cmd=0.091,0.155,0.034,0.024 cap=311,492,65,46 des=311,492,57,40 app=307,488,55,38 abs=nil,nil,nil,nil ebrake=1.00 ibrake=1.00 hasABS=0 sy=0.00 split=1.000,0.875 ===
156.58761|I|libbeamng.print:18052| === LSTM_OBS t=350 18.78300,18.87144,18.74882,18.78928,0.00000,0.00000,0.00000,-0.01006,0.00000,0.00000,0.00000,1.00000,0.00000,0.00000,0.00000,5376.23053,0.00000 ===
156.63654|I|libbeamng.print:18052| === LSTM_TRACE t=360 v=18.81 ws=18.76,18.70,18.66,18.67 cmd=0.101,0.135,0.041,0.029 cap=285,417,79,55 des=285,417,69,48 app=281,413,66,46 abs=nil,nil,nil,nil ebrake=1.00 ibrake=1.00 hasABS=0 sy=0.00 split=1.000,0.875 ===
156.63658|I|libbeamng.print:18052| === LSTM_OBS t=360 18.75691,18.70475,18.65989,18.66893,0.00000,0.00000,0.00000,-0.00664,0.00000,0.00000,0.00000,1.00000,0.00000,0.00000,0.00000,5333.87536,0.00000 ===
156.68641|I|libbeamng.print:18052| === LSTM_TRACE t=370 v=18.67 ws=18.46,18.55,18.51,18.52 cmd=0.131,0.185,0.053,0.038 cap=410,541,104,74 des=410,541,91,65 app=404,536,87,62 abs=nil,nil,nil,nil ebrake=1.00 ibrake=1.00 hasABS=0 sy=0.00 split=1.000,0.875 ===
156.68644|I|libbeamng.print:18052| === LSTM_OBS t=370 18.46382,18.55053,18.51415,18.51954,0.00000,0.00000,0.00000,-0.00467,0.00000,0.00000,0.00000,1.00000,0.00000,0.00000,0.00000,5295.67737,0.00000 ===
156.73648|I|libbeamng.print:18052| === LSTM_TRACE t=380 v=18.51 ws=18.36,18.42,18.36,18.39 cmd=0.103,0.180,0.036,0.025 cap=341,562,73,52 des=341,562,64,45 app=336,557,61,43 abs=nil,nil,nil,nil ebrake=1.00 ibrake=1.00 hasABS=0 sy=0.00 split=1.000,0.875 ===
156.73652|I|libbeamng.print:18052| === LSTM_OBS t=380 18.35866,18.42037,18.35902,18.39468,0.00000,0.00000,0.00000,-0.00630,0.00000,0.00000,0.00049,1.00000,0.00000,0.00000,0.00000,5255.16200,0.00000 ===
156.78709|I|libbeamng.print:18052| === LSTM_TRACE t=390 v=18.38 ws=18.24,18.41,18.22,18.23 cmd=0.078,0.145,0.034,0.023 cap=244,428,65,45 des=244,428,57,40 app=240,424,55,38 abs=nil,nil,nil,nil ebrake=1.00 ibrake=1.00 hasABS=0 sy=0.00 split=1.000,0.875 ===
156.78713|I|libbeamng.print:18052| === LSTM_OBS t=390 18.24280,18.41340,18.21612,18.23122,0.00000,0.00000,0.00000,-0.00927,0.00000,0.00000,0.00049,1.00000,0.00000,0.00000,0.00000,5213.44763,0.00000 ===
156.83823|I|libbeamng.print:18052| === LSTM_TRACE t=400 v=18.25 ws=18.12,18.26,18.09,18.11 cmd=0.096,0.156,0.042,0.029 cap=282,446,82,57 des=282,446,72,50 app=277,441,69,48 abs=nil,nil,nil,nil ebrake=1.00 ibrake=1.00 hasABS=0 sy=0.00 split=1.000,0.875 ===
156.83830|I|libbeamng.print:18052| === LSTM_OBS t=400 18.12090,18.25589,18.08578,18.11098,0.00000,0.00000,0.00000,-0.00819,0.00000,0.00000,0.00000,1.00000,0.00000,0.00000,0.00000,5175.91254,0.00000 ===
156.88714|I|libbeamng.print:18052| === LSTM_TRACE t=410 v=18.10 ws=17.92,18.03,17.97,18.00 cmd=0.097,0.187,0.042,0.028 cap=322,553,83,57 des=322,553,72,50 app=317,547,69,48 abs=nil,nil,nil,nil ebrake=1.00 ibrake=1.00 hasABS=0 sy=0.00 split=1.000,0.875 ===
156.88718|I|libbeamng.print:18052| === LSTM_OBS t=410 17.91677,18.03322,17.96801,17.99534,0.00000,0.00000,0.00000,-0.01007,0.00000,0.00000,0.00000,1.00000,0.00000,0.00000,0.00000,5138.98957,0.00000 ===
156.93770|I|libbeamng.print:18052| === LSTM_TRACE t=420 v=17.96 ws=17.80,17.78,17.85,17.84 cmd=0.077,0.158,0.033,0.023 cap=266,521,63,43 des=266,521,55,38 app=261,516,53,36 abs=nil,nil,nil,nil ebrake=1.00 ibrake=1.00 hasABS=0 sy=0.00 split=1.000,0.875 ===
156.93774|I|libbeamng.print:18052| === LSTM_OBS t=420 17.80028,17.78308,17.85490,17.84377,0.00000,0.00000,0.00000,-0.00802,0.00000,0.00000,0.00000,1.00000,0.00000,0.00000,0.00000,5099.13910,0.00000 ===
156.98641|I|libbeamng.print:18052| === LSTM_TRACE t=430 v=17.83 ws=17.75,17.72,17.64,17.71 cmd=0.083,0.146,0.036,0.025 cap=246,461,70,47 des=246,461,61,41 app=242,456,58,39 abs=nil,nil,nil,nil ebrake=1.00 ibrake=1.00 hasABS=0 sy=0.00 split=1.000,0.875 ===
156.98646|I|libbeamng.print:18052| === LSTM_OBS t=430 17.74890,17.72313,17.64291,17.71106,0.00000,0.00000,0.00000,-0.00437,0.00000,0.00000,0.00049,1.00000,0.00000,0.00000,0.00000,5061.02648,0.00000 ===
157.03725|I|libbeamng.print:18052| === LSTM_TRACE t=440 v=17.70 ws=17.69,17.58,17.54,17.66 cmd=0.094,0.165,0.039,0.027 cap=260,516,76,52 des=260,516,67,46 app=255,511,64,44 abs=nil,nil,nil,nil ebrake=1.00 ibrake=1.00 hasABS=0 sy=0.00 split=1.000,0.875 ===
157.03729|I|libbeamng.print:18052| === LSTM_OBS t=440 17.68853,17.57714,17.53598,17.66082,0.00000,0.00000,0.00000,-0.00712,0.00000,0.00000,0.00000,1.00000,0.00000,0.00000,0.00000,5024.65246,0.00000 ===
157.08668|I|libbeamng.print:18052| === LSTM_TRACE t=450 v=17.56 ws=17.40,17.47,17.40,17.49 cmd=0.077,0.176,0.034,0.023 cap=282,538,66,45 des=282,538,58,39 app=277,533,56,37 abs=nil,nil,nil,nil ebrake=1.00 ibrake=1.00 hasABS=0 sy=0.00 split=1.000,0.875 ===
157.08672|I|libbeamng.print:18052| === LSTM_OBS t=450 17.40390,17.46530,17.39868,17.49252,0.00000,0.00000,0.00000,-0.02071,0.00000,0.00000,0.00000,1.00000,0.00000,0.00000,0.00000,4987.29445,0.00000 ===
157.13679|I|libbeamng.print:18052| === LSTM_TRACE t=460 v=17.43 ws=17.43,17.33,17.39,17.37 cmd=0.072,0.151,0.034,0.022 cap=205,484,65,43 des=205,484,57,38 app=201,478,55,36 abs=nil,nil,nil,nil ebrake=1.00 ibrake=1.00 hasABS=0 sy=0.00 split=1.000,0.875 ===
157.13683|I|libbeamng.print:18052| === LSTM_OBS t=460 17.42715,17.33167,17.39277,17.36993,0.00000,0.00000,0.00000,-0.00754,0.00000,0.00000,0.00000,1.00000,0.00000,0.00000,0.00000,4952.19247,0.00000 ===
157.18685|I|libbeamng.print:18052| === LSTM_TRACE t=470 v=17.31 ws=17.25,17.27,17.13,17.22 cmd=0.078,0.159,0.037,0.024 cap=236,473,72,47 des=236,473,63,41 app=232,468,60,39 abs=nil,nil,nil,nil ebrake=1.00 ibrake=1.00 hasABS=0 sy=0.00 split=1.000,0.875 ===
157.18689|I|libbeamng.print:18052| === LSTM_OBS t=470 17.25019,17.27279,17.12786,17.21882,0.00000,0.00000,0.00000,-0.01770,0.00000,0.00000,0.00000,1.00000,0.00000,0.00000,0.00000,4916.75143,0.00000 ===
157.23668|I|libbeamng.print:18052| === LSTM_TRACE t=480 v=17.18 ws=17.01,17.18,17.00,17.06 cmd=0.071,0.182,0.036,0.023 cap=244,514,71,47 des=244,514,62,41 app=239,508,60,39 abs=nil,nil,nil,nil ebrake=1.00 ibrake=1.00 hasABS=0 sy=0.00 split=1.000,0.875 ===
157.23672|I|libbeamng.print:18052| === LSTM_OBS t=480 17.01302,17.18111,17.00375,17.05788,0.00000,0.00000,0.00000,-0.02269,0.00000,0.00000,0.00000,1.00000,0.00000,0.00000,0.00000,4878.95837,0.00000 ===
157.28683|I|libbeamng.print:18052| === LSTM_TRACE t=490 v=17.04 ws=16.93,17.01,16.89,16.93 cmd=0.066,0.165,0.034,0.022 cap=206,495,66,43 des=206,495,58,38 app=202,490,55,36 abs=nil,nil,nil,nil ebrake=1.00 ibrake=1.00 hasABS=0 sy=0.00 split=1.000,0.875 ===
157.28687|I|libbeamng.print:18052| === LSTM_OBS t=490 16.93295,17.00565,16.88982,16.93194,0.00000,0.00000,0.00000,-0.00496,0.00000,0.00000,0.00000,1.00000,0.00000,0.00000,0.00000,4842.05528,0.00000 ===
157.33648|I|libbeamng.print:18052| === LSTM_TRACE t=500 v=16.91 ws=16.86,16.90,16.74,16.84 cmd=0.069,0.166,0.031,0.021 cap=205,495,62,42 des=205,495,54,37 app=201,490,52,35 abs=nil,nil,nil,nil ebrake=1.00 ibrake=1.00 hasABS=0 sy=0.00 split=1.000,0.875 ===
157.33653|I|libbeamng.print:18052| === LSTM_OBS t=500 16.86405,16.89560,16.73546,16.84041,0.00000,0.00000,0.00000,-0.00467,0.00000,0.00000,0.00000,1.00000,0.00000,0.00000,0.00000,4806.40350,0.00000 ===
157.38695|I|libbeamng.print:18052| === LSTM_TRACE t=510 v=16.78 ws=16.69,16.78,16.62,16.68 cmd=0.062,0.168,0.033,0.022 cap=192,498,64,42 des=192,498,56,37 app=188,493,54,35 abs=nil,nil,nil,nil ebrake=1.00 ibrake=1.00 hasABS=0 sy=0.00 split=1.000,0.875 ===
157.38702|I|libbeamng.print:18052| === LSTM_OBS t=510 16.68833,16.78076,16.61505,16.68433,0.00000,0.00000,0.00000,-0.00998,0.00000,0.00000,0.00000,1.00000,0.00000,0.00000,0.00000,4771.77790,0.00000 ===
157.43705|I|libbeamng.print:18052| === LSTM_TRACE t=520 v=16.67 ws=16.55,16.70,16.56,16.54 cmd=0.061,0.171,0.031,0.021 cap=204,482,62,42 des=204,482,54,36 app=200,477,52,35 abs=nil,nil,nil,nil ebrake=1.00 ibrake=1.00 hasABS=0 sy=0.00 split=1.000,0.875 ===
157.43709|I|libbeamng.print:18052| === LSTM_OBS t=520 16.55418,16.69689,16.56473,16.54429,0.00000,0.00000,0.00000,-0.01991,0.00000,0.00000,0.00000,1.00000,0.00000,0.00000,0.00000,4734.96980,0.00000 ===
157.48638|I|libbeamng.print:18052| === LSTM_TRACE t=530 v=16.53 ws=16.46,16.39,16.44,16.56 cmd=0.060,0.156,0.032,0.021 cap=202,514,60,40 des=202,514,53,35 app=198,508,51,33 abs=nil,nil,nil,nil ebrake=1.00 ibrake=1.00 hasABS=0 sy=0.00 split=1.000,0.875 ===
157.48642|I|libbeamng.print:18052| === LSTM_OBS t=530 16.45791,16.39287,16.43916,16.55861,0.00000,0.00000,0.00000,-0.01442,0.00000,0.00000,0.00049,1.00000,0.00000,0.00000,0.00000,4699.40252,0.00000 ===
157.53760|I|libbeamng.print:18052| === LSTM_TRACE t=540 v=16.40 ws=16.38,16.34,16.28,16.29 cmd=0.063,0.171,0.030,0.020 cap=187,515,59,39 des=187,515,52,34 app=183,509,49,33 abs=nil,nil,nil,nil ebrake=1.00 ibrake=1.00 hasABS=0 sy=0.00 split=1.000,0.875 ===
157.53766|I|libbeamng.print:18052| === LSTM_OBS t=540 16.37777,16.34210,16.27527,16.29399,0.00000,0.00000,0.00000,-0.01379,0.00000,0.00000,0.00000,1.00000,0.00000,0.00000,0.00000,4663.36411,0.00000 ===
157.58658|I|libbeamng.print:18052| === LSTM_TRACE t=550 v=16.28 ws=16.23,16.18,16.28,16.22 cmd=0.055,0.150,0.031,0.021 cap=174,491,60,40 des=174,491,52,35 app=170,486,50,33 abs=nil,nil,nil,nil ebrake=1.00 ibrake=1.00 hasABS=0 sy=0.00 split=1.000,0.875 ===
157.58662|I|libbeamng.print:18052| === LSTM_OBS t=550 16.23010,16.17810,16.28244,16.21508,0.00000,0.00000,0.00000,-0.01122,0.00000,0.00000,0.00049,1.00000,0.00000,0.00000,0.00000,4629.50439,0.00000 ===
157.63761|I|libbeamng.print:18052| === LSTM_TRACE t=560 v=16.16 ws=16.12,16.20,16.00,16.08 cmd=0.062,0.168,0.029,0.019 cap=189,470,57,39 des=189,470,50,34 app=185,465,48,32 abs=nil,nil,nil,nil ebrake=1.00 ibrake=1.00 hasABS=0 sy=0.00 split=1.000,0.875 ===
157.63765|I|libbeamng.print:18052| === LSTM_OBS t=560 16.12472,16.19642,15.99801,16.07825,0.00000,0.00000,0.00000,-0.01561,0.00000,0.00000,0.00049,1.00000,0.00000,0.00000,0.00000,4594.51938,0.00000 ===
157.68713|I|libbeamng.print:18052| === LSTM_TRACE t=570 v=16.04 ws=16.00,15.87,15.96,16.03 cmd=0.055,0.162,0.030,0.020 cap=171,548,56,38 des=171,548,49,33 app=167,541,47,31 abs=nil,nil,nil,nil ebrake=1.00 ibrake=1.00 hasABS=0 sy=0.00 split=1.000,0.875 ===
157.68717|I|libbeamng.print:18052| === LSTM_OBS t=570 15.99779,15.86958,15.95702,16.03300,0.00000,0.00000,0.00000,-0.01121,0.00000,0.00000,0.00000,1.00000,0.00000,0.00000,0.00000,4558.00114,0.00000 ===
157.73726|I|libbeamng.print:18052| === LSTM_TRACE t=580 v=15.91 ws=15.91,15.81,15.83,15.96 cmd=0.056,0.147,0.028,0.019 cap=169,460,56,38 des=169,460,49,33 app=165,455,47,32 abs=nil,nil,nil,nil ebrake=1.00 ibrake=1.00 hasABS=0 sy=0.00 split=1.000,0.875 ===
157.73729|I|libbeamng.print:18052| === LSTM_OBS t=580 15.90828,15.80625,15.82843,15.95945,0.00000,0.00000,0.00000,-0.01676,0.00000,0.00000,0.00000,1.00000,0.00000,0.00000,0.00000,4523.13435,0.00000 ===
157.78770|I|libbeamng.print:18052| === LSTM_TRACE t=590 v=15.76 ws=15.68,15.71,15.32,15.48 cmd=0.062,0.170,0.025,0.017 cap=214,519,48,33 des=214,519,42,29 app=209,513,41,27 abs=nil,nil,nil,nil ebrake=1.00 ibrake=1.00 hasABS=0 sy=0.00 split=1.000,0.875 ===
157.78775|I|libbeamng.print:18052| === LSTM_OBS t=590 15.67921,15.71399,15.31607,15.48034,0.00000,0.00000,0.00000,-0.01472,0.00000,0.00000,0.00049,1.00000,0.00000,0.00000,0.00000,4521.53833,0.00000 ===
157.83731|I|libbeamng.print:18052| === LSTM_TRACE t=600 v=15.50 ws=15.43,15.45,15.06,15.09 cmd=0.038,0.156,0.024,0.015 cap=140,485,46,30 des=140,485,40,26 app=136,480,38,25 abs=nil,nil,nil,nil ebrake=1.00 ibrake=1.00 hasABS=0 sy=0.00 split=1.000,0.875 ===
157.83737|I|libbeamng.print:18052| === LSTM_OBS t=600 15.42864,15.45223,15.05782,15.08707,0.00000,0.00000,0.00000,-0.01986,0.00000,0.00000,0.00049,1.00000,0.00000,0.00000,0.00000,4728.22646,0.00000 ===
157.88712|I|libbeamng.print:18052| === LSTM_TRACE t=610 v=15.25 ws=15.22,15.27,14.83,14.82 cmd=0.030,0.131,0.023,0.015 cap=96,385,45,29 des=96,385,40,25 app=94,380,38,24 abs=nil,nil,nil,nil ebrake=1.00 ibrake=1.00 hasABS=0 sy=0.00 split=1.000,0.875 ===
157.88716|I|libbeamng.print:18052| === LSTM_OBS t=610 15.22232,15.27024,14.83429,14.82417,0.00000,0.00000,0.00000,-0.02354,0.00000,0.00000,0.00000,1.00000,0.00000,0.00000,0.00000,5008.77553,0.00000 ===
157.93711|I|libbeamng.print:18052| === LSTM_TRACE t=620 v=15.00 ws=14.97,14.96,14.53,14.44 cmd=0.046,0.154,0.026,0.017 cap=144,441,50,33 des=144,441,43,29 app=140,436,41,27 abs=nil,nil,nil,nil ebrake=1.00 ibrake=1.00 hasABS=0 sy=0.00 split=1.000,0.875 ===
157.93716|I|libbeamng.print:18052| === LSTM_OBS t=620 14.96783,14.96249,14.52605,14.44222,0.00000,0.00000,0.00000,-0.02526,0.00000,0.00000,0.00049,1.00000,0.00000,0.00000,0.00000,5274.70418,0.00000 ===
157.98873|I|libbeamng.print:18052| === LSTM_TRACE t=630 v=14.74 ws=14.79,14.62,14.24,14.17 cmd=0.062,0.187,0.025,0.017 cap=171,575,51,34 des=171,575,44,30 app=167,568,43,28 abs=nil,nil,nil,nil ebrake=1.00 ibrake=1.00 hasABS=0 sy=0.00 split=1.000,0.875 ===
157.98878|I|libbeamng.print:18052| === LSTM_OBS t=630 14.78723,14.61887,14.23561,14.17250,0.00000,0.00000,0.00000,-0.02577,0.00000,0.00000,0.00000,1.00000,0.00000,0.00000,0.00000,5521.93152,0.00000 ===
158.03735|I|libbeamng.print:18052| === LSTM_TRACE t=640 v=14.46 ws=14.43,14.35,13.99,13.90 cmd=0.055,0.177,0.025,0.017 cap=192,582,47,32 des=192,582,41,28 app=187,575,40,27 abs=nil,nil,nil,nil ebrake=1.00 ibrake=1.00 hasABS=0 sy=0.00 split=1.000,0.875 ===
158.03740|I|libbeamng.print:18052| === LSTM_OBS t=640 14.42810,14.35397,13.99316,13.89721,0.00000,0.00000,0.00000,-0.01857,0.00000,0.00000,0.00000,1.00000,0.00000,0.00000,0.00000,5749.78262,0.00000 ===
158.08713|I|libbeamng.print:18052| === LSTM_TRACE t=650 v=14.20 ws=14.20,14.17,13.96,14.03 cmd=0.048,0.171,0.031,0.021 cap=144,512,59,40 des=144,512,52,35 app=140,505,49,33 abs=nil,nil,nil,nil ebrake=1.00 ibrake=1.00 hasABS=0 sy=0.00 split=1.000,0.875 ===
158.08717|I|libbeamng.print:18052| === LSTM_OBS t=650 14.20364,14.17030,13.96321,14.02885,0.00000,0.00000,0.00000,-0.02313,0.00000,0.00000,0.00000,1.00000,0.00000,0.00000,0.00000,5926.78182,0.00000 ===
158.13676|I|libbeamng.print:18052| === LSTM_TRACE t=660 v=14.03 ws=13.94,13.95,13.91,14.06 cmd=0.100,0.208,0.045,0.033 cap=317,605,85,62 des=317,605,74,54 app=309,598,71,51 abs=nil,nil,nil,nil ebrake=1.00 ibrake=1.00 hasABS=0 sy=0.00 split=1.000,0.875 ===
158.13680|I|libbeamng.print:18052| === LSTM_OBS t=660 13.93963,13.95046,13.90860,14.05760,0.00000,0.00000,0.00000,-0.01974,0.00000,0.00000,0.00000,1.00000,0.00000,0.00000,0.00000,5978.19520,0.00000 ===
158.18680|I|libbeamng.print:18052| === LSTM_TRACE t=670 v=13.86 ws=13.83,13.63,13.85,13.78 cmd=0.150,0.259,0.055,0.041 cap=417,831,109,81 des=417,831,95,71 app=407,821,91,67 abs=nil,nil,nil,nil ebrake=1.00 ibrake=1.00 hasABS=0 sy=0.00 split=1.000,0.875 ===
158.18690|I|libbeamng.print:18052| === LSTM_OBS t=670 13.83497,13.62698,13.84926,13.77628,0.00000,0.00000,0.00000,-0.01603,0.00000,0.00000,0.00000,1.00000,0.00000,0.00000,0.00000,5935.59474,0.00000 ===
158.23950|I|libbeamng.print:18052| === LSTM_TRACE t=680 v=13.68 ws=13.53,13.49,13.56,13.64 cmd=0.120,0.285,0.054,0.040 cap=414,888,104,78 des=414,888,91,68 app=404,878,87,65 abs=nil,nil,nil,nil ebrake=1.00 ibrake=1.00 hasABS=0 sy=0.00 split=1.000,0.875 ===
158.23954|I|libbeamng.print:18052| === LSTM_OBS t=680 13.53166,13.48758,13.55915,13.64046,0.00000,0.00000,0.00000,-0.01809,0.00000,0.00000,0.00000,1.00000,0.00000,0.00000,0.00000,5861.29075,0.00000 ===
158.28736|I|libbeamng.print:18052| === LSTM_TRACE t=690 v=13.50 ws=13.41,13.36,13.43,13.40 cmd=0.122,0.275,0.049,0.036 cap=408,865,95,70 des=408,865,83,61 app=398,855,79,58 abs=nil,nil,nil,nil ebrake=1.00 ibrake=1.00 hasABS=0 sy=0.00 split=1.000,0.875 ===
158.28740|I|libbeamng.print:18052| === LSTM_OBS t=690 13.41489,13.36095,13.43160,13.40149,0.00000,0.00000,0.00000,-0.01491,0.00000,0.00000,0.00000,1.00000,0.00000,0.00000,0.00000,5784.13596,0.00000 ===
158.33689|I|libbeamng.print:18052| === LSTM_TRACE t=700 v=13.33 ws=13.27,13.19,13.24,13.28 cmd=0.109,0.272,0.046,0.033 cap=344,826,90,65 des=344,826,79,57 app=336,817,76,54 abs=nil,nil,nil,nil ebrake=1.00 ibrake=1.00 hasABS=0 sy=0.00 split=1.000,0.875 ===
158.33694|I|libbeamng.print:18052| === LSTM_OBS t=700 13.27181,13.18638,13.24130,13.27577,0.00000,0.00000,0.00000,-0.02238,0.00000,0.00000,0.00000,1.00000,0.00000,0.00000,0.00000,5707.59049,0.00000 ===
158.38749|I|libbeamng.print:18052| === LSTM_TRACE t=710 v=13.16 ws=13.11,13.02,13.05,13.14 cmd=0.107,0.270,0.046,0.033 cap=305,803,92,66 des=305,803,80,58 app=298,794,77,55 abs=nil,nil,nil,nil ebrake=1.00 ibrake=1.00 hasABS=0 sy=0.00 split=1.000,0.875 ===
158.38752|I|libbeamng.print:18052| === LSTM_OBS t=710 13.10636,13.01640,13.05463,13.13852,0.00000,0.00000,0.00000,-0.02167,0.00000,0.00000,0.00000,1.00000,0.00000,0.00000,0.00000,5633.15020,0.00000 ===
158.43674|I|libbeamng.print:18052| === LSTM_TRACE t=720 v=12.99 ws=12.96,12.87,12.89,12.97 cmd=0.107,0.271,0.044,0.032 cap=301,821,89,63 des=301,821,78,56 app=294,812,74,53 abs=nil,nil,nil,nil ebrake=1.00 ibrake=1.00 hasABS=0 sy=0.00 split=1.000,0.875 ===
158.43681|I|libbeamng.print:18052| === LSTM_OBS t=720 12.96240,12.86572,12.89241,12.97403,0.00000,0.00000,0.00000,-0.02205,0.00000,0.00000,0.00000,1.00000,0.00000,0.00000,0.00000,5560.89914,0.00000 ===
158.48700|I|libbeamng.print:18052| === LSTM_TRACE t=730 v=12.82 ws=12.79,12.72,12.75,12.77 cmd=0.098,0.260,0.043,0.030 cap=267,781,87,62 des=267,781,76,54 app=261,773,73,51 abs=nil,nil,nil,nil ebrake=1.00 ibrake=1.00 hasABS=0 sy=0.00 split=1.000,0.875 ===
158.48704|I|libbeamng.print:18052| === LSTM_OBS t=730 12.79097,12.71510,12.74661,12.76715,0.00000,0.00000,0.00000,-0.02000,0.00000,0.00000,0.00000,1.00000,0.00000,0.00000,0.00000,5489.15909,0.00000 ===
158.53796|I|libbeamng.print:18052| === LSTM_TRACE t=740 v=12.65 ws=12.58,12.53,12.63,12.55 cmd=0.088,0.242,0.042,0.030 cap=286,743,83,59 des=286,743,72,52 app=279,735,69,49 abs=nil,nil,nil,nil ebrake=1.00 ibrake=1.00 hasABS=0 sy=0.00 split=1.000,0.875 ===
158.53800|I|libbeamng.print:18052| === LSTM_OBS t=740 12.58339,12.53319,12.63418,12.54681,0.00000,0.00000,0.00000,-0.01990,0.00000,0.00000,0.00049,1.00000,0.00000,0.00000,0.00000,5418.86490,0.00000 ===
158.58702|I|libbeamng.print:18052| === LSTM_TRACE t=750 v=12.49 ws=12.46,12.33,12.38,12.47 cmd=0.080,0.247,0.040,0.029 cap=264,804,77,55 des=264,804,67,48 app=258,795,64,46 abs=nil,nil,nil,nil ebrake=1.00 ibrake=1.00 hasABS=0 sy=0.00 split=1.000,0.875 ===
158.58707|I|libbeamng.print:18052| === LSTM_OBS t=750 12.46462,12.33299,12.37996,12.47461,0.00000,0.00000,0.00000,-0.01801,0.00000,0.00000,0.00049,1.00000,0.00000,0.00000,0.00000,5349.66446,0.00000 ===
158.63734|I|libbeamng.print:18052| === LSTM_TRACE t=760 v=12.34 ws=12.29,12.19,12.32,12.23 cmd=0.070,0.226,0.038,0.027 cap=227,725,73,52 des=227,725,63,45 app=222,718,61,43 abs=nil,nil,nil,nil ebrake=1.00 ibrake=1.00 hasABS=0 sy=0.00 split=1.000,0.875 ===
158.63738|I|libbeamng.print:18052| === LSTM_OBS t=760 12.28639,12.18879,12.31809,12.22842,0.00000,0.00000,0.00000,-0.01899,0.00000,0.00000,0.00000,1.00000,0.00000,0.00000,0.00000,5282.07209,0.00000 ===
158.68798|I|libbeamng.print:18052| === LSTM_TRACE t=770 v=12.19 ws=12.20,12.11,12.08,12.20 cmd=0.076,0.230,0.036,0.026 cap=241,681,72,52 des=241,681,63,45 app=235,674,60,43 abs=nil,nil,nil,nil ebrake=1.00 ibrake=1.00 hasABS=0 sy=0.00 split=1.000,0.875 ===
158.68802|I|libbeamng.print:18052| === LSTM_OBS t=770 12.20495,12.10614,12.08000,12.19636,0.00000,0.00000,0.00000,-0.02811,0.00000,0.00000,0.00069,1.00000,0.00000,0.00000,0.00000,5215.78013,0.00000 ===
158.73758|I|libbeamng.print:18052| === LSTM_TRACE t=780 v=12.03 ws=12.04,11.93,11.96,11.97 cmd=0.067,0.233,0.035,0.025 cap=192,721,69,49 des=192,721,61,43 app=188,713,58,41 abs=nil,nil,nil,nil ebrake=1.00 ibrake=1.00 hasABS=0 sy=0.00 split=1.000,0.875 ===
158.73766|I|libbeamng.print:18052| === LSTM_OBS t=780 12.03514,11.92648,11.96204,11.96866,0.00000,0.00000,0.00000,-0.02129,0.00000,0.00000,0.00000,1.00000,0.00000,0.00000,0.00000,5150.40610,0.00000 ===
158.78789|I|libbeamng.print:18052| === LSTM_TRACE t=790 v=11.89 ws=11.84,11.84,11.86,11.84 cmd=0.062,0.221,0.034,0.025 cap=212,651,66,48 des=212,651,58,42 app=207,645,55,40 abs=nil,nil,nil,nil ebrake=1.00 ibrake=1.00 hasABS=0 sy=0.00 split=1.000,0.875 ===
158.78792|I|libbeamng.print:18052| === LSTM_OBS t=790 11.84388,11.83993,11.86087,11.83532,0.00000,0.00000,0.00000,-0.01754,0.00000,0.00000,0.00085,1.00000,0.00000,0.00000,0.00000,5086.14756,0.00000 ===
158.83776|I|libbeamng.print:18052| === LSTM_TRACE t=800 v=11.74 ws=11.77,11.69,11.70,11.62 cmd=0.064,0.207,0.033,0.024 cap=180,612,66,48 des=180,612,58,42 app=176,605,55,40 abs=nil,nil,nil,nil ebrake=1.00 ibrake=1.00 hasABS=0 sy=0.00 split=1.000,0.875 ===
158.83780|I|libbeamng.print:18052| === LSTM_OBS t=800 11.77037,11.68746,11.69554,11.62455,0.00000,0.00000,0.00000,-0.01899,0.00000,0.00000,0.00000,1.00000,0.00000,0.00000,0.00000,5022.16657,0.00000 ===
158.88765|I|libbeamng.print:18052| === LSTM_TRACE t=810 v=11.59 ws=11.57,11.56,11.57,11.57 cmd=0.055,0.208,0.033,0.024 cap=183,633,62,45 des=183,633,55,40 app=179,627,52,38 abs=nil,nil,nil,nil ebrake=1.00 ibrake=1.00 hasABS=0 sy=0.00 split=1.000,0.875 ===
158.88768|I|libbeamng.print:18052| === LSTM_OBS t=810 11.56693,11.56412,11.57200,11.56796,0.00000,0.00000,0.00000,-0.01158,0.00000,0.00000,0.00049,1.00000,0.00000,0.00000,0.00000,4959.78808,0.00000 ===
158.93759|I|libbeamng.print:18052| === LSTM_TRACE t=820 v=11.45 ws=11.50,11.32,11.35,11.44 cmd=0.057,0.191,0.031,0.023 cap=165,651,61,45 des=165,651,54,39 app=161,644,51,37 abs=nil,nil,nil,nil ebrake=1.00 ibrake=1.00 hasABS=0 sy=0.00 split=1.000,0.875 ===
158.93763|I|libbeamng.print:18052| === LSTM_OBS t=820 11.50380,11.32306,11.34980,11.44420,0.00000,0.00000,0.00000,-0.01360,0.00000,0.00000,0.00000,1.00000,0.00000,0.00000,0.00000,4897.70063,0.00000 ===
158.98846|I|libbeamng.print:18052| === LSTM_TRACE t=830 v=11.31 ws=11.32,11.29,11.21,11.30 cmd=0.053,0.194,0.030,0.022 cap=166,564,59,44 des=166,564,51,38 app=162,558,49,36 abs=nil,nil,nil,nil ebrake=1.00 ibrake=1.00 hasABS=0 sy=0.00 split=1.000,0.875 ===
158.98850|I|libbeamng.print:18052| === LSTM_OBS t=830 11.31547,11.28626,11.21182,11.30323,0.00000,0.00000,0.00000,-0.01764,0.00000,0.00000,0.00049,1.00000,0.00000,0.00000,0.00000,4836.48662,0.00000 ===
159.03890|I|libbeamng.print:18052| === LSTM_TRACE t=840 v=11.18 ws=11.21,11.12,11.10,11.15 cmd=0.053,0.188,0.029,0.022 cap=162,584,56,42 des=162,584,49,37 app=158,578,47,35 abs=nil,nil,nil,nil ebrake=1.00 ibrake=1.00 hasABS=0 sy=0.00 split=1.000,0.875 ===
159.03894|I|libbeamng.print:18052| === LSTM_OBS t=840 11.20929,11.12369,11.09559,11.14766,0.00000,0.00000,0.00000,-0.01133,0.00000,0.00000,0.00069,1.00000,0.00000,0.00000,0.00000,4775.72184,0.00000 ===
159.08825|I|libbeamng.print:18052| === LSTM_TRACE t=850 v=11.04 ws=11.05,10.96,10.97,10.99 cmd=0.047,0.182,0.028,0.021 cap=139,571,56,42 des=139,571,49,36 app=135,565,47,35 abs=nil,nil,nil,nil ebrake=1.00 ibrake=1.00 hasABS=0 sy=0.00 split=1.000,0.875 ===
159.08829|I|libbeamng.print:18052| === LSTM_OBS t=850 11.04960,10.96171,10.97485,10.99240,0.00000,0.00000,0.00000,-0.01363,0.00000,0.00000,0.00000,1.00000,0.00000,0.00000,0.00000,4716.12258,0.00000 ===
159.13907|I|libbeamng.print:18052| === LSTM_TRACE t=860 v=10.90 ws=10.93,10.84,10.84,10.82 cmd=0.050,0.174,0.028,0.021 cap=154,534,54,41 des=154,534,48,36 app=150,528,45,34 abs=nil,nil,nil,nil ebrake=1.00 ibrake=1.00 hasABS=0 sy=0.00 split=1.000,0.875 ===
159.13911|I|libbeamng.print:18052| === LSTM_OBS t=860 10.93251,10.84471,10.84193,10.82092,0.00000,0.00000,0.00000,-0.01270,0.00000,0.00000,0.00069,1.00000,0.00000,0.00000,0.00000,4657.71750,0.00000 ===
159.18811|I|libbeamng.print:18052| === LSTM_TRACE t=870 v=10.77 ws=10.76,10.71,10.68,10.71 cmd=0.044,0.180,0.027,0.020 cap=134,559,53,40 des=134,559,46,35 app=131,553,44,33 abs=nil,nil,nil,nil ebrake=1.00 ibrake=1.00 hasABS=0 sy=0.00 split=1.000,0.875 ===
159.18815|I|libbeamng.print:18052| === LSTM_OBS t=870 10.75588,10.70729,10.67511,10.70805,0.00000,0.00000,0.00000,-0.00997,0.00000,0.00000,0.00049,1.00000,0.00000,0.00000,0.00000,4600.40855,0.00000 ===
159.23898|I|libbeamng.print:18052| === LSTM_TRACE t=880 v=10.64 ws=10.63,10.57,10.55,10.60 cmd=0.043,0.170,0.027,0.020 cap=131,527,53,40 des=131,527,46,35 app=127,521,44,33 abs=nil,nil,nil,nil ebrake=1.00 ibrake=1.00 hasABS=0 sy=0.00 split=1.000,0.875 ===
159.23902|I|libbeamng.print:18052| === LSTM_OBS t=880 10.62873,10.57291,10.55265,10.59931,0.00000,0.00000,0.00000,-0.01653,0.00000,0.00000,0.00069,1.00000,0.00000,0.00000,0.00000,4543.67109,0.00000 ===
159.30019|I|libbeamng.print:18052| === LSTM_TRACE t=890 v=10.51 ws=10.50,10.51,10.43,10.44 cmd=0.045,0.168,0.026,0.020 cap=148,495,51,39 des=148,495,45,34 app=144,489,43,32 abs=nil,nil,nil,nil ebrake=1.00 ibrake=1.00 hasABS=0 sy=0.00 split=1.000,0.875 ===
159.30024|I|libbeamng.print:18052| === LSTM_OBS t=890 10.50194,10.50589,10.42973,10.44403,0.00000,0.00000,0.00000,-0.01245,0.00000,0.00000,0.00069,1.00000,0.00000,0.00000,0.00000,4487.24045,0.00000 ===
159.34925|I|libbeamng.print:18052| === LSTM_TRACE t=900 v=10.38 ws=10.38,10.38,10.29,10.31 cmd=0.044,0.171,0.026,0.019 cap=138,507,50,38 des=138,507,44,33 app=135,502,42,32 abs=nil,nil,nil,nil ebrake=1.00 ibrake=1.00 hasABS=0 sy=0.00 split=1.000,0.875 ===
159.34930|I|libbeamng.print:18052| === LSTM_OBS t=900 10.37607,10.37606,10.29288,10.30966,0.00000,0.00000,0.00000,-0.00898,0.00000,0.00000,0.00085,1.00000,0.00000,0.00000,0.00000,4431.22581,0.00000 ===
159.39545|I|libbeamng.print:18052| === LSTM_TRACE t=910 v=10.25 ws=10.25,10.20,10.15,10.19 cmd=0.043,0.167,0.025,0.019 cap=133,518,49,37 des=133,518,42,32 app=130,512,41,31 abs=nil,nil,nil,nil ebrake=1.00 ibrake=1.00 hasABS=0 sy=0.00 split=1.000,0.875 ===
159.39549|I|libbeamng.print:18052| === LSTM_OBS t=910 10.25123,10.20490,10.14768,10.19130,0.00000,0.00000,0.00000,-0.01175,0.00000,0.00000,0.00069,1.00000,0.00000,0.00000,0.00000,4381.04278,0.00000 ===
159.44506|I|libbeamng.print:18052| === LSTM_TRACE t=920 v=10.12 ws=10.10,10.08,10.06,10.03 cmd=0.042,0.161,0.025,0.019 cap=132,491,48,36 des=132,491,42,32 app=129,485,40,30 abs=nil,nil,nil,nil ebrake=1.00 ibrake=1.00 hasABS=0 sy=0.00 split=1.000,0.875 ===
159.44511|I|libbeamng.print:18052| === LSTM_OBS t=920 10.10131,10.08112,10.05897,10.02917,0.00000,0.00000,0.00000,-0.01103,0.00000,0.00000,0.00069,1.00000,0.00000,0.00000,0.00000,4325.78566,0.00000 ===
159.49564|I|libbeamng.print:18052| === LSTM_TRACE t=930 v=9.99 ws=9.99,9.95,9.96,10.00 cmd=0.038,0.160,0.025,0.019 cap=119,487,49,37 des=119,487,42,32 app=116,482,41,31 abs=nil,nil,nil,nil ebrake=1.00 ibrake=1.00 hasABS=0 sy=0.00 split=1.000,0.875 ===
159.49571|I|libbeamng.print:18052| === LSTM_OBS t=930 9.98981,9.94754,9.95908,10.00331,0.00000,0.00000,0.00000,-0.01489,0.00000,0.00000,0.00091,1.00000,0.00000,0.00000,0.00000,4270.63643,0.00000 ===
159.54503|I|libbeamng.print:18052| === LSTM_TRACE t=940 v=9.87 ws=9.89,9.82,9.83,9.84 cmd=0.041,0.167,0.023,0.018 cap=132,507,45,34 des=132,507,39,30 app=129,502,38,29 abs=nil,nil,nil,nil ebrake=1.00 ibrake=1.00 hasABS=0 sy=0.00 split=1.000,0.875 ===
159.54507|I|libbeamng.print:18052| === LSTM_OBS t=940 9.88874,9.81897,9.83359,9.83619,0.00000,0.00000,0.00000,-0.01660,0.00000,0.00000,0.00049,1.00000,0.00000,0.00000,0.00000,4216.13649,0.00000 ===
159.59523|I|libbeamng.print:18052| === LSTM_TRACE t=950 v=9.74 ws=9.71,9.69,9.67,9.76 cmd=0.037,0.156,0.023,0.018 cap=129,488,45,34 des=129,488,39,30 app=126,483,37,28 abs=nil,nil,nil,nil ebrake=1.00 ibrake=1.00 hasABS=0 sy=0.00 split=1.000,0.875 ===
159.59531|I|libbeamng.print:18052| === LSTM_OBS t=950 9.71132,9.69085,9.66963,9.75840,0.00000,0.00000,0.00000,-0.01514,0.00000,0.00000,0.00069,1.00000,0.00000,0.00000,0.00000,4162.30031,0.00000 ===
159.64562|I|libbeamng.print:18052| === LSTM_TRACE t=960 v=9.61 ws=9.64,9.59,9.50,9.53 cmd=0.041,0.160,0.022,0.017 cap=115,478,44,34 des=115,478,39,30 app=112,472,37,28 abs=nil,nil,nil,nil ebrake=1.00 ibrake=1.00 hasABS=0 sy=0.00 split=1.000,0.875 ===
159.64570|I|libbeamng.print:18052| === LSTM_OBS t=960 9.63657,9.58545,9.49684,9.53490,0.00000,0.00000,0.00000,-0.01225,0.00000,0.00000,0.00085,1.00000,0.00000,0.00000,0.00000,4108.24358,0.00000 ===
159.69456|I|libbeamng.print:18052| === LSTM_TRACE t=970 v=9.49 ws=9.48,9.43,9.46,9.52 cmd=0.035,0.148,0.023,0.017 cap=121,478,43,33 des=121,478,37,29 app=118,472,36,27 abs=nil,nil,nil,nil ebrake=1.00 ibrake=1.00 hasABS=0 sy=0.00 split=1.000,0.875 ===
159.69461|I|libbeamng.print:18052| === LSTM_OBS t=970 9.47855,9.43360,9.45667,9.52174,0.00000,0.00000,0.00000,-0.01190,0.00000,0.00000,0.00091,1.00000,0.00000,0.00000,0.00000,4054.61757,0.00000 ===
159.74458|I|libbeamng.print:18052| === LSTM_TRACE t=980 v=9.37 ws=9.39,9.32,9.30,9.36 cmd=0.039,0.153,0.021,0.016 cap=121,488,41,31 des=121,488,36,27 app=117,482,34,26 abs=nil,nil,nil,nil ebrake=1.00 ibrake=1.00 hasABS=0 sy=0.00 split=1.000,0.875 ===
159.74462|I|libbeamng.print:18052| === LSTM_OBS t=980 9.38951,9.32191,9.29584,9.35689,0.00000,0.00000,0.00000,-0.00965,0.00000,0.00000,0.00069,1.00000,0.00000,0.00000,0.00000,4001.71376,0.00000 ===
159.79423|I|libbeamng.print:18052| === LSTM_TRACE t=990 v=9.24 ws=9.25,9.21,9.21,9.15 cmd=0.037,0.147,0.021,0.016 cap=109,446,41,31 des=109,446,36,27 app=106,441,34,26 abs=nil,nil,nil,nil ebrake=1.00 ibrake=1.00 hasABS=0 sy=0.00 split=1.000,0.875 ===
159.79427|I|libbeamng.print:18052| === LSTM_OBS t=990 9.25264,9.21159,9.20810,9.15362,0.00000,0.00000,0.00000,-0.01022,0.00000,0.00000,0.00091,1.00000,0.00000,0.00000,0.00000,3949.09290,0.00000 ===
159.84464|I|libbeamng.print:18052| === LSTM_TRACE t=1000 v=9.12 ws=9.16,9.06,9.12,9.20 cmd=0.036,0.138,0.021,0.016 cap=118,472,39,30 des=118,472,34,26 app=114,467,33,25 abs=nil,nil,nil,nil ebrake=1.00 ibrake=1.00 hasABS=0 sy=0.00 split=1.000,0.875 ===
159.84467|I|libbeamng.print:18052| === LSTM_OBS t=1000 9.16372,9.05954,9.12302,9.19810,0.00000,0.00000,0.00000,-0.00715,0.00000,0.00000,0.00049,1.00000,0.00000,0.00000,0.00000,3897.30304,0.00000 ===
159.89425|I|libbeamng.print:18052| === LSTM_TRACE t=1010 v=9.00 ws=9.02,8.99,8.96,8.93 cmd=0.037,0.146,0.020,0.015 cap=107,435,40,30 des=107,435,35,27 app=105,430,33,25 abs=nil,nil,nil,nil ebrake=1.00 ibrake=1.00 hasABS=0 sy=0.00 split=1.000,0.875 ===
159.89429|I|libbeamng.print:18052| === LSTM_OBS t=1010 9.02080,8.98763,8.96433,8.93325,0.00000,0.00000,0.00000,-0.01184,0.00000,0.00000,0.00085,1.00000,0.00000,0.00000,0.00000,3845.51619,0.00000 ===
159.94499|I|libbeamng.print:18052| === LSTM_TRACE t=1020 v=8.89 ws=8.92,8.85,8.82,8.87 cmd=0.038,0.147,0.019,0.015 cap=119,460,37,29 des=119,460,33,25 app=116,454,31,24 abs=nil,nil,nil,nil ebrake=1.00 ibrake=1.00 hasABS=0 sy=0.00 split=1.000,0.875 ===
159.94506|I|libbeamng.print:18052| === LSTM_OBS t=1020 8.92405,8.84768,8.82031,8.86528,0.00000,0.00000,0.00000,-0.01248,0.00000,0.00000,0.00069,1.00000,0.00000,0.00000,0.00000,3794.70425,0.00000 ===
159.99613|I|libbeamng.print:18052| === LSTM_TRACE t=1030 v=8.76 ws=8.75,8.72,8.75,8.77 cmd=0.031,0.135,0.019,0.015 cap=109,443,36,27 des=109,443,31,24 app=106,437,30,23 abs=nil,nil,nil,nil ebrake=1.00 ibrake=1.00 hasABS=0 sy=0.00 split=1.000,0.875 ===
159.99619|I|libbeamng.print:18052| === LSTM_OBS t=1030 8.75179,8.72339,8.75132,8.77419,0.00000,0.00000,0.00000,-0.00963,0.00000,0.00000,0.00085,1.00000,0.00000,0.00000,0.00000,3743.65583,0.00000 ===
160.04603|I|libbeamng.print:18052| === LSTM_TRACE t=1040 v=8.65 ws=8.65,8.65,8.49,8.50 cmd=0.036,0.143,0.018,0.014 cap=99,404,36,28 des=99,404,32,24 app=96,399,30,23 abs=nil,nil,nil,nil ebrake=1.00 ibrake=1.00 hasABS=0 sy=0.00 split=1.000,0.875 ===
160.04607|I|libbeamng.print:18052| === LSTM_OBS t=1040 8.65430,8.65045,8.48665,8.50051,0.00000,0.00000,0.00000,-0.01395,0.00000,0.00000,0.00085,1.00000,0.00000,0.00000,0.00000,3693.31005,0.00000 ===
160.09565|I|libbeamng.print:18052| === LSTM_TRACE t=1050 v=8.53 ws=8.56,8.50,8.50,8.56 cmd=0.034,0.138,0.018,0.014 cap=110,445,34,26 des=110,445,30,23 app=107,440,28,22 abs=nil,nil,nil,nil ebrake=1.00 ibrake=1.00 hasABS=0 sy=0.00 split=1.000,0.875 ===
160.09569|I|libbeamng.print:18052| === LSTM_OBS t=1050 8.55678,8.49797,8.50204,8.55774,0.00000,0.00000,0.00000,-0.01164,0.00000,0.00000,0.00085,1.00000,0.00000,0.00000,0.00000,3642.97769,0.00000 ===
160.14595|I|libbeamng.print:18052| === LSTM_TRACE t=1060 v=8.41 ws=8.36,8.36,8.51,8.48 cmd=0.027,0.120,0.018,0.014 cap=114,422,33,25 des=114,422,29,22 app=111,417,27,21 abs=nil,nil,nil,nil ebrake=1.00 ibrake=1.00 hasABS=0 sy=0.00 split=1.000,0.875 ===
160.14599|I|libbeamng.print:18052| === LSTM_OBS t=1060 8.36307,8.35669,8.50555,8.48148,0.00000,0.00000,0.00000,-0.00707,0.00000,0.00000,0.00085,1.00000,0.00000,0.00000,0.00000,3593.19988,0.00000 ===
160.19552|I|libbeamng.print:18052| === LSTM_TRACE t=1070 v=8.30 ws=8.35,8.28,8.22,8.24 cmd=0.034,0.131,0.017,0.014 cap=85,382,36,28 des=85,382,32,25 app=83,378,30,24 abs=nil,nil,nil,nil ebrake=1.00 ibrake=1.00 hasABS=0 sy=0.00 split=1.000,0.875 ===
160.19556|I|libbeamng.print:18052| === LSTM_OBS t=1070 8.34983,8.27821,8.22287,8.24021,0.00000,0.00000,0.00000,-0.00894,0.00000,0.00000,0.00104,1.00000,0.00000,0.00000,0.00000,3543.93418,0.00000 ===
160.24555|I|libbeamng.print:18052| === LSTM_TRACE t=1080 v=8.18 ws=8.18,8.20,8.08,8.04 cmd=0.035,0.146,0.017,0.013 cap=107,417,33,26 des=107,417,29,23 app=104,412,28,22 abs=nil,nil,nil,nil ebrake=1.00 ibrake=1.00 hasABS=0 sy=0.00 split=1.000,0.875 ===
160.24559|I|libbeamng.print:18052| === LSTM_OBS t=1080 8.17694,8.20149,8.07900,8.04369,0.00000,0.00000,0.00000,-0.00951,0.00000,0.00000,0.00000,1.00000,0.00000,0.00000,0.00000,3494.86365,0.00000 ===
160.29571|I|libbeamng.print:18052| === LSTM_TRACE t=1090 v=8.06 ws=8.09,8.06,7.99,8.00 cmd=0.035,0.133,0.016,0.012 cap=100,404,31,25 des=100,404,27,21 app=97,399,26,20 abs=nil,nil,nil,nil ebrake=1.00 ibrake=1.00 hasABS=0 sy=0.00 split=1.000,0.875 ===
160.29576|I|libbeamng.print:18052| === LSTM_OBS t=1090 8.09362,8.05873,7.98534,8.00309,0.00000,0.00000,0.00000,-0.00987,0.00000,0.00000,0.00069,1.00000,0.00000,0.00000,0.00000,3445.55493,0.00000 ===
160.34583|I|libbeamng.print:18052| === LSTM_TRACE t=1100 v=7.96 ws=8.02,7.97,7.92,7.96 cmd=0.035,0.133,0.016,0.012 cap=98,398,31,25 des=98,398,27,22 app=95,393,26,21 abs=nil,nil,nil,nil ebrake=1.00 ibrake=1.00 hasABS=0 sy=0.00 split=1.000,0.875 ===
160.34590|I|libbeamng.print:18052| === LSTM_OBS t=1100 8.02256,7.96879,7.92070,7.95539,0.00000,0.00000,0.00000,-0.00671,0.00000,0.00000,0.00085,1.00000,0.00000,0.00000,0.00000,3396.70679,0.00000 ===
160.39289|I|libbeamng.print:18052| === LSTM_TRACE t=1110 v=7.84 ws=7.89,7.85,7.79,7.82 cmd=0.033,0.133,0.015,0.012 cap=91,392,31,25 des=91,392,27,22 app=89,387,26,21 abs=nil,nil,nil,nil ebrake=1.00 ibrake=1.00 hasABS=0 sy=0.00 split=1.000,0.875 ===
160.39293|I|libbeamng.print:18052| === LSTM_OBS t=1110 7.89189,7.84783,7.79458,7.81948,0.00000,0.00000,0.00000,-0.00985,0.00000,0.00000,0.00069,1.00000,0.00000,0.00000,0.00000,3353.03190,0.00000 ===
160.44211|I|libbeamng.print:18052| === LSTM_TRACE t=1120 v=7.73 ws=7.78,7.74,7.65,7.68 cmd=0.034,0.131,0.015,0.012 cap=91,380,30,24 des=91,380,26,21 app=88,375,25,20 abs=nil,nil,nil,nil ebrake=1.00 ibrake=1.00 hasABS=0 sy=0.00 split=1.000,0.875 ===
160.44219|I|libbeamng.print:18052| === LSTM_OBS t=1120 7.78326,7.74450,7.64864,7.67790,0.00000,0.00000,0.00000,-0.00887,0.00000,0.00000,0.00049,1.00000,0.00000,0.00000,0.00000,3304.56015,0.00000 ===
160.49231|I|libbeamng.print:18052| === LSTM_TRACE t=1130 v=7.61 ws=7.68,7.63,7.50,7.52 cmd=0.035,0.130,0.014,0.011 cap=88,373,29,23 des=88,373,26,20 app=86,368,25,19 abs=nil,nil,nil,nil ebrake=1.00 ibrake=1.00 hasABS=0 sy=0.00 split=1.000,0.875 ===
160.49235|I|libbeamng.print:18052| === LSTM_OBS t=1130 7.68499,7.63409,7.49980,7.52003,0.00000,0.00000,0.00000,-0.00729,0.00000,0.00000,0.00069,1.00000,0.00000,0.00000,0.00000,3255.59512,0.00000 ===
160.54248|I|libbeamng.print:18052| === LSTM_TRACE t=1140 v=7.50 ws=7.56,7.51,7.39,7.38 cmd=0.034,0.132,0.014,0.011 cap=88,385,28,23 des=88,385,25,20 app=85,380,24,19 abs=nil,nil,nil,nil ebrake=1.00 ibrake=1.00 hasABS=0 sy=0.00 split=1.000,0.875 ===
160.54252|I|libbeamng.print:18052| === LSTM_OBS t=1140 7.55937,7.51260,7.39108,7.38238,0.00000,0.00000,0.00000,-0.00588,0.00000,0.00000,0.00069,1.00000,0.00000,0.00000,0.00000,3206.83929,0.00000 ===
160.59182|I|libbeamng.print:18052| === LSTM_TRACE t=1150 v=7.39 ws=7.39,7.40,7.34,7.35 cmd=0.029,0.119,0.014,0.011 cap=85,354,28,22 des=85,354,25,20 app=82,349,23,19 abs=nil,nil,nil,nil ebrake=1.00 ibrake=1.00 hasABS=0 sy=0.00 split=1.000,0.875 ===
160.59189|I|libbeamng.print:18052| === LSTM_OBS t=1150 7.39160,7.40128,7.34315,7.35342,0.00000,0.00000,0.00000,-0.00462,0.00000,0.00000,0.00085,1.00000,0.00000,0.00000,0.00000,3157.85606,0.00000 ===
160.64166|I|libbeamng.print:18052| === LSTM_TRACE t=1160 v=7.28 ws=7.28,7.24,7.28,7.29 cmd=0.027,0.116,0.014,0.011 cap=92,377,26,21 des=92,377,23,18 app=89,372,22,18 abs=nil,nil,nil,nil ebrake=1.00 ibrake=1.00 hasABS=0 sy=0.00 split=1.000,0.875 ===
160.64172|I|libbeamng.print:18052| === LSTM_OBS t=1160 7.27719,7.23589,7.27743,7.29321,0.00000,0.00000,0.00000,-0.00752,0.00000,0.00000,0.00085,1.00000,0.00000,0.00000,0.00000,3109.21012,0.00000 ===
160.69187|I|libbeamng.print:18052| === LSTM_TRACE t=1170 v=7.17 ws=7.22,7.14,7.26,7.30 cmd=0.028,0.117,0.013,0.011 cap=93,392,25,20 des=93,392,22,18 app=90,387,21,17 abs=nil,nil,nil,nil ebrake=1.00 ibrake=1.00 hasABS=0 sy=0.00 split=1.000,0.875 ===
160.69195|I|libbeamng.print:18052| === LSTM_OBS t=1170 7.22321,7.14166,7.26294,7.30406,0.00000,0.00000,0.00000,-0.00570,0.00000,0.00000,0.00085,1.00000,0.00000,0.00000,0.00000,3061.31932,0.00000 ===
160.74206|I|libbeamng.print:18052| === LSTM_TRACE t=1180 v=7.05 ws=7.02,7.06,7.00,7.03 cmd=0.029,0.127,0.013,0.010 cap=107,400,23,19 des=107,400,20,17 app=104,395,19,16 abs=nil,nil,nil,nil ebrake=1.00 ibrake=1.00 hasABS=0 sy=0.00 split=1.000,0.875 ===
160.74214|I|libbeamng.print:18052| === LSTM_OBS t=1180 7.01660,7.06325,7.00274,7.03385,0.00000,0.00000,0.00000,-0.00420,0.00000,0.00000,0.00069,1.00000,0.00000,0.00000,0.00000,3013.95712,0.00000 ===
160.79210|I|libbeamng.print:18052| === LSTM_TRACE t=1190 v=6.95 ws=7.03,6.98,6.86,6.87 cmd=0.032,0.123,0.012,0.010 cap=80,344,25,20 des=80,344,22,17 app=77,340,21,17 abs=nil,nil,nil,nil ebrake=1.00 ibrake=1.00 hasABS=0 sy=0.00 split=1.000,0.875 ===
160.79216|I|libbeamng.print:18052| === LSTM_OBS t=1190 7.03054,6.97943,6.86383,6.87124,0.00000,0.00000,0.00000,-0.00824,0.00000,0.00000,0.00049,1.00000,0.00000,0.00000,0.00000,2966.47720,0.00000 ===
160.84248|I|libbeamng.print:18052| === LSTM_TRACE t=1200 v=6.84 ws=6.84,6.78,6.93,6.95 cmd=0.025,0.111,0.012,0.010 cap=85,369,23,19 des=85,369,20,17 app=83,364,19,16 abs=nil,nil,nil,nil ebrake=1.00 ibrake=1.00 hasABS=0 sy=0.00 split=1.000,0.875 ===
160.84256|I|libbeamng.print:18052| === LSTM_OBS t=1200 6.84183,6.78073,6.92740,6.94929,0.00000,0.00000,0.00000,-0.01045,0.00000,0.00000,0.00091,1.00000,0.00000,0.00000,0.00000,2919.81527,0.00000 ===
160.89194|I|libbeamng.print:18052| === LSTM_TRACE t=1210 v=6.73 ws=6.70,6.76,6.64,6.64 cmd=0.029,0.125,0.011,0.009 cap=95,371,22,19 des=95,371,19,17 app=93,366,18,16 abs=nil,nil,nil,nil ebrake=1.00 ibrake=1.00 hasABS=0 sy=0.00 split=1.000,0.875 ===
160.89198|I|libbeamng.print:18052| === LSTM_OBS t=1210 6.70194,6.76183,6.63532,6.64124,0.00000,0.00000,0.00000,-0.00325,0.00000,0.00000,0.00085,1.00000,0.00000,0.00000,0.00000,2873.21088,0.00000 ===
160.94210|I|libbeamng.print:18052| === LSTM_TRACE t=1220 v=6.62 ws=6.64,6.61,6.62,6.59 cmd=0.026,0.114,0.011,0.009 cap=77,355,22,19 des=77,355,19,17 app=75,350,18,16 abs=nil,nil,nil,nil ebrake=1.00 ibrake=1.00 hasABS=0 sy=0.00 split=1.000,0.875 ===
160.94214|I|libbeamng.print:18052| === LSTM_OBS t=1220 6.63655,6.60547,6.61844,6.59011,0.00000,0.00000,0.00000,-0.00512,0.00000,0.00000,0.00069,1.00000,0.00000,0.00000,0.00000,2826.49494,0.00000 ===
160.99191|I|libbeamng.print:18052| === LSTM_TRACE t=1230 v=6.51 ws=6.54,6.50,6.49,6.52 cmd=0.027,0.120,0.011,0.009 cap=87,383,20,19 des=87,383,18,17 app=85,377,17,16 abs=nil,nil,nil,nil ebrake=1.00 ibrake=1.00 hasABS=0 sy=0.00 split=1.000,0.875 ===
160.99200|I|libbeamng.print:18052| === LSTM_OBS t=1230 6.54129,6.49585,6.48751,6.51717,0.00000,0.00000,0.00000,-0.00456,0.00000,0.00000,0.00069,1.00000,0.00000,0.00000,0.00000,2779.96433,0.00000 ===
161.04191|I|libbeamng.print:18052| === LSTM_TRACE t=1240 v=6.40 ws=6.46,6.39,6.40,6.39 cmd=0.027,0.115,0.010,0.008 cap=75,350,21,19 des=75,350,18,17 app=73,345,17,16 abs=nil,nil,nil,nil ebrake=1.00 ibrake=1.00 hasABS=0 sy=0.00 split=1.000,0.875 ===
161.04197|I|libbeamng.print:18052| === LSTM_OBS t=1240 6.45984,6.39483,6.39773,6.39019,0.00000,0.00000,0.00000,-0.00516,0.00000,0.00000,0.00049,1.00000,0.00000,0.00000,0.00000,2733.29400,0.00000 ===
161.09287|I|libbeamng.print:18052| === LSTM_TRACE t=1250 v=6.30 ws=6.31,6.30,6.20,6.22 cmd=0.028,0.126,0.010,0.008 cap=85,381,19,19 des=85,381,17,17 app=82,376,16,16 abs=nil,nil,nil,nil ebrake=1.00 ibrake=1.00 hasABS=0 sy=0.00 split=1.000,0.875 ===
161.09295|I|libbeamng.print:18052| === LSTM_OBS t=1250 6.31431,6.30339,6.20150,6.22479,0.00000,0.00000,0.00000,-0.00560,0.00000,0.00000,0.00069,1.00000,0.00000,0.00000,0.00000,2687.67889,0.00000 ===
161.14264|I|libbeamng.print:18052| === LSTM_TRACE t=1260 v=6.19 ws=6.20,6.10,6.26,6.27 cmd=0.023,0.108,0.010,0.008 cap=80,368,19,19 des=80,368,17,17 app=78,363,16,16 abs=nil,nil,nil,nil ebrake=1.00 ibrake=1.00 hasABS=0 sy=0.00 split=1.000,0.875 ===
161.14268|I|libbeamng.print:18052| === LSTM_OBS t=1260 6.19932,6.10378,6.25562,6.27336,0.00000,0.00000,0.00000,-0.00464,0.00000,0.00000,0.00069,1.00000,0.00000,0.00000,0.00000,2641.57064,0.00000 ===
161.19359|I|libbeamng.print:18052| === LSTM_TRACE t=1270 v=6.08 ws=6.09,6.14,6.01,6.02 cmd=0.026,0.125,0.009,0.007 cap=77,358,19,19 des=77,358,17,17 app=75,353,16,16 abs=nil,nil,nil,nil ebrake=1.00 ibrake=1.00 hasABS=0 sy=0.00 split=1.000,0.875 ===
161.19367|I|libbeamng.print:18052| === LSTM_OBS t=1270 6.09440,6.14205,6.00598,6.02355,0.00000,0.00000,0.00000,-0.00319,0.00000,0.00000,0.00000,1.00000,0.00000,0.00000,0.00000,2595.20835,0.00000 ===
161.24350|I|libbeamng.print:18052| === LSTM_TRACE t=1280 v=5.98 ws=5.99,5.96,5.95,5.97 cmd=0.025,0.124,0.009,0.007 cap=81,397,19,19 des=81,397,17,17 app=79,392,16,16 abs=nil,nil,nil,nil ebrake=1.00 ibrake=1.00 hasABS=0 sy=0.00 split=1.000,0.875 ===
161.24354|I|libbeamng.print:18052| === LSTM_OBS t=1280 5.98975,5.96191,5.95135,5.97010,0.00000,0.00000,0.00000,0.00265,0.00000,0.00000,0.00091,1.00000,0.00000,0.00000,0.00000,2549.06436,0.00000 ===
161.29326|I|libbeamng.print:18052| === LSTM_TRACE t=1290 v=5.87 ws=5.90,5.80,5.92,5.93 cmd=0.023,0.116,0.009,0.007 cap=76,382,19,19 des=76,382,17,17 app=74,377,16,16 abs=nil,nil,nil,nil ebrake=1.00 ibrake=1.00 hasABS=0 sy=0.00 split=1.000,0.875 ===
161.29330|I|libbeamng.print:18052| === LSTM_OBS t=1290 5.89532,5.79660,5.92172,5.92988,0.00000,0.00000,0.00000,-0.00754,0.00000,0.00000,0.00085,1.00000,0.00000,0.00000,0.00000,2502.09426,0.00000 ===
161.34339|I|libbeamng.print:18052| === LSTM_TRACE t=1300 v=5.76 ws=5.79,5.77,5.74,5.73 cmd=0.025,0.123,0.008,0.007 cap=70,360,19,19 des=70,360,17,17 app=68,355,16,16 abs=nil,nil,nil,nil ebrake=1.00 ibrake=1.00 hasABS=0 sy=0.00 split=1.000,0.875 ===
161.34343|I|libbeamng.print:18052| === LSTM_OBS t=1300 5.79276,5.77021,5.73897,5.73264,0.00000,0.00000,0.00000,-0.00495,0.00000,0.00000,0.00049,1.00000,0.00000,0.00000,0.00000,2455.03327,0.00000 ===
161.39317|I|libbeamng.print:18052| === LSTM_TRACE t=1310 v=5.65 ws=5.68,5.72,5.58,5.58 cmd=0.026,0.137,0.007,0.006 cap=74,384,19,19 des=74,384,17,17 app=72,379,16,16 abs=nil,nil,nil,nil ebrake=1.00 ibrake=1.00 hasABS=0 sy=0.00 split=1.000,0.875 ===
161.39321|I|libbeamng.print:18052| === LSTM_OBS t=1310 5.68167,5.72390,5.57715,5.58451,0.00000,0.00000,0.00000,-0.00495,0.00000,0.00000,0.00069,1.00000,0.00000,0.00000,0.00000,2408.02470,0.00000 ===
161.44341|I|libbeamng.print:18052| === LSTM_TRACE t=1320 v=5.55 ws=5.55,5.52,5.45,5.50 cmd=0.024,0.137,0.007,0.006 cap=77,428,19,19 des=77,428,17,17 app=75,422,16,16 abs=nil,nil,nil,nil ebrake=1.00 ibrake=1.00 hasABS=0 sy=0.00 split=1.000,0.875 ===
161.44346|I|libbeamng.print:18052| === LSTM_OBS t=1320 5.55033,5.52042,5.45117,5.49620,0.00000,0.00000,0.00000,-0.00277,0.00000,0.00000,0.00091,1.00000,0.00000,0.00000,0.00000,2360.92824,0.00000 ===
161.49306|I|libbeamng.print:18052| === LSTM_TRACE t=1330 v=5.44 ws=5.45,5.35,5.40,5.41 cmd=0.023,0.138,0.007,0.006 cap=77,463,19,19 des=77,463,17,17 app=75,457,16,16 abs=nil,nil,nil,nil ebrake=1.00 ibrake=1.00 hasABS=0 sy=0.00 split=1.000,0.875 ===
161.49310|I|libbeamng.print:18052| === LSTM_OBS t=1330 5.45270,5.35418,5.39721,5.41133,0.00000,0.00000,0.00000,-0.00445,0.00000,0.00000,0.00069,1.00000,0.00000,0.00000,0.00000,2312.93570,0.00000 ===
161.54337|I|libbeamng.print:18052| === LSTM_TRACE t=1340 v=5.33 ws=5.34,5.23,5.34,5.34 cmd=0.023,0.133,0.007,0.006 cap=75,442,19,19 des=75,442,17,17 app=73,436,16,16 abs=nil,nil,nil,nil ebrake=1.00 ibrake=1.00 hasABS=0 sy=0.00 split=1.000,0.875 ===
161.54347|I|libbeamng.print:18052| === LSTM_OBS t=1340 5.34162,5.23059,5.33835,5.34395,0.00000,0.00000,0.00000,-0.00701,0.00000,0.00000,0.00085,1.00000,0.00000,0.00000,0.00000,2264.53221,0.00000 ===
161.59295|I|libbeamng.print:18052| === LSTM_TRACE t=1350 v=5.22 ws=5.24,5.08,5.27,5.26 cmd=0.022,0.135,0.007,0.006 cap=75,460,19,19 des=75,460,17,17 app=73,453,16,16 abs=nil,nil,nil,nil ebrake=1.00 ibrake=1.00 hasABS=0 sy=0.00 split=1.000,0.875 ===
161.59299|I|libbeamng.print:18052| === LSTM_OBS t=1350 5.24014,5.07946,5.26582,5.26295,0.00000,0.00000,0.00000,-0.00940,0.00000,0.00000,0.00085,1.00000,0.00000,0.00000,0.00000,2216.01020,0.00000 ===
161.64346|I|libbeamng.print:18052| === LSTM_TRACE t=1360 v=5.11 ws=5.14,4.96,5.16,5.15 cmd=0.022,0.139,0.006,0.005 cap=72,471,19,19 des=72,471,17,17 app=70,464,16,16 abs=nil,nil,nil,nil ebrake=1.00 ibrake=1.00 hasABS=0 sy=0.00 split=1.000,0.875 ===
161.64349|I|libbeamng.print:18052| === LSTM_OBS t=1360 5.13780,4.96247,5.15595,5.14804,0.00000,0.00000,0.00000,-0.00913,0.00000,0.00000,0.00069,1.00000,0.00000,0.00000,0.00000,2166.94647,0.00000 ===
161.69298|I|libbeamng.print:18052| === LSTM_TRACE t=1370 v=5.01 ws=5.04,4.85,5.01,5.01 cmd=0.022,0.147,0.006,0.005 cap=71,502,19,19 des=71,502,17,17 app=69,495,16,16 abs=nil,nil,nil,nil ebrake=1.00 ibrake=1.00 hasABS=0 sy=0.00 split=1.000,0.875 ===
161.69302|I|libbeamng.print:18052| === LSTM_OBS t=1370 5.03894,4.84507,5.01215,5.01039,0.00000,0.00000,0.00000,-0.00779,0.00000,0.00000,0.00069,1.00000,0.00000,0.00000,0.00000,2116.64669,0.00000 ===
161.74342|I|libbeamng.print:18052| === LSTM_TRACE t=1380 v=4.90 ws=4.89,4.69,4.84,4.87 cmd=0.023,0.154,0.006,0.005 cap=79,554,19,19 des=79,554,17,17 app=77,547,16,16 abs=nil,nil,nil,nil ebrake=1.00 ibrake=1.00 hasABS=0 sy=0.00 split=1.000,0.875 ===
161.74346|I|libbeamng.print:18052| === LSTM_OBS t=1380 4.88587,4.69096,4.84476,4.86521,0.00000,0.00000,0.00000,-0.01035,0.00000,0.00000,0.00069,1.00000,0.00000,0.00000,0.00000,2066.74693,0.00000 ===
161.79291|I|libbeamng.print:18052| === LSTM_TRACE t=1390 v=4.78 ws=4.79,4.73,4.72,4.68 cmd=0.024,0.178,0.006,0.005 cap=76,574,19,19 des=76,574,17,17 app=74,566,16,16 abs=nil,nil,nil,nil ebrake=1.00 ibrake=1.00 hasABS=0 sy=0.00 split=1.000,0.875 ===
161.79294|I|libbeamng.print:18052| === LSTM_OBS t=1390 4.78566,4.73315,4.72134,4.68135,0.00000,0.00000,0.00000,-0.01007,0.00000,0.00000,0.00124,1.00000,0.00000,0.00000,0.00000,2016.98957,0.00000 ===
161.84323|I|libbeamng.print:18052| === LSTM_TRACE t=1400 v=4.66 ws=4.67,4.69,4.55,4.52 cmd=0.025,0.188,0.005,0.005 cap=77,561,19,19 des=77,561,17,17 app=74,553,16,16 abs=nil,nil,nil,nil ebrake=1.00 ibrake=1.00 hasABS=0 sy=0.00 split=1.000,0.875 ===
161.84327|I|libbeamng.print:18052| === LSTM_OBS t=1400 4.66987,4.68775,4.54722,4.51697,0.00000,0.00000,0.00000,-0.01052,0.00000,0.00000,0.00146,1.00000,0.00000,0.00000,0.00000,1966.67552,0.00000 ===
161.89298|I|libbeamng.print:18052| === LSTM_TRACE t=1410 v=4.55 ws=4.59,4.58,4.47,4.54 cmd=0.025,0.174,0.006,0.005 cap=68,480,19,19 des=68,480,17,17 app=66,473,16,16 abs=nil,nil,nil,nil ebrake=1.00 ibrake=1.00 hasABS=0 sy=0.00 split=1.000,0.875 ===
161.89303|I|libbeamng.print:18052| === LSTM_OBS t=1410 4.58832,4.58289,4.46604,4.54393,0.00000,0.00000,0.00000,-0.00977,0.00000,0.00000,0.00134,1.00000,0.00000,0.00000,0.00000,1915.97468,0.00000 ===
161.94305|I|libbeamng.print:18052| === LSTM_TRACE t=1420 v=4.43 ws=4.43,4.26,4.49,4.45 cmd=0.022,0.161,0.006,0.005 cap=72,546,19,19 des=72,546,17,17 app=70,538,16,16 abs=nil,nil,nil,nil ebrake=1.00 ibrake=1.00 hasABS=0 sy=0.00 split=1.000,0.875 ===
161.94310|I|libbeamng.print:18052| === LSTM_OBS t=1420 4.43408,4.26367,4.49297,4.44697,0.00000,0.00000,0.00000,-0.01217,0.00000,0.00000,0.00104,1.00000,0.00000,0.00000,0.00000,1865.18848,0.00000 ===
161.99317|I|libbeamng.print:18052| === LSTM_TRACE t=1430 v=4.33 ws=4.28,4.26,4.22,4.21 cmd=0.023,0.185,0.006,0.005 cap=78,598,19,19 des=78,598,17,17 app=75,590,16,16 abs=nil,nil,nil,nil ebrake=1.00 ibrake=1.00 hasABS=0 sy=0.00 split=1.000,0.875 ===
161.99321|I|libbeamng.print:18052| === LSTM_OBS t=1430 4.27528,4.25598,4.21924,4.21248,0.00000,0.00000,0.00000,-0.00925,0.00000,0.00000,0.00069,1.00000,0.00000,0.00000,0.00000,1814.83671,0.00000 ===
162.04276|I|libbeamng.print:18052| === LSTM_TRACE t=1440 v=4.20 ws=4.20,4.27,4.09,4.19 cmd=0.025,0.182,0.006,0.005 cap=72,500,19,19 des=72,500,17,17 app=69,493,16,16 abs=nil,nil,nil,nil ebrake=1.00 ibrake=1.00 hasABS=0 sy=0.00 split=1.000,0.875 ===
162.04280|I|libbeamng.print:18052| === LSTM_OBS t=1440 4.20400,4.26504,4.09426,4.18936,0.00000,0.00000,0.00000,-0.00634,0.00000,0.00000,0.00142,1.00000,0.00000,0.00000,0.00000,1762.76868,0.00000 ===
162.09277|I|libbeamng.print:18052| === LSTM_TRACE t=1450 v=4.09 ws=4.10,3.99,4.11,4.07 cmd=0.024,0.174,0.006,0.005 cap=72,546,19,19 des=72,546,17,17 app=70,538,16,16 abs=nil,nil,nil,nil ebrake=1.00 ibrake=1.00 hasABS=0 sy=0.00 split=1.000,0.875 ===
162.09281|I|libbeamng.print:18052| === LSTM_OBS t=1450 4.09682,3.99275,4.11400,4.07211,0.00000,0.00000,0.00000,-0.01534,0.00000,0.00000,0.00104,1.00000,0.00000,0.00000,0.00000,1711.92347,0.00000 ===
162.14301|I|libbeamng.print:18052| === LSTM_TRACE t=1460 v=3.99 ws=3.96,4.11,3.79,3.82 cmd=0.027,0.204,0.006,0.005 cap=76,533,19,19 des=76,533,17,17 app=74,526,16,16 abs=nil,nil,nil,nil ebrake=1.00 ibrake=1.00 hasABS=0 sy=0.00 split=1.000,0.875 ===
162.14306|I|libbeamng.print:18052| === LSTM_OBS t=1460 3.96349,4.10885,3.78583,3.82155,0.00000,0.00000,0.00000,-0.01244,0.00000,0.00000,0.00115,1.00000,0.00000,0.00000,0.00000,1661.42914,0.00000 ===
162.18908|I|libbeamng.print:18052| === LSTM_TRACE t=1470 v=3.85 ws=3.88,3.80,3.94,3.89 cmd=0.024,0.168,0.006,0.006 cap=73,514,19,19 des=73,514,17,17 app=71,506,16,16 abs=nil,nil,nil,nil ebrake=1.00 ibrake=1.00 hasABS=0 sy=0.00 split=1.000,0.875 ===
162.18911|I|libbeamng.print:18052| === LSTM_OBS t=1470 3.88279,3.79542,3.94496,3.88736,0.00000,0.00000,0.00000,-0.01132,0.00000,0.00000,0.00134,1.00000,0.00000,0.00000,0.00000,1615.44419,0.00000 ===
162.24085|I|libbeamng.print:18052| === LSTM_TRACE t=1480 v=3.76 ws=3.73,3.90,3.54,3.66 cmd=0.027,0.198,0.006,0.005 cap=72,489,19,19 des=72,489,17,17 app=70,482,16,16 abs=nil,nil,nil,nil ebrake=1.00 ibrake=1.00 hasABS=0 sy=0.00 split=1.000,0.875 ===
162.24097|I|libbeamng.print:18052| === LSTM_OBS t=1480 3.73441,3.89891,3.54226,3.65989,0.00000,0.00000,0.00000,-0.01476,0.00000,0.00000,0.00115,1.00000,0.00000,0.00000,0.00000,1563.61092,0.00000 ===
162.29165|I|libbeamng.print:18052| === LSTM_TRACE t=1490 v=3.64 ws=3.64,3.45,3.66,3.64 cmd=0.024,0.158,0.007,0.006 cap=75,532,19,19 des=75,532,17,17 app=72,524,16,16 abs=nil,nil,nil,nil ebrake=1.00 ibrake=1.00 hasABS=0 sy=0.00 split=1.000,0.875 ===
162.29169|I|libbeamng.print:18052| === LSTM_OBS t=1490 3.64243,3.44749,3.65586,3.63633,0.00000,0.00000,0.00000,-0.00972,0.00000,0.00000,0.00104,1.00000,0.00000,0.00000,0.00000,1513.28510,0.00000 ===
162.34059|I|libbeamng.print:18052| === LSTM_TRACE t=1500 v=3.53 ws=3.48,3.46,3.58,3.57 cmd=0.023,0.155,0.007,0.006 cap=79,494,19,19 des=79,494,17,17 app=77,487,16,16 abs=nil,nil,nil,nil ebrake=1.00 ibrake=1.00 hasABS=0 sy=0.00 split=1.000,0.875 ===
162.34064|I|libbeamng.print:18052| === LSTM_OBS t=1500 3.48147,3.45545,3.57936,3.57043,0.00000,0.00000,0.00000,-0.00952,0.00000,0.00000,0.00162,1.00000,0.00000,0.00000,0.00000,1461.90301,0.00000 ===
162.39072|I|libbeamng.print:18052| === LSTM_TRACE t=1510 v=3.42 ws=3.38,3.51,3.24,3.29 cmd=0.027,0.210,0.006,0.006 cap=86,605,19,19 des=86,605,17,17 app=83,597,16,16 abs=nil,nil,nil,nil ebrake=1.00 ibrake=1.00 hasABS=0 sy=0.00 split=1.000,0.875 ===
162.39076|I|libbeamng.print:18052| === LSTM_OBS t=1510 3.37884,3.50790,3.24131,3.28736,0.00000,0.00000,0.00000,-0.00259,0.00000,0.00000,0.00000,1.00000,0.00000,0.00000,0.00000,1412.45099,0.00000 ===
162.44084|I|libbeamng.print:18052| === LSTM_TRACE t=1520 v=3.30 ws=3.34,3.07,3.31,3.24 cmd=0.026,0.142,0.007,0.007 cap=71,491,19,19 des=71,491,17,17 app=69,484,16,16 abs=nil,nil,nil,nil ebrake=1.00 ibrake=1.00 hasABS=0 sy=0.00 split=1.000,0.875 ===
162.44088|I|libbeamng.print:18052| === LSTM_OBS t=1520 3.33663,3.07214,3.30811,3.23637,0.00000,0.00000,0.00000,-0.00114,0.00000,0.00000,0.00104,1.00000,0.00000,0.00000,0.00000,1362.34416,0.00000 ===
162.49044|I|libbeamng.print:18052| === LSTM_TRACE t=1530 v=3.18 ws=3.20,3.21,3.32,3.22 cmd=0.027,0.161,0.008,0.007 cap=96,488,19,19 des=96,488,17,17 app=94,481,16,16 abs=nil,nil,nil,nil ebrake=1.00 ibrake=1.00 hasABS=0 sy=0.00 split=1.000,0.875 ===
162.49048|I|libbeamng.print:18052| === LSTM_OBS t=1530 3.20035,3.21437,3.31836,3.22123,0.00000,0.00000,0.00000,-0.00803,0.00000,0.00000,0.00142,1.00000,0.00000,0.00000,0.00000,1311.71711,0.00000 ===
162.54054|I|libbeamng.print:18052| === LSTM_TRACE t=1540 v=3.08 ws=3.00,2.96,3.02,3.11 cmd=0.022,0.149,0.008,0.008 cap=70,489,19,19 des=70,489,17,17 app=68,482,16,16 abs=nil,nil,nil,nil ebrake=1.00 ibrake=1.00 hasABS=0 sy=0.00 split=1.000,0.875 ===
162.54058|I|libbeamng.print:18052| === LSTM_OBS t=1540 2.99681,2.96054,3.02488,3.11481,0.00000,0.00000,0.00000,-0.00669,0.00000,0.00000,0.00091,1.00000,0.00000,0.00000,0.00000,1261.30276,0.00000 ===
162.59062|I|libbeamng.print:18052| === LSTM_TRACE t=1550 v=2.98 ws=2.99,3.08,2.72,2.98 cmd=0.030,0.174,0.008,0.007 cap=74,442,19,19 des=74,442,17,17 app=71,436,16,16 abs=nil,nil,nil,nil ebrake=1.00 ibrake=1.00 hasABS=0 sy=0.00 split=1.000,0.875 ===
162.59072|I|libbeamng.print:18052| === LSTM_OBS t=1550 2.98917,3.07949,2.71967,2.97505,0.00000,0.00000,0.00000,-0.00147,0.00000,0.00000,0.00000,1.00000,0.00000,0.00000,0.00000,1210.74963,0.00000 ===
162.64050|I|libbeamng.print:18052| === LSTM_TRACE t=1560 v=2.87 ws=2.83,2.95,2.72,2.69 cmd=0.031,0.186,0.008,0.008 cap=101,535,19,19 des=101,535,17,17 app=98,527,16,16 abs=nil,nil,nil,nil ebrake=1.00 ibrake=1.00 hasABS=0 sy=0.00 split=1.000,0.875 ===
162.64055|I|libbeamng.print:18052| === LSTM_OBS t=1560 2.83351,2.94709,2.71998,2.68876,0.00000,0.00000,0.00000,-0.00382,0.00000,0.00000,0.00000,1.00000,0.00000,0.00000,0.00000,1159.71146,0.00000 ===
162.69099|I|libbeamng.print:18052| === LSTM_TRACE t=1570 v=2.76 ws=2.69,2.71,2.71,2.57 cmd=0.028,0.167,0.009,0.009 cap=104,571,19,19 des=104,571,17,17 app=101,563,16,16 abs=nil,nil,nil,nil ebrake=1.00 ibrake=1.00 hasABS=0 sy=0.00 split=1.000,0.875 ===
162.69106|I|libbeamng.print:18052| === LSTM_OBS t=1570 2.69098,2.70696,2.71421,2.56709,0.00000,0.00000,0.00000,0.00016,0.00000,0.00000,0.00085,1.00000,0.00000,0.00000,0.00000,1108.20827,0.00000 ===
162.74075|I|libbeamng.print:18052| === LSTM_TRACE t=1580 v=2.65 ws=2.60,2.46,2.64,2.48 cmd=0.029,0.142,0.010,0.010 cap=96,537,19,19 des=96,537,17,17 app=93,529,16,16 abs=nil,nil,nil,nil ebrake=1.00 ibrake=1.00 hasABS=0 sy=0.00 split=1.000,0.875 ===
162.74081|I|libbeamng.print:18052| === LSTM_OBS t=1580 2.59902,2.45615,2.63711,2.48120,0.00000,0.00000,0.00000,0.00010,0.00000,0.00000,0.00192,1.00000,0.00000,0.00000,0.00000,1056.00865,0.00000 ===
162.79193|I|libbeamng.print:18052| === LSTM_TRACE t=1590 v=2.55 ws=2.52,2.40,2.55,2.39 cmd=0.031,0.145,0.010,0.010 cap=99,520,19,19 des=99,520,17,17 app=96,513,16,16 abs=nil,nil,nil,nil ebrake=1.00 ibrake=1.00 hasABS=0 sy=0.00 split=1.000,0.875 ===
162.79200|I|libbeamng.print:18052| === LSTM_OBS t=1590 2.51633,2.40245,2.55268,2.38668,0.00000,0.00000,0.00000,-0.00063,0.00000,0.00000,0.00234,1.00000,0.00000,0.00000,0.00000,1002.14120,0.00000 ===
162.84137|I|libbeamng.print:18052| === LSTM_TRACE t=1600 v=2.45 ws=2.40,2.36,2.42,2.28 cmd=0.032,0.150,0.011,0.011 cap=103,509,20,20 des=103,509,17,18 app=100,502,17,17 abs=nil,nil,nil,nil ebrake=1.00 ibrake=1.00 hasABS=0 sy=0.00 split=1.000,0.875 ===
162.84140|I|libbeamng.print:18052| === LSTM_OBS t=1600 2.39556,2.36213,2.41840,2.27609,0.00000,0.00000,0.00000,0.00032,0.00000,0.00000,0.00234,1.00000,0.00000,0.00000,0.00000,947.42361,0.00000 ===
162.89112|I|libbeamng.print:18052| === LSTM_TRACE t=1610 v=2.35 ws=2.27,2.34,2.21,2.24 cmd=0.034,0.163,0.011,0.012 cap=120,507,21,22 des=120,507,18,19 app=116,499,17,18 abs=nil,nil,nil,nil ebrake=1.00 ibrake=1.00 hasABS=0 sy=0.00 split=1.000,0.875 ===
162.89116|I|libbeamng.print:18052| === LSTM_OBS t=1610 2.26664,2.34304,2.21279,2.23618,0.00000,0.00000,0.00000,0.00046,0.00000,0.00000,0.00176,1.00000,0.00000,0.00000,0.00000,890.75191,0.00000 ===
162.94179|I|libbeamng.print:18052| === LSTM_TRACE t=1620 v=2.25 ws=2.22,2.36,2.08,2.19 cmd=0.044,0.160,0.012,0.013 cap=137,402,23,25 des=137,402,20,22 app=133,396,19,21 abs=nil,nil,nil,nil ebrake=1.00 ibrake=1.00 hasABS=0 sy=0.00 split=1.000,0.875 ===
162.94184|I|libbeamng.print:18052| === LSTM_OBS t=1620 2.21851,2.35989,2.07502,2.18501,0.00000,0.00000,0.00000,-0.00067,0.00000,0.00000,0.00000,1.00000,0.00000,0.00000,0.00000,832.16172,0.00000 ===
162.99084|I|libbeamng.print:18052| === LSTM_TRACE t=1630 v=2.16 ws=2.18,2.03,2.05,2.18 cmd=0.047,0.123,0.014,0.015 cap=116,390,27,30 des=116,390,24,26 app=112,384,23,25 abs=nil,nil,nil,nil ebrake=1.00 ibrake=1.00 hasABS=0 sy=0.00 split=1.000,0.875 ===
162.99087|I|libbeamng.print:18052| === LSTM_OBS t=1630 2.18129,2.02514,2.05098,2.18334,0.00000,0.00000,0.00000,-0.00600,0.00000,0.00000,0.00000,1.00000,0.00000,0.00000,0.00000,769.71216,0.00000 ===
163.04130|I|libbeamng.print:18052| === LSTM_TRACE t=1640 v=2.05 ws=1.97,2.06,2.06,2.07 cmd=0.039,0.160,0.015,0.018 cap=132,491,29,34 des=132,491,26,29 app=129,483,24,28 abs=nil,nil,nil,nil ebrake=1.00 ibrake=1.00 hasABS=0 sy=0.00 split=1.000,0.875 ===
163.04133|I|libbeamng.print:18052| === LSTM_OBS t=1640 1.96973,2.06397,2.06222,2.06647,0.00000,0.00000,0.00000,-0.00978,0.00000,0.00000,0.00154,1.00000,0.00000,0.00000,0.00000,742.55605,0.00000 ===
163.09073|I|libbeamng.print:18052| === LSTM_TRACE t=1650 v=1.94 ws=1.96,1.89,1.95,2.01 cmd=0.054,0.137,0.019,0.024 cap=163,443,35,43 des=163,443,31,37 app=158,436,29,35 abs=nil,nil,nil,nil ebrake=1.00 ibrake=1.00 hasABS=0 sy=0.00 split=1.000,0.875 ===
163.09077|I|libbeamng.print:18052| === LSTM_OBS t=1650 1.95619,1.88574,1.95385,2.01218,0.00000,0.00000,0.00000,-0.00010,0.00000,0.00000,0.00085,1.00000,0.00000,0.00000,0.00000,741.26640,0.00000 ===
163.14150|I|libbeamng.print:18052| === LSTM_TRACE t=1660 v=1.85 ws=1.76,1.76,1.83,1.79 cmd=0.053,0.167,0.025,0.032 cap=165,573,45,58 des=165,573,39,51 app=160,565,38,48 abs=nil,nil,nil,nil ebrake=1.00 ibrake=1.00 hasABS=0 sy=0.00 split=1.000,0.875 ===
163.14157|I|libbeamng.print:18052| === LSTM_OBS t=1660 1.76011,1.76023,1.82915,1.78903,0.00000,0.00000,0.00000,0.00051,0.00000,0.00000,0.00104,1.00000,0.00000,0.00000,0.00000,738.64038,0.00000 ===
163.19099|I|libbeamng.print:18052| === LSTM_TRACE t=1670 v=1.75 ws=1.75,1.55,1.75,1.74 cmd=0.114,0.181,0.042,0.058 cap=320,602,74,102 des=320,602,65,90 app=311,593,62,85 abs=nil,nil,nil,nil ebrake=1.00 ibrake=1.00 hasABS=0 sy=0.00 split=1.000,0.875 ===
163.19103|I|libbeamng.print:18052| === LSTM_OBS t=1670 1.74976,1.55018,1.74938,1.74040,0.00000,0.00000,0.00000,-0.00083,0.00000,0.00000,0.00000,1.00000,0.00000,0.00000,0.00000,737.76194,0.00000 ===
163.24189|I|libbeamng.print:18052| === LSTM_TRACE t=1680 v=1.61 ws=1.46,1.43,1.59,1.61 cmd=0.244,0.445,0.106,0.138 cap=744,1231,171,228 des=744,1231,150,200 app=722,1212,143,190 abs=nil,nil,nil,nil ebrake=1.00 ibrake=1.00 hasABS=0 sy=0.00 split=1.000,0.875 ===
163.24192|I|libbeamng.print:18052| === LSTM_OBS t=1680 1.45617,1.43201,1.59149,1.61404,0.00000,0.00000,0.00000,-0.00997,0.00000,0.00000,0.00142,1.00000,0.00000,0.00000,0.00000,731.09246,0.00000 ===
163.29087|I|libbeamng.print:18052| === LSTM_TRACE t=1690 v=1.30 ws=0.91,0.70,1.12,1.25 cmd=0.662,0.734,0.499,0.553 cap=2081,1724,878,1000 des=2081,1724,768,875 app=2020,1699,733,832 abs=nil,nil,nil,nil ebrake=1.00 ibrake=1.00 hasABS=0 sy=0.00 split=1.000,0.875 ===
163.29091|I|libbeamng.print:18052| === LSTM_OBS t=1690 0.91436,0.70479,1.11569,1.24694,0.00000,0.00000,0.00000,-0.00146,0.00000,0.00000,0.00124,1.00000,0.00000,0.00000,0.00000,731.63848,0.00000 ===
163.34114|I|libbeamng.print:18052| === LSTM_TRACE t=1700 v=0.78 ws=0.07,0.00,0.14,0.29 cmd=0.990,0.987,0.876,0.869 cap=3062,3046,1691,1686 des=3062,3046,1480,1475 app=2973,3000,1412,1403 abs=nil,nil,nil,nil ebrake=1.00 ibrake=1.00 hasABS=0 sy=0.00 split=1.000,0.875 ===
163.34117|I|libbeamng.print:18052| === LSTM_OBS t=1700 0.07468,0.00079,0.13778,0.28882,0.00000,0.00000,0.00000,0.00130,0.00000,0.00000,0.00439,1.00000,0.00000,0.00000,0.00000,727.19600,0.00000 ===
168.21979|I|libbeamng.print:18052| === LSTM_ABS: lens 'baseline_dynstock' loaded (17 in, 64 hidden, 2 layers) ===
168.22162|I|libbeamng.print:18052| === LSTM_ABS SELFTEST lens=baseline_dynstock cmd=0.974604,0.971210,0.876029,0.872881 ===
189.60661|I|libbeamng.print:18052| === LSTM_TRACE t=0 v=27.71 ws=27.66,27.79,27.41,27.51 cmd=0.775,0.776,0.159,0.172 cap=155,155,97,97 des=155,155,85,85 app=142,142,78,78 abs=nil,nil,nil,nil ebrake=1.00 ibrake=1.00 hasABS=0 sy=0.00 split=1.000,0.875 ===
189.60664|I|libbeamng.print:18052| === LSTM_OBS t=0 27.66468,27.79490,27.41227,27.51203,0.00000,0.00000,0.00000,0.00956,0.00000,0.00000,0.00000,1.00000,0.00000,0.00000,0.00000,7858.40183,0.00000 ===
189.65706|I|libbeamng.print:18052| === LSTM_TRACE t=10 v=27.59 ws=27.58,27.65,27.27,27.31 cmd=0.039,0.095,0.016,0.014 cap=113,261,23,21 des=113,261,20,18 app=103,239,19,17 abs=nil,nil,nil,nil ebrake=1.00 ibrake=1.00 hasABS=0 sy=0.00 split=1.000,0.875 ===
189.65710|I|libbeamng.print:18052| === LSTM_OBS t=10 27.57992,27.65322,27.27456,27.31335,0.00000,0.00000,0.00000,-0.00637,0.00000,0.00000,0.00000,1.00000,0.00000,0.00000,0.00000,7828.67928,0.00000 ===
189.67683|I|libbeamng.print:18052| === LSTM_ABS DBG raw=27.5435,27.5006,27.1723,27.2890,0.0000,0.0000,0.0000,0.0025,0.0000,0.0000,0.0005,1.0000,0.0000,0.0000,0.0000,7815.5328,0.0000 ===
189.67686|I|libbeamng.print:18052| === LSTM_ABS DBG norm=0.86,0.86,0.74,0.75,-0.00,-2.94,0.00,0.02,-0.02,0.02,-0.04,0.49,-0.04,0.00,0.00,1.93,0.00 ===
189.67686|I|libbeamng.print:18052| === LSTM_ABS DBG cmd=0.0626,0.1494,0.0497,0.0371 ===
189.70738|I|libbeamng.print:18052| === LSTM_TRACE t=20 v=27.47 ws=27.49,27.59,27.17,27.29 cmd=0.048,0.094,0.051,0.043 cap=163,330,120,95 des=163,330,105,83 app=150,303,96,76 abs=nil,nil,nil,nil ebrake=1.00 ibrake=1.00 hasABS=0 sy=0.00 split=1.000,0.875 ===
189.70742|I|libbeamng.print:18052| === LSTM_OBS t=20 27.49223,27.58847,27.17494,27.29015,0.00000,0.00000,0.00000,-0.01176,0.00000,0.00000,0.00000,1.00000,0.00000,0.00000,0.00000,7791.78685,0.00000 ===
189.75719|I|libbeamng.print:18052| === LSTM_TRACE t=30 v=27.36 ws=27.40,27.54,27.04,27.04 cmd=0.015,0.030,0.004,0.005 cap=49,98,19,19 des=49,98,17,17 app=45,90,16,16 abs=nil,nil,nil,nil ebrake=1.00 ibrake=1.00 hasABS=0 sy=0.00 split=1.000,0.875 ===
189.75724|I|libbeamng.print:18052| === LSTM_OBS t=30 27.40006,27.54173,27.03937,27.04013,0.00000,0.00000,0.00000,-0.01143,0.00000,0.00000,0.00000,1.00000,0.00000,0.00000,0.00000,7749.82348,0.00000 ===
189.80720|I|libbeamng.print:18052| === LSTM_TRACE t=40 v=27.27 ws=27.30,27.36,26.97,27.08 cmd=0.024,0.063,0.010,0.009 cap=63,166,19,19 des=63,166,17,17 app=58,153,16,16 abs=nil,nil,nil,nil ebrake=1.00 ibrake=1.00 hasABS=0 sy=0.00 split=1.000,0.875 ===
189.80724|I|libbeamng.print:18052| === LSTM_OBS t=40 27.29850,27.36399,26.97279,27.07802,0.00000,0.00000,0.00000,-0.00900,0.00000,0.00000,0.00000,1.00000,0.00000,0.00000,0.00000,7724.70445,0.00000 ===
189.85715|I|libbeamng.print:18052| === LSTM_TRACE t=50 v=27.15 ws=27.12,27.33,26.89,26.94 cmd=0.026,0.060,0.029,0.025 cap=91,222,71,58 des=91,222,62,51 app=83,205,57,46 abs=nil,nil,nil,nil ebrake=1.00 ibrake=1.00 hasABS=0 sy=0.00 split=1.000,0.875 ===
189.85722|I|libbeamng.print:18052| === LSTM_OBS t=50 27.12303,27.32972,26.89105,26.93531,0.00000,0.00000,0.00000,-0.00458,0.00000,0.00000,0.00000,1.00000,0.00000,0.00000,0.00000,7697.65402,0.00000 ===
189.90676|I|libbeamng.print:18052| === LSTM_TRACE t=60 v=27.06 ws=27.09,27.21,26.73,26.78 cmd=0.011,0.026,0.003,0.004 cap=35,79,19,19 des=35,79,17,17 app=32,73,16,16 abs=nil,nil,nil,nil ebrake=1.00 ibrake=1.00 hasABS=0 sy=0.00 split=1.000,0.875 ===
189.90679|I|libbeamng.print:18052| === LSTM_OBS t=60 27.08737,27.21051,26.72700,26.78372,0.00000,0.00000,0.00000,-0.00479,0.00000,0.00000,0.00000,1.00000,0.00000,0.00000,0.00000,7664.08553,0.00000 ===
189.95760|I|libbeamng.print:18052| === LSTM_TRACE t=70 v=26.95 ws=26.96,27.00,26.67,26.78 cmd=0.023,0.061,0.009,0.008 cap=62,165,19,19 des=62,165,17,17 app=57,152,16,16 abs=nil,nil,nil,nil ebrake=1.00 ibrake=1.00 hasABS=0 sy=0.00 split=1.000,0.875 ===
189.95764|I|libbeamng.print:18052| === LSTM_OBS t=70 26.96371,26.99560,26.66584,26.78085,0.00000,0.00000,0.00000,0.00780,0.00000,0.00000,0.00000,1.00000,0.00000,0.00000,0.00000,7638.69165,0.00000 ===
190.00662|I|libbeamng.print:18052| === LSTM_TRACE t=80 v=26.84 ws=26.86,26.88,26.61,26.67 cmd=0.031,0.075,0.041,0.034 cap=110,281,94,76 des=110,281,82,66 app=101,260,75,61 abs=nil,nil,nil,nil ebrake=1.00 ibrake=1.00 hasABS=0 sy=0.00 split=1.000,0.875 ===
190.00666|I|libbeamng.print:18052| === LSTM_OBS t=80 26.85594,26.88491,26.61206,26.67364,0.00000,0.00000,0.00000,-0.02008,0.00000,0.00000,0.00000,1.00000,0.00000,0.00000,0.00000,7610.05126,0.00000 ===
190.05850|I|libbeamng.print:18052| === LSTM_TRACE t=90 v=26.75 ws=26.74,26.92,26.47,26.46 cmd=0.011,0.024,0.003,0.004 cap=35,75,19,19 des=35,75,17,17 app=32,70,16,16 abs=nil,nil,nil,nil ebrake=1.00 ibrake=1.00 hasABS=0 sy=0.00 split=1.000,0.875 ===
190.05854|I|libbeamng.print:18052| === LSTM_OBS t=90 26.73641,26.91620,26.47234,26.45770,0.00000,0.00000,0.00000,-0.00375,0.00000,0.00000,0.00000,1.00000,0.00000,0.00000,0.00000,7574.85908,0.00000 ===
190.10690|I|libbeamng.print:18052| === LSTM_TRACE t=100 v=26.65 ws=26.68,26.73,26.35,26.37 cmd=0.018,0.048,0.006,0.006 cap=49,132,19,19 des=49,132,17,17 app=46,122,16,16 abs=nil,nil,nil,nil ebrake=1.00 ibrake=1.00 hasABS=0 sy=0.00 split=1.000,0.875 ===
190.10694|I|libbeamng.print:18052| === LSTM_OBS t=100 26.67843,26.73171,26.34810,26.36915,0.00000,0.00000,0.00000,0.00735,0.00000,0.00000,0.00000,1.00000,0.00000,0.00000,0.00000,7549.48403,0.00000 ===
190.15796|I|libbeamng.print:18052| === LSTM_TRACE t=110 v=26.54 ws=26.48,26.57,26.21,26.33 cmd=0.031,0.085,0.035,0.028 cap=112,316,66,54 des=112,316,58,48 app=103,293,53,44 abs=nil,nil,nil,nil ebrake=1.00 ibrake=1.00 hasABS=0 sy=0.00 split=1.000,0.875 ===
190.15799|I|libbeamng.print:18052| === LSTM_OBS t=110 26.47694,26.57407,26.21083,26.33317,0.00000,0.00000,0.00000,-0.01104,0.00000,0.00000,0.00000,1.00000,0.00000,0.00000,0.00000,7523.54879,0.00000 ===
190.20734|I|libbeamng.print:18052| === LSTM_TRACE t=120 v=26.44 ws=26.49,26.49,26.13,26.23 cmd=0.011,0.023,0.003,0.004 cap=34,74,19,19 des=34,74,17,17 app=31,68,16,16 abs=nil,nil,nil,nil ebrake=1.00 ibrake=1.00 hasABS=0 sy=0.00 split=1.000,0.875 ===
190.20738|I|libbeamng.print:18052| === LSTM_OBS t=120 26.48949,26.48504,26.13431,26.23258,0.00000,0.00000,0.00000,-0.00497,0.00000,0.00000,0.00000,1.00000,0.00000,0.00000,0.00000,7490.78347,0.00000 ===
190.25754|I|libbeamng.print:18052| === LSTM_TRACE t=130 v=26.35 ws=26.37,26.42,26.08,26.15 cmd=0.014,0.038,0.005,0.005 cap=39,104,19,19 des=39,104,17,17 app=35,96,16,16 abs=nil,nil,nil,nil ebrake=1.00 ibrake=1.00 hasABS=0 sy=0.00 split=1.000,0.875 ===
190.25758|I|libbeamng.print:18052| === LSTM_OBS t=130 26.37291,26.41620,26.07969,26.15380,0.00000,0.00000,0.00000,0.01241,0.00000,0.00000,0.00000,1.00000,0.00000,0.00000,0.00000,7464.74191,0.00000 ===
190.30758|I|libbeamng.print:18052| === LSTM_TRACE t=140 v=26.25 ws=26.16,26.27,25.94,26.06 cmd=0.038,0.109,0.034,0.028 cap=121,360,59,49 des=121,360,51,43 app=111,334,47,39 abs=nil,nil,nil,nil ebrake=1.00 ibrake=1.00 hasABS=0 sy=0.00 split=1.000,0.875 ===
190.30761|I|libbeamng.print:18052| === LSTM_OBS t=140 26.16192,26.26533,25.94109,26.06408,0.00000,0.00000,0.00000,0.00313,0.00000,0.00000,0.00000,1.00000,0.00000,0.00000,0.00000,7436.93038,0.00000 ===
190.35841|I|libbeamng.print:18052| === LSTM_TRACE t=150 v=26.14 ws=26.13,26.24,25.85,25.95 cmd=0.010,0.023,0.004,0.004 cap=34,76,19,19 des=34,76,17,17 app=32,71,16,16 abs=nil,nil,nil,nil ebrake=1.00 ibrake=1.00 hasABS=0 sy=0.00 split=1.000,0.875 ===
190.35845|I|libbeamng.print:18052| === LSTM_OBS t=150 26.12813,26.24058,25.85333,25.94520,0.00000,0.00000,0.00000,-0.00574,0.00000,0.00000,0.00000,1.00000,0.00000,0.00000,0.00000,7401.85095,0.00000 ===
190.40842|I|libbeamng.print:18052| === LSTM_TRACE t=160 v=26.04 ws=26.03,26.19,25.76,25.91 cmd=0.011,0.030,0.004,0.004 cap=32,86,19,19 des=32,86,17,17 app=30,79,16,16 abs=nil,nil,nil,nil ebrake=1.00 ibrake=1.00 hasABS=0 sy=0.00 split=1.000,0.875 ===
190.40848|I|libbeamng.print:18052| === LSTM_OBS t=160 26.03358,26.19236,25.75790,25.91199,0.00000,0.00000,0.00000,-0.00248,0.00000,0.00000,0.00000,1.00000,0.00000,0.00000,0.00000,7381.46715,0.00000 ===
190.45779|I|libbeamng.print:18052| === LSTM_TRACE t=170 v=25.95 ws=25.91,26.00,25.68,25.77 cmd=0.034,0.098,0.016,0.013 cap=99,271,24,20 des=99,271,21,18 app=91,252,19,16 abs=nil,nil,nil,nil ebrake=1.00 ibrake=1.00 hasABS=0 sy=0.00 split=1.000,0.875 ===
190.45785|I|libbeamng.print:18052| === LSTM_OBS t=170 25.90986,25.99774,25.68067,25.77177,0.00000,0.00000,0.00000,0.00092,0.00000,0.00000,0.00000,1.00000,0.00000,0.00000,0.00000,7357.65576,0.00000 ===
190.50785|I|libbeamng.print:18052| === LSTM_TRACE t=180 v=25.85 ws=25.83,25.97,25.53,25.65 cmd=0.011,0.026,0.006,0.006 cap=37,90,19,19 des=37,90,17,17 app=34,84,16,16 abs=nil,nil,nil,nil ebrake=1.00 ibrake=1.00 hasABS=0 sy=0.00 split=1.000,0.875 ===
190.50789|I|libbeamng.print:18052| === LSTM_OBS t=180 25.83335,25.97312,25.52754,25.65320,0.00000,0.00000,0.00000,-0.00533,0.00000,0.00000,0.00000,1.00000,0.00000,0.00000,0.00000,7328.56505,0.00000 ===
190.55843|I|libbeamng.print:18052| === LSTM_TRACE t=190 v=25.76 ws=25.73,25.85,25.46,25.53 cmd=0.009,0.024,0.003,0.004 cap=31,73,19,19 des=31,73,17,17 app=29,68,16,16 abs=nil,nil,nil,nil ebrake=1.00 ibrake=1.00 hasABS=0 sy=0.00 split=1.000,0.875 ===
190.55847|I|libbeamng.print:18052| === LSTM_OBS t=190 25.72782,25.85325,25.46019,25.52886,0.00000,0.00000,0.00000,0.00037,0.00000,0.00000,0.00000,1.00000,0.00000,0.00000,0.00000,7301.73335,0.00000 ===
190.60854|I|libbeamng.print:18052| === LSTM_TRACE t=200 v=25.67 ws=25.63,25.64,25.43,25.49 cmd=0.023,0.061,0.008,0.007 cap=64,169,19,19 des=64,169,17,17 app=59,157,16,16 abs=nil,nil,nil,nil ebrake=1.00 ibrake=1.00 hasABS=0 sy=0.00 split=1.000,0.875 ===
190.60858|I|libbeamng.print:18052| === LSTM_OBS t=200 25.63334,25.64464,25.43316,25.49274,0.00000,0.00000,0.00000,0.00628,0.00000,0.00000,0.00000,1.00000,0.00000,0.00000,0.00000,7277.42176,0.00000 ===
190.65808|I|libbeamng.print:18052| === LSTM_TRACE t=210 v=25.56 ws=25.58,25.65,25.34,25.51 cmd=0.013,0.035,0.011,0.010 cap=48,132,27,25 des=48,132,23,21 app=44,123,21,20 abs=nil,nil,nil,nil ebrake=1.00 ibrake=1.00 hasABS=0 sy=0.00 split=1.000,0.875 ===
190.65812|I|libbeamng.print:18052| === LSTM_OBS t=210 25.58344,25.65126,25.34013,25.51075,0.00000,0.00000,0.00000,-0.00312,0.00000,0.00000,0.00000,1.00000,0.00000,0.00000,0.00000,7251.12758,0.00000 ===
190.70772|I|libbeamng.print:18052| === LSTM_TRACE t=220 v=25.48 ws=25.49,25.58,25.21,25.34 cmd=0.009,0.023,0.003,0.003 cap=31,70,19,19 des=31,70,17,17 app=29,65,16,16 abs=nil,nil,nil,nil ebrake=1.00 ibrake=1.00 hasABS=0 sy=0.00 split=1.000,0.875 ===
190.70776|I|libbeamng.print:18052| === LSTM_OBS t=220 25.49298,25.57793,25.20918,25.33798,0.00000,0.00000,0.00000,-0.01712,0.00000,0.00000,0.00069,1.00000,0.00000,0.00000,0.00000,7223.05829,0.00000 ===
190.75962|I|libbeamng.print:18052| === LSTM_TRACE t=230 v=25.39 ws=25.32,25.44,25.09,25.18 cmd=0.017,0.045,0.006,0.005 cap=47,125,19,19 des=47,125,17,17 app=43,116,16,16 abs=nil,nil,nil,nil ebrake=1.00 ibrake=1.00 hasABS=0 sy=0.00 split=1.000,0.875 ===
190.75968|I|libbeamng.print:18052| === LSTM_OBS t=230 25.32269,25.43661,25.08786,25.17747,0.00000,0.00000,0.00000,0.00076,0.00000,0.00000,0.00069,1.00000,0.00000,0.00000,0.00000,7198.80063,0.00000 ===
190.80767|I|libbeamng.print:18052| === LSTM_TRACE t=240 v=25.27 ws=25.29,25.40,25.07,25.16 cmd=0.015,0.046,0.014,0.013 cap=57,176,31,27 des=57,176,27,24 app=52,164,25,22 abs=nil,nil,nil,nil ebrake=1.00 ibrake=1.00 hasABS=0 sy=0.00 split=1.000,0.875 ===
190.80771|I|libbeamng.print:18052| === LSTM_OBS t=240 25.28840,25.40167,25.07134,25.16329,0.00000,0.00000,0.00000,0.00527,0.00000,0.00000,0.00000,1.00000,0.00000,0.00000,0.00000,7173.96677,0.00000 ===
190.85820|I|libbeamng.print:18052| === LSTM_TRACE t=250 v=25.20 ws=25.18,25.29,24.97,25.09 cmd=0.008,0.021,0.003,0.003 cap=31,65,19,19 des=31,65,17,17 app=29,60,16,16 abs=nil,nil,nil,nil ebrake=1.00 ibrake=1.00 hasABS=0 sy=0.00 split=1.000,0.875 ===
190.85823|I|libbeamng.print:18052| === LSTM_OBS t=250 25.18279,25.28503,24.96654,25.08737,0.00000,0.00000,0.00000,0.00370,0.00000,0.00000,0.00000,1.00000,0.00000,0.00000,0.00000,7146.47426,0.00000 ===
190.90768|I|libbeamng.print:18052| === LSTM_TRACE t=260 v=25.11 ws=25.12,25.16,24.85,24.92 cmd=0.015,0.038,0.004,0.004 cap=42,110,19,19 des=42,110,17,17 app=39,102,16,16 abs=nil,nil,nil,nil ebrake=1.00 ibrake=1.00 hasABS=0 sy=0.00 split=1.000,0.875 ===
190.90772|I|libbeamng.print:18052| === LSTM_OBS t=260 25.11631,25.15678,24.85180,24.92449,0.00000,0.00000,0.00000,-0.00892,0.00000,0.00000,0.00000,1.00000,0.00000,0.00000,0.00000,7122.10378,0.00000 ===
190.95817|I|libbeamng.print:18052| === LSTM_TRACE t=270 v=25.00 ws=25.02,25.11,24.78,24.94 cmd=0.018,0.058,0.011,0.010 cap=62,198,20,19 des=62,198,18,17 app=57,185,16,16 abs=nil,nil,nil,nil ebrake=1.00 ibrake=1.00 hasABS=0 sy=0.00 split=1.000,0.875 ===
190.95820|I|libbeamng.print:18052| === LSTM_OBS t=270 25.02183,25.11051,24.78219,24.93986,0.00000,0.00000,0.00000,-0.00195,0.00000,0.00000,0.00000,1.00000,0.00000,0.00000,0.00000,7097.96927,0.00000 ===
191.00821|I|libbeamng.print:18052| === LSTM_TRACE t=280 v=24.91 ws=24.91,25.02,24.64,24.77 cmd=0.008,0.021,0.003,0.003 cap=31,63,19,19 des=31,63,17,17 app=29,59,16,16 abs=nil,nil,nil,nil ebrake=1.00 ibrake=1.00 hasABS=0 sy=0.00 split=1.000,0.875 ===
191.00826|I|libbeamng.print:18052| === LSTM_OBS t=280 24.91051,25.02338,24.64144,24.76507,0.00000,0.00000,0.00000,0.00145,0.00000,0.00000,0.00000,1.00000,0.00000,0.00000,0.00000,7070.29140,0.00000 ===
191.05851|I|libbeamng.print:18052| === LSTM_TRACE t=290 v=24.84 ws=24.79,24.93,24.62,24.78 cmd=0.011,0.031,0.004,0.004 cap=32,87,19,19 des=32,87,17,17 app=29,81,16,16 abs=nil,nil,nil,nil ebrake=1.00 ibrake=1.00 hasABS=0 sy=0.00 split=1.000,0.875 ===
191.05856|I|libbeamng.print:18052| === LSTM_OBS t=290 24.78811,24.92537,24.62154,24.78235,0.00000,0.00000,0.00000,-0.01467,0.00000,0.00000,0.00049,1.00000,0.00000,0.00000,0.00000,7045.31280,0.00000 ===
191.10788|I|libbeamng.print:18052| === LSTM_TRACE t=300 v=24.74 ws=24.70,24.77,24.47,24.56 cmd=0.021,0.065,0.009,0.009 cap=68,197,19,19 des=68,197,17,17 app=63,183,16,16 abs=nil,nil,nil,nil ebrake=1.00 ibrake=1.00 hasABS=0 sy=0.00 split=1.000,0.875 ===
191.10792|I|libbeamng.print:18052| === LSTM_OBS t=300 24.69652,24.77487,24.47285,24.56489,0.00000,0.00000,0.00000,-0.00715,0.00000,0.00000,0.00000,1.00000,0.00000,0.00000,0.00000,7022.06473,0.00000 ===
191.15814|I|libbeamng.print:18052| === LSTM_TRACE t=310 v=24.66 ws=24.59,24.76,24.45,24.57 cmd=0.008,0.020,0.002,0.003 cap=31,63,19,19 des=31,63,17,17 app=29,58,16,16 abs=nil,nil,nil,nil ebrake=1.00 ibrake=1.00 hasABS=0 sy=0.00 split=1.000,0.875 ===
191.15817|I|libbeamng.print:18052| === LSTM_OBS t=310 24.58997,24.76023,24.44541,24.56706,0.00000,0.00000,0.00000,-0.01587,0.00000,0.00000,0.00049,1.00000,0.00000,0.00000,0.00000,6995.50272,0.00000 ===
191.20779|I|libbeamng.print:18052| === LSTM_TRACE t=320 v=24.57 ws=24.53,24.69,24.38,24.42 cmd=0.010,0.028,0.003,0.004 cap=31,80,19,19 des=31,80,17,17 app=29,74,16,16 abs=nil,nil,nil,nil ebrake=1.00 ibrake=1.00 hasABS=0 sy=0.00 split=1.000,0.875 ===
191.20783|I|libbeamng.print:18052| === LSTM_OBS t=320 24.52700,24.68942,24.38386,24.41685,0.00000,0.00000,0.00000,-0.00289,0.00000,0.00000,0.00000,1.00000,0.00000,0.00000,0.00000,6970.43931,0.00000 ===
191.25833|I|libbeamng.print:18052| === LSTM_TRACE t=330 v=24.48 ws=24.41,24.55,24.26,24.41 cmd=0.020,0.056,0.007,0.006 cap=63,169,19,19 des=63,169,17,17 app=58,157,16,16 abs=nil,nil,nil,nil ebrake=1.00 ibrake=1.00 hasABS=0 sy=0.00 split=1.000,0.875 ===
191.25837|I|libbeamng.print:18052| === LSTM_OBS t=330 24.40640,24.55245,24.25926,24.41309,0.00000,0.00000,0.00000,-0.00257,0.00000,0.00000,0.00049,1.00000,0.00000,0.00000,0.00000,6946.38789,0.00000 ===
191.30793|I|libbeamng.print:18052| === LSTM_TRACE t=340 v=24.36 ws=24.41,24.48,24.19,24.32 cmd=0.008,0.020,0.003,0.003 cap=31,62,19,19 des=31,62,17,17 app=29,58,16,16 abs=nil,nil,nil,nil ebrake=1.00 ibrake=1.00 hasABS=0 sy=0.00 split=1.000,0.875 ===
191.30796|I|libbeamng.print:18052| === LSTM_OBS t=340 24.40893,24.47953,24.18868,24.31604,0.00000,0.00000,0.00000,0.00499,0.00000,0.00000,0.00049,1.00000,0.00000,0.00000,0.00000,6920.32543,0.00000 ===
191.35929|I|libbeamng.print:18052| === LSTM_TRACE t=350 v=24.29 ws=24.29,24.36,24.10,24.15 cmd=0.009,0.023,0.003,0.003 cap=31,70,19,19 des=31,70,17,17 app=29,65,16,16 abs=nil,nil,nil,nil ebrake=1.00 ibrake=1.00 hasABS=0 sy=0.00 split=1.000,0.875 ===
191.35932|I|libbeamng.print:18052| === LSTM_OBS t=350 24.29007,24.36235,24.10219,24.14787,0.00000,0.00000,0.00000,0.00251,0.00000,0.00000,0.00000,1.00000,0.00000,0.00000,0.00000,6894.55499,0.00000 ===
191.40888|I|libbeamng.print:18052| === LSTM_TRACE t=360 v=24.22 ws=24.15,24.27,23.97,24.16 cmd=0.019,0.050,0.005,0.005 cap=56,146,19,19 des=56,146,17,17 app=52,136,16,16 abs=nil,nil,nil,nil ebrake=1.00 ibrake=1.00 hasABS=0 sy=0.00 split=1.000,0.875 ===
191.40893|I|libbeamng.print:18052| === LSTM_OBS t=360 24.14851,24.27318,23.96817,24.16002,0.00000,0.00000,0.00000,-0.01397,0.00000,0.00000,0.00000,1.00000,0.00000,0.00000,0.00000,6870.26135,0.00000 ===
191.46280|I|libbeamng.print:18052| === LSTM_TRACE t=370 v=24.10 ws=24.15,24.22,23.93,24.03 cmd=0.008,0.021,0.003,0.003 cap=31,71,19,19 des=31,71,17,17 app=29,66,16,16 abs=nil,nil,nil,nil ebrake=1.00 ibrake=1.00 hasABS=0 sy=0.00 split=1.000,0.875 ===
191.46285|I|libbeamng.print:18052| === LSTM_OBS t=370 24.15433,24.22154,23.93403,24.03355,0.00000,0.00000,0.00000,0.00808,0.00000,0.00000,0.00049,1.00000,0.00000,0.00000,0.00000,6844.80272,0.00000 ===
191.50996|I|libbeamng.print:18052| === LSTM_TRACE t=380 v=24.03 ws=23.99,24.10,23.83,23.93 cmd=0.008,0.021,0.003,0.003 cap=31,62,19,19 des=31,62,17,17 app=29,58,16,16 abs=nil,nil,nil,nil ebrake=1.00 ibrake=1.00 hasABS=0 sy=0.00 split=1.000,0.875 ===
191.51000|I|libbeamng.print:18052| === LSTM_OBS t=380 23.99353,24.09654,23.83291,23.93492,0.00000,0.00000,0.00000,-0.01471,0.00000,0.00000,0.00000,1.00000,0.00000,0.00000,0.00000,6818.92340,0.00000 ===
191.56049|I|libbeamng.print:18052| === LSTM_TRACE t=390 v=23.94 ws=23.93,24.04,23.79,23.88 cmd=0.015,0.041,0.004,0.004 cap=49,127,19,19 des=49,127,17,17 app=46,118,16,16 abs=nil,nil,nil,nil ebrake=1.00 ibrake=1.00 hasABS=0 sy=0.00 split=1.000,0.875 ===
191.56053|I|libbeamng.print:18052| === LSTM_OBS t=390 23.92880,24.04072,23.78844,23.88377,0.00000,0.00000,0.00000,0.01372,0.00000,0.00000,0.00085,1.00000,0.00000,0.00000,0.00000,6794.67617,0.00000 ===
191.60972|I|libbeamng.print:18052| === LSTM_TRACE t=400 v=23.86 ws=23.82,23.97,23.66,23.68 cmd=0.009,0.025,0.003,0.004 cap=31,88,19,19 des=31,88,17,17 app=29,82,16,16 abs=nil,nil,nil,nil ebrake=1.00 ibrake=1.00 hasABS=0 sy=0.00 split=1.000,0.875 ===
191.60976|I|libbeamng.print:18052| === LSTM_OBS t=400 23.82460,23.96631,23.66258,23.68497,0.00000,0.00000,0.00000,-0.01914,0.00000,0.00000,0.00049,1.00000,0.00000,0.00000,0.00000,6768.67322,0.00000 ===
191.66056|I|libbeamng.print:18052| === LSTM_TRACE t=410 v=23.76 ws=23.81,23.81,23.52,23.63 cmd=0.007,0.020,0.003,0.003 cap=31,61,19,19 des=31,61,17,17 app=29,56,16,16 abs=nil,nil,nil,nil ebrake=1.00 ibrake=1.00 hasABS=0 sy=0.00 split=1.000,0.875 ===
191.66063|I|libbeamng.print:18052| === LSTM_OBS t=410 23.80689,23.80577,23.51941,23.62852,0.00000,0.00000,0.00000,-0.00435,0.00000,0.00000,0.00000,1.00000,0.00000,0.00000,0.00000,6743.59676,0.00000 ===
191.71431|I|libbeamng.print:18052| === LSTM_TRACE t=420 v=23.67 ws=23.67,23.74,23.46,23.55 cmd=0.014,0.036,0.004,0.004 cap=40,105,19,19 des=40,105,17,17 app=37,98,16,16 abs=nil,nil,nil,nil ebrake=1.00 ibrake=1.00 hasABS=0 sy=0.00 split=1.000,0.875 ===
191.71435|I|libbeamng.print:18052| === LSTM_OBS t=420 23.66808,23.73893,23.45689,23.55164,0.00000,0.00000,0.00000,0.00524,0.00000,0.00000,0.00049,1.00000,0.00000,0.00000,0.00000,6720.85308,0.00000 ===
191.76470|I|libbeamng.print:18052| === LSTM_TRACE t=430 v=23.59 ws=23.56,23.72,23.34,23.51 cmd=0.010,0.030,0.004,0.004 cap=34,101,19,19 des=34,101,17,17 app=31,94,16,16 abs=nil,nil,nil,nil ebrake=1.00 ibrake=1.00 hasABS=0 sy=0.00 split=1.000,0.875 ===
191.76476|I|libbeamng.print:18052| === LSTM_OBS t=430 23.55861,23.71693,23.33728,23.51386,0.00000,0.00000,0.00000,-0.00759,0.00000,0.00000,0.00000,1.00000,0.00000,0.00000,0.00000,6694.29819,0.00000 ===
191.81406|I|libbeamng.print:18052| === LSTM_TRACE t=440 v=23.51 ws=23.45,23.65,23.26,23.42 cmd=0.007,0.020,0.003,0.003 cap=31,58,19,19 des=31,58,17,17 app=29,54,16,16 abs=nil,nil,nil,nil ebrake=1.00 ibrake=1.00 hasABS=0 sy=0.00 split=1.000,0.875 ===
191.81410|I|libbeamng.print:18052| === LSTM_OBS t=440 23.45194,23.64895,23.25945,23.42425,0.00000,0.00000,0.00000,-0.01158,0.00000,0.00000,0.00000,1.00000,0.00000,0.00000,0.00000,6668.40053,0.00000 ===
191.86542|I|libbeamng.print:18052| === LSTM_TRACE t=450 v=23.42 ws=23.36,23.54,23.17,23.31 cmd=0.012,0.031,0.003,0.003 cap=32,86,19,19 des=32,86,17,17 app=30,80,16,16 abs=nil,nil,nil,nil ebrake=1.00 ibrake=1.00 hasABS=0 sy=0.00 split=1.000,0.875 ===
191.86548|I|libbeamng.print:18052| === LSTM_OBS t=450 23.35518,23.53689,23.17151,23.30608,0.00000,0.00000,0.00000,-0.01791,0.00000,0.00000,0.00049,1.00000,0.00000,0.00000,0.00000,6646.63046,0.00000 ===
191.91508|I|libbeamng.print:18052| === LSTM_TRACE t=460 v=23.33 ws=23.28,23.46,23.10,23.22 cmd=0.012,0.033,0.004,0.004 cap=36,103,19,19 des=36,103,17,17 app=33,96,16,16 abs=nil,nil,nil,nil ebrake=1.00 ibrake=1.00 hasABS=0 sy=0.00 split=1.000,0.875 ===
191.91513|I|libbeamng.print:18052| === LSTM_OBS t=460 23.27843,23.46106,23.10096,23.21508,0.00000,0.00000,0.00000,-0.01979,0.00000,0.00000,0.00000,1.00000,0.00000,0.00000,0.00000,6621.59531,0.00000 ===
191.96620|I|libbeamng.print:18052| === LSTM_TRACE t=470 v=23.25 ws=23.18,23.37,23.05,23.14 cmd=0.007,0.019,0.002,0.003 cap=31,58,19,19 des=31,58,17,17 app=29,54,16,16 abs=nil,nil,nil,nil ebrake=1.00 ibrake=1.00 hasABS=0 sy=0.00 split=1.000,0.875 ===
191.96630|I|libbeamng.print:18052| === LSTM_OBS t=470 23.17759,23.37285,23.05452,23.13818,0.00000,0.00000,0.00000,-0.01580,0.00000,0.00000,0.00049,1.00000,0.00000,0.00000,0.00000,6596.07499,0.00000 ===
192.01734|I|libbeamng.print:18052| === LSTM_TRACE t=480 v=23.16 ws=23.14,23.29,22.98,23.08 cmd=0.011,0.028,0.003,0.003 cap=31,81,19,19 des=31,81,17,17 app=29,76,16,16 abs=nil,nil,nil,nil ebrake=1.00 ibrake=1.00 hasABS=0 sy=0.00 split=1.000,0.875 ===
192.01738|I|libbeamng.print:18052| === LSTM_OBS t=480 23.13935,23.29434,22.98422,23.07685,0.00000,0.00000,0.00000,-0.00346,0.00000,0.00000,0.00000,1.00000,0.00000,0.00000,0.00000,6571.60104,0.00000 ===
192.06737|I|libbeamng.print:18052| === LSTM_TRACE t=490 v=23.06 ws=23.09,23.14,22.84,22.96 cmd=0.012,0.032,0.003,0.004 cap=39,105,19,19 des=39,105,17,17 app=36,98,16,16 abs=nil,nil,nil,nil ebrake=1.00 ibrake=1.00 hasABS=0 sy=0.00 split=1.000,0.875 ===
192.06743|I|libbeamng.print:18052| === LSTM_OBS t=490 23.08782,23.13902,22.84250,22.95899,0.00000,0.00000,0.00000,0.00592,0.00000,0.00000,0.00049,1.00000,0.00000,0.00000,0.00000,6547.15302,0.00000 ===
192.11506|I|libbeamng.print:18052| === LSTM_TRACE t=500 v=22.98 ws=23.02,23.06,22.80,22.95 cmd=0.007,0.019,0.002,0.003 cap=31,61,19,19 des=31,61,17,17 app=29,57,16,16 abs=nil,nil,nil,nil ebrake=1.00 ibrake=1.00 hasABS=0 sy=0.00 split=1.000,0.875 ===
192.11510|I|libbeamng.print:18052| === LSTM_OBS t=500 23.02071,23.06105,22.79574,22.95478,0.00000,0.00000,0.00000,0.00888,0.00000,0.00000,0.00000,1.00000,0.00000,0.00000,0.00000,6524.30491,0.00000 ===
192.16492|I|libbeamng.print:18052| === LSTM_TRACE t=510 v=22.91 ws=22.93,23.05,22.71,22.86 cmd=0.009,0.024,0.003,0.003 cap=31,70,19,19 des=31,70,17,17 app=29,65,16,16 abs=nil,nil,nil,nil ebrake=1.00 ibrake=1.00 hasABS=0 sy=0.00 split=1.000,0.875 ===
192.16496|I|libbeamng.print:18052| === LSTM_OBS t=510 22.92615,23.05085,22.71475,22.85634,0.00000,0.00000,0.00000,-0.01529,0.00000,0.00000,0.00000,1.00000,0.00000,0.00000,0.00000,6499.66410,0.00000 ===
192.21411|I|libbeamng.print:18052| === LSTM_TRACE t=520 v=22.81 ws=22.80,22.93,22.63,22.75 cmd=0.013,0.033,0.003,0.003 cap=39,101,19,19 des=39,101,17,17 app=36,94,16,16 abs=nil,nil,nil,nil ebrake=1.00 ibrake=1.00 hasABS=0 sy=0.00 split=1.000,0.875 ===
192.21415|I|libbeamng.print:18052| === LSTM_OBS t=520 22.80103,22.93481,22.63488,22.74926,0.00000,0.00000,0.00000,-0.00329,0.00000,0.00000,0.00069,1.00000,0.00000,0.00000,0.00000,6475.98393,0.00000 ===
192.26484|I|libbeamng.print:18052| === LSTM_TRACE t=530 v=22.74 ws=22.79,22.83,22.49,22.63 cmd=0.007,0.020,0.002,0.003 cap=31,62,19,19 des=31,62,17,17 app=29,58,16,16 abs=nil,nil,nil,nil ebrake=1.00 ibrake=1.00 hasABS=0 sy=0.00 split=1.000,0.875 ===
192.26564|I|libbeamng.print:18052| === LSTM_OBS t=530 22.78662,22.82575,22.48722,22.62969,0.00000,0.00000,0.00000,-0.00476,0.00000,0.00000,0.00000,1.00000,0.00000,0.00000,0.00000,6449.65417,0.00000 ===
192.31405|I|libbeamng.print:18052| === LSTM_TRACE t=540 v=22.64 ws=22.63,22.78,22.52,22.62 cmd=0.009,0.023,0.003,0.003 cap=31,70,19,19 des=31,70,17,17 app=29,65,16,16 abs=nil,nil,nil,nil ebrake=1.00 ibrake=1.00 hasABS=0 sy=0.00 split=1.000,0.875 ===
192.31409|I|libbeamng.print:18052| === LSTM_OBS t=540 22.63266,22.77609,22.51802,22.61898,0.00000,0.00000,0.00000,0.00187,0.00000,0.00000,0.00000,1.00000,0.00000,0.00000,0.00000,6426.79054,0.00000 ===
192.36434|I|libbeamng.print:18052| === LSTM_TRACE t=550 v=22.56 ws=22.61,22.66,22.41,22.50 cmd=0.011,0.030,0.003,0.003 cap=35,91,19,19 des=35,91,17,17 app=33,85,16,16 abs=nil,nil,nil,nil ebrake=1.00 ibrake=1.00 hasABS=0 sy=0.00 split=1.000,0.875 ===
192.36438|I|libbeamng.print:18052| === LSTM_OBS t=550 22.60520,22.66469,22.41333,22.49547,0.00000,0.00000,0.00000,-0.00787,0.00000,0.00000,0.00049,1.00000,0.00000,0.00000,0.00000,6403.11703,0.00000 ===
192.41416|I|libbeamng.print:18052| === LSTM_TRACE t=560 v=22.46 ws=22.51,22.57,22.26,22.38 cmd=0.008,0.021,0.002,0.003 cap=31,67,19,19 des=31,67,17,17 app=29,62,16,16 abs=nil,nil,nil,nil ebrake=1.00 ibrake=1.00 hasABS=0 sy=0.00 split=1.000,0.875 ===
192.41419|I|libbeamng.print:18052| === LSTM_OBS t=560 22.51011,22.57276,22.25763,22.38494,0.00000,0.00000,0.00000,0.00770,0.00000,0.00000,0.00000,1.00000,0.00000,0.00000,0.00000,6379.01670,0.00000 ===
192.46385|I|libbeamng.print:18052| === LSTM_TRACE t=570 v=22.39 ws=22.34,22.54,22.21,22.35 cmd=0.009,0.022,0.003,0.003 cap=31,66,19,19 des=31,66,17,17 app=29,61,16,16 abs=nil,nil,nil,nil ebrake=1.00 ibrake=1.00 hasABS=0 sy=0.00 split=1.000,0.875 ===
192.46389|I|libbeamng.print:18052| === LSTM_OBS t=570 22.34320,22.54285,22.20592,22.34819,0.00000,0.00000,0.00000,-0.00352,0.00000,0.00000,0.00000,1.00000,0.00000,0.00000,0.00000,6355.88864,0.00000 ===
192.51379|I|libbeamng.print:18052| === LSTM_TRACE t=580 v=22.31 ws=22.31,22.43,22.09,22.20 cmd=0.012,0.030,0.003,0.003 cap=35,88,19,19 des=35,88,17,17 app=32,82,16,16 abs=nil,nil,nil,nil ebrake=1.00 ibrake=1.00 hasABS=0 sy=0.00 split=1.000,0.875 ===
192.51384|I|libbeamng.print:18052| === LSTM_OBS t=580 22.30617,22.43337,22.08610,22.20088,0.00000,0.00000,0.00000,-0.01432,0.00000,0.00000,0.00000,1.00000,0.00000,0.00000,0.00000,6332.20843,0.00000 ===
192.56373|I|libbeamng.print:18052| === LSTM_TRACE t=590 v=22.23 ws=22.29,22.35,22.08,22.17 cmd=0.007,0.019,0.002,0.003 cap=31,63,19,19 des=31,63,17,17 app=29,59,16,16 abs=nil,nil,nil,nil ebrake=1.00 ibrake=1.00 hasABS=0 sy=0.00 split=1.000,0.875 ===
192.56385|I|libbeamng.print:18052| === LSTM_OBS t=590 22.28740,22.35071,22.08106,22.17468,0.00000,0.00000,0.00000,0.00069,0.00000,0.00000,0.00049,1.00000,0.00000,0.00000,0.00000,6308.18731,0.00000 ===
192.61001|I|libbeamng.print:18052| === LSTM_TRACE t=600 v=22.14 ws=22.21,22.24,21.92,22.04 cmd=0.009,0.022,0.003,0.003 cap=31,64,19,19 des=31,64,17,17 app=29,60,16,16 abs=nil,nil,nil,nil ebrake=1.00 ibrake=1.00 hasABS=0 sy=0.00 split=1.000,0.875 ===
192.61009|I|libbeamng.print:18052| === LSTM_OBS t=600 22.20609,22.24272,21.91974,22.04294,0.00000,0.00000,0.00000,0.00788,0.00000,0.00000,0.00000,1.00000,0.00000,0.00000,0.00000,6286.45134,0.00000 ===
192.66372|I|libbeamng.print:18052| === LSTM_TRACE t=610 v=22.05 ws=22.13,22.12,21.88,22.00 cmd=0.011,0.028,0.003,0.003 cap=37,90,19,19 des=37,90,17,17 app=34,83,16,16 abs=nil,nil,nil,nil ebrake=1.00 ibrake=1.00 hasABS=0 sy=0.00 split=1.000,0.875 ===
192.66378|I|libbeamng.print:18052| === LSTM_OBS t=610 22.13368,22.12147,21.87576,22.00243,0.00000,0.00000,0.00000,0.01587,0.00000,0.00000,0.00000,1.00000,0.00000,0.00000,0.00000,6263.20372,0.00000 ===
192.71098|I|libbeamng.print:18052| === LSTM_TRACE t=620 v=21.96 ws=22.01,22.07,21.76,21.86 cmd=0.008,0.020,0.002,0.003 cap=31,62,19,19 des=31,62,17,17 app=29,57,16,16 abs=nil,nil,nil,nil ebrake=1.00 ibrake=1.00 hasABS=0 sy=0.00 split=1.000,0.875 ===
192.71104|I|libbeamng.print:18052| === LSTM_OBS t=620 22.00914,22.06751,21.76068,21.86125,0.00000,0.00000,0.00000,0.00333,0.00000,0.00000,0.00000,1.00000,0.00000,0.00000,0.00000,6239.28252,0.00000 ===
192.76059|I|libbeamng.print:18052| === LSTM_TRACE t=630 v=21.88 ws=21.96,22.01,21.82,21.90 cmd=0.008,0.021,0.003,0.003 cap=31,65,19,19 des=31,65,17,17 app=29,60,16,16 abs=nil,nil,nil,nil ebrake=1.00 ibrake=1.00 hasABS=0 sy=0.00 split=1.000,0.875 ===
192.76063|I|libbeamng.print:18052| === LSTM_OBS t=630 21.95993,22.01348,21.81877,21.90210,0.00000,0.00000,0.00000,0.00266,0.00000,0.00000,0.00000,1.00000,0.00000,0.00000,0.00000,6215.34150,0.00000 ===
192.81294|I|libbeamng.print:18052| === LSTM_TRACE t=640 v=21.80 ws=21.81,21.93,21.66,21.77 cmd=0.012,0.029,0.003,0.003 cap=38,91,19,19 des=38,91,17,17 app=35,85,16,16 abs=nil,nil,nil,nil ebrake=1.00 ibrake=1.00 hasABS=0 sy=0.00 split=1.000,0.875 ===
192.81315|I|libbeamng.print:18052| === LSTM_OBS t=640 21.80730,21.93251,21.65525,21.76865,0.00000,0.00000,0.00000,-0.00261,0.00000,0.00000,0.00049,1.00000,0.00000,0.00000,0.00000,6192.84818,0.00000 ===
192.86643|I|libbeamng.print:18052| === LSTM_TRACE t=650 v=21.72 ws=21.67,21.90,21.49,21.62 cmd=0.007,0.019,0.002,0.003 cap=31,59,19,19 des=31,59,17,17 app=29,55,16,16 abs=nil,nil,nil,nil ebrake=1.00 ibrake=1.00 hasABS=0 sy=0.00 split=1.000,0.875 ===
192.86649|I|libbeamng.print:18052| === LSTM_OBS t=650 21.66685,21.89521,21.49157,21.61569,0.00000,0.00000,0.00000,-0.00851,0.00000,0.00000,0.00069,1.00000,0.00000,0.00000,0.00000,6166.29936,0.00000 ===
192.91775|I|libbeamng.print:18052| === LSTM_TRACE t=660 v=21.63 ws=21.67,21.74,21.55,21.66 cmd=0.009,0.022,0.003,0.003 cap=31,65,19,19 des=31,65,17,17 app=29,60,16,16 abs=nil,nil,nil,nil ebrake=1.00 ibrake=1.00 hasABS=0 sy=0.00 split=1.000,0.875 ===
192.91780|I|libbeamng.print:18052| === LSTM_OBS t=660 21.66766,21.73870,21.55287,21.65685,0.00000,0.00000,0.00000,0.00120,0.00000,0.00000,0.00049,1.00000,0.00000,0.00000,0.00000,6145.54754,0.00000 ===
192.96837|I|libbeamng.print:18052| === LSTM_TRACE t=670 v=21.55 ws=21.59,21.70,21.38,21.51 cmd=0.012,0.029,0.003,0.003 cap=38,90,19,19 des=38,90,17,17 app=35,83,16,16 abs=nil,nil,nil,nil ebrake=1.00 ibrake=1.00 hasABS=0 sy=0.00 split=1.000,0.875 ===
192.96847|I|libbeamng.print:18052| === LSTM_OBS t=670 21.58947,21.70456,21.38228,21.51113,0.00000,0.00000,0.00000,0.00214,0.00000,0.00000,0.00000,1.00000,0.00000,0.00000,0.00000,6121.52425,0.00000 ===
193.01510|I|libbeamng.print:18052| === LSTM_TRACE t=680 v=21.47 ws=21.42,21.61,21.29,21.44 cmd=0.007,0.018,0.002,0.003 cap=31,59,19,19 des=31,59,17,17 app=29,55,16,16 abs=nil,nil,nil,nil ebrake=1.00 ibrake=1.00 hasABS=0 sy=0.00 split=1.000,0.875 ===
193.01515|I|libbeamng.print:18052| === LSTM_OBS t=680 21.42103,21.61445,21.29309,21.43582,0.00000,0.00000,0.00000,-0.00716,0.00000,0.00000,0.00069,1.00000,0.00000,0.00000,0.00000,6097.82689,0.00000 ===
193.06709|I|libbeamng.print:18052| === LSTM_TRACE t=690 v=21.38 ws=21.45,21.50,21.17,21.30 cmd=0.010,0.023,0.003,0.003 cap=31,66,19,19 des=31,66,17,17 app=29,61,16,16 abs=nil,nil,nil,nil ebrake=1.00 ibrake=1.00 hasABS=0 sy=0.00 split=1.000,0.875 ===
193.06713|I|libbeamng.print:18052| === LSTM_OBS t=690 21.44557,21.49517,21.16866,21.29559,0.00000,0.00000,0.00000,0.00687,0.00000,0.00000,0.00049,1.00000,0.00000,0.00000,0.00000,6073.63764,0.00000 ===
193.11317|I|libbeamng.print:18052| === LSTM_TRACE t=700 v=21.30 ws=21.29,21.40,21.15,21.25 cmd=0.012,0.029,0.003,0.003 cap=38,89,19,19 des=38,89,17,17 app=35,83,16,16 abs=nil,nil,nil,nil ebrake=1.00 ibrake=1.00 hasABS=0 sy=0.00 split=1.000,0.875 ===
193.11322|I|libbeamng.print:18052| === LSTM_OBS t=700 21.29092,21.39700,21.15324,21.24820,0.00000,0.00000,0.00000,-0.00513,0.00000,0.00000,0.00049,1.00000,0.00000,0.00000,0.00000,6051.94436,0.00000 ===
193.16298|I|libbeamng.print:18052| === LSTM_TRACE t=710 v=21.22 ws=21.25,21.38,21.15,21.23 cmd=0.007,0.018,0.002,0.002 cap=31,54,19,19 des=31,54,17,17 app=29,51,16,16 abs=nil,nil,nil,nil ebrake=1.00 ibrake=1.00 hasABS=0 sy=0.00 split=1.000,0.875 ===
193.16309|I|libbeamng.print:18052| === LSTM_OBS t=710 21.25319,21.38192,21.14972,21.23287,0.00000,0.00000,0.00000,-0.00579,0.00000,0.00000,0.00000,1.00000,0.00000,0.00000,0.00000,6027.10348,0.00000 ===
193.21205|I|libbeamng.print:18052| === LSTM_TRACE t=720 v=21.13 ws=21.17,21.18,21.02,21.13 cmd=0.010,0.023,0.003,0.003 cap=31,70,19,19 des=31,70,17,17 app=29,66,16,16 abs=nil,nil,nil,nil ebrake=1.00 ibrake=1.00 hasABS=0 sy=0.00 split=1.000,0.875 ===
193.21210|I|libbeamng.print:18052| === LSTM_OBS t=720 21.17309,21.18458,21.02199,21.13399,0.00000,0.00000,0.00000,0.00824,0.00000,0.00000,0.00000,1.00000,0.00000,0.00000,0.00000,6002.32385,0.00000 ===
193.26210|I|libbeamng.print:18052| === LSTM_TRACE t=730 v=21.05 ws=21.01,21.17,20.96,21.01 cmd=0.012,0.029,0.004,0.004 cap=43,96,19,19 des=43,96,17,17 app=39,90,16,16 abs=nil,nil,nil,nil ebrake=1.00 ibrake=1.00 hasABS=0 sy=0.00 split=1.000,0.875 ===
193.26221|I|libbeamng.print:18052| === LSTM_OBS t=730 21.00556,21.17256,20.95657,21.00567,0.00000,0.00000,0.00000,-0.00463,0.00000,0.00000,0.00000,1.00000,0.00000,0.00000,0.00000,5978.57729,0.00000 ===
193.31140|I|libbeamng.print:18052| === LSTM_TRACE t=740 v=20.97 ws=20.99,21.14,20.82,20.94 cmd=0.008,0.018,0.002,0.002 cap=31,57,19,19 des=31,57,17,17 app=29,53,16,16 abs=nil,nil,nil,nil ebrake=1.00 ibrake=1.00 hasABS=0 sy=0.00 split=1.000,0.875 ===
193.31144|I|libbeamng.print:18052| === LSTM_OBS t=740 20.98820,21.14088,20.82480,20.94112,0.00000,0.00000,0.00000,-0.00884,0.00000,0.00000,0.00069,1.00000,0.00000,0.00000,0.00000,5953.72735,0.00000 ===
193.36131|I|libbeamng.print:18052| === LSTM_TRACE t=750 v=20.88 ws=20.95,21.03,20.74,20.86 cmd=0.012,0.025,0.003,0.003 cap=35,76,19,19 des=35,76,17,17 app=32,71,16,16 abs=nil,nil,nil,nil ebrake=1.00 ibrake=1.00 hasABS=0 sy=0.00 split=1.000,0.875 ===
193.36135|I|libbeamng.print:18052| === LSTM_OBS t=750 20.94526,21.03233,20.73598,20.85758,0.00000,0.00000,0.00000,-0.00010,0.00000,0.00000,0.00049,1.00000,0.00000,0.00000,0.00000,5930.55773,0.00000 ===
193.40810|I|libbeamng.print:18052| === LSTM_TRACE t=760 v=20.80 ws=20.87,20.94,20.66,20.77 cmd=0.012,0.029,0.004,0.004 cap=41,94,19,19 des=41,94,17,17 app=38,88,16,16 abs=nil,nil,nil,nil ebrake=1.00 ibrake=1.00 hasABS=0 sy=0.00 split=1.000,0.875 ===
193.40814|I|libbeamng.print:18052| === LSTM_OBS t=760 20.86693,20.93947,20.65909,20.77188,0.00000,0.00000,0.00000,-0.00051,0.00000,0.00000,0.00049,1.00000,0.00000,0.00000,0.00000,5909.21302,0.00000 ===
193.45778|I|libbeamng.print:18052| === LSTM_TRACE t=770 v=20.72 ws=20.79,20.87,20.60,20.70 cmd=0.008,0.019,0.002,0.002 cap=31,58,19,19 des=31,58,17,17 app=29,54,16,16 abs=nil,nil,nil,nil ebrake=1.00 ibrake=1.00 hasABS=0 sy=0.00 split=1.000,0.875 ===
193.45781|I|libbeamng.print:18052| === LSTM_OBS t=770 20.78897,20.86906,20.59670,20.70082,0.00000,0.00000,0.00000,-0.00082,0.00000,0.00000,0.00000,1.00000,0.00000,0.00000,0.00000,5884.07767,0.00000 ===
193.50776|I|libbeamng.print:18052| === LSTM_TRACE t=780 v=20.64 ws=20.71,20.79,20.55,20.64 cmd=0.013,0.027,0.003,0.003 cap=38,80,19,19 des=38,80,17,17 app=35,74,16,16 abs=nil,nil,nil,nil ebrake=1.00 ibrake=1.00 hasABS=0 sy=0.00 split=1.000,0.875 ===
193.50780|I|libbeamng.print:18052| === LSTM_OBS t=780 20.71455,20.79411,20.54596,20.63830,0.00000,0.00000,0.00000,-0.00417,0.00000,0.00000,0.00049,1.00000,0.00000,0.00000,0.00000,5859.84612,0.00000 ===
193.55845|I|libbeamng.print:18052| === LSTM_TRACE t=790 v=20.56 ws=20.60,20.72,20.44,20.53 cmd=0.010,0.025,0.004,0.004 cap=36,84,19,19 des=36,84,17,17 app=33,78,16,16 abs=nil,nil,nil,nil ebrake=1.00 ibrake=1.00 hasABS=0 sy=0.00 split=1.000,0.875 ===
193.55849|I|libbeamng.print:18052| === LSTM_OBS t=790 20.59580,20.71958,20.44231,20.53263,0.00000,0.00000,0.00000,-0.00540,0.00000,0.00000,0.00049,1.00000,0.00000,0.00000,0.00000,5836.35365,0.00000 ===
193.60811|I|libbeamng.print:18052| === LSTM_TRACE t=800 v=20.47 ws=20.46,20.61,20.30,20.39 cmd=0.009,0.020,0.002,0.002 cap=31,62,19,19 des=31,62,17,17 app=29,57,16,16 abs=nil,nil,nil,nil ebrake=1.00 ibrake=1.00 hasABS=0 sy=0.00 split=1.000,0.875 ===
193.60815|I|libbeamng.print:18052| === LSTM_OBS t=800 20.45833,20.61451,20.30114,20.39348,0.00000,0.00000,0.00000,-0.00776,0.00000,0.00000,0.00049,1.00000,0.00000,0.00000,0.00000,5812.34027,0.00000 ===
193.66073|I|libbeamng.print:18052| === LSTM_TRACE t=810 v=20.39 ws=20.36,20.46,20.19,20.31 cmd=0.014,0.029,0.003,0.003 cap=44,88,19,19 des=44,88,17,17 app=40,82,16,16 abs=nil,nil,nil,nil ebrake=1.00 ibrake=1.00 hasABS=0 sy=0.00 split=1.000,0.875 ===
193.66078|I|libbeamng.print:18052| === LSTM_OBS t=810 20.36361,20.45599,20.19282,20.30571,0.00000,0.00000,0.00000,-0.00023,0.00000,0.00000,0.00000,1.00000,0.00000,0.00000,0.00000,5788.48962,0.00000 ===
193.71161|I|libbeamng.print:18052| === LSTM_TRACE t=820 v=20.30 ws=20.36,20.41,20.11,20.24 cmd=0.009,0.021,0.003,0.004 cap=32,73,19,19 des=32,73,17,17 app=29,68,16,16 abs=nil,nil,nil,nil ebrake=1.00 ibrake=1.00 hasABS=0 sy=0.00 split=1.000,0.875 ===
193.71176|I|libbeamng.print:18052| === LSTM_OBS t=820 20.36147,20.41432,20.11477,20.24356,0.00000,0.00000,0.00000,0.00280,0.00000,0.00000,0.00049,1.00000,0.00000,0.00000,0.00000,5762.50087,0.00000 ===
193.76198|I|libbeamng.print:18052| === LSTM_TRACE t=830 v=20.23 ws=20.25,20.39,20.15,20.26 cmd=0.010,0.021,0.002,0.002 cap=31,66,19,19 des=31,66,17,17 app=29,62,16,16 abs=nil,nil,nil,nil ebrake=1.00 ibrake=1.00 hasABS=0 sy=0.00 split=1.000,0.875 ===
193.76205|I|libbeamng.print:18052| === LSTM_OBS t=830 20.25028,20.38948,20.14981,20.26236,0.00000,0.00000,0.00000,-0.00754,0.00000,0.00000,0.00000,1.00000,0.00000,0.00000,0.00000,5737.51981,0.00000 ===
193.80863|I|libbeamng.print:18052| === LSTM_TRACE t=840 v=20.14 ws=20.14,20.22,19.97,20.05 cmd=0.015,0.030,0.003,0.003 cap=46,91,19,19 des=46,91,17,17 app=42,84,16,16 abs=nil,nil,nil,nil ebrake=1.00 ibrake=1.00 hasABS=0 sy=0.00 split=1.000,0.875 ===
193.80875|I|libbeamng.print:18052| === LSTM_OBS t=840 20.13911,20.21843,19.97453,20.05393,0.00000,0.00000,0.00000,0.00171,0.00000,0.00000,0.00069,1.00000,0.00000,0.00000,0.00000,5718.83084,0.00000 ===
193.85898|I|libbeamng.print:18052| === LSTM_TRACE t=850 v=20.06 ws=20.13,20.26,19.87,19.99 cmd=0.011,0.022,0.003,0.003 cap=31,66,19,19 des=31,66,17,17 app=29,61,16,16 abs=nil,nil,nil,nil ebrake=1.00 ibrake=1.00 hasABS=0 sy=0.00 split=1.000,0.875 ===
193.85903|I|libbeamng.print:18052| === LSTM_OBS t=850 20.12673,20.26093,19.86565,19.98556,0.00000,0.00000,0.00000,-0.00411,0.00000,0.00000,0.00049,1.00000,0.00000,0.00000,0.00000,5691.29914,0.00000 ===
193.90897|I|libbeamng.print:18052| === LSTM_TRACE t=860 v=19.98 ws=19.97,20.04,19.86,19.98 cmd=0.011,0.024,0.002,0.002 cap=37,77,19,19 des=37,77,17,17 app=34,72,16,16 abs=nil,nil,nil,nil ebrake=1.00 ibrake=1.00 hasABS=0 sy=0.00 split=1.000,0.875 ===
193.90902|I|libbeamng.print:18052| === LSTM_OBS t=860 19.97313,20.03734,19.86075,19.97803,0.00000,0.00000,0.00000,-0.00029,0.00000,0.00000,0.00000,1.00000,0.00000,0.00000,0.00000,5670.69210,0.00000 ===
193.96009|I|libbeamng.print:18052| === LSTM_TRACE t=870 v=19.89 ws=19.91,19.99,19.73,19.80 cmd=0.017,0.034,0.004,0.004 cap=51,101,19,19 des=51,101,17,17 app=47,94,16,16 abs=nil,nil,nil,nil ebrake=1.00 ibrake=1.00 hasABS=0 sy=0.00 split=1.000,0.875 ===
193.96015|I|libbeamng.print:18052| === LSTM_OBS t=870 19.90994,19.99337,19.72558,19.79787,0.00000,0.00000,0.00000,-0.00547,0.00000,0.00000,0.00049,1.00000,0.00000,0.00000,0.00000,5645.11528,0.00000 ===
194.01039|I|libbeamng.print:18052| === LSTM_TRACE t=880 v=19.81 ws=19.88,19.96,19.62,19.74 cmd=0.013,0.024,0.002,0.002 cap=37,71,19,19 des=37,71,17,17 app=34,66,16,16 abs=nil,nil,nil,nil ebrake=1.00 ibrake=1.00 hasABS=0 sy=0.00 split=1.000,0.875 ===
194.01043|I|libbeamng.print:18052| === LSTM_OBS t=880 19.87901,19.96486,19.62320,19.74461,0.00000,0.00000,0.00000,-0.00351,0.00000,0.00000,0.00000,1.00000,0.00000,0.00000,0.00000,5620.39608,0.00000 ===
194.06022|I|libbeamng.print:18052| === LSTM_TRACE t=890 v=19.73 ws=19.73,19.82,19.56,19.63 cmd=0.015,0.029,0.002,0.003 cap=44,87,19,19 des=44,87,17,17 app=41,81,16,16 abs=nil,nil,nil,nil ebrake=1.00 ibrake=1.00 hasABS=0 sy=0.00 split=1.000,0.875 ===
194.06027|I|libbeamng.print:18052| === LSTM_OBS t=890 19.73401,19.82161,19.55876,19.63051,0.00000,0.00000,0.00000,-0.00204,0.00000,0.00000,0.00000,1.00000,0.00000,0.00000,0.00000,5595.87467,0.00000 ===
194.10967|I|libbeamng.print:18052| === LSTM_TRACE t=900 v=19.64 ws=19.63,19.71,19.45,19.56 cmd=0.015,0.031,0.005,0.005 cap=53,108,19,19 des=53,108,17,17 app=49,100,16,16 abs=nil,nil,nil,nil ebrake=1.00 ibrake=1.00 hasABS=0 sy=0.00 split=1.000,0.875 ===
194.10971|I|libbeamng.print:18052| === LSTM_OBS t=900 19.63178,19.70994,19.44552,19.56290,0.00000,0.00000,0.00000,-0.00454,0.00000,0.00000,0.00000,1.00000,0.00000,0.00000,0.00000,5571.22577,0.00000 ===
194.15966|I|libbeamng.print:18052| === LSTM_TRACE t=910 v=19.55 ws=19.56,19.62,19.42,19.48 cmd=0.014,0.026,0.002,0.002 cap=45,84,19,19 des=45,84,17,17 app=42,78,16,16 abs=nil,nil,nil,nil ebrake=1.00 ibrake=1.00 hasABS=0 sy=0.00 split=1.000,0.875 ===
194.15974|I|libbeamng.print:18052| === LSTM_OBS t=910 19.55959,19.62093,19.42258,19.48141,0.00000,0.00000,0.00000,-0.00226,0.00000,0.00000,0.00000,1.00000,0.00000,0.00000,0.00000,5546.60771,0.00000 ===
194.20981|I|libbeamng.print:18052| === LSTM_TRACE t=920 v=19.47 ws=19.49,19.55,19.26,19.38 cmd=0.020,0.036,0.003,0.003 cap=59,109,19,19 des=59,109,17,17 app=55,101,16,16 abs=nil,nil,nil,nil ebrake=1.00 ibrake=1.00 hasABS=0 sy=0.00 split=1.000,0.875 ===
194.20986|I|libbeamng.print:18052| === LSTM_OBS t=920 19.48759,19.54844,19.25966,19.38425,0.00000,0.00000,0.00000,-0.00280,0.00000,0.00000,0.00000,1.00000,0.00000,0.00000,0.00000,5521.91140,0.00000 ===
194.25969|I|libbeamng.print:18052| === LSTM_TRACE t=930 v=19.38 ws=19.40,19.47,19.21,19.28 cmd=0.017,0.029,0.005,0.005 cap=52,92,19,19 des=52,92,17,17 app=48,85,16,16 abs=nil,nil,nil,nil ebrake=1.00 ibrake=1.00 hasABS=0 sy=0.00 split=1.000,0.875 ===
194.25973|I|libbeamng.print:18052| === LSTM_OBS t=930 19.39765,19.46900,19.21015,19.28122,0.00000,0.00000,0.00000,-0.00158,0.00000,0.00000,0.00049,1.00000,0.00000,0.00000,0.00000,5496.14407,0.00000 ===
194.30908|I|libbeamng.print:18052| === LSTM_TRACE t=940 v=19.30 ws=19.30,19.36,19.13,19.27 cmd=0.019,0.034,0.003,0.003 cap=59,105,19,19 des=59,105,17,17 app=54,98,16,16 abs=nil,nil,nil,nil ebrake=1.00 ibrake=1.00 hasABS=0 sy=0.00 split=1.000,0.875 ===
194.30912|I|libbeamng.print:18052| === LSTM_OBS t=940 19.30447,19.36467,19.13408,19.26838,0.00000,0.00000,0.00000,-0.00651,0.00000,0.00000,0.00049,1.00000,0.00000,0.00000,0.00000,5470.46900,0.00000 ===
194.35953|I|libbeamng.print:18052| === LSTM_TRACE t=950 v=19.21 ws=19.16,19.21,19.06,19.14 cmd=0.026,0.047,0.010,0.011 cap=89,159,19,19 des=89,159,17,17 app=82,148,16,16 abs=nil,nil,nil,nil ebrake=1.00 ibrake=1.00 hasABS=0 sy=0.00 split=1.000,0.875 ===
194.35957|I|libbeamng.print:18052| === LSTM_OBS t=950 19.15581,19.21361,19.06422,19.13838,0.00000,0.00000,0.00000,-0.00133,0.00000,0.00000,0.00000,1.00000,0.00000,0.00000,0.00000,5446.53456,0.00000 ===
194.40959|I|libbeamng.print:18052| === LSTM_TRACE t=960 v=19.13 ws=19.13,19.20,18.95,19.02 cmd=0.038,0.050,0.004,0.005 cap=113,146,19,19 des=113,146,17,17 app=105,136,16,16 abs=nil,nil,nil,nil ebrake=1.00 ibrake=1.00 hasABS=0 sy=0.00 split=1.000,0.875 ===
194.40964|I|libbeamng.print:18052| === LSTM_OBS t=960 19.12506,19.20157,18.94603,19.02286,0.00000,0.00000,0.00000,-0.00528,0.00000,0.00000,0.00049,1.00000,0.00000,0.00000,0.00000,5420.47575,0.00000 ===
194.45981|I|libbeamng.print:18052| === LSTM_TRACE t=970 v=19.03 ws=19.02,19.06,18.90,19.03 cmd=0.043,0.065,0.016,0.016 cap=127,192,23,23 des=127,192,20,20 app=117,179,19,19 abs=nil,nil,nil,nil ebrake=1.00 ibrake=1.00 hasABS=0 sy=0.00 split=1.000,0.875 ===
194.45985|I|libbeamng.print:18052| === LSTM_OBS t=970 19.02411,19.05895,18.90218,19.02913,0.00000,0.00000,0.00000,-0.00009,0.00000,0.00000,0.00000,1.00000,0.00000,0.00000,0.00000,5393.63546,0.00000 ===
194.50964|I|libbeamng.print:18052| === LSTM_TRACE t=980 v=18.91 ws=18.77,18.83,18.73,18.84 cmd=0.093,0.095,0.025,0.028 cap=348,352,59,65 des=348,352,52,57 app=322,329,48,52 abs=nil,nil,nil,nil ebrake=1.00 ibrake=1.00 hasABS=0 sy=0.00 split=1.000,0.875 ===
194.50968|I|libbeamng.print:18052| === LSTM_OBS t=980 18.76928,18.83306,18.72696,18.83930,0.00000,0.00000,0.00000,0.00007,0.00000,0.00000,0.00000,1.00000,0.00000,0.00000,0.00000,5362.57689,0.00000 ===
194.55944|I|libbeamng.print:18052| === LSTM_TRACE t=990 v=18.81 ws=18.80,18.88,18.62,18.67 cmd=0.061,0.072,0.011,0.011 cap=163,194,19,19 des=163,194,17,17 app=151,181,16,16 abs=nil,nil,nil,nil ebrake=1.00 ibrake=1.00 hasABS=0 sy=0.00 split=1.000,0.875 ===
194.55948|I|libbeamng.print:18052| === LSTM_OBS t=990 18.79854,18.87724,18.62195,18.67124,0.00000,0.00000,0.00000,-0.00262,0.00000,0.00000,0.00049,1.00000,0.00000,0.00000,0.00000,5330.48456,0.00000 ===
194.60960|I|libbeamng.print:18052| === LSTM_TRACE t=1000 v=18.68 ws=18.35,18.53,18.43,18.51 cmd=0.236,0.231,0.137,0.131 cap=639,631,315,285 des=639,631,276,249 app=592,589,254,229 abs=nil,nil,nil,nil ebrake=1.00 ibrake=1.00 hasABS=0 sy=0.00 split=1.000,0.875 ===
194.60968|I|libbeamng.print:18052| === LSTM_OBS t=1000 18.35445,18.52626,18.43258,18.51300,0.00000,0.00000,0.00000,0.00060,0.00000,0.00000,0.00000,1.00000,0.00000,0.00000,0.00000,5296.91385,0.00000 ===
194.65958|I|libbeamng.print:18052| === LSTM_TRACE t=1010 v=18.52 ws=18.44,18.52,18.32,18.41 cmd=0.084,0.081,0.008,0.009 cap=282,261,19,19 des=282,261,17,17 app=262,244,16,16 abs=nil,nil,nil,nil ebrake=1.00 ibrake=1.00 hasABS=0 sy=0.00 split=1.000,0.875 ===
194.65962|I|libbeamng.print:18052| === LSTM_OBS t=1010 18.43591,18.51841,18.32481,18.40862,0.00000,0.00000,0.00000,0.00025,0.00000,0.00000,0.00000,1.00000,0.00000,0.00000,0.00000,5252.00059,0.00000 ===
194.71119|I|libbeamng.print:18052| === LSTM_TRACE t=1020 v=18.41 ws=18.30,18.31,18.22,18.31 cmd=0.104,0.117,0.080,0.061 cap=279,323,104,77 des=279,323,91,67 app=259,302,83,62 abs=nil,nil,nil,nil ebrake=1.00 ibrake=1.00 hasABS=0 sy=0.00 split=1.000,0.875 ===
194.71123|I|libbeamng.print:18052| === LSTM_OBS t=1020 18.29776,18.30924,18.22076,18.31407,0.00000,0.00000,0.00000,0.00173,0.00000,0.00000,0.00000,1.00000,0.00000,0.00000,0.00000,5219.25004,0.00000 ===
194.75971|I|libbeamng.print:18052| === LSTM_TRACE t=1030 v=18.22 ws=18.01,18.18,18.03,18.11 cmd=0.181,0.131,0.025,0.029 cap=607,458,78,89 des=607,458,68,78 app=566,430,63,72 abs=nil,nil,nil,nil ebrake=1.00 ibrake=1.00 hasABS=0 sy=0.00 split=1.000,0.875 ===
194.75975|I|libbeamng.print:18052| === LSTM_OBS t=1030 18.00870,18.18202,18.02997,18.10655,0.00000,0.00000,0.00000,-0.00053,0.00000,0.00000,0.00000,1.00000,0.00000,0.00000,0.00000,5170.98766,0.00000 ===
194.80922|I|libbeamng.print:18052| === LSTM_TRACE t=1040 v=18.11 ws=18.00,18.12,17.94,18.04 cmd=0.064,0.068,0.010,0.009 cap=207,216,19,19 des=207,216,17,17 app=193,203,16,16 abs=nil,nil,nil,nil ebrake=1.00 ibrake=1.00 hasABS=0 sy=0.00 split=1.000,0.875 ===
194.80926|I|libbeamng.print:18052| === LSTM_OBS t=1040 17.99577,18.11533,17.93835,18.03730,0.00000,0.00000,0.00000,0.00093,0.00000,0.00000,0.00000,1.00000,0.00000,0.00000,0.00000,5133.81968,0.00000 ===
194.86023|I|libbeamng.print:18052| === LSTM_TRACE t=1050 v=17.98 ws=17.61,17.81,17.76,17.84 cmd=0.228,0.205,0.180,0.164 cap=633,563,317,280 des=633,563,278,245 app=591,529,256,226 abs=nil,nil,nil,nil ebrake=1.00 ibrake=1.00 hasABS=0 sy=0.00 split=1.000,0.875 ===
194.86029|I|libbeamng.print:18052| === LSTM_OBS t=1050 17.60998,17.81260,17.75829,17.84248,0.00000,0.00000,0.00000,0.00033,0.00000,0.00000,0.00049,1.00000,0.00000,0.00000,0.00000,5103.20603,0.00000 ===
194.90923|I|libbeamng.print:18052| === LSTM_TRACE t=1060 v=17.82 ws=17.87,17.96,17.62,17.72 cmd=0.117,0.105,0.007,0.008 cap=336,293,19,21 des=336,293,17,18 app=314,276,16,17 abs=nil,nil,nil,nil ebrake=1.00 ibrake=1.00 hasABS=0 sy=0.00 split=1.000,0.875 ===
194.90930|I|libbeamng.print:18052| === LSTM_OBS t=1060 17.87195,17.95576,17.62460,17.72373,0.00000,0.00000,0.00000,0.00650,0.00000,0.00000,0.00000,1.00000,0.00000,0.00000,0.00000,5054.80069,0.00000 ===
194.95959|I|libbeamng.print:18052| === LSTM_TRACE t=1070 v=17.71 ws=17.66,17.69,17.61,17.69 cmd=0.081,0.092,0.032,0.024 cap=235,261,42,33 des=235,261,37,29 app=220,246,34,27 abs=nil,nil,nil,nil ebrake=1.00 ibrake=1.00 hasABS=0 sy=0.00 split=1.000,0.875 ===
194.95963|I|libbeamng.print:18052| === LSTM_OBS t=1070 17.65863,17.68860,17.60996,17.68708,0.00000,0.00000,0.00000,0.00103,0.00000,0.00000,0.00049,1.00000,0.00000,0.00000,0.00000,5023.58970,0.00000 ===
195.00912|I|libbeamng.print:18052| === LSTM_TRACE t=1080 v=17.55 ws=17.29,17.48,17.46,17.54 cmd=0.152,0.133,0.042,0.048 cap=604,536,110,122 des=604,536,96,106 app=566,505,89,98 abs=nil,nil,nil,nil ebrake=1.00 ibrake=1.00 hasABS=0 sy=0.00 split=1.000,0.875 ===
195.00916|I|libbeamng.print:18052| === LSTM_OBS t=1080 17.28881,17.48368,17.45775,17.53667,0.00000,0.00000,0.00000,0.00023,0.00000,0.00000,0.00104,1.00000,0.00000,0.00000,0.00000,4984.78390,0.00000 ===
195.06052|I|libbeamng.print:18052| === LSTM_TRACE t=1090 v=17.43 ws=17.38,17.43,17.31,17.40 cmd=0.060,0.066,0.008,0.008 cap=210,225,19,19 des=210,225,17,17 app=197,212,16,16 abs=nil,nil,nil,nil ebrake=1.00 ibrake=1.00 hasABS=0 sy=0.00 split=1.000,0.875 ===
195.06057|I|libbeamng.print:18052| === LSTM_OBS t=1090 17.37983,17.42810,17.31229,17.40339,0.00000,0.00000,0.00000,0.00373,0.00000,0.00000,0.00069,1.00000,0.00000,0.00000,0.00000,4951.45974,0.00000 ===
195.11129|I|libbeamng.print:18052| === LSTM_TRACE t=1100 v=17.33 ws=17.30,17.40,17.17,17.25 cmd=0.153,0.145,0.100,0.089 cap=334,353,170,147 des=334,353,149,129 app=314,333,138,119 abs=nil,nil,nil,nil ebrake=1.00 ibrake=1.00 hasABS=0 sy=0.00 split=1.000,0.875 ===
195.11136|I|libbeamng.print:18052| === LSTM_OBS t=1100 17.30252,17.39601,17.16729,17.24733,0.00000,0.00000,0.00000,-0.00035,0.00000,0.00000,0.00000,1.00000,0.00000,0.00000,0.00000,4920.71674,0.00000 ===
195.15985|I|libbeamng.print:18052| === LSTM_TRACE t=1110 v=17.17 ws=17.07,17.21,17.03,17.12 cmd=0.107,0.097,0.006,0.008 cap=406,343,19,19 des=406,343,17,17 app=381,323,16,16 abs=nil,nil,nil,nil ebrake=1.00 ibrake=1.00 hasABS=0 sy=0.00 split=1.000,0.875 ===
195.15989|I|libbeamng.print:18052| === LSTM_OBS t=1110 17.07326,17.21401,17.02504,17.12249,0.00000,0.00000,0.00000,0.00081,0.00000,0.00000,0.00000,1.00000,0.00000,0.00000,0.00000,4879.62957,0.00000 ===
195.21092|I|libbeamng.print:18052| === LSTM_TRACE t=1120 v=17.07 ws=17.01,17.06,16.93,16.99 cmd=0.074,0.085,0.018,0.015 cap=214,243,26,22 des=214,243,23,19 app=201,230,21,18 abs=nil,nil,nil,nil ebrake=1.00 ibrake=1.00 hasABS=0 sy=0.00 split=1.000,0.875 ===
195.21098|I|libbeamng.print:18052| === LSTM_OBS t=1120 17.00584,17.06132,16.92805,16.98569,0.00000,0.00000,0.00000,-0.00009,0.00000,0.00000,0.00000,1.00000,0.00000,0.00000,0.00000,4848.54840,0.00000 ===
195.26098|I|libbeamng.print:18052| === LSTM_TRACE t=1130 v=16.95 ws=16.72,16.82,16.86,16.94 cmd=0.113,0.109,0.037,0.041 cap=470,442,94,101 des=470,442,83,88 app=441,417,76,82 abs=nil,nil,nil,nil ebrake=1.00 ibrake=1.00 hasABS=0 sy=0.00 split=1.000,0.875 ===
195.26104|I|libbeamng.print:18052| === LSTM_OBS t=1130 16.72146,16.81511,16.85808,16.93642,0.00000,0.00000,0.00000,-0.00380,0.00000,0.00000,0.00049,1.00000,0.00000,0.00000,0.00000,4814.64631,0.00000 ===
195.31108|I|libbeamng.print:18052| === LSTM_TRACE t=1140 v=16.83 ws=16.79,16.87,16.69,16.76 cmd=0.064,0.072,0.006,0.006 cap=207,230,19,19 des=207,230,17,17 app=194,217,16,16 abs=nil,nil,nil,nil ebrake=1.00 ibrake=1.00 hasABS=0 sy=0.00 split=1.000,0.875 ===
195.31113|I|libbeamng.print:18052| === LSTM_OBS t=1140 16.78798,16.87053,16.69451,16.76394,0.00000,0.00000,0.00000,0.00467,0.00000,0.00000,0.00069,1.00000,0.00000,0.00000,0.00000,4781.00330,0.00000 ===
195.36145|I|libbeamng.print:18052| === LSTM_TRACE t=1150 v=16.73 ws=16.59,16.67,16.57,16.66 cmd=0.086,0.095,0.061,0.056 cap=280,321,94,82 des=280,321,82,72 app=262,303,76,66 abs=nil,nil,nil,nil ebrake=1.00 ibrake=1.00 hasABS=0 sy=0.00 split=1.000,0.875 ===
195.36149|I|libbeamng.print:18052| === LSTM_OBS t=1150 16.58796,16.66961,16.56554,16.65861,0.00000,0.00000,0.00000,-0.00071,0.00000,0.00000,0.00000,1.00000,0.00000,0.00000,0.00000,4751.70377,0.00000 ===
195.41143|I|libbeamng.print:18052| === LSTM_TRACE t=1160 v=16.61 ws=16.63,16.71,16.57,16.65 cmd=0.086,0.085,0.005,0.006 cap=279,266,19,19 des=279,266,17,17 app=262,251,16,16 abs=nil,nil,nil,nil ebrake=1.00 ibrake=1.00 hasABS=0 sy=0.00 split=1.000,0.875 ===
195.41148|I|libbeamng.print:18052| === LSTM_OBS t=1160 16.63012,16.71082,16.57052,16.64756,0.00000,0.00000,0.00000,-0.00321,0.00000,0.00000,0.00000,1.00000,0.00000,0.00000,0.00000,4716.87462,0.00000 ===
195.46077|I|libbeamng.print:18052| === LSTM_TRACE t=1170 v=16.50 ws=16.48,16.53,16.43,16.51 cmd=0.069,0.082,0.015,0.013 cap=197,233,23,20 des=197,233,20,18 app=185,220,19,16 abs=nil,nil,nil,nil ebrake=1.00 ibrake=1.00 hasABS=0 sy=0.00 split=1.000,0.875 ===
195.46081|I|libbeamng.print:18052| === LSTM_OBS t=1170 16.48383,16.53480,16.42793,16.50903,0.00000,0.00000,0.00000,-0.00192,0.00000,0.00000,0.00000,1.00000,0.00000,0.00000,0.00000,4687.97221,0.00000 ===
195.51090|I|libbeamng.print:18052| === LSTM_TRACE t=1180 v=16.39 ws=16.29,16.34,16.24,16.32 cmd=0.090,0.086,0.018,0.020 cap=283,279,52,57 des=283,279,46,50 app=265,264,42,46 abs=nil,nil,nil,nil ebrake=1.00 ibrake=1.00 hasABS=0 sy=0.00 split=1.000,0.875 ===
195.51100|I|libbeamng.print:18052| === LSTM_OBS t=1180 16.28921,16.33810,16.24422,16.32100,0.00000,0.00000,0.00000,-0.00049,0.00000,0.00000,0.00000,1.00000,0.00000,0.00000,0.00000,4656.29512,0.00000 ===
195.56072|I|libbeamng.print:18052| === LSTM_TRACE t=1190 v=16.29 ws=16.28,16.36,16.29,16.36 cmd=0.062,0.073,0.006,0.006 cap=196,229,19,19 des=196,229,17,17 app=184,216,16,16 abs=nil,nil,nil,nil ebrake=1.00 ibrake=1.00 hasABS=0 sy=0.00 split=1.000,0.875 ===
195.56076|I|libbeamng.print:18052| === LSTM_OBS t=1190 16.28484,16.36496,16.28601,16.36030,0.00000,0.00000,0.00000,-0.00449,0.00000,0.00000,0.00069,1.00000,0.00000,0.00000,0.00000,4627.88322,0.00000 ===
195.61127|I|libbeamng.print:18052| === LSTM_TRACE t=1200 v=16.19 ws=16.14,16.16,16.05,16.12 cmd=0.073,0.083,0.036,0.035 cap=203,248,65,62 des=203,248,57,54 app=191,234,53,50 abs=nil,nil,nil,nil ebrake=1.00 ibrake=1.00 hasABS=0 sy=0.00 split=1.000,0.875 ===
195.61135|I|libbeamng.print:18052| === LSTM_OBS t=1200 16.13922,16.16061,16.05110,16.11914,0.00000,0.00000,0.00000,-0.00299,0.00000,0.00000,0.00000,1.00000,0.00000,0.00000,0.00000,4599.81950,0.00000 ===
195.66076|I|libbeamng.print:18052| === LSTM_TRACE t=1210 v=16.07 ws=16.05,16.12,15.99,16.07 cmd=0.070,0.077,0.004,0.005 cap=238,255,19,19 des=238,255,17,17 app=224,240,16,16 abs=nil,nil,nil,nil ebrake=1.00 ibrake=1.00 hasABS=0 sy=0.00 split=1.000,0.875 ===
195.66080|I|libbeamng.print:18052| === LSTM_OBS t=1210 16.04916,16.12112,15.99202,16.07424,0.00000,0.00000,0.00000,-0.00499,0.00000,0.00000,0.00000,1.00000,0.00000,0.00000,0.00000,4566.34748,0.00000 ===
195.72139|I|libbeamng.print:18052| === LSTM_TRACE t=1220 v=15.97 ws=15.86,15.92,15.88,15.96 cmd=0.059,0.075,0.014,0.013 cap=204,246,22,20 des=204,246,19,18 app=192,233,18,16 abs=nil,nil,nil,nil ebrake=1.00 ibrake=1.00 hasABS=0 sy=0.00 split=1.000,0.875 ===
195.72144|I|libbeamng.print:18052| === LSTM_OBS t=1220 15.86405,15.92364,15.87545,15.95973,0.00000,0.00000,0.00000,0.00157,0.00000,0.00000,0.00000,1.00000,0.00000,0.00000,0.00000,4540.31629,0.00000 ===
195.76923|I|libbeamng.print:18052| === LSTM_TRACE t=1230 v=15.87 ws=15.84,15.87,15.72,15.80 cmd=0.078,0.078,0.006,0.007 cap=205,208,19,20 des=205,208,17,18 app=192,197,16,16 abs=nil,nil,nil,nil ebrake=1.00 ibrake=1.00 hasABS=0 sy=0.00 split=1.000,0.875 ===
195.76927|I|libbeamng.print:18052| === LSTM_OBS t=1230 15.84010,15.87342,15.72420,15.80202,0.00000,0.00000,0.00000,-0.00229,0.00000,0.00000,0.00000,1.00000,0.00000,0.00000,0.00000,4509.03425,0.00000 ===
195.81518|I|libbeamng.print:18052| === LSTM_TRACE t=1240 v=15.74 ws=15.76,15.81,15.29,15.36 cmd=0.078,0.089,0.005,0.005 cap=212,249,19,19 des=212,249,17,17 app=199,236,16,16 abs=nil,nil,nil,nil ebrake=1.00 ibrake=1.00 hasABS=0 sy=0.00 split=1.000,0.875 ===
195.81523|I|libbeamng.print:18052| === LSTM_OBS t=1240 15.75507,15.81325,15.29138,15.36403,0.00000,0.00000,0.00000,0.00260,0.00000,0.00000,0.00000,1.00000,0.00000,0.00000,0.00000,4519.48131,0.00000 ===
195.86094|I|libbeamng.print:18052| === LSTM_TRACE t=1250 v=15.50 ws=15.48,15.55,15.08,15.15 cmd=0.056,0.066,0.007,0.008 cap=176,211,19,19 des=176,211,17,17 app=165,200,16,16 abs=nil,nil,nil,nil ebrake=1.00 ibrake=1.00 hasABS=0 sy=0.00 split=1.000,0.875 ===
195.86098|I|libbeamng.print:18052| === LSTM_OBS t=1250 15.48071,15.54643,15.08050,15.14817,0.00000,0.00000,0.00000,-0.00082,0.00000,0.00000,0.00049,1.00000,0.00000,0.00000,0.00000,4723.30286,0.00000 ===
195.91104|I|libbeamng.print:18052| === LSTM_TRACE t=1260 v=15.27 ws=15.25,15.30,14.75,14.80 cmd=0.063,0.075,0.005,0.005 cap=188,227,19,19 des=188,227,17,17 app=177,215,16,16 abs=nil,nil,nil,nil ebrake=1.00 ibrake=1.00 hasABS=0 sy=0.00 split=1.000,0.875 ===
195.91108|I|libbeamng.print:18052| === LSTM_OBS t=1260 15.24713,15.30452,14.75197,14.79787,0.00000,0.00000,0.00000,-0.00354,0.00000,0.00000,0.00069,1.00000,0.00000,0.00000,0.00000,5020.54097,0.00000 ===
195.96109|I|libbeamng.print:18052| === LSTM_TRACE t=1270 v=15.03 ws=14.97,15.01,14.67,14.69 cmd=0.071,0.091,0.024,0.020 cap=272,328,36,29 des=272,328,32,25 app=256,309,29,23 abs=nil,nil,nil,nil ebrake=1.00 ibrake=1.00 hasABS=0 sy=0.00 split=1.000,0.875 ===
195.96113|I|libbeamng.print:18052| === LSTM_OBS t=1270 14.97218,15.00531,14.66670,14.68759,0.00000,0.00000,0.00000,-0.00229,0.00000,0.00000,0.00000,1.00000,0.00000,0.00000,0.00000,5299.07028,0.00000 ===
196.01035|I|libbeamng.print:18052| === LSTM_TRACE t=1280 v=14.77 ws=14.74,14.81,14.34,14.34 cmd=0.054,0.059,0.006,0.007 cap=171,181,19,19 des=171,181,17,17 app=161,171,16,16 abs=nil,nil,nil,nil ebrake=1.00 ibrake=1.00 hasABS=0 sy=0.00 split=1.000,0.875 ===
196.01039|I|libbeamng.print:18052| === LSTM_OBS t=1280 14.73885,14.81040,14.34422,14.34451,0.00000,0.00000,0.00000,-0.00381,0.00000,0.00000,0.00000,1.00000,0.00000,0.00000,0.00000,5554.27529,0.00000 ===
196.05910|I|libbeamng.print:18052| === LSTM_TRACE t=1290 v=14.54 ws=14.60,14.59,14.20,14.18 cmd=0.074,0.091,0.017,0.012 cap=212,261,26,19 des=212,261,22,17 app=199,246,21,16 abs=nil,nil,nil,nil ebrake=1.00 ibrake=1.00 hasABS=0 sy=0.00 split=1.000,0.875 ===
196.05913|I|libbeamng.print:18052| === LSTM_OBS t=1290 14.59726,14.58699,14.20222,14.18324,0.00000,0.00000,0.00000,-0.00583,0.00000,0.00000,0.00000,1.00000,0.00000,0.00000,0.00000,5769.46144,0.00000 ===
196.10733|I|libbeamng.print:18052| === LSTM_TRACE t=1300 v=14.26 ws=14.08,14.19,13.97,14.00 cmd=0.153,0.147,0.157,0.170 cap=579,544,297,305 des=579,544,260,266 app=543,513,240,246 abs=nil,nil,nil,nil ebrake=1.00 ibrake=1.00 hasABS=0 sy=0.00 split=1.000,0.875 ===
196.10737|I|libbeamng.print:18052| === LSTM_OBS t=1300 14.07722,14.19243,13.96564,14.00025,0.00000,0.00000,0.00000,-0.00228,0.00000,0.00000,0.00069,1.00000,0.00000,0.00000,0.00000,5953.50727,0.00000 ===
196.15807|I|libbeamng.print:18052| === LSTM_TRACE t=1310 v=14.10 ws=14.17,14.18,13.98,14.02 cmd=0.046,0.060,0.006,0.007 cap=138,172,19,19 des=138,172,17,17 app=130,163,16,16 abs=nil,nil,nil,nil ebrake=1.00 ibrake=1.00 hasABS=0 sy=0.00 split=1.000,0.875 ===
196.15811|I|libbeamng.print:18052| === LSTM_OBS t=1310 14.17295,14.17539,13.97818,14.02362,0.00000,0.00000,0.00000,0.00135,0.00000,0.00000,0.00000,1.00000,0.00000,0.00000,0.00000,5993.05789,0.00000 ===
196.20732|I|libbeamng.print:18052| === LSTM_TRACE t=1320 v=13.98 ws=13.80,13.80,13.92,14.02 cmd=0.123,0.150,0.076,0.056 cap=385,459,91,65 des=385,459,80,57 app=361,434,73,53 abs=nil,nil,nil,nil ebrake=1.00 ibrake=1.00 hasABS=0 sy=0.00 split=1.000,0.875 ===
196.20736|I|libbeamng.print:18052| === LSTM_OBS t=1320 13.79762,13.80478,13.91683,14.02355,0.00000,0.00000,0.00000,-0.00058,0.00000,0.00000,0.00000,1.00000,0.00000,0.00000,0.00000,5967.67750,0.00000 ===
196.25673|I|libbeamng.print:18052| === LSTM_TRACE t=1330 v=13.75 ws=13.60,13.62,13.68,13.61 cmd=0.291,0.291,0.168,0.232 cap=878,865,476,617 des=878,865,416,540 app=825,818,385,500 abs=nil,nil,nil,nil ebrake=1.00 ibrake=1.00 hasABS=0 sy=0.00 split=1.000,0.875 ===
196.25677|I|libbeamng.print:18052| === LSTM_OBS t=1330 13.60048,13.61531,13.68483,13.61206,0.00000,0.00000,0.00000,-0.00090,0.00000,0.00000,0.00210,1.00000,0.00000,0.00000,0.00000,5895.80006,0.00000 ===
196.30699|I|libbeamng.print:18052| === LSTM_TRACE t=1340 v=13.61 ws=13.62,13.60,13.45,13.49 cmd=0.053,0.071,0.007,0.007 cap=147,191,19,19 des=147,191,17,17 app=138,181,16,16 abs=nil,nil,nil,nil ebrake=1.00 ibrake=1.00 hasABS=0 sy=0.00 split=1.000,0.875 ===
196.30704|I|libbeamng.print:18052| === LSTM_OBS t=1340 13.62142,13.60066,13.45479,13.49360,0.00000,0.00000,0.00000,-0.00876,0.00000,0.00000,0.00000,1.00000,0.00000,0.00000,0.00000,5805.10278,0.00000 ===
196.36178|I|libbeamng.print:18052| === LSTM_TRACE t=1350 v=13.48 ws=13.37,13.45,13.36,13.41 cmd=0.118,0.136,0.044,0.032 cap=312,366,61,45 des=312,366,54,39 app=294,347,50,36 abs=nil,nil,nil,nil ebrake=1.00 ibrake=1.00 hasABS=0 sy=0.00 split=1.000,0.875 ===
196.36185|I|libbeamng.print:18052| === LSTM_OBS t=1350 13.37320,13.45425,13.36457,13.41344,0.00000,0.00000,0.00000,-0.00033,0.00000,0.00000,0.00000,1.00000,0.00000,0.00000,0.00000,5750.74282,0.00000 ===
196.40865|I|libbeamng.print:18052| === LSTM_TRACE t=1360 v=13.28 ws=12.95,13.07,13.27,13.22 cmd=0.288,0.279,0.240,0.313 cap=1042,957,507,634 des=1042,957,443,555 app=982,907,411,514 abs=nil,nil,nil,nil ebrake=1.00 ibrake=1.00 hasABS=0 sy=0.00 split=1.000,0.875 ===
196.40870|I|libbeamng.print:18052| === LSTM_OBS t=1360 12.95392,13.06911,13.26686,13.22303,0.00000,0.00000,0.00000,-0.00331,0.00000,0.00000,0.00124,1.00000,0.00000,0.00000,0.00000,5690.34068,0.00000 ===
196.45798|I|libbeamng.print:18052| === LSTM_TRACE t=1370 v=13.11 ws=13.02,13.09,13.07,13.10 cmd=0.049,0.064,0.007,0.008 cap=174,211,19,19 des=174,211,17,17 app=164,200,16,16 abs=nil,nil,nil,nil ebrake=1.00 ibrake=1.00 hasABS=0 sy=0.00 split=1.000,0.875 ===
196.45801|I|libbeamng.print:18052| === LSTM_OBS t=1370 13.02380,13.09143,13.07308,13.09910,0.00000,0.00000,0.00000,0.00218,0.00000,0.00000,0.00000,1.00000,0.00000,0.00000,0.00000,5595.32026,0.00000 ===
196.50833|I|libbeamng.print:18052| === LSTM_TRACE t=1380 v=12.98 ws=12.82,12.87,12.94,12.98 cmd=0.105,0.125,0.041,0.030 cap=322,376,54,40 des=322,376,47,35 app=303,357,44,33 abs=nil,nil,nil,nil ebrake=1.00 ibrake=1.00 hasABS=0 sy=0.00 split=1.000,0.875 ===
196.50837|I|libbeamng.print:18052| === LSTM_OBS t=1380 12.81670,12.86989,12.93950,12.98121,0.00000,0.00000,0.00000,0.00508,0.00000,0.00000,0.00000,1.00000,0.00000,0.00000,0.00000,5541.72921,0.00000 ===
196.55800|I|libbeamng.print:18052| === LSTM_TRACE t=1390 v=12.78 ws=12.48,12.57,12.75,12.70 cmd=0.276,0.271,0.236,0.306 cap=977,908,502,626 des=977,908,439,548 app=921,862,408,509 abs=nil,nil,nil,nil ebrake=1.00 ibrake=1.00 hasABS=0 sy=0.00 split=1.000,0.875 ===
196.55804|I|libbeamng.print:18052| === LSTM_OBS t=1390 12.47683,12.57430,12.75299,12.69920,0.00000,0.00000,0.00000,-0.00458,0.00000,0.00000,0.00069,1.00000,0.00000,0.00000,0.00000,5479.91146,0.00000 ===
196.61324|I|libbeamng.print:18052| === LSTM_TRACE t=1400 v=12.62 ws=12.59,12.69,12.46,12.51 cmd=0.056,0.072,0.007,0.008 cap=181,219,19,19 des=181,219,17,17 app=171,208,16,16 abs=nil,nil,nil,nil ebrake=1.00 ibrake=1.00 hasABS=0 sy=0.00 split=1.000,0.875 ===
196.61329|I|libbeamng.print:18052| === LSTM_OBS t=1400 12.59279,12.69027,12.45589,12.50772,0.00000,0.00000,0.00000,0.00771,0.00000,0.00000,0.00049,1.00000,0.00000,0.00000,0.00000,5388.45596,0.00000 ===
196.65993|I|libbeamng.print:18052| === LSTM_TRACE t=1410 v=12.50 ws=12.47,12.49,12.44,12.47 cmd=0.130,0.148,0.041,0.030 cap=312,365,62,47 des=312,365,54,41 app=294,347,50,38 abs=nil,nil,nil,nil ebrake=1.00 ibrake=1.00 hasABS=0 sy=0.00 split=1.000,0.875 ===
196.65997|I|libbeamng.print:18052| === LSTM_OBS t=1410 12.46731,12.49147,12.43841,12.46648,0.00000,0.00000,0.00000,-0.00940,0.00000,0.00000,0.00069,1.00000,0.00000,0.00000,0.00000,5334.56761,0.00000 ===
196.70952|I|libbeamng.print:18052| === LSTM_TRACE t=1420 v=12.30 ws=12.15,12.23,12.21,12.21 cmd=0.253,0.256,0.167,0.222 cap=795,776,433,552 des=795,776,379,483 app=751,737,352,448 abs=nil,nil,nil,nil ebrake=1.00 ibrake=1.00 hasABS=0 sy=0.00 split=1.000,0.875 ===
196.70957|I|libbeamng.print:18052| === LSTM_OBS t=1420 12.14755,12.23141,12.20881,12.21394,0.00000,0.00000,0.00000,-0.00860,0.00000,0.00000,0.00124,1.00000,0.00000,0.00000,0.00000,5271.03234,0.00000 ===
196.75975|I|libbeamng.print:18052| === LSTM_TRACE t=1430 v=12.15 ws=12.07,12.09,12.14,12.15 cmd=0.054,0.073,0.008,0.008 cap=192,244,19,19 des=192,244,17,17 app=181,232,16,16 abs=nil,nil,nil,nil ebrake=1.00 ibrake=1.00 hasABS=0 sy=0.00 split=1.000,0.875 ===
196.75981|I|libbeamng.print:18052| === LSTM_OBS t=1430 12.07147,12.09453,12.13720,12.15171,0.00000,0.00000,0.00000,0.00267,0.00000,0.00000,0.00000,1.00000,0.00000,0.00000,0.00000,5187.39426,0.00000 ===
196.80939|I|libbeamng.print:18052| === LSTM_TRACE t=1440 v=12.02 ws=11.96,12.01,11.93,12.01 cmd=0.133,0.154,0.057,0.042 cap=359,418,83,61 des=359,418,73,54 app=339,397,67,50 abs=nil,nil,nil,nil ebrake=1.00 ibrake=1.00 hasABS=0 sy=0.00 split=1.000,0.875 ===
196.80952|I|libbeamng.print:18052| === LSTM_OBS t=1440 11.95897,12.01020,11.93438,12.00635,0.00000,0.00000,0.00000,0.00551,0.00000,0.00000,0.00000,1.00000,0.00000,0.00000,0.00000,5136.29066,0.00000 ===
196.85945|I|libbeamng.print:18052| === LSTM_TRACE t=1450 v=11.83 ws=11.80,11.84,11.83,11.81 cmd=0.162,0.177,0.089,0.120 cap=616,648,258,344 des=616,648,225,301 app=582,616,210,280 abs=nil,nil,nil,nil ebrake=1.00 ibrake=1.00 hasABS=0 sy=0.00 split=1.000,0.875 ===
196.85949|I|libbeamng.print:18052| === LSTM_OBS t=1450 11.80414,11.84336,11.82684,11.81382,0.00000,0.00000,0.00000,0.00039,0.00000,0.00000,0.00104,1.00000,0.00000,0.00000,0.00000,5069.94271,0.00000 ===
196.90947|I|libbeamng.print:18052| === LSTM_TRACE t=1460 v=11.70 ws=11.68,11.73,11.58,11.68 cmd=0.069,0.090,0.009,0.008 cap=211,275,19,19 des=211,275,17,17 app=199,261,16,16 abs=nil,nil,nil,nil ebrake=1.00 ibrake=1.00 hasABS=0 sy=0.00 split=1.000,0.875 ===
196.90953|I|libbeamng.print:18052| === LSTM_OBS t=1460 11.67515,11.72523,11.57740,11.67589,0.00000,0.00000,0.00000,-0.00413,0.00000,0.00000,0.00069,1.00000,0.00000,0.00000,0.00000,4995.85308,0.00000 ===
196.95913|I|libbeamng.print:18052| === LSTM_TRACE t=1470 v=11.57 ws=11.46,11.52,11.51,11.58 cmd=0.159,0.186,0.094,0.074 cap=429,504,137,105 des=429,504,120,92 app=405,479,111,85 abs=nil,nil,nil,nil ebrake=1.00 ibrake=1.00 hasABS=0 sy=0.00 split=1.000,0.875 ===
196.95917|I|libbeamng.print:18052| === LSTM_OBS t=1470 11.46308,11.52178,11.51450,11.57540,0.00000,0.00000,0.00000,-0.00663,0.00000,0.00000,0.00000,1.00000,0.00000,0.00000,0.00000,4945.08779,0.00000 ===
197.00959|I|libbeamng.print:18052| === LSTM_TRACE t=1480 v=11.38 ws=11.45,11.51,11.32,11.31 cmd=0.115,0.113,0.026,0.035 cap=399,410,83,112 des=399,410,73,98 app=377,389,68,91 abs=nil,nil,nil,nil ebrake=1.00 ibrake=1.00 hasABS=0 sy=0.00 split=1.000,0.875 ===
197.00965|I|libbeamng.print:18052| === LSTM_OBS t=1480 11.45452,11.51106,11.32091,11.31352,0.00000,0.00000,0.00000,0.00142,0.00000,0.00000,0.00000,1.00000,0.00000,0.00000,0.00000,4872.81438,0.00000 ===
197.05964|I|libbeamng.print:18052| === LSTM_TRACE t=1490 v=11.27 ws=11.21,11.27,11.19,11.20 cmd=0.083,0.100,0.013,0.011 cap=253,312,20,19 des=253,312,18,17 app=239,297,17,16 abs=nil,nil,nil,nil ebrake=1.00 ibrake=1.00 hasABS=0 sy=0.00 split=1.000,0.875 ===
197.05968|I|libbeamng.print:18052| === LSTM_OBS t=1490 11.21302,11.26819,11.19268,11.19664,0.00000,0.00000,0.00000,-0.00357,0.00000,0.00000,0.00000,1.00000,0.00000,0.00000,0.00000,4808.01111,0.00000 ===
197.10972|I|libbeamng.print:18052| === LSTM_TRACE t=1500 v=11.13 ws=11.04,11.02,11.04,11.08 cmd=0.184,0.205,0.144,0.141 cap=510,594,242,215 des=510,594,212,188 app=481,564,197,175 abs=nil,nil,nil,nil ebrake=1.00 ibrake=1.00 hasABS=0 sy=0.00 split=1.000,0.875 ===
197.10977|I|libbeamng.print:18052| === LSTM_OBS t=1500 11.03827,11.01795,11.03929,11.07578,0.00000,0.00000,0.00000,-0.00372,0.00000,0.00000,0.00000,1.00000,0.00000,0.00000,0.00000,4756.36529,0.00000 ===
197.15930|I|libbeamng.print:18052| === LSTM_TRACE t=1510 v=10.96 ws=10.94,11.05,10.84,10.96 cmd=0.079,0.089,0.010,0.013 cap=260,280,23,32 des=260,280,21,28 app=246,266,19,26 abs=nil,nil,nil,nil ebrake=1.00 ibrake=1.00 hasABS=0 sy=0.00 split=1.000,0.875 ===
197.15937|I|libbeamng.print:18052| === LSTM_OBS t=1510 10.93618,11.04922,10.83926,10.96166,0.00000,0.00000,0.00000,-0.00342,0.00000,0.00000,0.00000,1.00000,0.00000,0.00000,0.00000,4684.13074,0.00000 ===
197.20934|I|libbeamng.print:18052| === LSTM_TRACE t=1520 v=10.85 ws=10.78,10.80,10.75,10.77 cmd=0.103,0.120,0.027,0.021 cap=313,364,41,33 des=313,364,36,29 app=296,346,33,27 abs=nil,nil,nil,nil ebrake=1.00 ibrake=1.00 hasABS=0 sy=0.00 split=1.000,0.875 ===
197.20939|I|libbeamng.print:18052| === LSTM_OBS t=1520 10.77887,10.79965,10.75135,10.76519,0.00000,0.00000,0.00000,-0.00501,0.00000,0.00000,0.00049,1.00000,0.00000,0.00000,0.00000,4628.70870,0.00000 ===
197.25952|I|libbeamng.print:18052| === LSTM_TRACE t=1530 v=10.68 ws=10.60,10.69,10.62,10.66 cmd=0.140,0.149,0.097,0.128 cap=473,508,227,282 des=473,508,199,247 app=447,483,185,229 abs=nil,nil,nil,nil ebrake=1.00 ibrake=1.00 hasABS=0 sy=0.00 split=1.000,0.875 ===
197.25962|I|libbeamng.print:18052| === LSTM_OBS t=1530 10.60212,10.68888,10.61955,10.65633,0.00000,0.00000,0.00000,0.00029,0.00000,0.00000,0.00000,1.00000,0.00000,0.00000,0.00000,4573.10935,0.00000 ===
197.30988|I|libbeamng.print:18052| === LSTM_TRACE t=1540 v=10.56 ws=10.53,10.55,10.44,10.56 cmd=0.075,0.095,0.010,0.010 cap=228,285,19,21 des=228,285,17,18 app=216,271,16,17 abs=nil,nil,nil,nil ebrake=1.00 ibrake=1.00 hasABS=0 sy=0.00 split=1.000,0.875 ===
197.30992|I|libbeamng.print:18052| === LSTM_OBS t=1540 10.52820,10.54821,10.43699,10.56233,0.00000,0.00000,0.00000,-0.00226,0.00000,0.00000,0.00000,1.00000,0.00000,0.00000,0.00000,4506.75180,0.00000 ===
197.36015|I|libbeamng.print:18052| === LSTM_TRACE t=1550 v=10.43 ws=10.37,10.37,10.31,10.43 cmd=0.121,0.146,0.048,0.040 cap=344,412,80,65 des=344,412,70,57 app=325,392,65,53 abs=nil,nil,nil,nil ebrake=1.00 ibrake=1.00 hasABS=0 sy=0.00 split=1.000,0.875 ===
197.36019|I|libbeamng.print:18052| === LSTM_OBS t=1550 10.36541,10.36675,10.31063,10.42942,0.00000,0.00000,0.00000,-0.00674,0.00000,0.00000,0.00000,1.00000,0.00000,0.00000,0.00000,4455.53299,0.00000 ===
197.40927|I|libbeamng.print:18052| === LSTM_TRACE t=1560 v=10.28 ws=10.26,10.30,10.20,10.30 cmd=0.101,0.104,0.022,0.031 cap=338,346,57,81 des=338,346,50,70 app=320,329,46,65 abs=nil,nil,nil,nil ebrake=1.00 ibrake=1.00 hasABS=0 sy=0.00 split=1.000,0.875 ===
197.40931|I|libbeamng.print:18052| === LSTM_OBS t=1560 10.25883,10.30000,10.19869,10.30091,0.00000,0.00000,0.00000,-0.00480,0.00000,0.00000,0.00000,1.00000,0.00000,0.00000,0.00000,4396.07408,0.00000 ===
197.45992|I|libbeamng.print:18052| === LSTM_TRACE t=1570 v=10.16 ws=10.12,10.17,10.15,10.15 cmd=0.086,0.104,0.016,0.014 cap=257,314,27,26 des=257,314,23,22 app=243,299,22,21 abs=nil,nil,nil,nil ebrake=1.00 ibrake=1.00 hasABS=0 sy=0.00 split=1.000,0.875 ===
197.45996|I|libbeamng.print:18052| === LSTM_OBS t=1570 10.12196,10.16591,10.14672,10.15085,0.00000,0.00000,0.00000,0.00038,0.00000,0.00000,0.00000,1.00000,0.00000,0.00000,0.00000,4338.62249,0.00000 ===
197.50918|I|libbeamng.print:18052| === LSTM_TRACE t=1580 v=10.03 ws=9.92,9.96,9.99,9.99 cmd=0.119,0.144,0.047,0.049 cap=406,483,86,83 des=406,483,75,73 app=383,459,70,67 abs=nil,nil,nil,nil ebrake=1.00 ibrake=1.00 hasABS=0 sy=0.00 split=1.000,0.875 ===
197.50923|I|libbeamng.print:18052| === LSTM_OBS t=1580 9.91698,9.96487,9.98706,9.98640,0.00000,0.00000,0.00000,-0.00395,0.00000,0.00000,0.00069,1.00000,0.00000,0.00000,0.00000,4286.99528,0.00000 ===
197.56010|I|libbeamng.print:18052| === LSTM_TRACE t=1590 v=9.89 ws=9.90,9.90,9.89,9.91 cmd=0.086,0.098,0.014,0.018 cap=291,319,29,39 des=291,319,26,34 app=274,303,24,31 abs=nil,nil,nil,nil ebrake=1.00 ibrake=1.00 hasABS=0 sy=0.00 split=1.000,0.875 ===
197.56014|I|libbeamng.print:18052| === LSTM_OBS t=1590 9.89644,9.90022,9.89081,9.91406,0.00000,0.00000,0.00000,0.00355,0.00000,0.00000,0.00000,1.00000,0.00000,0.00000,0.00000,4229.26429,0.00000 ===
197.60923|I|libbeamng.print:18052| === LSTM_TRACE t=1600 v=9.77 ws=9.76,9.79,9.67,9.72 cmd=0.106,0.123,0.021,0.020 cap=286,338,40,38 des=286,338,35,33 app=270,321,32,31 abs=nil,nil,nil,nil ebrake=1.00 ibrake=1.00 hasABS=0 sy=0.00 split=1.000,0.875 ===
197.60927|I|libbeamng.print:18052| === LSTM_OBS t=1600 9.76284,9.78642,9.66586,9.71644,0.00000,0.00000,0.00000,-0.00348,0.00000,0.00000,0.00000,1.00000,0.00000,0.00000,0.00000,4175.28897,0.00000 ===
197.66201|I|libbeamng.print:18052| === LSTM_TRACE t=1610 v=9.64 ws=9.61,9.63,9.52,9.62 cmd=0.103,0.122,0.028,0.032 cap=322,382,57,64 des=322,382,50,56 app=304,363,46,52 abs=nil,nil,nil,nil ebrake=1.00 ibrake=1.00 hasABS=0 sy=0.00 split=1.000,0.875 ===
197.66207|I|libbeamng.print:18052| === LSTM_OBS t=1610 9.60625,9.63469,9.51558,9.62265,0.00000,0.00000,0.00000,0.00080,0.00000,0.00000,0.00000,1.00000,0.00000,0.00000,0.00000,4121.59736,0.00000 ===
197.71215|I|libbeamng.print:18052| === LSTM_TRACE t=1620 v=9.51 ws=9.48,9.53,9.48,9.51 cmd=0.094,0.107,0.017,0.020 cap=303,343,33,39 des=303,343,29,34 app=286,325,27,31 abs=nil,nil,nil,nil ebrake=1.00 ibrake=1.00 hasABS=0 sy=0.00 split=1.000,0.875 ===
197.71222|I|libbeamng.print:18052| === LSTM_OBS t=1620 9.47626,9.52612,9.47754,9.51057,0.00000,0.00000,0.00000,-0.00051,0.00000,0.00000,0.00049,1.00000,0.00000,0.00000,0.00000,4066.09556,0.00000 ===
197.76209|I|libbeamng.print:18052| === LSTM_TRACE t=1630 v=9.39 ws=9.34,9.40,9.28,9.32 cmd=0.100,0.116,0.022,0.022 cap=289,339,42,44 des=289,339,37,38 app=273,322,34,35 abs=nil,nil,nil,nil ebrake=1.00 ibrake=1.00 hasABS=0 sy=0.00 split=1.000,0.875 ===
197.76221|I|libbeamng.print:18052| === LSTM_OBS t=1630 9.33917,9.39699,9.28223,9.32077,0.00000,0.00000,0.00000,-0.00289,0.00000,0.00000,0.00000,1.00000,0.00000,0.00000,0.00000,4012.21831,0.00000 ===
197.81304|I|libbeamng.print:18052| === LSTM_TRACE t=1640 v=9.26 ws=9.24,9.26,9.25,9.26 cmd=0.093,0.109,0.023,0.026 cap=294,344,45,51 des=294,344,39,44 app=277,327,37,41 abs=nil,nil,nil,nil ebrake=1.00 ibrake=1.00 hasABS=0 sy=0.00 split=1.000,0.875 ===
197.81307|I|libbeamng.print:18052| === LSTM_OBS t=1640 9.23797,9.25765,9.25357,9.26353,0.00000,0.00000,0.00000,-0.00201,0.00000,0.00000,0.00000,1.00000,0.00000,0.00000,0.00000,3958.10942,0.00000 ===
197.86426|I|libbeamng.print:18052| === LSTM_TRACE t=1650 v=9.14 ws=9.12,9.14,9.11,9.10 cmd=0.097,0.112,0.020,0.022 cap=314,358,38,43 des=314,358,33,38 app=297,340,31,35 abs=nil,nil,nil,nil ebrake=1.00 ibrake=1.00 hasABS=0 sy=0.00 split=1.000,0.875 ===
197.86430|I|libbeamng.print:18052| === LSTM_OBS t=1650 9.11951,9.14444,9.10655,9.09562,0.00000,0.00000,0.00000,0.00105,0.00000,0.00000,0.00049,1.00000,0.00000,0.00000,0.00000,3904.14277,0.00000 ===
197.91351|I|libbeamng.print:18052| === LSTM_TRACE t=1660 v=9.01 ws=9.00,9.01,9.00,9.01 cmd=0.091,0.106,0.022,0.024 cap=284,332,42,46 des=284,332,36,40 app=268,316,34,37 abs=nil,nil,nil,nil ebrake=1.00 ibrake=1.00 hasABS=0 sy=0.00 split=1.000,0.875 ===
197.91354|I|libbeamng.print:18052| === LSTM_OBS t=1660 8.99757,9.01201,8.99694,9.01339,0.00000,0.00000,0.00000,0.00215,0.00000,0.00000,0.00049,1.00000,0.00000,0.00000,0.00000,3850.36093,0.00000 ===
197.96383|I|libbeamng.print:18052| === LSTM_TRACE t=1670 v=8.89 ws=8.87,8.90,8.79,8.83 cmd=0.102,0.117,0.021,0.024 cap=302,351,43,48 des=302,351,37,42 app=285,333,35,39 abs=nil,nil,nil,nil ebrake=1.00 ibrake=1.00 hasABS=0 sy=0.00 split=1.000,0.875 ===
197.96386|I|libbeamng.print:18052| === LSTM_OBS t=1670 8.86605,8.90231,8.78643,8.83298,0.00000,0.00000,0.00000,0.00006,0.00000,0.00000,0.00000,1.00000,0.00000,0.00000,0.00000,3797.76929,0.00000 ===
198.01434|I|libbeamng.print:18052| === LSTM_TRACE t=1680 v=8.76 ws=8.72,8.76,8.76,8.82 cmd=0.091,0.106,0.022,0.024 cap=307,353,40,46 des=307,353,35,40 app=289,336,33,37 abs=nil,nil,nil,nil ebrake=1.00 ibrake=1.00 hasABS=0 sy=0.00 split=1.000,0.875 ===
198.01438|I|libbeamng.print:18052| === LSTM_OBS t=1680 8.71917,8.75533,8.76281,8.82483,0.00000,0.00000,0.00000,-0.00542,0.00000,0.00000,0.00049,1.00000,0.00000,0.00000,0.00000,3744.16105,0.00000 ===
198.06432|I|libbeamng.print:18052| === LSTM_TRACE t=1690 v=8.63 ws=8.65,8.65,8.47,8.57 cmd=0.099,0.115,0.021,0.023 cap=275,324,43,48 des=275,324,37,42 app=259,307,35,39 abs=nil,nil,nil,nil ebrake=1.00 ibrake=1.00 hasABS=0 sy=0.00 split=1.000,0.875 ===
198.06436|I|libbeamng.print:18052| === LSTM_OBS t=1690 8.65273,8.64540,8.46516,8.57485,0.00000,0.00000,0.00000,0.00283,0.00000,0.00000,0.00000,1.00000,0.00000,0.00000,0.00000,3691.01463,0.00000 ===
198.11438|I|libbeamng.print:18052| === LSTM_TRACE t=1700 v=8.52 ws=8.50,8.52,8.44,8.47 cmd=0.100,0.116,0.021,0.024 cap=300,350,42,47 des=300,350,37,41 app=283,332,34,38 abs=nil,nil,nil,nil ebrake=1.00 ibrake=1.00 hasABS=0 sy=0.00 split=1.000,0.875 ===
198.11442|I|libbeamng.print:18052| === LSTM_OBS t=1700 8.49678,8.51732,8.44391,8.47310,0.00000,0.00000,0.00000,-0.00715,0.00000,0.00000,0.00000,1.00000,0.00000,0.00000,0.00000,3637.95835,0.00000 ===
198.16434|I|libbeamng.print:18052| === LSTM_TRACE t=1710 v=8.39 ws=8.33,8.37,8.52,8.50 cmd=0.083,0.100,0.023,0.026 cap=308,358,41,47 des=308,358,36,41 app=290,340,34,38 abs=nil,nil,nil,nil ebrake=1.00 ibrake=1.00 hasABS=0 sy=0.00 split=1.000,0.875 ===
198.16441|I|libbeamng.print:18052| === LSTM_OBS t=1710 8.32911,8.36981,8.51603,8.49946,0.00000,0.00000,0.00000,-0.00113,0.00000,0.00000,0.00049,1.00000,0.00000,0.00000,0.00000,3584.83558,0.00000 ===
198.21426|I|libbeamng.print:18052| === LSTM_TRACE t=1720 v=8.26 ws=8.22,8.27,8.22,8.26 cmd=0.090,0.106,0.023,0.026 cap=287,339,43,49 des=287,339,38,43 app=270,322,35,40 abs=nil,nil,nil,nil ebrake=1.00 ibrake=1.00 hasABS=0 sy=0.00 split=1.000,0.875 ===
198.21430|I|libbeamng.print:18052| === LSTM_OBS t=1720 8.21936,8.26945,8.22218,8.26466,0.00000,0.00000,0.00000,0.00127,0.00000,0.00000,0.00000,1.00000,0.00000,0.00000,0.00000,3532.39521,0.00000 ===
198.26207|I|libbeamng.print:18052| === LSTM_TRACE t=1730 v=8.14 ws=8.16,8.15,8.04,8.07 cmd=0.098,0.115,0.022,0.025 cap=274,327,45,51 des=274,327,39,45 app=259,311,37,42 abs=nil,nil,nil,nil ebrake=1.00 ibrake=1.00 hasABS=0 sy=0.00 split=1.000,0.875 ===
198.26212|I|libbeamng.print:18052| === LSTM_OBS t=1730 8.16167,8.15100,8.04356,8.07069,0.00000,0.00000,0.00000,0.00084,0.00000,0.00000,0.00000,1.00000,0.00000,0.00000,0.00000,3484.74770,0.00000 ===
198.31088|I|libbeamng.print:18052| === LSTM_TRACE t=1740 v=8.01 ws=8.03,8.03,7.90,8.00 cmd=0.097,0.114,0.022,0.025 cap=274,328,45,51 des=274,328,40,45 app=258,311,37,42 abs=nil,nil,nil,nil ebrake=1.00 ibrake=1.00 hasABS=0 sy=0.00 split=1.000,0.875 ===
198.31092|I|libbeamng.print:18052| === LSTM_OBS t=1740 8.02603,8.03381,7.90275,7.99536,0.00000,0.00000,0.00000,0.00023,0.00000,0.00000,0.00000,1.00000,0.00000,0.00000,0.00000,3432.54550,0.00000 ===
198.36176|I|libbeamng.print:18052| === LSTM_TRACE t=1750 v=7.90 ws=7.87,7.94,7.81,7.92 cmd=0.097,0.115,0.023,0.026 cap=298,353,44,51 des=298,353,39,44 app=281,335,36,41 abs=nil,nil,nil,nil ebrake=1.00 ibrake=1.00 hasABS=0 sy=0.00 split=1.000,0.875 ===
198.36180|I|libbeamng.print:18052| === LSTM_OBS t=1750 7.86556,7.93835,7.80915,7.92021,0.00000,0.00000,0.00000,-0.00402,0.00000,0.00000,0.00000,1.00000,0.00000,0.00000,0.00000,3380.35686,0.00000 ===
198.41175|I|libbeamng.print:18052| === LSTM_TRACE t=1760 v=7.77 ws=7.74,7.82,7.68,7.79 cmd=0.098,0.116,0.023,0.026 cap=288,345,45,51 des=288,345,39,45 app=272,327,36,42 abs=nil,nil,nil,nil ebrake=1.00 ibrake=1.00 hasABS=0 sy=0.00 split=1.000,0.875 ===
198.41179|I|libbeamng.print:18052| === LSTM_OBS t=1760 7.74028,7.81812,7.67912,7.79319,0.00000,0.00000,0.00000,-0.01058,0.00000,0.00000,0.00000,1.00000,0.00000,0.00000,0.00000,3327.88650,0.00000 ===
198.46168|I|libbeamng.print:18052| === LSTM_TRACE t=1770 v=7.65 ws=7.63,7.69,7.56,7.65 cmd=0.096,0.115,0.023,0.026 cap=277,335,46,53 des=277,335,40,46 app=261,318,37,43 abs=nil,nil,nil,nil ebrake=1.00 ibrake=1.00 hasABS=0 sy=0.00 split=1.000,0.875 ===
198.46172|I|libbeamng.print:18052| === LSTM_OBS t=1770 7.62683,7.68516,7.55625,7.65498,0.00000,0.00000,0.00000,-0.00831,0.00000,0.00000,0.00000,1.00000,0.00000,0.00000,0.00000,3275.00074,0.00000 ===
198.51197|I|libbeamng.print:18052| === LSTM_TRACE t=1780 v=7.52 ws=7.53,7.54,7.49,7.52 cmd=0.093,0.113,0.024,0.027 cap=265,325,47,54 des=265,325,41,47 app=249,308,38,44 abs=nil,nil,nil,nil ebrake=1.00 ibrake=1.00 hasABS=0 sy=0.00 split=1.000,0.875 ===
198.51203|I|libbeamng.print:18052| === LSTM_OBS t=1780 7.52851,7.54074,7.48667,7.52318,0.00000,0.00000,0.00000,-0.00969,0.00000,0.00000,0.00000,1.00000,0.00000,0.00000,0.00000,3221.77950,0.00000 ===
198.56130|I|libbeamng.print:18052| === LSTM_TRACE t=1790 v=7.40 ws=7.43,7.41,7.41,7.41 cmd=0.091,0.111,0.024,0.027 cap=268,331,47,54 des=268,331,41,47 app=253,314,38,44 abs=nil,nil,nil,nil ebrake=1.00 ibrake=1.00 hasABS=0 sy=0.00 split=1.000,0.875 ===
198.56134|I|libbeamng.print:18052| === LSTM_OBS t=1790 7.42992,7.40867,7.40615,7.40789,0.00000,0.00000,0.00000,-0.00344,0.00000,0.00000,0.00000,1.00000,0.00000,0.00000,0.00000,3168.65601,0.00000 ===
198.61366|I|libbeamng.print:18052| === LSTM_TRACE t=1800 v=7.27 ws=7.25,7.29,7.36,7.39 cmd=0.082,0.103,0.025,0.029 cap=294,359,46,53 des=294,359,40,46 app=277,340,37,43 abs=nil,nil,nil,nil ebrake=1.00 ibrake=1.00 hasABS=0 sy=0.00 split=1.000,0.875 ===
198.61373|I|libbeamng.print:18052| === LSTM_OBS t=1800 7.24607,7.28592,7.36194,7.39206,0.00000,0.00000,0.00000,0.00338,0.00000,0.00000,0.00049,1.00000,0.00000,0.00000,0.00000,3115.36178,0.00000 ===
198.66122|I|libbeamng.print:18052| === LSTM_TRACE t=1810 v=7.15 ws=7.10,7.11,7.19,7.17 cmd=0.089,0.110,0.025,0.028 cap=325,390,45,52 des=325,390,39,45 app=306,370,36,42 abs=nil,nil,nil,nil ebrake=1.00 ibrake=1.00 hasABS=0 sy=0.00 split=1.000,0.875 ===
198.66125|I|libbeamng.print:18052| === LSTM_OBS t=1810 7.10493,7.10954,7.18631,7.16793,0.00000,0.00000,0.00000,-0.00014,0.00000,0.00000,0.00069,1.00000,0.00000,0.00000,0.00000,3061.79531,0.00000 ===
198.71536|I|libbeamng.print:18052| === LSTM_TRACE t=1820 v=7.04 ws=7.00,7.05,6.88,6.96 cmd=0.103,0.125,0.023,0.027 cap=300,367,47,54 des=300,367,41,47 app=283,349,38,44 abs=nil,nil,nil,nil ebrake=1.00 ibrake=1.00 hasABS=0 sy=0.00 split=1.000,0.875 ===
198.71544|I|libbeamng.print:18052| === LSTM_OBS t=1820 6.99965,7.04752,6.87939,6.96351,0.00000,0.00000,0.00000,-0.00166,0.00000,0.00000,0.00000,1.00000,0.00000,0.00000,0.00000,3008.50640,0.00000 ===
198.76150|I|libbeamng.print:18052| === LSTM_TRACE t=1830 v=6.91 ws=6.93,6.97,6.89,6.88 cmd=0.096,0.119,0.025,0.028 cap=263,334,50,58 des=263,334,44,51 app=248,317,41,47 abs=nil,nil,nil,nil ebrake=1.00 ibrake=1.00 hasABS=0 sy=0.00 split=1.000,0.875 ===
198.76156|I|libbeamng.print:18052| === LSTM_OBS t=1830 6.92531,6.96567,6.88632,6.88156,0.00000,0.00000,0.00000,-0.00200,0.00000,0.00000,0.00000,1.00000,0.00000,0.00000,0.00000,2955.02935,0.00000 ===
198.81142|I|libbeamng.print:18052| === LSTM_TRACE t=1840 v=6.78 ws=6.74,6.74,6.86,6.81 cmd=0.086,0.110,0.026,0.030 cap=308,383,48,55 des=308,383,42,48 app=290,363,39,45 abs=nil,nil,nil,nil ebrake=1.00 ibrake=1.00 hasABS=0 sy=0.00 split=1.000,0.875 ===
198.81152|I|libbeamng.print:18052| === LSTM_OBS t=1840 6.74488,6.73942,6.85929,6.81392,0.00000,0.00000,0.00000,-0.00048,0.00000,0.00000,0.00069,1.00000,0.00000,0.00000,0.00000,2902.33783,0.00000 ===
198.86116|I|libbeamng.print:18052| === LSTM_TRACE t=1850 v=6.67 ws=6.65,6.71,6.54,6.62 cmd=0.104,0.129,0.024,0.028 cap=300,376,49,57 des=300,376,43,50 app=282,357,40,46 abs=nil,nil,nil,nil ebrake=1.00 ibrake=1.00 hasABS=0 sy=0.00 split=1.000,0.875 ===
198.86120|I|libbeamng.print:18052| === LSTM_OBS t=1850 6.65058,6.70633,6.53796,6.62043,0.00000,0.00000,0.00000,-0.00111,0.00000,0.00000,0.00049,1.00000,0.00000,0.00000,0.00000,2848.85112,0.00000 ===
198.91072|I|libbeamng.print:18052| === LSTM_TRACE t=1860 v=6.54 ws=6.53,6.49,6.62,6.59 cmd=0.089,0.115,0.027,0.031 cap=299,380,50,58 des=299,380,43,50 app=282,361,40,47 abs=nil,nil,nil,nil ebrake=1.00 ibrake=1.00 hasABS=0 sy=0.00 split=1.000,0.875 ===
198.91076|I|libbeamng.print:18052| === LSTM_OBS t=1860 6.53370,6.49410,6.62198,6.58985,0.00000,0.00000,0.00000,-0.00166,0.00000,0.00000,0.00069,1.00000,0.00000,0.00000,0.00000,2795.54267,0.00000 ===
198.96123|I|libbeamng.print:18052| === LSTM_TRACE t=1870 v=6.42 ws=6.40,6.43,6.30,6.37 cmd=0.104,0.132,0.025,0.029 cap=310,393,50,58 des=310,393,44,51 app=292,373,41,47 abs=nil,nil,nil,nil ebrake=1.00 ibrake=1.00 hasABS=0 sy=0.00 split=1.000,0.875 ===
198.96127|I|libbeamng.print:18052| === LSTM_OBS t=1870 6.39868,6.42984,6.29870,6.36656,0.00000,0.00000,0.00000,-0.00135,0.00000,0.00000,0.00000,1.00000,0.00000,0.00000,0.00000,2741.75744,0.00000 ===
199.01080|I|libbeamng.print:18052| === LSTM_TRACE t=1880 v=6.29 ws=6.30,6.23,6.36,6.30 cmd=0.094,0.122,0.027,0.031 cap=308,396,51,59 des=308,396,45,52 app=290,376,41,48 abs=nil,nil,nil,nil ebrake=1.00 ibrake=1.00 hasABS=0 sy=0.00 split=1.000,0.875 ===
199.01084|I|libbeamng.print:18052| === LSTM_OBS t=1880 6.30362,6.23055,6.36266,6.30411,0.00000,0.00000,0.00000,-0.00062,0.00000,0.00000,0.00069,1.00000,0.00000,0.00000,0.00000,2688.16785,0.00000 ===
199.06120|I|libbeamng.print:18052| === LSTM_TRACE t=1890 v=6.16 ws=6.16,6.18,6.09,6.13 cmd=0.107,0.137,0.027,0.031 cap=311,405,53,61 des=311,405,47,54 app=293,384,43,50 abs=nil,nil,nil,nil ebrake=1.00 ibrake=1.00 hasABS=0 sy=0.00 split=1.000,0.875 ===
199.06128|I|libbeamng.print:18052| === LSTM_OBS t=1890 6.15653,6.17723,6.09020,6.12875,0.00000,0.00000,0.00000,-0.00349,0.00000,0.00000,0.00049,1.00000,0.00000,0.00000,0.00000,2634.07272,0.00000 ===
199.11062|I|libbeamng.print:18052| === LSTM_TRACE t=1900 v=6.03 ws=5.96,6.00,6.00,5.99 cmd=0.096,0.128,0.028,0.033 cap=329,429,53,61 des=329,429,46,53 app=309,407,43,50 abs=nil,nil,nil,nil ebrake=1.00 ibrake=1.00 hasABS=0 sy=0.00 split=1.000,0.875 ===
199.11068|I|libbeamng.print:18052| === LSTM_OBS t=1900 5.95919,5.99679,5.99838,5.98926,0.00000,0.00000,0.00000,0.00212,0.00000,0.00000,0.00069,1.00000,0.00000,0.00000,0.00000,2580.40691,0.00000 ===
199.16109|I|libbeamng.print:18052| === LSTM_TRACE t=1910 v=5.91 ws=5.94,5.85,6.00,5.92 cmd=0.101,0.136,0.029,0.033 cap=319,425,55,64 des=319,425,48,56 app=300,403,45,52 abs=nil,nil,nil,nil ebrake=1.00 ibrake=1.00 hasABS=0 sy=0.00 split=1.000,0.875 ===
199.16113|I|libbeamng.print:18052| === LSTM_OBS t=1910 5.93883,5.85056,5.99788,5.92235,0.00000,0.00000,0.00000,-0.00039,0.00000,0.00000,0.00085,1.00000,0.00000,0.00000,0.00000,2525.38683,0.00000 ===
199.21059|I|libbeamng.print:18052| === LSTM_TRACE t=1920 v=5.78 ws=5.78,5.81,5.76,5.82 cmd=0.112,0.149,0.029,0.033 cap=336,450,57,65 des=336,450,50,57 app=317,427,46,53 abs=nil,nil,nil,nil ebrake=1.00 ibrake=1.00 hasABS=0 sy=0.00 split=1.000,0.875 ===
199.21063|I|libbeamng.print:18052| === LSTM_OBS t=1920 5.78391,5.81352,5.76187,5.81551,0.00000,0.00000,0.00000,-0.00010,0.00000,0.00000,0.00049,1.00000,0.00000,0.00000,0.00000,2469.50423,0.00000 ===
199.26106|I|libbeamng.print:18052| === LSTM_TRACE t=1930 v=5.65 ws=5.59,5.60,5.56,5.61 cmd=0.113,0.153,0.030,0.035 cap=360,483,58,67 des=360,483,51,59 app=339,458,47,54 abs=nil,nil,nil,nil ebrake=1.00 ibrake=1.00 hasABS=0 sy=0.00 split=1.000,0.875 ===
199.26110|I|libbeamng.print:18052| === LSTM_OBS t=1930 5.59132,5.59750,5.56010,5.61351,0.00000,0.00000,0.00000,-0.00227,0.00000,0.00000,0.00000,1.00000,0.00000,0.00000,0.00000,2413.00025,0.00000 ===
199.31083|I|libbeamng.print:18052| === LSTM_TRACE t=1940 v=5.51 ws=5.36,5.46,5.38,5.47 cmd=0.114,0.157,0.032,0.037 cap=393,529,60,68 des=393,529,52,60 app=370,502,48,55 abs=nil,nil,nil,nil ebrake=1.00 ibrake=1.00 hasABS=0 sy=0.00 split=1.000,0.875 ===
199.31087|I|libbeamng.print:18052| === LSTM_OBS t=1940 5.35886,5.46010,5.37885,5.46982,0.00000,0.00000,0.00000,-0.00103,0.00000,0.00000,0.00091,1.00000,0.00000,0.00000,0.00000,2355.40027,0.00000 ===
199.36105|I|libbeamng.print:18052| === LSTM_TRACE t=1950 v=5.37 ws=5.30,5.28,5.34,5.33 cmd=0.123,0.171,0.035,0.040 cap=382,532,67,75 des=382,532,59,66 app=360,505,55,61 abs=nil,nil,nil,nil ebrake=1.00 ibrake=1.00 hasABS=0 sy=0.00 split=1.000,0.875 ===
199.36108|I|libbeamng.print:18052| === LSTM_OBS t=1950 5.29677,5.27732,5.34408,5.33247,0.00000,0.00000,0.00000,0.00010,0.00000,0.00000,0.00176,1.00000,0.00000,0.00000,0.00000,2296.19742,0.00000 ===
199.41090|I|libbeamng.print:18052| === LSTM_TRACE t=1960 v=5.23 ws=5.19,5.10,5.24,5.17 cmd=0.145,0.200,0.038,0.042 cap=441,609,73,80 des=441,609,64,70 app=415,578,59,65 abs=nil,nil,nil,nil ebrake=1.00 ibrake=1.00 hasABS=0 sy=0.00 split=1.000,0.875 ===
199.41094|I|libbeamng.print:18052| === LSTM_OBS t=1960 5.19327,5.10330,5.23949,5.17374,0.00000,0.00000,0.00000,-0.00822,0.00000,0.00000,0.00204,1.00000,0.00000,0.00000,0.00000,2234.73552,0.00000 ===
199.46118|I|libbeamng.print:18052| === LSTM_TRACE t=1970 v=5.07 ws=5.03,4.90,5.09,5.04 cmd=0.160,0.220,0.044,0.048 cap=501,686,82,89 des=501,686,71,78 app=472,651,66,72 abs=nil,nil,nil,nil ebrake=1.00 ibrake=1.00 hasABS=0 sy=0.00 split=1.000,0.875 ===
199.46122|I|libbeamng.print:18052| === LSTM_OBS t=1970 5.02676,4.89806,5.09163,5.03969,0.00000,0.00000,0.00000,-0.00740,0.00000,0.00000,0.00234,1.00000,0.00000,0.00000,0.00000,2170.16932,0.00000 ===
199.51160|I|libbeamng.print:18052| === LSTM_TRACE t=1980 v=4.90 ws=4.82,4.69,4.89,4.91 cmd=0.181,0.248,0.052,0.056 cap=593,802,96,103 des=593,802,84,90 app=559,762,78,84 abs=nil,nil,nil,nil ebrake=1.00 ibrake=1.00 hasABS=0 sy=0.00 split=1.000,0.875 ===
199.51172|I|libbeamng.print:18052| === LSTM_OBS t=1980 4.81897,4.69266,4.89019,4.91265,0.00000,0.00000,0.00000,-0.00456,0.00000,0.00000,0.00278,1.00000,0.00000,0.00000,0.00000,2100.91553,0.00000 ===
199.56114|I|libbeamng.print:18052| === LSTM_TRACE t=1990 v=4.73 ws=4.63,4.60,4.68,4.68 cmd=0.229,0.300,0.056,0.061 cap=708,928,108,116 des=708,928,95,102 app=667,881,88,94 abs=nil,nil,nil,nil ebrake=1.00 ibrake=1.00 hasABS=0 sy=0.00 split=1.000,0.875 ===
199.56118|I|libbeamng.print:18052| === LSTM_OBS t=1990 4.62671,4.59553,4.67799,4.68321,0.00000,0.00000,0.00000,-0.00055,0.00000,0.00000,0.00226,1.00000,0.00000,0.00000,0.00000,2026.90350,0.00000 ===
199.61079|I|libbeamng.print:18052| === LSTM_TRACE t=2000 v=4.52 ws=4.18,4.60,4.42,4.50 cmd=0.228,0.306,0.064,0.069 cap=851,1078,116,126 des=851,1078,102,110 app=803,1024,94,102 abs=nil,nil,nil,nil ebrake=1.00 ibrake=1.00 hasABS=0 sy=0.00 split=1.000,0.875 ===
199.61085|I|libbeamng.print:18052| === LSTM_OBS t=2000 4.17704,4.60199,4.42483,4.49542,0.00000,0.00000,0.00000,-0.00076,0.00000,0.00000,0.00104,1.00000,0.00000,0.00000,0.00000,1946.78720,0.00000 ===
199.66109|I|libbeamng.print:18052| === LSTM_TRACE t=2010 v=4.33 ws=4.24,4.24,4.30,4.34 cmd=0.253,0.330,0.071,0.077 cap=799,1036,136,148 des=799,1036,119,130 app=754,984,110,120 abs=nil,nil,nil,nil ebrake=1.00 ibrake=1.00 hasABS=0 sy=0.00 split=1.000,0.875 ===
199.66115|I|libbeamng.print:18052| === LSTM_OBS t=2010 4.24027,4.23750,4.29983,4.33976,0.00000,0.00000,0.00000,-0.00327,0.00000,0.00000,0.00283,1.00000,0.00000,0.00000,0.00000,1861.48098,0.00000 ===
199.71066|I|libbeamng.print:18052| === LSTM_TRACE t=2020 v=4.12 ws=4.37,3.99,4.10,4.08 cmd=0.342,0.409,0.068,0.073 cap=687,937,154,164 des=687,937,134,144 app=648,891,125,133 abs=nil,nil,nil,nil ebrake=1.00 ibrake=1.00 hasABS=0 sy=0.00 split=1.000,0.875 ===
199.71069|I|libbeamng.print:18052| === LSTM_OBS t=2020 4.36628,3.98805,4.10303,4.07711,0.00000,0.00000,0.00000,-0.00554,0.00000,0.00000,0.00256,1.00000,0.00000,0.00000,0.00000,1774.31261,0.00000 ===
199.76118|I|libbeamng.print:18052| === LSTM_TRACE t=2030 v=3.91 ws=3.85,4.25,3.75,3.89 cmd=0.393,0.455,0.069,0.076 cap=784,1024,169,181 des=784,1024,147,158 app=740,974,137,147 abs=nil,nil,nil,nil ebrake=1.00 ibrake=1.00 hasABS=0 sy=0.00 split=1.000,0.875 ===
199.76122|I|libbeamng.print:18052| === LSTM_OBS t=2030 3.84609,4.25218,3.75098,3.89447,0.00000,0.00000,0.00000,-0.00382,0.00000,0.00000,0.00297,1.00000,0.00000,0.00000,0.00000,1684.73446,0.00000 ===
199.81074|I|libbeamng.print:18052| === LSTM_TRACE t=2040 v=3.71 ws=3.54,3.19,3.68,3.63 cmd=0.173,0.251,0.106,0.111 cap=567,837,182,195 des=567,837,160,171 app=843,1078,148,158 abs=nil,nil,nil,nil ebrake=1.00 ibrake=1.00 hasABS=0 sy=0.00 split=1.000,0.875 ===
199.81077|I|libbeamng.print:18052| === LSTM_OBS t=2040 3.53710,3.19131,3.68158,3.62581,0.00000,0.00000,0.00000,-0.00774,0.00000,0.00000,0.00378,1.00000,0.00000,0.00000,0.00000,1593.79900,0.00000 ===
199.86109|I|libbeamng.print:18052| === LSTM_TRACE t=2050 v=3.48 ws=3.61,3.55,3.47,3.49 cmd=0.387,0.447,0.084,0.092 cap=832,1063,194,207 des=832,1063,170,181 app=786,1011,158,168 abs=nil,nil,nil,nil ebrake=1.00 ibrake=1.00 hasABS=0 sy=0.00 split=1.000,0.875 ===
199.86113|I|libbeamng.print:18052| === LSTM_OBS t=2050 3.61036,3.55368,3.46959,3.48639,0.00000,0.00000,0.00000,-0.00845,0.00000,0.00000,0.00239,1.00000,0.00000,0.00000,0.00000,1500.22118,0.00000 ===
199.91071|I|libbeamng.print:18052| === LSTM_TRACE t=2060 v=3.26 ws=2.98,3.40,3.22,3.26 cmd=0.247,0.336,0.096,0.104 cap=1814,1888,132,148 des=1814,1888,116,130 app=1176,1403,107,120 abs=nil,nil,nil,nil ebrake=1.00 ibrake=1.00 hasABS=0 sy=0.00 split=1.000,0.875 ===
199.91075|I|libbeamng.print:18052| === LSTM_OBS t=2060 2.98380,3.40499,3.21635,3.26276,0.00000,0.00000,0.00000,-0.00395,0.00000,0.00000,0.00398,1.00000,0.00000,0.00000,0.00000,1405.48456,0.00000 ===
199.96112|I|libbeamng.print:18052| === LSTM_TRACE t=2070 v=3.05 ws=2.51,2.28,2.97,2.89 cmd=0.125,0.193,0.176,0.182 cap=363,591,284,300 des=363,591,249,263 app=875,1065,230,244 abs=nil,nil,nil,nil ebrake=1.00 ibrake=1.00 hasABS=0 sy=0.00 split=1.000,0.875 ===
199.96119|I|libbeamng.print:18052| === LSTM_OBS t=2070 2.50632,2.28191,2.97486,2.89412,0.00000,0.00000,0.00000,0.00003,0.00000,0.00000,0.00433,1.00000,0.00000,0.00000,0.00000,1308.93165,0.00000 ===
200.01067|I|libbeamng.print:18052| === LSTM_TRACE t=2080 v=2.80 ws=3.31,2.74,2.80,2.68 cmd=0.541,0.553,0.113,0.127 cap=593,804,330,346 des=593,804,289,303 app=560,765,268,281 abs=nil,nil,nil,nil ebrake=1.00 ibrake=1.00 hasABS=0 sy=0.00 split=1.000,0.875 ===
200.01070|I|libbeamng.print:18052| === LSTM_OBS t=2080 3.31226,2.73791,2.80182,2.67855,0.00000,0.00000,0.00000,-0.00099,0.00000,0.00000,0.00473,1.00000,0.00000,0.00000,0.00000,1211.22167,0.00000 ===
200.06104|I|libbeamng.print:18052| === LSTM_TRACE t=2090 v=2.57 ws=3.18,2.79,2.64,2.46 cmd=0.612,0.612,0.101,0.114 cap=1426,1505,268,294 des=1426,1505,235,257 app=922,1075,218,239 abs=nil,nil,nil,nil ebrake=1.00 ibrake=1.00 hasABS=0 sy=0.00 split=1.000,0.875 ===
200.06108|I|libbeamng.print:18052| === LSTM_OBS t=2090 3.17591,2.79048,2.63721,2.46355,0.00000,0.00000,0.00000,0.00205,0.00000,0.00000,0.00085,1.00000,0.00000,0.00000,0.00000,1114.28274,0.00000 ===
200.11085|I|libbeamng.print:18052| === LSTM_TRACE t=2100 v=2.35 ws=2.30,2.08,2.37,2.36 cmd=0.274,0.326,0.168,0.181 cap=1016,1168,293,321 des=1016,1168,256,281 app=960,1112,238,261 abs=nil,nil,nil,nil ebrake=1.00 ibrake=1.00 hasABS=0 sy=0.00 split=1.000,0.875 ===
200.11089|I|libbeamng.print:18052| === LSTM_OBS t=2100 2.29592,2.08313,2.37477,2.35509,0.00000,0.00000,0.00000,0.00113,0.00000,0.00000,0.00210,1.00000,0.00000,0.00000,0.00000,1015.26234,0.00000 ===
200.16120|I|libbeamng.print:18052| === LSTM_TRACE t=2110 v=2.09 ws=2.05,2.22,2.12,2.09 cmd=0.399,0.429,0.149,0.163 cap=1399,1450,288,312 des=1399,1450,252,273 app=1157,1310,233,253 abs=nil,nil,nil,nil ebrake=1.00 ibrake=1.00 hasABS=0 sy=0.00 split=1.000,0.875 ===
200.16123|I|libbeamng.print:18052| === LSTM_OBS t=2110 2.05023,2.22444,2.12462,2.09231,0.00000,0.00000,0.00000,0.00332,0.00000,0.00000,0.00069,1.00000,0.00000,0.00000,0.00000,915.40741,0.00000 ===
200.21091|I|libbeamng.print:18052| === LSTM_TRACE t=2120 v=1.85 ws=1.52,1.66,1.79,1.80 cmd=0.266,0.305,0.218,0.232 cap=761,902,384,413 des=761,902,336,362 app=1011,1045,312,335 abs=nil,nil,nil,nil ebrake=1.00 ibrake=1.00 hasABS=0 sy=0.00 split=1.000,0.875 ===
200.21095|I|libbeamng.print:18052| === LSTM_OBS t=2120 1.52445,1.66436,1.78664,1.80116,0.00000,0.00000,0.00000,0.00548,0.00000,0.00000,0.00357,1.00000,0.00000,0.00000,0.00000,810.28882,0.00000 ===
200.26101|I|libbeamng.print:18052| === LSTM_TRACE t=2130 v=1.58 ws=1.96,1.92,1.54,1.64 cmd=0.574,0.551,0.148,0.160 cap=1374,1374,373,399 des=1374,1374,326,349 app=1145,1187,303,324 abs=nil,nil,nil,nil ebrake=1.00 ibrake=1.00 hasABS=0 sy=0.00 split=1.000,0.875 ===
200.26105|I|libbeamng.print:18052| === LSTM_OBS t=2130 1.96468,1.91917,1.54274,1.64040,0.00000,0.00000,0.00000,0.00415,0.00000,0.00000,0.00192,1.00000,0.00000,0.00000,0.00000,743.56169,0.00000 ===
200.31074|I|libbeamng.print:18052| === LSTM_TRACE t=2140 v=1.35 ws=1.10,1.17,1.35,1.39 cmd=0.258,0.287,0.238,0.251 cap=1227,1243,376,402 des=1227,1243,329,352 app=1159,1182,305,327 abs=nil,nil,nil,nil ebrake=1.00 ibrake=1.00 hasABS=0 sy=0.00 split=1.000,0.875 ===
200.31079|I|libbeamng.print:18052| === LSTM_OBS t=2140 1.10233,1.17411,1.35222,1.39014,0.00000,0.00000,0.00000,-0.00563,0.00000,0.00000,0.00169,1.00000,0.00000,0.00000,0.00000,729.20455,0.00000 ===
200.36135|I|libbeamng.print:18052| === LSTM_TRACE t=2150 v=1.13 ws=1.11,1.18,1.18,1.18 cmd=0.354,0.355,0.237,0.249 cap=1248,1220,438,462 des=1248,1220,383,404 app=1178,1161,356,375 abs=nil,nil,nil,nil ebrake=1.00 ibrake=1.00 hasABS=0 sy=0.00 split=1.000,0.875 ===
200.36139|I|libbeamng.print:18052| === LSTM_OBS t=2150 1.10612,1.18104,1.18448,1.17550,0.00000,0.00000,0.00000,0.00605,0.00000,0.00000,0.00104,1.00000,0.00000,0.00000,0.00000,729.78643,0.00000 ===
200.41081|I|libbeamng.print:18052| === LSTM_TRACE t=2160 v=0.91 ws=0.94,0.92,0.93,0.84 cmd=0.401,0.373,0.299,0.318 cap=1234,1151,577,616 des=1234,1151,505,539 app=1164,1094,468,500 abs=nil,nil,nil,nil ebrake=1.00 ibrake=1.00 hasABS=0 sy=0.00 split=1.000,0.875 ===
200.41089|I|libbeamng.print:18052| === LSTM_OBS t=2160 0.93534,0.92424,0.93273,0.83595,0.00000,0.00000,0.00000,-0.00072,0.00000,0.00000,0.00221,1.00000,0.00000,0.00000,0.00000,726.99776,0.00000 ===
200.46216|I|libbeamng.print:18052| === LSTM_TRACE t=2170 v=0.69 ws=0.74,0.53,0.67,0.68 cmd=0.410,0.370,0.382,0.409 cap=1189,1088,745,797 des=1189,1088,652,697 app=1122,1034,604,647 abs=nil,nil,nil,nil ebrake=1.00 ibrake=1.00 hasABS=0 sy=0.00 split=1.000,0.875 ===
200.46221|I|libbeamng.print:18052| === LSTM_OBS t=2170 0.73742,0.53356,0.66677,0.67502,0.00000,0.00000,0.00000,-0.00278,0.00000,0.00000,0.00049,1.00000,0.00000,0.00000,0.00000,729.71570,0.00000 ===
230.61819|I|libbeamng.print:18052| === LSTM_TRACE t=0 v=27.71 ws=27.73,27.85,27.42,27.43 cmd=0.781,0.781,0.158,0.171 cap=155,155,97,97 des=155,155,85,85 app=145,146,79,79 abs=nil,nil,nil,nil ebrake=1.00 ibrake=1.00 hasABS=0 sy=0.00 split=1.000,0.875 ===
230.61823|I|libbeamng.print:18052| === LSTM_OBS t=0 27.73439,27.84877,27.41644,27.42859,0.00000,0.00000,0.00000,0.01049,0.00000,0.00000,0.00000,1.00000,0.00000,0.00000,0.00000,7857.90937,0.00000 ===
230.66891|I|libbeamng.print:18052| === LSTM_TRACE t=10 v=27.59 ws=27.55,27.58,27.26,27.36 cmd=0.038,0.093,0.016,0.014 cap=112,258,23,20 des=112,258,20,18 app=105,243,18,16 abs=nil,nil,nil,nil ebrake=1.00 ibrake=1.00 hasABS=0 sy=0.00 split=1.000,0.875 ===
230.66895|I|libbeamng.print:18052| === LSTM_OBS t=10 27.55479,27.57791,27.25697,27.35502,0.00000,0.00000,0.00000,-0.00557,0.00000,0.00000,0.00000,1.00000,0.00000,0.00000,0.00000,7827.64963,0.00000 ===
230.68904|I|libbeamng.print:18052| === LSTM_ABS DBG raw=27.5363,27.4938,27.1915,27.3026,0.0000,0.0000,0.0000,0.0020,0.0000,0.0000,0.0000,1.0000,0.0000,0.0000,0.0000,7813.9578,0.0000 ===
230.68910|I|libbeamng.print:18052| === LSTM_ABS DBG norm=0.86,0.86,0.74,0.75,-0.00,-2.94,0.00,0.02,-0.02,0.02,-0.05,0.49,-0.04,0.00,0.00,1.93,0.00 ===
230.68910|I|libbeamng.print:18052| === LSTM_ABS DBG cmd=0.0619,0.1492,0.0489,0.0365 ===
230.71839|I|libbeamng.print:18052| === LSTM_TRACE t=20 v=27.47 ws=27.46,27.52,27.21,27.17 cmd=0.049,0.096,0.053,0.044 cap=169,339,124,97 des=169,339,108,85 app=159,320,100,79 abs=nil,nil,nil,nil ebrake=1.00 ibrake=1.00 hasABS=0 sy=0.00 split=1.000,0.875 ===
230.71844|I|libbeamng.print:18052| === LSTM_OBS t=20 27.45662,27.51539,27.21355,27.16877,0.00000,0.00000,0.00000,-0.01158,0.00000,0.00000,0.00000,1.00000,0.00000,0.00000,0.00000,7789.39231,0.00000 ===
230.76859|I|libbeamng.print:18052| === LSTM_TRACE t=30 v=27.36 ws=27.36,27.50,26.99,27.11 cmd=0.014,0.030,0.004,0.005 cap=48,97,19,19 des=48,97,17,17 app=45,91,16,16 abs=nil,nil,nil,nil ebrake=1.00 ibrake=1.00 hasABS=0 sy=0.00 split=1.000,0.875 ===
230.76863|I|libbeamng.print:18052| === LSTM_OBS t=30 27.35966,27.50046,26.98989,27.11336,0.00000,0.00000,0.00000,-0.00202,0.00000,0.00000,0.00000,1.00000,0.00000,0.00000,0.00000,7748.03571,0.00000 ===
230.81809|I|libbeamng.print:18052| === LSTM_TRACE t=40 v=27.27 ws=27.28,27.32,26.96,26.98 cmd=0.024,0.063,0.010,0.009 cap=63,166,19,19 des=63,166,17,17 app=59,157,16,16 abs=nil,nil,nil,nil ebrake=1.00 ibrake=1.00 hasABS=0 sy=0.00 split=1.000,0.875 ===
230.81812|I|libbeamng.print:18052| === LSTM_OBS t=40 27.27868,27.32350,26.95769,26.98413,0.00000,0.00000,0.00000,-0.01113,0.00000,0.00000,0.00000,1.00000,0.00000,0.00000,0.00000,7723.25114,0.00000 ===
230.86858|I|libbeamng.print:18052| === LSTM_TRACE t=50 v=27.15 ws=27.11,27.27,26.81,26.83 cmd=0.025,0.057,0.026,0.023 cap=85,210,65,53 des=85,210,57,47 app=79,199,53,43 abs=nil,nil,nil,nil ebrake=1.00 ibrake=1.00 hasABS=0 sy=0.00 split=1.000,0.875 ===
230.86862|I|libbeamng.print:18052| === LSTM_OBS t=50 27.10720,27.27275,26.81394,26.83114,0.00000,0.00000,0.00000,-0.00102,0.00000,0.00000,0.00000,1.00000,0.00000,0.00000,0.00000,7695.93355,0.00000 ===
230.91834|I|libbeamng.print:18052| === LSTM_TRACE t=60 v=27.06 ws=27.09,27.16,26.72,26.87 cmd=0.011,0.025,0.003,0.004 cap=33,76,19,19 des=33,76,17,17 app=31,72,16,16 abs=nil,nil,nil,nil ebrake=1.00 ibrake=1.00 hasABS=0 sy=0.00 split=1.000,0.875 ===
230.91838|I|libbeamng.print:18052| === LSTM_OBS t=60 27.09207,27.15810,26.71794,26.87304,0.00000,0.00000,0.00000,-0.01032,0.00000,0.00000,0.00000,1.00000,0.00000,0.00000,0.00000,7663.37098,0.00000 ===
230.96853|I|libbeamng.print:18052| === LSTM_TRACE t=70 v=26.96 ws=26.97,27.03,26.66,26.69 cmd=0.024,0.064,0.009,0.008 cap=62,167,19,19 des=62,167,17,17 app=58,158,16,16 abs=nil,nil,nil,nil ebrake=1.00 ibrake=1.00 hasABS=0 sy=0.00 split=1.000,0.875 ===
230.96858|I|libbeamng.print:18052| === LSTM_OBS t=70 26.97158,27.02595,26.65547,26.69211,0.00000,0.00000,0.00000,0.00506,0.00000,0.00000,0.00000,1.00000,0.00000,0.00000,0.00000,7637.28524,0.00000 ===
231.01851|I|libbeamng.print:18052| === LSTM_TRACE t=80 v=26.85 ws=26.89,26.94,26.56,26.56 cmd=0.029,0.068,0.034,0.029 cap=101,255,84,68 des=101,255,74,60 app=95,242,68,55 abs=nil,nil,nil,nil ebrake=1.00 ibrake=1.00 hasABS=0 sy=0.00 split=1.000,0.875 ===
231.01857|I|libbeamng.print:18052| === LSTM_OBS t=80 26.89037,26.94004,26.55596,26.56160,0.00000,0.00000,0.00000,-0.00650,0.00000,0.00000,0.00000,1.00000,0.00000,0.00000,0.00000,7608.23330,0.00000 ===
231.06928|I|libbeamng.print:18052| === LSTM_TRACE t=90 v=26.75 ws=26.75,26.90,26.43,26.48 cmd=0.010,0.024,0.003,0.003 cap=33,73,19,19 des=33,73,17,17 app=31,69,16,16 abs=nil,nil,nil,nil ebrake=1.00 ibrake=1.00 hasABS=0 sy=0.00 split=1.000,0.875 ===
231.06931|I|libbeamng.print:18052| === LSTM_OBS t=90 26.74889,26.89609,26.42925,26.47607,0.00000,0.00000,0.00000,-0.01591,0.00000,0.00000,0.00000,1.00000,0.00000,0.00000,0.00000,7573.66847,0.00000 ===
231.11988|I|libbeamng.print:18052| === LSTM_TRACE t=100 v=26.64 ws=26.64,26.67,26.33,26.44 cmd=0.018,0.049,0.007,0.006 cap=49,133,19,19 des=49,133,17,17 app=46,126,16,16 abs=nil,nil,nil,nil ebrake=1.00 ibrake=1.00 hasABS=0 sy=0.00 split=1.000,0.875 ===
231.11993|I|libbeamng.print:18052| === LSTM_OBS t=100 26.64188,26.67138,26.32765,26.44132,0.00000,0.00000,0.00000,0.01501,0.00000,0.00000,0.00000,1.00000,0.00000,0.00000,0.00000,7548.62276,0.00000 ===
231.16894|I|libbeamng.print:18052| === LSTM_TRACE t=110 v=26.54 ws=26.46,26.56,26.16,26.33 cmd=0.038,0.100,0.047,0.038 cap=129,355,89,72 des=129,355,78,63 app=121,338,72,58 abs=nil,nil,nil,nil ebrake=1.00 ibrake=1.00 hasABS=0 sy=0.00 split=1.000,0.875 ===
231.16898|I|libbeamng.print:18052| === LSTM_OBS t=110 26.46377,26.56497,26.16361,26.33224,0.00000,0.00000,0.00000,-0.01206,0.00000,0.00000,0.00000,1.00000,0.00000,0.00000,0.00000,7521.60803,0.00000 ===
231.21889|I|libbeamng.print:18052| === LSTM_TRACE t=120 v=26.44 ws=26.47,26.50,26.10,26.19 cmd=0.012,0.025,0.003,0.004 cap=38,78,19,19 des=38,78,17,17 app=36,74,16,16 abs=nil,nil,nil,nil ebrake=1.00 ibrake=1.00 hasABS=0 sy=0.00 split=1.000,0.875 ===
231.21893|I|libbeamng.print:18052| === LSTM_OBS t=120 26.46652,26.50053,26.09789,26.18640,0.00000,0.00000,0.00000,-0.01227,0.00000,0.00000,0.00000,1.00000,0.00000,0.00000,0.00000,7486.15578,0.00000 ===
231.26890|I|libbeamng.print:18052| === LSTM_TRACE t=130 v=26.35 ws=26.31,26.43,26.05,26.08 cmd=0.014,0.036,0.005,0.005 cap=38,102,19,19 des=38,102,17,17 app=36,97,16,16 abs=nil,nil,nil,nil ebrake=1.00 ibrake=1.00 hasABS=0 sy=0.00 split=1.000,0.875 ===
231.26893|I|libbeamng.print:18052| === LSTM_OBS t=130 26.31166,26.42547,26.05084,26.08416,0.00000,0.00000,0.00000,0.00556,0.00000,0.00000,0.00049,1.00000,0.00000,0.00000,0.00000,7459.08188,0.00000 ===
231.31890|I|libbeamng.print:18052| === LSTM_TRACE t=140 v=26.24 ws=26.19,26.16,25.95,26.03 cmd=0.036,0.108,0.029,0.024 cap=117,353,49,41 des=117,353,43,36 app=110,336,40,33 abs=nil,nil,nil,nil ebrake=1.00 ibrake=1.00 hasABS=0 sy=0.00 split=1.000,0.875 ===
231.31894|I|libbeamng.print:18052| === LSTM_OBS t=140 26.18832,26.16487,25.95254,26.02981,0.00000,0.00000,0.00000,-0.01329,0.00000,0.00000,0.00000,1.00000,0.00000,0.00000,0.00000,7435.80842,0.00000 ===
231.36915|I|libbeamng.print:18052| === LSTM_TRACE t=150 v=26.14 ws=26.13,26.18,25.87,25.89 cmd=0.011,0.025,0.004,0.005 cap=38,84,19,19 des=38,84,17,17 app=35,80,16,16 abs=nil,nil,nil,nil ebrake=1.00 ibrake=1.00 hasABS=0 sy=0.00 split=1.000,0.875 ===
231.36919|I|libbeamng.print:18052| === LSTM_OBS t=150 26.12620,26.17948,25.86714,25.88968,0.00000,0.00000,0.00000,-0.01704,0.00000,0.00000,0.00000,1.00000,0.00000,0.00000,0.00000,7402.20902,0.00000 ===
231.41890|I|libbeamng.print:18052| === LSTM_TRACE t=160 v=26.04 ws=26.03,26.08,25.73,25.93 cmd=0.011,0.030,0.004,0.004 cap=33,86,19,19 des=33,86,17,17 app=31,82,16,16 abs=nil,nil,nil,nil ebrake=1.00 ibrake=1.00 hasABS=0 sy=0.00 split=1.000,0.875 ===
231.41895|I|libbeamng.print:18052| === LSTM_OBS t=160 26.03208,26.07824,25.72795,25.93251,0.00000,0.00000,0.00000,-0.01391,0.00000,0.00000,0.00000,1.00000,0.00000,0.00000,0.00000,7380.57252,0.00000 ===
231.46967|I|libbeamng.print:18052| === LSTM_TRACE t=170 v=25.94 ws=25.91,25.88,25.66,25.82 cmd=0.033,0.102,0.020,0.016 cap=102,291,30,25 des=102,291,26,22 app=96,277,24,20 abs=nil,nil,nil,nil ebrake=1.00 ibrake=1.00 hasABS=0 sy=0.00 split=1.000,0.875 ===
231.46972|I|libbeamng.print:18052| === LSTM_OBS t=170 25.90920,25.88198,25.66298,25.82017,0.00000,0.00000,0.00000,-0.00813,0.00000,0.00000,0.00000,1.00000,0.00000,0.00000,0.00000,7354.12623,0.00000 ===
231.51949|I|libbeamng.print:18052| === LSTM_TRACE t=180 v=25.84 ws=25.83,25.94,25.51,25.70 cmd=0.012,0.027,0.007,0.007 cap=41,94,19,19 des=41,94,17,17 app=38,89,16,16 abs=nil,nil,nil,nil ebrake=1.00 ibrake=1.00 hasABS=0 sy=0.00 split=1.000,0.875 ===
231.51954|I|libbeamng.print:18052| === LSTM_OBS t=180 25.82854,25.94013,25.51279,25.70138,0.00000,0.00000,0.00000,-0.01549,0.00000,0.00000,0.00000,1.00000,0.00000,0.00000,0.00000,7324.24086,0.00000 ===
231.56936|I|libbeamng.print:18052| === LSTM_TRACE t=190 v=25.75 ws=25.75,25.84,25.50,25.58 cmd=0.010,0.026,0.004,0.004 cap=31,77,19,19 des=31,77,17,17 app=29,74,16,16 abs=nil,nil,nil,nil ebrake=1.00 ibrake=1.00 hasABS=0 sy=0.00 split=1.000,0.875 ===
231.56940|I|libbeamng.print:18052| === LSTM_OBS t=190 25.75416,25.84140,25.49989,25.57904,0.00000,0.00000,0.00000,-0.00344,0.00000,0.00000,0.00000,1.00000,0.00000,0.00000,0.00000,7297.53859,0.00000 ===
231.61936|I|libbeamng.print:18052| === LSTM_TRACE t=200 v=25.66 ws=25.64,25.66,25.47,25.46 cmd=0.027,0.073,0.010,0.009 cap=77,201,19,19 des=77,201,17,17 app=72,191,16,16 abs=nil,nil,nil,nil ebrake=1.00 ibrake=1.00 hasABS=0 sy=0.00 split=1.000,0.875 ===
231.61939|I|libbeamng.print:18052| === LSTM_OBS t=200 25.63754,25.65894,25.47324,25.46025,0.00000,0.00000,0.00000,0.00559,0.00000,0.00000,0.00000,1.00000,0.00000,0.00000,0.00000,7273.33308,0.00000 ===
231.66938|I|libbeamng.print:18052| === LSTM_TRACE t=210 v=25.55 ws=25.57,25.67,25.36,25.34 cmd=0.011,0.028,0.008,0.008 cap=39,100,20,19 des=39,100,17,17 app=37,96,16,16 abs=nil,nil,nil,nil ebrake=1.00 ibrake=1.00 hasABS=0 sy=0.00 split=1.000,0.875 ===
231.66943|I|libbeamng.print:18052| === LSTM_OBS t=210 25.56827,25.67143,25.36283,25.34015,0.00000,0.00000,0.00000,-0.00010,0.00000,0.00000,0.00049,1.00000,0.00000,0.00000,0.00000,7246.24343,0.00000 ===
231.71956|I|libbeamng.print:18052| === LSTM_TRACE t=220 v=25.47 ws=25.48,25.58,25.22,25.35 cmd=0.009,0.023,0.003,0.003 cap=31,70,19,19 des=31,70,17,17 app=29,67,16,16 abs=nil,nil,nil,nil ebrake=1.00 ibrake=1.00 hasABS=0 sy=0.00 split=1.000,0.875 ===
231.71960|I|libbeamng.print:18052| === LSTM_OBS t=220 25.48055,25.57690,25.21570,25.34540,0.00000,0.00000,0.00000,-0.01315,0.00000,0.00000,0.00000,1.00000,0.00000,0.00000,0.00000,7219.06812,0.00000 ===
231.76935|I|libbeamng.print:18052| === LSTM_TRACE t=230 v=25.37 ws=25.31,25.39,25.10,25.26 cmd=0.019,0.050,0.006,0.006 cap=52,140,19,19 des=52,140,17,17 app=49,133,16,16 abs=nil,nil,nil,nil ebrake=1.00 ibrake=1.00 hasABS=0 sy=0.00 split=1.000,0.875 ===
231.76939|I|libbeamng.print:18052| === LSTM_OBS t=230 25.31174,25.38921,25.10015,25.25856,0.00000,0.00000,0.00000,0.00258,0.00000,0.00000,0.00049,1.00000,0.00000,0.00000,0.00000,7195.41008,0.00000 ===
231.81936|I|libbeamng.print:18052| === LSTM_TRACE t=240 v=25.26 ws=25.28,25.39,25.12,25.10 cmd=0.015,0.043,0.014,0.013 cap=57,167,32,28 des=57,167,28,25 app=54,159,26,23 abs=nil,nil,nil,nil ebrake=1.00 ibrake=1.00 hasABS=0 sy=0.00 split=1.000,0.875 ===
231.81939|I|libbeamng.print:18052| === LSTM_OBS t=240 25.28299,25.38532,25.11846,25.10285,0.00000,0.00000,0.00000,-0.01346,0.00000,0.00000,0.00000,1.00000,0.00000,0.00000,0.00000,7169.48483,0.00000 ===
231.86943|I|libbeamng.print:18052| === LSTM_TRACE t=250 v=25.19 ws=25.18,25.28,24.95,25.05 cmd=0.009,0.021,0.003,0.003 cap=31,65,19,19 des=31,65,17,17 app=29,62,16,16 abs=nil,nil,nil,nil ebrake=1.00 ibrake=1.00 hasABS=0 sy=0.00 split=1.000,0.875 ===
231.86947|I|libbeamng.print:18052| === LSTM_OBS t=250 25.17783,25.28095,24.94850,25.04959,0.00000,0.00000,0.00000,-0.00606,0.00000,0.00000,0.00000,1.00000,0.00000,0.00000,0.00000,7141.61678,0.00000 ===
231.91937|I|libbeamng.print:18052| === LSTM_TRACE t=260 v=25.10 ws=25.10,25.11,24.80,24.99 cmd=0.014,0.038,0.004,0.004 cap=40,106,19,19 des=40,106,17,17 app=37,101,16,16 abs=nil,nil,nil,nil ebrake=1.00 ibrake=1.00 hasABS=0 sy=0.00 split=1.000,0.875 ===
231.91941|I|libbeamng.print:18052| === LSTM_OBS t=260 25.10227,25.11114,24.80223,24.99490,0.00000,0.00000,0.00000,-0.00376,0.00000,0.00000,0.00000,1.00000,0.00000,0.00000,0.00000,7117.60428,0.00000 ===
231.96940|I|libbeamng.print:18052| === LSTM_TRACE t=270 v=24.98 ws=25.01,25.03,24.81,24.83 cmd=0.019,0.060,0.012,0.011 cap=66,212,24,22 des=66,212,21,19 app=62,202,19,18 abs=nil,nil,nil,nil ebrake=1.00 ibrake=1.00 hasABS=0 sy=0.00 split=1.000,0.875 ===
231.96944|I|libbeamng.print:18052| === LSTM_OBS t=270 25.00781,25.03103,24.80892,24.83006,0.00000,0.00000,0.00000,-0.00194,0.00000,0.00000,0.00000,1.00000,0.00000,0.00000,0.00000,7092.89137,0.00000 ===
232.01941|I|libbeamng.print:18052| === LSTM_TRACE t=280 v=24.90 ws=24.92,25.02,24.63,24.81 cmd=0.008,0.020,0.002,0.003 cap=31,63,19,19 des=31,63,17,17 app=29,60,16,16 abs=nil,nil,nil,nil ebrake=1.00 ibrake=1.00 hasABS=0 sy=0.00 split=1.000,0.875 ===
232.01945|I|libbeamng.print:18052| === LSTM_OBS t=280 24.91585,25.01696,24.63485,24.80613,0.00000,0.00000,0.00000,0.00884,0.00000,0.00000,0.00049,1.00000,0.00000,0.00000,0.00000,7065.61066,0.00000 ===
232.06958|I|libbeamng.print:18052| === LSTM_TRACE t=290 v=24.81 ws=24.76,24.89,24.63,24.66 cmd=0.011,0.030,0.004,0.004 cap=33,88,19,19 des=33,88,17,17 app=31,84,16,16 abs=nil,nil,nil,nil ebrake=1.00 ibrake=1.00 hasABS=0 sy=0.00 split=1.000,0.875 ===
232.06962|I|libbeamng.print:18052| === LSTM_OBS t=290 24.76188,24.88728,24.62763,24.65933,0.00000,0.00000,0.00000,0.00073,0.00000,0.00000,0.00069,1.00000,0.00000,0.00000,0.00000,7040.59681,0.00000 ===
232.11952|I|libbeamng.print:18052| === LSTM_TRACE t=300 v=24.73 ws=24.68,24.76,24.47,24.64 cmd=0.020,0.063,0.009,0.009 cap=69,199,19,19 des=69,199,17,17 app=65,189,16,16 abs=nil,nil,nil,nil ebrake=1.00 ibrake=1.00 hasABS=0 sy=0.00 split=1.000,0.875 ===
232.11956|I|libbeamng.print:18052| === LSTM_OBS t=300 24.67524,24.75903,24.46829,24.63657,0.00000,0.00000,0.00000,-0.00259,0.00000,0.00000,0.00000,1.00000,0.00000,0.00000,0.00000,7016.72297,0.00000 ===
232.16969|I|libbeamng.print:18052| === LSTM_TRACE t=310 v=24.63 ws=24.59,24.72,24.45,24.54 cmd=0.008,0.020,0.002,0.003 cap=31,63,19,19 des=31,63,17,17 app=29,60,16,16 abs=nil,nil,nil,nil ebrake=1.00 ibrake=1.00 hasABS=0 sy=0.00 split=1.000,0.875 ===
232.16973|I|libbeamng.print:18052| === LSTM_OBS t=310 24.59104,24.72422,24.45247,24.53672,0.00000,0.00000,0.00000,-0.00198,0.00000,0.00000,0.00069,1.00000,0.00000,0.00000,0.00000,6990.08447,0.00000 ===
232.21930|I|libbeamng.print:18052| === LSTM_TRACE t=320 v=24.55 ws=24.53,24.69,24.37,24.46 cmd=0.010,0.027,0.003,0.004 cap=31,78,19,19 des=31,78,17,17 app=29,74,16,16 abs=nil,nil,nil,nil ebrake=1.00 ibrake=1.00 hasABS=0 sy=0.00 split=1.000,0.875 ===
232.21934|I|libbeamng.print:18052| === LSTM_OBS t=320 24.53420,24.68820,24.37462,24.45527,0.00000,0.00000,0.00000,0.00325,0.00000,0.00000,0.00049,1.00000,0.00000,0.00000,0.00000,6964.98226,0.00000 ===
232.26941|I|libbeamng.print:18052| === LSTM_TRACE t=330 v=24.45 ws=24.47,24.51,24.25,24.37 cmd=0.020,0.057,0.006,0.006 cap=61,165,19,19 des=61,165,17,17 app=58,157,16,16 abs=nil,nil,nil,nil ebrake=1.00 ibrake=1.00 hasABS=0 sy=0.00 split=1.000,0.875 ===
232.26946|I|libbeamng.print:18052| === LSTM_OBS t=330 24.46664,24.50700,24.24681,24.36847,0.00000,0.00000,0.00000,-0.00583,0.00000,0.00000,0.00049,1.00000,0.00000,0.00000,0.00000,6940.76754,0.00000 ===
232.31938|I|libbeamng.print:18052| === LSTM_TRACE t=340 v=24.35 ws=24.41,24.45,24.17,24.21 cmd=0.008,0.019,0.003,0.003 cap=31,62,19,19 des=31,62,17,17 app=29,59,16,16 abs=nil,nil,nil,nil ebrake=1.00 ibrake=1.00 hasABS=0 sy=0.00 split=1.000,0.875 ===
232.31941|I|libbeamng.print:18052| === LSTM_OBS t=340 24.40616,24.45002,24.16870,24.21061,0.00000,0.00000,0.00000,0.01190,0.00000,0.00000,0.00000,1.00000,0.00000,0.00000,0.00000,6914.44850,0.00000 ===
232.36933|I|libbeamng.print:18052| === LSTM_TRACE t=350 v=24.28 ws=24.27,24.37,24.09,24.17 cmd=0.009,0.023,0.003,0.003 cap=31,68,19,19 des=31,68,17,17 app=29,65,16,16 abs=nil,nil,nil,nil ebrake=1.00 ibrake=1.00 hasABS=0 sy=0.00 split=1.000,0.875 ===
232.36937|I|libbeamng.print:18052| === LSTM_OBS t=350 24.26991,24.36566,24.09058,24.17019,0.00000,0.00000,0.00000,-0.01091,0.00000,0.00000,0.00000,1.00000,0.00000,0.00000,0.00000,6888.32120,0.00000 ===
232.41950|I|libbeamng.print:18052| === LSTM_TRACE t=360 v=24.19 ws=24.13,24.28,23.98,24.09 cmd=0.019,0.049,0.005,0.005 cap=57,146,19,19 des=57,146,17,17 app=53,139,16,16 abs=nil,nil,nil,nil ebrake=1.00 ibrake=1.00 hasABS=0 sy=0.00 split=1.000,0.875 ===
232.41954|I|libbeamng.print:18052| === LSTM_OBS t=360 24.12889,24.27887,23.97846,24.09011,0.00000,0.00000,0.00000,-0.00273,0.00000,0.00000,0.00069,1.00000,0.00000,0.00000,0.00000,6864.52365,0.00000 ===
232.46937|I|libbeamng.print:18052| === LSTM_TRACE t=370 v=24.09 ws=24.16,24.19,23.90,24.02 cmd=0.008,0.021,0.003,0.004 cap=31,71,19,19 des=31,71,17,17 app=29,68,16,16 abs=nil,nil,nil,nil ebrake=1.00 ibrake=1.00 hasABS=0 sy=0.00 split=1.000,0.875 ===
232.46941|I|libbeamng.print:18052| === LSTM_OBS t=370 24.15533,24.19396,23.90476,24.02408,0.00000,0.00000,0.00000,0.00467,0.00000,0.00000,0.00000,1.00000,0.00000,0.00000,0.00000,6839.02514,0.00000 ===
232.51948|I|libbeamng.print:18052| === LSTM_TRACE t=380 v=24.02 ws=23.98,24.17,23.79,23.85 cmd=0.008,0.023,0.003,0.003 cap=31,66,19,19 des=31,66,17,17 app=29,63,16,16 abs=nil,nil,nil,nil ebrake=1.00 ibrake=1.00 hasABS=0 sy=0.00 split=1.000,0.875 ===
232.51952|I|libbeamng.print:18052| === LSTM_OBS t=380 23.98437,24.17481,23.79072,23.85234,0.00000,0.00000,0.00000,-0.01327,0.00000,0.00000,0.00049,1.00000,0.00000,0.00000,0.00000,6812.99880,0.00000 ===
232.56939|I|libbeamng.print:18052| === LSTM_TRACE t=390 v=23.92 ws=23.94,23.94,23.78,23.78 cmd=0.015,0.039,0.004,0.004 cap=43,114,19,19 des=43,114,17,17 app=41,109,16,16 abs=nil,nil,nil,nil ebrake=1.00 ibrake=1.00 hasABS=0 sy=0.00 split=1.000,0.875 ===
232.56942|I|libbeamng.print:18052| === LSTM_OBS t=390 23.94443,23.93692,23.77844,23.77502,0.00000,0.00000,0.00000,0.00039,0.00000,0.00000,0.00049,1.00000,0.00000,0.00000,0.00000,6788.72655,0.00000 ===
232.61941|I|libbeamng.print:18052| === LSTM_TRACE t=400 v=23.84 ws=23.79,23.94,23.68,23.79 cmd=0.009,0.026,0.004,0.004 cap=32,94,19,19 des=32,94,17,17 app=30,89,16,16 abs=nil,nil,nil,nil ebrake=1.00 ibrake=1.00 hasABS=0 sy=0.00 split=1.000,0.875 ===
232.61946|I|libbeamng.print:18052| === LSTM_OBS t=400 23.79380,23.94297,23.67648,23.78976,0.00000,0.00000,0.00000,-0.00020,0.00000,0.00000,0.00069,1.00000,0.00000,0.00000,0.00000,6761.55203,0.00000 ===
232.66937|I|libbeamng.print:18052| === LSTM_TRACE t=410 v=23.76 ws=23.73,23.83,23.54,23.74 cmd=0.007,0.020,0.003,0.003 cap=31,59,19,19 des=31,59,17,17 app=29,56,16,16 abs=nil,nil,nil,nil ebrake=1.00 ibrake=1.00 hasABS=0 sy=0.00 split=1.000,0.875 ===
232.66941|I|libbeamng.print:18052| === LSTM_OBS t=410 23.73142,23.82711,23.54270,23.74273,0.00000,0.00000,0.00000,-0.01682,0.00000,0.00000,0.00000,1.00000,0.00000,0.00000,0.00000,6738.44009,0.00000 ===
232.71941|I|libbeamng.print:18052| === LSTM_TRACE t=420 v=23.66 ws=23.74,23.69,23.42,23.58 cmd=0.013,0.033,0.004,0.004 cap=39,101,19,19 des=39,101,17,17 app=37,96,16,16 abs=nil,nil,nil,nil ebrake=1.00 ibrake=1.00 hasABS=0 sy=0.00 split=1.000,0.875 ===
232.71944|I|libbeamng.print:18052| === LSTM_OBS t=420 23.73845,23.68684,23.42427,23.58385,0.00000,0.00000,0.00000,0.00305,0.00000,0.00000,0.00000,1.00000,0.00000,0.00000,0.00000,6714.06455,0.00000 ===
232.76946|I|libbeamng.print:18052| === LSTM_TRACE t=430 v=23.56 ws=23.61,23.65,23.33,23.55 cmd=0.010,0.029,0.004,0.004 cap=38,109,19,19 des=38,109,17,17 app=36,104,16,16 abs=nil,nil,nil,nil ebrake=1.00 ibrake=1.00 hasABS=0 sy=0.00 split=1.000,0.875 ===
232.76949|I|libbeamng.print:18052| === LSTM_OBS t=430 23.61221,23.64602,23.33341,23.55094,0.00000,0.00000,0.00000,0.02238,0.00000,0.00000,0.00049,1.00000,0.00000,0.00000,0.00000,6689.51543,0.00000 ===
232.81933|I|libbeamng.print:18052| === LSTM_TRACE t=440 v=23.48 ws=23.51,23.63,23.24,23.44 cmd=0.007,0.020,0.002,0.003 cap=31,64,19,19 des=31,64,17,17 app=29,61,16,16 abs=nil,nil,nil,nil ebrake=1.00 ibrake=1.00 hasABS=0 sy=0.00 split=1.000,0.875 ===
232.81937|I|libbeamng.print:18052| === LSTM_OBS t=440 23.50778,23.63237,23.24353,23.43935,0.00000,0.00000,0.00000,0.01649,0.00000,0.00000,0.00049,1.00000,0.00000,0.00000,0.00000,6663.99058,0.00000 ===
232.86949|I|libbeamng.print:18052| === LSTM_TRACE t=450 v=23.40 ws=23.38,23.51,23.17,23.33 cmd=0.012,0.031,0.003,0.003 cap=36,93,19,19 des=36,93,17,17 app=34,88,16,16 abs=nil,nil,nil,nil ebrake=1.00 ibrake=1.00 hasABS=0 sy=0.00 split=1.000,0.875 ===
232.86955|I|libbeamng.print:18052| === LSTM_OBS t=450 23.38400,23.51037,23.17164,23.33340,0.00000,0.00000,0.00000,-0.00170,0.00000,0.00000,0.00000,1.00000,0.00000,0.00000,0.00000,6639.67878,0.00000 ===
232.91940|I|libbeamng.print:18052| === LSTM_TRACE t=460 v=23.31 ws=23.28,23.42,23.14,23.25 cmd=0.012,0.033,0.004,0.004 cap=41,112,19,19 des=41,112,17,17 app=38,106,16,16 abs=nil,nil,nil,nil ebrake=1.00 ibrake=1.00 hasABS=0 sy=0.00 split=1.000,0.875 ===
232.91945|I|libbeamng.print:18052| === LSTM_OBS t=460 23.28444,23.41517,23.13789,23.25200,0.00000,0.00000,0.00000,-0.00258,0.00000,0.00000,0.00000,1.00000,0.00000,0.00000,0.00000,6614.93783,0.00000 ===
232.96938|I|libbeamng.print:18052| === LSTM_TRACE t=470 v=23.22 ws=23.27,23.38,23.10,23.13 cmd=0.007,0.020,0.002,0.003 cap=31,62,19,19 des=31,62,17,17 app=29,59,16,16 abs=nil,nil,nil,nil ebrake=1.00 ibrake=1.00 hasABS=0 sy=0.00 split=1.000,0.875 ===
232.96943|I|libbeamng.print:18052| === LSTM_OBS t=470 23.26951,23.37621,23.09880,23.12573,0.00000,0.00000,0.00000,0.00780,0.00000,0.00000,0.00000,1.00000,0.00000,0.00000,0.00000,6590.60149,0.00000 ===
233.01941|I|libbeamng.print:18052| === LSTM_TRACE t=480 v=23.13 ws=23.17,23.23,22.94,23.05 cmd=0.010,0.026,0.003,0.003 cap=31,81,19,19 des=31,81,17,17 app=29,77,16,16 abs=nil,nil,nil,nil ebrake=1.00 ibrake=1.00 hasABS=0 sy=0.00 split=1.000,0.875 ===
233.01945|I|libbeamng.print:18052| === LSTM_OBS t=480 23.17052,23.22751,22.93880,23.04569,0.00000,0.00000,0.00000,0.02002,0.00000,0.00000,0.00049,1.00000,0.00000,0.00000,0.00000,6566.09868,0.00000 ===
233.06949|I|libbeamng.print:18052| === LSTM_TRACE t=490 v=23.05 ws=23.11,23.13,22.84,23.02 cmd=0.011,0.031,0.003,0.004 cap=39,105,19,19 des=39,105,17,17 app=37,100,16,16 abs=nil,nil,nil,nil ebrake=1.00 ibrake=1.00 hasABS=0 sy=0.00 split=1.000,0.875 ===
233.06953|I|libbeamng.print:18052| === LSTM_OBS t=490 23.10892,23.13262,22.84292,23.01573,0.00000,0.00000,0.00000,0.01313,0.00000,0.00000,0.00000,1.00000,0.00000,0.00000,0.00000,6542.03557,0.00000 ===
233.11941|I|libbeamng.print:18052| === LSTM_TRACE t=500 v=22.98 ws=23.00,23.11,22.83,22.87 cmd=0.007,0.019,0.002,0.003 cap=31,59,19,19 des=31,59,17,17 app=29,56,16,16 abs=nil,nil,nil,nil ebrake=1.00 ibrake=1.00 hasABS=0 sy=0.00 split=1.000,0.875 ===
233.11945|I|libbeamng.print:18052| === LSTM_OBS t=500 22.99960,23.10960,22.82959,22.87230,0.00000,0.00000,0.00000,-0.01936,0.00000,0.00000,0.00000,1.00000,0.00000,0.00000,0.00000,6517.55329,0.00000 ===
233.16950|I|libbeamng.print:18052| === LSTM_TRACE t=510 v=22.88 ws=22.87,22.97,22.69,22.84 cmd=0.010,0.025,0.003,0.003 cap=31,75,19,19 des=31,75,17,17 app=29,71,16,16 abs=nil,nil,nil,nil ebrake=1.00 ibrake=1.00 hasABS=0 sy=0.00 split=1.000,0.875 ===
233.16955|I|libbeamng.print:18052| === LSTM_OBS t=510 22.87496,22.96896,22.69007,22.84177,0.00000,0.00000,0.00000,-0.00053,0.00000,0.00000,0.00049,1.00000,0.00000,0.00000,0.00000,6493.71449,0.00000 ===
233.21972|I|libbeamng.print:18052| === LSTM_TRACE t=520 v=22.80 ws=22.88,22.86,22.68,22.71 cmd=0.011,0.030,0.003,0.003 cap=37,97,19,19 des=37,97,17,17 app=35,92,16,16 abs=nil,nil,nil,nil ebrake=1.00 ibrake=1.00 hasABS=0 sy=0.00 split=1.000,0.875 ===
233.21976|I|libbeamng.print:18052| === LSTM_OBS t=520 22.87536,22.85989,22.67663,22.71199,0.00000,0.00000,0.00000,0.00573,0.00000,0.00000,0.00049,1.00000,0.00000,0.00000,0.00000,6470.77409,0.00000 ===
233.26936|I|libbeamng.print:18052| === LSTM_TRACE t=530 v=22.72 ws=22.67,22.85,22.54,22.67 cmd=0.008,0.020,0.002,0.003 cap=31,64,19,19 des=31,64,17,17 app=29,61,16,16 abs=nil,nil,nil,nil ebrake=1.00 ibrake=1.00 hasABS=0 sy=0.00 split=1.000,0.875 ===
233.26940|I|libbeamng.print:18052| === LSTM_OBS t=530 22.66928,22.85058,22.53963,22.67102,0.00000,0.00000,0.00000,-0.01421,0.00000,0.00000,0.00000,1.00000,0.00000,0.00000,0.00000,6444.17770,0.00000 ===
233.31992|I|libbeamng.print:18052| === LSTM_TRACE t=540 v=22.62 ws=22.66,22.69,22.46,22.54 cmd=0.009,0.022,0.003,0.003 cap=31,69,19,19 des=31,69,17,17 app=29,65,16,16 abs=nil,nil,nil,nil ebrake=1.00 ibrake=1.00 hasABS=0 sy=0.00 split=1.000,0.875 ===
233.31997|I|libbeamng.print:18052| === LSTM_OBS t=540 22.66355,22.69100,22.45942,22.53967,0.00000,0.00000,0.00000,0.00764,0.00000,0.00000,0.00000,1.00000,0.00000,0.00000,0.00000,6422.98415,0.00000 ===
233.36941|I|libbeamng.print:18052| === LSTM_TRACE t=550 v=22.54 ws=22.55,22.64,22.40,22.48 cmd=0.012,0.031,0.003,0.003 cap=37,93,19,19 des=37,93,17,17 app=34,88,16,16 abs=nil,nil,nil,nil ebrake=1.00 ibrake=1.00 hasABS=0 sy=0.00 split=1.000,0.875 ===
233.36945|I|libbeamng.print:18052| === LSTM_OBS t=550 22.54798,22.64076,22.40378,22.48060,0.00000,0.00000,0.00000,-0.00605,0.00000,0.00000,0.00000,1.00000,0.00000,0.00000,0.00000,6398.55582,0.00000 ===
233.41943|I|libbeamng.print:18052| === LSTM_TRACE t=560 v=22.46 ws=22.47,22.60,22.31,22.41 cmd=0.007,0.020,0.002,0.003 cap=31,63,19,19 des=31,63,17,17 app=29,60,16,16 abs=nil,nil,nil,nil ebrake=1.00 ibrake=1.00 hasABS=0 sy=0.00 split=1.000,0.875 ===
233.41949|I|libbeamng.print:18052| === LSTM_OBS t=560 22.46687,22.60198,22.31468,22.41043,0.00000,0.00000,0.00000,-0.00899,0.00000,0.00000,0.00000,1.00000,0.00000,0.00000,0.00000,6374.31676,0.00000 ===
233.46939|I|libbeamng.print:18052| === LSTM_TRACE t=570 v=22.37 ws=22.41,22.45,22.20,22.35 cmd=0.008,0.022,0.003,0.003 cap=31,68,19,19 des=31,68,17,17 app=29,64,16,16 abs=nil,nil,nil,nil ebrake=1.00 ibrake=1.00 hasABS=0 sy=0.00 split=1.000,0.875 ===
233.46943|I|libbeamng.print:18052| === LSTM_OBS t=570 22.40774,22.45297,22.20120,22.35286,0.00000,0.00000,0.00000,0.01001,0.00000,0.00000,0.00000,1.00000,0.00000,0.00000,0.00000,6350.64098,0.00000 ===
233.51941|I|libbeamng.print:18052| === LSTM_TRACE t=580 v=22.28 ws=22.27,22.33,22.13,22.23 cmd=0.011,0.029,0.003,0.003 cap=38,93,19,19 des=38,93,17,17 app=35,88,16,16 abs=nil,nil,nil,nil ebrake=1.00 ibrake=1.00 hasABS=0 sy=0.00 split=1.000,0.875 ===
233.51945|I|libbeamng.print:18052| === LSTM_OBS t=580 22.26935,22.32551,22.12947,22.23120,0.00000,0.00000,0.00000,0.00674,0.00000,0.00000,0.00000,1.00000,0.00000,0.00000,0.00000,6327.31919,0.00000 ===
233.56945|I|libbeamng.print:18052| === LSTM_TRACE t=590 v=22.20 ws=22.16,22.31,22.09,22.18 cmd=0.008,0.020,0.002,0.003 cap=31,66,19,19 des=31,66,17,17 app=29,63,16,16 abs=nil,nil,nil,nil ebrake=1.00 ibrake=1.00 hasABS=0 sy=0.00 split=1.000,0.875 ===
233.56949|I|libbeamng.print:18052| === LSTM_OBS t=590 22.15781,22.31068,22.08808,22.17724,0.00000,0.00000,0.00000,-0.00785,0.00000,0.00000,0.00000,1.00000,0.00000,0.00000,0.00000,6303.48431,0.00000 ===
233.61951|I|libbeamng.print:18052| === LSTM_TRACE t=600 v=22.11 ws=22.13,22.26,21.95,22.08 cmd=0.009,0.022,0.003,0.003 cap=31,65,19,19 des=31,65,17,17 app=29,62,16,16 abs=nil,nil,nil,nil ebrake=1.00 ibrake=1.00 hasABS=0 sy=0.00 split=1.000,0.875 ===
233.61957|I|libbeamng.print:18052| === LSTM_OBS t=600 22.12773,22.25897,21.95190,22.08287,0.00000,0.00000,0.00000,-0.00432,0.00000,0.00000,0.00000,1.00000,0.00000,0.00000,0.00000,6279.51624,0.00000 ===
233.67074|I|libbeamng.print:18052| === LSTM_TRACE t=610 v=22.04 ws=21.97,22.16,21.95,22.03 cmd=0.011,0.028,0.003,0.003 cap=37,90,19,19 des=37,90,17,17 app=35,85,16,16 abs=nil,nil,nil,nil ebrake=1.00 ibrake=1.00 hasABS=0 sy=0.00 split=1.000,0.875 ===
233.67078|I|libbeamng.print:18052| === LSTM_OBS t=610 21.96695,22.16194,21.95416,22.02649,0.00000,0.00000,0.00000,-0.01624,0.00000,0.00000,0.00000,1.00000,0.00000,0.00000,0.00000,6255.74768,0.00000 ===
233.71943|I|libbeamng.print:18052| === LSTM_TRACE t=620 v=21.95 ws=21.95,22.09,21.86,21.83 cmd=0.008,0.020,0.002,0.003 cap=31,63,19,19 des=31,63,17,17 app=29,60,16,16 abs=nil,nil,nil,nil ebrake=1.00 ibrake=1.00 hasABS=0 sy=0.00 split=1.000,0.875 ===
233.71946|I|libbeamng.print:18052| === LSTM_OBS t=620 21.95358,22.09009,21.85857,21.83134,0.00000,0.00000,0.00000,-0.00891,0.00000,0.00000,0.00000,1.00000,0.00000,0.00000,0.00000,6231.78170,0.00000 ===
233.76946|I|libbeamng.print:18052| === LSTM_TRACE t=630 v=21.86 ws=21.84,21.96,21.70,21.82 cmd=0.009,0.021,0.003,0.003 cap=31,64,19,19 des=31,64,17,17 app=29,61,16,16 abs=nil,nil,nil,nil ebrake=1.00 ibrake=1.00 hasABS=0 sy=0.00 split=1.000,0.875 ===
233.76950|I|libbeamng.print:18052| === LSTM_OBS t=630 21.84382,21.96155,21.69520,21.82372,0.00000,0.00000,0.00000,-0.00713,0.00000,0.00000,0.00049,1.00000,0.00000,0.00000,0.00000,6207.84710,0.00000 ===
233.81946|I|libbeamng.print:18052| === LSTM_TRACE t=640 v=21.78 ws=21.81,21.81,21.62,21.72 cmd=0.012,0.029,0.003,0.003 cap=38,90,19,19 des=38,90,17,17 app=35,85,16,16 abs=nil,nil,nil,nil ebrake=1.00 ibrake=1.00 hasABS=0 sy=0.00 split=1.000,0.875 ===
233.81955|I|libbeamng.print:18052| === LSTM_OBS t=640 21.80570,21.80819,21.62010,21.71779,0.00000,0.00000,0.00000,0.00300,0.00000,0.00000,0.00000,1.00000,0.00000,0.00000,0.00000,6185.02954,0.00000 ===
233.86991|I|libbeamng.print:18052| === LSTM_TRACE t=650 v=21.70 ws=21.75,21.83,21.53,21.63 cmd=0.008,0.019,0.002,0.003 cap=31,62,19,19 des=31,62,17,17 app=29,59,16,16 abs=nil,nil,nil,nil ebrake=1.00 ibrake=1.00 hasABS=0 sy=0.00 split=1.000,0.875 ===
233.86995|I|libbeamng.print:18052| === LSTM_OBS t=650 21.74812,21.83299,21.53025,21.63343,0.00000,0.00000,0.00000,0.00637,0.00000,0.00000,0.00049,1.00000,0.00000,0.00000,0.00000,6160.78719,0.00000 ===
233.91951|I|libbeamng.print:18052| === LSTM_TRACE t=660 v=21.62 ws=21.63,21.75,21.44,21.54 cmd=0.009,0.022,0.002,0.003 cap=31,65,19,19 des=31,65,17,17 app=29,62,16,16 abs=nil,nil,nil,nil ebrake=1.00 ibrake=1.00 hasABS=0 sy=0.00 split=1.000,0.875 ===
233.91956|I|libbeamng.print:18052| === LSTM_OBS t=660 21.63380,21.74635,21.43640,21.53540,0.00000,0.00000,0.00000,-0.01281,0.00000,0.00000,0.00049,1.00000,0.00000,0.00000,0.00000,6137.71176,0.00000 ===
233.96940|I|libbeamng.print:18052| === LSTM_TRACE t=670 v=21.53 ws=21.55,21.58,21.45,21.50 cmd=0.012,0.028,0.003,0.003 cap=40,91,19,19 des=40,91,17,17 app=37,87,16,16 abs=nil,nil,nil,nil ebrake=1.00 ibrake=1.00 hasABS=0 sy=0.00 split=1.000,0.875 ===
233.96944|I|libbeamng.print:18052| === LSTM_OBS t=670 21.54524,21.57774,21.44954,21.49657,0.00000,0.00000,0.00000,-0.00579,0.00000,0.00000,0.00049,1.00000,0.00000,0.00000,0.00000,6114.02742,0.00000 ===
234.01937|I|libbeamng.print:18052| === LSTM_TRACE t=680 v=21.45 ws=21.48,21.58,21.27,21.38 cmd=0.007,0.018,0.002,0.003 cap=31,57,19,19 des=31,57,17,17 app=29,54,16,16 abs=nil,nil,nil,nil ebrake=1.00 ibrake=1.00 hasABS=0 sy=0.00 split=1.000,0.875 ===
234.01941|I|libbeamng.print:18052| === LSTM_OBS t=680 21.48239,21.57542,21.26981,21.37746,0.00000,0.00000,0.00000,0.00149,0.00000,0.00000,0.00000,1.00000,0.00000,0.00000,0.00000,6090.16128,0.00000 ===
234.06951|I|libbeamng.print:18052| === LSTM_TRACE t=690 v=21.36 ws=21.32,21.46,21.25,21.26 cmd=0.010,0.023,0.003,0.003 cap=31,69,19,19 des=31,69,17,17 app=29,66,16,16 abs=nil,nil,nil,nil ebrake=1.00 ibrake=1.00 hasABS=0 sy=0.00 split=1.000,0.875 ===
234.06955|I|libbeamng.print:18052| === LSTM_OBS t=690 21.31908,21.46020,21.24684,21.26155,0.00000,0.00000,0.00000,-0.00512,0.00000,0.00000,0.00000,1.00000,0.00000,0.00000,0.00000,6066.36818,0.00000 ===
234.11944|I|libbeamng.print:18052| === LSTM_TRACE t=700 v=21.27 ws=21.34,21.41,21.10,21.31 cmd=0.012,0.029,0.003,0.003 cap=41,93,19,19 des=41,93,17,17 app=38,89,16,16 abs=nil,nil,nil,nil ebrake=1.00 ibrake=1.00 hasABS=0 sy=0.00 split=1.000,0.875 ===
234.11948|I|libbeamng.print:18052| === LSTM_OBS t=700 21.34175,21.40859,21.10294,21.30709,0.00000,0.00000,0.00000,0.01021,0.00000,0.00000,0.00049,1.00000,0.00000,0.00000,0.00000,6042.50381,0.00000 ===
234.16973|I|libbeamng.print:18052| === LSTM_TRACE t=710 v=21.19 ws=21.22,21.27,21.02,21.18 cmd=0.007,0.018,0.002,0.002 cap=31,57,19,19 des=31,57,17,17 app=29,54,16,16 abs=nil,nil,nil,nil ebrake=1.00 ibrake=1.00 hasABS=0 sy=0.00 split=1.000,0.875 ===
234.16977|I|libbeamng.print:18052| === LSTM_OBS t=710 21.22410,21.27161,21.02239,21.17748,0.00000,0.00000,0.00000,-0.00258,0.00000,0.00000,0.00069,1.00000,0.00000,0.00000,0.00000,6018.17271,0.00000 ===
234.21941|I|libbeamng.print:18052| === LSTM_TRACE t=720 v=21.12 ws=21.11,21.25,20.96,21.08 cmd=0.011,0.025,0.003,0.003 cap=31,70,19,19 des=31,70,17,17 app=29,67,16,16 abs=nil,nil,nil,nil ebrake=1.00 ibrake=1.00 hasABS=0 sy=0.00 split=1.000,0.875 ===
234.21945|I|libbeamng.print:18052| === LSTM_OBS t=720 21.10880,21.24834,20.95863,21.07516,0.00000,0.00000,0.00000,-0.01267,0.00000,0.00000,0.00069,1.00000,0.00000,0.00000,0.00000,5994.67213,0.00000 ===
234.26952|I|libbeamng.print:18052| === LSTM_TRACE t=730 v=21.04 ws=21.05,21.17,20.89,21.00 cmd=0.013,0.029,0.003,0.003 cap=39,90,19,19 des=39,90,17,17 app=37,86,16,16 abs=nil,nil,nil,nil ebrake=1.00 ibrake=1.00 hasABS=0 sy=0.00 split=1.000,0.875 ===
234.26960|I|libbeamng.print:18052| === LSTM_OBS t=730 21.04929,21.17187,20.88540,21.00476,0.00000,0.00000,0.00000,-0.01610,0.00000,0.00000,0.00049,1.00000,0.00000,0.00000,0.00000,5970.55778,0.00000 ===
234.31976|I|libbeamng.print:18052| === LSTM_TRACE t=740 v=20.95 ws=21.03,21.10,20.80,20.90 cmd=0.008,0.019,0.002,0.002 cap=31,54,19,19 des=31,54,17,17 app=29,52,16,16 abs=nil,nil,nil,nil ebrake=1.00 ibrake=1.00 hasABS=0 sy=0.00 split=1.000,0.875 ===
234.31980|I|libbeamng.print:18052| === LSTM_OBS t=740 21.02563,21.10307,20.80377,20.89967,0.00000,0.00000,0.00000,-0.00481,0.00000,0.00000,0.00049,1.00000,0.00000,0.00000,0.00000,5946.30575,0.00000 ===
234.36667|I|libbeamng.print:18052| === LSTM_TRACE t=750 v=20.87 ws=20.91,20.99,20.73,20.79 cmd=0.012,0.025,0.003,0.003 cap=33,73,19,19 des=33,73,17,17 app=31,69,16,16 abs=nil,nil,nil,nil ebrake=1.00 ibrake=1.00 hasABS=0 sy=0.00 split=1.000,0.875 ===
234.36672|I|libbeamng.print:18052| === LSTM_OBS t=750 20.90596,20.98704,20.72917,20.79271,0.00000,0.00000,0.00000,-0.00483,0.00000,0.00000,0.00000,1.00000,0.00000,0.00000,0.00000,5923.98542,0.00000 ===
234.42855|I|libbeamng.print:18052| === LSTM_TRACE t=760 v=20.78 ws=20.79,20.89,20.65,20.75 cmd=0.011,0.027,0.004,0.004 cap=37,86,19,19 des=37,86,17,17 app=35,82,16,16 abs=nil,nil,nil,nil ebrake=1.00 ibrake=1.00 hasABS=0 sy=0.00 split=1.000,0.875 ===
234.42860|I|libbeamng.print:18052| === LSTM_OBS t=760 20.78774,20.89155,20.64791,20.75255,0.00000,0.00000,0.00000,-0.00484,0.00000,0.00000,0.00000,1.00000,0.00000,0.00000,0.00000,5901.29188,0.00000 ===
234.47515|I|libbeamng.print:18052| === LSTM_TRACE t=770 v=20.70 ws=20.72,20.82,20.55,20.70 cmd=0.008,0.019,0.002,0.002 cap=31,56,19,19 des=31,56,17,17 app=29,53,16,16 abs=nil,nil,nil,nil ebrake=1.00 ibrake=1.00 hasABS=0 sy=0.00 split=1.000,0.875 ===
234.47520|I|libbeamng.print:18052| === LSTM_OBS t=770 20.71799,20.82235,20.54750,20.70163,0.00000,0.00000,0.00000,-0.00558,0.00000,0.00000,0.00000,1.00000,0.00000,0.00000,0.00000,5878.01654,0.00000 ===
234.52333|I|libbeamng.print:18052| === LSTM_TRACE t=780 v=20.62 ws=20.64,20.73,20.45,20.64 cmd=0.012,0.026,0.003,0.003 cap=36,77,19,19 des=36,77,17,17 app=34,74,16,16 abs=nil,nil,nil,nil ebrake=1.00 ibrake=1.00 hasABS=0 sy=0.00 split=1.000,0.875 ===
234.52338|I|libbeamng.print:18052| === LSTM_OBS t=780 20.64013,20.72621,20.45225,20.64256,0.00000,0.00000,0.00000,0.00063,0.00000,0.00000,0.00049,1.00000,0.00000,0.00000,0.00000,5852.02029,0.00000 ===
234.56945|I|libbeamng.print:18052| === LSTM_TRACE t=790 v=20.53 ws=20.59,20.70,20.37,20.52 cmd=0.011,0.026,0.003,0.004 cap=36,84,19,19 des=36,84,17,17 app=34,80,16,16 abs=nil,nil,nil,nil ebrake=1.00 ibrake=1.00 hasABS=0 sy=0.00 split=1.000,0.875 ===
234.56949|I|libbeamng.print:18052| === LSTM_OBS t=790 20.59445,20.69845,20.36522,20.51692,0.00000,0.00000,0.00000,0.00057,0.00000,0.00000,0.00000,1.00000,0.00000,0.00000,0.00000,5829.71078,0.00000 ===
234.61955|I|libbeamng.print:18052| === LSTM_TRACE t=800 v=20.45 ws=20.51,20.63,20.30,20.37 cmd=0.009,0.021,0.002,0.002 cap=31,60,19,19 des=31,60,17,17 app=29,57,16,16 abs=nil,nil,nil,nil ebrake=1.00 ibrake=1.00 hasABS=0 sy=0.00 split=1.000,0.875 ===
234.61959|I|libbeamng.print:18052| === LSTM_OBS t=800 20.50722,20.63157,20.30200,20.37251,0.00000,0.00000,0.00000,-0.00452,0.00000,0.00000,0.00085,1.00000,0.00000,0.00000,0.00000,5805.58522,0.00000 ===
234.66957|I|libbeamng.print:18052| === LSTM_TRACE t=810 v=20.36 ws=20.36,20.46,20.20,20.27 cmd=0.014,0.028,0.003,0.003 cap=44,88,19,19 des=44,88,17,17 app=41,84,16,16 abs=nil,nil,nil,nil ebrake=1.00 ibrake=1.00 hasABS=0 sy=0.00 split=1.000,0.875 ===
234.66962|I|libbeamng.print:18052| === LSTM_OBS t=810 20.35777,20.46032,20.19651,20.27489,0.00000,0.00000,0.00000,0.00271,0.00000,0.00000,0.00049,1.00000,0.00000,0.00000,0.00000,5781.04058,0.00000 ===
234.71863|I|libbeamng.print:18052| === LSTM_TRACE t=820 v=20.28 ws=20.30,20.39,20.17,20.22 cmd=0.009,0.021,0.003,0.004 cap=32,73,19,19 des=32,73,17,17 app=30,69,16,16 abs=nil,nil,nil,nil ebrake=1.00 ibrake=1.00 hasABS=0 sy=0.00 split=1.000,0.875 ===
234.71875|I|libbeamng.print:18052| === LSTM_OBS t=820 20.29543,20.38745,20.17049,20.22147,0.00000,0.00000,0.00000,-0.00025,0.00000,0.00000,0.00069,1.00000,0.00000,0.00000,0.00000,5756.61291,0.00000 ===
234.76839|I|libbeamng.print:18052| === LSTM_TRACE t=830 v=20.21 ws=20.30,20.36,20.03,20.21 cmd=0.010,0.022,0.002,0.002 cap=31,65,19,19 des=31,65,17,17 app=29,62,16,16 abs=nil,nil,nil,nil ebrake=1.00 ibrake=1.00 hasABS=0 sy=0.00 split=1.000,0.875 ===
234.76843|I|libbeamng.print:18052| === LSTM_OBS t=830 20.29791,20.35527,20.03068,20.21158,0.00000,0.00000,0.00000,-0.00686,0.00000,0.00000,0.00049,1.00000,0.00000,0.00000,0.00000,5729.79739,0.00000 ===
234.81840|I|libbeamng.print:18052| === LSTM_TRACE t=840 v=20.11 ws=20.09,20.17,19.96,20.05 cmd=0.016,0.031,0.003,0.003 cap=48,95,19,19 des=48,95,17,17 app=45,90,16,16 abs=nil,nil,nil,nil ebrake=1.00 ibrake=1.00 hasABS=0 sy=0.00 split=1.000,0.875 ===
234.81844|I|libbeamng.print:18052| === LSTM_OBS t=840 20.08591,20.17349,19.96008,20.04946,0.00000,0.00000,0.00000,-0.00148,0.00000,0.00000,0.00000,1.00000,0.00000,0.00000,0.00000,5710.77616,0.00000 ===
234.86936|I|libbeamng.print:18052| === LSTM_TRACE t=850 v=20.03 ws=20.11,20.20,19.96,19.97 cmd=0.010,0.020,0.003,0.003 cap=31,65,19,19 des=31,65,17,17 app=29,62,16,16 abs=nil,nil,nil,nil ebrake=1.00 ibrake=1.00 hasABS=0 sy=0.00 split=1.000,0.875 ===
234.86940|I|libbeamng.print:18052| === LSTM_OBS t=850 20.10683,20.19849,19.95506,19.97316,0.00000,0.00000,0.00000,0.00774,0.00000,0.00000,0.00049,1.00000,0.00000,0.00000,0.00000,5687.53122,0.00000 ===
234.91883|I|libbeamng.print:18052| === LSTM_TRACE t=860 v=19.95 ws=19.95,20.00,19.78,19.95 cmd=0.011,0.024,0.002,0.002 cap=36,75,19,19 des=36,75,17,17 app=33,71,16,16 abs=nil,nil,nil,nil ebrake=1.00 ibrake=1.00 hasABS=0 sy=0.00 split=1.000,0.875 ===
234.91887|I|libbeamng.print:18052| === LSTM_OBS t=860 19.94909,19.99732,19.77792,19.94981,0.00000,0.00000,0.00000,-0.00256,0.00000,0.00000,0.00049,1.00000,0.00000,0.00000,0.00000,5660.37219,0.00000 ===
234.96887|I|libbeamng.print:18052| === LSTM_TRACE t=870 v=19.86 ws=19.93,19.96,19.69,19.78 cmd=0.018,0.035,0.004,0.004 cap=52,103,19,19 des=52,103,17,17 app=49,98,16,16 abs=nil,nil,nil,nil ebrake=1.00 ibrake=1.00 hasABS=0 sy=0.00 split=1.000,0.875 ===
234.96891|I|libbeamng.print:18052| === LSTM_OBS t=870 19.92502,19.96357,19.68591,19.77636,0.00000,0.00000,0.00000,-0.00112,0.00000,0.00000,0.00000,1.00000,0.00000,0.00000,0.00000,5636.17830,0.00000 ===
235.02011|I|libbeamng.print:18052| === LSTM_TRACE t=880 v=19.79 ws=19.82,19.95,19.65,19.69 cmd=0.012,0.023,0.002,0.002 cap=36,70,19,19 des=36,70,17,17 app=34,66,16,16 abs=nil,nil,nil,nil ebrake=1.00 ibrake=1.00 hasABS=0 sy=0.00 split=1.000,0.875 ===
235.02014|I|libbeamng.print:18052| === LSTM_OBS t=880 19.82483,19.95176,19.64894,19.69225,0.00000,0.00000,0.00000,-0.00195,0.00000,0.00000,0.00049,1.00000,0.00000,0.00000,0.00000,5611.77378,0.00000 ===
235.07017|I|libbeamng.print:18052| === LSTM_TRACE t=890 v=19.71 ws=19.70,19.77,19.55,19.61 cmd=0.015,0.029,0.002,0.003 cap=43,85,19,19 des=43,85,17,17 app=40,81,16,16 abs=nil,nil,nil,nil ebrake=1.00 ibrake=1.00 hasABS=0 sy=0.00 split=1.000,0.875 ===
235.07021|I|libbeamng.print:18052| === LSTM_OBS t=890 19.69776,19.77470,19.54552,19.61468,0.00000,0.00000,0.00000,-0.00786,0.00000,0.00000,0.00069,1.00000,0.00000,0.00000,0.00000,5587.20242,0.00000 ===
235.12013|I|libbeamng.print:18052| === LSTM_TRACE t=900 v=19.61 ws=19.59,19.66,19.46,19.54 cmd=0.014,0.030,0.005,0.006 cap=54,110,19,19 des=54,110,17,17 app=51,104,16,16 abs=nil,nil,nil,nil ebrake=1.00 ibrake=1.00 hasABS=0 sy=0.00 split=1.000,0.875 ===
235.12017|I|libbeamng.print:18052| === LSTM_OBS t=900 19.59228,19.66432,19.45519,19.53840,0.00000,0.00000,0.00000,0.00309,0.00000,0.00000,0.00069,1.00000,0.00000,0.00000,0.00000,5562.74710,0.00000 ===
235.17021|I|libbeamng.print:18052| === LSTM_TRACE t=910 v=19.52 ws=19.55,19.58,19.35,19.42 cmd=0.014,0.027,0.002,0.002 cap=43,81,19,19 des=43,81,17,17 app=41,77,16,16 abs=nil,nil,nil,nil ebrake=1.00 ibrake=1.00 hasABS=0 sy=0.00 split=1.000,0.875 ===
235.17028|I|libbeamng.print:18052| === LSTM_OBS t=910 19.55257,19.57524,19.34774,19.41649,0.00000,0.00000,0.00000,-0.00314,0.00000,0.00000,0.00049,1.00000,0.00000,0.00000,0.00000,5537.60127,0.00000 ===
235.21659|I|libbeamng.print:18052| === LSTM_TRACE t=920 v=19.44 ws=19.46,19.50,19.25,19.37 cmd=0.019,0.035,0.003,0.003 cap=57,106,19,19 des=57,106,17,17 app=54,101,16,16 abs=nil,nil,nil,nil ebrake=1.00 ibrake=1.00 hasABS=0 sy=0.00 split=1.000,0.875 ===
235.21663|I|libbeamng.print:18052| === LSTM_OBS t=920 19.46254,19.50338,19.25220,19.37441,0.00000,0.00000,0.00000,0.00080,0.00000,0.00000,0.00049,1.00000,0.00000,0.00000,0.00000,5515.91586,0.00000 ===
235.26700|I|libbeamng.print:18052| === LSTM_TRACE t=930 v=19.35 ws=19.37,19.40,19.16,19.27 cmd=0.018,0.031,0.005,0.006 cap=54,95,19,19 des=54,95,17,17 app=51,91,16,16 abs=nil,nil,nil,nil ebrake=1.00 ibrake=1.00 hasABS=0 sy=0.00 split=1.000,0.875 ===
235.26704|I|libbeamng.print:18052| === LSTM_OBS t=930 19.37120,19.39849,19.15835,19.27488,0.00000,0.00000,0.00000,-0.00543,0.00000,0.00000,0.00000,1.00000,0.00000,0.00000,0.00000,5490.53755,0.00000 ===
235.31755|I|libbeamng.print:18052| === LSTM_TRACE t=940 v=19.27 ws=19.26,19.32,19.11,19.26 cmd=0.020,0.035,0.003,0.003 cap=63,110,19,19 des=63,110,17,17 app=59,105,16,16 abs=nil,nil,nil,nil ebrake=1.00 ibrake=1.00 hasABS=0 sy=0.00 split=1.000,0.875 ===
235.31759|I|libbeamng.print:18052| === LSTM_OBS t=940 19.25534,19.32372,19.10919,19.25667,0.00000,0.00000,0.00000,-0.00175,0.00000,0.00000,0.00000,1.00000,0.00000,0.00000,0.00000,5465.22627,0.00000 ===
235.36708|I|libbeamng.print:18052| === LSTM_TRACE t=950 v=19.19 ws=19.17,19.20,19.06,19.11 cmd=0.029,0.051,0.012,0.013 cap=92,165,20,20 des=92,165,18,17 app=87,157,17,16 abs=nil,nil,nil,nil ebrake=1.00 ibrake=1.00 hasABS=0 sy=0.00 split=1.000,0.875 ===
235.36714|I|libbeamng.print:18052| === LSTM_OBS t=950 19.16547,19.20287,19.06383,19.11047,0.00000,0.00000,0.00000,-0.00524,0.00000,0.00000,0.00000,1.00000,0.00000,0.00000,0.00000,5440.07937,0.00000 ===
235.41741|I|libbeamng.print:18052| === LSTM_TRACE t=960 v=19.10 ws=19.05,19.20,18.91,18.98 cmd=0.042,0.053,0.004,0.005 cap=135,164,19,19 des=135,164,17,17 app=127,156,16,16 abs=nil,nil,nil,nil ebrake=1.00 ibrake=1.00 hasABS=0 sy=0.00 split=1.000,0.875 ===
235.41746|I|libbeamng.print:18052| === LSTM_OBS t=960 19.04947,19.20070,18.90746,18.98213,0.00000,0.00000,0.00000,-0.00409,0.00000,0.00000,0.00049,1.00000,0.00000,0.00000,0.00000,5414.08790,0.00000 ===
235.46782|I|libbeamng.print:18052| === LSTM_TRACE t=970 v=19.00 ws=19.00,19.00,18.84,18.92 cmd=0.052,0.075,0.020,0.018 cap=142,210,28,26 des=142,210,24,23 app=134,200,23,21 abs=nil,nil,nil,nil ebrake=1.00 ibrake=1.00 hasABS=0 sy=0.00 split=1.000,0.875 ===
235.46787|I|libbeamng.print:18052| === LSTM_OBS t=970 18.99505,19.00449,18.84396,18.92485,0.00000,0.00000,0.00000,-0.00192,0.00000,0.00000,0.00049,1.00000,0.00000,0.00000,0.00000,5386.33414,0.00000 ===
235.51725|I|libbeamng.print:18052| === LSTM_TRACE t=980 v=18.88 ws=18.77,18.85,18.69,18.83 cmd=0.107,0.105,0.026,0.030 cap=327,336,69,76 des=327,336,60,67 app=308,320,56,62 abs=nil,nil,nil,nil ebrake=1.00 ibrake=1.00 hasABS=0 sy=0.00 split=1.000,0.875 ===
235.51733|I|libbeamng.print:18052| === LSTM_OBS t=980 18.76558,18.84772,18.69188,18.82654,0.00000,0.00000,0.00000,-0.01129,0.00000,0.00000,0.00000,1.00000,0.00000,0.00000,0.00000,5354.05042,0.00000 ===
235.56740|I|libbeamng.print:18052| === LSTM_TRACE t=990 v=18.76 ws=18.68,18.74,18.62,18.69 cmd=0.054,0.065,0.012,0.012 cap=183,209,19,19 des=183,209,17,17 app=172,199,16,16 abs=nil,nil,nil,nil ebrake=1.00 ibrake=1.00 hasABS=0 sy=0.00 split=1.000,0.875 ===
235.56744|I|libbeamng.print:18052| === LSTM_OBS t=990 18.68119,18.74263,18.62220,18.69224,0.00000,0.00000,0.00000,0.00603,0.00000,0.00000,0.00049,1.00000,0.00000,0.00000,0.00000,5320.67423,0.00000 ===
235.61681|I|libbeamng.print:18052| === LSTM_TRACE t=1000 v=18.63 ws=18.22,18.41,18.49,18.51 cmd=0.230,0.228,0.163,0.154 cap=744,716,345,312 des=744,716,302,273 app=702,684,280,254 abs=nil,nil,nil,nil ebrake=1.00 ibrake=1.00 hasABS=0 sy=0.00 split=1.000,0.875 ===
235.61688|I|libbeamng.print:18052| === LSTM_OBS t=1000 18.22317,18.40694,18.49472,18.50676,0.00000,0.00000,0.00000,0.00733,0.00000,0.00000,0.00000,1.00000,0.00000,0.00000,0.00000,5285.12811,0.00000 ===
235.66771|I|libbeamng.print:18052| === LSTM_TRACE t=1010 v=18.46 ws=18.43,18.51,18.29,18.39 cmd=0.095,0.089,0.008,0.009 cap=315,285,19,19 des=315,285,17,17 app=298,273,16,16 abs=nil,nil,nil,nil ebrake=1.00 ibrake=1.00 hasABS=0 sy=0.00 split=1.000,0.875 ===
235.66775|I|libbeamng.print:18052| === LSTM_OBS t=1010 18.42678,18.51105,18.28665,18.38932,0.00000,0.00000,0.00000,0.00304,0.00000,0.00000,0.00069,1.00000,0.00000,0.00000,0.00000,5236.85512,0.00000 ===
235.71821|I|libbeamng.print:18052| === LSTM_TRACE t=1020 v=18.36 ws=18.20,18.31,18.20,18.27 cmd=0.101,0.114,0.063,0.047 cap=292,326,78,57 des=292,326,68,50 app=276,312,64,47 abs=nil,nil,nil,nil ebrake=1.00 ibrake=1.00 hasABS=0 sy=0.00 split=1.000,0.875 ===
235.71825|I|libbeamng.print:18052| === LSTM_OBS t=1020 18.20458,18.30929,18.20103,18.27062,0.00000,0.00000,0.00000,-0.00227,0.00000,0.00000,0.00000,1.00000,0.00000,0.00000,0.00000,5205.26185,0.00000 ===
235.76807|I|libbeamng.print:18052| === LSTM_TRACE t=1030 v=18.18 ws=18.07,18.27,18.07,18.06 cmd=0.208,0.151,0.028,0.033 cap=637,499,89,101 des=637,499,78,88 app=604,478,73,82 abs=nil,nil,nil,nil ebrake=1.00 ibrake=1.00 hasABS=0 sy=0.00 split=1.000,0.875 ===
235.76811|I|libbeamng.print:18052| === LSTM_OBS t=1030 18.06678,18.26959,18.07121,18.06218,0.00000,0.00000,0.00000,0.00090,0.00000,0.00000,0.00091,1.00000,0.00000,0.00000,0.00000,5159.71157,0.00000 ===
235.81742|I|libbeamng.print:18052| === LSTM_TRACE t=1040 v=18.06 ws=18.04,18.17,17.95,17.96 cmd=0.073,0.075,0.009,0.009 cap=207,217,19,19 des=207,217,17,17 app=196,208,16,16 abs=nil,nil,nil,nil ebrake=1.00 ibrake=1.00 hasABS=0 sy=0.00 split=1.000,0.875 ===
235.81746|I|libbeamng.print:18052| === LSTM_OBS t=1040 18.03741,18.17235,17.94626,17.95963,0.00000,0.00000,0.00000,-0.00200,0.00000,0.00000,0.00000,1.00000,0.00000,0.00000,0.00000,5120.32842,0.00000 ===
235.86801|I|libbeamng.print:18052| === LSTM_TRACE t=1050 v=17.93 ws=17.69,17.85,17.72,17.81 cmd=0.211,0.189,0.165,0.148 cap=538,491,292,256 des=538,491,255,224 app=511,471,238,209 abs=nil,nil,nil,nil ebrake=1.00 ibrake=1.00 hasABS=0 sy=0.00 split=1.000,0.875 ===
235.86807|I|libbeamng.print:18052| === LSTM_OBS t=1050 17.68992,17.85402,17.72454,17.81117,0.00000,0.00000,0.00000,0.00852,0.00000,0.00000,0.00000,1.00000,0.00000,0.00000,0.00000,5089.41765,0.00000 ===
235.91904|I|libbeamng.print:18052| === LSTM_TRACE t=1060 v=17.76 ws=17.56,17.68,17.59,17.77 cmd=0.091,0.085,0.008,0.009 cap=404,339,19,20 des=404,339,17,17 app=384,325,16,16 abs=nil,nil,nil,nil ebrake=1.00 ibrake=1.00 hasABS=0 sy=0.00 split=1.000,0.875 ===
235.91912|I|libbeamng.print:18052| === LSTM_OBS t=1060 17.55749,17.68173,17.59300,17.77006,0.00000,0.00000,0.00000,0.00551,0.00000,0.00000,0.00000,1.00000,0.00000,0.00000,0.00000,5042.35282,0.00000 ===
235.97102|I|libbeamng.print:18052| === LSTM_TRACE t=1070 v=17.66 ws=17.60,17.70,17.50,17.57 cmd=0.084,0.095,0.029,0.022 cap=231,257,40,31 des=231,257,35,27 app=219,247,32,25 abs=nil,nil,nil,nil ebrake=1.00 ibrake=1.00 hasABS=0 sy=0.00 split=1.000,0.875 ===
235.97108|I|libbeamng.print:18052| === LSTM_OBS t=1070 17.59648,17.69513,17.50382,17.57101,0.00000,0.00000,0.00000,-0.00122,0.00000,0.00000,0.00000,1.00000,0.00000,0.00000,0.00000,5009.79683,0.00000 ===
236.01802|I|libbeamng.print:18052| === LSTM_TRACE t=1080 v=17.51 ws=17.38,17.42,17.44,17.42 cmd=0.150,0.132,0.041,0.047 cap=462,436,123,135 des=462,436,107,118 app=440,418,100,110 abs=nil,nil,nil,nil ebrake=1.00 ibrake=1.00 hasABS=0 sy=0.00 split=1.000,0.875 ===
236.01806|I|libbeamng.print:18052| === LSTM_OBS t=1080 17.37728,17.41733,17.44271,17.42166,0.00000,0.00000,0.00000,-0.00675,0.00000,0.00000,0.00049,1.00000,0.00000,0.00000,0.00000,4972.06614,0.00000 ===
236.06802|I|libbeamng.print:18052| === LSTM_TRACE t=1090 v=17.39 ws=17.45,17.51,17.22,17.33 cmd=0.072,0.077,0.007,0.007 cap=195,213,19,19 des=195,213,17,17 app=186,205,16,16 abs=nil,nil,nil,nil ebrake=1.00 ibrake=1.00 hasABS=0 sy=0.00 split=1.000,0.875 ===
236.06806|I|libbeamng.print:18052| === LSTM_OBS t=1090 17.45088,17.50716,17.22438,17.32981,0.00000,0.00000,0.00000,-0.00022,0.00000,0.00000,0.00049,1.00000,0.00000,0.00000,0.00000,4937.50073,0.00000 ===
236.11757|I|libbeamng.print:18052| === LSTM_TRACE t=1100 v=17.27 ws=17.09,17.23,17.15,17.20 cmd=0.115,0.115,0.101,0.090 cap=361,378,151,130 des=361,378,133,114 app=344,363,124,106 abs=nil,nil,nil,nil ebrake=1.00 ibrake=1.00 hasABS=0 sy=0.00 split=1.000,0.875 ===
236.11762|I|libbeamng.print:18052| === LSTM_OBS t=1100 17.08770,17.23079,17.14787,17.20178,0.00000,0.00000,0.00000,0.00390,0.00000,0.00000,0.00069,1.00000,0.00000,0.00000,0.00000,4906.33381,0.00000 ===
236.16773|I|libbeamng.print:18052| === LSTM_TRACE t=1110 v=17.13 ws=16.96,17.13,17.11,17.07 cmd=0.090,0.084,0.006,0.008 cap=394,333,19,19 des=394,333,17,17 app=375,320,16,16 abs=nil,nil,nil,nil ebrake=1.00 ibrake=1.00 hasABS=0 sy=0.00 split=1.000,0.875 ===
236.16777|I|libbeamng.print:18052| === LSTM_OBS t=1110 16.96378,17.13393,17.11051,17.07384,0.00000,0.00000,0.00000,-0.00334,0.00000,0.00000,0.00000,1.00000,0.00000,0.00000,0.00000,4866.67446,0.00000 ===
236.21808|I|libbeamng.print:18052| === LSTM_TRACE t=1120 v=17.03 ws=16.96,17.01,16.92,17.06 cmd=0.064,0.076,0.018,0.015 cap=204,234,26,22 des=204,234,23,19 app=194,224,21,18 abs=nil,nil,nil,nil ebrake=1.00 ibrake=1.00 hasABS=0 sy=0.00 split=1.000,0.875 ===
236.21811|I|libbeamng.print:18052| === LSTM_OBS t=1120 16.95978,17.00712,16.91755,17.05617,0.00000,0.00000,0.00000,0.00316,0.00000,0.00000,0.00000,1.00000,0.00000,0.00000,0.00000,4835.68421,0.00000 ===
236.26782|I|libbeamng.print:18052| === LSTM_TRACE t=1130 v=16.91 ws=16.82,16.82,16.90,16.84 cmd=0.113,0.109,0.035,0.039 cap=369,366,102,108 des=369,366,89,95 app=351,352,83,88 abs=nil,nil,nil,nil ebrake=1.00 ibrake=1.00 hasABS=0 sy=0.00 split=1.000,0.875 ===
236.26786|I|libbeamng.print:18052| === LSTM_OBS t=1130 16.81985,16.81866,16.90492,16.84103,0.00000,0.00000,0.00000,-0.00123,0.00000,0.00000,0.00000,1.00000,0.00000,0.00000,0.00000,4801.85903,0.00000 ===
236.31741|I|libbeamng.print:18052| === LSTM_TRACE t=1140 v=16.79 ws=16.75,16.78,16.70,16.77 cmd=0.056,0.065,0.006,0.007 cap=198,222,19,19 des=198,222,17,17 app=189,214,16,16 abs=nil,nil,nil,nil ebrake=1.00 ibrake=1.00 hasABS=0 sy=0.00 split=1.000,0.875 ===
236.31744|I|libbeamng.print:18052| === LSTM_OBS t=1140 16.75171,16.78245,16.69515,16.76784,0.00000,0.00000,0.00000,0.00038,0.00000,0.00000,0.00000,1.00000,0.00000,0.00000,0.00000,4769.08553,0.00000 ===
236.36788|I|libbeamng.print:18052| === LSTM_TRACE t=1150 v=16.68 ws=16.56,16.64,16.59,16.59 cmd=0.084,0.095,0.059,0.053 cap=271,318,90,78 des=271,318,79,68 app=258,305,74,64 abs=nil,nil,nil,nil ebrake=1.00 ibrake=1.00 hasABS=0 sy=0.00 split=1.000,0.875 ===
236.36792|I|libbeamng.print:18052| === LSTM_OBS t=1150 16.56250,16.64323,16.59279,16.59264,0.00000,0.00000,0.00000,-0.00144,0.00000,0.00000,0.00000,1.00000,0.00000,0.00000,0.00000,4739.67602,0.00000 ===
236.41838|I|libbeamng.print:18052| === LSTM_TRACE t=1160 v=16.56 ws=16.50,16.58,16.41,16.51 cmd=0.086,0.085,0.005,0.006 cap=306,285,19,19 des=306,285,17,17 app=292,274,16,16 abs=nil,nil,nil,nil ebrake=1.00 ibrake=1.00 hasABS=0 sy=0.00 split=1.000,0.875 ===
236.41843|I|libbeamng.print:18052| === LSTM_OBS t=1160 16.50239,16.58363,16.40523,16.51348,0.00000,0.00000,0.00000,0.00231,0.00000,0.00000,0.00000,1.00000,0.00000,0.00000,0.00000,4705.92315,0.00000 ===
236.46919|I|libbeamng.print:18052| === LSTM_TRACE t=1170 v=16.46 ws=16.42,16.53,16.34,16.51 cmd=0.070,0.083,0.013,0.011 cap=189,225,21,19 des=189,225,19,17 app=180,216,17,16 abs=nil,nil,nil,nil ebrake=1.00 ibrake=1.00 hasABS=0 sy=0.00 split=1.000,0.875 ===
236.46923|I|libbeamng.print:18052| === LSTM_OBS t=1170 16.41936,16.52912,16.33948,16.50911,0.00000,0.00000,0.00000,-0.01198,0.00000,0.00000,0.00000,1.00000,0.00000,0.00000,0.00000,4676.15700,0.00000 ===
236.51743|I|libbeamng.print:18052| === LSTM_TRACE t=1180 v=16.36 ws=16.28,16.33,16.26,16.27 cmd=0.090,0.086,0.018,0.021 cap=276,275,53,58 des=276,275,46,51 app=263,264,43,47 abs=nil,nil,nil,nil ebrake=1.00 ibrake=1.00 hasABS=0 sy=0.00 split=1.000,0.875 ===
236.51747|I|libbeamng.print:18052| === LSTM_OBS t=1180 16.28022,16.33286,16.26223,16.27003,0.00000,0.00000,0.00000,-0.00362,0.00000,0.00000,0.00000,1.00000,0.00000,0.00000,0.00000,4644.28218,0.00000 ===
236.56792|I|libbeamng.print:18052| === LSTM_TRACE t=1190 v=16.24 ws=16.22,16.31,16.20,16.24 cmd=0.064,0.075,0.006,0.006 cap=193,227,19,19 des=193,227,17,17 app=184,218,16,16 abs=nil,nil,nil,nil ebrake=1.00 ibrake=1.00 hasABS=0 sy=0.00 split=1.000,0.875 ===
236.56795|I|libbeamng.print:18052| === LSTM_OBS t=1190 16.22135,16.30968,16.20014,16.23840,0.00000,0.00000,0.00000,-0.00977,0.00000,0.00000,0.00000,1.00000,0.00000,0.00000,0.00000,4612.82100,0.00000 ===
236.61734|I|libbeamng.print:18052| === LSTM_TRACE t=1200 v=16.14 ws=16.11,16.09,15.97,16.06 cmd=0.067,0.079,0.031,0.031 cap=196,243,56,53 des=196,243,49,47 app=187,234,46,43 abs=nil,nil,nil,nil ebrake=1.00 ibrake=1.00 hasABS=0 sy=0.00 split=1.000,0.875 ===
236.61738|I|libbeamng.print:18052| === LSTM_OBS t=1200 16.11224,16.09199,15.97077,16.05834,0.00000,0.00000,0.00000,-0.00345,0.00000,0.00000,0.00000,1.00000,0.00000,0.00000,0.00000,4585.90820,0.00000 ===
236.66775|I|libbeamng.print:18052| === LSTM_TRACE t=1210 v=16.04 ws=15.99,16.12,15.95,15.99 cmd=0.070,0.078,0.004,0.005 cap=224,243,19,19 des=224,243,17,17 app=213,233,16,16 abs=nil,nil,nil,nil ebrake=1.00 ibrake=1.00 hasABS=0 sy=0.00 split=1.000,0.875 ===
236.66780|I|libbeamng.print:18052| === LSTM_OBS t=1210 15.98712,16.11805,15.94763,15.99431,0.00000,0.00000,0.00000,-0.00934,0.00000,0.00000,0.00000,1.00000,0.00000,0.00000,0.00000,4555.62770,0.00000 ===
236.71780|I|libbeamng.print:18052| === LSTM_TRACE t=1220 v=15.92 ws=15.80,15.93,15.82,15.97 cmd=0.058,0.073,0.013,0.012 cap=214,255,20,19 des=214,255,18,17 app=204,245,17,16 abs=nil,nil,nil,nil ebrake=1.00 ibrake=1.00 hasABS=0 sy=0.00 split=1.000,0.875 ===
236.71784|I|libbeamng.print:18052| === LSTM_OBS t=1220 15.80109,15.93064,15.81542,15.97054,0.00000,0.00000,0.00000,0.00466,0.00000,0.00000,0.00049,1.00000,0.00000,0.00000,0.00000,4526.19329,0.00000 ===
236.76792|I|libbeamng.print:18052| === LSTM_TRACE t=1230 v=15.83 ws=15.75,15.85,15.44,15.67 cmd=0.085,0.083,0.005,0.007 cap=241,238,19,19 des=241,238,17,17 app=229,229,16,16 abs=nil,nil,nil,nil ebrake=1.00 ibrake=1.00 hasABS=0 sy=0.00 split=1.000,0.875 ===
236.76795|I|libbeamng.print:18052| === LSTM_OBS t=1230 15.75208,15.84583,15.44085,15.67176,0.00000,0.00000,0.00000,-0.00562,0.00000,0.00000,0.00000,1.00000,0.00000,0.00000,0.00000,4503.39089,0.00000 ===
236.81764|I|libbeamng.print:18052| === LSTM_TRACE t=1240 v=15.61 ws=15.60,15.64,15.19,15.25 cmd=0.061,0.075,0.005,0.005 cap=186,227,19,19 des=186,227,17,17 app=178,219,16,16 abs=nil,nil,nil,nil ebrake=1.00 ibrake=1.00 hasABS=0 sy=0.00 split=1.000,0.875 ===
236.81767|I|libbeamng.print:18052| === LSTM_OBS t=1240 15.60398,15.63559,15.19064,15.24825,0.00000,0.00000,0.00000,-0.00205,0.00000,0.00000,0.00000,1.00000,0.00000,0.00000,0.00000,4654.91021,0.00000 ===
236.86800|I|libbeamng.print:18052| === LSTM_TRACE t=1250 v=15.37 ws=15.35,15.43,14.83,14.93 cmd=0.067,0.081,0.009,0.009 cap=190,235,19,19 des=190,235,17,17 app=181,226,16,16 abs=nil,nil,nil,nil ebrake=1.00 ibrake=1.00 hasABS=0 sy=0.00 split=1.000,0.875 ===
236.86804|I|libbeamng.print:18052| === LSTM_OBS t=1250 15.35213,15.42616,14.82622,14.92522,0.00000,0.00000,0.00000,-0.00772,0.00000,0.00000,0.00049,1.00000,0.00000,0.00000,0.00000,4937.56952,0.00000 ===
236.91768|I|libbeamng.print:18052| === LSTM_TRACE t=1260 v=15.12 ws=15.13,15.17,14.85,14.66 cmd=0.056,0.065,0.006,0.006 cap=193,217,19,19 des=193,217,17,17 app=184,208,16,16 abs=nil,nil,nil,nil ebrake=1.00 ibrake=1.00 hasABS=0 sy=0.00 split=1.000,0.875 ===
236.91773|I|libbeamng.print:18052| === LSTM_OBS t=1260 15.12752,15.16748,14.84867,14.65575,0.00000,0.00000,0.00000,0.00279,0.00000,0.00000,0.00000,1.00000,0.00000,0.00000,0.00000,5212.96203,0.00000 ===
236.96873|I|libbeamng.print:18052| === LSTM_TRACE t=1270 v=14.89 ws=14.83,14.90,14.40,14.63 cmd=0.064,0.081,0.017,0.013 cap=190,238,27,22 des=190,238,24,19 app=181,229,22,18 abs=nil,nil,nil,nil ebrake=1.00 ibrake=1.00 hasABS=0 sy=0.00 split=1.000,0.875 ===
236.96878|I|libbeamng.print:18052| === LSTM_OBS t=1270 14.83230,14.89855,14.39540,14.62503,0.00000,0.00000,0.00000,-0.00646,0.00000,0.00000,0.00000,1.00000,0.00000,0.00000,0.00000,5471.79022,0.00000 ===
237.01743|I|libbeamng.print:18052| === LSTM_TRACE t=1280 v=14.62 ws=14.72,14.70,14.18,14.19 cmd=0.083,0.083,0.033,0.036 cap=260,266,86,90 des=260,266,75,79 app=248,256,70,73 abs=nil,nil,nil,nil ebrake=1.00 ibrake=1.00 hasABS=0 sy=0.00 split=1.000,0.875 ===
237.01747|I|libbeamng.print:18052| === LSTM_OBS t=1280 14.71860,14.69600,14.18444,14.19157,0.00000,0.00000,0.00000,-0.00764,0.00000,0.00000,0.00000,1.00000,0.00000,0.00000,0.00000,5711.71491,0.00000 ===
237.06787|I|libbeamng.print:18052| === LSTM_TRACE t=1290 v=14.37 ws=14.37,14.52,14.09,14.11 cmd=0.050,0.066,0.008,0.007 cap=152,198,19,19 des=152,198,17,17 app=145,190,16,16 abs=nil,nil,nil,nil ebrake=1.00 ibrake=1.00 hasABS=0 sy=0.00 split=1.000,0.875 ===
237.06791|I|libbeamng.print:18052| === LSTM_OBS t=1290 14.37153,14.52310,14.09088,14.11347,0.00000,0.00000,0.00000,-0.00232,0.00000,0.00000,0.00000,1.00000,0.00000,0.00000,0.00000,5918.74491,0.00000 ===
237.11748|I|libbeamng.print:18052| === LSTM_TRACE t=1300 v=14.18 ws=14.02,14.05,14.13,14.11 cmd=0.173,0.184,0.200,0.157 cap=496,560,281,205 des=496,560,245,179 app=473,538,229,167 abs=nil,nil,nil,nil ebrake=1.00 ibrake=1.00 hasABS=0 sy=0.00 split=1.000,0.875 ===
237.11752|I|libbeamng.print:18052| === LSTM_OBS t=1300 14.01659,14.04876,14.12571,14.10815,0.00000,0.00000,0.00000,-0.00696,0.00000,0.00000,0.00049,1.00000,0.00000,0.00000,0.00000,6016.40012,0.00000 ===
237.16811|I|libbeamng.print:18052| === LSTM_TRACE t=1310 v=13.97 ws=14.05,14.11,13.80,13.85 cmd=0.124,0.121,0.049,0.065 cap=458,461,140,193 des=458,461,122,169 app=437,444,114,157 abs=nil,nil,nil,nil ebrake=1.00 ibrake=1.00 hasABS=0 sy=0.00 split=1.000,0.875 ===
237.16815|I|libbeamng.print:18052| === LSTM_OBS t=1310 14.04557,14.10832,13.80395,13.84634,0.00000,0.00000,0.00000,-0.00124,0.00000,0.00000,0.00115,1.00000,0.00000,0.00000,0.00000,5970.77514,0.00000 ===
237.21758|I|libbeamng.print:18052| === LSTM_TRACE t=1320 v=13.85 ws=13.92,13.86,13.72,13.85 cmd=0.054,0.070,0.008,0.007 cap=153,207,19,19 des=153,207,17,17 app=146,199,16,16 abs=nil,nil,nil,nil ebrake=1.00 ibrake=1.00 hasABS=0 sy=0.00 split=1.000,0.875 ===
237.21761|I|libbeamng.print:18052| === LSTM_OBS t=1320 13.92386,13.86206,13.72080,13.84669,0.00000,0.00000,0.00000,-0.00337,0.00000,0.00000,0.00000,1.00000,0.00000,0.00000,0.00000,5905.53280,0.00000 ===
237.26928|I|libbeamng.print:18052| === LSTM_TRACE t=1330 v=13.71 ws=13.48,13.53,13.65,13.66 cmd=0.168,0.190,0.156,0.121 cap=499,569,199,148 des=499,569,174,129 app=477,548,163,121 abs=nil,nil,nil,nil ebrake=1.00 ibrake=1.00 hasABS=0 sy=0.00 split=1.000,0.875 ===
237.26932|I|libbeamng.print:18052| === LSTM_OBS t=1330 13.47614,13.53028,13.65334,13.66036,0.00000,0.00000,0.00000,-0.00260,0.00000,0.00000,0.00000,1.00000,0.00000,0.00000,0.00000,5859.43646,0.00000 ===
237.31770|I|libbeamng.print:18052| === LSTM_TRACE t=1340 v=13.47 ws=13.46,13.51,13.39,13.41 cmd=0.191,0.193,0.077,0.107 cap=685,711,234,333 des=685,711,204,291 app=655,685,191,272 abs=nil,nil,nil,nil ebrake=1.00 ibrake=1.00 hasABS=0 sy=0.00 split=1.000,0.875 ===
237.31774|I|libbeamng.print:18052| === LSTM_OBS t=1340 13.45780,13.51273,13.39391,13.41482,0.00000,0.00000,0.00000,-0.00201,0.00000,0.00000,0.00115,1.00000,0.00000,0.00000,0.00000,5772.30098,0.00000 ===
237.36871|I|libbeamng.print:18052| === LSTM_TRACE t=1350 v=13.35 ws=13.35,13.40,13.17,13.28 cmd=0.059,0.078,0.008,0.007 cap=172,231,19,19 des=172,231,17,17 app=165,223,16,16 abs=nil,nil,nil,nil ebrake=1.00 ibrake=1.00 hasABS=0 sy=0.00 split=1.000,0.875 ===
237.36878|I|libbeamng.print:18052| === LSTM_OBS t=1350 13.34609,13.40380,13.17071,13.28351,0.00000,0.00000,0.00000,-0.00002,0.00000,0.00000,0.00000,1.00000,0.00000,0.00000,0.00000,5690.41462,0.00000 ===
237.41774|I|libbeamng.print:18052| === LSTM_TRACE t=1360 v=13.21 ws=13.06,13.16,13.02,13.15 cmd=0.169,0.192,0.102,0.076 cap=431,502,140,103 des=431,502,123,90 app=412,484,115,84 abs=nil,nil,nil,nil ebrake=1.00 ibrake=1.00 hasABS=0 sy=0.00 split=1.000,0.875 ===
237.41778|I|libbeamng.print:18052| === LSTM_OBS t=1360 13.06324,13.15727,13.01888,13.15247,0.00000,0.00000,0.00000,-0.00019,0.00000,0.00000,0.00000,1.00000,0.00000,0.00000,0.00000,5641.76317,0.00000 ===
237.46801|I|libbeamng.print:18052| === LSTM_TRACE t=1370 v=12.98 ws=12.94,12.89,12.82,12.86 cmd=0.208,0.216,0.096,0.134 cap=727,765,293,408 des=727,765,257,357 app=695,738,240,334 abs=nil,nil,nil,nil ebrake=1.00 ibrake=1.00 hasABS=0 sy=0.00 split=1.000,0.875 ===
237.46805|I|libbeamng.print:18052| === LSTM_OBS t=1370 12.94497,12.89169,12.82462,12.85548,0.00000,0.00000,0.00000,-0.00032,0.00000,0.00000,0.00142,1.00000,0.00000,0.00000,0.00000,5560.80317,0.00000 ===
237.51869|I|libbeamng.print:18052| === LSTM_TRACE t=1380 v=12.84 ws=12.88,12.91,12.68,12.79 cmd=0.060,0.080,0.007,0.007 cap=164,222,19,19 des=164,222,17,17 app=157,214,16,16 abs=nil,nil,nil,nil ebrake=1.00 ibrake=1.00 hasABS=0 sy=0.00 split=1.000,0.875 ===
237.51876|I|libbeamng.print:18052| === LSTM_OBS t=1380 12.87708,12.91222,12.68322,12.78654,0.00000,0.00000,0.00000,0.00108,0.00000,0.00000,0.00000,1.00000,0.00000,0.00000,0.00000,5478.54068,0.00000 ===
237.56803|I|libbeamng.print:18052| === LSTM_TRACE t=1390 v=12.71 ws=12.57,12.63,12.65,12.71 cmd=0.156,0.178,0.088,0.066 cap=442,504,119,87 des=442,504,104,77 app=423,486,97,72 abs=nil,nil,nil,nil ebrake=1.00 ibrake=1.00 hasABS=0 sy=0.00 split=1.000,0.875 ===
237.56807|I|libbeamng.print:18052| === LSTM_OBS t=1390 12.57305,12.63460,12.64781,12.71218,0.00000,0.00000,0.00000,-0.00414,0.00000,0.00000,0.00000,1.00000,0.00000,0.00000,0.00000,5430.47924,0.00000 ===
237.61790|I|libbeamng.print:18052| === LSTM_TRACE t=1400 v=12.49 ws=12.49,12.49,12.46,12.42 cmd=0.172,0.185,0.081,0.111 cap=625,670,244,334 des=625,670,214,292 app=599,647,200,274 abs=nil,nil,nil,nil ebrake=1.00 ibrake=1.00 hasABS=0 sy=0.00 split=1.000,0.875 ===
237.61794|I|libbeamng.print:18052| === LSTM_OBS t=1400 12.48956,12.48555,12.45900,12.41544,0.00000,0.00000,0.00000,-0.00043,0.00000,0.00000,0.00049,1.00000,0.00000,0.00000,0.00000,5354.61760,0.00000 ===
237.66905|I|libbeamng.print:18052| === LSTM_TRACE t=1410 v=12.37 ws=12.38,12.35,12.23,12.35 cmd=0.060,0.080,0.008,0.007 cap=181,244,19,19 des=181,244,17,17 app=173,236,16,16 abs=nil,nil,nil,nil ebrake=1.00 ibrake=1.00 hasABS=0 sy=0.00 split=1.000,0.875 ===
237.66914|I|libbeamng.print:18052| === LSTM_OBS t=1410 12.38114,12.35488,12.23480,12.35414,0.00000,0.00000,0.00000,0.00323,0.00000,0.00000,0.00049,1.00000,0.00000,0.00000,0.00000,5276.93619,0.00000 ===
237.71873|I|libbeamng.print:18052| === LSTM_TRACE t=1420 v=12.23 ws=12.16,12.09,12.12,12.14 cmd=0.173,0.197,0.108,0.083 cap=437,512,153,115 des=437,512,134,101 app=419,494,125,94 abs=nil,nil,nil,nil ebrake=1.00 ibrake=1.00 hasABS=0 sy=0.00 split=1.000,0.875 ===
237.71878|I|libbeamng.print:18052| === LSTM_OBS t=1420 12.16352,12.08751,12.11987,12.13625,0.00000,0.00000,0.00000,-0.00337,0.00000,0.00000,0.00000,1.00000,0.00000,0.00000,0.00000,5228.07491,0.00000 ===
237.76905|I|libbeamng.print:18052| === LSTM_TRACE t=1430 v=12.02 ws=12.07,12.10,11.97,11.95 cmd=0.131,0.136,0.045,0.060 cap=490,528,138,187 des=490,528,121,163 app=470,510,113,153 abs=nil,nil,nil,nil ebrake=1.00 ibrake=1.00 hasABS=0 sy=0.00 split=1.000,0.875 ===
237.76908|I|libbeamng.print:18052| === LSTM_OBS t=1430 12.06877,12.09982,11.96806,11.94523,0.00000,0.00000,0.00000,-0.00238,0.00000,0.00000,0.00000,1.00000,0.00000,0.00000,0.00000,5150.72781,0.00000 ===
237.81863|I|libbeamng.print:18052| === LSTM_TRACE t=1440 v=11.90 ws=11.89,11.91,11.81,11.90 cmd=0.067,0.086,0.010,0.009 cap=208,271,19,19 des=208,271,17,17 app=199,261,16,16 abs=nil,nil,nil,nil ebrake=1.00 ibrake=1.00 hasABS=0 sy=0.00 split=1.000,0.875 ===
237.81871|I|libbeamng.print:18052| === LSTM_OBS t=1440 11.89258,11.91271,11.80966,11.90038,0.00000,0.00000,0.00000,0.00173,0.00000,0.00000,0.00049,1.00000,0.00000,0.00000,0.00000,5080.26375,0.00000 ===
237.86887|I|libbeamng.print:18052| === LSTM_TRACE t=1450 v=11.76 ws=11.62,11.63,11.68,11.77 cmd=0.183,0.206,0.156,0.133 cap=521,601,225,180 des=521,601,197,158 app=499,580,185,148 abs=nil,nil,nil,nil ebrake=1.00 ibrake=1.00 hasABS=0 sy=0.00 split=1.000,0.875 ===
237.86891|I|libbeamng.print:18052| === LSTM_OBS t=1450 11.62377,11.63042,11.68178,11.77013,0.00000,0.00000,0.00000,0.00216,0.00000,0.00000,0.00069,1.00000,0.00000,0.00000,0.00000,5030.89336,0.00000 ===
237.91851|I|libbeamng.print:18052| === LSTM_TRACE t=1460 v=11.57 ws=11.61,11.69,11.42,11.58 cmd=0.092,0.092,0.017,0.023 cap=347,341,52,69 des=347,341,45,60 app=333,329,42,57 abs=nil,nil,nil,nil ebrake=1.00 ibrake=1.00 hasABS=0 sy=0.00 split=1.000,0.875 ===
237.91855|I|libbeamng.print:18052| === LSTM_OBS t=1460 11.61014,11.68928,11.42179,11.57530,0.00000,0.00000,0.00000,0.00149,0.00000,0.00000,0.00049,1.00000,0.00000,0.00000,0.00000,4952.49189,0.00000 ===
237.96934|I|libbeamng.print:18052| === LSTM_TRACE t=1470 v=11.46 ws=11.46,11.53,11.36,11.42 cmd=0.085,0.102,0.016,0.013 cap=226,279,26,22 des=226,279,23,19 app=217,269,21,18 abs=nil,nil,nil,nil ebrake=1.00 ibrake=1.00 hasABS=0 sy=0.00 split=1.000,0.875 ===
237.96938|I|libbeamng.print:18052| === LSTM_OBS t=1470 11.45835,11.52709,11.35672,11.42093,0.00000,0.00000,0.00000,0.00321,0.00000,0.00000,0.00069,1.00000,0.00000,0.00000,0.00000,4889.06816,0.00000 ===
238.01850|I|libbeamng.print:18052| === LSTM_TRACE t=1480 v=11.30 ws=11.10,11.21,11.17,11.18 cmd=0.214,0.221,0.169,0.186 cap=634,685,305,297 des=634,685,267,260 app=607,662,250,243 abs=nil,nil,nil,nil ebrake=1.00 ibrake=1.00 hasABS=0 sy=0.00 split=1.000,0.875 ===
238.01854|I|libbeamng.print:18052| === LSTM_OBS t=1480 11.10028,11.21116,11.17441,11.18393,0.00000,0.00000,0.00000,-0.00925,0.00000,0.00000,0.00000,1.00000,0.00000,0.00000,0.00000,4835.99865,0.00000 ===
238.06888|I|libbeamng.print:18052| === LSTM_TRACE t=1490 v=11.14 ws=11.15,11.21,11.01,11.10 cmd=0.077,0.090,0.008,0.011 cap=237,267,19,26 des=237,267,17,22 app=227,258,16,21 abs=nil,nil,nil,nil ebrake=1.00 ibrake=1.00 hasABS=0 sy=0.00 split=1.000,0.875 ===
238.06891|I|libbeamng.print:18052| === LSTM_OBS t=1490 11.14949,11.21464,11.01071,11.09966,0.00000,0.00000,0.00000,-0.00231,0.00000,0.00000,0.00049,1.00000,0.00000,0.00000,0.00000,4759.37507,0.00000 ===
238.11831|I|libbeamng.print:18052| === LSTM_TRACE t=1500 v=11.03 ws=10.98,11.04,10.95,11.06 cmd=0.106,0.125,0.033,0.026 cap=297,350,51,40 des=297,350,45,35 app=284,338,42,33 abs=nil,nil,nil,nil ebrake=1.00 ibrake=1.00 hasABS=0 sy=0.00 split=1.000,0.875 ===
238.11834|I|libbeamng.print:18052| === LSTM_OBS t=1500 10.98402,11.04117,10.95310,11.06037,0.00000,0.00000,0.00000,-0.00268,0.00000,0.00000,0.00000,1.00000,0.00000,0.00000,0.00000,4703.59604,0.00000 ===
238.16944|I|libbeamng.print:18052| === LSTM_TRACE t=1510 v=10.86 ws=10.83,10.81,10.79,10.79 cmd=0.145,0.153,0.090,0.122 cap=517,537,232,299 des=517,537,203,262 app=496,519,190,245 abs=nil,nil,nil,nil ebrake=1.00 ibrake=1.00 hasABS=0 sy=0.00 split=1.000,0.875 ===
238.16952|I|libbeamng.print:18052| === LSTM_OBS t=1510 10.82576,10.81478,10.79414,10.79268,0.00000,0.00000,0.00000,-0.00318,0.00000,0.00000,0.00069,1.00000,0.00000,0.00000,0.00000,4644.22999,0.00000 ===
238.21879|I|libbeamng.print:18052| === LSTM_TRACE t=1520 v=10.73 ws=10.69,10.77,10.69,10.72 cmd=0.076,0.097,0.010,0.010 cap=229,290,19,19 des=229,290,17,17 app=220,280,16,16 abs=nil,nil,nil,nil ebrake=1.00 ibrake=1.00 hasABS=0 sy=0.00 split=1.000,0.875 ===
238.21884|I|libbeamng.print:18052| === LSTM_OBS t=1520 10.69126,10.76812,10.69061,10.71855,0.00000,0.00000,0.00000,-0.00338,0.00000,0.00000,0.00049,1.00000,0.00000,0.00000,0.00000,4576.89461,0.00000 ===
238.26875|I|libbeamng.print:18052| === LSTM_TRACE t=1530 v=10.60 ws=10.53,10.52,10.50,10.59 cmd=0.130,0.157,0.059,0.049 cap=367,441,96,78 des=367,441,84,68 app=352,426,79,64 abs=nil,nil,nil,nil ebrake=1.00 ibrake=1.00 hasABS=0 sy=0.00 split=1.000,0.875 ===
238.26882|I|libbeamng.print:18052| === LSTM_OBS t=1530 10.52788,10.51705,10.49840,10.59424,0.00000,0.00000,0.00000,-0.00370,0.00000,0.00000,0.00049,1.00000,0.00000,0.00000,0.00000,4526.45296,0.00000 ===
238.31858|I|libbeamng.print:18052| === LSTM_TRACE t=1540 v=10.44 ws=10.45,10.47,10.33,10.42 cmd=0.102,0.104,0.018,0.025 cap=342,344,49,69 des=342,344,43,60 app=328,332,40,57 abs=nil,nil,nil,nil ebrake=1.00 ibrake=1.00 hasABS=0 sy=0.00 split=1.000,0.875 ===
238.31861|I|libbeamng.print:18052| === LSTM_OBS t=1540 10.45308,10.46523,10.32991,10.41813,0.00000,0.00000,0.00000,-0.00474,0.00000,0.00000,0.00000,1.00000,0.00000,0.00000,0.00000,4463.75396,0.00000 ===
238.36873|I|libbeamng.print:18052| === LSTM_TRACE t=1550 v=10.32 ws=10.31,10.30,10.23,10.33 cmd=0.090,0.107,0.016,0.014 cap=264,320,27,25 des=264,320,24,22 app=253,309,22,20 abs=nil,nil,nil,nil ebrake=1.00 ibrake=1.00 hasABS=0 sy=0.00 split=1.000,0.875 ===
238.36877|I|libbeamng.print:18052| === LSTM_OBS t=1550 10.31063,10.29871,10.22960,10.33465,0.00000,0.00000,0.00000,-0.00249,0.00000,0.00000,0.00000,1.00000,0.00000,0.00000,0.00000,4406.91070,0.00000 ===
238.41963|I|libbeamng.print:18052| === LSTM_TRACE t=1560 v=10.18 ws=10.11,10.11,10.17,10.21 cmd=0.122,0.148,0.063,0.067 cap=398,485,114,112 des=398,485,100,98 app=381,469,93,92 abs=nil,nil,nil,nil ebrake=1.00 ibrake=1.00 hasABS=0 sy=0.00 split=1.000,0.875 ===
238.41967|I|libbeamng.print:18052| === LSTM_OBS t=1560 10.10887,10.10873,10.16609,10.21322,0.00000,0.00000,0.00000,-0.00293,0.00000,0.00000,0.00000,1.00000,0.00000,0.00000,0.00000,4355.40519,0.00000 ===
238.46975|I|libbeamng.print:18052| === LSTM_TRACE t=1570 v=10.05 ws=10.03,10.06,10.00,10.03 cmd=0.087,0.100,0.012,0.015 cap=283,315,25,32 des=283,315,22,28 app=271,304,20,26 abs=nil,nil,nil,nil ebrake=1.00 ibrake=1.00 hasABS=0 sy=0.00 split=1.000,0.875 ===
238.46979|I|libbeamng.print:18052| === LSTM_OBS t=1570 10.03211,10.06275,10.00438,10.02965,0.00000,0.00000,0.00000,-0.00562,0.00000,0.00000,0.00049,1.00000,0.00000,0.00000,0.00000,4294.86273,0.00000 ===
238.51948|I|libbeamng.print:18052| === LSTM_TRACE t=1580 v=9.93 ws=9.91,9.89,9.84,9.96 cmd=0.099,0.118,0.026,0.023 cap=296,351,44,40 des=296,351,39,35 app=284,339,36,33 abs=nil,nil,nil,nil ebrake=1.00 ibrake=1.00 hasABS=0 sy=0.00 split=1.000,0.875 ===
238.51952|I|libbeamng.print:18052| === LSTM_OBS t=1580 9.90617,9.89140,9.83533,9.96028,0.00000,0.00000,0.00000,-0.00173,0.00000,0.00000,0.00000,1.00000,0.00000,0.00000,0.00000,4241.43866,0.00000 ===
238.56970|I|libbeamng.print:18052| === LSTM_TRACE t=1590 v=9.79 ws=9.77,9.80,9.69,9.70 cmd=0.113,0.129,0.028,0.035 cap=336,396,63,75 des=336,396,55,65 app=322,382,51,61 abs=nil,nil,nil,nil ebrake=1.00 ibrake=1.00 hasABS=0 sy=0.00 split=1.000,0.875 ===
238.56974|I|libbeamng.print:18052| === LSTM_OBS t=1590 9.76917,9.79813,9.68500,9.69974,0.00000,0.00000,0.00000,-0.00538,0.00000,0.00000,0.00049,1.00000,0.00000,0.00000,0.00000,4187.50937,0.00000 ===
238.62001|I|libbeamng.print:18052| === LSTM_TRACE t=1600 v=9.66 ws=9.61,9.65,9.62,9.60 cmd=0.088,0.102,0.015,0.017 cap=294,336,29,33 des=294,336,25,29 app=282,325,23,27 abs=nil,nil,nil,nil ebrake=1.00 ibrake=1.00 hasABS=0 sy=0.00 split=1.000,0.875 ===
238.62005|I|libbeamng.print:18052| === LSTM_OBS t=1600 9.61433,9.64611,9.61764,9.59617,0.00000,0.00000,0.00000,0.00291,0.00000,0.00000,0.00000,1.00000,0.00000,0.00000,0.00000,4130.61022,0.00000 ===
238.67005|I|libbeamng.print:18052| === LSTM_TRACE t=1610 v=9.54 ws=9.48,9.53,9.51,9.54 cmd=0.098,0.116,0.025,0.025 cap=322,374,45,45 des=322,374,39,39 app=309,362,37,36 abs=nil,nil,nil,nil ebrake=1.00 ibrake=1.00 hasABS=0 sy=0.00 split=1.000,0.875 ===
238.67009|I|libbeamng.print:18052| === LSTM_OBS t=1610 9.47922,9.52974,9.50944,9.53559,0.00000,0.00000,0.00000,-0.00212,0.00000,0.00000,0.00000,1.00000,0.00000,0.00000,0.00000,4077.33843,0.00000 ===
238.71999|I|libbeamng.print:18052| === LSTM_TRACE t=1620 v=9.41 ws=9.44,9.43,9.29,9.33 cmd=0.106,0.121,0.021,0.025 cap=296,346,45,52 des=296,346,39,45 app=283,334,36,42 abs=nil,nil,nil,nil ebrake=1.00 ibrake=1.00 hasABS=0 sy=0.00 split=1.000,0.875 ===
238.72003|I|libbeamng.print:18052| === LSTM_OBS t=1620 9.44105,9.43302,9.29315,9.32864,0.00000,0.00000,0.00000,-0.00217,0.00000,0.00000,0.00000,1.00000,0.00000,0.00000,0.00000,4022.66911,0.00000 ===
238.77012|I|libbeamng.print:18052| === LSTM_TRACE t=1630 v=9.28 ws=9.27,9.27,9.22,9.31 cmd=0.092,0.106,0.019,0.021 cap=301,345,36,40 des=301,345,31,35 app=288,333,29,33 abs=nil,nil,nil,nil ebrake=1.00 ibrake=1.00 hasABS=0 sy=0.00 split=1.000,0.875 ===
238.77016|I|libbeamng.print:18052| === LSTM_OBS t=1630 9.27006,9.26563,9.21593,9.30772,0.00000,0.00000,0.00000,0.00140,0.00000,0.00000,0.00000,1.00000,0.00000,0.00000,0.00000,3967.46115,0.00000 ===
238.81970|I|libbeamng.print:18052| === LSTM_TRACE t=1640 v=9.16 ws=9.16,9.13,9.08,9.15 cmd=0.102,0.117,0.021,0.023 cap=308,356,42,44 des=308,356,36,39 app=295,344,34,36 abs=nil,nil,nil,nil ebrake=1.00 ibrake=1.00 hasABS=0 sy=0.00 split=1.000,0.875 ===
238.81974|I|libbeamng.print:18052| === LSTM_OBS t=1640 9.15669,9.13288,9.08414,9.15299,0.00000,0.00000,0.00000,-0.00515,0.00000,0.00000,0.00000,1.00000,0.00000,0.00000,0.00000,3913.73504,0.00000 ===
238.86992|I|libbeamng.print:18052| === LSTM_TRACE t=1650 v=9.03 ws=8.99,9.03,8.97,9.05 cmd=0.091,0.107,0.022,0.025 cap=292,341,42,47 des=292,341,37,41 app=279,330,34,39 abs=nil,nil,nil,nil ebrake=1.00 ibrake=1.00 hasABS=0 sy=0.00 split=1.000,0.875 ===
238.86997|I|libbeamng.print:18052| === LSTM_OBS t=1650 8.99142,9.02911,8.97198,9.04739,0.00000,0.00000,0.00000,-0.00115,0.00000,0.00000,0.00069,1.00000,0.00000,0.00000,0.00000,3859.78665,0.00000 ===
238.91980|I|libbeamng.print:18052| === LSTM_TRACE t=1660 v=8.91 ws=8.92,8.90,8.81,8.83 cmd=0.104,0.118,0.020,0.022 cap=302,346,39,44 des=302,346,34,39 app=289,335,32,36 abs=nil,nil,nil,nil ebrake=1.00 ibrake=1.00 hasABS=0 sy=0.00 split=1.000,0.875 ===
238.91986|I|libbeamng.print:18052| === LSTM_OBS t=1660 8.92029,8.89627,8.80929,8.82792,0.00000,0.00000,0.00000,-0.00297,0.00000,0.00000,0.00000,1.00000,0.00000,0.00000,0.00000,3806.49156,0.00000 ===
238.96975|I|libbeamng.print:18052| === LSTM_TRACE t=1670 v=8.78 ws=8.76,8.75,8.82,8.82 cmd=0.088,0.105,0.022,0.024 cap=307,356,40,44 des=307,356,35,39 app=294,343,33,36 abs=nil,nil,nil,nil ebrake=1.00 ibrake=1.00 hasABS=0 sy=0.00 split=1.000,0.875 ===
238.96980|I|libbeamng.print:18052| === LSTM_OBS t=1670 8.76087,8.75384,8.81760,8.82474,0.00000,0.00000,0.00000,-0.00078,0.00000,0.00000,0.00049,1.00000,0.00000,0.00000,0.00000,3752.56780,0.00000 ===
239.01976|I|libbeamng.print:18052| === LSTM_TRACE t=1680 v=8.66 ws=8.63,8.68,8.61,8.53 cmd=0.099,0.115,0.022,0.024 cap=274,325,44,49 des=274,325,38,43 app=262,314,36,40 abs=nil,nil,nil,nil ebrake=1.00 ibrake=1.00 hasABS=0 sy=0.00 split=1.000,0.875 ===
239.01982|I|libbeamng.print:18052| === LSTM_OBS t=1680 8.63050,8.68083,8.61141,8.52743,0.00000,0.00000,0.00000,-0.00730,0.00000,0.00000,0.00085,1.00000,0.00000,0.00000,0.00000,3699.14000,0.00000 ===
239.06961|I|libbeamng.print:18052| === LSTM_TRACE t=1690 v=8.53 ws=8.52,8.50,8.44,8.50 cmd=0.099,0.115,0.021,0.024 cap=310,359,41,47 des=310,359,36,41 app=297,347,34,38 abs=nil,nil,nil,nil ebrake=1.00 ibrake=1.00 hasABS=0 sy=0.00 split=1.000,0.875 ===
239.06968|I|libbeamng.print:18052| === LSTM_OBS t=1690 8.52144,8.50240,8.44191,8.49772,0.00000,0.00000,0.00000,0.00413,0.00000,0.00000,0.00000,1.00000,0.00000,0.00000,0.00000,3646.16715,0.00000 ===
239.11947|I|libbeamng.print:18052| === LSTM_TRACE t=1700 v=8.40 ws=8.38,8.39,8.39,8.52 cmd=0.089,0.105,0.022,0.025 cap=314,363,41,46 des=314,363,36,40 app=300,350,33,38 abs=nil,nil,nil,nil ebrake=1.00 ibrake=1.00 hasABS=0 sy=0.00 split=1.000,0.875 ===
239.11951|I|libbeamng.print:18052| === LSTM_OBS t=1700 8.38124,8.39424,8.38852,8.51929,0.00000,0.00000,0.00000,-0.00085,0.00000,0.00000,0.00000,1.00000,0.00000,0.00000,0.00000,3592.79656,0.00000 ===
239.16962|I|libbeamng.print:18052| === LSTM_TRACE t=1710 v=8.28 ws=8.25,8.28,8.30,8.29 cmd=0.087,0.104,0.023,0.026 cap=276,328,43,49 des=276,328,38,43 app=264,317,35,40 abs=nil,nil,nil,nil ebrake=1.00 ibrake=1.00 hasABS=0 sy=0.00 split=1.000,0.875 ===
239.16970|I|libbeamng.print:18052| === LSTM_OBS t=1710 8.25488,8.27769,8.30119,8.29319,0.00000,0.00000,0.00000,-0.00734,0.00000,0.00000,0.00069,1.00000,0.00000,0.00000,0.00000,3540.07903,0.00000 ===
239.21990|I|libbeamng.print:18052| === LSTM_TRACE t=1720 v=8.15 ws=8.14,8.23,8.07,8.06 cmd=0.101,0.117,0.021,0.024 cap=270,323,44,49 des=270,323,38,43 app=259,312,36,40 abs=nil,nil,nil,nil ebrake=1.00 ibrake=1.00 hasABS=0 sy=0.00 split=1.000,0.875 ===
239.21994|I|libbeamng.print:18052| === LSTM_OBS t=1720 8.13579,8.23309,8.07223,8.06109,0.00000,0.00000,0.00000,-0.00540,0.00000,0.00000,0.00049,1.00000,0.00000,0.00000,0.00000,3487.34068,0.00000 ===
239.26997|I|libbeamng.print:18052| === LSTM_TRACE t=1730 v=8.03 ws=8.05,8.04,7.99,7.92 cmd=0.104,0.121,0.022,0.025 cap=280,334,45,51 des=280,334,39,44 app=268,323,37,41 abs=nil,nil,nil,nil ebrake=1.00 ibrake=1.00 hasABS=0 sy=0.00 split=1.000,0.875 ===
239.27003|I|libbeamng.print:18052| === LSTM_OBS t=1730 8.05168,8.04481,7.99354,7.92447,0.00000,0.00000,0.00000,-0.00731,0.00000,0.00000,0.00000,1.00000,0.00000,0.00000,0.00000,3434.88611,0.00000 ===
239.31967|I|libbeamng.print:18052| === LSTM_TRACE t=1740 v=7.91 ws=7.94,7.91,7.92,7.86 cmd=0.098,0.116,0.022,0.025 cap=291,346,44,50 des=291,346,39,44 app=279,334,36,41 abs=nil,nil,nil,nil ebrake=1.00 ibrake=1.00 hasABS=0 sy=0.00 split=1.000,0.875 ===
239.31971|I|libbeamng.print:18052| === LSTM_OBS t=1740 7.93973,7.90580,7.91834,7.85831,0.00000,0.00000,0.00000,0.00077,0.00000,0.00000,0.00000,1.00000,0.00000,0.00000,0.00000,3382.11242,0.00000 ===
239.36961|I|libbeamng.print:18052| === LSTM_TRACE t=1750 v=7.78 ws=7.80,7.77,7.80,7.73 cmd=0.094,0.113,0.023,0.026 cap=292,348,45,51 des=292,348,39,45 app=279,336,37,42 abs=nil,nil,nil,nil ebrake=1.00 ibrake=1.00 hasABS=0 sy=0.00 split=1.000,0.875 ===
239.36965|I|libbeamng.print:18052| === LSTM_OBS t=1750 7.79833,7.76611,7.80065,7.73270,0.00000,0.00000,0.00000,0.00407,0.00000,0.00000,0.00000,1.00000,0.00000,0.00000,0.00000,3329.43667,0.00000 ===
239.41963|I|libbeamng.print:18052| === LSTM_TRACE t=1760 v=7.66 ws=7.69,7.66,7.66,7.58 cmd=0.095,0.114,0.023,0.026 cap=279,337,46,53 des=279,337,40,46 app=267,325,38,43 abs=nil,nil,nil,nil ebrake=1.00 ibrake=1.00 hasABS=0 sy=0.00 split=1.000,0.875 ===
239.41967|I|libbeamng.print:18052| === LSTM_OBS t=1760 7.69471,7.66193,7.66315,7.57915,0.00000,0.00000,0.00000,0.00548,0.00000,0.00000,0.00000,1.00000,0.00000,0.00000,0.00000,3276.55382,0.00000 ===
239.46975|I|libbeamng.print:18052| === LSTM_TRACE t=1770 v=7.53 ws=7.55,7.55,7.51,7.47 cmd=0.097,0.116,0.023,0.027 cap=282,341,46,53 des=282,341,41,47 app=269,329,38,43 abs=nil,nil,nil,nil ebrake=1.00 ibrake=1.00 hasABS=0 sy=0.00 split=1.000,0.875 ===
239.46978|I|libbeamng.print:18052| === LSTM_OBS t=1770 7.55359,7.55164,7.51158,7.46868,0.00000,0.00000,0.00000,0.00231,0.00000,0.00000,0.00049,1.00000,0.00000,0.00000,0.00000,3223.28786,0.00000 ===
239.51966|I|libbeamng.print:18052| === LSTM_TRACE t=1780 v=7.41 ws=7.40,7.45,7.40,7.44 cmd=0.092,0.112,0.024,0.028 cap=276,338,47,54 des=276,338,41,47 app=264,326,38,44 abs=nil,nil,nil,nil ebrake=1.00 ibrake=1.00 hasABS=0 sy=0.00 split=1.000,0.875 ===
239.51970|I|libbeamng.print:18052| === LSTM_OBS t=1780 7.40404,7.44972,7.39817,7.43620,0.00000,0.00000,0.00000,0.00284,0.00000,0.00000,0.00049,1.00000,0.00000,0.00000,0.00000,3169.75222,0.00000 ===
239.56976|I|libbeamng.print:18052| === LSTM_TRACE t=1790 v=7.29 ws=7.27,7.33,7.33,7.35 cmd=0.091,0.112,0.024,0.028 cap=282,346,47,54 des=282,346,41,47 app=270,334,38,44 abs=nil,nil,nil,nil ebrake=1.00 ibrake=1.00 hasABS=0 sy=0.00 split=1.000,0.875 ===
239.56980|I|libbeamng.print:18052| === LSTM_OBS t=1790 7.26718,7.32552,7.33419,7.34534,0.00000,0.00000,0.00000,-0.00684,0.00000,0.00000,0.00085,1.00000,0.00000,0.00000,0.00000,3116.26583,0.00000 ===
239.61961|I|libbeamng.print:18052| === LSTM_TRACE t=1800 v=7.17 ws=7.13,7.16,7.15,7.27 cmd=0.090,0.111,0.025,0.028 cap=301,367,46,53 des=301,367,40,46 app=288,354,37,43 abs=nil,nil,nil,nil ebrake=1.00 ibrake=1.00 hasABS=0 sy=0.00 split=1.000,0.875 ===
239.61968|I|libbeamng.print:18052| === LSTM_OBS t=1800 7.12541,7.16276,7.15000,7.27058,0.00000,0.00000,0.00000,-0.00700,0.00000,0.00000,0.00000,1.00000,0.00000,0.00000,0.00000,3063.05925,0.00000 ===
239.66968|I|libbeamng.print:18052| === LSTM_TRACE t=1810 v=7.05 ws=7.01,7.04,6.98,6.96 cmd=0.099,0.121,0.024,0.028 cap=308,375,46,54 des=308,375,41,47 app=294,362,38,44 abs=nil,nil,nil,nil ebrake=1.00 ibrake=1.00 hasABS=0 sy=0.00 split=1.000,0.875 ===
239.66972|I|libbeamng.print:18052| === LSTM_OBS t=1810 7.01042,7.04098,6.98436,6.96406,0.00000,0.00000,0.00000,-0.00501,0.00000,0.00000,0.00000,1.00000,0.00000,0.00000,0.00000,3010.02294,0.00000 ===
239.71971|I|libbeamng.print:18052| === LSTM_TRACE t=1820 v=6.92 ws=6.92,6.96,6.89,6.89 cmd=0.096,0.119,0.025,0.028 cap=275,345,49,57 des=275,345,43,50 app=262,332,40,46 abs=nil,nil,nil,nil ebrake=1.00 ibrake=1.00 hasABS=0 sy=0.00 split=1.000,0.875 ===
239.71975|I|libbeamng.print:18052| === LSTM_OBS t=1820 6.92135,6.95920,6.88758,6.89335,0.00000,0.00000,0.00000,-0.00035,0.00000,0.00000,0.00069,1.00000,0.00000,0.00000,0.00000,2956.52188,0.00000 ===
239.76958|I|libbeamng.print:18052| === LSTM_TRACE t=1830 v=6.79 ws=6.77,6.78,6.78,6.92 cmd=0.088,0.111,0.026,0.030 cap=298,372,48,55 des=298,372,42,48 app=285,359,39,45 abs=nil,nil,nil,nil ebrake=1.00 ibrake=1.00 hasABS=0 sy=0.00 split=1.000,0.875 ===
239.76962|I|libbeamng.print:18052| === LSTM_OBS t=1830 6.76604,6.77796,6.78021,6.91566,0.00000,0.00000,0.00000,-0.00092,0.00000,0.00000,0.00000,1.00000,0.00000,0.00000,0.00000,2903.41511,0.00000 ===
239.82015|I|libbeamng.print:18052| === LSTM_TRACE t=1840 v=6.67 ws=6.66,6.69,6.63,6.52 cmd=0.103,0.128,0.025,0.028 cap=300,376,49,57 des=300,376,43,50 app=286,362,40,47 abs=nil,nil,nil,nil ebrake=1.00 ibrake=1.00 hasABS=0 sy=0.00 split=1.000,0.875 ===
239.82019|I|libbeamng.print:18052| === LSTM_OBS t=1840 6.65523,6.68888,6.63356,6.52493,0.00000,0.00000,0.00000,-0.00314,0.00000,0.00000,0.00000,1.00000,0.00000,0.00000,0.00000,2850.31099,0.00000 ===
239.86968|I|libbeamng.print:18052| === LSTM_TRACE t=1850 v=6.54 ws=6.53,6.59,6.55,6.64 cmd=0.093,0.118,0.026,0.030 cap=283,363,51,58 des=283,363,44,51 app=270,350,41,48 abs=nil,nil,nil,nil ebrake=1.00 ibrake=1.00 hasABS=0 sy=0.00 split=1.000,0.875 ===
239.86972|I|libbeamng.print:18052| === LSTM_OBS t=1850 6.52698,6.59485,6.54674,6.64098,0.00000,0.00000,0.00000,-0.00252,0.00000,0.00000,0.00085,1.00000,0.00000,0.00000,0.00000,2796.64854,0.00000 ===
239.92013|I|libbeamng.print:18052| === LSTM_TRACE t=1860 v=6.42 ws=6.39,6.42,6.38,6.29 cmd=0.103,0.131,0.025,0.029 cap=321,404,49,57 des=321,404,43,50 app=307,390,40,46 abs=nil,nil,nil,nil ebrake=1.00 ibrake=1.00 hasABS=0 sy=0.00 split=1.000,0.875 ===
239.92018|I|libbeamng.print:18052| === LSTM_OBS t=1860 6.38895,6.41840,6.37598,6.28752,0.00000,0.00000,0.00000,-0.00395,0.00000,0.00000,0.00000,1.00000,0.00000,0.00000,0.00000,2743.16534,0.00000 ===
239.96972|I|libbeamng.print:18052| === LSTM_TRACE t=1870 v=6.29 ws=6.29,6.31,6.27,6.41 cmd=0.094,0.122,0.027,0.031 cap=291,379,52,61 des=291,379,46,53 app=278,366,43,49 abs=nil,nil,nil,nil ebrake=1.00 ibrake=1.00 hasABS=0 sy=0.00 split=1.000,0.875 ===
239.96976|I|libbeamng.print:18052| === LSTM_OBS t=1870 6.28634,6.30976,6.26698,6.40632,0.00000,0.00000,0.00000,0.00102,0.00000,0.00000,0.00085,1.00000,0.00000,0.00000,0.00000,2689.20238,0.00000 ===
240.01975|I|libbeamng.print:18052| === LSTM_TRACE t=1880 v=6.17 ws=6.18,6.18,6.14,6.10 cmd=0.108,0.139,0.026,0.030 cap=320,414,52,60 des=320,414,46,53 app=306,399,43,49 abs=nil,nil,nil,nil ebrake=1.00 ibrake=1.00 hasABS=0 sy=0.00 split=1.000,0.875 ===
240.01979|I|libbeamng.print:18052| === LSTM_OBS t=1880 6.17622,6.18206,6.14104,6.09898,0.00000,0.00000,0.00000,-0.00500,0.00000,0.00000,0.00000,1.00000,0.00000,0.00000,0.00000,2635.51390,0.00000 ===
240.06960|I|libbeamng.print:18052| === LSTM_TRACE t=1890 v=6.04 ws=5.99,5.93,5.97,6.03 cmd=0.095,0.126,0.028,0.033 cap=323,422,53,61 des=323,422,46,53 app=309,407,43,50 abs=nil,nil,nil,nil ebrake=1.00 ibrake=1.00 hasABS=0 sy=0.00 split=1.000,0.875 ===
240.06967|I|libbeamng.print:18052| === LSTM_OBS t=1890 5.98947,5.93055,5.97426,6.02675,0.00000,0.00000,0.00000,-0.00049,0.00000,0.00000,0.00049,1.00000,0.00000,0.00000,0.00000,2581.46642,0.00000 ===
240.11965|I|libbeamng.print:18052| === LSTM_TRACE t=1900 v=5.91 ws=5.93,5.97,5.88,6.02 cmd=0.107,0.141,0.028,0.033 cap=299,403,57,65 des=299,403,50,57 app=286,389,46,53 abs=nil,nil,nil,nil ebrake=1.00 ibrake=1.00 hasABS=0 sy=0.00 split=1.000,0.875 ===
240.11969|I|libbeamng.print:18052| === LSTM_OBS t=1900 5.92882,5.97032,5.87692,6.02239,0.00000,0.00000,0.00000,-0.00283,0.00000,0.00000,0.00091,1.00000,0.00000,0.00000,0.00000,2526.08126,0.00000 ===
240.16966|I|libbeamng.print:18052| === LSTM_TRACE t=1910 v=5.78 ws=5.78,5.76,5.82,5.77 cmd=0.110,0.147,0.029,0.033 cap=356,468,55,63 des=356,468,48,55 app=340,452,45,52 abs=nil,nil,nil,nil ebrake=1.00 ibrake=1.00 hasABS=0 sy=0.00 split=1.000,0.875 ===
240.16970|I|libbeamng.print:18052| === LSTM_OBS t=1910 5.77836,5.76182,5.81737,5.76745,0.00000,0.00000,0.00000,0.00026,0.00000,0.00000,0.00000,1.00000,0.00000,0.00000,0.00000,2470.05592,0.00000 ===
240.21973|I|libbeamng.print:18052| === LSTM_TRACE t=1920 v=5.65 ws=5.58,5.56,5.62,5.54 cmd=0.107,0.147,0.031,0.035 cap=354,478,58,67 des=354,478,51,59 app=338,461,48,55 abs=nil,nil,nil,nil ebrake=1.00 ibrake=1.00 hasABS=0 sy=0.00 split=1.000,0.875 ===
240.21977|I|libbeamng.print:18052| === LSTM_OBS t=1920 5.57897,5.56031,5.62079,5.54025,0.00000,0.00000,0.00000,-0.00216,0.00000,0.00000,0.00000,1.00000,0.00000,0.00000,0.00000,2413.26823,0.00000 ===
240.27095|I|libbeamng.print:18052| === LSTM_TRACE t=1930 v=5.51 ws=5.46,5.41,5.47,5.46 cmd=0.113,0.157,0.033,0.037 cap=360,496,62,70 des=360,496,54,62 app=344,479,51,57 abs=nil,nil,nil,nil ebrake=1.00 ibrake=1.00 hasABS=0 sy=0.00 split=1.000,0.875 ===
240.27099|I|libbeamng.print:18052| === LSTM_OBS t=1930 5.45682,5.41103,5.46916,5.46432,0.00000,0.00000,0.00000,-0.00167,0.00000,0.00000,0.00000,1.00000,0.00000,0.00000,0.00000,2355.35181,0.00000 ===
240.32043|I|libbeamng.print:18052| === LSTM_TRACE t=1940 v=5.37 ws=5.35,5.32,5.30,5.42 cmd=0.134,0.182,0.035,0.039 cap=378,527,69,77 des=378,527,60,67 app=362,509,56,63 abs=nil,nil,nil,nil ebrake=1.00 ibrake=1.00 hasABS=0 sy=0.00 split=1.000,0.875 ===
240.32046|I|libbeamng.print:18052| === LSTM_OBS t=1940 5.34906,5.32076,5.30152,5.41607,0.00000,0.00000,0.00000,-0.00030,0.00000,0.00000,0.00069,1.00000,0.00000,0.00000,0.00000,2295.17456,0.00000 ===
240.37065|I|libbeamng.print:18052| === LSTM_TRACE t=1950 v=5.22 ws=5.22,5.21,5.15,5.31 cmd=0.154,0.208,0.038,0.042 cap=421,586,75,82 des=421,586,66,72 app=403,565,61,67 abs=nil,nil,nil,nil ebrake=1.00 ibrake=1.00 hasABS=0 sy=0.00 split=1.000,0.875 ===
240.37069|I|libbeamng.print:18052| === LSTM_OBS t=1950 5.21656,5.21279,5.15267,5.31493,0.00000,0.00000,0.00000,0.00262,0.00000,0.00000,0.00091,1.00000,0.00000,0.00000,0.00000,2232.96598,0.00000 ===
240.42049|I|libbeamng.print:18052| === LSTM_TRACE t=1960 v=5.06 ws=5.10,5.11,5.01,5.16 cmd=0.196,0.256,0.042,0.045 cap=489,673,86,93 des=489,673,75,81 app=468,650,70,76 abs=nil,nil,nil,nil ebrake=1.00 ibrake=1.00 hasABS=0 sy=0.00 split=1.000,0.875 ===
240.42053|I|libbeamng.print:18052| === LSTM_OBS t=1960 5.09591,5.10534,5.01165,5.16180,0.00000,0.00000,0.00000,-0.00086,0.00000,0.00000,0.00091,1.00000,0.00000,0.00000,0.00000,2167.30449,0.00000 ===
240.46750|I|libbeamng.print:18052| === LSTM_TRACE t=1970 v=4.89 ws=4.89,4.82,4.89,4.95 cmd=0.210,0.276,0.051,0.056 cap=522,724,105,112 des=522,724,92,98 app=499,699,86,92 abs=nil,nil,nil,nil ebrake=1.00 ibrake=1.00 hasABS=0 sy=0.00 split=1.000,0.875 ===
240.46754|I|libbeamng.print:18052| === LSTM_OBS t=1970 4.89054,4.82123,4.88677,4.94709,0.00000,0.00000,0.00000,-0.00017,0.00000,0.00000,0.00049,1.00000,0.00000,0.00000,0.00000,2104.26012,0.00000 ===
240.51799|I|libbeamng.print:18052| === LSTM_TRACE t=1980 v=4.71 ws=4.61,4.49,4.64,4.68 cmd=0.211,0.281,0.063,0.067 cap=600,825,119,128 des=600,825,104,112 app=574,797,97,104 abs=nil,nil,nil,nil ebrake=1.00 ibrake=1.00 hasABS=0 sy=0.00 split=1.000,0.875 ===
240.51812|I|libbeamng.print:18052| === LSTM_OBS t=1980 4.60886,4.49329,4.64149,4.67674,0.00000,0.00000,0.00000,-0.00460,0.00000,0.00000,0.00085,1.00000,0.00000,0.00000,0.00000,2027.86230,0.00000 ===
240.56801|I|libbeamng.print:18052| === LSTM_TRACE t=1990 v=4.52 ws=4.32,4.29,4.47,4.38 cmd=0.231,0.308,0.067,0.072 cap=807,1039,121,130 des=807,1039,106,114 app=772,1003,99,106 abs=nil,nil,nil,nil ebrake=1.00 ibrake=1.00 hasABS=0 sy=0.00 split=1.000,0.875 ===
240.56807|I|libbeamng.print:18052| === LSTM_OBS t=1990 4.31798,4.28716,4.47152,4.37932,0.00000,0.00000,0.00000,-0.00262,0.00000,0.00000,0.00229,1.00000,0.00000,0.00000,0.00000,1946.42717,0.00000 ===
240.61810|I|libbeamng.print:18052| === LSTM_TRACE t=2000 v=4.31 ws=4.18,4.26,4.32,4.21 cmd=0.286,0.365,0.067,0.074 cap=1151,1342,121,133 des=1151,1342,106,116 app=1097,1297,99,108 abs=nil,nil,nil,nil ebrake=1.00 ibrake=1.00 hasABS=0 sy=0.00 split=1.000,0.875 ===
240.61816|I|libbeamng.print:18052| === LSTM_OBS t=2000 4.17871,4.25813,4.31808,4.21110,0.00000,0.00000,0.00000,-0.01013,0.00000,0.00000,0.00146,1.00000,0.00000,0.00000,0.00000,1859.47779,0.00000 ===
240.66795|I|libbeamng.print:18052| === LSTM_TRACE t=2010 v=4.09 ws=4.02,3.89,4.08,4.15 cmd=0.258,0.336,0.082,0.089 cap=824,1062,154,167 des=824,1062,134,146 app=789,1026,126,136 abs=nil,nil,nil,nil ebrake=1.00 ibrake=1.00 hasABS=0 sy=0.00 split=1.000,0.875 ===
240.66800|I|libbeamng.print:18052| === LSTM_OBS t=2010 4.01791,3.89031,4.08479,4.15308,0.00000,0.00000,0.00000,0.00248,0.00000,0.00000,0.00049,1.00000,0.00000,0.00000,0.00000,1770.93241,0.00000 ===
240.71822|I|libbeamng.print:18052| === LSTM_TRACE t=2020 v=3.90 ws=3.60,3.68,3.91,3.76 cmd=0.229,0.314,0.088,0.095 cap=1208,1407,137,150 des=1208,1407,120,132 app=1157,1360,112,123 abs=nil,nil,nil,nil ebrake=1.00 ibrake=1.00 hasABS=0 sy=0.00 split=1.000,0.875 ===
240.71827|I|libbeamng.print:18052| === LSTM_OBS t=2020 3.59849,3.68060,3.90649,3.75633,0.00000,0.00000,0.00000,-0.00670,0.00000,0.00000,0.00265,1.00000,0.00000,0.00000,0.00000,1678.80444,0.00000 ===
240.76812|I|libbeamng.print:18052| === LSTM_TRACE t=2030 v=3.65 ws=3.65,3.51,3.62,3.71 cmd=0.306,0.379,0.090,0.099 cap=878,1107,180,194 des=878,1107,158,170 app=841,1070,147,158 abs=nil,nil,nil,nil ebrake=1.00 ibrake=1.00 hasABS=0 sy=0.00 split=1.000,0.875 ===
240.76817|I|libbeamng.print:18052| === LSTM_OBS t=2030 3.64550,3.50878,3.62132,3.71479,0.00000,0.00000,0.00000,0.00178,0.00000,0.00000,0.00085,1.00000,0.00000,0.00000,0.00000,1585.54790,0.00000 ===
240.81779|I|libbeamng.print:18052| === LSTM_TRACE t=2040 v=3.45 ws=3.68,3.65,3.46,3.45 cmd=0.446,0.500,0.076,0.084 cap=1263,1426,169,184 des=1263,1426,148,161 app=1042,1282,138,150 abs=nil,nil,nil,nil ebrake=1.00 ibrake=1.00 hasABS=0 sy=0.00 split=1.000,0.875 ===
240.81783|I|libbeamng.print:18052| === LSTM_OBS t=2040 3.68099,3.65494,3.45720,3.44678,0.00000,0.00000,0.00000,-0.01236,0.00000,0.00000,0.00000,1.00000,0.00000,0.00000,0.00000,1490.43173,0.00000 ===
240.86758|I|libbeamng.print:18052| === LSTM_TRACE t=2050 v=3.24 ws=2.40,2.42,3.12,3.11 cmd=0.085,0.148,0.170,0.177 cap=597,864,218,235 des=597,864,190,206 app=929,1172,178,192 abs=nil,nil,nil,nil ebrake=1.00 ibrake=1.00 hasABS=0 sy=0.00 split=1.000,0.875 ===
240.86762|I|libbeamng.print:18052| === LSTM_OBS t=2050 2.39962,2.42387,3.12457,3.11188,0.00000,0.00000,0.00000,-0.00839,0.00000,0.00000,0.00091,1.00000,0.00000,0.00000,0.00000,1394.66801,0.00000 ===
240.91743|I|libbeamng.print:18052| === LSTM_TRACE t=2060 v=2.97 ws=2.89,2.53,2.81,2.88 cmd=0.299,0.362,0.151,0.163 cap=286,480,372,386 des=286,480,326,337 app=582,807,304,315 abs=nil,nil,nil,nil ebrake=1.00 ibrake=1.00 hasABS=0 sy=0.00 split=1.000,0.875 ===
240.91747|I|libbeamng.print:18052| === LSTM_OBS t=2060 2.88932,2.52985,2.80799,2.87676,0.00000,0.00000,0.00000,0.00221,0.00000,0.00000,0.00244,1.00000,0.00000,0.00000,0.00000,1295.29594,0.00000 ===
240.96848|I|libbeamng.print:18052| === LSTM_TRACE t=2070 v=2.74 ws=3.17,2.96,2.84,2.81 cmd=0.489,0.525,0.099,0.111 cap=1736,1769,209,233 des=1736,1769,183,204 app=1001,1219,171,191 abs=nil,nil,nil,nil ebrake=1.00 ibrake=1.00 hasABS=0 sy=0.00 split=1.000,0.875 ===
240.96855|I|libbeamng.print:18052| === LSTM_OBS t=2070 3.16902,2.95674,2.84283,2.81266,0.00000,0.00000,0.00000,-0.00128,0.00000,0.00000,0.00411,1.00000,0.00000,0.00000,0.00000,1193.57733,0.00000 ===
241.01730|I|libbeamng.print:18052| === LSTM_TRACE t=2080 v=2.51 ws=2.37,2.12,2.57,2.54 cmd=0.200,0.264,0.169,0.181 cap=1167,1316,252,277 des=1167,1316,221,243 app=1118,1273,206,227 abs=nil,nil,nil,nil ebrake=1.00 ibrake=1.00 hasABS=0 sy=0.00 split=1.000,0.875 ===
241.01734|I|libbeamng.print:18052| === LSTM_OBS t=2080 2.37354,2.12256,2.56857,2.54083,0.00000,0.00000,0.00000,0.00552,0.00000,0.00000,0.00315,1.00000,0.00000,0.00000,0.00000,1092.22972,0.00000 ===
241.06792|I|libbeamng.print:18052| === LSTM_TRACE t=2090 v=2.26 ws=2.55,2.13,2.30,2.24 cmd=0.423,0.449,0.145,0.158 cap=1101,1223,306,330 des=1101,1223,268,288 app=1054,1183,250,270 abs=nil,nil,nil,nil ebrake=1.00 ibrake=1.00 hasABS=0 sy=0.00 split=1.000,0.875 ===
241.06796|I|libbeamng.print:18052| === LSTM_OBS t=2090 2.55196,2.13053,2.30178,2.23892,0.00000,0.00000,0.00000,-0.00486,0.00000,0.00000,0.00389,1.00000,0.00000,0.00000,0.00000,989.57121,0.00000 ===
241.11771|I|libbeamng.print:18052| === LSTM_TRACE t=2100 v=2.02 ws=1.93,2.00,1.90,2.00 cmd=0.371,0.401,0.168,0.180 cap=969,1095,340,362 des=969,1095,297,317 app=928,1059,278,296 abs=nil,nil,nil,nil ebrake=1.00 ibrake=1.00 hasABS=0 sy=0.00 split=1.000,0.875 ===
241.11775|I|libbeamng.print:18052| === LSTM_OBS t=2100 1.92855,1.99543,1.90015,1.99760,0.00000,0.00000,0.00000,-0.00796,0.00000,0.00000,0.00069,1.00000,0.00000,0.00000,0.00000,885.96805,0.00000 ===
241.16770|I|libbeamng.print:18052| === LSTM_TRACE t=2110 v=1.76 ws=1.79,1.73,1.70,1.66 cmd=0.421,0.429,0.185,0.201 cap=1123,1184,385,416 des=1123,1184,337,364 app=1076,1145,315,341 abs=nil,nil,nil,nil ebrake=1.00 ibrake=1.00 hasABS=0 sy=0.00 split=1.000,0.875 ===
241.16774|I|libbeamng.print:18052| === LSTM_OBS t=2110 1.79255,1.72991,1.70066,1.66139,0.00000,0.00000,0.00000,-0.00154,0.00000,0.00000,0.00183,1.00000,0.00000,0.00000,0.00000,779.58774,0.00000 ===
241.21823|I|libbeamng.print:18052| === LSTM_TRACE t=2120 v=1.51 ws=1.44,1.50,1.50,1.54 cmd=0.374,0.384,0.211,0.227 cap=1168,1197,406,439 des=1168,1197,355,384 app=1119,1158,332,359 abs=nil,nil,nil,nil ebrake=1.00 ibrake=1.00 hasABS=0 sy=0.00 split=1.000,0.875 ===
241.21827|I|libbeamng.print:18052| === LSTM_OBS t=2120 1.44204,1.50125,1.50245,1.54427,0.00000,0.00000,0.00000,0.00566,0.00000,0.00000,0.00069,1.00000,0.00000,0.00000,0.00000,738.99372,0.00000 ===
241.26785|I|libbeamng.print:18052| === LSTM_TRACE t=2130 v=1.28 ws=1.26,1.31,1.29,1.31 cmd=0.372,0.376,0.215,0.226 cap=1212,1212,412,434 des=1212,1212,360,380 app=1160,1172,337,355 abs=nil,nil,nil,nil ebrake=1.00 ibrake=1.00 hasABS=0 sy=0.00 split=1.000,0.875 ===
241.26790|I|libbeamng.print:18052| === LSTM_OBS t=2130 1.26074,1.30970,1.29352,1.31415,0.00000,0.00000,0.00000,-0.00176,0.00000,0.00000,0.00000,1.00000,0.00000,0.00000,0.00000,731.79102,0.00000 ===
241.31779|I|libbeamng.print:18052| === LSTM_TRACE t=2140 v=1.06 ws=0.90,1.22,1.08,1.11 cmd=0.374,0.362,0.269,0.285 cap=1216,1164,513,545 des=1216,1164,449,477 app=1164,1125,419,446 abs=nil,nil,nil,nil ebrake=1.00 ibrake=1.00 hasABS=0 sy=0.00 split=1.000,0.875 ===
241.31783|I|libbeamng.print:18052| === LSTM_OBS t=2140 0.90014,1.22133,1.07658,1.11430,0.00000,0.00000,0.00000,0.00206,0.00000,0.00000,0.00154,1.00000,0.00000,0.00000,0.00000,730.35191,0.00000 ===
241.36795|I|libbeamng.print:18052| === LSTM_TRACE t=2150 v=0.84 ws=0.79,0.89,0.82,0.86 cmd=0.391,0.361,0.324,0.344 cap=1221,1128,631,672 des=1221,1128,552,588 app=1169,1090,516,550 abs=nil,nil,nil,nil ebrake=1.00 ibrake=1.00 hasABS=0 sy=0.00 split=1.000,0.875 ===
241.36802|I|libbeamng.print:18052| === LSTM_OBS t=2150 0.79093,0.89372,0.82133,0.86334,0.00000,0.00000,0.00000,-0.00366,0.00000,0.00000,0.00069,1.00000,0.00000,0.00000,0.00000,731.28372,0.00000 ===
241.41810|I|libbeamng.print:18052| === LSTM_TRACE t=2160 v=0.62 ws=0.47,0.69,0.51,0.65 cmd=0.389,0.354,0.381,0.405 cap=1167,1072,726,770 des=1167,1072,635,674 app=1117,1035,594,630 abs=nil,nil,nil,nil ebrake=1.00 ibrake=1.00 hasABS=0 sy=0.00 split=1.000,0.875 ===
241.41815|I|libbeamng.print:18052| === LSTM_OBS t=2160 0.47219,0.68966,0.50744,0.65403,0.00000,0.00000,0.00000,-0.00428,0.00000,0.00000,0.00239,1.00000,0.00000,0.00000,0.00000,728.65806,0.00000 ===
246.28047|I|libbeamng.print:18052| === LSTM_ABS: lens 'baseline_dynstocknoabs' loaded (17 in, 64 hidden, 2 layers) ===
246.28233|I|libbeamng.print:18052| === LSTM_ABS SELFTEST lens=baseline_dynstocknoabs cmd=0.997953,0.997979,0.883916,0.886024 ===
267.67073|I|libbeamng.print:18052| === LSTM_TRACE t=0 v=27.70 ws=27.66,27.78,27.40,27.40 cmd=0.709,0.648,0.338,0.342 cap=155,155,97,97 des=155,155,85,85 app=142,142,78,78 abs=nil,nil,nil,nil ebrake=1.00 ibrake=1.00 hasABS=0 sy=0.00 split=1.000,0.875 ===
267.67077|I|libbeamng.print:18052| === LSTM_OBS t=0 27.66092,27.78399,27.40386,27.39886,0.00000,0.00000,0.00000,0.01144,0.00000,0.00000,0.00000,1.00000,0.00000,0.00000,0.00000,7858.13306,0.00000 ===
267.72143|I|libbeamng.print:18052| === LSTM_TRACE t=10 v=27.59 ws=27.62,27.76,27.26,27.34 cmd=0.016,0.021,0.011,0.009 cap=56,72,21,19 des=56,72,19,17 app=51,66,17,16 abs=nil,nil,nil,nil ebrake=1.00 ibrake=1.00 hasABS=0 sy=0.00 split=1.000,0.875 ===
267.72147|I|libbeamng.print:18052| === LSTM_OBS t=10 27.61536,27.76283,27.25834,27.34236,0.00000,0.00000,0.00000,0.00147,0.00000,0.00000,0.00000,1.00000,0.00000,0.00000,0.00000,7824.98079,0.00000 ===
267.74115|I|libbeamng.print:18052| === LSTM_ABS DBG raw=27.6106,27.7457,27.2465,27.2689,0.0000,0.0000,0.0000,-0.0058,0.0000,0.0000,0.0007,1.0000,0.0000,0.0000,0.0000,7811.5054,0.0000 ===
267.74118|I|libbeamng.print:18052| === LSTM_ABS DBG norm=1.03,1.02,0.94,0.87,-0.08,-2.50,0.00,-0.01,0.02,-0.02,-0.03,0.41,-0.04,0.00,0.00,2.65,0.00 ===
267.74119|I|libbeamng.print:18052| === LSTM_ABS DBG cmd=0.0148,0.0196,0.0113,0.0099 ===
267.77093|I|libbeamng.print:18052| === LSTM_TRACE t=20 v=27.50 ws=27.54,27.65,27.22,27.24 cmd=0.016,0.023,0.013,0.013 cap=48,68,25,24 des=48,68,22,21 app=44,63,20,19 abs=nil,nil,nil,nil ebrake=1.00 ibrake=1.00 hasABS=0 sy=0.00 split=1.000,0.875 ===
267.77097|I|libbeamng.print:18052| === LSTM_OBS t=20 27.54082,27.64612,27.21942,27.24272,0.00000,0.00000,0.00000,-0.00715,0.00000,0.00000,0.00000,1.00000,0.00000,0.00000,0.00000,7794.33307,0.00000 ===
267.82086|I|libbeamng.print:18052| === LSTM_TRACE t=30 v=27.41 ws=27.44,27.54,27.07,27.17 cmd=0.018,0.027,0.015,0.015 cap=54,84,29,30 des=54,84,25,26 app=50,77,23,24 abs=nil,nil,nil,nil ebrake=1.00 ibrake=1.00 hasABS=0 sy=0.00 split=1.000,0.875 ===
267.82090|I|libbeamng.print:18052| === LSTM_OBS t=30 27.43956,27.54376,27.06596,27.17190,0.00000,0.00000,0.00000,-0.00351,0.00000,0.00000,0.00000,1.00000,0.00000,0.00000,0.00000,7767.42888,0.00000 ===
267.87276|I|libbeamng.print:18052| === LSTM_TRACE t=40 v=27.32 ws=27.31,27.46,27.07,27.05 cmd=0.018,0.028,0.014,0.015 cap=55,86,28,29 des=55,86,25,25 app=50,79,23,23 abs=nil,nil,nil,nil ebrake=1.00 ibrake=1.00 hasABS=0 sy=0.00 split=1.000,0.875 ===
267.87280|I|libbeamng.print:18052| === LSTM_OBS t=40 27.31433,27.45926,27.07294,27.05433,0.00000,0.00000,0.00000,-0.00563,0.00000,0.00000,0.00000,1.00000,0.00000,0.00000,0.00000,7740.39449,0.00000 ===
267.92139|I|libbeamng.print:18052| === LSTM_TRACE t=50 v=27.21 ws=27.22,27.36,26.88,27.05 cmd=0.017,0.027,0.014,0.014 cap=53,84,28,28 des=53,84,24,25 app=49,77,22,23 abs=nil,nil,nil,nil ebrake=1.00 ibrake=1.00 hasABS=0 sy=0.00 split=1.000,0.875 ===
267.92143|I|libbeamng.print:18052| === LSTM_OBS t=50 27.21841,27.36291,26.87557,27.04692,0.00000,0.00000,0.00000,0.00541,0.00000,0.00000,0.00049,1.00000,0.00000,0.00000,0.00000,7712.80618,0.00000 ===
267.97078|I|libbeamng.print:18052| === LSTM_TRACE t=60 v=27.13 ws=27.13,27.25,26.83,26.87 cmd=0.017,0.027,0.014,0.014 cap=54,84,27,28 des=54,84,24,24 app=49,77,22,22 abs=nil,nil,nil,nil ebrake=1.00 ibrake=1.00 hasABS=0 sy=0.00 split=1.000,0.875 ===
267.97083|I|libbeamng.print:18052| === LSTM_OBS t=60 27.12926,27.25417,26.82762,26.86916,0.00000,0.00000,0.00000,-0.00761,0.00000,0.00000,0.00000,1.00000,0.00000,0.00000,0.00000,7685.35851,0.00000 ===
268.02086|I|libbeamng.print:18052| === LSTM_TRACE t=70 v=27.03 ws=27.03,27.12,26.77,26.80 cmd=0.017,0.026,0.014,0.014 cap=52,82,27,27 des=52,82,24,24 app=48,75,22,22 abs=nil,nil,nil,nil ebrake=1.00 ibrake=1.00 hasABS=0 sy=0.00 split=1.000,0.875 ===
268.02090|I|libbeamng.print:18052| === LSTM_OBS t=70 27.03176,27.11752,26.76725,26.79860,0.00000,0.00000,0.00000,0.00258,0.00000,0.00000,0.00049,1.00000,0.00000,0.00000,0.00000,7658.45223,0.00000 ===
268.07048|I|libbeamng.print:18052| === LSTM_TRACE t=80 v=26.94 ws=26.96,27.07,26.59,26.78 cmd=0.017,0.026,0.014,0.014 cap=52,81,27,27 des=52,81,23,24 app=48,74,21,22 abs=nil,nil,nil,nil ebrake=1.00 ibrake=1.00 hasABS=0 sy=0.00 split=1.000,0.875 ===
268.07054|I|libbeamng.print:18052| === LSTM_OBS t=80 26.96215,27.07481,26.59109,26.77735,0.00000,0.00000,0.00000,-0.01361,0.00000,0.00000,0.00049,1.00000,0.00000,0.00000,0.00000,7631.20917,0.00000 ===
268.12130|I|libbeamng.print:18052| === LSTM_TRACE t=90 v=26.84 ws=26.85,26.98,26.51,26.63 cmd=0.017,0.026,0.014,0.014 cap=52,81,27,27 des=52,81,23,24 app=48,74,21,22 abs=nil,nil,nil,nil ebrake=1.00 ibrake=1.00 hasABS=0 sy=0.00 split=1.000,0.875 ===
268.12135|I|libbeamng.print:18052| === LSTM_OBS t=90 26.84560,26.97858,26.50810,26.62516,0.00000,0.00000,0.00000,0.00175,0.00000,0.00000,0.00000,1.00000,0.00000,0.00000,0.00000,7604.00216,0.00000 ===
268.17069|I|libbeamng.print:18052| === LSTM_TRACE t=100 v=26.74 ws=26.69,26.84,26.49,26.48 cmd=0.016,0.026,0.014,0.014 cap=51,80,27,27 des=51,80,23,23 app=47,73,21,22 abs=nil,nil,nil,nil ebrake=1.00 ibrake=1.00 hasABS=0 sy=0.00 split=1.000,0.875 ===
268.17073|I|libbeamng.print:18052| === LSTM_OBS t=100 26.68813,26.83847,26.48825,26.48187,0.00000,0.00000,0.00000,0.00005,0.00000,0.00000,0.00069,1.00000,0.00000,0.00000,0.00000,7577.49837,0.00000 ===
268.22128|I|libbeamng.print:18052| === LSTM_TRACE t=110 v=26.65 ws=26.69,26.78,26.42,26.40 cmd=0.016,0.026,0.014,0.014 cap=51,79,26,27 des=51,79,23,23 app=47,73,21,21 abs=nil,nil,nil,nil ebrake=1.00 ibrake=1.00 hasABS=0 sy=0.00 split=1.000,0.875 ===
268.22132|I|libbeamng.print:18052| === LSTM_OBS t=110 26.69209,26.77699,26.42120,26.40414,0.00000,0.00000,0.00000,-0.00183,0.00000,0.00000,0.00049,1.00000,0.00000,0.00000,0.00000,7550.83855,0.00000 ===
268.27046|I|libbeamng.print:18052| === LSTM_TRACE t=120 v=26.56 ws=26.56,26.67,26.25,26.37 cmd=0.016,0.025,0.014,0.014 cap=50,78,26,27 des=50,78,23,23 app=46,72,21,21 abs=nil,nil,nil,nil ebrake=1.00 ibrake=1.00 hasABS=0 sy=0.00 split=1.000,0.875 ===
268.27053|I|libbeamng.print:18052| === LSTM_OBS t=120 26.55978,26.66779,26.25423,26.36879,0.00000,0.00000,0.00000,0.00759,0.00000,0.00000,0.00000,1.00000,0.00000,0.00000,0.00000,7524.26910,0.00000 ===
268.32070|I|libbeamng.print:18052| === LSTM_TRACE t=130 v=26.46 ws=26.46,26.58,26.12,26.31 cmd=0.016,0.025,0.013,0.014 cap=50,77,26,26 des=50,77,23,23 app=46,71,21,21 abs=nil,nil,nil,nil ebrake=1.00 ibrake=1.00 hasABS=0 sy=0.00 split=1.000,0.875 ===
268.32074|I|libbeamng.print:18052| === LSTM_OBS t=130 26.46424,26.58244,26.12457,26.30634,0.00000,0.00000,0.00000,0.00038,0.00000,0.00000,0.00000,1.00000,0.00000,0.00000,0.00000,7497.74657,0.00000 ===
268.37112|I|libbeamng.print:18052| === LSTM_TRACE t=140 v=26.37 ws=26.33,26.50,26.05,26.23 cmd=0.016,0.025,0.014,0.014 cap=50,77,26,26 des=50,77,23,23 app=46,71,21,21 abs=nil,nil,nil,nil ebrake=1.00 ibrake=1.00 hasABS=0 sy=0.00 split=1.000,0.875 ===
268.37116|I|libbeamng.print:18052| === LSTM_OBS t=140 26.32993,26.49509,26.04955,26.22773,0.00000,0.00000,0.00000,0.00074,0.00000,0.00000,0.00000,1.00000,0.00000,0.00000,0.00000,7471.20643,0.00000 ===
268.42104|I|libbeamng.print:18052| === LSTM_TRACE t=150 v=26.28 ws=26.23,26.32,25.94,26.14 cmd=0.016,0.025,0.014,0.014 cap=50,77,26,27 des=50,77,23,23 app=46,71,21,21 abs=nil,nil,nil,nil ebrake=1.00 ibrake=1.00 hasABS=0 sy=0.00 split=1.000,0.875 ===
268.42108|I|libbeamng.print:18052| === LSTM_OBS t=150 26.23390,26.31806,25.94228,26.14258,0.00000,0.00000,0.00000,-0.00838,0.00000,0.00000,0.00000,1.00000,0.00000,0.00000,0.00000,7446.62687,0.00000 ===
268.47140|I|libbeamng.print:18052| === LSTM_TRACE t=160 v=26.19 ws=26.17,26.25,25.84,26.05 cmd=0.016,0.025,0.014,0.014 cap=51,78,26,27 des=51,78,23,23 app=47,72,21,21 abs=nil,nil,nil,nil ebrake=1.00 ibrake=1.00 hasABS=0 sy=0.00 split=1.000,0.875 ===
268.47144|I|libbeamng.print:18052| === LSTM_OBS t=160 26.17092,26.24984,25.83598,26.05455,0.00000,0.00000,0.00000,-0.01124,0.00000,0.00000,0.00000,1.00000,0.00000,0.00000,0.00000,7416.15523,0.00000 ===
268.52134|I|libbeamng.print:18052| === LSTM_TRACE t=170 v=26.09 ws=26.08,26.15,25.84,25.99 cmd=0.017,0.026,0.014,0.014 cap=51,79,26,27 des=51,79,23,23 app=47,73,21,21 abs=nil,nil,nil,nil ebrake=1.00 ibrake=1.00 hasABS=0 sy=0.00 split=1.000,0.875 ===
268.52138|I|libbeamng.print:18052| === LSTM_OBS t=170 26.07599,26.15039,25.83650,25.99055,0.00000,0.00000,0.00000,-0.01782,0.00000,0.00000,0.00000,1.00000,0.00000,0.00000,0.00000,7394.82974,0.00000 ===
268.57131|I|libbeamng.print:18052| === LSTM_TRACE t=180 v=26.00 ws=26.00,26.07,25.70,25.88 cmd=0.016,0.025,0.014,0.014 cap=51,78,26,27 des=51,78,23,23 app=47,72,21,21 abs=nil,nil,nil,nil ebrake=1.00 ibrake=1.00 hasABS=0 sy=0.00 split=1.000,0.875 ===
268.57135|I|libbeamng.print:18052| === LSTM_OBS t=180 25.99560,26.06756,25.70496,25.87951,0.00000,0.00000,0.00000,-0.01197,0.00000,0.00000,0.00049,1.00000,0.00000,0.00000,0.00000,7373.71981,0.00000 ===
268.62126|I|libbeamng.print:18052| === LSTM_TRACE t=190 v=25.91 ws=25.88,25.96,25.67,25.77 cmd=0.016,0.025,0.013,0.014 cap=50,77,26,26 des=50,77,23,23 app=46,71,21,21 abs=nil,nil,nil,nil ebrake=1.00 ibrake=1.00 hasABS=0 sy=0.00 split=1.000,0.875 ===
268.62130|I|libbeamng.print:18052| === LSTM_OBS t=190 25.88422,25.96491,25.67471,25.76709,0.00000,0.00000,0.00000,-0.00721,0.00000,0.00000,0.00000,1.00000,0.00000,0.00000,0.00000,7343.45308,0.00000 ===
268.67144|I|libbeamng.print:18052| === LSTM_TRACE t=200 v=25.82 ws=25.79,25.87,25.65,25.69 cmd=0.016,0.024,0.013,0.013 cap=50,76,26,26 des=50,76,23,23 app=46,70,21,21 abs=nil,nil,nil,nil ebrake=1.00 ibrake=1.00 hasABS=0 sy=0.00 split=1.000,0.875 ===
268.67148|I|libbeamng.print:18052| === LSTM_OBS t=200 25.78886,25.87285,25.64567,25.69257,0.00000,0.00000,0.00000,-0.00979,0.00000,0.00000,0.00000,1.00000,0.00000,0.00000,0.00000,7318.69269,0.00000 ===
268.72139|I|libbeamng.print:18052| === LSTM_TRACE t=210 v=25.73 ws=25.65,25.79,25.52,25.53 cmd=0.016,0.024,0.013,0.013 cap=49,75,26,26 des=49,75,23,23 app=45,69,21,21 abs=nil,nil,nil,nil ebrake=1.00 ibrake=1.00 hasABS=0 sy=0.00 split=1.000,0.875 ===
268.72142|I|libbeamng.print:18052| === LSTM_OBS t=210 25.64943,25.78917,25.52148,25.52867,0.00000,0.00000,0.00000,-0.00940,0.00000,0.00000,0.00049,1.00000,0.00000,0.00000,0.00000,7293.82324,0.00000 ===
268.77172|I|libbeamng.print:18052| === LSTM_TRACE t=220 v=25.64 ws=25.54,25.70,25.40,25.44 cmd=0.016,0.024,0.013,0.013 cap=49,75,26,26 des=49,75,23,23 app=45,69,21,21 abs=nil,nil,nil,nil ebrake=1.00 ibrake=1.00 hasABS=0 sy=0.00 split=1.000,0.875 ===
268.77176|I|libbeamng.print:18052| === LSTM_OBS t=220 25.54104,25.70410,25.39515,25.44123,0.00000,0.00000,0.00000,-0.00430,0.00000,0.00000,0.00000,1.00000,0.00000,0.00000,0.00000,7268.35827,0.00000 ===
268.82224|I|libbeamng.print:18052| === LSTM_TRACE t=230 v=25.53 ws=25.46,25.64,25.27,25.51 cmd=0.015,0.024,0.013,0.013 cap=48,73,26,26 des=48,73,22,23 app=44,67,21,21 abs=nil,nil,nil,nil ebrake=1.00 ibrake=1.00 hasABS=0 sy=0.00 split=1.000,0.875 ===
268.82228|I|libbeamng.print:18052| === LSTM_OBS t=230 25.46400,25.64084,25.27121,25.50842,0.00000,0.00000,0.00000,-0.00054,0.00000,0.00000,0.00049,1.00000,0.00000,0.00000,0.00000,7243.23913,0.00000 ===
268.87222|I|libbeamng.print:18052| === LSTM_TRACE t=240 v=25.45 ws=25.40,25.51,25.22,25.34 cmd=0.016,0.024,0.013,0.013 cap=48,73,26,26 des=48,73,22,23 app=44,68,21,21 abs=nil,nil,nil,nil ebrake=1.00 ibrake=1.00 hasABS=0 sy=0.00 split=1.000,0.875 ===
268.87225|I|libbeamng.print:18052| === LSTM_OBS t=240 25.40222,25.51379,25.21603,25.33929,0.00000,0.00000,0.00000,-0.00227,0.00000,0.00000,0.00000,1.00000,0.00000,0.00000,0.00000,7217.98773,0.00000 ===
268.92186|I|libbeamng.print:18052| === LSTM_TRACE t=250 v=25.36 ws=25.30,25.49,25.18,25.22 cmd=0.015,0.023,0.013,0.013 cap=48,73,26,26 des=48,73,22,23 app=44,67,21,21 abs=nil,nil,nil,nil ebrake=1.00 ibrake=1.00 hasABS=0 sy=0.00 split=1.000,0.875 ===
268.92189|I|libbeamng.print:18052| === LSTM_OBS t=250 25.30490,25.49174,25.17949,25.22058,0.00000,0.00000,0.00000,0.00637,0.00000,0.00000,0.00000,1.00000,0.00000,0.00000,0.00000,7193.04263,0.00000 ===
268.97358|I|libbeamng.print:18052| === LSTM_TRACE t=260 v=25.28 ws=25.24,25.34,25.03,25.20 cmd=0.015,0.023,0.013,0.013 cap=47,72,25,25 des=47,72,22,22 app=44,66,20,20 abs=nil,nil,nil,nil ebrake=1.00 ibrake=1.00 hasABS=0 sy=0.00 split=1.000,0.875 ===
268.97364|I|libbeamng.print:18052| === LSTM_OBS t=260 25.23782,25.34362,25.03386,25.19540,0.00000,0.00000,0.00000,-0.00909,0.00000,0.00000,0.00049,1.00000,0.00000,0.00000,0.00000,7167.93163,0.00000 ===
269.02421|I|libbeamng.print:18052| === LSTM_TRACE t=270 v=25.18 ws=25.14,25.29,24.94,25.09 cmd=0.016,0.024,0.013,0.013 cap=48,73,25,26 des=48,73,22,22 app=44,67,20,21 abs=nil,nil,nil,nil ebrake=1.00 ibrake=1.00 hasABS=0 sy=0.00 split=1.000,0.875 ===
269.02427|I|libbeamng.print:18052| === LSTM_OBS t=270 25.14211,25.29027,24.93606,25.08872,0.00000,0.00000,0.00000,-0.00008,0.00000,0.00000,0.00049,1.00000,0.00000,0.00000,0.00000,7143.38476,0.00000 ===
269.07276|I|libbeamng.print:18052| === LSTM_TRACE t=280 v=25.10 ws=25.01,25.20,24.89,24.93 cmd=0.015,0.023,0.013,0.013 cap=48,72,25,25 des=48,72,22,22 app=44,66,20,20 abs=nil,nil,nil,nil ebrake=1.00 ibrake=1.00 hasABS=0 sy=0.00 split=1.000,0.875 ===
269.07280|I|libbeamng.print:18052| === LSTM_OBS t=280 25.01491,25.19766,24.88868,24.93259,0.00000,0.00000,0.00000,-0.01265,0.00000,0.00000,0.00000,1.00000,0.00000,0.00000,0.00000,7118.06982,0.00000 ===
269.12282|I|libbeamng.print:18052| === LSTM_TRACE t=290 v=25.01 ws=24.99,25.05,24.73,24.95 cmd=0.015,0.023,0.013,0.013 cap=47,70,25,25 des=47,70,22,22 app=43,65,20,20 abs=nil,nil,nil,nil ebrake=1.00 ibrake=1.00 hasABS=0 sy=0.00 split=1.000,0.875 ===
269.12286|I|libbeamng.print:18052| === LSTM_OBS t=290 24.98692,25.04826,24.73172,24.95044,0.00000,0.00000,0.00000,-0.01682,0.00000,0.00000,0.00049,1.00000,0.00000,0.00000,0.00000,7093.13113,0.00000 ===
269.17450|I|libbeamng.print:18052| === LSTM_TRACE t=300 v=24.90 ws=24.87,25.02,24.73,24.78 cmd=0.015,0.023,0.013,0.013 cap=47,71,25,25 des=47,71,22,22 app=43,66,20,20 abs=nil,nil,nil,nil ebrake=1.00 ibrake=1.00 hasABS=0 sy=0.00 split=1.000,0.875 ===
269.17454|I|libbeamng.print:18052| === LSTM_OBS t=300 24.86845,25.02073,24.73148,24.78405,0.00000,0.00000,0.00000,0.00310,0.00000,0.00000,0.00049,1.00000,0.00000,0.00000,0.00000,7069.54126,0.00000 ===
269.22545|I|libbeamng.print:18052| === LSTM_TRACE t=310 v=24.81 ws=24.79,24.96,24.54,24.79 cmd=0.015,0.023,0.013,0.013 cap=48,72,25,25 des=48,72,22,22 app=44,66,20,20 abs=nil,nil,nil,nil ebrake=1.00 ibrake=1.00 hasABS=0 sy=0.00 split=1.000,0.875 ===
269.22551|I|libbeamng.print:18052| === LSTM_OBS t=310 24.79468,24.95747,24.54166,24.78580,0.00000,0.00000,0.00000,0.01382,0.00000,0.00000,0.00000,1.00000,0.00000,0.00000,0.00000,7044.66714,0.00000 ===
269.27428|I|libbeamng.print:18052| === LSTM_TRACE t=320 v=24.73 ws=24.70,24.86,24.55,24.60 cmd=0.015,0.023,0.013,0.013 cap=47,71,25,25 des=47,71,22,22 app=43,65,20,20 abs=nil,nil,nil,nil ebrake=1.00 ibrake=1.00 hasABS=0 sy=0.00 split=1.000,0.875 ===
269.27432|I|libbeamng.print:18052| === LSTM_OBS t=320 24.70204,24.86197,24.54510,24.60312,0.00000,0.00000,0.00000,0.00149,0.00000,0.00000,0.00069,1.00000,0.00000,0.00000,0.00000,7018.01560,0.00000 ===
269.32571|I|libbeamng.print:18052| === LSTM_TRACE t=330 v=24.64 ws=24.61,24.79,24.37,24.57 cmd=0.016,0.023,0.013,0.013 cap=48,72,25,25 des=48,72,22,22 app=44,66,20,20 abs=nil,nil,nil,nil ebrake=1.00 ibrake=1.00 hasABS=0 sy=0.00 split=1.000,0.875 ===
269.32575|I|libbeamng.print:18052| === LSTM_OBS t=330 24.61022,24.78673,24.36570,24.57261,0.00000,0.00000,0.00000,0.00248,0.00000,0.00000,0.00000,1.00000,0.00000,0.00000,0.00000,6993.46202,0.00000 ===
269.37176|I|libbeamng.print:18052| === LSTM_TRACE t=340 v=24.55 ws=24.56,24.67,24.38,24.42 cmd=0.015,0.023,0.013,0.013 cap=47,71,25,25 des=47,71,22,22 app=44,65,20,20 abs=nil,nil,nil,nil ebrake=1.00 ibrake=1.00 hasABS=0 sy=0.00 split=1.000,0.875 ===
269.37181|I|libbeamng.print:18052| === LSTM_OBS t=340 24.55774,24.67076,24.37848,24.42207,0.00000,0.00000,0.00000,-0.00186,0.00000,0.00000,0.00069,1.00000,0.00000,0.00000,0.00000,6970.70737,0.00000 ===
269.42159|I|libbeamng.print:18052| === LSTM_TRACE t=350 v=24.46 ws=24.46,24.58,24.33,24.41 cmd=0.015,0.023,0.013,0.013 cap=47,71,25,25 des=47,71,22,22 app=44,66,20,20 abs=nil,nil,nil,nil ebrake=1.00 ibrake=1.00 hasABS=0 sy=0.00 split=1.000,0.875 ===
269.42166|I|libbeamng.print:18052| === LSTM_OBS t=350 24.46023,24.58222,24.33411,24.40775,0.00000,0.00000,0.00000,0.02320,0.00000,0.00000,0.00069,1.00000,0.00000,0.00000,0.00000,6945.30104,0.00000 ===
269.47254|I|libbeamng.print:18052| === LSTM_TRACE t=360 v=24.37 ws=24.36,24.45,24.14,24.36 cmd=0.015,0.023,0.013,0.013 cap=47,70,25,25 des=47,70,22,22 app=43,65,20,20 abs=nil,nil,nil,nil ebrake=1.00 ibrake=1.00 hasABS=0 sy=0.00 split=1.000,0.875 ===
269.47258|I|libbeamng.print:18052| === LSTM_OBS t=360 24.36421,24.45084,24.13522,24.35578,0.00000,0.00000,0.00000,-0.00121,0.00000,0.00000,0.00000,1.00000,0.00000,0.00000,0.00000,6920.49351,0.00000 ===
269.52160|I|libbeamng.print:18052| === LSTM_TRACE t=370 v=24.31 ws=24.24,24.36,24.12,24.15 cmd=0.015,0.023,0.013,0.013 cap=47,70,25,25 des=47,70,22,21 app=43,64,20,20 abs=nil,nil,nil,nil ebrake=1.00 ibrake=1.00 hasABS=0 sy=0.00 split=1.000,0.875 ===
269.52164|I|libbeamng.print:18052| === LSTM_OBS t=370 24.24120,24.36258,24.12453,24.15051,0.00000,0.00000,0.00000,-0.01311,0.00000,0.00000,0.00000,1.00000,0.00000,0.00000,0.00000,6895.12159,0.00000 ===
269.57213|I|libbeamng.print:18052| === LSTM_TRACE t=380 v=24.20 ws=24.17,24.35,24.04,24.12 cmd=0.015,0.023,0.013,0.013 cap=47,70,25,24 des=47,70,22,21 app=44,65,20,20 abs=nil,nil,nil,nil ebrake=1.00 ibrake=1.00 hasABS=0 sy=0.00 split=1.000,0.875 ===
269.57217|I|libbeamng.print:18052| === LSTM_OBS t=380 24.16761,24.35301,24.03890,24.12405,0.00000,0.00000,0.00000,0.00931,0.00000,0.00000,0.00049,1.00000,0.00000,0.00000,0.00000,6869.93656,0.00000 ===
269.62156|I|libbeamng.print:18052| === LSTM_TRACE t=390 v=24.11 ws=24.12,24.16,23.93,24.05 cmd=0.015,0.023,0.013,0.013 cap=47,70,24,24 des=47,70,21,21 app=43,65,20,20 abs=nil,nil,nil,nil ebrake=1.00 ibrake=1.00 hasABS=0 sy=0.00 split=1.000,0.875 ===
269.62159|I|libbeamng.print:18052| === LSTM_OBS t=390 24.11956,24.16191,23.93183,24.05464,0.00000,0.00000,0.00000,-0.00311,0.00000,0.00000,0.00000,1.00000,0.00000,0.00000,0.00000,6844.95258,0.00000 ===
269.67158|I|libbeamng.print:18052| === LSTM_TRACE t=400 v=24.04 ws=24.00,24.15,23.80,23.97 cmd=0.015,0.022,0.013,0.012 cap=47,69,24,24 des=47,69,21,21 app=43,64,20,19 abs=nil,nil,nil,nil ebrake=1.00 ibrake=1.00 hasABS=0 sy=0.00 split=1.000,0.875 ===
269.67162|I|libbeamng.print:18052| === LSTM_OBS t=400 24.00192,24.14766,23.79630,23.97412,0.00000,0.00000,0.00000,-0.00219,0.00000,0.00000,0.00049,1.00000,0.00000,0.00000,0.00000,6820.18471,0.00000 ===
269.72216|I|libbeamng.print:18052| === LSTM_TRACE t=410 v=23.94 ws=23.96,24.04,23.75,23.85 cmd=0.015,0.022,0.013,0.012 cap=47,70,24,24 des=47,70,21,21 app=43,64,20,19 abs=nil,nil,nil,nil ebrake=1.00 ibrake=1.00 hasABS=0 sy=0.00 split=1.000,0.875 ===
269.72220|I|libbeamng.print:18052| === LSTM_OBS t=410 23.96090,24.04022,23.75091,23.84866,0.00000,0.00000,0.00000,0.00981,0.00000,0.00000,0.00000,1.00000,0.00000,0.00000,0.00000,6795.12567,0.00000 ===
269.77180|I|libbeamng.print:18052| === LSTM_TRACE t=420 v=23.86 ws=23.85,23.99,23.73,23.72 cmd=0.015,0.023,0.012,0.012 cap=47,70,24,24 des=47,70,21,21 app=43,64,19,19 abs=nil,nil,nil,nil ebrake=1.00 ibrake=1.00 hasABS=0 sy=0.00 split=1.000,0.875 ===
269.77184|I|libbeamng.print:18052| === LSTM_OBS t=420 23.85382,23.99443,23.72832,23.71708,0.00000,0.00000,0.00000,-0.00405,0.00000,0.00000,0.00000,1.00000,0.00000,0.00000,0.00000,6770.05461,0.00000 ===
269.82189|I|libbeamng.print:18052| === LSTM_TRACE t=430 v=23.77 ws=23.73,23.88,23.58,23.65 cmd=0.015,0.022,0.012,0.012 cap=47,69,24,24 des=47,69,21,21 app=43,64,19,19 abs=nil,nil,nil,nil ebrake=1.00 ibrake=1.00 hasABS=0 sy=0.00 split=1.000,0.875 ===
269.82192|I|libbeamng.print:18052| === LSTM_OBS t=430 23.72519,23.87735,23.58481,23.64607,0.00000,0.00000,0.00000,-0.01255,0.00000,0.00000,0.00000,1.00000,0.00000,0.00000,0.00000,6745.84062,0.00000 ===
269.87150|I|libbeamng.print:18052| === LSTM_TRACE t=440 v=23.67 ws=23.68,23.72,23.49,23.61 cmd=0.015,0.022,0.012,0.012 cap=47,69,24,24 des=47,69,21,21 app=43,64,19,19 abs=nil,nil,nil,nil ebrake=1.00 ibrake=1.00 hasABS=0 sy=0.00 split=1.000,0.875 ===
269.87154|I|libbeamng.print:18052| === LSTM_OBS t=440 23.68240,23.72413,23.48819,23.61209,0.00000,0.00000,0.00000,0.00108,0.00000,0.00000,0.00000,1.00000,0.00000,0.00000,0.00000,6721.40536,0.00000 ===
269.92181|I|libbeamng.print:18052| === LSTM_TRACE t=450 v=23.59 ws=23.60,23.68,23.42,23.51 cmd=0.015,0.022,0.012,0.012 cap=47,69,24,24 des=47,69,21,21 app=43,64,19,19 abs=nil,nil,nil,nil ebrake=1.00 ibrake=1.00 hasABS=0 sy=0.00 split=1.000,0.875 ===
269.92186|I|libbeamng.print:18052| === LSTM_OBS t=450 23.59777,23.67703,23.41647,23.50719,0.00000,0.00000,0.00000,0.00785,0.00000,0.00000,0.00069,1.00000,0.00000,0.00000,0.00000,6696.71934,0.00000 ===
269.97269|I|libbeamng.print:18052| === LSTM_TRACE t=460 v=23.50 ws=23.47,23.63,23.33,23.43 cmd=0.015,0.022,0.012,0.012 cap=47,69,24,24 des=47,69,21,21 app=43,64,19,19 abs=nil,nil,nil,nil ebrake=1.00 ibrake=1.00 hasABS=0 sy=0.00 split=1.000,0.875 ===
269.97272|I|libbeamng.print:18052| === LSTM_OBS t=460 23.47187,23.62599,23.32590,23.43473,0.00000,0.00000,0.00000,0.00636,0.00000,0.00000,0.00049,1.00000,0.00000,0.00000,0.00000,6670.83504,0.00000 ===
270.02230|I|libbeamng.print:18052| === LSTM_TRACE t=470 v=23.42 ws=23.36,23.57,23.21,23.34 cmd=0.015,0.022,0.012,0.012 cap=47,69,24,24 des=47,69,21,21 app=43,64,19,19 abs=nil,nil,nil,nil ebrake=1.00 ibrake=1.00 hasABS=0 sy=0.00 split=1.000,0.875 ===
270.02236|I|libbeamng.print:18052| === LSTM_OBS t=470 23.35576,23.57008,23.21447,23.34188,0.00000,0.00000,0.00000,0.00016,0.00000,0.00000,0.00049,1.00000,0.00000,0.00000,0.00000,6646.27498,0.00000 ===
270.07199|I|libbeamng.print:18052| === LSTM_TRACE t=480 v=23.33 ws=23.28,23.50,23.17,23.22 cmd=0.015,0.022,0.012,0.012 cap=47,69,24,23 des=47,69,21,21 app=43,64,19,19 abs=nil,nil,nil,nil ebrake=1.00 ibrake=1.00 hasABS=0 sy=0.00 split=1.000,0.875 ===
270.07202|I|libbeamng.print:18052| === LSTM_OBS t=480 23.28238,23.49873,23.16527,23.22464,0.00000,0.00000,0.00000,0.00083,0.00000,0.00000,0.00085,1.00000,0.00000,0.00000,0.00000,6621.69294,0.00000 ===
270.12193|I|libbeamng.print:18052| === LSTM_TRACE t=490 v=23.25 ws=23.20,23.37,23.11,23.14 cmd=0.015,0.022,0.012,0.012 cap=47,69,24,23 des=47,69,21,20 app=44,64,19,19 abs=nil,nil,nil,nil ebrake=1.00 ibrake=1.00 hasABS=0 sy=0.00 split=1.000,0.875 ===
270.12197|I|libbeamng.print:18052| === LSTM_OBS t=490 23.19825,23.36938,23.10612,23.14305,0.00000,0.00000,0.00000,0.00537,0.00000,0.00000,0.00069,1.00000,0.00000,0.00000,0.00000,6596.93889,0.00000 ===
270.17212|I|libbeamng.print:18052| === LSTM_TRACE t=500 v=23.16 ws=23.18,23.27,22.99,23.13 cmd=0.015,0.022,0.012,0.012 cap=47,69,24,23 des=47,69,21,20 app=43,64,19,19 abs=nil,nil,nil,nil ebrake=1.00 ibrake=1.00 hasABS=0 sy=0.00 split=1.000,0.875 ===
270.17217|I|libbeamng.print:18052| === LSTM_OBS t=500 23.18420,23.26888,22.99400,23.12924,0.00000,0.00000,0.00000,0.01361,0.00000,0.00000,0.00000,1.00000,0.00000,0.00000,0.00000,6572.40487,0.00000 ===
270.22185|I|libbeamng.print:18052| === LSTM_TRACE t=510 v=23.07 ws=23.13,23.14,22.86,22.99 cmd=0.015,0.022,0.012,0.012 cap=47,69,24,23 des=47,69,21,20 app=43,63,19,19 abs=nil,nil,nil,nil ebrake=1.00 ibrake=1.00 hasABS=0 sy=0.00 split=1.000,0.875 ===
270.22190|I|libbeamng.print:18052| === LSTM_OBS t=510 23.12872,23.13588,22.86482,22.99424,0.00000,0.00000,0.00000,0.00816,0.00000,0.00000,0.00000,1.00000,0.00000,0.00000,0.00000,6548.53597,0.00000 ===
270.27247|I|libbeamng.print:18052| === LSTM_TRACE t=520 v=22.99 ws=22.95,23.07,22.81,22.89 cmd=0.015,0.022,0.012,0.012 cap=47,68,23,23 des=47,68,21,20 app=43,63,19,19 abs=nil,nil,nil,nil ebrake=1.00 ibrake=1.00 hasABS=0 sy=0.00 split=1.000,0.875 ===
270.27254|I|libbeamng.print:18052| === LSTM_OBS t=520 22.95165,23.06863,22.81130,22.88734,0.00000,0.00000,0.00000,-0.01259,0.00000,0.00000,0.00000,1.00000,0.00000,0.00000,0.00000,6524.55482,0.00000 ===
270.32207|I|libbeamng.print:18052| === LSTM_TRACE t=530 v=22.91 ws=22.87,23.05,22.73,22.89 cmd=0.015,0.022,0.012,0.012 cap=47,69,23,23 des=47,69,20,20 app=43,63,19,19 abs=nil,nil,nil,nil ebrake=1.00 ibrake=1.00 hasABS=0 sy=0.00 split=1.000,0.875 ===
270.32211|I|libbeamng.print:18052| === LSTM_OBS t=530 22.86704,23.05260,22.72922,22.88964,0.00000,0.00000,0.00000,-0.00880,0.00000,0.00000,0.00000,1.00000,0.00000,0.00000,0.00000,6499.96960,0.00000 ===
270.37358|I|libbeamng.print:18052| === LSTM_TRACE t=540 v=22.80 ws=22.85,22.92,22.67,22.71 cmd=0.015,0.022,0.012,0.012 cap=47,69,23,23 des=47,69,20,20 app=44,64,19,18 abs=nil,nil,nil,nil ebrake=1.00 ibrake=1.00 hasABS=0 sy=0.00 split=1.000,0.875 ===
270.37363|I|libbeamng.print:18052| === LSTM_OBS t=540 22.85385,22.91937,22.67212,22.71466,0.00000,0.00000,0.00000,0.01449,0.00000,0.00000,0.00000,1.00000,0.00000,0.00000,0.00000,6475.53244,0.00000 ===
270.42229|I|libbeamng.print:18052| === LSTM_TRACE t=550 v=22.74 ws=22.71,22.88,22.56,22.63 cmd=0.015,0.022,0.012,0.012 cap=47,68,23,23 des=47,68,20,20 app=43,63,19,18 abs=nil,nil,nil,nil ebrake=1.00 ibrake=1.00 hasABS=0 sy=0.00 split=1.000,0.875 ===
270.42232|I|libbeamng.print:18052| === LSTM_OBS t=550 22.71054,22.87608,22.56290,22.63267,0.00000,0.00000,0.00000,-0.01566,0.00000,0.00000,0.00000,1.00000,0.00000,0.00000,0.00000,6450.81039,0.00000 ===
270.47214|I|libbeamng.print:18052| === LSTM_TRACE t=560 v=22.64 ws=22.68,22.70,22.54,22.65 cmd=0.015,0.022,0.012,0.012 cap=47,69,23,23 des=47,69,20,20 app=44,64,19,18 abs=nil,nil,nil,nil ebrake=1.00 ibrake=1.00 hasABS=0 sy=0.00 split=1.000,0.875 ===
270.47217|I|libbeamng.print:18052| === LSTM_OBS t=560 22.67582,22.69939,22.54053,22.64917,0.00000,0.00000,0.00000,0.00988,0.00000,0.00000,0.00069,1.00000,0.00000,0.00000,0.00000,6427.66805,0.00000 ===
270.52206|I|libbeamng.print:18052| === LSTM_TRACE t=570 v=22.56 ws=22.50,22.71,22.42,22.47 cmd=0.015,0.022,0.012,0.012 cap=47,68,23,23 des=47,68,20,20 app=43,63,19,18 abs=nil,nil,nil,nil ebrake=1.00 ibrake=1.00 hasABS=0 sy=0.00 split=1.000,0.875 ===
270.52212|I|libbeamng.print:18052| === LSTM_OBS t=570 22.49848,22.70657,22.41518,22.47196,0.00000,0.00000,0.00000,-0.01267,0.00000,0.00000,0.00000,1.00000,0.00000,0.00000,0.00000,6403.69981,0.00000 ===
270.57206|I|libbeamng.print:18052| === LSTM_TRACE t=580 v=22.46 ws=22.49,22.57,22.31,22.37 cmd=0.015,0.022,0.012,0.012 cap=47,68,23,23 des=47,68,20,20 app=44,63,19,18 abs=nil,nil,nil,nil ebrake=1.00 ibrake=1.00 hasABS=0 sy=0.00 split=1.000,0.875 ===
270.57210|I|libbeamng.print:18052| === LSTM_OBS t=580 22.48914,22.56675,22.30665,22.37443,0.00000,0.00000,0.00000,0.00941,0.00000,0.00000,0.00000,1.00000,0.00000,0.00000,0.00000,6379.48575,0.00000 ===
270.62303|I|libbeamng.print:18052| === LSTM_TRACE t=590 v=22.38 ws=22.41,22.49,22.20,22.33 cmd=0.015,0.022,0.012,0.012 cap=48,69,23,23 des=48,69,20,20 app=44,63,18,18 abs=nil,nil,nil,nil ebrake=1.00 ibrake=1.00 hasABS=0 sy=0.00 split=1.000,0.875 ===
270.62311|I|libbeamng.print:18052| === LSTM_OBS t=590 22.41434,22.48769,22.20027,22.33352,0.00000,0.00000,0.00000,0.01483,0.00000,0.00000,0.00049,1.00000,0.00000,0.00000,0.00000,6355.70730,0.00000 ===
270.67195|I|libbeamng.print:18052| === LSTM_TRACE t=600 v=22.31 ws=22.28,22.45,22.13,22.25 cmd=0.015,0.022,0.012,0.012 cap=47,68,23,22 des=47,68,20,20 app=43,63,18,18 abs=nil,nil,nil,nil ebrake=1.00 ibrake=1.00 hasABS=0 sy=0.00 split=1.000,0.875 ===
270.67198|I|libbeamng.print:18052| === LSTM_OBS t=600 22.27555,22.44787,22.12625,22.24504,0.00000,0.00000,0.00000,-0.00490,0.00000,0.00000,0.00000,1.00000,0.00000,0.00000,0.00000,6331.62463,0.00000 ===
270.72186|I|libbeamng.print:18052| === LSTM_TRACE t=610 v=22.22 ws=22.19,22.37,22.01,22.19 cmd=0.015,0.022,0.012,0.012 cap=48,68,23,22 des=48,68,20,20 app=44,63,18,18 abs=nil,nil,nil,nil ebrake=1.00 ibrake=1.00 hasABS=0 sy=0.00 split=1.000,0.875 ===
270.72190|I|libbeamng.print:18052| === LSTM_OBS t=610 22.18591,22.37000,22.01144,22.18859,0.00000,0.00000,0.00000,-0.01401,0.00000,0.00000,0.00000,1.00000,0.00000,0.00000,0.00000,6307.68693,0.00000 ===
270.77269|I|libbeamng.print:18052| === LSTM_TRACE t=620 v=22.13 ws=22.08,22.26,21.95,22.06 cmd=0.015,0.022,0.012,0.011 cap=47,68,23,22 des=47,68,20,19 app=44,63,18,18 abs=nil,nil,nil,nil ebrake=1.00 ibrake=1.00 hasABS=0 sy=0.00 split=1.000,0.875 ===
270.77275|I|libbeamng.print:18052| === LSTM_OBS t=620 22.07692,22.26353,21.94642,22.06082,0.00000,0.00000,0.00000,-0.00393,0.00000,0.00000,0.00000,1.00000,0.00000,0.00000,0.00000,6283.10223,0.00000 ===
270.82222|I|libbeamng.print:18052| === LSTM_TRACE t=630 v=22.05 ws=22.03,22.17,21.83,22.01 cmd=0.015,0.022,0.012,0.011 cap=47,68,23,22 des=47,68,20,19 app=44,63,18,18 abs=nil,nil,nil,nil ebrake=1.00 ibrake=1.00 hasABS=0 sy=0.00 split=1.000,0.875 ===
270.82226|I|libbeamng.print:18052| === LSTM_OBS t=630 22.02788,22.17486,21.83363,22.01297,0.00000,0.00000,0.00000,-0.00995,0.00000,0.00000,0.00000,1.00000,0.00000,0.00000,0.00000,6259.17273,0.00000 ===
270.87205|I|libbeamng.print:18052| === LSTM_TRACE t=640 v=21.96 ws=21.91,22.12,21.77,21.89 cmd=0.015,0.022,0.012,0.011 cap=48,68,23,22 des=48,68,20,19 app=44,63,18,18 abs=nil,nil,nil,nil ebrake=1.00 ibrake=1.00 hasABS=0 sy=0.00 split=1.000,0.875 ===
270.87209|I|libbeamng.print:18052| === LSTM_OBS t=640 21.90978,22.11943,21.76724,21.89158,0.00000,0.00000,0.00000,-0.01245,0.00000,0.00000,0.00000,1.00000,0.00000,0.00000,0.00000,6235.28349,0.00000 ===
270.92220|I|libbeamng.print:18052| === LSTM_TRACE t=650 v=21.88 ws=21.87,22.06,21.71,21.84 cmd=0.015,0.022,0.012,0.011 cap=48,69,22,22 des=48,69,20,19 app=44,63,18,18 abs=nil,nil,nil,nil ebrake=1.00 ibrake=1.00 hasABS=0 sy=0.00 split=1.000,0.875 ===
270.92224|I|libbeamng.print:18052| === LSTM_OBS t=650 21.87046,22.06220,21.71217,21.84012,0.00000,0.00000,0.00000,-0.01381,0.00000,0.00000,0.00000,1.00000,0.00000,0.00000,0.00000,6210.71983,0.00000 ===
270.97237|I|libbeamng.print:18052| === LSTM_TRACE t=660 v=21.79 ws=21.77,21.92,21.65,21.80 cmd=0.015,0.022,0.012,0.011 cap=48,68,22,22 des=48,68,20,19 app=44,63,18,18 abs=nil,nil,nil,nil ebrake=1.00 ibrake=1.00 hasABS=0 sy=0.00 split=1.000,0.875 ===
270.97240|I|libbeamng.print:18052| === LSTM_OBS t=660 21.77418,21.92206,21.65320,21.79578,0.00000,0.00000,0.00000,-0.00794,0.00000,0.00000,0.00000,1.00000,0.00000,0.00000,0.00000,6187.09884,0.00000 ===
271.02278|I|libbeamng.print:18052| === LSTM_TRACE t=670 v=21.69 ws=21.72,21.79,21.56,21.61 cmd=0.015,0.022,0.012,0.011 cap=48,68,22,22 des=48,68,20,19 app=44,63,18,18 abs=nil,nil,nil,nil ebrake=1.00 ibrake=1.00 hasABS=0 sy=0.00 split=1.000,0.875 ===
271.02282|I|libbeamng.print:18052| === LSTM_OBS t=670 21.72125,21.79175,21.55774,21.60535,0.00000,0.00000,0.00000,0.01830,0.00000,0.00000,0.00000,1.00000,0.00000,0.00000,0.00000,6163.60364,0.00000 ===
271.07306|I|libbeamng.print:18052| === LSTM_TRACE t=680 v=21.61 ws=21.65,21.74,21.47,21.64 cmd=0.015,0.022,0.011,0.011 cap=48,68,22,22 des=48,68,19,19 app=44,63,18,18 abs=nil,nil,nil,nil ebrake=1.00 ibrake=1.00 hasABS=0 sy=0.00 split=1.000,0.875 ===
271.07310|I|libbeamng.print:18052| === LSTM_OBS t=680 21.64770,21.73615,21.47006,21.64023,0.00000,0.00000,0.00000,0.01215,0.00000,0.00000,0.00049,1.00000,0.00000,0.00000,0.00000,6140.20978,0.00000 ===
271.12272|I|libbeamng.print:18052| === LSTM_TRACE t=690 v=21.54 ws=21.49,21.72,21.32,21.50 cmd=0.016,0.022,0.011,0.011 cap=48,68,22,22 des=48,68,19,19 app=44,63,18,17 abs=nil,nil,nil,nil ebrake=1.00 ibrake=1.00 hasABS=0 sy=0.00 split=1.000,0.875 ===
271.12276|I|libbeamng.print:18052| === LSTM_OBS t=690 21.48693,21.72075,21.31856,21.50374,0.00000,0.00000,0.00000,-0.01207,0.00000,0.00000,0.00049,1.00000,0.00000,0.00000,0.00000,6115.63491,0.00000 ===
271.17307|I|libbeamng.print:18052| === LSTM_TRACE t=700 v=21.44 ws=21.50,21.49,21.38,21.42 cmd=0.016,0.022,0.011,0.011 cap=48,69,22,22 des=48,69,19,19 app=44,64,18,17 abs=nil,nil,nil,nil ebrake=1.00 ibrake=1.00 hasABS=0 sy=0.00 split=1.000,0.875 ===
271.17312|I|libbeamng.print:18052| === LSTM_OBS t=700 21.50425,21.49472,21.37742,21.42164,0.00000,0.00000,0.00000,0.00456,0.00000,0.00000,0.00049,1.00000,0.00000,0.00000,0.00000,6091.88278,0.00000 ===
271.22264|I|libbeamng.print:18052| === LSTM_TRACE t=710 v=21.37 ws=21.34,21.53,21.19,21.28 cmd=0.016,0.022,0.011,0.011 cap=48,69,22,22 des=48,69,19,19 app=44,63,18,17 abs=nil,nil,nil,nil ebrake=1.00 ibrake=1.00 hasABS=0 sy=0.00 split=1.000,0.875 ===
271.22268|I|libbeamng.print:18052| === LSTM_OBS t=710 21.33909,21.52807,21.19314,21.28408,0.00000,0.00000,0.00000,-0.00639,0.00000,0.00000,0.00049,1.00000,0.00000,0.00000,0.00000,6068.07179,0.00000 ===
271.27276|I|libbeamng.print:18052| === LSTM_TRACE t=720 v=21.28 ws=21.33,21.37,21.13,21.22 cmd=0.016,0.022,0.011,0.011 cap=48,69,22,22 des=48,69,19,19 app=45,64,18,17 abs=nil,nil,nil,nil ebrake=1.00 ibrake=1.00 hasABS=0 sy=0.00 split=1.000,0.875 ===
271.27280|I|libbeamng.print:18052| === LSTM_OBS t=720 21.33254,21.37148,21.13118,21.22066,0.00000,0.00000,0.00000,0.01145,0.00000,0.00000,0.00049,1.00000,0.00000,0.00000,0.00000,6043.52748,0.00000 ===
271.32308|I|libbeamng.print:18052| === LSTM_TRACE t=730 v=21.20 ws=21.15,21.34,21.09,21.19 cmd=0.016,0.022,0.011,0.011 cap=49,69,22,21 des=49,69,19,19 app=45,64,18,17 abs=nil,nil,nil,nil ebrake=1.00 ibrake=1.00 hasABS=0 sy=0.00 split=1.000,0.875 ===
271.32311|I|libbeamng.print:18052| === LSTM_OBS t=730 21.15294,21.34456,21.09122,21.19025,0.00000,0.00000,0.00000,-0.00544,0.00000,0.00000,0.00000,1.00000,0.00000,0.00000,0.00000,6019.37449,0.00000 ===
271.37219|I|libbeamng.print:18052| === LSTM_TRACE t=740 v=21.11 ws=21.13,21.23,20.98,21.15 cmd=0.016,0.022,0.011,0.011 cap=49,69,22,21 des=49,69,19,19 app=45,64,18,17 abs=nil,nil,nil,nil ebrake=1.00 ibrake=1.00 hasABS=0 sy=0.00 split=1.000,0.875 ===
271.37223|I|libbeamng.print:18052| === LSTM_OBS t=740 21.13222,21.23200,20.97575,21.14528,0.00000,0.00000,0.00000,-0.00872,0.00000,0.00000,0.00000,1.00000,0.00000,0.00000,0.00000,5995.10557,0.00000 ===
271.42716|I|libbeamng.print:18052| === LSTM_TRACE t=750 v=21.02 ws=21.09,21.05,20.83,21.04 cmd=0.016,0.022,0.011,0.011 cap=49,69,22,21 des=49,69,19,18 app=45,64,17,17 abs=nil,nil,nil,nil ebrake=1.00 ibrake=1.00 hasABS=0 sy=0.00 split=1.000,0.875 ===
271.42720|I|libbeamng.print:18052| === LSTM_OBS t=750 21.08527,21.05427,20.83152,21.03723,0.00000,0.00000,0.00000,0.00633,0.00000,0.00000,0.00049,1.00000,0.00000,0.00000,0.00000,5971.23636,0.00000 ===
271.47229|I|libbeamng.print:18052| === LSTM_TRACE t=760 v=20.94 ws=20.99,21.04,20.76,20.96 cmd=0.016,0.022,0.011,0.011 cap=49,69,22,21 des=49,69,19,18 app=45,64,17,17 abs=nil,nil,nil,nil ebrake=1.00 ibrake=1.00 hasABS=0 sy=0.00 split=1.000,0.875 ===
271.47233|I|libbeamng.print:18052| === LSTM_OBS t=760 20.99146,21.03974,20.75866,20.96226,0.00000,0.00000,0.00000,-0.00046,0.00000,0.00000,0.00000,1.00000,0.00000,0.00000,0.00000,5946.91908,0.00000 ===
271.52279|I|libbeamng.print:18052| === LSTM_TRACE t=770 v=20.86 ws=20.88,20.99,20.68,20.88 cmd=0.016,0.022,0.011,0.011 cap=49,69,22,21 des=49,69,19,18 app=45,64,17,17 abs=nil,nil,nil,nil ebrake=1.00 ibrake=1.00 hasABS=0 sy=0.00 split=1.000,0.875 ===
271.52289|I|libbeamng.print:18052| === LSTM_OBS t=770 20.87735,20.99480,20.67507,20.87641,0.00000,0.00000,0.00000,-0.00792,0.00000,0.00000,0.00049,1.00000,0.00000,0.00000,0.00000,5922.77012,0.00000 ===
271.57281|I|libbeamng.print:18052| === LSTM_TRACE t=780 v=20.78 ws=20.77,20.94,20.60,20.78 cmd=0.016,0.023,0.011,0.011 cap=49,70,21,21 des=49,70,19,18 app=46,64,17,17 abs=nil,nil,nil,nil ebrake=1.00 ibrake=1.00 hasABS=0 sy=0.00 split=1.000,0.875 ===
271.57284|I|libbeamng.print:18052| === LSTM_OBS t=780 20.76650,20.93935,20.60455,20.78394,0.00000,0.00000,0.00000,-0.01767,0.00000,0.00000,0.00000,1.00000,0.00000,0.00000,0.00000,5899.39180,0.00000 ===
271.62289|I|libbeamng.print:18052| === LSTM_TRACE t=790 v=20.70 ws=20.68,20.86,20.49,20.71 cmd=0.016,0.023,0.011,0.011 cap=50,70,21,21 des=50,70,19,18 app=46,65,17,17 abs=nil,nil,nil,nil ebrake=1.00 ibrake=1.00 hasABS=0 sy=0.00 split=1.000,0.875 ===
271.62295|I|libbeamng.print:18052| === LSTM_OBS t=790 20.67960,20.85537,20.48763,20.71305,0.00000,0.00000,0.00000,-0.01545,0.00000,0.00000,0.00049,1.00000,0.00000,0.00000,0.00000,5874.87440,0.00000 ===
271.67346|I|libbeamng.print:18052| === LSTM_TRACE t=800 v=20.61 ws=20.61,20.75,20.45,20.59 cmd=0.016,0.023,0.011,0.011 cap=50,70,21,21 des=50,70,19,18 app=46,65,17,17 abs=nil,nil,nil,nil ebrake=1.00 ibrake=1.00 hasABS=0 sy=0.00 split=1.000,0.875 ===
271.67354|I|libbeamng.print:18052| === LSTM_OBS t=800 20.61391,20.74819,20.44994,20.59170,0.00000,0.00000,0.00000,-0.00715,0.00000,0.00000,0.00069,1.00000,0.00000,0.00000,0.00000,5850.49187,0.00000 ===
271.72268|I|libbeamng.print:18052| === LSTM_TRACE t=810 v=20.52 ws=20.58,20.60,20.34,20.45 cmd=0.016,0.023,0.011,0.011 cap=50,70,21,20 des=50,70,18,18 app=46,65,17,16 abs=nil,nil,nil,nil ebrake=1.00 ibrake=1.00 hasABS=0 sy=0.00 split=1.000,0.875 ===
271.72273|I|libbeamng.print:18052| === LSTM_OBS t=810 20.58053,20.60245,20.34328,20.44550,0.00000,0.00000,0.00000,0.00919,0.00000,0.00000,0.00049,1.00000,0.00000,0.00000,0.00000,5826.53794,0.00000 ===
271.77286|I|libbeamng.print:18052| === LSTM_TRACE t=820 v=20.43 ws=20.51,20.49,20.36,20.33 cmd=0.016,0.023,0.011,0.010 cap=50,70,21,20 des=50,70,18,18 app=46,65,17,16 abs=nil,nil,nil,nil ebrake=1.00 ibrake=1.00 hasABS=0 sy=0.00 split=1.000,0.875 ===
271.77290|I|libbeamng.print:18052| === LSTM_OBS t=820 20.51401,20.49473,20.36318,20.33284,0.00000,0.00000,0.00000,0.01842,0.00000,0.00000,0.00069,1.00000,0.00000,0.00000,0.00000,5802.74794,0.00000 ===
271.82302|I|libbeamng.print:18052| === LSTM_TRACE t=830 v=20.36 ws=20.38,20.49,20.24,20.29 cmd=0.016,0.023,0.011,0.010 cap=50,71,21,20 des=50,71,18,18 app=46,65,17,16 abs=nil,nil,nil,nil ebrake=1.00 ibrake=1.00 hasABS=0 sy=0.00 split=1.000,0.875 ===
271.82307|I|libbeamng.print:18052| === LSTM_OBS t=830 20.37859,20.48838,20.23535,20.29194,0.00000,0.00000,0.00000,-0.00863,0.00000,0.00000,0.00049,1.00000,0.00000,0.00000,0.00000,5778.86112,0.00000 ===
271.87253|I|libbeamng.print:18052| === LSTM_TRACE t=840 v=20.28 ws=20.24,20.42,20.08,20.23 cmd=0.016,0.023,0.011,0.010 cap=50,71,21,20 des=50,71,18,18 app=46,65,17,16 abs=nil,nil,nil,nil ebrake=1.00 ibrake=1.00 hasABS=0 sy=0.00 split=1.000,0.875 ===
271.87258|I|libbeamng.print:18052| === LSTM_OBS t=840 20.23564,20.41562,20.08012,20.22641,0.00000,0.00000,0.00000,-0.01157,0.00000,0.00000,0.00049,1.00000,0.00000,0.00000,0.00000,5754.94913,0.00000 ===
271.92257|I|libbeamng.print:18052| === LSTM_TRACE t=850 v=20.19 ws=20.26,20.27,20.04,20.18 cmd=0.016,0.023,0.011,0.010 cap=50,71,21,20 des=50,71,18,18 app=47,65,17,16 abs=nil,nil,nil,nil ebrake=1.00 ibrake=1.00 hasABS=0 sy=0.00 split=1.000,0.875 ===
271.92261|I|libbeamng.print:18052| === LSTM_OBS t=850 20.25762,20.27500,20.04160,20.17895,0.00000,0.00000,0.00000,0.00563,0.00000,0.00000,0.00049,1.00000,0.00000,0.00000,0.00000,5730.53323,0.00000 ===
271.97364|I|libbeamng.print:18052| === LSTM_TRACE t=860 v=20.11 ws=20.08,20.27,20.04,20.01 cmd=0.016,0.023,0.011,0.010 cap=51,71,21,20 des=51,71,18,17 app=47,66,17,16 abs=nil,nil,nil,nil ebrake=1.00 ibrake=1.00 hasABS=0 sy=0.00 split=1.000,0.875 ===
271.97368|I|libbeamng.print:18052| === LSTM_OBS t=860 20.07929,20.27282,20.03717,20.01366,0.00000,0.00000,0.00000,-0.00412,0.00000,0.00000,0.00049,1.00000,0.00000,0.00000,0.00000,5708.57311,0.00000 ===
272.02259|I|libbeamng.print:18052| === LSTM_TRACE t=870 v=20.02 ws=20.10,20.08,19.87,19.97 cmd=0.016,0.023,0.011,0.010 cap=51,71,21,20 des=51,71,18,17 app=47,66,17,16 abs=nil,nil,nil,nil ebrake=1.00 ibrake=1.00 hasABS=0 sy=0.00 split=1.000,0.875 ===
272.02262|I|libbeamng.print:18052| === LSTM_OBS t=870 20.10343,20.07658,19.86560,19.96670,0.00000,0.00000,0.00000,0.00864,0.00000,0.00000,0.00000,1.00000,0.00000,0.00000,0.00000,5684.00414,0.00000 ===
272.07249|I|libbeamng.print:18052| === LSTM_TRACE t=880 v=19.95 ws=19.89,20.10,19.77,19.92 cmd=0.016,0.023,0.011,0.010 cap=51,71,20,20 des=51,71,18,17 app=47,66,16,16 abs=nil,nil,nil,nil ebrake=1.00 ibrake=1.00 hasABS=0 sy=0.00 split=1.000,0.875 ===
272.07254|I|libbeamng.print:18052| === LSTM_OBS t=880 19.89228,20.10175,19.77182,19.91690,0.00000,0.00000,0.00000,-0.01705,0.00000,0.00000,0.00000,1.00000,0.00000,0.00000,0.00000,5660.00980,0.00000 ===
272.12274|I|libbeamng.print:18052| === LSTM_TRACE t=890 v=19.86 ws=19.90,19.99,19.78,19.76 cmd=0.017,0.023,0.010,0.010 cap=51,72,20,20 des=51,72,18,17 app=47,67,16,16 abs=nil,nil,nil,nil ebrake=1.00 ibrake=1.00 hasABS=0 sy=0.00 split=1.000,0.875 ===
272.12278|I|libbeamng.print:18052| === LSTM_OBS t=890 19.90038,19.98743,19.78102,19.76416,0.00000,0.00000,0.00000,0.00769,0.00000,0.00000,0.00000,1.00000,0.00000,0.00000,0.00000,5634.16421,0.00000 ===
272.17272|I|libbeamng.print:18052| === LSTM_TRACE t=900 v=19.77 ws=19.86,19.84,19.64,19.76 cmd=0.017,0.023,0.010,0.010 cap=51,72,20,20 des=51,72,18,17 app=48,67,16,16 abs=nil,nil,nil,nil ebrake=1.00 ibrake=1.00 hasABS=0 sy=0.00 split=1.000,0.875 ===
272.17275|I|libbeamng.print:18052| === LSTM_OBS t=900 19.85755,19.83642,19.63907,19.75811,0.00000,0.00000,0.00000,0.00346,0.00000,0.00000,0.00069,1.00000,0.00000,0.00000,0.00000,5610.28017,0.00000 ===
272.22294|I|libbeamng.print:18052| === LSTM_TRACE t=910 v=19.70 ws=19.66,19.82,19.56,19.63 cmd=0.017,0.023,0.010,0.010 cap=52,72,20,19 des=52,72,18,17 app=48,67,16,16 abs=nil,nil,nil,nil ebrake=1.00 ibrake=1.00 hasABS=0 sy=0.00 split=1.000,0.875 ===
272.22297|I|libbeamng.print:18052| === LSTM_OBS t=910 19.66421,19.81634,19.55608,19.62923,0.00000,0.00000,0.00000,-0.00794,0.00000,0.00000,0.00000,1.00000,0.00000,0.00000,0.00000,5586.11436,0.00000 ===
272.27277|I|libbeamng.print:18052| === LSTM_TRACE t=920 v=19.62 ws=19.59,19.81,19.44,19.59 cmd=0.017,0.023,0.010,0.010 cap=52,72,20,19 des=52,72,18,17 app=48,67,16,16 abs=nil,nil,nil,nil ebrake=1.00 ibrake=1.00 hasABS=0 sy=0.00 split=1.000,0.875 ===
272.27281|I|libbeamng.print:18052| === LSTM_OBS t=920 19.58941,19.80594,19.44412,19.58538,0.00000,0.00000,0.00000,-0.01498,0.00000,0.00000,0.00049,1.00000,0.00000,0.00000,0.00000,5561.88578,0.00000 ===
272.32283|I|libbeamng.print:18052| === LSTM_TRACE t=930 v=19.53 ws=19.51,19.68,19.42,19.44 cmd=0.017,0.023,0.010,0.010 cap=52,73,20,19 des=52,73,17,17 app=48,67,16,16 abs=nil,nil,nil,nil ebrake=1.00 ibrake=1.00 hasABS=0 sy=0.00 split=1.000,0.875 ===
272.32287|I|libbeamng.print:18052| === LSTM_OBS t=930 19.51452,19.68349,19.41644,19.43827,0.00000,0.00000,0.00000,-0.00463,0.00000,0.00000,0.00000,1.00000,0.00000,0.00000,0.00000,5537.85388,0.00000 ===
272.37274|I|libbeamng.print:18052| === LSTM_TRACE t=940 v=19.45 ws=19.44,19.60,19.26,19.42 cmd=0.017,0.024,0.010,0.010 cap=52,73,20,19 des=52,73,17,17 app=48,68,16,16 abs=nil,nil,nil,nil ebrake=1.00 ibrake=1.00 hasABS=0 sy=0.00 split=1.000,0.875 ===
272.37277|I|libbeamng.print:18052| === LSTM_OBS t=940 19.44432,19.60137,19.25774,19.41823,0.00000,0.00000,0.00000,-0.00660,0.00000,0.00000,0.00049,1.00000,0.00000,0.00000,0.00000,5513.27835,0.00000 ===
272.42270|I|libbeamng.print:18052| === LSTM_TRACE t=950 v=19.36 ws=19.36,19.49,19.22,19.30 cmd=0.017,0.024,0.010,0.010 cap=53,73,20,19 des=53,73,17,17 app=49,68,16,16 abs=nil,nil,nil,nil ebrake=1.00 ibrake=1.00 hasABS=0 sy=0.00 split=1.000,0.875 ===
272.42277|I|libbeamng.print:18052| === LSTM_OBS t=950 19.35918,19.49443,19.22472,19.30142,0.00000,0.00000,0.00000,0.00392,0.00000,0.00000,0.00000,1.00000,0.00000,0.00000,0.00000,5488.71760,0.00000 ===
272.47226|I|libbeamng.print:18052| === LSTM_TRACE t=960 v=19.28 ws=19.25,19.43,19.08,19.20 cmd=0.017,0.024,0.010,0.010 cap=53,73,20,19 des=53,73,17,17 app=49,68,16,16 abs=nil,nil,nil,nil ebrake=1.00 ibrake=1.00 hasABS=0 sy=0.00 split=1.000,0.875 ===
272.47230|I|libbeamng.print:18052| === LSTM_OBS t=960 19.24558,19.43494,19.08174,19.19606,0.00000,0.00000,0.00000,-0.01461,0.00000,0.00000,0.00049,1.00000,0.00000,0.00000,0.00000,5465.05254,0.00000 ===
272.52246|I|libbeamng.print:18052| === LSTM_TRACE t=970 v=19.20 ws=19.14,19.32,19.00,19.12 cmd=0.017,0.024,0.010,0.010 cap=53,74,20,19 des=53,74,17,17 app=49,68,16,16 abs=nil,nil,nil,nil ebrake=1.00 ibrake=1.00 hasABS=0 sy=0.00 split=1.000,0.875 ===
272.52250|I|libbeamng.print:18052| === LSTM_OBS t=970 19.14166,19.31560,18.99564,19.11866,0.00000,0.00000,0.00000,-0.00928,0.00000,0.00000,0.00049,1.00000,0.00000,0.00000,0.00000,5440.09221,0.00000 ===
272.57247|I|libbeamng.print:18052| === LSTM_TRACE t=980 v=19.11 ws=19.11,19.17,18.97,19.02 cmd=0.017,0.024,0.010,0.010 cap=54,74,20,19 des=54,74,17,17 app=50,69,16,16 abs=nil,nil,nil,nil ebrake=1.00 ibrake=1.00 hasABS=0 sy=0.00 split=1.000,0.875 ===
272.57251|I|libbeamng.print:18052| === LSTM_OBS t=980 19.11479,19.17240,18.96950,19.02102,0.00000,0.00000,0.00000,-0.00367,0.00000,0.00000,0.00049,1.00000,0.00000,0.00000,0.00000,5416.30893,0.00000 ===
272.62277|I|libbeamng.print:18052| === LSTM_TRACE t=990 v=19.03 ws=19.06,19.13,18.85,18.94 cmd=0.017,0.024,0.010,0.010 cap=53,74,20,19 des=53,74,17,17 app=49,69,16,16 abs=nil,nil,nil,nil ebrake=1.00 ibrake=1.00 hasABS=0 sy=0.00 split=1.000,0.875 ===
272.62281|I|libbeamng.print:18052| === LSTM_OBS t=990 19.06486,19.12695,18.84587,18.93697,0.00000,0.00000,0.00000,0.00558,0.00000,0.00000,0.00049,1.00000,0.00000,0.00000,0.00000,5392.85040,0.00000 ===
272.67254|I|libbeamng.print:18052| === LSTM_TRACE t=1000 v=18.94 ws=18.90,19.06,18.75,18.92 cmd=0.017,0.024,0.010,0.010 cap=54,75,19,19 des=54,75,17,17 app=50,69,16,16 abs=nil,nil,nil,nil ebrake=1.00 ibrake=1.00 hasABS=0 sy=0.00 split=1.000,0.875 ===
272.67258|I|libbeamng.print:18052| === LSTM_OBS t=1000 18.90294,19.05967,18.75222,18.92134,0.00000,0.00000,0.00000,-0.00493,0.00000,0.00000,0.00000,1.00000,0.00000,0.00000,0.00000,5368.84061,0.00000 ===
272.72566|I|libbeamng.print:18052| === LSTM_TRACE t=1010 v=18.86 ws=18.87,18.89,18.67,18.78 cmd=0.017,0.024,0.010,0.010 cap=54,75,19,19 des=54,75,17,17 app=50,69,16,16 abs=nil,nil,nil,nil ebrake=1.00 ibrake=1.00 hasABS=0 sy=0.00 split=1.000,0.875 ===
272.72571|I|libbeamng.print:18052| === LSTM_OBS t=1010 18.87123,18.89389,18.66933,18.77694,0.00000,0.00000,0.00000,-0.00011,0.00000,0.00000,0.00049,1.00000,0.00000,0.00000,0.00000,5344.78210,0.00000 ===
272.77229|I|libbeamng.print:18052| === LSTM_TRACE t=1020 v=18.78 ws=18.77,18.90,18.60,18.70 cmd=0.018,0.024,0.010,0.009 cap=54,75,19,19 des=54,75,17,17 app=50,70,16,16 abs=nil,nil,nil,nil ebrake=1.00 ibrake=1.00 hasABS=0 sy=0.00 split=1.000,0.875 ===
272.77233|I|libbeamng.print:18052| === LSTM_OBS t=1020 18.77309,18.89678,18.59871,18.69703,0.00000,0.00000,0.00000,0.00007,0.00000,0.00000,0.00000,1.00000,0.00000,0.00000,0.00000,5321.04339,0.00000 ===
272.82261|I|libbeamng.print:18052| === LSTM_TRACE t=1030 v=18.69 ws=18.69,18.78,18.56,18.60 cmd=0.018,0.024,0.010,0.009 cap=54,75,19,19 des=54,75,17,17 app=50,69,16,16 abs=nil,nil,nil,nil ebrake=1.00 ibrake=1.00 hasABS=0 sy=0.00 split=1.000,0.875 ===
272.82266|I|libbeamng.print:18052| === LSTM_OBS t=1030 18.69089,18.77528,18.55576,18.60289,0.00000,0.00000,0.00000,0.00461,0.00000,0.00000,0.00000,1.00000,0.00000,0.00000,0.00000,5297.45367,0.00000 ===
272.87248|I|libbeamng.print:18052| === LSTM_TRACE t=1040 v=18.61 ws=18.55,18.67,18.50,18.54 cmd=0.018,0.024,0.010,0.009 cap=55,76,19,19 des=55,76,17,17 app=51,70,16,16 abs=nil,nil,nil,nil ebrake=1.00 ibrake=1.00 hasABS=0 sy=0.00 split=1.000,0.875 ===
272.87256|I|libbeamng.print:18052| === LSTM_OBS t=1040 18.54796,18.67273,18.49784,18.53565,0.00000,0.00000,0.00000,-0.00510,0.00000,0.00000,0.00000,1.00000,0.00000,0.00000,0.00000,5274.68203,0.00000 ===
272.92285|I|libbeamng.print:18052| === LSTM_TRACE t=1050 v=18.53 ws=18.51,18.62,18.37,18.46 cmd=0.018,0.025,0.010,0.009 cap=55,76,19,19 des=55,76,17,17 app=51,70,16,16 abs=nil,nil,nil,nil ebrake=1.00 ibrake=1.00 hasABS=0 sy=0.00 split=1.000,0.875 ===
272.92289|I|libbeamng.print:18052| === LSTM_OBS t=1050 18.51319,18.61922,18.36862,18.45957,0.00000,0.00000,0.00000,-0.00560,0.00000,0.00000,0.00000,1.00000,0.00000,0.00000,0.00000,5251.43775,0.00000 ===
272.97245|I|libbeamng.print:18052| === LSTM_TRACE t=1060 v=18.45 ws=18.46,18.50,18.28,18.37 cmd=0.018,0.024,0.010,0.009 cap=55,76,19,19 des=55,76,17,17 app=50,70,16,16 abs=nil,nil,nil,nil ebrake=1.00 ibrake=1.00 hasABS=0 sy=0.00 split=1.000,0.875 ===
272.97249|I|libbeamng.print:18052| === LSTM_OBS t=1060 18.46162,18.49910,18.27576,18.36903,0.00000,0.00000,0.00000,-0.00449,0.00000,0.00000,0.00049,1.00000,0.00000,0.00000,0.00000,5228.12901,0.00000 ===
273.02291|I|libbeamng.print:18052| === LSTM_TRACE t=1070 v=18.37 ws=18.35,18.40,18.22,18.28 cmd=0.018,0.025,0.010,0.009 cap=55,76,19,19 des=55,76,17,17 app=51,71,16,16 abs=nil,nil,nil,nil ebrake=1.00 ibrake=1.00 hasABS=0 sy=0.00 split=1.000,0.875 ===
273.02296|I|libbeamng.print:18052| === LSTM_OBS t=1070 18.34872,18.40198,18.22095,18.28481,0.00000,0.00000,0.00000,-0.00534,0.00000,0.00000,0.00000,1.00000,0.00000,0.00000,0.00000,5204.46109,0.00000 ===
273.07299|I|libbeamng.print:18052| === LSTM_TRACE t=1080 v=18.28 ws=18.24,18.33,18.14,18.20 cmd=0.018,0.025,0.010,0.009 cap=55,76,19,19 des=55,76,17,17 app=51,71,16,16 abs=nil,nil,nil,nil ebrake=1.00 ibrake=1.00 hasABS=0 sy=0.00 split=1.000,0.875 ===
273.07303|I|libbeamng.print:18052| === LSTM_OBS t=1080 18.23959,18.32920,18.14154,18.20063,0.00000,0.00000,0.00000,-0.00496,0.00000,0.00000,0.00000,1.00000,0.00000,0.00000,0.00000,5181.35414,0.00000 ===
273.12333|I|libbeamng.print:18052| === LSTM_TRACE t=1090 v=18.20 ws=18.15,18.21,18.03,18.11 cmd=0.018,0.025,0.010,0.009 cap=56,77,19,19 des=56,77,17,17 app=51,71,16,16 abs=nil,nil,nil,nil ebrake=1.00 ibrake=1.00 hasABS=0 sy=0.00 split=1.000,0.875 ===
273.12337|I|libbeamng.print:18052| === LSTM_OBS t=1090 18.15084,18.21319,18.03391,18.11349,0.00000,0.00000,0.00000,-0.00741,0.00000,0.00000,0.00049,1.00000,0.00000,0.00000,0.00000,5158.08398,0.00000 ===
273.17321|I|libbeamng.print:18052| === LSTM_TRACE t=1100 v=18.12 ws=18.07,18.13,17.98,18.03 cmd=0.018,0.025,0.010,0.009 cap=56,77,19,19 des=56,77,17,17 app=52,72,16,16 abs=nil,nil,nil,nil ebrake=1.00 ibrake=1.00 hasABS=0 sy=0.00 split=1.000,0.875 ===
273.17326|I|libbeamng.print:18052| === LSTM_OBS t=1100 18.07361,18.13400,17.98253,18.02837,0.00000,0.00000,0.00000,-0.00689,0.00000,0.00000,0.00085,1.00000,0.00000,0.00000,0.00000,5135.04592,0.00000 ===
273.22334|I|libbeamng.print:18052| === LSTM_TRACE t=1110 v=18.03 ws=18.00,18.05,17.96,17.96 cmd=0.018,0.025,0.010,0.009 cap=56,78,19,19 des=56,78,17,17 app=52,72,16,16 abs=nil,nil,nil,nil ebrake=1.00 ibrake=1.00 hasABS=0 sy=0.00 split=1.000,0.875 ===
273.22340|I|libbeamng.print:18052| === LSTM_OBS t=1110 17.99962,18.05358,17.95937,17.96199,0.00000,0.00000,0.00000,-0.00206,0.00000,0.00000,0.00049,1.00000,0.00000,0.00000,0.00000,5112.24604,0.00000 ===
273.27671|I|libbeamng.print:18052| === LSTM_TRACE t=1120 v=17.95 ws=17.96,17.97,17.87,17.89 cmd=0.018,0.025,0.010,0.009 cap=57,78,19,19 des=57,78,17,17 app=52,72,16,16 abs=nil,nil,nil,nil ebrake=1.00 ibrake=1.00 hasABS=0 sy=0.00 split=1.000,0.875 ===
273.27678|I|libbeamng.print:18052| === LSTM_OBS t=1120 17.96192,17.97257,17.87424,17.89490,0.00000,0.00000,0.00000,0.00170,0.00000,0.00000,0.00069,1.00000,0.00000,0.00000,0.00000,5089.15506,0.00000 ===
273.32332|I|libbeamng.print:18052| === LSTM_TRACE t=1130 v=17.87 ws=17.88,17.97,17.71,17.80 cmd=0.018,0.025,0.010,0.009 cap=57,78,19,19 des=57,78,17,17 app=53,73,16,16 abs=nil,nil,nil,nil ebrake=1.00 ibrake=1.00 hasABS=0 sy=0.00 split=1.000,0.875 ===
273.32337|I|libbeamng.print:18052| === LSTM_OBS t=1130 17.87907,17.96951,17.71016,17.80220,0.00000,0.00000,0.00000,0.00513,0.00000,0.00000,0.00049,1.00000,0.00000,0.00000,0.00000,5066.33693,0.00000 ===
273.37306|I|libbeamng.print:18052| === LSTM_TRACE t=1140 v=17.79 ws=17.76,17.91,17.64,17.78 cmd=0.018,0.025,0.010,0.009 cap=57,78,19,19 des=57,78,17,17 app=53,73,16,16 abs=nil,nil,nil,nil ebrake=1.00 ibrake=1.00 hasABS=0 sy=0.00 split=1.000,0.875 ===
273.37310|I|libbeamng.print:18052| === LSTM_OBS t=1140 17.75547,17.91005,17.63806,17.78136,0.00000,0.00000,0.00000,-0.01031,0.00000,0.00000,0.00000,1.00000,0.00000,0.00000,0.00000,5043.41109,0.00000 ===
273.42343|I|libbeamng.print:18052| === LSTM_TRACE t=1150 v=17.71 ws=17.65,17.74,17.58,17.70 cmd=0.019,0.026,0.010,0.009 cap=58,80,19,19 des=58,80,17,17 app=54,74,16,16 abs=nil,nil,nil,nil ebrake=1.00 ibrake=1.00 hasABS=0 sy=0.00 split=1.000,0.875 ===
273.42347|I|libbeamng.print:18052| === LSTM_OBS t=1150 17.65269,17.74247,17.57594,17.69722,0.00000,0.00000,0.00000,-0.00630,0.00000,0.00000,0.00049,1.00000,0.00000,0.00000,0.00000,5019.94528,0.00000 ===
273.47285|I|libbeamng.print:18052| === LSTM_TRACE t=1160 v=17.62 ws=17.64,17.71,17.54,17.54 cmd=0.019,0.026,0.010,0.009 cap=57,79,19,19 des=57,79,17,17 app=53,73,16,16 abs=nil,nil,nil,nil ebrake=1.00 ibrake=1.00 hasABS=0 sy=0.00 split=1.000,0.875 ===
273.47290|I|libbeamng.print:18052| === LSTM_OBS t=1160 17.63578,17.70955,17.54085,17.53739,0.00000,0.00000,0.00000,0.00779,0.00000,0.00000,0.00000,1.00000,0.00000,0.00000,0.00000,4997.27209,0.00000 ===
273.52390|I|libbeamng.print:18052| === LSTM_TRACE t=1170 v=17.55 ws=17.52,17.64,17.43,17.47 cmd=0.019,0.026,0.010,0.009 cap=58,80,19,19 des=58,80,17,17 app=54,75,16,16 abs=nil,nil,nil,nil ebrake=1.00 ibrake=1.00 hasABS=0 sy=0.00 split=1.000,0.875 ===
273.52397|I|libbeamng.print:18052| === LSTM_OBS t=1170 17.52286,17.64273,17.42502,17.47205,0.00000,0.00000,0.00000,0.00001,0.00000,0.00000,0.00000,1.00000,0.00000,0.00000,0.00000,4974.47375,0.00000 ===
273.57282|I|libbeamng.print:18052| === LSTM_TRACE t=1180 v=17.46 ws=17.46,17.49,17.33,17.50 cmd=0.019,0.026,0.010,0.009 cap=58,80,19,19 des=58,80,17,17 app=54,74,16,16 abs=nil,nil,nil,nil ebrake=1.00 ibrake=1.00 hasABS=0 sy=0.00 split=1.000,0.875 ===
273.57286|I|libbeamng.print:18052| === LSTM_OBS t=1180 17.45683,17.49062,17.33156,17.49697,0.00000,0.00000,0.00000,0.01341,0.00000,0.00000,0.00000,1.00000,0.00000,0.00000,0.00000,4952.13031,0.00000 ===
273.62346|I|libbeamng.print:18052| === LSTM_TRACE t=1190 v=17.39 ws=17.32,17.44,17.26,17.28 cmd=0.019,0.026,0.009,0.009 cap=58,80,19,19 des=58,80,17,17 app=54,74,16,16 abs=nil,nil,nil,nil ebrake=1.00 ibrake=1.00 hasABS=0 sy=0.00 split=1.000,0.875 ===
273.62350|I|libbeamng.print:18052| === LSTM_OBS t=1190 17.31558,17.44396,17.26008,17.28371,0.00000,0.00000,0.00000,-0.01127,0.00000,0.00000,0.00000,1.00000,0.00000,0.00000,0.00000,4929.10586,0.00000 ===
273.67285|I|libbeamng.print:18052| === LSTM_TRACE t=1200 v=17.30 ws=17.29,17.46,17.17,17.23 cmd=0.019,0.026,0.009,0.009 cap=58,80,19,19 des=58,80,17,17 app=54,75,16,16 abs=nil,nil,nil,nil ebrake=1.00 ibrake=1.00 hasABS=0 sy=0.00 split=1.000,0.875 ===
273.67289|I|libbeamng.print:18052| === LSTM_OBS t=1200 17.29043,17.45838,17.17254,17.22646,0.00000,0.00000,0.00000,0.00150,0.00000,0.00000,0.00000,1.00000,0.00000,0.00000,0.00000,4906.43334,0.00000 ===
273.72365|I|libbeamng.print:18052| === LSTM_TRACE t=1210 v=17.22 ws=17.21,17.22,17.12,17.27 cmd=0.019,0.026,0.009,0.009 cap=59,81,19,19 des=59,81,17,17 app=55,76,16,16 abs=nil,nil,nil,nil ebrake=1.00 ibrake=1.00 hasABS=0 sy=0.00 split=1.000,0.875 ===
273.72369|I|libbeamng.print:18052| === LSTM_OBS t=1210 17.20703,17.22401,17.11680,17.27297,0.00000,0.00000,0.00000,0.01012,0.00000,0.00000,0.00000,1.00000,0.00000,0.00000,0.00000,4884.88319,0.00000 ===
273.77324|I|libbeamng.print:18052| === LSTM_TRACE t=1220 v=17.14 ws=17.09,17.18,17.12,17.10 cmd=0.019,0.026,0.009,0.009 cap=59,81,19,19 des=59,81,17,17 app=55,76,16,16 abs=nil,nil,nil,nil ebrake=1.00 ibrake=1.00 hasABS=0 sy=0.00 split=1.000,0.875 ===
273.77329|I|libbeamng.print:18052| === LSTM_OBS t=1220 17.08810,17.18214,17.11594,17.10214,0.00000,0.00000,0.00000,-0.00964,0.00000,0.00000,0.00049,1.00000,0.00000,0.00000,0.00000,4862.35150,0.00000 ===
273.82366|I|libbeamng.print:18052| === LSTM_TRACE t=1230 v=17.05 ws=17.03,17.15,16.94,17.10 cmd=0.019,0.026,0.009,0.009 cap=59,82,19,19 des=59,82,17,17 app=55,76,16,16 abs=nil,nil,nil,nil ebrake=1.00 ibrake=1.00 hasABS=0 sy=0.00 split=1.000,0.875 ===
273.82370|I|libbeamng.print:18052| === LSTM_OBS t=1230 17.02771,17.14864,16.94341,17.09740,0.00000,0.00000,0.00000,0.00397,0.00000,0.00000,0.00069,1.00000,0.00000,0.00000,0.00000,4839.89935,0.00000 ===
273.87309|I|libbeamng.print:18052| === LSTM_TRACE t=1240 v=16.98 ws=16.92,17.09,16.93,16.91 cmd=0.019,0.027,0.009,0.009 cap=60,83,19,19 des=60,83,17,17 app=56,77,16,16 abs=nil,nil,nil,nil ebrake=1.00 ibrake=1.00 hasABS=0 sy=0.00 split=1.000,0.875 ===
273.87318|I|libbeamng.print:18052| === LSTM_OBS t=1240 16.91735,17.08936,16.93142,16.91220,0.00000,0.00000,0.00000,-0.00541,0.00000,0.00000,0.00000,1.00000,0.00000,0.00000,0.00000,4816.20308,0.00000 ===
273.92347|I|libbeamng.print:18052| === LSTM_TRACE t=1250 v=16.89 ws=16.86,17.02,16.78,16.93 cmd=0.020,0.027,0.009,0.009 cap=61,84,19,19 des=61,84,17,17 app=56,78,16,16 abs=nil,nil,nil,nil ebrake=1.00 ibrake=1.00 hasABS=0 sy=0.00 split=1.000,0.875 ===
273.92351|I|libbeamng.print:18052| === LSTM_OBS t=1250 16.85896,17.02017,16.78436,16.93105,0.00000,0.00000,0.00000,0.00173,0.00000,0.00000,0.00000,1.00000,0.00000,0.00000,0.00000,4794.25974,0.00000 ===
273.97374|I|libbeamng.print:18052| === LSTM_TRACE t=1260 v=16.81 ws=16.77,16.92,16.80,16.81 cmd=0.020,0.027,0.009,0.009 cap=61,84,19,19 des=61,84,17,17 app=56,78,16,16 abs=nil,nil,nil,nil ebrake=1.00 ibrake=1.00 hasABS=0 sy=0.00 split=1.000,0.875 ===
273.97378|I|libbeamng.print:18052| === LSTM_OBS t=1260 16.76976,16.92320,16.80488,16.80976,0.00000,0.00000,0.00000,-0.00101,0.00000,0.00000,0.00000,1.00000,0.00000,0.00000,0.00000,4770.60050,0.00000 ===
274.02390|I|libbeamng.print:18052| === LSTM_TRACE t=1270 v=16.73 ws=16.70,16.85,16.61,16.78 cmd=0.020,0.027,0.009,0.009 cap=62,85,19,19 des=62,85,17,17 app=57,79,16,16 abs=nil,nil,nil,nil ebrake=1.00 ibrake=1.00 hasABS=0 sy=0.00 split=1.000,0.875 ===
274.02398|I|libbeamng.print:18052| === LSTM_OBS t=1270 16.69806,16.84930,16.60948,16.78478,0.00000,0.00000,0.00000,0.00289,0.00000,0.00000,0.00000,1.00000,0.00000,0.00000,0.00000,4748.65743,0.00000 ===
274.07394|I|libbeamng.print:18052| === LSTM_TRACE t=1280 v=16.65 ws=16.58,16.74,16.53,16.57 cmd=0.020,0.028,0.009,0.009 cap=62,85,19,19 des=62,85,17,17 app=57,79,16,16 abs=nil,nil,nil,nil ebrake=1.00 ibrake=1.00 hasABS=0 sy=0.00 split=1.000,0.875 ===
274.07398|I|libbeamng.print:18052| === LSTM_OBS t=1280 16.57726,16.73592,16.53286,16.56501,0.00000,0.00000,0.00000,-0.00512,0.00000,0.00000,0.00049,1.00000,0.00000,0.00000,0.00000,4725.34721,0.00000 ===
274.12391|I|libbeamng.print:18052| === LSTM_TRACE t=1290 v=16.57 ws=16.58,16.60,16.48,16.50 cmd=0.020,0.028,0.009,0.009 cap=62,85,19,19 des=62,85,17,17 app=57,79,16,16 abs=nil,nil,nil,nil ebrake=1.00 ibrake=1.00 hasABS=0 sy=0.00 split=1.000,0.875 ===
274.12395|I|libbeamng.print:18052| === LSTM_OBS t=1290 16.57690,16.60169,16.47738,16.50096,0.00000,0.00000,0.00000,-0.00651,0.00000,0.00000,0.00069,1.00000,0.00000,0.00000,0.00000,4702.59172,0.00000 ===
274.17346|I|libbeamng.print:18052| === LSTM_TRACE t=1300 v=16.48 ws=16.52,16.53,16.39,16.56 cmd=0.020,0.028,0.009,0.009 cap=62,86,19,19 des=62,86,17,17 app=58,80,16,16 abs=nil,nil,nil,nil ebrake=1.00 ibrake=1.00 hasABS=0 sy=0.00 split=1.000,0.875 ===
274.17350|I|libbeamng.print:18052| === LSTM_OBS t=1300 16.51742,16.53291,16.39113,16.56318,0.00000,0.00000,0.00000,-0.00191,0.00000,0.00000,0.00049,1.00000,0.00000,0.00000,0.00000,4679.74380,0.00000 ===
274.22389|I|libbeamng.print:18052| === LSTM_TRACE t=1310 v=16.41 ws=16.40,16.49,16.27,16.34 cmd=0.020,0.028,0.009,0.009 cap=63,86,19,19 des=63,86,17,17 app=58,80,16,16 abs=nil,nil,nil,nil ebrake=1.00 ibrake=1.00 hasABS=0 sy=0.00 split=1.000,0.875 ===
274.22392|I|libbeamng.print:18052| === LSTM_OBS t=1310 16.39744,16.49329,16.26840,16.34123,0.00000,0.00000,0.00000,0.00238,0.00000,0.00000,0.00049,1.00000,0.00000,0.00000,0.00000,4656.91139,0.00000 ===
274.27341|I|libbeamng.print:18052| === LSTM_TRACE t=1320 v=16.32 ws=16.34,16.37,16.32,16.29 cmd=0.020,0.028,0.009,0.009 cap=63,87,19,19 des=63,87,17,17 app=58,81,16,16 abs=nil,nil,nil,nil ebrake=1.00 ibrake=1.00 hasABS=0 sy=0.00 split=1.000,0.875 ===
274.27345|I|libbeamng.print:18052| === LSTM_OBS t=1320 16.33759,16.37244,16.32388,16.29260,0.00000,0.00000,0.00000,-0.00074,0.00000,0.00000,0.00049,1.00000,0.00000,0.00000,0.00000,4634.20385,0.00000 ===
274.32441|I|libbeamng.print:18052| === LSTM_TRACE t=1330 v=16.24 ws=16.28,16.30,16.08,16.21 cmd=0.021,0.028,0.009,0.009 cap=63,88,19,19 des=63,88,17,17 app=59,81,16,16 abs=nil,nil,nil,nil ebrake=1.00 ibrake=1.00 hasABS=0 sy=0.00 split=1.000,0.875 ===
274.32448|I|libbeamng.print:18052| === LSTM_OBS t=1330 16.27869,16.30391,16.08383,16.20899,0.00000,0.00000,0.00000,0.00224,0.00000,0.00000,0.00000,1.00000,0.00000,0.00000,0.00000,4612.12566,0.00000 ===
274.37359|I|libbeamng.print:18052| === LSTM_TRACE t=1340 v=16.16 ws=16.09,16.26,16.08,16.24 cmd=0.020,0.028,0.009,0.009 cap=64,88,19,19 des=64,88,17,17 app=59,82,16,16 abs=nil,nil,nil,nil ebrake=1.00 ibrake=1.00 hasABS=0 sy=0.00 split=1.000,0.875 ===
274.37363|I|libbeamng.print:18052| === LSTM_OBS t=1340 16.08596,16.25661,16.08037,16.24208,0.00000,0.00000,0.00000,-0.00222,0.00000,0.00000,0.00000,1.00000,0.00000,0.00000,0.00000,4588.32619,0.00000 ===
274.42398|I|libbeamng.print:18052| === LSTM_TRACE t=1350 v=16.08 ws=16.12,16.11,15.92,16.06 cmd=0.021,0.029,0.009,0.009 cap=64,89,19,19 des=64,89,17,17 app=59,82,16,16 abs=nil,nil,nil,nil ebrake=1.00 ibrake=1.00 hasABS=0 sy=0.00 split=1.000,0.875 ===
274.42402|I|libbeamng.print:18052| === LSTM_OBS t=1350 16.11806,16.10824,15.92451,16.06053,0.00000,0.00000,0.00000,0.00926,0.00000,0.00000,0.00069,1.00000,0.00000,0.00000,0.00000,4564.98063,0.00000 ===
274.47369|I|libbeamng.print:18052| === LSTM_TRACE t=1360 v=16.00 ws=16.01,16.01,15.90,15.93 cmd=0.021,0.029,0.009,0.009 cap=65,90,19,19 des=65,90,17,17 app=60,83,16,16 abs=nil,nil,nil,nil ebrake=1.00 ibrake=1.00 hasABS=0 sy=0.00 split=1.000,0.875 ===
274.47373|I|libbeamng.print:18052| === LSTM_OBS t=1360 16.00898,16.01117,15.89606,15.93063,0.00000,0.00000,0.00000,-0.00506,0.00000,0.00000,0.00049,1.00000,0.00000,0.00000,0.00000,4542.34204,0.00000 ===
274.52386|I|libbeamng.print:18052| === LSTM_TRACE t=1370 v=15.92 ws=15.92,16.01,15.88,15.91 cmd=0.021,0.029,0.009,0.009 cap=65,89,19,19 des=65,89,17,17 app=60,83,16,16 abs=nil,nil,nil,nil ebrake=1.00 ibrake=1.00 hasABS=0 sy=0.00 split=1.000,0.875 ===
274.52390|I|libbeamng.print:18052| === LSTM_OBS t=1370 15.92280,16.01022,15.88449,15.90546,0.00000,0.00000,0.00000,-0.00121,0.00000,0.00000,0.00049,1.00000,0.00000,0.00000,0.00000,4519.30453,0.00000 ===
274.57382|I|libbeamng.print:18052| === LSTM_TRACE t=1380 v=15.84 ws=15.87,15.91,15.81,15.80 cmd=0.021,0.029,0.009,0.009 cap=65,90,19,19 des=65,90,17,17 app=60,84,16,16 abs=nil,nil,nil,nil ebrake=1.00 ibrake=1.00 hasABS=0 sy=0.00 split=1.000,0.875 ===
274.57386|I|libbeamng.print:18052| === LSTM_OBS t=1380 15.86959,15.90788,15.81440,15.80242,0.00000,0.00000,0.00000,-0.00387,0.00000,0.00000,0.00049,1.00000,0.00000,0.00000,0.00000,4496.72805,0.00000 ===
274.62390|I|libbeamng.print:18052| === LSTM_TRACE t=1390 v=15.67 ws=15.67,15.75,15.27,15.29 cmd=0.022,0.030,0.009,0.009 cap=69,95,19,19 des=69,95,17,17 app=64,88,16,16 abs=nil,nil,nil,nil ebrake=1.00 ibrake=1.00 hasABS=0 sy=0.00 split=1.000,0.875 ===
274.62394|I|libbeamng.print:18052| === LSTM_OBS t=1390 15.66913,15.74942,15.26923,15.29295,0.00000,0.00000,0.00000,0.00132,0.00000,0.00000,0.00069,1.00000,0.00000,0.00000,0.00000,4605.08173,0.00000 ===
274.67407|I|libbeamng.print:18052| === LSTM_TRACE t=1400 v=15.45 ws=15.44,15.54,14.95,14.96 cmd=0.019,0.027,0.009,0.009 cap=60,85,19,19 des=60,85,17,17 app=56,79,16,16 abs=nil,nil,nil,nil ebrake=1.00 ibrake=1.00 hasABS=0 sy=0.00 split=1.000,0.875 ===
274.67411|I|libbeamng.print:18052| === LSTM_OBS t=1400 15.43542,15.53616,14.94675,14.96112,0.00000,0.00000,0.00000,-0.00193,0.00000,0.00000,0.00049,1.00000,0.00000,0.00000,0.00000,4885.84546,0.00000 ===
274.72398|I|libbeamng.print:18052| === LSTM_TRACE t=1410 v=15.23 ws=15.23,15.27,14.80,15.01 cmd=0.017,0.024,0.009,0.009 cap=54,77,19,19 des=54,77,17,17 app=50,72,16,16 abs=nil,nil,nil,nil ebrake=1.00 ibrake=1.00 hasABS=0 sy=0.00 split=1.000,0.875 ===
274.72402|I|libbeamng.print:18052| === LSTM_OBS t=1410 15.23354,15.26500,14.79772,15.01260,0.00000,0.00000,0.00000,-0.00530,0.00000,0.00000,0.00000,1.00000,0.00000,0.00000,0.00000,5172.07979,0.00000 ===
274.78778|I|libbeamng.print:18052| === LSTM_TRACE t=1420 v=15.02 ws=15.09,15.08,14.60,14.53 cmd=0.017,0.023,0.010,0.010 cap=51,72,20,19 des=51,72,17,17 app=47,67,16,16 abs=nil,nil,nil,nil ebrake=1.00 ibrake=1.00 hasABS=0 sy=0.00 split=1.000,0.875 ===
274.78785|I|libbeamng.print:18052| === LSTM_OBS t=1420 15.08503,15.08156,14.60031,14.53485,0.00000,0.00000,0.00000,-0.00230,0.00000,0.00000,0.00000,1.00000,0.00000,0.00000,0.00000,5416.28291,0.00000 ===
274.83701|I|libbeamng.print:18052| === LSTM_TRACE t=1430 v=14.79 ws=14.82,14.88,14.21,14.23 cmd=0.015,0.021,0.016,0.015 cap=46,65,28,27 des=46,65,25,24 app=43,60,23,22 abs=nil,nil,nil,nil ebrake=1.00 ibrake=1.00 hasABS=0 sy=0.00 split=1.000,0.875 ===
274.83706|I|libbeamng.print:18052| === LSTM_OBS t=1430 14.82300,14.88433,14.21258,14.22823,0.00000,0.00000,0.00000,-0.00519,0.00000,0.00000,0.00049,1.00000,0.00000,0.00000,0.00000,5683.39381,0.00000 ===
274.88293|I|libbeamng.print:18052| === LSTM_TRACE t=1440 v=14.56 ws=14.58,14.66,14.05,14.09 cmd=0.015,0.023,0.078,0.061 cap=48,70,123,96 des=48,70,108,84 app=44,65,99,77 abs=nil,nil,nil,nil ebrake=1.00 ibrake=1.00 hasABS=0 sy=0.00 split=1.000,0.875 ===
274.88297|I|libbeamng.print:18052| === LSTM_OBS t=1440 14.57634,14.65710,14.05335,14.08630,0.00000,0.00000,0.00000,0.00248,0.00000,0.00000,0.00000,1.00000,0.00000,0.00000,0.00000,5907.42114,0.00000 ===
274.93415|I|libbeamng.print:18052| === LSTM_TRACE t=1450 v=14.36 ws=14.38,14.36,14.14,14.26 cmd=0.027,0.049,0.216,0.235 cap=76,142,452,462 des=76,142,395,404 app=70,132,365,373 abs=nil,nil,nil,nil ebrake=1.00 ibrake=1.00 hasABS=0 sy=0.00 split=1.000,0.875 ===
274.93419|I|libbeamng.print:18052| === LSTM_OBS t=1450 14.37847,14.36291,14.14124,14.25641,0.00000,0.00000,0.00000,-0.00734,0.00000,0.00000,0.00000,1.00000,0.00000,0.00000,0.00000,6034.75990,0.00000 ===
274.98351|I|libbeamng.print:18052| === LSTM_TRACE t=1460 v=14.21 ws=14.20,14.25,14.13,14.13 cmd=0.033,0.044,0.043,0.057 cap=115,149,90,122 des=115,149,79,107 app=106,138,73,99 abs=nil,nil,nil,nil ebrake=1.00 ibrake=1.00 hasABS=0 sy=0.00 split=1.000,0.875 ===
274.98355|I|libbeamng.print:18052| === LSTM_OBS t=1460 14.20495,14.24978,14.13090,14.12787,0.00000,0.00000,0.00000,0.00362,0.00000,0.00000,0.00000,1.00000,0.00000,0.00000,0.00000,6032.40717,0.00000 ===
275.03341|I|libbeamng.print:18052| === LSTM_TRACE t=1470 v=14.10 ws=14.12,14.11,13.94,14.08 cmd=0.031,0.051,0.156,0.131 cap=89,140,250,211 des=89,140,219,185 app=82,131,202,171 abs=nil,nil,nil,nil ebrake=1.00 ibrake=1.00 hasABS=0 sy=0.00 split=1.000,0.875 ===
275.03346|I|libbeamng.print:18052| === LSTM_OBS t=1470 14.12020,14.11248,13.93945,14.08334,0.00000,0.00000,0.00000,-0.00728,0.00000,0.00000,0.00000,1.00000,0.00000,0.00000,0.00000,6001.23718,0.00000 ===
275.07985|I|libbeamng.print:18052| === LSTM_TRACE t=1480 v=13.94 ws=13.83,13.89,13.82,13.80 cmd=0.108,0.132,0.083,0.100 cap=353,432,197,240 des=353,432,172,210 app=327,402,160,194 abs=nil,nil,nil,nil ebrake=1.00 ibrake=1.00 hasABS=0 sy=0.00 split=1.000,0.875 ===
275.07988|I|libbeamng.print:18052| === LSTM_OBS t=1480 13.82520,13.88868,13.81574,13.80300,0.00000,0.00000,0.00000,-0.00012,0.00000,0.00000,0.00000,1.00000,0.00000,0.00000,0.00000,5941.18392,0.00000 ===
275.12954|I|libbeamng.print:18052| === LSTM_TRACE t=1490 v=13.80 ws=13.87,13.82,13.74,13.78 cmd=0.042,0.057,0.035,0.037 cap=137,186,66,70 des=137,186,57,61 app=127,173,53,57 abs=nil,nil,nil,nil ebrake=1.00 ibrake=1.00 hasABS=0 sy=0.00 split=1.000,0.875 ===
275.12958|I|libbeamng.print:18052| === LSTM_OBS t=1490 13.86598,13.81865,13.73719,13.77702,0.00000,0.00000,0.00000,-0.00313,0.00000,0.00000,0.00000,1.00000,0.00000,0.00000,0.00000,5885.91392,0.00000 ===
275.17939|I|libbeamng.print:18052| === LSTM_TRACE t=1500 v=13.68 ws=13.67,13.71,13.49,13.59 cmd=0.037,0.062,0.148,0.152 cap=109,182,275,271 des=109,182,241,237 app=101,169,223,219 abs=nil,nil,nil,nil ebrake=1.00 ibrake=1.00 hasABS=0 sy=0.00 split=1.000,0.875 ===
275.17943|I|libbeamng.print:18052| === LSTM_OBS t=1500 13.66844,13.71000,13.49336,13.58993,0.00000,0.00000,0.00000,-0.00452,0.00000,0.00000,0.00000,1.00000,0.00000,0.00000,0.00000,5834.30995,0.00000 ===
275.22933|I|libbeamng.print:18052| === LSTM_TRACE t=1510 v=13.55 ws=13.56,13.68,13.45,13.53 cmd=0.040,0.055,0.047,0.060 cap=134,181,100,129 des=134,181,87,113 app=125,169,81,105 abs=nil,nil,nil,nil ebrake=1.00 ibrake=1.00 hasABS=0 sy=0.00 split=1.000,0.875 ===
275.22937|I|libbeamng.print:18052| === LSTM_OBS t=1510 13.55541,13.67586,13.44815,13.53261,0.00000,0.00000,0.00000,-0.00076,0.00000,0.00000,0.00000,1.00000,0.00000,0.00000,0.00000,5771.40072,0.00000 ===
275.27938|I|libbeamng.print:18052| === LSTM_TRACE t=1520 v=13.44 ws=13.43,13.46,13.29,13.39 cmd=0.032,0.052,0.104,0.088 cap=97,150,168,147 des=97,150,147,128 app=90,139,137,119 abs=nil,nil,nil,nil ebrake=1.00 ibrake=1.00 hasABS=0 sy=0.00 split=1.000,0.875 ===
275.27942|I|libbeamng.print:18052| === LSTM_OBS t=1520 13.43183,13.46013,13.29276,13.38682,0.00000,0.00000,0.00000,-0.00027,0.00000,0.00000,0.00049,1.00000,0.00000,0.00000,0.00000,5723.47581,0.00000 ===
275.33057|I|libbeamng.print:18052| === LSTM_TRACE t=1530 v=13.29 ws=13.26,13.19,13.16,13.18 cmd=0.109,0.142,0.081,0.090 cap=332,443,189,212 des=332,443,166,185 app=308,413,154,172 abs=nil,nil,nil,nil ebrake=1.00 ibrake=1.00 hasABS=0 sy=0.00 split=1.000,0.875 ===
275.33061|I|libbeamng.print:18052| === LSTM_OBS t=1530 13.25532,13.19268,13.16073,13.18421,0.00000,0.00000,0.00000,-0.00279,0.00000,0.00000,0.00000,1.00000,0.00000,0.00000,0.00000,5663.06752,0.00000 ===
275.37920|I|libbeamng.print:18052| === LSTM_TRACE t=1540 v=13.15 ws=13.22,13.20,13.04,13.05 cmd=0.048,0.068,0.030,0.027 cap=160,227,57,51 des=160,227,49,45 app=149,212,46,41 abs=nil,nil,nil,nil ebrake=1.00 ibrake=1.00 hasABS=0 sy=0.00 split=1.000,0.875 ===
275.37924|I|libbeamng.print:18052| === LSTM_OBS t=1540 13.22095,13.19717,13.04432,13.05409,0.00000,0.00000,0.00000,-0.00708,0.00000,0.00000,0.00000,1.00000,0.00000,0.00000,0.00000,5608.74192,0.00000 ===
275.42915|I|libbeamng.print:18052| === LSTM_TRACE t=1550 v=13.04 ws=13.11,13.09,12.90,12.92 cmd=0.032,0.057,0.111,0.110 cap=98,173,204,195 des=98,173,178,170 app=91,161,166,158 abs=nil,nil,nil,nil ebrake=1.00 ibrake=1.00 hasABS=0 sy=0.00 split=1.000,0.875 ===
275.42919|I|libbeamng.print:18052| === LSTM_OBS t=1550 13.11119,13.08679,12.90204,12.92248,0.00000,0.00000,0.00000,-0.00956,0.00000,0.00000,0.00069,1.00000,0.00000,0.00000,0.00000,5555.91628,0.00000 ===
275.47911|I|libbeamng.print:18052| === LSTM_TRACE t=1560 v=12.92 ws=12.98,12.96,12.76,12.83 cmd=0.036,0.058,0.053,0.065 cap=116,185,113,138 des=116,185,99,121 app=108,173,92,112 abs=nil,nil,nil,nil ebrake=1.00 ibrake=1.00 hasABS=0 sy=0.00 split=1.000,0.875 ===
275.47914|I|libbeamng.print:18052| === LSTM_OBS t=1560 12.97633,12.95966,12.75977,12.83268,0.00000,0.00000,0.00000,-0.00762,0.00000,0.00000,0.00049,1.00000,0.00000,0.00000,0.00000,5496.93227,0.00000 ===
275.52920|I|libbeamng.print:18052| === LSTM_TRACE t=1570 v=12.80 ws=12.87,12.83,12.64,12.78 cmd=0.029,0.047,0.066,0.055 cap=91,145,111,98 des=91,145,97,86 app=85,135,90,79 abs=nil,nil,nil,nil ebrake=1.00 ibrake=1.00 hasABS=0 sy=0.00 split=1.000,0.875 ===
275.52924|I|libbeamng.print:18052| === LSTM_OBS t=1570 12.87326,12.83252,12.64059,12.78033,0.00000,0.00000,0.00000,-0.00790,0.00000,0.00000,0.00049,1.00000,0.00000,0.00000,0.00000,5452.08024,0.00000 ===
275.57932|I|libbeamng.print:18052| === LSTM_TRACE t=1580 v=12.67 ws=12.67,12.61,12.60,12.65 cmd=0.074,0.116,0.104,0.109 cap=202,333,240,239 des=202,333,210,209 app=188,310,195,194 abs=nil,nil,nil,nil ebrake=1.00 ibrake=1.00 hasABS=0 sy=0.00 split=1.000,0.875 ===
275.57936|I|libbeamng.print:18052| === LSTM_OBS t=1580 12.67048,12.61317,12.60191,12.64559,0.00000,0.00000,0.00000,-0.00879,0.00000,0.00000,0.00000,1.00000,0.00000,0.00000,0.00000,5399.96275,0.00000 ===
275.62956|I|libbeamng.print:18052| === LSTM_TRACE t=1590 v=12.53 ws=12.54,12.56,12.42,12.47 cmd=0.045,0.068,0.028,0.025 cap=153,232,56,50 des=153,232,49,44 app=142,216,46,41 abs=nil,nil,nil,nil ebrake=1.00 ibrake=1.00 hasABS=0 sy=0.00 split=1.000,0.875 ===
275.62962|I|libbeamng.print:18052| === LSTM_OBS t=1590 12.54403,12.56415,12.41677,12.47101,0.00000,0.00000,0.00000,-0.00184,0.00000,0.00000,0.00000,1.00000,0.00000,0.00000,0.00000,5346.26244,0.00000 ===
275.67926|I|libbeamng.print:18052| === LSTM_TRACE t=1600 v=12.42 ws=12.45,12.53,12.32,12.39 cmd=0.030,0.056,0.117,0.097 cap=90,168,196,158 des=90,168,171,138 app=84,157,159,128 abs=nil,nil,nil,nil ebrake=1.00 ibrake=1.00 hasABS=0 sy=0.00 split=1.000,0.875 ===
275.67930|I|libbeamng.print:18052| === LSTM_OBS t=1600 12.45487,12.52907,12.31582,12.39043,0.00000,0.00000,0.00000,0.00564,0.00000,0.00000,0.00000,1.00000,0.00000,0.00000,0.00000,5297.97680,0.00000 ===
275.72909|I|libbeamng.print:18052| === LSTM_TRACE t=1610 v=12.30 ws=12.27,12.38,12.16,12.21 cmd=0.040,0.067,0.055,0.063 cap=127,214,122,142 des=127,214,107,124 app=118,200,99,115 abs=nil,nil,nil,nil ebrake=1.00 ibrake=1.00 hasABS=0 sy=0.00 split=1.000,0.875 ===
275.72913|I|libbeamng.print:18052| === LSTM_OBS t=1610 12.26608,12.37590,12.16226,12.21069,0.00000,0.00000,0.00000,-0.00215,0.00000,0.00000,0.00049,1.00000,0.00000,0.00000,0.00000,5238.32907,0.00000 ===
275.77881|I|libbeamng.print:18052| === LSTM_TRACE t=1620 v=12.18 ws=12.20,12.25,12.13,12.17 cmd=0.026,0.044,0.048,0.039 cap=87,140,80,69 des=87,140,70,60 app=81,131,65,56 abs=nil,nil,nil,nil ebrake=1.00 ibrake=1.00 hasABS=0 sy=0.00 split=1.000,0.875 ===
275.77885|I|libbeamng.print:18052| === LSTM_OBS t=1620 12.19859,12.24540,12.13143,12.17446,0.00000,0.00000,0.00000,-0.00321,0.00000,0.00000,0.00049,1.00000,0.00000,0.00000,0.00000,5192.18945,0.00000 ===
275.82912|I|libbeamng.print:18052| === LSTM_TRACE t=1630 v=12.06 ws=12.06,12.02,11.98,11.98 cmd=0.056,0.103,0.151,0.142 cap=151,286,328,287 des=151,286,287,251 app=141,267,266,233 abs=nil,nil,nil,nil ebrake=1.00 ibrake=1.00 hasABS=0 sy=0.00 split=1.000,0.875 ===
275.82916|I|libbeamng.print:18052| === LSTM_OBS t=1630 12.06234,12.01838,11.98123,11.98091,0.00000,0.00000,0.00000,0.00482,0.00000,0.00000,0.00049,1.00000,0.00000,0.00000,0.00000,5141.61060,0.00000 ===
275.87894|I|libbeamng.print:18052| === LSTM_TRACE t=1640 v=11.93 ws=11.91,12.01,11.78,11.88 cmd=0.050,0.079,0.027,0.023 cap=174,273,57,49 des=174,273,50,43 app=161,255,46,40 abs=nil,nil,nil,nil ebrake=1.00 ibrake=1.00 hasABS=0 sy=0.00 split=1.000,0.875 ===
275.87898|I|libbeamng.print:18052| === LSTM_OBS t=1640 11.91350,12.01240,11.77626,11.87937,0.00000,0.00000,0.00000,-0.00113,0.00000,0.00000,0.00000,1.00000,0.00000,0.00000,0.00000,5084.83033,0.00000 ===
275.92913|I|libbeamng.print:18052| === LSTM_TRACE t=1650 v=11.82 ws=11.85,11.84,11.70,11.71 cmd=0.028,0.053,0.089,0.063 cap=89,161,139,99 des=89,161,122,86 app=83,150,113,80 abs=nil,nil,nil,nil ebrake=1.00 ibrake=1.00 hasABS=0 sy=0.00 split=1.000,0.875 ===
275.92917|I|libbeamng.print:18052| === LSTM_OBS t=1650 11.85338,11.84440,11.70080,11.71490,0.00000,0.00000,0.00000,-0.01192,0.00000,0.00000,0.00049,1.00000,0.00000,0.00000,0.00000,5040.27205,0.00000 ===
275.97902|I|libbeamng.print:18052| === LSTM_TRACE t=1660 v=11.69 ws=11.71,11.73,11.53,11.63 cmd=0.052,0.092,0.078,0.082 cap=155,281,181,189 des=155,281,158,166 app=144,263,147,154 abs=nil,nil,nil,nil ebrake=1.00 ibrake=1.00 hasABS=0 sy=0.00 split=1.000,0.875 ===
275.97910|I|libbeamng.print:18052| === LSTM_OBS t=1660 11.71127,11.72751,11.53428,11.63318,0.00000,0.00000,0.00000,-0.00094,0.00000,0.00000,0.00049,1.00000,0.00000,0.00000,0.00000,4981.28354,0.00000 ===
276.02920|I|libbeamng.print:18052| === LSTM_TRACE t=1670 v=11.57 ws=11.58,11.61,11.49,11.46 cmd=0.032,0.054,0.032,0.027 cap=106,177,60,52 des=106,177,52,46 app=98,166,49,42 abs=nil,nil,nil,nil ebrake=1.00 ibrake=1.00 hasABS=0 sy=0.00 split=1.000,0.875 ===
276.02924|I|libbeamng.print:18052| === LSTM_OBS t=1670 11.58485,11.61292,11.48603,11.46311,0.00000,0.00000,0.00000,-0.00729,0.00000,0.00000,0.00049,1.00000,0.00000,0.00000,0.00000,4930.52113,0.00000 ===
276.07904|I|libbeamng.print:18052| === LSTM_TRACE t=1680 v=11.46 ws=11.47,11.53,11.34,11.39 cmd=0.031,0.065,0.150,0.111 cap=87,182,264,190 des=87,182,231,166 app=81,170,215,154 abs=nil,nil,nil,nil ebrake=1.00 ibrake=1.00 hasABS=0 sy=0.00 split=1.000,0.875 ===
276.07907|I|libbeamng.print:18052| === LSTM_OBS t=1680 11.46811,11.53016,11.33772,11.39356,0.00000,0.00000,0.00000,-0.00466,0.00000,0.00000,0.00049,1.00000,0.00000,0.00000,0.00000,4883.85245,0.00000 ===
276.12889|I|libbeamng.print:18052| === LSTM_TRACE t=1690 v=11.33 ws=11.36,11.36,11.22,11.25 cmd=0.053,0.091,0.043,0.038 cap=170,297,97,90 des=170,297,85,78 app=157,278,79,73 abs=nil,nil,nil,nil ebrake=1.00 ibrake=1.00 hasABS=0 sy=0.00 split=1.000,0.875 ===
276.12893|I|libbeamng.print:18052| === LSTM_OBS t=1690 11.36044,11.36286,11.22385,11.25033,0.00000,0.00000,0.00000,-0.00402,0.00000,0.00000,0.00000,1.00000,0.00000,0.00000,0.00000,4824.81120,0.00000 ===
276.17873|I|libbeamng.print:18052| === LSTM_TRACE t=1700 v=11.22 ws=11.26,11.30,11.13,11.11 cmd=0.030,0.054,0.049,0.035 cap=95,168,81,60 des=95,168,71,52 app=88,157,66,49 abs=nil,nil,nil,nil ebrake=1.00 ibrake=1.00 hasABS=0 sy=0.00 split=1.000,0.875 ===
276.17878|I|libbeamng.print:18052| === LSTM_OBS t=1700 11.25614,11.29583,11.12999,11.11277,0.00000,0.00000,0.00000,-0.00556,0.00000,0.00000,0.00000,1.00000,0.00000,0.00000,0.00000,4778.73403,0.00000 ===
276.22887|I|libbeamng.print:18052| === LSTM_TRACE t=1710 v=11.10 ws=11.12,11.10,11.01,11.01 cmd=0.044,0.090,0.124,0.109 cap=123,260,268,223 des=123,260,235,195 app=115,243,218,182 abs=nil,nil,nil,nil ebrake=1.00 ibrake=1.00 hasABS=0 sy=0.00 split=1.000,0.875 ===
276.22894|I|libbeamng.print:18052| === LSTM_OBS t=1710 11.11619,11.09706,11.00866,11.01260,0.00000,0.00000,0.00000,0.00230,0.00000,0.00000,0.00000,1.00000,0.00000,0.00000,0.00000,4725.51836,0.00000 ===
276.27856|I|libbeamng.print:18052| === LSTM_TRACE t=1720 v=10.98 ws=11.01,11.06,10.84,10.98 cmd=0.038,0.069,0.033,0.028 cap=122,224,68,57 des=122,224,60,50 app=114,209,55,47 abs=nil,nil,nil,nil ebrake=1.00 ibrake=1.00 hasABS=0 sy=0.00 split=1.000,0.875 ===
276.27860|I|libbeamng.print:18052| === LSTM_OBS t=1720 11.01041,11.06038,10.84057,10.98052,0.00000,0.00000,0.00000,-0.00174,0.00000,0.00000,0.00069,1.00000,0.00000,0.00000,0.00000,4671.49644,0.00000 ===
276.33043|I|libbeamng.print:18052| === LSTM_TRACE t=1730 v=10.87 ws=10.89,10.85,10.76,10.79 cmd=0.027,0.056,0.096,0.064 cap=85,170,158,105 des=85,170,138,92 app=79,159,129,85 abs=nil,nil,nil,nil ebrake=1.00 ibrake=1.00 hasABS=0 sy=0.00 split=1.000,0.875 ===
276.33048|I|libbeamng.print:18052| === LSTM_OBS t=1730 10.88676,10.84886,10.75652,10.79344,0.00000,0.00000,0.00000,-0.00141,0.00000,0.00000,0.00000,1.00000,0.00000,0.00000,0.00000,4626.22639,0.00000 ===
276.37807|I|libbeamng.print:18052| === LSTM_TRACE t=1740 v=10.74 ws=10.74,10.77,10.59,10.68 cmd=0.051,0.098,0.069,0.061 cap=157,303,156,139 des=157,303,137,121 app=146,283,127,113 abs=nil,nil,nil,nil ebrake=1.00 ibrake=1.00 hasABS=0 sy=0.00 split=1.000,0.875 ===
276.37811|I|libbeamng.print:18052| === LSTM_OBS t=1740 10.74311,10.77472,10.58880,10.68427,0.00000,0.00000,0.00000,-0.00620,0.00000,0.00000,0.00049,1.00000,0.00000,0.00000,0.00000,4575.60174,0.00000 ===
276.42735|I|libbeamng.print:18052| === LSTM_TRACE t=1750 v=10.62 ws=10.62,10.69,10.53,10.61 cmd=0.030,0.057,0.040,0.030 cap=97,182,72,55 des=97,182,63,48 app=90,170,59,45 abs=nil,nil,nil,nil ebrake=1.00 ibrake=1.00 hasABS=0 sy=0.00 split=1.000,0.875 ===
276.42743|I|libbeamng.print:18052| === LSTM_OBS t=1750 10.61846,10.69001,10.53056,10.61257,0.00000,0.00000,0.00000,-0.00426,0.00000,0.00000,0.00049,1.00000,0.00000,0.00000,0.00000,4527.64993,0.00000 ===
276.47691|I|libbeamng.print:18052| === LSTM_TRACE t=1760 v=10.51 ws=10.49,10.53,10.43,10.49 cmd=0.033,0.074,0.141,0.101 cap=96,213,263,181 des=96,213,230,158 app=90,200,214,147 abs=nil,nil,nil,nil ebrake=1.00 ibrake=1.00 hasABS=0 sy=0.00 split=1.000,0.875 ===
276.47703|I|libbeamng.print:18052| === LSTM_OBS t=1760 10.48555,10.53358,10.42651,10.49264,0.00000,0.00000,0.00000,-0.00584,0.00000,0.00000,0.00000,1.00000,0.00000,0.00000,0.00000,4480.24180,0.00000 ===
276.52702|I|libbeamng.print:18052| === LSTM_TRACE t=1770 v=10.38 ws=10.37,10.42,10.32,10.38 cmd=0.041,0.080,0.041,0.033 cap=137,266,89,73 des=137,266,78,64 app=128,249,72,59 abs=nil,nil,nil,nil ebrake=1.00 ibrake=1.00 hasABS=0 sy=0.00 split=1.000,0.875 ===
276.52706|I|libbeamng.print:18052| === LSTM_OBS t=1770 10.37487,10.42404,10.31540,10.37810,0.00000,0.00000,0.00000,-0.00311,0.00000,0.00000,0.00049,1.00000,0.00000,0.00000,0.00000,4425.06615,0.00000 ===
276.57652|I|libbeamng.print:18052| === LSTM_TRACE t=1780 v=10.27 ws=10.26,10.30,10.16,10.28 cmd=0.027,0.055,0.071,0.046 cap=88,174,117,77 des=88,174,103,67 app=82,162,95,62 abs=nil,nil,nil,nil ebrake=1.00 ibrake=1.00 hasABS=0 sy=0.00 split=1.000,0.875 ===
276.57656|I|libbeamng.print:18052| === LSTM_OBS t=1780 10.25523,10.30431,10.16015,10.28023,0.00000,0.00000,0.00000,-0.00179,0.00000,0.00000,0.00000,1.00000,0.00000,0.00000,0.00000,4380.68759,0.00000 ===
276.62684|I|libbeamng.print:18052| === LSTM_TRACE t=1790 v=10.16 ws=10.12,10.17,10.01,10.10 cmd=0.045,0.093,0.095,0.079 cap=132,281,215,173 des=132,281,188,152 app=123,263,175,141 abs=nil,nil,nil,nil ebrake=1.00 ibrake=1.00 hasABS=0 sy=0.00 split=1.000,0.875 ===
276.62688|I|libbeamng.print:18052| === LSTM_OBS t=1790 10.11827,10.16634,10.00972,10.09717,0.00000,0.00000,0.00000,-0.00331,0.00000,0.00000,0.00049,1.00000,0.00000,0.00000,0.00000,4327.82766,0.00000 ===
276.67714|I|libbeamng.print:18052| === LSTM_TRACE t=1800 v=10.04 ws=10.03,10.10,9.94,9.99 cmd=0.032,0.063,0.038,0.028 cap=104,203,72,54 des=104,203,63,47 app=97,190,58,44 abs=nil,nil,nil,nil ebrake=1.00 ibrake=1.00 hasABS=0 sy=0.00 split=1.000,0.875 ===
276.67718|I|libbeamng.print:18052| === LSTM_OBS t=1800 10.03438,10.10116,9.93915,9.99370,0.00000,0.00000,0.00000,-0.00248,0.00000,0.00000,0.00069,1.00000,0.00000,0.00000,0.00000,4278.38217,0.00000 ===
276.72663|I|libbeamng.print:18052| === LSTM_TRACE t=1810 v=9.93 ws=9.95,9.94,9.84,9.89 cmd=0.030,0.068,0.134,0.086 cap=90,199,237,149 des=90,199,208,130 app=83,186,193,121 abs=nil,nil,nil,nil ebrake=1.00 ibrake=1.00 hasABS=0 sy=0.00 split=1.000,0.875 ===
276.72669|I|libbeamng.print:18052| === LSTM_OBS t=1810 9.94616,9.94285,9.83535,9.89068,0.00000,0.00000,0.00000,-0.00467,0.00000,0.00000,0.00000,1.00000,0.00000,0.00000,0.00000,4232.86356,0.00000 ===
276.77645|I|libbeamng.print:18052| === LSTM_TRACE t=1820 v=9.80 ws=9.80,9.82,9.73,9.74 cmd=0.040,0.082,0.048,0.038 cap=133,270,105,84 des=133,270,92,74 app=124,253,86,68 abs=nil,nil,nil,nil ebrake=1.00 ibrake=1.00 hasABS=0 sy=0.00 split=1.000,0.875 ===
276.77649|I|libbeamng.print:18052| === LSTM_OBS t=1820 9.80127,9.81695,9.73380,9.74042,0.00000,0.00000,0.00000,-0.00166,0.00000,0.00000,0.00000,1.00000,0.00000,0.00000,0.00000,4176.98307,0.00000 ===
276.82631|I|libbeamng.print:18052| === LSTM_TRACE t=1830 v=9.69 ws=9.72,9.70,9.62,9.70 cmd=0.028,0.056,0.065,0.041 cap=88,176,108,69 des=88,176,95,61 app=82,164,88,56 abs=nil,nil,nil,nil ebrake=1.00 ibrake=1.00 hasABS=0 sy=0.00 split=1.000,0.875 ===
276.82634|I|libbeamng.print:18052| === LSTM_OBS t=1830 9.72423,9.69835,9.62307,9.70096,0.00000,0.00000,0.00000,-0.00169,0.00000,0.00000,0.00049,1.00000,0.00000,0.00000,0.00000,4132.84914,0.00000 ===
276.87618|I|libbeamng.print:18052| === LSTM_TRACE t=1840 v=9.58 ws=9.55,9.59,9.46,9.56 cmd=0.041,0.090,0.107,0.083 cap=121,268,240,178 des=121,268,210,155 app=112,251,195,144 abs=nil,nil,nil,nil ebrake=1.00 ibrake=1.00 hasABS=0 sy=0.00 split=1.000,0.875 ===
276.87625|I|libbeamng.print:18052| === LSTM_OBS t=1840 9.55199,9.59349,9.45680,9.55808,0.00000,0.00000,0.00000,-0.00393,0.00000,0.00000,0.00049,1.00000,0.00000,0.00000,0.00000,4080.24066,0.00000 ===
276.92627|I|libbeamng.print:18052| === LSTM_TRACE t=1850 v=9.46 ws=9.49,9.49,9.40,9.38 cmd=0.031,0.062,0.038,0.028 cap=99,199,74,54 des=99,199,65,48 app=92,187,60,44 abs=nil,nil,nil,nil ebrake=1.00 ibrake=1.00 hasABS=0 sy=0.00 split=1.000,0.875 ===
276.92631|I|libbeamng.print:18052| === LSTM_OBS t=1850 9.48742,9.48810,9.40384,9.37639,0.00000,0.00000,0.00000,-0.00991,0.00000,0.00000,0.00049,1.00000,0.00000,0.00000,0.00000,4030.74352,0.00000 ===
276.97633|I|libbeamng.print:18052| === LSTM_TRACE t=1860 v=9.35 ws=9.38,9.35,9.20,9.35 cmd=0.029,0.067,0.137,0.084 cap=87,197,242,145 des=87,197,211,127 app=81,185,197,118 abs=nil,nil,nil,nil ebrake=1.00 ibrake=1.00 hasABS=0 sy=0.00 split=1.000,0.875 ===
276.97638|I|libbeamng.print:18052| === LSTM_OBS t=1860 9.37791,9.34811,9.19825,9.35364,0.00000,0.00000,0.00000,-0.00115,0.00000,0.00000,0.00069,1.00000,0.00000,0.00000,0.00000,3985.57631,0.00000 ===
277.02627|I|libbeamng.print:18052| === LSTM_TRACE t=1870 v=9.23 ws=9.24,9.28,9.20,9.13 cmd=0.038,0.079,0.048,0.037 cap=122,257,108,84 des=122,257,94,73 app=114,241,88,68 abs=nil,nil,nil,nil ebrake=1.00 ibrake=1.00 hasABS=0 sy=0.00 split=1.000,0.875 ===
277.02631|I|libbeamng.print:18052| === LSTM_OBS t=1870 9.24087,9.28242,9.19711,9.13183,0.00000,0.00000,0.00000,-0.01045,0.00000,0.00000,0.00000,1.00000,0.00000,0.00000,0.00000,3930.65352,0.00000 ===
277.07597|I|libbeamng.print:18052| === LSTM_TRACE t=1880 v=9.12 ws=9.11,9.16,9.01,9.14 cmd=0.027,0.056,0.070,0.042 cap=87,177,115,71 des=87,177,100,62 app=81,165,93,57 abs=nil,nil,nil,nil ebrake=1.00 ibrake=1.00 hasABS=0 sy=0.00 split=1.000,0.875 ===
277.07602|I|libbeamng.print:18052| === LSTM_OBS t=1880 9.10876,9.16267,9.00871,9.14446,0.00000,0.00000,0.00000,0.00100,0.00000,0.00000,0.00049,1.00000,0.00000,0.00000,0.00000,3887.09256,0.00000 ===
277.12629|I|libbeamng.print:18052| === LSTM_TRACE t=1890 v=9.00 ws=8.99,9.01,8.96,8.88 cmd=0.038,0.086,0.105,0.078 cap=114,261,238,170 des=114,261,208,149 app=106,244,194,138 abs=nil,nil,nil,nil ebrake=1.00 ibrake=1.00 hasABS=0 sy=0.00 split=1.000,0.875 ===
277.12634|I|libbeamng.print:18052| === LSTM_OBS t=1890 8.98984,9.00774,8.96087,8.87957,0.00000,0.00000,0.00000,-0.00544,0.00000,0.00000,0.00069,1.00000,0.00000,0.00000,0.00000,3835.47755,0.00000 ===
277.17633|I|libbeamng.print:18052| === LSTM_TRACE t=1900 v=8.89 ws=8.89,8.90,8.76,8.89 cmd=0.030,0.060,0.041,0.028 cap=96,195,76,54 des=96,195,67,47 app=89,183,62,44 abs=nil,nil,nil,nil ebrake=1.00 ibrake=1.00 hasABS=0 sy=0.00 split=1.000,0.875 ===
277.17639|I|libbeamng.print:18052| === LSTM_OBS t=1900 8.88965,8.90029,8.75985,8.89496,0.00000,0.00000,0.00000,0.00234,0.00000,0.00000,0.00069,1.00000,0.00000,0.00000,0.00000,3787.00812,0.00000 ===
277.22616|I|libbeamng.print:18052| === LSTM_TRACE t=1910 v=8.78 ws=8.81,8.78,8.72,8.70 cmd=0.029,0.069,0.141,0.085 cap=87,202,257,151 des=87,202,224,132 app=80,189,209,123 abs=nil,nil,nil,nil ebrake=1.00 ibrake=1.00 hasABS=0 sy=0.00 split=1.000,0.875 ===
277.22620|I|libbeamng.print:18052| === LSTM_OBS t=1910 8.81141,8.78443,8.72315,8.69722,0.00000,0.00000,0.00000,-0.01010,0.00000,0.00000,0.00085,1.00000,0.00000,0.00000,0.00000,3742.12504,0.00000 ===
277.27743|I|libbeamng.print:18052| === LSTM_TRACE t=1920 v=8.66 ws=8.69,8.71,8.58,8.68 cmd=0.036,0.075,0.047,0.035 cap=113,242,102,77 des=113,242,89,67 app=105,227,83,62 abs=nil,nil,nil,nil ebrake=1.00 ibrake=1.00 hasABS=0 sy=0.00 split=1.000,0.875 ===
277.27747|I|libbeamng.print:18052| === LSTM_OBS t=1920 8.68557,8.70740,8.58204,8.68125,0.00000,0.00000,0.00000,-0.00561,0.00000,0.00000,0.00049,1.00000,0.00000,0.00000,0.00000,3689.35052,0.00000 ===
277.32644|I|libbeamng.print:18052| === LSTM_TRACE t=1930 v=8.55 ws=8.55,8.60,8.42,8.57 cmd=0.027,0.058,0.081,0.047 cap=87,179,134,79 des=87,179,117,69 app=80,168,109,64 abs=nil,nil,nil,nil ebrake=1.00 ibrake=1.00 hasABS=0 sy=0.00 split=1.000,0.875 ===
277.32652|I|libbeamng.print:18052| === LSTM_OBS t=1930 8.55090,8.60013,8.42111,8.56610,0.00000,0.00000,0.00000,0.00449,0.00000,0.00000,0.00069,1.00000,0.00000,0.00000,0.00000,3646.53437,0.00000 ===
277.37572|I|libbeamng.print:18052| === LSTM_TRACE t=1940 v=8.44 ws=8.47,8.44,8.46,8.36 cmd=0.036,0.081,0.094,0.069 cap=107,247,214,152 des=107,247,187,133 app=99,232,174,123 abs=nil,nil,nil,nil ebrake=1.00 ibrake=1.00 hasABS=0 sy=0.00 split=1.000,0.875 ===
277.37576|I|libbeamng.print:18052| === LSTM_OBS t=1940 8.46555,8.44093,8.46445,8.35538,0.00000,0.00000,0.00000,-0.00764,0.00000,0.00000,0.00069,1.00000,0.00000,0.00000,0.00000,3594.76047,0.00000 ===
277.42616|I|libbeamng.print:18052| === LSTM_TRACE t=1950 v=8.32 ws=8.28,8.40,8.31,8.26 cmd=0.029,0.060,0.046,0.030 cap=94,191,84,57 des=94,191,73,50 app=87,179,68,46 abs=nil,nil,nil,nil ebrake=1.00 ibrake=1.00 hasABS=0 sy=0.00 split=1.000,0.875 ===
277.42620|I|libbeamng.print:18052| === LSTM_OBS t=1950 8.27828,8.39588,8.30565,8.26330,0.00000,0.00000,0.00000,-0.00724,0.00000,0.00000,0.00085,1.00000,0.00000,0.00000,0.00000,3548.24793,0.00000 ===
277.47622|I|libbeamng.print:18052| === LSTM_TRACE t=1960 v=8.21 ws=8.26,8.25,8.14,8.17 cmd=0.029,0.069,0.139,0.085 cap=84,201,265,158 des=84,201,232,138 app=78,188,216,128 abs=nil,nil,nil,nil ebrake=1.00 ibrake=1.00 hasABS=0 sy=0.00 split=1.000,0.875 ===
277.47628|I|libbeamng.print:18052| === LSTM_OBS t=1960 8.25696,8.24656,8.13944,8.16982,0.00000,0.00000,0.00000,0.00597,0.00000,0.00000,0.00049,1.00000,0.00000,0.00000,0.00000,3502.81676,0.00000 ===
277.52669|I|libbeamng.print:18052| === LSTM_TRACE t=1970 v=8.09 ws=8.11,8.08,8.00,8.15 cmd=0.033,0.070,0.047,0.034 cap=110,232,98,72 des=110,232,85,63 app=102,217,79,58 abs=nil,nil,nil,nil ebrake=1.00 ibrake=1.00 hasABS=0 sy=0.00 split=1.000,0.875 ===
277.52673|I|libbeamng.print:18052| === LSTM_OBS t=1970 8.11241,8.08460,7.99762,8.15062,0.00000,0.00000,0.00000,0.00439,0.00000,0.00000,0.00049,1.00000,0.00000,0.00000,0.00000,3451.51757,0.00000 ===
277.57583|I|libbeamng.print:18052| === LSTM_TRACE t=1980 v=7.99 ws=7.98,8.01,7.86,8.03 cmd=0.027,0.059,0.093,0.054 cap=86,183,156,91 des=86,183,137,80 app=80,171,127,74 abs=nil,nil,nil,nil ebrake=1.00 ibrake=1.00 hasABS=0 sy=0.00 split=1.000,0.875 ===
277.57588|I|libbeamng.print:18052| === LSTM_OBS t=1980 7.98250,8.01063,7.85938,8.03430,0.00000,0.00000,0.00000,0.00453,0.00000,0.00000,0.00049,1.00000,0.00000,0.00000,0.00000,3408.23639,0.00000 ===
277.62662|I|libbeamng.print:18052| === LSTM_TRACE t=1990 v=7.88 ws=7.89,7.92,7.75,7.90 cmd=0.035,0.077,0.082,0.060 cap=106,238,183,130 des=106,238,160,114 app=98,223,149,105 abs=nil,nil,nil,nil ebrake=1.00 ibrake=1.00 hasABS=0 sy=0.00 split=1.000,0.875 ===
277.62667|I|libbeamng.print:18052| === LSTM_OBS t=1990 7.88788,7.91529,7.75330,7.89647,0.00000,0.00000,0.00000,0.00085,0.00000,0.00000,0.00049,1.00000,0.00000,0.00000,0.00000,3356.88862,0.00000 ===
277.67623|I|libbeamng.print:18052| === LSTM_TRACE t=2000 v=7.77 ws=7.78,7.83,7.65,7.80 cmd=0.030,0.061,0.054,0.035 cap=94,193,97,64 des=94,193,85,56 app=88,180,79,52 abs=nil,nil,nil,nil ebrake=1.00 ibrake=1.00 hasABS=0 sy=0.00 split=1.000,0.875 ===
277.67628|I|libbeamng.print:18052| === LSTM_OBS t=2000 7.78438,7.83487,7.64652,7.79873,0.00000,0.00000,0.00000,-0.00187,0.00000,0.00000,0.00049,1.00000,0.00000,0.00000,0.00000,3311.09061,0.00000 ===
277.72631|I|libbeamng.print:18052| === LSTM_TRACE t=2010 v=7.66 ws=7.66,7.69,7.52,7.71 cmd=0.029,0.068,0.121,0.076 cap=90,208,235,144 des=90,208,205,126 app=84,195,191,117 abs=nil,nil,nil,nil ebrake=1.00 ibrake=1.00 hasABS=0 sy=0.00 split=1.000,0.875 ===
277.72635|I|libbeamng.print:18052| === LSTM_OBS t=2010 7.66493,7.69472,7.52194,7.71455,0.00000,0.00000,0.00000,-0.00009,0.00000,0.00000,0.00000,1.00000,0.00000,0.00000,0.00000,3264.59986,0.00000 ===
277.77582|I|libbeamng.print:18052| === LSTM_TRACE t=2020 v=7.54 ws=7.52,7.56,7.48,7.58 cmd=0.032,0.067,0.051,0.037 cap=108,221,102,74 des=108,221,90,65 app=101,207,83,60 abs=nil,nil,nil,nil ebrake=1.00 ibrake=1.00 hasABS=0 sy=0.00 split=1.000,0.875 ===
277.77590|I|libbeamng.print:18052| === LSTM_OBS t=2020 7.52282,7.56169,7.48338,7.57695,0.00000,0.00000,0.00000,0.00167,0.00000,0.00000,0.00049,1.00000,0.00000,0.00000,0.00000,3214.43488,0.00000 ===
277.82688|I|libbeamng.print:18052| === LSTM_TRACE t=2030 v=7.43 ws=7.44,7.41,7.41,7.37 cmd=0.028,0.061,0.092,0.056 cap=92,194,162,98 des=92,194,142,86 app=85,181,132,80 abs=nil,nil,nil,nil ebrake=1.00 ibrake=1.00 hasABS=0 sy=0.00 split=1.000,0.875 ===
277.82692|I|libbeamng.print:18052| === LSTM_OBS t=2030 7.43819,7.40550,7.41445,7.36519,0.00000,0.00000,0.00000,0.00206,0.00000,0.00000,0.00000,1.00000,0.00000,0.00000,0.00000,3170.00644,0.00000 ===
277.87670|I|libbeamng.print:18052| === LSTM_TRACE t=2040 v=7.32 ws=7.37,7.33,7.33,7.25 cmd=0.034,0.073,0.074,0.053 cap=102,222,157,111 des=102,222,138,97 app=95,208,128,90 abs=nil,nil,nil,nil ebrake=1.00 ibrake=1.00 hasABS=0 sy=0.00 split=1.000,0.875 ===
277.87677|I|libbeamng.print:18052| === LSTM_OBS t=2040 7.37095,7.33442,7.33393,7.25116,0.00000,0.00000,0.00000,0.00927,0.00000,0.00000,0.00049,1.00000,0.00000,0.00000,0.00000,3120.40122,0.00000 ===
277.92649|I|libbeamng.print:18052| === LSTM_TRACE t=2050 v=7.21 ws=7.22,7.31,7.19,7.21 cmd=0.032,0.063,0.061,0.040 cap=97,194,113,75 des=97,194,99,66 app=90,181,92,61 abs=nil,nil,nil,nil ebrake=1.00 ibrake=1.00 hasABS=0 sy=0.00 split=1.000,0.875 ===
277.92653|I|libbeamng.print:18052| === LSTM_OBS t=2050 7.21836,7.31355,7.19232,7.20602,0.00000,0.00000,0.00000,0.00150,0.00000,0.00000,0.00085,1.00000,0.00000,0.00000,0.00000,3074.29844,0.00000 ===
277.97616|I|libbeamng.print:18052| === LSTM_TRACE t=2060 v=7.10 ws=7.10,7.11,6.99,7.11 cmd=0.031,0.067,0.095,0.062 cap=95,205,188,121 des=95,205,164,106 app=88,192,153,98 abs=nil,nil,nil,nil ebrake=1.00 ibrake=1.00 hasABS=0 sy=0.00 split=1.000,0.875 ===
277.97621|I|libbeamng.print:18052| === LSTM_OBS t=2060 7.10388,7.10786,6.98878,7.11176,0.00000,0.00000,0.00000,-0.00887,0.00000,0.00000,0.00049,1.00000,0.00000,0.00000,0.00000,3027.56654,0.00000 ===
278.02314|I|libbeamng.print:18052| === LSTM_TRACE t=2070 v=7.00 ws=7.01,7.05,6.96,6.97 cmd=0.035,0.068,0.058,0.042 cap=108,210,116,84 des=108,210,101,74 app=101,197,94,68 abs=nil,nil,nil,nil ebrake=1.00 ibrake=1.00 hasABS=0 sy=0.00 split=1.000,0.875 ===
278.02318|I|libbeamng.print:18052| === LSTM_OBS t=2070 7.00690,7.04849,6.96093,6.96735,0.00000,0.00000,0.00000,-0.00451,0.00000,0.00000,0.00000,1.00000,0.00000,0.00000,0.00000,2983.98033,0.00000 ===
278.07265|I|libbeamng.print:18052| === LSTM_TRACE t=2080 v=6.89 ws=6.93,6.89,6.92,6.82 cmd=0.032,0.064,0.077,0.051 cap=99,196,144,96 des=99,196,126,84 app=92,183,117,78 abs=nil,nil,nil,nil ebrake=1.00 ibrake=1.00 hasABS=0 sy=0.00 split=1.000,0.875 ===
278.07269|I|libbeamng.print:18052| === LSTM_OBS t=2080 6.93042,6.89395,6.92077,6.81630,0.00000,0.00000,0.00000,0.00265,0.00000,0.00000,0.00049,1.00000,0.00000,0.00000,0.00000,2939.05813,0.00000 ===
278.12295|I|libbeamng.print:18052| === LSTM_TRACE t=2090 v=6.78 ws=6.76,6.79,6.65,6.80 cmd=0.037,0.069,0.067,0.050 cap=116,217,136,99 des=116,217,119,86 app=108,203,110,80 abs=nil,nil,nil,nil ebrake=1.00 ibrake=1.00 hasABS=0 sy=0.00 split=1.000,0.875 ===
278.12300|I|libbeamng.print:18052| === LSTM_OBS t=2090 6.76271,6.78934,6.64999,6.79717,0.00000,0.00000,0.00000,0.00077,0.00000,0.00000,0.00049,1.00000,0.00000,0.00000,0.00000,2891.77823,0.00000 ===
278.17596|I|libbeamng.print:18052| === LSTM_TRACE t=2100 v=6.67 ws=6.65,6.68,6.68,6.60 cmd=0.039,0.067,0.059,0.044 cap=123,209,113,85 des=123,209,99,74 app=114,195,92,69 abs=nil,nil,nil,nil ebrake=1.00 ibrake=1.00 hasABS=0 sy=0.00 split=1.000,0.875 ===
278.17600|I|libbeamng.print:18052| === LSTM_OBS t=2100 6.65330,6.68205,6.68380,6.59736,0.00000,0.00000,0.00000,-0.00406,0.00000,0.00000,0.00000,1.00000,0.00000,0.00000,0.00000,2841.61245,0.00000 ===
278.22633|I|libbeamng.print:18052| === LSTM_TRACE t=2110 v=6.56 ws=6.58,6.63,6.47,6.60 cmd=0.044,0.070,0.061,0.048 cap=129,213,121,95 des=129,213,106,83 app=119,199,99,77 abs=nil,nil,nil,nil ebrake=1.00 ibrake=1.00 hasABS=0 sy=0.00 split=1.000,0.875 ===
278.22640|I|libbeamng.print:18052| === LSTM_OBS t=2110 6.58388,6.62542,6.47148,6.60275,0.00000,0.00000,0.00000,0.00117,0.00000,0.00000,0.00000,1.00000,0.00000,0.00000,0.00000,2795.60987,0.00000 ===
278.27600|I|libbeamng.print:18052| === LSTM_TRACE t=2120 v=6.45 ws=6.47,6.49,6.47,6.38 cmd=0.057,0.075,0.044,0.042 cap=168,229,89,83 des=168,229,78,72 app=156,215,73,67 abs=nil,nil,nil,nil ebrake=1.00 ibrake=1.00 hasABS=0 sy=0.00 split=1.000,0.875 ===
278.27604|I|libbeamng.print:18052| === LSTM_OBS t=2120 6.46567,6.49218,6.46699,6.37890,0.00000,0.00000,0.00000,-0.00250,0.00000,0.00000,0.00049,1.00000,0.00000,0.00000,0.00000,2749.25332,0.00000 ===
278.32632|I|libbeamng.print:18052| === LSTM_TRACE t=2130 v=6.34 ws=6.35,6.38,6.25,6.37 cmd=0.075,0.081,0.034,0.037 cap=218,246,67,73 des=218,246,59,64 app=203,230,55,59 abs=nil,nil,nil,nil ebrake=1.00 ibrake=1.00 hasABS=0 sy=0.00 split=1.000,0.875 ===
278.32635|I|libbeamng.print:18052| === LSTM_OBS t=2130 6.35390,6.38145,6.25114,6.36770,0.00000,0.00000,0.00000,-0.00120,0.00000,0.00000,0.00000,1.00000,0.00000,0.00000,0.00000,2703.43154,0.00000 ===
278.37632|I|libbeamng.print:18052| === LSTM_TRACE t=2140 v=6.22 ws=6.20,6.22,6.30,6.15 cmd=0.077,0.079,0.029,0.031 cap=249,254,56,61 des=249,254,49,53 app=231,238,46,49 abs=nil,nil,nil,nil ebrake=1.00 ibrake=1.00 hasABS=0 sy=0.00 split=1.000,0.875 ===
278.37636|I|libbeamng.print:18052| === LSTM_OBS t=2140 6.20127,6.22302,6.30124,6.14528,0.00000,0.00000,0.00000,-0.00279,0.00000,0.00000,0.00000,1.00000,0.00000,0.00000,0.00000,2656.11560,0.00000 ===
278.42639|I|libbeamng.print:18052| === LSTM_TRACE t=2150 v=6.11 ws=6.12,6.15,6.07,6.17 cmd=0.064,0.071,0.036,0.032 cap=199,221,68,61 des=199,221,60,54 app=185,206,56,50 abs=nil,nil,nil,nil ebrake=1.00 ibrake=1.00 hasABS=0 sy=0.00 split=1.000,0.875 ===
278.42643|I|libbeamng.print:18052| === LSTM_OBS t=2150 6.11748,6.14673,6.06625,6.16907,0.00000,0.00000,0.00000,-0.00000,0.00000,0.00000,0.00049,1.00000,0.00000,0.00000,0.00000,2607.42833,0.00000 ===
278.47612|I|libbeamng.print:18052| === LSTM_TRACE t=2160 v=6.01 ws=6.05,6.05,5.94,6.02 cmd=0.055,0.069,0.050,0.038 cap=171,211,95,73 des=171,211,83,64 app=159,197,77,59 abs=nil,nil,nil,nil ebrake=1.00 ibrake=1.00 hasABS=0 sy=0.00 split=1.000,0.875 ===
278.47617|I|libbeamng.print:18052| === LSTM_OBS t=2160 6.05086,6.05175,5.93789,6.01900,0.00000,0.00000,0.00000,0.00362,0.00000,0.00000,0.00000,1.00000,0.00000,0.00000,0.00000,2558.44817,0.00000 ===
278.52641|I|libbeamng.print:18052| === LSTM_TRACE t=2170 v=5.90 ws=5.89,5.90,5.98,5.80 cmd=0.054,0.069,0.051,0.040 cap=172,217,100,77 des=172,217,87,68 app=159,203,81,63 abs=nil,nil,nil,nil ebrake=1.00 ibrake=1.00 hasABS=0 sy=0.00 split=1.000,0.875 ===
278.52645|I|libbeamng.print:18052| === LSTM_OBS t=2170 5.88522,5.89522,5.97999,5.80182,0.00000,0.00000,0.00000,-0.00407,0.00000,0.00000,0.00000,1.00000,0.00000,0.00000,0.00000,2510.89064,0.00000 ===
278.57601|I|libbeamng.print:18052| === LSTM_TRACE t=2180 v=5.78 ws=5.79,5.81,5.77,5.76 cmd=0.068,0.076,0.042,0.038 cap=198,228,84,75 des=198,228,74,65 app=184,214,68,61 abs=nil,nil,nil,nil ebrake=1.00 ibrake=1.00 hasABS=0 sy=0.00 split=1.000,0.875 ===
278.57605|I|libbeamng.print:18052| === LSTM_OBS t=2180 5.78732,5.80551,5.76568,5.75540,0.00000,0.00000,0.00000,0.00199,0.00000,0.00000,0.00069,1.00000,0.00000,0.00000,0.00000,2464.57970,0.00000 ===
278.62634|I|libbeamng.print:18052| === LSTM_TRACE t=2190 v=5.67 ws=5.73,5.74,5.57,5.76 cmd=0.090,0.085,0.031,0.032 cap=260,254,63,64 des=260,254,55,56 app=241,237,51,52 abs=nil,nil,nil,nil ebrake=1.00 ibrake=1.00 hasABS=0 sy=0.00 split=1.000,0.875 ===
278.62638|I|libbeamng.print:18052| === LSTM_OBS t=2190 5.72622,5.73775,5.56854,5.75875,0.00000,0.00000,0.00000,-0.00201,0.00000,0.00000,0.00049,1.00000,0.00000,0.00000,0.00000,2417.79610,0.00000 ===
278.67603|I|libbeamng.print:18052| === LSTM_TRACE t=2200 v=5.56 ws=5.56,5.58,5.49,5.57 cmd=0.083,0.080,0.031,0.028 cap=272,254,58,54 des=272,254,51,48 app=252,238,47,44 abs=nil,nil,nil,nil ebrake=1.00 ibrake=1.00 hasABS=0 sy=0.00 split=1.000,0.875 ===
278.67610|I|libbeamng.print:18052| === LSTM_OBS t=2200 5.55950,5.58096,5.48926,5.56519,0.00000,0.00000,0.00000,0.00052,0.00000,0.00000,0.00000,1.00000,0.00000,0.00000,0.00000,2369.25560,0.00000 ===
278.72649|I|libbeamng.print:18052| === LSTM_TRACE t=2210 v=5.45 ws=5.43,5.45,5.45,5.42 cmd=0.067,0.072,0.041,0.031 cap=223,231,76,59 des=223,231,67,52 app=207,216,62,48 abs=nil,nil,nil,nil ebrake=1.00 ibrake=1.00 hasABS=0 sy=0.00 split=1.000,0.875 ===
278.72653|I|libbeamng.print:18052| === LSTM_OBS t=2210 5.43253,5.45129,5.45037,5.41956,0.00000,0.00000,0.00000,-0.00132,0.00000,0.00000,0.00049,1.00000,0.00000,0.00000,0.00000,2319.41800,0.00000 ===
278.77605|I|libbeamng.print:18052| === LSTM_TRACE t=2220 v=5.35 ws=5.32,5.33,5.37,5.30 cmd=0.061,0.072,0.050,0.036 cap=202,230,96,69 des=202,230,84,60 app=187,215,78,56 abs=nil,nil,nil,nil ebrake=1.00 ibrake=1.00 hasABS=0 sy=0.00 split=1.000,0.875 ===
278.77609|I|libbeamng.print:18052| === LSTM_OBS t=2220 5.32313,5.33153,5.36546,5.29684,0.00000,0.00000,0.00000,-0.00186,0.00000,0.00000,0.00000,1.00000,0.00000,0.00000,0.00000,2270.24462,0.00000 ===
278.82659|I|libbeamng.print:18052| === LSTM_TRACE t=2230 v=5.24 ws=5.20,5.21,5.27,5.18 cmd=0.070,0.077,0.047,0.038 cap=223,244,93,74 des=223,244,81,64 app=207,228,75,60 abs=nil,nil,nil,nil ebrake=1.00 ibrake=1.00 hasABS=0 sy=0.00 split=1.000,0.875 ===
278.82662|I|libbeamng.print:18052| === LSTM_OBS t=2230 5.19819,5.21076,5.26635,5.18165,0.00000,0.00000,0.00000,-0.00469,0.00000,0.00000,0.00049,1.00000,0.00000,0.00000,0.00000,2222.32522,0.00000 ===
278.87622|I|libbeamng.print:18052| === LSTM_TRACE t=2240 v=5.12 ws=5.06,5.09,5.19,5.06 cmd=0.093,0.087,0.033,0.034 cap=295,274,67,67 des=295,274,58,58 app=274,256,54,54 abs=nil,nil,nil,nil ebrake=1.00 ibrake=1.00 hasABS=0 sy=0.00 split=1.000,0.875 ===
278.87626|I|libbeamng.print:18052| === LSTM_OBS t=2240 5.05815,5.08944,5.18586,5.05913,0.00000,0.00000,0.00000,-0.00091,0.00000,0.00000,0.00000,1.00000,0.00000,0.00000,0.00000,2174.41696,0.00000 ===
278.92648|I|libbeamng.print:18052| === LSTM_TRACE t=2250 v=5.00 ws=4.94,4.97,5.07,4.90 cmd=0.095,0.086,0.027,0.027 cap=308,274,53,53 des=308,274,46,47 app=286,257,43,43 abs=nil,nil,nil,nil ebrake=1.00 ibrake=1.00 hasABS=0 sy=0.00 split=1.000,0.875 ===
278.92652|I|libbeamng.print:18052| === LSTM_OBS t=2250 4.94267,4.97205,5.07400,4.90365,0.00000,0.00000,0.00000,-0.00051,0.00000,0.00000,0.00000,1.00000,0.00000,0.00000,0.00000,2124.03123,0.00000 ===
278.97604|I|libbeamng.print:18052| === LSTM_TRACE t=2260 v=4.89 ws=4.80,4.83,4.91,4.82 cmd=0.079,0.077,0.033,0.027 cap=270,253,61,51 des=270,253,53,45 app=251,237,49,42 abs=nil,nil,nil,nil ebrake=1.00 ibrake=1.00 hasABS=0 sy=0.00 split=1.000,0.875 ===
278.97608|I|libbeamng.print:18052| === LSTM_OBS t=2260 4.80404,4.82856,4.90633,4.81542,0.00000,0.00000,0.00000,-0.00208,0.00000,0.00000,0.00049,1.00000,0.00000,0.00000,0.00000,2071.67361,0.00000 ===
279.02772|I|libbeamng.print:18052| === LSTM_TRACE t=2270 v=4.79 ws=4.77,4.76,4.68,4.77 cmd=0.073,0.078,0.043,0.031 cap=240,246,81,58 des=240,246,71,51 app=223,230,66,47 abs=nil,nil,nil,nil ebrake=1.00 ibrake=1.00 hasABS=0 sy=0.00 split=1.000,0.875 ===
279.02780|I|libbeamng.print:18052| === LSTM_OBS t=2270 4.77221,4.76112,4.68102,4.76577,0.00000,0.00000,0.00000,0.00208,0.00000,0.00000,0.00000,1.00000,0.00000,0.00000,0.00000,2019.66960,0.00000 ===
279.07620|I|libbeamng.print:18052| === LSTM_TRACE t=2280 v=4.67 ws=4.68,4.68,4.47,4.74 cmd=0.079,0.083,0.047,0.034 cap=247,258,91,65 des=247,258,80,57 app=230,242,74,53 abs=nil,nil,nil,nil ebrake=1.00 ibrake=1.00 hasABS=0 sy=0.00 split=1.000,0.875 ===
279.07623|I|libbeamng.print:18052| === LSTM_OBS t=2280 4.67633,4.67994,4.47380,4.73662,0.00000,0.00000,0.00000,0.00531,0.00000,0.00000,0.00049,1.00000,0.00000,0.00000,0.00000,1969.34965,0.00000 ===
279.12648|I|libbeamng.print:18052| === LSTM_TRACE t=2290 v=4.56 ws=4.56,4.60,4.43,4.57 cmd=0.101,0.094,0.039,0.035 cap=296,280,79,68 des=296,280,69,60 app=275,262,64,55 abs=nil,nil,nil,nil ebrake=1.00 ibrake=1.00 hasABS=0 sy=0.00 split=1.000,0.875 ===
279.12656|I|libbeamng.print:18052| === LSTM_OBS t=2290 4.56306,4.59985,4.43013,4.56715,0.00000,0.00000,0.00000,0.00603,0.00000,0.00000,0.00069,1.00000,0.00000,0.00000,0.00000,1919.60228,0.00000 ===
279.17609|I|libbeamng.print:18052| === LSTM_TRACE t=2300 v=4.45 ws=4.42,4.46,4.55,4.35 cmd=0.117,0.098,0.028,0.030 cap=340,292,57,59 des=340,292,50,52 app=316,273,46,48 abs=nil,nil,nil,nil ebrake=1.00 ibrake=1.00 hasABS=0 sy=0.00 split=1.000,0.875 ===
279.17613|I|libbeamng.print:18052| === LSTM_OBS t=2300 4.41970,4.45536,4.54976,4.34890,0.00000,0.00000,0.00000,-0.00333,0.00000,0.00000,0.00069,1.00000,0.00000,0.00000,0.00000,1869.45132,0.00000 ===
279.22645|I|libbeamng.print:18052| === LSTM_TRACE t=2310 v=4.32 ws=4.25,4.26,4.22,4.27 cmd=0.100,0.089,0.028,0.027 cap=325,283,53,52 des=325,283,46,45 app=302,265,43,42 abs=nil,nil,nil,nil ebrake=1.00 ibrake=1.00 hasABS=0 sy=0.00 split=1.000,0.875 ===
279.22650|I|libbeamng.print:18052| === LSTM_OBS t=2310 4.24645,4.26047,4.21831,4.26524,0.00000,0.00000,0.00000,0.00256,0.00000,0.00000,0.00049,1.00000,0.00000,0.00000,0.00000,1817.68978,0.00000 ===
279.27607|I|libbeamng.print:18052| === LSTM_TRACE t=2320 v=4.21 ws=4.21,4.18,4.04,4.25 cmd=0.098,0.089,0.032,0.027 cap=321,282,60,52 des=321,282,52,45 app=298,264,49,42 abs=nil,nil,nil,nil ebrake=1.00 ibrake=1.00 hasABS=0 sy=0.00 split=1.000,0.875 ===
279.27611|I|libbeamng.print:18052| === LSTM_OBS t=2320 4.20669,4.18072,4.04485,4.24940,0.00000,0.00000,0.00000,0.00870,0.00000,0.00000,0.00000,1.00000,0.00000,0.00000,0.00000,1764.66084,0.00000 ===
279.32646|I|libbeamng.print:18052| === LSTM_TRACE t=2330 v=4.10 ws=4.05,4.09,4.20,3.99 cmd=0.095,0.088,0.036,0.029 cap=285,267,70,56 des=285,267,61,49 app=265,250,57,45 abs=nil,nil,nil,nil ebrake=1.00 ibrake=1.00 hasABS=0 sy=0.00 split=1.000,0.875 ===
279.32650|I|libbeamng.print:18052| === LSTM_OBS t=2330 4.04764,4.09142,4.20310,3.98784,0.00000,0.00000,0.00000,-0.00659,0.00000,0.00000,0.00000,1.00000,0.00000,0.00000,0.00000,1712.90306,0.00000 ===
279.37621|I|libbeamng.print:18052| === LSTM_TRACE t=2340 v=3.99 ws=3.93,3.93,3.83,4.09 cmd=0.095,0.090,0.037,0.031 cap=305,286,72,59 des=305,286,63,52 app=284,267,59,48 abs=nil,nil,nil,nil ebrake=1.00 ibrake=1.00 hasABS=0 sy=0.00 split=1.000,0.875 ===
279.37626|I|libbeamng.print:18052| === LSTM_OBS t=2340 3.93290,3.93237,3.82992,4.08648,0.00000,0.00000,0.00000,0.00006,0.00000,0.00000,0.00000,1.00000,0.00000,0.00000,0.00000,1662.38492,0.00000 ===
279.42651|I|libbeamng.print:18052| === LSTM_TRACE t=2350 v=3.87 ws=3.84,3.90,3.98,3.70 cmd=0.118,0.101,0.034,0.031 cap=349,302,67,61 des=349,302,59,53 app=324,283,54,49 abs=nil,nil,nil,nil ebrake=1.00 ibrake=1.00 hasABS=0 sy=0.00 split=1.000,0.875 ===
279.42656|I|libbeamng.print:18052| === LSTM_OBS t=2350 3.84390,3.89789,3.98062,3.69531,0.00000,0.00000,0.00000,0.00071,0.00000,0.00000,0.00104,1.00000,0.00000,0.00000,0.00000,1612.02016,0.00000 ===
279.47350|I|libbeamng.print:18052| === LSTM_TRACE t=2360 v=3.75 ws=3.66,3.65,3.57,3.84 cmd=0.109,0.095,0.030,0.030 cap=365,311,59,59 des=365,311,51,51 app=340,291,48,48 abs=nil,nil,nil,nil ebrake=1.00 ibrake=1.00 hasABS=0 sy=0.00 split=1.000,0.875 ===
279.47356|I|libbeamng.print:18052| === LSTM_OBS t=2360 3.65678,3.64901,3.57247,3.84201,0.00000,0.00000,0.00000,0.00081,0.00000,0.00000,0.00000,1.00000,0.00000,0.00000,0.00000,1565.34588,0.00000 ===
279.52489|I|libbeamng.print:18052| === LSTM_TRACE t=2370 v=3.63 ws=3.55,3.61,3.62,3.49 cmd=0.119,0.099,0.029,0.030 cap=376,309,57,57 des=376,309,50,50 app=350,290,46,47 abs=nil,nil,nil,nil ebrake=1.00 ibrake=1.00 hasABS=0 sy=0.00 split=1.000,0.875 ===
279.52494|I|libbeamng.print:18052| === LSTM_OBS t=2370 3.54710,3.60658,3.61582,3.48909,0.00000,0.00000,0.00000,0.00020,0.00000,0.00000,0.00000,1.00000,0.00000,0.00000,0.00000,1513.18272,0.00000 ===
279.57608|I|libbeamng.print:18052| === LSTM_TRACE t=2380 v=3.51 ws=3.48,3.43,3.54,3.40 cmd=0.121,0.102,0.030,0.030 cap=407,329,57,57 des=407,329,49,50 app=378,308,46,46 abs=nil,nil,nil,nil ebrake=1.00 ibrake=1.00 hasABS=0 sy=0.00 split=1.000,0.875 ===
279.57616|I|libbeamng.print:18052| === LSTM_OBS t=2380 3.48153,3.42753,3.54062,3.40306,0.00000,0.00000,0.00000,0.00487,0.00000,0.00000,0.00000,1.00000,0.00000,0.00000,0.00000,1455.57623,0.00000 ===
279.62654|I|libbeamng.print:18052| === LSTM_TRACE t=2390 v=3.39 ws=3.36,3.44,3.23,3.50 cmd=0.121,0.100,0.030,0.031 cap=340,298,60,60 des=340,298,52,53 app=317,278,48,49 abs=nil,nil,nil,nil ebrake=1.00 ibrake=1.00 hasABS=0 sy=0.00 split=1.000,0.875 ===
279.62658|I|libbeamng.print:18052| === LSTM_OBS t=2390 3.36396,3.43537,3.23377,3.49577,0.00000,0.00000,0.00000,0.00514,0.00000,0.00000,0.00000,1.00000,0.00000,0.00000,0.00000,1403.86728,0.00000 ===
279.67610|I|libbeamng.print:18052| === LSTM_TRACE t=2400 v=3.27 ws=3.17,3.22,3.19,3.15 cmd=0.125,0.103,0.031,0.032 cap=399,325,59,62 des=399,325,52,54 app=371,304,48,50 abs=nil,nil,nil,nil ebrake=1.00 ibrake=1.00 hasABS=0 sy=0.00 split=1.000,0.875 ===
279.67614|I|libbeamng.print:18052| === LSTM_OBS t=2400 3.17495,3.22214,3.19053,3.14834,0.00000,0.00000,0.00000,-0.00002,0.00000,0.00000,0.00000,1.00000,0.00000,0.00000,0.00000,1351.57125,0.00000 ===
279.72636|I|libbeamng.print:18052| === LSTM_TRACE t=2410 v=3.14 ws=3.24,3.21,3.28,2.99 cmd=0.144,0.113,0.030,0.032 cap=402,329,59,64 des=402,329,52,56 app=374,308,48,52 abs=nil,nil,nil,nil ebrake=1.00 ibrake=1.00 hasABS=0 sy=0.00 split=1.000,0.875 ===
279.72641|I|libbeamng.print:18052| === LSTM_OBS t=2410 3.23886,3.20818,3.28284,2.98710,0.00000,0.00000,0.00000,-0.00090,0.00000,0.00000,0.00134,1.00000,0.00000,0.00000,0.00000,1297.61926,0.00000 ===
279.77618|I|libbeamng.print:18052| === LSTM_TRACE t=2420 v=3.02 ws=2.93,2.87,3.10,2.90 cmd=0.132,0.109,0.030,0.034 cap=472,366,57,64 des=472,366,49,56 app=439,342,46,52 abs=nil,nil,nil,nil ebrake=1.00 ibrake=1.00 hasABS=0 sy=0.00 split=1.000,0.875 ===
279.77622|I|libbeamng.print:18052| === LSTM_OBS t=2420 2.93248,2.87263,3.10192,2.89502,0.00000,0.00000,0.00000,0.00153,0.00000,0.00000,0.00049,1.00000,0.00000,0.00000,0.00000,1242.70271,0.00000 ===
279.82633|I|libbeamng.print:18052| === LSTM_TRACE t=2430 v=2.90 ws=2.72,2.78,2.72,2.97 cmd=0.121,0.103,0.031,0.036 cap=395,333,59,69 des=395,333,51,60 app=368,311,48,56 abs=nil,nil,nil,nil ebrake=1.00 ibrake=1.00 hasABS=0 sy=0.00 split=1.000,0.875 ===
279.82637|I|libbeamng.print:18052| === LSTM_OBS t=2430 2.72266,2.77531,2.72002,2.97102,0.00000,0.00000,0.00000,0.00672,0.00000,0.00000,0.00049,1.00000,0.00000,0.00000,0.00000,1187.01243,0.00000 ===
279.87615|I|libbeamng.print:18052| === LSTM_TRACE t=2440 v=2.78 ws=2.69,2.77,2.52,2.90 cmd=0.134,0.109,0.031,0.037 cap=382,325,60,72 des=382,325,53,63 app=355,305,49,58 abs=nil,nil,nil,nil ebrake=1.00 ibrake=1.00 hasABS=0 sy=0.00 split=1.000,0.875 ===
279.87619|I|libbeamng.print:18052| === LSTM_OBS t=2440 2.68802,2.77079,2.52066,2.90030,0.00000,0.00000,0.00000,0.00232,0.00000,0.00000,0.00000,1.00000,0.00000,0.00000,0.00000,1130.41623,0.00000 ===
279.92632|I|libbeamng.print:18052| === LSTM_TRACE t=2450 v=2.65 ws=2.67,2.80,2.39,2.80 cmd=0.155,0.119,0.031,0.038 cap=405,337,61,74 des=405,337,54,65 app=377,316,50,60 abs=nil,nil,nil,nil ebrake=1.00 ibrake=1.00 hasABS=0 sy=0.00 split=1.000,0.875 ===
279.92636|I|libbeamng.print:18052| === LSTM_OBS t=2450 2.67016,2.80236,2.38702,2.80108,0.00000,0.00000,0.00000,0.00252,0.00000,0.00000,0.00049,1.00000,0.00000,0.00000,0.00000,1072.52761,0.00000 ===
279.97656|I|libbeamng.print:18052| === LSTM_TRACE t=2460 v=2.53 ws=2.53,2.69,2.25,2.68 cmd=0.162,0.124,0.032,0.039 cap=433,354,63,77 des=433,354,55,68 app=403,331,51,63 abs=nil,nil,nil,nil ebrake=1.00 ibrake=1.00 hasABS=0 sy=0.00 split=1.000,0.875 ===
279.97659|I|libbeamng.print:18052| === LSTM_OBS t=2460 2.53483,2.69233,2.24710,2.68471,0.00000,0.00000,0.00000,0.00095,0.00000,0.00000,0.00091,1.00000,0.00000,0.00000,0.00000,1013.23656,0.00000 ===
280.02695|I|libbeamng.print:18052| === LSTM_TRACE t=2470 v=2.40 ws=2.36,2.47,2.12,2.54 cmd=0.158,0.125,0.033,0.042 cap=454,372,64,81 des=454,372,56,71 app=423,348,52,66 abs=nil,nil,nil,nil ebrake=1.00 ibrake=1.00 hasABS=0 sy=0.00 split=1.000,0.875 ===
280.02699|I|libbeamng.print:18052| === LSTM_OBS t=2470 2.36250,2.46529,2.11549,2.53836,0.00000,0.00000,0.00000,-0.00017,0.00000,0.00000,0.00049,1.00000,0.00000,0.00000,0.00000,952.62733,0.00000 ===
280.07289|I|libbeamng.print:18052| === LSTM_TRACE t=2480 v=2.27 ws=2.14,2.25,2.09,2.34 cmd=0.153,0.126,0.035,0.045 cap=478,391,67,86 des=478,391,59,75 app=445,365,55,69 abs=nil,nil,nil,nil ebrake=1.00 ibrake=1.00 hasABS=0 sy=0.00 split=1.000,0.875 ===
280.07294|I|libbeamng.print:18052| === LSTM_OBS t=2480 2.13893,2.24883,2.09374,2.33624,0.00000,0.00000,0.00000,0.00019,0.00000,0.00000,0.00000,1.00000,0.00000,0.00000,0.00000,896.23364,0.00000 ===
280.12340|I|libbeamng.print:18052| === LSTM_TRACE t=2490 v=2.14 ws=2.12,2.09,2.08,2.21 cmd=0.168,0.136,0.037,0.048 cap=531,427,71,92 des=531,427,62,80 app=495,400,58,74 abs=nil,nil,nil,nil ebrake=1.00 ibrake=1.00 hasABS=0 sy=0.00 split=1.000,0.875 ===
280.12343|I|libbeamng.print:18052| === LSTM_OBS t=2490 2.12326,2.09412,2.07885,2.21341,0.00000,0.00000,0.00000,-0.00871,0.00000,0.00000,0.00049,1.00000,0.00000,0.00000,0.00000,831.16772,0.00000 ===
280.17290|I|libbeamng.print:18052| === LSTM_TRACE t=2500 v=2.00 ws=2.03,2.05,2.07,1.93 cmd=0.183,0.146,0.040,0.052 cap=528,434,78,101 des=528,434,68,88 app=491,406,63,82 abs=nil,nil,nil,nil ebrake=1.00 ibrake=1.00 hasABS=0 sy=0.00 split=1.000,0.875 ===
280.17294|I|libbeamng.print:18052| === LSTM_OBS t=2500 2.02736,2.04982,2.07146,1.92563,0.00000,0.00000,0.00000,-0.00611,0.00000,0.00000,0.00049,1.00000,0.00000,0.00000,0.00000,764.35925,0.00000 ===
280.22581|I|libbeamng.print:18052| === LSTM_TRACE t=2510 v=1.87 ws=1.82,1.74,1.96,1.84 cmd=0.176,0.150,0.045,0.059 cap=591,485,85,112 des=591,485,74,98 app=550,454,69,91 abs=nil,nil,nil,nil ebrake=1.00 ibrake=1.00 hasABS=0 sy=0.00 split=1.000,0.875 ===
280.22586|I|libbeamng.print:18052| === LSTM_OBS t=2510 1.82394,1.74476,1.96251,1.83592,0.00000,0.00000,0.00000,0.00675,0.00000,0.00000,0.00091,1.00000,0.00000,0.00000,0.00000,742.63428,0.00000 ===
280.27288|I|libbeamng.print:18052| === LSTM_TRACE t=2520 v=1.75 ws=1.62,1.73,1.65,1.79 cmd=0.183,0.158,0.057,0.074 cap=553,482,108,140 des=553,482,94,123 app=515,451,88,114 abs=nil,nil,nil,nil ebrake=1.00 ibrake=1.00 hasABS=0 sy=0.00 split=1.000,0.875 ===
280.27294|I|libbeamng.print:18052| === LSTM_OBS t=2520 1.62283,1.72610,1.65057,1.78784,0.00000,0.00000,0.00000,0.00118,0.00000,0.00000,0.00069,1.00000,0.00000,0.00000,0.00000,737.46623,0.00000 ===
280.32370|I|libbeamng.print:18052| === LSTM_TRACE t=2530 v=1.62 ws=1.65,1.62,1.60,1.69 cmd=0.220,0.188,0.071,0.091 cap=681,575,135,174 des=681,575,118,152 app=634,538,110,141 abs=nil,nil,nil,nil ebrake=1.00 ibrake=1.00 hasABS=0 sy=0.00 split=1.000,0.875 ===
280.32373|I|libbeamng.print:18052| === LSTM_OBS t=2530 1.65399,1.62240,1.59538,1.69119,0.00000,0.00000,0.00000,-0.00686,0.00000,0.00000,0.00000,1.00000,0.00000,0.00000,0.00000,736.31658,0.00000 ===
280.37352|I|libbeamng.print:18052| === LSTM_TRACE t=2540 v=1.51 ws=1.51,1.45,1.56,1.53 cmd=0.233,0.212,0.088,0.114 cap=751,670,168,217 des=751,670,147,189 app=699,627,136,176 abs=nil,nil,nil,nil ebrake=1.00 ibrake=1.00 hasABS=0 sy=0.00 split=1.000,0.875 ===
280.37356|I|libbeamng.print:18052| === LSTM_OBS t=2540 1.50655,1.45192,1.55816,1.52916,0.00000,0.00000,0.00000,0.00379,0.00000,0.00000,0.00124,1.00000,0.00000,0.00000,0.00000,731.60466,0.00000 ===
280.42320|I|libbeamng.print:18052| === LSTM_TRACE t=2550 v=1.39 ws=1.44,1.24,1.41,1.41 cmd=0.259,0.240,0.111,0.143 cap=802,740,211,271 des=802,740,185,237 app=747,692,172,220 abs=nil,nil,nil,nil ebrake=1.00 ibrake=1.00 hasABS=0 sy=0.00 split=1.000,0.875 ===
280.42324|I|libbeamng.print:18052| === LSTM_OBS t=2550 1.43685,1.23813,1.40811,1.40839,0.00000,0.00000,0.00000,-0.00303,0.00000,0.00000,0.00069,1.00000,0.00000,0.00000,0.00000,733.14325,0.00000 ===
280.47356|I|libbeamng.print:18052| === LSTM_TRACE t=2560 v=1.25 ws=1.29,0.95,1.29,1.21 cmd=0.273,0.262,0.136,0.175 cap=871,827,257,332 des=871,827,224,290 app=811,774,208,269 abs=nil,nil,nil,nil ebrake=1.00 ibrake=1.00 hasABS=0 sy=0.00 split=1.000,0.875 ===
280.47360|I|libbeamng.print:18052| === LSTM_OBS t=2560 1.28707,0.95381,1.29181,1.21477,0.00000,0.00000,0.00000,0.00090,0.00000,0.00000,0.00142,1.00000,0.00000,0.00000,0.00000,731.04985,0.00000 ===
280.52310|I|libbeamng.print:18052| === LSTM_TRACE t=2570 v=1.09 ws=1.13,1.05,1.09,1.11 cmd=0.326,0.323,0.177,0.229 cap=1011,991,336,434 des=1011,991,294,380 app=941,927,273,352 abs=nil,nil,nil,nil ebrake=1.00 ibrake=1.00 hasABS=0 sy=0.00 split=1.000,0.875 ===
280.52314|I|libbeamng.print:18052| === LSTM_OBS t=2570 1.12635,1.05254,1.09487,1.10774,0.00000,0.00000,0.00000,-0.00373,0.00000,0.00000,0.00124,1.00000,0.00000,0.00000,0.00000,730.91023,0.00000 ===
280.57910|I|libbeamng.print:18052| === LSTM_TRACE t=2580 v=0.90 ws=0.91,0.90,0.93,0.91 cmd=0.354,0.363,0.227,0.290 cap=1106,1126,436,557 des=1106,1126,381,487 app=1030,1054,354,452 abs=nil,nil,nil,nil ebrake=1.00 ibrake=1.00 hasABS=0 sy=0.00 split=1.000,0.875 ===
280.57914|I|libbeamng.print:18052| === LSTM_OBS t=2580 0.91454,0.90261,0.93077,0.91364,0.00000,0.00000,0.00000,0.00739,0.00000,0.00000,0.00216,1.00000,0.00000,0.00000,0.00000,728.34204,0.00000 ===
280.62404|I|libbeamng.print:18052| === LSTM_TRACE t=2590 v=0.71 ws=0.53,0.68,0.70,0.66 cmd=0.410,0.435,0.291,0.367 cap=1238,1307,548,692 des=1238,1307,480,605 app=1152,1223,445,561 abs=nil,nil,nil,nil ebrake=1.00 ibrake=1.00 hasABS=0 sy=0.00 split=1.000,0.875 ===
280.62411|I|libbeamng.print:18052| === LSTM_OBS t=2590 0.53465,0.67553,0.70483,0.65886,0.00000,0.00000,0.00000,-0.01589,0.00000,0.00000,0.00104,1.00000,0.00000,0.00000,0.00000,729.29528,0.00000 ===
309.67497|I|libbeamng.print:18052| === LSTM_TRACE t=0 v=27.71 ws=27.70,27.81,27.33,27.48 cmd=0.710,0.649,0.338,0.342 cap=155,155,97,97 des=155,155,85,85 app=144,144,79,79 abs=nil,nil,nil,nil ebrake=1.00 ibrake=1.00 hasABS=0 sy=0.00 split=1.000,0.875 ===
309.67501|I|libbeamng.print:18052| === LSTM_OBS t=0 27.70014,27.80726,27.32564,27.48054,0.00000,0.00000,0.00000,0.01011,0.00000,0.00000,0.00000,1.00000,0.00000,0.00000,0.00000,7857.62586,0.00000 ===
309.72418|I|libbeamng.print:18052| === LSTM_TRACE t=10 v=27.59 ws=27.58,27.71,27.27,27.30 cmd=0.016,0.021,0.011,0.009 cap=55,72,21,19 des=55,72,19,17 app=51,67,17,16 abs=nil,nil,nil,nil ebrake=1.00 ibrake=1.00 hasABS=0 sy=0.00 split=1.000,0.875 ===
309.72430|I|libbeamng.print:18052| === LSTM_OBS t=10 27.58484,27.71421,27.26914,27.30486,0.00000,0.00000,0.00000,0.00421,0.00000,0.00000,0.00000,1.00000,0.00000,0.00000,0.00000,7824.79063,0.00000 ===
309.74445|I|libbeamng.print:18052| === LSTM_ABS DBG raw=27.6512,27.7210,27.2583,27.3178,0.0000,0.0000,0.0000,0.0091,0.0000,0.0000,0.0005,1.0000,0.0000,0.0000,0.0000,7811.7392,0.0000 ===
309.74449|I|libbeamng.print:18052| === LSTM_ABS DBG norm=1.04,1.02,0.94,0.88,-0.08,-2.50,0.00,0.05,0.02,-0.02,-0.04,0.41,-0.04,0.00,0.00,2.65,0.00 ===
309.74449|I|libbeamng.print:18052| === LSTM_ABS DBG cmd=0.0145,0.0192,0.0114,0.0099 ===
309.77651|I|libbeamng.print:18052| === LSTM_TRACE t=20 v=27.50 ws=27.52,27.61,27.10,27.25 cmd=0.016,0.023,0.013,0.013 cap=48,68,25,24 des=48,68,22,21 app=45,64,20,19 abs=nil,nil,nil,nil ebrake=1.00 ibrake=1.00 hasABS=0 sy=0.00 split=1.000,0.875 ===
309.77656|I|libbeamng.print:18052| === LSTM_OBS t=20 27.51999,27.60713,27.09863,27.24743,0.00000,0.00000,0.00000,-0.01417,0.00000,0.00000,0.00000,1.00000,0.00000,0.00000,0.00000,7795.60297,0.00000 ===
309.82421|I|libbeamng.print:18052| === LSTM_TRACE t=30 v=27.41 ws=27.45,27.52,27.14,27.15 cmd=0.017,0.027,0.015,0.015 cap=54,84,29,30 des=54,84,25,26 app=50,78,23,24 abs=nil,nil,nil,nil ebrake=1.00 ibrake=1.00 hasABS=0 sy=0.00 split=1.000,0.875 ===
309.82425|I|libbeamng.print:18052| === LSTM_OBS t=30 27.45009,27.52376,27.14032,27.14554,0.00000,0.00000,0.00000,0.00245,0.00000,0.00000,0.00049,1.00000,0.00000,0.00000,0.00000,7767.21180,0.00000 ===
309.87509|I|libbeamng.print:18052| === LSTM_TRACE t=40 v=27.31 ws=27.32,27.39,26.94,27.07 cmd=0.017,0.027,0.014,0.015 cap=54,85,28,29 des=54,85,25,25 app=50,79,23,23 abs=nil,nil,nil,nil ebrake=1.00 ibrake=1.00 hasABS=0 sy=0.00 split=1.000,0.875 ===
309.87513|I|libbeamng.print:18052| === LSTM_OBS t=40 27.32387,27.39208,26.93735,27.07022,0.00000,0.00000,0.00000,0.00609,0.00000,0.00000,0.00000,1.00000,0.00000,0.00000,0.00000,7740.17422,0.00000 ===
309.92448|I|libbeamng.print:18052| === LSTM_TRACE t=50 v=27.23 ws=27.27,27.35,26.87,26.88 cmd=0.018,0.027,0.014,0.014 cap=54,85,27,28 des=54,85,24,24 app=51,80,22,23 abs=nil,nil,nil,nil ebrake=1.00 ibrake=1.00 hasABS=0 sy=0.00 split=1.000,0.875 ===
309.92457|I|libbeamng.print:18052| === LSTM_OBS t=50 27.26884,27.35215,26.86819,26.87847,0.00000,0.00000,0.00000,-0.00321,0.00000,0.00000,0.00000,1.00000,0.00000,0.00000,0.00000,7712.61229,0.00000 ===
309.97498|I|libbeamng.print:18052| === LSTM_TRACE t=60 v=27.12 ws=27.11,27.17,26.85,26.90 cmd=0.017,0.027,0.014,0.014 cap=53,83,27,28 des=53,83,24,24 app=49,78,22,22 abs=nil,nil,nil,nil ebrake=1.00 ibrake=1.00 hasABS=0 sy=0.00 split=1.000,0.875 ===
309.97502|I|libbeamng.print:18052| === LSTM_OBS t=60 27.11455,27.17435,26.85347,26.90110,0.00000,0.00000,0.00000,0.01082,0.00000,0.00000,0.00000,1.00000,0.00000,0.00000,0.00000,7685.11214,0.00000 ===
310.02456|I|libbeamng.print:18052| === LSTM_TRACE t=70 v=27.04 ws=27.05,27.13,26.65,26.82 cmd=0.017,0.027,0.014,0.014 cap=53,83,27,27 des=53,83,24,24 app=50,78,22,22 abs=nil,nil,nil,nil ebrake=1.00 ibrake=1.00 hasABS=0 sy=0.00 split=1.000,0.875 ===
310.02460|I|libbeamng.print:18052| === LSTM_OBS t=70 27.05016,27.13201,26.65294,26.81913,0.00000,0.00000,0.00000,-0.01014,0.00000,0.00000,0.00000,1.00000,0.00000,0.00000,0.00000,7658.44086,0.00000 ===
310.07476|I|libbeamng.print:18052| === LSTM_TRACE t=80 v=26.94 ws=26.97,27.06,26.59,26.64 cmd=0.017,0.026,0.014,0.014 cap=52,82,27,27 des=52,82,23,24 app=49,76,22,22 abs=nil,nil,nil,nil ebrake=1.00 ibrake=1.00 hasABS=0 sy=0.00 split=1.000,0.875 ===
310.07479|I|libbeamng.print:18052| === LSTM_OBS t=80 26.96989,27.05679,26.58501,26.63875,0.00000,0.00000,0.00000,-0.00895,0.00000,0.00000,0.00000,1.00000,0.00000,0.00000,0.00000,7631.35565,0.00000 ===
310.12454|I|libbeamng.print:18052| === LSTM_TRACE t=90 v=26.84 ws=26.87,26.97,26.55,26.61 cmd=0.016,0.026,0.014,0.014 cap=51,79,27,27 des=51,79,23,24 app=47,74,22,22 abs=nil,nil,nil,nil ebrake=1.00 ibrake=1.00 hasABS=0 sy=0.00 split=1.000,0.875 ===
310.12461|I|libbeamng.print:18052| === LSTM_OBS t=90 26.87475,26.97072,26.54832,26.61111,0.00000,0.00000,0.00000,-0.00187,0.00000,0.00000,0.00000,1.00000,0.00000,0.00000,0.00000,7603.77406,0.00000 ===
310.17572|I|libbeamng.print:18052| === LSTM_TRACE t=100 v=26.75 ws=26.77,26.86,26.43,26.56 cmd=0.016,0.026,0.014,0.014 cap=51,80,27,27 des=51,80,23,24 app=48,75,22,22 abs=nil,nil,nil,nil ebrake=1.00 ibrake=1.00 hasABS=0 sy=0.00 split=1.000,0.875 ===
310.17576|I|libbeamng.print:18052| === LSTM_OBS t=100 26.76507,26.86126,26.42761,26.55775,0.00000,0.00000,0.00000,0.00797,0.00000,0.00000,0.00000,1.00000,0.00000,0.00000,0.00000,7576.83420,0.00000 ===
310.22456|I|libbeamng.print:18052| === LSTM_TRACE t=110 v=26.65 ws=26.66,26.76,26.31,26.45 cmd=0.017,0.026,0.014,0.014 cap=51,80,26,27 des=51,80,23,23 app=48,75,21,22 abs=nil,nil,nil,nil ebrake=1.00 ibrake=1.00 hasABS=0 sy=0.00 split=1.000,0.875 ===
310.22460|I|libbeamng.print:18052| === LSTM_OBS t=110 26.65735,26.75534,26.31436,26.45362,0.00000,0.00000,0.00000,-0.01176,0.00000,0.00000,0.00049,1.00000,0.00000,0.00000,0.00000,7550.16724,0.00000 ===
310.27475|I|libbeamng.print:18052| === LSTM_TRACE t=120 v=26.56 ws=26.52,26.63,26.19,26.33 cmd=0.016,0.025,0.014,0.014 cap=50,78,26,27 des=50,78,23,23 app=47,73,22,22 abs=nil,nil,nil,nil ebrake=1.00 ibrake=1.00 hasABS=0 sy=0.00 split=1.000,0.875 ===
310.27479|I|libbeamng.print:18052| === LSTM_OBS t=120 26.51680,26.62736,26.19136,26.32713,0.00000,0.00000,0.00000,0.00602,0.00000,0.00000,0.00000,1.00000,0.00000,0.00000,0.00000,7524.16322,0.00000 ===
310.32440|I|libbeamng.print:18052| === LSTM_TRACE t=130 v=26.47 ws=26.48,26.58,26.12,26.21 cmd=0.016,0.025,0.013,0.014 cap=51,79,26,26 des=51,79,23,23 app=47,74,21,21 abs=nil,nil,nil,nil ebrake=1.00 ibrake=1.00 hasABS=0 sy=0.00 split=1.000,0.875 ===
310.32444|I|libbeamng.print:18052| === LSTM_OBS t=130 26.48029,26.57771,26.12244,26.20638,0.00000,0.00000,0.00000,-0.00474,0.00000,0.00000,0.00000,1.00000,0.00000,0.00000,0.00000,7497.64105,0.00000 ===
310.37476|I|libbeamng.print:18052| === LSTM_TRACE t=140 v=26.38 ws=26.36,26.48,26.07,26.11 cmd=0.016,0.025,0.013,0.013 cap=51,78,26,26 des=51,78,23,23 app=47,73,21,21 abs=nil,nil,nil,nil ebrake=1.00 ibrake=1.00 hasABS=0 sy=0.00 split=1.000,0.875 ===
310.37480|I|libbeamng.print:18052| === LSTM_OBS t=140 26.36058,26.47901,26.07191,26.11334,0.00000,0.00000,0.00000,-0.00265,0.00000,0.00000,0.00000,1.00000,0.00000,0.00000,0.00000,7471.87521,0.00000 ===
310.42432|I|libbeamng.print:18052| === LSTM_TRACE t=150 v=26.28 ws=26.22,26.35,25.95,26.00 cmd=0.016,0.025,0.013,0.013 cap=50,76,26,26 des=50,76,23,23 app=46,71,21,21 abs=nil,nil,nil,nil ebrake=1.00 ibrake=1.00 hasABS=0 sy=0.00 split=1.000,0.875 ===
310.42436|I|libbeamng.print:18052| === LSTM_OBS t=150 26.21953,26.34974,25.94565,26.00497,0.00000,0.00000,0.00000,0.00055,0.00000,0.00000,0.00000,1.00000,0.00000,0.00000,0.00000,7442.43583,0.00000 ===
310.47488|I|libbeamng.print:18052| === LSTM_TRACE t=160 v=26.19 ws=26.15,26.29,25.87,25.91 cmd=0.016,0.025,0.013,0.013 cap=50,76,26,26 des=50,76,22,23 app=46,72,21,21 abs=nil,nil,nil,nil ebrake=1.00 ibrake=1.00 hasABS=0 sy=0.00 split=1.000,0.875 ===
310.47492|I|libbeamng.print:18052| === LSTM_OBS t=160 26.15374,26.28641,25.86697,25.90975,0.00000,0.00000,0.00000,-0.00218,0.00000,0.00000,0.00000,1.00000,0.00000,0.00000,0.00000,7414.31092,0.00000 ===
310.52422|I|libbeamng.print:18052| === LSTM_TRACE t=170 v=26.09 ws=26.08,26.18,25.83,25.80 cmd=0.016,0.025,0.013,0.013 cap=50,77,26,26 des=50,77,22,23 app=47,72,21,21 abs=nil,nil,nil,nil ebrake=1.00 ibrake=1.00 hasABS=0 sy=0.00 split=1.000,0.875 ===
310.52433|I|libbeamng.print:18052| === LSTM_OBS t=170 26.07517,26.17849,25.82550,25.80097,0.00000,0.00000,0.00000,-0.00453,0.00000,0.00000,0.00000,1.00000,0.00000,0.00000,0.00000,7388.10506,0.00000 ===
310.57496|I|libbeamng.print:18052| === LSTM_TRACE t=180 v=25.99 ws=26.00,26.09,25.70,25.78 cmd=0.016,0.024,0.013,0.013 cap=49,75,26,26 des=49,75,22,23 app=46,71,21,21 abs=nil,nil,nil,nil ebrake=1.00 ibrake=1.00 hasABS=0 sy=0.00 split=1.000,0.875 ===
310.57505|I|libbeamng.print:18052| === LSTM_OBS t=180 25.99810,26.08823,25.70254,25.77783,0.00000,0.00000,0.00000,0.00385,0.00000,0.00000,0.00049,1.00000,0.00000,0.00000,0.00000,7372.43795,0.00000 ===
310.62431|I|libbeamng.print:18052| === LSTM_TRACE t=190 v=25.90 ws=25.89,25.99,25.57,25.73 cmd=0.016,0.024,0.013,0.013 cap=49,74,26,26 des=49,74,22,22 app=45,70,21,21 abs=nil,nil,nil,nil ebrake=1.00 ibrake=1.00 hasABS=0 sy=0.00 split=1.000,0.875 ===
310.62436|I|libbeamng.print:18052| === LSTM_OBS t=190 25.89194,25.98643,25.56844,25.72660,0.00000,0.00000,0.00000,0.00781,0.00000,0.00000,0.00000,1.00000,0.00000,0.00000,0.00000,7343.66915,0.00000 ===
310.67506|I|libbeamng.print:18052| === LSTM_TRACE t=200 v=25.81 ws=25.78,25.88,25.49,25.69 cmd=0.016,0.024,0.013,0.013 cap=48,73,25,26 des=48,73,22,22 app=45,69,21,21 abs=nil,nil,nil,nil ebrake=1.00 ibrake=1.00 hasABS=0 sy=0.00 split=1.000,0.875 ===
310.67511|I|libbeamng.print:18052| === LSTM_OBS t=200 25.77898,25.87728,25.49291,25.69243,0.00000,0.00000,0.00000,-0.00490,0.00000,0.00000,0.00000,1.00000,0.00000,0.00000,0.00000,7318.46375,0.00000 ===
310.72430|I|libbeamng.print:18052| === LSTM_TRACE t=210 v=25.73 ws=25.68,25.78,25.44,25.59 cmd=0.016,0.024,0.013,0.013 cap=49,75,26,26 des=49,75,23,23 app=46,70,21,21 abs=nil,nil,nil,nil ebrake=1.00 ibrake=1.00 hasABS=0 sy=0.00 split=1.000,0.875 ===
310.72435|I|libbeamng.print:18052| === LSTM_OBS t=210 25.68168,25.77836,25.44466,25.59437,0.00000,0.00000,0.00000,-0.00352,0.00000,0.00000,0.00000,1.00000,0.00000,0.00000,0.00000,7293.23989,0.00000 ===
310.77474|I|libbeamng.print:18052| === LSTM_TRACE t=220 v=25.64 ws=25.61,25.68,25.42,25.47 cmd=0.015,0.023,0.013,0.013 cap=47,72,26,26 des=47,72,23,23 app=44,68,21,21 abs=nil,nil,nil,nil ebrake=1.00 ibrake=1.00 hasABS=0 sy=0.00 split=1.000,0.875 ===
310.77479|I|libbeamng.print:18052| === LSTM_OBS t=220 25.61124,25.68361,25.41647,25.46805,0.00000,0.00000,0.00000,0.01254,0.00000,0.00000,0.00049,1.00000,0.00000,0.00000,0.00000,7267.65423,0.00000 ===
310.82452|I|libbeamng.print:18052| === LSTM_TRACE t=230 v=25.54 ws=25.51,25.66,25.31,25.33 cmd=0.015,0.023,0.013,0.013 cap=48,72,25,25 des=48,72,22,22 app=44,68,21,21 abs=nil,nil,nil,nil ebrake=1.00 ibrake=1.00 hasABS=0 sy=0.00 split=1.000,0.875 ===
310.82457|I|libbeamng.print:18052| === LSTM_OBS t=230 25.51290,25.66489,25.31156,25.32633,0.00000,0.00000,0.00000,-0.00198,0.00000,0.00000,0.00000,1.00000,0.00000,0.00000,0.00000,7242.59747,0.00000 ===
310.87564|I|libbeamng.print:18052| === LSTM_TRACE t=240 v=25.46 ws=25.44,25.50,25.14,25.29 cmd=0.016,0.024,0.013,0.013 cap=49,74,25,25 des=49,74,22,22 app=45,69,21,21 abs=nil,nil,nil,nil ebrake=1.00 ibrake=1.00 hasABS=0 sy=0.00 split=1.000,0.875 ===
310.87574|I|libbeamng.print:18052| === LSTM_OBS t=240 25.43940,25.50426,25.14341,25.28572,0.00000,0.00000,0.00000,-0.00060,0.00000,0.00000,0.00049,1.00000,0.00000,0.00000,0.00000,7217.76287,0.00000 ===
310.92447|I|libbeamng.print:18052| === LSTM_TRACE t=250 v=25.36 ws=25.31,25.42,25.08,25.24 cmd=0.016,0.024,0.013,0.013 cap=48,73,25,25 des=48,73,22,22 app=45,69,21,21 abs=nil,nil,nil,nil ebrake=1.00 ibrake=1.00 hasABS=0 sy=0.00 split=1.000,0.875 ===
310.92451|I|libbeamng.print:18052| === LSTM_OBS t=250 25.31184,25.42156,25.07625,25.23844,0.00000,0.00000,0.00000,-0.00684,0.00000,0.00000,0.00049,1.00000,0.00000,0.00000,0.00000,7193.06361,0.00000 ===
310.97481|I|libbeamng.print:18052| === LSTM_TRACE t=260 v=25.26 ws=25.26,25.36,25.07,25.12 cmd=0.015,0.023,0.013,0.013 cap=48,72,26,26 des=48,72,22,22 app=44,68,21,21 abs=nil,nil,nil,nil ebrake=1.00 ibrake=1.00 hasABS=0 sy=0.00 split=1.000,0.875 ===
310.97485|I|libbeamng.print:18052| === LSTM_OBS t=260 25.25648,25.35981,25.06688,25.12028,0.00000,0.00000,0.00000,-0.00187,0.00000,0.00000,0.00000,1.00000,0.00000,0.00000,0.00000,7168.76768,0.00000 ===
311.02439|I|libbeamng.print:18052| === LSTM_TRACE t=270 v=25.18 ws=25.15,25.31,24.90,25.01 cmd=0.015,0.023,0.013,0.013 cap=48,73,25,25 des=48,73,22,22 app=45,68,21,21 abs=nil,nil,nil,nil ebrake=1.00 ibrake=1.00 hasABS=0 sy=0.00 split=1.000,0.875 ===
311.02446|I|libbeamng.print:18052| === LSTM_OBS t=270 25.15274,25.31203,24.89660,25.01430,0.00000,0.00000,0.00000,0.01013,0.00000,0.00000,0.00000,1.00000,0.00000,0.00000,0.00000,7143.29735,0.00000 ===
311.07464|I|libbeamng.print:18052| === LSTM_TRACE t=280 v=25.10 ws=25.02,25.16,24.88,24.97 cmd=0.016,0.024,0.013,0.013 cap=48,73,25,25 des=48,73,22,22 app=45,68,20,20 abs=nil,nil,nil,nil ebrake=1.00 ibrake=1.00 hasABS=0 sy=0.00 split=1.000,0.875 ===
311.07468|I|libbeamng.print:18052| === LSTM_OBS t=280 25.02139,25.16148,24.88251,24.96542,0.00000,0.00000,0.00000,-0.00625,0.00000,0.00000,0.00000,1.00000,0.00000,0.00000,0.00000,7118.87690,0.00000 ===
311.12441|I|libbeamng.print:18052| === LSTM_TRACE t=290 v=25.00 ws=24.95,25.09,24.83,24.81 cmd=0.016,0.023,0.013,0.013 cap=48,72,25,25 des=48,72,22,22 app=45,68,20,20 abs=nil,nil,nil,nil ebrake=1.00 ibrake=1.00 hasABS=0 sy=0.00 split=1.000,0.875 ===
311.12444|I|libbeamng.print:18052| === LSTM_OBS t=290 24.95471,25.08715,24.83266,24.81409,0.00000,0.00000,0.00000,-0.01046,0.00000,0.00000,0.00000,1.00000,0.00000,0.00000,0.00000,7094.21128,0.00000 ===
311.17534|I|libbeamng.print:18052| === LSTM_TRACE t=300 v=24.91 ws=24.92,25.01,24.64,24.81 cmd=0.015,0.023,0.013,0.013 cap=47,71,25,25 des=47,71,22,22 app=44,67,20,20 abs=nil,nil,nil,nil ebrake=1.00 ibrake=1.00 hasABS=0 sy=0.00 split=1.000,0.875 ===
311.17540|I|libbeamng.print:18052| === LSTM_OBS t=300 24.92304,25.01405,24.64424,24.81090,0.00000,0.00000,0.00000,-0.00480,0.00000,0.00000,0.00049,1.00000,0.00000,0.00000,0.00000,7068.63157,0.00000 ===
311.22437|I|libbeamng.print:18052| === LSTM_TRACE t=310 v=24.82 ws=24.80,24.95,24.63,24.65 cmd=0.015,0.023,0.013,0.013 cap=47,71,25,25 des=47,71,22,22 app=44,67,20,20 abs=nil,nil,nil,nil ebrake=1.00 ibrake=1.00 hasABS=0 sy=0.00 split=1.000,0.875 ===
311.22441|I|libbeamng.print:18052| === LSTM_OBS t=310 24.79972,24.94846,24.62838,24.64647,0.00000,0.00000,0.00000,-0.01009,0.00000,0.00000,0.00085,1.00000,0.00000,0.00000,0.00000,7043.63870,0.00000 ===
311.27611|I|libbeamng.print:18052| === LSTM_TRACE t=320 v=24.74 ws=24.72,24.84,24.54,24.65 cmd=0.015,0.023,0.013,0.013 cap=48,71,25,25 des=48,71,22,22 app=44,67,20,20 abs=nil,nil,nil,nil ebrake=1.00 ibrake=1.00 hasABS=0 sy=0.00 split=1.000,0.875 ===
311.27615|I|libbeamng.print:18052| === LSTM_OBS t=320 24.71526,24.84071,24.53797,24.65331,0.00000,0.00000,0.00000,-0.00703,0.00000,0.00000,0.00049,1.00000,0.00000,0.00000,0.00000,7019.65529,0.00000 ===
311.32513|I|libbeamng.print:18052| === LSTM_TRACE t=330 v=24.65 ws=24.59,24.75,24.47,24.46 cmd=0.015,0.023,0.013,0.013 cap=47,71,25,25 des=47,71,22,22 app=44,66,20,20 abs=nil,nil,nil,nil ebrake=1.00 ibrake=1.00 hasABS=0 sy=0.00 split=1.000,0.875 ===
311.32517|I|libbeamng.print:18052| === LSTM_OBS t=330 24.59308,24.75226,24.46543,24.45746,0.00000,0.00000,0.00000,-0.00300,0.00000,0.00000,0.00069,1.00000,0.00000,0.00000,0.00000,6994.62362,0.00000 ===
311.37563|I|libbeamng.print:18052| === LSTM_TRACE t=340 v=24.56 ws=24.53,24.69,24.40,24.46 cmd=0.015,0.023,0.013,0.013 cap=48,71,25,25 des=48,71,22,22 app=44,67,20,20 abs=nil,nil,nil,nil ebrake=1.00 ibrake=1.00 hasABS=0 sy=0.00 split=1.000,0.875 ===
311.37568|I|libbeamng.print:18052| === LSTM_OBS t=340 24.53343,24.68569,24.39991,24.46131,0.00000,0.00000,0.00000,0.00747,0.00000,0.00000,0.00000,1.00000,0.00000,0.00000,0.00000,6969.70044,0.00000 ===
311.42455|I|libbeamng.print:18052| === LSTM_TRACE t=350 v=24.46 ws=24.45,24.60,24.19,24.42 cmd=0.015,0.023,0.013,0.013 cap=47,71,25,25 des=47,71,22,22 app=44,66,20,20 abs=nil,nil,nil,nil ebrake=1.00 ibrake=1.00 hasABS=0 sy=0.00 split=1.000,0.875 ===
311.42459|I|libbeamng.print:18052| === LSTM_OBS t=350 24.44636,24.60382,24.18728,24.41715,0.00000,0.00000,0.00000,0.00108,0.00000,0.00000,0.00049,1.00000,0.00000,0.00000,0.00000,6944.72432,0.00000 ===
311.47517|I|libbeamng.print:18052| === LSTM_TRACE t=360 v=24.37 ws=24.39,24.49,24.20,24.24 cmd=0.015,0.023,0.013,0.013 cap=47,70,25,25 des=47,70,22,22 app=44,66,20,20 abs=nil,nil,nil,nil ebrake=1.00 ibrake=1.00 hasABS=0 sy=0.00 split=1.000,0.875 ===
311.47524|I|libbeamng.print:18052| === LSTM_OBS t=360 24.38881,24.49389,24.19733,24.23506,0.00000,0.00000,0.00000,-0.00312,0.00000,0.00000,0.00000,1.00000,0.00000,0.00000,0.00000,6919.96482,0.00000 ===
311.52482|I|libbeamng.print:18052| === LSTM_TRACE t=370 v=24.29 ws=24.24,24.37,24.13,24.22 cmd=0.015,0.023,0.013,0.013 cap=47,70,24,24 des=47,70,21,21 app=44,66,20,20 abs=nil,nil,nil,nil ebrake=1.00 ibrake=1.00 hasABS=0 sy=0.00 split=1.000,0.875 ===
311.52486|I|libbeamng.print:18052| === LSTM_OBS t=370 24.24397,24.36571,24.12988,24.22204,0.00000,0.00000,0.00000,0.00212,0.00000,0.00000,0.00000,1.00000,0.00000,0.00000,0.00000,6894.19660,0.00000 ===
311.57491|I|libbeamng.print:18052| === LSTM_TRACE t=380 v=24.21 ws=24.15,24.32,23.95,24.14 cmd=0.015,0.022,0.013,0.013 cap=47,70,24,24 des=47,70,21,21 app=44,66,20,20 abs=nil,nil,nil,nil ebrake=1.00 ibrake=1.00 hasABS=0 sy=0.00 split=1.000,0.875 ===
311.57494|I|libbeamng.print:18052| === LSTM_OBS t=380 24.14709,24.32046,23.94649,24.14500,0.00000,0.00000,0.00000,-0.00536,0.00000,0.00000,0.00069,1.00000,0.00000,0.00000,0.00000,6869.13864,0.00000 ===
311.62473|I|libbeamng.print:18052| === LSTM_TRACE t=390 v=24.11 ws=24.14,24.23,23.95,24.01 cmd=0.015,0.023,0.013,0.012 cap=47,70,24,24 des=47,70,21,21 app=44,66,20,20 abs=nil,nil,nil,nil ebrake=1.00 ibrake=1.00 hasABS=0 sy=0.00 split=1.000,0.875 ===
311.62477|I|libbeamng.print:18052| === LSTM_OBS t=390 24.14396,24.23144,23.94639,24.01323,0.00000,0.00000,0.00000,0.01251,0.00000,0.00000,0.00049,1.00000,0.00000,0.00000,0.00000,6844.28601,0.00000 ===
311.67486|I|libbeamng.print:18052| === LSTM_TRACE t=400 v=24.04 ws=23.99,24.15,23.86,23.91 cmd=0.015,0.022,0.013,0.012 cap=47,69,24,24 des=47,69,21,21 app=43,65,20,20 abs=nil,nil,nil,nil ebrake=1.00 ibrake=1.00 hasABS=0 sy=0.00 split=1.000,0.875 ===
311.67489|I|libbeamng.print:18052| === LSTM_OBS t=400 23.98546,24.15402,23.86298,23.90749,0.00000,0.00000,0.00000,-0.01350,0.00000,0.00000,0.00000,1.00000,0.00000,0.00000,0.00000,6819.39043,0.00000 ===
311.72455|I|libbeamng.print:18052| === LSTM_TRACE t=410 v=23.93 ws=23.95,24.01,23.74,23.88 cmd=0.015,0.022,0.012,0.012 cap=47,70,24,24 des=47,70,21,21 app=44,65,20,20 abs=nil,nil,nil,nil ebrake=1.00 ibrake=1.00 hasABS=0 sy=0.00 split=1.000,0.875 ===
311.72459|I|libbeamng.print:18052| === LSTM_OBS t=410 23.95339,24.00933,23.74169,23.87753,0.00000,0.00000,0.00000,0.00622,0.00000,0.00000,0.00000,1.00000,0.00000,0.00000,0.00000,6793.80932,0.00000 ===
311.77506|I|libbeamng.print:18052| === LSTM_TRACE t=420 v=23.86 ws=23.79,23.97,23.69,23.79 cmd=0.015,0.022,0.012,0.012 cap=47,69,24,24 des=47,69,21,21 app=44,65,20,19 abs=nil,nil,nil,nil ebrake=1.00 ibrake=1.00 hasABS=0 sy=0.00 split=1.000,0.875 ===
311.77510|I|libbeamng.print:18052| === LSTM_OBS t=420 23.79068,23.96812,23.68578,23.79205,0.00000,0.00000,0.00000,0.00598,0.00000,0.00000,0.00069,1.00000,0.00000,0.00000,0.00000,6770.12721,0.00000 ===
311.82452|I|libbeamng.print:18052| === LSTM_TRACE t=430 v=23.77 ws=23.74,23.81,23.60,23.67 cmd=0.015,0.022,0.012,0.012 cap=47,70,24,24 des=47,70,21,21 app=44,65,20,19 abs=nil,nil,nil,nil ebrake=1.00 ibrake=1.00 hasABS=0 sy=0.00 split=1.000,0.875 ===
311.82456|I|libbeamng.print:18052| === LSTM_OBS t=430 23.74389,23.81128,23.60219,23.66643,0.00000,0.00000,0.00000,-0.01447,0.00000,0.00000,0.00000,1.00000,0.00000,0.00000,0.00000,6743.14556,0.00000 ===
311.87740|I|libbeamng.print:18052| === LSTM_TRACE t=440 v=23.67 ws=23.74,23.81,23.47,23.57 cmd=0.015,0.023,0.012,0.012 cap=48,70,24,24 des=48,70,21,21 app=44,66,19,19 abs=nil,nil,nil,nil ebrake=1.00 ibrake=1.00 hasABS=0 sy=0.00 split=1.000,0.875 ===
311.87746|I|libbeamng.print:18052| === LSTM_OBS t=440 23.73671,23.81077,23.47164,23.57348,0.00000,0.00000,0.00000,-0.00400,0.00000,0.00000,0.00000,1.00000,0.00000,0.00000,0.00000,6718.60530,0.00000 ===
311.92485|I|libbeamng.print:18052| === LSTM_TRACE t=450 v=23.59 ws=23.61,23.74,23.38,23.50 cmd=0.015,0.023,0.012,0.012 cap=47,69,24,24 des=47,69,21,21 app=44,65,19,19 abs=nil,nil,nil,nil ebrake=1.00 ibrake=1.00 hasABS=0 sy=0.00 split=1.000,0.875 ===
311.92493|I|libbeamng.print:18052| === LSTM_OBS t=450 23.60566,23.74196,23.38168,23.49596,0.00000,0.00000,0.00000,-0.00781,0.00000,0.00000,0.00000,1.00000,0.00000,0.00000,0.00000,6696.23618,0.00000 ===
311.97571|I|libbeamng.print:18052| === LSTM_TRACE t=460 v=23.52 ws=23.50,23.67,23.31,23.41 cmd=0.015,0.022,0.012,0.012 cap=47,69,24,24 des=47,69,21,21 app=44,65,19,19 abs=nil,nil,nil,nil ebrake=1.00 ibrake=1.00 hasABS=0 sy=0.00 split=1.000,0.875 ===
311.97579|I|libbeamng.print:18052| === LSTM_OBS t=460 23.49893,23.66533,23.31032,23.40580,0.00000,0.00000,0.00000,-0.01229,0.00000,0.00000,0.00049,1.00000,0.00000,0.00000,0.00000,6670.14422,0.00000 ===
312.02582|I|libbeamng.print:18052| === LSTM_TRACE t=470 v=23.43 ws=23.37,23.53,23.21,23.30 cmd=0.015,0.022,0.012,0.012 cap=47,69,24,23 des=47,69,21,21 app=44,64,19,19 abs=nil,nil,nil,nil ebrake=1.00 ibrake=1.00 hasABS=0 sy=0.00 split=1.000,0.875 ===
312.02586|I|libbeamng.print:18052| === LSTM_OBS t=470 23.36866,23.52825,23.21190,23.29654,0.00000,0.00000,0.00000,-0.01758,0.00000,0.00000,0.00000,1.00000,0.00000,0.00000,0.00000,6645.83497,0.00000 ===
312.07554|I|libbeamng.print:18052| === LSTM_TRACE t=480 v=23.35 ws=23.27,23.43,23.18,23.25 cmd=0.015,0.022,0.012,0.012 cap=47,69,24,23 des=47,69,21,20 app=44,64,19,19 abs=nil,nil,nil,nil ebrake=1.00 ibrake=1.00 hasABS=0 sy=0.00 split=1.000,0.875 ===
312.07558|I|libbeamng.print:18052| === LSTM_OBS t=480 23.27255,23.43269,23.17756,23.25396,0.00000,0.00000,0.00000,-0.01279,0.00000,0.00000,0.00000,1.00000,0.00000,0.00000,0.00000,6620.82469,0.00000 ===
312.12523|I|libbeamng.print:18052| === LSTM_TRACE t=490 v=23.26 ws=23.21,23.39,23.08,23.20 cmd=0.015,0.022,0.012,0.012 cap=47,69,24,23 des=47,69,21,20 app=44,65,19,19 abs=nil,nil,nil,nil ebrake=1.00 ibrake=1.00 hasABS=0 sy=0.00 split=1.000,0.875 ===
312.12528|I|libbeamng.print:18052| === LSTM_OBS t=490 23.20721,23.38862,23.08153,23.19891,0.00000,0.00000,0.00000,-0.00502,0.00000,0.00000,0.00000,1.00000,0.00000,0.00000,0.00000,6595.88738,0.00000 ===
312.17497|I|libbeamng.print:18052| === LSTM_TRACE t=500 v=23.16 ws=23.15,23.30,22.94,23.09 cmd=0.015,0.022,0.012,0.012 cap=47,69,24,23 des=47,69,21,20 app=44,65,19,19 abs=nil,nil,nil,nil ebrake=1.00 ibrake=1.00 hasABS=0 sy=0.00 split=1.000,0.875 ===
312.17501|I|libbeamng.print:18052| === LSTM_OBS t=500 23.14907,23.29615,22.93940,23.09000,0.00000,0.00000,0.00000,0.00415,0.00000,0.00000,0.00000,1.00000,0.00000,0.00000,0.00000,6571.26231,0.00000 ===
312.22525|I|libbeamng.print:18052| === LSTM_TRACE t=510 v=23.07 ws=23.09,23.19,22.90,22.96 cmd=0.015,0.022,0.012,0.012 cap=47,69,23,23 des=47,69,21,20 app=44,65,19,19 abs=nil,nil,nil,nil ebrake=1.00 ibrake=1.00 hasABS=0 sy=0.00 split=1.000,0.875 ===
312.22529|I|libbeamng.print:18052| === LSTM_OBS t=510 23.08531,23.19396,22.90379,22.96227,0.00000,0.00000,0.00000,0.00697,0.00000,0.00000,0.00085,1.00000,0.00000,0.00000,0.00000,6547.15993,0.00000 ===
312.27506|I|libbeamng.print:18052| === LSTM_TRACE t=520 v=22.97 ws=23.02,23.09,22.82,22.89 cmd=0.015,0.022,0.012,0.012 cap=47,68,23,23 des=47,68,20,20 app=44,64,19,19 abs=nil,nil,nil,nil ebrake=1.00 ibrake=1.00 hasABS=0 sy=0.00 split=1.000,0.875 ===
312.27510|I|libbeamng.print:18052| === LSTM_OBS t=520 23.02048,23.08502,22.81563,22.89063,0.00000,0.00000,0.00000,0.00585,0.00000,0.00000,0.00049,1.00000,0.00000,0.00000,0.00000,6522.96549,0.00000 ===
312.32539|I|libbeamng.print:18052| === LSTM_TRACE t=530 v=22.91 ws=22.85,23.03,22.68,22.81 cmd=0.015,0.022,0.012,0.012 cap=47,68,23,23 des=47,68,20,20 app=44,64,19,19 abs=nil,nil,nil,nil ebrake=1.00 ibrake=1.00 hasABS=0 sy=0.00 split=1.000,0.875 ===
312.32544|I|libbeamng.print:18052| === LSTM_OBS t=530 22.84523,23.02612,22.67651,22.80795,0.00000,0.00000,0.00000,-0.01300,0.00000,0.00000,0.00049,1.00000,0.00000,0.00000,0.00000,6498.85406,0.00000 ===
312.37501|I|libbeamng.print:18052| === LSTM_TRACE t=540 v=22.82 ws=22.84,22.95,22.65,22.74 cmd=0.015,0.022,0.012,0.012 cap=47,69,23,23 des=47,69,20,20 app=44,65,19,19 abs=nil,nil,nil,nil ebrake=1.00 ibrake=1.00 hasABS=0 sy=0.00 split=1.000,0.875 ===
312.37508|I|libbeamng.print:18052| === LSTM_OBS t=540 22.83907,22.94978,22.65180,22.74285,0.00000,0.00000,0.00000,0.00898,0.00000,0.00000,0.00069,1.00000,0.00000,0.00000,0.00000,6474.36821,0.00000 ===
312.42522|I|libbeamng.print:18052| === LSTM_TRACE t=550 v=22.72 ws=22.68,22.82,22.57,22.65 cmd=0.015,0.022,0.012,0.012 cap=47,69,23,23 des=47,69,20,20 app=44,64,19,19 abs=nil,nil,nil,nil ebrake=1.00 ibrake=1.00 hasABS=0 sy=0.00 split=1.000,0.875 ===
312.42526|I|libbeamng.print:18052| === LSTM_OBS t=550 22.67890,22.81583,22.56571,22.65291,0.00000,0.00000,0.00000,-0.00832,0.00000,0.00000,0.00000,1.00000,0.00000,0.00000,0.00000,6448.39942,0.00000 ===
312.47666|I|libbeamng.print:18052| === LSTM_TRACE t=560 v=22.64 ws=22.66,22.76,22.43,22.59 cmd=0.015,0.022,0.012,0.012 cap=47,68,23,23 des=47,68,20,20 app=44,64,19,18 abs=nil,nil,nil,nil ebrake=1.00 ibrake=1.00 hasABS=0 sy=0.00 split=1.000,0.875 ===
312.47670|I|libbeamng.print:18052| === LSTM_OBS t=560 22.65739,22.76319,22.42689,22.59254,0.00000,0.00000,0.00000,0.00748,0.00000,0.00000,0.00000,1.00000,0.00000,0.00000,0.00000,6425.84238,0.00000 ===
312.52580|I|libbeamng.print:18052| === LSTM_TRACE t=570 v=22.56 ws=22.53,22.66,22.41,22.49 cmd=0.015,0.022,0.012,0.012 cap=47,68,23,23 des=47,68,20,20 app=44,64,19,18 abs=nil,nil,nil,nil ebrake=1.00 ibrake=1.00 hasABS=0 sy=0.00 split=1.000,0.875 ===
312.52584|I|libbeamng.print:18052| === LSTM_OBS t=570 22.53294,22.65943,22.40735,22.49355,0.00000,0.00000,0.00000,-0.01601,0.00000,0.00000,0.00000,1.00000,0.00000,0.00000,0.00000,6402.28554,0.00000 ===
312.57667|I|libbeamng.print:18052| === LSTM_TRACE t=580 v=22.46 ws=22.54,22.54,22.34,22.40 cmd=0.015,0.022,0.012,0.012 cap=48,69,23,23 des=48,69,20,20 app=44,65,19,18 abs=nil,nil,nil,nil ebrake=1.00 ibrake=1.00 hasABS=0 sy=0.00 split=1.000,0.875 ===
312.57671|I|libbeamng.print:18052| === LSTM_OBS t=580 22.53633,22.53516,22.33954,22.39535,0.00000,0.00000,0.00000,0.00129,0.00000,0.00000,0.00000,1.00000,0.00000,0.00000,0.00000,6377.85140,0.00000 ===
312.62657|I|libbeamng.print:18052| === LSTM_TRACE t=590 v=22.39 ws=22.40,22.50,22.22,22.27 cmd=0.015,0.022,0.012,0.012 cap=47,68,23,23 des=47,68,20,20 app=44,64,19,18 abs=nil,nil,nil,nil ebrake=1.00 ibrake=1.00 hasABS=0 sy=0.00 split=1.000,0.875 ===
312.62661|I|libbeamng.print:18052| === LSTM_OBS t=590 22.40249,22.50473,22.21957,22.26696,0.00000,0.00000,0.00000,-0.01007,0.00000,0.00000,0.00049,1.00000,0.00000,0.00000,0.00000,6353.77593,0.00000 ===
312.67659|I|libbeamng.print:18052| === LSTM_TRACE t=600 v=22.30 ws=22.29,22.44,22.12,22.26 cmd=0.015,0.022,0.012,0.012 cap=48,68,23,22 des=48,68,20,20 app=44,64,19,18 abs=nil,nil,nil,nil ebrake=1.00 ibrake=1.00 hasABS=0 sy=0.00 split=1.000,0.875 ===
312.67663|I|libbeamng.print:18052| === LSTM_OBS t=600 22.28967,22.44160,22.12170,22.25926,0.00000,0.00000,0.00000,-0.01306,0.00000,0.00000,0.00049,1.00000,0.00000,0.00000,0.00000,6330.01136,0.00000 ===
312.72693|I|libbeamng.print:18052| === LSTM_TRACE t=610 v=22.21 ws=22.15,22.33,22.07,22.13 cmd=0.015,0.022,0.012,0.011 cap=47,68,23,22 des=47,68,20,20 app=44,64,19,18 abs=nil,nil,nil,nil ebrake=1.00 ibrake=1.00 hasABS=0 sy=0.00 split=1.000,0.875 ===
312.72698|I|libbeamng.print:18052| === LSTM_OBS t=610 22.14977,22.33014,22.06583,22.12759,0.00000,0.00000,0.00000,-0.00949,0.00000,0.00000,0.00000,1.00000,0.00000,0.00000,0.00000,6306.02390,0.00000 ===
312.77647|I|libbeamng.print:18052| === LSTM_TRACE t=620 v=22.12 ws=22.14,22.23,21.95,22.07 cmd=0.015,0.022,0.012,0.011 cap=48,69,23,22 des=48,69,20,19 app=45,65,18,18 abs=nil,nil,nil,nil ebrake=1.00 ibrake=1.00 hasABS=0 sy=0.00 split=1.000,0.875 ===
312.77652|I|libbeamng.print:18052| === LSTM_OBS t=620 22.13542,22.22813,21.95312,22.07446,0.00000,0.00000,0.00000,-0.00565,0.00000,0.00000,0.00000,1.00000,0.00000,0.00000,0.00000,6281.89609,0.00000 ===
312.82654|I|libbeamng.print:18052| === LSTM_TRACE t=630 v=22.04 ws=22.03,22.12,21.92,21.93 cmd=0.015,0.022,0.012,0.011 cap=48,68,23,22 des=48,68,20,19 app=44,64,18,18 abs=nil,nil,nil,nil ebrake=1.00 ibrake=1.00 hasABS=0 sy=0.00 split=1.000,0.875 ===
312.82662|I|libbeamng.print:18052| === LSTM_OBS t=630 22.02622,22.12004,21.92095,21.93255,0.00000,0.00000,0.00000,-0.01641,0.00000,0.00000,0.00049,1.00000,0.00000,0.00000,0.00000,6258.13494,0.00000 ===
312.87678|I|libbeamng.print:18052| === LSTM_TRACE t=640 v=21.95 ws=21.95,22.06,21.83,21.88 cmd=0.015,0.022,0.012,0.011 cap=48,68,23,22 des=48,68,20,19 app=45,64,18,18 abs=nil,nil,nil,nil ebrake=1.00 ibrake=1.00 hasABS=0 sy=0.00 split=1.000,0.875 ===
312.87681|I|libbeamng.print:18052| === LSTM_OBS t=640 21.95216,22.06466,21.82959,21.88087,0.00000,0.00000,0.00000,-0.00629,0.00000,0.00000,0.00049,1.00000,0.00000,0.00000,0.00000,6233.69350,0.00000 ===
312.92698|I|libbeamng.print:18052| === LSTM_TRACE t=650 v=21.87 ws=21.83,21.99,21.67,21.84 cmd=0.015,0.022,0.012,0.011 cap=48,68,22,22 des=48,68,20,19 app=45,64,18,18 abs=nil,nil,nil,nil ebrake=1.00 ibrake=1.00 hasABS=0 sy=0.00 split=1.000,0.875 ===
312.92702|I|libbeamng.print:18052| === LSTM_OBS t=650 21.82707,21.98989,21.66528,21.83960,0.00000,0.00000,0.00000,-0.00663,0.00000,0.00000,0.00000,1.00000,0.00000,0.00000,0.00000,6209.85325,0.00000 ===
312.97625|I|libbeamng.print:18052| === LSTM_TRACE t=660 v=21.79 ws=21.77,21.96,21.60,21.74 cmd=0.015,0.022,0.012,0.011 cap=48,68,22,22 des=48,68,20,19 app=45,64,18,18 abs=nil,nil,nil,nil ebrake=1.00 ibrake=1.00 hasABS=0 sy=0.00 split=1.000,0.875 ===
312.97630|I|libbeamng.print:18052| === LSTM_OBS t=660 21.77073,21.95686,21.59807,21.74090,0.00000,0.00000,0.00000,-0.00489,0.00000,0.00000,0.00069,1.00000,0.00000,0.00000,0.00000,6185.57054,0.00000 ===
313.02692|I|libbeamng.print:18052| === LSTM_TRACE t=670 v=21.70 ws=21.74,21.83,21.56,21.65 cmd=0.016,0.022,0.011,0.011 cap=48,69,22,22 des=48,69,20,19 app=45,65,18,18 abs=nil,nil,nil,nil ebrake=1.00 ibrake=1.00 hasABS=0 sy=0.00 split=1.000,0.875 ===
313.02698|I|libbeamng.print:18052| === LSTM_OBS t=670 21.74007,21.82871,21.55800,21.65401,0.00000,0.00000,0.00000,-0.00631,0.00000,0.00000,0.00069,1.00000,0.00000,0.00000,0.00000,6163.34825,0.00000 ===
313.07624|I|libbeamng.print:18052| === LSTM_TRACE t=680 v=21.61 ws=21.67,21.66,21.41,21.56 cmd=0.016,0.022,0.011,0.011 cap=48,69,22,22 des=48,69,19,19 app=45,65,18,18 abs=nil,nil,nil,nil ebrake=1.00 ibrake=1.00 hasABS=0 sy=0.00 split=1.000,0.875 ===
313.07629|I|libbeamng.print:18052| === LSTM_OBS t=680 21.67249,21.66333,21.41335,21.55778,0.00000,0.00000,0.00000,0.01312,0.00000,0.00000,0.00000,1.00000,0.00000,0.00000,0.00000,6139.17521,0.00000 ===
313.12631|I|libbeamng.print:18052| === LSTM_TRACE t=690 v=21.54 ws=21.52,21.68,21.44,21.43 cmd=0.016,0.022,0.011,0.011 cap=48,69,22,22 des=48,69,19,19 app=45,65,18,18 abs=nil,nil,nil,nil ebrake=1.00 ibrake=1.00 hasABS=0 sy=0.00 split=1.000,0.875 ===
313.12636|I|libbeamng.print:18052| === LSTM_OBS t=690 21.52001,21.68331,21.43598,21.42996,0.00000,0.00000,0.00000,-0.01944,0.00000,0.00000,0.00000,1.00000,0.00000,0.00000,0.00000,6113.53543,0.00000 ===
313.17629|I|libbeamng.print:18052| === LSTM_TRACE t=700 v=21.44 ws=21.49,21.53,21.30,21.44 cmd=0.016,0.022,0.011,0.011 cap=48,69,22,22 des=48,69,19,19 app=45,65,18,17 abs=nil,nil,nil,nil ebrake=1.00 ibrake=1.00 hasABS=0 sy=0.00 split=1.000,0.875 ===
313.17637|I|libbeamng.print:18052| === LSTM_OBS t=700 21.48993,21.53170,21.30201,21.44345,0.00000,0.00000,0.00000,0.01208,0.00000,0.00000,0.00000,1.00000,0.00000,0.00000,0.00000,6089.61439,0.00000 ===
313.22657|I|libbeamng.print:18052| === LSTM_TRACE t=710 v=21.37 ws=21.31,21.47,21.24,21.35 cmd=0.016,0.022,0.011,0.011 cap=49,69,22,21 des=49,69,19,19 app=45,65,18,17 abs=nil,nil,nil,nil ebrake=1.00 ibrake=1.00 hasABS=0 sy=0.00 split=1.000,0.875 ===
313.22661|I|libbeamng.print:18052| === LSTM_OBS t=710 21.31357,21.47423,21.23537,21.35371,0.00000,0.00000,0.00000,-0.01650,0.00000,0.00000,0.00000,1.00000,0.00000,0.00000,0.00000,6066.23887,0.00000 ===
313.27649|I|libbeamng.print:18052| === LSTM_TRACE t=720 v=21.27 ws=21.32,21.37,21.06,21.24 cmd=0.016,0.022,0.011,0.011 cap=49,69,22,21 des=49,69,19,19 app=45,65,18,17 abs=nil,nil,nil,nil ebrake=1.00 ibrake=1.00 hasABS=0 sy=0.00 split=1.000,0.875 ===
313.27658|I|libbeamng.print:18052| === LSTM_OBS t=720 21.31539,21.36565,21.05600,21.24428,0.00000,0.00000,0.00000,0.00817,0.00000,0.00000,0.00049,1.00000,0.00000,0.00000,0.00000,6041.58436,0.00000 ===
313.32636|I|libbeamng.print:18052| === LSTM_TRACE t=730 v=21.19 ws=21.19,21.39,20.99,21.14 cmd=0.016,0.022,0.011,0.011 cap=48,69,22,21 des=48,69,19,19 app=45,65,18,17 abs=nil,nil,nil,nil ebrake=1.00 ibrake=1.00 hasABS=0 sy=0.00 split=1.000,0.875 ===
313.32640|I|libbeamng.print:18052| === LSTM_OBS t=730 21.19068,21.38527,20.98699,21.14477,0.00000,0.00000,0.00000,-0.00831,0.00000,0.00000,0.00000,1.00000,0.00000,0.00000,0.00000,6017.81576,0.00000 ===
313.37638|I|libbeamng.print:18052| === LSTM_TRACE t=740 v=21.11 ws=21.11,21.24,20.92,21.03 cmd=0.016,0.022,0.011,0.011 cap=49,69,22,21 des=49,69,19,19 app=45,65,18,17 abs=nil,nil,nil,nil ebrake=1.00 ibrake=1.00 hasABS=0 sy=0.00 split=1.000,0.875 ===
313.37642|I|libbeamng.print:18052| === LSTM_OBS t=740 21.10947,21.23800,20.91984,21.03325,0.00000,0.00000,0.00000,-0.00012,0.00000,0.00000,0.00000,1.00000,0.00000,0.00000,0.00000,5993.49467,0.00000 ===
313.42620|I|libbeamng.print:18052| === LSTM_TRACE t=750 v=21.02 ws=21.08,21.10,20.85,20.91 cmd=0.016,0.022,0.011,0.011 cap=49,69,22,21 des=49,69,19,18 app=45,65,18,17 abs=nil,nil,nil,nil ebrake=1.00 ibrake=1.00 hasABS=0 sy=0.00 split=1.000,0.875 ===
313.42624|I|libbeamng.print:18052| === LSTM_OBS t=750 21.07975,21.10488,20.85386,20.90623,0.00000,0.00000,0.00000,0.00224,0.00000,0.00000,0.00049,1.00000,0.00000,0.00000,0.00000,5968.99262,0.00000 ===
313.47650|I|libbeamng.print:18052| === LSTM_TRACE t=760 v=20.94 ws=20.97,21.06,20.79,20.84 cmd=0.016,0.022,0.011,0.011 cap=49,69,22,21 des=49,69,19,18 app=46,65,18,17 abs=nil,nil,nil,nil ebrake=1.00 ibrake=1.00 hasABS=0 sy=0.00 split=1.000,0.875 ===
313.47654|I|libbeamng.print:18052| === LSTM_OBS t=760 20.96930,21.05686,20.79207,20.84355,0.00000,0.00000,0.00000,0.00258,0.00000,0.00000,0.00000,1.00000,0.00000,0.00000,0.00000,5944.97141,0.00000 ===
313.52630|I|libbeamng.print:18052| === LSTM_TRACE t=770 v=20.86 ws=20.84,21.02,20.71,20.75 cmd=0.016,0.022,0.011,0.011 cap=49,70,21,21 des=49,70,19,18 app=46,65,17,17 abs=nil,nil,nil,nil ebrake=1.00 ibrake=1.00 hasABS=0 sy=0.00 split=1.000,0.875 ===
313.52634|I|libbeamng.print:18052| === LSTM_OBS t=770 20.83930,21.01999,20.70925,20.74890,0.00000,0.00000,0.00000,-0.00346,0.00000,0.00000,0.00069,1.00000,0.00000,0.00000,0.00000,5920.41158,0.00000 ===
313.57642|I|libbeamng.print:18052| === LSTM_TRACE t=780 v=20.78 ws=20.75,20.94,20.59,20.70 cmd=0.016,0.022,0.011,0.011 cap=49,69,21,21 des=49,69,19,18 app=46,65,17,17 abs=nil,nil,nil,nil ebrake=1.00 ibrake=1.00 hasABS=0 sy=0.00 split=1.000,0.875 ===
313.57646|I|libbeamng.print:18052| === LSTM_OBS t=780 20.74543,20.94487,20.58782,20.70106,0.00000,0.00000,0.00000,-0.00616,0.00000,0.00000,0.00049,1.00000,0.00000,0.00000,0.00000,5897.26742,0.00000 ===
313.62652|I|libbeamng.print:18052| === LSTM_TRACE t=790 v=20.69 ws=20.67,20.86,20.48,20.63 cmd=0.016,0.023,0.011,0.011 cap=49,70,21,21 des=49,70,19,18 app=46,66,17,17 abs=nil,nil,nil,nil ebrake=1.00 ibrake=1.00 hasABS=0 sy=0.00 split=1.000,0.875 ===
313.62657|I|libbeamng.print:18052| === LSTM_OBS t=790 20.67024,20.86143,20.48252,20.63257,0.00000,0.00000,0.00000,-0.00627,0.00000,0.00000,0.00000,1.00000,0.00000,0.00000,0.00000,5872.59500,0.00000 ===
313.67314|I|libbeamng.print:18052| === LSTM_TRACE t=800 v=20.60 ws=20.60,20.75,20.42,20.53 cmd=0.016,0.023,0.011,0.011 cap=49,70,21,21 des=49,70,19,18 app=46,66,17,17 abs=nil,nil,nil,nil ebrake=1.00 ibrake=1.00 hasABS=0 sy=0.00 split=1.000,0.875 ===
313.67318|I|libbeamng.print:18052| === LSTM_OBS t=800 20.59920,20.74870,20.41619,20.53074,0.00000,0.00000,0.00000,-0.00012,0.00000,0.00000,0.00000,1.00000,0.00000,0.00000,0.00000,5850.63361,0.00000 ===
313.72292|I|libbeamng.print:18052| === LSTM_TRACE t=810 v=20.52 ws=20.56,20.63,20.35,20.51 cmd=0.016,0.023,0.011,0.011 cap=50,70,21,20 des=50,70,18,18 app=46,66,17,17 abs=nil,nil,nil,nil ebrake=1.00 ibrake=1.00 hasABS=0 sy=0.00 split=1.000,0.875 ===
313.72301|I|libbeamng.print:18052| === LSTM_OBS t=810 20.56050,20.62884,20.34828,20.50692,0.00000,0.00000,0.00000,0.00209,0.00000,0.00000,0.00000,1.00000,0.00000,0.00000,0.00000,5826.66473,0.00000 ===
313.77357|I|libbeamng.print:18052| === LSTM_TRACE t=820 v=20.44 ws=20.49,20.51,20.28,20.45 cmd=0.016,0.023,0.011,0.010 cap=50,70,21,20 des=50,70,18,18 app=47,66,17,17 abs=nil,nil,nil,nil ebrake=1.00 ibrake=1.00 hasABS=0 sy=0.00 split=1.000,0.875 ===
313.77362|I|libbeamng.print:18052| === LSTM_OBS t=820 20.48592,20.50598,20.28318,20.45006,0.00000,0.00000,0.00000,-0.00305,0.00000,0.00000,0.00049,1.00000,0.00000,0.00000,0.00000,5802.09987,0.00000 ===
313.82330|I|libbeamng.print:18052| === LSTM_TRACE t=830 v=20.36 ws=20.35,20.48,20.23,20.30 cmd=0.016,0.023,0.011,0.010 cap=50,70,21,20 des=50,70,18,18 app=47,66,17,16 abs=nil,nil,nil,nil ebrake=1.00 ibrake=1.00 hasABS=0 sy=0.00 split=1.000,0.875 ===
313.82335|I|libbeamng.print:18052| === LSTM_OBS t=830 20.35158,20.47779,20.23028,20.30002,0.00000,0.00000,0.00000,0.00557,0.00000,0.00000,0.00000,1.00000,0.00000,0.00000,0.00000,5777.79038,0.00000 ===
313.87338|I|libbeamng.print:18052| === LSTM_TRACE t=840 v=20.28 ws=20.26,20.47,20.11,20.18 cmd=0.016,0.023,0.011,0.010 cap=50,70,21,20 des=50,70,18,18 app=47,66,17,16 abs=nil,nil,nil,nil ebrake=1.00 ibrake=1.00 hasABS=0 sy=0.00 split=1.000,0.875 ===
313.87349|I|libbeamng.print:18052| === LSTM_OBS t=840 20.25641,20.46683,20.11262,20.17734,0.00000,0.00000,0.00000,-0.00886,0.00000,0.00000,0.00000,1.00000,0.00000,0.00000,0.00000,5754.18381,0.00000 ===
313.92386|I|libbeamng.print:18052| === LSTM_TRACE t=850 v=20.18 ws=20.28,20.23,20.01,20.08 cmd=0.016,0.023,0.011,0.010 cap=51,71,21,20 des=51,71,18,18 app=47,67,17,16 abs=nil,nil,nil,nil ebrake=1.00 ibrake=1.00 hasABS=0 sy=0.00 split=1.000,0.875 ===
313.92392|I|libbeamng.print:18052| === LSTM_OBS t=850 20.27944,20.22991,20.01124,20.07960,0.00000,0.00000,0.00000,0.00866,0.00000,0.00000,0.00069,1.00000,0.00000,0.00000,0.00000,5730.02806,0.00000 ===
313.97551|I|libbeamng.print:18052| === LSTM_TRACE t=860 v=20.11 ws=20.07,20.26,19.94,20.07 cmd=0.016,0.023,0.011,0.010 cap=51,71,21,20 des=51,71,18,17 app=47,67,17,16 abs=nil,nil,nil,nil ebrake=1.00 ibrake=1.00 hasABS=0 sy=0.00 split=1.000,0.875 ===
313.97555|I|libbeamng.print:18052| === LSTM_OBS t=860 20.06606,20.25572,19.93716,20.07007,0.00000,0.00000,0.00000,-0.01562,0.00000,0.00000,0.00000,1.00000,0.00000,0.00000,0.00000,5705.12860,0.00000 ===
314.02543|I|libbeamng.print:18052| === LSTM_TRACE t=870 v=20.01 ws=20.07,20.10,19.94,19.91 cmd=0.016,0.023,0.011,0.010 cap=50,71,21,20 des=50,71,18,17 app=47,67,17,16 abs=nil,nil,nil,nil ebrake=1.00 ibrake=1.00 hasABS=0 sy=0.00 split=1.000,0.875 ===
314.02547|I|libbeamng.print:18052| === LSTM_OBS t=870 20.07131,20.09731,19.94478,19.91450,0.00000,0.00000,0.00000,0.01407,0.00000,0.00000,0.00049,1.00000,0.00000,0.00000,0.00000,5681.16267,0.00000 ===
314.07495|I|libbeamng.print:18052| === LSTM_TRACE t=880 v=19.94 ws=19.92,20.10,19.75,19.86 cmd=0.016,0.023,0.011,0.010 cap=51,71,21,20 des=51,71,18,17 app=47,66,17,16 abs=nil,nil,nil,nil ebrake=1.00 ibrake=1.00 hasABS=0 sy=0.00 split=1.000,0.875 ===
314.07500|I|libbeamng.print:18052| === LSTM_OBS t=880 19.91675,20.10373,19.75274,19.85559,0.00000,0.00000,0.00000,-0.00960,0.00000,0.00000,0.00049,1.00000,0.00000,0.00000,0.00000,5659.31009,0.00000 ===
314.12607|I|libbeamng.print:18052| === LSTM_TRACE t=890 v=19.85 ws=19.88,19.93,19.69,19.83 cmd=0.017,0.023,0.011,0.010 cap=52,72,20,20 des=52,72,18,17 app=48,68,17,16 abs=nil,nil,nil,nil ebrake=1.00 ibrake=1.00 hasABS=0 sy=0.00 split=1.000,0.875 ===
314.12611|I|libbeamng.print:18052| === LSTM_OBS t=890 19.88342,19.93014,19.69158,19.82596,0.00000,0.00000,0.00000,0.00506,0.00000,0.00000,0.00000,1.00000,0.00000,0.00000,0.00000,5634.31164,0.00000 ===
314.17526|I|libbeamng.print:18052| === LSTM_TRACE t=900 v=19.76 ws=19.84,19.85,19.58,19.69 cmd=0.017,0.023,0.010,0.010 cap=52,72,20,20 des=52,72,18,17 app=48,68,17,16 abs=nil,nil,nil,nil ebrake=1.00 ibrake=1.00 hasABS=0 sy=0.00 split=1.000,0.875 ===
314.17530|I|libbeamng.print:18052| === LSTM_OBS t=900 19.84471,19.85398,19.58155,19.69410,0.00000,0.00000,0.00000,0.01209,0.00000,0.00000,0.00049,1.00000,0.00000,0.00000,0.00000,5609.44187,0.00000 ===
314.22451|I|libbeamng.print:18052| === LSTM_TRACE t=910 v=19.70 ws=19.70,19.84,19.50,19.68 cmd=0.017,0.023,0.010,0.010 cap=52,72,20,19 des=52,72,18,17 app=48,68,16,16 abs=nil,nil,nil,nil ebrake=1.00 ibrake=1.00 hasABS=0 sy=0.00 split=1.000,0.875 ===
314.22455|I|libbeamng.print:18052| === LSTM_OBS t=910 19.70108,19.84309,19.49719,19.67726,0.00000,0.00000,0.00000,-0.01752,0.00000,0.00000,0.00069,1.00000,0.00000,0.00000,0.00000,5584.97230,0.00000 ===
314.27476|I|libbeamng.print:18052| === LSTM_TRACE t=920 v=19.61 ws=19.57,19.77,19.47,19.49 cmd=0.017,0.023,0.010,0.010 cap=52,73,20,19 des=52,73,18,17 app=49,68,16,16 abs=nil,nil,nil,nil ebrake=1.00 ibrake=1.00 hasABS=0 sy=0.00 split=1.000,0.875 ===
314.27480|I|libbeamng.print:18052| === LSTM_OBS t=920 19.57072,19.76783,19.46579,19.48705,0.00000,0.00000,0.00000,-0.00868,0.00000,0.00000,0.00000,1.00000,0.00000,0.00000,0.00000,5560.21012,0.00000 ===
314.32473|I|libbeamng.print:18052| === LSTM_TRACE t=930 v=19.53 ws=19.49,19.67,19.33,19.49 cmd=0.017,0.024,0.010,0.010 cap=53,73,20,19 des=53,73,17,17 app=49,69,16,16 abs=nil,nil,nil,nil ebrake=1.00 ibrake=1.00 hasABS=0 sy=0.00 split=1.000,0.875 ===
314.32477|I|libbeamng.print:18052| === LSTM_OBS t=930 19.48598,19.67434,19.33476,19.49388,0.00000,0.00000,0.00000,-0.01495,0.00000,0.00000,0.00069,1.00000,0.00000,0.00000,0.00000,5536.02236,0.00000 ===
314.37464|I|libbeamng.print:18052| === LSTM_TRACE t=940 v=19.44 ws=19.41,19.55,19.26,19.32 cmd=0.017,0.024,0.010,0.010 cap=53,73,20,19 des=53,73,17,17 app=49,69,16,16 abs=nil,nil,nil,nil ebrake=1.00 ibrake=1.00 hasABS=0 sy=0.00 split=1.000,0.875 ===
314.37468|I|libbeamng.print:18052| === LSTM_OBS t=940 19.40608,19.55183,19.26290,19.32378,0.00000,0.00000,0.00000,0.00083,0.00000,0.00000,0.00000,1.00000,0.00000,0.00000,0.00000,5511.80663,0.00000 ===
314.42481|I|libbeamng.print:18052| === LSTM_TRACE t=950 v=19.36 ws=19.35,19.50,19.20,19.25 cmd=0.017,0.024,0.010,0.010 cap=53,73,20,19 des=53,73,17,17 app=49,69,16,16 abs=nil,nil,nil,nil ebrake=1.00 ibrake=1.00 hasABS=0 sy=0.00 split=1.000,0.875 ===
314.42485|I|libbeamng.print:18052| === LSTM_OBS t=950 19.34886,19.49798,19.20271,19.24622,0.00000,0.00000,0.00000,-0.01236,0.00000,0.00000,0.00000,1.00000,0.00000,0.00000,0.00000,5485.77882,0.00000 ===
314.47459|I|libbeamng.print:18052| === LSTM_TRACE t=960 v=19.27 ws=19.23,19.41,19.09,19.19 cmd=0.017,0.024,0.010,0.010 cap=53,74,20,19 des=53,74,17,17 app=50,70,16,16 abs=nil,nil,nil,nil ebrake=1.00 ibrake=1.00 hasABS=0 sy=0.00 split=1.000,0.875 ===
314.47465|I|libbeamng.print:18052| === LSTM_OBS t=960 19.23206,19.40592,19.08726,19.19194,0.00000,0.00000,0.00000,-0.00916,0.00000,0.00000,0.00000,1.00000,0.00000,0.00000,0.00000,5462.87729,0.00000 ===
314.52472|I|libbeamng.print:18052| === LSTM_TRACE t=970 v=19.20 ws=19.18,19.34,19.02,19.09 cmd=0.017,0.024,0.010,0.010 cap=53,74,20,19 des=53,74,17,17 app=50,69,16,16 abs=nil,nil,nil,nil ebrake=1.00 ibrake=1.00 hasABS=0 sy=0.00 split=1.000,0.875 ===
314.52476|I|libbeamng.print:18052| === LSTM_OBS t=970 19.17814,19.33755,19.02290,19.09432,0.00000,0.00000,0.00000,-0.01105,0.00000,0.00000,0.00049,1.00000,0.00000,0.00000,0.00000,5438.65663,0.00000 ===
314.57479|I|libbeamng.print:18052| === LSTM_TRACE t=980 v=19.10 ws=19.13,19.19,18.97,19.01 cmd=0.017,0.024,0.010,0.010 cap=53,74,20,19 des=53,74,17,17 app=50,69,16,16 abs=nil,nil,nil,nil ebrake=1.00 ibrake=1.00 hasABS=0 sy=0.00 split=1.000,0.875 ===
314.57486|I|libbeamng.print:18052| === LSTM_OBS t=980 19.13027,19.19192,18.96723,19.01255,0.00000,0.00000,0.00000,0.00115,0.00000,0.00000,0.00049,1.00000,0.00000,0.00000,0.00000,5414.05581,0.00000 ===
314.62475|I|libbeamng.print:18052| === LSTM_TRACE t=990 v=19.01 ws=19.04,19.05,18.84,18.97 cmd=0.017,0.024,0.010,0.010 cap=54,74,19,19 des=54,74,17,17 app=50,70,16,16 abs=nil,nil,nil,nil ebrake=1.00 ibrake=1.00 hasABS=0 sy=0.00 split=1.000,0.875 ===
314.62479|I|libbeamng.print:18052| === LSTM_OBS t=990 19.04318,19.04888,18.84073,18.97435,0.00000,0.00000,0.00000,0.00412,0.00000,0.00000,0.00049,1.00000,0.00000,0.00000,0.00000,5391.06846,0.00000 ===
314.67487|I|libbeamng.print:18052| === LSTM_TRACE t=1000 v=18.94 ws=18.91,19.07,18.74,18.84 cmd=0.017,0.024,0.010,0.010 cap=54,75,19,19 des=54,75,17,17 app=50,70,16,16 abs=nil,nil,nil,nil ebrake=1.00 ibrake=1.00 hasABS=0 sy=0.00 split=1.000,0.875 ===
314.67494|I|libbeamng.print:18052| === LSTM_OBS t=1000 18.91072,19.06764,18.74496,18.84084,0.00000,0.00000,0.00000,-0.00837,0.00000,0.00000,0.00049,1.00000,0.00000,0.00000,0.00000,5367.10388,0.00000 ===
314.72468|I|libbeamng.print:18052| === LSTM_TRACE t=1010 v=18.85 ws=18.86,18.94,18.68,18.74 cmd=0.017,0.024,0.010,0.009 cap=54,74,19,19 des=54,74,17,17 app=50,70,16,16 abs=nil,nil,nil,nil ebrake=1.00 ibrake=1.00 hasABS=0 sy=0.00 split=1.000,0.875 ===
314.72471|I|libbeamng.print:18052| === LSTM_OBS t=1010 18.86200,18.93771,18.67915,18.73944,0.00000,0.00000,0.00000,0.00339,0.00000,0.00000,0.00000,1.00000,0.00000,0.00000,0.00000,5343.05332,0.00000 ===
314.77511|I|libbeamng.print:18052| === LSTM_TRACE t=1020 v=18.77 ws=18.73,18.86,18.65,18.66 cmd=0.017,0.024,0.010,0.009 cap=54,75,19,19 des=54,75,17,17 app=50,70,16,16 abs=nil,nil,nil,nil ebrake=1.00 ibrake=1.00 hasABS=0 sy=0.00 split=1.000,0.875 ===
314.77515|I|libbeamng.print:18052| === LSTM_OBS t=1020 18.73361,18.85782,18.65089,18.66163,0.00000,0.00000,0.00000,-0.00456,0.00000,0.00000,0.00000,1.00000,0.00000,0.00000,0.00000,5319.12783,0.00000 ===
314.82463|I|libbeamng.print:18052| === LSTM_TRACE t=1030 v=18.68 ws=18.70,18.73,18.55,18.61 cmd=0.018,0.024,0.010,0.009 cap=55,76,19,19 des=55,76,17,17 app=51,71,16,16 abs=nil,nil,nil,nil ebrake=1.00 ibrake=1.00 hasABS=0 sy=0.00 split=1.000,0.875 ===
314.82467|I|libbeamng.print:18052| === LSTM_OBS t=1030 18.69643,18.73212,18.54916,18.60843,0.00000,0.00000,0.00000,0.00091,0.00000,0.00000,0.00049,1.00000,0.00000,0.00000,0.00000,5295.38602,0.00000 ===
314.87451|I|libbeamng.print:18052| === LSTM_TRACE t=1040 v=18.61 ws=18.59,18.69,18.43,18.60 cmd=0.018,0.024,0.010,0.009 cap=54,75,19,19 des=54,75,17,17 app=51,71,16,16 abs=nil,nil,nil,nil ebrake=1.00 ibrake=1.00 hasABS=0 sy=0.00 split=1.000,0.875 ===
314.87454|I|libbeamng.print:18052| === LSTM_OBS t=1040 18.59451,18.68715,18.42903,18.60195,0.00000,0.00000,0.00000,-0.00937,0.00000,0.00000,0.00069,1.00000,0.00000,0.00000,0.00000,5272.49723,0.00000 ===
314.92439|I|libbeamng.print:18052| === LSTM_TRACE t=1050 v=18.52 ws=18.49,18.62,18.38,18.46 cmd=0.018,0.024,0.010,0.009 cap=55,76,19,19 des=55,76,17,17 app=51,71,16,16 abs=nil,nil,nil,nil ebrake=1.00 ibrake=1.00 hasABS=0 sy=0.00 split=1.000,0.875 ===
314.92443|I|libbeamng.print:18052| === LSTM_OBS t=1050 18.49176,18.62359,18.38045,18.46209,0.00000,0.00000,0.00000,-0.00353,0.00000,0.00000,0.00049,1.00000,0.00000,0.00000,0.00000,5249.35737,0.00000 ===
314.97489|I|libbeamng.print:18052| === LSTM_TRACE t=1060 v=18.44 ws=18.44,18.53,18.29,18.41 cmd=0.018,0.025,0.010,0.009 cap=55,76,19,19 des=55,76,17,17 app=52,72,16,16 abs=nil,nil,nil,nil ebrake=1.00 ibrake=1.00 hasABS=0 sy=0.00 split=1.000,0.875 ===
314.97492|I|libbeamng.print:18052| === LSTM_OBS t=1060 18.44314,18.53037,18.29250,18.40567,0.00000,0.00000,0.00000,0.00605,0.00000,0.00000,0.00000,1.00000,0.00000,0.00000,0.00000,5225.72181,0.00000 ===
315.02673|I|libbeamng.print:18052| === LSTM_TRACE t=1070 v=18.35 ws=18.35,18.41,18.21,18.29 cmd=0.018,0.025,0.010,0.009 cap=55,77,19,19 des=55,77,17,17 app=52,72,16,16 abs=nil,nil,nil,nil ebrake=1.00 ibrake=1.00 hasABS=0 sy=0.00 split=1.000,0.875 ===
315.02678|I|libbeamng.print:18052| === LSTM_OBS t=1070 18.35477,18.40715,18.21061,18.29190,0.00000,0.00000,0.00000,0.00526,0.00000,0.00000,0.00049,1.00000,0.00000,0.00000,0.00000,5202.49479,0.00000 ===
315.07475|I|libbeamng.print:18052| === LSTM_TRACE t=1080 v=18.27 ws=18.29,18.31,18.14,18.21 cmd=0.018,0.025,0.010,0.009 cap=56,77,19,19 des=56,77,17,17 app=52,72,16,16 abs=nil,nil,nil,nil ebrake=1.00 ibrake=1.00 hasABS=0 sy=0.00 split=1.000,0.875 ===
315.07479|I|libbeamng.print:18052| === LSTM_OBS t=1080 18.29415,18.31435,18.13758,18.20764,0.00000,0.00000,0.00000,0.00588,0.00000,0.00000,0.00049,1.00000,0.00000,0.00000,0.00000,5179.19638,0.00000 ===
315.12453|I|libbeamng.print:18052| === LSTM_TRACE t=1090 v=18.19 ws=18.18,18.25,18.03,18.16 cmd=0.018,0.025,0.010,0.009 cap=56,77,19,19 des=56,77,17,17 app=52,73,16,16 abs=nil,nil,nil,nil ebrake=1.00 ibrake=1.00 hasABS=0 sy=0.00 split=1.000,0.875 ===
315.12457|I|libbeamng.print:18052| === LSTM_OBS t=1090 18.18424,18.24956,18.03372,18.16181,0.00000,0.00000,0.00000,0.00525,0.00000,0.00000,0.00000,1.00000,0.00000,0.00000,0.00000,5156.10082,0.00000 ===
315.18675|I|libbeamng.print:18052| === LSTM_TRACE t=1100 v=18.11 ws=18.11,18.15,17.96,18.09 cmd=0.018,0.025,0.010,0.009 cap=56,77,19,19 des=56,77,17,17 app=52,73,16,16 abs=nil,nil,nil,nil ebrake=1.00 ibrake=1.00 hasABS=0 sy=0.00 split=1.000,0.875 ===
315.18681|I|libbeamng.print:18052| === LSTM_OBS t=1100 18.11319,18.15229,17.95799,18.09049,0.00000,0.00000,0.00000,0.00337,0.00000,0.00000,0.00000,1.00000,0.00000,0.00000,0.00000,5132.11834,0.00000 ===
315.23243|I|libbeamng.print:18052| === LSTM_TRACE t=1110 v=18.02 ws=18.04,18.08,17.89,17.98 cmd=0.018,0.025,0.010,0.009 cap=56,78,19,19 des=56,78,17,17 app=53,73,16,16 abs=nil,nil,nil,nil ebrake=1.00 ibrake=1.00 hasABS=0 sy=0.00 split=1.000,0.875 ===
315.23249|I|libbeamng.print:18052| === LSTM_OBS t=1110 18.03794,18.07591,17.88780,17.98285,0.00000,0.00000,0.00000,0.00166,0.00000,0.00000,0.00000,1.00000,0.00000,0.00000,0.00000,5110.38660,0.00000 ===
315.28178|I|libbeamng.print:18052| === LSTM_TRACE t=1120 v=17.94 ws=17.94,18.02,17.87,17.85 cmd=0.018,0.025,0.010,0.009 cap=56,78,19,19 des=56,78,17,17 app=53,73,16,16 abs=nil,nil,nil,nil ebrake=1.00 ibrake=1.00 hasABS=0 sy=0.00 split=1.000,0.875 ===
315.28182|I|libbeamng.print:18052| === LSTM_OBS t=1120 17.94116,18.01955,17.86651,17.84799,0.00000,0.00000,0.00000,0.00828,0.00000,0.00000,0.00049,1.00000,0.00000,0.00000,0.00000,5086.41633,0.00000 ===
315.33140|I|libbeamng.print:18052| === LSTM_TRACE t=1130 v=17.86 ws=17.83,17.98,17.75,17.80 cmd=0.018,0.025,0.010,0.009 cap=57,78,19,19 des=57,78,17,17 app=53,74,16,16 abs=nil,nil,nil,nil ebrake=1.00 ibrake=1.00 hasABS=0 sy=0.00 split=1.000,0.875 ===
315.33146|I|libbeamng.print:18052| === LSTM_OBS t=1130 17.83292,17.98218,17.75045,17.80173,0.00000,0.00000,0.00000,0.00270,0.00000,0.00000,0.00000,1.00000,0.00000,0.00000,0.00000,5063.48698,0.00000 ===
315.38096|I|libbeamng.print:18052| === LSTM_TRACE t=1140 v=17.78 ws=17.75,17.88,17.60,17.70 cmd=0.019,0.026,0.010,0.009 cap=58,79,19,19 des=58,79,17,17 app=54,75,16,16 abs=nil,nil,nil,nil ebrake=1.00 ibrake=1.00 hasABS=0 sy=0.00 split=1.000,0.875 ===
315.38100|I|libbeamng.print:18052| === LSTM_OBS t=1140 17.74987,17.88151,17.59801,17.70009,0.00000,0.00000,0.00000,-0.00513,0.00000,0.00000,0.00069,1.00000,0.00000,0.00000,0.00000,5039.64927,0.00000 ===
315.42788|I|libbeamng.print:18052| === LSTM_TRACE t=1150 v=17.70 ws=17.72,17.71,17.52,17.64 cmd=0.019,0.026,0.010,0.009 cap=58,79,19,19 des=58,79,17,17 app=54,75,16,16 abs=nil,nil,nil,nil ebrake=1.00 ibrake=1.00 hasABS=0 sy=0.00 split=1.000,0.875 ===
315.42792|I|libbeamng.print:18052| === LSTM_OBS t=1150 17.72304,17.71037,17.51692,17.63879,0.00000,0.00000,0.00000,0.00742,0.00000,0.00000,0.00049,1.00000,0.00000,0.00000,0.00000,5019.09172,0.00000 ===
315.47761|I|libbeamng.print:18052| === LSTM_TRACE t=1160 v=17.61 ws=17.57,17.72,17.47,17.61 cmd=0.019,0.026,0.010,0.009 cap=58,80,19,19 des=58,80,17,17 app=54,75,16,16 abs=nil,nil,nil,nil ebrake=1.00 ibrake=1.00 hasABS=0 sy=0.00 split=1.000,0.875 ===
315.47765|I|libbeamng.print:18052| === LSTM_OBS t=1160 17.57025,17.71829,17.46964,17.61090,0.00000,0.00000,0.00000,-0.00997,0.00000,0.00000,0.00049,1.00000,0.00000,0.00000,0.00000,4996.31308,0.00000 ===
315.52844|I|libbeamng.print:18052| === LSTM_TRACE t=1170 v=17.53 ws=17.54,17.55,17.45,17.46 cmd=0.019,0.026,0.010,0.009 cap=58,80,19,19 des=58,80,17,17 app=54,75,16,16 abs=nil,nil,nil,nil ebrake=1.00 ibrake=1.00 hasABS=0 sy=0.00 split=1.000,0.875 ===
315.52850|I|libbeamng.print:18052| === LSTM_OBS t=1170 17.54030,17.54614,17.45270,17.45505,0.00000,0.00000,0.00000,-0.00459,0.00000,0.00000,0.00000,1.00000,0.00000,0.00000,0.00000,4973.01226,0.00000 ===
315.57693|I|libbeamng.print:18052| === LSTM_TRACE t=1180 v=17.45 ws=17.44,17.58,17.29,17.36 cmd=0.019,0.026,0.009,0.009 cap=58,80,19,19 des=58,80,17,17 app=54,75,16,16 abs=nil,nil,nil,nil ebrake=1.00 ibrake=1.00 hasABS=0 sy=0.00 split=1.000,0.875 ===
315.57697|I|libbeamng.print:18052| === LSTM_OBS t=1180 17.43812,17.58392,17.28701,17.35587,0.00000,0.00000,0.00000,0.00634,0.00000,0.00000,0.00049,1.00000,0.00000,0.00000,0.00000,4949.61020,0.00000 ===
315.62662|I|libbeamng.print:18052| === LSTM_TRACE t=1190 v=17.37 ws=17.40,17.36,17.22,17.40 cmd=0.019,0.026,0.009,0.009 cap=59,81,19,19 des=59,81,17,17 app=55,76,16,16 abs=nil,nil,nil,nil ebrake=1.00 ibrake=1.00 hasABS=0 sy=0.00 split=1.000,0.875 ===
315.62666|I|libbeamng.print:18052| === LSTM_OBS t=1190 17.40480,17.36336,17.21637,17.39703,0.00000,0.00000,0.00000,0.00236,0.00000,0.00000,0.00000,1.00000,0.00000,0.00000,0.00000,4926.82262,0.00000 ===
315.67681|I|libbeamng.print:18052| === LSTM_TRACE t=1200 v=17.29 ws=17.21,17.38,17.22,17.24 cmd=0.019,0.026,0.009,0.009 cap=59,81,19,19 des=59,81,17,17 app=55,76,16,16 abs=nil,nil,nil,nil ebrake=1.00 ibrake=1.00 hasABS=0 sy=0.00 split=1.000,0.875 ===
315.67684|I|libbeamng.print:18052| === LSTM_OBS t=1200 17.20609,17.37999,17.21598,17.24123,0.00000,0.00000,0.00000,-0.00897,0.00000,0.00000,0.00049,1.00000,0.00000,0.00000,0.00000,4904.90342,0.00000 ===
315.72655|I|libbeamng.print:18052| === LSTM_TRACE t=1210 v=17.20 ws=17.20,17.35,17.05,17.16 cmd=0.019,0.026,0.009,0.009 cap=59,82,19,19 des=59,82,17,17 app=55,77,16,16 abs=nil,nil,nil,nil ebrake=1.00 ibrake=1.00 hasABS=0 sy=0.00 split=1.000,0.875 ===
315.72659|I|libbeamng.print:18052| === LSTM_OBS t=1210 17.19791,17.34513,17.05459,17.15733,0.00000,0.00000,0.00000,0.00884,0.00000,0.00000,0.00000,1.00000,0.00000,0.00000,0.00000,4881.98675,0.00000 ===
315.77672|I|libbeamng.print:18052| === LSTM_TRACE t=1220 v=17.12 ws=17.17,17.10,17.08,17.05 cmd=0.019,0.026,0.009,0.009 cap=60,82,19,19 des=60,82,17,17 app=56,78,16,16 abs=nil,nil,nil,nil ebrake=1.00 ibrake=1.00 hasABS=0 sy=0.00 split=1.000,0.875 ===
315.77676|I|libbeamng.print:18052| === LSTM_OBS t=1220 17.16601,17.09672,17.07907,17.04684,0.00000,0.00000,0.00000,0.00888,0.00000,0.00000,0.00049,1.00000,0.00000,0.00000,0.00000,4858.73500,0.00000 ===
315.82649|I|libbeamng.print:18052| === LSTM_TRACE t=1230 v=17.05 ws=17.05,17.06,16.91,16.95 cmd=0.019,0.026,0.009,0.009 cap=59,82,19,19 des=59,82,17,17 app=55,77,16,16 abs=nil,nil,nil,nil ebrake=1.00 ibrake=1.00 hasABS=0 sy=0.00 split=1.000,0.875 ===
315.82653|I|libbeamng.print:18052| === LSTM_OBS t=1230 17.04504,17.05624,16.91181,16.95353,0.00000,0.00000,0.00000,-0.01273,0.00000,0.00000,0.00049,1.00000,0.00000,0.00000,0.00000,4836.33565,0.00000 ===
315.87730|I|libbeamng.print:18052| === LSTM_TRACE t=1240 v=16.97 ws=16.99,17.01,16.87,16.91 cmd=0.020,0.027,0.009,0.009 cap=60,83,19,19 des=60,83,17,17 app=56,78,16,16 abs=nil,nil,nil,nil ebrake=1.00 ibrake=1.00 hasABS=0 sy=0.00 split=1.000,0.875 ===
315.87736|I|libbeamng.print:18052| === LSTM_OBS t=1240 16.98806,17.01129,16.87438,16.90704,0.00000,0.00000,0.00000,-0.01280,0.00000,0.00000,0.00000,1.00000,0.00000,0.00000,0.00000,4814.17102,0.00000 ===
315.92651|I|libbeamng.print:18052| === LSTM_TRACE t=1250 v=16.89 ws=16.83,16.94,16.74,16.79 cmd=0.020,0.027,0.009,0.009 cap=61,84,19,19 des=61,84,17,17 app=57,79,16,16 abs=nil,nil,nil,nil ebrake=1.00 ibrake=1.00 hasABS=0 sy=0.00 split=1.000,0.875 ===
315.92655|I|libbeamng.print:18052| === LSTM_OBS t=1250 16.82565,16.94364,16.74476,16.79425,0.00000,0.00000,0.00000,-0.00982,0.00000,0.00000,0.00000,1.00000,0.00000,0.00000,0.00000,4790.95384,0.00000 ===
315.97682|I|libbeamng.print:18052| === LSTM_TRACE t=1260 v=16.80 ws=16.81,16.86,16.75,16.72 cmd=0.020,0.027,0.009,0.009 cap=61,84,19,19 des=61,84,17,17 app=57,79,16,16 abs=nil,nil,nil,nil ebrake=1.00 ibrake=1.00 hasABS=0 sy=0.00 split=1.000,0.875 ===
315.97687|I|libbeamng.print:18052| === LSTM_OBS t=1260 16.81251,16.86398,16.74648,16.72174,0.00000,0.00000,0.00000,-0.00570,0.00000,0.00000,0.00069,1.00000,0.00000,0.00000,0.00000,4768.07220,0.00000 ===
316.02634|I|libbeamng.print:18052| === LSTM_TRACE t=1270 v=16.72 ws=16.71,16.77,16.61,16.70 cmd=0.020,0.027,0.009,0.009 cap=62,85,19,19 des=62,85,17,17 app=58,80,16,16 abs=nil,nil,nil,nil ebrake=1.00 ibrake=1.00 hasABS=0 sy=0.00 split=1.000,0.875 ===
316.02638|I|libbeamng.print:18052| === LSTM_OBS t=1270 16.71137,16.76648,16.60790,16.70463,0.00000,0.00000,0.00000,-0.00524,0.00000,0.00000,0.00049,1.00000,0.00000,0.00000,0.00000,4744.92218,0.00000 ===
316.07614|I|libbeamng.print:18052| === LSTM_TRACE t=1280 v=16.63 ws=16.71,16.63,16.55,16.62 cmd=0.020,0.028,0.009,0.009 cap=62,86,19,19 des=62,86,17,17 app=58,81,16,16 abs=nil,nil,nil,nil ebrake=1.00 ibrake=1.00 hasABS=0 sy=0.00 split=1.000,0.875 ===
316.07618|I|libbeamng.print:18052| === LSTM_OBS t=1280 16.71232,16.62865,16.54657,16.61962,0.00000,0.00000,0.00000,-0.00064,0.00000,0.00000,0.00000,1.00000,0.00000,0.00000,0.00000,4722.38943,0.00000 ===
316.12638|I|libbeamng.print:18052| === LSTM_TRACE t=1290 v=16.55 ws=16.61,16.61,16.42,16.55 cmd=0.020,0.028,0.009,0.009 cap=62,86,19,19 des=62,86,17,17 app=58,81,16,16 abs=nil,nil,nil,nil ebrake=1.00 ibrake=1.00 hasABS=0 sy=0.00 split=1.000,0.875 ===
316.12642|I|libbeamng.print:18052| === LSTM_OBS t=1290 16.60522,16.60926,16.41867,16.54845,0.00000,0.00000,0.00000,-0.00080,0.00000,0.00000,0.00000,1.00000,0.00000,0.00000,0.00000,4699.89426,0.00000 ===
316.17690|I|libbeamng.print:18052| === LSTM_TRACE t=1300 v=16.47 ws=16.42,16.57,16.36,16.40 cmd=0.020,0.028,0.009,0.009 cap=62,86,19,19 des=62,86,17,17 app=58,81,16,16 abs=nil,nil,nil,nil ebrake=1.00 ibrake=1.00 hasABS=0 sy=0.00 split=1.000,0.875 ===
316.17694|I|libbeamng.print:18052| === LSTM_OBS t=1300 16.41856,16.57364,16.36458,16.40376,0.00000,0.00000,0.00000,0.00085,0.00000,0.00000,0.00000,1.00000,0.00000,0.00000,0.00000,4676.61353,0.00000 ===
316.22635|I|libbeamng.print:18052| === LSTM_TRACE t=1310 v=16.39 ws=16.38,16.46,16.28,16.38 cmd=0.020,0.028,0.009,0.009 cap=63,87,19,19 des=63,87,17,17 app=59,82,16,16 abs=nil,nil,nil,nil ebrake=1.00 ibrake=1.00 hasABS=0 sy=0.00 split=1.000,0.875 ===
316.22639|I|libbeamng.print:18052| === LSTM_OBS t=1310 16.37688,16.45582,16.28437,16.38460,0.00000,0.00000,0.00000,0.00074,0.00000,0.00000,0.00049,1.00000,0.00000,0.00000,0.00000,4654.38179,0.00000 ===
316.27698|I|libbeamng.print:18052| === LSTM_TRACE t=1320 v=16.31 ws=16.37,16.35,16.26,16.22 cmd=0.020,0.028,0.009,0.009 cap=63,87,19,19 des=63,87,17,17 app=59,82,16,16 abs=nil,nil,nil,nil ebrake=1.00 ibrake=1.00 hasABS=0 sy=0.00 split=1.000,0.875 ===
316.27702|I|libbeamng.print:18052| === LSTM_OBS t=1320 16.36999,16.34660,16.25796,16.21935,0.00000,0.00000,0.00000,-0.00094,0.00000,0.00000,0.00000,1.00000,0.00000,0.00000,0.00000,4628.83194,0.00000 ===
316.32635|I|libbeamng.print:18052| === LSTM_TRACE t=1330 v=16.22 ws=16.14,16.33,16.09,16.31 cmd=0.020,0.028,0.009,0.009 cap=64,88,19,19 des=64,88,17,17 app=60,83,16,16 abs=nil,nil,nil,nil ebrake=1.00 ibrake=1.00 hasABS=0 sy=0.00 split=1.000,0.875 ===
316.32638|I|libbeamng.print:18052| === LSTM_OBS t=1330 16.13528,16.33426,16.09255,16.30533,0.00000,0.00000,0.00000,0.00328,0.00000,0.00000,0.00000,1.00000,0.00000,0.00000,0.00000,4605.98456,0.00000 ===
316.37703|I|libbeamng.print:18052| === LSTM_TRACE t=1340 v=16.15 ws=16.19,16.16,16.05,16.10 cmd=0.021,0.029,0.009,0.009 cap=64,88,19,19 des=64,88,17,17 app=60,83,16,16 abs=nil,nil,nil,nil ebrake=1.00 ibrake=1.00 hasABS=0 sy=0.00 split=1.000,0.875 ===
316.37707|I|libbeamng.print:18052| === LSTM_OBS t=1340 16.19315,16.15687,16.05150,16.10273,0.00000,0.00000,0.00000,0.00883,0.00000,0.00000,0.00000,1.00000,0.00000,0.00000,0.00000,4585.73213,0.00000 ===
316.42742|I|libbeamng.print:18052| === LSTM_TRACE t=1350 v=16.06 ws=16.04,16.17,15.92,16.01 cmd=0.021,0.029,0.009,0.009 cap=64,89,19,19 des=64,89,17,17 app=60,84,16,16 abs=nil,nil,nil,nil ebrake=1.00 ibrake=1.00 hasABS=0 sy=0.00 split=1.000,0.875 ===
316.42748|I|libbeamng.print:18052| === LSTM_OBS t=1350 16.04153,16.17310,15.91562,16.01471,0.00000,0.00000,0.00000,-0.00031,0.00000,0.00000,0.00049,1.00000,0.00000,0.00000,0.00000,4561.28911,0.00000 ===
316.47634|I|libbeamng.print:18052| === LSTM_TRACE t=1360 v=15.98 ws=16.04,16.05,15.89,15.97 cmd=0.021,0.029,0.009,0.009 cap=65,90,19,19 des=65,90,17,17 app=61,84,16,16 abs=nil,nil,nil,nil ebrake=1.00 ibrake=1.00 hasABS=0 sy=0.00 split=1.000,0.875 ===
316.47638|I|libbeamng.print:18052| === LSTM_OBS t=1360 16.03791,16.05134,15.89448,15.96566,0.00000,0.00000,0.00000,0.00189,0.00000,0.00000,0.00000,1.00000,0.00000,0.00000,0.00000,4538.61225,0.00000 ===
316.52693|I|libbeamng.print:18052| === LSTM_TRACE t=1370 v=15.90 ws=15.89,15.97,15.87,15.85 cmd=0.021,0.029,0.009,0.009 cap=65,90,19,19 des=65,90,17,17 app=61,85,16,16 abs=nil,nil,nil,nil ebrake=1.00 ibrake=1.00 hasABS=0 sy=0.00 split=1.000,0.875 ===
316.52697|I|libbeamng.print:18052| === LSTM_OBS t=1370 15.89361,15.97464,15.86802,15.84522,0.00000,0.00000,0.00000,-0.00756,0.00000,0.00000,0.00000,1.00000,0.00000,0.00000,0.00000,4514.81063,0.00000 ===
316.57632|I|libbeamng.print:18052| === LSTM_TRACE t=1380 v=15.80 ws=15.77,15.91,15.46,15.42 cmd=0.022,0.030,0.009,0.009 cap=68,94,19,19 des=68,94,17,17 app=64,88,16,16 abs=nil,nil,nil,nil ebrake=1.00 ibrake=1.00 hasABS=0 sy=0.00 split=1.000,0.875 ===
316.57635|I|libbeamng.print:18052| === LSTM_OBS t=1380 15.76632,15.91137,15.45693,15.42205,0.00000,0.00000,0.00000,-0.00358,0.00000,0.00000,0.00049,1.00000,0.00000,0.00000,0.00000,4525.18759,0.00000 ===
316.62627|I|libbeamng.print:18052| === LSTM_TRACE t=1390 v=15.58 ws=15.56,15.68,15.12,15.21 cmd=0.021,0.029,0.009,0.009 cap=65,91,19,19 des=65,91,17,17 app=61,86,16,16 abs=nil,nil,nil,nil ebrake=1.00 ibrake=1.00 hasABS=0 sy=0.00 split=1.000,0.875 ===
316.62631|I|libbeamng.print:18052| === LSTM_OBS t=1390 15.55580,15.68440,15.12311,15.20997,0.00000,0.00000,0.00000,0.00238,0.00000,0.00000,0.00000,1.00000,0.00000,0.00000,0.00000,4746.50003,0.00000 ===
316.67671|I|libbeamng.print:18052| === LSTM_TRACE t=1400 v=15.36 ws=15.38,15.46,14.92,14.87 cmd=0.018,0.026,0.009,0.009 cap=57,81,19,19 des=57,81,17,17 app=53,76,16,16 abs=nil,nil,nil,nil ebrake=1.00 ibrake=1.00 hasABS=0 sy=0.00 split=1.000,0.875 ===
316.67675|I|libbeamng.print:18052| === LSTM_OBS t=1400 15.38089,15.45774,14.92101,14.87021,0.00000,0.00000,0.00000,0.00245,0.00000,0.00000,0.00069,1.00000,0.00000,0.00000,0.00000,5039.64320,0.00000 ===
316.72625|I|libbeamng.print:18052| === LSTM_TRACE t=1410 v=15.16 ws=15.15,15.30,14.60,14.92 cmd=0.017,0.024,0.010,0.009 cap=52,74,19,19 des=52,74,17,17 app=49,70,16,16 abs=nil,nil,nil,nil ebrake=1.00 ibrake=1.00 hasABS=0 sy=0.00 split=1.000,0.875 ===
316.72629|I|libbeamng.print:18052| === LSTM_OBS t=1410 15.15368,15.29784,14.59596,14.91955,0.00000,0.00000,0.00000,-0.00296,0.00000,0.00000,0.00049,1.00000,0.00000,0.00000,0.00000,5315.34840,0.00000 ===
316.77636|I|libbeamng.print:18052| === LSTM_TRACE t=1420 v=14.93 ws=14.92,15.01,14.59,14.46 cmd=0.015,0.022,0.012,0.012 cap=48,68,22,22 des=48,68,20,19 app=45,64,18,18 abs=nil,nil,nil,nil ebrake=1.00 ibrake=1.00 hasABS=0 sy=0.00 split=1.000,0.875 ===
316.77641|I|libbeamng.print:18052| === LSTM_OBS t=1420 14.91626,15.00955,14.58923,14.46360,0.00000,0.00000,0.00000,-0.00876,0.00000,0.00000,0.00000,1.00000,0.00000,0.00000,0.00000,5577.26234,0.00000 ===
316.82645|I|libbeamng.print:18052| === LSTM_TRACE t=1430 v=14.69 ws=14.80,14.78,14.20,14.32 cmd=0.015,0.021,0.031,0.026 cap=46,65,52,45 des=46,65,45,39 app=43,61,42,36 abs=nil,nil,nil,nil ebrake=1.00 ibrake=1.00 hasABS=0 sy=0.00 split=1.000,0.875 ===
316.82650|I|libbeamng.print:18052| === LSTM_OBS t=1430 14.80381,14.77597,14.20440,14.31543,0.00000,0.00000,0.00000,-0.01015,0.00000,0.00000,0.00000,1.00000,0.00000,0.00000,0.00000,5821.67025,0.00000 ===
316.87706|I|libbeamng.print:18052| === LSTM_TRACE t=1440 v=14.47 ws=14.48,14.50,14.22,14.25 cmd=0.016,0.032,0.199,0.178 cap=48,93,339,293 des=48,93,297,257 app=45,88,276,239 abs=nil,nil,nil,nil ebrake=1.00 ibrake=1.00 hasABS=0 sy=0.00 split=1.000,0.875 ===
316.87723|I|libbeamng.print:18052| === LSTM_OBS t=1440 14.47706,14.49639,14.21717,14.25165,0.00000,0.00000,0.00000,0.00168,0.00000,0.00000,0.00000,1.00000,0.00000,0.00000,0.00000,6015.12220,0.00000 ===
316.92637|I|libbeamng.print:18052| === LSTM_TRACE t=1450 v=14.31 ws=14.29,14.35,14.13,14.26 cmd=0.044,0.059,0.081,0.117 cap=130,185,196,277 des=130,185,171,243 app=122,175,160,226 abs=nil,nil,nil,nil ebrake=1.00 ibrake=1.00 hasABS=0 sy=0.00 split=1.000,0.875 ===
316.92642|I|libbeamng.print:18052| === LSTM_OBS t=1450 14.29292,14.35115,14.12557,14.26176,0.00000,0.00000,0.00000,-0.00846,0.00000,0.00000,0.00049,1.00000,0.00000,0.00000,0.00000,6051.22290,0.00000 ===
316.97638|I|libbeamng.print:18052| === LSTM_TRACE t=1460 v=14.17 ws=14.16,14.19,14.05,14.07 cmd=0.025,0.035,0.063,0.062 cap=82,111,104,110 des=82,111,91,96 app=77,105,85,90 abs=nil,nil,nil,nil ebrake=1.00 ibrake=1.00 hasABS=0 sy=0.00 split=1.000,0.875 ===
316.97643|I|libbeamng.print:18052| === LSTM_OBS t=1460 14.16042,14.18862,14.05253,14.06751,0.00000,0.00000,0.00000,-0.00017,0.00000,0.00000,0.00000,1.00000,0.00000,0.00000,0.00000,6030.48667,0.00000 ===
317.02624|I|libbeamng.print:18052| === LSTM_TRACE t=1470 v=14.05 ws=14.00,14.01,13.87,13.94 cmd=0.078,0.112,0.220,0.214 cap=200,300,460,423 des=200,300,403,370 app=187,283,377,346 abs=nil,nil,nil,nil ebrake=1.00 ibrake=1.00 hasABS=0 sy=0.00 split=1.000,0.875 ===
317.02628|I|libbeamng.print:18052| === LSTM_OBS t=1470 14.00249,14.01048,13.86751,13.93914,0.00000,0.00000,0.00000,-0.00371,0.00000,0.00000,0.00000,1.00000,0.00000,0.00000,0.00000,5981.00494,0.00000 ===
317.07612|I|libbeamng.print:18052| === LSTM_TRACE t=1480 v=13.88 ws=13.91,13.95,13.75,13.83 cmd=0.062,0.081,0.038,0.041 cap=216,275,80,87 des=216,275,70,76 app=203,259,65,71 abs=nil,nil,nil,nil ebrake=1.00 ibrake=1.00 hasABS=0 sy=0.00 split=1.000,0.875 ===
317.07616|I|libbeamng.print:18052| === LSTM_OBS t=1480 13.91274,13.95121,13.75031,13.83214,0.00000,0.00000,0.00000,-0.00318,0.00000,0.00000,0.00000,1.00000,0.00000,0.00000,0.00000,5916.54270,0.00000 ===
317.12724|I|libbeamng.print:18052| === LSTM_TRACE t=1490 v=13.76 ws=13.79,13.77,13.65,13.68 cmd=0.033,0.051,0.077,0.072 cap=106,159,120,116 des=106,159,105,101 app=99,150,98,94 abs=nil,nil,nil,nil ebrake=1.00 ibrake=1.00 hasABS=0 sy=0.00 split=1.000,0.875 ===
317.12728|I|libbeamng.print:18052| === LSTM_OBS t=1490 13.79440,13.77000,13.64871,13.68463,0.00000,0.00000,0.00000,-0.00259,0.00000,0.00000,0.00000,1.00000,0.00000,0.00000,0.00000,5869.11097,0.00000 ===
317.17634|I|libbeamng.print:18052| === LSTM_TRACE t=1500 v=13.64 ws=13.64,13.64,13.56,13.52 cmd=0.048,0.068,0.086,0.111 cap=145,212,196,247 des=145,212,171,216 app=136,200,160,202 abs=nil,nil,nil,nil ebrake=1.00 ibrake=1.00 hasABS=0 sy=0.00 split=1.000,0.875 ===
317.17638|I|libbeamng.print:18052| === LSTM_OBS t=1500 13.64241,13.64445,13.56390,13.52419,0.00000,0.00000,0.00000,-0.00187,0.00000,0.00000,0.00000,1.00000,0.00000,0.00000,0.00000,5808.38204,0.00000 ===
317.22666|I|libbeamng.print:18052| === LSTM_TRACE t=1510 v=13.51 ws=13.48,13.65,13.37,13.42 cmd=0.032,0.045,0.051,0.054 cap=101,141,91,101 des=101,141,80,88 app=94,133,75,82 abs=nil,nil,nil,nil ebrake=1.00 ibrake=1.00 hasABS=0 sy=0.00 split=1.000,0.875 ===
317.22671|I|libbeamng.print:18052| === LSTM_OBS t=1510 13.47507,13.64783,13.37272,13.42144,0.00000,0.00000,0.00000,0.00016,0.00000,0.00000,0.00000,1.00000,0.00000,0.00000,0.00000,5753.77221,0.00000 ===
317.27617|I|libbeamng.print:18052| === LSTM_TRACE t=1520 v=13.39 ws=13.34,13.31,13.21,13.33 cmd=0.076,0.119,0.164,0.160 cap=208,328,336,307 des=208,328,294,269 app=195,310,275,252 abs=nil,nil,nil,nil ebrake=1.00 ibrake=1.00 hasABS=0 sy=0.00 split=1.000,0.875 ===
317.27621|I|libbeamng.print:18052| === LSTM_OBS t=1520 13.34457,13.31459,13.20833,13.32818,0.00000,0.00000,0.00000,0.00099,0.00000,0.00000,0.00000,1.00000,0.00000,0.00000,0.00000,5702.27175,0.00000 ===
317.32632|I|libbeamng.print:18052| === LSTM_TRACE t=1530 v=13.23 ws=13.23,13.21,13.11,13.22 cmd=0.064,0.089,0.034,0.033 cap=220,302,75,73 des=220,302,66,64 app=206,286,62,60 abs=nil,nil,nil,nil ebrake=1.00 ibrake=1.00 hasABS=0 sy=0.00 split=1.000,0.875 ===
317.32640|I|libbeamng.print:18052| === LSTM_OBS t=1530 13.22876,13.20898,13.10780,13.22090,0.00000,0.00000,0.00000,-0.00228,0.00000,0.00000,0.00000,1.00000,0.00000,0.00000,0.00000,5641.03077,0.00000 ===
317.37632|I|libbeamng.print:18052| === LSTM_TRACE t=1540 v=13.12 ws=13.14,13.10,13.05,13.12 cmd=0.028,0.048,0.081,0.070 cap=92,150,126,110 des=92,150,110,96 app=86,142,103,90 abs=nil,nil,nil,nil ebrake=1.00 ibrake=1.00 hasABS=0 sy=0.00 split=1.000,0.875 ===
317.37636|I|libbeamng.print:18052| === LSTM_OBS t=1540 13.14045,13.10196,13.05436,13.12119,0.00000,0.00000,0.00000,-0.00420,0.00000,0.00000,0.00069,1.00000,0.00000,0.00000,0.00000,5590.69930,0.00000 ===
317.42642|I|libbeamng.print:18052| === LSTM_TRACE t=1550 v=13.00 ws=13.02,12.99,12.90,12.96 cmd=0.043,0.067,0.083,0.104 cap=128,207,189,232 des=128,207,166,203 app=120,195,155,190 abs=nil,nil,nil,nil ebrake=1.00 ibrake=1.00 hasABS=0 sy=0.00 split=1.000,0.875 ===
317.42647|I|libbeamng.print:18052| === LSTM_OBS t=1550 13.02104,12.98549,12.90282,12.95654,0.00000,0.00000,0.00000,-0.00404,0.00000,0.00000,0.00000,1.00000,0.00000,0.00000,0.00000,5530.15600,0.00000 ===
317.47620|I|libbeamng.print:18052| === LSTM_TRACE t=1560 v=12.87 ws=12.92,12.89,12.75,12.85 cmd=0.030,0.044,0.038,0.039 cap=96,142,72,78 des=96,142,63,69 app=90,134,59,64 abs=nil,nil,nil,nil ebrake=1.00 ibrake=1.00 hasABS=0 sy=0.00 split=1.000,0.875 ===
317.47624|I|libbeamng.print:18052| === LSTM_OBS t=1560 12.91697,12.89162,12.74927,12.84688,0.00000,0.00000,0.00000,-0.00522,0.00000,0.00000,0.00069,1.00000,0.00000,0.00000,0.00000,5480.44890,0.00000 ===
317.52622|I|libbeamng.print:18052| === LSTM_TRACE t=1570 v=12.76 ws=12.76,12.72,12.59,12.69 cmd=0.049,0.087,0.191,0.156 cap=127,228,342,268 des=127,228,299,234 app=119,216,280,219 abs=nil,nil,nil,nil ebrake=1.00 ibrake=1.00 hasABS=0 sy=0.00 split=1.000,0.875 ===
317.52626|I|libbeamng.print:18052| === LSTM_OBS t=1570 12.75604,12.71956,12.58826,12.68775,0.00000,0.00000,0.00000,-0.00182,0.00000,0.00000,0.00049,1.00000,0.00000,0.00000,0.00000,5434.04247,0.00000 ===
317.57658|I|libbeamng.print:18052| === LSTM_TRACE t=1580 v=12.60 ws=12.61,12.58,12.54,12.51 cmd=0.083,0.120,0.039,0.035 cap=281,402,90,83 des=281,402,79,73 app=264,381,74,68 abs=nil,nil,nil,nil ebrake=1.00 ibrake=1.00 hasABS=0 sy=0.00 split=1.000,0.875 ===
317.57662|I|libbeamng.print:18052| === LSTM_OBS t=1580 12.61460,12.57632,12.53936,12.50941,0.00000,0.00000,0.00000,-0.00399,0.00000,0.00000,0.00000,1.00000,0.00000,0.00000,0.00000,5371.53469,0.00000 ===
317.62648|I|libbeamng.print:18052| === LSTM_TRACE t=1590 v=12.48 ws=12.51,12.58,12.39,12.47 cmd=0.035,0.056,0.046,0.037 cap=113,180,75,61 des=113,180,65,53 app=106,170,61,50 abs=nil,nil,nil,nil ebrake=1.00 ibrake=1.00 hasABS=0 sy=0.00 split=1.000,0.875 ===
317.62652|I|libbeamng.print:18052| === LSTM_OBS t=1590 12.50991,12.57857,12.38611,12.46631,0.00000,0.00000,0.00000,0.00058,0.00000,0.00000,0.00049,1.00000,0.00000,0.00000,0.00000,5322.57848,0.00000 ===
317.67653|I|libbeamng.print:18052| === LSTM_TRACE t=1600 v=12.37 ws=12.32,12.41,12.21,12.28 cmd=0.033,0.062,0.111,0.119 cap=99,190,234,238 des=99,190,205,208 app=93,180,192,195 abs=nil,nil,nil,nil ebrake=1.00 ibrake=1.00 hasABS=0 sy=0.00 split=1.000,0.875 ===
317.67657|I|libbeamng.print:18052| === LSTM_OBS t=1600 12.32364,12.41474,12.21339,12.28289,0.00000,0.00000,0.00000,-0.00650,0.00000,0.00000,0.00069,1.00000,0.00000,0.00000,0.00000,5267.10013,0.00000 ===
317.72672|I|libbeamng.print:18052| === LSTM_TRACE t=1610 v=12.24 ws=12.28,12.31,12.13,12.22 cmd=0.032,0.052,0.040,0.042 cap=102,166,81,88 des=102,166,71,77 app=96,158,66,72 abs=nil,nil,nil,nil ebrake=1.00 ibrake=1.00 hasABS=0 sy=0.00 split=1.000,0.875 ===
317.72676|I|libbeamng.print:18052| === LSTM_OBS t=1610 12.27939,12.31474,12.13188,12.21651,0.00000,0.00000,0.00000,-0.00814,0.00000,0.00000,0.00049,1.00000,0.00000,0.00000,0.00000,5212.68429,0.00000 ===
317.77621|I|libbeamng.print:18052| === LSTM_TRACE t=1620 v=12.12 ws=12.16,12.14,12.04,12.11 cmd=0.030,0.056,0.122,0.091 cap=87,161,201,150 des=87,161,176,131 app=81,152,165,123 abs=nil,nil,nil,nil ebrake=1.00 ibrake=1.00 hasABS=0 sy=0.00 split=1.000,0.875 ===
317.77628|I|libbeamng.print:18052| === LSTM_OBS t=1620 12.16232,12.14018,12.03937,12.11115,0.00000,0.00000,0.00000,0.00667,0.00000,0.00000,0.00069,1.00000,0.00000,0.00000,0.00000,5168.95349,0.00000 ===
317.82626|I|libbeamng.print:18052| === LSTM_TRACE t=1630 v=11.99 ws=11.96,12.03,11.88,11.96 cmd=0.075,0.117,0.053,0.051 cap=243,379,125,122 des=243,379,109,107 app=228,359,102,100 abs=nil,nil,nil,nil ebrake=1.00 ibrake=1.00 hasABS=0 sy=0.00 split=1.000,0.875 ===
317.82629|I|libbeamng.print:18052| === LSTM_OBS t=1630 11.96062,12.03230,11.88248,11.96027,0.00000,0.00000,0.00000,-0.00047,0.00000,0.00000,0.00049,1.00000,0.00000,0.00000,0.00000,5111.25106,0.00000 ===
317.87633|I|libbeamng.print:18052| === LSTM_TRACE t=1640 v=11.87 ws=11.90,11.93,11.80,11.79 cmd=0.034,0.057,0.036,0.029 cap=114,184,62,50 des=114,184,54,44 app=107,174,51,41 abs=nil,nil,nil,nil ebrake=1.00 ibrake=1.00 hasABS=0 sy=0.00 split=1.000,0.875 ===
317.87637|I|libbeamng.print:18052| === LSTM_OBS t=1640 11.90418,11.93064,11.80457,11.78988,0.00000,0.00000,0.00000,-0.00487,0.00000,0.00000,0.00049,1.00000,0.00000,0.00000,0.00000,5062.71374,0.00000 ===
317.92691|I|libbeamng.print:18052| === LSTM_TRACE t=1650 v=11.76 ws=11.78,11.80,11.58,11.67 cmd=0.036,0.072,0.140,0.124 cap=99,203,276,231 des=99,203,242,202 app=93,193,227,190 abs=nil,nil,nil,nil ebrake=1.00 ibrake=1.00 hasABS=0 sy=0.00 split=1.000,0.875 ===
317.92695|I|libbeamng.print:18052| === LSTM_OBS t=1650 11.77869,11.79974,11.57816,11.66799,0.00000,0.00000,0.00000,-0.00124,0.00000,0.00000,0.00000,1.00000,0.00000,0.00000,0.00000,5011.21044,0.00000 ===
317.97636|I|libbeamng.print:18052| === LSTM_TRACE t=1660 v=11.63 ws=11.64,11.69,11.55,11.53 cmd=0.040,0.069,0.037,0.036 cap=129,226,81,80 des=129,226,71,70 app=121,214,66,65 abs=nil,nil,nil,nil ebrake=1.00 ibrake=1.00 hasABS=0 sy=0.00 split=1.000,0.875 ===
317.97640|I|libbeamng.print:18052| === LSTM_OBS t=1660 11.63993,11.69193,11.55487,11.52657,0.00000,0.00000,0.00000,-0.00303,0.00000,0.00000,0.00049,1.00000,0.00000,0.00000,0.00000,4953.92178,0.00000 ===
318.02629|I|libbeamng.print:18052| === LSTM_TRACE t=1670 v=11.52 ws=11.55,11.58,11.45,11.47 cmd=0.026,0.048,0.075,0.053 cap=80,144,120,87 des=80,144,105,76 app=75,137,99,72 abs=nil,nil,nil,nil ebrake=1.00 ibrake=1.00 hasABS=0 sy=0.00 split=1.000,0.875 ===
318.02633|I|libbeamng.print:18052| === LSTM_OBS t=1670 11.55320,11.58491,11.45272,11.47427,0.00000,0.00000,0.00000,-0.00312,0.00000,0.00000,0.00049,1.00000,0.00000,0.00000,0.00000,4909.64871,0.00000 ===
318.07625|I|libbeamng.print:18052| === LSTM_TRACE t=1680 v=11.40 ws=11.37,11.36,11.32,11.37 cmd=0.058,0.105,0.095,0.092 cap=172,320,220,209 des=172,320,193,183 app=161,304,181,171 abs=nil,nil,nil,nil ebrake=1.00 ibrake=1.00 hasABS=0 sy=0.00 split=1.000,0.875 ===
318.07629|I|libbeamng.print:18052| === LSTM_OBS t=1680 11.37222,11.35976,11.31559,11.36649,0.00000,0.00000,0.00000,-0.00219,0.00000,0.00000,0.00049,1.00000,0.00000,0.00000,0.00000,4854.00326,0.00000 ===
318.12620|I|libbeamng.print:18052| === LSTM_TRACE t=1690 v=11.27 ws=11.25,11.37,11.22,11.23 cmd=0.036,0.063,0.030,0.024 cap=119,207,57,47 des=119,207,50,41 app=112,196,47,38 abs=nil,nil,nil,nil ebrake=1.00 ibrake=1.00 hasABS=0 sy=0.00 split=1.000,0.875 ===
318.12624|I|libbeamng.print:18052| === LSTM_OBS t=1690 11.25166,11.37063,11.21884,11.22738,0.00000,0.00000,0.00000,-0.00427,0.00000,0.00000,0.00000,1.00000,0.00000,0.00000,0.00000,4802.04779,0.00000 ===
318.17627|I|libbeamng.print:18052| === LSTM_TRACE t=1700 v=11.16 ws=11.21,11.20,11.07,11.08 cmd=0.030,0.062,0.125,0.087 cap=89,180,211,144 des=89,180,184,126 app=83,171,173,118 abs=nil,nil,nil,nil ebrake=1.00 ibrake=1.00 hasABS=0 sy=0.00 split=1.000,0.875 ===
318.17631|I|libbeamng.print:18052| === LSTM_OBS t=1700 11.20598,11.19843,11.06707,11.08409,0.00000,0.00000,0.00000,-0.00065,0.00000,0.00000,0.00049,1.00000,0.00000,0.00000,0.00000,4754.70747,0.00000 ===
318.22618|I|libbeamng.print:18052| === LSTM_TRACE t=1710 v=11.04 ws=11.04,11.03,10.90,10.96 cmd=0.047,0.088,0.053,0.048 cap=153,287,120,111 des=153,287,105,97 app=144,272,99,91 abs=nil,nil,nil,nil ebrake=1.00 ibrake=1.00 hasABS=0 sy=0.00 split=1.000,0.875 ===
318.22625|I|libbeamng.print:18052| === LSTM_OBS t=1710 11.03608,11.03171,10.90232,10.95787,0.00000,0.00000,0.00000,-0.00454,0.00000,0.00000,0.00000,1.00000,0.00000,0.00000,0.00000,4696.47038,0.00000 ===
318.27640|I|libbeamng.print:18052| === LSTM_TRACE t=1720 v=10.92 ws=10.95,10.99,10.81,10.91 cmd=0.029,0.053,0.046,0.033 cap=94,170,78,59 des=94,170,68,52 app=88,162,64,48 abs=nil,nil,nil,nil ebrake=1.00 ibrake=1.00 hasABS=0 sy=0.00 split=1.000,0.875 ===
318.27643|I|libbeamng.print:18052| === LSTM_OBS t=1720 10.94547,10.99054,10.81115,10.90739,0.00000,0.00000,0.00000,0.00008,0.00000,0.00000,0.00000,1.00000,0.00000,0.00000,0.00000,4650.39932,0.00000 ===
318.32640|I|libbeamng.print:18052| === LSTM_TRACE t=1730 v=10.81 ws=10.79,10.80,10.69,10.71 cmd=0.039,0.083,0.135,0.107 cap=110,239,275,207 des=110,239,241,181 app=103,226,226,170 abs=nil,nil,nil,nil ebrake=1.00 ibrake=1.00 hasABS=0 sy=0.00 split=1.000,0.875 ===
318.32644|I|libbeamng.print:18052| === LSTM_OBS t=1730 10.79026,10.79898,10.68912,10.70636,0.00000,0.00000,0.00000,-0.00424,0.00000,0.00000,0.00049,1.00000,0.00000,0.00000,0.00000,4600.22919,0.00000 ===
318.37676|I|libbeamng.print:18052| === LSTM_TRACE t=1740 v=10.68 ws=10.71,10.70,10.68,10.62 cmd=0.039,0.074,0.036,0.029 cap=133,248,75,62 des=133,248,66,54 app=125,235,62,51 abs=nil,nil,nil,nil ebrake=1.00 ibrake=1.00 hasABS=0 sy=0.00 split=1.000,0.875 ===
318.37681|I|libbeamng.print:18052| === LSTM_OBS t=1740 10.70891,10.69707,10.67849,10.61633,0.00000,0.00000,0.00000,-0.00547,0.00000,0.00000,0.00069,1.00000,0.00000,0.00000,0.00000,4546.04634,0.00000 ===
318.42682|I|libbeamng.print:18052| === LSTM_TRACE t=1750 v=10.57 ws=10.59,10.63,10.54,10.54 cmd=0.028,0.056,0.085,0.055 cap=85,168,140,91 des=85,168,123,80 app=79,159,115,75 abs=nil,nil,nil,nil ebrake=1.00 ibrake=1.00 hasABS=0 sy=0.00 split=1.000,0.875 ===
318.42686|I|libbeamng.print:18052| === LSTM_OBS t=1750 10.59398,10.63215,10.53849,10.54107,0.00000,0.00000,0.00000,-0.00320,0.00000,0.00000,0.00000,1.00000,0.00000,0.00000,0.00000,4501.76370,0.00000 ===
318.47668|I|libbeamng.print:18052| === LSTM_TRACE t=1760 v=10.45 ws=10.45,10.44,10.39,10.38 cmd=0.048,0.096,0.079,0.068 cap=144,293,182,156 des=144,293,159,136 app=135,278,149,128 abs=nil,nil,nil,nil ebrake=1.00 ibrake=1.00 hasABS=0 sy=0.00 split=1.000,0.875 ===
318.47672|I|libbeamng.print:18052| === LSTM_OBS t=1760 10.44624,10.43975,10.38691,10.37757,0.00000,0.00000,0.00000,-0.00202,0.00000,0.00000,0.00000,1.00000,0.00000,0.00000,0.00000,4446.81402,0.00000 ===
318.52745|I|libbeamng.print:18052| === LSTM_TRACE t=1770 v=10.33 ws=10.34,10.38,10.30,10.27 cmd=0.032,0.060,0.038,0.028 cap=101,191,70,53 des=101,191,62,47 app=94,181,58,44 abs=nil,nil,nil,nil ebrake=1.00 ibrake=1.00 hasABS=0 sy=0.00 split=1.000,0.875 ===
318.52750|I|libbeamng.print:18052| === LSTM_OBS t=1770 10.34110,10.37640,10.30234,10.27295,0.00000,0.00000,0.00000,-0.00360,0.00000,0.00000,0.00000,1.00000,0.00000,0.00000,0.00000,4399.38690,0.00000 ===
318.57667|I|libbeamng.print:18052| === LSTM_TRACE t=1780 v=10.22 ws=10.22,10.27,10.16,10.14 cmd=0.033,0.074,0.139,0.094 cap=94,210,255,167 des=94,210,223,146 app=89,199,210,137 abs=nil,nil,nil,nil ebrake=1.00 ibrake=1.00 hasABS=0 sy=0.00 split=1.000,0.875 ===
318.57672|I|libbeamng.print:18052| === LSTM_OBS t=1780 10.22012,10.27035,10.16126,10.14122,0.00000,0.00000,0.00000,-0.00163,0.00000,0.00000,0.00049,1.00000,0.00000,0.00000,0.00000,4352.60397,0.00000 ===
318.62687|I|libbeamng.print:18052| === LSTM_TRACE t=1790 v=10.09 ws=10.10,10.12,9.96,10.06 cmd=0.040,0.079,0.043,0.034 cap=129,258,93,75 des=129,258,82,66 app=121,245,77,62 abs=nil,nil,nil,nil ebrake=1.00 ibrake=1.00 hasABS=0 sy=0.00 split=1.000,0.875 ===
318.62691|I|libbeamng.print:18052| === LSTM_OBS t=1790 10.10338,10.12197,9.95886,10.05972,0.00000,0.00000,0.00000,-0.00294,0.00000,0.00000,0.00049,1.00000,0.00000,0.00000,0.00000,4297.78981,0.00000 ===
318.67670|I|libbeamng.print:18052| === LSTM_TRACE t=1800 v=9.98 ws=10.02,10.00,9.87,9.96 cmd=0.028,0.056,0.072,0.045 cap=88,174,119,76 des=88,174,104,67 app=82,165,97,62 abs=nil,nil,nil,nil ebrake=1.00 ibrake=1.00 hasABS=0 sy=0.00 split=1.000,0.875 ===
318.67674|I|libbeamng.print:18052| === LSTM_OBS t=1800 10.02283,9.99602,9.87413,9.95996,0.00000,0.00000,0.00000,0.00111,0.00000,0.00000,0.00049,1.00000,0.00000,0.00000,0.00000,4253.52902,0.00000 ===
318.72720|I|libbeamng.print:18052| === LSTM_TRACE t=1810 v=9.86 ws=9.84,9.86,9.76,9.83 cmd=0.043,0.092,0.097,0.078 cap=126,276,221,173 des=126,276,194,151 app=118,262,182,142 abs=nil,nil,nil,nil ebrake=1.00 ibrake=1.00 hasABS=0 sy=0.00 split=1.000,0.875 ===
318.72724|I|libbeamng.print:18052| === LSTM_OBS t=1810 9.84181,9.86123,9.76142,9.82837,0.00000,0.00000,0.00000,-0.00318,0.00000,0.00000,0.00069,1.00000,0.00000,0.00000,0.00000,4200.77320,0.00000 ===
318.77672|I|libbeamng.print:18052| === LSTM_TRACE t=1820 v=9.74 ws=9.77,9.77,9.68,9.65 cmd=0.032,0.062,0.038,0.027 cap=103,200,72,53 des=103,200,63,46 app=97,190,59,43 abs=nil,nil,nil,nil ebrake=1.00 ibrake=1.00 hasABS=0 sy=0.00 split=1.000,0.875 ===
318.77677|I|libbeamng.print:18052| === LSTM_OBS t=1820 9.77409,9.76875,9.68108,9.65346,0.00000,0.00000,0.00000,-0.00702,0.00000,0.00000,0.00049,1.00000,0.00000,0.00000,0.00000,4152.10088,0.00000 ===
318.82656|I|libbeamng.print:18052| === LSTM_TRACE t=1830 v=9.63 ws=9.61,9.66,9.52,9.56 cmd=0.030,0.069,0.140,0.089 cap=89,201,250,154 des=89,201,219,134 app=84,191,205,126 abs=nil,nil,nil,nil ebrake=1.00 ibrake=1.00 hasABS=0 sy=0.00 split=1.000,0.875 ===
318.82660|I|libbeamng.print:18052| === LSTM_OBS t=1830 9.61390,9.65540,9.52087,9.55974,0.00000,0.00000,0.00000,-0.00002,0.00000,0.00000,0.00069,1.00000,0.00000,0.00000,0.00000,4105.39628,0.00000 ===
318.87659|I|libbeamng.print:18052| === LSTM_TRACE t=1840 v=9.51 ws=9.55,9.52,9.37,9.46 cmd=0.040,0.081,0.046,0.036 cap=129,264,102,80 des=129,264,89,70 app=121,251,84,65 abs=nil,nil,nil,nil ebrake=1.00 ibrake=1.00 hasABS=0 sy=0.00 split=1.000,0.875 ===
318.87663|I|libbeamng.print:18052| === LSTM_OBS t=1840 9.55174,9.52182,9.37273,9.46172,0.00000,0.00000,0.00000,0.00139,0.00000,0.00000,0.00000,1.00000,0.00000,0.00000,0.00000,4050.37177,0.00000 ===
318.92655|I|libbeamng.print:18052| === LSTM_TRACE t=1850 v=9.40 ws=9.43,9.45,9.34,9.32 cmd=0.028,0.057,0.070,0.042 cap=86,173,116,72 des=86,173,101,63 app=81,164,95,59 abs=nil,nil,nil,nil ebrake=1.00 ibrake=1.00 hasABS=0 sy=0.00 split=1.000,0.875 ===
318.92659|I|libbeamng.print:18052| === LSTM_OBS t=1850 9.43077,9.44916,9.33647,9.32338,0.00000,0.00000,0.00000,-0.00316,0.00000,0.00000,0.00085,1.00000,0.00000,0.00000,0.00000,4006.26174,0.00000 ===
318.97679|I|libbeamng.print:18052| === LSTM_TRACE t=1860 v=9.28 ws=9.26,9.31,9.15,9.27 cmd=0.039,0.087,0.103,0.079 cap=116,264,234,172 des=116,264,205,151 app=109,251,193,141 abs=nil,nil,nil,nil ebrake=1.00 ibrake=1.00 hasABS=0 sy=0.00 split=1.000,0.875 ===
318.97683|I|libbeamng.print:18052| === LSTM_OBS t=1860 9.25600,9.31127,9.14717,9.26612,0.00000,0.00000,0.00000,0.00195,0.00000,0.00000,0.00049,1.00000,0.00000,0.00000,0.00000,3954.18300,0.00000 ===
319.02656|I|libbeamng.print:18052| === LSTM_TRACE t=1870 v=9.17 ws=9.16,9.22,9.15,9.10 cmd=0.030,0.061,0.040,0.028 cap=99,199,74,53 des=99,199,65,47 app=93,189,61,44 abs=nil,nil,nil,nil ebrake=1.00 ibrake=1.00 hasABS=0 sy=0.00 split=1.000,0.875 ===
319.02660|I|libbeamng.print:18052| === LSTM_OBS t=1870 9.15710,9.21590,9.14768,9.10485,0.00000,0.00000,0.00000,-0.00649,0.00000,0.00000,0.00049,1.00000,0.00000,0.00000,0.00000,3905.43995,0.00000 ===
319.07658|I|libbeamng.print:18052| === LSTM_TRACE t=1880 v=9.06 ws=9.07,9.09,8.90,9.05 cmd=0.029,0.067,0.142,0.086 cap=84,195,254,151 des=84,195,222,132 app=79,185,209,124 abs=nil,nil,nil,nil ebrake=1.00 ibrake=1.00 hasABS=0 sy=0.00 split=1.000,0.875 ===
319.07661|I|libbeamng.print:18052| === LSTM_OBS t=1880 9.07276,9.09239,8.90010,9.05261,0.00000,0.00000,0.00000,0.00316,0.00000,0.00000,0.00069,1.00000,0.00000,0.00000,0.00000,3859.82809,0.00000 ===
319.12673|I|libbeamng.print:18052| === LSTM_TRACE t=1890 v=8.94 ws=8.93,8.97,8.90,8.85 cmd=0.037,0.078,0.047,0.036 cap=120,255,104,80 des=120,255,91,70 app=113,242,86,65 abs=nil,nil,nil,nil ebrake=1.00 ibrake=1.00 hasABS=0 sy=0.00 split=1.000,0.875 ===
319.12678|I|libbeamng.print:18052| === LSTM_OBS t=1890 8.92796,8.97447,8.90443,8.84934,0.00000,0.00000,0.00000,-0.00537,0.00000,0.00000,0.00069,1.00000,0.00000,0.00000,0.00000,3805.47156,0.00000 ===
319.17665|I|libbeamng.print:18052| === LSTM_TRACE t=1900 v=8.82 ws=8.82,8.87,8.68,8.80 cmd=0.027,0.057,0.075,0.044 cap=85,175,123,74 des=85,175,108,65 app=80,166,101,61 abs=nil,nil,nil,nil ebrake=1.00 ibrake=1.00 hasABS=0 sy=0.00 split=1.000,0.875 ===
319.17669|I|libbeamng.print:18052| === LSTM_OBS t=1900 8.81750,8.87050,8.68456,8.80237,0.00000,0.00000,0.00000,0.00365,0.00000,0.00000,0.00069,1.00000,0.00000,0.00000,0.00000,3762.90104,0.00000 ===
319.22733|I|libbeamng.print:18052| === LSTM_TRACE t=1910 v=8.71 ws=8.74,8.70,8.66,8.61 cmd=0.038,0.085,0.101,0.074 cap=110,255,229,162 des=110,255,200,142 app=104,242,188,133 abs=nil,nil,nil,nil ebrake=1.00 ibrake=1.00 hasABS=0 sy=0.00 split=1.000,0.875 ===
319.22737|I|libbeamng.print:18052| === LSTM_OBS t=1910 8.74317,8.69523,8.65888,8.61495,0.00000,0.00000,0.00000,-0.00236,0.00000,0.00000,0.00069,1.00000,0.00000,0.00000,0.00000,3711.55774,0.00000 ===
319.27669|I|libbeamng.print:18052| === LSTM_TRACE t=1920 v=8.60 ws=8.61,8.63,8.62,8.54 cmd=0.030,0.060,0.042,0.029 cap=95,194,79,55 des=95,194,69,48 app=89,184,65,45 abs=nil,nil,nil,nil ebrake=1.00 ibrake=1.00 hasABS=0 sy=0.00 split=1.000,0.875 ===
319.27674|I|libbeamng.print:18052| === LSTM_OBS t=1920 8.61212,8.63301,8.61639,8.54495,0.00000,0.00000,0.00000,-0.00971,0.00000,0.00000,0.00069,1.00000,0.00000,0.00000,0.00000,3664.02150,0.00000 ===
319.32666|I|libbeamng.print:18052| === LSTM_TRACE t=1930 v=8.48 ws=8.48,8.53,8.33,8.47 cmd=0.029,0.069,0.140,0.085 cap=86,202,257,151 des=86,202,225,132 app=81,192,211,124 abs=nil,nil,nil,nil ebrake=1.00 ibrake=1.00 hasABS=0 sy=0.00 split=1.000,0.875 ===
319.32670|I|libbeamng.print:18052| === LSTM_OBS t=1930 8.48471,8.53403,8.32529,8.47352,0.00000,0.00000,0.00000,0.00534,0.00000,0.00000,0.00049,1.00000,0.00000,0.00000,0.00000,3618.95951,0.00000 ===
319.37664|I|libbeamng.print:18052| === LSTM_TRACE t=1940 v=8.37 ws=8.45,8.40,8.23,8.34 cmd=0.035,0.074,0.047,0.035 cap=107,232,102,76 des=107,232,89,66 app=100,220,84,62 abs=nil,nil,nil,nil ebrake=1.00 ibrake=1.00 hasABS=0 sy=0.00 split=1.000,0.875 ===
319.37668|I|libbeamng.print:18052| === LSTM_OBS t=1940 8.44666,8.40434,8.23326,8.33622,0.00000,0.00000,0.00000,-0.00058,0.00000,0.00000,0.00049,1.00000,0.00000,0.00000,0.00000,3566.26844,0.00000 ===
319.42676|I|libbeamng.print:18052| === LSTM_TRACE t=1950 v=8.26 ws=8.26,8.32,8.22,8.19 cmd=0.027,0.058,0.087,0.050 cap=84,178,146,86 des=84,178,128,75 app=79,169,120,70 abs=nil,nil,nil,nil ebrake=1.00 ibrake=1.00 hasABS=0 sy=0.00 split=1.000,0.875 ===
319.42679|I|libbeamng.print:18052| === LSTM_OBS t=1950 8.25831,8.32066,8.22314,8.19145,0.00000,0.00000,0.00000,-0.00879,0.00000,0.00000,0.00049,1.00000,0.00000,0.00000,0.00000,3523.29051,0.00000 ===
319.47683|I|libbeamng.print:18052| === LSTM_TRACE t=1960 v=8.15 ws=8.14,8.18,8.23,8.12 cmd=0.035,0.078,0.087,0.064 cap=105,241,198,141 des=105,241,173,123 app=99,228,163,116 abs=nil,nil,nil,nil ebrake=1.00 ibrake=1.00 hasABS=0 sy=0.00 split=1.000,0.875 ===
319.47687|I|libbeamng.print:18052| === LSTM_OBS t=1960 8.14046,8.18013,8.22740,8.11888,0.00000,0.00000,0.00000,-0.00997,0.00000,0.00000,0.00049,1.00000,0.00000,0.00000,0.00000,3471.97911,0.00000 ===
319.52675|I|libbeamng.print:18052| === LSTM_TRACE t=1970 v=8.03 ws=8.08,8.05,8.03,7.98 cmd=0.030,0.060,0.050,0.033 cap=93,191,91,61 des=93,191,79,53 app=87,181,75,50 abs=nil,nil,nil,nil ebrake=1.00 ibrake=1.00 hasABS=0 sy=0.00 split=1.000,0.875 ===
319.52678|I|libbeamng.print:18052| === LSTM_OBS t=1970 8.07740,8.04769,8.03114,7.98450,0.00000,0.00000,0.00000,0.00319,0.00000,0.00000,0.00069,1.00000,0.00000,0.00000,0.00000,3425.69531,0.00000 ===
319.57704|I|libbeamng.print:18052| === LSTM_TRACE t=1980 v=7.92 ws=7.96,7.90,7.89,7.83 cmd=0.029,0.069,0.130,0.081 cap=87,206,252,152 des=87,206,220,133 app=82,195,207,125 abs=nil,nil,nil,nil ebrake=1.00 ibrake=1.00 hasABS=0 sy=0.00 split=1.000,0.875 ===
319.57708|I|libbeamng.print:18052| === LSTM_OBS t=1980 7.95702,7.89507,7.88980,7.83439,0.00000,0.00000,0.00000,0.00327,0.00000,0.00000,0.00049,1.00000,0.00000,0.00000,0.00000,3379.27589,0.00000 ===
319.62653|I|libbeamng.print:18052| === LSTM_TRACE t=1990 v=7.81 ws=7.84,7.81,7.80,7.72 cmd=0.033,0.069,0.048,0.035 cap=104,220,99,73 des=104,220,87,64 app=98,208,82,60 abs=nil,nil,nil,nil ebrake=1.00 ibrake=1.00 hasABS=0 sy=0.00 split=1.000,0.875 ===
319.62657|I|libbeamng.print:18052| === LSTM_OBS t=1990 7.83794,7.80503,7.80437,7.72253,0.00000,0.00000,0.00000,0.00019,0.00000,0.00000,0.00049,1.00000,0.00000,0.00000,0.00000,3328.52465,0.00000 ===
319.67688|I|libbeamng.print:18052| === LSTM_TRACE t=2000 v=7.70 ws=7.74,7.68,7.68,7.62 cmd=0.028,0.061,0.094,0.055 cap=87,187,164,97 des=87,187,143,85 app=81,177,135,79 abs=nil,nil,nil,nil ebrake=1.00 ibrake=1.00 hasABS=0 sy=0.00 split=1.000,0.875 ===
319.67692|I|libbeamng.print:18052| === LSTM_OBS t=2000 7.73801,7.68256,7.68323,7.62422,0.00000,0.00000,0.00000,0.00215,0.00000,0.00000,0.00000,1.00000,0.00000,0.00000,0.00000,3284.67724,0.00000 ===
319.72663|I|libbeamng.print:18052| === LSTM_TRACE t=2010 v=7.58 ws=7.63,7.57,7.65,7.54 cmd=0.034,0.074,0.076,0.055 cap=105,231,166,118 des=105,231,145,103 app=98,219,136,96 abs=nil,nil,nil,nil ebrake=1.00 ibrake=1.00 hasABS=0 sy=0.00 split=1.000,0.875 ===
319.72668|I|libbeamng.print:18052| === LSTM_OBS t=2010 7.62874,7.57258,7.65007,7.54338,0.00000,0.00000,0.00000,0.00447,0.00000,0.00000,0.00049,1.00000,0.00000,0.00000,0.00000,3233.95001,0.00000 ===
319.77682|I|libbeamng.print:18052| === LSTM_TRACE t=2020 v=7.47 ws=7.54,7.50,7.51,7.43 cmd=0.030,0.062,0.059,0.038 cap=93,190,107,70 des=93,190,93,61 app=87,180,88,57 abs=nil,nil,nil,nil ebrake=1.00 ibrake=1.00 hasABS=0 sy=0.00 split=1.000,0.875 ===
319.77688|I|libbeamng.print:18052| === LSTM_OBS t=2020 7.53695,7.50041,7.51387,7.42610,0.00000,0.00000,0.00000,0.00201,0.00000,0.00000,0.00049,1.00000,0.00000,0.00000,0.00000,3187.94680,0.00000 ===
319.82770|I|libbeamng.print:18052| === LSTM_TRACE t=2030 v=7.37 ws=7.38,7.42,7.24,7.33 cmd=0.031,0.069,0.107,0.069 cap=91,205,214,135 des=91,205,187,118 app=85,195,176,110 abs=nil,nil,nil,nil ebrake=1.00 ibrake=1.00 hasABS=0 sy=0.00 split=1.000,0.875 ===
319.82774|I|libbeamng.print:18052| === LSTM_OBS t=2030 7.37940,7.42130,7.24090,7.32935,0.00000,0.00000,0.00000,-0.00342,0.00000,0.00000,0.00069,1.00000,0.00000,0.00000,0.00000,3140.62749,0.00000 ===
319.87772|I|libbeamng.print:18052| === LSTM_TRACE t=2040 v=7.26 ws=7.24,7.28,7.10,7.24 cmd=0.034,0.067,0.054,0.038 cap=106,212,108,77 des=106,212,94,68 app=99,201,88,63 abs=nil,nil,nil,nil ebrake=1.00 ibrake=1.00 hasABS=0 sy=0.00 split=1.000,0.875 ===
319.87777|I|libbeamng.print:18052| === LSTM_OBS t=2040 7.23921,7.28290,7.10191,7.24129,0.00000,0.00000,0.00000,-0.00758,0.00000,0.00000,0.00069,1.00000,0.00000,0.00000,0.00000,3091.51919,0.00000 ===
319.92746|I|libbeamng.print:18052| === LSTM_TRACE t=2050 v=7.15 ws=7.23,7.14,7.09,7.19 cmd=0.029,0.062,0.086,0.054 cap=91,193,160,100 des=91,193,140,88 app=85,183,131,82 abs=nil,nil,nil,nil ebrake=1.00 ibrake=1.00 hasABS=0 sy=0.00 split=1.000,0.875 ===
319.92751|I|libbeamng.print:18052| === LSTM_OBS t=2050 7.22998,7.13760,7.09311,7.18735,0.00000,0.00000,0.00000,-0.00687,0.00000,0.00000,0.00000,1.00000,0.00000,0.00000,0.00000,3046.27524,0.00000 ===
319.97747|I|libbeamng.print:18052| === LSTM_TRACE t=2060 v=7.03 ws=7.02,7.05,7.10,7.00 cmd=0.034,0.069,0.071,0.051 cap=109,219,145,103 des=109,219,127,90 app=102,208,119,84 abs=nil,nil,nil,nil ebrake=1.00 ibrake=1.00 hasABS=0 sy=0.00 split=1.000,0.875 ===
319.97751|I|libbeamng.print:18052| === LSTM_OBS t=2060 7.01619,7.04604,7.10420,7.00247,0.00000,0.00000,0.00000,0.00305,0.00000,0.00000,0.00049,1.00000,0.00000,0.00000,0.00000,2997.71408,0.00000 ===
320.02485|I|libbeamng.print:18052| === LSTM_TRACE t=2070 v=6.93 ws=7.01,6.95,6.83,6.91 cmd=0.034,0.065,0.064,0.043 cap=103,199,120,83 des=103,199,105,73 app=97,189,99,68 abs=nil,nil,nil,nil ebrake=1.00 ibrake=1.00 hasABS=0 sy=0.00 split=1.000,0.875 ===
320.02493|I|libbeamng.print:18052| === LSTM_OBS t=2070 7.00593,6.95005,6.82997,6.91370,0.00000,0.00000,0.00000,-0.00114,0.00000,0.00000,0.00085,1.00000,0.00000,0.00000,0.00000,2956.61269,0.00000 ===
320.07415|I|libbeamng.print:18052| === LSTM_TRACE t=2080 v=6.82 ws=6.82,6.82,6.75,6.84 cmd=0.034,0.066,0.080,0.055 cap=106,208,157,107 des=106,208,137,94 app=99,197,129,88 abs=nil,nil,nil,nil ebrake=1.00 ibrake=1.00 hasABS=0 sy=0.00 split=1.000,0.875 ===
320.07419|I|libbeamng.print:18052| === LSTM_OBS t=2080 6.81734,6.82262,6.74796,6.83589,0.00000,0.00000,0.00000,-0.00641,0.00000,0.00000,0.00069,1.00000,0.00000,0.00000,0.00000,2909.81531,0.00000 ===
320.12434|I|libbeamng.print:18052| === LSTM_TRACE t=2090 v=6.71 ws=6.70,6.72,6.78,6.66 cmd=0.038,0.068,0.059,0.044 cap=122,214,115,87 des=122,214,100,76 app=114,203,94,71 abs=nil,nil,nil,nil ebrake=1.00 ibrake=1.00 hasABS=0 sy=0.00 split=1.000,0.875 ===
320.12438|I|libbeamng.print:18052| === LSTM_OBS t=2090 6.70402,6.72316,6.77526,6.66180,0.00000,0.00000,0.00000,0.00320,0.00000,0.00000,0.00000,1.00000,0.00000,0.00000,0.00000,2862.73441,0.00000 ===
320.17475|I|libbeamng.print:18052| === LSTM_TRACE t=2100 v=6.61 ws=6.58,6.69,6.46,6.59 cmd=0.042,0.069,0.062,0.048 cap=123,208,121,92 des=123,208,106,81 app=116,197,100,75 abs=nil,nil,nil,nil ebrake=1.00 ibrake=1.00 hasABS=0 sy=0.00 split=1.000,0.875 ===
320.17479|I|libbeamng.print:18052| === LSTM_OBS t=2100 6.58339,6.68874,6.46232,6.59155,0.00000,0.00000,0.00000,-0.00149,0.00000,0.00000,0.00069,1.00000,0.00000,0.00000,0.00000,2816.86444,0.00000 ===
320.22390|I|libbeamng.print:18052| === LSTM_TRACE t=2110 v=6.49 ws=6.50,6.52,6.56,6.47 cmd=0.049,0.072,0.051,0.045 cap=151,224,103,89 des=151,224,90,78 app=141,212,85,73 abs=nil,nil,nil,nil ebrake=1.00 ibrake=1.00 hasABS=0 sy=0.00 split=1.000,0.875 ===
320.22394|I|libbeamng.print:18052| === LSTM_OBS t=2110 6.50160,6.52405,6.56487,6.46673,0.00000,0.00000,0.00000,-0.00129,0.00000,0.00000,0.00000,1.00000,0.00000,0.00000,0.00000,2770.08405,0.00000 ===
320.27508|I|libbeamng.print:18052| === LSTM_TRACE t=2120 v=6.38 ws=6.39,6.45,6.27,6.39 cmd=0.069,0.080,0.037,0.039 cap=198,239,75,78 des=198,239,66,68 app=186,226,62,64 abs=nil,nil,nil,nil ebrake=1.00 ibrake=1.00 hasABS=0 sy=0.00 split=1.000,0.875 ===
320.27514|I|libbeamng.print:18052| === LSTM_OBS t=2120 6.39498,6.44700,6.27226,6.38696,0.00000,0.00000,0.00000,0.00039,0.00000,0.00000,0.00000,1.00000,0.00000,0.00000,0.00000,2724.19456,0.00000 ===
320.32419|I|libbeamng.print:18052| === LSTM_TRACE t=2130 v=6.26 ws=6.25,6.27,6.31,6.20 cmd=0.079,0.081,0.029,0.032 cap=247,255,57,64 des=247,255,50,56 app=232,242,47,53 abs=nil,nil,nil,nil ebrake=1.00 ibrake=1.00 hasABS=0 sy=0.00 split=1.000,0.875 ===
320.32423|I|libbeamng.print:18052| === LSTM_OBS t=2130 6.25187,6.27115,6.30918,6.20442,0.00000,0.00000,0.00000,-0.00019,0.00000,0.00000,0.00000,1.00000,0.00000,0.00000,0.00000,2678.00934,0.00000 ===
320.37432|I|libbeamng.print:18052| === LSTM_TRACE t=2140 v=6.15 ws=6.15,6.20,6.14,6.17 cmd=0.071,0.075,0.032,0.030 cap=220,233,61,59 des=220,233,53,51 app=206,221,50,48 abs=nil,nil,nil,nil ebrake=1.00 ibrake=1.00 hasABS=0 sy=0.00 split=1.000,0.875 ===
320.37436|I|libbeamng.print:18052| === LSTM_OBS t=2140 6.15357,6.19618,6.14129,6.16836,0.00000,0.00000,0.00000,0.00014,0.00000,0.00000,0.00069,1.00000,0.00000,0.00000,0.00000,2629.55670,0.00000 ===
320.42421|I|libbeamng.print:18052| === LSTM_TRACE t=2150 v=6.04 ws=6.06,6.06,5.95,6.08 cmd=0.057,0.068,0.046,0.037 cap=183,216,86,69 des=183,216,76,61 app=172,204,71,57 abs=nil,nil,nil,nil ebrake=1.00 ibrake=1.00 hasABS=0 sy=0.00 split=1.000,0.875 ===
320.42425|I|libbeamng.print:18052| === LSTM_OBS t=2150 6.06297,6.05868,5.94943,6.07809,0.00000,0.00000,0.00000,0.00509,0.00000,0.00000,0.00000,1.00000,0.00000,0.00000,0.00000,2580.04456,0.00000 ===
320.47427|I|libbeamng.print:18052| === LSTM_TRACE t=2160 v=5.94 ws=5.92,5.93,5.99,5.86 cmd=0.053,0.068,0.051,0.040 cap=170,215,100,77 des=170,215,87,68 app=159,204,82,63 abs=nil,nil,nil,nil ebrake=1.00 ibrake=1.00 hasABS=0 sy=0.00 split=1.000,0.875 ===
320.47431|I|libbeamng.print:18052| === LSTM_OBS t=2160 5.92373,5.92866,5.99303,5.86147,0.00000,0.00000,0.00000,-0.00518,0.00000,0.00000,0.00000,1.00000,0.00000,0.00000,0.00000,2531.54685,0.00000 ===
320.52412|I|libbeamng.print:18052| === LSTM_TRACE t=2170 v=5.82 ws=5.83,5.87,5.83,5.80 cmd=0.065,0.074,0.044,0.038 cap=190,225,88,75 des=190,225,77,66 app=178,213,72,62 abs=nil,nil,nil,nil ebrake=1.00 ibrake=1.00 hasABS=0 sy=0.00 split=1.000,0.875 ===
320.52418|I|libbeamng.print:18052| === LSTM_OBS t=2170 5.82516,5.86906,5.83271,5.79507,0.00000,0.00000,0.00000,0.00005,0.00000,0.00000,0.00069,1.00000,0.00000,0.00000,0.00000,2484.21154,0.00000 ===
320.57477|I|libbeamng.print:18052| === LSTM_TRACE t=2180 v=5.71 ws=5.74,5.75,5.65,5.77 cmd=0.084,0.083,0.034,0.033 cap=253,252,67,66 des=253,252,58,58 app=237,239,55,54 abs=nil,nil,nil,nil ebrake=1.00 ibrake=1.00 hasABS=0 sy=0.00 split=1.000,0.875 ===
320.57481|I|libbeamng.print:18052| === LSTM_OBS t=2180 5.73539,5.74871,5.64609,5.76839,0.00000,0.00000,0.00000,0.00442,0.00000,0.00000,0.00000,1.00000,0.00000,0.00000,0.00000,2437.27383,0.00000 ===
320.62486|I|libbeamng.print:18052| === LSTM_TRACE t=2190 v=5.60 ws=5.58,5.60,5.46,5.60 cmd=0.082,0.080,0.031,0.029 cap=271,255,59,56 des=271,255,51,49 app=254,242,48,46 abs=nil,nil,nil,nil ebrake=1.00 ibrake=1.00 hasABS=0 sy=0.00 split=1.000,0.875 ===
320.62489|I|libbeamng.print:18052| === LSTM_OBS t=2190 5.57732,5.59625,5.46480,5.59621,0.00000,0.00000,0.00000,0.00051,0.00000,0.00000,0.00000,1.00000,0.00000,0.00000,0.00000,2389.19438,0.00000 ===
320.67463|I|libbeamng.print:18052| === LSTM_TRACE t=2200 v=5.49 ws=5.47,5.46,5.46,5.45 cmd=0.069,0.073,0.038,0.031 cap=228,234,72,58 des=228,234,63,51 app=214,221,59,48 abs=nil,nil,nil,nil ebrake=1.00 ibrake=1.00 hasABS=0 sy=0.00 split=1.000,0.875 ===
320.67469|I|libbeamng.print:18052| === LSTM_OBS t=2200 5.46681,5.46360,5.45822,5.44755,0.00000,0.00000,0.00000,-0.00084,0.00000,0.00000,0.00000,1.00000,0.00000,0.00000,0.00000,2339.46461,0.00000 ===
320.72542|I|libbeamng.print:18052| === LSTM_TRACE t=2210 v=5.38 ws=5.35,5.31,5.43,5.35 cmd=0.059,0.069,0.049,0.035 cap=194,221,93,68 des=194,221,81,59 app=182,210,76,55 abs=nil,nil,nil,nil ebrake=1.00 ibrake=1.00 hasABS=0 sy=0.00 split=1.000,0.875 ===
320.72546|I|libbeamng.print:18052| === LSTM_OBS t=2210 5.34711,5.30875,5.43361,5.35202,0.00000,0.00000,0.00000,-0.00235,0.00000,0.00000,0.00000,1.00000,0.00000,0.00000,0.00000,2289.60332,0.00000 ===
320.77473|I|libbeamng.print:18052| === LSTM_TRACE t=2220 v=5.27 ws=5.19,5.19,5.33,5.21 cmd=0.064,0.073,0.048,0.038 cap=206,233,94,73 des=206,233,82,64 app=193,221,77,60 abs=nil,nil,nil,nil ebrake=1.00 ibrake=1.00 hasABS=0 sy=0.00 split=1.000,0.875 ===
320.77477|I|libbeamng.print:18052| === LSTM_OBS t=2220 5.19424,5.19416,5.32735,5.20640,0.00000,0.00000,0.00000,-0.00111,0.00000,0.00000,0.00049,1.00000,0.00000,0.00000,0.00000,2241.07562,0.00000 ===
320.82484|I|libbeamng.print:18052| === LSTM_TRACE t=2230 v=5.16 ws=5.08,5.09,5.24,5.10 cmd=0.086,0.083,0.036,0.035 cap=265,259,72,68 des=265,259,63,60 app=249,245,59,56 abs=nil,nil,nil,nil ebrake=1.00 ibrake=1.00 hasABS=0 sy=0.00 split=1.000,0.875 ===
320.82487|I|libbeamng.print:18052| === LSTM_OBS t=2230 5.08264,5.08546,5.23869,5.09552,0.00000,0.00000,0.00000,-0.00086,0.00000,0.00000,0.00069,1.00000,0.00000,0.00000,0.00000,2192.76083,0.00000 ===
320.87455|I|libbeamng.print:18052| === LSTM_TRACE t=2240 v=5.04 ws=5.01,4.99,5.13,5.01 cmd=0.095,0.085,0.028,0.028 cap=294,267,55,56 des=294,267,49,49 app=276,253,45,45 abs=nil,nil,nil,nil ebrake=1.00 ibrake=1.00 hasABS=0 sy=0.00 split=1.000,0.875 ===
320.87459|I|libbeamng.print:18052| === LSTM_OBS t=2240 5.01112,4.98720,5.13460,5.01189,0.00000,0.00000,0.00000,-0.00280,0.00000,0.00000,0.00085,1.00000,0.00000,0.00000,0.00000,2142.86647,0.00000 ===
320.92446|I|libbeamng.print:18052| === LSTM_TRACE t=2250 v=4.93 ws=4.91,4.91,4.98,4.85 cmd=0.085,0.080,0.032,0.027 cap=262,248,61,52 des=262,248,53,46 app=246,235,50,43 abs=nil,nil,nil,nil ebrake=1.00 ibrake=1.00 hasABS=0 sy=0.00 split=1.000,0.875 ===
320.92454|I|libbeamng.print:18052| === LSTM_OBS t=2250 4.90600,4.91308,4.98123,4.85249,0.00000,0.00000,0.00000,-0.00194,0.00000,0.00000,0.00049,1.00000,0.00000,0.00000,0.00000,2090.70937,0.00000 ===
320.97563|I|libbeamng.print:18052| === LSTM_TRACE t=2260 v=4.82 ws=4.78,4.80,4.75,4.76 cmd=0.073,0.076,0.041,0.030 cap=233,239,78,58 des=233,239,68,50 app=219,227,64,47 abs=nil,nil,nil,nil ebrake=1.00 ibrake=1.00 hasABS=0 sy=0.00 split=1.000,0.875 ===
320.97567|I|libbeamng.print:18052| === LSTM_OBS t=2260 4.77640,4.79885,4.75211,4.76267,0.00000,0.00000,0.00000,0.00177,0.00000,0.00000,0.00000,1.00000,0.00000,0.00000,0.00000,2038.49595,0.00000 ===
321.02446|I|libbeamng.print:18052| === LSTM_TRACE t=2270 v=4.71 ws=4.68,4.64,4.56,4.69 cmd=0.075,0.080,0.046,0.034 cap=242,253,89,64 des=242,253,78,56 app=227,240,73,52 abs=nil,nil,nil,nil ebrake=1.00 ibrake=1.00 hasABS=0 sy=0.00 split=1.000,0.875 ===
321.02450|I|libbeamng.print:18052| === LSTM_OBS t=2270 4.67668,4.64020,4.55840,4.69103,0.00000,0.00000,0.00000,0.00423,0.00000,0.00000,0.00049,1.00000,0.00000,0.00000,0.00000,1987.66290,0.00000 ===
321.07463|I|libbeamng.print:18052| === LSTM_TRACE t=2280 v=4.60 ws=4.59,4.60,4.40,4.66 cmd=0.094,0.090,0.041,0.035 cap=290,278,81,67 des=290,278,70,59 app=273,264,66,55 abs=nil,nil,nil,nil ebrake=1.00 ibrake=1.00 hasABS=0 sy=0.00 split=1.000,0.875 ===
321.07470|I|libbeamng.print:18052| === LSTM_OBS t=2280 4.58641,4.59540,4.40308,4.65727,0.00000,0.00000,0.00000,0.00936,0.00000,0.00000,0.00049,1.00000,0.00000,0.00000,0.00000,1937.63707,0.00000 ===
321.12682|I|libbeamng.print:18052| === LSTM_TRACE t=2290 v=4.48 ws=4.44,4.52,4.54,4.43 cmd=0.115,0.097,0.030,0.030 cap=352,298,60,60 des=352,298,52,52 app=331,283,49,49 abs=nil,nil,nil,nil ebrake=1.00 ibrake=1.00 hasABS=0 sy=0.00 split=1.000,0.875 ===
321.12689|I|libbeamng.print:18052| === LSTM_OBS t=2290 4.43664,4.52401,4.53754,4.43342,0.00000,0.00000,0.00000,-0.00341,0.00000,0.00000,0.00085,1.00000,0.00000,0.00000,0.00000,1887.80875,0.00000 ===
321.17461|I|libbeamng.print:18052| === LSTM_TRACE t=2300 v=4.36 ws=4.32,4.37,4.35,4.29 cmd=0.106,0.091,0.028,0.027 cap=318,276,54,53 des=318,276,47,46 app=298,262,44,43 abs=nil,nil,nil,nil ebrake=1.00 ibrake=1.00 hasABS=0 sy=0.00 split=1.000,0.875 ===
321.17465|I|libbeamng.print:18052| === LSTM_OBS t=2300 4.31945,4.37493,4.35033,4.29248,0.00000,0.00000,0.00000,-0.00157,0.00000,0.00000,0.00049,1.00000,0.00000,0.00000,0.00000,1836.83898,0.00000 ===
321.22547|I|libbeamng.print:18052| === LSTM_TRACE t=2310 v=4.25 ws=4.21,4.16,4.08,4.29 cmd=0.092,0.085,0.032,0.027 cap=303,274,60,52 des=303,274,53,46 app=284,259,49,43 abs=nil,nil,nil,nil ebrake=1.00 ibrake=1.00 hasABS=0 sy=0.00 split=1.000,0.875 ===
321.22551|I|libbeamng.print:18052| === LSTM_OBS t=2310 4.20812,4.16376,4.08224,4.29277,0.00000,0.00000,0.00000,0.00190,0.00000,0.00000,0.00000,1.00000,0.00000,0.00000,0.00000,1783.78708,0.00000 ===
321.27455|I|libbeamng.print:18052| === LSTM_TRACE t=2320 v=4.13 ws=4.12,4.15,4.25,4.05 cmd=0.098,0.091,0.036,0.029 cap=310,281,69,55 des=310,281,61,48 app=291,267,57,45 abs=nil,nil,nil,nil ebrake=1.00 ibrake=1.00 hasABS=0 sy=0.00 split=1.000,0.875 ===
321.27458|I|libbeamng.print:18052| === LSTM_OBS t=2320 4.11654,4.15282,4.24581,4.05374,0.00000,0.00000,0.00000,-0.00135,0.00000,0.00000,0.00069,1.00000,0.00000,0.00000,0.00000,1731.86526,0.00000 ===
321.32464|I|libbeamng.print:18052| === LSTM_TRACE t=2330 v=4.02 ws=3.95,3.98,3.81,3.92 cmd=0.099,0.091,0.038,0.031 cap=291,275,73,59 des=291,275,64,52 app=274,260,60,49 abs=nil,nil,nil,nil ebrake=1.00 ibrake=1.00 hasABS=0 sy=0.00 split=1.000,0.875 ===
321.32468|I|libbeamng.print:18052| === LSTM_OBS t=2330 3.95380,3.98043,3.80708,3.91947,0.00000,0.00000,0.00000,-0.00163,0.00000,0.00000,0.00000,1.00000,0.00000,0.00000,0.00000,1681.28896,0.00000 ===
321.37465|I|libbeamng.print:18052| === LSTM_TRACE t=2340 v=3.90 ws=3.88,3.84,3.99,3.86 cmd=0.111,0.098,0.034,0.031 cap=371,315,66,60 des=371,315,58,53 app=349,299,54,49 abs=nil,nil,nil,nil ebrake=1.00 ibrake=1.00 hasABS=0 sy=0.00 split=1.000,0.875 ===
321.37477|I|libbeamng.print:18052| === LSTM_OBS t=2340 3.87618,3.84474,3.99404,3.86109,0.00000,0.00000,0.00000,0.00864,0.00000,0.00000,0.00000,1.00000,0.00000,0.00000,0.00000,1630.38759,0.00000 ===
321.42489|I|libbeamng.print:18052| === LSTM_TRACE t=2350 v=3.78 ws=3.70,3.75,3.56,3.67 cmd=0.119,0.099,0.030,0.030 cap=356,301,59,58 des=356,301,52,51 app=334,285,49,48 abs=nil,nil,nil,nil ebrake=1.00 ibrake=1.00 hasABS=0 sy=0.00 split=1.000,0.875 ===
321.42497|I|libbeamng.print:18052| === LSTM_OBS t=2350 3.69785,3.75298,3.55970,3.66926,0.00000,0.00000,0.00000,-0.00054,0.00000,0.00000,0.00000,1.00000,0.00000,0.00000,0.00000,1579.47885,0.00000 ===
321.47455|I|libbeamng.print:18052| === LSTM_TRACE t=2360 v=3.66 ws=3.74,3.63,3.82,3.60 cmd=0.127,0.104,0.029,0.029 cap=402,324,56,57 des=402,324,49,50 app=378,307,46,46 abs=nil,nil,nil,nil ebrake=1.00 ibrake=1.00 hasABS=0 sy=0.00 split=1.000,0.875 ===
321.47463|I|libbeamng.print:18052| === LSTM_OBS t=2360 3.74409,3.62990,3.81562,3.60224,0.00000,0.00000,0.00000,0.00150,0.00000,0.00000,0.00049,1.00000,0.00000,0.00000,0.00000,1526.34289,0.00000 ===
321.52471|I|libbeamng.print:18052| === LSTM_TRACE t=2370 v=3.54 ws=3.51,3.50,3.34,3.58 cmd=0.114,0.096,0.030,0.030 cap=332,291,58,58 des=332,291,51,51 app=312,276,48,47 abs=nil,nil,nil,nil ebrake=1.00 ibrake=1.00 hasABS=0 sy=0.00 split=1.000,0.875 ===
321.52480|I|libbeamng.print:18052| === LSTM_OBS t=2370 3.51206,3.49735,3.33738,3.58152,0.00000,0.00000,0.00000,-0.00226,0.00000,0.00000,0.00000,1.00000,0.00000,0.00000,0.00000,1473.12424,0.00000 ===
321.57479|I|libbeamng.print:18052| === LSTM_TRACE t=2380 v=3.42 ws=3.33,3.48,3.31,3.29 cmd=0.124,0.102,0.031,0.031 cap=373,311,60,60 des=373,311,52,52 app=350,294,49,49 abs=nil,nil,nil,nil ebrake=1.00 ibrake=1.00 hasABS=0 sy=0.00 split=1.000,0.875 ===
321.57483|I|libbeamng.print:18052| === LSTM_OBS t=2380 3.33247,3.47689,3.31453,3.29139,0.00000,0.00000,0.00000,-0.00286,0.00000,0.00000,0.00091,1.00000,0.00000,0.00000,0.00000,1421.11963,0.00000 ===
321.62458|I|libbeamng.print:18052| === LSTM_TRACE t=2390 v=3.30 ws=3.35,3.17,3.44,3.21 cmd=0.129,0.107,0.030,0.032 cap=427,343,59,61 des=427,343,52,53 app=401,325,48,50 abs=nil,nil,nil,nil ebrake=1.00 ibrake=1.00 hasABS=0 sy=0.00 split=1.000,0.875 ===
321.62462|I|libbeamng.print:18052| === LSTM_OBS t=2390 3.35489,3.17440,3.44450,3.21456,0.00000,0.00000,0.00000,0.00374,0.00000,0.00000,0.00049,1.00000,0.00000,0.00000,0.00000,1368.09862,0.00000 ===
321.67498|I|libbeamng.print:18052| === LSTM_TRACE t=2400 v=3.18 ws=3.07,3.14,3.19,3.19 cmd=0.119,0.101,0.031,0.033 cap=364,313,60,64 des=364,313,52,56 app=343,297,49,52 abs=nil,nil,nil,nil ebrake=1.00 ibrake=1.00 hasABS=0 sy=0.00 split=1.000,0.875 ===
321.67507|I|libbeamng.print:18052| === LSTM_OBS t=2400 3.07403,3.13760,3.18545,3.18661,0.00000,0.00000,0.00000,0.00206,0.00000,0.00000,0.00000,1.00000,0.00000,0.00000,0.00000,1314.19049,0.00000 ===
321.72510|I|libbeamng.print:18052| === LSTM_TRACE t=2410 v=3.06 ws=3.12,3.05,2.79,3.13 cmd=0.146,0.114,0.030,0.033 cap=420,336,59,65 des=420,336,51,57 app=395,318,48,53 abs=nil,nil,nil,nil ebrake=1.00 ibrake=1.00 hasABS=0 sy=0.00 split=1.000,0.875 ===
321.72514|I|libbeamng.print:18052| === LSTM_OBS t=2410 3.11594,3.05118,2.78754,3.13272,0.00000,0.00000,0.00000,0.00273,0.00000,0.00000,0.00091,1.00000,0.00000,0.00000,0.00000,1259.67539,0.00000 ===
321.77699|I|libbeamng.print:18052| === LSTM_TRACE t=2420 v=2.94 ws=2.77,2.83,2.77,2.94 cmd=0.132,0.108,0.030,0.036 cap=454,355,58,67 des=454,355,50,59 app=426,337,47,55 abs=nil,nil,nil,nil ebrake=1.00 ibrake=1.00 hasABS=0 sy=0.00 split=1.000,0.875 ===
321.77703|I|libbeamng.print:18052| === LSTM_OBS t=2420 2.76658,2.82816,2.76601,2.94395,0.00000,0.00000,0.00000,-0.00171,0.00000,0.00000,0.00049,1.00000,0.00000,0.00000,0.00000,1204.24856,0.00000 ===
321.82490|I|libbeamng.print:18052| === LSTM_TRACE t=2430 v=2.81 ws=2.65,2.84,2.73,2.67 cmd=0.136,0.111,0.031,0.037 cap=414,342,60,71 des=414,342,52,63 app=390,324,49,58 abs=nil,nil,nil,nil ebrake=1.00 ibrake=1.00 hasABS=0 sy=0.00 split=1.000,0.875 ===
321.82499|I|libbeamng.print:18052| === LSTM_OBS t=2430 2.64752,2.83537,2.72545,2.67129,0.00000,0.00000,0.00000,0.00348,0.00000,0.00000,0.00124,1.00000,0.00000,0.00000,0.00000,1147.93706,0.00000 ===
321.87504|I|libbeamng.print:18052| === LSTM_TRACE t=2440 v=2.68 ws=2.63,2.78,2.66,2.52 cmd=0.151,0.119,0.031,0.038 cap=420,346,61,75 des=420,346,54,65 app=394,328,50,61 abs=nil,nil,nil,nil ebrake=1.00 ibrake=1.00 hasABS=0 sy=0.00 split=1.000,0.875 ===
321.87511|I|libbeamng.print:18052| === LSTM_OBS t=2440 2.62534,2.78369,2.65767,2.52170,0.00000,0.00000,0.00000,0.00453,0.00000,0.00000,0.00142,1.00000,0.00000,0.00000,0.00000,1090.34975,0.00000 ===
321.92422|I|libbeamng.print:18052| === LSTM_TRACE t=2450 v=2.55 ws=2.52,2.69,2.57,2.39 cmd=0.159,0.124,0.032,0.039 cap=443,362,63,78 des=443,362,55,68 app=416,343,52,64 abs=nil,nil,nil,nil ebrake=1.00 ibrake=1.00 hasABS=0 sy=0.00 split=1.000,0.875 ===
321.92428|I|libbeamng.print:18052| === LSTM_OBS t=2450 2.52004,2.68604,2.56970,2.38759,0.00000,0.00000,0.00000,0.00397,0.00000,0.00000,0.00134,1.00000,0.00000,0.00000,0.00000,1031.20741,0.00000 ===
321.97508|I|libbeamng.print:18052| === LSTM_TRACE t=2460 v=2.42 ws=2.32,2.55,2.44,2.25 cmd=0.157,0.125,0.033,0.042 cap=453,373,65,82 des=453,373,57,72 app=426,354,53,67 abs=nil,nil,nil,nil ebrake=1.00 ibrake=1.00 hasABS=0 sy=0.00 split=1.000,0.875 ===
321.97513|I|libbeamng.print:18052| === LSTM_OBS t=2460 2.32486,2.55226,2.43501,2.25003,0.00000,0.00000,0.00000,0.00552,0.00000,0.00000,0.00085,1.00000,0.00000,0.00000,0.00000,970.72855,0.00000 ===
322.02838|I|libbeamng.print:18052| === LSTM_TRACE t=2470 v=2.30 ws=2.16,2.26,2.31,2.25 cmd=0.156,0.127,0.035,0.045 cap=500,403,67,86 des=500,403,59,75 app=470,382,55,70 abs=nil,nil,nil,nil ebrake=1.00 ibrake=1.00 hasABS=0 sy=0.00 split=1.000,0.875 ===
322.02843|I|libbeamng.print:18052| === LSTM_OBS t=2470 2.15958,2.25965,2.30528,2.24692,0.00000,0.00000,0.00000,0.00399,0.00000,0.00000,0.00069,1.00000,0.00000,0.00000,0.00000,908.68216,0.00000 ===
322.07612|I|libbeamng.print:18052| === LSTM_TRACE t=2480 v=2.17 ws=2.24,2.00,2.03,2.20 cmd=0.173,0.138,0.036,0.047 cap=540,427,70,90 des=540,427,61,79 app=508,404,57,74 abs=nil,nil,nil,nil ebrake=1.00 ibrake=1.00 hasABS=0 sy=0.00 split=1.000,0.875 ===
322.07617|I|libbeamng.print:18052| === LSTM_OBS t=2480 2.24117,1.99673,2.03132,2.20061,0.00000,0.00000,0.00000,0.00134,0.00000,0.00000,0.00189,1.00000,0.00000,0.00000,0.00000,844.04710,0.00000 ===
322.12495|I|libbeamng.print:18052| === LSTM_TRACE t=2490 v=2.04 ws=1.95,2.04,1.93,2.10 cmd=0.172,0.140,0.039,0.051 cap=525,429,76,98 des=525,429,66,86 app=494,407,62,81 abs=nil,nil,nil,nil ebrake=1.00 ibrake=1.00 hasABS=0 sy=0.00 split=1.000,0.875 ===
322.12499|I|libbeamng.print:18052| === LSTM_OBS t=2490 1.94909,2.04421,1.93110,2.10430,0.00000,0.00000,0.00000,-0.00274,0.00000,0.00000,0.00000,1.00000,0.00000,0.00000,0.00000,776.07766,0.00000 ===
322.17520|I|libbeamng.print:18052| === LSTM_TRACE t=2500 v=1.90 ws=1.91,1.78,1.86,1.97 cmd=0.177,0.147,0.044,0.057 cap=561,462,83,110 des=561,462,73,96 app=528,438,68,90 abs=nil,nil,nil,nil ebrake=1.00 ibrake=1.00 hasABS=0 sy=0.00 split=1.000,0.875 ===
322.17523|I|libbeamng.print:18052| === LSTM_OBS t=2500 1.91207,1.78388,1.86444,1.96787,0.00000,0.00000,0.00000,-0.00367,0.00000,0.00000,0.00000,1.00000,0.00000,0.00000,0.00000,742.74988,0.00000 ===
322.22513|I|libbeamng.print:18052| === LSTM_TRACE t=2510 v=1.76 ws=1.66,1.85,1.80,1.67 cmd=0.187,0.157,0.054,0.070 cap=547,470,102,133 des=547,470,90,117 app=515,445,84,109 abs=nil,nil,nil,nil ebrake=1.00 ibrake=1.00 hasABS=0 sy=0.00 split=1.000,0.875 ===
322.22517|I|libbeamng.print:18052| === LSTM_OBS t=2510 1.65815,1.84587,1.79760,1.66720,0.00000,0.00000,0.00000,0.00439,0.00000,0.00000,0.00104,1.00000,0.00000,0.00000,0.00000,739.3
