 32.97118|I|libbeamng.print:18052| === LSTM_ABS: lens 'band_g_dyn' loaded (17 in, 64 hidden, 2 layers) ===
 32.97294|I|libbeamng.print:18052| === LSTM_ABS SELFTEST lens=band_g_dyn cmd=0.926725,0.953171,0.809834,0.839091 ===
 54.23501|I|libbeamng.print:18052| === LSTM_TRACE t=0 v=27.71 ws=27.71,27.79,27.41,27.49 cmd=0.881,0.916,0.347,0.356 cap=155,155,97,97 des=155,155,85,85 app=142,142,78,78 abs=nil,nil,nil,nil ebrake=1.00 ibrake=1.00 hasABS=0 sy=1.58 split=1.000,0.875 ===
 54.23504|I|libbeamng.print:18052| === LSTM_OBS t=0 27.70523,27.79499,27.40587,27.49205,-0.03416,1.57737,0.00000,0.00124,0.00000,0.00000,0.00000,1.00000,0.00000,0.00000,0.00000,7858.54600,0.00000 ===
 54.29330|I|libbeamng.print:18052| === LSTM_TRACE t=10 v=27.46 ws=25.26,25.50,26.70,26.92 cmd=0.876,0.917,0.787,0.756 cap=2725,2850,1455,1388 des=2725,2850,1274,1214 app=2491,2393,1175,1120 abs=nil,nil,nil,nil ebrake=1.00 ibrake=1.00 hasABS=0 sy=1.97 split=1.000,0.875 ===
 54.29334|I|libbeamng.print:18052| === LSTM_OBS t=10 25.26001,25.50307,26.70337,26.92345,-0.01633,1.97081,0.00000,-0.00688,0.00000,0.00000,0.00124,1.00000,0.00000,0.00000,0.00000,7793.06087,0.00000 ===
 54.31304|I|libbeamng.print:18052| === LSTM_ABS DBG raw=23.0922,23.1789,26.2399,26.5169,-0.0270,2.6238,0.0000,0.0045,0.0000,0.0000,0.0018,1.0000,0.0000,0.0000,0.0000,7711.6680,0.0000 ===
 54.31308|I|libbeamng.print:18052| === LSTM_ABS DBG norm=0.42,0.43,0.57,0.58,0.05,-2.30,0.00,0.03,-0.07,-0.03,-0.06,0.50,0.00,0.00,0.00,1.76,0.00 ===
 54.31308|I|libbeamng.print:18052| === LSTM_ABS DBG cmd=0.8199,0.8709,0.8278,0.7989 ===
 54.34300|I|libbeamng.print:18052| === LSTM_TRACE t=20 v=26.96 ws=21.80,20.93,25.62,25.93 cmd=0.777,0.842,0.804,0.770 cap=2424,2617,1568,1502 des=2424,2617,1372,1314 app=2274,2455,1289,1233 abs=nil,nil,nil,nil ebrake=1.00 ibrake=1.00 hasABS=0 sy=3.85 split=1.000,0.875 ===
 54.34304|I|libbeamng.print:18052| === LSTM_OBS t=20 21.79992,20.93452,25.61519,25.92807,0.01061,3.85242,0.00000,0.00423,0.00000,0.00000,0.00293,1.00000,0.00000,0.00000,0.00000,7536.57253,0.00000 ===
 54.39267|I|libbeamng.print:18052| === LSTM_TRACE t=30 v=26.45 ws=20.39,16.90,24.28,25.13 cmd=0.811,0.874,0.833,0.800 cap=2478,2683,1612,1549 des=2478,2683,1410,1355 app=2350,2545,1342,1288 abs=nil,nil,nil,nil ebrake=1.00 ibrake=1.00 hasABS=0 sy=5.63 split=1.000,0.875 ===
 54.39271|I|libbeamng.print:18052| === LSTM_OBS t=30 20.39491,16.90007,24.28372,25.12785,-0.02918,5.63000,0.00000,0.00485,0.00000,0.00000,0.00198,1.00000,0.00000,0.00000,0.00000,7221.00465,0.00000 ===
 54.44265|I|libbeamng.print:18052| === LSTM_TRACE t=40 v=25.91 ws=18.71,11.72,22.94,24.65 cmd=0.617,0.722,0.846,0.819 cap=2007,2321,1651,1598 des=2007,2321,1445,1398 app=1919,2215,1388,1343 abs=nil,nil,nil,nil ebrake=1.00 ibrake=1.00 hasABS=0 sy=7.05 split=1.000,0.875 ===
 54.44269|I|libbeamng.print:18052| === LSTM_OBS t=40 18.70852,11.72014,22.93964,24.64713,-0.09727,7.05154,0.00000,-0.00347,0.00000,0.00000,0.00357,1.00000,0.00000,0.00000,0.00000,6931.70131,0.00000 ===
 54.48913|I|libbeamng.print:18052| === LSTM_TRACE t=50 v=25.38 ws=23.90,10.65,21.85,24.10 cmd=0.664,0.715,0.819,0.806 cap=2004,2200,1568,1543 des=2004,2200,1372,1350 app=1925,2105,1326,1304 abs=nil,nil,nil,nil ebrake=1.00 ibrake=1.00 hasABS=0 sy=8.03 split=1.000,0.875 ===
 54.48916|I|libbeamng.print:18052| === LSTM_OBS t=50 23.90353,10.65177,21.84923,24.10286,-0.15458,8.02603,0.00000,-0.00070,0.00000,0.00000,0.00427,1.00000,0.00000,0.00000,0.00000,6695.23171,0.00000 ===
 54.53889|I|libbeamng.print:18052| === LSTM_TRACE t=60 v=24.84 ws=23.67,7.67,20.60,23.65 cmd=0.605,0.646,0.879,0.871 cap=2011,2143,1692,1672 des=2011,2143,1481,1463 app=1944,2055,1438,1422 abs=nil,nil,nil,nil ebrake=1.00 ibrake=1.00 hasABS=0 sy=8.83 split=1.000,0.875 ===
 54.53895|I|libbeamng.print:18052| === LSTM_OBS t=60 23.67468,7.67297,20.60422,23.64936,-0.20954,8.82527,0.00000,0.00323,0.00000,0.00000,0.00364,1.00000,0.00000,0.00000,0.00000,6456.47043,0.00000 ===
 54.58972|I|libbeamng.print:18052| === LSTM_TRACE t=70 v=24.35 ws=23.48,7.27,19.32,23.10 cmd=0.562,0.603,0.890,0.897 cap=1678,1807,1700,1700 des=1678,1807,1488,1488 app=1629,1733,1451,1453 abs=nil,nil,nil,nil ebrake=1.00 ibrake=1.00 hasABS=0 sy=9.28 split=1.000,0.875 ===
 54.58978|I|libbeamng.print:18052| === LSTM_OBS t=70 23.48379,7.26586,19.32103,23.09892,-0.18025,9.28376,0.00000,-0.02188,0.00000,0.00000,0.00254,1.00000,0.00000,0.00000,0.00000,6201.01195,0.00000 ===
 54.63873|I|libbeamng.print:18052| === LSTM_TRACE t=80 v=23.86 ws=22.96,7.28,18.10,22.66 cmd=0.466,0.508,0.890,0.902 cap=1884,2030,1692,1700 des=1884,2030,1480,1488 app=1835,1949,1448,1459 abs=nil,nil,nil,nil ebrake=1.00 ibrake=1.00 hasABS=0 sy=9.45 split=1.000,0.875 ===
 54.63876|I|libbeamng.print:18052| === LSTM_OBS t=80 22.95524,7.27602,18.10351,22.66255,-0.13170,9.45404,0.00000,-0.05118,0.00000,0.00000,0.00244,1.00000,0.00000,0.00000,0.00000,5941.68359,0.00000 ===
 54.68857|I|libbeamng.print:18052| === LSTM_TRACE t=90 v=23.36 ws=22.64,7.21,16.73,22.23 cmd=0.596,0.635,0.858,0.870 cap=1414,1522,1700,1700 des=1414,1522,1488,1488 app=1381,1462,1458,1463 abs=nil,nil,nil,nil ebrake=1.00 ibrake=1.00 hasABS=0 sy=9.56 split=1.000,0.875 ===
 54.68861|I|libbeamng.print:18052| === LSTM_OBS t=90 22.64376,7.21045,16.73207,22.23436,-0.04672,9.56487,0.00000,-0.05297,0.00000,0.00000,0.00311,1.00000,0.00000,0.00000,0.00000,5696.36495,0.00000 ===
 54.73854|I|libbeamng.print:18052| === LSTM_TRACE t=100 v=22.86 ws=21.96,6.77,16.05,21.52 cmd=0.448,0.471,0.887,0.895 cap=1916,2004,1687,1700 des=1916,2004,1476,1488 app=1871,1925,1449,1467 abs=nil,nil,nil,nil ebrake=1.00 ibrake=1.00 hasABS=0 sy=9.66 split=1.000,0.875 ===
 54.73858|I|libbeamng.print:18052| === LSTM_OBS t=100 21.95861,6.77110,16.05169,21.52377,0.03335,9.66360,0.00000,-0.06396,0.00000,0.00000,0.00326,1.00000,0.00000,0.00000,0.00000,5460.02976,0.00000 ===
 54.78847|I|libbeamng.print:18052| === LSTM_TRACE t=110 v=22.36 ws=21.47,6.49,14.94,21.06 cmd=0.489,0.500,0.870,0.877 cap=1758,1801,1683,1697 des=1758,1801,1473,1484 app=1724,1730,1447,1466 abs=nil,nil,nil,nil ebrake=1.00 ibrake=1.00 hasABS=0 sy=9.78 split=1.000,0.875 ===
 54.78850|I|libbeamng.print:18052| === LSTM_OBS t=110 21.46534,6.49140,14.93805,21.06472,0.15068,9.78326,0.00000,-0.06401,0.00000,0.00000,0.00234,1.00000,0.00000,0.00000,0.00000,5235.11434,0.00000 ===
 54.83890|I|libbeamng.print:18052| === LSTM_TRACE t=120 v=21.84 ws=20.96,5.97,13.73,20.52 cmd=0.526,0.522,0.875,0.880 cap=1858,1846,1658,1668 des=1858,1846,1451,1459 app=1826,1774,1427,1443 abs=nil,nil,nil,nil ebrake=1.00 ibrake=1.00 hasABS=0 sy=9.88 split=1.000,0.875 ===
 54.83894|I|libbeamng.print:18052| === LSTM_OBS t=120 20.96240,5.97447,13.73389,20.51599,0.30534,9.88260,0.00000,-0.07429,0.00000,0.00000,0.00315,1.00000,0.00000,0.00000,0.00000,5011.92778,0.00000 ===
 54.88839|I|libbeamng.print:18052| === LSTM_TRACE t=130 v=21.33 ws=20.35,5.62,12.73,19.89 cmd=0.581,0.553,0.891,0.895 cap=2150,2081,1658,1666 des=2150,2081,1450,1458 app=2075,1964,1427,1444 abs=nil,nil,nil,nil ebrake=1.00 ibrake=1.00 hasABS=0 sy=9.99 split=1.000,0.875 ===
 54.88843|I|libbeamng.print:18052| === LSTM_OBS t=130 20.34759,5.61714,12.72669,19.89283,0.46015,9.99010,0.00000,-0.07872,0.00000,0.00000,0.00329,1.00000,0.00000,0.00000,0.00000,4785.14242,0.00000 ===
 54.93822|I|libbeamng.print:18052| === LSTM_TRACE t=140 v=20.81 ws=19.79,5.02,11.38,18.98 cmd=0.742,0.700,0.880,0.884 cap=2128,1974,1700,1700 des=2128,1974,1488,1488 app=2098,1897,1464,1475 abs=nil,nil,nil,nil ebrake=1.00 ibrake=1.00 hasABS=0 sy=10.12 split=1.000,0.875 ===
 54.93826|I|libbeamng.print:18052| === LSTM_OBS t=140 19.79179,5.02215,11.37906,18.97921,0.60126,10.11625,0.00000,-0.08459,0.00000,0.00000,0.00426,1.00000,0.00000,0.00000,0.00000,4556.22635,0.00000 ===
 54.98824|I|libbeamng.print:18052| === LSTM_TRACE t=150 v=20.27 ws=19.18,2.82,9.44,17.11 cmd=0.709,0.625,0.887,0.890 cap=2169,1943,1700,1700 des=2169,1943,1488,1488 app=2142,1866,1464,1476 abs=nil,nil,nil,nil ebrake=1.00 ibrake=1.00 hasABS=0 sy=10.28 split=1.000,0.875 ===
 54.98829|I|libbeamng.print:18052| === LSTM_OBS t=150 19.18414,2.82458,9.44458,17.11283,0.69621,10.28416,0.00000,-0.06791,0.00000,0.00000,0.00527,1.00000,0.00000,0.00000,0.00000,4335.61662,0.00000 ===
 55.03794|I|libbeamng.print:18052| === LSTM_TRACE t=160 v=19.75 ws=18.60,0.42,7.97,15.58 cmd=0.664,0.565,0.889,0.893 cap=2102,1768,1700,1700 des=2102,1768,1488,1488 app=2079,1696,1463,1476 abs=nil,nil,nil,nil ebrake=1.00 ibrake=1.00 hasABS=0 sy=10.37 split=1.000,0.875 ===
 55.03798|I|libbeamng.print:18052| === LSTM_OBS t=160 18.60201,0.41972,7.96812,15.58379,0.73580,10.36989,0.00000,-0.06312,0.00000,0.00000,0.00497,1.00000,0.00000,0.00000,0.00000,4096.10270,0.00000 ===
 55.08859|I|libbeamng.print:18052| === LSTM_TRACE t=170 v=19.23 ws=17.69,0.04,6.45,13.68 cmd=0.732,0.650,0.837,0.835 cap=2141,1857,1696,1696 des=2141,1857,1484,1484 app=2119,1779,1459,1472 abs=nil,nil,nil,nil ebrake=1.00 ibrake=1.00 hasABS=0 sy=10.34 split=1.000,0.875 ===
 55.08864|I|libbeamng.print:18052| === LSTM_OBS t=170 17.68800,0.04287,6.44606,13.68010,0.76251,10.33851,0.00000,-0.06291,0.00000,0.00000,0.00518,1.00000,0.00000,0.00000,0.00000,3844.05409,0.00000 ===
 55.13795|I|libbeamng.print:18052| === LSTM_TRACE t=180 v=18.71 ws=16.93,0.02,5.50,12.64 cmd=0.760,0.678,0.799,0.780 cap=2275,2000,1531,1495 des=2275,2000,1339,1308 app=2254,1913,1315,1298 abs=nil,nil,nil,nil ebrake=1.00 ibrake=1.00 hasABS=0 sy=10.32 split=1.000,0.875 ===
 55.13799|I|libbeamng.print:18052| === LSTM_OBS t=180 16.92957,0.01685,5.49579,12.63962,0.78182,10.32488,0.00000,-0.06428,0.00000,0.00000,0.00381,1.00000,0.00000,0.00000,0.00000,3605.42647,0.00000 ===
 55.18837|I|libbeamng.print:18052| === LSTM_TRACE t=190 v=18.17 ws=15.69,0.05,4.77,11.55 cmd=0.805,0.739,0.733,0.703 cap=2088,1727,1520,1464 des=2088,1727,1330,1281 app=2071,1717,1304,1270 abs=nil,nil,nil,nil ebrake=1.00 ibrake=1.00 hasABS=0 sy=10.43 split=1.000,0.875 ===
 55.18842|I|libbeamng.print:18052| === LSTM_OBS t=190 15.69210,0.04758,4.76884,11.55035,0.78816,10.42871,0.00000,-0.05308,0.00000,0.00000,0.00398,1.00000,0.00000,0.00000,0.00000,3412.98618,0.00000 ===
 55.23784|I|libbeamng.print:18052| === LSTM_TRACE t=200 v=17.62 ws=13.80,0.05,3.68,10.50 cmd=0.777,0.700,0.776,0.746 cap=2539,2367,1447,1385 des=2539,2367,1267,1212 app=2520,2256,1240,1200 abs=nil,nil,nil,nil ebrake=1.00 ibrake=1.00 hasABS=0 sy=10.54 split=1.000,0.875 ===
 55.23787|I|libbeamng.print:18052| === LSTM_OBS t=200 13.79545,0.05364,3.68287,10.49585,0.75245,10.53832,0.00000,-0.04290,0.00000,0.00000,0.00349,1.00000,0.00000,0.00000,0.00000,3243.78249,0.00000 ===
 55.28840|I|libbeamng.print:18052| === LSTM_TRACE t=210 v=17.12 ws=12.74,0.03,3.90,10.29 cmd=0.723,0.690,0.671,0.642 cap=2086,1913,1336,1288 des=2086,1913,1169,1127 app=2070,1821,1143,1116 abs=nil,nil,nil,nil ebrake=1.00 ibrake=1.00 hasABS=0 sy=10.51 split=1.000,0.875 ===
 55.28844|I|libbeamng.print:18052| === LSTM_OBS t=210 12.74309,0.03308,3.90355,10.29038,0.75451,10.51271,0.00000,-0.04201,0.00000,0.00000,0.00494,1.00000,0.00000,0.00000,0.00000,3056.25595,0.00000 ===
 55.33827|I|libbeamng.print:18052| === LSTM_TRACE t=220 v=16.58 ws=11.76,0.01,2.73,9.18 cmd=0.763,0.678,0.742,0.710 cap=2384,2179,1440,1369 des=2384,2179,1260,1198 app=2367,2071,1230,1185 abs=nil,nil,nil,nil ebrake=1.00 ibrake=1.00 hasABS=0 sy=10.48 split=1.000,0.875 ===
 55.33831|I|libbeamng.print:18052| === LSTM_OBS t=220 11.75956,0.01476,2.73410,9.18179,0.65182,10.47586,0.00000,-0.01936,0.00000,0.00000,0.00169,1.00000,0.00000,0.00000,0.00000,2885.98177,0.00000 ===
 55.38804|I|libbeamng.print:18052| === LSTM_TRACE t=230 v=16.08 ws=10.68,0.03,2.94,9.97 cmd=0.575,0.520,0.685,0.679 cap=1977,1703,1409,1377 des=1977,1703,1232,1205 app=1962,1616,1201,1191 abs=nil,nil,nil,nil ebrake=1.00 ibrake=1.00 hasABS=0 sy=10.42 split=1.000,0.875 ===
 55.38808|I|libbeamng.print:18052| === LSTM_OBS t=230 10.67661,0.02830,2.93559,9.97474,0.67266,10.42104,0.00000,-0.02555,0.00000,0.00000,0.00301,1.00000,0.00000,0.00000,0.00000,2714.45433,0.00000 ===
 55.43786|I|libbeamng.print:18052| === LSTM_TRACE t=240 v=15.59 ws=10.60,0.08,2.81,9.55 cmd=0.662,0.641,0.604,0.593 cap=1994,1914,1173,1159 des=1994,1914,1026,1014 app=1979,1814,999,1002 abs=nil,nil,nil,nil ebrake=1.00 ibrake=1.00 hasABS=0 sy=10.36 split=1.000,0.875 ===
 55.43794|I|libbeamng.print:18052| === LSTM_OBS t=240 10.60055,0.08370,2.80542,9.55102,0.67053,10.36190,0.00000,-0.01823,0.00000,0.00000,0.00492,1.00000,0.00000,0.00000,0.00000,2553.27201,0.00000 ===
 55.48449|I|libbeamng.print:18052| === LSTM_TRACE t=250 v=15.08 ws=10.61,0.05,2.61,8.83 cmd=0.699,0.677,0.582,0.571 cap=2176,2102,1078,1063 des=2176,2102,943,930 app=2159,1990,916,918 abs=nil,nil,nil,nil ebrake=1.00 ibrake=1.00 hasABS=0 sy=10.36 split=1.000,0.875 ===
 55.48453|I|libbeamng.print:18052| === LSTM_OBS t=250 10.61331,0.05061,2.61376,8.82894,0.64924,10.35534,0.00000,-0.02507,0.00000,0.00000,0.00549,1.00000,0.00000,0.00000,0.00000,2430.18541,0.00000 ===
 55.53813|I|libbeamng.print:18052| === LSTM_TRACE t=260 v=14.55 ws=10.89,0.05,2.97,8.38 cmd=0.653,0.640,0.522,0.514 cap=2135,2116,964,960 des=2135,2116,844,840 app=2118,2001,819,829 abs=nil,nil,nil,nil ebrake=1.00 ibrake=1.00 hasABS=0 sy=10.34 split=1.000,0.875 ===
 55.53820|I|libbeamng.print:18052| === LSTM_OBS t=260 10.89125,0.05458,2.96850,8.38074,0.56480,10.34241,0.00000,-0.03236,0.00000,0.00000,0.00575,1.00000,0.00000,0.00000,0.00000,2298.32742,0.00000 ===
 55.58822|I|libbeamng.print:18052| === LSTM_TRACE t=270 v=14.01 ws=11.69,0.02,3.53,7.49 cmd=0.633,0.612,0.496,0.483 cap=2190,2203,863,853 des=2190,2203,755,746 app=2173,2081,731,735 abs=nil,nil,nil,nil ebrake=1.00 ibrake=1.00 hasABS=0 sy=10.40 split=1.000,0.875 ===
 55.58826|I|libbeamng.print:18052| === LSTM_OBS t=270 11.69495,0.01760,3.53450,7.49373,0.54781,10.40010,0.00000,-0.01334,0.00000,0.00000,0.00457,1.00000,0.00000,0.00000,0.00000,2203.47534,0.00000 ===
 55.63781|I|libbeamng.print:18052| === LSTM_TRACE t=280 v=13.47 ws=12.50,0.01,3.73,5.93 cmd=0.763,0.754,0.447,0.431 cap=2240,2259,783,771 des=2240,2259,685,674 app=2223,2132,663,664 abs=nil,nil,nil,nil ebrake=1.00 ibrake=1.00 hasABS=0 sy=10.47 split=1.000,0.875 ===
 55.63786|I|libbeamng.print:18052| === LSTM_OBS t=280 12.49859,0.01145,3.73241,5.92612,0.57161,10.46729,0.00000,-0.00989,0.00000,0.00000,0.00453,1.00000,0.00000,0.00000,0.00000,2130.08428,0.00000 ===
 55.68972|I|libbeamng.print:18052| === LSTM_TRACE t=290 v=12.95 ws=11.94,0.04,3.95,5.05 cmd=0.687,0.622,0.542,0.514 cap=2299,2153,988,930 des=2299,2153,864,814 app=2282,2030,836,800 abs=nil,nil,nil,nil ebrake=1.00 ibrake=1.00 hasABS=0 sy=10.48 split=1.000,0.875 ===
 55.68976|I|libbeamng.print:18052| === LSTM_OBS t=290 11.93536,0.03821,3.94797,5.05451,0.74977,10.47778,0.00000,-0.01072,0.00000,0.00000,0.00221,1.00000,0.00000,0.00000,0.00000,2064.95577,0.00000 ===
 55.73956|I|libbeamng.print:18052| === LSTM_TRACE t=300 v=12.42 ws=11.83,0.01,4.75,4.89 cmd=0.700,0.654,0.483,0.448 cap=2031,1841,985,915 des=2031,1841,862,801 app=2016,1734,833,786 abs=nil,nil,nil,nil ebrake=1.00 ibrake=1.00 hasABS=0 sy=10.47 split=1.000,0.875 ===
 55.73960|I|libbeamng.print:18052| === LSTM_OBS t=300 11.83020,0.01171,4.75055,4.89449,0.86280,10.46569,0.00000,-0.02170,0.00000,0.00000,0.00465,1.00000,0.00000,0.00000,0.00000,1994.04191,0.00000 ===
 55.78979|I|libbeamng.print:18052| === LSTM_TRACE t=310 v=11.91 ws=11.26,0.00,5.03,3.68 cmd=0.693,0.643,0.484,0.441 cap=2157,2008,915,836 des=2157,2008,801,731 app=2141,1890,773,717 abs=nil,nil,nil,nil ebrake=1.00 ibrake=1.00 hasABS=0 sy=10.42 split=1.000,0.875 ===
 55.78983|I|libbeamng.print:18052| === LSTM_OBS t=310 11.25832,0.00075,5.03460,3.68132,0.89686,10.42079,0.00000,-0.02915,0.00000,0.00000,0.00455,1.00000,0.00000,0.00000,0.00000,1928.52606,0.00000 ===
 55.83958|I|libbeamng.print:18052| === LSTM_TRACE t=320 v=11.40 ws=10.93,0.16,5.56,3.87 cmd=0.684,0.649,0.446,0.408 cap=1863,1674,967,885 des=1863,1674,846,775 app=1849,1574,817,758 abs=nil,nil,nil,nil ebrake=1.00 ibrake=1.00 hasABS=0 sy=10.37 split=1.000,0.875 ===
 55.83961|I|libbeamng.print:18052| === LSTM_OBS t=320 10.93299,0.15791,5.56082,3.86551,0.83592,10.36592,0.00000,-0.02720,0.00000,0.00000,0.00603,1.00000,0.00000,0.00000,0.00000,1858.86030,0.00000 ===
 55.88875|I|libbeamng.print:18052| === LSTM_TRACE t=330 v=10.87 ws=10.22,0.09,5.08,2.91 cmd=0.624,0.566,0.487,0.440 cap=2170,2072,846,767 des=2170,2072,740,671 app=2154,1947,714,656 abs=nil,nil,nil,nil ebrake=1.00 ibrake=1.00 hasABS=0 sy=10.35 split=1.000,0.875 ===
 55.88880|I|libbeamng.print:18052| === LSTM_OBS t=330 10.21826,0.08854,5.08165,2.90875,0.84720,10.35262,0.00000,-0.03152,0.00000,0.00000,0.00280,1.00000,0.00000,0.00000,0.00000,1802.67469,0.00000 ===
 55.93668|I|libbeamng.print:18052| === LSTM_TRACE t=340 v=10.37 ws=9.69,0.03,5.27,2.23 cmd=0.628,0.562,0.498,0.449 cap=2064,1914,926,837 des=2064,1914,810,732 app=2048,1798,782,715 abs=nil,nil,nil,nil ebrake=1.00 ibrake=1.00 hasABS=0 sy=10.32 split=1.000,0.875 ===
 55.93672|I|libbeamng.print:18052| === LSTM_OBS t=340 9.68717,0.03243,5.27036,2.23440,0.78957,10.31927,0.00000,-0.04720,0.00000,0.00000,0.00420,1.00000,0.00000,0.00000,0.00000,1744.01865,0.00000 ===
 55.98611|I|libbeamng.print:18052| === LSTM_TRACE t=350 v=9.88 ws=9.20,0.11,5.57,1.78 cmd=0.540,0.451,0.566,0.512 cap=2424,2327,945,849 des=2424,2327,827,743 app=2367,2095,798,725 abs=nil,nil,nil,nil ebrake=1.00 ibrake=1.00 hasABS=0 sy=10.26 split=1.000,0.875 ===
 55.98614|I|libbeamng.print:18052| === LSTM_OBS t=350 9.19815,0.10558,5.57094,1.77742,0.69538,10.26477,0.00000,-0.03777,0.00000,0.00000,0.00411,1.00000,0.00000,0.00000,0.00000,1688.21535,0.00000 ===
 56.03599|I|libbeamng.print:18052| === LSTM_TRACE t=360 v=9.34 ws=8.74,0.65,5.47,1.53 cmd=0.745,0.699,0.483,0.432 cap=1983,1800,897,791 des=1983,1800,785,692 app=1968,1688,757,675 abs=nil,nil,nil,nil ebrake=1.00 ibrake=1.00 hasABS=0 sy=10.25 split=1.000,0.875 ===
 56.03603|I|libbeamng.print:18052| === LSTM_OBS t=360 8.74174,0.65068,5.47058,1.53257,0.64236,10.24942,0.00000,-0.03714,0.00000,0.00000,0.00146,1.00000,0.00000,0.00000,0.00000,1631.77636,0.00000 ===
 56.08599|I|libbeamng.print:18052| === LSTM_TRACE t=370 v=8.79 ws=8.36,0.85,6.01,1.52 cmd=0.644,0.583,0.540,0.511 cap=2148,2000,969,912 des=2148,2000,848,798 app=2131,1876,818,777 abs=nil,nil,nil,nil ebrake=1.00 ibrake=1.00 hasABS=0 sy=10.40 split=1.000,0.875 ===
 56.08603|I|libbeamng.print:18052| === LSTM_OBS t=370 8.36321,0.85385,6.01479,1.51968,0.67243,10.40454,0.00000,-0.02467,0.00000,0.00000,0.00439,1.00000,0.00000,0.00000,0.00000,1580.46554,0.00000 ===
 56.13581|I|libbeamng.print:18052| === LSTM_TRACE t=380 v=8.26 ws=7.30,1.59,6.54,0.40 cmd=0.679,0.652,0.508,0.479 cap=2165,2150,751,707 des=2165,2150,657,618 app=2148,2016,658,613 abs=nil,nil,nil,nil ebrake=1.00 ibrake=1.00 hasABS=0 sy=10.46 split=1.000,0.875 ===
 56.13585|I|libbeamng.print:18052| === LSTM_OBS t=380 7.30202,1.59044,6.53533,0.40360,0.60264,10.45757,0.00000,-0.02180,0.00000,0.00000,0.00311,1.00000,0.00000,0.00000,0.00000,1520.86245,0.00000 ===
 56.18541|I|libbeamng.print:18052| === LSTM_TRACE t=390 v=7.71 ws=7.10,1.97,7.14,0.12 cmd=0.514,0.444,0.566,0.548 cap=1924,1766,1120,1078 des=1924,1766,980,943 app=1973,1848,946,916 abs=nil,nil,nil,nil ebrake=1.00 ibrake=1.00 hasABS=0 sy=10.61 split=1.000,0.875 ===
 56.18545|I|libbeamng.print:18052| === LSTM_OBS t=390 7.10126,1.97120,7.14281,0.11977,0.63091,10.61177,0.00000,0.00122,0.00000,0.00000,0.00492,1.00000,0.00000,0.00000,0.00000,1462.06638,0.00000 ===
 56.23659|I|libbeamng.print:18052| === LSTM_TRACE t=400 v=7.16 ws=6.22,3.06,6.55,0.10 cmd=0.588,0.541,0.589,0.574 cap=2413,2404,968,946 des=2413,2404,847,828 app=2392,2257,818,803 abs=nil,nil,nil,nil ebrake=1.00 ibrake=1.00 hasABS=0 sy=10.72 split=1.000,0.875 ===
 56.23663|I|libbeamng.print:18052| === LSTM_OBS t=400 6.21976,3.06356,6.55452,0.09915,0.62558,10.72300,0.00000,0.01328,0.00000,0.00000,0.00311,1.00000,0.00000,0.00000,0.00000,1414.85666,0.00000 ===
 56.28561|I|libbeamng.print:18052| === LSTM_TRACE t=410 v=6.60 ws=5.78,3.23,6.07,0.07 cmd=0.663,0.632,0.543,0.541 cap=1582,1410,1125,1110 des=1582,1410,984,971 app=1897,1800,951,941 abs=nil,nil,nil,nil ebrake=1.00 ibrake=1.00 hasABS=0 sy=10.83 split=1.000,0.875 ===
 56.28565|I|libbeamng.print:18052| === LSTM_OBS t=410 5.78334,3.22719,6.06885,0.07267,0.59286,10.83125,0.00000,0.02565,0.00000,0.00000,0.00505,1.00000,0.00000,0.00000,0.00000,1348.62609,0.00000 ===
 56.33572|I|libbeamng.print:18052| === LSTM_TRACE t=420 v=6.03 ws=5.44,3.93,5.56,0.01 cmd=0.788,0.781,0.536,0.535 cap=2272,2209,1106,1100 des=2272,2209,968,963 app=2250,2079,935,932 abs=nil,nil,nil,nil ebrake=1.00 ibrake=1.00 hasABS=0 sy=10.93 split=1.000,0.875 ===
 56.33576|I|libbeamng.print:18052| === LSTM_OBS t=420 5.43876,3.92642,5.55540,0.01432,0.47690,10.92965,0.00000,0.01806,0.00000,0.00000,0.00345,1.00000,0.00000,0.00000,0.00000,1259.93437,0.00000 ===
 56.38658|I|libbeamng.print:18052| === LSTM_TRACE t=430 v=5.47 ws=4.79,4.21,5.04,0.04 cmd=0.810,0.805,0.538,0.539 cap=2066,1949,1172,1165 des=2066,1949,1026,1019 app=2046,1855,991,985 abs=nil,nil,nil,nil ebrake=1.00 ibrake=1.00 hasABS=0 sy=11.05 split=1.000,0.875 ===
 56.38664|I|libbeamng.print:18052| === LSTM_OBS t=430 4.79362,4.21481,5.03711,0.04224,0.40437,11.05282,0.00000,0.02878,0.00000,0.00000,0.00472,1.00000,0.00000,0.00000,0.00000,1158.31888,0.00000 ===
 56.43887|I|libbeamng.print:18052| === LSTM_TRACE t=440 v=4.89 ws=3.50,4.60,4.58,0.19 cmd=0.768,0.749,0.615,0.612 cap=2564,2544,1106,1104 des=2564,2544,968,966 app=2537,2402,935,933 abs=nil,nil,nil,nil ebrake=1.00 ibrake=1.00 hasABS=0 sy=11.18 split=1.000,0.875 ===
 56.43894|I|libbeamng.print:18052| === LSTM_OBS t=440 3.50382,4.60049,4.58372,0.18570,0.28469,11.18488,0.00000,0.00976,0.00000,0.00000,0.00608,1.00000,0.00000,0.00000,0.00000,1053.45624,0.00000 ===
 56.48689|I|libbeamng.print:18052| === LSTM_TRACE t=450 v=4.32 ws=2.76,3.98,3.73,0.18 cmd=0.812,0.801,0.616,0.618 cap=2436,2392,1179,1187 des=2436,2392,1032,1038 app=2410,2262,997,1003 abs=nil,nil,nil,nil ebrake=1.00 ibrake=1.00 hasABS=0 sy=11.25 split=1.000,0.875 ===
 56.48693|I|libbeamng.print:18052| === LSTM_OBS t=450 2.76319,3.98114,3.73366,0.17619,0.29712,11.24869,0.00000,0.01154,0.00000,0.00000,0.00249,1.00000,0.00000,0.00000,0.00000,941.48689,0.00000 ===
 56.53629|I|libbeamng.print:18052| === LSTM_TRACE t=460 v=3.79 ws=0.57,3.67,3.51,0.11 cmd=0.649,0.618,0.693,0.702 cap=2266,2188,1331,1345 des=2266,2188,1164,1177 app=2239,2071,1125,1136 abs=nil,nil,nil,nil ebrake=1.00 ibrake=1.00 hasABS=0 sy=11.20 split=1.000,0.875 ===
 56.53634|I|libbeamng.print:18052| === LSTM_OBS t=460 0.57174,3.66648,3.51395,0.10733,0.25454,11.19989,0.00000,0.01435,0.00000,0.00000,0.00305,1.00000,0.00000,0.00000,0.00000,817.09030,0.00000 ===
 56.58610|I|libbeamng.print:18052| === LSTM_TRACE t=470 v=3.24 ws=0.02,2.53,2.79,0.01 cmd=0.787,0.785,0.704,0.727 cap=2195,2147,1399,1440 des=2195,2147,1224,1260 app=2167,2033,1182,1215 abs=nil,nil,nil,nil ebrake=1.00 ibrake=1.00 hasABS=0 sy=11.06 split=1.000,0.875 ===
 56.58615|I|libbeamng.print:18052| === LSTM_OBS t=470 0.02143,2.53246,2.79303,0.00845,0.17534,11.06048,0.00000,0.02727,0.00000,0.00000,0.00146,1.00000,0.00000,0.00000,0.00000,742.16117,0.00000 ===
 56.63671|I|libbeamng.print:18052| === LSTM_TRACE t=480 v=2.69 ws=0.04,1.95,2.25,0.31 cmd=0.730,0.727,0.729,0.756 cap=2180,2146,1461,1506 des=2180,2146,1278,1318 app=2149,2033,1234,1270 abs=nil,nil,nil,nil ebrake=1.00 ibrake=1.00 hasABS=0 sy=11.01 split=1.000,0.875 ===
 56.63676|I|libbeamng.print:18052| === LSTM_OBS t=480 0.03807,1.94791,2.24587,0.31151,0.08860,11.01450,0.00000,0.01721,0.00000,0.00000,0.00198,1.00000,0.00000,0.00000,0.00000,731.12521,0.00000 ===
 56.68801|I|libbeamng.print:18052| === LSTM_TRACE t=490 v=2.13 ws=0.02,1.27,1.83,1.13 cmd=0.802,0.807,0.794,0.817 cap=2570,2601,1527,1569 des=2570,2601,1336,1373 app=2531,2463,1289,1323 abs=nil,nil,nil,nil ebrake=1.00 ibrake=1.00 hasABS=0 sy=11.04 split=1.000,0.875 ===
 56.68806|I|libbeamng.print:18052| === LSTM_OBS t=490 0.02409,1.27430,1.82648,1.13117,0.01970,11.03521,0.00000,-0.00595,0.00000,0.00000,0.00254,1.00000,0.00000,0.00000,0.00000,731.89333,0.00000 ===
 56.73635|I|libbeamng.print:18052| === LSTM_TRACE t=500 v=1.57 ws=0.04,0.14,1.53,0.01 cmd=0.902,0.897,0.832,0.846 cap=2759,2741,1626,1653 des=2759,2741,1423,1446 app=2714,2595,1372,1393 abs=nil,nil,nil,nil ebrake=1.00 ibrake=1.00 hasABS=0 sy=11.09 split=1.000,0.875 ===
 56.73644|I|libbeamng.print:18052| === LSTM_OBS t=500 0.04002,0.13623,1.52564,0.00930,-0.10098,11.09319,0.00000,0.01034,0.00000,0.00000,0.00069,1.00000,0.00000,0.00000,0.00000,728.55553,0.00000 ===
 56.78645|I|libbeamng.print:18052| === LSTM_TRACE t=510 v=1.01 ws=0.00,0.04,0.67,0.83 cmd=0.941,0.935,0.851,0.865 cap=2914,2897,1650,1679 des=2914,2897,1444,1469 app=2864,2740,1391,1415 abs=nil,nil,nil,nil ebrake=1.00 ibrake=1.00 hasABS=0 sy=11.11 split=1.000,0.875 ===
 56.78650|I|libbeamng.print:18052| === LSTM_OBS t=510 0.00300,0.03587,0.67197,0.82676,-0.14171,11.10799,0.00000,-0.00921,0.00000,0.00000,0.00189,1.00000,0.00000,0.00000,0.00000,730.08872,0.00000 ===
 87.18254|I|libbeamng.print:18052| === LSTM_TRACE t=0 v=27.71 ws=27.80,27.81,27.40,27.48 cmd=0.883,0.917,0.347,0.355 cap=155,155,97,97 des=155,155,85,85 app=111,108,60,61 abs=nil,nil,nil,nil ebrake=1.00 ibrake=1.00 hasABS=0 sy=1.57 split=1.000,0.875 ===
 87.18258|I|libbeamng.print:18052| === LSTM_OBS t=0 27.79707,27.81393,27.39907,27.47805,-0.02935,1.57166,0.00000,0.00784,0.00000,0.00000,0.00000,1.00000,0.00000,0.00000,0.00000,7858.01827,0.00000 ===
 87.23227|I|libbeamng.print:18052| === LSTM_TRACE t=10 v=27.46 ws=24.96,25.45,26.77,26.90 cmd=0.875,0.917,0.792,0.761 cap=2732,2855,1461,1392 des=2732,2855,1278,1218 app=2596,2427,1220,1168 abs=nil,nil,nil,nil ebrake=1.00 ibrake=1.00 hasABS=0 sy=2.03 split=1.000,0.875 ===
 87.23231|I|libbeamng.print:18052| === LSTM_OBS t=10 24.96454,25.45018,26.77059,26.89719,-0.01022,2.02972,0.00000,0.00462,0.00000,0.00000,0.00091,1.00000,0.00000,0.00000,0.00000,7784.48471,0.00000 ===
 87.25246|I|libbeamng.print:18052| === LSTM_ABS DBG raw=22.5494,22.9533,26.3535,26.4997,-0.0053,2.7237,0.0000,-0.0047,0.0000,0.0000,0.0015,1.0000,0.0000,0.0000,0.0000,7697.2268,0.0000 ===
 87.25254|I|libbeamng.print:18052| === LSTM_ABS DBG norm=0.38,0.42,0.58,0.58,0.06,-2.27,0.00,-0.05,-0.07,-0.03,-0.07,0.50,0.00,0.00,0.00,1.76,0.00 ===
 87.25255|I|libbeamng.print:18052| === LSTM_ABS DBG cmd=0.8062,0.8601,0.8319,0.8022 ===
 87.28236|I|libbeamng.print:18052| === LSTM_TRACE t=20 v=26.96 ws=20.67,20.68,25.53,25.90 cmd=0.775,0.842,0.810,0.773 cap=2387,2589,1582,1509 des=2387,2589,1384,1321 app=2319,2462,1336,1279 abs=nil,nil,nil,nil ebrake=1.00 ibrake=1.00 hasABS=0 sy=3.90 split=1.000,0.875 ===
 87.28244|I|libbeamng.print:18052| === LSTM_OBS t=20 20.67030,20.68077,25.53006,25.90094,-0.05189,3.90026,0.00000,-0.00152,0.00000,0.00000,0.00297,1.00000,0.00000,0.00000,0.00000,7519.65369,0.00000 ===
 87.33527|I|libbeamng.print:18052| === LSTM_TRACE t=30 v=26.46 ws=17.51,16.13,23.97,25.14 cmd=0.793,0.869,0.847,0.814 cap=2467,2698,1639,1574 des=2467,2698,1434,1377 app=2408,2587,1395,1344 abs=nil,nil,nil,nil ebrake=1.00 ibrake=1.00 hasABS=0 sy=5.59 split=1.000,0.875 ===
 87.33531|I|libbeamng.print:18052| === LSTM_OBS t=30 17.51179,16.12811,23.96874,25.13571,-0.08060,5.59336,0.00000,-0.00332,0.00000,0.00000,0.00176,1.00000,0.00000,0.00000,0.00000,7194.23012,0.00000 ===
 87.38797|I|libbeamng.print:18052| === LSTM_TRACE t=40 v=25.96 ws=17.88,12.97,22.68,24.57 cmd=0.408,0.536,0.836,0.821 cap=1289,1691,1647,1615 des=1289,1691,1441,1413 app=1262,1628,1411,1386 abs=nil,nil,nil,nil ebrake=1.00 ibrake=1.00 hasABS=0 sy=6.88 split=1.000,0.875 ===
 87.38802|I|libbeamng.print:18052| === LSTM_OBS t=40 17.87847,12.96530,22.67596,24.56808,-0.13082,6.88072,0.00000,-0.00976,0.00000,0.00000,0.00433,1.00000,0.00000,0.00000,0.00000,6888.69605,0.00000 ===
 87.43742|I|libbeamng.print:18052| === LSTM_TRACE t=50 v=25.40 ws=22.77,12.96,21.68,23.94 cmd=0.743,0.787,0.846,0.835 cap=2244,2387,1629,1609 des=2244,2387,1425,1408 app=2203,2306,1401,1387 abs=nil,nil,nil,nil ebrake=1.00 ibrake=1.00 hasABS=0 sy=7.98 split=1.000,0.875 ===
 87.43747|I|libbeamng.print:18052| === LSTM_OBS t=50 22.77101,12.95602,21.68051,23.93704,-0.13212,7.98143,0.00000,-0.01511,0.00000,0.00000,0.00395,1.00000,0.00000,0.00000,0.00000,6629.59223,0.00000 ===
 87.48397|I|libbeamng.print:18052| === LSTM_TRACE t=60 v=24.82 ws=23.51,8.89,20.47,23.39 cmd=0.693,0.728,0.898,0.897 cap=2180,2297,1700,1700 des=2180,2297,1488,1488 app=2149,2224,1466,1470 abs=nil,nil,nil,nil ebrake=1.00 ibrake=1.00 hasABS=0 sy=8.93 split=1.000,0.875 ===
 87.48402|I|libbeamng.print:18052| === LSTM_OBS t=60 23.51116,8.88809,20.47421,23.39497,-0.14175,8.93425,0.00000,0.00873,0.00000,0.00000,0.00388,1.00000,0.00000,0.00000,0.00000,6414.20006,0.00000 ===
 87.53441|I|libbeamng.print:18052| === LSTM_TRACE t=70 v=24.30 ws=23.43,6.82,19.04,22.83 cmd=0.550,0.588,0.894,0.902 cap=1849,1984,1700,1700 des=1849,1984,1488,1488 app=1827,1922,1469,1474 abs=nil,nil,nil,nil ebrake=1.00 ibrake=1.00 hasABS=0 sy=9.52 split=1.000,0.875 ===
 87.53446|I|libbeamng.print:18052| === LSTM_OBS t=70 23.42875,6.81843,19.04330,22.83048,-0.15271,9.51537,0.00000,-0.00577,0.00000,0.00000,0.00338,1.00000,0.00000,0.00000,0.00000,6153.14275,0.00000 ===
 87.58462|I|libbeamng.print:18052| === LSTM_TRACE t=80 v=23.81 ws=23.13,6.91,17.57,22.56 cmd=0.593,0.639,0.871,0.885 cap=1480,1611,1700,1700 des=1480,1611,1488,1488 app=1465,1561,1472,1476 abs=nil,nil,nil,nil ebrake=1.00 ibrake=1.00 hasABS=0 sy=9.66 split=1.000,0.875 ===
 87.58466|I|libbeamng.print:18052| === LSTM_OBS t=80 23.13291,6.90780,17.57204,22.55690,-0.09218,9.66473,0.00000,-0.02582,0.00000,0.00000,0.00285,1.00000,0.00000,0.00000,0.00000,5891.76369,0.00000 ===
 87.63476|I|libbeamng.print:18052| === LSTM_TRACE t=90 v=23.32 ws=22.51,6.97,16.18,22.10 cmd=0.625,0.667,0.850,0.864 cap=1407,1509,1700,1700 des=1407,1509,1488,1488 app=1461,1544,1474,1479 abs=nil,nil,nil,nil ebrake=1.00 ibrake=1.00 hasABS=0 sy=9.70 split=1.000,0.875 ===
 87.63481|I|libbeamng.print:18052| === LSTM_OBS t=90 22.50949,6.96835,16.18270,22.09877,-0.01387,9.69729,0.00000,-0.05143,0.00000,0.00000,0.00289,1.00000,0.00000,0.00000,0.00000,5638.13899,0.00000 ===
 87.68522|I|libbeamng.print:18052| === LSTM_TRACE t=100 v=22.83 ws=22.25,6.54,15.41,21.58 cmd=0.659,0.692,0.848,0.859 cap=1483,1564,1700,1700 des=1483,1564,1488,1488 app=1472,1517,1475,1481 abs=nil,nil,nil,nil ebrake=1.00 ibrake=1.00 hasABS=0 sy=9.78 split=1.000,0.875 ===
 87.68532|I|libbeamng.print:18052| === LSTM_OBS t=100 22.25069,6.54417,15.41264,21.58147,0.07104,9.78048,0.00000,-0.06880,0.00000,0.00000,0.00234,1.00000,0.00000,0.00000,0.00000,5397.54125,0.00000 ===
 87.73390|I|libbeamng.print:18052| === LSTM_TRACE t=110 v=22.32 ws=21.59,6.18,14.17,21.09 cmd=0.636,0.651,0.851,0.858 cap=1392,1436,1700,1700 des=1392,1436,1488,1488 app=1473,1517,1476,1482 abs=nil,nil,nil,nil ebrake=1.00 ibrake=1.00 hasABS=0 sy=9.84 split=1.000,0.875 ===
 87.73394|I|libbeamng.print:18052| === LSTM_OBS t=110 21.58552,6.17882,14.16610,21.09044,0.15907,9.84228,0.00000,-0.06283,0.00000,0.00000,0.00256,1.00000,0.00000,0.00000,0.00000,5165.48206,0.00000 ===
 87.78386|I|libbeamng.print:18052| === LSTM_TRACE t=120 v=21.81 ws=21.19,5.65,13.00,20.54 cmd=0.671,0.663,0.853,0.857 cap=1494,1449,1700,1700 des=1494,1449,1488,1488 app=1534,1517,1476,1483 abs=nil,nil,nil,nil ebrake=1.00 ibrake=1.00 hasABS=0 sy=9.91 split=1.000,0.875 ===
 87.78391|I|libbeamng.print:18052| === LSTM_OBS t=120 21.19055,5.64933,13.00054,20.53793,0.29481,9.91454,0.00000,-0.07081,0.00000,0.00000,0.00309,1.00000,0.00000,0.00000,0.00000,4938.01995,0.00000 ===
 87.83828|I|libbeamng.print:18052| === LSTM_TRACE t=130 v=21.30 ws=20.43,5.21,11.96,20.04 cmd=0.634,0.594,0.879,0.882 cap=1888,1793,1700,1700 des=1888,1793,1488,1488 app=1879,1738,1476,1484 abs=nil,nil,nil,nil ebrake=1.00 ibrake=1.00 hasABS=0 sy=10.00 split=1.000,0.875 ===
 87.83834|I|libbeamng.print:18052| === LSTM_OBS t=130 20.42913,5.20966,11.95669,20.04017,0.43026,9.99512,0.00000,-0.07215,0.00000,0.00000,0.00375,1.00000,0.00000,0.00000,0.00000,4706.69183,0.00000 ===
 87.88482|I|libbeamng.print:18052| === LSTM_TRACE t=140 v=20.76 ws=19.57,4.54,10.86,19.38 cmd=0.648,0.599,0.890,0.896 cap=2132,1980,1700,1700 des=2132,1980,1488,1488 app=2123,1919,1477,1485 abs=nil,nil,nil,nil ebrake=1.00 ibrake=1.00 hasABS=0 sy=10.13 split=1.000,0.875 ===
 87.88487|I|libbeamng.print:18052| === LSTM_OBS t=140 19.57381,4.53563,10.86153,19.38185,0.54362,10.13393,0.00000,-0.07040,0.00000,0.00000,0.00360,1.00000,0.00000,0.00000,0.00000,4466.04718,0.00000 ===
 87.93609|I|libbeamng.print:18052| === LSTM_TRACE t=150 v=20.26 ws=19.26,3.07,10.01,18.64 cmd=0.600,0.510,0.920,0.923 cap=2359,2190,1700,1700 des=2359,2190,1488,1488 app=2267,1974,1477,1486 abs=nil,nil,nil,nil ebrake=1.00 ibrake=1.00 hasABS=0 sy=10.25 split=1.000,0.875 ===
 87.93614|I|libbeamng.print:18052| === LSTM_OBS t=150 19.26188,3.06893,10.00715,18.63943,0.69813,10.24665,0.00000,-0.07133,0.00000,0.00000,0.00608,1.00000,0.00000,0.00000,0.00000,4217.25732,0.00000 ===
 87.98487|I|libbeamng.print:18052| === LSTM_TRACE t=160 v=19.73 ws=18.55,1.91,9.21,17.72 cmd=0.466,0.360,0.896,0.899 cap=1963,1676,1700,1700 des=1963,1676,1488,1488 app=2012,1635,1476,1486 abs=nil,nil,nil,nil ebrake=1.00 ibrake=1.00 hasABS=0 sy=10.31 split=1.000,0.875 ===
 87.98491|I|libbeamng.print:18052| === LSTM_OBS t=160 18.54735,1.90605,9.21425,17.72384,0.71192,10.30754,0.00000,-0.05548,0.00000,0.00000,0.00162,1.00000,0.00000,0.00000,0.00000,3963.61552,0.00000 ===
 88.03411|I|libbeamng.print:18052| === LSTM_TRACE t=170 v=19.22 ws=18.20,1.80,8.28,16.58 cmd=0.709,0.608,0.867,0.863 cap=2103,1731,1698,1690 des=2103,1731,1486,1479 app=2067,1674,1475,1478 abs=nil,nil,nil,nil ebrake=1.00 ibrake=1.00 hasABS=0 sy=10.29 split=1.000,0.875 ===
 88.03415|I|libbeamng.print:18052| === LSTM_OBS t=170 18.20443,1.80011,8.28354,16.57540,0.79916,10.29174,0.00000,-0.06458,0.00000,0.00000,0.00592,1.00000,0.00000,0.00000,0.00000,3706.44849,0.00000 ===
 88.08428|I|libbeamng.print:18052| === LSTM_TRACE t=180 v=18.70 ws=17.37,2.08,7.42,15.85 cmd=0.635,0.504,0.850,0.833 cap=2124,1815,1601,1569 des=2124,1815,1401,1373 app=2120,1754,1389,1371 abs=nil,nil,nil,nil ebrake=1.00 ibrake=1.00 hasABS=0 sy=10.28 split=1.000,0.875 ===
 88.08432|I|libbeamng.print:18052| === LSTM_OBS t=180 17.36500,2.08473,7.41800,15.85462,0.86058,10.27597,0.00000,-0.06430,0.00000,0.00000,0.00442,1.00000,0.00000,0.00000,0.00000,3454.24123,0.00000 ===
 88.13394|I|libbeamng.print:18052| === LSTM_TRACE t=190 v=18.18 ws=16.61,2.00,6.32,15.42 cmd=0.714,0.601,0.835,0.814 cap=2454,2180,1563,1517 des=2454,2180,1367,1327 app=2450,2059,1356,1326 abs=nil,nil,nil,nil ebrake=1.00 ibrake=1.00 hasABS=0 sy=10.28 split=1.000,0.875 ===
 88.13398|I|libbeamng.print:18052| === LSTM_OBS t=190 16.61495,1.99512,6.31887,15.42221,0.90720,10.28434,0.00000,-0.05666,0.00000,0.00000,0.00530,1.00000,0.00000,0.00000,0.00000,3224.69980,0.00000 ===
 88.18052|I|libbeamng.print:18052| === LSTM_TRACE t=200 v=17.64 ws=16.52,1.25,5.61,14.90 cmd=0.788,0.729,0.784,0.758 cap=2423,2206,1472,1422 des=2423,2206,1288,1244 app=2351,1897,1276,1243 abs=nil,nil,nil,nil ebrake=1.00 ibrake=1.00 hasABS=0 sy=10.37 split=1.000,0.875 ===
 88.18055|I|libbeamng.print:18052| === LSTM_OBS t=200 16.51683,1.24912,5.60515,14.89571,0.90966,10.36737,0.00000,-0.06237,0.00000,0.00000,0.00372,1.00000,0.00000,0.00000,0.00000,3036.88228,0.00000 ===
 88.23010|I|libbeamng.print:18052| === LSTM_TRACE t=210 v=17.12 ws=15.84,0.07,4.90,14.31 cmd=0.636,0.514,0.756,0.725 cap=1632,1238,1545,1491 des=1632,1238,1352,1304 app=1876,1574,1338,1303 abs=nil,nil,nil,nil ebrake=1.00 ibrake=1.00 hasABS=0 sy=10.43 split=1.000,0.875 ===
 88.23014|I|libbeamng.print:18052| === LSTM_OBS t=210 15.84438,0.06944,4.89617,14.31057,0.95036,10.42793,0.00000,-0.05047,0.00000,0.00000,0.00354,1.00000,0.00000,0.00000,0.00000,2843.88145,0.00000 ===
 88.28196|I|libbeamng.print:18052| === LSTM_TRACE t=220 v=16.60 ws=15.60,0.15,3.73,13.72 cmd=0.819,0.748,0.753,0.716 cap=2330,2064,1461,1392 des=2330,2064,1278,1218 app=2329,1983,1265,1217 abs=nil,nil,nil,nil ebrake=1.00 ibrake=1.00 hasABS=0 sy=10.44 split=1.000,0.875 ===
 88.28203|I|libbeamng.print:18052| === LSTM_OBS t=220 15.60495,0.14748,3.72596,13.72276,0.99515,10.43890,0.00000,-0.04503,0.00000,0.00000,0.00616,1.00000,0.00000,0.00000,0.00000,2656.80007,0.00000 ===
 88.33137|I|libbeamng.print:18052| === LSTM_TRACE t=230 v=16.08 ws=14.76,0.01,3.87,13.65 cmd=0.638,0.566,0.668,0.633 cap=2027,1768,1303,1237 des=2027,1768,1140,1082 app=2026,1700,1127,1081 abs=nil,nil,nil,nil ebrake=1.00 ibrake=1.00 hasABS=0 sy=10.40 split=1.000,0.875 ===
 88.33142|I|libbeamng.print:18052| === LSTM_OBS t=230 14.75932,0.00643,3.86940,13.65185,1.06256,10.40038,0.00000,-0.04926,0.00000,0.00000,0.00590,1.00000,0.00000,0.00000,0.00000,2481.21209,0.00000 ===
 88.38045|I|libbeamng.print:18052| === LSTM_TRACE t=240 v=15.56 ws=14.64,0.02,2.55,13.02 cmd=0.760,0.685,0.661,0.608 cap=2265,2046,1234,1133 des=2265,2046,1079,992 app=2265,1965,1066,990 abs=nil,nil,nil,nil ebrake=1.00 ibrake=1.00 hasABS=0 sy=10.41 split=1.000,0.875 ===
 88.38048|I|libbeamng.print:18052| === LSTM_OBS t=240 14.64339,0.01734,2.55289,13.01663,1.00872,10.41497,0.00000,-0.04245,0.00000,0.00000,0.00345,1.00000,0.00000,0.00000,0.00000,2327.34581,0.00000 ===
 88.43013|I|libbeamng.print:18052| === LSTM_TRACE t=250 v=15.04 ws=14.09,0.03,1.66,12.92 cmd=0.708,0.620,0.618,0.556 cap=2229,1985,1154,1032 des=2229,1985,1010,903 app=2229,1904,997,901 abs=nil,nil,nil,nil ebrake=1.00 ibrake=1.00 hasABS=0 sy=10.36 split=1.000,0.875 ===
 88.43020|I|libbeamng.print:18052| === LSTM_OBS t=250 14.08556,0.03484,1.65957,12.91544,1.05415,10.35908,0.00000,-0.04005,0.00000,0.00000,0.00234,1.00000,0.00000,0.00000,0.00000,2199.12590,0.00000 ===
 88.48048|I|libbeamng.print:18052| === LSTM_TRACE t=260 v=14.54 ws=13.85,0.01,1.72,13.25 cmd=0.611,0.526,0.568,0.505 cap=1901,1663,1061,941 des=1901,1663,928,823 app=1901,1594,915,821 abs=nil,nil,nil,nil ebrake=1.00 ibrake=1.00 hasABS=0 sy=10.27 split=1.000,0.875 ===
 88.48052|I|libbeamng.print:18052| === LSTM_OBS t=260 13.85478,0.00896,1.72149,13.24564,1.07752,10.27194,0.00000,-0.02635,0.00000,0.00000,0.00349,1.00000,0.00000,0.00000,0.00000,2099.35482,0.00000 ===
 88.53022|I|libbeamng.print:18052| === LSTM_TRACE t=270 v=14.04 ws=13.52,0.01,0.89,13.21 cmd=0.649,0.581,0.527,0.469 cap=1891,1667,1074,965 des=1891,1667,940,844 app=1891,1596,925,842 abs=nil,nil,nil,nil ebrake=1.00 ibrake=1.00 hasABS=0 sy=10.23 split=1.000,0.875 ===
 88.53033|I|libbeamng.print:18052| === LSTM_OBS t=270 13.52259,0.00842,0.88859,13.20531,1.09932,10.23498,0.00000,-0.03781,0.00000,0.00000,0.00398,1.00000,0.00000,0.00000,0.00000,2046.51801,0.00000 ===
 88.58068|I|libbeamng.print:18052| === LSTM_TRACE t=280 v=13.57 ws=13.11,0.00,0.96,13.12 cmd=0.594,0.528,0.504,0.448 cap=1791,1577,1013,905 des=1791,1577,886,792 app=1791,1508,872,790 abs=nil,nil,nil,nil ebrake=1.00 ibrake=1.00 hasABS=0 sy=10.08 split=1.000,0.875 ===
 88.58072|I|libbeamng.print:18052| === LSTM_OBS t=280 13.10895,0.00090,0.96222,13.11937,1.17484,10.07682,0.00000,-0.02147,0.00000,0.00000,0.00435,1.00000,0.00000,0.00000,0.00000,1965.96368,0.00000 ===
 88.63069|I|libbeamng.print:18052| === LSTM_TRACE t=290 v=13.06 ws=12.37,0.17,0.86,11.62 cmd=0.656,0.594,0.517,0.470 cap=2017,1818,1030,933 des=2017,1818,901,817 app=2017,1737,885,814 abs=nil,nil,nil,nil ebrake=1.00 ibrake=1.00 hasABS=0 sy=10.00 split=1.000,0.875 ===
 88.63073|I|libbeamng.print:18052| === LSTM_OBS t=290 12.37107,0.16995,0.85664,11.61933,1.11027,10.00465,0.00000,-0.01399,0.00000,0.00000,0.00430,1.00000,0.00000,0.00000,0.00000,1943.60361,0.00000 ===
 88.68084|I|libbeamng.print:18052| === LSTM_TRACE t=300 v=12.55 ws=11.87,0.06,0.04,11.74 cmd=0.624,0.565,0.499,0.459 cap=1925,1740,979,901 des=1925,1740,857,788 app=1925,1661,841,786 abs=nil,nil,nil,nil ebrake=1.00 ibrake=1.00 hasABS=0 sy=10.06 split=1.000,0.875 ===
 88.68088|I|libbeamng.print:18052| === LSTM_OBS t=300 11.87483,0.06401,0.04295,11.73536,1.04205,10.06061,0.00000,-0.01820,0.00000,0.00000,0.00307,1.00000,0.00000,0.00000,0.00000,1938.59646,0.00000 ===
 88.73034|I|libbeamng.print:18052| === LSTM_TRACE t=310 v=12.03 ws=11.23,0.65,0.03,11.11 cmd=0.648,0.608,0.480,0.440 cap=2125,2038,840,766 des=2125,2038,735,670 app=2125,1945,720,668 abs=nil,nil,nil,nil ebrake=1.00 ibrake=1.00 hasABS=0 sy=10.09 split=1.000,0.875 ===
 88.73038|I|libbeamng.print:18052| === LSTM_OBS t=310 11.23285,0.65314,0.03439,11.10888,0.97890,10.09012,0.00000,-0.00747,0.00000,0.00000,0.00423,1.00000,0.00000,0.00000,0.00000,1924.92670,0.00000 ===
 88.78054|I|libbeamng.print:18052| === LSTM_TRACE t=320 v=11.51 ws=10.90,0.34,0.00,10.35 cmd=0.538,0.485,0.461,0.431 cap=1705,1540,997,934 des=1705,1540,873,817 app=1777,1626,855,814 abs=nil,nil,nil,nil ebrake=1.00 ibrake=1.00 hasABS=0 sy=10.23 split=1.000,0.875 ===
 88.78058|I|libbeamng.print:18052| === LSTM_OBS t=320 10.90162,0.34328,0.00218,10.34968,0.87072,10.23438,0.00000,-0.01695,0.00000,0.00000,0.00329,1.00000,0.00000,0.00000,0.00000,1933.73697,0.00000 ===
 88.83041|I|libbeamng.print:18052| === LSTM_TRACE t=330 v=11.01 ws=10.88,0.73,0.04,9.97 cmd=0.830,0.834,0.422,0.392 cap=2224,2214,698,656 des=2224,2214,611,574 app=1777,1630,598,571 abs=nil,nil,nil,nil ebrake=1.00 ibrake=1.00 hasABS=0 sy=10.21 split=1.000,0.875 ===
 88.83045|I|libbeamng.print:18052| === LSTM_OBS t=330 10.88032,0.73365,0.03766,9.97228,0.70953,10.20756,0.00000,-0.00942,0.00000,0.00000,0.00465,1.00000,0.00000,0.00000,0.00000,1925.86696,0.00000 ===
 88.88220|I|libbeamng.print:18052| === LSTM_TRACE t=340 v=10.49 ws=9.97,1.03,0.04,9.02 cmd=0.681,0.652,0.444,0.419 cap=1999,1893,860,812 des=1999,1893,753,710 app=1998,1805,736,707 abs=nil,nil,nil,nil ebrake=1.00 ibrake=1.00 hasABS=0 sy=10.24 split=1.000,0.875 ===
 88.88226|I|libbeamng.print:18052| === LSTM_OBS t=340 9.96582,1.03271,0.03696,9.02079,0.72540,10.23842,0.00000,-0.02549,0.00000,0.00000,0.00254,1.00000,0.00000,0.00000,0.00000,1935.13211,0.00000 ===
 88.93253|I|libbeamng.print:18052| === LSTM_TRACE t=350 v=9.93 ws=9.61,1.50,0.06,8.80 cmd=0.762,0.751,0.413,0.398 cap=1708,1535,924,883 des=1708,1535,808,772 app=1707,1463,790,768 abs=nil,nil,nil,nil ebrake=1.00 ibrake=1.00 hasABS=0 sy=10.41 split=1.000,0.875 ===
 88.93257|I|libbeamng.print:18052| === LSTM_OBS t=350 9.60516,1.49834,0.05872,8.80403,0.62640,10.40604,0.00000,-0.01413,0.00000,0.00000,0.00445,1.00000,0.00000,0.00000,0.00000,1916.23063,0.00000 ===
 88.98248|I|libbeamng.print:18052| === LSTM_TRACE t=360 v=9.40 ws=8.30,2.47,0.03,8.56 cmd=0.544,0.491,0.485,0.463 cap=2148,2079,950,906 des=2148,2079,831,792 app=2148,2011,812,788 abs=nil,nil,nil,nil ebrake=1.00 ibrake=1.00 hasABS=0 sy=10.45 split=1.000,0.875 ===
 88.98252|I|libbeamng.print:18052| === LSTM_OBS t=360 8.30106,2.47319,0.03220,8.55731,0.51006,10.44590,0.00000,-0.01885,0.00000,0.00000,0.00239,1.00000,0.00000,0.00000,0.00000,1861.79835,0.00000 ===
 89.03240|I|libbeamng.print:18052| === LSTM_TRACE t=370 v=8.85 ws=7.84,2.91,0.02,8.28 cmd=0.633,0.586,0.489,0.467 cap=2070,1974,898,845 des=2070,1974,786,739 app=2084,1943,767,735 abs=nil,nil,nil,nil ebrake=1.00 ibrake=1.00 hasABS=0 sy=10.52 split=1.000,0.875 ===
 89.03243|I|libbeamng.print:18052| === LSTM_OBS t=370 7.83842,2.90775,0.02405,8.27777,0.45525,10.52467,0.00000,-0.00635,0.00000,0.00000,0.00049,1.00000,0.00000,0.00000,0.00000,1795.30627,0.00000 ===
 89.08195|I|libbeamng.print:18052| === LSTM_TRACE t=380 v=8.30 ws=6.94,2.71,0.04,7.85 cmd=0.611,0.542,0.531,0.525 cap=1542,1289,1049,1017 des=1542,1289,918,890 app=1924,1818,895,884 abs=nil,nil,nil,nil ebrake=1.00 ibrake=1.00 hasABS=0 sy=10.66 split=1.000,0.875 ===
 89.08199|I|libbeamng.print:18052| === LSTM_OBS t=380 6.93630,2.71236,0.03851,7.84881,0.40047,10.65712,0.00000,0.00130,0.00000,0.00000,0.00192,1.00000,0.00000,0.00000,0.00000,1715.63182,0.00000 ===
 89.13191|I|libbeamng.print:18052| === LSTM_TRACE t=390 v=7.75 ws=6.64,3.27,0.20,7.35 cmd=0.828,0.812,0.551,0.549 cap=2315,2228,1038,1044 des=2315,2228,909,913 app=2216,2107,886,907 abs=nil,nil,nil,nil ebrake=1.00 ibrake=1.00 hasABS=0 sy=10.78 split=1.000,0.875 ===
 89.13195|I|libbeamng.print:18052| === LSTM_OBS t=390 6.63966,3.27022,0.20331,7.35183,0.33888,10.78044,0.00000,-0.00873,0.00000,0.00000,0.00342,1.00000,0.00000,0.00000,0.00000,1622.42809,0.00000 ===
 89.18189|I|libbeamng.print:18052| === LSTM_TRACE t=400 v=7.19 ws=5.82,3.98,0.21,6.68 cmd=0.841,0.840,0.523,0.520 cap=2514,2508,939,942 des=2514,2508,821,824 app=2505,2304,801,818 abs=nil,nil,nil,nil ebrake=1.00 ibrake=1.00 hasABS=0 sy=10.88 split=1.000,0.875 ===
 89.18196|I|libbeamng.print:18052| === LSTM_OBS t=400 5.82085,3.98275,0.20777,6.67503,0.27535,10.88032,0.00000,-0.00863,0.00000,0.00000,0.00261,1.00000,0.00000,0.00000,0.00000,1520.17000,0.00000 ===
 89.23218|I|libbeamng.print:18052| === LSTM_TRACE t=410 v=6.62 ws=4.92,3.56,0.49,5.99 cmd=0.634,0.588,0.559,0.560 cap=2013,1866,1171,1157 des=2013,1866,1024,1013 app=2257,2144,998,1006 abs=nil,nil,nil,nil ebrake=1.00 ibrake=1.00 hasABS=0 sy=11.01 split=1.000,0.875 ===
 89.23225|I|libbeamng.print:18052| === LSTM_OBS t=410 4.92174,3.55660,0.49281,5.99046,0.23638,11.00524,0.00000,-0.00671,0.00000,0.00000,0.00254,1.00000,0.00000,0.00000,0.00000,1418.03339,0.00000 ===
 89.28329|I|libbeamng.print:18052| === LSTM_TRACE t=420 v=6.02 ws=4.42,4.31,0.75,5.20 cmd=0.857,0.860,0.531,0.536 cap=2467,2445,1043,1055 des=2467,2445,912,923 app=2464,2342,889,916 abs=nil,nil,nil,nil ebrake=1.00 ibrake=1.00 hasABS=0 sy=11.23 split=1.000,0.875 ===
 89.28334|I|libbeamng.print:18052| === LSTM_OBS t=420 4.42332,4.30897,0.74589,5.19741,0.15754,11.22512,0.00000,-0.01205,0.00000,0.00000,0.00261,1.00000,0.00000,0.00000,0.00000,1326.60780,0.00000 ===
 89.33191|I|libbeamng.print:18052| === LSTM_TRACE t=430 v=5.45 ws=2.89,4.42,0.22,5.10 cmd=0.805,0.796,0.584,0.595 cap=2135,2037,1130,1147 des=2135,2037,989,1003 app=2131,1953,963,996 abs=nil,nil,nil,nil ebrake=1.00 ibrake=1.00 hasABS=0 sy=11.26 split=1.000,0.875 ===
 89.33196|I|libbeamng.print:18052| === LSTM_OBS t=430 2.88688,4.41669,0.22469,5.09941,0.20829,11.26198,0.00000,-0.01138,0.00000,0.00000,0.00865,1.00000,0.00000,0.00000,0.00000,1221.37513,0.00000 ===
 89.38185|I|libbeamng.print:18052| === LSTM_TRACE t=440 v=4.91 ws=1.10,4.79,0.20,4.68 cmd=0.631,0.613,0.583,0.595 cap=2040,1975,1215,1235 des=2040,1975,1063,1080 app=2035,1896,1035,1072 abs=nil,nil,nil,nil ebrake=1.00 ibrake=1.00 hasABS=0 sy=11.29 split=1.000,0.875 ===
 89.38189|I|libbeamng.print:18052| === LSTM_OBS t=440 1.09804,4.78541,0.20254,4.68276,0.22003,11.29085,0.00000,-0.01282,0.00000,0.00000,0.00069,1.00000,0.00000,0.00000,0.00000,1106.26726,0.00000 ===
 89.43161|I|libbeamng.print:18052| === LSTM_TRACE t=450 v=4.39 ws=0.03,4.34,0.22,4.20 cmd=0.672,0.668,0.583,0.601 cap=1874,1828,1192,1224 des=1874,1828,1043,1071 app=1869,1756,1015,1062 abs=nil,nil,nil,nil ebrake=1.00 ibrake=1.00 hasABS=0 sy=11.12 split=1.000,0.875 ===
 89.43164|I|libbeamng.print:18052| === LSTM_OBS t=450 0.03032,4.34010,0.21567,4.19894,0.24590,11.11695,0.00000,-0.00598,0.00000,0.00000,0.00427,1.00000,0.00000,0.00000,0.00000,983.96771,0.00000 ===
 89.48182|I|libbeamng.print:18052| === LSTM_TRACE t=460 v=3.85 ws=0.02,3.42,0.30,3.28 cmd=0.642,0.630,0.617,0.635 cap=2195,2196,1146,1186 des=2195,2196,1003,1038 app=2188,2110,976,1029 abs=nil,nil,nil,nil ebrake=1.00 ibrake=1.00 hasABS=0 sy=10.92 split=1.000,0.875 ===
 89.48186|I|libbeamng.print:18052| === LSTM_OBS t=460 0.01953,3.42422,0.30069,3.28331,0.21397,10.91686,0.00000,-0.01209,0.00000,0.00000,0.00169,1.00000,0.00000,0.00000,0.00000,864.96983,0.00000 ===
 89.53308|I|libbeamng.print:18052| === LSTM_TRACE t=470 v=3.33 ws=0.02,2.82,0.37,2.85 cmd=0.781,0.777,0.668,0.680 cap=2378,2365,1244,1272 des=2378,2365,1089,1113 app=2369,2274,1059,1103 abs=nil,nil,nil,nil ebrake=1.00 ibrake=1.00 hasABS=0 sy=10.83 split=1.000,0.875 ===
 89.53312|I|libbeamng.print:18052| === LSTM_OBS t=470 0.02118,2.81653,0.37121,2.84947,0.09257,10.82705,0.00000,-0.02512,0.00000,0.00000,0.00354,1.00000,0.00000,0.00000,0.00000,758.48352,0.00000 ===
 89.58369|I|libbeamng.print:18052| === LSTM_TRACE t=480 v=2.75 ws=0.05,1.26,1.36,1.08 cmd=0.869,0.870,0.765,0.775 cap=2483,2461,1472,1494 des=2483,2461,1288,1307 app=2473,2366,1253,1296 abs=nil,nil,nil,nil ebrake=1.00 ibrake=1.00 hasABS=0 sy=10.96 split=1.000,0.875 ===
 89.58373|I|libbeamng.print:18052| === LSTM_OBS t=480 0.04970,1.25879,1.35861,1.07530,0.03399,10.95976,0.00000,-0.01355,0.00000,0.00000,0.00162,1.00000,0.00000,0.00000,0.00000,736.33938,0.00000 ===
 89.63334|I|libbeamng.print:18052| === LSTM_TRACE t=490 v=2.18 ws=0.05,0.02,0.72,0.09 cmd=0.930,0.924,0.844,0.858 cap=2892,2881,1611,1641 des=2892,2881,1409,1436 app=2878,2768,1371,1422 abs=nil,nil,nil,nil ebrake=1.00 ibrake=1.00 hasABS=0 sy=11.08 split=1.000,0.875 ===
 89.63338|I|libbeamng.print:18052| === LSTM_OBS t=490 0.05055,0.02286,0.72326,0.08898,0.03664,11.08005,0.00000,-0.01682,0.00000,0.00000,0.00265,1.00000,0.00000,0.00000,0.00000,730.46990,0.00000 ===
 89.68322|I|libbeamng.print:18052| === LSTM_TRACE t=500 v=1.63 ws=0.02,0.01,0.66,0.15 cmd=0.962,0.956,0.857,0.869 cap=2978,2960,1663,1687 des=2978,2960,1455,1476 app=2961,2841,1416,1461 abs=nil,nil,nil,nil ebrake=1.00 ibrake=1.00 hasABS=0 sy=11.10 split=1.000,0.875 ===
 89.68326|I|libbeamng.print:18052| === LSTM_OBS t=500 0.02407,0.00596,0.65721,0.14929,0.05881,11.10196,0.00000,-0.01611,0.00000,0.00000,0.00104,1.00000,0.00000,0.00000,0.00000,727.62281,0.00000 ===
 89.73476|I|libbeamng.print:18052| === LSTM_TRACE t=510 v=1.03 ws=0.03,0.00,1.34,0.00 cmd=0.965,0.958,0.861,0.871 cap=2991,2970,1677,1697 des=2991,2970,1468,1485 app=2973,2848,1428,1469 abs=nil,nil,nil,nil ebrake=1.00 ibrake=1.00 hasABS=0 sy=11.19 split=1.000,0.875 ===
 89.73481|I|libbeamng.print:18052| === LSTM_OBS t=510 0.02792,0.00005,1.34458,0.00298,0.10256,11.19362,0.00000,-0.00519,0.00000,0.00000,0.00265,1.00000,0.00000,0.00000,0.00000,726.05121,0.00000 ===
 95.04267|I|libbeamng.print:18052| === LSTM_ABS: lens 'band_gy_dyn' loaded (17 in, 64 hidden, 2 layers) ===
 95.04454|I|libbeamng.print:18052| === LSTM_ABS SELFTEST lens=band_gy_dyn cmd=0.969740,0.939197,0.737527,0.781740 ===
116.18338|I|libbeamng.print:18052| === LSTM_TRACE t=0 v=27.71 ws=27.72,27.82,27.29,27.41 cmd=0.816,0.764,0.361,0.375 cap=155,155,97,97 des=155,155,85,85 app=142,142,78,78 abs=nil,nil,nil,nil ebrake=1.00 ibrake=1.00 hasABS=0 sy=1.58 split=1.000,0.875 ===
116.18342|I|libbeamng.print:18052| === LSTM_OBS t=0 27.72135,27.82141,27.29371,27.41322,0.02774,1.57578,0.00000,-0.00349,0.00000,0.00000,0.00000,1.00000,0.00000,0.00000,0.00000,7858.78769,0.00000 ===
116.23717|I|libbeamng.print:18052| === LSTM_TRACE t=10 v=27.39 ws=24.60,24.05,26.85,26.78 cmd=0.826,0.890,0.706,0.725 cap=2515,2732,1329,1366 des=2515,2732,1163,1196 app=2327,2530,1075,1105 abs=nil,nil,nil,nil ebrake=1.00 ibrake=1.00 hasABS=0 sy=2.17 split=1.000,0.875 ===
116.23720|I|libbeamng.print:18052| === LSTM_OBS t=10 24.60370,24.05140,26.85445,26.78293,0.02647,2.16994,0.00000,-0.00692,0.00000,0.00000,0.00115,1.00000,0.00000,0.00000,0.00000,7778.42165,0.00000 ===
116.25814|I|libbeamng.print:18052| === LSTM_ABS DBG raw=23.2396,21.9034,26.4434,26.3490,0.0214,2.8692,0.0000,-0.0204,0.0000,0.0000,0.0023,1.0000,0.0000,0.0000,0.0000,7691.2008,0.0000 ===
116.25819|I|libbeamng.print:18052| === LSTM_ABS DBG norm=0.43,0.34,0.58,0.57,0.07,-2.23,0.00,-0.17,-0.07,-0.03,-0.06,0.50,0.00,0.00,0.00,1.75,0.00 ===
116.25819|I|libbeamng.print:18052| === LSTM_ABS DBG cmd=0.8180,0.8681,0.7400,0.7571 ===
116.28740|I|libbeamng.print:18052| === LSTM_TRACE t=20 v=26.88 ws=21.76,19.72,25.73,25.72 cmd=0.812,0.827,0.782,0.797 cap=2517,2574,1498,1529 des=2517,2574,1311,1338 app=2366,2421,1231,1257 abs=nil,nil,nil,nil ebrake=1.00 ibrake=1.00 hasABS=0 sy=4.07 split=1.000,0.875 ===
116.28744|I|libbeamng.print:18052| === LSTM_OBS t=20 21.75939,19.72234,25.72580,25.72389,0.02134,4.07045,0.00000,0.00417,0.00000,0.00000,0.00146,1.00000,0.00000,0.00000,0.00000,7522.93739,0.00000 ===
116.33686|I|libbeamng.print:18052| === LSTM_TRACE t=30 v=26.37 ws=19.91,15.94,24.58,24.77 cmd=0.782,0.810,0.846,0.853 cap=2453,2535,1639,1655 des=2453,2535,1434,1448 app=2331,2406,1364,1378 abs=nil,nil,nil,nil ebrake=1.00 ibrake=1.00 hasABS=0 sy=5.82 split=1.000,0.875 ===
116.33690|I|libbeamng.print:18052| === LSTM_OBS t=30 19.91079,15.94426,24.58302,24.76673,0.03384,5.81659,0.00000,0.00368,0.00000,0.00000,0.00234,1.00000,0.00000,0.00000,0.00000,7211.24794,0.00000 ===
116.38671|I|libbeamng.print:18052| === LSTM_TRACE t=40 v=25.85 ws=17.71,11.67,23.29,24.09 cmd=0.762,0.776,0.865,0.863 cap=2389,2429,1682,1679 des=2389,2429,1472,1469 app=2288,2319,1414,1412 abs=nil,nil,nil,nil ebrake=1.00 ibrake=1.00 hasABS=0 sy=7.14 split=1.000,0.875 ===
116.38675|I|libbeamng.print:18052| === LSTM_OBS t=40 17.70795,11.66800,23.28893,24.09359,-0.00207,7.14289,0.00000,0.00297,0.00000,0.00000,0.00283,1.00000,0.00000,0.00000,0.00000,6911.28091,0.00000 ===
116.43655|I|libbeamng.print:18052| === LSTM_TRACE t=50 v=25.31 ws=17.14,8.95,21.77,23.70 cmd=0.589,0.666,0.872,0.875 cap=1882,2072,1691,1694 des=1882,2072,1480,1482 app=1811,1983,1432,1436 abs=nil,nil,nil,nil ebrake=1.00 ibrake=1.00 hasABS=0 sy=8.13 split=1.000,0.875 ===
116.43659|I|libbeamng.print:18052| === LSTM_OBS t=50 17.13905,8.94673,21.77160,23.70489,-0.07208,8.13278,0.00000,-0.00794,0.00000,0.00000,0.00274,1.00000,0.00000,0.00000,0.00000,6638.12289,0.00000 ===
116.48615|I|libbeamng.print:18052| === LSTM_TRACE t=60 v=24.76 ws=20.65,6.91,20.42,23.35 cmd=0.602,0.684,0.862,0.874 cap=1902,2165,1682,1700 des=1902,2165,1472,1488 app=1837,2075,1432,1449 abs=nil,nil,nil,nil ebrake=1.00 ibrake=1.00 hasABS=0 sy=8.89 split=1.000,0.875 ===
116.48619|I|libbeamng.print:18052| === LSTM_OBS t=60 20.64678,6.91355,20.41690,23.34958,-0.11427,8.89270,0.00000,-0.00949,0.00000,0.00000,0.00364,1.00000,0.00000,0.00000,0.00000,6377.20792,0.00000 ===
116.53750|I|libbeamng.print:18052| === LSTM_TRACE t=70 v=24.22 ws=23.03,4.96,19.14,22.91 cmd=0.631,0.621,0.835,0.853 cap=2045,1970,1628,1662 des=2045,1970,1424,1454 app=1984,1889,1390,1422 abs=nil,nil,nil,nil ebrake=1.00 ibrake=1.00 hasABS=0 sy=9.51 split=1.000,0.875 ===
116.53766|I|libbeamng.print:18052| === LSTM_OBS t=70 23.03379,4.95994,19.13700,22.91190,-0.18831,9.51398,0.00000,-0.01278,0.00000,0.00000,0.00364,1.00000,0.00000,0.00000,0.00000,6130.30411,0.00000 ===
116.58613|I|libbeamng.print:18052| === LSTM_TRACE t=80 v=23.69 ws=22.71,5.06,18.08,22.41 cmd=0.600,0.573,0.833,0.853 cap=1840,1771,1610,1649 des=1840,1771,1409,1443 app=1793,1698,1378,1417 abs=nil,nil,nil,nil ebrake=1.00 ibrake=1.00 hasABS=0 sy=9.87 split=1.000,0.875 ===
116.58617|I|libbeamng.print:18052| === LSTM_OBS t=80 22.70935,5.05641,18.07528,22.41260,-0.19290,9.86650,0.00000,-0.01153,0.00000,0.00000,0.00226,1.00000,0.00000,0.00000,0.00000,5895.36504,0.00000 ===
116.63630|I|libbeamng.print:18052| === LSTM_TRACE t=90 v=23.18 ws=22.17,5.14,17.06,21.92 cmd=0.592,0.559,0.828,0.854 cap=1903,1784,1615,1661 des=1903,1784,1413,1454 app=1860,1709,1385,1431 abs=nil,nil,nil,nil ebrake=1.00 ibrake=1.00 hasABS=0 sy=9.99 split=1.000,0.875 ===
116.63634|I|libbeamng.print:18052| === LSTM_OBS t=90 22.17235,5.14087,17.06032,21.91819,-0.17451,9.99176,0.00000,-0.02074,0.00000,0.00000,0.00278,1.00000,0.00000,0.00000,0.00000,5672.53043,0.00000 ===
116.68610|I|libbeamng.print:18052| === LSTM_TRACE t=100 v=22.68 ws=21.84,5.19,15.91,21.36 cmd=0.598,0.593,0.818,0.847 cap=1828,1789,1603,1656 des=1828,1789,1402,1449 app=1791,1714,1377,1429 abs=nil,nil,nil,nil ebrake=1.00 ibrake=1.00 hasABS=0 sy=10.03 split=1.000,0.875 ===
116.68614|I|libbeamng.print:18052| === LSTM_OBS t=100 21.83981,5.19121,15.90915,21.35823,-0.13777,10.03071,0.00000,-0.04439,0.00000,0.00000,0.00283,1.00000,0.00000,0.00000,0.00000,5455.91652,0.00000 ===
116.73686|I|libbeamng.print:18052| === LSTM_TRACE t=110 v=22.17 ws=21.34,5.31,15.05,20.91 cmd=0.572,0.565,0.809,0.837 cap=1843,1807,1573,1628 des=1843,1807,1376,1424 app=1809,1731,1352,1407 abs=nil,nil,nil,nil ebrake=1.00 ibrake=1.00 hasABS=0 sy=10.07 split=1.000,0.875 ===
116.73692|I|libbeamng.print:18052| === LSTM_OBS t=110 21.34311,5.30810,15.04575,20.90667,-0.04846,10.07229,0.00000,-0.04744,0.00000,0.00000,0.00244,1.00000,0.00000,0.00000,0.00000,5244.85636,0.00000 ===
116.78630|I|libbeamng.print:18052| === LSTM_TRACE t=120 v=21.66 ws=20.87,5.86,14.20,20.44 cmd=0.634,0.569,0.779,0.801 cap=2060,1845,1528,1570 des=2060,1845,1337,1374 app=1904,1734,1315,1359 abs=nil,nil,nil,nil ebrake=1.00 ibrake=1.00 hasABS=0 sy=10.09 split=1.000,0.875 ===
116.78636|I|libbeamng.print:18052| === LSTM_OBS t=120 20.86537,5.86199,14.20101,20.44013,0.04299,10.08702,0.00000,-0.05655,0.00000,0.00000,0.00354,1.00000,0.00000,0.00000,0.00000,5042.24169,0.00000 ===
116.83748|I|libbeamng.print:18052| === LSTM_TRACE t=130 v=21.14 ws=20.11,6.61,13.25,20.10 cmd=0.721,0.620,0.771,0.784 cap=1876,1581,1537,1564 des=1876,1581,1345,1368 app=1848,1515,1323,1354 abs=nil,nil,nil,nil ebrake=1.00 ibrake=1.00 hasABS=0 sy=10.14 split=1.000,0.875 ===
116.83755|I|libbeamng.print:18052| === LSTM_OBS t=130 20.10872,6.60951,13.25401,20.09700,0.14447,10.14195,0.00000,-0.05925,0.00000,0.00000,0.00326,1.00000,0.00000,0.00000,0.00000,4853.10388,0.00000 ===
116.88675|I|libbeamng.print:18052| === LSTM_TRACE t=140 v=20.60 ws=19.30,6.79,12.40,19.62 cmd=0.612,0.488,0.776,0.781 cap=2303,1859,1494,1504 des=2303,1859,1307,1316 app=2272,1782,1286,1304 abs=nil,nil,nil,nil ebrake=1.00 ibrake=1.00 hasABS=0 sy=10.30 split=1.000,0.875 ===
116.88679|I|libbeamng.print:18052| === LSTM_OBS t=140 19.29974,6.79371,12.40236,19.62012,0.26465,10.30492,0.00000,-0.05652,0.00000,0.00000,0.00342,1.00000,0.00000,0.00000,0.00000,4668.41417,0.00000 ===
116.93673|I|libbeamng.print:18052| === LSTM_TRACE t=150 v=20.04 ws=18.63,6.99,10.72,18.56 cmd=0.782,0.638,0.796,0.790 cap=2343,2043,1543,1535 des=2343,2043,1350,1343 app=2316,1960,1328,1331 abs=nil,nil,nil,nil ebrake=1.00 ibrake=1.00 hasABS=0 sy=10.49 split=1.000,0.875 ===
116.93678|I|libbeamng.print:18052| === LSTM_OBS t=150 18.62763,6.99291,10.72448,18.56279,0.35599,10.48639,0.00000,-0.04557,0.00000,0.00000,0.00335,1.00000,0.00000,0.00000,0.00000,4488.49515,0.00000 ===
116.98671|I|libbeamng.print:18052| === LSTM_TRACE t=160 v=19.49 ws=17.03,5.94,8.76,17.71 cmd=0.815,0.666,0.819,0.815 cap=2416,1916,1539,1528 des=2416,1916,1346,1337 app=2391,1839,1324,1326 abs=nil,nil,nil,nil ebrake=1.00 ibrake=1.00 hasABS=0 sy=10.66 split=1.000,0.875 ===
116.98675|I|libbeamng.print:18052| === LSTM_OBS t=160 17.03286,5.94018,8.76441,17.70603,0.41970,10.65682,0.00000,-0.03845,0.00000,0.00000,0.00388,1.00000,0.00000,0.00000,0.00000,4311.93695,0.00000 ===
117.03733|I|libbeamng.print:18052| === LSTM_TRACE t=170 v=18.95 ws=14.89,4.44,6.37,16.82 cmd=0.603,0.429,0.857,0.856 cap=2711,2347,1583,1572 des=2711,2347,1385,1376 app=2685,2253,1361,1365 abs=nil,nil,nil,nil ebrake=1.00 ibrake=1.00 hasABS=0 sy=10.75 split=1.000,0.875 ===
117.03737|I|libbeamng.print:18052| === LSTM_OBS t=170 14.88686,4.43509,6.37273,16.82042,0.44698,10.75355,0.00000,-0.02919,0.00000,0.00000,0.00350,1.00000,0.00000,0.00000,0.00000,4102.22337,0.00000 ===
117.08629|I|libbeamng.print:18052| === LSTM_TRACE t=180 v=18.41 ws=13.01,2.75,4.71,16.05 cmd=0.613,0.507,0.844,0.857 cap=2318,1980,1613,1636 des=2318,1980,1411,1432 app=2298,1900,1385,1420 abs=nil,nil,nil,nil ebrake=1.00 ibrake=1.00 hasABS=0 sy=10.76 split=1.000,0.875 ===
117.08634|I|libbeamng.print:18052| === LSTM_OBS t=180 13.01063,2.75077,4.70622,16.04886,0.45869,10.75786,0.00000,-0.02487,0.00000,0.00000,0.00134,1.00000,0.00000,0.00000,0.00000,3869.56767,0.00000 ===
117.13700|I|libbeamng.print:18052| === LSTM_TRACE t=190 v=17.89 ws=12.56,1.54,3.07,14.74 cmd=0.708,0.487,0.823,0.843 cap=2927,2737,1581,1619 des=2927,2737,1383,1417 app=2539,2303,1355,1406 abs=nil,nil,nil,nil ebrake=1.00 ibrake=1.00 hasABS=0 sy=10.71 split=1.000,0.875 ===
117.13704|I|libbeamng.print:18052| === LSTM_OBS t=190 12.56242,1.53543,3.07336,14.73703,0.42068,10.70844,0.00000,-0.00375,0.00000,0.00000,0.00224,1.00000,0.00000,0.00000,0.00000,3637.03466,0.00000 ===
117.18717|I|libbeamng.print:18052| === LSTM_TRACE t=200 v=17.40 ws=10.93,1.01,1.89,13.82 cmd=0.755,0.815,0.838,0.864 cap=1659,2023,1577,1635 des=1659,2023,1380,1430 app=1645,1726,1349,1420 abs=nil,nil,nil,nil ebrake=1.00 ibrake=1.00 hasABS=0 sy=10.57 split=1.000,0.875 ===
117.18721|I|libbeamng.print:18052| === LSTM_OBS t=200 10.92514,1.00996,1.88796,13.81945,0.44330,10.57211,0.00000,-0.01265,0.00000,0.00000,0.00715,1.00000,0.00000,0.00000,0.00000,3399.02018,0.00000 ===
117.23828|I|libbeamng.print:18052| === LSTM_TRACE t=210 v=16.90 ws=10.05,0.00,1.23,12.78 cmd=0.617,0.710,0.819,0.849 cap=1964,2103,1598,1656 des=1964,2103,1398,1449 app=1947,2011,1364,1438 abs=nil,nil,nil,nil ebrake=1.00 ibrake=1.00 hasABS=0 sy=10.39 split=1.000,0.875 ===
117.23832|I|libbeamng.print:18052| === LSTM_OBS t=210 10.04973,0.00425,1.22854,12.77593,0.33137,10.38736,0.00000,-0.01157,0.00000,0.00000,0.00372,1.00000,0.00000,0.00000,0.00000,3170.70279,0.00000 ===
117.28772|I|libbeamng.print:18052| === LSTM_TRACE t=220 v=16.40 ws=9.86,0.02,0.37,12.90 cmd=0.658,0.717,0.811,0.833 cap=1769,2002,1575,1620 des=1769,2002,1378,1418 app=1753,1911,1342,1407 abs=nil,nil,nil,nil ebrake=1.00 ibrake=1.00 hasABS=0 sy=10.21 split=1.000,0.875 ===
117.28777|I|libbeamng.print:18052| === LSTM_OBS t=220 9.86364,0.01986,0.37420,12.90337,0.34992,10.21476,0.00000,-0.01192,0.00000,0.00000,0.00307,1.00000,0.00000,0.00000,0.00000,2937.96133,0.00000 ===
117.33734|I|libbeamng.print:18052| === LSTM_TRACE t=230 v=15.88 ws=9.36,0.02,0.01,12.51 cmd=0.577,0.576,0.778,0.804 cap=2101,2040,1503,1552 des=2101,2040,1315,1358 app=2081,1944,1278,1347 abs=nil,nil,nil,nil ebrake=1.00 ibrake=1.00 hasABS=0 sy=10.21 split=1.000,0.875 ===
117.33738|I|libbeamng.print:18052| === LSTM_OBS t=230 9.35614,0.02086,0.01474,12.50689,0.32389,10.20956,0.00000,0.00210,0.00000,0.00000,0.00189,1.00000,0.00000,0.00000,0.00000,2735.16887,0.00000 ===
117.38618|I|libbeamng.print:18052| === LSTM_TRACE t=240 v=15.37 ws=8.83,0.05,0.04,11.37 cmd=0.710,0.680,0.785,0.807 cap=2209,2270,1533,1576 des=2209,2270,1341,1379 app=2188,2161,1300,1368 abs=nil,nil,nil,nil ebrake=1.00 ibrake=1.00 hasABS=0 sy=10.24 split=1.000,0.875 ===
117.38627|I|libbeamng.print:18052| === LSTM_OBS t=240 8.83187,0.04932,0.03895,11.36663,0.31005,10.24026,0.00000,0.00584,0.00000,0.00000,0.00372,1.00000,0.00000,0.00000,0.00000,2551.93807,0.00000 ===
117.43658|I|libbeamng.print:18052| === LSTM_TRACE t=250 v=14.85 ws=8.10,0.01,0.01,10.70 cmd=0.652,0.685,0.775,0.796 cap=1803,1835,1490,1531 des=1803,1835,1304,1340 app=1786,1744,1261,1328 abs=nil,nil,nil,nil ebrake=1.00 ibrake=1.00 hasABS=0 sy=10.24 split=1.000,0.875 ===
117.43663|I|libbeamng.print:18052| === LSTM_OBS t=250 8.09503,0.01448,0.01304,10.69783,0.30427,10.23859,0.00000,0.00123,0.00000,0.00000,0.00254,1.00000,0.00000,0.00000,0.00000,2368.35163,0.00000 ===
117.48674|I|libbeamng.print:18052| === LSTM_TRACE t=260 v=14.36 ws=7.57,0.00,0.02,9.67 cmd=0.736,0.678,0.768,0.783 cap=2325,2279,1511,1540 des=2325,2279,1322,1348 app=2301,2163,1276,1336 abs=nil,nil,nil,nil ebrake=1.00 ibrake=1.00 hasABS=0 sy=10.19 split=1.000,0.875 ===
117.48681|I|libbeamng.print:18052| === LSTM_OBS t=260 7.57438,0.00023,0.02483,9.67098,0.28651,10.19379,0.00000,0.00292,0.00000,0.00000,0.00392,1.00000,0.00000,0.00000,0.00000,2183.62734,0.00000 ===
117.53664|I|libbeamng.print:18052| === LSTM_TRACE t=270 v=13.86 ws=6.58,0.12,0.01,8.85 cmd=0.554,0.537,0.728,0.743 cap=2174,1924,1423,1449 des=2174,1924,1245,1268 app=2150,1824,1200,1256 abs=nil,nil,nil,nil ebrake=1.00 ibrake=1.00 hasABS=0 sy=10.12 split=1.000,0.875 ===
117.53669|I|libbeamng.print:18052| === LSTM_OBS t=270 6.57522,0.11592,0.01405,8.84800,0.26340,10.12272,0.00000,0.00616,0.00000,0.00000,0.00326,1.00000,0.00000,0.00000,0.00000,1998.23293,0.00000 ===
117.58644|I|libbeamng.print:18052| === LSTM_TRACE t=280 v=13.35 ws=6.05,0.15,0.02,8.04 cmd=0.675,0.639,0.725,0.737 cap=2103,2080,1416,1441 des=2103,2080,1239,1261 app=2066,1943,1192,1248 abs=nil,nil,nil,nil ebrake=1.00 ibrake=1.00 hasABS=0 sy=10.09 split=1.000,0.875 ===
117.58650|I|libbeamng.print:18052| === LSTM_OBS t=280 6.05120,0.15477,0.02290,8.04433,0.25170,10.09086,0.00000,0.00697,0.00000,0.00000,0.00244,1.00000,0.00000,0.00000,0.00000,1822.73312,0.00000 ===
117.63679|I|libbeamng.print:18052| === LSTM_TRACE t=290 v=12.86 ws=5.32,0.00,0.00,7.26 cmd=0.548,0.588,0.692,0.707 cap=1735,1520,1347,1372 des=1735,1520,1179,1200 app=1963,1635,1132,1188 abs=nil,nil,nil,nil ebrake=1.00 ibrake=1.00 hasABS=0 sy=10.06 split=1.000,0.875 ===
117.63684|I|libbeamng.print:18052| === LSTM_OBS t=290 5.31503,0.00081,0.00045,7.26025,0.23563,10.05628,0.00000,0.00197,0.00000,0.00000,0.00115,1.00000,0.00000,0.00000,0.00000,1657.93371,0.00000 ===
117.68660|I|libbeamng.print:18052| === LSTM_TRACE t=300 v=12.36 ws=4.65,0.05,0.03,6.46 cmd=0.719,0.717,0.692,0.704 cap=1870,1714,1390,1412 des=1870,1714,1216,1236 app=1846,1620,1166,1221 abs=nil,nil,nil,nil ebrake=1.00 ibrake=1.00 hasABS=0 sy=10.06 split=1.000,0.875 ===
117.68664|I|libbeamng.print:18052| === LSTM_OBS t=300 4.65173,0.04729,0.02832,6.45660,0.22266,10.05538,0.00000,-0.00169,0.00000,0.00000,0.00085,1.00000,0.00000,0.00000,0.00000,1497.21956,0.00000 ===
117.73808|I|libbeamng.print:18052| === LSTM_TRACE t=310 v=11.85 ws=2.68,0.03,0.02,5.60 cmd=0.714,0.727,0.776,0.786 cap=2285,2210,1436,1455 des=2285,2210,1257,1273 app=2254,2087,1204,1258 abs=nil,nil,nil,nil ebrake=1.00 ibrake=1.00 hasABS=0 sy=10.04 split=1.000,0.875 ===
117.73812|I|libbeamng.print:18052| === LSTM_OBS t=310 2.67507,0.02567,0.02112,5.59662,0.19705,10.04292,0.00000,0.01151,0.00000,0.00000,0.00000,1.00000,0.00000,0.00000,0.00000,1335.16492,0.00000 ===
117.78724|I|libbeamng.print:18052| === LSTM_TRACE t=320 v=11.38 ws=0.12,0.03,0.02,4.50 cmd=0.985,0.978,0.884,0.891 cap=3037,3016,1700,1700 des=3037,3016,1488,1488 app=2993,2844,1423,1468 abs=nil,nil,nil,nil ebrake=1.00 ibrake=1.00 hasABS=0 sy=9.96 split=1.000,0.875 ===
117.78728|I|libbeamng.print:18052| === LSTM_OBS t=320 0.11746,0.03275,0.01553,4.50366,0.19918,9.95916,0.00000,-0.00162,0.00000,0.00000,0.00467,1.00000,0.00000,0.00000,0.00000,1165.37131,0.00000 ===
117.83643|I|libbeamng.print:18052| === LSTM_TRACE t=330 v=10.89 ws=0.04,0.04,0.03,3.09 cmd=0.973,0.978,0.880,0.879 cap=3021,3030,1700,1700 des=3021,3030,1488,1488 app=2972,2855,1422,1467 abs=nil,nil,nil,nil ebrake=1.00 ibrake=1.00 hasABS=0 sy=9.85 split=1.000,0.875 ===
117.83651|I|libbeamng.print:18052| === LSTM_OBS t=330 0.04101,0.03652,0.03226,3.08912,0.22978,9.85220,0.00000,-0.00277,0.00000,0.00000,0.00274,1.00000,0.00000,0.00000,0.00000,978.59673,0.00000 ===
117.88662|I|libbeamng.print:18052| === LSTM_TRACE t=340 v=10.43 ws=0.03,0.01,0.00,1.30 cmd=0.989,0.991,0.860,0.861 cap=3060,3069,1673,1676 des=3060,3069,1464,1467 app=3006,2889,1398,1444 abs=nil,nil,nil,nil ebrake=1.00 ibrake=1.00 hasABS=0 sy=9.77 split=1.000,0.875 ===
117.88666|I|libbeamng.print:18052| === LSTM_OBS t=340 0.02509,0.00600,0.00265,1.29911,0.17851,9.76508,0.00000,-0.01713,0.00000,0.00000,0.00328,1.00000,0.00000,0.00000,0.00000,789.05639,0.00000 ===
117.93686|I|libbeamng.print:18052| === LSTM_TRACE t=350 v=9.94 ws=0.02,0.01,0.76,0.04 cmd=0.995,0.993,0.851,0.854 cap=3084,3081,1653,1658 des=3084,3081,1446,1451 app=3026,2898,1380,1426 abs=nil,nil,nil,nil ebrake=1.00 ibrake=1.00 hasABS=0 sy=9.69 split=1.000,0.875 ===
117.93692|I|libbeamng.print:18052| === LSTM_OBS t=350 0.01879,0.01414,0.75978,0.04333,0.14076,9.68719,0.00000,-0.00027,0.00000,0.00000,0.00322,1.00000,0.00000,0.00000,0.00000,735.69811,0.00000 ===
117.98645|I|libbeamng.print:18052| === LSTM_TRACE t=360 v=9.45 ws=0.02,0.01,1.28,0.01 cmd=0.993,0.992,0.845,0.847 cap=3078,3074,1644,1649 des=3078,3074,1439,1443 app=3016,2890,1372,1416 abs=nil,nil,nil,nil ebrake=1.00 ibrake=1.00 hasABS=0 sy=9.71 split=1.000,0.875 ===
117.98649|I|libbeamng.print:18052| === LSTM_OBS t=360 0.01637,0.01373,1.28325,0.01352,0.13017,9.70572,0.00000,0.00204,0.00000,0.00000,0.00189,1.00000,0.00000,0.00000,0.00000,729.69757,0.00000 ===
118.03740|I|libbeamng.print:18052| === LSTM_TRACE t=370 v=8.97 ws=0.01,0.01,0.51,0.03 cmd=0.994,0.993,0.844,0.847 cap=3082,3079,1640,1645 des=3082,3079,1435,1439 app=3016,2892,1368,1410 abs=nil,nil,nil,nil ebrake=1.00 ibrake=1.00 hasABS=0 sy=9.72 split=1.000,0.875 ===
118.03744|I|libbeamng.print:18052| === LSTM_OBS t=370 0.00966,0.01483,0.50553,0.03456,0.16676,9.71563,0.00000,0.00081,0.00000,0.00000,0.00270,1.00000,0.00000,0.00000,0.00000,731.41921,0.00000 ===
118.08645|I|libbeamng.print:18052| === LSTM_TRACE t=380 v=8.46 ws=0.00,0.01,2.01,0.03 cmd=0.992,0.989,0.844,0.846 cap=3075,3067,1639,1644 des=3075,3067,1434,1438 app=3005,2880,1367,1407 abs=nil,nil,nil,nil ebrake=1.00 ibrake=1.00 hasABS=0 sy=9.81 split=1.000,0.875 ===
118.08650|I|libbeamng.print:18052| === LSTM_OBS t=380 0.00070,0.01143,2.00555,0.02854,0.13827,9.80775,0.00000,0.01490,0.00000,0.00000,0.00326,1.00000,0.00000,0.00000,0.00000,728.93773,0.00000 ===
118.13690|I|libbeamng.print:18052| === LSTM_TRACE t=390 v=7.96 ws=0.00,0.01,1.13,0.02 cmd=0.992,0.991,0.844,0.845 cap=3074,3071,1640,1643 des=3074,3071,1435,1438 app=3000,2881,1368,1405 abs=nil,nil,nil,nil ebrake=1.00 ibrake=1.00 hasABS=0 sy=9.87 split=1.000,0.875 ===
118.13695|I|libbeamng.print:18052| === LSTM_OBS t=390 0.00227,0.00799,1.13316,0.02440,0.14422,9.86703,0.00000,0.00918,0.00000,0.00000,0.00398,1.00000,0.00000,0.00000,0.00000,728.76343,0.00000 ===
118.18717|I|libbeamng.print:18052| === LSTM_TRACE t=400 v=7.44 ws=0.01,0.01,1.67,0.02 cmd=0.990,0.989,0.843,0.845 cap=3070,3067,1637,1641 des=3070,3067,1433,1436 app=2992,2876,1366,1401 abs=nil,nil,nil,nil ebrake=1.00 ibrake=1.00 hasABS=0 sy=9.98 split=1.000,0.875 ===
118.18722|I|libbeamng.print:18052| === LSTM_OBS t=400 0.00591,0.00717,1.66681,0.02448,0.11115,9.97928,0.00000,0.01512,0.00000,0.00000,0.00404,1.00000,0.00000,0.00000,0.00000,728.67387,0.00000 ===
118.23682|I|libbeamng.print:18052| === LSTM_TRACE t=410 v=6.92 ws=0.01,0.00,2.01,0.06 cmd=0.991,0.988,0.844,0.846 cap=3074,3066,1639,1643 des=3074,3066,1434,1438 app=2992,2873,1367,1401 abs=nil,nil,nil,nil ebrake=1.00 ibrake=1.00 hasABS=0 sy=10.05 split=1.000,0.875 ===
118.23686|I|libbeamng.print:18052| === LSTM_OBS t=410 0.00610,0.00143,2.01332,0.05708,0.11381,10.05389,0.00000,0.02134,0.00000,0.00000,0.00345,1.00000,0.00000,0.00000,0.00000,729.71185,0.00000 ===
118.28652|I|libbeamng.print:18052| === LSTM_TRACE t=420 v=6.40 ws=0.01,0.02,1.24,0.04 cmd=0.991,0.989,0.843,0.845 cap=3070,3067,1639,1642 des=3070,3067,1434,1437 app=2985,2873,1368,1399 abs=nil,nil,nil,nil ebrake=1.00 ibrake=1.00 hasABS=0 sy=10.17 split=1.000,0.875 ===
118.28657|I|libbeamng.print:18052| === LSTM_OBS t=420 0.01163,0.01641,1.24114,0.04491,0.10668,10.17192,0.00000,0.02567,0.00000,0.00000,0.00274,1.00000,0.00000,0.00000,0.00000,728.73587,0.00000 ===
118.33690|I|libbeamng.print:18052| === LSTM_TRACE t=430 v=5.87 ws=0.01,0.00,1.84,0.01 cmd=0.989,0.988,0.842,0.843 cap=3068,3061,1633,1637 des=3068,3061,1429,1432 app=2980,2866,1363,1393 abs=nil,nil,nil,nil ebrake=1.00 ibrake=1.00 hasABS=0 sy=10.30 split=1.000,0.875 ===
118.33696|I|libbeamng.print:18052| === LSTM_OBS t=430 0.00620,0.00414,1.83634,0.01181,0.13912,10.29639,0.00000,0.03348,0.00000,0.00000,0.00311,1.00000,0.00000,0.00000,0.00000,730.84496,0.00000 ===
118.38674|I|libbeamng.print:18052| === LSTM_TRACE t=440 v=5.34 ws=0.00,0.01,1.85,0.05 cmd=0.991,0.988,0.842,0.844 cap=3072,3064,1638,1642 des=3072,3064,1434,1437 app=2980,2868,1368,1396 abs=nil,nil,nil,nil ebrake=1.00 ibrake=1.00 hasABS=0 sy=10.36 split=1.000,0.875 ===
118.38679|I|libbeamng.print:18052| === LSTM_OBS t=440 0.00397,0.00830,1.84789,0.05260,0.12790,10.35640,0.00000,0.02877,0.00000,0.00000,0.00424,1.00000,0.00000,0.00000,0.00000,729.13693,0.00000 ===
118.43698|I|libbeamng.print:18052| === LSTM_TRACE t=450 v=4.80 ws=0.00,0.01,1.42,0.06 cmd=0.990,0.989,0.841,0.843 cap=3069,3065,1633,1637 des=3069,3065,1429,1433 app=2974,2867,1364,1391 abs=nil,nil,nil,nil ebrake=1.00 ibrake=1.00 hasABS=0 sy=10.48 split=1.000,0.875 ===
118.43702|I|libbeamng.print:18052| === LSTM_OBS t=450 0.00459,0.01145,1.42092,0.05813,0.09037,10.47579,0.00000,0.03301,0.00000,0.00000,0.00470,1.00000,0.00000,0.00000,0.00000,729.26407,0.00000 ===
118.48680|I|libbeamng.print:18052| === LSTM_TRACE t=460 v=4.25 ws=0.00,0.01,1.90,0.01 cmd=0.989,0.988,0.838,0.840 cap=3066,3060,1626,1630 des=3066,3060,1423,1426 app=2969,2862,1358,1384 abs=nil,nil,nil,nil ebrake=1.00 ibrake=1.00 hasABS=0 sy=10.60 split=1.000,0.875 ===
118.48688|I|libbeamng.print:18052| === LSTM_OBS t=460 0.00295,0.00625,1.89926,0.00558,0.11253,10.59983,0.00000,0.03619,0.00000,0.00000,0.00417,1.00000,0.00000,0.00000,0.00000,726.98911,0.00000 ===
118.53727|I|libbeamng.print:18052| === LSTM_TRACE t=470 v=3.70 ws=0.01,0.00,2.20,0.06 cmd=0.990,0.987,0.841,0.843 cap=3071,3064,1635,1639 des=3071,3064,1431,1434 app=2971,2864,1366,1390 abs=nil,nil,nil,nil ebrake=1.00 ibrake=1.00 hasABS=0 sy=10.68 split=1.000,0.875 ===
118.53731|I|libbeamng.print:18052| === LSTM_OBS t=470 0.01160,0.00144,2.20349,0.05593,0.08108,10.68192,0.00000,0.03460,0.00000,0.00000,0.00375,1.00000,0.00000,0.00000,0.00000,728.28013,0.00000 ===
118.58678|I|libbeamng.print:18052| === LSTM_TRACE t=480 v=3.15 ws=0.00,0.00,1.39,0.05 cmd=0.991,0.989,0.840,0.842 cap=3070,3066,1632,1636 des=3070,3066,1428,1431 app=2967,2865,1364,1387 abs=nil,nil,nil,nil ebrake=1.00 ibrake=1.00 hasABS=0 sy=10.80 split=1.000,0.875 ===
118.58684|I|libbeamng.print:18052| === LSTM_OBS t=480 0.00474,0.00035,1.38828,0.04913,0.05958,10.80277,0.00000,0.03429,0.00000,0.00000,0.00420,1.00000,0.00000,0.00000,0.00000,726.67674,0.00000 ===
118.63889|I|libbeamng.print:18052| === LSTM_TRACE t=490 v=2.58 ws=0.00,0.00,1.85,0.01 cmd=0.990,0.989,0.838,0.840 cap=3068,3064,1627,1630 des=3068,3064,1423,1426 app=2962,2862,1359,1381 abs=nil,nil,nil,nil ebrake=1.00 ibrake=1.00 hasABS=0 sy=10.94 split=1.000,0.875 ===
118.63893|I|libbeamng.print:18052| === LSTM_OBS t=490 0.00264,0.00375,1.85230,0.00737,0.08190,10.93833,0.00000,0.03304,0.00000,0.00000,0.00450,1.00000,0.00000,0.00000,0.00000,725.82916,0.00000 ===
118.68863|I|libbeamng.print:18052| === LSTM_TRACE t=500 v=2.02 ws=0.00,0.00,2.11,0.05 cmd=0.991,0.989,0.839,0.840 cap=3073,3066,1630,1633 des=3073,3066,1427,1429 app=2965,2863,1363,1383 abs=nil,nil,nil,nil ebrake=1.00 ibrake=1.00 hasABS=0 sy=11.02 split=1.000,0.875 ===
118.68872|I|libbeamng.print:18052| === LSTM_OBS t=500 0.00155,0.00046,2.11421,0.04890,0.02587,11.01594,0.00000,0.03111,0.00000,0.00000,0.00442,1.00000,0.00000,0.00000,0.00000,725.70466,0.00000 ===
118.73878|I|libbeamng.print:18052| === LSTM_TRACE t=510 v=1.46 ws=0.00,0.01,1.08,0.10 cmd=0.993,0.992,0.837,0.838 cap=3077,3073,1629,1632 des=3077,3073,1425,1428 app=2967,2869,1361,1381 abs=nil,nil,nil,nil ebrake=1.00 ibrake=1.00 hasABS=0 sy=11.09 split=1.000,0.875 ===
118.73882|I|libbeamng.print:18052| === LSTM_OBS t=510 0.00116,0.00575,1.08164,0.09675,0.04561,11.09106,0.00000,0.02174,0.00000,0.00000,0.00453,1.00000,0.00000,0.00000,0.00000,726.27456,0.00000 ===
118.78819|I|libbeamng.print:18052| === LSTM_TRACE t=520 v=0.90 ws=0.00,0.00,0.83,0.15 cmd=0.994,0.993,0.837,0.838 cap=3082,3078,1629,1632 des=3082,3078,1425,1428 app=2969,2873,1361,1380 abs=nil,nil,nil,nil ebrake=1.00 ibrake=1.00 hasABS=0 sy=11.12 split=1.000,0.875 ===
118.78823|I|libbeamng.print:18052| === LSTM_OBS t=520 0.00259,0.00176,0.82833,0.15203,-0.01474,11.12044,0.00000,0.01042,0.00000,0.00000,0.00433,1.00000,0.00000,0.00000,0.00000,722.51254,0.00000 ===
149.12057|I|libbeamng.print:18052| === LSTM_TRACE t=0 v=27.71 ws=27.68,27.78,27.35,27.46 cmd=0.815,0.762,0.361,0.375 cap=155,155,97,97 des=155,155,85,85 app=147,144,80,81 abs=nil,nil,nil,nil ebrake=1.00 ibrake=1.00 hasABS=0 sy=1.57 split=1.000,0.875 ===
149.12061|I|libbeamng.print:18052| === LSTM_OBS t=0 27.67847,27.77978,27.35355,27.45864,0.02883,1.57372,0.00000,-0.00054,0.00000,0.00000,0.00000,1.00000,0.00000,0.00000,0.00000,7857.53370,0.00000 ===
149.17097|I|libbeamng.print:18052| === LSTM_TRACE t=10 v=27.38 ws=24.37,23.82,26.75,26.68 cmd=0.816,0.886,0.706,0.724 cap=2499,2728,1329,1365 des=2499,2728,1163,1195 app=2390,2560,1106,1151 abs=nil,nil,nil,nil ebrake=1.00 ibrake=1.00 hasABS=0 sy=2.20 split=1.000,0.875 ===
149.17105|I|libbeamng.print:18052| === LSTM_OBS t=10 24.36794,23.81587,26.75238,26.67606,-0.00996,2.20084,0.00000,-0.00960,0.00000,0.00000,0.00183,1.00000,0.00000,0.00000,0.00000,7772.32506,0.00000 ===
149.19054|I|libbeamng.print:18052| === LSTM_ABS DBG raw=22.8776,21.5932,26.2453,26.2805,0.0147,2.9781,0.0000,0.0189,0.0000,0.0000,0.0023,1.0000,0.0000,0.0000,0.0000,7681.5404,0.0000 ===
149.19057|I|libbeamng.print:18052| === LSTM_ABS DBG norm=0.40,0.32,0.57,0.57,0.07,-2.20,0.00,0.15,-0.07,-0.03,-0.06,0.50,0.00,0.00,0.00,1.75,0.00 ===
149.19058|I|libbeamng.print:18052| === LSTM_ABS DBG cmd=0.8364,0.8751,0.7538,0.7699 ===
149.22050|I|libbeamng.print:18052| === LSTM_TRACE t=20 v=26.88 ws=20.90,19.05,25.52,25.70 cmd=0.809,0.828,0.802,0.816 cap=2485,2563,1527,1557 des=2485,2563,1336,1362 app=2400,2436,1285,1324 abs=nil,nil,nil,nil ebrake=1.00 ibrake=1.00 hasABS=0 sy=4.19 split=1.000,0.875 ===
149.22054|I|libbeamng.print:18052| === LSTM_OBS t=20 20.89520,19.04678,25.52074,25.70218,0.04016,4.18774,0.00000,0.00389,0.00000,0.00000,0.00189,1.00000,0.00000,0.00000,0.00000,7507.37384,0.00000 ===
149.27053|I|libbeamng.print:18052| === LSTM_TRACE t=30 v=26.39 ws=17.52,15.16,24.35,24.62 cmd=0.792,0.835,0.871,0.874 cap=2427,2558,1687,1693 des=2427,2558,1476,1482 app=2357,2450,1432,1450 abs=nil,nil,nil,nil ebrake=1.00 ibrake=1.00 hasABS=0 sy=5.79 split=1.000,0.875 ===
149.27057|I|libbeamng.print:18052| === LSTM_OBS t=30 17.52152,15.15648,24.34548,24.62275,0.02679,5.79408,0.00000,-0.00161,0.00000,0.00000,0.00189,1.00000,0.00000,0.00000,0.00000,7179.69559,0.00000 ===
149.32248|I|libbeamng.print:18052| === LSTM_TRACE t=40 v=25.87 ws=14.14,9.59,23.01,23.88 cmd=0.679,0.756,0.882,0.881 cap=2205,2421,1700,1700 des=2205,2421,1488,1488 app=2151,2329,1452,1463 abs=nil,nil,nil,nil ebrake=1.00 ibrake=1.00 hasABS=0 sy=7.04 split=1.000,0.875 ===
149.32255|I|libbeamng.print:18052| === LSTM_OBS t=40 14.14427,9.59382,23.01163,23.88098,0.00674,7.04231,0.00000,0.00151,0.00000,0.00000,0.00183,1.00000,0.00000,0.00000,0.00000,6861.71904,0.00000 ===
149.37060|I|libbeamng.print:18052| === LSTM_TRACE t=50 v=25.36 ws=17.15,8.08,21.62,23.30 cmd=0.441,0.624,0.888,0.893 cap=1391,1905,1700,1700 des=1391,1905,1488,1488 app=1359,1835,1459,1469 abs=nil,nil,nil,nil ebrake=1.00 ibrake=1.00 hasABS=0 sy=7.99 split=1.000,0.875 ===
149.37064|I|libbeamng.print:18052| === LSTM_OBS t=50 17.14514,8.08436,21.61608,23.30435,-0.00386,7.98625,0.00000,-0.01571,0.00000,0.00000,0.00414,1.00000,0.00000,0.00000,0.00000,6575.84246,0.00000 ===
149.42164|I|libbeamng.print:18052| === LSTM_TRACE t=60 v=24.79 ws=22.65,5.67,20.41,22.83 cmd=0.667,0.686,0.851,0.867 cap=2004,2148,1658,1690 des=2004,2148,1451,1479 app=1963,2071,1428,1464 abs=nil,nil,nil,nil ebrake=1.00 ibrake=1.00 hasABS=0 sy=8.79 split=1.000,0.875 ===
149.42167|I|libbeamng.print:18052| === LSTM_OBS t=60 22.64896,5.67415,20.41432,22.82909,-0.05878,8.78861,0.00000,-0.00319,0.00000,0.00000,0.00430,1.00000,0.00000,0.00000,0.00000,6319.45971,0.00000 ===
149.47109|I|libbeamng.print:18052| === LSTM_TRACE t=70 v=24.25 ws=23.17,4.59,19.19,22.42 cmd=0.607,0.565,0.830,0.849 cap=2031,1868,1623,1658 des=2031,1868,1420,1451 app=1996,1801,1401,1440 abs=nil,nil,nil,nil ebrake=1.00 ibrake=1.00 hasABS=0 sy=9.50 split=1.000,0.875 ===
149.47113|I|libbeamng.print:18052| === LSTM_OBS t=70 23.16521,4.58924,19.19319,22.42212,-0.09402,9.49661,0.00000,-0.00138,0.00000,0.00000,0.00278,1.00000,0.00000,0.00000,0.00000,6091.61357,0.00000 ===
149.52190|I|libbeamng.print:18052| === LSTM_TRACE t=80 v=23.72 ws=22.53,5.01,18.38,22.05 cmd=0.556,0.515,0.824,0.846 cap=1850,1694,1597,1641 des=1850,1694,1397,1436 app=1823,1634,1381,1427 abs=nil,nil,nil,nil ebrake=1.00 ibrake=1.00 hasABS=0 sy=9.84 split=1.000,0.875 ===
149.52193|I|libbeamng.print:18052| === LSTM_OBS t=80 22.52851,5.01071,18.38332,22.05214,-0.09349,9.84090,0.00000,-0.00848,0.00000,0.00000,0.00204,1.00000,0.00000,0.00000,0.00000,5873.36352,0.00000 ===
149.57114|I|libbeamng.print:18052| === LSTM_TRACE t=90 v=23.21 ws=22.27,5.32,17.29,21.55 cmd=0.586,0.560,0.819,0.846 cap=1790,1693,1595,1647 des=1790,1693,1395,1441 app=1768,1632,1381,1434 abs=nil,nil,nil,nil ebrake=1.00 ibrake=1.00 hasABS=0 sy=10.01 split=1.000,0.875 ===
149.57122|I|libbeamng.print:18052| === LSTM_OBS t=90 22.27060,5.31696,17.28742,21.54991,-0.09870,10.01225,0.00000,-0.02086,0.00000,0.00000,0.00249,1.00000,0.00000,0.00000,0.00000,5664.06449,0.00000 ===
149.62144|I|libbeamng.print:18052| === LSTM_TRACE t=100 v=22.68 ws=21.68,5.27,16.26,21.27 cmd=0.584,0.553,0.823,0.852 cap=1899,1845,1590,1647 des=1899,1845,1391,1441 app=1879,1779,1378,1435 abs=nil,nil,nil,nil ebrake=1.00 ibrake=1.00 hasABS=0 sy=10.12 split=1.000,0.875 ===
149.62148|I|libbeamng.print:18052| === LSTM_OBS t=100 21.68423,5.26796,16.25709,21.27084,-0.06046,10.11887,0.00000,-0.02338,0.00000,0.00000,0.00244,1.00000,0.00000,0.00000,0.00000,5454.81717,0.00000 ===
149.67105|I|libbeamng.print:18052| === LSTM_TRACE t=110 v=22.17 ws=21.13,5.13,15.17,20.94 cmd=0.540,0.515,0.811,0.839 cap=1862,1786,1586,1641 des=1862,1786,1388,1436 app=1844,1722,1375,1431 abs=nil,nil,nil,nil ebrake=1.00 ibrake=1.00 hasABS=0 sy=10.20 split=1.000,0.875 ===
149.67108|I|libbeamng.print:18052| === LSTM_OBS t=110 21.13146,5.13126,15.16779,20.93992,-0.01882,10.19756,0.00000,-0.04286,0.00000,0.00000,0.00293,1.00000,0.00000,0.00000,0.00000,5243.66308,0.00000 ===
149.72146|I|libbeamng.print:18052| === LSTM_TRACE t=120 v=21.65 ws=20.68,5.46,13.85,20.47 cmd=0.604,0.559,0.796,0.818 cap=1806,1728,1558,1602 des=1806,1728,1363,1402 app=1791,1666,1351,1398 abs=nil,nil,nil,nil ebrake=1.00 ibrake=1.00 hasABS=0 sy=10.24 split=1.000,0.875 ===
149.72150|I|libbeamng.print:18052| === LSTM_OBS t=120 20.68032,5.46193,13.85122,20.46733,0.05351,10.24439,0.00000,-0.04886,0.00000,0.00000,0.00256,1.00000,0.00000,0.00000,0.00000,5031.85577,0.00000 ===
149.77132|I|libbeamng.print:18052| === LSTM_TRACE t=130 v=21.13 ws=19.99,5.89,12.86,20.00 cmd=0.633,0.553,0.784,0.802 cap=1840,1564,1529,1563 des=1840,1564,1338,1368 app=1845,1509,1326,1365 abs=nil,nil,nil,nil ebrake=1.00 ibrake=1.00 hasABS=0 sy=10.29 split=1.000,0.875 ===
149.77137|I|libbeamng.print:18052| === LSTM_OBS t=130 19.99451,5.88644,12.86482,19.99908,0.10923,10.28602,0.00000,-0.04403,0.00000,0.00000,0.00285,1.00000,0.00000,0.00000,0.00000,4826.40611,0.00000 ===
149.82155|I|libbeamng.print:18052| === LSTM_TRACE t=140 v=20.58 ws=19.35,5.92,11.94,19.71 cmd=0.697,0.559,0.785,0.796 cap=2004,1683,1534,1557 des=2004,1683,1342,1363 app=1993,1624,1331,1360 abs=nil,nil,nil,nil ebrake=1.00 ibrake=1.00 hasABS=0 sy=10.38 split=1.000,0.875 ===
149.82159|I|libbeamng.print:18052| === LSTM_OBS t=140 19.34850,5.91809,11.94186,19.71072,0.17725,10.37991,0.00000,-0.04494,0.00000,0.00000,0.00311,1.00000,0.00000,0.00000,0.00000,4625.97894,0.00000 ===
149.87134|I|libbeamng.print:18052| === LSTM_TRACE t=150 v=20.04 ws=18.52,5.65,9.86,18.42 cmd=0.787,0.653,0.768,0.771 cap=2353,1781,1492,1497 des=2353,1781,1305,1310 app=2342,1718,1294,1308 abs=nil,nil,nil,nil ebrake=1.00 ibrake=1.00 hasABS=0 sy=10.51 split=1.000,0.875 ===
149.87138|I|libbeamng.print:18052| === LSTM_OBS t=150 18.52086,5.64886,9.85715,18.41954,0.24327,10.50962,0.00000,-0.03898,0.00000,0.00000,0.00409,1.00000,0.00000,0.00000,0.00000,4441.05239,0.00000 ===
149.92141|I|libbeamng.print:18052| === LSTM_TRACE t=160 v=19.49 ws=16.76,4.42,7.54,17.39 cmd=0.821,0.652,0.827,0.829 cap=2356,1915,1621,1620 des=2356,1915,1419,1418 app=2346,1849,1406,1416 abs=nil,nil,nil,nil ebrake=1.00 ibrake=1.00 hasABS=0 sy=10.65 split=1.000,0.875 ===
149.92145|I|libbeamng.print:18052| === LSTM_OBS t=160 16.76310,4.41553,7.53740,17.38557,0.31876,10.65047,0.00000,-0.03572,0.00000,0.00000,0.00372,1.00000,0.00000,0.00000,0.00000,4254.23916,0.00000 ===
149.97105|I|libbeamng.print:18052| === LSTM_TRACE t=170 v=18.95 ws=14.76,2.54,5.34,16.76 cmd=0.821,0.717,0.848,0.854 cap=2577,2209,1593,1611 des=2577,2209,1394,1410 app=2568,2021,1381,1409 abs=nil,nil,nil,nil ebrake=1.00 ibrake=1.00 hasABS=0 sy=10.70 split=1.000,0.875 ===
149.97109|I|libbeamng.print:18052| === LSTM_OBS t=170 14.75529,2.54428,5.34473,16.75582,0.35124,10.69618,0.00000,-0.02737,0.00000,0.00000,0.00349,1.00000,0.00000,0.00000,0.00000,4031.51972,0.00000 ===
150.02158|I|libbeamng.print:18052| === LSTM_TRACE t=180 v=18.42 ws=12.72,1.27,3.64,15.33 cmd=0.705,0.614,0.870,0.878 cap=2283,1943,1689,1700 des=2283,1943,1478,1488 app=2276,1873,1462,1486 abs=nil,nil,nil,nil ebrake=1.00 ibrake=1.00 hasABS=0 sy=10.67 split=1.000,0.875 ===
150.02162|I|libbeamng.print:18052| === LSTM_OBS t=180 12.71521,1.26570,3.64025,15.32897,0.31296,10.66566,0.00000,-0.01378,0.00000,0.00000,0.00335,1.00000,0.00000,0.00000,0.00000,3784.26663,0.00000 ===
150.07106|I|libbeamng.print:18052| === LSTM_TRACE t=190 v=17.94 ws=11.49,0.04,2.57,14.58 cmd=0.673,0.607,0.880,0.889 cap=1970,1655,1700,1700 des=1970,1655,1488,1488 app=1964,1593,1470,1487 abs=nil,nil,nil,nil ebrake=1.00 ibrake=1.00 hasABS=0 sy=10.51 split=1.000,0.875 ===
150.07111|I|libbeamng.print:18052| === LSTM_OBS t=190 11.49065,0.03853,2.57339,14.58235,0.28202,10.51102,0.00000,-0.00894,0.00000,0.00000,0.00183,1.00000,0.00000,0.00000,0.00000,3520.19712,0.00000 ===
150.12154|I|libbeamng.print:18052| === LSTM_TRACE t=200 v=17.44 ws=9.67,0.03,0.16,14.10 cmd=0.717,0.665,0.897,0.902 cap=2164,2223,1700,1700 des=2164,2223,1488,1488 app=2158,2137,1468,1487 abs=nil,nil,nil,nil ebrake=1.00 ibrake=1.00 hasABS=0 sy=10.33 split=1.000,0.875 ===
150.12158|I|libbeamng.print:18052| === LSTM_OBS t=200 9.67481,0.02665,0.15852,14.09845,0.25649,10.32773,0.00000,-0.00949,0.00000,0.00000,0.00349,1.00000,0.00000,0.00000,0.00000,3262.66074,0.00000 ===
150.17091|I|libbeamng.print:18052| === LSTM_TRACE t=210 v=16.95 ws=8.41,0.06,0.14,13.37 cmd=0.682,0.617,0.884,0.886 cap=2186,2061,1700,1700 des=2186,2061,1488,1488 app=2179,1979,1466,1487 abs=nil,nil,nil,nil ebrake=1.00 ibrake=1.00 hasABS=0 sy=10.16 split=1.000,0.875 ===
150.17095|I|libbeamng.print:18052| === LSTM_OBS t=210 8.40518,0.05584,0.14233,13.36996,0.32328,10.16010,0.00000,-0.01323,0.00000,0.00000,0.00265,1.00000,0.00000,0.00000,0.00000,3023.71965,0.00000 ===
150.22148|I|libbeamng.print:18052| === LSTM_TRACE t=220 v=16.45 ws=7.15,0.00,0.14,12.63 cmd=0.594,0.573,0.889,0.890 cap=1821,1646,1700,1700 des=1821,1646,1488,1488 app=1814,1579,1463,1487 abs=nil,nil,nil,nil ebrake=1.00 ibrake=1.00 hasABS=0 sy=10.11 split=1.000,0.875 ===
150.22153|I|libbeamng.print:18052| === LSTM_OBS t=220 7.14720,0.00345,0.14118,12.62981,0.30387,10.10756,0.00000,-0.00435,0.00000,0.00000,0.00069,1.00000,0.00000,0.00000,0.00000,2814.59435,0.00000 ===
150.27112|I|libbeamng.print:18052| === LSTM_TRACE t=230 v=15.95 ws=5.95,0.01,0.04,11.41 cmd=0.676,0.670,0.897,0.896 cap=1577,1534,1700,1700 des=1577,1534,1488,1488 app=1731,1528,1461,1486 abs=nil,nil,nil,nil ebrake=1.00 ibrake=1.00 hasABS=0 sy=10.04 split=1.000,0.875 ===
150.27116|I|libbeamng.print:18052| === LSTM_OBS t=230 5.94837,0.00533,0.03759,11.41326,0.26907,10.03933,0.00000,-0.00538,0.00000,0.00000,0.00289,1.00000,0.00000,0.00000,0.00000,2608.15248,0.00000 ===
150.32143|I|libbeamng.print:18052| === LSTM_TRACE t=240 v=15.46 ws=4.27,0.04,0.03,10.53 cmd=0.699,0.688,0.904,0.903 cap=2056,2052,1700,1700 des=2056,2052,1488,1488 app=2047,1964,1459,1486 abs=nil,nil,nil,nil ebrake=1.00 ibrake=1.00 hasABS=0 sy=9.99 split=1.000,0.875 ===
150.32147|I|libbeamng.print:18052| === LSTM_OBS t=240 4.27250,0.04229,0.03148,10.53138,0.26444,9.98903,0.00000,0.00206,0.00000,0.00000,0.00234,1.00000,0.00000,0.00000,0.00000,2396.72804,0.00000 ===
150.37110|I|libbeamng.print:18052| === LSTM_TRACE t=250 v=14.97 ws=0.08,0.00,0.09,9.70 cmd=0.820,0.875,0.914,0.914 cap=2591,2674,1700,1700 des=2591,2674,1488,1488 app=2578,2556,1457,1486 abs=nil,nil,nil,nil ebrake=1.00 ibrake=1.00 hasABS=0 sy=9.95 split=1.000,0.875 ===
150.37114|I|libbeamng.print:18052| === LSTM_OBS t=250 0.08064,0.00112,0.08581,9.69827,0.21653,9.94973,0.00000,-0.00438,0.00000,0.00000,0.00000,1.00000,0.00000,0.00000,0.00000,2188.36673,0.00000 ===
150.42147|I|libbeamng.print:18052| === LSTM_TRACE t=260 v=14.50 ws=0.07,0.02,0.03,8.77 cmd=0.976,0.955,0.887,0.890 cap=3027,2968,1700,1700 des=3027,2968,1488,1488 app=3008,2834,1455,1486 abs=nil,nil,nil,nil ebrake=1.00 ibrake=1.00 hasABS=0 sy=9.84 split=1.000,0.875 ===
150.42154|I|libbeamng.print:18052| === LSTM_OBS t=260 0.06570,0.01768,0.02864,8.77066,0.20453,9.84266,0.00000,-0.01387,0.00000,0.00000,0.00210,1.00000,0.00000,0.00000,0.00000,1986.00344,0.00000 ===
150.47118|I|libbeamng.print:18052| === LSTM_TRACE t=270 v=14.03 ws=0.04,0.02,0.01,7.81 cmd=0.977,0.959,0.878,0.886 cap=3027,2968,1700,1700 des=3027,2968,1488,1488 app=3006,2832,1453,1485 abs=nil,nil,nil,nil ebrake=1.00 ibrake=1.00 hasABS=0 sy=9.72 split=1.000,0.875 ===
150.47122|I|libbeamng.print:18052| === LSTM_OBS t=270 0.04296,0.02100,0.00503,7.81232,0.27093,9.71662,0.00000,-0.01687,0.00000,0.00000,0.00142,1.00000,0.00000,0.00000,0.00000,1789.05430,0.00000 ===
150.52157|I|libbeamng.print:18052| === LSTM_TRACE t=280 v=13.55 ws=0.03,0.01,0.04,6.61 cmd=0.977,0.969,0.885,0.890 cap=3020,2996,1700,1700 des=3020,2996,1488,1488 app=2996,2856,1452,1485 abs=nil,nil,nil,nil ebrake=1.00 ibrake=1.00 hasABS=0 sy=9.66 split=1.000,0.875 ===
150.52161|I|libbeamng.print:18052| === LSTM_OBS t=280 0.02542,0.01249,0.03969,6.61263,0.26574,9.66224,0.00000,-0.01681,0.00000,0.00000,0.00085,1.00000,0.00000,0.00000,0.00000,1586.78451,0.00000 ===
150.57133|I|libbeamng.print:18052| === LSTM_TRACE t=290 v=13.07 ws=0.03,0.01,0.04,5.60 cmd=0.982,0.979,0.878,0.881 cap=3038,3026,1700,1700 des=3038,3026,1488,1488 app=3011,2882,1450,1484 abs=nil,nil,nil,nil ebrake=1.00 ibrake=1.00 hasABS=0 sy=9.64 split=1.000,0.875 ===
150.57137|I|libbeamng.print:18052| === LSTM_OBS t=290 0.03222,0.00718,0.04414,5.60163,0.23596,9.63979,0.00000,-0.02199,0.00000,0.00000,0.00134,1.00000,0.00000,0.00000,0.00000,1375.56612,0.00000 ===
150.62132|I|libbeamng.print:18052| === LSTM_TRACE t=300 v=12.57 ws=0.03,0.01,0.01,4.57 cmd=0.984,0.984,0.876,0.879 cap=3050,3046,1699,1700 des=3050,3046,1487,1488 app=3020,2899,1448,1484 abs=nil,nil,nil,nil ebrake=1.00 ibrake=1.00 hasABS=0 sy=9.68 split=1.000,0.875 ===
150.62136|I|libbeamng.print:18052| === LSTM_OBS t=300 0.02795,0.00556,0.00532,4.57036,0.22495,9.68052,0.00000,-0.02078,0.00000,0.00000,0.00124,1.00000,0.00000,0.00000,0.00000,1174.10488,0.00000 ===
150.67104|I|libbeamng.print:18052| === LSTM_TRACE t=310 v=12.08 ws=0.01,0.01,0.00,3.55 cmd=0.986,0.982,0.881,0.883 cap=3056,3049,1700,1700 des=3056,3049,1488,1488 app=3023,2900,1448,1483 abs=nil,nil,nil,nil ebrake=1.00 ibrake=1.00 hasABS=0 sy=9.74 split=1.000,0.875 ===
150.67108|I|libbeamng.print:18052| === LSTM_OBS t=310 0.01339,0.01353,0.00189,3.55285,0.20413,9.73971,0.00000,-0.01917,0.00000,0.00000,0.00142,1.00000,0.00000,0.00000,0.00000,983.48389,0.00000 ===
150.72135|I|libbeamng.print:18052| === LSTM_TRACE t=320 v=11.58 ws=0.01,0.00,0.11,1.92 cmd=0.992,0.988,0.863,0.866 cap=3073,3058,1693,1698 des=3073,3058,1481,1486 app=3037,2907,1440,1480 abs=nil,nil,nil,nil ebrake=1.00 ibrake=1.00 hasABS=0 sy=9.76 split=1.000,0.875 ===
150.72138|I|libbeamng.print:18052| === LSTM_OBS t=320 0.00531,0.00032,0.10512,1.91879,0.24176,9.75797,0.00000,-0.01785,0.00000,0.00000,0.00000,1.00000,0.00000,0.00000,0.00000,798.64433,0.00000 ===
150.77098|I|libbeamng.print:18052| === LSTM_TRACE t=330 v=11.11 ws=0.01,0.00,0.07,0.02 cmd=0.996,0.995,0.851,0.853 cap=3087,3083,1659,1663 des=3087,3083,1451,1456 app=3049,2928,1410,1449 abs=nil,nil,nil,nil ebrake=1.00 ibrake=1.00 hasABS=0 sy=9.73 split=1.000,0.875 ===
150.77105|I|libbeamng.print:18052| === LSTM_OBS t=330 0.00632,0.00155,0.07086,0.02474,0.22845,9.72644,0.00000,-0.02700,0.00000,0.00000,0.00270,1.00000,0.00000,0.00000,0.00000,728.41555,0.00000 ===
150.82188|I|libbeamng.print:18052| === LSTM_TRACE t=340 v=10.63 ws=0.00,0.01,0.01,0.04 cmd=0.997,0.995,0.851,0.854 cap=3090,3084,1654,1661 des=3090,3084,1447,1453 app=3049,2927,1406,1445 abs=nil,nil,nil,nil ebrake=1.00 ibrake=1.00 hasABS=0 sy=9.69 split=1.000,0.875 ===
150.82192|I|libbeamng.print:18052| === LSTM_OBS t=340 0.00370,0.01251,0.00867,0.03897,0.19585,9.68569,0.00000,-0.01161,0.00000,0.00000,0.00134,1.00000,0.00000,0.00000,0.00000,725.83783,0.00000 ===
150.87095|I|libbeamng.print:18052| === LSTM_TRACE t=350 v=10.15 ws=0.00,0.00,0.04,0.02 cmd=0.997,0.995,0.846,0.850 cap=3091,3084,1645,1653 des=3091,3084,1440,1447 app=3047,2925,1397,1437 abs=nil,nil,nil,nil ebrake=1.00 ibrake=1.00 hasABS=0 sy=9.67 split=1.000,0.875 ===
150.87102|I|libbeamng.print:18052| === LSTM_OBS t=350 0.00231,0.00415,0.04477,0.02142,0.18771,9.67410,0.00000,-0.01139,0.00000,0.00000,0.00134,1.00000,0.00000,0.00000,0.00000,722.37173,0.00000 ===
150.92142|I|libbeamng.print:18052| === LSTM_TRACE t=360 v=9.66 ws=0.00,0.01,0.11,0.01 cmd=0.997,0.995,0.847,0.851 cap=3090,3084,1644,1653 des=3090,3084,1439,1446 app=3044,2924,1396,1436 abs=nil,nil,nil,nil ebrake=1.00 ibrake=1.00 hasABS=0 sy=9.70 split=1.000,0.875 ===
150.92149|I|libbeamng.print:18052| === LSTM_OBS t=360 0.00176,0.01136,0.10806,0.00652,0.19638,9.69985,0.00000,-0.00619,0.00000,0.00000,0.00115,1.00000,0.00000,0.00000,0.00000,723.93300,0.00000 ===
150.97112|I|libbeamng.print:18052| === LSTM_TRACE t=370 v=9.16 ws=0.00,0.00,0.10,0.01 cmd=0.997,0.995,0.845,0.850 cap=3090,3083,1641,1650 des=3090,3083,1436,1444 app=3041,2922,1392,1432 abs=nil,nil,nil,nil ebrake=1.00 ibrake=1.00 hasABS=0 sy=9.74 split=1.000,0.875 ===
150.97116|I|libbeamng.print:18052| === LSTM_OBS t=370 0.00407,0.00292,0.09938,0.00724,0.20694,9.74186,0.00000,-0.00452,0.00000,0.00000,0.00134,1.00000,0.00000,0.00000,0.00000,719.99019,0.00000 ===
151.02144|I|libbeamng.print:18052| === LSTM_TRACE t=380 v=8.67 ws=0.00,0.00,0.11,0.04 cmd=0.997,0.994,0.844,0.848 cap=3090,3083,1639,1648 des=3090,3083,1434,1442 app=3039,2920,1390,1430 abs=nil,nil,nil,nil ebrake=1.00 ibrake=1.00 hasABS=0 sy=9.79 split=1.000,0.875 ===
151.02148|I|libbeamng.print:18052| === LSTM_OBS t=380 0.00078,0.00463,0.10790,0.04280,0.21850,9.78565,0.00000,-0.00308,0.00000,0.00000,0.00146,1.00000,0.00000,0.00000,0.00000,723.93493,0.00000 ===
151.07193|I|libbeamng.print:18052| === LSTM_TRACE t=390 v=8.17 ws=0.00,0.00,0.16,0.09 cmd=0.996,0.994,0.842,0.846 cap=3089,3082,1636,1644 des=3089,3082,1432,1439 app=3035,2918,1387,1425 abs=nil,nil,nil,nil ebrake=1.00 ibrake=1.00 hasABS=0 sy=9.83 split=1.000,0.875 ===
151.07197|I|libbeamng.print:18052| === LSTM_OBS t=390 0.00238,0.00123,0.15830,0.08583,0.21952,9.82924,0.00000,-0.00353,0.00000,0.00000,0.00154,1.00000,0.00000,0.00000,0.00000,721.99631,0.00000 ===
151.12156|I|libbeamng.print:18052| === LSTM_TRACE t=400 v=7.64 ws=0.00,0.00,1.57,0.06 cmd=0.994,0.991,0.844,0.847 cap=3084,3075,1640,1646 des=3084,3075,1435,1440 app=3028,2909,1390,1426 abs=nil,nil,nil,nil ebrake=1.00 ibrake=1.00 hasABS=0 sy=9.95 split=1.000,0.875 ===
151.12161|I|libbeamng.print:18052| === LSTM_OBS t=400 0.00142,0.00480,1.57293,0.05895,0.20058,9.94874,0.00000,0.00637,0.00000,0.00000,0.00134,1.00000,0.00000,0.00000,0.00000,726.51692,0.00000 ===
151.17106|I|libbeamng.print:18052| === LSTM_TRACE t=410 v=7.12 ws=0.01,0.00,0.89,0.05 cmd=0.993,0.992,0.844,0.845 cap=3077,3073,1639,1641 des=3077,3073,1434,1436 app=3019,2906,1390,1421 abs=nil,nil,nil,nil ebrake=1.00 ibrake=1.00 hasABS=0 sy=10.10 split=1.000,0.875 ===
151.17110|I|libbeamng.print:18052| === LSTM_OBS t=410 0.00532,0.00172,0.89280,0.04759,0.20963,10.10225,0.00000,0.00833,0.00000,0.00000,0.00134,1.00000,0.00000,0.00000,0.00000,723.89241,0.00000 ===
151.22127|I|libbeamng.print:18052| === LSTM_TRACE t=420 v=6.61 ws=0.00,0.00,0.36,0.00 cmd=0.995,0.993,0.842,0.845 cap=3084,3078,1637,1642 des=3084,3078,1432,1436 app=3025,2910,1387,1420 abs=nil,nil,nil,nil ebrake=1.00 ibrake=1.00 hasABS=0 sy=10.15 split=1.000,0.875 ===
151.22131|I|libbeamng.print:18052| === LSTM_OBS t=420 0.00001,0.00254,0.35739,0.00247,0.28248,10.14621,0.00000,0.00622,0.00000,0.00000,0.00162,1.00000,0.00000,0.00000,0.00000,726.47233,0.00000 ===
151.27104|I|libbeamng.print:18052| === LSTM_TRACE t=430 v=6.07 ws=0.00,0.00,1.77,0.03 cmd=0.993,0.990,0.842,0.844 cap=3079,3069,1636,1640 des=3079,3069,1432,1435 app=3018,2900,1387,1419 abs=nil,nil,nil,nil ebrake=1.00 ibrake=1.00 hasABS=0 sy=10.27 split=1.000,0.875 ===
151.27108|I|libbeamng.print:18052| === LSTM_OBS t=430 0.00091,0.00477,1.76617,0.02749,0.25815,10.27465,0.00000,0.01654,0.00000,0.00000,0.00176,1.00000,0.00000,0.00000,0.00000,723.15620,0.00000 ===
151.32176|I|libbeamng.print:18052| === LSTM_TRACE t=440 v=5.55 ws=0.00,0.00,0.85,0.02 cmd=0.993,0.991,0.843,0.844 cap=3077,3072,1638,1640 des=3077,3072,1433,1435 app=3014,2902,1389,1418 abs=nil,nil,nil,nil ebrake=1.00 ibrake=1.00 hasABS=0 sy=10.39 split=1.000,0.875 ===
151.32180|I|libbeamng.print:18052| === LSTM_OBS t=440 0.00120,0.00340,0.85230,0.02264,0.25387,10.38683,0.00000,0.01303,0.00000,0.00000,0.00176,1.00000,0.00000,0.00000,0.00000,728.13708,0.00000 ===
151.37108|I|libbeamng.print:18052| === LSTM_TRACE t=450 v=5.00 ws=0.00,0.02,1.71,0.01 cmd=0.992,0.989,0.841,0.842 cap=3074,3065,1636,1638 des=3074,3065,1431,1434 app=3010,2895,1387,1416 abs=nil,nil,nil,nil ebrake=1.00 ibrake=1.00 hasABS=0 sy=10.52 split=1.000,0.875 ===
151.37112|I|libbeamng.print:18052| === LSTM_OBS t=450 0.00012,0.01518,1.70872,0.01247,0.26141,10.51603,0.00000,0.02320,0.00000,0.00000,0.00183,1.00000,0.00000,0.00000,0.00000,724.14381,0.00000 ===
151.42182|I|libbeamng.print:18052| === LSTM_TRACE t=460 v=4.45 ws=0.00,0.00,1.10,0.04 cmd=0.993,0.990,0.844,0.845 cap=3076,3071,1637,1639 des=3076,3071,1432,1434 app=3010,2899,1388,1416 abs=nil,nil,nil,nil ebrake=1.00 ibrake=1.00 hasABS=0 sy=10.61 split=1.000,0.875 ===
151.42188|I|libbeamng.print:18052| === LSTM_OBS t=460 0.00113,0.00278,1.10326,0.03872,0.26086,10.60629,0.00000,0.01971,0.00000,0.00000,0.00189,1.00000,0.00000,0.00000,0.00000,727.63961,0.00000 ===
151.47121|I|libbeamng.print:18052| === LSTM_TRACE t=470 v=3.89 ws=0.00,0.00,1.67,0.01 cmd=0.991,0.989,0.842,0.843 cap=3072,3065,1637,1638 des=3072,3065,1432,1433 app=3004,2893,1389,1414 abs=nil,nil,nil,nil ebrake=1.00 ibrake=1.00 hasABS=0 sy=10.76 split=1.000,0.875 ===
151.47125|I|libbeamng.print:18052| === LSTM_OBS t=470 0.00066,0.00407,1.67409,0.00747,0.24601,10.75703,0.00000,0.02545,0.00000,0.00000,0.00216,1.00000,0.00000,0.00000,0.00000,725.18879,0.00000 ===
151.52165|I|libbeamng.print:18052| === LSTM_TRACE t=480 v=3.33 ws=0.00,0.01,2.07,0.05 cmd=0.992,0.987,0.843,0.844 cap=3076,3064,1640,1642 des=3076,3064,1435,1436 app=3007,2892,1391,1417 abs=nil,nil,nil,nil ebrake=1.00 ibrake=1.00 hasABS=0 sy=10.87 split=1.000,0.875 ===
151.52169|I|libbeamng.print:18052| === LSTM_OBS t=480 0.00081,0.00870,2.06837,0.05450,0.23498,10.86657,0.00000,0.03137,0.00000,0.00000,0.00154,1.00000,0.00000,0.00000,0.00000,727.35438,0.00000 ===
151.57157|I|libbeamng.print:18052| === LSTM_TRACE t=490 v=2.77 ws=0.00,0.00,1.21,0.06 cmd=0.992,0.989,0.841,0.842 cap=3074,3067,1638,1639 des=3074,3067,1433,1434 app=3004,2894,1390,1414 abs=nil,nil,nil,nil ebrake=1.00 ibrake=1.00 hasABS=0 sy=11.00 split=1.000,0.875 ===
151.57162|I|libbeamng.print:18052| === LSTM_OBS t=490 0.00006,0.00047,1.20724,0.05633,0.23326,11.00179,0.00000,0.03087,0.00000,0.00000,0.00142,1.00000,0.00000,0.00000,0.00000,723.32474,0.00000 ===
151.62152|I|libbeamng.print:18052| === LSTM_TRACE t=500 v=2.19 ws=0.00,0.00,1.73,0.02 cmd=0.991,0.988,0.842,0.842 cap=3072,3063,1632,1633 des=3072,3063,1428,1429 app=3001,2889,1386,1409 abs=nil,nil,nil,nil ebrake=1.00 ibrake=1.00 hasABS=0 sy=11.13 split=1.000,0.875 ===
151.62157|I|libbeamng.print:18052| === LSTM_OBS t=500 0.00495,0.00193,1.73309,0.01547,0.26949,11.13468,0.00000,0.03894,0.00000,0.00000,0.00162,1.00000,0.00000,0.00000,0.00000,724.41672,0.00000 ===
151.67106|I|libbeamng.print:18052| === LSTM_TRACE t=510 v=1.62 ws=0.00,0.00,1.37,0.09 cmd=0.993,0.990,0.840,0.841 cap=3077,3070,1634,1635 des=3077,3070,1429,1431 app=3004,2895,1387,1410 abs=nil,nil,nil,nil ebrake=1.00 ibrake=1.00 hasABS=0 sy=11.20 split=1.000,0.875 ===
151.67113|I|libbeamng.print:18052| === LSTM_OBS t=510 0.00324,0.00079,1.37363,0.08641,0.23808,11.20235,0.00000,0.02479,0.00000,0.00000,0.00192,1.00000,0.00000,0.00000,0.00000,722.36738,0.00000 ===
151.72130|I|libbeamng.print:18052| === LSTM_TRACE t=520 v=1.04 ws=0.00,0.01,0.96,0.00 cmd=0.994,0.991,0.840,0.841 cap=3081,3073,1633,1635 des=3081,3073,1429,1431 app=3007,2898,1386,1410 abs=nil,nil,nil,nil ebrake=1.00 ibrake=1.00 hasABS=0 sy=11.29 split=1.000,0.875 ===
151.72137|I|libbeamng.print:18052| === LSTM_OBS t=520 0.00097,0.00804,0.96241,0.00461,0.22274,11.28736,0.00000,0.03012,0.00000,0.00000,0.00198,1.00000,0.00000,0.00000,0.00000,724.35014,0.00000 ===
157.01386|I|libbeamng.print:18052| === LSTM_ABS: lens 'baseline_dyn' loaded (17 in, 64 hidden, 2 layers) ===
157.01598|I|libbeamng.print:18052| === LSTM_ABS SELFTEST lens=baseline_dyn cmd=0.848090,0.913097,0.917436,0.897752 ===
178.16321|I|libbeamng.print:18052| === LSTM_TRACE t=0 v=27.71 ws=27.69,27.81,27.32,27.38 cmd=0.841,0.705,0.300,0.308 cap=155,155,97,97 des=155,155,85,85 app=142,142,78,78 abs=nil,nil,nil,nil ebrake=1.00 ibrake=1.00 hasABS=0 sy=1.58 split=1.000,0.875 ===
178.16325|I|libbeamng.print:18052| === LSTM_OBS t=0 27.69351,27.80889,27.32060,27.37529,0.00999,1.57857,0.00000,-0.00642,0.00000,0.00000,0.00069,1.00000,0.00000,0.00000,0.00000,7860.34790,0.00000 ===
178.21500|I|libbeamng.print:18052| === LSTM_TRACE t=10 v=27.50 ws=26.20,26.12,27.05,27.15 cmd=0.686,0.794,0.773,0.787 cap=1910,2296,1297,1357 des=1910,2296,1135,1187 app=1760,1993,805,832 abs=nil,nil,nil,nil ebrake=1.00 ibrake=1.00 hasABS=0 sy=1.94 split=1.000,0.875 ===
178.21504|I|libbeamng.print:18052| === LSTM_OBS t=10 26.19782,26.11718,27.04877,27.15137,-0.00521,1.93699,0.00000,0.00036,0.00000,0.00000,0.00115,1.00000,0.00000,0.00000,0.00000,7816.98806,0.00000 ===
178.23489|I|libbeamng.print:18052| === LSTM_ABS DBG raw=24.9498,24.4057,26.5793,26.7007,-0.0368,2.4062,0.0000,-0.0034,0.0000,0.0000,0.0029,1.0000,0.0000,0.0000,0.0000,7758.9452,0.0000 ===
178.23495|I|libbeamng.print:18052| === LSTM_ABS DBG norm=0.52,0.49,0.57,0.58,0.02,-2.17,0.00,-0.01,-0.03,-0.05,-0.00,0.50,-0.01,0.00,0.00,1.76,0.00 ===
178.23495|I|libbeamng.print:18052| === LSTM_ABS DBG cmd=0.7657,0.7863,0.8746,0.8677 ===
178.26516|I|libbeamng.print:18052| === LSTM_TRACE t=20 v=26.99 ws=23.92,23.47,25.84,25.92 cmd=0.803,0.791,0.864,0.861 cap=2484,2452,1691,1684 des=2484,2452,1480,1474 app=2326,2296,1385,1379 abs=nil,nil,nil,nil ebrake=1.00 ibrake=1.00 hasABS=0 sy=3.46 split=1.000,0.875 ===
178.26519|I|libbeamng.print:18052| === LSTM_OBS t=20 23.91995,23.47025,25.84374,25.91511,-0.03979,3.45619,0.00000,-0.00651,0.00000,0.00000,0.00239,1.00000,0.00000,0.00000,0.00000,7594.69597,0.00000 ===
178.31457|I|libbeamng.print:18052| === LSTM_TRACE t=30 v=26.48 ws=22.48,22.84,24.45,24.87 cmd=0.817,0.807,0.817,0.825 cap=2497,2467,1609,1621 des=2497,2467,1408,1419 app=2368,2339,1337,1347 abs=nil,nil,nil,nil ebrake=1.00 ibrake=1.00 hasABS=0 sy=5.38 split=1.000,0.875 ===
178.31461|I|libbeamng.print:18052| === LSTM_OBS t=30 22.48409,22.83788,24.44644,24.86925,0.01898,5.37896,0.00000,0.00032,0.00000,0.00000,0.00169,1.00000,0.00000,0.00000,0.00000,7253.08881,0.00000 ===
178.36469|I|libbeamng.print:18052| === LSTM_TRACE t=40 v=25.90 ws=21.16,22.89,23.38,24.18 cmd=0.769,0.779,0.807,0.817 cap=2534,2550,1544,1564 des=2534,2550,1351,1369 app=2426,2442,1295,1313 abs=nil,nil,nil,nil ebrake=1.00 ibrake=1.00 hasABS=0 sy=6.98 split=1.000,0.875 ===
178.36472|I|libbeamng.print:18052| === LSTM_OBS t=40 21.15849,22.89136,23.37863,24.17555,0.00305,6.97546,0.00000,-0.01276,0.00000,0.00000,0.00265,1.00000,0.00000,0.00000,0.00000,6951.08217,0.00000 ===
178.41453|I|libbeamng.print:18052| === LSTM_TRACE t=50 v=25.29 ws=20.14,23.09,22.53,23.60 cmd=0.746,0.796,0.801,0.805 cap=2453,2573,1534,1545 des=2453,2573,1342,1352 app=2366,2484,1295,1306 abs=nil,nil,nil,nil ebrake=1.00 ibrake=1.00 hasABS=0 sy=8.37 split=1.000,0.875 ===
178.41462|I|libbeamng.print:18052| === LSTM_OBS t=50 20.13812,23.08918,22.53360,23.60482,0.00426,8.36737,0.00000,-0.02945,0.00000,0.00000,0.00285,1.00000,0.00000,0.00000,0.00000,6713.65823,0.00000 ===
178.46506|I|libbeamng.print:18052| === LSTM_TRACE t=60 v=24.69 ws=19.44,22.82,21.76,22.98 cmd=0.786,0.823,0.790,0.783 cap=2406,2566,1508,1497 des=2406,2566,1320,1310 app=2333,2494,1280,1272 abs=nil,nil,nil,nil ebrake=1.00 ibrake=1.00 hasABS=0 sy=9.46 split=1.000,0.875 ===
178.46510|I|libbeamng.print:18052| === LSTM_OBS t=60 19.44233,22.82389,21.75855,22.97502,0.06517,9.46082,0.00000,-0.02688,0.00000,0.00000,0.00326,1.00000,0.00000,0.00000,0.00000,6498.14769,0.00000 ===
178.51462|I|libbeamng.print:18052| === LSTM_TRACE t=70 v=24.08 ws=18.64,21.97,21.08,22.02 cmd=0.758,0.804,0.815,0.804 cap=2338,2471,1608,1586 des=2338,2471,1407,1388 app=2277,2414,1371,1354 abs=nil,nil,nil,nil ebrake=1.00 ibrake=1.00 hasABS=0 sy=10.22 split=1.000,0.875 ===
178.51466|I|libbeamng.print:18052| === LSTM_OBS t=70 18.63834,21.96934,21.07717,22.02248,0.08840,10.22002,0.00000,-0.03532,0.00000,0.00000,0.00354,1.00000,0.00000,0.00000,0.00000,6281.78134,0.00000 ===
178.56457|I|libbeamng.print:18052| === LSTM_TRACE t=80 v=23.50 ws=17.67,20.89,20.41,21.13 cmd=0.699,0.739,0.843,0.831 cap=2378,2513,1619,1592 des=2378,2513,1417,1393 app=2323,2465,1385,1363 abs=nil,nil,nil,nil ebrake=1.00 ibrake=1.00 hasABS=0 sy=10.74 split=1.000,0.875 ===
178.56461|I|libbeamng.print:18052| === LSTM_OBS t=80 17.67355,20.89309,20.41222,21.13080,0.14681,10.74462,0.00000,-0.04286,0.00000,0.00000,0.00401,1.00000,0.00000,0.00000,0.00000,6053.25040,0.00000 ===
178.61442|I|libbeamng.print:18052| === LSTM_TRACE t=90 v=22.90 ws=16.77,19.79,19.57,20.12 cmd=0.688,0.736,0.855,0.843 cap=2224,2375,1687,1665 des=2224,2375,1476,1457 app=2178,2336,1447,1430 abs=nil,nil,nil,nil ebrake=1.00 ibrake=1.00 hasABS=0 sy=11.05 split=1.000,0.875 ===
178.61446|I|libbeamng.print:18052| === LSTM_OBS t=90 16.77487,19.79492,19.56996,20.11736,0.18726,11.04631,0.00000,-0.03205,0.00000,0.00000,0.00265,1.00000,0.00000,0.00000,0.00000,5809.97741,0.00000 ===
178.66451|I|libbeamng.print:18052| === LSTM_TRACE t=100 v=22.33 ws=16.34,18.95,18.76,19.04 cmd=0.745,0.777,0.838,0.824 cap=2225,2286,1700,1693 des=2225,2286,1488,1482 app=2184,2253,1461,1457 abs=nil,nil,nil,nil ebrake=1.00 ibrake=1.00 hasABS=0 sy=11.20 split=1.000,0.875 ===
178.66455|I|libbeamng.print:18052| === LSTM_OBS t=100 16.33849,18.94751,18.76484,19.03798,0.24798,11.20330,0.00000,-0.03446,0.00000,0.00000,0.00315,1.00000,0.00000,0.00000,0.00000,5560.18532,0.00000 ===
178.71596|I|libbeamng.print:18052| === LSTM_TRACE t=110 v=21.76 ws=15.81,18.17,18.18,18.19 cmd=0.685,0.694,0.905,0.894 cap=2607,2641,1672,1641 des=2607,2641,1463,1436 app=2552,2607,1440,1414 abs=nil,nil,nil,nil ebrake=1.00 ibrake=1.00 hasABS=0 sy=11.29 split=1.000,0.875 ===
178.71602|I|libbeamng.print:18052| === LSTM_OBS t=110 15.80933,18.17495,18.17744,18.18707,0.31048,11.29227,0.00000,-0.03615,0.00000,0.00000,0.00441,1.00000,0.00000,0.00000,0.00000,5310.78068,0.00000 ===
178.76457|I|libbeamng.print:18052| === LSTM_TRACE t=120 v=21.17 ws=15.05,17.50,17.37,17.22 cmd=0.752,0.769,0.878,0.865 cap=2258,2317,1677,1651 des=2258,2317,1468,1444 app=2222,2291,1446,1424 abs=nil,nil,nil,nil ebrake=1.00 ibrake=1.00 hasABS=0 sy=11.37 split=1.000,0.875 ===
178.76461|I|libbeamng.print:18052| === LSTM_OBS t=120 15.04940,17.49863,17.36983,17.22009,0.35811,11.36610,0.00000,-0.03022,0.00000,0.00000,0.00354,1.00000,0.00000,0.00000,0.00000,5065.18619,0.00000 ===
178.81472|I|libbeamng.print:18052| === LSTM_TRACE t=130 v=20.60 ws=13.96,16.70,16.72,16.22 cmd=0.647,0.635,0.866,0.853 cap=2119,2099,1700,1700 des=2119,2099,1488,1488 app=2088,2077,1467,1468 abs=nil,nil,nil,nil ebrake=1.00 ibrake=1.00 hasABS=0 sy=11.42 split=1.000,0.875 ===
178.81477|I|libbeamng.print:18052| === LSTM_OBS t=130 13.96275,16.70128,16.72356,16.22152,0.40580,11.41983,0.00000,-0.04013,0.00000,0.00000,0.00274,1.00000,0.00000,0.00000,0.00000,4819.20818,0.00000 ===
178.86456|I|libbeamng.print:18052| === LSTM_TRACE t=140 v=20.02 ws=12.95,16.74,15.83,15.07 cmd=0.767,0.733,0.858,0.837 cap=2574,2524,1514,1463 des=2574,2524,1325,1280 app=2338,2407,1308,1264 abs=nil,nil,nil,nil ebrake=1.00 ibrake=1.00 hasABS=0 sy=11.48 split=1.000,0.875 ===
178.86465|I|libbeamng.print:18052| === LSTM_OBS t=140 12.95217,16.74287,15.83266,15.06530,0.44754,11.47538,0.00000,-0.04103,0.00000,0.00000,0.00350,1.00000,0.00000,0.00000,0.00000,4583.56006,0.00000 ===
178.91477|I|libbeamng.print:18052| === LSTM_TRACE t=150 v=19.45 ws=11.15,16.47,14.22,13.28 cmd=0.612,0.627,0.865,0.831 cap=2644,2588,1510,1422 des=2644,2588,1321,1244 app=2608,2565,1305,1229 abs=nil,nil,nil,nil ebrake=1.00 ibrake=1.00 hasABS=0 sy=11.49 split=1.000,0.875 ===
178.91483|I|libbeamng.print:18052| === LSTM_OBS t=150 11.14724,16.46543,14.21760,13.27704,0.48912,11.49074,0.00000,-0.03898,0.00000,0.00000,0.00224,1.00000,0.00000,0.00000,0.00000,4380.16059,0.00000 ===
178.96547|I|libbeamng.print:18052| === LSTM_TRACE t=160 v=18.87 ws=8.87,16.79,12.91,11.74 cmd=0.745,0.807,0.666,0.596 cap=1809,1965,1082,950 des=1809,1965,946,832 app=1785,1950,1070,967 abs=nil,nil,nil,nil ebrake=1.00 ibrake=1.00 hasABS=0 sy=11.44 split=1.000,0.875 ===
178.96551|I|libbeamng.print:18052| === LSTM_OBS t=160 8.87066,16.78742,12.90569,11.73683,0.51340,11.43930,0.00000,-0.03530,0.00000,0.00000,0.00162,1.00000,0.00000,0.00000,0.00000,4213.41656,0.00000 ===
179.01445|I|libbeamng.print:18052| === LSTM_TRACE t=170 v=18.32 ws=8.27,17.01,11.57,10.77 cmd=0.865,0.874,0.386,0.308 cap=1597,1981,1330,1153 des=1597,1981,1164,1009 app=1575,1966,1149,995 abs=nil,nil,nil,nil ebrake=1.00 ibrake=1.00 hasABS=0 sy=11.40 split=1.000,0.875 ===
179.01449|I|libbeamng.print:18052| === LSTM_OBS t=170 8.27354,17.01336,11.57483,10.76759,0.56345,11.40407,0.00000,-0.05530,0.00000,0.00000,0.00254,1.00000,0.00000,0.00000,0.00000,4106.46436,0.00000 ===
179.06460|I|libbeamng.print:18052| === LSTM_TRACE t=180 v=17.78 ws=7.97,16.10,10.62,9.98 cmd=0.806,0.851,0.380,0.302 cap=1343,1690,1280,1104 des=1343,1690,1120,966 app=1554,1695,1104,952 abs=nil,nil,nil,nil ebrake=1.00 ibrake=1.00 hasABS=0 sy=11.32 split=1.000,0.875 ===
179.06464|I|libbeamng.print:18052| === LSTM_OBS t=180 7.97167,16.09817,10.62356,9.97601,0.60137,11.31831,0.00000,-0.08585,0.00000,0.00000,0.00274,1.00000,0.00000,0.00000,0.00000,4037.94573,0.00000 ===
179.11452|I|libbeamng.print:18052| === LSTM_TRACE t=190 v=17.23 ws=7.98,15.87,10.28,10.06 cmd=0.678,0.669,0.591,0.487 cap=2157,2271,934,743 des=2157,2271,817,650 app=2126,2257,805,640 abs=nil,nil,nil,nil ebrake=1.00 ibrake=1.00 hasABS=0 sy=11.23 split=1.000,0.875 ===
179.11457|I|libbeamng.print:18052| === LSTM_OBS t=190 7.98270,15.86963,10.28329,10.05960,0.63105,11.23199,0.00000,-0.07078,0.00000,0.00000,0.00401,1.00000,0.00000,0.00000,0.00000,3986.28415,0.00000 ===
179.16516|I|libbeamng.print:18052| === LSTM_TRACE t=200 v=16.69 ws=8.49,15.45,8.94,9.33 cmd=0.601,0.707,0.648,0.514 cap=2566,2645,975,733 des=2566,2645,853,641 app=2402,2601,839,630 abs=nil,nil,nil,nil ebrake=1.00 ibrake=1.00 hasABS=0 sy=11.14 split=1.000,0.875 ===
179.16522|I|libbeamng.print:18052| === LSTM_OBS t=200 8.48855,15.44826,8.93953,9.33448,0.68060,11.13987,0.00000,-0.08735,0.00000,0.00000,0.00395,1.00000,0.00000,0.00000,0.00000,3941.10622,0.00000 ===
179.21496|I|libbeamng.print:18052| === LSTM_TRACE t=210 v=16.14 ws=5.63,10.37,7.69,9.91 cmd=0.618,0.742,0.847,0.721 cap=2313,2694,1577,1288 des=2313,2694,1380,1127 app=2277,2679,1357,1106 abs=nil,nil,nil,nil ebrake=1.00 ibrake=1.00 hasABS=0 sy=11.08 split=1.000,0.875 ===
179.21504|I|libbeamng.print:18052| === LSTM_OBS t=210 5.63293,10.36875,7.69300,9.90821,0.70191,11.07887,0.00000,-0.09057,0.00000,0.00000,0.00445,1.00000,0.00000,0.00000,0.00000,3849.93430,0.00000 ===
179.26498|I|libbeamng.print:18052| === LSTM_TRACE t=220 v=15.65 ws=5.34,7.58,5.78,10.37 cmd=0.568,0.589,0.895,0.836 cap=2271,2255,1664,1517 des=2271,2255,1456,1327 app=2165,2241,1431,1303 abs=nil,nil,nil,nil ebrake=1.00 ibrake=1.00 hasABS=0 sy=10.87 split=1.000,0.875 ===
179.26512|I|libbeamng.print:18052| === LSTM_OBS t=220 5.33515,7.58112,5.78166,10.37351,0.60112,10.87488,0.00000,-0.09681,0.00000,0.00000,0.00490,1.00000,0.00000,0.00000,0.00000,3649.49821,0.00000 ===
179.31481|I|libbeamng.print:18052| === LSTM_TRACE t=230 v=15.15 ws=5.82,6.44,4.32,10.60 cmd=0.629,0.708,0.880,0.825 cap=1425,1555,1700,1657 des=1425,1555,1488,1450 app=1622,1609,1460,1424 abs=nil,nil,nil,nil ebrake=1.00 ibrake=1.00 hasABS=0 sy=10.52 split=1.000,0.875 ===
179.31489|I|libbeamng.print:18052| === LSTM_OBS t=230 5.81993,6.43829,4.32210,10.59659,0.55715,10.51818,0.00000,-0.09444,0.00000,0.00000,0.00350,1.00000,0.00000,0.00000,0.00000,3399.50131,0.00000 ===
179.36425|I|libbeamng.print:18052| === LSTM_TRACE t=240 v=14.64 ws=6.09,5.52,3.43,10.52 cmd=0.695,0.683,0.866,0.812 cap=1800,1809,1700,1604 des=1800,1809,1488,1403 app=1769,1796,1458,1379 abs=nil,nil,nil,nil ebrake=1.00 ibrake=1.00 hasABS=0 sy=10.36 split=1.000,0.875 ===
179.36429|I|libbeamng.print:18052| === LSTM_OBS t=240 6.09059,5.51513,3.43066,10.51706,0.62005,10.35677,0.00000,-0.09192,0.00000,0.00000,0.00372,1.00000,0.00000,0.00000,0.00000,3168.66192,0.00000 ===
179.41513|I|libbeamng.print:18052| === LSTM_TRACE t=250 v=14.10 ws=6.43,4.04,2.58,10.47 cmd=0.639,0.611,0.865,0.822 cap=1791,2032,1696,1613 des=1791,2032,1484,1411 app=1760,2016,1453,1387 abs=nil,nil,nil,nil ebrake=1.00 ibrake=1.00 hasABS=0 sy=10.43 split=1.000,0.875 ===
179.41517|I|libbeamng.print:18052| === LSTM_OBS t=250 6.43077,4.04427,2.57721,10.47286,0.68192,10.42890,0.00000,-0.08596,0.00000,0.00000,0.00270,1.00000,0.00000,0.00000,0.00000,2957.48424,0.00000 ===
179.46465|I|libbeamng.print:18052| === LSTM_TRACE t=260 v=13.56 ws=6.10,3.63,2.13,9.94 cmd=0.477,0.651,0.918,0.895 cap=2110,2229,1700,1695 des=2110,2229,1488,1483 app=2126,2209,1454,1458 abs=nil,nil,nil,nil ebrake=1.00 ibrake=1.00 hasABS=0 sy=10.49 split=1.000,0.875 ===
179.46471|I|libbeamng.print:18052| === LSTM_OBS t=260 6.10376,3.63400,2.12971,9.93563,0.73683,10.49260,0.00000,-0.07846,0.00000,0.00000,0.00204,1.00000,0.00000,0.00000,0.00000,2741.89272,0.00000 ===
179.51487|I|libbeamng.print:18052| === LSTM_TRACE t=270 v=13.03 ws=6.95,1.27,1.94,8.92 cmd=0.596,0.516,0.881,0.859 cap=1708,1529,1700,1691 des=1708,1529,1488,1480 app=1766,1781,1452,1455 abs=nil,nil,nil,nil ebrake=1.00 ibrake=1.00 hasABS=0 sy=10.50 split=1.000,0.875 ===
179.51491|I|libbeamng.print:18052| === LSTM_OBS t=270 6.94618,1.27293,1.94279,8.92212,0.77337,10.50198,0.00000,-0.05685,0.00000,0.00000,0.00372,1.00000,0.00000,0.00000,0.00000,2522.36002,0.00000 ===
179.56486|I|libbeamng.print:18052| === LSTM_TRACE t=280 v=12.53 ws=7.57,0.19,1.91,8.62 cmd=0.748,0.729,0.837,0.826 cap=1767,1792,1700,1693 des=1767,1792,1488,1481 app=1734,1771,1450,1457 abs=nil,nil,nil,nil ebrake=1.00 ibrake=1.00 hasABS=0 sy=10.47 split=1.000,0.875 ===
179.56490|I|libbeamng.print:18052| === LSTM_OBS t=280 7.57147,0.19441,1.91250,8.62211,0.77131,10.47142,0.00000,-0.06180,0.00000,0.00000,0.00462,1.00000,0.00000,0.00000,0.00000,2301.65730,0.00000 ===
179.61476|I|libbeamng.print:18052| === LSTM_TRACE t=290 v=11.99 ws=7.15,0.09,1.77,7.08 cmd=0.834,0.761,0.842,0.834 cap=2414,2270,1618,1608 des=2414,2270,1415,1407 app=2148,2129,1378,1383 abs=nil,nil,nil,nil ebrake=1.00 ibrake=1.00 hasABS=0 sy=10.55 split=1.000,0.875 ===
179.61480|I|libbeamng.print:18052| === LSTM_OBS t=290 7.14526,0.08739,1.77283,7.07972,0.72030,10.54635,0.00000,-0.04783,0.00000,0.00000,0.00401,1.00000,0.00000,0.00000,0.00000,2093.11753,0.00000 ===
179.66482|I|libbeamng.print:18052| === LSTM_TRACE t=300 v=11.46 ws=6.27,0.04,1.89,5.68 cmd=0.717,0.766,0.848,0.846 cap=2072,2297,1634,1636 des=2072,2297,1430,1431 app=2033,2264,1390,1406 abs=nil,nil,nil,nil ebrake=1.00 ibrake=1.00 hasABS=0 sy=10.58 split=1.000,0.875 ===
179.66486|I|libbeamng.print:18052| === LSTM_OBS t=300 6.27200,0.03640,1.89136,5.67909,0.75667,10.57722,0.00000,-0.04498,0.00000,0.00000,0.00427,1.00000,0.00000,0.00000,0.00000,1886.05239,0.00000 ===
179.71474|I|libbeamng.print:18052| === LSTM_TRACE t=310 v=10.90 ws=5.79,0.17,2.30,4.68 cmd=0.833,0.743,0.781,0.777 cap=2416,2193,1534,1531 des=2416,2193,1343,1339 app=2206,2001,1304,1315 abs=nil,nil,nil,nil ebrake=1.00 ibrake=1.00 hasABS=0 sy=10.60 split=1.000,0.875 ===
179.71482|I|libbeamng.print:18052| === LSTM_OBS t=310 5.78526,0.16575,2.30464,4.68437,0.75497,10.59665,0.00000,-0.02483,0.00000,0.00000,0.00192,1.00000,0.00000,0.00000,0.00000,1677.79567,0.00000 ===
179.76574|I|libbeamng.print:18052| === LSTM_TRACE t=320 v=10.37 ws=5.00,0.06,2.74,3.84 cmd=0.682,0.570,0.807,0.805 cap=2265,1924,1567,1562 des=2265,1924,1371,1366 app=2222,1892,1331,1340 abs=nil,nil,nil,nil ebrake=1.00 ibrake=1.00 hasABS=0 sy=10.63 split=1.000,0.875 ===
179.76581|I|libbeamng.print:18052| === LSTM_OBS t=320 4.99770,0.05647,2.74049,3.84390,0.78128,10.63328,0.00000,-0.03758,0.00000,0.00000,0.00069,1.00000,0.00000,0.00000,0.00000,1483.71927,0.00000 ===
179.81473|I|libbeamng.print:18052| === LSTM_TRACE t=330 v=9.83 ws=4.15,0.07,2.54,3.26 cmd=0.786,0.637,0.804,0.809 cap=2067,1709,1619,1621 des=2067,1709,1417,1419 app=2027,1678,1373,1390 abs=nil,nil,nil,nil ebrake=1.00 ibrake=1.00 hasABS=0 sy=10.62 split=1.000,0.875 ===
179.81477|I|libbeamng.print:18052| === LSTM_OBS t=330 4.15111,0.06798,2.53972,3.26235,0.74225,10.62416,0.00000,-0.01353,0.00000,0.00000,0.00210,1.00000,0.00000,0.00000,0.00000,1296.82363,0.00000 ===
179.86495|I|libbeamng.print:18052| === LSTM_TRACE t=340 v=9.34 ws=2.20,0.05,1.31,2.06 cmd=0.570,0.673,0.847,0.853 cap=1934,1975,1648,1657 des=1934,1975,1442,1450 app=2074,1986,1397,1419 abs=nil,nil,nil,nil ebrake=1.00 ibrake=1.00 hasABS=0 sy=10.61 split=1.000,0.875 ===
179.86503|I|libbeamng.print:18052| === LSTM_OBS t=340 2.19932,0.04516,1.31449,2.05527,0.67005,10.61107,0.00000,-0.03746,0.00000,0.00000,0.00249,1.00000,0.00000,0.00000,0.00000,1104.26095,0.00000 ===
179.91484|I|libbeamng.print:18052| === LSTM_TRACE t=350 v=8.85 ws=0.18,0.02,1.26,0.32 cmd=0.986,0.994,0.883,0.884 cap=3036,3070,1700,1700 des=3036,3070,1488,1488 app=2971,3005,1440,1454 abs=nil,nil,nil,nil ebrake=1.00 ibrake=1.00 hasABS=0 sy=10.45 split=1.000,0.875 ===
179.91489|I|libbeamng.print:18052| === LSTM_OBS t=350 0.17725,0.02130,1.25688,0.31859,0.67675,10.44546,0.00000,-0.02162,0.00000,0.00000,0.00842,1.00000,0.00000,0.00000,0.00000,901.84348,0.00000 ===
179.96486|I|libbeamng.print:18052| === LSTM_TRACE t=360 v=8.37 ws=0.11,0.04,0.15,0.06 cmd=0.996,0.998,0.877,0.879 cap=3085,3094,1700,1700 des=3085,3094,1488,1488 app=3015,3025,1438,1451 abs=nil,nil,nil,nil ebrake=1.00 ibrake=1.00 hasABS=0 sy=10.19 split=1.000,0.875 ===
179.96490|I|libbeamng.print:18052| === LSTM_OBS t=360 0.10955,0.04089,0.14947,0.06032,0.66958,10.18877,0.00000,-0.02998,0.00000,0.00000,0.00301,1.00000,0.00000,0.00000,0.00000,753.21658,0.00000 ===
180.01557|I|libbeamng.print:18052| === LSTM_TRACE t=370 v=7.87 ws=0.04,0.02,0.19,0.00 cmd=0.996,0.999,0.882,0.883 cap=3089,3095,1700,1700 des=3089,3095,1488,1488 app=3014,3022,1436,1449 abs=nil,nil,nil,nil ebrake=1.00 ibrake=1.00 hasABS=0 sy=10.08 split=1.000,0.875 ===
180.01561|I|libbeamng.print:18052| === LSTM_OBS t=370 0.03578,0.02033,0.19362,0.00205,0.65684,10.07685,0.00000,-0.02662,0.00000,0.00000,0.00239,1.00000,0.00000,0.00000,0.00000,729.79574,0.00000 ===
180.06419|I|libbeamng.print:18052| === LSTM_TRACE t=380 v=7.35 ws=0.01,0.01,1.43,0.01 cmd=0.995,0.998,0.886,0.885 cap=3087,3094,1700,1700 des=3087,3094,1488,1488 app=3008,3017,1435,1446 abs=nil,nil,nil,nil ebrake=1.00 ibrake=1.00 hasABS=0 sy=10.08 split=1.000,0.875 ===
180.06423|I|libbeamng.print:18052| === LSTM_OBS t=380 0.00629,0.00669,1.43067,0.01387,0.58897,10.08097,0.00000,-0.01711,0.00000,0.00000,0.00239,1.00000,0.00000,0.00000,0.00000,726.42756,0.00000 ===
180.11472|I|libbeamng.print:18052| === LSTM_TRACE t=390 v=6.83 ws=0.02,0.00,1.28,0.07 cmd=0.995,0.998,0.870,0.872 cap=3084,3092,1696,1697 des=3084,3092,1484,1485 app=3002,3012,1430,1442 abs=nil,nil,nil,nil ebrake=1.00 ibrake=1.00 hasABS=0 sy=10.19 split=1.000,0.875 ===
180.11476|I|libbeamng.print:18052| === LSTM_OBS t=390 0.01696,0.00064,1.27841,0.06923,0.55254,10.18761,0.00000,-0.01073,0.00000,0.00000,0.00293,1.00000,0.00000,0.00000,0.00000,727.42354,0.00000 ===
180.16463|I|libbeamng.print:18052| === LSTM_TRACE t=400 v=6.31 ws=0.00,0.01,0.82,0.04 cmd=0.995,0.998,0.871,0.874 cap=3085,3093,1687,1693 des=3085,3093,1476,1481 app=2999,3009,1422,1436 abs=nil,nil,nil,nil ebrake=1.00 ibrake=1.00 hasABS=0 sy=10.20 split=1.000,0.875 ===
180.16467|I|libbeamng.print:18052| === LSTM_OBS t=400 0.00468,0.01221,0.81540,0.04080,0.62443,10.20078,0.00000,-0.01668,0.00000,0.00000,0.00318,1.00000,0.00000,0.00000,0.00000,727.64163,0.00000 ===
180.21597|I|libbeamng.print:18052| === LSTM_TRACE t=410 v=5.77 ws=0.00,0.01,1.68,0.01 cmd=0.993,0.997,0.875,0.875 cap=3078,3090,1700,1700 des=3078,3090,1488,1488 app=2988,3002,1432,1441 abs=nil,nil,nil,nil ebrake=1.00 ibrake=1.00 hasABS=0 sy=10.33 split=1.000,0.875 ===
180.21601|I|libbeamng.print:18052| === LSTM_OBS t=410 0.00276,0.00650,1.67658,0.00639,0.58655,10.32614,0.00000,-0.00442,0.00000,0.00000,0.00305,1.00000,0.00000,0.00000,0.00000,727.58640,0.00000 ===
180.26761|I|libbeamng.print:18052| === LSTM_TRACE t=420 v=5.25 ws=0.01,0.00,1.26,0.05 cmd=0.993,0.997,0.872,0.873 cap=3081,3091,1689,1692 des=3081,3091,1477,1481 app=2987,3001,1422,1433 abs=nil,nil,nil,nil ebrake=1.00 ibrake=1.00 hasABS=0 sy=10.37 split=1.000,0.875 ===
180.26766|I|libbeamng.print:18052| === LSTM_OBS t=420 0.00609,0.00083,1.26455,0.05007,0.60282,10.37177,0.00000,-0.00884,0.00000,0.00000,0.00307,1.00000,0.00000,0.00000,0.00000,727.27004,0.00000 ===
180.31489|I|libbeamng.print:18052| === LSTM_TRACE t=430 v=4.70 ws=0.00,0.00,1.66,0.01 cmd=0.991,0.996,0.871,0.871 cap=3073,3087,1693,1693 des=3073,3087,1482,1481 app=2976,2994,1426,1431 abs=nil,nil,nil,nil ebrake=1.00 ibrake=1.00 hasABS=0 sy=10.50 split=1.000,0.875 ===
180.31495|I|libbeamng.print:18052| === LSTM_OBS t=430 0.00498,0.00397,1.66034,0.01202,0.59148,10.50165,0.00000,0.00352,0.00000,0.00000,0.00307,1.00000,0.00000,0.00000,0.00000,725.52020,0.00000 ===
180.36463|I|libbeamng.print:18052| === LSTM_TRACE t=440 v=4.15 ws=0.01,0.01,2.04,0.08 cmd=0.990,0.995,0.876,0.875 cap=3070,3086,1700,1700 des=3070,3086,1488,1487 app=2970,2989,1431,1436 abs=nil,nil,nil,nil ebrake=1.00 ibrake=1.00 hasABS=0 sy=10.58 split=1.000,0.875 ===
180.36469|I|libbeamng.print:18052| === LSTM_OBS t=440 0.00891,0.00663,2.04420,0.08174,0.60983,10.58190,0.00000,0.01062,0.00000,0.00000,0.00265,1.00000,0.00000,0.00000,0.00000,726.39639,0.00000 ===
180.41473|I|libbeamng.print:18052| === LSTM_TRACE t=450 v=3.61 ws=0.02,0.01,1.22,0.07 cmd=0.991,0.996,0.865,0.864 cap=3071,3086,1683,1680 des=3071,3086,1472,1470 app=2968,2986,1416,1418 abs=nil,nil,nil,nil ebrake=1.00 ibrake=1.00 hasABS=0 sy=10.72 split=1.000,0.875 ===
180.41477|I|libbeamng.print:18052| === LSTM_OBS t=450 0.01760,0.01040,1.22402,0.07379,0.62772,10.71795,0.00000,0.01459,0.00000,0.00000,0.00229,1.00000,0.00000,0.00000,0.00000,725.99323,0.00000 ===
180.46486|I|libbeamng.print:18052| === LSTM_TRACE t=460 v=3.04 ws=0.01,0.01,1.74,0.01 cmd=0.988,0.994,0.868,0.865 cap=3064,3081,1689,1683 des=3064,3081,1478,1473 app=2958,2980,1422,1419 abs=nil,nil,nil,nil ebrake=1.00 ibrake=1.00 hasABS=0 sy=10.86 split=1.000,0.875 ===
180.46490|I|libbeamng.print:18052| === LSTM_OBS t=460 0.00593,0.00548,1.73966,0.00767,0.69900,10.85992,0.00000,0.02605,0.00000,0.00000,0.00301,1.00000,0.00000,0.00000,0.00000,727.76017,0.00000 ===
180.51478|I|libbeamng.print:18052| === LSTM_TRACE t=470 v=2.48 ws=0.00,0.00,1.95,0.01 cmd=0.987,0.994,0.871,0.869 cap=3062,3082,1687,1685 des=3062,3082,1476,1474 app=2953,2977,1419,1420 abs=nil,nil,nil,nil ebrake=1.00 ibrake=1.00 hasABS=0 sy=10.92 split=1.000,0.875 ===
180.51482|I|libbeamng.print:18052| === LSTM_OBS t=470 0.00184,0.00125,1.95195,0.00753,0.69030,10.92230,0.00000,0.02147,0.00000,0.00000,0.00367,1.00000,0.00000,0.00000,0.00000,728.49924,0.00000 ===
180.56470|I|libbeamng.print:18052| === LSTM_TRACE t=480 v=1.91 ws=0.01,0.01,1.42,0.01 cmd=0.988,0.994,0.862,0.860 cap=3060,3080,1679,1674 des=3060,3080,1469,1465 app=2949,2973,1413,1410 abs=nil,nil,nil,nil ebrake=1.00 ibrake=1.00 hasABS=0 sy=11.08 split=1.000,0.875 ===
180.56478|I|libbeamng.print:18052| === LSTM_OBS t=480 0.00691,0.00719,1.42392,0.01414,0.72264,11.08033,0.00000,0.04066,0.00000,0.00000,0.00357,1.00000,0.00000,0.00000,0.00000,729.93237,0.00000 ===
180.61468|I|libbeamng.print:18052| === LSTM_TRACE t=490 v=1.35 ws=0.00,0.00,0.99,0.04 cmd=0.988,0.994,0.861,0.861 cap=3064,3082,1672,1671 des=3064,3082,1463,1462 app=2950,2973,1407,1406 abs=nil,nil,nil,nil ebrake=1.00 ibrake=1.00 hasABS=0 sy=11.15 split=1.000,0.875 ===
180.61472|I|libbeamng.print:18052| === LSTM_OBS t=490 0.00412,0.00355,0.98538,0.03835,0.76516,11.14924,0.00000,0.04479,0.00000,0.00000,0.00326,1.00000,0.00000,0.00000,0.00000,728.32349,0.00000 ===
180.67120|I|libbeamng.print:18052| === LSTM_TRACE t=500 v=0.78 ws=0.01,0.01,0.34,0.33 cmd=0.989,0.995,0.863,0.866 cap=3064,3085,1677,1681 des=3064,3085,1467,1471 app=2948,2973,1410,1414 abs=nil,nil,nil,nil ebrake=1.00 ibrake=1.00 hasABS=0 sy=11.18 split=1.000,0.875 ===
180.67125|I|libbeamng.print:18052| === LSTM_OBS t=500 0.01308,0.00679,0.33663,0.32966,0.74183,11.18403,0.00000,0.03822,0.00000,0.00000,0.00311,1.00000,0.00000,0.00000,0.00000,727.98850,0.00000 ===
210.62377|I|libbeamng.print:18052| === LSTM_TRACE t=0 v=27.71 ws=27.67,27.76,27.30,27.37 cmd=0.841,0.704,0.301,0.309 cap=155,155,97,97 des=155,155,85,85 app=147,147,81,81 abs=nil,nil,nil,nil ebrake=1.00 ibrake=1.00 hasABS=0 sy=1.57 split=1.000,0.875 ===
210.62382|I|libbeamng.print:18052| === LSTM_OBS t=0 27.67211,27.76008,27.30357,27.36795,0.00268,1.56739,0.00000,-0.00334,0.00000,0.00000,0.00049,1.00000,0.00000,0.00000,0.00000,7857.01879,0.00000 ===
210.67439|I|libbeamng.print:18052| === LSTM_TRACE t=10 v=27.47 ws=26.05,26.01,27.08,27.11 cmd=0.677,0.786,0.787,0.798 cap=1939,2316,1331,1381 des=1939,2316,1165,1208 app=1844,2077,849,873 abs=nil,nil,nil,nil ebrake=1.00 ibrake=1.00 hasABS=0 sy=1.95 split=1.000,0.875 ===
210.67448|I|libbeamng.print:18052| === LSTM_OBS t=10 26.04878,26.01104,27.07955,27.10924,0.01973,1.95020,0.00000,0.00430,0.00000,0.00000,0.00142,1.00000,0.00000,0.00000,0.00000,7813.18711,0.00000 ===
210.69417|I|libbeamng.print:18052| === LSTM_ABS DBG raw=24.7830,24.0787,26.6341,26.7276,0.0003,2.4635,0.0000,-0.0026,0.0000,0.0000,0.0026,1.0000,0.0000,0.0000,0.0000,7753.0853,0.0000 ===
210.69421|I|libbeamng.print:18052| === LSTM_ABS DBG norm=0.51,0.47,0.58,0.58,0.04,-2.16,0.00,-0.00,-0.03,-0.05,-0.01,0.50,-0.01,0.00,0.00,1.76,0.00 ===
210.69422|I|libbeamng.print:18052| === LSTM_ABS DBG cmd=0.7517,0.7695,0.8790,0.8718 ===
210.72366|I|libbeamng.print:18052| === LSTM_TRACE t=20 v=26.97 ws=23.65,22.98,25.76,25.73 cmd=0.796,0.786,0.871,0.868 cap=2401,2386,1700,1697 des=2401,2386,1488,1485 app=2308,2299,1433,1434 abs=nil,nil,nil,nil ebrake=1.00 ibrake=1.00 hasABS=0 sy=3.57 split=1.000,0.875 ===
210.72371|I|libbeamng.print:18052| === LSTM_OBS t=20 23.65010,22.98197,25.76245,25.73425,0.03470,3.56983,0.00000,0.01358,0.00000,0.00000,0.00335,1.00000,0.00000,0.00000,0.00000,7582.55782,0.00000 ===
210.77364|I|libbeamng.print:18052| === LSTM_TRACE t=30 v=26.45 ws=22.22,21.93,24.37,24.88 cmd=0.789,0.785,0.839,0.844 cap=2448,2449,1618,1626 des=2448,2449,1416,1423 app=2373,2378,1376,1385 abs=nil,nil,nil,nil ebrake=1.00 ibrake=1.00 hasABS=0 sy=5.43 split=1.000,0.875 ===
210.77370|I|libbeamng.print:18052| === LSTM_OBS t=30 22.21861,21.92767,24.37114,24.87936,0.00852,5.42746,0.00000,0.01238,0.00000,0.00000,0.00256,1.00000,0.00000,0.00000,0.00000,7228.30825,0.00000 ===
210.82377|I|libbeamng.print:18052| === LSTM_TRACE t=40 v=25.90 ws=20.52,21.63,23.14,24.08 cmd=0.777,0.783,0.818,0.827 cap=2326,2323,1610,1627 des=2326,2323,1409,1423 app=2268,2268,1377,1394 abs=nil,nil,nil,nil ebrake=1.00 ibrake=1.00 hasABS=0 sy=6.99 split=1.000,0.875 ===
210.82381|I|libbeamng.print:18052| === LSTM_OBS t=40 20.52048,21.62741,23.14371,24.07542,-0.00729,6.99282,0.00000,-0.02138,0.00000,0.00000,0.00293,1.00000,0.00000,0.00000,0.00000,6910.16488,0.00000 ===
210.87391|I|libbeamng.print:18052| === LSTM_TRACE t=50 v=25.31 ws=19.04,21.72,22.04,23.53 cmd=0.711,0.740,0.842,0.849 cap=2475,2544,1564,1578 des=2475,2544,1368,1381 app=2423,2496,1343,1359 abs=nil,nil,nil,nil ebrake=1.00 ibrake=1.00 hasABS=0 sy=8.31 split=1.000,0.875 ===
210.87395|I|libbeamng.print:18052| === LSTM_OBS t=50 19.04171,21.72143,22.03875,23.52653,-0.00849,8.31319,0.00000,-0.01796,0.00000,0.00000,0.00280,1.00000,0.00000,0.00000,0.00000,6650.08155,0.00000 ===
210.92412|I|libbeamng.print:18052| === LSTM_TRACE t=60 v=24.71 ws=18.03,21.78,21.14,22.80 cmd=0.773,0.816,0.827,0.827 cap=2181,2396,1642,1642 des=2181,2396,1437,1437 app=2142,2360,1415,1418 abs=nil,nil,nil,nil ebrake=1.00 ibrake=1.00 hasABS=0 sy=9.34 split=1.000,0.875 ===
210.92416|I|libbeamng.print:18052| === LSTM_OBS t=60 18.02632,21.77521,21.13912,22.80429,0.01006,9.34098,0.00000,-0.03333,0.00000,0.00000,0.00345,1.00000,0.00000,0.00000,0.00000,6408.53008,0.00000 ===
210.97387|I|libbeamng.print:18052| === LSTM_TRACE t=70 v=24.11 ws=16.79,21.34,20.34,22.12 cmd=0.589,0.684,0.878,0.872 cap=2367,2576,1580,1562 des=2367,2576,1383,1367 app=2330,2544,1365,1352 abs=nil,nil,nil,nil ebrake=1.00 ibrake=1.00 hasABS=0 sy=10.09 split=1.000,0.875 ===
210.97391|I|libbeamng.print:18052| === LSTM_OBS t=70 16.79443,21.33785,20.33626,22.12299,0.04821,10.08685,0.00000,-0.05154,0.00000,0.00000,0.00307,1.00000,0.00000,0.00000,0.00000,6170.92113,0.00000 ===
211.02565|I|libbeamng.print:18052| === LSTM_TRACE t=80 v=23.53 ws=16.53,20.62,19.41,21.09 cmd=0.689,0.761,0.884,0.874 cap=2357,2541,1576,1546 des=2357,2541,1379,1353 app=2324,2516,1364,1341 abs=nil,nil,nil,nil ebrake=1.00 ibrake=1.00 hasABS=0 sy=10.59 split=1.000,0.875 ===
211.02569|I|libbeamng.print:18052| === LSTM_OBS t=80 16.52836,20.62073,19.40983,21.09159,0.11910,10.58716,0.00000,-0.04828,0.00000,0.00000,0.00315,1.00000,0.00000,0.00000,0.00000,5925.82446,0.00000 ===
211.07397|I|libbeamng.print:18052| === LSTM_TRACE t=90 v=22.95 ws=15.86,19.71,18.58,20.01 cmd=0.676,0.759,0.839,0.825 cap=1664,1913,1700,1687 des=1664,1913,1488,1476 app=1901,2068,1474,1465 abs=nil,nil,nil,nil ebrake=1.00 ibrake=1.00 hasABS=0 sy=10.92 split=1.000,0.875 ===
211.07401|I|libbeamng.print:18052| === LSTM_OBS t=90 15.85563,19.70850,18.57503,20.00939,0.17439,10.91579,0.00000,-0.05610,0.00000,0.00000,0.00285,1.00000,0.00000,0.00000,0.00000,5676.77754,0.00000 ===
211.12368|I|libbeamng.print:18052| === LSTM_TRACE t=100 v=22.37 ws=16.03,18.82,17.84,19.12 cmd=0.729,0.730,0.877,0.863 cap=2451,2548,1676,1644 des=2451,2548,1467,1438 app=2400,2531,1455,1429 abs=nil,nil,nil,nil ebrake=1.00 ibrake=1.00 hasABS=0 sy=11.11 split=1.000,0.875 ===
211.12371|I|libbeamng.print:18052| === LSTM_OBS t=100 16.03317,18.82055,17.84347,19.11524,0.25442,11.10944,0.00000,-0.05643,0.00000,0.00000,0.00388,1.00000,0.00000,0.00000,0.00000,5421.63122,0.00000 ===
211.17392|I|libbeamng.print:18052| === LSTM_TRACE t=110 v=21.78 ws=15.26,17.92,17.03,18.23 cmd=0.620,0.675,0.889,0.875 cap=2222,2345,1700,1678 des=2222,2345,1488,1469 app=2200,2332,1477,1461 abs=nil,nil,nil,nil ebrake=1.00 ibrake=1.00 hasABS=0 sy=11.22 split=1.000,0.875 ===
211.17396|I|libbeamng.print:18052| === LSTM_OBS t=110 15.25835,17.92061,17.02593,18.22640,0.33837,11.22235,0.00000,-0.04856,0.00000,0.00000,0.00224,1.00000,0.00000,0.00000,0.00000,5165.85894,0.00000 ===
211.22389|I|libbeamng.print:18052| === LSTM_TRACE t=120 v=21.22 ws=14.73,16.96,16.53,17.09 cmd=0.665,0.683,0.887,0.873 cap=2305,2378,1681,1649 des=2305,2378,1471,1443 app=2284,2367,1461,1436 abs=nil,nil,nil,nil ebrake=1.00 ibrake=1.00 hasABS=0 sy=11.30 split=1.000,0.875 ===
211.22393|I|libbeamng.print:18052| === LSTM_OBS t=120 14.72625,16.95663,16.53189,17.09152,0.40506,11.30115,0.00000,-0.05848,0.00000,0.00000,0.00307,1.00000,0.00000,0.00000,0.00000,4913.25432,0.00000 ===
211.27422|I|libbeamng.print:18052| === LSTM_TRACE t=130 v=20.65 ws=14.44,16.68,15.51,16.17 cmd=0.875,0.835,0.833,0.811 cap=2546,2518,1607,1566 des=2546,2518,1406,1371 app=2294,2374,1398,1365 abs=nil,nil,nil,nil ebrake=1.00 ibrake=1.00 hasABS=0 sy=11.37 split=1.000,0.875 ===
211.27432|I|libbeamng.print:18052| === LSTM_OBS t=130 14.44133,16.68263,15.51010,16.16904,0.44033,11.36990,0.00000,-0.05043,0.00000,0.00000,0.00457,1.00000,0.00000,0.00000,0.00000,4664.85352,0.00000 ===
211.32458|I|libbeamng.print:18052| === LSTM_TRACE t=140 v=20.07 ws=11.96,14.91,13.95,14.36 cmd=0.603,0.569,0.856,0.831 cap=1853,1541,1685,1642 des=1853,1541,1475,1437 app=2121,1981,1467,1431 abs=nil,nil,nil,nil ebrake=1.00 ibrake=1.00 hasABS=0 sy=11.39 split=1.000,0.875 ===
211.32462|I|libbeamng.print:18052| === LSTM_OBS t=140 11.96318,14.90614,13.95490,14.35672,0.49198,11.38908,0.00000,-0.04810,0.00000,0.00000,0.00293,1.00000,0.00000,0.00000,0.00000,4431.56100,0.00000 ===
211.37442|I|libbeamng.print:18052| === LSTM_TRACE t=150 v=19.53 ws=9.45,15.64,12.11,12.65 cmd=0.692,0.716,0.840,0.787 cap=2385,2307,1622,1525 des=2385,2307,1420,1334 app=2367,2299,1412,1329 abs=nil,nil,nil,nil ebrake=1.00 ibrake=1.00 hasABS=0 sy=11.34 split=1.000,0.875 ===
211.37446|I|libbeamng.print:18052| === LSTM_OBS t=150 9.44853,15.63962,12.11241,12.65350,0.51457,11.33801,0.00000,-0.05415,0.00000,0.00000,0.00049,1.00000,0.00000,0.00000,0.00000,4204.22172,0.00000 ===
211.42388|I|libbeamng.print:18052| === LSTM_TRACE t=160 v=18.97 ws=8.08,16.06,10.31,11.93 cmd=0.880,0.864,0.583,0.502 cap=1854,1797,1414,1260 des=1854,1797,1238,1103 app=1840,1791,1231,1098 abs=nil,nil,nil,nil ebrake=1.00 ibrake=1.00 hasABS=0 sy=11.22 split=1.000,0.875 ===
211.42392|I|libbeamng.print:18052| === LSTM_OBS t=160 8.08485,16.05546,10.31434,11.92916,0.56909,11.22270,0.00000,-0.06382,0.00000,0.00000,0.00384,1.00000,0.00000,0.00000,0.00000,4000.09003,0.00000 ===
211.47375|I|libbeamng.print:18052| === LSTM_TRACE t=170 v=18.44 ws=6.76,16.15,8.65,11.29 cmd=0.566,0.629,0.738,0.652 cap=2501,2643,1332,1164 des=2501,2643,1166,1019 app=2402,2624,1159,1014 abs=nil,nil,nil,nil ebrake=1.00 ibrake=1.00 hasABS=0 sy=11.12 split=1.000,0.875 ===
211.47387|I|libbeamng.print:18052| === LSTM_OBS t=170 6.76214,16.14902,8.65002,11.28786,0.65076,11.12026,0.00000,-0.08385,0.00000,0.00000,0.00234,1.00000,0.00000,0.00000,0.00000,3848.98699,0.00000 ===
211.52370|I|libbeamng.print:18052| === LSTM_TRACE t=180 v=17.88 ws=6.39,15.67,7.42,11.00 cmd=0.632,0.701,0.656,0.555 cap=1845,1953,1309,1118 des=1845,1953,1146,978 app=1830,1948,1138,973 abs=nil,nil,nil,nil ebrake=1.00 ibrake=1.00 hasABS=0 sy=11.08 split=1.000,0.875 ===
211.52374|I|libbeamng.print:18052| === LSTM_OBS t=180 6.38952,15.67009,7.42470,11.00025,0.70025,11.07828,0.00000,-0.11060,0.00000,0.00000,0.00404,1.00000,0.00000,0.00000,0.00000,3733.19440,0.00000 ===
211.57375|I|libbeamng.print:18052| === LSTM_TRACE t=190 v=17.34 ws=6.59,15.61,5.62,11.01 cmd=0.536,0.658,0.715,0.577 cap=1935,2208,1321,1045 des=1935,2208,1156,914 app=1919,2203,1147,909 abs=nil,nil,nil,nil ebrake=1.00 ibrake=1.00 hasABS=0 sy=11.01 split=1.000,0.875 ===
211.57383|I|libbeamng.print:18052| === LSTM_OBS t=190 6.58588,15.60805,5.62226,11.00850,0.77012,11.01258,0.00000,-0.12114,0.00000,0.00000,0.00146,1.00000,0.00000,0.00000,0.00000,3618.39267,0.00000 ===
211.62391|I|libbeamng.print:18052| === LSTM_TRACE t=200 v=16.80 ws=4.76,12.64,4.23,11.43 cmd=0.701,0.864,0.843,0.701 cap=2347,2690,1599,1311 des=2347,2690,1399,1147 app=2326,2685,1387,1140 abs=nil,nil,nil,nil ebrake=1.00 ibrake=1.00 hasABS=0 sy=10.93 split=1.000,0.875 ===
211.62397|I|libbeamng.print:18052| === LSTM_OBS t=200 4.75819,12.64354,4.22953,11.43081,0.87410,10.93222,0.00000,-0.13578,0.00000,0.00000,0.00470,1.00000,0.00000,0.00000,0.00000,3480.17660,0.00000 ===
211.67369|I|libbeamng.print:18052| === LSTM_TRACE t=210 v=16.30 ws=4.09,7.34,2.85,11.36 cmd=0.537,0.680,0.854,0.782 cap=1268,1564,1700,1600 des=1268,1564,1488,1400 app=1912,2095,1474,1392 abs=nil,nil,nil,nil ebrake=1.00 ibrake=1.00 hasABS=0 sy=10.84 split=1.000,0.875 ===
211.67375|I|libbeamng.print:18052| === LSTM_OBS t=210 4.09344,7.34484,2.84821,11.36102,0.79645,10.84061,0.00000,-0.14205,0.00000,0.00000,0.00183,1.00000,0.00000,0.00000,0.00000,3285.31263,0.00000 ===
211.72422|I|libbeamng.print:18052| === LSTM_TRACE t=220 v=15.79 ws=4.89,5.87,1.37,12.10 cmd=0.514,0.501,0.857,0.803 cap=1945,1993,1604,1480 des=1945,1993,1403,1295 app=1925,1988,1389,1287 abs=nil,nil,nil,nil ebrake=1.00 ibrake=1.00 hasABS=0 sy=10.56 split=1.000,0.875 ===
211.72426|I|libbeamng.print:18052| === LSTM_OBS t=220 4.88984,5.87258,1.37458,12.09711,0.72326,10.55929,0.00000,-0.11966,0.00000,0.00000,0.00289,1.00000,0.00000,0.00000,0.00000,3055.60298,0.00000 ===
211.77372|I|libbeamng.print:18052| === LSTM_TRACE t=230 v=15.32 ws=5.39,5.22,0.06,13.02 cmd=0.533,0.534,0.859,0.810 cap=1881,1910,1613,1505 des=1881,1910,1411,1317 app=1862,1905,1395,1309 abs=nil,nil,nil,nil ebrake=1.00 ibrake=1.00 hasABS=0 sy=10.26 split=1.000,0.875 ===
211.77377|I|libbeamng.print:18052| === LSTM_OBS t=230 5.38821,5.21768,0.05604,13.01633,0.87288,10.26019,0.00000,-0.13489,0.00000,0.00000,0.00000,1.00000,0.00000,0.00000,0.00000,2825.08165,0.00000 ===
211.82455|I|libbeamng.print:18052| === LSTM_TRACE t=240 v=14.80 ws=5.54,4.82,0.03,11.64 cmd=0.738,0.659,0.828,0.775 cap=2317,2078,1586,1479 des=2317,2078,1387,1294 app=2157,2054,1369,1287 abs=nil,nil,nil,nil ebrake=1.00 ibrake=1.00 hasABS=0 sy=10.23 split=1.000,0.875 ===
211.82459|I|libbeamng.print:18052| === LSTM_OBS t=240 5.53936,4.81524,0.03498,11.64212,0.99961,10.23443,0.00000,-0.11587,0.00000,0.00000,0.00049,1.00000,0.00000,0.00000,0.00000,2624.00566,0.00000 ===
211.87381|I|libbeamng.print:18052| === LSTM_TRACE t=250 v=14.27 ws=5.20,3.60,0.13,10.78 cmd=0.517,0.403,0.867,0.825 cap=2215,2106,1596,1497 des=2215,2106,1396,1310 app=2056,2098,1376,1302 abs=nil,nil,nil,nil ebrake=1.00 ibrake=1.00 hasABS=0 sy=10.30 split=1.000,0.875 ===
211.87389|I|libbeamng.print:18052| === LSTM_OBS t=250 5.20224,3.59551,0.13307,10.77502,1.02297,10.29889,0.00000,-0.08966,0.00000,0.00000,0.00278,1.00000,0.00000,0.00000,0.00000,2426.49980,0.00000 ===
211.92374|I|libbeamng.print:18052| === LSTM_TRACE t=260 v=13.76 ws=4.76,4.00,0.03,9.99 cmd=0.702,0.705,0.841,0.799 cap=2612,2638,1583,1497 des=2612,2638,1385,1310 app=2458,2068,1363,1302 abs=nil,nil,nil,nil ebrake=1.00 ibrake=1.00 hasABS=0 sy=10.35 split=1.000,0.875 ===
211.92382|I|libbeamng.print:18052| === LSTM_OBS t=260 4.75561,3.99750,0.02736,9.99237,0.96806,10.35135,0.00000,-0.09214,0.00000,0.00000,0.00091,1.00000,0.00000,0.00000,0.00000,2226.70511,0.00000 ===
211.97398|I|libbeamng.print:18052| === LSTM_TRACE t=270 v=13.23 ws=3.89,2.63,0.01,8.70 cmd=0.468,0.477,0.872,0.842 cap=1249,1345,1700,1692 des=1249,1345,1488,1480 app=1845,1833,1463,1472 abs=nil,nil,nil,nil ebrake=1.00 ibrake=1.00 hasABS=0 sy=10.34 split=1.000,0.875 ===
211.97402|I|libbeamng.print:18052| === LSTM_OBS t=270 3.88504,2.62935,0.01095,8.69873,0.95293,10.34320,0.00000,-0.06454,0.00000,0.00000,0.00301,1.00000,0.00000,0.00000,0.00000,2029.80074,0.00000 ===
212.02393|I|libbeamng.print:18052| === LSTM_TRACE t=280 v=12.72 ws=3.94,1.34,0.07,7.70 cmd=0.470,0.413,0.831,0.801 cap=1201,1442,1700,1687 des=1201,1442,1488,1476 app=1561,1726,1461,1467 abs=nil,nil,nil,nil ebrake=1.00 ibrake=1.00 hasABS=0 sy=10.32 split=1.000,0.875 ===
212.02397|I|libbeamng.print:18052| === LSTM_OBS t=280 3.94391,1.33695,0.07008,7.70153,0.94138,10.31561,0.00000,-0.06352,0.00000,0.00000,0.00335,1.00000,0.00000,0.00000,0.00000,1827.70330,0.00000 ===
212.07420|I|libbeamng.print:18052| === LSTM_TRACE t=290 v=12.21 ws=3.87,1.65,0.06,6.83 cmd=0.689,0.692,0.846,0.816 cap=2585,2525,1617,1562 des=2585,2525,1414,1367 app=2363,2155,1388,1358 abs=nil,nil,nil,nil ebrake=1.00 ibrake=1.00 hasABS=0 sy=10.27 split=1.000,0.875 ===
212.07424|I|libbeamng.print:18052| === LSTM_OBS t=290 3.87245,1.65188,0.05894,6.83494,0.97728,10.26726,0.00000,-0.06850,0.00000,0.00000,0.00000,1.00000,0.00000,0.00000,0.00000,1633.83156,0.00000 ===
212.12381|I|libbeamng.print:18052| === LSTM_TRACE t=300 v=11.71 ws=2.65,0.11,0.06,6.00 cmd=0.600,0.725,0.866,0.835 cap=1531,1866,1697,1645 des=1531,1866,1485,1439 app=1532,1853,1455,1430 abs=nil,nil,nil,nil ebrake=1.00 ibrake=1.00 hasABS=0 sy=10.23 split=1.000,0.875 ===
212.12388|I|libbeamng.print:18052| === LSTM_OBS t=300 2.64615,0.11055,0.05899,6.00361,0.93515,10.23300,0.00000,-0.06066,0.00000,0.00000,0.00567,1.00000,0.00000,0.00000,0.00000,1434.14662,0.00000 ===
212.17420|I|libbeamng.print:18052| === LSTM_TRACE t=310 v=11.20 ws=0.27,0.01,0.00,5.02 cmd=0.945,0.979,0.893,0.879 cap=2688,2936,1700,1700 des=2688,2936,1488,1488 app=2651,2912,1457,1477 abs=nil,nil,nil,nil ebrake=1.00 ibrake=1.00 hasABS=0 sy=10.22 split=1.000,0.875 ===
212.17425|I|libbeamng.print:18052| === LSTM_OBS t=310 0.26723,0.00641,0.00224,5.02153,0.91501,10.22130,0.00000,-0.05307,0.00000,0.00000,0.00189,1.00000,0.00000,0.00000,0.00000,1232.21941,0.00000 ===
212.22378|I|libbeamng.print:18052| === LSTM_TRACE t=320 v=10.69 ws=0.07,0.03,0.02,3.61 cmd=0.993,0.996,0.877,0.875 cap=3080,3089,1700,1700 des=3080,3089,1488,1488 app=3034,3062,1456,1477 abs=nil,nil,nil,nil ebrake=1.00 ibrake=1.00 hasABS=0 sy=10.23 split=1.000,0.875 ===
212.22386|I|libbeamng.print:18052| === LSTM_OBS t=320 0.07107,0.02972,0.01787,3.60894,0.88887,10.22556,0.00000,-0.04887,0.00000,0.00000,0.00146,1.00000,0.00000,0.00000,0.00000,1037.65781,0.00000 ===
212.27488|I|libbeamng.print:18052| === LSTM_TRACE t=330 v=10.17 ws=0.02,0.00,0.10,2.32 cmd=0.994,0.997,0.874,0.872 cap=3081,3090,1699,1696 des=3081,3090,1487,1484 app=3032,3060,1454,1472 abs=nil,nil,nil,nil ebrake=1.00 ibrake=1.00 hasABS=0 sy=10.16 split=1.000,0.875 ===
212.27493|I|libbeamng.print:18052| === LSTM_OBS t=330 0.02488,0.00179,0.10400,2.31816,0.89555,10.15630,0.00000,-0.03612,0.00000,0.00000,0.00085,1.00000,0.00000,0.00000,0.00000,846.38990,0.00000 ===
212.32430|I|libbeamng.print:18052| === LSTM_TRACE t=340 v=9.69 ws=0.01,0.01,0.11,0.13 cmd=0.996,0.998,0.873,0.875 cap=3089,3095,1691,1695 des=3089,3095,1480,1483 app=3038,3063,1446,1470 abs=nil,nil,nil,nil ebrake=1.00 ibrake=1.00 hasABS=0 sy=10.10 split=1.000,0.875 ===
212.32435|I|libbeamng.print:18052| === LSTM_OBS t=340 0.00634,0.00602,0.10511,0.12640,0.88376,10.10444,0.00000,-0.04173,0.00000,0.00000,0.00239,1.00000,0.00000,0.00000,0.00000,738.77953,0.00000 ===
212.37472|I|libbeamng.print:18052| === LSTM_TRACE t=350 v=9.19 ws=0.01,0.01,0.03,0.02 cmd=0.997,0.999,0.883,0.883 cap=3090,3096,1700,1700 des=3090,3096,1488,1488 app=3035,3061,1452,1473 abs=nil,nil,nil,nil ebrake=1.00 ibrake=1.00 hasABS=0 sy=10.04 split=1.000,0.875 ===
212.37478|I|libbeamng.print:18052| === LSTM_OBS t=350 0.00855,0.00756,0.03441,0.01928,0.82647,10.03998,0.00000,-0.02885,0.00000,0.00000,0.00234,1.00000,0.00000,0.00000,0.00000,722.76993,0.00000 ===
212.42459|I|libbeamng.print:18052| === LSTM_TRACE t=360 v=8.69 ws=0.00,0.00,0.10,0.01 cmd=0.997,0.999,0.883,0.882 cap=3091,3096,1700,1700 des=3091,3096,1488,1488 app=3034,3059,1452,1471 abs=nil,nil,nil,nil ebrake=1.00 ibrake=1.00 hasABS=0 sy=10.02 split=1.000,0.875 ===
212.42463|I|libbeamng.print:18052| === LSTM_OBS t=360 0.00072,0.00073,0.10141,0.01389,0.80655,10.02240,0.00000,-0.02332,0.00000,0.00000,0.00204,1.00000,0.00000,0.00000,0.00000,722.33467,0.00000 ===
212.47445|I|libbeamng.print:18052| === LSTM_TRACE t=370 v=8.18 ws=0.00,0.00,0.24,0.02 cmd=0.997,0.999,0.881,0.881 cap=3091,3096,1700,1700 des=3091,3096,1488,1488 app=3031,3056,1451,1470 abs=nil,nil,nil,nil ebrake=1.00 ibrake=1.00 hasABS=0 sy=10.04 split=1.000,0.875 ===
212.47449|I|libbeamng.print:18052| === LSTM_OBS t=370 0.00188,0.00131,0.24030,0.01978,0.79687,10.03851,0.00000,-0.01524,0.00000,0.00000,0.00189,1.00000,0.00000,0.00000,0.00000,718.04226,0.00000 ===
212.52431|I|libbeamng.print:18052| === LSTM_TRACE t=380 v=7.67 ws=0.00,0.00,0.27,0.01 cmd=0.997,0.999,0.878,0.878 cap=3090,3096,1700,1700 des=3090,3096,1488,1488 app=3028,3054,1450,1468 abs=nil,nil,nil,nil ebrake=1.00 ibrake=1.00 hasABS=0 sy=10.08 split=1.000,0.875 ===
212.52435|I|libbeamng.print:18052| === LSTM_OBS t=380 0.00315,0.00144,0.26826,0.01276,0.80111,10.07558,0.00000,-0.01222,0.00000,0.00000,0.00192,1.00000,0.00000,0.00000,0.00000,722.67475,0.00000 ===
212.57441|I|libbeamng.print:18052| === LSTM_TRACE t=390 v=7.15 ws=0.00,0.00,0.17,0.00 cmd=0.997,0.999,0.876,0.877 cap=3089,3096,1700,1700 des=3089,3096,1488,1488 app=3025,3051,1450,1467 abs=nil,nil,nil,nil ebrake=1.00 ibrake=1.00 hasABS=0 sy=10.11 split=1.000,0.875 ===
212.57448|I|libbeamng.print:18052| === LSTM_OBS t=390 0.00310,0.00085,0.17255,0.00271,0.81879,10.10931,0.00000,-0.00916,0.00000,0.00000,0.00210,1.00000,0.00000,0.00000,0.00000,718.22931,0.00000 ===
212.62419|I|libbeamng.print:18052| === LSTM_TRACE t=400 v=6.64 ws=0.00,0.00,0.21,0.00 cmd=0.996,0.998,0.878,0.879 cap=3089,3095,1700,1700 des=3089,3095,1488,1488 app=3022,3049,1449,1466 abs=nil,nil,nil,nil ebrake=1.00 ibrake=1.00 hasABS=0 sy=10.15 split=1.000,0.875 ===
212.62424|I|libbeamng.print:18052| === LSTM_OBS t=400 0.00002,0.00251,0.21311,0.00143,0.82577,10.15205,0.00000,-0.00774,0.00000,0.00000,0.00229,1.00000,0.00000,0.00000,0.00000,721.45760,0.00000 ===
212.67439|I|libbeamng.print:18052| === LSTM_TRACE t=410 v=6.09 ws=0.00,0.00,1.58,0.05 cmd=0.994,0.998,0.881,0.881 cap=3083,3093,1700,1700 des=3083,3093,1488,1488 app=3015,3044,1449,1465 abs=nil,nil,nil,nil ebrake=1.00 ibrake=1.00 hasABS=0 sy=10.28 split=1.000,0.875 ===
212.67444|I|libbeamng.print:18052| === LSTM_OBS t=410 0.00236,0.00448,1.57674,0.05124,0.81420,10.28308,0.00000,0.00402,0.00000,0.00000,0.00224,1.00000,0.00000,0.00000,0.00000,719.15729,0.00000 ===
212.72433|I|libbeamng.print:18052| === LSTM_TRACE t=420 v=5.56 ws=0.00,0.00,0.88,0.05 cmd=0.994,0.997,0.864,0.865 cap=3081,3091,1684,1685 des=3081,3091,1473,1475 app=3011,3041,1436,1451 abs=nil,nil,nil,nil ebrake=1.00 ibrake=1.00 hasABS=0 sy=10.43 split=1.000,0.875 ===
212.72437|I|libbeamng.print:18052| === LSTM_OBS t=420 0.00032,0.00050,0.87958,0.04785,0.83122,10.43240,0.00000,0.00898,0.00000,0.00000,0.00229,1.00000,0.00000,0.00000,0.00000,723.87670,0.00000 ===
212.77448|I|libbeamng.print:18052| === LSTM_TRACE t=430 v=5.03 ws=0.00,0.01,0.16,0.00 cmd=0.995,0.998,0.866,0.869 cap=3084,3093,1679,1686 des=3084,3093,1469,1475 app=3012,3041,1431,1451 abs=nil,nil,nil,nil ebrake=1.00 ibrake=1.00 hasABS=0 sy=10.44 split=1.000,0.875 ===
212.77460|I|libbeamng.print:18052| === LSTM_OBS t=430 0.00420,0.00619,0.15852,0.00215,0.91084,10.43972,0.00000,0.00367,0.00000,0.00000,0.00221,1.00000,0.00000,0.00000,0.00000,721.74054,0.00000 ===
212.82507|I|libbeamng.print:18052| === LSTM_TRACE t=440 v=4.48 ws=0.00,0.01,1.84,0.04 cmd=0.991,0.996,0.882,0.881 cap=3073,3088,1700,1700 des=3073,3088,1488,1488 app=3000,3034,1449,1462 abs=nil,nil,nil,nil ebrake=1.00 ibrake=1.00 hasABS=0 sy=10.55 split=1.000,0.875 ===
212.82512|I|libbeamng.print:18052| === LSTM_OBS t=440 0.00192,0.00779,1.84376,0.03523,0.89134,10.54865,0.00000,0.01836,0.00000,0.00000,0.00254,1.00000,0.00000,0.00000,0.00000,724.20514,0.00000 ===
212.87476|I|libbeamng.print:18052| === LSTM_TRACE t=450 v=3.93 ws=0.00,0.00,0.82,0.03 cmd=0.993,0.997,0.861,0.862 cap=3077,3089,1678,1677 des=3077,3089,1468,1468 app=3002,3033,1430,1442 abs=nil,nil,nil,nil ebrake=1.00 ibrake=1.00 hasABS=0 sy=10.70 split=1.000,0.875 ===
212.87481|I|libbeamng.print:18052| === LSTM_OBS t=450 0.00395,0.00249,0.82256,0.02766,0.90338,10.69611,0.00000,0.01914,0.00000,0.00000,0.00261,1.00000,0.00000,0.00000,0.00000,721.44970,0.00000 ===
212.92436|I|libbeamng.print:18052| === LSTM_TRACE t=460 v=3.36 ws=0.00,0.01,1.85,0.04 cmd=0.989,0.995,0.874,0.871 cap=3069,3085,1697,1693 des=3069,3085,1485,1482 app=2992,3027,1446,1455 abs=nil,nil,nil,nil ebrake=1.00 ibrake=1.00 hasABS=0 sy=10.80 split=1.000,0.875 ===
212.92441|I|libbeamng.print:18052| === LSTM_OBS t=460 0.00053,0.00511,1.85099,0.04205,0.94506,10.80272,0.00000,0.02850,0.00000,0.00000,0.00249,1.00000,0.00000,0.00000,0.00000,722.60220,0.00000 ===
212.97437|I|libbeamng.print:18052| === LSTM_TRACE t=470 v=2.80 ws=0.00,0.00,0.96,0.03 cmd=0.991,0.996,0.860,0.859 cap=3070,3085,1675,1671 des=3070,3085,1465,1462 app=2991,3026,1428,1436 abs=nil,nil,nil,nil ebrake=1.00 ibrake=1.00 hasABS=0 sy=10.94 split=1.000,0.875 ===
212.97443|I|libbeamng.print:18052| === LSTM_OBS t=470 0.00456,0.00273,0.95522,0.03458,0.96072,10.93649,0.00000,0.02892,0.00000,0.00000,0.00261,1.00000,0.00000,0.00000,0.00000,719.61502,0.00000 ===
213.02553|I|libbeamng.print:18052| === LSTM_TRACE t=480 v=2.22 ws=0.00,0.00,1.61,0.01 cmd=0.988,0.994,0.867,0.863 cap=3061,3080,1690,1682 des=3061,3080,1479,1472 app=2981,3019,1442,1445 abs=nil,nil,nil,nil ebrake=1.00 ibrake=1.00 hasABS=0 sy=11.06 split=1.000,0.875 ===
213.02557|I|libbeamng.print:18052| === LSTM_OBS t=480 0.00114,0.00428,1.61323,0.00937,0.99241,11.05705,0.00000,0.04341,0.00000,0.00000,0.00274,1.00000,0.00000,0.00000,0.00000,721.54363,0.00000 ===
213.07542|I|libbeamng.print:18052| === LSTM_TRACE t=490 v=1.66 ws=0.00,0.00,1.00,0.00 cmd=0.989,0.995,0.859,0.859 cap=3067,3084,1668,1667 des=3067,3084,1460,1458 app=2985,3022,1423,1431 abs=nil,nil,nil,nil ebrake=1.00 ibrake=1.00 hasABS=0 sy=11.15 split=1.000,0.875 ===
213.07546|I|libbeamng.print:18052| === LSTM_OBS t=490 0.00103,0.00236,0.99659,0.00080,1.03285,11.15084,0.00000,0.03819,0.00000,0.00000,0.00322,1.00000,0.00000,0.00000,0.00000,718.59083,0.00000 ===
213.12510|I|libbeamng.print:18052| === LSTM_TRACE t=500 v=1.09 ws=0.01,0.01,0.78,0.03 cmd=0.989,0.995,0.860,0.860 cap=3066,3084,1670,1669 des=3066,3084,1462,1460 app=2983,3020,1425,1432 abs=nil,nil,nil,nil ebrake=1.00 ibrake=1.00 hasABS=0 sy=11.24 split=1.000,0.875 ===
213.12514|I|libbeamng.print:18052| === LSTM_OBS t=500 0.00593,0.01246,0.78392,0.02569,1.03292,11.24328,0.00000,0.05094,0.00000,0.00000,0.00326,1.00000,0.00000,0.00000,0.00000,722.15768,0.00000 ===
213.17503|I|libbeamng.print:18052| === LSTM_TRACE t=510 v=0.52 ws=0.00,0.01,0.30,0.02 cmd=0.990,0.996,0.860,0.862 cap=3069,3086,1671,1675 des=3069,3086,1462,1466 app=2985,3022,1425,1437 abs=nil,nil,nil,nil ebrake=1.00 ibrake=1.00 hasABS=0 sy=11.28 split=1.000,0.875 ===
213.17507|I|libbeamng.print:18052| === LSTM_OBS t=510 0.00004,0.00987,0.30235,0.02066,1.00761,11.28341,0.00000,0.04235,0.00000,0.00000,0.00322,1.00000,0.00000,0.00000,0.00000,718.48870,0.00000 ===
