 33.25694|I|libbeamng.print:18052| === LSTM_ABS: lens 'baseline_mix_epg_s0' loaded (1 member, 17 in, 64 hidden, 2 layers) ===
 33.25927|I|libbeamng.print:18052| === LSTM_ABS SELFTEST lens=baseline_mix_epg_s0 cmd=0.968081,0.911860,0.612460,0.666233 ===
 46.43625|I|libbeamng.print:18052| === LSTM_ABS: lens 'baseline_mix_epg_s0' loaded (1 member, 17 in, 64 hidden, 2 layers) ===
 46.43869|I|libbeamng.print:18052| === LSTM_ABS SELFTEST lens=baseline_mix_epg_s0 cmd=0.968081,0.911860,0.612460,0.666233 ===
 56.12763|I|libbeamng.print:18052| === LSTM_TRACE t=0 v=27.71 ws=27.69,27.79,27.41,27.50 cmd=0.894,0.881,0.456,0.473 cap=155,155,97,97 des=155,155,85,85 app=142,142,78,78 abs=nil,nil,nil,nil ebrake=1.00 ibrake=1.00 hasABS=0 sy=1.58 split=1.000,0.875 ===
 56.12769|I|libbeamng.print:18052| === LSTM_OBS t=0 27.68737,27.79219,27.40687,27.49664,0.03122,1.58214,-9.78473,-0.01098,0.00000,0.00000,0.00069,1.00000,0.00000,0.00077,-0.00907,7858.52727,0.25000 ===
 56.19424|I|libbeamng.print:18052| === LSTM_TRACE t=10 v=27.41 ws=26.29,26.09,26.71,26.80 cmd=0.577,0.677,0.716,0.729 cap=1733,2019,1352,1390 des=1733,2019,1183,1216 app=1600,1865,1094,1125 abs=nil,nil,nil,nil ebrake=1.00 ibrake=1.00 hasABS=0 sy=2.14 split=1.000,0.875 ===
 56.19439|I|libbeamng.print:18052| === LSTM_OBS t=10 26.28933,26.08541,26.70646,26.79720,0.03068,2.13841,-9.77300,-0.00401,0.00000,0.00000,0.00069,1.00000,0.00000,0.00073,-0.01006,7780.66191,0.25000 ===
 56.21254|I|libbeamng.print:18052| === LSTM_ABS DBG raw=25.7997,25.4299,26.3721,26.4449,0.0186,2.8745,-9.7259,-0.0075,0.0000,0.0000,0.0028,1.0000,0.0000,0.0009,-0.0111,7680.8509,0.2500 ===
 56.21258|I|libbeamng.print:18052| === LSTM_ABS DBG norm=0.52,0.44,0.51,0.50,-0.14,-2.02,0.00,-0.03,0.06,-0.06,0.03,0.59,-0.02,0.00,0.00,3.80,0.00 ===
 56.21259|I|libbeamng.print:18052| === LSTM_ABS DBG cmd=0.6160,0.7038,0.7438,0.7427 ===
 56.24232|I|libbeamng.print:18052| === LSTM_TRACE t=20 v=26.95 ws=25.45,24.98,25.68,25.97 cmd=0.657,0.731,0.736,0.734 cap=2027,2280,1438,1431 des=2027,2280,1258,1252 app=1898,2140,1183,1177 abs=nil,nil,nil,nil ebrake=1.00 ibrake=1.00 hasABS=0 sy=3.90 split=1.000,0.875 ===
 56.24237|I|libbeamng.print:18052| === LSTM_OBS t=20 25.45442,24.98244,25.68452,25.96741,0.02777,3.90194,-9.57708,-0.01777,0.00000,0.00000,0.00278,1.00000,0.00000,0.00098,-0.01274,7527.27173,0.25000 ===
 56.28558|I|libbeamng.print:18052| === LSTM_TRACE t=30 v=26.43 ws=24.89,24.87,24.80,25.07 cmd=0.692,0.738,0.702,0.703 cap=2190,2312,1364,1364 des=2190,2312,1193,1194 app=2074,2195,1133,1134 abs=nil,nil,nil,nil ebrake=1.00 ibrake=1.00 hasABS=0 sy=5.47 split=1.000,0.875 ===
 56.28586|I|libbeamng.print:18052| === LSTM_OBS t=30 24.89310,24.86504,24.80125,25.06719,0.04203,5.46549,-9.43685,-0.00361,0.00000,0.00000,0.00216,1.00000,0.00000,0.00129,-0.01496,7288.91179,0.25000 ===
 56.33673|I|libbeamng.print:18052| === LSTM_TRACE t=40 v=25.88 ws=24.27,24.01,24.41,24.46 cmd=0.755,0.795,0.710,0.710 cap=2281,2419,1379,1380 des=2281,2419,1206,1208 app=2182,2320,1156,1157 abs=nil,nil,nil,nil ebrake=1.00 ibrake=1.00 hasABS=0 sy=7.05 split=1.000,0.875 ===
 56.33679|I|libbeamng.print:18052| === LSTM_OBS t=40 24.27174,24.00841,24.41154,24.45521,0.06939,7.04727,-9.45602,-0.01949,0.00000,0.00000,0.00258,1.00000,0.00000,0.00103,-0.01645,7073.35063,0.25000 ===
 56.38351|I|libbeamng.print:18052| === LSTM_TRACE t=50 v=25.27 ws=23.47,23.18,23.66,23.71 cmd=0.798,0.820,0.730,0.725 cap=2471,2462,1421,1421 des=2471,2462,1244,1243 app=2384,2380,1199,1199 abs=nil,nil,nil,nil ebrake=1.00 ibrake=1.00 hasABS=0 sy=8.42 split=1.000,0.875 ===
 56.38359|I|libbeamng.print:18052| === LSTM_OBS t=50 23.46532,23.18300,23.66283,23.71287,0.16203,8.41701,-9.59212,-0.01841,0.00000,0.00000,0.00354,1.00000,0.00000,0.00054,-0.01785,6885.56267,0.25000 ===
 56.43154|I|libbeamng.print:18052| === LSTM_TRACE t=60 v=24.66 ws=22.51,22.30,22.98,22.95 cmd=0.810,0.832,0.759,0.754 cap=2559,2555,1459,1455 des=2559,2555,1276,1274 app=2485,2487,1237,1235 abs=nil,nil,nil,nil ebrake=1.00 ibrake=1.00 hasABS=0 sy=9.42 split=1.000,0.875 ===
 56.43162|I|libbeamng.print:18052| === LSTM_OBS t=60 22.51074,22.29867,22.97820,22.95071,0.21285,9.42100,-9.78473,-0.01729,0.00000,0.00000,0.00367,1.00000,0.00000,0.00017,-0.01892,6689.85881,0.25000 ===
 56.47561|I|libbeamng.print:18052| === LSTM_TRACE t=70 v=24.05 ws=21.56,20.86,22.31,22.16 cmd=0.815,0.817,0.789,0.784 cap=2533,2511,1537,1530 des=2533,2511,1345,1339 app=2473,2455,1309,1304 abs=nil,nil,nil,nil ebrake=1.00 ibrake=1.00 hasABS=0 sy=10.24 split=1.000,0.875 ===
 56.47567|I|libbeamng.print:18052| === LSTM_OBS t=70 21.56090,20.85996,22.30906,22.16052,0.22894,10.24162,-9.81882,-0.01588,0.00000,0.00000,0.00370,1.00000,0.00000,0.00008,-0.01942,6475.27869,0.25000 ===
 56.52609|I|libbeamng.print:18052| === LSTM_TRACE t=80 v=23.46 ws=20.19,19.20,21.27,21.42 cmd=0.768,0.747,0.798,0.795 cap=2656,2543,1548,1553 des=2656,2543,1355,1359 app=2603,2495,1324,1328 abs=nil,nil,nil,nil ebrake=1.00 ibrake=1.00 hasABS=0 sy=10.76 split=1.000,0.875 ===
 56.52616|I|libbeamng.print:18052| === LSTM_OBS t=80 20.19193,19.19529,21.26763,21.42374,0.20476,10.75758,-9.83791,-0.00552,0.00000,0.00000,0.00354,1.00000,0.00000,0.00036,-0.01920,6244.01877,0.25000 ===
 56.57793|I|libbeamng.print:18052| === LSTM_TRACE t=90 v=22.87 ws=18.72,17.93,20.33,20.73 cmd=0.747,0.737,0.817,0.819 cap=2289,2335,1564,1560 des=2289,2335,1369,1365 app=2250,2296,1341,1338 abs=nil,nil,nil,nil ebrake=1.00 ibrake=1.00 hasABS=0 sy=11.07 split=1.000,0.875 ===
 56.57800|I|libbeamng.print:18052| === LSTM_OBS t=90 18.72435,17.92904,20.32547,20.72843,0.17579,11.07210,-9.76520,-0.00059,0.00000,0.00000,0.00345,1.00000,0.00000,0.00081,-0.01849,5986.11789,0.25000 ===
 56.62376|I|libbeamng.print:18052| === LSTM_TRACE t=100 v=22.30 ws=17.64,17.17,19.46,20.13 cmd=0.807,0.791,0.811,0.817 cap=2698,2687,1480,1508 des=2698,2687,1295,1319 app=2279,2268,1272,1296 abs=nil,nil,nil,nil ebrake=1.00 ibrake=1.00 hasABS=0 sy=11.22 split=1.000,0.875 ===
 56.62390|I|libbeamng.print:18052| === LSTM_OBS t=100 17.64031,17.17098,19.45703,20.12993,0.14179,11.21992,-9.67752,0.00068,0.00000,0.00000,0.00388,1.00000,0.00000,0.00116,-0.01761,5758.89634,0.25000 ===
 56.67018|I|libbeamng.print:18052| === LSTM_TRACE t=110 v=21.73 ws=16.37,16.69,18.25,19.62 cmd=0.790,0.773,0.755,0.775 cap=1822,1752,1568,1588 des=1822,1752,1372,1390 app=1951,1979,1349,1367 abs=nil,nil,nil,nil ebrake=1.00 ibrake=1.00 hasABS=0 sy=11.27 split=1.000,0.875 ===
 56.67025|I|libbeamng.print:18052| === LSTM_OBS t=110 16.36508,16.69454,18.24518,19.61833,0.12598,11.27472,-9.64127,-0.00354,0.00000,0.00000,0.00221,1.00000,0.00000,0.00142,-0.01654,5544.75482,0.25000 ===
 56.72534|I|libbeamng.print:18052| === LSTM_TRACE t=120 v=21.15 ws=15.37,15.89,17.41,19.02 cmd=0.490,0.500,0.806,0.816 cap=2334,2351,1568,1585 des=2334,2351,1372,1387 app=2305,2322,1351,1366 abs=nil,nil,nil,nil ebrake=1.00 ibrake=1.00 hasABS=0 sy=11.35 split=1.000,0.875 ===
 56.72540|I|libbeamng.print:18052| === LSTM_OBS t=120 15.37499,15.89347,17.40837,19.02484,0.10581,11.34809,-9.58599,-0.00790,0.00000,0.00000,0.00192,1.00000,0.00000,0.00142,-0.01589,5326.48558,0.25000 ===
 56.77822|I|libbeamng.print:18052| === LSTM_TRACE t=130 v=20.56 ws=14.42,16.26,16.74,18.59 cmd=0.830,0.821,0.756,0.782 cap=2256,2328,1399,1460 des=2256,2328,1224,1277 app=2153,2171,1206,1260 abs=nil,nil,nil,nil ebrake=1.00 ibrake=1.00 hasABS=0 sy=11.40 split=1.000,0.875 ===
 56.77829|I|libbeamng.print:18052| === LSTM_OBS t=130 14.42194,16.25664,16.73933,18.58869,0.08287,11.40268,-9.58967,-0.01139,0.00000,0.00000,0.00354,1.00000,0.00000,0.00122,-0.01545,5132.61937,0.25000 ===
 56.83664|I|libbeamng.print:18052| === LSTM_TRACE t=140 v=20.01 ws=13.44,16.41,15.93,17.85 cmd=0.647,0.737,0.784,0.791 cap=2748,2800,1489,1523 des=2748,2800,1303,1333 app=2507,2505,1284,1316 abs=nil,nil,nil,nil ebrake=1.00 ibrake=1.00 hasABS=0 sy=11.46 split=1.000,0.875 ===
 56.83671|I|libbeamng.print:18052| === LSTM_OBS t=140 13.43656,16.40517,15.92764,17.85176,0.09507,11.45518,-9.61098,-0.03277,0.00000,0.00000,0.00357,1.00000,0.00000,0.00108,-0.01507,4942.12010,0.25000 ===
 56.88621|I|libbeamng.print:18052| === LSTM_TRACE t=150 v=19.40 ws=12.91,16.22,15.09,17.21 cmd=0.806,0.839,0.697,0.722 cap=1398,1650,1443,1468 des=1398,1650,1263,1284 app=1682,1905,1245,1269 abs=nil,nil,nil,nil ebrake=1.00 ibrake=1.00 hasABS=0 sy=11.52 split=1.000,0.875 ===
 56.88627|I|libbeamng.print:18052| === LSTM_OBS t=150 12.91045,16.21621,15.08905,17.21376,0.11888,11.51656,-9.65047,-0.03460,0.00000,0.00000,0.00311,1.00000,0.00000,0.00088,-0.01487,4751.28388,0.25000 ===
 56.94041|I|libbeamng.print:18052| === LSTM_TRACE t=160 v=18.83 ws=12.60,16.25,14.85,16.66 cmd=0.751,0.743,0.766,0.766 cap=2825,2786,1439,1465 des=2825,2786,1259,1282 app=2445,2681,1242,1267 abs=nil,nil,nil,nil ebrake=1.00 ibrake=1.00 hasABS=0 sy=11.53 split=1.000,0.875 ===
 56.94048|I|libbeamng.print:18052| === LSTM_OBS t=160 12.59741,16.25465,14.85478,16.66143,0.15546,11.53263,-9.64665,-0.03686,0.00000,0.00000,0.00401,1.00000,0.00000,0.00051,-0.01471,4567.49445,0.25000 ===
 56.98676|I|libbeamng.print:18052| === LSTM_TRACE t=170 v=18.23 ws=10.39,15.03,13.01,15.03 cmd=0.561,0.721,0.643,0.622 cap=1916,2110,1284,1257 des=1916,2110,1123,1100 app=2129,2093,1108,1087 abs=nil,nil,nil,nil ebrake=1.00 ibrake=1.00 hasABS=0 sy=11.61 split=1.000,0.875 ===
 56.98696|I|libbeamng.print:18052| === LSTM_OBS t=170 10.38933,15.03425,13.01280,15.03205,0.21091,11.60531,-9.66438,-0.04802,0.00000,0.00000,0.00085,1.00000,0.00000,0.00006,-0.01478,4428.62413,0.25000 ===
 57.04125|I|libbeamng.print:18052| === LSTM_TRACE t=180 v=17.69 ws=9.39,13.67,11.90,13.57 cmd=0.803,0.802,0.671,0.665 cap=2517,2610,1225,1212 des=2517,2610,1072,1060 app=2215,2515,1057,1048 abs=nil,nil,nil,nil ebrake=1.00 ibrake=1.00 hasABS=0 sy=11.55 split=1.000,0.875 ===
 57.04131|I|libbeamng.print:18052| === LSTM_OBS t=180 9.38802,13.66887,11.89808,13.56509,0.22084,11.54801,-9.67196,-0.04485,0.00000,0.00000,0.00345,1.00000,0.00000,-0.00033,-0.01515,4315.30681,0.25000 ===
 57.08905|I|libbeamng.print:18052| === LSTM_TRACE t=190 v=17.11 ws=7.77,13.06,10.48,12.22 cmd=0.593,0.659,0.660,0.650 cap=2203,2214,1358,1344 des=2203,2214,1188,1176 app=2179,2197,1171,1161 abs=nil,nil,nil,nil ebrake=1.00 ibrake=1.00 hasABS=0 sy=11.45 split=1.000,0.875 ===
 57.08913|I|libbeamng.print:18052| === LSTM_OBS t=190 7.77354,13.06383,10.48482,12.21642,0.25667,11.45226,-9.70551,-0.05763,0.00000,0.00000,0.00192,1.00000,0.00000,-0.00073,-0.01542,4218.08741,0.25000 ===
 57.14236|I|libbeamng.print:18052| === LSTM_TRACE t=200 v=16.57 ws=6.51,13.08,9.50,11.31 cmd=0.832,0.835,0.740,0.730 cap=2370,2464,1408,1388 des=2370,2464,1232,1214 app=2059,2306,1213,1199 abs=nil,nil,nil,nil ebrake=1.00 ibrake=1.00 hasABS=0 sy=11.32 split=1.000,0.875 ===
 57.14242|I|libbeamng.print:18052| === LSTM_OBS t=200 6.50904,13.08048,9.50227,11.31209,0.27253,11.31906,-9.66641,-0.06216,0.00000,0.00000,0.00331,1.00000,0.00000,-0.00105,-0.01571,4074.60326,0.25000 ===
 57.19344|I|libbeamng.print:18052| === LSTM_TRACE t=210 v=16.03 ws=4.68,12.71,8.26,10.31 cmd=0.468,0.558,0.728,0.693 cap=2387,2378,1458,1408 des=2387,2378,1275,1232 app=2358,2361,1255,1215 abs=nil,nil,nil,nil ebrake=1.00 ibrake=1.00 hasABS=0 sy=11.17 split=1.000,0.875 ===
 57.19350|I|libbeamng.print:18052| === LSTM_OBS t=210 4.68185,12.70768,8.25792,10.30853,0.31541,11.16965,-9.66622,-0.07562,0.00000,0.00000,0.00049,1.00000,0.00000,-0.00112,-0.01542,3916.04872,0.25000 ===
 57.24725|I|libbeamng.print:18052| === LSTM_TRACE t=220 v=15.49 ws=3.13,12.54,7.01,9.87 cmd=0.508,0.562,0.737,0.693 cap=1930,1954,1458,1379 des=1930,1954,1275,1206 app=2053,2065,1254,1190 abs=nil,nil,nil,nil ebrake=1.00 ibrake=1.00 hasABS=0 sy=11.06 split=1.000,0.875 ===
 57.24729|I|libbeamng.print:18052| === LSTM_OBS t=220 3.13138,12.53586,7.01061,9.87286,0.33832,11.05722,-9.74356,-0.07644,0.00000,0.00000,0.00210,1.00000,0.00000,-0.00024,-0.01470,3726.41681,0.25000 ===
 57.29074|I|libbeamng.print:18052| === LSTM_TRACE t=230 v=14.97 ws=1.14,12.76,5.65,10.47 cmd=0.513,0.644,0.720,0.682 cap=1033,1543,1411,1325 des=1033,1543,1235,1160 app=1675,1796,1213,1143 abs=nil,nil,nil,nil ebrake=1.00 ibrake=1.00 hasABS=0 sy=10.93 split=1.000,0.875 ===
 57.29079|I|libbeamng.print:18052| === LSTM_OBS t=230 1.13556,12.76262,5.65270,10.47027,0.43715,10.93012,-9.71328,-0.10403,0.00000,0.00000,0.00503,1.00000,0.00000,0.00037,-0.01347,3554.94317,0.25000 ===
 57.34032|I|libbeamng.print:18052| === LSTM_TRACE t=240 v=14.45 ws=0.69,12.89,4.50,10.87 cmd=0.645,0.736,0.725,0.694 cap=1743,2124,1399,1339 des=1743,2124,1224,1172 app=1692,2110,1201,1154 abs=nil,nil,nil,nil ebrake=1.00 ibrake=1.00 hasABS=0 sy=10.82 split=1.000,0.875 ===
 57.34038|I|libbeamng.print:18052| === LSTM_OBS t=240 0.69172,12.88562,4.49757,10.87340,0.58130,10.81965,-9.61512,-0.11661,0.00000,0.00000,0.00274,1.00000,0.00000,0.00056,-0.01242,3379.74879,0.25000 ===
 57.38964|I|libbeamng.print:18052| === LSTM_TRACE t=250 v=13.92 ws=0.21,11.87,3.94,11.26 cmd=0.580,0.687,0.753,0.733 cap=1843,2192,1456,1412 des=1843,2192,1274,1235 app=1812,2177,1249,1217 abs=nil,nil,nil,nil ebrake=1.00 ibrake=1.00 hasABS=0 sy=10.76 split=1.000,0.875 ===
 57.38972|I|libbeamng.print:18052| === LSTM_OBS t=250 0.21451,11.86719,3.94457,11.26287,0.69272,10.75811,-9.56838,-0.12936,0.00000,0.00000,0.00507,1.00000,0.00000,-0.00011,-0.01220,3227.99458,0.25000 ===
 57.43524|I|libbeamng.print:18052| === LSTM_TRACE t=260 v=13.37 ws=0.18,10.68,3.03,10.24 cmd=0.621,0.732,0.789,0.776 cap=1981,2321,1523,1495 des=1981,2321,1333,1308 app=1945,2305,1305,1289 abs=nil,nil,nil,nil ebrake=1.00 ibrake=1.00 hasABS=0 sy=10.72 split=1.000,0.875 ===
 57.43531|I|libbeamng.print:18052| === LSTM_OBS t=260 0.18219,10.67749,3.02864,10.24486,0.75257,10.72294,-9.62419,-0.14059,0.00000,0.00000,0.00470,1.00000,0.00000,0.00029,-0.01218,3063.36291,0.25000 ===
 57.47961|I|libbeamng.print:18052| === LSTM_TRACE t=270 v=12.84 ws=0.04,8.73,2.34,10.20 cmd=0.626,0.739,0.816,0.813 cap=2026,2357,1579,1571 des=2026,2357,1382,1374 app=1986,2341,1351,1354 abs=nil,nil,nil,nil ebrake=1.00 ibrake=1.00 hasABS=0 sy=10.71 split=1.000,0.875 ===
 57.47966|I|libbeamng.print:18052| === LSTM_OBS t=270 0.04329,8.72978,2.33647,10.20163,0.81799,10.70662,-9.62810,-0.13543,0.00000,0.00000,0.00414,1.00000,0.00000,0.00115,-0.01211,2853.04334,0.25000 ===
 57.53272|I|libbeamng.print:18052| === LSTM_TRACE t=280 v=12.32 ws=0.04,5.30,1.74,9.66 cmd=0.703,0.798,0.834,0.847 cap=2133,2431,1616,1640 des=2133,2431,1414,1435 app=2087,2413,1380,1414 abs=nil,nil,nil,nil ebrake=1.00 ibrake=1.00 hasABS=0 sy=10.58 split=1.000,0.875 ===
 57.53279|I|libbeamng.print:18052| === LSTM_OBS t=280 0.03751,5.29702,1.73978,9.66299,0.87933,10.58143,-9.56797,-0.13381,0.00000,0.00000,0.00335,1.00000,0.00000,0.00095,-0.01149,2645.25927,0.25000 ===
 57.58142|I|libbeamng.print:18052| === LSTM_TRACE t=290 v=11.82 ws=0.04,0.33,0.90,9.80 cmd=0.988,0.990,0.872,0.854 cap=3054,3058,1698,1676 des=3054,3058,1486,1466 app=2984,3034,1448,1445 abs=nil,nil,nil,nil ebrake=1.00 ibrake=1.00 hasABS=0 sy=10.51 split=1.000,0.875 ===
 57.58152|I|libbeamng.print:18052| === LSTM_OBS t=290 0.03516,0.33196,0.89860,9.80161,0.90721,10.51476,-9.55008,-0.11776,0.00000,0.00000,0.00404,1.00000,0.00000,0.00085,-0.01094,2433.03217,0.25000 ===
 57.63270|I|libbeamng.print:18052| === LSTM_TRACE t=300 v=11.32 ws=0.00,0.12,0.37,8.95 cmd=0.999,0.998,0.871,0.861 cap=3097,3094,1690,1666 des=3097,3094,1479,1458 app=3021,3065,1439,1437 abs=nil,nil,nil,nil ebrake=1.00 ibrake=1.00 hasABS=0 sy=10.34 split=1.000,0.875 ===
 57.63276|I|libbeamng.print:18052| === LSTM_OBS t=300 0.00489,0.11882,0.37248,8.95300,0.91576,10.33505,-9.59009,-0.08806,0.00000,0.00000,0.00448,1.00000,0.00000,0.00032,-0.00936,2185.18272,0.25000 ===
 57.69754|I|libbeamng.print:18052| === LSTM_TRACE t=310 v=10.81 ws=0.02,0.06,0.29,8.24 cmd=0.999,0.999,0.886,0.883 cap=3098,3095,1700,1700 des=3098,3095,1488,1488 app=3018,3062,1444,1466 abs=nil,nil,nil,nil ebrake=1.00 ibrake=1.00 hasABS=0 sy=10.30 split=1.000,0.875 ===
 57.69762|I|libbeamng.print:18052| === LSTM_OBS t=310 0.01837,0.05594,0.29032,8.23734,0.85688,10.29971,-9.63449,-0.07975,0.00000,0.00000,0.00525,1.00000,0.00000,0.00107,-0.00838,1982.81179,0.25000 ===
 57.74259|I|libbeamng.print:18052| === LSTM_TRACE t=320 v=10.29 ws=0.00,0.02,0.18,7.42 cmd=0.999,0.999,0.884,0.884 cap=3098,3095,1700,1700 des=3098,3095,1488,1488 app=3013,3058,1442,1466 abs=nil,nil,nil,nil ebrake=1.00 ibrake=1.00 hasABS=0 sy=10.30 split=1.000,0.875 ===
 57.74265|I|libbeamng.print:18052| === LSTM_OBS t=320 0.00447,0.02256,0.17788,7.41564,0.83380,10.30232,-9.67605,-0.05991,0.00000,0.00000,0.00473,1.00000,0.00000,0.00195,-0.00760,1778.53372,0.25000 ===
 57.79743|I|libbeamng.print:18052| === LSTM_TRACE t=330 v=9.76 ws=0.02,0.01,0.30,6.12 cmd=0.999,0.998,0.878,0.880 cap=3098,3095,1700,1700 des=3098,3095,1488,1488 app=3009,3054,1440,1465 abs=nil,nil,nil,nil ebrake=1.00 ibrake=1.00 hasABS=0 sy=10.36 split=1.000,0.875 ===
 57.79750|I|libbeamng.print:18052| === LSTM_OBS t=330 0.01598,0.00773,0.30473,6.12134,0.83041,10.35919,-9.68340,-0.04472,0.00000,0.00000,0.00467,1.00000,0.00000,0.00242,-0.00719,1578.46533,0.25000 ===
 57.84610|I|libbeamng.print:18052| === LSTM_TRACE t=340 v=9.22 ws=0.02,0.00,0.03,5.51 cmd=0.999,0.998,0.869,0.871 cap=3097,3094,1689,1694 des=3097,3094,1478,1482 app=3005,3049,1429,1459 abs=nil,nil,nil,nil ebrake=1.00 ibrake=1.00 hasABS=0 sy=10.45 split=1.000,0.875 ===
 57.84628|I|libbeamng.print:18052| === LSTM_OBS t=340 0.01990,0.00322,0.02901,5.51136,0.81778,10.45021,-9.72803,-0.03579,0.00000,0.00000,0.00442,1.00000,0.00000,0.00272,-0.00702,1399.84837,0.25000 ===
 57.89736|I|libbeamng.print:18052| === LSTM_TRACE t=350 v=8.68 ws=0.02,0.02,0.00,4.84 cmd=0.999,0.998,0.866,0.868 cap=3097,3093,1683,1687 des=3097,3093,1472,1476 app=3000,3043,1421,1452 abs=nil,nil,nil,nil ebrake=1.00 ibrake=1.00 hasABS=0 sy=10.55 split=1.000,0.875 ===
 57.89742|I|libbeamng.print:18052| === LSTM_OBS t=350 0.02113,0.01587,0.00425,4.84039,0.80399,10.54844,-9.77228,-0.02831,0.00000,0.00000,0.00470,1.00000,0.00000,0.00257,-0.00710,1194.57446,0.25000 ===
 57.94288|I|libbeamng.print:18052| === LSTM_TRACE t=360 v=8.13 ws=0.02,0.02,0.01,3.37 cmd=0.999,0.998,0.865,0.868 cap=3097,3093,1682,1686 des=3097,3093,1472,1475 app=2997,3039,1419,1450 abs=nil,nil,nil,nil ebrake=1.00 ibrake=1.00 hasABS=0 sy=10.65 split=1.000,0.875 ===
 57.94292|I|libbeamng.print:18052| === LSTM_OBS t=360 0.02215,0.01764,0.01147,3.37053,0.79941,10.65387,-9.82297,-0.02011,0.00000,0.00000,0.00478,1.00000,0.00000,0.00220,-0.00764,1027.40975,0.25000 ===
 57.98489|I|libbeamng.print:18052| === LSTM_TRACE t=370 v=7.61 ws=0.01,0.01,0.02,2.21 cmd=0.999,0.998,0.865,0.867 cap=3098,3094,1680,1685 des=3098,3094,1470,1474 app=2993,3036,1415,1448 abs=nil,nil,nil,nil ebrake=1.00 ibrake=1.00 hasABS=0 sy=10.65 split=1.000,0.875 ===
 57.98495|I|libbeamng.print:18052| === LSTM_OBS t=370 0.00658,0.00748,0.02099,2.21327,0.72080,10.65261,-9.86929,-0.00966,0.00000,0.00000,0.00582,1.00000,0.00000,0.00212,-0.00826,840.32395,0.25000 ===
 58.02584|I|libbeamng.print:18052| === LSTM_TRACE t=380 v=7.07 ws=0.01,0.00,0.06,0.61 cmd=0.999,0.998,0.864,0.866 cap=3098,3095,1679,1683 des=3098,3095,1469,1472 app=2990,3033,1413,1444 abs=nil,nil,nil,nil ebrake=1.00 ibrake=1.00 hasABS=0 sy=10.66 split=1.000,0.875 ===
 58.02592|I|libbeamng.print:18052| === LSTM_OBS t=380 0.00820,0.00118,0.06481,0.60960,0.75066,10.66374,-9.80896,-0.00266,0.00000,0.00000,0.00357,1.00000,0.00000,0.00180,-0.00890,746.20175,0.25000 ===
 58.07054|I|libbeamng.print:18052| === LSTM_TRACE t=390 v=6.55 ws=0.01,0.00,0.14,0.02 cmd=0.999,0.998,0.863,0.865 cap=3098,3095,1677,1680 des=3098,3095,1467,1470 app=2987,3029,1410,1439 abs=nil,nil,nil,nil ebrake=1.00 ibrake=1.00 hasABS=0 sy=10.59 split=1.000,0.875 ===
 58.07064|I|libbeamng.print:18052| === LSTM_OBS t=390 0.00862,0.00341,0.13871,0.01900,0.68827,10.59224,-9.75059,-0.00538,0.00000,0.00000,0.00604,1.00000,0.00000,0.00194,-0.00885,733.36152,0.25000 ===
 58.12446|I|libbeamng.print:18052| === LSTM_TRACE t=400 v=6.01 ws=0.01,0.00,0.45,0.03 cmd=0.999,0.998,0.863,0.865 cap=3098,3095,1677,1681 des=3098,3095,1468,1470 app=2984,3026,1409,1438 abs=nil,nil,nil,nil ebrake=1.00 ibrake=1.00 hasABS=0 sy=10.60 split=1.000,0.875 ===
 58.12452|I|libbeamng.print:18052| === LSTM_OBS t=400 0.00556,0.00114,0.44683,0.02796,0.67637,10.60176,-9.71896,0.00344,0.00000,0.00000,0.00520,1.00000,0.00000,0.00203,-0.00863,728.10783,0.25000 ===
 58.17965|I|libbeamng.print:18052| === LSTM_TRACE t=410 v=5.48 ws=0.00,0.00,0.39,0.00 cmd=0.999,0.998,0.863,0.865 cap=3098,3095,1677,1681 des=3098,3095,1468,1471 app=2981,3022,1408,1436 abs=nil,nil,nil,nil ebrake=1.00 ibrake=1.00 hasABS=0 sy=10.62 split=1.000,0.875 ===
 58.17971|I|libbeamng.print:18052| === LSTM_OBS t=410 0.00305,0.00170,0.38595,0.00157,0.67070,10.62301,-9.70348,0.00337,0.00000,0.00000,0.00551,1.00000,0.00000,0.00186,-0.00859,727.67252,0.25000 ===
 58.22630|I|libbeamng.print:18052| === LSTM_TRACE t=420 v=4.95 ws=0.00,0.00,0.20,0.02 cmd=0.999,0.998,0.863,0.865 cap=3098,3095,1678,1681 des=3098,3095,1468,1471 app=2978,3019,1408,1434 abs=nil,nil,nil,nil ebrake=1.00 ibrake=1.00 hasABS=0 sy=10.63 split=1.000,0.875 ===
 58.22638|I|libbeamng.print:18052| === LSTM_OBS t=420 0.00074,0.00385,0.19966,0.01849,0.68072,10.62607,-9.67559,0.00579,0.00000,0.00000,0.00533,1.00000,0.00000,0.00099,-0.00856,723.32267,0.25000 ===
 58.27642|I|libbeamng.print:18052| === LSTM_TRACE t=430 v=4.40 ws=0.00,0.00,1.19,0.02 cmd=0.999,0.998,0.866,0.865 cap=3098,3095,1681,1681 des=3098,3095,1471,1471 app=2976,3015,1410,1432 abs=nil,nil,nil,nil ebrake=1.00 ibrake=1.00 hasABS=0 sy=10.67 split=1.000,0.875 ===
 58.27655|I|libbeamng.print:18052| === LSTM_OBS t=430 0.00324,0.00365,1.18715,0.02343,0.65672,10.66737,-9.69893,0.01232,0.00000,0.00000,0.00561,1.00000,0.00000,0.00041,-0.00859,726.36919,0.25000 ===
 58.32710|I|libbeamng.print:18052| === LSTM_TRACE t=440 v=3.83 ws=0.00,0.00,1.43,0.02 cmd=0.999,0.998,0.867,0.865 cap=3098,3095,1685,1680 des=3098,3095,1474,1470 app=2973,3012,1413,1429 abs=nil,nil,nil,nil ebrake=1.00 ibrake=1.00 hasABS=0 sy=10.85 split=1.000,0.875 ===
 58.32717|I|libbeamng.print:18052| === LSTM_OBS t=440 0.00030,0.00243,1.42517,0.02441,0.64204,10.84542,-9.77126,0.02123,0.00000,0.00000,0.00575,1.00000,0.00000,0.00097,-0.00904,724.90396,0.25000 ===
 58.37634|I|libbeamng.print:18052| === LSTM_TRACE t=450 v=3.28 ws=0.00,0.00,0.58,0.01 cmd=0.999,0.999,0.864,0.863 cap=3098,3095,1678,1677 des=3098,3095,1469,1467 app=2971,3009,1408,1425 abs=nil,nil,nil,nil ebrake=1.00 ibrake=1.00 hasABS=0 sy=10.90 split=1.000,0.875 ===
 58.37642|I|libbeamng.print:18052| === LSTM_OBS t=450 0.00127,0.00129,0.57659,0.00962,0.68995,10.89999,-9.71158,0.01746,0.00000,0.00000,0.00584,1.00000,0.00000,0.00083,-0.00956,729.19097,0.25000 ===
 58.43036|I|libbeamng.print:18052| === LSTM_TRACE t=460 v=2.71 ws=0.00,0.00,1.52,0.02 cmd=0.999,0.998,0.866,0.864 cap=3098,3095,1684,1679 des=3098,3095,1473,1470 app=2969,3006,1412,1426 abs=nil,nil,nil,nil ebrake=1.00 ibrake=1.00 hasABS=0 sy=11.03 split=1.000,0.875 ===
 58.43043|I|libbeamng.print:18052| === LSTM_OBS t=460 0.00006,0.00125,1.52013,0.01609,0.70261,11.03301,-9.72735,0.02936,0.00000,0.00000,0.00599,1.00000,0.00000,0.00054,-0.00994,728.18158,0.25000 ===
 58.47770|I|libbeamng.print:18052| === LSTM_TRACE t=470 v=2.14 ws=0.00,0.00,0.79,0.01 cmd=1.000,0.998,0.864,0.863 cap=3098,3095,1679,1676 des=3098,3095,1469,1467 app=2967,3003,1408,1422 abs=nil,nil,nil,nil ebrake=1.00 ibrake=1.00 hasABS=0 sy=11.10 split=1.000,0.875 ===
 58.47776|I|libbeamng.print:18052| === LSTM_OBS t=470 0.00126,0.00144,0.79005,0.01487,0.70349,11.10358,-9.71700,0.02555,0.00000,0.00000,0.00631,1.00000,0.00000,0.00071,-0.01033,731.07712,0.25000 ===
 58.52786|I|libbeamng.print:18052| === LSTM_TRACE t=480 v=1.56 ws=0.00,0.00,1.22,0.01 cmd=0.999,0.998,0.867,0.862 cap=3098,3094,1686,1676 des=3098,3094,1475,1467 app=2965,3000,1414,1421 abs=nil,nil,nil,nil ebrake=1.00 ibrake=1.00 hasABS=0 sy=11.23 split=1.000,0.875 ===
 58.52792|I|libbeamng.print:18052| === LSTM_OBS t=480 0.00059,0.00469,1.22491,0.01058,0.73452,11.23141,-9.71734,0.03893,0.00000,0.00000,0.00643,1.00000,0.00000,0.00050,-0.01066,730.97244,0.25000 ===
 58.58984|I|libbeamng.print:18052| === LSTM_TRACE t=490 v=0.99 ws=0.00,0.00,0.45,0.09 cmd=1.000,0.998,0.866,0.860 cap=3098,3094,1682,1671 des=3098,3094,1472,1462 app=2963,2997,1410,1415 abs=nil,nil,nil,nil ebrake=1.00 ibrake=1.00 hasABS=0 sy=11.29 split=1.000,0.875 ===
 58.58991|I|libbeamng.print:18052| === LSTM_OBS t=490 0.00135,0.00473,0.45372,0.09266,0.77448,11.29316,-9.71342,0.03558,0.00000,0.00000,0.00670,1.00000,0.00000,0.00031,-0.01106,735.17276,0.25000 ===
 89.20750|I|libbeamng.print:18052| === LSTM_TRACE t=0 v=27.71 ws=27.74,27.85,27.37,27.44 cmd=0.896,0.883,0.455,0.472 cap=155,155,97,97 des=155,155,85,85 app=146,148,81,81 abs=nil,nil,nil,nil ebrake=1.00 ibrake=1.00 hasABS=0 sy=1.58 split=1.000,0.875 ===
 89.20757|I|libbeamng.print:18052| === LSTM_OBS t=0 27.74463,27.84935,27.36800,27.44404,0.03591,1.57817,-9.76995,-0.00083,0.00000,0.00000,0.00000,1.00000,0.00000,0.00070,-0.00903,7857.23645,0.25000 ===
 89.26241|I|libbeamng.print:18052| === LSTM_TRACE t=10 v=27.41 ws=26.30,26.03,26.73,26.74 cmd=0.591,0.692,0.705,0.724 cap=1730,2023,1332,1380 des=1730,2023,1165,1207 app=1644,1937,1113,1161 abs=nil,nil,nil,nil ebrake=1.00 ibrake=1.00 hasABS=0 sy=2.14 split=1.000,0.875 ===
 89.26247|I|libbeamng.print:18052| === LSTM_OBS t=10 26.30305,26.03101,26.72868,26.74107,0.02379,2.14062,-9.76950,-0.00210,0.00000,0.00000,0.00104,1.00000,0.00000,0.00070,-0.01001,7772.12476,0.25000 ===
 89.28064|I|libbeamng.print:18052| === LSTM_ABS DBG raw=25.6330,25.0867,26.3492,26.2652,0.0420,2.8700,-9.7463,-0.0126,0.0000,0.0000,0.0031,1.0000,0.0000,0.0008,-0.0111,7673.4163,0.2500 ===
 89.28068|I|libbeamng.print:18052| === LSTM_ABS DBG norm=0.51,0.42,0.51,0.48,-0.12,-2.02,0.00,-0.07,0.06,-0.06,0.05,0.59,-0.02,0.00,0.00,3.80,0.00 ===
 89.28069|I|libbeamng.print:18052| === LSTM_ABS DBG cmd=0.6334,0.7246,0.7439,0.7482 ===
 89.30917|I|libbeamng.print:18052| === LSTM_TRACE t=20 v=26.93 ws=25.34,24.50,25.70,25.68 cmd=0.667,0.721,0.743,0.744 cap=2048,2269,1454,1454 des=2048,2269,1273,1272 app=1965,2193,1227,1234 abs=nil,nil,nil,nil ebrake=1.00 ibrake=1.00 hasABS=0 sy=3.83 split=1.000,0.875 ===
 89.30924|I|libbeamng.print:18052| === LSTM_OBS t=20 25.33955,24.49776,25.70457,25.67891,0.04366,3.83235,-9.59456,0.00554,0.00000,0.00000,0.00234,1.00000,0.00000,0.00088,-0.01284,7524.29331,0.25000 ===
 89.36403|I|libbeamng.print:18052| === LSTM_TRACE t=30 v=26.40 ws=24.83,24.35,24.77,24.97 cmd=0.703,0.756,0.713,0.713 cap=2174,2340,1393,1393 des=2174,2340,1219,1219 app=2102,2277,1184,1190 abs=nil,nil,nil,nil ebrake=1.00 ibrake=1.00 hasABS=0 sy=5.62 split=1.000,0.875 ===
 89.36419|I|libbeamng.print:18052| === LSTM_OBS t=30 24.82793,24.35112,24.76637,24.96918,0.07129,5.62281,-9.36259,-0.02040,0.00000,0.00000,0.00210,1.00000,0.00000,0.00131,-0.01521,7256.92381,0.25000 ===
 89.41583|I|libbeamng.print:18052| === LSTM_TRACE t=40 v=25.84 ws=24.08,23.77,24.08,24.27 cmd=0.763,0.807,0.721,0.719 cap=2347,2489,1382,1377 des=2347,2489,1210,1205 app=2285,2438,1181,1181 abs=nil,nil,nil,nil ebrake=1.00 ibrake=1.00 hasABS=0 sy=7.28 split=1.000,0.875 ===
 89.41591|I|libbeamng.print:18052| === LSTM_OBS t=40 24.07673,23.76855,24.08409,24.27140,0.11125,7.28117,-9.40500,-0.01764,0.00000,0.00000,0.00301,1.00000,0.00000,0.00106,-0.01670,7033.50502,0.25000 ===
 89.46608|I|libbeamng.print:18052| === LSTM_TRACE t=50 v=25.21 ws=23.22,22.74,23.42,23.61 cmd=0.807,0.825,0.738,0.735 cap=2572,2543,1430,1437 des=2572,2543,1251,1258 app=2520,2502,1227,1238 abs=nil,nil,nil,nil ebrake=1.00 ibrake=1.00 hasABS=0 sy=8.68 split=1.000,0.875 ===
 89.46614|I|libbeamng.print:18052| === LSTM_OBS t=50 23.21898,22.73543,23.42148,23.60980,0.12878,8.67525,-9.55268,-0.02100,0.00000,0.00000,0.00326,1.00000,0.00000,0.00075,-0.01810,6829.81653,0.25000 ===
 89.50886|I|libbeamng.print:18052| === LSTM_TRACE t=60 v=24.60 ws=22.24,21.38,22.73,22.72 cmd=0.812,0.830,0.768,0.763 cap=2604,2537,1484,1488 des=2604,2537,1299,1302 app=2561,2505,1278,1285 abs=nil,nil,nil,nil ebrake=1.00 ibrake=1.00 hasABS=0 sy=9.69 split=1.000,0.875 ===
 89.50893|I|libbeamng.print:18052| === LSTM_OBS t=60 22.23698,21.37733,22.72698,22.71527,0.16958,9.69306,-9.64098,-0.02237,0.00000,0.00000,0.00364,1.00000,0.00000,0.00033,-0.01910,6638.37054,0.25000 ===
 89.56112|I|libbeamng.print:18052| === LSTM_TRACE t=70 v=24.01 ws=21.24,19.48,21.93,21.77 cmd=0.837,0.839,0.797,0.795 cap=2539,2511,1560,1554 des=2539,2511,1365,1360 app=2506,2486,1346,1346 abs=nil,nil,nil,nil ebrake=1.00 ibrake=1.00 hasABS=0 sy=10.45 split=1.000,0.875 ===
 89.56128|I|libbeamng.print:18052| === LSTM_OBS t=70 21.23598,19.48031,21.93178,21.76968,0.15553,10.44897,-9.72026,-0.00994,0.00000,0.00000,0.00378,1.00000,0.00000,0.00030,-0.01939,6402.56101,0.25000 ===
 89.60994|I|libbeamng.print:18052| === LSTM_TRACE t=80 v=23.41 ws=19.66,17.45,21.06,21.07 cmd=0.734,0.716,0.824,0.825 cap=2488,2457,1564,1565 des=2488,2457,1368,1370 app=2461,2436,1353,1357 abs=nil,nil,nil,nil ebrake=1.00 ibrake=1.00 hasABS=0 sy=10.82 split=1.000,0.875 ===
 89.61002|I|libbeamng.print:18052| === LSTM_OBS t=80 19.65927,17.44827,21.05898,21.06606,0.13742,10.82109,-9.73805,0.00499,0.00000,0.00000,0.00357,1.00000,0.00000,0.00060,-0.01895,6171.57960,0.25000 ===
 89.65570|I|libbeamng.print:18052| === LSTM_TRACE t=90 v=22.84 ws=18.03,15.23,20.08,20.20 cmd=0.627,0.581,0.811,0.822 cap=1726,1673,1617,1624 des=1726,1673,1415,1421 app=2163,2154,1401,1410 abs=nil,nil,nil,nil ebrake=1.00 ibrake=1.00 hasABS=0 sy=11.06 split=1.000,0.875 ===
 89.65580|I|libbeamng.print:18052| === LSTM_OBS t=90 18.02687,15.22873,20.07982,20.19823,0.09031,11.06441,-9.68924,0.00637,0.00000,0.00000,0.00256,1.00000,0.00000,0.00101,-0.01796,5900.32047,0.25000 ===
 89.69948|I|libbeamng.print:18052| === LSTM_TRACE t=100 v=22.28 ws=17.30,14.47,19.13,19.73 cmd=0.776,0.754,0.805,0.820 cap=2253,2184,1552,1581 des=2253,2184,1358,1383 app=2235,2170,1346,1375 abs=nil,nil,nil,nil ebrake=1.00 ibrake=1.00 hasABS=0 sy=11.15 split=1.000,0.875 ===
 89.69958|I|libbeamng.print:18052| === LSTM_OBS t=100 17.29932,14.46948,19.13325,19.73239,0.11416,11.15250,-9.60825,0.00271,0.00000,0.00000,0.00311,1.00000,0.00000,0.00151,-0.01682,5669.29962,0.25000 ===
 89.75412|I|libbeamng.print:18052| === LSTM_TRACE t=110 v=21.72 ws=16.37,13.83,18.13,19.04 cmd=0.781,0.767,0.781,0.798 cap=2598,2471,1518,1564 des=2598,2471,1328,1368 app=2257,2111,1318,1361 abs=nil,nil,nil,nil ebrake=1.00 ibrake=1.00 hasABS=0 sy=11.19 split=1.000,0.875 ===
 89.75419|I|libbeamng.print:18052| === LSTM_OBS t=110 16.36764,13.83026,18.12863,19.04317,0.11687,11.19113,-9.56478,-0.00269,0.00000,0.00000,0.00322,1.00000,0.00000,0.00170,-0.01570,5452.00758,0.25000 ===
 89.79715|I|libbeamng.print:18052| === LSTM_TRACE t=120 v=21.15 ws=15.74,13.18,17.25,18.32 cmd=0.489,0.429,0.797,0.815 cap=2238,2181,1596,1618 des=2238,2181,1396,1416 app=2224,2168,1387,1409 abs=nil,nil,nil,nil ebrake=1.00 ibrake=1.00 hasABS=0 sy=11.22 split=1.000,0.875 ===
 89.79723|I|libbeamng.print:18052| === LSTM_OBS t=120 15.73543,13.18013,17.24522,18.32152,0.09121,11.22472,-9.54550,0.00869,0.00000,0.00000,0.00315,1.00000,0.00000,0.00178,-0.01474,5222.61521,0.25000 ===
 89.84715|I|libbeamng.print:18052| === LSTM_TRACE t=130 v=20.56 ws=15.28,12.99,16.65,17.96 cmd=0.791,0.764,0.756,0.776 cap=1733,1569,1453,1492 des=1733,1569,1271,1305 app=1723,1560,1263,1300 abs=nil,nil,nil,nil ebrake=1.00 ibrake=1.00 hasABS=0 sy=11.28 split=1.000,0.875 ===
 89.84727|I|libbeamng.print:18052| === LSTM_OBS t=130 15.28461,12.99433,16.65396,17.96255,0.04441,11.28210,-9.59539,0.01269,0.00000,0.00000,0.00307,1.00000,0.00000,0.00176,-0.01413,5011.29681,0.25000 ===
 89.89259|I|libbeamng.print:18052| === LSTM_TRACE t=140 v=19.99 ws=14.94,12.92,15.39,17.59 cmd=0.688,0.696,0.760,0.769 cap=2160,2137,1434,1452 des=2160,2137,1255,1271 app=2149,2126,1247,1266 abs=nil,nil,nil,nil ebrake=1.00 ibrake=1.00 hasABS=0 sy=11.35 split=1.000,0.875 ===
 89.89264|I|libbeamng.print:18052| === LSTM_OBS t=140 14.93559,12.91638,15.39348,17.58855,-0.00319,11.34851,-9.62041,0.00910,0.00000,0.00000,0.00244,1.00000,0.00000,0.00183,-0.01377,4820.53692,0.25000 ===
 89.94539|I|libbeamng.print:18052| === LSTM_TRACE t=150 v=19.42 ws=14.67,12.29,14.61,17.10 cmd=0.679,0.695,0.707,0.712 cap=2208,2247,1417,1424 des=2208,2247,1240,1246 app=2198,2236,1233,1242 abs=nil,nil,nil,nil ebrake=1.00 ibrake=1.00 hasABS=0 sy=11.38 split=1.000,0.875 ===
 89.94545|I|libbeamng.print:18052| === LSTM_OBS t=150 14.66938,12.29347,14.60696,17.09949,-0.02773,11.37692,-9.66902,-0.00074,0.00000,0.00000,0.00210,1.00000,0.00000,0.00199,-0.01356,4625.47331,0.25000 ===
 89.99266|I|libbeamng.print:18052| === LSTM_TRACE t=160 v=18.85 ws=14.50,11.03,12.88,16.48 cmd=0.780,0.730,0.617,0.625 cap=2136,1898,1301,1324 des=2136,1898,1139,1159 app=2126,1934,1132,1155 abs=nil,nil,nil,nil ebrake=1.00 ibrake=1.00 hasABS=0 sy=11.42 split=1.000,0.875 ===
 89.99276|I|libbeamng.print:18052| === LSTM_OBS t=160 14.50307,11.02806,12.88229,16.47698,-0.05629,11.41948,-9.69957,-0.01396,0.00000,0.00000,0.00331,1.00000,0.00000,0.00212,-0.01362,4485.32067,0.25000 ===
 90.04730|I|libbeamng.print:18052| === LSTM_TRACE t=170 v=18.28 ws=14.31,9.42,11.34,16.22 cmd=0.724,0.706,0.512,0.536 cap=2116,2128,1030,1064 des=2116,2128,901,931 app=2107,2117,896,928 abs=nil,nil,nil,nil ebrake=1.00 ibrake=1.00 hasABS=0 sy=11.43 split=1.000,0.875 ===
 90.04738|I|libbeamng.print:18052| === LSTM_OBS t=170 14.30815,9.41662,11.33712,16.21795,-0.05760,11.43445,-9.73286,0.00107,0.00000,0.00000,0.00285,1.00000,0.00000,0.00191,-0.01411,4399.55928,0.25000 ===
 90.09598|I|libbeamng.print:18052| === LSTM_TRACE t=180 v=17.70 ws=14.89,7.54,9.81,15.47 cmd=0.750,0.723,0.408,0.439 cap=1654,1589,811,885 des=1654,1589,710,774 app=1757,1704,705,771 abs=nil,nil,nil,nil ebrake=1.00 ibrake=1.00 hasABS=0 sy=11.43 split=1.000,0.875 ===
 90.09603|I|libbeamng.print:18052| === LSTM_OBS t=180 14.88525,7.53870,9.80913,15.47061,-0.06680,11.42844,-9.76209,-0.00427,0.00000,0.00000,0.00329,1.00000,0.00000,0.00163,-0.01477,4372.90455,0.25000 ===
 90.14797|I|libbeamng.print:18052| === LSTM_TRACE t=190 v=17.14 ws=15.50,6.25,8.40,15.22 cmd=0.761,0.696,0.416,0.457 cap=2244,2020,856,925 des=2244,2020,749,810 app=2236,2010,743,806 abs=nil,nil,nil,nil ebrake=1.00 ibrake=1.00 hasABS=0 sy=11.42 split=1.000,0.875 ===
 90.14802|I|libbeamng.print:18052| === LSTM_OBS t=190 15.50453,6.24575,8.39863,15.22352,-0.07539,11.41919,-9.75948,0.00026,0.00000,0.00000,0.00342,1.00000,0.00000,0.00166,-0.01571,4375.68115,0.25000 ===
 90.19652|I|libbeamng.print:18052| === LSTM_TRACE t=200 v=16.58 ws=15.40,5.29,7.01,15.36 cmd=0.867,0.796,0.403,0.446 cap=2358,2080,788,877 des=2358,2080,689,767 app=2273,2069,683,764 abs=nil,nil,nil,nil ebrake=1.00 ibrake=1.00 hasABS=0 sy=11.36 split=1.000,0.875 ===
 90.19657|I|libbeamng.print:18052| === LSTM_OBS t=200 15.40170,5.29038,7.01305,15.35994,-0.05452,11.35520,-9.74879,-0.00601,0.00000,0.00000,0.00398,1.00000,0.00000,0.00170,-0.01682,4372.42732,0.25000 ===
 90.24663|I|libbeamng.print:18052| === LSTM_TRACE t=210 v=16.05 ws=14.59,4.32,5.81,14.83 cmd=0.700,0.601,0.463,0.511 cap=2101,1841,912,992 des=2101,1841,798,868 app=2095,1830,790,864 abs=nil,nil,nil,nil ebrake=1.00 ibrake=1.00 hasABS=0 sy=11.23 split=1.000,0.875 ===
 90.24676|I|libbeamng.print:18052| === LSTM_OBS t=210 14.58896,4.31802,5.81334,14.83386,-0.01494,11.23339,-9.73943,-0.00072,0.00000,0.00000,0.00392,1.00000,0.00000,0.00100,-0.01732,4348.86727,0.25000 ===
 90.29963|I|libbeamng.print:18052| === LSTM_TRACE t=220 v=15.51 ws=14.12,3.98,5.08,14.64 cmd=0.811,0.699,0.565,0.614 cap=1690,1347,1101,1193 des=1690,1347,963,1044 app=1686,1362,953,1039 abs=nil,nil,nil,nil ebrake=1.00 ibrake=1.00 hasABS=0 sy=11.12 split=1.000,0.875 ===
 90.29969|I|libbeamng.print:18052| === LSTM_OBS t=220 14.11849,3.97810,5.07599,14.63831,-0.02768,11.11907,-9.74253,0.00561,0.00000,0.00000,0.00395,1.00000,0.00000,0.00020,-0.01754,4285.60164,0.25000 ===
 90.34971|I|libbeamng.print:18052| === LSTM_TRACE t=230 v=14.99 ws=13.57,4.24,4.73,14.42 cmd=0.777,0.738,0.635,0.665 cap=2241,1990,1239,1301 des=2241,1990,1084,1138 app=2236,1837,1071,1133 abs=nil,nil,nil,nil ebrake=1.00 ibrake=1.00 hasABS=0 sy=10.96 split=1.000,0.875 ===
 90.34976|I|libbeamng.print:18052| === LSTM_OBS t=230 13.56810,4.24363,4.73486,14.41748,-0.09150,10.96311,-9.64732,-0.00311,0.00000,0.00000,0.00162,1.00000,0.00000,0.00031,-0.01742,4154.11579,0.25000 ===
 90.40129|I|libbeamng.print:18052| === LSTM_TRACE t=240 v=14.47 ws=12.81,3.44,4.26,13.79 cmd=0.737,0.601,0.689,0.727 cap=2067,1638,1375,1451 des=2067,1638,1203,1270 app=2062,1625,1189,1264 abs=nil,nil,nil,nil ebrake=1.00 ibrake=1.00 hasABS=0 sy=10.79 split=1.000,0.875 ===
 90.40134|I|libbeamng.print:18052| === LSTM_OBS t=240 12.81185,3.44338,4.26347,13.79302,-0.06982,10.79157,-9.55923,-0.00159,0.00000,0.00000,0.00487,1.00000,0.00000,0.00044,-0.01704,3982.72174,0.25000 ===
 90.45237|I|libbeamng.print:18052| === LSTM_TRACE t=250 v=13.93 ws=12.37,2.68,3.80,13.25 cmd=0.509,0.522,0.720,0.740 cap=2234,2056,1416,1462 des=2234,2056,1239,1279 app=2229,2039,1223,1273 abs=nil,nil,nil,nil ebrake=1.00 ibrake=1.00 hasABS=0 sy=10.70 split=1.000,0.875 ===
 90.45241|I|libbeamng.print:18052| === LSTM_OBS t=250 12.36694,2.68252,3.79849,13.25228,-0.11123,10.69594,-9.47277,-0.00666,0.00000,0.00000,0.00000,1.00000,0.00000,0.00042,-0.01649,3796.47422,0.25000 ===
 90.50204|I|libbeamng.print:18052| === LSTM_TRACE t=260 v=13.41 ws=12.05,1.80,3.69,12.43 cmd=0.541,0.486,0.748,0.775 cap=1917,1769,1464,1512 des=1917,1769,1281,1323 app=1968,1847,1263,1318 abs=nil,nil,nil,nil ebrake=1.00 ibrake=1.00 hasABS=0 sy=10.64 split=1.000,0.875 ===
 90.50209|I|libbeamng.print:18052| === LSTM_OBS t=260 12.04713,1.80093,3.68600,12.42664,-0.05765,10.64359,-9.48253,-0.00789,0.00000,0.00000,0.00254,1.00000,0.00000,-0.00020,-0.01575,3602.11004,0.25000 ===
 90.55227|I|libbeamng.print:18052| === LSTM_TRACE t=270 v=12.87 ws=12.28,1.06,3.28,12.00 cmd=0.815,0.670,0.761,0.786 cap=2341,1785,1475,1537 des=2341,1785,1290,1345 app=2231,1767,1272,1339 abs=nil,nil,nil,nil ebrake=1.00 ibrake=1.00 hasABS=0 sy=10.66 split=1.000,0.875 ===
 90.55235|I|libbeamng.print:18052| === LSTM_OBS t=270 12.28357,1.06411,3.28263,11.99804,-0.06581,10.65901,-9.49261,0.00868,0.00000,0.00000,0.00357,1.00000,0.00000,-0.00021,-0.01497,3409.03563,0.25000 ===
 90.60418|I|libbeamng.print:18052| === LSTM_TRACE t=280 v=12.37 ws=11.46,0.26,2.90,11.81 cmd=0.547,0.569,0.765,0.775 cap=2184,1962,1494,1521 des=2184,1962,1307,1331 app=2179,1941,1287,1325 abs=nil,nil,nil,nil ebrake=1.00 ibrake=1.00 hasABS=0 sy=10.59 split=1.000,0.875 ===
 90.60424|I|libbeamng.print:18052| === LSTM_OBS t=280 11.45991,0.26483,2.89896,11.81170,0.02904,10.58672,-9.49668,-0.01313,0.00000,0.00000,0.00216,1.00000,0.00000,-0.00070,-0.01414,3210.77897,0.25000 ===
 90.65272|I|libbeamng.print:18052| === LSTM_TRACE t=290 v=11.85 ws=11.05,0.02,2.51,11.12 cmd=0.710,0.661,0.790,0.805 cap=2218,2185,1536,1559 des=2218,2185,1344,1364 app=2214,2161,1323,1358 abs=nil,nil,nil,nil ebrake=1.00 ibrake=1.00 hasABS=0 sy=10.55 split=1.000,0.875 ===
 90.65276|I|libbeamng.print:18052| === LSTM_OBS t=290 11.05457,0.02174,2.51211,11.12415,0.03087,10.55178,-9.58261,-0.01372,0.00000,0.00000,0.00406,1.00000,0.00000,-0.00036,-0.01353,3011.46331,0.25000 ===
 90.70020|I|libbeamng.print:18052| === LSTM_TRACE t=300 v=11.32 ws=10.16,0.04,1.74,10.97 cmd=0.716,0.680,0.781,0.783 cap=2198,1921,1537,1551 des=2198,1921,1345,1357 app=2193,1898,1323,1352 abs=nil,nil,nil,nil ebrake=1.00 ibrake=1.00 hasABS=0 sy=10.57 split=1.000,0.875 ===
 90.70029|I|libbeamng.print:18052| === LSTM_OBS t=300 10.15796,0.04198,1.73863,10.96672,0.04016,10.56616,-9.68228,-0.02095,0.00000,0.00000,0.00448,1.00000,0.00000,0.00017,-0.01285,2831.44971,0.25000 ===
 90.75006|I|libbeamng.print:18052| === LSTM_TRACE t=310 v=10.77 ws=9.52,0.02,1.52,10.30 cmd=0.721,0.713,0.781,0.774 cap=2154,2071,1507,1493 des=2154,2071,1319,1306 app=2150,2044,1297,1301 abs=nil,nil,nil,nil ebrake=1.00 ibrake=1.00 hasABS=0 sy=10.63 split=1.000,0.875 ===
 90.75014|I|libbeamng.print:18052| === LSTM_OBS t=310 9.52495,0.01570,1.51952,10.30259,0.03303,10.62785,-9.75441,-0.01401,0.00000,0.00000,0.00448,1.00000,0.00000,0.00009,-0.01208,2632.99777,0.25000 ===
 90.80303|I|libbeamng.print:18052| === LSTM_TRACE t=320 v=10.21 ws=8.55,0.07,1.47,9.43 cmd=0.633,0.574,0.769,0.757 cap=2406,2244,1484,1463 des=2406,2244,1298,1280 app=2401,2213,1276,1275 abs=nil,nil,nil,nil ebrake=1.00 ibrake=1.00 hasABS=0 sy=10.64 split=1.000,0.875 ===
 90.80308|I|libbeamng.print:18052| === LSTM_OBS t=320 8.54544,0.07332,1.46506,9.42980,0.03549,10.64132,-9.70805,0.00701,0.00000,0.00000,0.00274,1.00000,0.00000,-0.00014,-0.01153,2429.89321,0.25000 ===
 90.85252|I|libbeamng.print:18052| === LSTM_TRACE t=330 v=9.67 ws=7.86,0.04,0.88,9.19 cmd=0.583,0.576,0.710,0.696 cap=1719,1631,1404,1370 des=1719,1631,1229,1198 app=2089,1918,1206,1193 abs=nil,nil,nil,nil ebrake=1.00 ibrake=1.00 hasABS=0 sy=10.76 split=1.000,0.875 ===
 90.85257|I|libbeamng.print:18052| === LSTM_OBS t=330 7.86276,0.04320,0.88433,9.19145,0.01236,10.75506,-9.72647,0.00270,0.00000,0.00000,0.00192,1.00000,0.00000,0.00011,-0.01138,2256.67412,0.25000 ===
 90.89998|I|libbeamng.print:18052| === LSTM_TRACE t=340 v=9.14 ws=8.07,0.31,0.48,8.97 cmd=0.844,0.817,0.662,0.643 cap=2092,2035,1267,1224 des=2092,2035,1108,1071 app=2086,1938,1087,1067 abs=nil,nil,nil,nil ebrake=1.00 ibrake=1.00 hasABS=0 sy=10.77 split=1.000,0.875 ===
 90.90003|I|libbeamng.print:18052| === LSTM_OBS t=340 8.06526,0.30632,0.48424,8.96522,0.06058,10.77039,-9.74946,-0.00058,0.00000,0.00000,0.00338,1.00000,0.00000,-0.00053,-0.01122,2097.98554,0.25000 ===
 90.95032|I|libbeamng.print:18052| === LSTM_TRACE t=350 v=8.59 ws=7.61,0.05,0.94,7.77 cmd=0.693,0.635,0.612,0.582 cap=2041,1716,1233,1182 des=2041,1716,1079,1034 app=2036,1763,1057,1029 abs=nil,nil,nil,nil ebrake=1.00 ibrake=1.00 hasABS=0 sy=10.73 split=1.000,0.875 ===
 90.95037|I|libbeamng.print:18052| === LSTM_OBS t=350 7.60682,0.04637,0.93514,7.76805,0.05661,10.72737,-9.73742,-0.00148,0.00000,0.00000,0.00301,1.00000,0.00000,-0.00185,-0.01095,1935.63815,0.25000 ===
 91.00106|I|libbeamng.print:18052| === LSTM_TRACE t=360 v=8.03 ws=7.17,0.15,1.09,7.06 cmd=0.724,0.700,0.617,0.578 cap=2334,2244,1201,1121 des=2334,2244,1051,981 app=2327,2206,1029,976 abs=nil,nil,nil,nil ebrake=1.00 ibrake=1.00 hasABS=0 sy=10.89 split=1.000,0.875 ===
 91.00111|I|libbeamng.print:18052| === LSTM_OBS t=360 7.17021,0.14905,1.08539,7.05931,-0.00513,10.88577,-9.81169,0.00662,0.00000,0.00000,0.00328,1.00000,0.00000,-0.00152,-0.01166,1827.45016,0.25000 ===
 91.05012|I|libbeamng.print:18052| === LSTM_TRACE t=370 v=7.48 ws=6.53,0.33,0.42,7.26 cmd=0.748,0.707,0.617,0.577 cap=2152,1974,1219,1146 des=2152,1974,1066,1003 app=2145,1940,1044,998 abs=nil,nil,nil,nil ebrake=1.00 ibrake=1.00 hasABS=0 sy=10.92 split=1.000,0.875 ===
 91.05019|I|libbeamng.print:18052| === LSTM_OBS t=370 6.53332,0.32733,0.41565,7.25853,0.06020,10.91809,-9.75522,-0.00550,0.00000,0.00000,0.00349,1.00000,0.00000,-0.00171,-0.01238,1708.73247,0.25000 ===
 91.10000|I|libbeamng.print:18052| === LSTM_TRACE t=380 v=6.94 ws=5.85,0.62,0.92,6.44 cmd=0.696,0.668,0.617,0.558 cap=2262,2032,1214,1120 des=2262,2032,1062,980 app=2254,1995,1039,975 abs=nil,nil,nil,nil ebrake=1.00 ibrake=1.00 hasABS=0 sy=10.88 split=1.000,0.875 ===
 91.10009|I|libbeamng.print:18052| === LSTM_OBS t=380 5.84658,0.61674,0.91919,6.43637,0.07598,10.87738,-9.67842,-0.00592,0.00000,0.00000,0.00224,1.00000,0.00000,-0.00288,-0.01274,1568.06456,0.25000 ===
 91.14927|I|libbeamng.print:18052| === LSTM_TRACE t=390 v=6.37 ws=5.34,0.05,0.96,5.86 cmd=0.736,0.738,0.643,0.567 cap=2200,2201,1230,1074 des=2200,2201,1076,940 app=2191,2160,1052,934 abs=nil,nil,nil,nil ebrake=1.00 ibrake=1.00 hasABS=0 sy=10.99 split=1.000,0.875 ===
 91.14935|I|libbeamng.print:18052| === LSTM_OBS t=390 5.33666,0.04990,0.96223,5.86416,-0.01680,10.99192,-9.74882,0.01224,0.00000,0.00000,0.00338,1.00000,0.00000,-0.00195,-0.01370,1459.50901,0.25000 ===
 91.20019|I|libbeamng.print:18052| === LSTM_TRACE t=400 v=5.82 ws=4.31,0.00,0.14,5.74 cmd=0.757,0.832,0.652,0.550 cap=2235,2440,1241,1027 des=2235,2440,1086,898 app=2226,2393,1062,892 abs=nil,nil,nil,nil ebrake=1.00 ibrake=1.00 hasABS=0 sy=11.06 split=1.000,0.875 ===
 91.20026|I|libbeamng.print:18052| === LSTM_OBS t=400 4.30562,0.00023,0.13997,5.73937,0.02435,11.06095,-9.71538,0.00002,0.00000,0.00000,0.00234,1.00000,0.00000,-0.00054,-0.01468,1340.58606,0.25000 ===
 91.24670|I|libbeamng.print:18052| === LSTM_TRACE t=410 v=5.26 ws=1.47,0.00,0.05,5.05 cmd=0.830,0.800,0.665,0.566 cap=2652,2526,1294,1128 des=2652,2526,1132,987 app=2641,2476,1106,980 abs=nil,nil,nil,nil ebrake=1.00 ibrake=1.00 hasABS=0 sy=11.03 split=1.000,0.875 ===
 91.24676|I|libbeamng.print:18052| === LSTM_OBS t=410 1.47498,0.00266,0.04692,5.04909,0.02930,11.02839,-9.75441,0.02212,0.00000,0.00000,0.00555,1.00000,0.00000,0.00069,-0.01498,1209.17310,0.25000 ===
 91.29680|I|libbeamng.print:18052| === LSTM_TRACE t=420 v=4.78 ws=0.03,0.00,0.03,4.30 cmd=0.973,0.975,0.711,0.647 cap=3014,3009,1366,1253 des=3014,3009,1195,1097 app=2998,2948,1167,1089 abs=nil,nil,nil,nil ebrake=1.00 ibrake=1.00 hasABS=0 sy=10.83 split=1.000,0.875 ===
 91.29684|I|libbeamng.print:18052| === LSTM_OBS t=420 0.02761,0.00289,0.02780,4.30448,0.04213,10.82856,-9.68028,-0.00364,0.00000,0.00000,0.00142,1.00000,0.00000,0.00050,-0.01509,1056.88508,0.25000 ===
 91.34723|I|libbeamng.print:18052| === LSTM_TRACE t=430 v=4.23 ws=0.02,0.02,0.06,3.69 cmd=0.994,0.991,0.855,0.830 cap=3079,3069,1632,1576 des=3079,3069,1428,1379 app=3060,3005,1394,1369 abs=nil,nil,nil,nil ebrake=1.00 ibrake=1.00 hasABS=0 sy=10.71 split=1.000,0.875 ===
 91.34728|I|libbeamng.print:18052| === LSTM_OBS t=430 0.02112,0.01683,0.06261,3.68645,-0.03005,10.70900,-9.60343,0.00133,0.00000,0.00000,0.00274,1.00000,0.00000,0.00046,-0.01513,909.66224,0.25000 ===
 91.39677|I|libbeamng.print:18052| === LSTM_TRACE t=440 v=3.67 ws=0.02,0.02,0.03,1.40 cmd=0.999,0.998,0.870,0.857 cap=3096,3092,1693,1667 des=3096,3092,1482,1459 app=3076,3026,1445,1448 abs=nil,nil,nil,nil ebrake=1.00 ibrake=1.00 hasABS=0 sy=10.77 split=1.000,0.875 ===
 91.39682|I|libbeamng.print:18052| === LSTM_OBS t=440 0.01733,0.01502,0.03118,1.39800,0.01633,10.77290,-9.55489,-0.01378,0.00000,0.00000,0.00249,1.00000,0.00000,0.00032,-0.01539,765.78919,0.25000 ===
 91.44736|I|libbeamng.print:18052| === LSTM_TRACE t=450 v=3.14 ws=0.02,0.01,0.08,0.10 cmd=0.999,0.998,0.865,0.856 cap=3098,3093,1681,1662 des=3098,3093,1471,1454 app=3074,3026,1434,1442 abs=nil,nil,nil,nil ebrake=1.00 ibrake=1.00 hasABS=0 sy=10.80 split=1.000,0.875 ===
 91.44742|I|libbeamng.print:18052| === LSTM_OBS t=450 0.01837,0.00579,0.08276,0.09854,0.02752,10.80344,-9.52101,-0.01266,0.00000,0.00000,0.00417,1.00000,0.00000,-0.00018,-0.01518,733.29703,0.25000 ===
 91.49914|I|libbeamng.print:18052| === LSTM_TRACE t=460 v=2.59 ws=0.01,0.01,0.32,0.04 cmd=0.999,0.997,0.869,0.862 cap=3097,3091,1688,1674 des=3097,3091,1477,1465 app=3071,3022,1440,1451 abs=nil,nil,nil,nil ebrake=1.00 ibrake=1.00 hasABS=0 sy=10.84 split=1.000,0.875 ===
 91.49921|I|libbeamng.print:18052| === LSTM_OBS t=460 0.01412,0.00595,0.32302,0.04103,0.03650,10.83747,-9.52931,-0.00141,0.00000,0.00000,0.00280,1.00000,0.00000,-0.00054,-0.01446,727.42710,0.25000 ===
 91.54665|I|libbeamng.print:18052| === LSTM_TRACE t=470 v=2.04 ws=0.00,0.00,0.32,0.02 cmd=0.999,0.997,0.871,0.866 cap=3097,3090,1693,1682 des=3097,3090,1481,1471 app=3069,3020,1443,1457 abs=nil,nil,nil,nil ebrake=1.00 ibrake=1.00 hasABS=0 sy=10.90 split=1.000,0.875 ===
 91.54670|I|libbeamng.print:18052| === LSTM_OBS t=470 0.00190,0.00085,0.31970,0.02122,0.05281,10.89614,-9.53244,-0.00705,0.00000,0.00000,0.00338,1.00000,0.00000,-0.00102,-0.01345,730.16711,0.25000 ===
 91.59643|I|libbeamng.print:18052| === LSTM_TRACE t=480 v=1.44 ws=0.00,0.00,1.68,0.02 cmd=0.999,0.996,0.878,0.869 cap=3096,3087,1700,1689 des=3096,3087,1488,1478 app=3066,3016,1450,1462 abs=nil,nil,nil,nil ebrake=1.00 ibrake=1.00 hasABS=0 sy=11.06 split=1.000,0.875 ===
 91.59648|I|libbeamng.print:18052| === LSTM_OBS t=480 0.00377,0.00171,1.67873,0.01649,0.07849,11.06283,-9.56861,0.01191,0.00000,0.00000,0.00335,1.00000,0.00000,-0.00150,-0.01261,727.42732,0.25000 ===
 91.65131|I|libbeamng.print:18052| === LSTM_TRACE t=490 v=0.87 ws=0.00,0.01,0.71,0.03 cmd=0.999,0.996,0.876,0.870 cap=3096,3088,1700,1690 des=3096,3088,1488,1479 app=3064,3016,1450,1463 abs=nil,nil,nil,nil ebrake=1.00 ibrake=1.00 hasABS=0 sy=11.22 split=1.000,0.875 ===
 91.65135|I|libbeamng.print:18052| === LSTM_OBS t=490 0.00338,0.00651,0.70887,0.03322,0.21379,11.22285,-9.62434,0.03106,0.00000,0.00000,0.00372,1.00000,0.00000,-0.00165,-0.01232,728.48285,0.25000 ===
 96.00021|I|libbeamng.print:18052| === LSTM_ABS: lens 'baseline_mix_epg_s1' loaded (1 member, 17 in, 64 hidden, 2 layers) ===
 96.00253|I|libbeamng.print:18052| === LSTM_ABS SELFTEST lens=baseline_mix_epg_s1 cmd=0.992809,0.992287,0.852112,0.873145 ===
125.85954|I|libbeamng.print:18052| === LSTM_TRACE t=0 v=27.71 ws=27.66,27.80,27.44,27.44 cmd=0.942,0.938,0.376,0.394 cap=155,155,97,97 des=155,155,85,85 app=151,150,82,83 abs=nil,nil,nil,nil ebrake=1.00 ibrake=1.00 hasABS=0 sy=1.57 split=1.000,0.875 ===
125.85960|I|libbeamng.print:18052| === LSTM_OBS t=0 27.65836,27.79523,27.43904,27.44028,-0.03525,1.56635,-9.78569,-0.00794,0.00000,0.00000,0.00069,1.00000,0.00000,0.00095,-0.00902,7858.77600,0.25000 ===
125.91930|I|libbeamng.print:18052| === LSTM_TRACE t=10 v=27.42 ws=26.16,25.41,26.71,26.75 cmd=0.588,0.736,0.720,0.748 cap=1757,2238,1316,1367 des=1757,2238,1152,1196 app=1713,2174,1117,1172 abs=nil,nil,nil,nil ebrake=1.00 ibrake=1.00 hasABS=0 sy=2.21 split=1.000,0.875 ===
125.91936|I|libbeamng.print:18052| === LSTM_OBS t=10 26.16174,25.41062,26.71007,26.75210,-0.02153,2.20792,-9.80369,-0.00607,0.00000,0.00000,0.00162,1.00000,0.00000,0.00100,-0.01002,7776.13883,0.25000 ===
125.93818|I|libbeamng.print:18052| === LSTM_ABS DBG raw=25.5507,24.5745,26.3877,26.3053,-0.0070,2.9093,-9.7195,-0.0168,0.0000,0.0000,0.0029,1.0000,0.0000,0.0011,-0.0112,7680.7023,0.2500 ===
125.93823|I|libbeamng.print:18052| === LSTM_ABS DBG norm=0.51,0.39,0.52,0.49,-0.16,-2.01,0.00,-0.10,0.06,-0.06,0.03,0.59,-0.02,0.00,0.00,3.80,0.00 ===
125.93824|I|libbeamng.print:18052| === LSTM_ABS DBG cmd=0.6290,0.7549,0.7698,0.7972 ===
125.97051|I|libbeamng.print:18052| === LSTM_TRACE t=20 v=26.93 ws=25.41,23.92,25.75,25.61 cmd=0.700,0.798,0.780,0.806 cap=2045,2391,1517,1566 des=2045,2391,1327,1370 app=2005,2338,1297,1350 abs=nil,nil,nil,nil ebrake=1.00 ibrake=1.00 hasABS=0 sy=3.86 split=1.000,0.875 ===
125.97057|I|libbeamng.print:18052| === LSTM_OBS t=20 25.41476,23.91567,25.75177,25.60735,-0.00855,3.85673,-9.61539,-0.00557,0.00000,0.00000,0.00198,1.00000,0.00000,0.00118,-0.01314,7526.70658,0.25000 ===
126.01897|I|libbeamng.print:18052| === LSTM_TRACE t=30 v=26.40 ws=24.13,22.00,24.64,24.56 cmd=0.763,0.813,0.806,0.826 cap=2256,2436,1579,1616 des=2256,2436,1382,1414 app=2222,2395,1358,1399 abs=nil,nil,nil,nil ebrake=1.00 ibrake=1.00 hasABS=0 sy=5.65 split=1.000,0.875 ===
126.01903|I|libbeamng.print:18052| === LSTM_OBS t=30 24.13012,21.99992,24.63627,24.56175,0.03628,5.65007,-9.40583,-0.01252,0.00000,0.00000,0.00285,1.00000,0.00000,0.00143,-0.01564,7217.24035,0.25000 ===
126.07270|I|libbeamng.print:18052| === LSTM_TRACE t=40 v=25.81 ws=23.11,19.62,23.79,23.53 cmd=0.830,0.842,0.825,0.840 cap=2470,2522,1605,1634 des=2470,2522,1405,1430 app=2442,2489,1386,1419 abs=nil,nil,nil,nil ebrake=1.00 ibrake=1.00 hasABS=0 sy=7.21 split=1.000,0.875 ===
126.07276|I|libbeamng.print:18052| === LSTM_OBS t=40 23.10907,19.61758,23.78584,23.53220,0.04496,7.20565,-9.41826,-0.01247,0.00000,0.00000,0.00289,1.00000,0.00000,0.00133,-0.01708,6927.64760,0.25000 ===
126.12110|I|libbeamng.print:18052| === LSTM_TRACE t=50 v=25.22 ws=21.65,15.58,22.79,22.64 cmd=0.814,0.813,0.835,0.848 cap=2396,2392,1634,1654 des=2396,2392,1430,1447 app=2376,2366,1415,1439 abs=nil,nil,nil,nil ebrake=1.00 ibrake=1.00 hasABS=0 sy=8.55 split=1.000,0.875 ===
126.12124|I|libbeamng.print:18052| === LSTM_OBS t=50 21.64973,15.57653,22.78680,22.63788,0.04429,8.54578,-9.49513,0.01066,0.00000,0.00000,0.00331,1.00000,0.00000,0.00154,-0.01798,6658.22064,0.25000 ===
126.16428|I|libbeamng.print:18052| === LSTM_TRACE t=60 v=24.64 ws=19.38,10.69,21.80,21.89 cmd=0.846,0.833,0.826,0.844 cap=2631,2593,1605,1640 des=2631,2593,1404,1435 app=2615,2568,1393,1429 abs=nil,nil,nil,nil ebrake=1.00 ibrake=1.00 hasABS=0 sy=9.41 split=1.000,0.875 ===
126.16435|I|libbeamng.print:18052| === LSTM_OBS t=60 19.38158,10.68578,21.79695,21.89445,0.03486,9.41211,-9.63620,0.02314,0.00000,0.00000,0.00342,1.00000,0.00000,0.00180,-0.01809,6400.15421,0.25000 ===
126.21656|I|libbeamng.print:18052| === LSTM_TRACE t=70 v=24.10 ws=13.05,2.44,20.81,21.14 cmd=0.949,0.936,0.832,0.842 cap=2923,2881,1602,1627 des=2923,2881,1401,1423 app=2909,2855,1392,1420 abs=nil,nil,nil,nil ebrake=1.00 ibrake=1.00 hasABS=0 sy=9.99 split=1.000,0.875 ===
126.21662|I|libbeamng.print:18052| === LSTM_OBS t=70 13.04701,2.44134,20.80505,21.13657,0.02340,9.98572,-9.73928,0.02000,0.00000,0.00000,0.00104,1.00000,0.00000,0.00219,-0.01775,6129.31658,0.25000 ===
126.26688|I|libbeamng.print:18052| === LSTM_TRACE t=80 v=23.60 ws=1.30,0.07,19.61,20.41 cmd=0.973,0.967,0.885,0.881 cap=3007,2986,1700,1700 des=3007,2986,1488,1488 app=2994,2957,1480,1485 abs=nil,nil,nil,nil ebrake=1.00 ibrake=1.00 hasABS=0 sy=10.15 split=1.000,0.875 ===
126.26697|I|libbeamng.print:18052| === LSTM_OBS t=80 1.30458,0.06799,19.60689,20.41026,0.03181,10.14986,-9.78002,0.02175,0.00000,0.00000,0.00176,1.00000,0.00000,0.00171,-0.01688,5884.12025,0.25000 ===
126.31784|I|libbeamng.print:18052| === LSTM_TRACE t=90 v=23.11 ws=0.22,0.03,18.34,19.83 cmd=0.992,0.990,0.893,0.886 cap=3072,3066,1700,1700 des=3072,3066,1488,1488 app=3056,3033,1481,1486 abs=nil,nil,nil,nil ebrake=1.00 ibrake=1.00 hasABS=0 sy=10.05 split=1.000,0.875 ===
126.31791|I|libbeamng.print:18052| === LSTM_OBS t=90 0.22304,0.02656,18.33817,19.83012,-0.05567,10.05248,-9.81367,0.01063,0.00000,0.00000,0.00424,1.00000,0.00000,0.00222,-0.01499,5597.14362,0.25000 ===
126.36740|I|libbeamng.print:18052| === LSTM_TRACE t=100 v=22.63 ws=0.11,0.02,16.94,19.65 cmd=0.993,0.992,0.889,0.880 cap=3079,3074,1700,1700 des=3079,3074,1488,1488 app=3060,3038,1482,1487 abs=nil,nil,nil,nil ebrake=1.00 ibrake=1.00 hasABS=0 sy=9.93 split=1.000,0.875 ===
126.36749|I|libbeamng.print:18052| === LSTM_OBS t=100 0.10655,0.02369,16.93889,19.64521,-0.03044,9.92622,-9.66006,0.00470,0.00000,0.00000,0.00318,1.00000,0.00000,0.00255,-0.01253,5351.06103,0.25000 ===
126.43041|I|libbeamng.print:18052| === LSTM_TRACE t=110 v=22.12 ws=0.05,0.02,15.13,19.68 cmd=0.993,0.991,0.885,0.875 cap=3078,3074,1700,1700 des=3078,3074,1488,1488 app=3057,3035,1483,1488 abs=nil,nil,nil,nil ebrake=1.00 ibrake=1.00 hasABS=0 sy=9.93 split=1.000,0.875 ===
126.43049|I|libbeamng.print:18052| === LSTM_OBS t=110 0.05110,0.01815,15.13251,19.68086,-0.04967,9.92948,-9.57842,-0.01077,0.00000,0.00000,0.00270,1.00000,0.00000,0.00224,-0.01051,5123.65539,0.25000 ===
126.48044|I|libbeamng.print:18052| === LSTM_TRACE t=120 v=21.61 ws=0.03,0.01,13.63,19.73 cmd=0.992,0.991,0.882,0.871 cap=3076,3071,1700,1693 des=3076,3071,1488,1481 app=3053,3031,1484,1481 abs=nil,nil,nil,nil ebrake=1.00 ibrake=1.00 hasABS=0 sy=10.02 split=1.000,0.875 ===
126.48051|I|libbeamng.print:18052| === LSTM_OBS t=120 0.03170,0.01177,13.62688,19.72582,-0.08440,10.01553,-9.64120,-0.02372,0.00000,0.00000,0.00270,1.00000,0.00000,0.00232,-0.00901,4896.20288,0.25000 ===
126.53434|I|libbeamng.print:18052| === LSTM_TRACE t=130 v=21.10 ws=0.01,0.00,11.62,19.99 cmd=0.992,0.990,0.880,0.868 cap=3074,3070,1700,1686 des=3074,3070,1488,1475 app=3049,3027,1484,1475 abs=nil,nil,nil,nil ebrake=1.00 ibrake=1.00 hasABS=0 sy=10.07 split=1.000,0.875 ===
126.53443|I|libbeamng.print:18052| === LSTM_OBS t=130 0.01455,0.00147,11.61933,19.98826,-0.12423,10.07413,-9.72137,-0.03986,0.00000,0.00000,0.00270,1.00000,0.00000,0.00245,-0.00795,4665.89868,0.25000 ===
126.58627|I|libbeamng.print:18052| === LSTM_TRACE t=140 v=20.61 ws=0.01,0.00,9.98,19.97 cmd=0.991,0.990,0.879,0.865 cap=3073,3069,1700,1681 des=3073,3069,1488,1471 app=3046,3024,1484,1471 abs=nil,nil,nil,nil ebrake=1.00 ibrake=1.00 hasABS=0 sy=10.05 split=1.000,0.875 ===
126.58633|I|libbeamng.print:18052| === LSTM_OBS t=140 0.01205,0.00084,9.97863,19.96690,-0.15271,10.04735,-9.78257,-0.06127,0.00000,0.00000,0.00261,1.00000,0.00000,0.00262,-0.00717,4419.81601,0.25000 ===
126.63552|I|libbeamng.print:18052| === LSTM_TRACE t=150 v=20.12 ws=0.00,0.00,8.73,19.38 cmd=0.991,0.990,0.878,0.864 cap=3073,3069,1700,1679 des=3073,3069,1488,1469 app=3044,3022,1483,1469 abs=nil,nil,nil,nil ebrake=1.00 ibrake=1.00 hasABS=0 sy=9.97 split=1.000,0.875 ===
126.63557|I|libbeamng.print:18052| === LSTM_OBS t=150 0.00367,0.00133,8.73364,19.37837,-0.15500,9.96659,-9.79654,-0.06557,0.00000,0.00000,0.00270,1.00000,0.00000,0.00233,-0.00650,4183.58084,0.25000 ===
126.68819|I|libbeamng.print:18052| === LSTM_TRACE t=160 v=19.64 ws=0.00,0.00,7.37,18.98 cmd=0.991,0.990,0.877,0.863 cap=3073,3069,1700,1677 des=3073,3069,1488,1467 app=3042,3020,1483,1467 abs=nil,nil,nil,nil ebrake=1.00 ibrake=1.00 hasABS=0 sy=9.90 split=1.000,0.875 ===
126.68824|I|libbeamng.print:18052| === LSTM_OBS t=160 0.00177,0.00101,7.36700,18.97696,-0.10329,9.89815,-9.78964,-0.06718,0.00000,0.00000,0.00278,1.00000,0.00000,0.00170,-0.00595,3911.77798,0.25000 ===
126.74671|I|libbeamng.print:18052| === LSTM_TRACE t=170 v=19.14 ws=0.01,0.00,5.74,18.59 cmd=0.992,0.991,0.877,0.863 cap=3074,3071,1700,1676 des=3074,3071,1488,1467 app=3041,3019,1482,1467 abs=nil,nil,nil,nil ebrake=1.00 ibrake=1.00 hasABS=0 sy=9.86 split=1.000,0.875 ===
126.74677|I|libbeamng.print:18052| === LSTM_OBS t=170 0.00509,0.00206,5.73830,18.58622,-0.01872,9.85681,-9.77331,-0.05817,0.00000,0.00000,0.00301,1.00000,0.00000,0.00098,-0.00556,3632.72640,0.25000 ===
126.79088|I|libbeamng.print:18052| === LSTM_TRACE t=180 v=18.64 ws=0.01,0.00,4.68,18.01 cmd=0.992,0.991,0.877,0.862 cap=3075,3072,1700,1675 des=3075,3072,1488,1466 app=3041,3019,1481,1466 abs=nil,nil,nil,nil ebrake=1.00 ibrake=1.00 hasABS=0 sy=9.89 split=1.000,0.875 ===
126.79095|I|libbeamng.print:18052| === LSTM_OBS t=180 0.01317,0.00077,4.68418,18.01199,0.05126,9.88868,-9.80894,-0.04604,0.00000,0.00000,0.00305,1.00000,0.00000,0.00065,-0.00547,3383.69366,0.25000 ===
126.84488|I|libbeamng.print:18052| === LSTM_TRACE t=190 v=18.13 ws=0.02,0.01,3.09,17.05 cmd=0.993,0.992,0.876,0.862 cap=3077,3075,1700,1675 des=3077,3075,1488,1465 app=3041,3020,1481,1465 abs=nil,nil,nil,nil ebrake=1.00 ibrake=1.00 hasABS=0 sy=9.93 split=1.000,0.875 ===
126.84495|I|libbeamng.print:18052| === LSTM_OBS t=190 0.01871,0.00715,3.08592,17.05448,0.10171,9.93224,-9.87087,-0.03568,0.00000,0.00000,0.00305,1.00000,0.00000,0.00096,-0.00577,3139.43375,0.25000 ===
126.89322|I|libbeamng.print:18052| === LSTM_TRACE t=200 v=17.65 ws=0.00,0.00,1.26,16.70 cmd=0.993,0.993,0.875,0.860 cap=3079,3077,1700,1671 des=3079,3077,1488,1462 app=3041,3020,1479,1462 abs=nil,nil,nil,nil ebrake=1.00 ibrake=1.00 hasABS=0 sy=9.95 split=1.000,0.875 ===
126.89328|I|libbeamng.print:18052| === LSTM_OBS t=200 0.00004,0.00386,1.25820,16.70088,0.21962,9.94919,-9.82334,-0.03354,0.00000,0.00000,0.00297,1.00000,0.00000,0.00091,-0.00636,2886.39592,0.25000 ===
126.94080|I|libbeamng.print:18052| === LSTM_TRACE t=210 v=17.16 ws=0.00,0.01,0.44,16.04 cmd=0.993,0.993,0.872,0.856 cap=3079,3077,1695,1664 des=3079,3077,1483,1456 app=3039,3018,1474,1456 abs=nil,nil,nil,nil ebrake=1.00 ibrake=1.00 hasABS=0 sy=9.84 split=1.000,0.875 ===
126.94089|I|libbeamng.print:18052| === LSTM_OBS t=210 0.00264,0.00839,0.44036,16.04282,0.32896,9.83768,-9.73181,-0.01964,0.00000,0.00000,0.00349,1.00000,0.00000,0.00031,-0.00640,2596.37644,0.25000 ===
126.99061|I|libbeamng.print:18052| === LSTM_TRACE t=220 v=16.67 ws=0.01,0.01,0.10,15.39 cmd=0.993,0.992,0.867,0.850 cap=3078,3075,1685,1652 des=3078,3075,1475,1446 app=3036,3015,1464,1446 abs=nil,nil,nil,nil ebrake=1.00 ibrake=1.00 hasABS=0 sy=9.83 split=1.000,0.875 ===
126.99068|I|libbeamng.print:18052| === LSTM_OBS t=220 0.00749,0.01195,0.10409,15.38745,0.32868,9.83130,-9.75033,-0.01286,0.00000,0.00000,0.00404,1.00000,0.00000,0.00077,-0.00660,2340.44531,0.25000 ===
127.03769|I|libbeamng.print:18052| === LSTM_TRACE t=230 v=16.17 ws=0.01,0.01,0.00,13.91 cmd=0.991,0.990,0.854,0.835 cap=3073,3070,1661,1625 des=3073,3070,1454,1422 app=3030,3008,1441,1422 abs=nil,nil,nil,nil ebrake=1.00 ibrake=1.00 hasABS=0 sy=9.88 split=1.000,0.875 ===
127.03775|I|libbeamng.print:18052| === LSTM_OBS t=230 0.00533,0.01037,0.00472,13.91372,0.32700,9.88311,-9.78640,-0.01428,0.00000,0.00000,0.00360,1.00000,0.00000,0.00135,-0.00686,2115.17854,0.25000 ===
127.08220|I|libbeamng.print:18052| === LSTM_TRACE t=240 v=15.67 ws=0.00,0.00,0.01,12.57 cmd=0.988,0.987,0.837,0.815 cap=3063,3060,1629,1587 des=3063,3060,1425,1389 app=3019,2997,1412,1389 abs=nil,nil,nil,nil ebrake=1.00 ibrake=1.00 hasABS=0 sy=9.93 split=1.000,0.875 ===
127.08226|I|libbeamng.print:18052| === LSTM_OBS t=240 0.00373,0.00353,0.00876,12.56985,0.33743,9.93036,-9.77459,-0.01787,0.00000,0.00000,0.00305,1.00000,0.00000,0.00185,-0.00743,1933.38517,0.25000 ===
127.13555|I|libbeamng.print:18052| === LSTM_TRACE t=250 v=15.17 ws=0.00,0.00,0.04,11.35 cmd=0.985,0.984,0.825,0.799 cap=3053,3051,1605,1556 des=3053,3051,1404,1361 app=3008,2987,1390,1361 abs=nil,nil,nil,nil ebrake=1.00 ibrake=1.00 hasABS=0 sy=9.95 split=1.000,0.875 ===
127.13563|I|libbeamng.print:18052| === LSTM_OBS t=250 0.00214,0.00072,0.04126,11.34523,0.34103,9.95248,-9.75750,-0.01603,0.00000,0.00000,0.00297,1.00000,0.00000,0.00203,-0.00797,1759.04677,0.25000 ===
127.18032|I|libbeamng.print:18052| === LSTM_TRACE t=260 v=14.67 ws=0.00,0.00,0.01,9.95 cmd=0.983,0.983,0.819,0.791 cap=3048,3046,1592,1538 des=3048,3046,1393,1346 app=3001,2981,1377,1346 abs=nil,nil,nil,nil ebrake=1.00 ibrake=1.00 hasABS=0 sy=9.95 split=1.000,0.875 ===
127.18039|I|libbeamng.print:18052| === LSTM_OBS t=260 0.00171,0.00135,0.00718,9.94512,0.33377,9.95027,-9.74993,-0.02257,0.00000,0.00000,0.00311,1.00000,0.00000,0.00207,-0.00835,1556.80532,0.25000 ===
127.23439|I|libbeamng.print:18052| === LSTM_TRACE t=270 v=14.17 ws=0.00,0.00,0.01,8.58 cmd=0.983,0.983,0.817,0.788 cap=3047,3046,1587,1532 des=3047,3046,1389,1340 app=2999,2980,1372,1340 abs=nil,nil,nil,nil ebrake=1.00 ibrake=1.00 hasABS=0 sy=9.94 split=1.000,0.875 ===
127.23445|I|libbeamng.print:18052| === LSTM_OBS t=270 0.00095,0.00046,0.01279,8.58150,0.32294,9.94159,-9.74224,-0.02423,0.00000,0.00000,0.00318,1.00000,0.00000,0.00204,-0.00866,1380.21917,0.25000 ===
127.28448|I|libbeamng.print:18052| === LSTM_TRACE t=280 v=13.68 ws=0.00,0.00,0.01,7.02 cmd=0.983,0.983,0.816,0.788 cap=3047,3048,1587,1532 des=3047,3048,1388,1340 app=2998,2981,1371,1340 abs=nil,nil,nil,nil ebrake=1.00 ibrake=1.00 hasABS=0 sy=9.93 split=1.000,0.875 ===
127.28455|I|libbeamng.print:18052| === LSTM_OBS t=280 0.00158,0.00249,0.00551,7.01540,0.31240,9.93333,-9.72337,-0.02437,0.00000,0.00000,0.00331,1.00000,0.00000,0.00195,-0.00883,1205.69533,0.25000 ===
127.33020|I|libbeamng.print:18052| === LSTM_TRACE t=290 v=13.18 ws=0.01,0.00,0.04,5.47 cmd=0.983,0.983,0.816,0.788 cap=3047,3049,1586,1530 des=3047,3049,1388,1339 app=2997,2980,1369,1339 abs=nil,nil,nil,nil ebrake=1.00 ibrake=1.00 hasABS=0 sy=9.92 split=1.000,0.875 ===
127.33029|I|libbeamng.print:18052| === LSTM_OBS t=290 0.01481,0.00106,0.03855,5.47432,0.29901,9.92275,-9.71306,-0.02773,0.00000,0.00000,0.00338,1.00000,0.00000,0.00200,-0.00890,1006.76283,0.25000 ===
127.37638|I|libbeamng.print:18052| === LSTM_TRACE t=300 v=12.67 ws=0.02,0.01,0.00,4.23 cmd=0.982,0.983,0.814,0.785 cap=3045,3049,1582,1526 des=3045,3049,1385,1335 app=2994,2980,1365,1335 abs=nil,nil,nil,nil ebrake=1.00 ibrake=1.00 hasABS=0 sy=9.97 split=1.000,0.875 ===
127.37643|I|libbeamng.print:18052| === LSTM_OBS t=300 0.02465,0.01187,0.00302,4.23416,0.31021,9.97319,-9.71403,-0.02948,0.00000,0.00000,0.00369,1.00000,0.00000,0.00169,-0.00914,817.99744,0.25000 ===
127.42331|I|libbeamng.print:18052| === LSTM_TRACE t=310 v=12.17 ws=0.00,0.01,0.04,2.12 cmd=0.982,0.983,0.810,0.779 cap=3043,3048,1574,1515 des=3043,3048,1378,1325 app=2991,2978,1358,1325 abs=nil,nil,nil,nil ebrake=1.00 ibrake=1.00 hasABS=0 sy=10.03 split=1.000,0.875 ===
127.42346|I|libbeamng.print:18052| === LSTM_OBS t=310 0.00297,0.01463,0.04268,2.12215,0.29168,10.03241,-9.73938,-0.03341,0.00000,0.00000,0.00384,1.00000,0.00000,0.00085,-0.00977,742.98919,0.25000 ===
127.47013|I|libbeamng.print:18052| === LSTM_TRACE t=320 v=11.67 ws=0.01,0.00,0.06,0.87 cmd=0.979,0.981,0.804,0.770 cap=3035,3041,1564,1499 des=3035,3041,1369,1312 app=2982,2970,1348,1312 abs=nil,nil,nil,nil ebrake=1.00 ibrake=1.00 hasABS=0 sy=10.02 split=1.000,0.875 ===
127.47018|I|libbeamng.print:18052| === LSTM_OBS t=320 0.00538,0.00077,0.05859,0.86897,0.26674,10.01909,-9.75337,-0.01685,0.00000,0.00000,0.00367,1.00000,0.00000,0.00037,-0.01035,732.58311,0.25000 ===
127.52048|I|libbeamng.print:18052| === LSTM_TRACE t=330 v=11.18 ws=0.00,0.01,0.12,0.04 cmd=0.974,0.976,0.791,0.749 cap=3020,3028,1541,1462 des=3020,3028,1349,1279 app=2966,2956,1328,1279 abs=nil,nil,nil,nil ebrake=1.00 ibrake=1.00 hasABS=0 sy=9.98 split=1.000,0.875 ===
127.52056|I|libbeamng.print:18052| === LSTM_OBS t=330 0.00432,0.00625,0.11583,0.03905,0.25110,9.97519,-9.74446,-0.01782,0.00000,0.00000,0.00305,1.00000,0.00000,0.00053,-0.01065,731.39327,0.25000 ===
127.56858|I|libbeamng.print:18052| === LSTM_TRACE t=340 v=10.67 ws=0.00,0.00,0.55,0.09 cmd=0.962,0.964,0.762,0.715 cap=2986,2993,1488,1396 des=2986,2993,1302,1222 app=2932,2922,1282,1221 abs=nil,nil,nil,nil ebrake=1.00 ibrake=1.00 hasABS=0 sy=9.97 split=1.000,0.875 ===
127.56864|I|libbeamng.print:18052| === LSTM_OBS t=340 0.00084,0.00059,0.54753,0.09370,0.26980,9.97394,-9.69908,-0.01523,0.00000,0.00000,0.00417,1.00000,0.00000,0.00042,-0.01053,731.50068,0.25000 ===
127.61977|I|libbeamng.print:18052| === LSTM_TRACE t=350 v=10.16 ws=0.00,0.01,0.93,0.23 cmd=0.947,0.949,0.733,0.685 cap=2940,2945,1428,1334 des=2940,2945,1250,1167 app=2887,2874,1229,1166 abs=nil,nil,nil,nil ebrake=1.00 ibrake=1.00 hasABS=0 sy=10.02 split=1.000,0.875 ===
127.61985|I|libbeamng.print:18052| === LSTM_OBS t=350 0.00225,0.01113,0.93291,0.22767,0.26340,10.02433,-9.69682,-0.00834,0.00000,0.00000,0.00414,1.00000,0.00000,0.00046,-0.01049,730.51505,0.25000 ===
127.67143|I|libbeamng.print:18052| === LSTM_TRACE t=360 v=9.67 ws=0.00,0.00,0.33,0.61 cmd=0.936,0.935,0.720,0.673 cap=2906,2904,1400,1309 des=2906,2904,1225,1146 app=2852,2834,1205,1144 abs=nil,nil,nil,nil ebrake=1.00 ibrake=1.00 hasABS=0 sy=10.01 split=1.000,0.875 ===
127.67150|I|libbeamng.print:18052| === LSTM_OBS t=360 0.00351,0.00063,0.33337,0.61451,0.27945,10.01036,-9.68641,-0.01017,0.00000,0.00000,0.00417,1.00000,0.00000,0.00047,-0.01043,731.48776,0.25000 ===
127.71902|I|libbeamng.print:18052| === LSTM_TRACE t=370 v=9.14 ws=0.01,0.00,1.45,2.31 cmd=0.928,0.925,0.714,0.675 cap=2877,2866,1388,1311 des=2877,2866,1215,1147 app=2823,2796,1195,1145 abs=nil,nil,nil,nil ebrake=1.00 ibrake=1.00 hasABS=0 sy=10.11 split=1.000,0.875 ===
127.71908|I|libbeamng.print:18052| === LSTM_OBS t=370 0.00549,0.00293,1.44531,2.30561,0.31763,10.11239,-9.67489,-0.00626,0.00000,0.00000,0.00392,1.00000,0.00000,-0.00080,-0.01058,731.77671,0.25000 ===
127.76431|I|libbeamng.print:18052| === LSTM_TRACE t=380 v=8.61 ws=0.00,0.01,1.14,2.43 cmd=0.926,0.922,0.716,0.684 cap=2866,2852,1390,1326 des=2866,2852,1216,1161 app=2812,2782,1196,1158 abs=nil,nil,nil,nil ebrake=1.00 ibrake=1.00 hasABS=0 sy=10.24 split=1.000,0.875 ===
127.76439|I|libbeamng.print:18052| === LSTM_OBS t=380 0.00318,0.00566,1.13730,2.43047,0.28123,10.23790,-9.74766,-0.00499,0.00000,0.00000,0.00381,1.00000,0.00000,-0.00031,-0.01120,735.55569,0.25000 ===
127.81381|I|libbeamng.print:18052| === LSTM_TRACE t=390 v=8.11 ws=0.00,0.00,0.02,2.97 cmd=0.921,0.910,0.718,0.678 cap=2855,2822,1395,1317 des=2855,2822,1220,1153 app=2800,2752,1200,1150 abs=nil,nil,nil,nil ebrake=1.00 ibrake=1.00 hasABS=0 sy=10.21 split=1.000,0.875 ===
127.81388|I|libbeamng.print:18052| === LSTM_OBS t=390 0.00257,0.00291,0.01821,2.96776,0.32730,10.20763,-9.67490,-0.00963,0.00000,0.00000,0.00500,1.00000,0.00000,-0.00044,-0.01153,731.58542,0.25000 ===
127.86267|I|libbeamng.print:18052| === LSTM_TRACE t=400 v=7.58 ws=0.02,0.01,0.02,3.77 cmd=0.922,0.906,0.715,0.668 cap=2855,2804,1389,1297 des=2855,2804,1215,1135 app=2800,2733,1194,1132 abs=nil,nil,nil,nil ebrake=1.00 ibrake=1.00 hasABS=0 sy=10.26 split=1.000,0.875 ===
127.86275|I|libbeamng.print:18052| === LSTM_OBS t=400 0.01653,0.01496,0.02382,3.77172,0.34451,10.26277,-9.67405,-0.00893,0.00000,0.00000,0.00481,1.00000,0.00000,-0.00084,-0.01167,730.46657,0.25000 ===
127.91393|I|libbeamng.print:18052| === LSTM_TRACE t=410 v=7.04 ws=0.01,0.01,0.01,4.04 cmd=0.933,0.917,0.714,0.668 cap=2881,2830,1384,1293 des=2881,2830,1211,1131 app=2825,2758,1190,1128 abs=nil,nil,nil,nil ebrake=1.00 ibrake=1.00 hasABS=0 sy=10.39 split=1.000,0.875 ===
127.91401|I|libbeamng.print:18052| === LSTM_OBS t=410 0.01360,0.01401,0.01136,4.04308,0.35006,10.38559,-9.68377,-0.01787,0.00000,0.00000,0.00545,1.00000,0.00000,-0.00057,-0.01186,729.73911,0.25000 ===
127.96314|I|libbeamng.print:18052| === LSTM_TRACE t=420 v=6.52 ws=0.01,0.01,0.10,4.57 cmd=0.938,0.920,0.714,0.665 cap=2909,2857,1386,1292 des=2909,2857,1213,1131 app=2852,2784,1191,1128 abs=nil,nil,nil,nil ebrake=1.00 ibrake=1.00 hasABS=0 sy=10.49 split=1.000,0.875 ===
127.96322|I|libbeamng.print:18052| === LSTM_OBS t=420 0.01269,0.01448,0.10382,4.57189,0.33131,10.49000,-9.69955,-0.01553,0.00000,0.00000,0.00621,1.00000,0.00000,-0.00012,-0.01210,731.41484,0.25000 ===
128.01393|I|libbeamng.print:18052| === LSTM_TRACE t=430 v=5.95 ws=0.02,0.00,0.13,4.73 cmd=0.938,0.918,0.709,0.654 cap=2918,2857,1382,1278 des=2918,2857,1209,1118 app=2860,2784,1187,1115 abs=nil,nil,nil,nil ebrake=1.00 ibrake=1.00 hasABS=0 sy=10.65 split=1.000,0.875 ===
128.01399|I|libbeamng.print:18052| === LSTM_OBS t=430 0.02471,0.00030,0.12809,4.73164,0.36510,10.64858,-9.71852,-0.00664,0.00000,0.00000,0.00357,1.00000,0.00000,-0.00011,-0.01263,730.41174,0.25000 ===
128.06915|I|libbeamng.print:18052| === LSTM_TRACE t=440 v=5.38 ws=0.00,0.01,0.03,4.43 cmd=0.946,0.924,0.707,0.645 cap=2930,2863,1376,1257 des=2930,2863,1204,1100 app=2872,2790,1182,1097 abs=nil,nil,nil,nil ebrake=1.00 ibrake=1.00 hasABS=0 sy=10.79 split=1.000,0.875 ===
128.06921|I|libbeamng.print:18052| === LSTM_OBS t=440 0.00171,0.00947,0.03139,4.43317,0.42335,10.78850,-9.68104,-0.00570,0.00000,0.00000,0.00471,1.00000,0.00000,-0.00052,-0.01316,733.29928,0.25000 ===
128.11550|I|libbeamng.print:18052| === LSTM_TRACE t=450 v=4.82 ws=0.01,0.01,0.01,4.32 cmd=0.947,0.922,0.701,0.633 cap=2934,2856,1362,1231 des=2934,2856,1192,1077 app=2875,2782,1170,1074 abs=nil,nil,nil,nil ebrake=1.00 ibrake=1.00 hasABS=0 sy=10.91 split=1.000,0.875 ===
128.11555|I|libbeamng.print:18052| === LSTM_OBS t=450 0.01356,0.00857,0.00864,4.31700,0.45166,10.90944,-9.68414,0.00347,0.00000,0.00000,0.00483,1.00000,0.00000,-0.00101,-0.01382,734.09544,0.25000 ===
128.16759|I|libbeamng.print:18052| === LSTM_TRACE t=460 v=4.26 ws=0.01,0.00,0.02,4.09 cmd=0.950,0.923,0.694,0.623 cap=2944,2862,1349,1210 des=2944,2862,1180,1058 app=2884,2788,1159,1055 abs=nil,nil,nil,nil ebrake=1.00 ibrake=1.00 hasABS=0 sy=11.04 split=1.000,0.875 ===
128.16765|I|libbeamng.print:18052| === LSTM_OBS t=460 0.01257,0.00030,0.02348,4.08914,0.45007,11.04097,-9.69298,0.00890,0.00000,0.00000,0.00549,1.00000,0.00000,-0.00120,-0.01460,732.92086,0.25000 ===
128.21943|I|libbeamng.print:18052| === LSTM_TRACE t=470 v=3.68 ws=0.01,0.00,0.02,3.26 cmd=0.952,0.925,0.689,0.615 cap=2953,2871,1342,1199 des=2953,2871,1174,1049 app=2893,2796,1152,1046 abs=nil,nil,nil,nil ebrake=1.00 ibrake=1.00 hasABS=0 sy=11.12 split=1.000,0.875 ===
128.21948|I|libbeamng.print:18052| === LSTM_OBS t=470 0.00861,0.00448,0.01770,3.25907,0.44499,11.11728,-9.70544,0.01238,0.00000,0.00000,0.00505,1.00000,0.00000,-0.00110,-0.01533,731.61887,0.25000 ===
128.26913|I|libbeamng.print:18052| === LSTM_TRACE t=480 v=3.13 ws=0.01,0.00,0.03,2.94 cmd=0.953,0.927,0.687,0.611 cap=2954,2873,1334,1186 des=2954,2873,1168,1038 app=2894,2798,1146,1034 abs=nil,nil,nil,nil ebrake=1.00 ibrake=1.00 hasABS=0 sy=11.15 split=1.000,0.875 ===
128.26920|I|libbeamng.print:18052| === LSTM_OBS t=480 0.00927,0.00085,0.02978,2.93798,0.40314,11.14737,-9.70330,0.00919,0.00000,0.00000,0.00601,1.00000,0.00000,-0.00100,-0.01591,731.26489,0.25000 ===
128.31682|I|libbeamng.print:18052| === LSTM_TRACE t=490 v=2.57 ws=0.01,0.00,0.43,2.72 cmd=0.949,0.922,0.685,0.607 cap=2947,2864,1331,1182 des=2947,2864,1165,1034 app=2887,2789,1143,1031 abs=nil,nil,nil,nil ebrake=1.00 ibrake=1.00 hasABS=0 sy=11.16 split=1.000,0.875 ===
128.31690|I|libbeamng.print:18052| === LSTM_OBS t=490 0.01296,0.00204,0.42690,2.72084,0.36820,11.15716,-9.67717,0.01605,0.00000,0.00000,0.00510,1.00000,0.00000,-0.00100,-0.01640,728.51566,0.25000 ===
128.37353|I|libbeamng.print:18052| === LSTM_TRACE t=500 v=2.01 ws=0.01,0.01,0.94,1.73 cmd=0.956,0.933,0.686,0.614 cap=2955,2881,1330,1190 des=2955,2881,1164,1041 app=2894,2805,1142,1038 abs=nil,nil,nil,nil ebrake=1.00 ibrake=1.00 hasABS=0 sy=11.21 split=1.000,0.875 ===
128.37359|I|libbeamng.print:18052| === LSTM_OBS t=500 0.00629,0.01352,0.94455,1.72842,0.31908,11.21342,-9.66462,0.01643,0.00000,0.00000,0.00570,1.00000,0.00000,-0.00070,-0.01688,732.96786,0.25000 ===
128.41973|I|libbeamng.print:18052| === LSTM_TRACE t=510 v=1.45 ws=0.00,0.01,0.87,1.29 cmd=0.956,0.934,0.687,0.613 cap=2968,2902,1334,1193 des=2968,2902,1168,1043 app=2907,2826,1146,1040 abs=nil,nil,nil,nil ebrake=1.00 ibrake=1.00 hasABS=0 sy=11.22 split=1.000,0.875 ===
128.41978|I|libbeamng.print:18052| === LSTM_OBS t=510 0.00055,0.00566,0.86548,1.28978,0.30613,11.22433,-9.61771,0.00875,0.00000,0.00000,0.00629,1.00000,0.00000,-0.00043,-0.01717,730.10440,0.25000 ===
128.47167|I|libbeamng.print:18052| === LSTM_TRACE t=520 v=0.90 ws=0.00,0.00,0.91,1.01 cmd=0.948,0.927,0.686,0.604 cap=2934,2867,1333,1171 des=2934,2867,1166,1025 app=2874,2791,1145,1021 abs=nil,nil,nil,nil ebrake=1.00 ibrake=1.00 hasABS=0 sy=11.15 split=1.000,0.875 ===
128.47173|I|libbeamng.print:18052| === LSTM_OBS t=520 0.00355,0.00018,0.91012,1.01000,0.30221,11.15419,-9.56675,0.01061,0.00000,0.00000,0.00530,1.00000,0.00000,-0.00072,-0.01736,729.86530,0.25000 ===
158.54455|I|libbeamng.print:18052| === LSTM_TRACE t=0 v=27.71 ws=27.71,27.86,27.31,27.38 cmd=0.945,0.941,0.373,0.392 cap=155,155,97,97 des=155,155,85,85 app=151,150,83,84 abs=nil,nil,nil,nil ebrake=1.00 ibrake=1.00 hasABS=0 sy=1.58 split=1.000,0.875 ===
158.54463|I|libbeamng.print:18052| === LSTM_OBS t=0 27.70716,27.85587,27.31153,27.38164,-0.01724,1.58151,-9.78049,-0.00678,0.00000,0.00000,0.00000,1.00000,0.00000,0.00083,-0.00904,7858.20278,0.25000 ===
158.59444|I|libbeamng.print:18052| === LSTM_TRACE t=10 v=27.42 ws=26.21,25.55,26.79,26.84 cmd=0.603,0.748,0.715,0.745 cap=1712,2200,1314,1365 des=1712,2200,1149,1194 app=1673,2140,1124,1183 abs=nil,nil,nil,nil ebrake=1.00 ibrake=1.00 hasABS=0 sy=2.12 split=1.000,0.875 ===
158.59450|I|libbeamng.print:18052| === LSTM_OBS t=10 26.21480,25.54573,26.79007,26.84479,-0.01438,2.11717,-9.80007,-0.00961,0.00000,0.00000,0.00162,1.00000,0.00000,0.00091,-0.00996,7785.46319,0.25000 ===
158.61658|I|libbeamng.print:18052| === LSTM_ABS DBG raw=25.7122,24.6220,26.3835,26.4423,0.0043,2.7744,-9.7269,-0.0055,0.0000,0.0000,0.0038,1.0000,0.0000,0.0010,-0.0111,7696.3248,0.2500 ===
158.61664|I|libbeamng.print:18052| === LSTM_ABS DBG norm=0.52,0.39,0.51,0.50,-0.15,-2.05,0.00,-0.02,0.06,-0.06,0.10,0.59,-0.02,0.00,0.00,3.81,0.00 ===
158.61665|I|libbeamng.print:18052| === LSTM_ABS DBG cmd=0.6222,0.7499,0.7690,0.7977 ===
158.64538|I|libbeamng.print:18052| === LSTM_TRACE t=20 v=26.92 ws=25.35,23.77,25.60,25.68 cmd=0.689,0.789,0.788,0.814 cap=2017,2366,1529,1578 des=2017,2366,1338,1380 app=1981,2317,1316,1372 abs=nil,nil,nil,nil ebrake=1.00 ibrake=1.00 hasABS=0 sy=3.87 split=1.000,0.875 ===
158.64544|I|libbeamng.print:18052| === LSTM_OBS t=20 25.35076,23.76949,25.59556,25.68160,0.00102,3.87384,-9.61672,0.00457,0.00000,0.00000,0.00311,1.00000,0.00000,0.00119,-0.01306,7514.19932,0.25000 ===
158.69396|I|libbeamng.print:18052| === LSTM_TRACE t=30 v=26.41 ws=24.21,21.78,24.61,24.51 cmd=0.763,0.815,0.814,0.835 cap=2323,2493,1591,1630 des=2323,2493,1392,1426 app=2291,2453,1375,1421 abs=nil,nil,nil,nil ebrake=1.00 ibrake=1.00 hasABS=0 sy=5.47 split=1.000,0.875 ===
158.69404|I|libbeamng.print:18052| === LSTM_OBS t=30 24.21016,21.78007,24.60659,24.50908,-0.00011,5.47396,-9.50018,-0.00357,0.00000,0.00000,0.00198,1.00000,0.00000,0.00145,-0.01560,7213.83897,0.25000 ===
158.74911|I|libbeamng.print:18052| === LSTM_TRACE t=40 v=25.82 ws=23.22,18.99,23.69,23.58 cmd=0.826,0.837,0.828,0.845 cap=2530,2579,1608,1641 des=2530,2579,1407,1436 app=2505,2547,1394,1433 abs=nil,nil,nil,nil ebrake=1.00 ibrake=1.00 hasABS=0 sy=7.13 split=1.000,0.875 ===
158.74920|I|libbeamng.print:18052| === LSTM_OBS t=40 23.22483,18.98528,23.68792,23.57837,-0.00871,7.12780,-9.52537,-0.01925,0.00000,0.00000,0.00331,1.00000,0.00000,0.00143,-0.01701,6906.67625,0.25000 ===
158.80022|I|libbeamng.print:18052| === LSTM_TRACE t=50 v=25.23 ws=21.57,14.77,22.87,22.57 cmd=0.828,0.824,0.839,0.853 cap=2582,2576,1622,1650 des=2582,2576,1420,1444 app=2563,2550,1410,1443 abs=nil,nil,nil,nil ebrake=1.00 ibrake=1.00 hasABS=0 sy=8.51 split=1.000,0.875 ===
158.80029|I|libbeamng.print:18052| === LSTM_OBS t=50 21.56656,14.77093,22.87362,22.57396,0.03005,8.50959,-9.59289,0.01430,0.00000,0.00000,0.00331,1.00000,0.00000,0.00147,-0.01785,6623.04338,0.25000 ===
158.85052|I|libbeamng.print:18052| === LSTM_TRACE t=60 v=24.66 ws=18.95,8.87,21.85,21.61 cmd=0.862,0.847,0.817,0.837 cap=2639,2591,1594,1632 des=2639,2591,1395,1428 app=2625,2568,1388,1428 abs=nil,nil,nil,nil ebrake=1.00 ibrake=1.00 hasABS=0 sy=9.36 split=1.000,0.875 ===
158.85057|I|libbeamng.print:18052| === LSTM_OBS t=60 18.95325,8.86987,21.85142,21.60851,0.02547,9.36194,-9.71018,0.02711,0.00000,0.00000,0.00280,1.00000,0.00000,0.00167,-0.01796,6374.30438,0.25000 ===
158.90629|I|libbeamng.print:18052| === LSTM_TRACE t=70 v=24.11 ws=11.59,0.33,20.98,20.83 cmd=0.957,0.945,0.845,0.853 cap=2941,2900,1626,1645 des=2941,2900,1422,1439 app=2929,2874,1417,1439 abs=nil,nil,nil,nil ebrake=1.00 ibrake=1.00 hasABS=0 sy=9.93 split=1.000,0.875 ===
158.90639|I|libbeamng.print:18052| === LSTM_OBS t=70 11.58752,0.32655,20.97811,20.82775,0.00480,9.92770,-9.82234,0.02351,0.00000,0.00000,0.00124,1.00000,0.00000,0.00197,-0.01762,6109.22574,0.25000 ===
158.95236|I|libbeamng.print:18052| === LSTM_TRACE t=80 v=23.60 ws=0.53,0.01,19.83,20.03 cmd=0.979,0.975,0.889,0.885 cap=3024,3010,1700,1700 des=3024,3010,1488,1488 app=3012,2980,1484,1488 abs=nil,nil,nil,nil ebrake=1.00 ibrake=1.00 hasABS=0 sy=10.08 split=1.000,0.875 ===
158.95242|I|libbeamng.print:18052| === LSTM_OBS t=80 0.52675,0.00975,19.83326,20.02735,0.01648,10.07968,-9.86912,0.02392,0.00000,0.00000,0.00289,1.00000,0.00000,0.00165,-0.01651,5856.20120,0.25000 ===
159.00109|I|libbeamng.print:18052| === LSTM_TRACE t=90 v=23.13 ws=0.04,0.01,18.41,19.65 cmd=0.991,0.990,0.895,0.886 cap=3072,3067,1700,1700 des=3072,3067,1488,1488 app=3058,3034,1485,1488 abs=nil,nil,nil,nil ebrake=1.00 ibrake=1.00 hasABS=0 sy=9.98 split=1.000,0.875 ===
159.00115|I|libbeamng.print:18052| === LSTM_OBS t=90 0.04374,0.00803,18.41205,19.64882,-0.03931,9.98332,-9.86211,0.01473,0.00000,0.00000,0.00216,1.00000,0.00000,0.00239,-0.01420,5593.35783,0.25000 ===
159.05327|I|libbeamng.print:18052| === LSTM_TRACE t=100 v=22.65 ws=0.00,0.01,17.31,19.18 cmd=0.993,0.991,0.891,0.882 cap=3078,3073,1700,1700 des=3078,3073,1488,1488 app=3061,3038,1486,1488 abs=nil,nil,nil,nil ebrake=1.00 ibrake=1.00 hasABS=0 sy=9.88 split=1.000,0.875 ===
159.05333|I|libbeamng.print:18052| === LSTM_OBS t=100 0.00120,0.01205,17.31006,19.17812,-0.00471,9.88006,-9.64673,0.00849,0.00000,0.00000,0.00221,1.00000,0.00000,0.00199,-0.01167,5348.25295,0.25000 ===
159.09982|I|libbeamng.print:18052| === LSTM_TRACE t=110 v=22.14 ws=0.01,0.01,15.89,19.00 cmd=0.993,0.992,0.887,0.877 cap=3078,3074,1700,1700 des=3078,3074,1488,1488 app=3060,3037,1486,1488 abs=nil,nil,nil,nil ebrake=1.00 ibrake=1.00 hasABS=0 sy=9.91 split=1.000,0.875 ===
159.09989|I|libbeamng.print:18052| === LSTM_OBS t=110 0.00921,0.01183,15.89085,19.00002,-0.06589,9.91160,-9.60393,-0.00258,0.00000,0.00000,0.00154,1.00000,0.00000,0.00198,-0.00969,5117.41898,0.25000 ===
159.14812|I|libbeamng.print:18052| === LSTM_TRACE t=120 v=21.62 ws=0.01,0.01,14.18,19.11 cmd=0.992,0.991,0.883,0.873 cap=3077,3073,1700,1697 des=3077,3073,1488,1485 app=3056,3033,1487,1485 abs=nil,nil,nil,nil ebrake=1.00 ibrake=1.00 hasABS=0 sy=10.01 split=1.000,0.875 ===
159.14821|I|libbeamng.print:18052| === LSTM_OBS t=120 0.01035,0.01048,14.18141,19.11334,-0.09711,10.01414,-9.66161,-0.01017,0.00000,0.00000,0.00192,1.00000,0.00000,0.00223,-0.00823,4873.22986,0.25000 ===
159.20133|I|libbeamng.print:18052| === LSTM_TRACE t=130 v=21.11 ws=0.01,0.01,12.29,19.34 cmd=0.992,0.991,0.881,0.869 cap=3075,3071,1700,1690 des=3075,3071,1488,1479 app=3053,3030,1487,1479 abs=nil,nil,nil,nil ebrake=1.00 ibrake=1.00 hasABS=0 sy=10.08 split=1.000,0.875 ===
159.20139|I|libbeamng.print:18052| === LSTM_OBS t=130 0.00964,0.00773,12.28806,19.33913,-0.12050,10.07762,-9.72542,-0.02916,0.00000,0.00000,0.00198,1.00000,0.00000,0.00256,-0.00725,4657.37073,0.25000 ===
159.24633|I|libbeamng.print:18052| === LSTM_TRACE t=140 v=20.61 ws=0.00,0.00,10.16,20.01 cmd=0.992,0.990,0.879,0.866 cap=3074,3070,1700,1683 des=3074,3070,1488,1473 app=3050,3026,1487,1473 abs=nil,nil,nil,nil ebrake=1.00 ibrake=1.00 hasABS=0 sy=10.09 split=1.000,0.875 ===
159.24639|I|libbeamng.print:18052| === LSTM_OBS t=140 0.00332,0.00454,10.16472,20.00568,-0.14296,10.09355,-9.78746,-0.05108,0.00000,0.00000,0.00204,1.00000,0.00000,0.00278,-0.00655,4434.83898,0.25000 ===
159.30970|I|libbeamng.print:18052| === LSTM_TRACE t=150 v=20.13 ws=0.00,0.00,8.64,19.43 cmd=0.991,0.990,0.878,0.864 cap=3073,3069,1700,1679 des=3073,3069,1488,1469 app=3047,3024,1487,1469 abs=nil,nil,nil,nil ebrake=1.00 ibrake=1.00 hasABS=0 sy=10.01 split=1.000,0.875 ===
159.30977|I|libbeamng.print:18052| === LSTM_OBS t=150 0.00454,0.00398,8.64462,19.42846,-0.17429,10.00733,-9.81260,-0.06271,0.00000,0.00000,0.00204,1.00000,0.00000,0.00274,-0.00606,4188.00016,0.25000 ===
159.36956|I|libbeamng.print:18052| === LSTM_TRACE t=160 v=19.65 ws=0.00,0.00,7.10,19.08 cmd=0.991,0.990,0.877,0.863 cap=3072,3069,1700,1677 des=3072,3069,1488,1467 app=3044,3021,1486,1467 abs=nil,nil,nil,nil ebrake=1.00 ibrake=1.00 hasABS=0 sy=9.89 split=1.000,0.875 ===
159.36962|I|libbeamng.print:18052| === LSTM_OBS t=160 0.00213,0.00310,7.09700,19.08216,-0.16140,9.88615,-9.79403,-0.07018,0.00000,0.00000,0.00221,1.00000,0.00000,0.00235,-0.00557,3908.36064,0.25000 ===
159.41806|I|libbeamng.print:18052| === LSTM_TRACE t=170 v=19.17 ws=0.00,0.01,5.95,18.56 cmd=0.991,0.990,0.876,0.862 cap=3073,3070,1700,1675 des=3073,3070,1488,1466 app=3043,3020,1486,1466 abs=nil,nil,nil,nil ebrake=1.00 ibrake=1.00 hasABS=0 sy=9.81 split=1.000,0.875 ===
159.41812|I|libbeamng.print:18052| === LSTM_OBS t=170 0.00266,0.00703,5.94706,18.55845,-0.09443,9.81409,-9.78077,-0.06053,0.00000,0.00000,0.00229,1.00000,0.00000,0.00149,-0.00510,3668.84184,0.25000 ===
159.46133|I|libbeamng.print:18052| === LSTM_TRACE t=180 v=18.67 ws=0.00,0.02,4.85,17.88 cmd=0.992,0.991,0.876,0.862 cap=3074,3071,1700,1674 des=3074,3071,1488,1465 app=3042,3020,1485,1465 abs=nil,nil,nil,nil ebrake=1.00 ibrake=1.00 hasABS=0 sy=9.83 split=1.000,0.875 ===
159.46140|I|libbeamng.print:18052| === LSTM_OBS t=180 0.00128,0.02117,4.85147,17.87852,-0.02281,9.82605,-9.80156,-0.05804,0.00000,0.00000,0.00244,1.00000,0.00000,0.00087,-0.00495,3399.37715,0.25000 ===
159.50691|I|libbeamng.print:18052| === LSTM_TRACE t=190 v=18.17 ws=0.00,0.01,3.11,17.44 cmd=0.992,0.992,0.876,0.861 cap=3076,3074,1700,1673 des=3076,3074,1488,1464 app=3043,3021,1484,1464 abs=nil,nil,nil,nil ebrake=1.00 ibrake=1.00 hasABS=0 sy=9.88 split=1.000,0.875 ===
159.50698|I|libbeamng.print:18052| === LSTM_OBS t=190 0.00088,0.01109,3.10868,17.44429,0.03775,9.88494,-9.83948,-0.04493,0.00000,0.00000,0.00221,1.00000,0.00000,0.00099,-0.00534,3144.49642,0.25000 ===
159.55237|I|libbeamng.print:18052| === LSTM_TRACE t=200 v=17.69 ws=0.00,0.00,1.97,17.18 cmd=0.993,0.992,0.875,0.860 cap=3078,3076,1700,1671 des=3078,3076,1487,1462 app=3043,3022,1483,1462 abs=nil,nil,nil,nil ebrake=1.00 ibrake=1.00 hasABS=0 sy=9.86 split=1.000,0.875 ===
159.55244|I|libbeamng.print:18052| === LSTM_OBS t=200 0.00106,0.00125,1.97051,17.17519,0.13069,9.85712,-9.88474,-0.04866,0.00000,0.00000,0.00280,1.00000,0.00000,0.00112,-0.00573,2847.73686,0.25000 ===
159.61246|I|libbeamng.print:18052| === LSTM_TRACE t=210 v=17.19 ws=0.01,0.00,0.40,16.53 cmd=0.993,0.993,0.874,0.859 cap=3079,3078,1698,1668 des=3079,3078,1485,1460 app=3043,3021,1480,1460 abs=nil,nil,nil,nil ebrake=1.00 ibrake=1.00 hasABS=0 sy=9.84 split=1.000,0.875 ===
159.61254|I|libbeamng.print:18052| === LSTM_OBS t=210 0.00516,0.00359,0.39900,16.52658,0.19019,9.84205,-9.89014,-0.03193,0.00000,0.00000,0.00285,1.00000,0.00000,0.00121,-0.00607,2589.96870,0.25000 ===
159.66352|I|libbeamng.print:18052| === LSTM_TRACE t=220 v=16.70 ws=0.00,0.01,0.02,15.56 cmd=0.993,0.993,0.871,0.854 cap=3079,3078,1692,1661 des=3079,3078,1481,1453 app=3042,3020,1475,1453 abs=nil,nil,nil,nil ebrake=1.00 ibrake=1.00 hasABS=0 sy=9.82 split=1.000,0.875 ===
159.66358|I|libbeamng.print:18052| === LSTM_OBS t=220 0.00447,0.00652,0.01728,15.55620,0.28207,9.82175,-9.81943,-0.01812,0.00000,0.00000,0.00189,1.00000,0.00000,0.00113,-0.00607,2331.53850,0.25000 ===
159.70601|I|libbeamng.print:18052| === LSTM_TRACE t=230 v=16.19 ws=0.00,0.00,0.07,13.87 cmd=0.992,0.992,0.861,0.843 cap=3077,3075,1676,1641 des=3077,3075,1467,1436 app=3038,3016,1459,1436 abs=nil,nil,nil,nil ebrake=1.00 ibrake=1.00 hasABS=0 sy=9.90 split=1.000,0.875 ===
159.70609|I|libbeamng.print:18052| === LSTM_OBS t=230 0.00441,0.00328,0.07152,13.87072,0.29670,9.89877,-9.80958,-0.01248,0.00000,0.00000,0.00169,1.00000,0.00000,0.00160,-0.00643,2125.50841,0.25000 ===
159.75192|I|libbeamng.print:18052| === LSTM_TRACE t=240 v=15.68 ws=0.00,0.01,0.01,12.52 cmd=0.990,0.989,0.846,0.826 cap=3070,3068,1647,1609 des=3070,3068,1441,1408 app=3029,3007,1433,1408 abs=nil,nil,nil,nil ebrake=1.00 ibrake=1.00 hasABS=0 sy=9.95 split=1.000,0.875 ===
159.75204|I|libbeamng.print:18052| === LSTM_OBS t=240 0.00130,0.00588,0.01078,12.52247,0.31888,9.95322,-9.79925,-0.01378,0.00000,0.00000,0.00192,1.00000,0.00000,0.00228,-0.00695,1937.45433,0.25000 ===
159.79743|I|libbeamng.print:18052| === LSTM_TRACE t=250 v=15.18 ws=0.00,0.01,0.04,11.26 cmd=0.987,0.987,0.832,0.810 cap=3061,3059,1619,1576 des=3061,3059,1416,1379 app=3020,2998,1407,1379 abs=nil,nil,nil,nil ebrake=1.00 ibrake=1.00 hasABS=0 sy=9.98 split=1.000,0.875 ===
159.79749|I|libbeamng.print:18052| === LSTM_OBS t=250 0.00043,0.00635,0.04090,11.26189,0.33841,9.97602,-9.76591,-0.01297,0.00000,0.00000,0.00210,1.00000,0.00000,0.00259,-0.00750,1732.62711,0.25000 ===
159.84316|I|libbeamng.print:18052| === LSTM_TRACE t=260 v=14.68 ws=0.00,0.00,0.01,9.84 cmd=0.986,0.985,0.824,0.800 cap=3055,3055,1602,1555 des=3055,3055,1402,1360 app=3013,2992,1392,1360 abs=nil,nil,nil,nil ebrake=1.00 ibrake=1.00 hasABS=0 sy=9.98 split=1.000,0.875 ===
159.84322|I|libbeamng.print:18052| === LSTM_OBS t=260 0.00140,0.00094,0.00651,9.84303,0.33498,9.97652,-9.76116,-0.02018,0.00000,0.00000,0.00204,1.00000,0.00000,0.00260,-0.00788,1559.50953,0.25000 ===
159.89274|I|libbeamng.print:18052| === LSTM_TRACE t=270 v=14.19 ws=0.00,0.00,0.01,8.52 cmd=0.985,0.985,0.820,0.795 cap=3053,3053,1595,1545 des=3053,3053,1395,1352 app=3009,2990,1385,1352 abs=nil,nil,nil,nil ebrake=1.00 ibrake=1.00 hasABS=0 sy=9.97 split=1.000,0.875 ===
159.89280|I|libbeamng.print:18052| === LSTM_OBS t=270 0.00094,0.00057,0.01165,8.52140,0.32167,9.96779,-9.74238,-0.01942,0.00000,0.00000,0.00204,1.00000,0.00000,0.00253,-0.00815,1370.30529,0.25000 ===
159.94380|I|libbeamng.print:18052| === LSTM_TRACE t=280 v=13.69 ws=0.00,0.00,0.00,6.87 cmd=0.984,0.985,0.818,0.792 cap=3052,3054,1590,1539 des=3052,3054,1391,1346 app=3007,2989,1380,1346 abs=nil,nil,nil,nil ebrake=1.00 ibrake=1.00 hasABS=0 sy=9.96 split=1.000,0.875 ===
159.94393|I|libbeamng.print:18052| === LSTM_OBS t=280 0.00111,0.00092,0.00111,6.87376,0.30474,9.95843,-9.71718,-0.01831,0.00000,0.00000,0.00198,1.00000,0.00000,0.00244,-0.00830,1167.90815,0.25000 ===
159.99743|I|libbeamng.print:18052| === LSTM_TRACE t=290 v=13.19 ws=0.01,0.00,0.05,5.38 cmd=0.983,0.985,0.814,0.787 cap=3049,3053,1583,1530 des=3049,3053,1385,1339 app=3003,2988,1373,1339 abs=nil,nil,nil,nil ebrake=1.00 ibrake=1.00 hasABS=0 sy=9.95 split=1.000,0.875 ===
159.99761|I|libbeamng.print:18052| === LSTM_OBS t=290 0.01289,0.00484,0.04870,5.37955,0.28635,9.94990,-9.70587,-0.01964,0.00000,0.00000,0.00198,1.00000,0.00000,0.00248,-0.00835,988.59977,0.25000 ===
160.05714|I|libbeamng.print:18052| === LSTM_TRACE t=300 v=12.68 ws=0.02,0.01,0.00,4.22 cmd=0.982,0.984,0.807,0.779 cap=3045,3051,1570,1515 des=3045,3051,1374,1326 app=2998,2985,1361,1326 abs=nil,nil,nil,nil ebrake=1.00 ibrake=1.00 hasABS=0 sy=10.01 split=1.000,0.875 ===
160.05721|I|libbeamng.print:18052| === LSTM_OBS t=300 0.02058,0.00979,0.00450,4.22009,0.30262,10.01015,-9.71451,-0.02178,0.00000,0.00000,0.00229,1.00000,0.00000,0.00214,-0.00862,797.31305,0.25000 ===
160.11221|I|libbeamng.print:18052| === LSTM_TRACE t=310 v=12.17 ws=0.00,0.01,0.04,2.25 cmd=0.980,0.983,0.796,0.764 cap=3038,3046,1549,1487 des=3038,3046,1355,1302 app=2991,2979,1342,1302 abs=nil,nil,nil,nil ebrake=1.00 ibrake=1.00 hasABS=0 sy=10.08 split=1.000,0.875 ===
160.11230|I|libbeamng.print:18052| === LSTM_OBS t=310 0.00139,0.01485,0.04447,2.25186,0.28882,10.07704,-9.73632,-0.02544,0.00000,0.00000,0.00234,1.00000,0.00000,0.00122,-0.00925,740.35331,0.25000 ===
160.16338|I|libbeamng.print:18052| === LSTM_TRACE t=320 v=11.67 ws=0.00,0.00,0.03,1.07 cmd=0.974,0.978,0.782,0.744 cap=3023,3033,1522,1451 des=3023,3033,1332,1269 app=2975,2966,1319,1269 abs=nil,nil,nil,nil ebrake=1.00 ibrake=1.00 hasABS=0 sy=10.06 split=1.000,0.875 ===
160.16346|I|libbeamng.print:18052| === LSTM_OBS t=320 0.00102,0.00009,0.02867,1.06511,0.23944,10.06476,-9.76974,-0.00542,0.00000,0.00000,0.00224,1.00000,0.00000,0.00069,-0.00977,731.56111,0.25000 ===
160.21292|I|libbeamng.print:18052| === LSTM_TRACE t=330 v=11.18 ws=0.01,0.01,0.02,0.12 cmd=0.961,0.964,0.751,0.702 cap=2984,2996,1469,1375 des=2984,2996,1285,1203 app=2936,2929,1272,1203 abs=nil,nil,nil,nil ebrake=1.00 ibrake=1.00 hasABS=0 sy=10.00 split=1.000,0.875 ===
160.21301|I|libbeamng.print:18052| === LSTM_OBS t=330 0.01194,0.00725,0.02139,0.11965,0.22180,10.00453,-9.75078,-0.00206,0.00000,0.00000,0.00104,1.00000,0.00000,0.00111,-0.01001,729.80094,0.25000 ===
160.25767|I|libbeamng.print:18052| === LSTM_TRACE t=340 v=10.67 ws=0.01,0.00,0.02,1.99 cmd=0.949,0.951,0.730,0.688 cap=2940,2947,1420,1334 des=2940,2947,1242,1168 app=2892,2880,1229,1168 abs=nil,nil,nil,nil ebrake=1.00 ibrake=1.00 hasABS=0 sy=10.02 split=1.000,0.875 ===
160.25772|I|libbeamng.print:18052| === LSTM_OBS t=340 0.00853,0.00016,0.01844,1.98521,0.26838,10.01919,-9.68153,-0.00715,0.00000,0.00000,0.00221,1.00000,0.00000,0.00110,-0.00992,727.21515,0.25000 ===
160.30471|I|libbeamng.print:18052| === LSTM_TRACE t=350 v=10.16 ws=0.00,0.00,0.00,1.78 cmd=0.951,0.953,0.738,0.705 cap=2951,2956,1432,1368 des=2951,2956,1253,1197 app=2902,2888,1239,1197 abs=nil,nil,nil,nil ebrake=1.00 ibrake=1.00 hasABS=0 sy=10.08 split=1.000,0.875 ===
160.30480|I|libbeamng.print:18052| === LSTM_OBS t=350 0.00022,0.00085,0.00177,1.78111,0.27417,10.07821,-9.68089,0.00083,0.00000,0.00000,0.00265,1.00000,0.00000,0.00015,-0.01019,730.34195,0.25000 ===
160.35230|I|libbeamng.print:18052| === LSTM_TRACE t=360 v=9.64 ws=0.00,0.00,0.02,1.75 cmd=0.948,0.950,0.743,0.713 cap=2941,2947,1444,1386 des=2941,2947,1264,1213 app=2891,2879,1249,1213 abs=nil,nil,nil,nil ebrake=1.00 ibrake=1.00 hasABS=0 sy=10.14 split=1.000,0.875 ===
160.35236|I|libbeamng.print:18052| === LSTM_OBS t=360 0.00047,0.00418,0.02038,1.75271,0.24964,10.13804,-9.70278,0.00886,0.00000,0.00000,0.00216,1.00000,0.00000,0.00021,-0.01038,730.63146,0.25000 ===
160.40636|I|libbeamng.print:18052| === LSTM_TRACE t=370 v=9.12 ws=0.01,0.01,0.03,2.11 cmd=0.949,0.951,0.749,0.723 cap=2940,2947,1454,1402 des=2940,2947,1272,1227 app=2890,2879,1257,1227 abs=nil,nil,nil,nil ebrake=1.00 ibrake=1.00 hasABS=0 sy=10.20 split=1.000,0.875 ===
160.40644|I|libbeamng.print:18052| === LSTM_OBS t=370 0.01347,0.00641,0.02612,2.11202,0.23535,10.20380,-9.69023,0.00467,0.00000,0.00000,0.00239,1.00000,0.00000,0.00065,-0.01051,728.33569,0.25000 ===
160.45554|I|libbeamng.print:18052| === LSTM_TRACE t=380 v=8.59 ws=0.01,0.00,0.02,2.22 cmd=0.957,0.959,0.765,0.741 cap=2962,2966,1483,1437 des=2962,2966,1298,1257 app=2911,2897,1283,1257 abs=nil,nil,nil,nil ebrake=1.00 ibrake=1.00 hasABS=0 sy=10.29 split=1.000,0.875 ===
160.45561|I|libbeamng.print:18052| === LSTM_OBS t=380 0.01099,0.00223,0.01647,2.22183,0.24760,10.28983,-9.68333,0.00080,0.00000,0.00000,0.00192,1.00000,0.00000,0.00088,-0.01058,728.95843,0.25000 ===
160.50597|I|libbeamng.print:18052| === LSTM_TRACE t=390 v=8.06 ws=0.01,0.00,0.04,2.26 cmd=0.970,0.970,0.793,0.771 cap=3000,2999,1533,1490 des=3000,2999,1342,1304 app=2947,2928,1325,1304 abs=nil,nil,nil,nil ebrake=1.00 ibrake=1.00 hasABS=0 sy=10.36 split=1.000,0.875 ===
160.50604|I|libbeamng.print:18052| === LSTM_OBS t=390 0.00560,0.00391,0.04104,2.25507,0.25774,10.36245,-9.69222,0.00227,0.00000,0.00000,0.00198,1.00000,0.00000,0.00110,-0.01072,728.74879,0.25000 ===
160.55156|I|libbeamng.print:18052| === LSTM_TRACE t=400 v=7.54 ws=0.01,0.01,0.04,0.56 cmd=0.986,0.985,0.835,0.820 cap=3055,3052,1614,1583 des=3055,3052,1412,1385 app=3001,2979,1395,1385 abs=nil,nil,nil,nil ebrake=1.00 ibrake=1.00 hasABS=0 sy=10.43 split=1.000,0.875 ===
160.55162|I|libbeamng.print:18052| === LSTM_OBS t=400 0.00825,0.00580,0.03526,0.56020,0.25797,10.42574,-9.69964,0.01178,0.00000,0.00000,0.00254,1.00000,0.00000,0.00098,-0.01093,728.12622,0.25000 ===
160.59945|I|libbeamng.print:18052| === LSTM_TRACE t=410 v=6.99 ws=0.01,0.00,0.01,0.06 cmd=0.994,0.994,0.870,0.865 cap=3079,3079,1687,1676 des=3079,3079,1476,1467 app=3025,3005,1458,1467 abs=nil,nil,nil,nil ebrake=1.00 ibrake=1.00 hasABS=0 sy=10.53 split=1.000,0.875 ===
160.59951|I|libbeamng.print:18052| === LSTM_OBS t=410 0.01072,0.00178,0.00695,0.05952,0.27218,10.52797,-9.69273,0.01474,0.00000,0.00000,0.00176,1.00000,0.00000,0.00098,-0.01114,727.85801,0.25000 ===
160.64993|I|libbeamng.print:18052| === LSTM_TRACE t=420 v=6.45 ws=0.01,0.00,0.04,0.05 cmd=0.996,0.996,0.874,0.875 cap=3087,3088,1698,1699 des=3087,3088,1486,1487 app=3032,3013,1467,1487 abs=nil,nil,nil,nil ebrake=1.00 ibrake=1.00 hasABS=0 sy=10.62 split=1.000,0.875 ===
160.65002|I|libbeamng.print:18052| === LSTM_OBS t=420 0.00610,0.00121,0.03567,0.04898,0.28466,10.61709,-9.68522,0.01611,0.00000,0.00000,0.00229,1.00000,0.00000,0.00060,-0.01139,729.21441,0.25000 ===
160.71173|I|libbeamng.print:18052| === LSTM_TRACE t=430 v=5.89 ws=0.00,0.00,0.00,0.02 cmd=0.997,0.997,0.873,0.877 cap=3089,3090,1695,1700 des=3089,3090,1484,1488 app=3034,3015,1465,1488 abs=nil,nil,nil,nil ebrake=1.00 ibrake=1.00 hasABS=0 sy=10.73 split=1.000,0.875 ===
160.71180|I|libbeamng.print:18052| === LSTM_OBS t=430 0.00374,0.00218,0.00126,0.01714,0.28157,10.73366,-9.67652,0.01915,0.00000,0.00000,0.00274,1.00000,0.00000,0.00035,-0.01150,730.26547,0.25000 ===
160.75807|I|libbeamng.print:18052| === LSTM_TRACE t=440 v=5.34 ws=0.00,0.00,0.01,0.02 cmd=0.997,0.997,0.872,0.878 cap=3090,3091,1695,1700 des=3090,3091,1483,1488 app=3034,3015,1464,1488 abs=nil,nil,nil,nil ebrake=1.00 ibrake=1.00 hasABS=0 sy=10.83 split=1.000,0.875 ===
160.75814|I|libbeamng.print:18052| === LSTM_OBS t=440 0.00210,0.00209,0.00981,0.02324,0.27097,10.83174,-9.68715,0.02087,0.00000,0.00000,0.00274,1.00000,0.00000,0.00033,-0.01156,731.06463,0.25000 ===
160.80306|I|libbeamng.print:18052| === LSTM_TRACE t=450 v=4.77 ws=0.00,0.00,0.02,0.00 cmd=0.997,0.997,0.872,0.879 cap=3090,3091,1694,1700 des=3090,3091,1482,1488 app=3033,3015,1463,1488 abs=nil,nil,nil,nil ebrake=1.00 ibrake=1.00 hasABS=0 sy=10.94 split=1.000,0.875 ===
160.80312|I|libbeamng.print:18052| === LSTM_OBS t=450 0.00298,0.00132,0.01713,0.00096,0.26401,10.93845,-9.69626,0.02305,0.00000,0.00000,0.00265,1.00000,0.00000,0.00037,-0.01164,729.25178,0.25000 ===
160.85315|I|libbeamng.print:18052| === LSTM_TRACE t=460 v=4.20 ws=0.00,0.00,0.01,0.01 cmd=0.997,0.997,0.872,0.879 cap=3090,3091,1694,1700 des=3090,3091,1482,1488 app=3033,3015,1463,1487 abs=nil,nil,nil,nil ebrake=1.00 ibrake=1.00 hasABS=0 sy=11.07 split=1.000,0.875 ===
160.85321|I|libbeamng.print:18052| === LSTM_OBS t=460 0.00025,0.00298,0.01340,0.00651,0.26165,11.07046,-9.69382,0.02420,0.00000,0.00000,0.00261,1.00000,0.00000,0.00043,-0.01183,728.79654,0.25000 ===
160.90029|I|libbeamng.print:18052| === LSTM_TRACE t=470 v=3.62 ws=0.00,0.00,0.00,0.01 cmd=0.997,0.997,0.872,0.880 cap=3090,3090,1694,1700 des=3090,3090,1482,1488 app=3032,3014,1463,1487 abs=nil,nil,nil,nil ebrake=1.00 ibrake=1.00 hasABS=0 sy=11.20 split=1.000,0.875 ===
160.90037|I|libbeamng.print:18052| === LSTM_OBS t=470 0.00283,0.00086,0.00187,0.01210,0.26158,11.20266,-9.69042,0.02447,0.00000,0.00000,0.00270,1.00000,0.00000,0.00045,-0.01212,727.78937,0.25000 ===
160.95269|I|libbeamng.print:18052| === LSTM_TRACE t=480 v=3.04 ws=0.00,0.00,0.00,0.00 cmd=0.996,0.997,0.873,0.881 cap=3089,3090,1695,1700 des=3089,3090,1483,1488 app=3031,3013,1464,1487 abs=nil,nil,nil,nil ebrake=1.00 ibrake=1.00 hasABS=0 sy=11.32 split=1.000,0.875 ===
160.95274|I|libbeamng.print:18052| === LSTM_OBS t=480 0.00006,0.00207,0.00309,0.00325,0.25998,11.32322,-9.68106,0.02495,0.00000,0.00000,0.00278,1.00000,0.00000,0.00048,-0.01238,728.19557,0.25000 ===
161.00146|I|libbeamng.print:18052| === LSTM_TRACE t=490 v=2.45 ws=0.00,0.00,0.01,0.01 cmd=0.994,0.995,0.877,0.883 cap=3084,3085,1700,1700 des=3084,3085,1488,1488 app=3026,3009,1468,1487 abs=nil,nil,nil,nil ebrake=1.00 ibrake=1.00 hasABS=0 sy=11.44 split=1.000,0.875 ===
161.00151|I|libbeamng.print:18052| === LSTM_OBS t=490 0.00234,0.00079,0.01133,0.00967,0.25439,11.43918,-9.67357,0.02417,0.00000,0.00000,0.00278,1.00000,0.00000,0.00051,-0.01258,729.53300,0.25000 ===
161.04820|I|libbeamng.print:18052| === LSTM_TRACE t=500 v=1.85 ws=0.00,0.00,0.00,0.00 cmd=0.993,0.994,0.881,0.885 cap=3079,3081,1700,1700 des=3079,3081,1488,1488 app=3021,3004,1467,1487 abs=nil,nil,nil,nil ebrake=1.00 ibrake=1.00 hasABS=0 sy=11.54 split=1.000,0.875 ===
161.04847|I|libbeamng.print:18052| === LSTM_OBS t=500 0.00012,0.00198,0.00204,0.00021,0.24765,11.54337,-9.66670,0.02235,0.00000,0.00000,0.00285,1.00000,0.00000,0.00053,-0.01271,728.38767,0.25000 ===
161.09443|I|libbeamng.print:18052| === LSTM_TRACE t=510 v=1.26 ws=0.00,0.00,0.04,0.69 cmd=0.992,0.993,0.882,0.886 cap=3076,3079,1700,1700 des=3076,3079,1488,1488 app=3018,3002,1467,1487 abs=nil,nil,nil,nil ebrake=1.00 ibrake=1.00 hasABS=0 sy=11.65 split=1.000,0.875 ===
161.09451|I|libbeamng.print:18052| === LSTM_OBS t=510 0.00131,0.00096,0.04352,0.69010,0.24141,11.64724,-9.65758,0.01736,0.00000,0.00000,0.00285,1.00000,0.00000,0.00058,-0.01279,728.91408,0.25000 ===
161.14715|I|libbeamng.print:18052| === LSTM_TRACE t=520 v=0.66 ws=0.00,0.00,0.04,0.60 cmd=0.993,0.993,0.882,0.885 cap=3077,3079,1700,1700 des=3077,3079,1488,1488 app=3019,3002,1467,1486 abs=nil,nil,nil,nil ebrake=1.00 ibrake=1.00 hasABS=0 sy=11.74 split=1.000,0.875 ===
161.14724|I|libbeamng.print:18052| === LSTM_OBS t=520 0.00281,0.00238,0.03576,0.59585,0.20680,11.73976,-9.64167,0.00368,0.00000,0.00000,0.00289,1.00000,0.00000,0.00065,-0.01272,728.54714,0.25000 ===
165.33094|I|libbeamng.print:18052| === LSTM_ABS: lens 'baseline_mix_epg_s2' loaded (1 member, 17 in, 64 hidden, 2 layers) ===
165.33314|I|libbeamng.print:18052| === LSTM_ABS SELFTEST lens=baseline_mix_epg_s2 cmd=0.976223,0.978836,0.525969,0.599422 ===
195.45033|I|libbeamng.print:18052| === LSTM_TRACE t=0 v=27.70 ws=27.66,27.74,27.33,27.45 cmd=0.764,0.798,0.465,0.493 cap=155,155,97,97 des=155,155,85,85 app=151,150,83,84 abs=nil,nil,nil,nil ebrake=1.00 ibrake=1.00 hasABS=0 sy=1.58 split=1.000,0.875 ===
195.45039|I|libbeamng.print:18052| === LSTM_OBS t=0 27.66099,27.74357,27.32590,27.44906,0.01068,1.57848,-9.77493,0.00549,0.00000,0.00000,0.00000,1.00000,0.00000,0.00071,-0.00907,7857.25288,0.25000 ===
195.50709|I|libbeamng.print:18052| === LSTM_TRACE t=10 v=27.47 ws=26.92,26.78,26.64,26.74 cmd=0.367,0.447,0.656,0.643 cap=1041,1265,1264,1233 des=1041,1265,1106,1079 app=1018,1230,1087,1074 abs=nil,nil,nil,nil ebrake=1.00 ibrake=1.00 hasABS=0 sy=2.05 split=1.000,0.875 ===
195.50714|I|libbeamng.print:18052| === LSTM_OBS t=10 26.91801,26.78361,26.64104,26.73879,0.03805,2.04764,-9.72267,-0.00326,0.00000,0.00000,0.00069,1.00000,0.00000,0.00079,-0.00981,7763.45825,0.25000 ===
195.52436|I|libbeamng.print:18052| === LSTM_ABS DBG raw=26.3987,26.1777,26.2770,26.4019,0.0278,2.5418,-9.7254,-0.0111,0.0000,0.0000,0.0011,1.0000,0.0000,0.0009,-0.0105,7674.6605,0.2500 ===
195.52441|I|libbeamng.print:18052| === LSTM_ABS DBG norm=0.56,0.49,0.51,0.49,-0.13,-2.12,0.00,-0.06,0.06,-0.06,-0.08,0.59,-0.02,0.00,0.00,3.80,0.00 ===
195.52442|I|libbeamng.print:18052| === LSTM_ABS DBG cmd=0.4987,0.6018,0.6857,0.6852 ===
195.55503|I|libbeamng.print:18052| === LSTM_TRACE t=20 v=27.05 ws=25.57,25.15,25.79,25.80 cmd=0.640,0.736,0.720,0.734 cap=1906,2215,1392,1416 des=1906,2215,1218,1239 app=1871,2166,1202,1236 abs=nil,nil,nil,nil ebrake=1.00 ibrake=1.00 hasABS=0 sy=3.50 split=1.000,0.875 ===
195.55509|I|libbeamng.print:18052| === LSTM_OBS t=20 25.57266,25.14712,25.78605,25.80242,0.04393,3.50054,-9.53162,-0.00525,0.00000,0.00000,0.00221,1.00000,0.00000,0.00086,-0.01152,7519.96981,0.25000 ===
195.60097|I|libbeamng.print:18052| === LSTM_TRACE t=30 v=26.50 ws=24.72,23.78,24.97,24.82 cmd=0.733,0.803,0.746,0.767 cap=2271,2497,1444,1485 des=2271,2497,1263,1300 app=2239,2455,1251,1298 abs=nil,nil,nil,nil ebrake=1.00 ibrake=1.00 hasABS=0 sy=5.30 split=1.000,0.875 ===
195.60103|I|libbeamng.print:18052| === LSTM_OBS t=30 24.71752,23.77875,24.96899,24.82196,0.03882,5.29719,-9.42588,-0.02124,0.00000,0.00000,0.00244,1.00000,0.00000,0.00098,-0.01373,7282.68752,0.25000 ===
195.65233|I|libbeamng.print:18052| === LSTM_TRACE t=40 v=25.91 ws=24.02,22.86,24.25,24.02 cmd=0.745,0.782,0.751,0.767 cap=2326,2459,1452,1487 des=2326,2459,1271,1301 app=2302,2428,1262,1301 abs=nil,nil,nil,nil ebrake=1.00 ibrake=1.00 hasABS=0 sy=7.19 split=1.000,0.875 ===
195.65242|I|libbeamng.print:18052| === LSTM_OBS t=40 24.01928,22.85693,24.24978,24.01519,0.07141,7.19439,-9.40133,-0.02145,0.00000,0.00000,0.00274,1.00000,0.00000,0.00103,-0.01587,7029.89893,0.25000 ===
195.70687|I|libbeamng.print:18052| === LSTM_TRACE t=50 v=25.31 ws=23.40,22.53,23.65,23.24 cmd=0.810,0.823,0.729,0.744 cap=2481,2520,1424,1450 des=2481,2520,1246,1269 app=2463,2496,1240,1269 abs=nil,nil,nil,nil ebrake=1.00 ibrake=1.00 hasABS=0 sy=8.57 split=1.000,0.875 ===
195.70702|I|libbeamng.print:18052| === LSTM_OBS t=50 23.40026,22.53261,23.64607,23.24401,0.08662,8.57355,-9.52282,-0.00225,0.00000,0.00000,0.00345,1.00000,0.00000,0.00091,-0.01741,6795.65062,0.25000 ===
195.75440|I|libbeamng.print:18052| === LSTM_TRACE t=60 v=24.70 ws=22.51,21.65,22.99,22.38 cmd=0.803,0.821,0.732,0.743 cap=2402,2460,1466,1490 des=2402,2460,1283,1303 app=2389,2443,1278,1303 abs=nil,nil,nil,nil ebrake=1.00 ibrake=1.00 hasABS=0 sy=9.60 split=1.000,0.875 ===
195.75448|I|libbeamng.print:18052| === LSTM_OBS t=60 22.51263,21.65416,22.98718,22.37911,0.15406,9.59938,-9.67114,-0.01449,0.00000,0.00000,0.00338,1.00000,0.00000,0.00076,-0.01836,6597.34295,0.25000 ===
195.80606|I|libbeamng.print:18052| === LSTM_TRACE t=70 v=24.07 ws=21.94,20.08,22.29,21.55 cmd=0.731,0.758,0.780,0.788 cap=2576,2642,1432,1452 des=2576,2642,1253,1270 app=2567,2628,1250,1270 abs=nil,nil,nil,nil ebrake=1.00 ibrake=1.00 hasABS=0 sy=10.41 split=1.000,0.875 ===
195.80612|I|libbeamng.print:18052| === LSTM_OBS t=70 21.94103,20.08427,22.29151,21.55324,0.15147,10.41446,-9.77059,0.01187,0.00000,0.00000,0.00398,1.00000,0.00000,0.00062,-0.01875,6374.92015,0.25000 ===
195.85336|I|libbeamng.print:18052| === LSTM_TRACE t=80 v=23.48 ws=21.59,18.48,21.56,20.76 cmd=0.749,0.771,0.754,0.764 cap=2363,2429,1422,1439 des=2363,2429,1244,1259 app=2358,2420,1242,1259 abs=nil,nil,nil,nil ebrake=1.00 ibrake=1.00 hasABS=0 sy=10.88 split=1.000,0.875 ===
195.85343|I|libbeamng.print:18052| === LSTM_OBS t=80 21.58920,18.47881,21.55974,20.75872,0.13140,10.87518,-9.80847,0.01587,0.00000,0.00000,0.00354,1.00000,0.00000,0.00092,-0.01850,6172.12538,0.25000 ===
195.90785|I|libbeamng.print:18052| === LSTM_TRACE t=90 v=22.89 ws=21.35,17.12,20.70,20.18 cmd=0.727,0.734,0.705,0.716 cap=2121,2151,1409,1430 des=2121,2151,1233,1251 app=2118,2145,1232,1251 abs=nil,nil,nil,nil ebrake=1.00 ibrake=1.00 hasABS=0 sy=11.17 split=1.000,0.875 ===
195.90791|I|libbeamng.print:18052| === LSTM_OBS t=90 21.34698,17.12461,20.70283,20.18104,0.10884,11.16541,-9.78776,0.01565,0.00000,0.00000,0.00326,1.00000,0.00000,0.00141,-0.01779,5957.82302,0.25000 ===
195.95640|I|libbeamng.print:18052| === LSTM_TRACE t=100 v=22.32 ws=20.64,15.93,19.98,19.67 cmd=0.628,0.619,0.692,0.703 cap=1907,1883,1414,1436 des=1907,1883,1238,1256 app=1981,1976,1237,1256 abs=nil,nil,nil,nil ebrake=1.00 ibrake=1.00 hasABS=0 sy=11.27 split=1.000,0.875 ===
195.95647|I|libbeamng.print:18052| === LSTM_OBS t=100 20.64242,15.93169,19.97832,19.66929,0.08082,11.27366,-9.70984,0.01870,0.00000,0.00000,0.00229,1.00000,0.00000,0.00173,-0.01706,5778.95041,0.25000 ===
196.00622|I|libbeamng.print:18052| === LSTM_TRACE t=110 v=21.73 ws=20.19,15.58,19.36,19.30 cmd=0.744,0.736,0.717,0.734 cap=2367,2344,1276,1308 des=2367,2344,1117,1144 app=2367,2339,1117,1144 abs=nil,nil,nil,nil ebrake=1.00 ibrake=1.00 hasABS=0 sy=11.37 split=1.000,0.875 ===
196.00628|I|libbeamng.print:18052| === LSTM_OBS t=110 20.19082,15.58373,19.36368,19.30448,0.02297,11.36823,-9.66684,0.01847,0.00000,0.00000,0.00278,1.00000,0.00000,0.00201,-0.01660,5600.59875,0.25000 ===
196.05437|I|libbeamng.print:18052| === LSTM_TRACE t=120 v=21.15 ws=19.77,14.40,18.61,18.91 cmd=0.698,0.689,0.681,0.704 cap=2163,2139,1343,1387 des=2163,2139,1175,1213 app=2163,2136,1175,1213 abs=nil,nil,nil,nil ebrake=1.00 ibrake=1.00 hasABS=0 sy=11.44 split=1.000,0.875 ===
196.05445|I|libbeamng.print:18052| === LSTM_OBS t=120 19.77482,14.39833,18.61456,18.91075,-0.02896,11.44390,-9.64818,0.01577,0.00000,0.00000,0.00350,1.00000,0.00000,0.00236,-0.01641,5448.86407,0.25000 ===
196.10893|I|libbeamng.print:18052| === LSTM_TRACE t=130 v=20.57 ws=19.23,13.67,17.89,18.58 cmd=0.693,0.686,0.701,0.725 cap=2140,2119,1342,1388 des=2140,2119,1174,1215 app=2140,2117,1174,1215 abs=nil,nil,nil,nil ebrake=1.00 ibrake=1.00 hasABS=0 sy=11.50 split=1.000,0.875 ===
196.10902|I|libbeamng.print:18052| === LSTM_OBS t=130 19.22556,13.66996,17.88810,18.58410,-0.09738,11.50034,-9.64096,0.01412,0.00000,0.00000,0.00278,1.00000,0.00000,0.00274,-0.01645,5278.91531,0.25000 ===
196.15842|I|libbeamng.print:18052| === LSTM_TRACE t=140 v=20.01 ws=18.54,13.33,16.66,18.33 cmd=0.740,0.741,0.682,0.711 cap=2234,2230,1352,1407 des=2234,2230,1183,1231 app=2234,2228,1183,1231 abs=nil,nil,nil,nil ebrake=1.00 ibrake=1.00 hasABS=0 sy=11.51 split=1.000,0.875 ===
196.15849|I|libbeamng.print:18052| === LSTM_OBS t=140 18.54337,13.33435,16.66304,18.32624,-0.15520,11.50737,-9.64134,-0.00359,0.00000,0.00000,0.00293,1.00000,0.00000,0.00306,-0.01647,5117.54704,0.25000 ===
196.21288|I|libbeamng.print:18052| === LSTM_TRACE t=150 v=19.44 ws=17.87,12.43,15.97,18.11 cmd=0.693,0.696,0.699,0.727 cap=2140,2145,1388,1442 des=2140,2145,1215,1262 app=2140,2143,1215,1262 abs=nil,nil,nil,nil ebrake=1.00 ibrake=1.00 hasABS=0 sy=11.48 split=1.000,0.875 ===
196.21294|I|libbeamng.print:18052| === LSTM_OBS t=150 17.86790,12.42778,15.97334,18.10961,-0.20098,11.48423,-9.64627,-0.00767,0.00000,0.00000,0.00283,1.00000,0.00000,0.00318,-0.01637,4950.53560,0.25000 ===
196.26086|I|libbeamng.print:18052| === LSTM_TRACE t=160 v=18.88 ws=17.45,11.57,14.93,17.76 cmd=0.741,0.751,0.707,0.738 cap=2160,2189,1399,1456 des=2160,2189,1224,1274 app=2160,2187,1224,1274 abs=nil,nil,nil,nil ebrake=1.00 ibrake=1.00 hasABS=0 sy=11.42 split=1.000,0.875 ===
196.26092|I|libbeamng.print:18052| === LSTM_OBS t=160 17.45403,11.56503,14.93045,17.75522,-0.25636,11.41924,-9.64082,-0.02724,0.00000,0.00000,0.00354,1.00000,0.00000,0.00336,-0.01626,4754.03578,0.25000 ===
196.30727|I|libbeamng.print:18052| === LSTM_TRACE t=170 v=18.32 ws=16.93,10.01,13.88,17.28 cmd=0.694,0.710,0.745,0.772 cap=2243,2285,1420,1476 des=2243,2285,1242,1291 app=2243,2283,1242,1291 abs=nil,nil,nil,nil ebrake=1.00 ibrake=1.00 hasABS=0 sy=11.33 split=1.000,0.875 ===
196.30732|I|libbeamng.print:18052| === LSTM_OBS t=170 16.92856,10.00513,13.88100,17.28057,-0.29066,11.33068,-9.63368,-0.03813,0.00000,0.00000,0.00293,1.00000,0.00000,0.00337,-0.01602,4563.94212,0.25000 ===
196.35732|I|libbeamng.print:18052| === LSTM_TRACE t=180 v=17.77 ws=16.57,7.74,11.69,15.77 cmd=0.770,0.785,0.752,0.778 cap=2196,2257,1439,1493 des=2196,2257,1259,1307 app=2196,2256,1259,1307 abs=nil,nil,nil,nil ebrake=1.00 ibrake=1.00 hasABS=0 sy=11.25 split=1.000,0.875 ===
196.35737|I|libbeamng.print:18052| === LSTM_OBS t=180 16.56788,7.73919,11.69497,15.77324,-0.26540,11.25234,-9.59441,-0.03027,0.00000,0.00000,0.00329,1.00000,0.00000,0.00309,-0.01581,4387.65316,0.25000 ===
196.40929|I|libbeamng.print:18052| === LSTM_TRACE t=190 v=17.22 ws=15.78,4.89,9.60,14.37 cmd=0.483,0.481,0.773,0.793 cap=2104,2084,1565,1600 des=2104,2084,1369,1400 app=2104,2082,1369,1400 abs=nil,nil,nil,nil ebrake=1.00 ibrake=1.00 hasABS=0 sy=11.13 split=1.000,0.875 ===
196.40935|I|libbeamng.print:18052| === LSTM_OBS t=190 15.77565,4.89047,9.59614,14.36563,-0.18274,11.12937,-9.56342,-0.01783,0.00000,0.00000,0.00239,1.00000,0.00000,0.00235,-0.01537,4183.59580,0.25000 ===
196.46786|I|libbeamng.print:18052| === LSTM_TRACE t=200 v=16.68 ws=15.87,3.39,8.15,13.80 cmd=0.839,0.840,0.680,0.692 cap=1938,1937,1204,1231 des=1938,1937,1054,1077 app=1938,1934,1065,1083 abs=nil,nil,nil,nil ebrake=1.00 ibrake=1.00 hasABS=0 sy=11.05 split=1.000,0.875 ===
196.46793|I|libbeamng.print:18052| === LSTM_OBS t=200 15.86546,3.38815,8.14957,13.80466,-0.10881,11.05164,-9.57938,-0.02416,0.00000,0.00000,0.00256,1.00000,0.00000,0.00111,-0.01462,4007.32304,0.25000 ===
196.51745|I|libbeamng.print:18052| === LSTM_TRACE t=210 v=16.15 ws=15.47,0.05,6.67,12.91 cmd=0.751,0.725,0.729,0.751 cap=1723,1626,1381,1408 des=1723,1626,1209,1232 app=1723,1623,1209,1232 abs=nil,nil,nil,nil ebrake=1.00 ibrake=1.00 hasABS=0 sy=10.98 split=1.000,0.875 ===
196.51761|I|libbeamng.print:18052| === LSTM_OBS t=210 15.47178,0.04518,6.67300,12.90501,-0.02367,10.97552,-9.63422,-0.00611,0.00000,0.00000,0.00588,1.00000,0.00000,-0.00097,-0.01340,3842.63302,0.25000 ===
196.57296|I|libbeamng.print:18052| === LSTM_TRACE t=220 v=15.64 ws=14.27,0.01,5.61,12.03 cmd=0.644,0.629,0.805,0.825 cap=2238,2201,1550,1591 des=2238,2201,1356,1393 app=2238,2196,1356,1393 abs=nil,nil,nil,nil ebrake=1.00 ibrake=1.00 hasABS=0 sy=10.81 split=1.000,0.875 ===
196.57313|I|libbeamng.print:18052| === LSTM_OBS t=220 14.27436,0.01423,5.60743,12.02925,-0.02346,10.81196,-9.65290,-0.00759,0.00000,0.00000,0.00142,1.00000,0.00000,-0.00131,-0.01241,3677.67219,0.25000 ===
196.61656|I|libbeamng.print:18052| === LSTM_TRACE t=230 v=15.10 ws=13.47,0.04,4.54,11.07 cmd=0.760,0.759,0.834,0.848 cap=2342,2336,1602,1634 des=2342,2336,1402,1429 app=2342,2329,1401,1429 abs=nil,nil,nil,nil ebrake=1.00 ibrake=1.00 hasABS=0 sy=10.76 split=1.000,0.875 ===
196.61668|I|libbeamng.print:18052| === LSTM_OBS t=230 13.46766,0.03787,4.53708,11.07271,-0.01224,10.76303,-9.65841,0.00835,0.00000,0.00000,0.00318,1.00000,0.00000,-0.00056,-0.01185,3481.40058,0.25000 ===
196.66710|I|libbeamng.print:18052| === LSTM_TRACE t=240 v=14.56 ws=12.13,0.01,3.70,11.17 cmd=0.708,0.714,0.858,0.862 cap=2258,2270,1670,1676 des=2258,2270,1461,1467 app=2258,2262,1460,1467 abs=nil,nil,nil,nil ebrake=1.00 ibrake=1.00 hasABS=0 sy=10.79 split=1.000,0.875 ===
196.66717|I|libbeamng.print:18052| === LSTM_OBS t=240 12.13116,0.00829,3.70035,11.17487,0.03413,10.78648,-9.67486,0.01070,0.00000,0.00000,0.00249,1.00000,0.00000,0.00008,-0.01163,3269.89200,0.25000 ===
196.72179|I|libbeamng.print:18052| === LSTM_TRACE t=250 v=14.03 ws=10.71,0.03,2.83,10.60 cmd=0.712,0.722,0.854,0.861 cap=2171,2203,1667,1680 des=2171,2203,1459,1470 app=2171,2193,1457,1470 abs=nil,nil,nil,nil ebrake=1.00 ibrake=1.00 hasABS=0 sy=10.73 split=1.000,0.875 ===
196.72190|I|libbeamng.print:18052| === LSTM_OBS t=250 10.71094,0.03355,2.83130,10.59817,0.07277,10.73500,-9.63678,0.01636,0.00000,0.00000,0.00318,1.00000,0.00000,0.00027,-0.01117,3021.13215,0.25000 ===
196.78279|I|libbeamng.print:18052| === LSTM_TRACE t=260 v=13.52 ws=11.43,0.04,1.80,10.78 cmd=0.645,0.644,0.823,0.840 cap=2084,2084,1616,1649 des=2084,2084,1414,1443 app=2084,2074,1412,1443 abs=nil,nil,nil,nil ebrake=1.00 ibrake=1.00 hasABS=0 sy=10.65 split=1.000,0.875 ===
196.78285|I|libbeamng.print:18052| === LSTM_OBS t=260 11.42936,0.03830,1.80337,10.78281,0.03963,10.65157,-9.64711,0.01476,0.00000,0.00000,0.00375,1.00000,0.00000,0.00058,-0.01065,2792.72679,0.25000 ===
196.84053|I|libbeamng.print:18052| === LSTM_TRACE t=270 v=12.97 ws=11.29,0.02,0.76,10.70 cmd=0.631,0.626,0.786,0.794 cap=2186,2183,1505,1526 des=2186,2183,1317,1336 app=2186,2171,1314,1336 abs=nil,nil,nil,nil ebrake=1.00 ibrake=1.00 hasABS=0 sy=10.66 split=1.000,0.875 ===
196.84059|I|libbeamng.print:18052| === LSTM_OBS t=270 11.29360,0.01603,0.75698,10.69636,0.03076,10.65740,-9.66033,0.02669,0.00000,0.00000,0.00162,1.00000,0.00000,0.00055,-0.00998,2600.45944,0.25000 ===
196.89648|I|libbeamng.print:18052| === LSTM_TRACE t=280 v=12.43 ws=11.09,0.01,0.20,10.88 cmd=0.685,0.676,0.738,0.749 cap=2007,1983,1491,1509 des=2007,1983,1305,1321 app=2007,1971,1301,1321 abs=nil,nil,nil,nil ebrake=1.00 ibrake=1.00 hasABS=0 sy=10.69 split=1.000,0.875 ===
196.89656|I|libbeamng.print:18052| === LSTM_OBS t=280 11.08742,0.01362,0.20325,10.88496,0.03803,10.69479,-9.64644,0.02457,0.00000,0.00000,0.00289,1.00000,0.00000,0.00048,-0.00967,2415.15282,0.25000 ===
196.94206|I|libbeamng.print:18052| === LSTM_TRACE t=290 v=11.87 ws=10.55,0.01,0.04,9.94 cmd=0.699,0.692,0.713,0.718 cap=2132,2096,1487,1496 des=2132,2096,1301,1309 app=2132,2082,1297,1309 abs=nil,nil,nil,nil ebrake=1.00 ibrake=1.00 hasABS=0 sy=10.78 split=1.000,0.875 ===
196.94213|I|libbeamng.print:18052| === LSTM_OBS t=290 10.55379,0.00837,0.04006,9.94437,0.03338,10.78257,-9.73477,0.01881,0.00000,0.00000,0.00239,1.00000,0.00000,0.00067,-0.00997,2247.68575,0.25000 ===
196.98579|I|libbeamng.print:18052| === LSTM_TRACE t=300 v=11.33 ws=10.18,0.01,0.00,9.50 cmd=0.744,0.740,0.717,0.723 cap=2171,2159,1409,1419 des=2171,2159,1233,1242 app=2171,2143,1228,1242 abs=nil,nil,nil,nil ebrake=1.00 ibrake=1.00 hasABS=0 sy=10.82 split=1.000,0.875 ===
196.98593|I|libbeamng.print:18052| === LSTM_OBS t=300 10.18137,0.01000,0.00073,9.50255,0.00774,10.82203,-9.78379,0.01686,0.00000,0.00000,0.00331,1.00000,0.00000,0.00097,-0.01082,2106.72143,0.25000 ===
197.02526|I|libbeamng.print:18052| === LSTM_TRACE t=310 v=10.80 ws=9.55,0.01,0.09,8.65 cmd=0.699,0.696,0.669,0.667 cap=2001,1959,1417,1411 des=2001,1959,1240,1235 app=2001,1958,1234,1235 abs=nil,nil,nil,nil ebrake=1.00 ibrake=1.00 hasABS=0 sy=10.80 split=1.000,0.875 ===
197.02534|I|libbeamng.print:18052| === LSTM_OBS t=310 9.55485,0.00938,0.08564,8.64938,0.00248,10.80384,-9.78322,0.01941,0.00000,0.00000,0.00293,1.00000,0.00000,0.00113,-0.01149,1950.84947,0.25000 ===
197.07193|I|libbeamng.print:18052| === LSTM_TRACE t=320 v=10.26 ws=9.22,0.03,0.00,7.93 cmd=0.703,0.701,0.661,0.649 cap=2277,2276,1271,1252 des=2277,2276,1112,1095 app=2277,2257,1107,1095 abs=nil,nil,nil,nil ebrake=1.00 ibrake=1.00 hasABS=0 sy=10.77 split=1.000,0.875 ===
197.07199|I|libbeamng.print:18052| === LSTM_OBS t=320 9.21698,0.03108,0.00447,7.92904,-0.02178,10.76810,-9.75979,0.01630,0.00000,0.00000,0.00265,1.00000,0.00000,0.00110,-0.01208,1803.20511,0.25000 ===
197.11939|I|libbeamng.print:18052| === LSTM_TRACE t=330 v=9.73 ws=8.96,0.02,0.03,7.54 cmd=0.707,0.719,0.600,0.595 cap=2250,2291,1133,1119 des=2250,2291,991,979 app=2250,2270,986,979 abs=nil,nil,nil,nil ebrake=1.00 ibrake=1.00 hasABS=0 sy=10.75 split=1.000,0.875 ===
197.11944|I|libbeamng.print:18052| === LSTM_OBS t=330 8.95693,0.01878,0.03053,7.54318,-0.04696,10.75272,-9.72786,0.01714,0.00000,0.00000,0.00315,1.00000,0.00000,0.00119,-0.01261,1676.99845,0.25000 ===
197.16990|I|libbeamng.print:18052| === LSTM_TRACE t=340 v=9.18 ws=8.21,0.02,0.04,7.20 cmd=0.679,0.702,0.552,0.549 cap=2179,2243,1073,1072 des=2179,2243,939,938 app=2179,2222,934,938 abs=nil,nil,nil,nil ebrake=1.00 ibrake=1.00 hasABS=0 sy=10.74 split=1.000,0.875 ===
197.16995|I|libbeamng.print:18052| === LSTM_OBS t=340 8.21352,0.02439,0.04330,7.19536,-0.06997,10.73644,-9.70550,0.01566,0.00000,0.00000,0.00221,1.00000,0.00000,0.00128,-0.01319,1561.97504,0.25000 ===
197.21112|I|libbeamng.print:18052| === LSTM_TRACE t=350 v=8.64 ws=6.96,0.04,0.07,6.97 cmd=0.792,0.812,0.483,0.469 cap=2418,2477,953,926 des=2418,2477,834,811 app=2418,2452,829,811 abs=nil,nil,nil,nil ebrake=1.00 ibrake=1.00 hasABS=0 sy=10.77 split=1.000,0.875 ===
197.21121|I|libbeamng.print:18052| === LSTM_OBS t=350 6.95552,0.03799,0.06733,6.96675,-0.10027,10.76928,-9.70415,0.02240,0.00000,0.00000,0.00176,1.00000,0.00000,0.00129,-0.01398,1476.87498,0.25000 ===
197.25208|I|libbeamng.print:18052| === LSTM_TRACE t=360 v=8.10 ws=3.06,0.03,0.03,6.93 cmd=0.830,0.871,0.473,0.446 cap=2572,2690,898,847 des=2572,2690,786,741 app=2572,2662,781,741 abs=nil,nil,nil,nil ebrake=1.00 ibrake=1.00 hasABS=0 sy=10.85 split=1.000,0.875 ===
197.25214|I|libbeamng.print:18052| === LSTM_OBS t=360 3.06030,0.03410,0.02861,6.93093,-0.11088,10.84758,-9.71278,0.01313,0.00000,0.00000,0.00142,1.00000,0.00000,0.00117,-0.01506,1418.03404,0.25000 ===
197.30108|I|libbeamng.print:18052| === LSTM_TRACE t=370 v=7.56 ws=0.25,0.03,0.18,5.64 cmd=0.961,0.973,0.802,0.780 cap=2942,2992,1512,1469 des=2942,2992,1323,1286 app=2942,2960,1314,1286 abs=nil,nil,nil,nil ebrake=1.00 ibrake=1.00 hasABS=0 sy=10.80 split=1.000,0.875 ===
197.30113|I|libbeamng.print:18052| === LSTM_OBS t=370 0.24679,0.02798,0.17764,5.64381,-0.12655,10.80377,-9.75092,0.00909,0.00000,0.00000,0.00372,1.00000,0.00000,0.00213,-0.01614,1353.04256,0.25000 ===
197.35558|I|libbeamng.print:18052| === LSTM_TRACE t=380 v=7.08 ws=0.07,0.05,0.01,4.56 cmd=0.981,0.983,0.842,0.820 cap=3039,3046,1635,1593 des=3039,3046,1430,1394 app=3039,3012,1421,1394 abs=nil,nil,nil,nil ebrake=1.00 ibrake=1.00 hasABS=0 sy=10.57 split=1.000,0.875 ===
197.35564|I|libbeamng.print:18052| === LSTM_OBS t=380 0.06665,0.04583,0.00540,4.56040,-0.05927,10.56505,-9.61816,-0.00002,0.00000,0.00000,0.00256,1.00000,0.00000,0.00151,-0.01651,1211.93529,0.25000 ===
197.40188|I|libbeamng.print:18052| === LSTM_TRACE t=390 v=6.59 ws=0.04,0.00,0.00,3.84 cmd=0.973,0.977,0.854,0.820 cap=3022,3033,1657,1591 des=3022,3033,1450,1392 app=3022,2998,1440,1392 abs=nil,nil,nil,nil ebrake=1.00 ibrake=1.00 hasABS=0 sy=10.36 split=1.000,0.875 ===
197.40198|I|libbeamng.print:18052| === LSTM_OBS t=390 0.03539,0.00102,0.00092,3.83566,-0.08120,10.35602,-9.50144,-0.00792,0.00000,0.00000,0.00261,1.00000,0.00000,0.00104,-0.01600,1024.86175,0.25000 ===
197.45456|I|libbeamng.print:18052| === LSTM_TRACE t=400 v=6.06 ws=0.03,0.01,0.03,2.38 cmd=0.977,0.981,0.855,0.829 cap=3026,3039,1661,1610 des=3026,3039,1453,1409 app=3026,3002,1442,1409 abs=nil,nil,nil,nil ebrake=1.00 ibrake=1.00 hasABS=0 sy=10.33 split=1.000,0.875 ===
197.45463|I|libbeamng.print:18052| === LSTM_OBS t=400 0.02618,0.00951,0.03067,2.38133,-0.06888,10.33028,-9.46560,-0.01846,0.00000,0.00000,0.00249,1.00000,0.00000,0.00082,-0.01521,829.42552,0.25000 ===
197.50733|I|libbeamng.print:18052| === LSTM_TRACE t=410 v=5.54 ws=0.01,0.00,0.11,1.48 cmd=0.979,0.983,0.859,0.836 cap=3038,3049,1670,1624 des=3038,3049,1461,1421 app=3038,3012,1450,1421 abs=nil,nil,nil,nil ebrake=1.00 ibrake=1.00 hasABS=0 sy=10.37 split=1.000,0.875 ===
197.50742|I|libbeamng.print:18052| === LSTM_OBS t=410 0.00550,0.00281,0.11472,1.47555,-0.10302,10.36708,-9.51318,-0.02056,0.00000,0.00000,0.00401,1.00000,0.00000,0.00082,-0.01439,743.74752,0.25000 ===
197.55722|I|libbeamng.print:18052| === LSTM_TRACE t=420 v=5.01 ws=0.02,0.01,0.04,0.87 cmd=0.984,0.988,0.866,0.846 cap=3049,3058,1680,1643 des=3049,3058,1470,1437 app=3048,3020,1459,1437 abs=nil,nil,nil,nil ebrake=1.00 ibrake=1.00 hasABS=0 sy=10.41 split=1.000,0.875 ===
197.55730|I|libbeamng.print:18052| === LSTM_OBS t=420 0.01686,0.00838,0.03986,0.86693,-0.07934,10.41077,-9.56211,-0.00638,0.00000,0.00000,0.00204,1.00000,0.00000,0.00058,-0.01371,726.08792,0.25000 ===
197.60651|I|libbeamng.print:18052| === LSTM_TRACE t=430 v=4.46 ws=0.02,0.01,0.04,1.14 cmd=0.989,0.991,0.872,0.852 cap=3064,3072,1693,1654 des=3064,3072,1481,1447 app=3062,3032,1470,1447 abs=nil,nil,nil,nil ebrake=1.00 ibrake=1.00 hasABS=0 sy=10.52 split=1.000,0.875 ===
197.60660|I|libbeamng.print:18052| === LSTM_OBS t=430 0.02469,0.01224,0.04343,1.14355,-0.04044,10.51937,-9.58854,-0.01375,0.00000,0.00000,0.00285,1.00000,0.00000,-0.00007,-0.01296,725.64852,0.25000 ===
197.65579|I|libbeamng.print:18052| === LSTM_TRACE t=440 v=3.92 ws=0.00,0.01,0.00,0.43 cmd=0.991,0.993,0.878,0.858 cap=3073,3079,1700,1665 des=3073,3079,1488,1457 app=3070,3038,1476,1457 abs=nil,nil,nil,nil ebrake=1.00 ibrake=1.00 hasABS=0 sy=10.64 split=1.000,0.875 ===
197.65588|I|libbeamng.print:18052| === LSTM_OBS t=440 0.00022,0.00707,0.00333,0.43257,-0.01183,10.64010,-9.61194,-0.00791,0.00000,0.00000,0.00322,1.00000,0.00000,-0.00057,-0.01237,724.94856,0.25000 ===
197.71207|I|libbeamng.print:18052| === LSTM_TRACE t=450 v=3.37 ws=0.01,0.01,0.09,0.11 cmd=0.993,0.995,0.881,0.862 cap=3078,3084,1700,1673 des=3078,3084,1488,1464 app=3074,3042,1475,1464 abs=nil,nil,nil,nil ebrake=1.00 ibrake=1.00 hasABS=0 sy=10.72 split=1.000,0.875 ===
197.71212|I|libbeamng.print:18052| === LSTM_OBS t=450 0.01226,0.00503,0.09183,0.10946,-0.03056,10.71773,-9.65718,-0.00775,0.00000,0.00000,0.00423,1.00000,0.00000,-0.00005,-0.01168,728.28087,0.25000 ===
197.75782|I|libbeamng.print:18052| === LSTM_TRACE t=460 v=2.82 ws=0.00,0.00,0.08,0.28 cmd=0.994,0.996,0.883,0.865 cap=3081,3086,1700,1680 des=3081,3086,1488,1470 app=3076,3043,1475,1470 abs=nil,nil,nil,nil ebrake=1.00 ibrake=1.00 hasABS=0 sy=10.78 split=1.000,0.875 ===
197.75790|I|libbeamng.print:18052| === LSTM_OBS t=460 0.00350,0.00161,0.08219,0.27701,-0.01129,10.78092,-9.66763,-0.00733,0.00000,0.00000,0.00395,1.00000,0.00000,0.00020,-0.01108,726.18174,0.25000 ===
197.80725|I|libbeamng.print:18052| === LSTM_TRACE t=470 v=2.25 ws=0.00,0.01,0.03,1.46 cmd=0.995,0.996,0.883,0.867 cap=3084,3088,1700,1684 des=3084,3088,1488,1473 app=3078,3044,1475,1473 abs=nil,nil,nil,nil ebrake=1.00 ibrake=1.00 hasABS=0 sy=10.92 split=1.000,0.875 ===
197.80732|I|libbeamng.print:18052| === LSTM_OBS t=470 0.00028,0.00624,0.03270,1.46264,0.01238,10.91964,-9.70045,-0.01252,0.00000,0.00000,0.00369,1.00000,0.00000,-0.00031,-0.01078,728.02616,0.25000 ===
197.85822|I|libbeamng.print:18052| === LSTM_TRACE t=480 v=1.68 ws=0.00,0.00,0.04,0.70 cmd=0.995,0.996,0.883,0.867 cap=3085,3089,1700,1684 des=3085,3089,1488,1474 app=3078,3045,1475,1474 abs=nil,nil,nil,nil ebrake=1.00 ibrake=1.00 hasABS=0 sy=11.04 split=1.000,0.875 ===
197.85838|I|libbeamng.print:18052| === LSTM_OBS t=480 0.00223,0.00417,0.03549,0.70000,-0.01510,11.03726,-9.73239,-0.01139,0.00000,0.00000,0.00388,1.00000,0.00000,-0.00082,-0.01088,727.97248,0.25000 ===
197.91138|I|libbeamng.print:18052| === LSTM_TRACE t=490 v=1.13 ws=0.00,0.00,0.04,0.06 cmd=0.995,0.997,0.884,0.869 cap=3086,3090,1700,1688 des=3086,3090,1488,1477 app=3078,3045,1475,1477 abs=nil,nil,nil,nil ebrake=1.00 ibrake=1.00 hasABS=0 sy=11.10 split=1.000,0.875 ===
197.91147|I|libbeamng.print:18052| === LSTM_OBS t=490 0.00452,0.00012,0.03564,0.06307,-0.02307,11.10087,-9.75661,-0.00338,0.00000,0.00000,0.00389,1.00000,0.00000,-0.00053,-0.01091,729.58460,0.25000 ===
197.95932|I|libbeamng.print:18052| === LSTM_TRACE t=500 v=0.56 ws=0.01,0.00,0.05,0.05 cmd=0.996,0.997,0.884,0.870 cap=3086,3090,1700,1690 des=3086,3090,1488,1479 app=3078,3045,1475,1479 abs=nil,nil,nil,nil ebrake=1.00 ibrake=1.00 hasABS=0 sy=11.15 split=1.000,0.875 ===
197.95949|I|libbeamng.print:18052| === LSTM_OBS t=500 0.00760,0.00393,0.05201,0.04607,0.01796,11.15114,-9.73869,-0.00288,0.00000,0.00000,0.00360,1.00000,0.00000,-0.00039,-0.01082,727.78090,0.25000 ===
228.36430|I|libbeamng.print:18052| === LSTM_TRACE t=0 v=27.70 ws=27.71,27.77,27.35,27.43 cmd=0.764,0.797,0.465,0.492 cap=155,155,97,97 des=155,155,85,85 app=153,152,84,85 abs=nil,nil,nil,nil ebrake=1.00 ibrake=1.00 hasABS=0 sy=1.56 split=1.000,0.875 ===
228.36437|I|libbeamng.print:18052| === LSTM_OBS t=0 27.71116,27.76792,27.34812,27.43297,0.03663,1.56045,-9.78179,-0.00614,0.00000,0.00000,0.00049,1.00000,0.00000,0.00065,-0.00910,7858.16195,0.25000 ===
228.42216|I|libbeamng.print:18052| === LSTM_TRACE t=10 v=27.47 ws=26.84,26.77,26.67,26.73 cmd=0.359,0.439,0.658,0.645 cap=1042,1268,1261,1230 des=1042,1268,1103,1076 app=1030,1243,1090,1074 abs=nil,nil,nil,nil ebrake=1.00 ibrake=1.00 hasABS=0 sy=2.01 split=1.000,0.875 ===
228.42224|I|libbeamng.print:18052| === LSTM_OBS t=10 26.83642,26.77445,26.67059,26.72737,0.03027,2.00871,-9.76057,-0.01028,0.00000,0.00000,0.00085,1.00000,0.00000,0.00067,-0.00985,7773.38712,0.25000 ===
228.44673|I|libbeamng.print:18052| === LSTM_ABS DBG raw=26.3557,26.1128,26.3028,26.3929,0.0227,2.5542,-9.7372,0.0046,0.0000,0.0000,0.0008,1.0000,0.0000,0.0008,-0.0105,7679.9358,0.2500 ===
228.44681|I|libbeamng.print:18052| === LSTM_ABS DBG norm=0.56,0.48,0.51,0.49,-0.13,-2.11,0.00,0.06,0.06,-0.06,-0.10,0.59,-0.02,0.00,0.00,3.80,0.00 ===
228.44682|I|libbeamng.print:18052| === LSTM_ABS DBG cmd=0.4973,0.6017,0.6852,0.6853 ===
228.47834|I|libbeamng.print:18052| === LSTM_TRACE t=20 v=27.04 ws=25.60,25.16,25.80,25.81 cmd=0.649,0.747,0.720,0.736 cap=1928,2240,1390,1416 des=1928,2240,1216,1239 app=1912,2205,1205,1238 abs=nil,nil,nil,nil ebrake=1.00 ibrake=1.00 hasABS=0 sy=3.47 split=1.000,0.875 ===
228.47842|I|libbeamng.print:18052| === LSTM_OBS t=20 25.59741,25.16335,25.80290,25.80766,0.03512,3.46620,-9.56182,0.00573,0.00000,0.00000,0.00176,1.00000,0.00000,0.00083,-0.01159,7538.41461,0.25000 ===
228.52303|I|libbeamng.print:18052| === LSTM_TRACE t=30 v=26.50 ws=24.69,23.50,24.95,24.90 cmd=0.726,0.795,0.740,0.761 cap=2196,2421,1447,1483 des=2196,2421,1266,1298 app=2184,2393,1258,1298 abs=nil,nil,nil,nil ebrake=1.00 ibrake=1.00 hasABS=0 sy=5.28 split=1.000,0.875 ===
228.52309|I|libbeamng.print:18052| === LSTM_OBS t=30 24.69145,23.50465,24.94700,24.90308,0.06005,5.28331,-9.41795,-0.00902,0.00000,0.00000,0.00289,1.00000,0.00000,0.00107,-0.01386,7294.91467,0.25000 ===
228.57098|I|libbeamng.print:18052| === LSTM_TRACE t=40 v=25.90 ws=24.09,22.94,24.18,24.06 cmd=0.760,0.797,0.732,0.750 cap=2261,2394,1446,1479 des=2261,2394,1265,1294 app=2253,2374,1260,1294 abs=nil,nil,nil,nil ebrake=1.00 ibrake=1.00 hasABS=0 sy=7.00 split=1.000,0.875 ===
228.57103|I|libbeamng.print:18052| === LSTM_OBS t=40 24.08920,22.94283,24.18415,24.05740,0.09929,6.99583,-9.41579,0.00070,0.00000,0.00000,0.00301,1.00000,0.00000,0.00117,-0.01596,7056.95234,0.25000 ===
228.61692|I|libbeamng.print:18052| === LSTM_TRACE t=50 v=25.31 ws=23.18,22.60,23.54,23.33 cmd=0.793,0.804,0.736,0.746 cap=2460,2496,1429,1450 des=2460,2496,1250,1269 app=2456,2482,1247,1269 abs=nil,nil,nil,nil ebrake=1.00 ibrake=1.00 hasABS=0 sy=8.52 split=1.000,0.875 ===
228.61699|I|libbeamng.print:18052| === LSTM_OBS t=50 23.18368,22.60014,23.53993,23.33035,0.14258,8.52030,-9.55347,-0.02270,0.00000,0.00000,0.00293,1.00000,0.00000,0.00105,-0.01746,6809.16826,0.25000 ===
228.66167|I|libbeamng.print:18052| === LSTM_TRACE t=60 v=24.69 ws=22.54,21.79,22.97,22.52 cmd=0.793,0.812,0.752,0.764 cap=2487,2540,1403,1424 des=2487,2540,1227,1246 app=2486,2530,1225,1246 abs=nil,nil,nil,nil ebrake=1.00 ibrake=1.00 hasABS=0 sy=9.49 split=1.000,0.875 ===
228.66173|I|libbeamng.print:18052| === LSTM_OBS t=60 22.53527,21.78606,22.96740,22.51852,0.11364,9.49130,-9.70082,-0.01008,0.00000,0.00000,0.00378,1.00000,0.00000,0.00081,-0.01843,6606.56858,0.25000 ===
228.70894|I|libbeamng.print:18052| === LSTM_TRACE t=70 v=24.07 ws=21.94,20.51,22.18,21.51 cmd=0.798,0.821,0.718,0.729 cap=2265,2352,1493,1513 des=2265,2352,1306,1324 app=2265,2346,1306,1324 abs=nil,nil,nil,nil ebrake=1.00 ibrake=1.00 hasABS=0 sy=10.30 split=1.000,0.875 ===
228.70901|I|libbeamng.print:18052| === LSTM_OBS t=70 21.94360,20.50502,22.18455,21.50969,0.08172,10.30327,-9.81520,-0.00363,0.00000,0.00000,0.00352,1.00000,0.00000,0.00069,-0.01873,6384.31232,0.25000 ===
228.75618|I|libbeamng.print:18052| === LSTM_TRACE t=80 v=23.46 ws=21.61,18.75,21.53,20.77 cmd=0.770,0.793,0.744,0.754 cap=2317,2395,1436,1456 des=2317,2395,1257,1274 app=2317,2392,1257,1274 abs=nil,nil,nil,nil ebrake=1.00 ibrake=1.00 hasABS=0 sy=10.84 split=1.000,0.875 ===
228.75628|I|libbeamng.print:18052| === LSTM_OBS t=80 21.61068,18.74849,21.53351,20.76901,0.10174,10.84221,-9.84198,0.01391,0.00000,0.00000,0.00345,1.00000,0.00000,0.00084,-0.01852,6162.59658,0.25000 ===
228.80913|I|libbeamng.print:18052| === LSTM_TRACE t=90 v=22.88 ws=21.20,17.28,20.87,20.13 cmd=0.705,0.716,0.736,0.746 cap=2361,2399,1344,1367 des=2361,2399,1176,1196 app=2361,2397,1176,1196 abs=nil,nil,nil,nil ebrake=1.00 ibrake=1.00 hasABS=0 sy=11.13 split=1.000,0.875 ===
228.80922|I|libbeamng.print:18052| === LSTM_OBS t=90 21.20363,17.27902,20.87296,20.13187,0.08806,11.13401,-9.79204,0.01583,0.00000,0.00000,0.00350,1.00000,0.00000,0.00118,-0.01790,5950.75735,0.25000 ===
228.85346|I|libbeamng.print:18052| === LSTM_TRACE t=100 v=22.30 ws=20.92,16.12,20.12,19.56 cmd=0.716,0.712,0.666,0.678 cap=1826,1812,1425,1445 des=1826,1812,1247,1265 app=1895,1899,1247,1265 abs=nil,nil,nil,nil ebrake=1.00 ibrake=1.00 hasABS=0 sy=11.27 split=1.000,0.875 ===
228.85352|I|libbeamng.print:18052| === LSTM_OBS t=100 20.92346,16.12206,20.12003,19.55956,0.08410,11.27081,-9.73587,0.02782,0.00000,0.00000,0.00239,1.00000,0.00000,0.00153,-0.01717,5778.86516,0.25000 ===
228.90808|I|libbeamng.print:18052| === LSTM_TRACE t=110 v=21.73 ws=20.23,15.53,19.40,19.04 cmd=0.730,0.723,0.726,0.743 cap=2427,2404,1338,1367 des=2427,2404,1170,1196 app=2427,2404,1170,1196 abs=nil,nil,nil,nil ebrake=1.00 ibrake=1.00 hasABS=0 sy=11.36 split=1.000,0.875 ===
228.90813|I|libbeamng.print:18052| === LSTM_OBS t=110 20.23324,15.52974,19.39874,19.03699,0.05712,11.35760,-9.65189,0.01312,0.00000,0.00000,0.00338,1.00000,0.00000,0.00182,-0.01665,5601.48403,0.25000 ===
228.95790|I|libbeamng.print:18052| === LSTM_TRACE t=120 v=21.15 ws=19.86,14.39,18.79,18.77 cmd=0.725,0.716,0.676,0.698 cap=2067,2020,1368,1403 des=2067,2020,1197,1227 app=2067,2020,1197,1227 abs=nil,nil,nil,nil ebrake=1.00 ibrake=1.00 hasABS=0 sy=11.45 split=1.000,0.875 ===
228.95796|I|libbeamng.print:18052| === LSTM_OBS t=120 19.85791,14.39422,18.79236,18.77433,0.01478,11.45325,-9.63811,0.00854,0.00000,0.00000,0.00375,1.00000,0.00000,0.00207,-0.01645,5435.52276,0.25000 ===
229.00977|I|libbeamng.print:18052| === LSTM_TRACE t=130 v=20.57 ws=19.23,13.61,18.12,18.32 cmd=0.681,0.670,0.709,0.729 cap=2233,2210,1342,1385 des=2233,2210,1175,1212 app=2233,2210,1175,1212 abs=nil,nil,nil,nil ebrake=1.00 ibrake=1.00 hasABS=0 sy=11.50 split=1.000,0.875 ===
229.00991|I|libbeamng.print:18052| === LSTM_OBS t=130 19.23437,13.61219,18.11932,18.32318,-0.03960,11.50187,-9.64151,0.01495,0.00000,0.00000,0.00249,1.00000,0.00000,0.00247,-0.01638,5270.66248,0.25000 ===
229.05406|I|libbeamng.print:18052| === LSTM_TRACE t=140 v=19.99 ws=18.54,13.25,17.01,17.93 cmd=0.720,0.721,0.678,0.705 cap=1986,1955,1417,1459 des=1986,1955,1240,1277 app=2054,2047,1240,1277 abs=nil,nil,nil,nil ebrake=1.00 ibrake=1.00 hasABS=0 sy=11.51 split=1.000,0.875 ===
229.05412|I|libbeamng.print:18052| === LSTM_OBS t=140 18.54056,13.24663,17.00647,17.92654,-0.09527,11.51312,-9.64542,0.00911,0.00000,0.00000,0.00239,1.00000,0.00000,0.00279,-0.01637,5118.75763,0.25000 ===
229.09934|I|libbeamng.print:18052| === LSTM_TRACE t=150 v=19.42 ws=18.09,12.52,15.96,17.84 cmd=0.758,0.758,0.686,0.714 cap=2075,2058,1369,1416 des=2075,2058,1198,1239 app=2075,2058,1198,1239 abs=nil,nil,nil,nil ebrake=1.00 ibrake=1.00 hasABS=0 sy=11.49 split=1.000,0.875 ===
229.09943|I|libbeamng.print:18052| === LSTM_OBS t=150 18.08831,12.52281,15.95639,17.83586,-0.15568,11.49239,-9.63984,0.00657,0.00000,0.00000,0.00311,1.00000,0.00000,0.00305,-0.01632,4940.13603,0.25000 ===
229.14873|I|libbeamng.print:18052| === LSTM_TRACE t=160 v=18.86 ws=17.04,11.70,14.98,17.42 cmd=0.631,0.636,0.738,0.762 cap=2318,2330,1388,1440 des=2318,2330,1214,1260 app=2318,2330,1214,1260 abs=nil,nil,nil,nil ebrake=1.00 ibrake=1.00 hasABS=0 sy=11.45 split=1.000,0.875 ===
229.14882|I|libbeamng.print:18052| === LSTM_OBS t=160 17.03677,11.69902,14.98400,17.41705,-0.19859,11.44914,-9.64056,-0.01148,0.00000,0.00000,0.00278,1.00000,0.00000,0.00313,-0.01611,4763.57562,0.25000 ===
229.19966|I|libbeamng.print:18052| === LSTM_TRACE t=170 v=18.29 ws=16.68,10.52,14.24,17.17 cmd=0.645,0.658,0.710,0.739 cap=1746,1769,1465,1510 des=1746,1769,1282,1321 app=1911,1939,1282,1321 abs=nil,nil,nil,nil ebrake=1.00 ibrake=1.00 hasABS=0 sy=11.41 split=1.000,0.875 ===
229.19973|I|libbeamng.print:18052| === LSTM_OBS t=170 16.67521,10.51792,14.23846,17.17095,-0.23798,11.40735,-9.62068,-0.00406,0.00000,0.00000,0.00278,1.00000,0.00000,0.00327,-0.01596,4583.33792,0.25000 ===
229.24929|I|libbeamng.print:18052| === LSTM_TRACE t=180 v=17.74 ws=15.97,8.74,12.11,15.39 cmd=0.655,0.666,0.756,0.777 cap=2216,2256,1437,1481 des=2216,2256,1258,1296 app=2216,2256,1258,1296 abs=nil,nil,nil,nil ebrake=1.00 ibrake=1.00 hasABS=0 sy=11.33 split=1.000,0.875 ===
229.24935|I|libbeamng.print:18052| === LSTM_OBS t=180 15.96665,8.74407,12.10673,15.39267,-0.22936,11.32516,-9.57796,-0.01728,0.00000,0.00000,0.00278,1.00000,0.00000,0.00309,-0.01586,4404.55556,0.25000 ===
229.29943|I|libbeamng.print:18052| === LSTM_TRACE t=190 v=17.19 ws=16.18,6.53,10.28,14.82 cmd=0.797,0.790,0.688,0.702 cap=2077,2091,1143,1171 des=2077,2091,1000,1025 app=2077,2091,1000,1025 abs=nil,nil,nil,nil ebrake=1.00 ibrake=1.00 hasABS=0 sy=11.27 split=1.000,0.875 ===
229.29949|I|libbeamng.print:18052| === LSTM_OBS t=190 16.17693,6.52560,10.28145,14.82261,-0.19609,11.26637,-9.55788,-0.00886,0.00000,0.00000,0.00409,1.00000,0.00000,0.00264,-0.01567,4244.74913,0.25000 ===
229.35227|I|libbeamng.print:18052| === LSTM_TRACE t=200 v=16.66 ws=15.35,4.61,8.21,13.81 cmd=0.518,0.487,0.592,0.606 cap=2174,2113,1379,1417 des=2174,2113,1207,1240 app=2174,2113,1207,1240 abs=nil,nil,nil,nil ebrake=1.00 ibrake=1.00 hasABS=0 sy=11.13 split=1.000,0.875 ===
229.35233|I|libbeamng.print:18052| === LSTM_OBS t=200 15.34705,4.61419,8.21305,13.80785,-0.12230,11.13326,-9.63697,-0.01600,0.00000,0.00000,0.00329,1.00000,0.00000,0.00199,-0.01516,4099.10126,0.25000 ===
229.39857|I|libbeamng.print:18052| === LSTM_TRACE t=210 v=16.09 ws=14.83,3.61,6.80,13.75 cmd=0.514,0.474,0.670,0.677 cap=2409,2366,1035,1069 des=2409,2366,906,935 app=2409,2366,907,937 abs=nil,nil,nil,nil ebrake=1.00 ibrake=1.00 hasABS=0 sy=11.08 split=1.000,0.875 ===
229.39869|I|libbeamng.print:18052| === LSTM_OBS t=210 14.82552,3.61115,6.79934,13.75306,-0.08557,11.07732,-9.70267,-0.01352,0.00000,0.00000,0.00229,1.00000,0.00000,0.00076,-0.01464,4010.67813,0.25000 ===
229.45041|I|libbeamng.print:18052| === LSTM_TRACE t=220 v=15.56 ws=14.57,1.94,5.63,13.18 cmd=0.665,0.633,0.654,0.668 cap=1796,1663,1100,1152 des=1796,1663,963,1008 app=1796,1663,1035,1074 abs=nil,nil,nil,nil ebrake=1.00 ibrake=1.00 hasABS=0 sy=11.02 split=1.000,0.875 ===
229.45046|I|libbeamng.print:18052| === LSTM_OBS t=220 14.57233,1.93528,5.63020,13.17744,-0.02864,11.01567,-9.75138,-0.01178,0.00000,0.00000,0.00384,1.00000,0.00000,-0.00083,-0.01413,3900.11744,0.25000 ===
229.49924|I|libbeamng.print:18052| === LSTM_TRACE t=230 v=15.07 ws=14.20,0.06,4.74,12.30 cmd=0.772,0.748,0.765,0.789 cap=2343,2258,1440,1493 des=2343,2258,1260,1307 app=2343,2238,1260,1307 abs=nil,nil,nil,nil ebrake=1.00 ibrake=1.00 hasABS=0 sy=10.86 split=1.000,0.875 ===
229.49929|I|libbeamng.print:18052| === LSTM_OBS t=230 14.20243,0.06215,4.74248,12.30224,-0.03949,10.86111,-9.74211,-0.00454,0.00000,0.00000,0.00401,1.00000,0.00000,-0.00158,-0.01377,3758.96744,0.25000 ===
229.54990|I|libbeamng.print:18052| === LSTM_TRACE t=240 v=14.55 ws=13.22,0.01,4.05,11.90 cmd=0.718,0.709,0.797,0.824 cap=2098,2050,1572,1622 des=2098,2050,1376,1420 app=2098,2048,1376,1420 abs=nil,nil,nil,nil ebrake=1.00 ibrake=1.00 hasABS=0 sy=10.67 split=1.000,0.875 ===
229.54997|I|libbeamng.print:18052| === LSTM_OBS t=240 13.22445,0.01463,4.05494,11.89937,-0.04119,10.67178,-9.65699,0.00157,0.00000,0.00000,0.00293,1.00000,0.00000,-0.00062,-0.01339,3553.76988,0.25000 ===
229.59605|I|libbeamng.print:18052| === LSTM_TRACE t=250 v=14.00 ws=12.40,0.02,3.21,11.75 cmd=0.701,0.697,0.838,0.853 cap=2189,2168,1638,1667 des=2189,2168,1433,1459 app=2189,2165,1433,1459 abs=nil,nil,nil,nil ebrake=1.00 ibrake=1.00 hasABS=0 sy=10.63 split=1.000,0.875 ===
229.59613|I|libbeamng.print:18052| === LSTM_OBS t=250 12.39628,0.02321,3.20918,11.75465,-0.00771,10.63393,-9.59269,0.01533,0.00000,0.00000,0.00198,1.00000,0.00000,0.00004,-0.01303,3352.04810,0.25000 ===
229.64582|I|libbeamng.print:18052| === LSTM_TRACE t=260 v=13.49 ws=11.10,0.02,2.14,11.81 cmd=0.776,0.778,0.857,0.864 cap=2387,2397,1663,1675 des=2387,2397,1455,1466 app=2387,2392,1455,1466 abs=nil,nil,nil,nil ebrake=1.00 ibrake=1.00 hasABS=0 sy=10.64 split=1.000,0.875 ===
229.64587|I|libbeamng.print:18052| === LSTM_OBS t=260 11.09877,0.01979,2.14048,11.81039,0.07004,10.63514,-9.61720,0.00877,0.00000,0.00000,0.00328,1.00000,0.00000,0.00007,-0.01247,3119.16618,0.25000 ===
229.69600|I|libbeamng.print:18052| === LSTM_TRACE t=270 v=12.95 ws=10.11,0.01,1.20,11.68 cmd=0.711,0.717,0.839,0.857 cap=2006,2017,1652,1681 des=2006,2017,1446,1471 app=2006,2012,1445,1471 abs=nil,nil,nil,nil ebrake=1.00 ibrake=1.00 hasABS=0 sy=10.63 split=1.000,0.875 ===
229.69606|I|libbeamng.print:18052| === LSTM_OBS t=270 10.10803,0.00728,1.20498,11.68083,0.07441,10.63096,-9.63570,0.01837,0.00000,0.00000,0.00360,1.00000,0.00000,0.00005,-0.01186,2885.68878,0.25000 ===
229.74831|I|libbeamng.print:18052| === LSTM_TRACE t=280 v=12.43 ws=11.09,0.05,0.09,11.89 cmd=0.736,0.742,0.823,0.839 cap=2313,2345,1568,1607 des=2313,2345,1372,1406 app=2313,2338,1371,1406 abs=nil,nil,nil,nil ebrake=1.00 ibrake=1.00 hasABS=0 sy=10.59 split=1.000,0.875 ===
229.74841|I|libbeamng.print:18052| === LSTM_OBS t=280 11.08586,0.05149,0.09145,11.89284,0.01883,10.59055,-9.62992,0.00365,0.00000,0.00000,0.00411,1.00000,0.00000,0.00020,-0.01104,2653.45887,0.25000 ===
229.79797|I|libbeamng.print:18052| === LSTM_TRACE t=290 v=11.88 ws=10.79,0.02,0.05,11.08 cmd=0.703,0.709,0.773,0.786 cap=2189,2203,1494,1522 des=2189,2203,1308,1332 app=2189,2196,1306,1332 abs=nil,nil,nil,nil ebrake=1.00 ibrake=1.00 hasABS=0 sy=10.60 split=1.000,0.875 ===
229.79802|I|libbeamng.print:18052| === LSTM_OBS t=290 10.78527,0.02430,0.05383,11.08273,-0.05965,10.60028,-9.70739,0.00029,0.00000,0.00000,0.00244,1.00000,0.00000,0.00017,-0.01021,2451.48826,0.25000 ===
229.84736|I|libbeamng.print:18052| === LSTM_TRACE t=300 v=11.34 ws=10.23,0.07,0.07,10.29 cmd=0.680,0.674,0.778,0.793 cap=2466,2486,1461,1497 des=2466,2486,1278,1310 app=2466,2477,1276,1310 abs=nil,nil,nil,nil ebrake=1.00 ibrake=1.00 hasABS=0 sy=10.69 split=1.000,0.875 ===
229.84742|I|libbeamng.print:18052| === LSTM_OBS t=300 10.22588,0.07355,0.07100,10.29200,-0.07838,10.68885,-9.73888,-0.01141,0.00000,0.00000,0.00315,1.00000,0.00000,0.00057,-0.01026,2287.42945,0.25000 ===
229.89979|I|libbeamng.print:18052| === LSTM_TRACE t=310 v=10.79 ws=9.53,0.02,0.02,9.64 cmd=0.621,0.608,0.780,0.791 cap=2326,2319,1469,1498 des=2326,2319,1285,1311 app=2326,2309,1283,1311 abs=nil,nil,nil,nil ebrake=1.00 ibrake=1.00 hasABS=0 sy=10.74 split=1.000,0.875 ===
229.89984|I|libbeamng.print:18052| === LSTM_OBS t=310 9.52571,0.01586,0.02114,9.63547,-0.02547,10.74263,-9.74867,-0.00396,0.00000,0.00000,0.00244,1.00000,0.00000,0.00050,-0.01077,2131.65353,0.25000 ===
229.95180|I|libbeamng.print:18052| === LSTM_TRACE t=320 v=10.26 ws=9.12,0.03,0.03,8.65 cmd=0.773,0.767,0.758,0.768 cap=2379,2376,1420,1445 des=2379,2376,1243,1264 app=2379,2364,1240,1264 abs=nil,nil,nil,nil ebrake=1.00 ibrake=1.00 hasABS=0 sy=10.76 split=1.000,0.875 ===
229.95185|I|libbeamng.print:18052| === LSTM_OBS t=320 9.11801,0.02914,0.02570,8.64996,0.02460,10.76361,-9.73180,-0.00724,0.00000,0.00000,0.00357,1.00000,0.00000,0.00004,-0.01135,1961.77074,0.25000 ===
230.00361|I|libbeamng.print:18052| === LSTM_TRACE t=330 v=9.72 ws=8.20,0.03,0.02,7.80 cmd=0.670,0.653,0.743,0.745 cap=2349,2325,1414,1424 des=2349,2325,1238,1246 app=2349,2314,1234,1246 abs=nil,nil,nil,nil ebrake=1.00 ibrake=1.00 hasABS=0 sy=10.74 split=1.000,0.875 ===
230.00369|I|libbeamng.print:18052| === LSTM_OBS t=330 8.20248,0.02701,0.02258,7.79787,0.03172,10.73650,-9.72454,-0.00268,0.00000,0.00000,0.00293,1.00000,0.00000,-0.00025,-0.01170,1786.56067,0.25000 ===
230.05530|I|libbeamng.print:18052| === LSTM_TRACE t=340 v=9.19 ws=7.85,0.00,0.03,7.10 cmd=0.754,0.743,0.677,0.671 cap=2250,2193,1367,1359 des=2250,2193,1196,1189 app=2250,2181,1192,1189 abs=nil,nil,nil,nil ebrake=1.00 ibrake=1.00 hasABS=0 sy=10.72 split=1.000,0.875 ===
230.05539|I|libbeamng.print:18052| === LSTM_OBS t=340 7.85135,0.00462,0.03204,7.09644,0.03449,10.72125,-9.73521,0.00459,0.00000,0.00000,0.00280,1.00000,0.00000,-0.00020,-0.01192,1620.00765,0.25000 ===
230.10637|I|libbeamng.print:18052| === LSTM_TRACE t=350 v=8.64 ws=6.89,0.02,0.06,6.58 cmd=0.684,0.672,0.658,0.641 cap=2209,2147,1275,1246 des=2209,2147,1115,1090 app=2209,2135,1112,1090 abs=nil,nil,nil,nil ebrake=1.00 ibrake=1.00 hasABS=0 sy=10.74 split=1.000,0.875 ===
230.10646|I|libbeamng.print:18052| === LSTM_OBS t=350 6.89349,0.01646,0.05755,6.58218,0.04067,10.74127,-9.72607,0.00455,0.00000,0.00000,0.00192,1.00000,0.00000,-0.00024,-0.01217,1485.07459,0.25000 ===
230.15647|I|libbeamng.print:18052| === LSTM_TRACE t=360 v=8.10 ws=6.46,0.03,0.01,6.02 cmd=0.736,0.720,0.627,0.607 cap=2256,2220,1228,1188 des=2256,2220,1075,1039 app=2256,2207,1071,1039 abs=nil,nil,nil,nil ebrake=1.00 ibrake=1.00 hasABS=0 sy=10.79 split=1.000,0.875 ===
230.15653|I|libbeamng.print:18052| === LSTM_OBS t=360 6.46057,0.02966,0.00922,6.02397,0.05800,10.78625,-9.71197,0.00316,0.00000,0.00000,0.00409,1.00000,0.00000,-0.00022,-0.01261,1351.98001,0.25000 ===
230.20732|I|libbeamng.print:18052| === LSTM_TRACE t=370 v=7.54 ws=5.87,0.00,0.00,5.96 cmd=0.670,0.669,0.582,0.554 cap=2184,2163,1135,1089 des=2184,2163,993,953 app=2184,2150,989,953 abs=nil,nil,nil,nil ebrake=1.00 ibrake=1.00 hasABS=0 sy=10.86 split=1.000,0.875 ===
230.20737|I|libbeamng.print:18052| === LSTM_OBS t=370 5.86817,0.00093,0.00452,5.95929,0.05864,10.85552,-9.70546,0.01270,0.00000,0.00000,0.00169,1.00000,0.00000,-0.00021,-0.01317,1237.76561,0.25000 ===
230.25568|I|libbeamng.print:18052| === LSTM_TRACE t=380 v=7.00 ws=4.86,0.03,0.07,5.69 cmd=0.831,0.846,0.493,0.464 cap=2458,2497,976,911 des=2458,2497,854,797 app=2458,2481,850,797 abs=nil,nil,nil,nil ebrake=1.00 ibrake=1.00 hasABS=0 sy=10.93 split=1.000,0.875 ===
230.25574|I|libbeamng.print:18052| === LSTM_OBS t=380 4.85954,0.03302,0.06923,5.69242,0.04991,10.93461,-9.72574,0.00416,0.00000,0.00000,0.00216,1.00000,0.00000,-0.00031,-0.01395,1154.98927,0.25000 ===
230.30595|I|libbeamng.print:18052| === LSTM_TRACE t=390 v=6.43 ws=0.02,0.00,0.05,5.47 cmd=0.879,0.909,0.552,0.520 cap=2705,2788,1022,961 des=2705,2788,894,841 app=2705,2769,891,841 abs=nil,nil,nil,nil ebrake=1.00 ibrake=1.00 hasABS=0 sy=11.03 split=1.000,0.875 ===
230.30600|I|libbeamng.print:18052| === LSTM_OBS t=390 0.02232,0.00146,0.04664,5.46903,0.02160,11.02639,-9.82726,0.01248,0.00000,0.00000,0.00512,1.00000,0.00000,0.00066,-0.01483,1089.38984,0.25000 ===
230.37255|I|libbeamng.print:18052| === LSTM_TRACE t=400 v=5.88 ws=0.12,0.01,0.13,4.25 cmd=0.971,0.978,0.795,0.768 cap=3004,3027,1522,1468 des=3004,3027,1332,1284 app=3004,3005,1326,1284 abs=nil,nil,nil,nil ebrake=1.00 ibrake=1.00 hasABS=0 sy=10.99 split=1.000,0.875 ===
230.37262|I|libbeamng.print:18052| === LSTM_OBS t=400 0.11506,0.00934,0.13051,4.25248,0.01276,10.98838,-9.84357,0.00452,0.00000,0.00000,0.00360,1.00000,0.00000,0.00222,-0.01558,1029.93552,0.25000 ===
230.42233|I|libbeamng.print:18052| === LSTM_TRACE t=410 v=5.39 ws=0.05,0.03,0.03,2.93 cmd=0.984,0.984,0.844,0.825 cap=3049,3051,1634,1600 des=3049,3051,1429,1400 app=3049,3028,1423,1400 abs=nil,nil,nil,nil ebrake=1.00 ibrake=1.00 hasABS=0 sy=10.85 split=1.000,0.875 ===
230.42239|I|libbeamng.print:18052| === LSTM_OBS t=410 0.04766,0.03135,0.03170,2.92976,0.07453,10.85270,-9.66849,-0.00192,0.00000,0.00000,0.00445,1.00000,0.00000,0.00194,-0.01621,908.95450,0.25000 ===
230.47439|I|libbeamng.print:18052| === LSTM_TRACE t=420 v=4.87 ws=0.01,0.02,0.01,0.51 cmd=0.982,0.984,0.862,0.839 cap=3043,3049,1672,1626 des=3043,3049,1463,1423 app=3043,3025,1456,1423 abs=nil,nil,nil,nil ebrake=1.00 ibrake=1.00 hasABS=0 sy=10.65 split=1.000,0.875 ===
230.47445|I|libbeamng.print:18052| === LSTM_OBS t=420 0.01052,0.02078,0.01260,0.51461,0.06121,10.64659,-9.52489,0.01029,0.00000,0.00000,0.00392,1.00000,0.00000,0.00158,-0.01624,760.50788,0.25000 ===
230.52138|I|libbeamng.print:18052| === LSTM_TRACE t=430 v=4.35 ws=0.01,0.01,0.03,0.07 cmd=0.986,0.988,0.870,0.852 cap=3056,3063,1689,1653 des=3056,3063,1478,1446 app=3056,3038,1471,1446 abs=nil,nil,nil,nil ebrake=1.00 ibrake=1.00 hasABS=0 sy=10.54 split=1.000,0.875 ===
230.52144|I|libbeamng.print:18052| === LSTM_OBS t=430 0.01346,0.01171,0.02737,0.07264,0.04334,10.54070,-9.47242,0.00452,0.00000,0.00000,0.00450,1.00000,0.00000,0.00184,-0.01531,731.92829,0.25000 ===
230.57383|I|libbeamng.print:18052| === LSTM_TRACE t=440 v=3.81 ws=0.01,0.01,0.03,0.75 cmd=0.990,0.992,0.877,0.862 cap=3068,3074,1700,1673 des=3068,3074,1488,1464 app=3068,3048,1480,1464 abs=nil,nil,nil,nil ebrake=1.00 ibrake=1.00 hasABS=0 sy=10.58 split=1.000,0.875 ===
230.57392|I|libbeamng.print:18052| === LSTM_OBS t=440 0.00678,0.00634,0.03354,0.74692,0.05883,10.58344,-9.42416,0.00521,0.00000,0.00000,0.00481,1.00000,0.00000,0.00144,-0.01413,730.01450,0.25000 ===
230.62520|I|libbeamng.print:18052| === LSTM_TRACE t=450 v=3.25 ws=0.01,0.01,0.04,0.88 cmd=0.993,0.994,0.881,0.869 cap=3076,3081,1700,1687 des=3076,3081,1488,1476 app=3076,3055,1480,1476 abs=nil,nil,nil,nil ebrake=1.00 ibrake=1.00 hasABS=0 sy=10.72 split=1.000,0.875 ===
230.62527|I|libbeamng.print:18052| === LSTM_OBS t=450 0.00544,0.00830,0.04187,0.87733,0.04473,10.72057,-9.46401,0.00518,0.00000,0.00000,0.00520,1.00000,0.00000,0.00060,-0.01321,726.95742,0.25000 ===
230.67154|I|libbeamng.print:18052| === LSTM_TRACE t=460 v=2.68 ws=0.00,0.00,0.01,0.53 cmd=0.994,0.995,0.883,0.872 cap=3081,3085,1700,1694 des=3081,3085,1488,1482 app=3081,3058,1480,1482 abs=nil,nil,nil,nil ebrake=1.00 ibrake=1.00 hasABS=0 sy=10.87 split=1.000,0.875 ===
230.67161|I|libbeamng.print:18052| === LSTM_OBS t=460 0.00260,0.00104,0.00803,0.53341,0.02482,10.87305,-9.53732,0.01125,0.00000,0.00000,0.00500,1.00000,0.00000,0.00017,-0.01251,728.63811,0.25000 ===
230.71707|I|libbeamng.print:18052| === LSTM_TRACE t=470 v=2.11 ws=0.00,0.00,0.02,0.13 cmd=0.995,0.996,0.884,0.874 cap=3083,3087,1700,1699 des=3083,3087,1488,1486 app=3083,3060,1480,1486 abs=nil,nil,nil,nil ebrake=1.00 ibrake=1.00 hasABS=0 sy=10.99 split=1.000,0.875 ===
230.71715|I|libbeamng.print:18052| === LSTM_OBS t=470 0.00374,0.00118,0.01561,0.13072,-0.00021,10.98743,-9.61905,0.01321,0.00000,0.00000,0.00494,1.00000,0.00000,0.00065,-0.01191,724.97879,0.25000 ===
230.76745|I|libbeamng.print:18052| === LSTM_TRACE t=480 v=1.54 ws=0.00,0.00,0.01,0.81 cmd=0.995,0.996,0.884,0.875 cap=3085,3089,1700,1700 des=3085,3089,1488,1488 app=3085,3060,1479,1488 abs=nil,nil,nil,nil ebrake=1.00 ibrake=1.00 hasABS=0 sy=11.11 split=1.000,0.875 ===
230.76752|I|libbeamng.print:18052| === LSTM_OBS t=480 0.00123,0.00065,0.00537,0.81059,0.02949,11.11401,-9.66566,0.00865,0.00000,0.00000,0.00527,1.00000,0.00000,0.00113,-0.01131,726.77812,0.25000 ===
230.81418|I|libbeamng.print:18052| === LSTM_TRACE t=490 v=0.97 ws=0.00,0.01,0.02,0.77 cmd=0.995,0.996,0.884,0.875 cap=3085,3089,1700,1700 des=3085,3089,1488,1487 app=3085,3060,1479,1487 abs=nil,nil,nil,nil ebrake=1.00 ibrake=1.00 hasABS=0 sy=11.24 split=1.000,0.875 ===
230.81424|I|libbeamng.print:18052| === LSTM_OBS t=490 0.00440,0.00524,0.01687,0.77200,0.00627,11.24086,-9.71672,-0.00350,0.00000,0.00000,0.00549,1.00000,0.00000,0.00079,-0.01126,725.16938,0.25000 ===
235.15630|I|libbeamng.print:18052| === LSTM_ABS: lens 'band_g_mix_bandepg_s0' loaded (1 member, 17 in, 64 hidden, 2 layers) ===
235.15871|I|libbeamng.print:18052| === LSTM_ABS SELFTEST lens=band_g_mix_bandepg_s0 cmd=0.994451,0.975939,0.429611,0.475845 ===
265.28969|I|libbeamng.print:18052| === LSTM_TRACE t=0 v=27.70 ws=27.66,27.76,27.38,27.39 cmd=0.940,0.930,0.506,0.511 cap=155,155,97,97 des=155,155,85,85 app=154,152,84,85 abs=nil,nil,nil,nil ebrake=1.00 ibrake=1.00 hasABS=0 sy=1.58 split=1.000,0.875 ===
265.28977|I|libbeamng.print:18052| === LSTM_OBS t=0 27.66332,27.76438,27.37867,27.38736,0.00727,1.57707,-9.77764,-0.00400,0.00000,0.00000,0.00049,1.00000,0.00000,0.00080,-0.00907,7858.37526,0.25000 ===
265.34076|I|libbeamng.print:18052| === LSTM_TRACE t=10 v=27.39 ws=25.58,25.45,26.67,26.73 cmd=0.681,0.726,0.756,0.801 cap=2056,2164,1413,1494 des=2056,2164,1236,1308 app=2048,2135,1224,1307 abs=nil,nil,nil,nil ebrake=1.00 ibrake=1.00 hasABS=0 sy=2.23 split=1.000,0.875 ===
265.34083|I|libbeamng.print:18052| === LSTM_OBS t=10 25.58146,25.45057,26.66610,26.72757,0.05566,2.22764,-9.83273,-0.00782,0.00000,0.00000,0.00049,1.00000,0.00000,0.00080,-0.01015,7772.03939,0.25000 ===
265.35911|I|libbeamng.print:18052| === LSTM_ABS DBG raw=25.0428,24.6437,26.1849,26.2096,0.0807,2.9659,-9.7506,0.0098,0.0000,0.0000,0.0044,1.0000,0.0000,0.0009,-0.0114,7673.9818,0.2500 ===
265.35915|I|libbeamng.print:18052| === LSTM_ABS DBG norm=0.47,0.39,0.50,0.48,-0.08,-1.99,0.00,0.09,0.06,-0.06,0.13,0.59,-0.02,0.00,0.00,3.80,0.00 ===
265.35915|I|libbeamng.print:18052| === LSTM_ABS DBG cmd=0.6795,0.7384,0.8039,0.8418 ===
265.38928|I|libbeamng.print:18052| === LSTM_TRACE t=20 v=26.89 ws=24.07,23.45,25.54,25.37 cmd=0.766,0.813,0.814,0.852 cap=2365,2508,1581,1656 des=2365,2508,1383,1449 app=2360,2484,1375,1449 abs=nil,nil,nil,nil ebrake=1.00 ibrake=1.00 hasABS=0 sy=4.20 split=1.000,0.875 ===
265.38933|I|libbeamng.print:18052| === LSTM_OBS t=20 24.06990,23.45062,25.54328,25.37247,0.06750,4.19918,-9.55207,-0.02861,0.00000,0.00000,0.00311,1.00000,0.00000,0.00113,-0.01351,7484.74850,0.25000 ===
265.43976|I|libbeamng.print:18052| === LSTM_TRACE t=30 v=26.33 ws=22.12,20.72,24.44,24.14 cmd=0.803,0.822,0.812,0.855 cap=2548,2598,1582,1667 des=2548,2598,1384,1458 app=2546,2581,1379,1458 abs=nil,nil,nil,nil ebrake=1.00 ibrake=1.00 hasABS=0 sy=5.94 split=1.000,0.875 ===
265.43981|I|libbeamng.print:18052| === LSTM_OBS t=30 22.12038,20.72157,24.43943,24.14393,0.04127,5.94486,-9.38488,-0.00440,0.00000,0.00000,0.00249,1.00000,0.00000,0.00165,-0.01614,7140.20080,0.25000 ===
265.48999|I|libbeamng.print:18052| === LSTM_TRACE t=40 v=25.75 ws=20.13,18.34,23.63,23.09 cmd=0.768,0.762,0.784,0.825 cap=2339,2335,1528,1607 des=2339,2335,1337,1407 app=2339,2323,1335,1407 abs=nil,nil,nil,nil ebrake=1.00 ibrake=1.00 hasABS=0 sy=7.47 split=1.000,0.875 ===
265.49004|I|libbeamng.print:18052| === LSTM_OBS t=40 20.13346,18.34087,23.62833,23.09361,0.04647,7.47268,-9.37176,0.00879,0.00000,0.00000,0.00278,1.00000,0.00000,0.00195,-0.01730,6835.60596,0.25000 ===
265.53966|I|libbeamng.print:18052| === LSTM_TRACE t=50 v=25.19 ws=18.99,16.92,23.00,22.10 cmd=0.722,0.739,0.764,0.791 cap=2349,2386,1494,1548 des=2349,2386,1307,1354 app=2349,2377,1306,1354 abs=nil,nil,nil,nil ebrake=1.00 ibrake=1.00 hasABS=0 sy=8.63 split=1.000,0.875 ===
265.53971|I|libbeamng.print:18052| === LSTM_OBS t=50 18.98902,16.92240,23.00204,22.09573,0.06359,8.62999,-9.49079,0.01638,0.00000,0.00000,0.00254,1.00000,0.00000,0.00198,-0.01768,6584.42311,0.25000 ===
265.59003|I|libbeamng.print:18052| === LSTM_TRACE t=60 v=24.61 ws=17.43,14.23,22.33,21.34 cmd=0.766,0.782,0.794,0.803 cap=2465,2497,1532,1552 des=2465,2497,1341,1358 app=2465,2490,1341,1358 abs=nil,nil,nil,nil ebrake=1.00 ibrake=1.00 hasABS=0 sy=9.51 split=1.000,0.875 ===
265.59008|I|libbeamng.print:18052| === LSTM_OBS t=60 17.42518,14.23025,22.33195,21.34330,0.06790,9.50774,-9.64074,0.01781,0.00000,0.00000,0.00274,1.00000,0.00000,0.00171,-0.01755,6369.39745,0.25000 ===
265.63957|I|libbeamng.print:18052| === LSTM_TRACE t=70 v=24.05 ws=12.96,8.03,21.42,20.62 cmd=0.901,0.911,0.857,0.856 cap=2712,2751,1645,1639 des=2712,2751,1439,1434 app=2712,2746,1439,1434 abs=nil,nil,nil,nil ebrake=1.00 ibrake=1.00 hasABS=0 sy=10.06 split=1.000,0.875 ===
265.63961|I|libbeamng.print:18052| === LSTM_OBS t=70 12.95505,8.03493,21.41786,20.61607,0.04436,10.05663,-9.76395,0.02467,0.00000,0.00000,0.00115,1.00000,0.00000,0.00169,-0.01730,6148.44556,0.25000 ===
265.68963|I|libbeamng.print:18052| === LSTM_TRACE t=80 v=23.53 ws=1.90,0.34,20.21,19.85 cmd=0.978,0.977,0.894,0.904 cap=3017,3020,1700,1700 des=3017,3020,1488,1488 app=3017,3013,1488,1488 abs=nil,nil,nil,nil ebrake=1.00 ibrake=1.00 hasABS=0 sy=10.25 split=1.000,0.875 ===
265.68974|I|libbeamng.print:18052| === LSTM_OBS t=80 1.89530,0.33528,20.20688,19.84799,0.01362,10.25487,-9.78921,0.01454,0.00000,0.00000,0.00278,1.00000,0.00000,0.00155,-0.01691,5890.57097,0.25000 ===
265.73972|I|libbeamng.print:18052| === LSTM_TRACE t=90 v=23.08 ws=0.12,0.03,19.00,19.06 cmd=0.996,0.994,0.892,0.897 cap=3086,3082,1700,1700 des=3086,3082,1488,1488 app=3086,3073,1488,1488 abs=nil,nil,nil,nil ebrake=1.00 ibrake=1.00 hasABS=0 sy=10.09 split=1.000,0.875 ===
265.73976|I|libbeamng.print:18052| === LSTM_OBS t=90 0.11578,0.03178,18.99514,19.06017,-0.00114,10.08612,-9.77905,0.00762,0.00000,0.00000,0.00249,1.00000,0.00000,0.00151,-0.01536,5606.40336,0.25000 ===
265.78942|I|libbeamng.print:18052| === LSTM_TRACE t=100 v=22.59 ws=0.02,0.01,18.07,18.29 cmd=0.987,0.986,0.867,0.884 cap=3067,3062,1691,1700 des=3067,3062,1480,1488 app=3067,3052,1480,1488 abs=nil,nil,nil,nil ebrake=1.00 ibrake=1.00 hasABS=0 sy=9.89 split=1.000,0.875 ===
265.78947|I|libbeamng.print:18052| === LSTM_OBS t=100 0.02118,0.01442,18.06674,18.28847,-0.02192,9.88907,-9.62905,0.00725,0.00000,0.00000,0.00162,1.00000,0.00000,0.00126,-0.01297,5341.32235,0.25000 ===
265.83918|I|libbeamng.print:18052| === LSTM_TRACE t=110 v=22.10 ws=0.01,0.02,17.24,17.65 cmd=0.971,0.972,0.855,0.887 cap=3011,3014,1662,1700 des=3011,3014,1454,1488 app=3011,3003,1454,1488 abs=nil,nil,nil,nil ebrake=1.00 ibrake=1.00 hasABS=0 sy=9.85 split=1.000,0.875 ===
265.83923|I|libbeamng.print:18052| === LSTM_OBS t=110 0.00733,0.01519,17.23815,17.64669,-0.03476,9.85059,-9.57013,-0.00209,0.00000,0.00000,0.00192,1.00000,0.00000,0.00114,-0.01083,5106.73741,0.25000 ===
265.88962|I|libbeamng.print:18052| === LSTM_TRACE t=120 v=21.58 ws=0.00,0.00,16.57,16.71 cmd=0.973,0.973,0.856,0.890 cap=3014,3016,1663,1700 des=3014,3016,1455,1488 app=3014,3003,1455,1488 abs=nil,nil,nil,nil ebrake=1.00 ibrake=1.00 hasABS=0 sy=9.93 split=1.000,0.875 ===
265.88967|I|libbeamng.print:18052| === LSTM_OBS t=120 0.00199,0.00420,16.56809,16.71183,-0.06224,9.92920,-9.61564,-0.00213,0.00000,0.00000,0.00183,1.00000,0.00000,0.00126,-0.00927,4888.74199,0.25000 ===
265.94009|I|libbeamng.print:18052| === LSTM_TRACE t=130 v=21.07 ws=0.01,0.01,16.07,16.03 cmd=0.973,0.974,0.855,0.888 cap=3017,3018,1662,1700 des=3017,3018,1454,1488 app=3017,3004,1454,1488 abs=nil,nil,nil,nil ebrake=1.00 ibrake=1.00 hasABS=0 sy=10.01 split=1.000,0.875 ===
265.94017|I|libbeamng.print:18052| === LSTM_OBS t=130 0.00854,0.00518,16.06829,16.03440,-0.06143,10.00517,-9.68685,-0.00929,0.00000,0.00000,0.00221,1.00000,0.00000,0.00129,-0.00808,4675.81023,0.25000 ===
265.98975|I|libbeamng.print:18052| === LSTM_TRACE t=140 v=20.56 ws=0.01,0.00,15.22,15.18 cmd=0.975,0.975,0.855,0.885 cap=3021,3021,1660,1700 des=3021,3021,1453,1488 app=3021,3006,1453,1488 abs=nil,nil,nil,nil ebrake=1.00 ibrake=1.00 hasABS=0 sy=10.06 split=1.000,0.875 ===
265.98980|I|libbeamng.print:18052| === LSTM_OBS t=140 0.00716,0.00204,15.22486,15.17647,-0.05583,10.06371,-9.74261,-0.00824,0.00000,0.00000,0.00216,1.00000,0.00000,0.00120,-0.00732,4459.67521,0.25000 ===
266.03976|I|libbeamng.print:18052| === LSTM_TRACE t=150 v=20.06 ws=0.00,0.00,14.91,14.09 cmd=0.975,0.975,0.853,0.881 cap=3023,3022,1658,1700 des=3023,3022,1451,1488 app=3023,3006,1451,1488 abs=nil,nil,nil,nil ebrake=1.00 ibrake=1.00 hasABS=0 sy=10.10 split=1.000,0.875 ===
266.03982|I|libbeamng.print:18052| === LSTM_OBS t=150 0.00003,0.00350,14.90531,14.09143,-0.04857,10.10177,-9.79158,-0.01129,0.00000,0.00000,0.00229,1.00000,0.00000,0.00108,-0.00683,4240.77528,0.25000 ===
266.08961|I|libbeamng.print:18052| === LSTM_TRACE t=160 v=19.54 ws=0.00,0.00,14.09,13.04 cmd=0.976,0.976,0.852,0.876 cap=3026,3024,1656,1700 des=3026,3024,1449,1488 app=3026,3007,1449,1488 abs=nil,nil,nil,nil ebrake=1.00 ibrake=1.00 hasABS=0 sy=10.12 split=1.000,0.875 ===
266.08965|I|libbeamng.print:18052| === LSTM_OBS t=160 0.00144,0.00025,14.08812,13.04439,-0.03702,10.11906,-9.82447,-0.00972,0.00000,0.00000,0.00234,1.00000,0.00000,0.00101,-0.00659,4020.26709,0.25000 ===
266.13997|I|libbeamng.print:18052| === LSTM_TRACE t=170 v=19.05 ws=0.00,0.00,13.64,11.93 cmd=0.976,0.976,0.851,0.870 cap=3026,3025,1653,1692 des=3026,3025,1447,1480 app=3026,3006,1447,1480 abs=nil,nil,nil,nil ebrake=1.00 ibrake=1.00 hasABS=0 sy=10.11 split=1.000,0.875 ===
266.14001|I|libbeamng.print:18052| === LSTM_OBS t=170 0.00053,0.00338,13.64241,11.92732,-0.03617,10.10972,-9.84646,-0.01058,0.00000,0.00000,0.00229,1.00000,0.00000,0.00099,-0.00648,3794.81401,0.25000 ===
266.18968|I|libbeamng.print:18052| === LSTM_TRACE t=180 v=18.55 ws=0.00,0.00,13.27,10.97 cmd=0.977,0.977,0.850,0.866 cap=3029,3027,1652,1682 des=3029,3027,1446,1472 app=3029,3007,1446,1472 abs=nil,nil,nil,nil ebrake=1.00 ibrake=1.00 hasABS=0 sy=10.09 split=1.000,0.875 ===
266.18976|I|libbeamng.print:18052| === LSTM_OBS t=180 0.00157,0.00054,13.26699,10.96624,-0.02004,10.08742,-9.81691,-0.00643,0.00000,0.00000,0.00224,1.00000,0.00000,0.00099,-0.00648,3565.72509,0.25000 ===
266.23968|I|libbeamng.print:18052| === LSTM_TRACE t=190 v=18.05 ws=0.00,0.00,12.82,9.74 cmd=0.978,0.977,0.850,0.861 cap=3032,3030,1651,1673 des=3032,3030,1445,1464 app=3032,3009,1445,1464 abs=nil,nil,nil,nil ebrake=1.00 ibrake=1.00 hasABS=0 sy=10.06 split=1.000,0.875 ===
266.23973|I|libbeamng.print:18052| === LSTM_OBS t=190 0.00192,0.00018,12.81830,9.73618,-0.01128,10.05574,-9.79086,-0.00656,0.00000,0.00000,0.00229,1.00000,0.00000,0.00097,-0.00641,3333.71615,0.25000 ===
266.28976|I|libbeamng.print:18052| === LSTM_TRACE t=200 v=17.55 ws=0.00,0.00,12.39,8.30 cmd=0.980,0.979,0.850,0.857 cap=3037,3034,1650,1666 des=3037,3034,1444,1457 app=3036,3012,1444,1457 abs=nil,nil,nil,nil ebrake=1.00 ibrake=1.00 hasABS=0 sy=10.03 split=1.000,0.875 ===
266.28981|I|libbeamng.print:18052| === LSTM_OBS t=200 0.00233,0.00121,12.39408,8.29879,-0.00440,10.02684,-9.77101,-0.00217,0.00000,0.00000,0.00234,1.00000,0.00000,0.00094,-0.00634,3101.05938,0.25000 ===
266.33955|I|libbeamng.print:18052| === LSTM_TRACE t=210 v=17.05 ws=0.00,0.00,12.16,6.77 cmd=0.982,0.981,0.851,0.855 cap=3044,3040,1653,1661 des=3044,3040,1446,1453 app=3043,3017,1446,1453 abs=nil,nil,nil,nil ebrake=1.00 ibrake=1.00 hasABS=0 sy=10.00 split=1.000,0.875 ===
266.33960|I|libbeamng.print:18052| === LSTM_OBS t=210 0.00148,0.00361,12.16346,6.77137,-0.00084,9.99980,-9.76618,0.00180,0.00000,0.00000,0.00229,1.00000,0.00000,0.00090,-0.00627,2867.33485,0.25000 ===
266.38973|I|libbeamng.print:18052| === LSTM_TRACE t=220 v=16.55 ws=0.01,0.00,11.95,5.28 cmd=0.984,0.982,0.854,0.854 cap=3050,3044,1658,1660 des=3050,3044,1451,1452 app=3048,3021,1451,1452 abs=nil,nil,nil,nil ebrake=1.00 ibrake=1.00 hasABS=0 sy=10.00 split=1.000,0.875 ===
266.38977|I|libbeamng.print:18052| === LSTM_OBS t=220 0.01144,0.00137,11.94909,5.27862,0.01064,9.99506,-9.75009,0.00160,0.00000,0.00000,0.00229,1.00000,0.00000,0.00098,-0.00618,2634.29886,0.25000 ===
266.43950|I|libbeamng.print:18052| === LSTM_TRACE t=230 v=16.04 ws=0.00,0.00,11.59,3.83 cmd=0.981,0.977,0.855,0.850 cap=3044,3033,1662,1654 des=3044,3033,1454,1447 app=3042,3008,1454,1447 abs=nil,nil,nil,nil ebrake=1.00 ibrake=1.00 hasABS=0 sy=10.04 split=1.000,0.875 ===
266.43957|I|libbeamng.print:18052| === LSTM_OBS t=230 0.00007,0.00367,11.58555,3.82849,0.02705,10.03785,-9.74937,0.00949,0.00000,0.00000,0.00224,1.00000,0.00000,0.00058,-0.00639,2410.43354,0.25000 ===
266.49086|I|libbeamng.print:18052| === LSTM_TRACE t=240 v=15.54 ws=0.00,0.01,11.17,3.45 cmd=0.976,0.969,0.858,0.849 cap=3023,3001,1667,1648 des=3023,3001,1459,1442 app=3021,2976,1459,1442 abs=nil,nil,nil,nil ebrake=1.00 ibrake=1.00 hasABS=0 sy=10.03 split=1.000,0.875 ===
266.49093|I|libbeamng.print:18052| === LSTM_OBS t=240 0.00282,0.01119,11.16665,3.44882,-0.00555,10.02795,-9.80054,0.01787,0.00000,0.00000,0.00261,1.00000,0.00000,0.00024,-0.00688,2179.89914,0.25000 ===
266.53959|I|libbeamng.print:18052| === LSTM_TRACE t=250 v=15.05 ws=0.00,0.01,10.68,2.01 cmd=0.973,0.967,0.858,0.844 cap=3019,3000,1667,1639 des=3019,3000,1458,1434 app=3016,2974,1458,1434 abs=nil,nil,nil,nil ebrake=1.00 ibrake=1.00 hasABS=0 sy=9.99 split=1.000,0.875 ===
266.53966|I|libbeamng.print:18052| === LSTM_OBS t=250 0.00312,0.00658,10.67677,2.01057,0.02856,9.98811,-9.79546,0.02119,0.00000,0.00000,0.00183,1.00000,0.00000,-0.00001,-0.00741,1934.07806,0.25000 ===
266.59002|I|libbeamng.print:18052| === LSTM_TRACE t=260 v=14.56 ws=0.03,0.00,9.79,0.19 cmd=0.977,0.971,0.861,0.848 cap=3024,3005,1672,1644 des=3024,3005,1463,1438 app=3021,2978,1463,1438 abs=nil,nil,nil,nil ebrake=1.00 ibrake=1.00 hasABS=0 sy=9.94 split=1.000,0.875 ===
266.59008|I|libbeamng.print:18052| === LSTM_OBS t=260 0.03132,0.00303,9.78805,0.18724,0.02855,9.93807,-9.75798,0.01754,0.00000,0.00000,0.00392,1.00000,0.00000,-0.00018,-0.00749,1689.86171,0.25000 ===
266.63982|I|libbeamng.print:18052| === LSTM_TRACE t=270 v=14.08 ws=0.02,0.01,8.94,0.03 cmd=0.979,0.972,0.865,0.852 cap=3036,3014,1681,1657 des=3036,3014,1471,1450 app=3032,2987,1471,1450 abs=nil,nil,nil,nil ebrake=1.00 ibrake=1.00 hasABS=0 sy=9.89 split=1.000,0.875 ===
266.63986|I|libbeamng.print:18052| === LSTM_OBS t=270 0.01846,0.00607,8.93520,0.03057,-0.01464,9.89297,-9.76771,0.02754,0.00000,0.00000,0.00315,1.00000,0.00000,-0.00008,-0.00738,1435.05852,0.25000 ===
266.68956|I|libbeamng.print:18052| === LSTM_TRACE t=280 v=13.58 ws=0.01,0.00,6.71,0.02 cmd=0.985,0.979,0.867,0.856 cap=3055,3033,1685,1664 des=3055,3033,1474,1456 app=3051,3005,1474,1456 abs=nil,nil,nil,nil ebrake=1.00 ibrake=1.00 hasABS=0 sy=9.89 split=1.000,0.875 ===
266.68962|I|libbeamng.print:18052| === LSTM_OBS t=280 0.00569,0.00169,6.71064,0.01846,-0.02766,9.89494,-9.74923,0.02683,0.00000,0.00000,0.00221,1.00000,0.00000,-0.00029,-0.00742,1223.42139,0.25000 ===
266.74014|I|libbeamng.print:18052| === LSTM_TRACE t=290 v=13.08 ws=0.00,0.01,4.87,0.07 cmd=0.991,0.985,0.872,0.862 cap=3071,3052,1693,1674 des=3071,3052,1481,1465 app=3066,3023,1481,1465 abs=nil,nil,nil,nil ebrake=1.00 ibrake=1.00 hasABS=0 sy=9.91 split=1.000,0.875 ===
266.74020|I|libbeamng.print:18052| === LSTM_OBS t=290 0.00264,0.01244,4.86513,0.06912,-0.03853,9.90722,-9.74201,0.03195,0.00000,0.00000,0.00192,1.00000,0.00000,-0.00078,-0.00773,1016.10666,0.25000 ===
266.79123|I|libbeamng.print:18052| === LSTM_TRACE t=300 v=12.58 ws=0.00,0.01,2.37,0.01 cmd=0.995,0.990,0.876,0.869 cap=3083,3068,1700,1688 des=3083,3068,1488,1477 app=3078,3038,1488,1477 abs=nil,nil,nil,nil ebrake=1.00 ibrake=1.00 hasABS=0 sy=9.95 split=1.000,0.875 ===
266.79128|I|libbeamng.print:18052| === LSTM_OBS t=300 0.00235,0.00694,2.36829,0.00946,-0.06854,9.95357,-9.79699,0.03492,0.00000,0.00000,0.00221,1.00000,0.00000,-0.00031,-0.00831,819.76054,0.25000 ===
266.84054|I|libbeamng.print:18052| === LSTM_TRACE t=310 v=12.09 ws=0.00,0.00,0.28,0.00 cmd=0.996,0.991,0.877,0.873 cap=3087,3074,1700,1695 des=3087,3074,1488,1483 app=3082,3043,1488,1483 abs=nil,nil,nil,nil ebrake=1.00 ibrake=1.00 hasABS=0 sy=9.93 split=1.000,0.875 ===
266.84059|I|libbeamng.print:18052| === LSTM_OBS t=310 0.00330,0.00113,0.28372,0.00127,-0.06380,9.93470,-9.81224,0.03140,0.00000,0.00000,0.00244,1.00000,0.00000,0.00030,-0.00912,736.55980,0.25000 ===
266.89005|I|libbeamng.print:18052| === LSTM_TRACE t=320 v=11.61 ws=0.01,0.01,0.01,0.00 cmd=0.996,0.991,0.876,0.874 cap=3087,3073,1700,1700 des=3087,3073,1488,1487 app=3081,3042,1488,1487 abs=nil,nil,nil,nil ebrake=1.00 ibrake=1.00 hasABS=0 sy=9.85 split=1.000,0.875 ===
266.89013|I|libbeamng.print:18052| === LSTM_OBS t=320 0.00725,0.00876,0.00572,0.00301,-0.07639,9.85290,-9.74466,0.02886,0.00000,0.00000,0.00244,1.00000,0.00000,0.00023,-0.00943,730.60537,0.25000 ===
266.94100|I|libbeamng.print:18052| === LSTM_TRACE t=330 v=11.11 ws=0.00,0.01,0.08,0.04 cmd=0.995,0.991,0.876,0.873 cap=3086,3071,1700,1697 des=3086,3071,1488,1485 app=3080,3040,1488,1485 abs=nil,nil,nil,nil ebrake=1.00 ibrake=1.00 hasABS=0 sy=9.83 split=1.000,0.875 ===
266.94105|I|libbeamng.print:18052| === LSTM_OBS t=330 0.00385,0.00642,0.08090,0.03959,-0.09942,9.83230,-9.72325,0.03070,0.00000,0.00000,0.00146,1.00000,0.00000,0.00042,-0.00950,728.80250,0.25000 ===
266.99525|I|libbeamng.print:18052| === LSTM_TRACE t=340 v=10.61 ws=0.00,0.00,0.01,0.00 cmd=0.995,0.991,0.877,0.874 cap=3086,3071,1700,1697 des=3086,3071,1488,1485 app=3080,3039,1488,1485 abs=nil,nil,nil,nil ebrake=1.00 ibrake=1.00 hasABS=0 sy=9.85 split=1.000,0.875 ===
266.99536|I|libbeamng.print:18052| === LSTM_OBS t=340 0.00491,0.00116,0.01279,0.00371,-0.10740,9.84993,-9.68348,0.03065,0.00000,0.00000,0.00146,1.00000,0.00000,0.00063,-0.00964,730.38877,0.25000 ===
267.04254|I|libbeamng.print:18052| === LSTM_TRACE t=350 v=10.11 ws=0.00,0.00,0.02,0.02 cmd=0.996,0.991,0.877,0.874 cap=3086,3072,1700,1698 des=3086,3072,1488,1486 app=3080,3040,1488,1486 abs=nil,nil,nil,nil ebrake=1.00 ibrake=1.00 hasABS=0 sy=9.89 split=1.000,0.875 ===
267.04260|I|libbeamng.print:18052| === LSTM_OBS t=350 0.00492,0.00007,0.01818,0.02189,-0.10953,9.89427,-9.67607,0.02764,0.00000,0.00000,0.00192,1.00000,0.00000,0.00075,-0.00972,727.67352,0.25000 ===
267.09209|I|libbeamng.print:18052| === LSTM_TRACE t=360 v=9.60 ws=0.00,0.00,0.01,0.00 cmd=0.996,0.991,0.877,0.874 cap=3087,3073,1700,1698 des=3087,3073,1488,1486 app=3080,3040,1488,1486 abs=nil,nil,nil,nil ebrake=1.00 ibrake=1.00 hasABS=0 sy=9.95 split=1.000,0.875 ===
267.09215|I|libbeamng.print:18052| === LSTM_OBS t=360 0.00500,0.00232,0.00744,0.00349,-0.11970,9.95210,-9.68031,0.02615,0.00000,0.00000,0.00189,1.00000,0.00000,0.00080,-0.00988,730.50644,0.25000 ===
267.14284|I|libbeamng.print:18052| === LSTM_TRACE t=370 v=9.10 ws=0.00,0.00,0.01,0.00 cmd=0.996,0.991,0.878,0.874 cap=3087,3073,1700,1697 des=3087,3073,1488,1485 app=3080,3040,1488,1485 abs=nil,nil,nil,nil ebrake=1.00 ibrake=1.00 hasABS=0 sy=10.01 split=1.000,0.875 ===
267.14290|I|libbeamng.print:18052| === LSTM_OBS t=370 0.00057,0.00051,0.00675,0.00035,-0.13807,10.01338,-9.69143,0.02456,0.00000,0.00000,0.00169,1.00000,0.00000,0.00088,-0.00999,726.82100,0.25000 ===
267.19248|I|libbeamng.print:18052| === LSTM_TRACE t=380 v=8.58 ws=0.00,0.00,0.00,0.00 cmd=0.996,0.992,0.878,0.874 cap=3087,3074,1700,1698 des=3087,3074,1488,1486 app=3080,3040,1488,1486 abs=nil,nil,nil,nil ebrake=1.00 ibrake=1.00 hasABS=0 sy=10.08 split=1.000,0.875 ===
267.19253|I|libbeamng.print:18052| === LSTM_OBS t=380 0.00126,0.00160,0.00072,0.00480,-0.15548,10.07796,-9.69111,0.02369,0.00000,0.00000,0.00162,1.00000,0.00000,0.00096,-0.01014,729.18835,0.25000 ===
267.24162|I|libbeamng.print:18052| === LSTM_TRACE t=390 v=8.06 ws=0.00,0.00,0.00,0.01 cmd=0.996,0.992,0.879,0.874 cap=3087,3074,1700,1698 des=3087,3074,1488,1485 app=3079,3040,1487,1485 abs=nil,nil,nil,nil ebrake=1.00 ibrake=1.00 hasABS=0 sy=10.15 split=1.000,0.875 ===
267.24170|I|libbeamng.print:18052| === LSTM_OBS t=390 0.00382,0.00056,0.00271,0.00509,-0.17088,10.14937,-9.69046,0.02274,0.00000,0.00000,0.00162,1.00000,0.00000,0.00101,-0.01029,727.69288,0.25000 ===
267.29207|I|libbeamng.print:18052| === LSTM_TRACE t=400 v=7.54 ws=0.00,0.00,0.00,0.00 cmd=0.996,0.992,0.879,0.874 cap=3087,3075,1700,1698 des=3087,3075,1488,1486 app=3079,3040,1487,1486 abs=nil,nil,nil,nil ebrake=1.00 ibrake=1.00 hasABS=0 sy=10.23 split=1.000,0.875 ===
267.29213|I|libbeamng.print:18052| === LSTM_OBS t=400 0.00039,0.00287,0.00499,0.00189,-0.18594,10.22801,-9.68960,0.02095,0.00000,0.00000,0.00162,1.00000,0.00000,0.00107,-0.01046,730.76863,0.25000 ===
267.34132|I|libbeamng.print:18052| === LSTM_TRACE t=410 v=7.01 ws=0.00,0.00,0.00,0.00 cmd=0.996,0.992,0.880,0.874 cap=3087,3075,1700,1698 des=3087,3075,1488,1486 app=3079,3040,1487,1486 abs=nil,nil,nil,nil ebrake=1.00 ibrake=1.00 hasABS=0 sy=10.32 split=1.000,0.875 ===
267.34138|I|libbeamng.print:18052| === LSTM_OBS t=410 0.00357,0.00006,0.00170,0.00488,-0.20129,10.32488,-9.69008,0.01956,0.00000,0.00000,0.00162,1.00000,0.00000,0.00114,-0.01062,728.65814,0.25000 ===
267.39181|I|libbeamng.print:18052| === LSTM_TRACE t=420 v=6.47 ws=0.00,0.00,0.01,0.01 cmd=0.996,0.992,0.880,0.874 cap=3087,3076,1700,1698 des=3087,3076,1488,1486 app=3079,3041,1486,1486 abs=nil,nil,nil,nil ebrake=1.00 ibrake=1.00 hasABS=0 sy=10.44 split=1.000,0.875 ===
267.39188|I|libbeamng.print:18052| === LSTM_OBS t=420 0.00054,0.00262,0.00675,0.00772,-0.21576,10.43937,-9.68994,0.01737,0.00000,0.00000,0.00162,1.00000,0.00000,0.00120,-0.01083,731.35188,0.25000 ===
267.44140|I|libbeamng.print:18052| === LSTM_TRACE t=430 v=5.92 ws=0.00,0.00,0.00,0.00 cmd=0.996,0.992,0.881,0.874 cap=3087,3076,1700,1698 des=3087,3076,1488,1486 app=3079,3041,1486,1486 abs=nil,nil,nil,nil ebrake=1.00 ibrake=1.00 hasABS=0 sy=10.56 split=1.000,0.875 ===
267.44146|I|libbeamng.print:18052| === LSTM_OBS t=430 0.00303,0.00039,0.00095,0.00312,-0.23041,10.55988,-9.69522,0.01619,0.00000,0.00000,0.00154,1.00000,0.00000,0.00125,-0.01104,728.67293,0.25000 ===
267.49196|I|libbeamng.print:18052| === LSTM_TRACE t=440 v=5.37 ws=0.00,0.00,0.00,0.00 cmd=0.996,0.992,0.881,0.874 cap=3087,3076,1700,1698 des=3087,3076,1488,1485 app=3079,3040,1486,1485 abs=nil,nil,nil,nil ebrake=1.00 ibrake=1.00 hasABS=0 sy=10.67 split=1.000,0.875 ===
267.49201|I|libbeamng.print:18052| === LSTM_OBS t=440 0.00178,0.00227,0.00320,0.00445,-0.24457,10.66863,-9.69494,0.01448,0.00000,0.00000,0.00154,1.00000,0.00000,0.00131,-0.01126,729.01055,0.25000 ===
267.54180|I|libbeamng.print:18052| === LSTM_TRACE t=450 v=4.82 ws=0.00,0.00,0.01,0.01 cmd=0.996,0.992,0.881,0.874 cap=3087,3076,1700,1698 des=3087,3076,1488,1486 app=3078,3040,1486,1486 abs=nil,nil,nil,nil ebrake=1.00 ibrake=1.00 hasABS=0 sy=10.78 split=1.000,0.875 ===
267.54187|I|libbeamng.print:18052| === LSTM_OBS t=450 0.00474,0.00061,0.01238,0.01240,-0.25898,10.77588,-9.69570,0.01279,0.00000,0.00000,0.00146,1.00000,0.00000,0.00135,-0.01146,726.93121,0.25000 ===
267.59185|I|libbeamng.print:18052| === LSTM_TRACE t=460 v=4.25 ws=0.00,0.00,0.01,0.01 cmd=0.995,0.992,0.882,0.874 cap=3086,3075,1700,1697 des=3086,3075,1488,1485 app=3078,3039,1485,1485 abs=nil,nil,nil,nil ebrake=1.00 ibrake=1.00 hasABS=0 sy=10.91 split=1.000,0.875 ===
267.59190|I|libbeamng.print:18052| === LSTM_OBS t=460 0.00090,0.00305,0.00895,0.00898,-0.27283,10.90649,-9.69840,0.01207,0.00000,0.00000,0.00146,1.00000,0.00000,0.00142,-0.01174,728.38125,0.25000 ===
267.64156|I|libbeamng.print:18052| === LSTM_TRACE t=470 v=3.68 ws=0.00,0.00,0.00,0.01 cmd=0.995,0.992,0.882,0.873 cap=3085,3074,1700,1696 des=3085,3074,1488,1484 app=3077,3038,1485,1484 abs=nil,nil,nil,nil ebrake=1.00 ibrake=1.00 hasABS=0 sy=11.03 split=1.000,0.875 ===
267.64166|I|libbeamng.print:18052| === LSTM_OBS t=470 0.00364,0.00053,0.00202,0.00584,-0.28505,11.03320,-9.69470,0.01036,0.00000,0.00000,0.00146,1.00000,0.00000,0.00147,-0.01206,727.55208,0.25000 ===
267.69285|I|libbeamng.print:18052| === LSTM_TRACE t=480 v=3.11 ws=0.00,0.00,0.00,0.00 cmd=0.995,0.991,0.881,0.872 cap=3084,3072,1700,1694 des=3084,3072,1488,1483 app=3075,3036,1485,1483 abs=nil,nil,nil,nil ebrake=1.00 ibrake=1.00 hasABS=0 sy=11.15 split=1.000,0.875 ===
267.69295|I|libbeamng.print:18052| === LSTM_OBS t=480 0.00143,0.00239,0.00016,0.00168,-0.29813,11.15380,-9.68593,0.00882,0.00000,0.00000,0.00154,1.00000,0.00000,0.00151,-0.01234,728.57091,0.25000 ===
267.74161|I|libbeamng.print:18052| === LSTM_TRACE t=490 v=2.53 ws=0.00,0.00,0.01,0.01 cmd=0.994,0.990,0.881,0.871 cap=3081,3069,1700,1692 des=3081,3069,1488,1480 app=3072,3033,1485,1480 abs=nil,nil,nil,nil ebrake=1.00 ibrake=1.00 hasABS=0 sy=11.26 split=1.000,0.875 ===
267.74171|I|libbeamng.print:18052| === LSTM_OBS t=490 0.00406,0.00055,0.00653,0.00958,-0.30997,11.25978,-9.67925,0.00681,0.00000,0.00000,0.00146,1.00000,0.00000,0.00155,-0.01255,725.93349,0.25000 ===
267.79205|I|libbeamng.print:18052| === LSTM_TRACE t=500 v=1.95 ws=0.00,0.00,0.00,0.00 cmd=0.992,0.988,0.880,0.868 cap=3076,3063,1700,1688 des=3076,3063,1488,1477 app=3067,3027,1485,1477 abs=nil,nil,nil,nil ebrake=1.00 ibrake=1.00 hasABS=0 sy=11.37 split=1.000,0.875 ===
267.79211|I|libbeamng.print:18052| === LSTM_OBS t=500 0.00193,0.00219,0.00075,0.00029,-0.32151,11.36980,-9.66902,0.00579,0.00000,0.00000,0.00142,1.00000,0.00000,0.00159,-0.01269,725.90502,0.25000 ===
267.84118|I|libbeamng.print:18052| === LSTM_TRACE t=510 v=1.36 ws=0.01,0.00,0.04,0.40 cmd=0.989,0.984,0.877,0.865 cap=3067,3052,1700,1681 des=3067,3052,1488,1471 app=3058,3016,1485,1471 abs=nil,nil,nil,nil ebrake=1.00 ibrake=1.00 hasABS=0 sy=11.48 split=1.000,0.875 ===
267.84131|I|libbeamng.print:18052| === LSTM_OBS t=510 0.00516,0.00049,0.04155,0.39521,-0.33452,11.47747,-9.65518,0.00393,0.00000,0.00000,0.00142,1.00000,0.00000,0.00165,-0.01278,725.33363,0.25000 ===
267.89164|I|libbeamng.print:18052| === LSTM_TRACE t=520 v=0.77 ws=0.00,0.00,0.03,0.34 cmd=0.982,0.977,0.872,0.858 cap=3048,3031,1696,1669 des=3048,3031,1484,1460 app=3039,2995,1481,1460 abs=nil,nil,nil,nil ebrake=1.00 ibrake=1.00 hasABS=0 sy=11.55 split=1.000,0.875 ===
267.89171|I|libbeamng.print:18052| === LSTM_OBS t=520 0.00462,0.00368,0.02964,0.34329,-0.35304,11.55101,-9.64593,0.00595,0.00000,0.00000,0.00142,1.00000,0.00000,0.00184,-0.01271,727.80802,0.25000 ===
298.10684|I|libbeamng.print:18052| === LSTM_TRACE t=0 v=27.71 ws=27.72,27.84,27.47,27.51 cmd=0.941,0.931,0.506,0.512 cap=155,155,97,97 des=155,155,85,85 app=154,152,84,85 abs=nil,nil,nil,nil ebrake=1.00 ibrake=1.00 hasABS=0 sy=1.57 split=1.000,0.875 ===
298.10689|I|libbeamng.print:18052| === LSTM_OBS t=0 27.71714,27.84348,27.47002,27.51185,-0.01548,1.56831,-9.75574,0.00678,0.00000,0.00000,0.00000,1.00000,0.00000,0.00091,-0.00910,7858.13219,0.25000 ===
298.15688|I|libbeamng.print:18052| === LSTM_TRACE t=10 v=27.40 ws=25.60,25.54,26.69,26.69 cmd=0.697,0.739,0.758,0.803 cap=2101,2202,1413,1495 des=2101,2202,1236,1308 app=2092,2173,1230,1308 abs=nil,nil,nil,nil ebrake=1.00 ibrake=1.00 hasABS=0 sy=2.25 split=1.000,0.875 ===
298.15695|I|libbeamng.print:18052| === LSTM_OBS t=10 25.60305,25.54232,26.68743,26.68561,-0.01088,2.24965,-9.77141,-0.00372,0.00000,0.00000,0.00049,1.00000,0.00000,0.00093,-0.01019,7762.42610,0.25000 ===
298.17713|I|libbeamng.print:18052| === LSTM_ABS DBG raw=25.0898,24.6264,26.2343,26.2054,0.0047,2.9450,-9.6883,0.0096,0.0000,0.0000,0.0046,1.0000,0.0000,0.0010,-0.0115,7660.5011,0.2500 ===
298.17723|I|libbeamng.print:18052| === LSTM_ABS DBG norm=0.48,0.39,0.51,0.48,-0.15,-2.00,0.00,0.09,0.06,-0.06,0.14,0.59,-0.02,0.00,0.00,3.79,0.00 ===
298.17724|I|libbeamng.print:18052| === LSTM_ABS DBG cmd=0.6912,0.7480,0.8083,0.8474 ===
298.20659|I|libbeamng.print:18052| === LSTM_TRACE t=20 v=26.88 ws=24.17,23.32,25.45,25.45 cmd=0.753,0.798,0.818,0.858 cap=2330,2482,1587,1663 des=2330,2482,1389,1455 app=2324,2458,1385,1455 abs=nil,nil,nil,nil ebrake=1.00 ibrake=1.00 hasABS=0 sy=4.16 split=1.000,0.875 ===
298.20665|I|libbeamng.print:18052| === LSTM_OBS t=20 24.16856,23.31897,25.44972,25.44620,0.02550,4.16062,-9.51925,0.01340,0.00000,0.00000,0.00274,1.00000,0.00000,0.00122,-0.01362,7465.08417,0.25000 ===
298.25673|I|libbeamng.print:18052| === LSTM_TRACE t=30 v=26.34 ws=21.94,20.43,24.38,24.23 cmd=0.814,0.831,0.817,0.859 cap=2523,2584,1585,1667 des=2523,2584,1387,1459 app=2521,2567,1385,1459 abs=nil,nil,nil,nil ebrake=1.00 ibrake=1.00 hasABS=0 sy=5.99 split=1.000,0.875 ===
298.25678|I|libbeamng.print:18052| === LSTM_OBS t=30 21.93564,20.42919,24.37623,24.23351,0.04197,5.98903,-9.29119,0.00229,0.00000,0.00000,0.00183,1.00000,0.00000,0.00181,-0.01618,7115.78511,0.25000 ===
298.30680|I|libbeamng.print:18052| === LSTM_TRACE t=40 v=25.77 ws=19.61,17.91,23.53,23.12 cmd=0.763,0.759,0.785,0.826 cap=2318,2307,1531,1611 des=2318,2307,1340,1409 app=2318,2296,1340,1409 abs=nil,nil,nil,nil ebrake=1.00 ibrake=1.00 hasABS=0 sy=7.48 split=1.000,0.875 ===
298.30686|I|libbeamng.print:18052| === LSTM_OBS t=40 19.61221,17.90601,23.52686,23.12296,0.03858,7.47638,-9.33250,-0.00125,0.00000,0.00000,0.00234,1.00000,0.00000,0.00209,-0.01732,6813.47437,0.25000 ===
298.35740|I|libbeamng.print:18052| === LSTM_TRACE t=50 v=25.20 ws=18.38,16.24,22.91,22.28 cmd=0.730,0.747,0.768,0.792 cap=2418,2446,1504,1556 des=2418,2446,1316,1362 app=2418,2437,1316,1362 abs=nil,nil,nil,nil ebrake=1.00 ibrake=1.00 hasABS=0 sy=8.61 split=1.000,0.875 ===
298.35745|I|libbeamng.print:18052| === LSTM_OBS t=50 18.38232,16.23654,22.91088,22.27596,0.05937,8.61343,-9.47724,0.00653,0.00000,0.00000,0.00329,1.00000,0.00000,0.00200,-0.01766,6564.90988,0.25000 ===
298.40641|I|libbeamng.print:18052| === LSTM_TRACE t=60 v=24.63 ws=16.38,12.66,22.16,21.37 cmd=0.776,0.802,0.803,0.807 cap=2508,2564,1565,1575 des=2508,2564,1370,1378 app=2508,2557,1370,1378 abs=nil,nil,nil,nil ebrake=1.00 ibrake=1.00 hasABS=0 sy=9.47 split=1.000,0.875 ===
298.40646|I|libbeamng.print:18052| === LSTM_OBS t=60 16.38034,12.65720,22.15700,21.36816,0.07098,9.46738,-9.63779,0.01166,0.00000,0.00000,0.00234,1.00000,0.00000,0.00167,-0.01749,6345.53093,0.25000 ===
298.45671|I|libbeamng.print:18052| === LSTM_TRACE t=70 v=24.09 ws=9.10,4.04,21.22,20.59 cmd=0.965,0.969,0.877,0.886 cap=2981,2994,1694,1700 des=2981,2994,1482,1488 app=2981,2986,1482,1488 abs=nil,nil,nil,nil ebrake=1.00 ibrake=1.00 hasABS=0 sy=9.95 split=1.000,0.875 ===
298.45677|I|libbeamng.print:18052| === LSTM_OBS t=70 9.10330,4.04029,21.22499,20.59307,0.05210,9.95142,-9.74934,0.01740,0.00000,0.00000,0.00134,1.00000,0.00000,0.00151,-0.01723,6114.45921,0.25000 ===
298.50614|I|libbeamng.print:18052| === LSTM_TRACE t=80 v=23.57 ws=0.27,0.04,20.15,19.70 cmd=0.995,0.994,0.897,0.908 cap=3078,3074,1700,1700 des=3078,3074,1488,1488 app=3078,3065,1488,1488 abs=nil,nil,nil,nil ebrake=1.00 ibrake=1.00 hasABS=0 sy=10.10 split=1.000,0.875 ===
298.50619|I|libbeamng.print:18052| === LSTM_OBS t=80 0.26632,0.03701,20.15197,19.69716,0.01847,10.09695,-9.78106,0.02143,0.00000,0.00000,0.00909,1.00000,0.00000,0.00156,-0.01669,5842.03665,0.25000 ===
298.55681|I|libbeamng.print:18052| === LSTM_TRACE t=90 v=23.13 ws=0.10,0.03,18.68,19.32 cmd=0.993,0.991,0.878,0.889 cap=3083,3078,1700,1700 des=3083,3078,1488,1488 app=3083,3068,1488,1488 abs=nil,nil,nil,nil ebrake=1.00 ibrake=1.00 hasABS=0 sy=9.92 split=1.000,0.875 ===
298.55687|I|libbeamng.print:18052| === LSTM_OBS t=90 0.10420,0.03271,18.68119,19.31955,-0.04066,9.91676,-9.76111,0.01011,0.00000,0.00000,0.00239,1.00000,0.00000,0.00299,-0.01458,5562.41305,0.25000 ===
298.60840|I|libbeamng.print:18052| === LSTM_TRACE t=100 v=22.63 ws=0.06,0.01,17.26,19.34 cmd=0.972,0.973,0.856,0.885 cap=3018,3020,1663,1700 des=3018,3020,1455,1488 app=3018,3009,1455,1488 abs=nil,nil,nil,nil ebrake=1.00 ibrake=1.00 hasABS=0 sy=9.83 split=1.000,0.875 ===
298.60846|I|libbeamng.print:18052| === LSTM_OBS t=100 0.06095,0.01190,17.25648,19.33950,-0.02060,9.83205,-9.59271,0.00312,0.00000,0.00000,0.00221,1.00000,0.00000,0.00333,-0.01232,5313.19253,0.25000 ===
298.65741|I|libbeamng.print:18052| === LSTM_TRACE t=110 v=22.12 ws=0.03,0.02,15.65,18.93 cmd=0.972,0.973,0.856,0.892 cap=3011,3014,1662,1700 des=3011,3014,1455,1488 app=3011,3001,1455,1488 abs=nil,nil,nil,nil ebrake=1.00 ibrake=1.00 hasABS=0 sy=9.88 split=1.000,0.875 ===
298.65748|I|libbeamng.print:18052| === LSTM_OBS t=110 0.03134,0.01860,15.65218,18.93183,-0.04001,9.88295,-9.57192,0.00286,0.00000,0.00000,0.00328,1.00000,0.00000,0.00319,-0.01042,5087.54158,0.25000 ===
298.70854|I|libbeamng.print:18052| === LSTM_TRACE t=120 v=21.61 ws=0.01,0.01,14.30,18.94 cmd=0.973,0.974,0.856,0.891 cap=3017,3019,1663,1700 des=3017,3019,1455,1488 app=3017,3004,1455,1488 abs=nil,nil,nil,nil ebrake=1.00 ibrake=1.00 hasABS=0 sy=9.98 split=1.000,0.875 ===
298.70862|I|libbeamng.print:18052| === LSTM_OBS t=120 0.00925,0.00653,14.30052,18.93528,-0.07742,9.98140,-9.65159,-0.00840,0.00000,0.00000,0.00297,1.00000,0.00000,0.00333,-0.00904,4868.47412,0.25000 ===
298.75703|I|libbeamng.print:18052| === LSTM_TRACE t=130 v=21.10 ws=0.00,0.00,12.56,19.31 cmd=0.973,0.974,0.855,0.888 cap=3019,3020,1663,1700 des=3019,3020,1455,1488 app=3019,3005,1455,1488 abs=nil,nil,nil,nil ebrake=1.00 ibrake=1.00 hasABS=0 sy=10.04 split=1.000,0.875 ===
298.75708|I|libbeamng.print:18052| === LSTM_OBS t=130 0.00131,0.00284,12.56219,19.30616,-0.09806,10.04414,-9.71552,-0.02674,0.00000,0.00000,0.00270,1.00000,0.00000,0.00348,-0.00808,4650.49334,0.25000 ===
298.80703|I|libbeamng.print:18052| === LSTM_TRACE t=140 v=20.60 ws=0.00,0.00,10.58,19.58 cmd=0.973,0.974,0.856,0.885 cap=3016,3019,1663,1700 des=3016,3019,1455,1488 app=3016,3002,1455,1488 abs=nil,nil,nil,nil ebrake=1.00 ibrake=1.00 hasABS=0 sy=10.07 split=1.000,0.875 ===
298.80710|I|libbeamng.print:18052| === LSTM_OBS t=140 0.00141,0.00185,10.58335,19.57624,-0.12812,10.06753,-9.77579,-0.04170,0.00000,0.00000,0.00265,1.00000,0.00000,0.00359,-0.00747,4428.46622,0.25000 ===
298.85744|I|libbeamng.print:18052| === LSTM_TRACE t=150 v=20.11 ws=0.00,0.00,8.86,19.54 cmd=0.974,0.975,0.859,0.882 cap=3019,3023,1668,1700 des=3019,3023,1460,1488 app=3019,3005,1460,1488 abs=nil,nil,nil,nil ebrake=1.00 ibrake=1.00 hasABS=0 sy=10.00 split=1.000,0.875 ===
298.85752|I|libbeamng.print:18052| === LSTM_OBS t=150 0.00021,0.00108,8.86236,19.54305,-0.16519,10.00384,-9.80599,-0.05910,0.00000,0.00000,0.00280,1.00000,0.00000,0.00364,-0.00705,4183.60040,0.25000 ===
298.90717|I|libbeamng.print:18052| === LSTM_TRACE t=160 v=19.63 ws=0.00,0.00,7.33,18.86 cmd=0.975,0.976,0.860,0.878 cap=3021,3025,1671,1700 des=3021,3025,1462,1488 app=3020,3006,1462,1488 abs=nil,nil,nil,nil ebrake=1.00 ibrake=1.00 hasABS=0 sy=9.88 split=1.000,0.875 ===
298.90727|I|libbeamng.print:18052| === LSTM_OBS t=160 0.00260,0.00099,7.32703,18.85713,-0.16507,9.87847,-9.80645,-0.06132,0.00000,0.00000,0.00278,1.00000,0.00000,0.00342,-0.00664,3914.67664,0.25000 ===
298.95791|I|libbeamng.print:18052| === LSTM_TRACE t=170 v=19.16 ws=0.00,0.01,5.94,18.43 cmd=0.976,0.977,0.858,0.873 cap=3026,3030,1668,1698 des=3026,3030,1460,1486 app=3025,3010,1460,1486 abs=nil,nil,nil,nil ebrake=1.00 ibrake=1.00 hasABS=0 sy=9.78 split=1.000,0.875 ===
298.95804|I|libbeamng.print:18052| === LSTM_OBS t=170 0.00122,0.00843,5.93638,18.43022,-0.11294,9.78077,-9.77272,-0.06311,0.00000,0.00000,0.00285,1.00000,0.00000,0.00285,-0.00619,3641.77757,0.25000 ===
299.00663|I|libbeamng.print:18052| === LSTM_TRACE t=180 v=18.66 ws=0.00,0.02,4.63,17.90 cmd=0.978,0.979,0.855,0.869 cap=3030,3033,1661,1689 des=3030,3033,1454,1477 app=3028,3011,1454,1477 abs=nil,nil,nil,nil ebrake=1.00 ibrake=1.00 hasABS=0 sy=9.77 split=1.000,0.875 ===
299.00675|I|libbeamng.print:18052| === LSTM_OBS t=180 0.00248,0.02044,4.62836,17.89904,-0.04075,9.77194,-9.77612,-0.04937,0.00000,0.00000,0.00305,1.00000,0.00000,0.00230,-0.00586,3376.53920,0.25000 ===
299.05716|I|libbeamng.print:18052| === LSTM_TRACE t=190 v=18.16 ws=0.01,0.02,3.65,17.09 cmd=0.980,0.980,0.851,0.865 cap=3037,3037,1654,1680 des=3037,3037,1447,1470 app=3034,3014,1447,1470 abs=nil,nil,nil,nil ebrake=1.00 ibrake=1.00 hasABS=0 sy=9.81 split=1.000,0.875 ===
299.05728|I|libbeamng.print:18052| === LSTM_OBS t=190 0.01011,0.01856,3.65420,17.08664,0.02170,9.81340,-9.83614,-0.04482,0.00000,0.00000,0.00326,1.00000,0.00000,0.00226,-0.00607,3124.89904,0.25000 ===
299.10673|I|libbeamng.print:18052| === LSTM_TRACE t=200 v=17.67 ws=0.01,0.01,1.68,16.62 cmd=0.984,0.983,0.847,0.862 cap=3049,3048,1648,1676 des=3049,3048,1442,1467 app=3046,3024,1442,1467 abs=nil,nil,nil,nil ebrake=1.00 ibrake=1.00 hasABS=0 sy=9.84 split=1.000,0.875 ===
299.10679|I|libbeamng.print:18052| === LSTM_OBS t=200 0.00553,0.00982,1.67876,16.61982,0.13402,9.84146,-9.81160,-0.03243,0.00000,0.00000,0.00280,1.00000,0.00000,0.00228,-0.00665,2874.41727,0.25000 ===
299.15808|I|libbeamng.print:18052| === LSTM_TRACE t=210 v=17.19 ws=0.00,0.01,0.89,15.96 cmd=0.985,0.984,0.845,0.860 cap=3053,3050,1641,1671 des=3053,3050,1436,1462 app=3049,3026,1436,1462 abs=nil,nil,nil,nil ebrake=1.00 ibrake=1.00 hasABS=0 sy=9.78 split=1.000,0.875 ===
299.15814|I|libbeamng.print:18052| === LSTM_OBS t=210 0.00382,0.01101,0.88654,15.95707,0.24504,9.78300,-9.74289,-0.02113,0.00000,0.00000,0.00315,1.00000,0.00000,0.00164,-0.00678,2606.81713,0.25000 ===
299.20803|I|libbeamng.print:18052| === LSTM_TRACE t=220 v=16.71 ws=0.01,0.02,0.12,15.84 cmd=0.988,0.986,0.844,0.862 cap=3058,3055,1640,1673 des=3058,3055,1435,1464 app=3054,3029,1435,1464 abs=nil,nil,nil,nil ebrake=1.00 ibrake=1.00 hasABS=0 sy=9.77 split=1.000,0.875 ===
299.20808|I|libbeamng.print:18052| === LSTM_OBS t=220 0.00790,0.01712,0.11956,15.83759,0.26360,9.77082,-9.74070,-0.01637,0.00000,0.00000,0.00389,1.00000,0.00000,0.00209,-0.00701,2351.77538,0.25000 ===
299.25847|I|libbeamng.print:18052| === LSTM_TRACE t=230 v=16.20 ws=0.01,0.02,0.00,14.14 cmd=0.990,0.988,0.845,0.863 cap=3068,3063,1644,1679 des=3068,3063,1438,1469 app=3064,3036,1438,1469 abs=nil,nil,nil,nil ebrake=1.00 ibrake=1.00 hasABS=0 sy=9.84 split=1.000,0.875 ===
299.25854|I|libbeamng.print:18052| === LSTM_OBS t=230 0.00594,0.02391,0.00335,14.14260,0.27580,9.83642,-9.77120,-0.01412,0.00000,0.00000,0.00423,1.00000,0.00000,0.00262,-0.00718,2144.84520,0.25000 ===
299.30974|I|libbeamng.print:18052| === LSTM_TRACE t=240 v=15.69 ws=0.00,0.00,0.01,12.75 cmd=0.987,0.983,0.844,0.858 cap=3064,3053,1640,1670 des=3064,3053,1435,1461 app=3059,3026,1435,1461 abs=nil,nil,nil,nil ebrake=1.00 ibrake=1.00 hasABS=0 sy=9.90 split=1.000,0.875 ===
299.30980|I|libbeamng.print:18052| === LSTM_OBS t=240 0.00218,0.00406,0.01083,12.75169,0.29037,9.90038,-9.76871,-0.01014,0.00000,0.00000,0.00318,1.00000,0.00000,0.00313,-0.00768,1945.99727,0.25000 ===
299.35867|I|libbeamng.print:18052| === LSTM_TRACE t=250 v=15.20 ws=0.00,0.01,0.01,11.39 cmd=0.986,0.980,0.846,0.853 cap=3059,3041,1643,1658 des=3059,3041,1438,1451 app=3053,3013,1438,1451 abs=nil,nil,nil,nil ebrake=1.00 ibrake=1.00 hasABS=0 sy=9.93 split=1.000,0.875 ===
299.35873|I|libbeamng.print:18052| === LSTM_OBS t=250 0.00454,0.01196,0.00590,11.38705,0.29367,9.93170,-9.74960,-0.01324,0.00000,0.00000,0.00249,1.00000,0.00000,0.00340,-0.00819,1748.40602,0.25000 ===
299.40827|I|libbeamng.print:18052| === LSTM_TRACE t=260 v=14.70 ws=0.00,0.00,0.02,9.76 cmd=0.985,0.979,0.851,0.853 cap=3055,3036,1652,1657 des=3055,3036,1445,1450 app=3049,3007,1445,1450 abs=nil,nil,nil,nil ebrake=1.00 ibrake=1.00 hasABS=0 sy=9.93 split=1.000,0.875 ===
299.40833|I|libbeamng.print:18052| === LSTM_OBS t=260 0.00213,0.00152,0.02127,9.76087,0.28891,9.93402,-9.73440,-0.00920,0.00000,0.00000,0.00293,1.00000,0.00000,0.00349,-0.00849,1542.58797,0.25000 ===
299.46139|I|libbeamng.print:18052| === LSTM_TRACE t=270 v=14.21 ws=0.00,0.00,0.01,7.88 cmd=0.985,0.979,0.855,0.856 cap=3053,3033,1660,1662 des=3053,3033,1453,1454 app=3047,3003,1453,1454 abs=nil,nil,nil,nil ebrake=1.00 ibrake=1.00 hasABS=0 sy=9.93 split=1.000,0.875 ===
299.46154|I|libbeamng.print:18052| === LSTM_OBS t=270 0.00207,0.00012,0.00633,7.88149,0.28060,9.92646,-9.71506,-0.01044,0.00000,0.00000,0.00318,1.00000,0.00000,0.00352,-0.00862,1333.67212,0.25000 ===
299.51070|I|libbeamng.print:18052| === LSTM_TRACE t=280 v=13.71 ws=0.01,0.01,0.00,6.01 cmd=0.988,0.981,0.860,0.860 cap=3062,3041,1670,1671 des=3062,3041,1461,1462 app=3055,3011,1461,1462 abs=nil,nil,nil,nil ebrake=1.00 ibrake=1.00 hasABS=0 sy=9.91 split=1.000,0.875 ===
299.51075|I|libbeamng.print:18052| === LSTM_OBS t=280 0.00565,0.00562,0.00134,6.00530,0.26224,9.91441,-9.70498,-0.01081,0.00000,0.00000,0.00318,1.00000,0.00000,0.00356,-0.00861,1123.73750,0.25000 ===
299.56043|I|libbeamng.print:18052| === LSTM_TRACE t=290 v=13.21 ws=0.02,0.00,0.03,4.25 cmd=0.991,0.985,0.865,0.865 cap=3071,3052,1679,1679 des=3071,3052,1469,1470 app=3064,3021,1469,1470 abs=nil,nil,nil,nil ebrake=1.00 ibrake=1.00 hasABS=0 sy=9.94 split=1.000,0.875 ===
299.56049|I|libbeamng.print:18052| === LSTM_OBS t=290 0.01546,0.00060,0.02896,4.24937,0.25804,9.93831,-9.71284,-0.01389,0.00000,0.00000,0.00335,1.00000,0.00000,0.00342,-0.00863,919.46592,0.25000 ===
299.61050|I|libbeamng.print:18052| === LSTM_TRACE t=300 v=12.69 ws=0.00,0.01,0.03,1.51 cmd=0.993,0.988,0.869,0.866 cap=3080,3063,1687,1685 des=3080,3063,1476,1474 app=3072,3032,1476,1474 abs=nil,nil,nil,nil ebrake=1.00 ibrake=1.00 hasABS=0 sy=10.02 split=1.000,0.875 ===
299.61055|I|libbeamng.print:18052| === LSTM_OBS t=300 0.00320,0.01488,0.03095,1.50685,0.27870,10.01587,-9.72075,-0.01415,0.00000,0.00000,0.00305,1.00000,0.00000,0.00263,-0.00916,760.91680,0.25000 ===
299.66035|I|libbeamng.print:18052| === LSTM_TRACE t=310 v=12.22 ws=0.01,0.00,0.00,0.00 cmd=0.995,0.990,0.872,0.870 cap=3084,3069,1694,1688 des=3084,3069,1482,1477 app=3076,3037,1482,1477 abs=nil,nil,nil,nil ebrake=1.00 ibrake=1.00 hasABS=0 sy=9.95 split=1.000,0.875 ===
299.66040|I|libbeamng.print:18052| === LSTM_OBS t=310 0.01168,0.00005,0.00408,0.00196,0.18630,9.94565,-9.78314,-0.00372,0.00000,0.00000,0.00441,1.00000,0.00000,0.00249,-0.00960,731.52606,0.25000 ===
299.71013|I|libbeamng.print:18052| === LSTM_TRACE t=320 v=11.72 ws=0.00,0.00,0.03,0.08 cmd=0.995,0.990,0.872,0.871 cap=3085,3070,1695,1692 des=3085,3070,1483,1481 app=3077,3037,1482,1481 abs=nil,nil,nil,nil ebrake=1.00 ibrake=1.00 hasABS=0 sy=9.92 split=1.000,0.875 ===
299.71019|I|libbeamng.print:18052| === LSTM_OBS t=320 0.00167,0.00133,0.02633,0.07952,0.18527,9.91642,-9.76393,0.00671,0.00000,0.00000,0.00297,1.00000,0.00000,0.00246,-0.00967,729.51400,0.25000 ===
299.76048|I|libbeamng.print:18052| === LSTM_TRACE t=330 v=11.22 ws=0.01,0.01,0.02,0.02 cmd=0.995,0.991,0.872,0.871 cap=3086,3071,1695,1693 des=3086,3071,1483,1481 app=3077,3038,1482,1481 abs=nil,nil,nil,nil ebrake=1.00 ibrake=1.00 hasABS=0 sy=9.92 split=1.000,0.875 ===
299.76053|I|libbeamng.print:18052| === LSTM_OBS t=330 0.00713,0.00574,0.01956,0.01599,0.19044,9.91782,-9.73819,0.01075,0.00000,0.00000,0.00350,1.00000,0.00000,0.00213,-0.00970,727.05434,0.25000 ===
299.81002|I|libbeamng.print:18052| === LSTM_TRACE t=340 v=10.72 ws=0.00,0.00,0.01,0.02 cmd=0.996,0.991,0.872,0.872 cap=3087,3072,1695,1694 des=3087,3072,1483,1482 app=3078,3038,1482,1482 abs=nil,nil,nil,nil ebrake=1.00 ibrake=1.00 hasABS=0 sy=9.95 split=1.000,0.875 ===
299.81009|I|libbeamng.print:18052| === LSTM_OBS t=340 0.00020,0.00205,0.01075,0.01763,0.19576,9.94615,-9.71992,0.01693,0.00000,0.00000,0.00357,1.00000,0.00000,0.00194,-0.00983,729.52127,0.25000 ===
299.86048|I|libbeamng.print:18052| === LSTM_TRACE t=350 v=10.22 ws=0.00,0.00,0.02,0.00 cmd=0.996,0.992,0.873,0.873 cap=3087,3073,1695,1695 des=3087,3073,1483,1483 app=3078,3039,1482,1483 abs=nil,nil,nil,nil ebrake=1.00 ibrake=1.00 hasABS=0 sy=9.98 split=1.000,0.875 ===
299.86054|I|libbeamng.print:18052| === LSTM_OBS t=350 0.00120,0.00014,0.01844,0.00158,0.18923,9.98183,-9.71256,0.02200,0.00000,0.00000,0.00406,1.00000,0.00000,0.00189,-0.00994,726.19377,0.25000 ===
299.90985|I|libbeamng.print:18052| === LSTM_TRACE t=360 v=9.71 ws=0.00,0.00,0.00,0.00 cmd=0.996,0.992,0.873,0.873 cap=3088,3075,1695,1696 des=3088,3075,1483,1484 app=3079,3040,1482,1484 abs=nil,nil,nil,nil ebrake=1.00 ibrake=1.00 hasABS=0 sy=10.03 split=1.000,0.875 ===
299.90992|I|libbeamng.print:18052| === LSTM_OBS t=360 0.00069,0.00058,0.00240,0.00338,0.18353,10.02667,-9.70161,0.02648,0.00000,0.00000,0.00395,1.00000,0.00000,0.00192,-0.01010,730.87730,0.25000 ===
299.96060|I|libbeamng.print:18052| === LSTM_TRACE t=370 v=9.19 ws=0.00,0.00,0.01,0.01 cmd=0.996,0.992,0.873,0.873 cap=3089,3076,1696,1697 des=3089,3076,1484,1485 app=3079,3041,1482,1485 abs=nil,nil,nil,nil ebrake=1.00 ibrake=1.00 hasABS=0 sy=10.08 split=1.000,0.875 ===
299.96066|I|libbeamng.print:18052| === LSTM_OBS t=370 0.00160,0.00196,0.00666,0.00792,0.17823,10.08009,-9.70327,0.03046,0.00000,0.00000,0.00389,1.00000,0.00000,0.00190,-0.01023,729.18421,0.25000 ===
300.00967|I|libbeamng.print:18052| === LSTM_TRACE t=380 v=8.68 ws=0.00,0.00,0.00,0.00 cmd=0.997,0.993,0.873,0.874 cap=3089,3077,1696,1698 des=3089,3077,1484,1486 app=3080,3042,1482,1486 abs=nil,nil,nil,nil ebrake=1.00 ibrake=1.00 hasABS=0 sy=10.14 split=1.000,0.875 ===
300.00972|I|libbeamng.print:18052| === LSTM_OBS t=380 0.00079,0.00112,0.00119,0.00126,0.17364,10.14101,-9.70014,0.03482,0.00000,0.00000,0.00398,1.00000,0.00000,0.00192,-0.01040,731.28990,0.25000 ===
300.05992|I|libbeamng.print:18052| === LSTM_TRACE t=390 v=8.16 ws=0.00,0.00,0.01,0.00 cmd=0.997,0.993,0.873,0.874 cap=3090,3078,1696,1699 des=3090,3078,1484,1487 app=3080,3042,1482,1487 abs=nil,nil,nil,nil ebrake=1.00 ibrake=1.00 hasABS=0 sy=10.21 split=1.000,0.875 ===
300.05997|I|libbeamng.print:18052| === LSTM_OBS t=390 0.00334,0.00082,0.00738,0.00024,0.16763,10.20537,-9.69786,0.03769,0.00000,0.00000,0.00401,1.00000,0.00000,0.00193,-0.01054,727.84867,0.25000 ===
300.10958|I|libbeamng.print:18052| === LSTM_TRACE t=400 v=7.63 ws=0.00,0.00,0.00,0.00 cmd=0.997,0.993,0.873,0.875 cap=3091,3079,1697,1700 des=3091,3079,1485,1487 app=3081,3043,1483,1487 abs=nil,nil,nil,nil ebrake=1.00 ibrake=1.00 hasABS=0 sy=10.28 split=1.000,0.875 ===
300.10964|I|libbeamng.print:18052| === LSTM_OBS t=400 0.00082,0.00015,0.00287,0.00062,0.15888,10.27738,-9.69330,0.04216,0.00000,0.00000,0.00409,1.00000,0.00000,0.00197,-0.01071,730.43874,0.25000 ===
300.15930|I|libbeamng.print:18052| === LSTM_TRACE t=410 v=7.10 ws=0.00,0.00,0.01,0.00 cmd=0.997,0.994,0.874,0.875 cap=3091,3080,1697,1700 des=3091,3080,1485,1488 app=3081,3044,1483,1488 abs=nil,nil,nil,nil ebrake=1.00 ibrake=1.00 hasABS=0 sy=10.37 split=1.000,0.875 ===
300.15935|I|libbeamng.print:18052| === LSTM_OBS t=410 0.00362,0.00117,0.00518,0.00301,0.14646,10.37221,-9.68990,0.04474,0.00000,0.00000,0.00406,1.00000,0.00000,0.00200,-0.01089,726.16096,0.25000 ===
300.20945|I|libbeamng.print:18052| === LSTM_TRACE t=420 v=6.56 ws=0.00,0.00,0.00,0.00 cmd=0.997,0.994,0.874,0.876 cap=3092,3081,1698,1700 des=3092,3081,1486,1488 app=3081,3045,1484,1488 abs=nil,nil,nil,nil ebrake=1.00 ibrake=1.00 hasABS=0 sy=10.48 split=1.000,0.875 ===
300.20951|I|libbeamng.print:18052| === LSTM_OBS t=420 0.00179,0.00216,0.00049,0.00234,0.13452,10.48446,-9.68845,0.04722,0.00000,0.00000,0.00423,1.00000,0.00000,0.00206,-0.01111,728.65245,0.25000 ===
300.25631|I|libbeamng.print:18052| === LSTM_TRACE t=430 v=6.01 ws=0.00,0.00,0.01,0.00 cmd=0.998,0.994,0.875,0.876 cap=3092,3082,1699,1700 des=3092,3082,1487,1488 app=3082,3046,1484,1488 abs=nil,nil,nil,nil ebrake=1.00 ibrake=1.00 hasABS=0 sy=10.59 split=1.000,0.875 ===
300.25636|I|libbeamng.print:18052| === LSTM_OBS t=430 0.00291,0.00066,0.00863,0.00364,0.12189,10.59311,-9.69056,0.04848,0.00000,0.00000,0.00433,1.00000,0.00000,0.00209,-0.01135,727.97642,0.25000 ===
300.30626|I|libbeamng.print:18052| === LSTM_TRACE t=440 v=5.46 ws=0.00,0.00,0.00,0.00 cmd=0.998,0.995,0.875,0.877 cap=3093,3084,1700,1700 des=3093,3084,1487,1488 app=3082,3047,1485,1488 abs=nil,nil,nil,nil ebrake=1.00 ibrake=1.00 hasABS=0 sy=10.71 split=1.000,0.875 ===
300.30648|I|libbeamng.print:18052| === LSTM_OBS t=440 0.00126,0.00040,0.00030,0.00069,0.10464,10.70710,-9.68988,0.04998,0.00000,0.00000,0.00433,1.00000,0.00000,0.00215,-0.01158,729.87760,0.25000 ===
300.35640|I|libbeamng.print:18052| === LSTM_TRACE t=450 v=4.90 ws=0.00,0.00,0.01,0.02 cmd=0.998,0.995,0.875,0.877 cap=3093,3084,1700,1700 des=3093,3084,1488,1488 app=3082,3047,1485,1488 abs=nil,nil,nil,nil ebrake=1.00 ibrake=1.00 hasABS=0 sy=10.82 split=1.000,0.875 ===
300.35649|I|libbeamng.print:18052| === LSTM_OBS t=450 0.00356,0.00122,0.01317,0.01880,0.08637,10.81537,-9.69156,0.04954,0.00000,0.00000,0.00430,1.00000,0.00000,0.00221,-0.01178,728.47513,0.25000 ===
300.40657|I|libbeamng.print:18052| === LSTM_TRACE t=460 v=4.34 ws=0.00,0.00,0.00,0.00 cmd=0.998,0.995,0.876,0.877 cap=3094,3085,1700,1700 des=3094,3085,1488,1488 app=3083,3048,1485,1488 abs=nil,nil,nil,nil ebrake=1.00 ibrake=1.00 hasABS=0 sy=10.94 split=1.000,0.875 ===
300.40663|I|libbeamng.print:18052| === LSTM_OBS t=460 0.00204,0.00196,0.00473,0.00350,0.06914,10.94098,-9.69328,0.05038,0.00000,0.00000,0.00439,1.00000,0.00000,0.00229,-0.01205,730.10029,0.25000 ===
300.45625|I|libbeamng.print:18052| === LSTM_TRACE t=470 v=3.76 ws=0.00,0.00,0.01,0.00 cmd=0.998,0.995,0.876,0.878 cap=3094,3086,1700,1700 des=3094,3086,1488,1488 app=3083,3048,1485,1488 abs=nil,nil,nil,nil ebrake=1.00 ibrake=1.00 hasABS=0 sy=11.07 split=1.000,0.875 ===
300.45630|I|libbeamng.print:18052| === LSTM_OBS t=470 0.00347,0.00070,0.00866,0.00142,0.04881,11.07031,-9.69167,0.04928,0.00000,0.00000,0.00450,1.00000,0.00000,0.00233,-0.01237,726.93324,0.25000 ===
300.50586|I|libbeamng.print:18052| === LSTM_TRACE t=480 v=3.19 ws=0.00,0.00,0.00,0.00 cmd=0.998,0.996,0.877,0.878 cap=3094,3086,1700,1700 des=3094,3086,1488,1488 app=3083,3049,1485,1488 abs=nil,nil,nil,nil ebrake=1.00 ibrake=1.00 hasABS=0 sy=11.19 split=1.000,0.875 ===
300.50591|I|libbeamng.print:18052| === LSTM_OBS t=480 0.00242,0.00119,0.00471,0.00465,0.02561,11.19490,-9.68319,0.04751,0.00000,0.00000,0.00457,1.00000,0.00000,0.00241,-0.01268,730.30832,0.25000 ===
300.55563|I|libbeamng.print:18052| === LSTM_TRACE t=490 v=2.61 ws=0.00,0.00,0.00,0.00 cmd=0.998,0.996,0.877,0.878 cap=3094,3086,1700,1700 des=3094,3086,1488,1488 app=3083,3048,1485,1488 abs=nil,nil,nil,nil ebrake=1.00 ibrake=1.00 hasABS=0 sy=11.30 split=1.000,0.875 ===
300.55568|I|libbeamng.print:18052| === LSTM_OBS t=490 0.00458,0.00061,0.00279,0.00059,0.00181,11.30130,-9.67596,0.04423,0.00000,0.00000,0.00459,1.00000,0.00000,0.00251,-0.01289,727.77525,0.25000 ===
300.60596|I|libbeamng.print:18052| === LSTM_TRACE t=500 v=2.02 ws=0.00,0.00,0.01,0.01 cmd=0.998,0.995,0.878,0.877 cap=3094,3086,1700,1700 des=3094,3086,1488,1488 app=3082,3048,1485,1488 abs=nil,nil,nil,nil ebrake=1.00 ibrake=1.00 hasABS=0 sy=11.40 split=1.000,0.875 ===
300.60601|I|libbeamng.print:18052| === LSTM_OBS t=500 0.00234,0.00182,0.00590,0.00867,-0.02199,11.40334,-9.66312,0.04070,0.00000,0.00000,0.00462,1.00000,0.00000,0.00264,-0.01305,730.32327,0.25000 ===
300.65571|I|libbeamng.print:18052| === LSTM_TRACE t=510 v=1.43 ws=0.00,0.00,0.01,0.17 cmd=0.998,0.995,0.879,0.877 cap=3093,3085,1700,1700 des=3093,3085,1488,1488 app=3082,3047,1485,1488 abs=nil,nil,nil,nil ebrake=1.00 ibrake=1.00 hasABS=0 sy=11.51 split=1.000,0.875 ===
300.65577|I|libbeamng.print:18052| === LSTM_OBS t=510 0.00302,0.00017,0.00585,0.16834,-0.04735,11.51036,-9.65589,0.03386,0.00000,0.00000,0.00462,1.00000,0.00000,0.00278,-0.01315,725.58342,0.25000 ===
300.70577|I|libbeamng.print:18052| === LSTM_TRACE t=520 v=0.84 ws=0.00,0.00,0.05,0.16 cmd=0.997,0.994,0.879,0.876 cap=3092,3083,1700,1700 des=3092,3083,1488,1488 app=3080,3045,1485,1488 abs=nil,nil,nil,nil ebrake=1.00 ibrake=1.00 hasABS=0 sy=11.58 split=1.000,0.875 ===
300.70582|I|libbeamng.print:18052| === LSTM_OBS t=520 0.00364,0.00259,0.04946,0.15647,-0.08034,11.58293,-9.64388,0.02753,0.00000,0.00000,0.00467,1.00000,0.00000,0.00306,-0.01310,727.14774,0.25000 ===
