 31.52262|I|libbeamng.print:18052| === LSTM_ABS: lens 'band_g_mix_b5o2' loaded (1 member, 17 in, 64 hidden, 2 layers) ===
 31.52432|I|libbeamng.print:18052| === LSTM_ABS SELFTEST lens=band_g_mix_b5o2 cmd=0.874603,0.751755,0.562925,0.599683 ===
 45.22503|I|libbeamng.print:18052| === LSTM_ABS: lens 'band_g_mix_b1o1' loaded (1 member, 17 in, 64 hidden, 2 layers) ===
 45.22668|I|libbeamng.print:18052| === LSTM_ABS SELFTEST lens=band_g_mix_b1o1 cmd=0.966524,0.925576,0.519062,0.650636 ===
 54.90166|I|libbeamng.print:18052| === LSTM_TRACE t=0 v=27.71 ws=27.68,27.80,27.36,27.48 cmd=0.919,0.895,0.526,0.601 cap=155,155,97,97 des=155,155,85,85 app=142,142,78,78 abs=nil,nil,nil,nil ebrake=1.00 ibrake=1.00 hasABS=0 sy=1.57 split=1.000,0.875 ===
 54.90171|I|libbeamng.print:18052| === LSTM_OBS t=0 27.67802,27.80315,27.35895,27.48299,-0.00510,1.57173,-9.79147,-0.00723,0.00000,0.00000,0.00069,1.00000,0.00000,0.00100,-0.00905,7858.53004,0.25000 ===
 54.96667|I|libbeamng.print:18052| === LSTM_TRACE t=10 v=27.46 ws=26.99,26.97,26.90,26.91 cmd=0.360,0.423,0.627,0.663 cap=1089,1253,1152,1213 des=1089,1253,1008,1061 app=1004,1156,932,981 abs=nil,nil,nil,nil ebrake=1.00 ibrake=1.00 hasABS=0 sy=2.14 split=1.000,0.875 ===
 54.96683|I|libbeamng.print:18052| === LSTM_OBS t=10 26.99012,26.97030,26.89891,26.91053,0.01263,2.14218,-9.73442,-0.01388,0.00000,0.00000,0.00115,1.00000,0.00000,0.00102,-0.00989,7777.13956,0.25000 ===
 54.98435|I|libbeamng.print:18052| === LSTM_ABS DBG raw=26.5452,26.4091,26.6044,26.5291,0.0027,2.5231,-9.7045,-0.0022,0.0000,0.0000,0.0007,1.0000,0.0000,0.0010,-0.0106,7712.4782,0.2500 ===
 54.98439|I|libbeamng.print:18052| === LSTM_ABS DBG norm=0.57,0.50,0.53,0.50,-0.15,-2.12,0.00,0.01,0.06,-0.06,-0.11,0.59,-0.02,0.00,0.00,3.82,0.00 ===
 54.98440|I|libbeamng.print:18052| === LSTM_ABS DBG cmd=0.4452,0.5289,0.6915,0.7307 ===
 55.00864|I|libbeamng.print:18052| === LSTM_TRACE t=20 v=27.08 ws=25.90,25.89,26.08,25.99 cmd=0.564,0.625,0.710,0.718 cap=1696,1894,1375,1395 des=1696,1894,1203,1221 app=1579,1767,1127,1144 abs=nil,nil,nil,nil ebrake=1.00 ibrake=1.00 hasABS=0 sy=3.26 split=1.000,0.875 ===
 55.00869|I|libbeamng.print:18052| === LSTM_OBS t=20 25.90488,25.89210,26.07561,25.99423,0.00282,3.25592,-9.59824,-0.00076,0.00000,0.00000,0.00124,1.00000,0.00000,0.00108,-0.01171,7581.27786,0.25000 ===
 55.05347|I|libbeamng.print:18052| === LSTM_TRACE t=30 v=26.59 ws=24.82,24.81,25.16,25.27 cmd=0.722,0.755,0.755,0.744 cap=2243,2339,1464,1449 des=2243,2339,1281,1268 app=2113,2210,1215,1203 abs=nil,nil,nil,nil ebrake=1.00 ibrake=1.00 hasABS=0 sy=4.85 split=1.000,0.875 ===
 55.05351|I|libbeamng.print:18052| === LSTM_OBS t=30 24.82150,24.81234,25.16276,25.26985,0.01205,4.85195,-9.42750,-0.02094,0.00000,0.00000,0.00198,1.00000,0.00000,0.00137,-0.01354,7340.87702,0.25000 ===
 55.10173|I|libbeamng.print:18052| === LSTM_TRACE t=40 v=26.02 ws=24.02,23.98,24.16,24.58 cmd=0.803,0.821,0.783,0.758 cap=2461,2516,1517,1469 des=2461,2516,1327,1285 app=2348,2406,1272,1231 abs=nil,nil,nil,nil ebrake=1.00 ibrake=1.00 hasABS=0 sy=6.62 split=1.000,0.875 ===
 55.10178|I|libbeamng.print:18052| === LSTM_OBS t=40 24.01773,23.98082,24.16165,24.58275,0.00239,6.62285,-9.48014,-0.00419,0.00000,0.00000,0.00285,1.00000,0.00000,0.00129,-0.01545,7095.85476,0.25000 ===
 55.15032|I|libbeamng.print:18052| === LSTM_TRACE t=50 v=25.40 ws=23.36,23.30,23.22,24.06 cmd=0.807,0.802,0.780,0.764 cap=2542,2527,1525,1496 des=2542,2527,1334,1309 app=2446,2436,1287,1263 abs=nil,nil,nil,nil ebrake=1.00 ibrake=1.00 hasABS=0 sy=7.99 split=1.000,0.875 ===
 55.15041|I|libbeamng.print:18052| === LSTM_OBS t=50 23.36250,23.30395,23.21813,24.06239,-0.05797,7.99129,-9.61357,0.00411,0.00000,0.00000,0.00401,1.00000,0.00000,0.00120,-0.01726,6884.78932,0.25000 ===
 55.19770|I|libbeamng.print:18052| === LSTM_TRACE t=60 v=24.81 ws=22.99,23.06,22.43,23.30 cmd=0.774,0.790,0.744,0.760 cap=2461,2486,1460,1496 des=2461,2486,1277,1309 app=2386,2414,1239,1270 abs=nil,nil,nil,nil ebrake=1.00 ibrake=1.00 hasABS=0 sy=9.19 split=1.000,0.875 ===
 55.19775|I|libbeamng.print:18052| === LSTM_OBS t=60 22.99146,23.05596,22.42556,23.29865,-0.02196,9.18558,-9.71780,-0.01487,0.00000,0.00000,0.00349,1.00000,0.00000,0.00113,-0.01832,6657.12507,0.25000 ===
 55.24756|I|libbeamng.print:18052| === LSTM_TRACE t=70 v=24.21 ws=22.47,22.72,21.99,22.39 cmd=0.776,0.784,0.738,0.750 cap=2379,2409,1433,1456 des=2379,2409,1254,1274 app=2319,2352,1221,1241 abs=nil,nil,nil,nil ebrake=1.00 ibrake=1.00 hasABS=0 sy=10.02 split=1.000,0.875 ===
 55.24762|I|libbeamng.print:18052| === LSTM_OBS t=70 22.47295,22.71833,21.99495,22.39393,-0.00041,10.02079,-9.80793,-0.02646,0.00000,0.00000,0.00338,1.00000,0.00000,0.00097,-0.01861,6445.58776,0.25000 ===
 55.29745|I|libbeamng.print:18052| === LSTM_TRACE t=80 v=23.62 ws=21.70,22.01,21.39,21.72 cmd=0.786,0.779,0.743,0.747 cap=2407,2393,1435,1439 des=2407,2393,1256,1259 app=2356,2345,1226,1231 abs=nil,nil,nil,nil ebrake=1.00 ibrake=1.00 hasABS=0 sy=10.58 split=1.000,0.875 ===
 55.29755|I|libbeamng.print:18052| === LSTM_OBS t=80 21.69601,22.00794,21.38795,21.71600,0.07306,10.57921,-9.82159,-0.02597,0.00000,0.00000,0.00349,1.00000,0.00000,0.00049,-0.01832,6244.99146,0.25000 ===
 55.34718|I|libbeamng.print:18052| === LSTM_TRACE t=90 v=23.00 ws=21.03,21.25,20.87,20.85 cmd=0.805,0.773,0.751,0.750 cap=2380,2315,1442,1428 des=2380,2315,1262,1250 app=2337,2276,1236,1225 abs=nil,nil,nil,nil ebrake=1.00 ibrake=1.00 hasABS=0 sy=11.03 split=1.000,0.875 ===
 55.34723|I|libbeamng.print:18052| === LSTM_OBS t=90 21.02660,21.24672,20.87427,20.85161,0.14859,11.02683,-9.80446,-0.00634,0.00000,0.00000,0.00381,1.00000,0.00000,-0.00001,-0.01787,6050.09516,0.25000 ===
 55.39763|I|libbeamng.print:18052| === LSTM_TRACE t=100 v=22.41 ws=20.31,20.77,20.36,20.06 cmd=0.786,0.757,0.735,0.724 cap=2376,2300,1424,1393 des=2376,2300,1246,1219 app=2340,2267,1222,1196 abs=nil,nil,nil,nil ebrake=1.00 ibrake=1.00 hasABS=0 sy=11.32 split=1.000,0.875 ===
 55.39769|I|libbeamng.print:18052| === LSTM_OBS t=100 20.31303,20.76900,20.35906,20.06089,0.19762,11.32204,-9.74954,-0.00838,0.00000,0.00000,0.00307,1.00000,0.00000,-0.00033,-0.01749,5860.79076,0.25000 ===
 55.44947|I|libbeamng.print:18052| === LSTM_TRACE t=110 v=21.81 ws=19.73,20.36,19.84,19.31 cmd=0.770,0.732,0.723,0.705 cap=2495,2372,1425,1408 des=2495,2372,1246,1232 app=2463,2343,1225,1211 abs=nil,nil,nil,nil ebrake=1.00 ibrake=1.00 hasABS=0 sy=11.52 split=1.000,0.875 ===
 55.44952|I|libbeamng.print:18052| === LSTM_OBS t=110 19.73109,20.35661,19.84062,19.30962,0.24258,11.51526,-9.69077,-0.00848,0.00000,0.00000,0.00401,1.00000,0.00000,-0.00047,-0.01725,5677.58903,0.25000 ===
 55.49948|I|libbeamng.print:18052| === LSTM_TRACE t=120 v=21.20 ws=19.09,20.06,19.21,18.74 cmd=0.776,0.730,0.717,0.699 cap=2340,2178,1390,1352 des=2340,2178,1216,1183 app=2314,2154,1197,1164 abs=nil,nil,nil,nil ebrake=1.00 ibrake=1.00 hasABS=0 sy=11.66 split=1.000,0.875 ===
 55.49953|I|libbeamng.print:18052| === LSTM_OBS t=120 19.08727,20.05822,19.20621,18.73843,0.26722,11.65887,-9.65944,0.00379,0.00000,0.00000,0.00326,1.00000,0.00000,-0.00046,-0.01706,5503.58774,0.25000 ===
 55.55047|I|libbeamng.print:18052| === LSTM_TRACE t=130 v=20.61 ws=18.54,19.56,18.67,18.31 cmd=0.784,0.728,0.689,0.675 cap=2375,2240,1333,1293 des=2375,2240,1166,1131 app=2352,2219,1148,1114 abs=nil,nil,nil,nil ebrake=1.00 ibrake=1.00 hasABS=0 sy=11.73 split=1.000,0.875 ===
 55.55054|I|libbeamng.print:18052| === LSTM_OBS t=130 18.53878,19.56474,18.67431,18.31033,0.26324,11.72749,-9.61389,0.00609,0.00000,0.00000,0.00367,1.00000,0.00000,-0.00028,-0.01706,5341.10110,0.25000 ===
 55.60180|I|libbeamng.print:18052| === LSTM_TRACE t=140 v=20.03 ws=18.07,19.13,18.07,17.96 cmd=0.781,0.724,0.670,0.658 cap=2286,2125,1311,1280 des=2286,2125,1148,1120 app=2266,2107,1131,1103 abs=nil,nil,nil,nil ebrake=1.00 ibrake=1.00 hasABS=0 sy=11.76 split=1.000,0.875 ===
 55.60185|I|libbeamng.print:18052| === LSTM_OBS t=140 18.07177,19.12631,18.06972,17.96058,0.24527,11.76414,-9.60745,0.00371,0.00000,0.00000,0.00367,1.00000,0.00000,-0.00003,-0.01712,5191.37021,0.25000 ===
 55.65256|I|libbeamng.print:18052| === LSTM_TRACE t=150 v=19.44 ws=17.52,18.48,17.14,17.64 cmd=0.664,0.634,0.630,0.602 cap=2504,2299,1332,1338 des=2504,2299,1166,1171 app=2474,2281,1149,1154 abs=nil,nil,nil,nil ebrake=1.00 ibrake=1.00 hasABS=0 sy=11.73 split=1.000,0.875 ===
 55.65261|I|libbeamng.print:18052| === LSTM_OBS t=150 17.51722,18.48165,17.14492,17.64066,0.20368,11.73321,-9.60812,0.00923,0.00000,0.00000,0.00315,1.00000,0.00000,0.00033,-0.01713,5053.40018,0.25000 ===
 55.70213|I|libbeamng.print:18052| === LSTM_TRACE t=160 v=18.88 ws=17.11,17.85,16.33,17.57 cmd=0.660,0.635,0.574,0.556 cap=2589,2409,1229,1263 des=2589,2409,1075,1105 app=2516,2354,1060,1089 abs=nil,nil,nil,nil ebrake=1.00 ibrake=1.00 hasABS=0 sy=11.64 split=1.000,0.875 ===
 55.70218|I|libbeamng.print:18052| === LSTM_OBS t=160 17.11380,17.85069,16.32823,17.56814,0.13751,11.64099,-9.61796,0.00321,0.00000,0.00000,0.00326,1.00000,0.00000,0.00087,-0.01703,4925.08906,0.25000 ===
 55.75254|I|libbeamng.print:18052| === LSTM_TRACE t=170 v=18.31 ws=16.69,17.34,16.15,17.28 cmd=0.719,0.681,0.524,0.528 cap=2213,2086,1062,1062 des=2213,2086,929,929 app=2199,2072,916,916 abs=nil,nil,nil,nil ebrake=1.00 ibrake=1.00 hasABS=0 sy=11.55 split=1.000,0.875 ===
 55.75266|I|libbeamng.print:18052| === LSTM_OBS t=170 16.69247,17.34320,16.14783,17.27907,0.04655,11.55284,-9.64591,-0.00177,0.00000,0.00000,0.00293,1.00000,0.00000,0.00144,-0.01720,4820.54023,0.25000 ===
 55.80615|I|libbeamng.print:18052| === LSTM_TRACE t=180 v=17.74 ws=16.21,17.08,16.28,16.89 cmd=0.859,0.804,0.502,0.546 cap=2101,1910,967,1001 des=2101,1910,846,876 app=2089,1898,834,863 abs=nil,nil,nil,nil ebrake=1.00 ibrake=1.00 hasABS=0 sy=11.49 split=1.000,0.875 ===
 55.80621|I|libbeamng.print:18052| === LSTM_OBS t=180 16.21203,17.08273,16.27600,16.89006,-0.01102,11.49372,-9.62807,-0.01849,0.00000,0.00000,0.00216,1.00000,0.00000,0.00166,-0.01763,4749.24207,0.25000 ===
 55.85274|I|libbeamng.print:18052| === LSTM_TRACE t=190 v=17.18 ws=15.45,16.00,16.50,16.21 cmd=0.566,0.497,0.510,0.523 cap=1764,1616,895,918 des=1764,1616,783,803 app=2198,2033,772,792 abs=nil,nil,nil,nil ebrake=1.00 ibrake=1.00 hasABS=0 sy=11.42 split=1.000,0.875 ===
 55.85278|I|libbeamng.print:18052| === LSTM_OBS t=190 15.44975,16.00354,16.49998,16.21188,-0.00163,11.42238,-9.64965,-0.00138,0.00000,0.00000,0.00216,1.00000,0.00000,0.00125,-0.01817,4701.93854,0.25000 ===
 55.90254|I|libbeamng.print:18052| === LSTM_TRACE t=200 v=16.65 ws=15.17,15.84,16.06,15.97 cmd=0.568,0.516,0.499,0.516 cap=2441,2165,1051,1149 des=2441,2165,920,1005 app=2428,2153,906,991 abs=nil,nil,nil,nil ebrake=1.00 ibrake=1.00 hasABS=0 sy=11.34 split=1.000,0.875 ===
 55.90259|I|libbeamng.print:18052| === LSTM_OBS t=200 15.17012,15.83664,16.06139,15.96705,0.03228,11.34343,-9.64668,0.01040,0.00000,0.00000,0.00265,1.00000,0.00000,0.00078,-0.01883,4617.89721,0.25000 ===
 55.95248|I|libbeamng.print:18052| === LSTM_TRACE t=210 v=16.11 ws=15.02,15.45,15.29,15.26 cmd=0.664,0.595,0.531,0.566 cap=2167,1877,1059,1136 des=2167,1877,927,994 app=2156,1866,913,979 abs=nil,nil,nil,nil ebrake=1.00 ibrake=1.00 hasABS=0 sy=11.11 split=1.000,0.875 ===
 55.95255|I|libbeamng.print:18052| === LSTM_OBS t=210 15.01788,15.44588,15.29287,15.25612,0.03818,11.11329,-9.63737,0.00872,0.00000,0.00000,0.00169,1.00000,0.00000,0.00072,-0.01895,4503.57929,0.25000 ===
 56.00678|I|libbeamng.print:18052| === LSTM_TRACE t=220 v=15.57 ws=14.39,15.15,14.25,13.73 cmd=0.686,0.611,0.515,0.557 cap=2114,1858,1013,1092 des=2114,1858,886,956 app=2104,1848,872,941 abs=nil,nil,nil,nil ebrake=1.00 ibrake=1.00 hasABS=0 sy=10.99 split=1.000,0.875 ===
 56.00682|I|libbeamng.print:18052| === LSTM_OBS t=220 14.39136,15.14604,14.24601,13.72599,0.04678,10.98749,-9.57709,0.01945,0.00000,0.00000,0.00254,1.00000,0.00000,0.00095,-0.01885,4456.17885,0.25000 ===
 56.05277|I|libbeamng.print:18052| === LSTM_TRACE t=230 v=15.02 ws=13.92,14.50,13.73,12.32 cmd=0.643,0.575,0.454,0.492 cap=2139,1905,911,999 des=2139,1905,797,874 app=2129,1895,785,861 abs=nil,nil,nil,nil ebrake=1.00 ibrake=1.00 hasABS=0 sy=10.97 split=1.000,0.875 ===
 56.05284|I|libbeamng.print:18052| === LSTM_OBS t=230 13.91788,14.49999,13.72763,12.31972,0.04333,10.96508,-9.53114,0.02120,0.00000,0.00000,0.00301,1.00000,0.00000,0.00089,-0.01882,4438.17176,0.25000 ===
 56.10241|I|libbeamng.print:18052| === LSTM_TRACE t=240 v=14.48 ws=13.62,14.01,13.59,10.95 cmd=0.665,0.611,0.384,0.422 cap=2047,1871,764,841 des=2047,1871,668,736 app=2037,1861,657,724 abs=nil,nil,nil,nil ebrake=1.00 ibrake=1.00 hasABS=0 sy=10.97 split=1.000,0.875 ===
 56.10246|I|libbeamng.print:18052| === LSTM_OBS t=240 13.62269,14.01168,13.59262,10.95256,0.01151,10.96905,-9.53128,0.02401,0.00000,0.00000,0.00244,1.00000,0.00000,0.00112,-0.01895,4447.31107,0.25000 ===
 56.15242|I|libbeamng.print:18052| === LSTM_TRACE t=250 v=13.93 ws=13.09,13.47,13.38,9.99 cmd=0.643,0.610,0.338,0.379 cap=2102,1964,677,762 des=2102,1964,593,667 app=2092,1954,582,655 abs=nil,nil,nil,nil ebrake=1.00 ibrake=1.00 hasABS=0 sy=10.96 split=1.000,0.875 ===
 56.15260|I|libbeamng.print:18052| === LSTM_OBS t=250 13.08633,13.46515,13.37901,9.98776,-0.01756,10.96013,-9.58680,0.03583,0.00000,0.00000,0.00176,1.00000,0.00000,0.00135,-0.01932,4486.63142,0.25000 ===
 56.20389|I|libbeamng.print:18052| === LSTM_TRACE t=260 v=13.38 ws=12.62,13.07,12.83,9.44 cmd=0.662,0.635,0.341,0.391 cap=1852,1808,628,702 des=1852,1808,549,614 app=1864,1798,539,603 abs=nil,nil,nil,nil ebrake=1.00 ibrake=1.00 hasABS=0 sy=10.96 split=1.000,0.875 ===
 56.20395|I|libbeamng.print:18052| === LSTM_OBS t=260 12.62172,13.06703,12.83160,9.43849,-0.07773,10.96038,-9.63237,0.03645,0.00000,0.00000,0.00134,1.00000,0.00000,0.00182,-0.01993,4528.70979,0.25000 ===
 56.25073|I|libbeamng.print:18052| === LSTM_TRACE t=270 v=12.85 ws=12.18,12.44,12.28,9.02 cmd=0.665,0.641,0.344,0.399 cap=2035,1981,658,754 des=2035,1981,576,660 app=2025,1970,565,647 abs=nil,nil,nil,nil ebrake=1.00 ibrake=1.00 hasABS=0 sy=10.93 split=1.000,0.875 ===
 56.25078|I|libbeamng.print:18052| === LSTM_OBS t=270 12.18289,12.44078,12.27606,9.01751,-0.14642,10.92975,-9.64404,0.03336,0.00000,0.00000,0.00229,1.00000,0.00000,0.00241,-0.02054,4549.24109,0.25000 ===
 56.30113|I|libbeamng.print:18052| === LSTM_TRACE t=280 v=12.32 ws=11.55,11.92,11.71,9.33 cmd=0.563,0.573,0.345,0.392 cap=2082,2019,714,832 des=2082,2019,624,728 app=2072,2008,612,713 abs=nil,nil,nil,nil ebrake=1.00 ibrake=1.00 hasABS=0 sy=10.83 split=1.000,0.875 ===
 56.30118|I|libbeamng.print:18052| === LSTM_OBS t=280 11.54589,11.91673,11.71237,9.33014,-0.22600,10.82999,-9.64150,0.02086,0.00000,0.00000,0.00234,1.00000,0.00000,0.00299,-0.02098,4521.87523,0.25000 ===
 56.35081|I|libbeamng.print:18052| === LSTM_TRACE t=290 v=11.81 ws=11.18,11.46,11.40,9.74 cmd=0.612,0.602,0.403,0.465 cap=1454,1537,696,778 des=1454,1537,609,681 app=1668,1619,597,666 abs=nil,nil,nil,nil ebrake=1.00 ibrake=1.00 hasABS=0 sy=10.70 split=1.000,0.875 ===
 56.35088|I|libbeamng.print:18052| === LSTM_OBS t=290 11.17896,11.45969,11.39679,9.74098,-0.27641,10.69746,-9.59712,0.02141,0.00000,0.00000,0.00115,1.00000,0.00000,0.00336,-0.02107,4481.51239,0.25000 ===
 56.40074|I|libbeamng.print:18052| === LSTM_TRACE t=300 v=11.28 ws=10.79,10.91,10.75,9.93 cmd=0.619,0.612,0.433,0.493 cap=1732,1755,796,898 des=1732,1755,696,786 app=1723,1744,682,769 abs=nil,nil,nil,nil ebrake=1.00 ibrake=1.00 hasABS=0 sy=10.60 split=1.000,0.875 ===
 56.40079|I|libbeamng.print:18052| === LSTM_OBS t=300 10.79091,10.91228,10.75350,9.93039,-0.32521,10.60413,-9.56277,0.01760,0.00000,0.00000,0.00154,1.00000,0.00000,0.00338,-0.02105,4436.91487,0.25000 ===
 56.45102|I|libbeamng.print:18052| === LSTM_TRACE t=310 v=10.78 ws=10.33,10.36,10.22,10.12 cmd=0.530,0.556,0.442,0.480 cap=1958,1947,885,982 des=1958,1947,774,859 app=1947,1935,758,840 abs=nil,nil,nil,nil ebrake=1.00 ibrake=1.00 hasABS=0 sy=10.49 split=1.000,0.875 ===
 56.45107|I|libbeamng.print:18052| === LSTM_OBS t=310 10.32799,10.35938,10.21896,10.12078,-0.35212,10.49307,-9.54830,0.01080,0.00000,0.00000,0.00091,1.00000,0.00000,0.00331,-0.02096,4384.58564,0.25000 ===
 56.50048|I|libbeamng.print:18052| === LSTM_TRACE t=320 v=10.28 ws=9.79,9.90,10.06,10.00 cmd=0.548,0.587,0.511,0.540 cap=1694,1767,985,1037 des=1694,1767,862,908 app=1684,1756,843,888 abs=nil,nil,nil,nil ebrake=1.00 ibrake=1.00 hasABS=0 sy=10.36 split=1.000,0.875 ===
 56.50053|I|libbeamng.print:18052| === LSTM_OBS t=320 9.78922,9.89823,10.05685,9.99856,-0.36688,10.35875,-9.54320,0.00567,0.00000,0.00000,0.00000,1.00000,0.00000,0.00321,-0.02080,4312.68476,0.25000 ===
 56.56781|I|libbeamng.print:18052| === LSTM_TRACE t=330 v=9.83 ws=9.42,9.50,9.54,9.70 cmd=0.564,0.590,0.538,0.553 cap=1957,2005,1060,1115 des=1957,2005,928,976 app=1945,1992,907,954 abs=nil,nil,nil,nil ebrake=1.00 ibrake=1.00 hasABS=0 sy=10.08 split=1.000,0.875 ===
 56.56786|I|libbeamng.print:18052| === LSTM_OBS t=330 9.42227,9.49843,9.54326,9.69689,-0.34142,10.08060,-9.54871,-0.00548,0.00000,0.00000,0.00176,1.00000,0.00000,0.00289,-0.02028,4190.43128,0.25000 ===
 56.61721|I|libbeamng.print:18052| === LSTM_TRACE t=340 v=9.40 ws=9.28,9.19,9.04,9.04 cmd=0.723,0.729,0.574,0.607 cap=1358,1593,1157,1186 des=1358,1593,1012,1037 app=1349,1582,990,1014 abs=nil,nil,nil,nil ebrake=1.00 ibrake=1.00 hasABS=0 sy=9.72 split=1.000,0.875 ===
 56.61726|I|libbeamng.print:18052| === LSTM_OBS t=340 9.28291,9.19438,9.03925,9.03987,-0.27886,9.71525,-9.56092,-0.01171,0.00000,0.00000,0.00169,1.00000,0.00000,0.00225,-0.01924,4033.00696,0.25000 ===
 56.65955|I|libbeamng.print:18052| === LSTM_TRACE t=350 v=8.97 ws=8.67,8.64,8.75,8.93 cmd=0.498,0.557,0.594,0.610 cap=1818,1934,1077,1118 des=1818,1934,943,979 app=1806,1920,922,957 abs=nil,nil,nil,nil ebrake=1.00 ibrake=1.00 hasABS=0 sy=9.42 split=1.000,0.875 ===
 56.65962|I|libbeamng.print:18052| === LSTM_OBS t=350 8.66898,8.63843,8.75442,8.92538,-0.21772,9.42456,-9.54079,-0.00032,0.00000,0.00000,0.00142,1.00000,0.00000,0.00155,-0.01802,3866.40233,0.25000 ===
 56.70388|I|libbeamng.print:18052| === LSTM_TRACE t=360 v=8.53 ws=8.17,8.46,8.29,8.25 cmd=0.617,0.681,0.572,0.602 cap=1227,1533,1233,1255 des=1227,1533,1079,1098 app=1218,1522,1055,1074 abs=nil,nil,nil,nil ebrake=1.00 ibrake=1.00 hasABS=0 sy=9.18 split=1.000,0.875 ===
 56.70399|I|libbeamng.print:18052| === LSTM_OBS t=360 8.17413,8.46016,8.28972,8.24621,-0.14123,9.17573,-9.56064,-0.00926,0.00000,0.00000,0.00239,1.00000,0.00000,0.00107,-0.01668,3678.27844,0.25000 ===
 56.75433|I|libbeamng.print:18052| === LSTM_TRACE t=370 v=8.11 ws=7.95,7.49,7.92,7.82 cmd=0.348,0.423,0.552,0.540 cap=2184,2231,1083,1145 des=2184,2231,948,1002 app=1982,2190,927,980 abs=nil,nil,nil,nil ebrake=1.00 ibrake=1.00 hasABS=0 sy=9.02 split=1.000,0.875 ===
 56.75444|I|libbeamng.print:18052| === LSTM_OBS t=370 7.95010,7.48613,7.91838,7.82061,-0.04230,9.02192,-9.57062,-0.00451,0.00000,0.00000,0.00367,1.00000,0.00000,0.00077,-0.01562,3499.31840,0.25000 ===
 56.80107|I|libbeamng.print:18052| === LSTM_TRACE t=380 v=7.66 ws=7.45,7.40,7.34,7.40 cmd=0.561,0.630,0.576,0.625 cap=770,1164,1160,1183 des=770,1164,1015,1035 app=1212,1388,993,1012 abs=nil,nil,nil,nil ebrake=1.00 ibrake=1.00 hasABS=0 sy=8.94 split=1.000,0.875 ===
 56.80117|I|libbeamng.print:18052| === LSTM_OBS t=380 7.44523,7.40062,7.33912,7.39691,-0.02382,8.93888,-9.63069,0.00091,0.00000,0.00000,0.00134,1.00000,0.00000,0.00067,-0.01481,3324.02830,0.25000 ===
 56.85030|I|libbeamng.print:18052| === LSTM_TRACE t=390 v=7.25 ws=6.85,7.22,7.30,7.12 cmd=0.341,0.416,0.531,0.547 cap=1909,1963,1023,1113 des=1909,1963,895,974 app=1892,1946,875,952 abs=nil,nil,nil,nil ebrake=1.00 ibrake=1.00 hasABS=0 sy=8.83 split=1.000,0.875 ===
 56.85042|I|libbeamng.print:18052| === LSTM_OBS t=390 6.85205,7.22394,7.29768,7.11602,0.00808,8.82555,-9.63142,-0.00125,0.00000,0.00000,0.00169,1.00000,0.00000,0.00082,-0.01423,3153.54294,0.25000 ===
 56.89786|I|libbeamng.print:18052| === LSTM_TRACE t=400 v=6.86 ws=6.63,6.78,6.73,6.94 cmd=0.358,0.397,0.594,0.641 cap=659,871,1112,1166 des=659,871,973,1020 app=836,924,950,997 abs=nil,nil,nil,nil ebrake=1.00 ibrake=1.00 hasABS=0 sy=8.56 split=1.000,0.875 ===
 56.89792|I|libbeamng.print:18052| === LSTM_OBS t=400 6.62926,6.78453,6.72511,6.93513,0.02224,8.55766,-9.67678,-0.00922,0.00000,0.00000,0.00142,1.00000,0.00000,0.00086,-0.01348,2973.66016,0.25000 ===
 56.94905|I|libbeamng.print:18052| === LSTM_TRACE t=410 v=6.54 ws=6.58,6.59,6.34,6.27 cmd=0.229,0.252,0.602,0.630 cap=769,853,1149,1200 des=769,853,1005,1050 app=761,844,982,1026 abs=nil,nil,nil,nil ebrake=1.00 ibrake=1.00 hasABS=0 sy=8.13 split=1.000,0.875 ===
 56.94910|I|libbeamng.print:18052| === LSTM_OBS t=410 6.57717,6.58674,6.34131,6.26568,-0.01874,8.12647,-9.71542,-0.00602,0.00000,0.00000,0.00000,1.00000,0.00000,0.00175,-0.01214,2803.03723,0.25000 ===
 56.99938|I|libbeamng.print:18052| === LSTM_TRACE t=420 v=6.26 ws=6.23,6.23,6.06,6.18 cmd=0.160,0.167,0.623,0.636 cap=561,566,1215,1249 des=561,566,1063,1093 app=554,560,1038,1068 abs=nil,nil,nil,nil ebrake=1.00 ibrake=1.00 hasABS=0 sy=7.51 split=1.000,0.875 ===
 56.99943|I|libbeamng.print:18052| === LSTM_OBS t=420 6.23044,6.23087,6.05651,6.18326,0.01499,7.50619,-9.62870,0.00829,0.00000,0.00000,0.00000,1.00000,0.00000,0.00180,-0.01032,2648.58213,0.25000 ===
 57.05069|I|libbeamng.print:18052| === LSTM_TRACE t=430 v=5.98 ws=5.93,6.04,5.75,5.94 cmd=0.123,0.126,0.642,0.632 cap=369,383,1234,1218 des=369,383,1080,1065 app=365,378,1054,1041 abs=nil,nil,nil,nil ebrake=1.00 ibrake=1.00 hasABS=0 sy=6.93 split=1.000,0.875 ===
 57.05075|I|libbeamng.print:18052| === LSTM_OBS t=430 5.92899,6.04105,5.74780,5.93646,-0.00546,6.93409,-9.60137,0.00173,0.00000,0.00000,0.00000,1.00000,0.00000,0.00176,-0.00819,2522.84278,0.25000 ===
 57.10384|I|libbeamng.print:18052| === LSTM_TRACE t=440 v=5.71 ws=5.65,5.71,5.61,5.30 cmd=0.215,0.185,0.646,0.607 cap=584,513,1260,1185 des=584,513,1103,1037 app=576,506,1077,1012 abs=nil,nil,nil,nil ebrake=1.00 ibrake=1.00 hasABS=0 sy=6.53 split=1.000,0.875 ===
 57.10390|I|libbeamng.print:18052| === LSTM_OBS t=440 5.65312,5.71016,5.61159,5.29681,-0.01773,6.52806,-9.62646,0.00049,0.00000,0.00000,0.00049,1.00000,0.00000,0.00164,-0.00648,2414.05699,0.25000 ===
 57.15356|I|libbeamng.print:18052| === LSTM_TRACE t=450 v=5.39 ws=5.37,5.28,5.31,5.03 cmd=0.304,0.266,0.558,0.530 cap=860,753,1096,1032 des=860,753,959,903 app=849,743,936,881 abs=nil,nil,nil,nil ebrake=1.00 ibrake=1.00 hasABS=0 sy=6.38 split=1.000,0.875 ===
 57.15361|I|libbeamng.print:18052| === LSTM_OBS t=450 5.37068,5.28353,5.30629,5.03222,-0.01715,6.37929,-9.70174,0.00417,0.00000,0.00000,0.00069,1.00000,0.00000,0.00144,-0.00548,2302.84375,0.25000 ===
 57.20545|I|libbeamng.print:18052| === LSTM_TRACE t=460 v=5.09 ws=5.12,4.84,4.96,4.72 cmd=0.347,0.321,0.474,0.466 cap=901,865,898,858 des=901,865,786,751 app=888,853,767,733 abs=nil,nil,nil,nil ebrake=1.00 ibrake=1.00 hasABS=0 sy=6.33 split=1.000,0.875 ===
 57.20550|I|libbeamng.print:18052| === LSTM_OBS t=460 5.12123,4.84299,4.96312,4.72299,-0.03453,6.32929,-9.86540,0.00420,0.00000,0.00000,0.00049,1.00000,0.00000,0.00110,-0.00512,2182.40535,0.25000 ===
 57.25508|I|libbeamng.print:18052| === LSTM_TRACE t=470 v=4.78 ws=4.69,4.43,4.62,4.37 cmd=0.314,0.315,0.424,0.414 cap=1163,1102,833,823 des=1163,1102,729,721 app=1145,1085,710,703 abs=nil,nil,nil,nil ebrake=1.00 ibrake=1.00 hasABS=0 sy=6.28 split=1.000,0.875 ===
 57.25512|I|libbeamng.print:18052| === LSTM_OBS t=470 4.69065,4.42899,4.62251,4.36507,-0.06522,6.28382,-10.01756,-0.00540,0.00000,0.00000,0.00091,1.00000,0.00000,0.00120,-0.00519,2052.60057,0.25000 ===
 57.30278|I|libbeamng.print:18052| === LSTM_TRACE t=480 v=4.45 ws=4.20,4.37,4.54,4.13 cmd=0.416,0.408,0.425,0.422 cap=1554,1474,878,884 des=1554,1474,768,774 app=1530,1451,749,754 abs=nil,nil,nil,nil ebrake=1.00 ibrake=1.00 hasABS=0 sy=6.29 split=1.000,0.875 ===
 57.30283|I|libbeamng.print:18052| === LSTM_OBS t=480 4.20409,4.36674,4.53966,4.13056,-0.05719,6.29157,-10.08854,-0.00125,0.00000,0.00000,0.00438,1.00000,0.00000,0.00127,-0.00567,1929.61493,0.25000 ===
 57.35614|I|libbeamng.print:18052| === LSTM_TRACE t=490 v=4.05 ws=3.61,4.01,3.90,4.21 cmd=0.635,0.606,0.563,0.591 cap=1772,1669,1031,1079 des=1772,1669,902,944 app=1743,1642,878,919 abs=nil,nil,nil,nil ebrake=1.00 ibrake=1.00 hasABS=0 sy=6.52 split=1.000,0.875 ===
 57.35619|I|libbeamng.print:18052| === LSTM_OBS t=490 3.60790,4.00684,3.89958,4.20904,-0.03176,6.51986,-10.02967,0.00371,0.00000,0.00000,0.00467,1.00000,0.00000,0.00110,-0.00677,1786.93877,0.25000 ===
 57.40698|I|libbeamng.print:18052| === LSTM_TRACE t=500 v=3.60 ws=3.34,3.15,3.51,3.22 cmd=0.637,0.689,0.647,0.646 cap=1961,2135,1244,1248 des=1961,2135,1088,1092 app=1929,2099,1059,1063 abs=nil,nil,nil,nil ebrake=1.00 ibrake=1.00 hasABS=0 sy=7.18 split=1.000,0.875 ===
 57.40703|I|libbeamng.print:18052| === LSTM_OBS t=500 3.33976,3.15188,3.51029,3.22170,-0.00558,7.18188,-9.91531,-0.00556,0.00000,0.00000,0.00104,1.00000,0.00000,0.00070,-0.00825,1616.80077,0.25000 ===
 57.45258|I|libbeamng.print:18052| === LSTM_TRACE t=510 v=3.06 ws=2.36,2.19,2.79,2.81 cmd=0.769,0.809,0.706,0.714 cap=2380,2498,1378,1386 des=2380,2498,1206,1213 app=2339,2455,1174,1181 abs=nil,nil,nil,nil ebrake=1.00 ibrake=1.00 hasABS=0 sy=7.92 split=1.000,0.875 ===
 57.45268|I|libbeamng.print:18052| === LSTM_OBS t=510 2.35585,2.18679,2.78654,2.80755,-0.02256,7.92039,-9.83039,0.00803,0.00000,0.00000,0.00134,1.00000,0.00000,0.00090,-0.00998,1440.50375,0.25000 ===
 57.50318|I|libbeamng.print:18052| === LSTM_TRACE t=520 v=2.54 ws=0.20,0.05,2.31,2.29 cmd=0.846,0.843,0.703,0.731 cap=2643,2622,1387,1443 des=2643,2622,1213,1263 app=2596,2575,1180,1229 abs=nil,nil,nil,nil ebrake=1.00 ibrake=1.00 hasABS=0 sy=8.70 split=1.000,0.875 ===
 57.50324|I|libbeamng.print:18052| === LSTM_OBS t=520 0.20260,0.04550,2.31035,2.29221,0.03675,8.69685,-9.72992,0.00407,0.00000,0.00000,0.00705,1.00000,0.00000,0.00080,-0.01158,1230.64454,0.25000 ===
 57.55550|I|libbeamng.print:18052| === LSTM_TRACE t=530 v=2.02 ws=0.05,0.04,1.60,1.66 cmd=0.856,0.879,0.701,0.709 cap=2651,2714,1361,1381 des=2651,2714,1191,1208 app=2601,2663,1158,1175 abs=nil,nil,nil,nil ebrake=1.00 ibrake=1.00 hasABS=0 sy=9.23 split=1.000,0.875 ===
 57.55555|I|libbeamng.print:18052| === LSTM_OBS t=530 0.05465,0.04365,1.60215,1.66260,-0.04532,9.22992,-9.69718,0.00029,0.00000,0.00000,0.00442,1.00000,0.00000,0.00165,-0.01262,1021.47690,0.25000 ===
 57.60298|I|libbeamng.print:18052| === LSTM_TRACE t=540 v=1.48 ws=0.04,0.03,1.39,1.37 cmd=0.863,0.890,0.701,0.689 cap=2671,2748,1361,1344 des=2671,2748,1191,1176 app=2619,2694,1157,1142 abs=nil,nil,nil,nil ebrake=1.00 ibrake=1.00 hasABS=0 sy=9.62 split=1.000,0.875 ===
 57.60304|I|libbeamng.print:18052| === LSTM_OBS t=540 0.03569,0.02880,1.38816,1.37153,0.02221,9.62468,-9.62160,-0.00038,0.00000,0.00000,0.00401,1.00000,0.00000,0.00199,-0.01313,843.23279,0.25000 ===
 57.65445|I|libbeamng.print:18052| === LSTM_TRACE t=550 v=0.95 ws=0.01,0.02,0.73,0.96 cmd=0.869,0.896,0.704,0.679 cap=2694,2780,1368,1322 des=2694,2780,1197,1157 app=2638,2723,1162,1123 abs=nil,nil,nil,nil ebrake=1.00 ibrake=1.00 hasABS=0 sy=9.96 split=1.000,0.875 ===
 57.65453|I|libbeamng.print:18052| === LSTM_OBS t=550 0.01226,0.01886,0.73166,0.96206,-0.06453,9.95857,-9.64119,-0.01328,0.00000,0.00000,0.00535,1.00000,0.00000,0.00238,-0.01364,741.81330,0.25000 ===
 87.72928|I|libbeamng.print:18052| === LSTM_TRACE t=0 v=27.71 ws=27.64,27.75,27.34,27.37 cmd=0.917,0.893,0.523,0.598 cap=155,155,97,97 des=155,155,85,85 app=149,149,81,81 abs=nil,nil,nil,nil ebrake=1.00 ibrake=1.00 hasABS=0 sy=1.57 split=1.000,0.875 ===
 87.72934|I|libbeamng.print:18052| === LSTM_OBS t=0 27.64416,27.75387,27.33676,27.36505,-0.01152,1.57339,-9.78664,0.00410,0.00000,0.00000,0.00000,1.00000,0.00000,0.00091,-0.00912,7857.72524,0.25000 ===
 87.78073|I|libbeamng.print:18052| === LSTM_TRACE t=10 v=27.46 ws=26.93,26.91,26.90,26.93 cmd=0.353,0.419,0.625,0.661 cap=1087,1247,1158,1219 des=1087,1247,1013,1067 app=1047,1202,973,1025 abs=nil,nil,nil,nil ebrake=1.00 ibrake=1.00 hasABS=0 sy=2.08 split=1.000,0.875 ===
 87.78081|I|libbeamng.print:18052| === LSTM_OBS t=10 26.93097,26.90507,26.89521,26.93036,0.02962,2.08232,-9.73708,-0.00069,0.00000,0.00000,0.00069,1.00000,0.00000,0.00094,-0.00992,7780.56089,0.25000 ===
 87.79980|I|libbeamng.print:18052| === LSTM_ABS DBG raw=26.6188,26.4092,26.4252,26.5766,0.0094,2.5468,-9.7220,-0.0109,0.0000,0.0000,0.0009,1.0000,0.0000,0.0009,-0.0107,7700.5072,0.2500 ===
 87.79987|I|libbeamng.print:18052| === LSTM_ABS DBG norm=0.57,0.50,0.52,0.50,-0.15,-2.12,0.00,-0.05,0.06,-0.06,-0.10,0.59,-0.02,0.00,0.00,3.82,0.00 ===
 87.79990|I|libbeamng.print:18052| === LSTM_ABS DBG cmd=0.4371,0.5267,0.6873,0.7283 ===
 87.82924|I|libbeamng.print:18052| === LSTM_TRACE t=20 v=27.07 ws=25.84,25.76,25.88,25.93 cmd=0.577,0.633,0.721,0.729 cap=1704,1890,1390,1408 des=1704,1890,1216,1232 app=1650,1833,1179,1195 abs=nil,nil,nil,nil ebrake=1.00 ibrake=1.00 hasABS=0 sy=3.34 split=1.000,0.875 ===
 87.82930|I|libbeamng.print:18052| === LSTM_OBS t=20 25.84125,25.75613,25.87885,25.92932,-0.00257,3.34360,-9.63475,-0.00530,0.00000,0.00000,0.00221,1.00000,0.00000,0.00105,-0.01183,7551.57631,0.25000 ===
 87.88021|I|libbeamng.print:18052| === LSTM_TRACE t=30 v=26.56 ws=24.66,24.65,25.01,25.20 cmd=0.740,0.767,0.765,0.755 cap=2257,2352,1479,1462 des=2257,2352,1294,1280 app=2200,2295,1263,1249 abs=nil,nil,nil,nil ebrake=1.00 ibrake=1.00 hasABS=0 sy=4.95 split=1.000,0.875 ===
 87.88031|I|libbeamng.print:18052| === LSTM_OBS t=30 24.65993,24.64959,25.01066,25.20500,0.00238,4.95288,-9.43657,-0.01250,0.00000,0.00000,0.00254,1.00000,0.00000,0.00138,-0.01368,7299.21593,0.25000 ===
 87.93051|I|libbeamng.print:18052| === LSTM_TRACE t=40 v=25.97 ws=23.52,23.19,24.00,24.45 cmd=0.811,0.826,0.800,0.776 cap=2525,2568,1552,1511 des=2525,2568,1358,1322 app=2475,2521,1332,1297 abs=nil,nil,nil,nil ebrake=1.00 ibrake=1.00 hasABS=0 sy=6.79 split=1.000,0.875 ===
 87.93069|I|libbeamng.print:18052| === LSTM_OBS t=40 23.52133,23.19015,24.00147,24.44915,0.07197,6.78671,-9.33909,-0.00393,0.00000,0.00000,0.00265,1.00000,0.00000,0.00131,-0.01564,7062.04722,0.25000 ===
 87.98034|I|libbeamng.print:18052| === LSTM_TRACE t=50 v=25.38 ws=22.06,22.26,22.87,23.90 cmd=0.796,0.805,0.783,0.758 cap=2608,2586,1545,1510 des=2608,2586,1352,1321 app=2569,2549,1331,1301 abs=nil,nil,nil,nil ebrake=1.00 ibrake=1.00 hasABS=0 sy=8.26 split=1.000,0.875 ===
 87.98043|I|libbeamng.print:18052| === LSTM_OBS t=50 22.05550,22.26353,22.87107,23.89872,0.04328,8.26328,-9.48706,-0.02854,0.00000,0.00000,0.00311,1.00000,0.00000,0.00133,-0.01744,6822.63121,0.25000 ===
 88.02982|I|libbeamng.print:18052| === LSTM_TRACE t=60 v=24.76 ws=21.61,22.00,21.94,23.29 cmd=0.729,0.758,0.748,0.756 cap=2339,2386,1464,1484 des=2339,2386,1281,1298 app=2311,2360,1265,1282 abs=nil,nil,nil,nil ebrake=1.00 ibrake=1.00 hasABS=0 sy=9.37 split=1.000,0.875 ===
 88.02989|I|libbeamng.print:18052| === LSTM_OBS t=60 21.60738,21.99567,21.93566,23.28586,0.02502,9.36872,-9.62673,-0.03177,0.00000,0.00000,0.00329,1.00000,0.00000,0.00133,-0.01845,6587.46319,0.25000 ===
 88.08002|I|libbeamng.print:18052| === LSTM_TRACE t=70 v=24.15 ws=21.74,22.36,21.28,22.49 cmd=0.841,0.835,0.761,0.778 cap=2388,2423,1449,1460 des=2388,2423,1268,1277 app=2366,2402,1254,1264 abs=nil,nil,nil,nil ebrake=1.00 ibrake=1.00 hasABS=0 sy=10.20 split=1.000,0.875 ===
 88.08012|I|libbeamng.print:18052| === LSTM_OBS t=70 21.74416,22.35742,21.28071,22.48501,0.04910,10.19549,-9.72744,-0.03518,0.00000,0.00000,0.00349,1.00000,0.00000,0.00111,-0.01861,6367.31968,0.25000 ===
 88.13027|I|libbeamng.print:18052| === LSTM_TRACE t=80 v=23.55 ws=20.78,21.43,20.68,21.54 cmd=0.750,0.751,0.736,0.725 cap=2610,2552,1498,1518 des=2610,2552,1311,1328 app=2591,2535,1299,1317 abs=nil,nil,nil,nil ebrake=1.00 ibrake=1.00 hasABS=0 sy=10.78 split=1.000,0.875 ===
 88.13032|I|libbeamng.print:18052| === LSTM_OBS t=80 20.77686,21.43418,20.67586,21.54044,0.11792,10.77940,-9.78337,-0.03808,0.00000,0.00000,0.00411,1.00000,0.00000,0.00052,-0.01823,6156.78792,0.25000 ===
 88.17935|I|libbeamng.print:18052| === LSTM_TRACE t=90 v=22.95 ws=19.97,20.96,20.18,20.73 cmd=0.797,0.774,0.755,0.745 cap=2373,2310,1446,1423 des=2373,2310,1265,1245 app=2359,2298,1255,1236 abs=nil,nil,nil,nil ebrake=1.00 ibrake=1.00 hasABS=0 sy=11.18 split=1.000,0.875 ===
 88.17941|I|libbeamng.print:18052| === LSTM_OBS t=90 19.96853,20.96044,20.18351,20.73158,0.18185,11.17815,-9.76281,-0.03885,0.00000,0.00000,0.00392,1.00000,0.00000,-0.00012,-0.01769,5949.29216,0.25000 ===
 88.23284|I|libbeamng.print:18052| === LSTM_TRACE t=100 v=22.34 ws=19.09,20.52,19.56,19.98 cmd=0.778,0.752,0.745,0.726 cap=2382,2281,1451,1417 des=2382,2281,1269,1240 app=2371,2272,1261,1232 abs=nil,nil,nil,nil ebrake=1.00 ibrake=1.00 hasABS=0 sy=11.43 split=1.000,0.875 ===
 88.23290|I|libbeamng.print:18052| === LSTM_OBS t=100 19.08837,20.51569,19.55735,19.98167,0.22775,11.42511,-9.73658,-0.02780,0.00000,0.00000,0.00335,1.00000,0.00000,-0.00060,-0.01712,5752.60455,0.25000 ===
 88.28269|I|libbeamng.print:18052| === LSTM_TRACE t=110 v=21.73 ws=18.26,20.16,19.02,19.19 cmd=0.740,0.703,0.730,0.705 cap=2376,2301,1412,1362 des=2376,2301,1236,1192 app=2368,2294,1228,1185 abs=nil,nil,nil,nil ebrake=1.00 ibrake=1.00 hasABS=0 sy=11.59 split=1.000,0.875 ===
 88.28275|I|libbeamng.print:18052| === LSTM_OBS t=110 18.25600,20.15922,19.02444,19.19174,0.29491,11.58549,-9.66508,-0.01257,0.00000,0.00000,0.00378,1.00000,0.00000,-0.00088,-0.01684,5563.42284,0.25000 ===
 88.33418|I|libbeamng.print:18052| === LSTM_TRACE t=120 v=21.15 ws=17.07,19.83,18.42,18.58 cmd=0.695,0.672,0.690,0.646 cap=2522,2389,1419,1388 des=2522,2389,1242,1214 app=2516,2384,1235,1208 abs=nil,nil,nil,nil ebrake=1.00 ibrake=1.00 hasABS=0 sy=11.68 split=1.000,0.875 ===
 88.33424|I|libbeamng.print:18052| === LSTM_OBS t=120 17.07116,19.82828,18.42405,18.58051,0.33530,11.67624,-9.64022,-0.02273,0.00000,0.00000,0.00369,1.00000,0.00000,-0.00109,-0.01666,5382.40806,0.25000 ===
 88.38266|I|libbeamng.print:18052| === LSTM_TRACE t=130 v=20.56 ws=16.60,19.52,17.92,18.06 cmd=0.662,0.630,0.680,0.634 cap=2449,2314,1334,1262 des=2449,2314,1167,1104 app=2444,2310,1161,1099 abs=nil,nil,nil,nil ebrake=1.00 ibrake=1.00 hasABS=0 sy=11.72 split=1.000,0.875 ===
 88.38272|I|libbeamng.print:18052| === LSTM_OBS t=130 16.60243,19.52442,17.91742,18.06185,0.37952,11.72254,-9.63988,-0.01006,0.00000,0.00000,0.00335,1.00000,0.00000,-0.00121,-0.01649,5211.39465,0.25000 ===
 88.43277|I|libbeamng.print:18052| === LSTM_TRACE t=140 v=19.97 ws=16.14,18.66,17.15,17.52 cmd=0.609,0.572,0.668,0.618 cap=2378,2207,1324,1264 des=2378,2207,1158,1106 app=2374,2205,1153,1101 abs=nil,nil,nil,nil ebrake=1.00 ibrake=1.00 hasABS=0 sy=11.72 split=1.000,0.875 ===
 88.43284|I|libbeamng.print:18052| === LSTM_OBS t=140 16.14350,18.65631,17.15197,17.52097,0.41129,11.72255,-9.61136,-0.00971,0.00000,0.00000,0.00381,1.00000,0.00000,-0.00137,-0.01650,5054.87726,0.25000 ===
 88.48227|I|libbeamng.print:18052| === LSTM_TRACE t=150 v=19.39 ws=16.89,18.60,16.47,17.28 cmd=0.888,0.826,0.684,0.674 cap=2374,2215,1342,1291 des=2374,2215,1174,1130 app=2324,2145,1169,1125 abs=nil,nil,nil,nil ebrake=1.00 ibrake=1.00 hasABS=0 sy=11.73 split=1.000,0.875 ===
 88.48231|I|libbeamng.print:18052| === LSTM_OBS t=150 16.89278,18.60099,16.46849,17.27716,0.39387,11.72690,-9.64127,0.00236,0.00000,0.00000,0.00435,1.00000,0.00000,-0.00139,-0.01644,4911.23318,0.25000 ===
 88.53221|I|libbeamng.print:18052| === LSTM_TRACE t=160 v=18.80 ws=15.84,17.39,16.17,17.20 cmd=0.534,0.502,0.658,0.621 cap=1772,1666,1203,1095 des=1772,1666,1053,958 app=2282,2135,1048,954 abs=nil,nil,nil,nil ebrake=1.00 ibrake=1.00 hasABS=0 sy=11.71 split=1.000,0.875 ===
 88.53225|I|libbeamng.print:18052| === LSTM_OBS t=160 15.83858,17.39004,16.17449,17.19952,0.37291,11.70531,-9.64137,0.00411,0.00000,0.00000,0.00289,1.00000,0.00000,-0.00114,-0.01649,4776.05865,0.25000 ===
 88.58230|I|libbeamng.print:18052| === LSTM_TRACE t=170 v=18.22 ws=16.28,17.36,15.09,16.86 cmd=0.896,0.845,0.604,0.605 cap=2686,2491,1252,1275 des=2686,2491,1095,1116 app=2279,2109,1090,1111 abs=nil,nil,nil,nil ebrake=1.00 ibrake=1.00 hasABS=0 sy=11.70 split=1.000,0.875 ===
 88.58236|I|libbeamng.print:18052| === LSTM_OBS t=170 16.27994,17.35941,15.08956,16.86020,0.32885,11.70253,-9.63816,-0.00298,0.00000,0.00000,0.00381,1.00000,0.00000,-0.00063,-0.01678,4652.49742,0.25000 ===
 88.63234|I|libbeamng.print:18052| === LSTM_TRACE t=180 v=17.63 ws=15.50,16.66,15.13,17.04 cmd=0.695,0.628,0.541,0.533 cap=2013,1874,958,907 des=2013,1874,839,793 app=2123,2006,835,790 abs=nil,nil,nil,nil ebrake=1.00 ibrake=1.00 hasABS=0 sy=11.68 split=1.000,0.875 ===
 88.63241|I|libbeamng.print:18052| === LSTM_OBS t=180 15.50192,16.65967,15.12682,17.03525,0.30010,11.68281,-9.65405,-0.00153,0.00000,0.00000,0.00305,1.00000,0.00000,-0.00026,-0.01704,4552.44947,0.25000 ===
 88.68198|I|libbeamng.print:18052| === LSTM_TRACE t=190 v=17.06 ws=14.86,15.59,14.04,15.46 cmd=0.707,0.636,0.442,0.450 cap=1209,1236,751,699 des=1209,1236,657,611 app=2001,1824,654,608 abs=nil,nil,nil,nil ebrake=1.00 ibrake=1.00 hasABS=0 sy=11.67 split=1.000,0.875 ===
 88.68204|I|libbeamng.print:18052| === LSTM_OBS t=190 14.85666,15.58697,14.04212,15.46400,0.25684,11.67494,-9.68393,-0.01431,0.00000,0.00000,0.00224,1.00000,0.00000,0.00002,-0.01753,4547.40486,0.25000 ===
 88.72929|I|libbeamng.print:18052| === LSTM_TRACE t=200 v=16.48 ws=14.83,15.57,12.98,14.48 cmd=0.877,0.815,0.439,0.475 cap=2513,2272,883,941 des=2513,2272,772,824 app=2287,2139,768,819 abs=nil,nil,nil,nil ebrake=1.00 ibrake=1.00 hasABS=0 sy=11.71 split=1.000,0.875 ===
 88.72935|I|libbeamng.print:18052| === LSTM_OBS t=200 14.82855,15.57324,12.98233,14.47825,0.25537,11.71316,-9.67509,-0.01914,0.00000,0.00000,0.00338,1.00000,0.00000,-0.00021,-0.01843,4584.18840,0.25000 ===
 88.77974|I|libbeamng.print:18052| === LSTM_TRACE t=210 v=15.89 ws=14.19,14.89,12.51,13.18 cmd=0.751,0.673,0.408,0.419 cap=2333,2112,794,823 des=2333,2112,695,720 app=2333,2112,690,716 abs=nil,nil,nil,nil ebrake=1.00 ibrake=1.00 hasABS=0 sy=11.69 split=1.000,0.875 ===
 88.77982|I|libbeamng.print:18052| === LSTM_OBS t=210 14.19413,14.88590,12.51134,13.17927,0.24669,11.69463,-9.68339,-0.00919,0.00000,0.00000,0.00407,1.00000,0.00000,-0.00028,-0.01939,4605.10276,0.25000 ===
 88.83179|I|libbeamng.print:18052| === LSTM_TRACE t=220 v=15.32 ws=13.81,14.37,11.96,12.23 cmd=0.665,0.623,0.325,0.318 cap=2520,2288,715,749 des=2520,2288,626,655 app=2520,2288,622,651 abs=nil,nil,nil,nil ebrake=1.00 ibrake=1.00 hasABS=0 sy=11.63 split=1.000,0.875 ===
 88.83187|I|libbeamng.print:18052| === LSTM_OBS t=220 13.81196,14.36626,11.96125,12.22936,0.23815,11.63199,-9.67791,-0.00048,0.00000,0.00000,0.00261,1.00000,0.00000,-0.00039,-0.02005,4620.24904,0.25000 ===
 88.87928|I|libbeamng.print:18052| === LSTM_TRACE t=230 v=14.74 ws=13.42,13.98,11.62,11.30 cmd=0.742,0.677,0.321,0.328 cap=2164,1985,608,608 des=2164,1985,532,532 app=2164,1985,528,528 abs=nil,nil,nil,nil ebrake=1.00 ibrake=1.00 hasABS=0 sy=11.57 split=1.000,0.875 ===
 88.87935|I|libbeamng.print:18052| === LSTM_OBS t=230 13.42495,13.97688,11.62041,11.30300,0.23664,11.57117,-9.64673,0.00448,0.00000,0.00000,0.00357,1.00000,0.00000,-0.00030,-0.02061,4653.51486,0.25000 ===
 88.92910|I|libbeamng.print:18052| === LSTM_TRACE t=240 v=14.17 ws=13.13,13.51,11.44,10.75 cmd=0.738,0.682,0.314,0.325 cap=2222,2059,606,619 des=2222,2059,530,542 app=2222,2059,526,538 abs=nil,nil,nil,nil ebrake=1.00 ibrake=1.00 hasABS=0 sy=11.55 split=1.000,0.875 ===
 88.92914|I|libbeamng.print:18052| === LSTM_OBS t=240 13.12629,13.51273,11.44140,10.75374,0.21939,11.55418,-9.63628,0.01309,0.00000,0.00000,0.00349,1.00000,0.00000,-0.00018,-0.02127,4697.15698,0.25000 ===
 88.97910|I|libbeamng.print:18052| === LSTM_TRACE t=250 v=13.61 ws=12.77,12.94,11.61,10.49 cmd=0.720,0.673,0.319,0.337 cap=2008,1915,592,601 des=2008,1915,518,526 app=2008,1915,514,521 abs=nil,nil,nil,nil ebrake=1.00 ibrake=1.00 hasABS=0 sy=11.50 split=1.000,0.875 ===
 88.97915|I|libbeamng.print:18052| === LSTM_OBS t=250 12.76644,12.94335,11.60640,10.49450,0.18499,11.49864,-9.61227,0.01437,0.00000,0.00000,0.00311,1.00000,0.00000,0.00003,-0.02202,4701.08105,0.25000 ===
 89.02879|I|libbeamng.print:18052| === LSTM_TRACE t=260 v=13.06 ws=12.15,12.48,11.79,10.15 cmd=0.668,0.641,0.317,0.331 cap=2348,2196,662,724 des=2348,2196,579,634 app=2295,2196,574,628 abs=nil,nil,nil,nil ebrake=1.00 ibrake=1.00 hasABS=0 sy=11.40 split=1.000,0.875 ===
 89.02883|I|libbeamng.print:18052| === LSTM_OBS t=260 12.14717,12.48300,11.78764,10.14530,0.16157,11.39732,-9.59665,0.00856,0.00000,0.00000,0.00305,1.00000,0.00000,0.00037,-0.02249,4689.03230,0.25000 ===
 89.07890|I|libbeamng.print:18052| === LSTM_TRACE t=270 v=12.52 ws=11.94,12.12,11.96,9.81 cmd=0.723,0.683,0.368,0.395 cap=1860,1797,671,700 des=1860,1797,587,613 app=1860,1797,582,607 abs=nil,nil,nil,nil ebrake=1.00 ibrake=1.00 hasABS=0 sy=11.29 split=1.000,0.875 ===
 89.07894|I|libbeamng.print:18052| === LSTM_OBS t=270 11.93738,12.11660,11.96059,9.80806,0.13142,11.28708,-9.55210,0.00516,0.00000,0.00000,0.00261,1.00000,0.00000,0.00055,-0.02286,4670.67048,0.25000 ===
 89.12897|I|libbeamng.print:18052| === LSTM_TRACE t=280 v=11.98 ws=11.33,11.54,11.49,10.19 cmd=0.663,0.627,0.411,0.441 cap=1688,1687,728,753 des=1688,1687,637,659 app=1731,1687,631,653 abs=nil,nil,nil,nil ebrake=1.00 ibrake=1.00 hasABS=0 sy=11.10 split=1.000,0.875 ===
 89.12902|I|libbeamng.print:18052| === LSTM_OBS t=280 11.32970,11.54297,11.49490,10.19076,0.09578,11.09749,-9.53996,0.01326,0.00000,0.00000,0.00338,1.00000,0.00000,0.00091,-0.02300,4634.59989,0.25000 ===
 89.17949|I|libbeamng.print:18052| === LSTM_TRACE t=290 v=11.46 ws=10.93,11.06,10.83,10.41 cmd=0.657,0.646,0.458,0.487 cap=1850,1803,853,894 des=1850,1803,747,782 app=1850,1803,739,774 abs=nil,nil,nil,nil ebrake=1.00 ibrake=1.00 hasABS=0 sy=10.94 split=1.000,0.875 ===
 89.17955|I|libbeamng.print:18052| === LSTM_OBS t=290 10.92732,11.06174,10.83286,10.40929,0.05504,10.93524,-9.50931,0.00716,0.00000,0.00000,0.00154,1.00000,0.00000,0.00135,-0.02298,4583.38254,0.25000 ===
 89.22879|I|libbeamng.print:18052| === LSTM_TRACE t=300 v=10.94 ws=10.34,10.49,10.34,10.46 cmd=0.491,0.520,0.466,0.470 cap=1986,1932,945,991 des=1986,1932,827,867 app=1986,1932,819,859 abs=nil,nil,nil,nil ebrake=1.00 ibrake=1.00 hasABS=0 sy=10.78 split=1.000,0.875 ===
 89.22885|I|libbeamng.print:18052| === LSTM_OBS t=300 10.34206,10.49289,10.34254,10.46089,-0.01005,10.77682,-9.49894,0.01096,0.00000,0.00000,0.00146,1.00000,0.00000,0.00187,-0.02274,4520.18583,0.25000 ===
 89.28021|I|libbeamng.print:18052| === LSTM_TRACE t=310 v=10.46 ws=10.10,10.16,10.13,10.23 cmd=0.610,0.615,0.527,0.544 cap=1679,1761,978,997 des=1679,1761,856,873 app=1679,1761,847,864 abs=nil,nil,nil,nil ebrake=1.00 ibrake=1.00 hasABS=0 sy=10.54 split=1.000,0.875 ===
 89.28027|I|libbeamng.print:18052| === LSTM_OBS t=310 10.09719,10.15946,10.13499,10.22756,-0.07883,10.53533,-9.49897,0.00297,0.00000,0.00000,0.00115,1.00000,0.00000,0.00234,-0.02223,4425.79626,0.25000 ===
 89.33277|I|libbeamng.print:18052| === LSTM_TRACE t=320 v=10.02 ws=9.79,9.73,9.81,9.78 cmd=0.630,0.639,0.522,0.528 cap=2390,2324,1129,1195 des=2390,2324,988,1046 app=1830,1993,978,1036 abs=nil,nil,nil,nil ebrake=1.00 ibrake=1.00 hasABS=0 sy=10.15 split=1.000,0.875 ===
 89.33283|I|libbeamng.print:18052| === LSTM_OBS t=320 9.79142,9.72895,9.80535,9.78442,-0.09922,10.14800,-9.49247,-0.00719,0.00000,0.00000,0.00270,1.00000,0.00000,0.00236,-0.02118,4269.54956,0.25000 ===
 89.38181|I|libbeamng.print:18052| === LSTM_TRACE t=330 v=9.57 ws=9.47,9.34,9.22,9.37 cmd=0.783,0.769,0.593,0.630 cap=1454,1663,1161,1178 des=1454,1663,1016,1031 app=1454,1663,1006,1021 abs=nil,nil,nil,nil ebrake=1.00 ibrake=1.00 hasABS=0 sy=9.85 split=1.000,0.875 ===
 89.38190|I|libbeamng.print:18052| === LSTM_OBS t=330 9.47474,9.33934,9.21988,9.37349,-0.09443,9.84598,-9.50987,-0.00574,0.00000,0.00000,0.00274,1.00000,0.00000,0.00195,-0.01985,4111.14228,0.25000 ===
 89.42876|I|libbeamng.print:18052| === LSTM_TRACE t=340 v=9.13 ws=8.96,8.84,8.86,8.79 cmd=0.621,0.661,0.616,0.637 cap=1603,1746,1157,1179 des=1603,1746,1012,1031 app=1603,1746,1002,1022 abs=nil,nil,nil,nil ebrake=1.00 ibrake=1.00 hasABS=0 sy=9.56 split=1.000,0.875 ===
 89.42881|I|libbeamng.print:18052| === LSTM_OBS t=340 8.95995,8.84312,8.85870,8.79325,-0.06775,9.56294,-9.52436,-0.00739,0.00000,0.00000,0.00115,1.00000,0.00000,0.00149,-0.01847,3925.11567,0.25000 ===
 89.47870|I|libbeamng.print:18052| === LSTM_TRACE t=350 v=8.68 ws=8.09,8.15,8.39,8.43 cmd=0.380,0.493,0.625,0.629 cap=1265,1466,1200,1184 des=1265,1466,1050,1036 app=1647,1638,1040,1026 abs=nil,nil,nil,nil ebrake=1.00 ibrake=1.00 hasABS=0 sy=9.37 split=1.000,0.875 ===
 89.47877|I|libbeamng.print:18052| === LSTM_OBS t=350 8.09402,8.14760,8.38865,8.43079,-0.04409,9.37139,-9.52160,-0.00817,0.00000,0.00000,0.00124,1.00000,0.00000,0.00102,-0.01723,3739.28094,0.25000 ===
 89.52883|I|libbeamng.print:18052| === LSTM_TRACE t=360 v=8.24 ws=8.39,8.27,8.06,8.35 cmd=0.808,0.797,0.641,0.701 cap=1164,1511,1094,1109 des=1164,1511,957,970 app=1163,1511,948,961 abs=nil,nil,nil,nil ebrake=1.00 ibrake=1.00 hasABS=0 sy=9.24 split=1.000,0.875 ===
 89.52889|I|libbeamng.print:18052| === LSTM_OBS t=360 8.38956,8.26546,8.06358,8.34996,-0.03615,9.24054,-9.55104,-0.00366,0.00000,0.00000,0.00091,1.00000,0.00000,0.00104,-0.01624,3555.32871,0.25000 ===
 89.57921|I|libbeamng.print:18052| === LSTM_TRACE t=370 v=7.81 ws=7.98,7.86,7.57,7.85 cmd=0.739,0.747,0.611,0.660 cap=1373,1636,1121,1153 des=1373,1636,981,1009 app=1371,1635,972,999 abs=nil,nil,nil,nil ebrake=1.00 ibrake=1.00 hasABS=0 sy=9.06 split=1.000,0.875 ===
 89.57933|I|libbeamng.print:18052| === LSTM_OBS t=370 7.98394,7.85791,7.57425,7.84906,0.01962,9.06428,-9.59217,-0.00822,0.00000,0.00000,0.00226,1.00000,0.00000,0.00085,-0.01513,3376.62053,0.25000 ===
 89.62877|I|libbeamng.print:18052| === LSTM_TRACE t=380 v=7.42 ws=7.00,6.75,7.31,7.43 cmd=0.293,0.418,0.596,0.614 cap=1006,1227,1077,1087 des=1006,1227,943,952 app=1379,1552,934,943 abs=nil,nil,nil,nil ebrake=1.00 ibrake=1.00 hasABS=0 sy=8.87 split=1.000,0.875 ===
 89.62881|I|libbeamng.print:18052| === LSTM_OBS t=380 7.00434,6.74793,7.30561,7.43293,0.06210,8.87413,-9.61305,-0.01315,0.00000,0.00000,0.00000,1.00000,0.00000,0.00077,-0.01417,3203.35174,0.25000 ===
 89.67847|I|libbeamng.print:18052| === LSTM_TRACE t=390 v=6.99 ws=6.98,7.16,6.86,6.79 cmd=0.449,0.497,0.555,0.611 cap=734,1020,1002,1043 des=734,1020,876,912 app=965,1145,868,904 abs=nil,nil,nil,nil ebrake=1.00 ibrake=1.00 hasABS=0 sy=8.63 split=1.000,0.875 ===
 89.67851|I|libbeamng.print:18052| === LSTM_OBS t=390 6.98391,7.16317,6.86354,6.79403,0.04809,8.62665,-9.68169,0.00029,0.00000,0.00000,0.00049,1.00000,0.00000,0.00090,-0.01324,3037.49027,0.25000 ===
 89.72871|I|libbeamng.print:18052| === LSTM_TRACE t=400 v=6.68 ws=6.35,6.67,6.55,6.50 cmd=0.194,0.230,0.548,0.563 cap=1500,1455,1153,1258 des=1500,1455,1009,1101 app=1334,1409,999,1091 abs=nil,nil,nil,nil ebrake=1.00 ibrake=1.00 hasABS=0 sy=8.28 split=1.000,0.875 ===
 89.72878|I|libbeamng.print:18052| === LSTM_OBS t=400 6.35458,6.67307,6.55423,6.49841,0.02448,8.28140,-9.68551,0.00464,0.00000,0.00000,0.00210,1.00000,0.00000,0.00120,-0.01228,2875.28878,0.25000 ===
 89.77941|I|libbeamng.print:18052| === LSTM_TRACE t=410 v=6.35 ws=6.10,6.32,6.13,6.09 cmd=0.173,0.183,0.656,0.667 cap=402,480,1242,1242 des=402,480,1087,1087 app=401,479,1076,1076 abs=nil,nil,nil,nil ebrake=1.00 ibrake=1.00 hasABS=0 sy=7.73 split=1.000,0.875 ===
 89.77948|I|libbeamng.print:18052| === LSTM_OBS t=410 6.10067,6.32422,6.13357,6.09290,0.02280,7.73382,-9.68860,0.00155,0.00000,0.00000,0.00189,1.00000,0.00000,0.00154,-0.01094,2714.31091,0.25000 ===
 89.82904|I|libbeamng.print:18052| === LSTM_TRACE t=420 v=6.08 ws=6.06,6.15,5.81,6.10 cmd=0.185,0.181,0.656,0.649 cap=572,566,1286,1282 des=572,566,1126,1122 app=571,564,1114,1111 abs=nil,nil,nil,nil ebrake=1.00 ibrake=1.00 hasABS=0 sy=7.21 split=1.000,0.875 ===
 89.82909|I|libbeamng.print:18052| === LSTM_OBS t=420 6.05896,6.15302,5.80650,6.09727,0.00502,7.21083,-9.62333,0.00338,0.00000,0.00000,0.00049,1.00000,0.00000,0.00173,-0.00896,2569.80692,0.25000 ===
 89.87865|I|libbeamng.print:18052| === LSTM_TRACE t=430 v=5.76 ws=5.52,5.58,5.56,5.61 cmd=0.260,0.224,0.626,0.585 cap=913,774,1236,1171 des=913,774,1082,1025 app=911,772,1071,1014 abs=nil,nil,nil,nil ebrake=1.00 ibrake=1.00 hasABS=0 sy=6.85 split=1.000,0.875 ===
 89.87870|I|libbeamng.print:18052| === LSTM_OBS t=430 5.52078,5.58090,5.55865,5.60894,-0.00109,6.85367,-9.63455,0.00490,0.00000,0.00000,0.00142,1.00000,0.00000,0.00163,-0.00723,2448.18003,0.25000 ===
 89.92861|I|libbeamng.print:18052| === LSTM_TRACE t=440 v=5.40 ws=5.24,5.36,5.38,5.03 cmd=0.391,0.353,0.540,0.521 cap=955,865,1028,973 des=955,865,899,851 app=952,862,890,843 abs=nil,nil,nil,nil ebrake=1.00 ibrake=1.00 hasABS=0 sy=6.84 split=1.000,0.875 ===
 89.92865|I|libbeamng.print:18052| === LSTM_OBS t=440 5.24339,5.35905,5.38383,5.03070,-0.00356,6.83532,-9.71537,0.00114,0.00000,0.00000,0.00115,1.00000,0.00000,0.00151,-0.00640,2337.22494,0.25000 ===
 89.97858|I|libbeamng.print:18052| === LSTM_TRACE t=450 v=5.05 ws=4.98,5.02,5.00,4.61 cmd=0.462,0.422,0.490,0.487 cap=1007,965,904,876 des=1007,965,791,766 app=1003,962,783,758 abs=nil,nil,nil,nil ebrake=1.00 ibrake=1.00 hasABS=0 sy=6.85 split=1.000,0.875 ===
 89.97862|I|libbeamng.print:18052| === LSTM_OBS t=450 4.97800,5.02393,4.99674,4.60698,-0.00791,6.84867,-9.90621,0.00281,0.00000,0.00000,0.00249,1.00000,0.00000,0.00133,-0.00628,2210.40295,0.25000 ===
 90.02924|I|libbeamng.print:18052| === LSTM_TRACE t=460 v=4.72 ws=4.29,4.54,4.79,4.33 cmd=0.392,0.374,0.475,0.472 cap=1214,1164,898,909 des=1214,1164,786,796 app=1209,1159,777,787 abs=nil,nil,nil,nil ebrake=1.00 ibrake=1.00 hasABS=0 sy=6.81 split=1.000,0.875 ===
 90.02928|I|libbeamng.print:18052| === LSTM_OBS t=460 4.29411,4.54382,4.78639,4.33169,-0.03030,6.81189,-10.07909,-0.00379,0.00000,0.00000,0.00605,1.00000,0.00000,0.00144,-0.00650,2061.82055,0.25000 ===
 90.07992|I|libbeamng.print:18052| === LSTM_TRACE t=470 v=4.35 ws=3.84,3.95,4.22,4.33 cmd=0.426,0.450,0.509,0.523 cap=1738,1752,975,1017 des=1738,1752,853,890 app=1731,1745,843,880 abs=nil,nil,nil,nil ebrake=1.00 ibrake=1.00 hasABS=0 sy=6.91 split=1.000,0.875 ===
 90.07998|I|libbeamng.print:18052| === LSTM_OBS t=470 3.84328,3.95321,4.22064,4.33258,-0.03454,6.90971,-10.10273,0.00064,0.00000,0.00000,0.00554,1.00000,0.00000,0.00144,-0.00698,1905.28399,0.25000 ===
 90.13102|I|libbeamng.print:18052| === LSTM_TRACE t=480 v=3.89 ws=3.54,3.40,3.65,3.56 cmd=0.646,0.686,0.649,0.652 cap=1981,2088,1262,1275 des=1981,2088,1104,1115 app=1972,2079,1092,1103 abs=nil,nil,nil,nil ebrake=1.00 ibrake=1.00 hasABS=0 sy=7.33 split=1.000,0.875 ===
 90.13106|I|libbeamng.print:18052| === LSTM_OBS t=480 3.54340,3.40211,3.64562,3.55953,-0.04211,7.33389,-9.95857,0.00481,0.00000,0.00000,0.00162,1.00000,0.00000,0.00138,-0.00803,1737.58335,0.25000 ===
 90.17996|I|libbeamng.print:18052| === LSTM_TRACE t=490 v=3.37 ws=2.89,2.18,3.20,3.50 cmd=0.779,0.818,0.714,0.719 cap=2265,2425,1367,1358 des=2265,2425,1197,1188 app=2255,2414,1183,1174 abs=nil,nil,nil,nil ebrake=1.00 ibrake=1.00 hasABS=0 sy=8.02 split=1.000,0.875 ===
 90.18004|I|libbeamng.print:18052| === LSTM_OBS t=490 2.89289,2.18278,3.19871,3.49997,0.00107,8.01893,-9.80377,0.00145,0.00000,0.00000,0.00000,1.00000,0.00000,0.00116,-0.00955,1547.44407,0.25000 ===
 90.22984|I|libbeamng.print:18052| === LSTM_TRACE t=500 v=2.85 ws=0.01,0.22,2.80,2.52 cmd=0.796,0.827,0.688,0.704 cap=2545,2555,1348,1391 des=2545,2555,1180,1217 app=2532,2542,1166,1203 abs=nil,nil,nil,nil ebrake=1.00 ibrake=1.00 hasABS=0 sy=8.74 split=1.000,0.875 ===
 90.22993|I|libbeamng.print:18052| === LSTM_OBS t=500 0.00977,0.21506,2.80252,2.52211,-0.03557,8.73710,-9.74501,-0.00080,0.00000,0.00000,0.00183,1.00000,0.00000,0.00155,-0.01099,1344.69484,0.25000 ===
 90.27934|I|libbeamng.print:18052| === LSTM_TRACE t=510 v=2.33 ws=0.02,0.08,2.27,2.01 cmd=0.838,0.875,0.698,0.704 cap=2606,2713,1356,1373 des=2606,2713,1187,1201 app=2592,2698,1172,1187 abs=nil,nil,nil,nil ebrake=1.00 ibrake=1.00 hasABS=0 sy=9.19 split=1.000,0.875 ===
 90.27939|I|libbeamng.print:18052| === LSTM_OBS t=510 0.02202,0.07547,2.27403,2.00957,-0.03550,9.18663,-9.64302,0.00180,0.00000,0.00000,0.00162,1.00000,0.00000,0.00161,-0.01232,1140.42871,0.25000 ===
 90.32976|I|libbeamng.print:18052| === LSTM_TRACE t=520 v=1.80 ws=0.02,0.02,1.58,1.82 cmd=0.862,0.885,0.706,0.698 cap=2659,2744,1370,1353 des=2659,2744,1199,1184 app=2643,2728,1184,1169 abs=nil,nil,nil,nil ebrake=1.00 ibrake=1.00 hasABS=0 sy=9.56 split=1.000,0.875 ===
 90.32982|I|libbeamng.print:18052| === LSTM_OBS t=520 0.01590,0.01845,1.57955,1.82089,-0.02608,9.55719,-9.61466,0.00818,0.00000,0.00000,0.00411,1.00000,0.00000,0.00133,-0.01301,945.14779,0.25000 ===
 90.38026|I|libbeamng.print:18052| === LSTM_TRACE t=530 v=1.26 ws=0.00,0.01,1.22,1.28 cmd=0.872,0.900,0.706,0.681 cap=2701,2780,1372,1324 des=2701,2780,1200,1158 app=2684,2762,1185,1143 abs=nil,nil,nil,nil ebrake=1.00 ibrake=1.00 hasABS=0 sy=9.88 split=1.000,0.875 ===
 90.38032|I|libbeamng.print:18052| === LSTM_OBS t=530 0.00459,0.01026,1.22317,1.27693,-0.01055,9.87818,-9.58965,0.00074,0.00000,0.00000,0.00345,1.00000,0.00000,0.00065,-0.01359,773.30095,0.25000 ===
 90.42946|I|libbeamng.print:18052| === LSTM_TRACE t=540 v=0.72 ws=0.01,0.01,0.57,0.79 cmd=0.884,0.907,0.701,0.679 cap=2735,2811,1366,1319 des=2735,2811,1196,1154 app=2715,2792,1180,1139 abs=nil,nil,nil,nil ebrake=1.00 ibrake=1.00 hasABS=0 sy=10.16 split=1.000,0.875 ===
 90.42951|I|libbeamng.print:18052| === LSTM_OBS t=540 0.01342,0.01030,0.56597,0.79257,0.07499,10.16202,-9.60217,0.02069,0.00000,0.00000,0.00364,1.00000,0.00000,0.00012,-0.01397,731.45998,0.25000 ===
 94.71783|I|libbeamng.print:18052| === LSTM_ABS: lens 'band_g_mix_b2p5o2' loaded (1 member, 17 in, 64 hidden, 2 layers) ===
 94.71938|I|libbeamng.print:18052| === LSTM_ABS SELFTEST lens=band_g_mix_b2p5o2 cmd=0.989373,0.965313,0.372669,0.483779 ===
124.79572|I|libbeamng.print:18052| === LSTM_TRACE t=0 v=27.71 ws=27.66,27.76,27.29,27.48 cmd=0.899,0.895,0.483,0.535 cap=155,155,97,97 des=155,155,85,85 app=152,152,83,83 abs=nil,nil,nil,nil ebrake=1.00 ibrake=1.00 hasABS=0 sy=1.57 split=1.000,0.875 ===
124.79577|I|libbeamng.print:18052| === LSTM_OBS t=0 27.66123,27.75521,27.29406,27.47801,-0.02992,1.56741,-9.76969,-0.00557,0.00000,0.00000,0.00000,1.00000,0.00000,0.00092,-0.00904,7857.70951,0.25000 ===
124.84527|I|libbeamng.print:18052| === LSTM_TRACE t=10 v=27.47 ws=27.26,27.44,26.72,26.94 cmd=0.217,0.209,0.632,0.535 cap=729,695,1234,1022 des=729,695,1080,894 app=715,683,1056,874 abs=nil,nil,nil,nil ebrake=1.00 ibrake=1.00 hasABS=0 sy=2.04 split=1.000,0.875 ===
124.84531|I|libbeamng.print:18052| === LSTM_OBS t=10 27.26168,27.44181,26.72158,26.93571,-0.01427,2.03510,-9.78630,0.00647,0.00000,0.00000,0.00176,1.00000,0.00000,0.00095,-0.00986,7778.89024,0.25000 ===
124.86597|I|libbeamng.print:18052| === LSTM_ABS DBG raw=27.1768,27.3200,26.4052,26.6882,-0.0488,2.4098,-9.7123,0.0169,0.0000,0.0000,0.0007,1.0000,0.0000,0.0010,-0.0104,7702.0612,0.2500 ===
124.86600|I|libbeamng.print:18052| === LSTM_ABS DBG norm=0.61,0.56,0.52,0.51,-0.20,-2.16,0.00,0.14,0.06,-0.06,-0.11,0.59,-0.02,0.00,0.00,3.82,0.00 ===
124.86601|I|libbeamng.print:18052| === LSTM_ABS DBG cmd=0.1748,0.1788,0.5911,0.5211 ===
124.89524|I|libbeamng.print:18052| === LSTM_TRACE t=20 v=27.23 ws=26.99,27.04,26.05,26.38 cmd=0.186,0.198,0.532,0.473 cap=580,618,1045,932 des=580,618,914,815 app=570,608,899,800 abs=nil,nil,nil,nil ebrake=1.00 ibrake=1.00 hasABS=0 sy=2.82 split=1.000,0.875 ===
124.89532|I|libbeamng.print:18052| === LSTM_OBS t=20 26.99107,27.03598,26.04988,26.38401,-0.06434,2.81918,-9.55887,0.00688,0.00000,0.00000,0.00000,1.00000,0.00000,0.00093,-0.01080,7581.49151,0.25000 ===
124.94521|I|libbeamng.print:18052| === LSTM_TRACE t=30 v=26.94 ws=26.63,26.73,25.76,26.07 cmd=0.219,0.231,0.533,0.475 cap=683,720,1030,919 des=683,720,902,804 app=672,709,889,792 abs=nil,nil,nil,nil ebrake=1.00 ibrake=1.00 hasABS=0 sy=3.54 split=1.000,0.875 ===
124.94526|I|libbeamng.print:18052| === LSTM_OBS t=30 26.63487,26.73305,25.76117,26.07101,-0.04353,3.53725,-9.46877,0.00924,0.00000,0.00000,0.00000,1.00000,0.00000,0.00092,-0.01061,7443.05235,0.25000 ===
124.99497|I|libbeamng.print:18052| === LSTM_TRACE t=40 v=26.62 ws=26.12,26.22,25.41,25.76 cmd=0.307,0.321,0.568,0.527 cap=905,949,1096,1011 des=905,949,959,885 app=892,936,948,873 abs=nil,nil,nil,nil ebrake=1.00 ibrake=1.00 hasABS=0 sy=4.32 split=1.000,0.875 ===
124.99505|I|libbeamng.print:18052| === LSTM_OBS t=40 26.12201,26.22344,25.41131,25.75505,-0.08874,4.32384,-9.46954,-0.00826,0.00000,0.00000,0.00049,1.00000,0.00000,0.00090,-0.01047,7354.79265,0.25000 ===
125.04547|I|libbeamng.print:18052| === LSTM_TRACE t=50 v=26.22 ws=25.44,25.57,25.01,25.28 cmd=0.418,0.436,0.608,0.584 cap=1262,1319,1174,1125 des=1262,1319,1028,984 app=1247,1303,1018,974 abs=nil,nil,nil,nil ebrake=1.00 ibrake=1.00 hasABS=0 sy=5.14 split=1.000,0.875 ===
125.04551|I|libbeamng.print:18052| === LSTM_OBS t=50 25.43571,25.56641,25.00634,25.28424,-0.08402,5.13800,-9.59661,-0.00220,0.00000,0.00000,0.00104,1.00000,0.00000,0.00095,-0.01086,7263.40011,0.25000 ===
125.09520|I|libbeamng.print:18052| === LSTM_TRACE t=60 v=25.77 ws=24.72,24.84,24.60,24.76 cmd=0.561,0.584,0.629,0.621 cap=1697,1759,1222,1205 des=1697,1759,1070,1054 app=1680,1742,1061,1045 abs=nil,nil,nil,nil ebrake=1.00 ibrake=1.00 hasABS=0 sy=6.05 split=1.000,0.875 ===
125.09524|I|libbeamng.print:18052| === LSTM_OBS t=60 24.72056,24.84421,24.60062,24.76038,-0.07232,6.05057,-9.79979,-0.00638,0.00000,0.00000,0.00192,1.00000,0.00000,0.00099,-0.01172,7144.11964,0.25000 ===
125.14563|I|libbeamng.print:18052| === LSTM_TRACE t=70 v=25.25 ws=23.42,23.45,24.06,24.21 cmd=0.794,0.803,0.673,0.689 cap=2388,2423,1292,1318 des=2388,2423,1131,1153 app=2370,2406,1124,1145 abs=nil,nil,nil,nil ebrake=1.00 ibrake=1.00 hasABS=0 sy=7.21 split=1.000,0.875 ===
125.14569|I|libbeamng.print:18052| === LSTM_OBS t=70 23.42126,23.44972,24.05523,24.20727,-0.02926,7.21161,-9.87887,-0.01327,0.00000,0.00000,0.00239,1.00000,0.00000,0.00098,-0.01305,6998.69993,0.25000 ===
125.19531|I|libbeamng.print:18052| === LSTM_TRACE t=80 v=24.63 ws=20.65,20.75,23.39,23.38 cmd=0.842,0.864,0.778,0.822 cap=2654,2710,1493,1575 des=2654,2710,1307,1378 app=2640,2697,1301,1371 abs=nil,nil,nil,nil ebrake=1.00 ibrake=1.00 hasABS=0 sy=8.41 split=1.000,0.875 ===
125.19535|I|libbeamng.print:18052| === LSTM_OBS t=80 20.64946,20.74943,23.38631,23.38151,-0.00981,8.41023,-9.92545,-0.00514,0.00000,0.00000,0.00307,1.00000,0.00000,0.00105,-0.01507,6810.19629,0.25000 ===
125.24539|I|libbeamng.print:18052| === LSTM_TRACE t=90 v=24.05 ws=18.27,18.09,22.49,22.14 cmd=0.751,0.773,0.807,0.852 cap=2383,2450,1569,1660 des=2383,2450,1372,1452 app=2374,2442,1368,1447 abs=nil,nil,nil,nil ebrake=1.00 ibrake=1.00 hasABS=0 sy=9.33 split=1.000,0.875 ===
125.24544|I|libbeamng.print:18052| === LSTM_OBS t=90 18.27493,18.08534,22.49344,22.14122,-0.00508,9.33072,-9.87855,0.00427,0.00000,0.00000,0.00285,1.00000,0.00000,0.00139,-0.01665,6549.03034,0.25000 ===
125.29528|I|libbeamng.print:18052| === LSTM_TRACE t=100 v=23.51 ws=17.49,17.14,21.71,21.09 cmd=0.591,0.601,0.765,0.800 cap=2256,2238,1539,1622 des=2256,2238,1346,1419 app=2250,2233,1343,1416 abs=nil,nil,nil,nil ebrake=1.00 ibrake=1.00 hasABS=0 sy=9.84 split=1.000,0.875 ===
125.29532|I|libbeamng.print:18052| === LSTM_OBS t=100 17.49118,17.13807,21.70804,21.09435,0.01670,9.84201,-9.80510,0.00118,0.00000,0.00000,0.00261,1.00000,0.00000,0.00157,-0.01661,6260.51734,0.25000 ===
125.34508|I|libbeamng.print:18052| === LSTM_TRACE t=110 v=22.94 ws=17.64,18.16,21.23,20.14 cmd=0.689,0.682,0.741,0.775 cap=1921,1960,1361,1402 des=1921,1960,1191,1227 app=1946,1957,1189,1225 abs=nil,nil,nil,nil ebrake=1.00 ibrake=1.00 hasABS=0 sy=10.23 split=1.000,0.875 ===
125.34512|I|libbeamng.print:18052| === LSTM_OBS t=110 17.64107,18.16441,21.23050,20.14457,0.04249,10.23142,-9.71706,0.00994,0.00000,0.00000,0.00216,1.00000,0.00000,0.00162,-0.01567,6015.41675,0.25000 ===
125.39538|I|libbeamng.print:18052| === LSTM_TRACE t=120 v=22.35 ws=17.00,18.13,20.75,19.18 cmd=0.806,0.796,0.786,0.818 cap=2019,2054,1478,1520 des=2019,2054,1293,1330 app=2016,2052,1292,1328 abs=nil,nil,nil,nil ebrake=1.00 ibrake=1.00 hasABS=0 sy=10.66 split=1.000,0.875 ===
125.39544|I|libbeamng.print:18052| === LSTM_OBS t=120 17.00446,18.12756,20.74848,19.18494,0.09181,10.66315,-9.68655,0.00762,0.00000,0.00000,0.00315,1.00000,0.00000,0.00134,-0.01503,5823.57087,0.25000 ===
125.44575|I|libbeamng.print:18052| === LSTM_TRACE t=130 v=21.76 ws=15.54,18.04,20.37,18.16 cmd=0.745,0.741,0.778,0.805 cap=1982,2000,1496,1535 des=1982,2000,1309,1343 app=1980,1999,1309,1342 abs=nil,nil,nil,nil ebrake=1.00 ibrake=1.00 hasABS=0 sy=11.02 split=1.000,0.875 ===
125.44579|I|libbeamng.print:18052| === LSTM_OBS t=130 15.53872,18.04174,20.37395,18.16451,0.07817,11.02356,-9.70331,0.00684,0.00000,0.00000,0.00261,1.00000,0.00000,0.00099,-0.01489,5626.98459,0.25000 ===
125.49536|I|libbeamng.print:18052| === LSTM_TRACE t=140 v=21.19 ws=14.36,18.51,19.99,17.00 cmd=0.746,0.737,0.765,0.795 cap=1938,1988,1429,1466 des=1938,1988,1250,1283 app=1938,1988,1250,1282 abs=nil,nil,nil,nil ebrake=1.00 ibrake=1.00 hasABS=0 sy=11.22 split=1.000,0.875 ===
125.49547|I|libbeamng.print:18052| === LSTM_OBS t=140 14.36320,18.50531,19.98571,17.00203,0.09771,11.21919,-9.69629,0.00552,0.00000,0.00000,0.00293,1.00000,0.00000,0.00086,-0.01488,5418.30986,0.25000 ===
125.54509|I|libbeamng.print:18052| === LSTM_TRACE t=150 v=20.60 ws=12.80,19.17,19.80,15.81 cmd=0.595,0.616,0.707,0.715 cap=2254,2227,1438,1487 des=2254,2227,1258,1301 app=2254,2227,1258,1301 abs=nil,nil,nil,nil ebrake=1.00 ibrake=1.00 hasABS=0 sy=11.32 split=1.000,0.875 ===
125.54513|I|libbeamng.print:18052| === LSTM_OBS t=150 12.79598,19.17038,19.79600,15.80843,0.09200,11.31884,-9.69556,0.01454,0.00000,0.00000,0.00169,1.00000,0.00000,0.00091,-0.01484,5212.32111,0.25000 ===
125.59555|I|libbeamng.print:18052| === LSTM_TRACE t=160 v=20.05 ws=11.79,19.26,19.19,15.11 cmd=0.644,0.635,0.684,0.696 cap=2054,2018,1384,1424 des=2054,2018,1211,1246 app=2054,2018,1211,1245 abs=nil,nil,nil,nil ebrake=1.00 ibrake=1.00 hasABS=0 sy=11.32 split=1.000,0.875 ===
125.59559|I|libbeamng.print:18052| === LSTM_OBS t=160 11.78787,19.25571,19.18573,15.10622,0.10524,11.32387,-9.69624,0.03528,0.00000,0.00000,0.00244,1.00000,0.00000,0.00092,-0.01454,5019.58316,0.25000 ===
125.64546|I|libbeamng.print:18052| === LSTM_TRACE t=170 v=19.51 ws=11.30,18.85,18.66,14.74 cmd=0.639,0.620,0.649,0.660 cap=1934,1890,1264,1277 des=1934,1890,1106,1118 app=1934,1890,1106,1117 abs=nil,nil,nil,nil ebrake=1.00 ibrake=1.00 hasABS=0 sy=11.19 split=1.000,0.875 ===
125.64550|I|libbeamng.print:18052| === LSTM_OBS t=170 11.29863,18.85398,18.66032,14.74246,0.06135,11.19345,-9.71362,0.03970,0.00000,0.00000,0.00244,1.00000,0.00000,0.00104,-0.01406,4850.25334,0.25000 ===
125.69484|I|libbeamng.print:18052| === LSTM_TRACE t=180 v=18.98 ws=10.94,18.24,18.06,14.59 cmd=0.662,0.648,0.575,0.586 cap=1937,1898,1142,1158 des=1937,1898,999,1013 app=1937,1898,999,1013 abs=nil,nil,nil,nil ebrake=1.00 ibrake=1.00 hasABS=0 sy=11.07 split=1.000,0.875 ===
125.69488|I|libbeamng.print:18052| === LSTM_OBS t=180 10.94040,18.24411,18.05999,14.58747,-0.02456,11.07084,-9.70094,0.03790,0.00000,0.00000,0.00285,1.00000,0.00000,0.00157,-0.01375,4714.50473,0.25000 ===
125.74549|I|libbeamng.print:18052| === LSTM_TRACE t=190 v=18.44 ws=10.26,17.82,17.39,14.84 cmd=0.664,0.650,0.485,0.505 cap=1696,1716,889,894 des=1696,1716,777,782 app=1696,1716,777,782 abs=nil,nil,nil,nil ebrake=1.00 ibrake=1.00 hasABS=0 sy=10.99 split=1.000,0.875 ===
125.74556|I|libbeamng.print:18052| === LSTM_OBS t=190 10.25862,17.82274,17.39141,14.83746,-0.12085,10.98582,-9.69797,0.04047,0.00000,0.00000,0.00244,1.00000,0.00000,0.00220,-0.01385,4629.28236,0.25000 ===
125.79568|I|libbeamng.print:18052| === LSTM_TRACE t=200 v=17.89 ws=10.29,17.09,16.69,15.58 cmd=0.538,0.545,0.402,0.422 cap=1776,1815,766,792 des=1776,1815,670,693 app=1776,1815,670,693 abs=nil,nil,nil,nil ebrake=1.00 ibrake=1.00 hasABS=0 sy=10.95 split=1.000,0.875 ===
125.79574|I|libbeamng.print:18052| === LSTM_OBS t=200 10.29228,17.09083,16.69185,15.57590,-0.23222,10.94816,-9.72004,0.03701,0.00000,0.00000,0.00256,1.00000,0.00000,0.00275,-0.01444,4608.90840,0.25000 ===
125.84580|I|libbeamng.print:18052| === LSTM_TRACE t=210 v=17.35 ws=10.80,16.34,16.08,16.17 cmd=0.480,0.497,0.404,0.427 cap=1678,1755,739,765 des=1678,1755,646,669 app=1887,1854,646,669 abs=nil,nil,nil,nil ebrake=1.00 ibrake=1.00 hasABS=0 sy=10.94 split=1.000,0.875 ===
125.84584|I|libbeamng.print:18052| === LSTM_OBS t=210 10.80110,16.34290,16.07968,16.17490,-0.39730,10.93792,-9.76490,0.02277,0.00000,0.00000,0.00221,1.00000,0.00000,0.00349,-0.01557,4624.10486,0.25000 ===
125.89478|I|libbeamng.print:18052| === LSTM_TRACE t=220 v=16.82 ws=11.79,16.51,16.04,16.36 cmd=0.737,0.754,0.415,0.447 cap=2182,2192,898,974 des=2182,2192,786,852 app=1887,1925,785,851 abs=nil,nil,nil,nil ebrake=1.00 ibrake=1.00 hasABS=0 sy=10.89 split=1.000,0.875 ===
125.89482|I|libbeamng.print:18052| === LSTM_OBS t=220 11.79430,16.51171,16.04101,16.36303,-0.59087,10.88648,-9.79350,0.00698,0.00000,0.00000,0.00265,1.00000,0.00000,0.00448,-0.01691,4620.08926,0.25000 ===
125.94541|I|libbeamng.print:18052| === LSTM_TRACE t=230 v=16.31 ws=12.49,15.22,15.99,15.80 cmd=0.476,0.503,0.487,0.507 cap=1694,1802,858,887 des=1694,1802,751,776 app=1948,1984,751,775 abs=nil,nil,nil,nil ebrake=1.00 ibrake=1.00 hasABS=0 sy=10.69 split=1.000,0.875 ===
125.94545|I|libbeamng.print:18052| === LSTM_OBS t=230 12.48549,15.21597,15.98885,15.79902,-0.70515,10.68795,-9.75040,-0.00461,0.00000,0.00000,0.00256,1.00000,0.00000,0.00506,-0.01794,4559.75897,0.25000 ===
125.99575|I|libbeamng.print:18052| === LSTM_TRACE t=240 v=15.78 ws=13.27,14.94,14.78,14.60 cmd=0.704,0.727,0.503,0.537 cap=2023,2135,953,1000 des=2023,2135,834,875 app=2023,2135,834,874 abs=nil,nil,nil,nil ebrake=1.00 ibrake=1.00 hasABS=0 sy=10.59 split=1.000,0.875 ===
125.99581|I|libbeamng.print:18052| === LSTM_OBS t=240 13.26763,14.94243,14.78211,14.60157,-0.67308,10.58796,-9.64843,-0.01272,0.00000,0.00000,0.00229,1.00000,0.00000,0.00451,-0.01835,4482.55090,0.25000 ===
126.04519|I|libbeamng.print:18052| === LSTM_TRACE t=250 v=15.20 ws=12.77,13.91,13.64,13.35 cmd=0.729,0.748,0.490,0.516 cap=2208,2291,936,979 des=2208,2291,819,857 app=2208,2291,819,856 abs=nil,nil,nil,nil ebrake=1.00 ibrake=1.00 hasABS=0 sy=10.76 split=1.000,0.875 ===
126.04524|I|libbeamng.print:18052| === LSTM_OBS t=250 12.76974,13.90593,13.63581,13.34807,-0.58711,10.76071,-9.53955,-0.01138,0.00000,0.00000,0.00318,1.00000,0.00000,0.00317,-0.01896,4452.68452,0.25000 ===
126.09508|I|libbeamng.print:18052| === LSTM_TRACE t=260 v=14.61 ws=12.17,13.14,13.10,11.93 cmd=0.732,0.757,0.423,0.449 cap=2366,2413,877,940 des=2366,2413,767,822 app=2366,2413,766,821 abs=nil,nil,nil,nil ebrake=1.00 ibrake=1.00 hasABS=0 sy=11.03 split=1.000,0.875 ===
126.09512|I|libbeamng.print:18052| === LSTM_OBS t=260 12.16746,13.13845,13.09673,11.93088,-0.48761,11.03283,-9.49388,-0.00386,0.00000,0.00000,0.00311,1.00000,0.00000,0.00211,-0.01974,4431.00586,0.25000 ===
126.14492|I|libbeamng.print:18052| === LSTM_TRACE t=270 v=14.01 ws=12.06,12.75,13.06,10.53 cmd=0.729,0.740,0.391,0.426 cap=2039,2124,716,758 des=2039,2124,626,663 app=2039,2124,626,662 abs=nil,nil,nil,nil ebrake=1.00 ibrake=1.00 hasABS=0 sy=11.27 split=1.000,0.875 ===
126.14498|I|libbeamng.print:18052| === LSTM_OBS t=270 12.06156,12.74690,13.05702,10.53429,-0.40135,11.27484,-9.53664,0.00130,0.00000,0.00000,0.00256,1.00000,0.00000,0.00128,-0.02050,4428.77538,0.25000 ===
126.19525|I|libbeamng.print:18052| === LSTM_TRACE t=280 v=13.42 ws=12.16,12.43,12.80,9.37 cmd=0.784,0.776,0.382,0.426 cap=2133,2166,685,744 des=2133,2166,600,651 app=2133,2166,599,650 abs=nil,nil,nil,nil ebrake=1.00 ibrake=1.00 hasABS=0 sy=11.45 split=1.000,0.875 ===
126.19531|I|libbeamng.print:18052| === LSTM_OBS t=280 12.16253,12.43478,12.80418,9.36872,-0.30233,11.45193,-9.60987,0.01149,0.00000,0.00000,0.00329,1.00000,0.00000,0.00096,-0.02129,4435.99806,0.25000 ===
126.24568|I|libbeamng.print:18052| === LSTM_TRACE t=290 v=12.85 ws=11.97,12.16,12.26,8.70 cmd=0.770,0.766,0.364,0.401 cap=2296,2263,727,805 des=2296,2263,636,704 app=2269,2263,635,703 abs=nil,nil,nil,nil ebrake=1.00 ibrake=1.00 hasABS=0 sy=11.51 split=1.000,0.875 ===
126.24573|I|libbeamng.print:18052| === LSTM_OBS t=290 11.97125,12.16060,12.26293,8.70164,-0.23854,11.50734,-9.65894,0.01674,0.00000,0.00000,0.00311,1.00000,0.00000,0.00096,-0.02190,4429.97377,0.25000 ===
126.29508|I|libbeamng.print:18052| === LSTM_TRACE t=300 v=12.29 ws=11.42,11.75,11.88,8.65 cmd=0.783,0.763,0.400,0.446 cap=1946,1914,697,764 des=1946,1914,610,669 app=1946,1914,608,667 abs=nil,nil,nil,nil ebrake=1.00 ibrake=1.00 hasABS=0 sy=11.40 split=1.000,0.875 ===
126.29513|I|libbeamng.print:18052| === LSTM_OBS t=300 11.41972,11.74887,11.87739,8.65016,-0.18154,11.40235,-9.66110,0.01223,0.00000,0.00000,0.00274,1.00000,0.00000,0.00136,-0.02215,4400.38784,0.25000 ===
126.34583|I|libbeamng.print:18052| === LSTM_TRACE t=310 v=11.76 ws=11.10,11.34,11.17,8.90 cmd=0.726,0.717,0.384,0.423 cap=2179,2133,765,847 des=2179,2133,669,741 app=2086,2118,668,739 abs=nil,nil,nil,nil ebrake=1.00 ibrake=1.00 hasABS=0 sy=11.28 split=1.000,0.875 ===
126.34587|I|libbeamng.print:18052| === LSTM_OBS t=310 11.10261,11.33991,11.17033,8.89989,-0.17767,11.27883,-9.62509,0.02109,0.00000,0.00000,0.00265,1.00000,0.00000,0.00172,-0.02211,4348.00136,0.25000 ===
126.39564|I|libbeamng.print:18052| === LSTM_TRACE t=320 v=11.23 ws=10.71,10.84,10.58,9.33 cmd=0.743,0.726,0.421,0.462 cap=2077,2010,819,903 des=2077,2010,716,790 app=2077,2010,715,787 abs=nil,nil,nil,nil ebrake=1.00 ibrake=1.00 hasABS=0 sy=11.11 split=1.000,0.875 ===
126.39568|I|libbeamng.print:18052| === LSTM_OBS t=320 10.70969,10.84474,10.57942,9.33293,-0.16462,11.10996,-9.56684,0.00913,0.00000,0.00000,0.00256,1.00000,0.00000,0.00193,-0.02205,4295.80204,0.25000 ===
126.44607|I|libbeamng.print:18052| === LSTM_TRACE t=330 v=10.70 ws=9.84,10.07,10.20,9.70 cmd=0.521,0.501,0.475,0.497 cap=1965,1895,820,880 des=1965,1895,717,770 app=2013,1966,715,768 abs=nil,nil,nil,nil ebrake=1.00 ibrake=1.00 hasABS=0 sy=10.98 split=1.000,0.875 ===
126.44611|I|libbeamng.print:18052| === LSTM_OBS t=330 9.83651,10.07428,10.19897,9.70454,-0.16768,10.97552,-9.50332,0.00915,0.00000,0.00000,0.00350,1.00000,0.00000,0.00215,-0.02200,4241.09606,0.25000 ===
126.49506|I|libbeamng.print:18052| === LSTM_TRACE t=340 v=10.17 ws=9.73,9.97,9.50,9.57 cmd=0.749,0.759,0.470,0.516 cap=2125,2148,1035,1122 des=2125,2148,905,982 app=1977,1951,903,979 abs=nil,nil,nil,nil ebrake=1.00 ibrake=1.00 hasABS=0 sy=10.89 split=1.000,0.875 ===
126.49510|I|libbeamng.print:18052| === LSTM_OBS t=340 9.73374,9.97466,9.49824,9.57196,-0.20222,10.89043,-9.50716,-0.00002,0.00000,0.00000,0.00169,1.00000,0.00000,0.00239,-0.02182,4170.54898,0.25000 ===
126.54537|I|libbeamng.print:18052| === LSTM_TRACE t=350 v=9.65 ws=8.81,9.03,9.32,9.39 cmd=0.489,0.494,0.595,0.616 cap=1700,1710,1040,1083 des=1700,1710,910,947 app=1887,1916,908,944 abs=nil,nil,nil,nil ebrake=1.00 ibrake=1.00 hasABS=0 sy=10.73 split=1.000,0.875 ===
126.54541|I|libbeamng.print:18052| === LSTM_OBS t=350 8.80974,9.03039,9.31747,9.39169,-0.22266,10.73314,-9.49782,0.00488,0.00000,0.00000,0.00162,1.00000,0.00000,0.00255,-0.02167,4067.79607,0.25000 ===
126.59500|I|libbeamng.print:18052| === LSTM_TRACE t=360 v=9.17 ws=8.81,9.18,8.72,8.78 cmd=0.814,0.807,0.569,0.617 cap=2266,2293,1222,1307 des=2266,2293,1069,1144 app=1903,1918,1066,1140 abs=nil,nil,nil,nil ebrake=1.00 ibrake=1.00 hasABS=0 sy=10.50 split=1.000,0.875 ===
126.59506|I|libbeamng.print:18052| === LSTM_OBS t=360 8.81470,9.18498,8.71576,8.78010,-0.21662,10.50297,-9.51674,-0.00568,0.00000,0.00000,0.00328,1.00000,0.00000,0.00263,-0.02091,3915.80574,0.25000 ===
126.64527|I|libbeamng.print:18052| === LSTM_TRACE t=370 v=8.71 ws=7.96,7.95,8.71,8.68 cmd=0.344,0.366,0.643,0.646 cap=1553,1590,1118,1135 des=1553,1590,978,993 app=1903,1918,976,990 abs=nil,nil,nil,nil ebrake=1.00 ibrake=1.00 hasABS=0 sy=10.24 split=1.000,0.875 ===
126.64532|I|libbeamng.print:18052| === LSTM_OBS t=370 7.95689,7.95044,8.70787,8.68090,-0.18314,10.24223,-9.49375,0.00215,0.00000,0.00000,0.00000,1.00000,0.00000,0.00209,-0.01962,3733.57088,0.25000 ===
126.69535|I|libbeamng.print:18052| === LSTM_TRACE t=380 v=8.21 ws=8.15,8.07,7.85,7.95 cmd=0.807,0.804,0.593,0.637 cap=2397,2393,1306,1385 des=2397,2393,1143,1212 app=1903,1918,1140,1209 abs=nil,nil,nil,nil ebrake=1.00 ibrake=1.00 hasABS=0 sy=10.05 split=1.000,0.875 ===
126.69539|I|libbeamng.print:18052| === LSTM_OBS t=380 8.15097,8.07188,7.84644,7.95134,-0.14899,10.05236,-9.50913,0.00332,0.00000,0.00000,0.00249,1.00000,0.00000,0.00191,-0.01825,3541.57929,0.25000 ===
126.74525|I|libbeamng.print:18052| === LSTM_TRACE t=390 v=7.75 ws=7.09,6.96,7.49,7.63 cmd=0.347,0.366,0.646,0.638 cap=1648,1591,1157,1168 des=1648,1591,1012,1022 app=1903,1918,1010,1019 abs=nil,nil,nil,nil ebrake=1.00 ibrake=1.00 hasABS=0 sy=9.91 split=1.000,0.875 ===
126.74529|I|libbeamng.print:18052| === LSTM_OBS t=390 7.09427,6.96141,7.49202,7.62776,-0.10011,9.91090,-9.53528,-0.00037,0.00000,0.00000,0.00000,1.00000,0.00000,0.00143,-0.01707,3347.59158,0.25000 ===
126.79495|I|libbeamng.print:18052| === LSTM_TRACE t=400 v=7.26 ws=6.88,7.28,7.21,7.19 cmd=0.803,0.782,0.604,0.636 cap=2298,2290,1293,1345 des=2298,2290,1131,1177 app=1903,1918,1128,1174 abs=nil,nil,nil,nil ebrake=1.00 ibrake=1.00 hasABS=0 sy=9.82 split=1.000,0.875 ===
126.79501|I|libbeamng.print:18052| === LSTM_OBS t=400 6.87973,7.28275,7.20830,7.18877,-0.06530,9.81539,-9.57085,0.00459,0.00000,0.00000,0.00378,1.00000,0.00000,0.00142,-0.01613,3158.47856,0.25000 ===
126.84563|I|libbeamng.print:18052| === LSTM_TRACE t=410 v=6.79 ws=6.19,6.16,6.64,6.77 cmd=0.423,0.431,0.636,0.630 cap=1526,1520,1129,1125 des=1526,1520,988,984 app=1903,1918,985,981 abs=nil,nil,nil,nil ebrake=1.00 ibrake=1.00 hasABS=0 sy=9.70 split=1.000,0.875 ===
126.84568|I|libbeamng.print:18052| === LSTM_OBS t=410 6.18834,6.16191,6.63664,6.77295,-0.05936,9.70233,-9.61418,0.00500,0.00000,0.00000,0.00091,1.00000,0.00000,0.00135,-0.01520,2962.49847,0.25000 ===
126.89570|I|libbeamng.print:18052| === LSTM_TRACE t=420 v=6.32 ws=5.98,6.45,6.13,6.15 cmd=0.781,0.756,0.573,0.605 cap=2194,2173,1206,1245 des=2194,2173,1055,1090 app=1903,1898,1052,1086 abs=nil,nil,nil,nil ebrake=1.00 ibrake=1.00 hasABS=0 sy=9.64 split=1.000,0.875 ===
126.89574|I|libbeamng.print:18052| === LSTM_OBS t=420 5.98075,6.45485,6.12830,6.14695,-0.06094,9.64190,-9.67488,0.00399,0.00000,0.00000,0.00427,1.00000,0.00000,0.00154,-0.01443,2770.74203,0.25000 ===
126.94522|I|libbeamng.print:18052| === LSTM_TRACE t=430 v=5.86 ws=5.18,5.09,5.71,5.81 cmd=0.325,0.329,0.571,0.548 cap=1677,1606,1021,1035 des=1677,1606,893,906 app=1903,1898,891,903 abs=nil,nil,nil,nil ebrake=1.00 ibrake=1.00 hasABS=0 sy=9.54 split=1.000,0.875 ===
126.94526|I|libbeamng.print:18052| === LSTM_OBS t=430 5.18157,5.09042,5.71424,5.80928,-0.04551,9.54365,-9.71767,-0.00241,0.00000,0.00000,0.00115,1.00000,0.00000,0.00123,-0.01386,2583.94706,0.25000 ===
126.99525|I|libbeamng.print:18052| === LSTM_TRACE t=440 v=5.39 ws=5.15,5.23,5.24,5.21 cmd=0.717,0.727,0.556,0.566 cap=1686,1627,1131,1123 des=1686,1627,990,983 app=1686,1627,987,980 abs=nil,nil,nil,nil ebrake=1.00 ibrake=1.00 hasABS=0 sy=9.45 split=1.000,0.875 ===
126.99529|I|libbeamng.print:18052| === LSTM_OBS t=440 5.14564,5.22585,5.24311,5.21168,-0.03415,9.44965,-9.81380,0.00627,0.00000,0.00000,0.00000,1.00000,0.00000,0.00143,-0.01348,2396.67245,0.25000 ===
127.04682|I|libbeamng.print:18052| === LSTM_TRACE t=450 v=4.95 ws=4.46,4.55,4.82,4.73 cmd=0.572,0.569,0.483,0.486 cap=2496,2394,1069,1125 des=2496,2394,935,984 app=2324,2346,932,981 abs=nil,nil,nil,nil ebrake=1.00 ibrake=1.00 hasABS=0 sy=9.37 split=1.000,0.875 ===
127.04692|I|libbeamng.print:18052| === LSTM_OBS t=450 4.45516,4.54857,4.82489,4.73373,0.00897,9.36544,-9.83620,-0.00539,0.00000,0.00000,0.00311,1.00000,0.00000,0.00109,-0.01334,2210.84839,0.25000 ===
127.09509|I|libbeamng.print:18052| === LSTM_TRACE t=460 v=4.49 ws=3.90,3.71,4.42,4.40 cmd=0.583,0.542,0.525,0.525 cap=1787,1731,929,940 des=1787,1731,813,822 app=1900,1915,810,819 abs=nil,nil,nil,nil ebrake=1.00 ibrake=1.00 hasABS=0 sy=9.25 split=1.000,0.875 ===
127.09513|I|libbeamng.print:18052| === LSTM_OBS t=460 3.90248,3.71277,4.41961,4.39804,-0.00313,9.25090,-9.85335,0.00015,0.00000,0.00000,0.00543,1.00000,0.00000,0.00114,-0.01327,2019.68002,0.25000 ===
127.14536|I|libbeamng.print:18052| === LSTM_TRACE t=470 v=4.03 ws=3.27,3.41,3.78,3.82 cmd=0.647,0.678,0.506,0.501 cap=1963,2035,969,962 des=1963,2035,848,842 app=1963,2035,845,839 abs=nil,nil,nil,nil ebrake=1.00 ibrake=1.00 hasABS=0 sy=9.25 split=1.000,0.875 ===
127.14541|I|libbeamng.print:18052| === LSTM_OBS t=470 3.26680,3.40889,3.77828,3.81869,0.00967,9.24788,-9.84047,-0.00007,0.00000,0.00000,0.00169,1.00000,0.00000,0.00111,-0.01339,1828.70176,0.25000 ===
127.19544|I|libbeamng.print:18052| === LSTM_TRACE t=480 v=3.53 ws=3.15,2.61,3.43,3.39 cmd=0.817,0.831,0.583,0.617 cap=2383,2461,1146,1173 des=2383,2461,1002,1027 app=2335,2461,999,1022 abs=nil,nil,nil,nil ebrake=1.00 ibrake=1.00 hasABS=0 sy=9.34 split=1.000,0.875 ===
127.19549|I|libbeamng.print:18052| === LSTM_OBS t=480 3.15320,2.61362,3.43435,3.38973,-0.00158,9.34351,-9.79185,0.00006,0.00000,0.00000,0.00154,1.00000,0.00000,0.00118,-0.01400,1637.57102,0.25000 ===
127.24575|I|libbeamng.print:18052| === LSTM_TRACE t=490 v=3.04 ws=0.77,1.12,3.09,3.08 cmd=0.706,0.756,0.620,0.641 cap=2046,2222,1170,1193 des=2046,2222,1024,1044 app=2046,2222,1020,1039 abs=nil,nil,nil,nil ebrake=1.00 ibrake=1.00 hasABS=0 sy=9.50 split=1.000,0.875 ===
127.24580|I|libbeamng.print:18052| === LSTM_OBS t=490 0.76832,1.11641,3.08852,3.07708,-0.00461,9.49993,-9.74207,-0.00773,0.00000,0.00000,0.00278,1.00000,0.00000,0.00120,-0.01482,1439.03889,0.25000 ===
127.29545|I|libbeamng.print:18052| === LSTM_TRACE t=500 v=2.56 ws=0.08,0.01,2.35,2.53 cmd=0.889,0.893,0.667,0.720 cap=2692,2727,1278,1370 des=2692,2727,1118,1199 app=2691,2727,1114,1193 abs=nil,nil,nil,nil ebrake=1.00 ibrake=1.00 hasABS=0 sy=9.61 split=1.000,0.875 ===
127.29549|I|libbeamng.print:18052| === LSTM_OBS t=500 0.08104,0.01472,2.34795,2.53126,-0.02715,9.60707,-9.65390,0.00536,0.00000,0.00000,0.00328,1.00000,0.00000,0.00176,-0.01552,1235.23540,0.25000 ===
127.34485|I|libbeamng.print:18052| === LSTM_TRACE t=510 v=2.03 ws=0.01,0.02,1.68,1.62 cmd=0.949,0.952,0.795,0.793 cap=2916,2928,1511,1518 des=2916,2928,1322,1328 app=2914,2928,1316,1322 abs=nil,nil,nil,nil ebrake=1.00 ibrake=1.00 hasABS=0 sy=9.78 split=1.000,0.875 ===
127.34489|I|libbeamng.print:18052| === LSTM_OBS t=510 0.00522,0.01638,1.68069,1.61571,-0.00481,9.77698,-9.54285,-0.00461,0.00000,0.00000,0.00091,1.00000,0.00000,0.00289,-0.01569,1032.03093,0.25000 ===
127.39548|I|libbeamng.print:18052| === LSTM_TRACE t=520 v=1.49 ws=0.01,0.01,0.08,0.18 cmd=0.988,0.989,0.863,0.856 cap=3058,3064,1676,1665 des=3058,3064,1467,1457 app=3055,3064,1460,1450 abs=nil,nil,nil,nil ebrake=1.00 ibrake=1.00 hasABS=0 sy=10.06 split=1.000,0.875 ===
127.39553|I|libbeamng.print:18052| === LSTM_OBS t=520 0.00560,0.01396,0.08295,0.18386,-0.01235,10.05501,-9.47857,-0.00830,0.00000,0.00000,0.00146,1.00000,0.00000,0.00313,-0.01552,838.22977,0.25000 ===
127.44632|I|libbeamng.print:18052| === LSTM_TRACE t=530 v=0.90 ws=0.01,0.01,0.45,0.78 cmd=0.990,0.991,0.869,0.858 cap=3069,3070,1689,1668 des=3069,3070,1478,1459 app=3065,3069,1470,1452 abs=nil,nil,nil,nil ebrake=1.00 ibrake=1.00 hasABS=0 sy=10.36 split=1.000,0.875 ===
127.44637|I|libbeamng.print:18052| === LSTM_OBS t=530 0.00688,0.00892,0.44617,0.78498,-0.01404,10.35865,-9.39238,0.00028,0.00000,0.00000,0.00069,1.00000,0.00000,0.00280,-0.01472,736.71897,0.25000 ===
157.92630|I|libbeamng.print:18052| === LSTM_TRACE t=0 v=27.72 ws=27.75,27.89,27.46,27.51 cmd=0.899,0.895,0.483,0.536 cap=155,155,97,97 des=155,155,85,85 app=115,115,63,63 abs=nil,nil,nil,nil ebrake=1.00 ibrake=1.00 hasABS=0 sy=1.57 split=1.000,0.875 ===
157.92635|I|libbeamng.print:18052| === LSTM_OBS t=0 27.75367,27.88840,27.45748,27.50911,-0.01039,1.57427,-9.77581,0.00186,0.00000,0.00000,0.00000,1.00000,0.00000,0.00083,-0.00903,7860.26328,0.25000 ===
157.97656|I|libbeamng.print:18052| === LSTM_TRACE t=10 v=27.48 ws=27.30,27.38,26.68,26.89 cmd=0.234,0.228,0.641,0.551 cap=772,739,1253,1050 des=772,739,1097,918 app=765,733,1085,907 abs=nil,nil,nil,nil ebrake=1.00 ibrake=1.00 hasABS=0 sy=2.11 split=1.000,0.875 ===
157.97662|I|libbeamng.print:18052| === LSTM_OBS t=10 27.29644,27.38034,26.68007,26.88580,-0.01747,2.10575,-9.71134,-0.00489,0.00000,0.00000,0.00142,1.00000,0.00000,0.00080,-0.00987,7770.38326,0.25000 ===
157.99567|I|libbeamng.print:18052| === LSTM_ABS DBG raw=27.1463,27.1428,26.3585,26.6155,-0.0309,2.4649,-9.6582,-0.0008,0.0000,0.0000,0.0009,1.0000,0.0000,0.0008,-0.0105,7688.4378,0.2500 ===
157.99571|I|libbeamng.print:18052| === LSTM_ABS DBG norm=0.61,0.55,0.51,0.51,-0.18,-2.14,0.00,0.02,0.06,-0.06,-0.10,0.59,-0.02,0.00,0.00,3.81,0.00 ===
157.99572|I|libbeamng.print:18052| === LSTM_ABS DBG cmd=0.1964,0.2030,0.5944,0.5308 ===
158.02568|I|libbeamng.print:18052| === LSTM_TRACE t=20 v=27.23 ws=26.97,27.11,25.98,26.35 cmd=0.189,0.200,0.541,0.481 cap=585,622,1058,942 des=585,622,926,825 app=580,617,918,817 abs=nil,nil,nil,nil ebrake=1.00 ibrake=1.00 hasABS=0 sy=2.92 split=1.000,0.875 ===
158.02573|I|libbeamng.print:18052| === LSTM_OBS t=20 26.97485,27.11457,25.98437,26.34957,-0.00813,2.92342,-9.58645,0.01772,0.00000,0.00000,0.00049,1.00000,0.00000,0.00078,-0.01084,7565.76721,0.25000 ===
158.07626|I|libbeamng.print:18052| === LSTM_TRACE t=30 v=26.94 ws=26.74,26.79,25.56,26.05 cmd=0.227,0.239,0.535,0.479 cap=668,703,1035,923 des=668,703,905,808 app=663,699,899,801 abs=nil,nil,nil,nil ebrake=1.00 ibrake=1.00 hasABS=0 sy=3.64 split=1.000,0.875 ===
158.07630|I|libbeamng.print:18052| === LSTM_OBS t=30 26.73827,26.79151,25.55538,26.04822,-0.04934,3.64463,-9.50269,0.00207,0.00000,0.00000,0.00000,1.00000,0.00000,0.00075,-0.01074,7431.07608,0.25000 ===
158.12556|I|libbeamng.print:18052| === LSTM_TRACE t=40 v=26.59 ws=26.14,26.14,25.38,25.73 cmd=0.303,0.317,0.575,0.534 cap=914,951,1112,1029 des=914,951,973,901 app=908,946,968,895 abs=nil,nil,nil,nil ebrake=1.00 ibrake=1.00 hasABS=0 sy=4.48 split=1.000,0.875 ===
158.12561|I|libbeamng.print:18052| === LSTM_OBS t=40 26.13656,26.14252,25.38176,25.72583,-0.05065,4.47968,-9.53505,0.00572,0.00000,0.00000,0.00000,1.00000,0.00000,0.00074,-0.01066,7346.38176,0.25000 ===
158.17187|I|libbeamng.print:18052| === LSTM_TRACE t=50 v=26.20 ws=25.42,25.47,25.13,25.24 cmd=0.442,0.455,0.620,0.602 cap=1328,1364,1198,1160 des=1328,1364,1048,1015 app=1321,1358,1045,1010 abs=nil,nil,nil,nil ebrake=1.00 ibrake=1.00 hasABS=0 sy=5.34 split=1.000,0.875 ===
158.17192|I|libbeamng.print:18052| === LSTM_OBS t=50 25.42448,25.46504,25.12760,25.23632,-0.09507,5.33518,-9.62601,0.01458,0.00000,0.00000,0.00134,1.00000,0.00000,0.00099,-0.01103,7256.98566,0.25000 ===
158.22199|I|libbeamng.print:18052| === LSTM_TRACE t=60 v=25.73 ws=24.44,24.55,24.59,24.72 cmd=0.637,0.658,0.645,0.646 cap=1934,1997,1248,1247 des=1934,1997,1092,1091 app=1926,1991,1090,1088 abs=nil,nil,nil,nil ebrake=1.00 ibrake=1.00 hasABS=0 sy=6.35 split=1.000,0.875 ===
158.22204|I|libbeamng.print:18052| === LSTM_OBS t=60 24.43989,24.55192,24.59141,24.72443,-0.12434,6.35060,-9.68702,-0.00148,0.00000,0.00000,0.00189,1.00000,0.00000,0.00104,-0.01194,7128.66371,0.25000 ===
158.27175|I|libbeamng.print:18052| === LSTM_TRACE t=70 v=25.14 ws=23.11,22.99,24.09,24.02 cmd=0.825,0.831,0.698,0.725 cap=2519,2534,1342,1389 des=2519,2534,1174,1215 app=2513,2530,1173,1213 abs=nil,nil,nil,nil ebrake=1.00 ibrake=1.00 hasABS=0 sy=7.53 split=1.000,0.875 ===
158.27179|I|libbeamng.print:18052| === LSTM_OBS t=70 23.11026,22.99373,24.08645,24.02147,-0.07141,7.53198,-9.85306,0.00308,0.00000,0.00000,0.00305,1.00000,0.00000,0.00098,-0.01362,6971.72937,0.25000 ===
158.32171|I|libbeamng.print:18052| === LSTM_TRACE t=80 v=24.56 ws=19.86,19.90,23.22,22.97 cmd=0.827,0.853,0.804,0.850 cap=2538,2629,1545,1631 des=2538,2629,1352,1427 app=2536,2629,1352,1426 abs=nil,nil,nil,nil ebrake=1.00 ibrake=1.00 hasABS=0 sy=8.75 split=1.000,0.875 ===
158.32178|I|libbeamng.print:18052| === LSTM_OBS t=80 19.86053,19.90473,23.22265,22.96772,-0.05202,8.74910,-9.87074,-0.00905,0.00000,0.00000,0.00305,1.00000,0.00000,0.00108,-0.01571,6758.66890,0.25000 ===
158.37223|I|libbeamng.print:18052| === LSTM_TRACE t=90 v=24.00 ws=17.82,17.41,22.46,21.76 cmd=0.719,0.734,0.808,0.853 cap=2304,2353,1574,1664 des=2304,2353,1377,1456 app=2304,2353,1377,1456 abs=nil,nil,nil,nil ebrake=1.00 ibrake=1.00 hasABS=0 sy=9.53 split=1.000,0.875 ===
158.37228|I|libbeamng.print:18052| === LSTM_OBS t=90 17.82469,17.40909,22.45982,21.75733,-0.01300,9.52840,-9.81113,0.00982,0.00000,0.00000,0.00274,1.00000,0.00000,0.00135,-0.01689,6478.27409,0.25000 ===
158.42159|I|libbeamng.print:18052| === LSTM_TRACE t=100 v=23.45 ws=17.78,17.37,21.64,20.68 cmd=0.679,0.670,0.768,0.809 cap=1944,1936,1484,1557 des=1944,1936,1299,1363 app=1944,1936,1299,1363 abs=nil,nil,nil,nil ebrake=1.00 ibrake=1.00 hasABS=0 sy=9.99 split=1.000,0.875 ===
158.42164|I|libbeamng.print:18052| === LSTM_OBS t=100 17.77517,17.36600,21.64069,20.67723,0.01708,9.99056,-9.73825,-0.00563,0.00000,0.00000,0.00293,1.00000,0.00000,0.00155,-0.01646,6191.86326,0.25000 ===
158.47157|I|libbeamng.print:18052| === LSTM_TRACE t=110 v=22.87 ws=17.67,18.18,21.17,19.76 cmd=0.769,0.763,0.739,0.775 cap=2102,2081,1469,1535 des=2102,2081,1286,1343 app=2102,2081,1286,1343 abs=nil,nil,nil,nil ebrake=1.00 ibrake=1.00 hasABS=0 sy=10.41 split=1.000,0.875 ===
158.47166|I|libbeamng.print:18052| === LSTM_OBS t=110 17.67453,18.18492,21.16618,19.76148,0.03805,10.40854,-9.69975,0.00980,0.00000,0.00000,0.00326,1.00000,0.00000,0.00152,-0.01540,5962.98076,0.25000 ===
158.52183|I|libbeamng.print:18052| === LSTM_TRACE t=120 v=22.27 ws=16.59,18.09,20.83,18.83 cmd=0.754,0.761,0.748,0.770 cap=2487,2458,1526,1590 des=2487,2458,1336,1391 app=2370,2393,1336,1391 abs=nil,nil,nil,nil ebrake=1.00 ibrake=1.00 hasABS=0 sy=10.80 split=1.000,0.875 ===
158.52188|I|libbeamng.print:18052| === LSTM_OBS t=120 16.58732,18.09031,20.82718,18.82850,0.05635,10.79819,-9.68148,0.00921,0.00000,0.00000,0.00278,1.00000,0.00000,0.00124,-0.01484,5774.00362,0.25000 ===
158.57143|I|libbeamng.print:18052| === LSTM_TRACE t=130 v=21.69 ws=15.15,17.88,20.44,17.82 cmd=0.708,0.708,0.767,0.796 cap=1903,1929,1500,1544 des=1903,1929,1313,1351 app=1903,1929,1313,1351 abs=nil,nil,nil,nil ebrake=1.00 ibrake=1.00 hasABS=0 sy=11.08 split=1.000,0.875 ===
158.57147|I|libbeamng.print:18052| === LSTM_OBS t=130 15.15244,17.88180,20.43760,17.82057,0.06635,11.08110,-9.68377,0.01483,0.00000,0.00000,0.00256,1.00000,0.00000,0.00107,-0.01482,5571.70388,0.25000 ===
158.62121|I|libbeamng.print:18052| === LSTM_TRACE t=140 v=21.11 ws=13.94,18.58,20.02,16.60 cmd=0.700,0.702,0.745,0.769 cap=2213,2229,1420,1460 des=2213,2229,1243,1277 app=2213,2229,1243,1277 abs=nil,nil,nil,nil ebrake=1.00 ibrake=1.00 hasABS=0 sy=11.23 split=1.000,0.875 ===
158.62125|I|libbeamng.print:18052| === LSTM_OBS t=140 13.93982,18.58259,20.02157,16.59678,0.07134,11.23355,-9.69478,0.02223,0.00000,0.00000,0.00142,1.00000,0.00000,0.00098,-0.01481,5360.11590,0.25000 ===
158.67109|I|libbeamng.print:18052| === LSTM_TRACE t=150 v=20.54 ws=12.25,19.49,19.57,15.84 cmd=0.623,0.633,0.693,0.702 cap=2384,2337,1423,1482 des=2384,2337,1246,1296 app=2357,2337,1246,1296 abs=nil,nil,nil,nil ebrake=1.00 ibrake=1.00 hasABS=0 sy=11.31 split=1.000,0.875 ===
158.67114|I|libbeamng.print:18052| === LSTM_OBS t=150 12.25435,19.49207,19.56944,15.84490,0.07479,11.30594,-9.68436,0.02761,0.00000,0.00000,0.00229,1.00000,0.00000,0.00119,-0.01466,5154.18483,0.25000 ===
158.72119|I|libbeamng.print:18052| === LSTM_TRACE t=160 v=20.00 ws=11.26,19.08,19.13,15.16 cmd=0.602,0.601,0.675,0.682 cap=1989,1940,1379,1409 des=1989,1940,1207,1233 app=1989,1940,1207,1233 abs=nil,nil,nil,nil ebrake=1.00 ibrake=1.00 hasABS=0 sy=11.25 split=1.000,0.875 ===
158.72123|I|libbeamng.print:18052| === LSTM_OBS t=160 11.26346,19.07823,19.12612,15.15507,0.06186,11.24717,-9.69462,0.02560,0.00000,0.00000,0.00261,1.00000,0.00000,0.00123,-0.01432,4968.36895,0.25000 ===
158.77096|I|libbeamng.print:18052| === LSTM_TRACE t=170 v=19.47 ws=10.72,18.77,18.73,14.53 cmd=0.602,0.593,0.643,0.652 cap=1930,1903,1255,1276 des=1930,1903,1098,1117 app=1930,1903,1098,1117 abs=nil,nil,nil,nil ebrake=1.00 ibrake=1.00 hasABS=0 sy=11.11 split=1.000,0.875 ===
158.77100|I|libbeamng.print:18052| === LSTM_OBS t=170 10.72136,18.77400,18.72758,14.53144,-0.00482,11.10909,-9.68917,0.03721,0.00000,0.00000,0.00224,1.00000,0.00000,0.00133,-0.01387,4808.56862,0.25000 ===
158.82128|I|libbeamng.print:18052| === LSTM_TRACE t=180 v=18.93 ws=10.19,18.19,18.22,14.32 cmd=0.570,0.575,0.564,0.569 cap=1963,1934,1139,1163 des=1963,1934,996,1018 app=1963,1934,996,1018 abs=nil,nil,nil,nil ebrake=1.00 ibrake=1.00 hasABS=0 sy=10.98 split=1.000,0.875 ===
158.82132|I|libbeamng.print:18052| === LSTM_OBS t=180 10.18756,18.18983,18.21871,14.31815,-0.08930,10.98471,-9.69122,0.04814,0.00000,0.00000,0.00146,1.00000,0.00000,0.00178,-0.01360,4679.80182,0.25000 ===
158.87123|I|libbeamng.print:18052| === LSTM_TRACE t=190 v=18.40 ws=9.90,17.87,17.38,14.73 cmd=0.669,0.664,0.475,0.499 cap=1799,1813,905,931 des=1799,1813,792,814 app=1799,1813,792,814 abs=nil,nil,nil,nil ebrake=1.00 ibrake=1.00 hasABS=0 sy=10.91 split=1.000,0.875 ===
158.87128|I|libbeamng.print:18052| === LSTM_OBS t=190 9.90052,17.86562,17.38342,14.73222,-0.18388,10.90937,-9.67873,0.04080,0.00000,0.00000,0.00204,1.00000,0.00000,0.00244,-0.01372,4600.41582,0.25000 ===
158.92148|I|libbeamng.print:18052| === LSTM_TRACE t=200 v=17.85 ws=9.84,17.09,16.72,15.44 cmd=0.471,0.492,0.392,0.406 cap=2047,2048,842,898 des=2047,2048,737,786 app=2047,2048,737,786 abs=nil,nil,nil,nil ebrake=1.00 ibrake=1.00 hasABS=0 sy=10.88 split=1.000,0.875 ===
158.92155|I|libbeamng.print:18052| === LSTM_OBS t=200 9.83886,17.09466,16.71720,15.44489,-0.30007,10.88012,-9.69909,0.04815,0.00000,0.00000,0.00335,1.00000,0.00000,0.00299,-0.01436,4582.42375,0.25000 ===
158.97081|I|libbeamng.print:18052| === LSTM_TRACE t=210 v=17.31 ws=10.45,16.31,16.09,16.12 cmd=0.469,0.487,0.423,0.451 cap=1641,1744,762,793 des=1641,1744,667,694 app=1823,1805,667,694 abs=nil,nil,nil,nil ebrake=1.00 ibrake=1.00 hasABS=0 sy=10.85 split=1.000,0.875 ===
158.97085|I|libbeamng.print:18052| === LSTM_OBS t=210 10.44511,16.30632,16.08882,16.11887,-0.45597,10.85421,-9.73624,0.03200,0.00000,0.00000,0.00198,1.00000,0.00000,0.00363,-0.01542,4590.34773,0.25000 ===
159.02120|I|libbeamng.print:18052| === LSTM_TRACE t=220 v=16.78 ws=11.57,16.43,16.01,16.11 cmd=0.711,0.727,0.428,0.464 cap=2179,2200,901,982 des=2179,2200,788,859 app=2013,2062,788,859 abs=nil,nil,nil,nil ebrake=1.00 ibrake=1.00 hasABS=0 sy=10.79 split=1.000,0.875 ===
159.02124|I|libbeamng.print:18052| === LSTM_OBS t=220 11.57314,16.42784,16.01166,16.11345,-0.64110,10.79102,-9.73921,0.01523,0.00000,0.00000,0.00311,1.00000,0.00000,0.00454,-0.01666,4579.60532,0.25000 ===
159.07076|I|libbeamng.print:18052| === LSTM_TRACE t=230 v=16.26 ws=12.03,15.33,15.36,15.43 cmd=0.510,0.544,0.479,0.502 cap=1907,1991,877,927 des=1907,1991,768,811 app=1907,1991,768,811 abs=nil,nil,nil,nil ebrake=1.00 ibrake=1.00 hasABS=0 sy=10.66 split=1.000,0.875 ===
159.07081|I|libbeamng.print:18052| === LSTM_OBS t=230 12.02611,15.33377,15.35786,15.43301,-0.74383,10.66340,-9.69095,-0.00274,0.00000,0.00000,0.00216,1.00000,0.00000,0.00515,-0.01763,4538.97846,0.25000 ===
159.12082|I|libbeamng.print:18052| === LSTM_TRACE t=240 v=15.70 ws=12.48,14.86,13.56,14.34 cmd=0.732,0.756,0.500,0.535 cap=2132,2231,941,993 des=2132,2231,823,869 app=2132,2231,823,869 abs=nil,nil,nil,nil ebrake=1.00 ibrake=1.00 hasABS=0 sy=10.71 split=1.000,0.875 ===
159.12088|I|libbeamng.print:18052| === LSTM_OBS t=240 12.47821,14.85699,13.56343,14.33595,-0.70024,10.71119,-9.59602,-0.00827,0.00000,0.00000,0.00176,1.00000,0.00000,0.00460,-0.01838,4527.18934,0.25000 ===
159.16845|I|libbeamng.print:18052| === LSTM_TRACE t=250 v=15.13 ws=11.69,13.89,12.50,13.26 cmd=0.724,0.754,0.500,0.526 cap=2305,2379,989,1046 des=2305,2379,865,915 app=2305,2379,865,915 abs=nil,nil,nil,nil ebrake=1.00 ibrake=1.00 hasABS=0 sy=10.87 split=1.000,0.875 ===
159.16850|I|libbeamng.print:18052| === LSTM_OBS t=250 11.69455,13.89110,12.50056,13.26212,-0.63105,10.87435,-9.53671,-0.00492,0.00000,0.00000,0.00285,1.00000,0.00000,0.00332,-0.01910,4503.60580,0.25000 ===
159.21769|I|libbeamng.print:18052| === LSTM_TRACE t=260 v=14.54 ws=11.10,13.23,11.86,12.02 cmd=0.709,0.753,0.472,0.496 cap=2350,2435,968,1035 des=2350,2435,847,905 app=2350,2435,847,905 abs=nil,nil,nil,nil ebrake=1.00 ibrake=1.00 hasABS=0 sy=11.08 split=1.000,0.875 ===
159.21773|I|libbeamng.print:18052| === LSTM_OBS t=260 11.10387,13.22748,11.86060,12.02394,-0.53433,11.08155,-9.51958,-0.01568,0.00000,0.00000,0.00265,1.00000,0.00000,0.00228,-0.01985,4464.30956,0.25000 ===
159.26699|I|libbeamng.print:18052| === LSTM_TRACE t=270 v=13.96 ws=10.90,12.72,11.72,10.81 cmd=0.722,0.749,0.471,0.509 cap=2112,2255,868,912 des=2112,2255,760,798 app=2112,2255,760,798 abs=nil,nil,nil,nil ebrake=1.00 ibrake=1.00 hasABS=0 sy=11.28 split=1.000,0.875 ===
159.26703|I|libbeamng.print:18052| === LSTM_OBS t=270 10.89501,12.72448,11.72384,10.81428,-0.40995,11.28283,-9.53488,-0.01180,0.00000,0.00000,0.00354,1.00000,0.00000,0.00140,-0.02037,4418.86971,0.25000 ===
159.31711|I|libbeamng.print:18052| === LSTM_TRACE t=280 v=13.37 ws=10.63,11.99,11.65,9.31 cmd=0.635,0.656,0.466,0.499 cap=1727,1878,794,817 des=1727,1878,695,715 app=2147,2175,695,715 abs=nil,nil,nil,nil ebrake=1.00 ibrake=1.00 hasABS=0 sy=11.41 split=1.000,0.875 ===
159.31724|I|libbeamng.print:18052| === LSTM_OBS t=280 10.63408,11.98784,11.65079,9.31232,-0.30729,11.41426,-9.58170,-0.00548,0.00000,0.00000,0.00270,1.00000,0.00000,0.00096,-0.02078,4372.96517,0.25000 ===
159.36703|I|libbeamng.print:18052| === LSTM_TRACE t=290 v=12.78 ws=10.86,11.82,12.14,8.22 cmd=0.809,0.801,0.467,0.524 cap=2107,2180,825,890 des=2107,2180,722,779 app=2107,2180,722,779 abs=nil,nil,nil,nil ebrake=1.00 ibrake=1.00 hasABS=0 sy=11.54 split=1.000,0.875 ===
159.36708|I|libbeamng.print:18052| === LSTM_OBS t=290 10.85851,11.82385,12.13979,8.22413,-0.21187,11.54133,-9.59182,0.00390,0.00000,0.00000,0.00335,1.00000,0.00000,0.00069,-0.02107,4323.20439,0.25000 ===
159.41714|I|libbeamng.print:18052| === LSTM_TRACE t=300 v=12.20 ws=10.98,11.37,11.88,7.92 cmd=0.704,0.684,0.449,0.506 cap=1956,1973,786,867 des=1956,1973,688,759 app=1956,1973,688,759 abs=nil,nil,nil,nil ebrake=1.00 ibrake=1.00 hasABS=0 sy=11.57 split=1.000,0.875 ===
159.41718|I|libbeamng.print:18052| === LSTM_OBS t=300 10.98041,11.37234,11.87993,7.91900,-0.10103,11.57054,-9.60319,0.01933,0.00000,0.00000,0.00270,1.00000,0.00000,0.00072,-0.02133,4241.19856,0.25000 ===
159.46667|I|libbeamng.print:18052| === LSTM_TRACE t=310 v=11.65 ws=10.89,11.13,11.34,8.06 cmd=0.800,0.776,0.430,0.493 cap=2232,2164,818,934 des=2232,2164,716,817 app=2232,2164,716,817 abs=nil,nil,nil,nil ebrake=1.00 ibrake=1.00 hasABS=0 sy=11.46 split=1.000,0.875 ===
159.46672|I|libbeamng.print:18052| === LSTM_OBS t=310 10.88757,11.13446,11.34398,8.05898,-0.04025,11.45519,-9.62631,0.01287,0.00000,0.00000,0.00335,1.00000,0.00000,0.00097,-0.02130,4145.22228,0.25000 ===
159.51749|I|libbeamng.print:18052| === LSTM_TRACE t=320 v=11.11 ws=10.11,10.22,10.78,8.37 cmd=0.448,0.407,0.448,0.480 cap=1649,1634,723,782 des=1649,1634,633,684 app=2092,2072,633,684 abs=nil,nil,nil,nil ebrake=1.00 ibrake=1.00 hasABS=0 sy=11.29 split=1.000,0.875 ===
159.51754|I|libbeamng.print:18052| === LSTM_OBS t=320 10.10501,10.21768,10.78136,8.36575,-0.00116,11.28819,-9.61647,0.02243,0.00000,0.00000,0.00384,1.00000,0.00000,0.00124,-0.02111,4060.51566,0.25000 ===
159.56645|I|libbeamng.print:18052| === LSTM_TRACE t=330 v=10.57 ws=10.00,10.23,9.97,8.31 cmd=0.748,0.743,0.456,0.504 cap=1810,1781,933,998 des=1810,1781,816,873 app=1810,1781,816,873 abs=nil,nil,nil,nil ebrake=1.00 ibrake=1.00 hasABS=0 sy=11.18 split=1.000,0.875 ===
159.56649|I|libbeamng.print:18052| === LSTM_OBS t=330 10.00500,10.22522,9.96719,8.31079,-0.03574,11.17859,-9.57507,0.01520,0.00000,0.00000,0.00091,1.00000,0.00000,0.00173,-0.02086,3983.21159,0.25000 ===
159.61700|I|libbeamng.print:18052| === LSTM_TRACE t=340 v=10.04 ws=9.29,9.44,9.68,8.63 cmd=0.445,0.442,0.470,0.488 cap=2280,2225,917,1008 des=2280,2225,802,882 app=2280,2225,802,882 abs=nil,nil,nil,nil ebrake=1.00 ibrake=1.00 hasABS=0 sy=11.05 split=1.000,0.875 ===
159.61705|I|libbeamng.print:18052| === LSTM_OBS t=340 9.29265,9.44072,9.68160,8.62988,-0.05513,11.04501,-9.50800,0.01413,0.00000,0.00000,0.00224,1.00000,0.00000,0.00198,-0.02080,3902.30128,0.25000 ===
159.66687|I|libbeamng.print:18052| === LSTM_TRACE t=350 v=9.49 ws=8.78,9.07,8.89,8.72 cmd=0.758,0.735,0.582,0.628 cap=1603,1470,1120,1171 des=1603,1470,980,1024 app=1677,1622,980,1024 abs=nil,nil,nil,nil ebrake=1.00 ibrake=1.00 hasABS=0 sy=10.97 split=1.000,0.875 ===
159.66694|I|libbeamng.print:18052| === LSTM_OBS t=350 8.77924,9.06852,8.89240,8.71784,-0.09927,10.96588,-9.49701,0.00871,0.00000,0.00000,0.00315,1.00000,0.00000,0.00243,-0.02063,3812.89781,0.25000 ===
159.71630|I|libbeamng.print:18052| === LSTM_TRACE t=360 v=8.97 ws=8.36,8.42,8.49,8.56 cmd=0.480,0.485,0.560,0.577 cap=2612,2581,1111,1215 des=2612,2581,972,1063 app=2380,2377,972,1063 abs=nil,nil,nil,nil ebrake=1.00 ibrake=1.00 hasABS=0 sy=10.91 split=1.000,0.875 ===
159.71634|I|libbeamng.print:18052| === LSTM_OBS t=360 8.36219,8.42140,8.49343,8.55564,-0.15393,10.91323,-9.48078,0.00076,0.00000,0.00000,0.00392,1.00000,0.00000,0.00266,-0.02054,3707.96766,0.25000 ===
159.76615|I|libbeamng.print:18052| === LSTM_TRACE t=370 v=8.44 ws=7.96,7.91,8.16,8.11 cmd=0.726,0.731,0.653,0.694 cap=1444,1448,1327,1370 des=1444,1448,1161,1199 app=1605,1602,1161,1199 abs=nil,nil,nil,nil ebrake=1.00 ibrake=1.00 hasABS=0 sy=10.78 split=1.000,0.875 ===
159.76627|I|libbeamng.print:18052| === LSTM_OBS t=370 7.96277,7.90573,8.15736,8.11089,-0.19407,10.77513,-9.50407,-0.00169,0.00000,0.00000,0.00069,1.00000,0.00000,0.00272,-0.02005,3563.61346,0.25000 ===
159.81634|I|libbeamng.print:18052| === LSTM_TRACE t=380 v=7.95 ws=7.57,7.43,7.94,7.72 cmd=0.502,0.504,0.618,0.629 cap=2549,2520,1233,1329 des=2549,2520,1079,1162 app=2417,2409,1079,1162 abs=nil,nil,nil,nil ebrake=1.00 ibrake=1.00 hasABS=0 sy=10.59 split=1.000,0.875 ===
159.81639|I|libbeamng.print:18052| === LSTM_OBS t=380 7.57473,7.42787,7.94217,7.71695,-0.18321,10.58651,-9.49803,-0.00946,0.00000,0.00000,0.00350,1.00000,0.00000,0.00242,-0.01915,3388.53724,0.25000 ===
159.86592|I|libbeamng.print:18052| === LSTM_TRACE t=390 v=7.43 ws=6.81,7.09,7.20,7.17 cmd=0.707,0.710,0.696,0.731 cap=1046,1083,1313,1310 des=1046,1083,1149,1146 app=1687,1599,1149,1146 abs=nil,nil,nil,nil ebrake=1.00 ibrake=1.00 hasABS=0 sy=10.43 split=1.000,0.875 ===
159.86598|I|libbeamng.print:18052| === LSTM_OBS t=390 6.80861,7.08695,7.20149,7.16766,-0.14476,10.42708,-9.54069,-0.00094,0.00000,0.00000,0.00069,1.00000,0.00000,0.00196,-0.01805,3195.71735,0.25000 ===
159.91589|I|libbeamng.print:18052| === LSTM_TRACE t=400 v=6.96 ws=6.09,6.40,6.74,6.98 cmd=0.404,0.392,0.614,0.609 cap=2621,2571,1240,1333 des=2621,2571,1085,1166 app=2462,2374,1085,1166 abs=nil,nil,nil,nil ebrake=1.00 ibrake=1.00 hasABS=0 sy=10.30 split=1.000,0.875 ===
159.91594|I|libbeamng.print:18052| === LSTM_OBS t=400 6.08964,6.39724,6.74418,6.97576,-0.13442,10.29574,-9.54984,0.00081,0.00000,0.00000,0.00430,1.00000,0.00000,0.00163,-0.01701,2995.85802,0.25000 ===
159.96568|I|libbeamng.print:18052| === LSTM_TRACE t=410 v=6.43 ws=5.87,5.99,6.33,6.12 cmd=0.632,0.655,0.661,0.682 cap=1244,1213,1342,1352 des=1244,1213,1174,1183 app=1682,1599,1174,1183 abs=nil,nil,nil,nil ebrake=1.00 ibrake=1.00 hasABS=0 sy=10.22 split=1.000,0.875 ===
159.96572|I|libbeamng.print:18052| === LSTM_OBS t=410 5.86699,5.98541,6.33177,6.12302,-0.10298,10.21973,-9.62515,0.00211,0.00000,0.00000,0.00000,1.00000,0.00000,0.00153,-0.01608,2795.42372,0.25000 ===
160.01572|I|libbeamng.print:18052| === LSTM_TRACE t=420 v=5.96 ws=5.66,5.87,5.77,5.89 cmd=0.661,0.635,0.593,0.617 cap=2351,2411,1146,1190 des=2351,2411,1003,1041 app=2351,2357,1003,1041 abs=nil,nil,nil,nil ebrake=1.00 ibrake=1.00 hasABS=0 sy=10.11 split=1.000,0.875 ===
160.01578|I|libbeamng.print:18052| === LSTM_OBS t=420 5.66488,5.86864,5.77286,5.89485,-0.07792,10.10933,-9.66178,0.01019,0.00000,0.00000,0.00289,1.00000,0.00000,0.00150,-0.01512,2594.05310,0.25000 ===
160.06571|I|libbeamng.print:18052| === LSTM_TRACE t=430 v=5.46 ws=5.13,5.29,5.26,5.56 cmd=0.671,0.663,0.627,0.644 cap=1831,1800,1190,1207 des=1831,1800,1041,1057 app=1831,1800,1041,1057 abs=nil,nil,nil,nil ebrake=1.00 ibrake=1.00 hasABS=0 sy=10.04 split=1.000,0.875 ===
160.06576|I|libbeamng.print:18052| === LSTM_OBS t=430 5.12756,5.29397,5.26415,5.56469,-0.05092,10.03754,-9.71133,0.00848,0.00000,0.00000,0.00169,1.00000,0.00000,0.00162,-0.01446,2399.92611,0.25000 ===
160.11251|I|libbeamng.print:18052| === LSTM_TRACE t=440 v=4.99 ws=4.53,4.62,4.85,5.09 cmd=0.524,0.532,0.555,0.553 cap=2048,2052,1102,1127 des=2048,2052,965,986 app=2048,2052,965,986 abs=nil,nil,nil,nil ebrake=1.00 ibrake=1.00 hasABS=0 sy=9.92 split=1.000,0.875 ===
160.11256|I|libbeamng.print:18052| === LSTM_OBS t=440 4.52850,4.62064,4.85480,5.08819,-0.02542,9.92354,-9.75742,0.00046,0.00000,0.00000,0.00142,1.00000,0.00000,0.00162,-0.01387,2226.92632,0.25000 ===
160.16192|I|libbeamng.print:18052| === LSTM_TRACE t=450 v=4.53 ws=3.84,4.19,4.25,4.67 cmd=0.504,0.535,0.491,0.485 cap=2346,2294,1077,1119 des=2346,2294,942,979 app=2346,2294,942,979 abs=nil,nil,nil,nil ebrake=1.00 ibrake=1.00 hasABS=0 sy=9.74 split=1.000,0.875 ===
160.16196|I|libbeamng.print:18052| === LSTM_OBS t=450 3.84058,4.18532,4.25356,4.67271,-0.02867,9.74385,-9.82045,0.00651,0.00000,0.00000,0.00049,1.00000,0.00000,0.00158,-0.01333,2031.21797,0.25000 ===
160.21207|I|libbeamng.print:18052| === LSTM_TRACE t=460 v=4.07 ws=3.56,3.62,3.92,3.98 cmd=0.726,0.672,0.587,0.603 cap=1434,1318,1007,1004 des=1434,1318,881,879 app=1677,1668,881,878 abs=nil,nil,nil,nil ebrake=1.00 ibrake=1.00 hasABS=0 sy=9.57 split=1.000,0.875 ===
160.21211|I|libbeamng.print:18052| === LSTM_OBS t=460 3.55546,3.61794,3.91689,3.97583,-0.03459,9.56722,-9.81018,-0.00066,0.00000,0.00000,0.00424,1.00000,0.00000,0.00163,-0.01302,1834.68693,0.25000 ===
160.26181|I|libbeamng.print:18052| === LSTM_TRACE t=470 v=3.61 ws=3.06,3.13,3.40,3.40 cmd=0.560,0.591,0.455,0.439 cap=2336,2312,993,1012 des=2336,2312,869,886 app=2336,2312,869,885 abs=nil,nil,nil,nil ebrake=1.00 ibrake=1.00 hasABS=0 sy=9.51 split=1.000,0.875 ===
160.26185|I|libbeamng.print:18052| === LSTM_OBS t=470 3.05770,3.13468,3.39617,3.40175,-0.02042,9.51464,-9.76024,-0.00736,0.00000,0.00000,0.00189,1.00000,0.00000,0.00136,-0.01306,1644.61301,0.25000 ===
160.31234|I|libbeamng.print:18052| === LSTM_TRACE t=480 v=3.13 ws=2.60,3.20,3.21,2.88 cmd=0.805,0.798,0.530,0.555 cap=2352,2292,1068,1100 des=2352,2292,935,962 app=2231,2240,934,962 abs=nil,nil,nil,nil ebrake=1.00 ibrake=1.00 hasABS=0 sy=9.48 split=1.000,0.875 ===
160.31238|I|libbeamng.print:18052| === LSTM_OBS t=480 2.59679,3.19920,3.20856,2.88142,-0.03316,9.48073,-9.72698,0.00189,0.00000,0.00000,0.00154,1.00000,0.00000,0.00132,-0.01374,1461.59225,0.25000 ===
160.36281|I|libbeamng.print:18052| === LSTM_TRACE t=490 v=2.65 ws=1.71,2.58,2.65,2.54 cmd=0.771,0.766,0.548,0.571 cap=2064,2048,1025,1047 des=2064,2048,897,916 app=2064,2048,897,916 abs=nil,nil,nil,nil ebrake=1.00 ibrake=1.00 hasABS=0 sy=9.48 split=1.000,0.875 ===
160.36285|I|libbeamng.print:18052| === LSTM_OBS t=490 1.71275,2.58313,2.64539,2.54415,-0.00203,9.47675,-9.69627,-0.00887,0.00000,0.00000,0.00189,1.00000,0.00000,0.00108,-0.01442,1274.88762,0.25000 ===
160.41192|I|libbeamng.print:18052| === LSTM_TRACE t=500 v=2.16 ws=1.25,1.62,2.24,2.26 cmd=0.699,0.699,0.550,0.574 cap=2121,2230,1050,1057 des=2121,2230,919,925 app=2121,2230,918,924 abs=nil,nil,nil,nil ebrake=1.00 ibrake=1.00 hasABS=0 sy=9.52 split=1.000,0.875 ===
160.41196|I|libbeamng.print:18052| === LSTM_OBS t=500 1.24806,1.61604,2.24067,2.26225,-0.00785,9.51768,-9.62888,-0.00204,0.00000,0.00000,0.00367,1.00000,0.00000,0.00115,-0.01521,1084.45605,0.25000 ===
160.46209|I|libbeamng.print:18052| === LSTM_TRACE t=510 v=1.68 ws=0.00,0.15,1.47,1.06 cmd=0.858,0.833,0.616,0.666 cap=2479,2455,1159,1236 des=2479,2455,1014,1081 app=2479,2455,1014,1080 abs=nil,nil,nil,nil ebrake=1.00 ibrake=1.00 hasABS=0 sy=9.65 split=1.000,0.875 ===
160.46213|I|libbeamng.print:18052| === LSTM_OBS t=510 0.00411,0.14529,1.46515,1.06166,0.07513,9.64948,-9.55305,0.00316,0.00000,0.00000,0.00760,1.00000,0.00000,0.00092,-0.01580,902.50803,0.25000 ===
160.51175|I|libbeamng.print:18052| === LSTM_TRACE t=520 v=1.15 ws=0.01,0.01,0.54,0.60 cmd=0.945,0.947,0.717,0.741 cap=2929,2929,1383,1449 des=2929,2929,1210,1268 app=2929,2929,1209,1267 abs=nil,nil,nil,nil ebrake=1.00 ibrake=1.00 hasABS=0 sy=9.76 split=1.000,0.875 ===
160.51179|I|libbeamng.print:18052| === LSTM_OBS t=520 0.01103,0.01034,0.54254,0.60330,-0.01371,9.75889,-9.51190,0.00289,0.00000,0.00000,0.00322,1.00000,0.00000,0.00168,-0.01642,756.19738,0.25000 ===
160.56168|I|libbeamng.print:18052| === LSTM_TRACE t=530 v=0.61 ws=0.02,0.02,0.31,0.56 cmd=0.978,0.978,0.815,0.798 cap=3029,3027,1570,1544 des=3029,3027,1374,1351 app=3029,3027,1373,1350 abs=nil,nil,nil,nil ebrake=1.00 ibrake=1.00 hasABS=0 sy=10.04 split=1.000,0.875 ===
160.56173|I|libbeamng.print:18052| === LSTM_OBS t=530 0.01710,0.01593,0.31494,0.55993,0.05333,10.03886,-9.47244,0.01292,0.00000,0.00000,0.00420,1.00000,0.00000,0.00115,-0.01655,733.05692,0.25000 ===
164.65644|I|libbeamng.print:18052| === LSTM_ABS: lens 'band_g_mix_b5o2' loaded (1 member, 17 in, 64 hidden, 2 layers) ===
164.65794|I|libbeamng.print:18052| === LSTM_ABS SELFTEST lens=band_g_mix_b5o2 cmd=0.874603,0.751755,0.562925,0.599683 ===
194.74740|I|libbeamng.print:18052| === LSTM_TRACE t=0 v=27.70 ws=27.66,27.77,27.39,27.40 cmd=0.896,0.895,0.466,0.492 cap=155,155,97,97 des=155,155,85,85 app=154,154,84,84 abs=nil,nil,nil,nil ebrake=1.00 ibrake=1.00 hasABS=0 sy=1.58 split=1.000,0.875 ===
194.74749|I|libbeamng.print:18052| === LSTM_OBS t=0 27.65624,27.76902,27.39173,27.39878,0.05568,1.58047,-9.78217,-0.01230,0.00000,0.00000,0.00049,1.00000,0.00000,0.00069,-0.00908,7857.62814,0.25000 ===
194.80105|I|libbeamng.print:18052| === LSTM_TRACE t=10 v=27.51 ws=27.48,27.58,26.68,26.90 cmd=0.099,0.110,0.593,0.592 cap=317,344,1139,1132 des=317,344,996,991 app=315,343,990,984 abs=nil,nil,nil,nil ebrake=1.00 ibrake=1.00 hasABS=0 sy=2.02 split=1.000,0.875 ===
194.80110|I|libbeamng.print:18052| === LSTM_OBS t=10 27.48186,27.58059,26.67668,26.89761,-0.00356,2.01565,-9.67935,-0.00485,0.00000,0.00000,0.00274,1.00000,0.00000,0.00074,-0.00976,7757.35474,0.25000 ===
194.82103|I|libbeamng.print:18052| === LSTM_ABS DBG raw=27.1900,27.2136,26.3766,26.5643,-0.0014,2.2470,-9.6771,0.0017,0.0000,0.0000,0.0009,1.0000,0.0000,0.0009,-0.0101,7677.4250,0.2500 ===
194.82106|I|libbeamng.print:18052| === LSTM_ABS DBG norm=0.61,0.55,0.51,0.50,-0.15,-2.21,0.00,0.04,0.06,-0.06,-0.10,0.59,-0.02,0.00,0.00,3.80,0.00 ===
194.82107|I|libbeamng.print:18052| === LSTM_ABS DBG cmd=0.1547,0.1850,0.5849,0.6163 ===
194.85098|I|libbeamng.print:18052| === LSTM_TRACE t=20 v=27.26 ws=26.85,26.91,26.10,26.15 cmd=0.269,0.306,0.573,0.628 cap=773,890,1118,1222 des=773,890,978,1069 app=769,888,975,1064 abs=nil,nil,nil,nil ebrake=1.00 ibrake=1.00 hasABS=0 sy=2.67 split=1.000,0.875 ===
194.85103|I|libbeamng.print:18052| === LSTM_OBS t=20 26.84721,26.90861,26.09792,26.15324,0.07479,2.66509,-9.58248,0.00078,0.00000,0.00000,0.00049,1.00000,0.00000,0.00090,-0.01019,7555.08099,0.25000 ===
194.90248|I|libbeamng.print:18052| === LSTM_TRACE t=30 v=26.89 ws=26.06,26.04,25.65,25.65 cmd=0.461,0.502,0.589,0.643 cap=1345,1474,1124,1230 des=1345,1474,983,1076 app=1340,1471,981,1073 abs=nil,nil,nil,nil ebrake=1.00 ibrake=1.00 hasABS=0 sy=3.75 split=1.000,0.875 ===
194.90319|I|libbeamng.print:18052| === LSTM_OBS t=30 26.06256,26.03857,25.64994,25.65362,0.06566,3.75172,-9.42857,-0.00610,0.00000,0.00000,0.00124,1.00000,0.00000,0.00105,-0.01036,7394.10186,0.25000 ===
194.95110|I|libbeamng.print:18052| === LSTM_TRACE t=40 v=26.36 ws=24.26,24.20,25.06,24.98 cmd=0.791,0.824,0.742,0.770 cap=2357,2472,1411,1470 des=2357,2472,1235,1286 app=2352,2471,1233,1284 abs=nil,nil,nil,nil ebrake=1.00 ibrake=1.00 hasABS=0 sy=5.30 split=1.000,0.875 ===
194.95115|I|libbeamng.print:18052| === LSTM_OBS t=40 24.25920,24.19711,25.05694,24.97912,0.13604,5.29775,-9.50488,-0.00540,0.00000,0.00000,0.00176,1.00000,0.00000,0.00108,-0.01157,7248.57085,0.25000 ===
195.00106|I|libbeamng.print:18052| === LSTM_TRACE t=50 v=25.75 ws=22.12,21.50,24.27,24.20 cmd=0.817,0.840,0.796,0.804 cap=2488,2592,1544,1556 des=2488,2592,1351,1361 app=2487,2592,1351,1361 abs=nil,nil,nil,nil ebrake=1.00 ibrake=1.00 hasABS=0 sy=7.17 split=1.000,0.875 ===
195.00111|I|libbeamng.print:18052| === LSTM_OBS t=50 22.11654,21.50089,24.26505,24.20305,0.16577,7.17254,-9.55937,-0.00024,0.00000,0.00000,0.00307,1.00000,0.00000,0.00117,-0.01425,7038.95997,0.25000 ===
195.05112|I|libbeamng.print:18052| === LSTM_TRACE t=60 v=25.16 ws=21.05,19.75,23.07,23.43 cmd=0.751,0.769,0.773,0.771 cap=2478,2502,1519,1524 des=2478,2502,1329,1333 app=2478,2502,1329,1333 abs=nil,nil,nil,nil ebrake=1.00 ibrake=1.00 hasABS=0 sy=8.53 split=1.000,0.875 ===
195.05117|I|libbeamng.print:18052| === LSTM_OBS t=60 21.05461,19.75114,23.07365,23.42875,0.12283,8.52760,-9.67391,-0.00125,0.00000,0.00000,0.00305,1.00000,0.00000,0.00137,-0.01654,6782.31544,0.25000 ===
195.10098|I|libbeamng.print:18052| === LSTM_TRACE t=70 v=24.58 ws=20.23,18.22,22.13,22.81 cmd=0.750,0.757,0.769,0.771 cap=2444,2443,1500,1511 des=2444,2443,1313,1322 app=2444,2443,1313,1322 abs=nil,nil,nil,nil ebrake=1.00 ibrake=1.00 hasABS=0 sy=9.47 split=1.000,0.875 ===
195.10103|I|libbeamng.print:18052| === LSTM_OBS t=70 20.23442,18.22077,22.12663,22.81386,0.07193,9.46586,-9.79475,-0.00706,0.00000,0.00000,0.00342,1.00000,0.00000,0.00170,-0.01739,6535.23385,0.25000 ===
195.15184|I|libbeamng.print:18052| === LSTM_TRACE t=80 v=23.99 ws=18.99,16.47,21.02,22.34 cmd=0.774,0.755,0.770,0.783 cap=2453,2402,1518,1542 des=2453,2402,1329,1349 app=2453,2402,1329,1349 abs=nil,nil,nil,nil ebrake=1.00 ibrake=1.00 hasABS=0 sy=10.14 split=1.000,0.875 ===
195.15196|I|libbeamng.print:18052| === LSTM_OBS t=80 18.99271,16.46535,21.01714,22.34118,0.03016,10.13678,-9.84077,0.00705,0.00000,0.00000,0.00283,1.00000,0.00000,0.00191,-0.01742,6305.90647,0.25000 ===
195.20110|I|libbeamng.print:18052| === LSTM_TRACE t=90 v=23.42 ws=17.09,14.42,20.19,21.61 cmd=0.727,0.703,0.776,0.798 cap=2232,2159,1501,1537 des=2232,2159,1314,1345 app=2232,2159,1314,1345 abs=nil,nil,nil,nil ebrake=1.00 ibrake=1.00 hasABS=0 sy=10.52 split=1.000,0.875 ===
195.20115|I|libbeamng.print:18052| === LSTM_OBS t=90 17.09351,14.42334,20.19202,21.60941,0.00754,10.51962,-9.81675,-0.00554,0.00000,0.00000,0.00224,1.00000,0.00000,0.00194,-0.01689,6081.53179,0.25000 ===
195.25106|I|libbeamng.print:18052| === LSTM_TRACE t=100 v=22.88 ws=14.90,12.56,19.21,20.98 cmd=0.667,0.632,0.768,0.795 cap=2286,2134,1508,1568 des=2286,2134,1319,1372 app=2286,2134,1319,1372 abs=nil,nil,nil,nil ebrake=1.00 ibrake=1.00 hasABS=0 sy=10.67 split=1.000,0.875 ===
195.25111|I|libbeamng.print:18052| === LSTM_OBS t=100 14.90013,12.56442,19.21259,20.98324,0.00501,10.67467,-9.75700,-0.01253,0.00000,0.00000,0.00244,1.00000,0.00000,0.00194,-0.01616,5859.33782,0.25000 ===
195.30105|I|libbeamng.print:18052| === LSTM_TRACE t=110 v=22.34 ws=12.81,11.29,18.58,20.27 cmd=0.679,0.650,0.780,0.808 cap=2090,2003,1507,1562 des=2090,2003,1319,1366 app=2090,2003,1319,1366 abs=nil,nil,nil,nil ebrake=1.00 ibrake=1.00 hasABS=0 sy=10.74 split=1.000,0.875 ===
195.30109|I|libbeamng.print:18052| === LSTM_OBS t=110 12.81395,11.28860,18.57635,20.26766,0.01278,10.73513,-9.67774,-0.01254,0.00000,0.00000,0.00249,1.00000,0.00000,0.00167,-0.01526,5641.66722,0.25000 ===
195.35110|I|libbeamng.print:18052| === LSTM_TRACE t=120 v=21.81 ws=10.16,9.30,17.78,19.51 cmd=0.693,0.675,0.798,0.820 cap=2229,2147,1550,1599 des=2229,2147,1356,1399 app=2229,2147,1356,1399 abs=nil,nil,nil,nil ebrake=1.00 ibrake=1.00 hasABS=0 sy=10.73 split=1.000,0.875 ===
195.35114|I|libbeamng.print:18052| === LSTM_OBS t=120 10.16147,9.29578,17.78314,19.51108,0.02164,10.72575,-9.62646,-0.01602,0.00000,0.00000,0.00192,1.00000,0.00000,0.00150,-0.01441,5427.44944,0.25000 ===
195.40116|I|libbeamng.print:18052| === LSTM_TRACE t=130 v=21.29 ws=4.81,4.53,16.74,18.85 cmd=0.843,0.846,0.860,0.877 cap=2550,2546,1655,1691 des=2550,2546,1448,1480 app=2550,2546,1448,1480 abs=nil,nil,nil,nil ebrake=1.00 ibrake=1.00 hasABS=0 sy=10.63 split=1.000,0.875 ===
195.40121|I|libbeamng.print:18052| === LSTM_OBS t=130 4.81382,4.52602,16.74237,18.85087,0.04280,10.63024,-9.60205,-0.01964,0.00000,0.00000,0.00104,1.00000,0.00000,0.00137,-0.01388,5203.85696,0.25000 ===
195.45110|I|libbeamng.print:18052| === LSTM_TRACE t=140 v=20.78 ws=0.37,0.23,15.58,18.22 cmd=0.983,0.983,0.895,0.897 cap=3046,3044,1700,1700 des=3046,3044,1488,1488 app=3046,3044,1488,1488 abs=nil,nil,nil,nil ebrake=1.00 ibrake=1.00 hasABS=0 sy=10.52 split=1.000,0.875 ===
195.45114|I|libbeamng.print:18052| === LSTM_OBS t=140 0.36891,0.23236,15.57928,18.22314,0.05601,10.52024,-9.60758,-0.02165,0.00000,0.00000,0.00104,1.00000,0.00000,0.00113,-0.01325,4950.20939,0.25000 ===
195.50112|I|libbeamng.print:18052| === LSTM_TRACE t=150 v=20.31 ws=0.12,0.11,14.02,17.82 cmd=0.983,0.985,0.899,0.900 cap=3045,3054,1700,1700 des=3045,3054,1488,1488 app=3045,3054,1488,1488 abs=nil,nil,nil,nil ebrake=1.00 ibrake=1.00 hasABS=0 sy=10.25 split=1.000,0.875 ===
195.50116|I|libbeamng.print:18052| === LSTM_OBS t=150 0.11691,0.11418,14.02125,17.81763,0.04561,10.25324,-9.62770,-0.01637,0.00000,0.00000,0.00198,1.00000,0.00000,0.00153,-0.01156,4686.30718,0.25000 ===
195.55104|I|libbeamng.print:18052| === LSTM_TRACE t=160 v=19.82 ws=0.04,0.03,12.46,17.78 cmd=0.985,0.987,0.899,0.900 cap=3053,3058,1700,1700 des=3053,3058,1488,1488 app=3053,3058,1488,1488 abs=nil,nil,nil,nil ebrake=1.00 ibrake=1.00 hasABS=0 sy=10.10 split=1.000,0.875 ===
195.55108|I|libbeamng.print:18052| === LSTM_OBS t=160 0.03598,0.03387,12.46299,17.77970,0.05882,10.10396,-9.55242,-0.02216,0.00000,0.00000,0.00115,1.00000,0.00000,0.00146,-0.00972,4444.08869,0.25000 ===
195.60122|I|libbeamng.print:18052| === LSTM_TRACE t=170 v=19.32 ws=0.02,0.02,10.85,17.65 cmd=0.987,0.988,0.899,0.900 cap=3058,3062,1700,1700 des=3058,3062,1488,1488 app=3058,3062,1488,1488 abs=nil,nil,nil,nil ebrake=1.00 ibrake=1.00 hasABS=0 sy=10.07 split=1.000,0.875 ===
195.60127|I|libbeamng.print:18052| === LSTM_OBS t=170 0.01694,0.02354,10.84718,17.64633,0.06037,10.07211,-9.56635,-0.03150,0.00000,0.00000,0.00124,1.00000,0.00000,0.00144,-0.00834,4214.60461,0.25000 ===
195.65110|I|libbeamng.print:18052| === LSTM_TRACE t=180 v=18.81 ws=0.00,0.01,9.39,17.77 cmd=0.989,0.989,0.899,0.901 cap=3064,3066,1700,1700 des=3064,3066,1488,1488 app=3064,3066,1488,1488 abs=nil,nil,nil,nil ebrake=1.00 ibrake=1.00 hasABS=0 sy=10.07 split=1.000,0.875 ===
195.65114|I|libbeamng.print:18052| === LSTM_OBS t=180 0.00229,0.00820,9.39299,17.76751,0.06099,10.07388,-9.64701,-0.03659,0.00000,0.00000,0.00124,1.00000,0.00000,0.00123,-0.00720,3983.58150,0.25000 ===
195.70171|I|libbeamng.print:18052| === LSTM_TRACE t=190 v=18.31 ws=0.01,0.01,7.78,17.55 cmd=0.990,0.991,0.899,0.902 cap=3069,3070,1700,1700 des=3069,3070,1488,1488 app=3069,3070,1488,1488 abs=nil,nil,nil,nil ebrake=1.00 ibrake=1.00 hasABS=0 sy=10.06 split=1.000,0.875 ===
195.70176|I|libbeamng.print:18052| === LSTM_OBS t=190 0.00671,0.00525,7.78324,17.55074,0.06017,10.05650,-9.71461,-0.03979,0.00000,0.00000,0.00115,1.00000,0.00000,0.00106,-0.00639,3743.10790,0.25000 ===
195.74773|I|libbeamng.print:18052| === LSTM_TRACE t=200 v=17.82 ws=0.00,0.01,6.46,17.08 cmd=0.992,0.992,0.900,0.904 cap=3075,3074,1700,1700 des=3075,3074,1488,1488 app=3075,3074,1488,1488 abs=nil,nil,nil,nil ebrake=1.00 ibrake=1.00 hasABS=0 sy=10.02 split=1.000,0.875 ===
195.74778|I|libbeamng.print:18052| === LSTM_OBS t=200 0.00234,0.00932,6.46320,17.07562,0.08503,10.02219,-9.76471,-0.04082,0.00000,0.00000,0.00124,1.00000,0.00000,0.00070,-0.00574,3516.54659,0.25000 ===
195.80100|I|libbeamng.print:18052| === LSTM_TRACE t=210 v=17.32 ws=0.01,0.00,5.16,16.72 cmd=0.994,0.993,0.901,0.906 cap=3079,3078,1700,1700 des=3079,3078,1488,1488 app=3079,3078,1488,1488 abs=nil,nil,nil,nil ebrake=1.00 ibrake=1.00 hasABS=0 sy=9.99 split=1.000,0.875 ===
195.80105|I|libbeamng.print:18052| === LSTM_OBS t=210 0.00701,0.00459,5.15649,16.72236,0.12444,9.99365,-9.80637,-0.03234,0.00000,0.00000,0.00124,1.00000,0.00000,0.00037,-0.00533,3239.47411,0.25000 ===
195.85111|I|libbeamng.print:18052| === LSTM_TRACE t=220 v=16.81 ws=0.02,0.01,3.85,15.71 cmd=0.995,0.994,0.902,0.909 cap=3084,3082,1700,1700 des=3084,3082,1488,1488 app=3084,3082,1488,1488 abs=nil,nil,nil,nil ebrake=1.00 ibrake=1.00 hasABS=0 sy=10.03 split=1.000,0.875 ===
195.85115|I|libbeamng.print:18052| === LSTM_OBS t=220 0.01950,0.01499,3.84880,15.71045,0.15529,10.02872,-9.87175,-0.02586,0.00000,0.00000,0.00115,1.00000,0.00000,0.00049,-0.00538,2999.08662,0.25000 ===
195.90115|I|libbeamng.print:18052| === LSTM_TRACE t=230 v=16.32 ws=0.01,0.01,2.97,15.63 cmd=0.996,0.995,0.903,0.912 cap=3087,3085,1700,1700 des=3087,3085,1488,1488 app=3087,3085,1488,1488 abs=nil,nil,nil,nil ebrake=1.00 ibrake=1.00 hasABS=0 sy=10.01 split=1.000,0.875 ===
195.90120|I|libbeamng.print:18052| === LSTM_OBS t=230 0.00797,0.00797,2.97136,15.62699,0.24162,10.00869,-9.89236,-0.03550,0.00000,0.00000,0.00162,1.00000,0.00000,0.00057,-0.00587,2750.81238,0.25000 ===
195.95106|I|libbeamng.print:18052| === LSTM_TRACE t=240 v=15.84 ws=0.01,0.01,0.79,15.45 cmd=0.997,0.996,0.902,0.912 cap=3089,3087,1700,1700 des=3089,3087,1488,1488 app=3089,3087,1488,1488 abs=nil,nil,nil,nil ebrake=1.00 ibrake=1.00 hasABS=0 sy=9.93 split=1.000,0.875 ===
195.95110|I|libbeamng.print:18052| === LSTM_OBS t=240 0.00515,0.01028,0.79471,15.44902,0.24234,9.93337,-9.90097,-0.02914,0.00000,0.00000,0.00162,1.00000,0.00000,0.00102,-0.00623,2485.10534,0.25000 ===
196.00122|I|libbeamng.print:18052| === LSTM_TRACE t=250 v=15.36 ws=0.00,0.01,0.15,14.72 cmd=0.997,0.996,0.879,0.888 cap=3090,3087,1700,1700 des=3090,3087,1488,1488 app=3090,3087,1488,1488 abs=nil,nil,nil,nil ebrake=1.00 ibrake=1.00 hasABS=0 sy=9.80 split=1.000,0.875 ===
196.00131|I|libbeamng.print:18052| === LSTM_OBS t=250 0.00251,0.00586,0.14849,14.71645,0.32334,9.80245,-9.80023,-0.01995,0.00000,0.00000,0.00154,1.00000,0.00000,0.00026,-0.00614,2201.76524,0.25000 ===
196.04746|I|libbeamng.print:18052| === LSTM_TRACE t=260 v=14.87 ws=0.00,0.01,0.03,12.87 cmd=0.996,0.996,0.866,0.870 cap=3088,3086,1682,1691 des=3088,3086,1472,1480 app=3088,3086,1472,1480 abs=nil,nil,nil,nil ebrake=1.00 ibrake=1.00 hasABS=0 sy=9.79 split=1.000,0.875 ===
196.04751|I|libbeamng.print:18052| === LSTM_OBS t=260 0.00053,0.00828,0.02995,12.87325,0.32321,9.78639,-9.80194,-0.01459,0.00000,0.00000,0.00085,1.00000,0.00000,0.00038,-0.00616,1996.27334,0.25000 ===
196.10108|I|libbeamng.print:18052| === LSTM_TRACE t=270 v=14.37 ws=0.00,0.00,0.03,11.70 cmd=0.996,0.996,0.873,0.874 cap=3087,3087,1695,1698 des=3087,3087,1483,1486 app=3087,3087,1483,1486 abs=nil,nil,nil,nil ebrake=1.00 ibrake=1.00 hasABS=0 sy=9.83 split=1.000,0.875 ===
196.10112|I|libbeamng.print:18052| === LSTM_OBS t=270 0.00057,0.00172,0.02872,11.70454,0.32561,9.82738,-9.82046,-0.01859,0.00000,0.00000,0.00115,1.00000,0.00000,0.00109,-0.00661,1775.01485,0.25000 ===
196.15189|I|libbeamng.print:18052| === LSTM_TRACE t=280 v=13.89 ws=0.00,0.00,0.04,9.91 cmd=0.995,0.996,0.880,0.877 cap=3086,3087,1700,1700 des=3086,3087,1488,1488 app=3086,3087,1488,1488 abs=nil,nil,nil,nil ebrake=1.00 ibrake=1.00 hasABS=0 sy=9.82 split=1.000,0.875 ===
196.15195|I|libbeamng.print:18052| === LSTM_OBS t=280 0.00160,0.00134,0.04453,9.91145,0.33868,9.81681,-9.79652,-0.02811,0.00000,0.00000,0.00124,1.00000,0.00000,0.00152,-0.00703,1570.34081,0.25000 ===
196.20167|I|libbeamng.print:18052| === LSTM_TRACE t=290 v=13.40 ws=0.00,0.00,0.00,7.93 cmd=0.996,0.996,0.883,0.879 cap=3087,3088,1700,1700 des=3087,3088,1488,1488 app=3086,3088,1488,1488 abs=nil,nil,nil,nil ebrake=1.00 ibrake=1.00 hasABS=0 sy=9.79 split=1.000,0.875 ===
196.20177|I|libbeamng.print:18052| === LSTM_OBS t=290 0.00112,0.00110,0.00251,7.93319,0.33234,9.78890,-9.76627,-0.03395,0.00000,0.00000,0.00124,1.00000,0.00000,0.00168,-0.00739,1354.57813,0.25000 ===
196.25107|I|libbeamng.print:18052| === LSTM_TRACE t=300 v=12.92 ws=0.00,0.00,0.01,5.85 cmd=0.996,0.997,0.884,0.881 cap=3088,3089,1700,1700 des=3088,3089,1488,1488 app=3087,3089,1488,1488 abs=nil,nil,nil,nil ebrake=1.00 ibrake=1.00 hasABS=0 sy=9.75 split=1.000,0.875 ===
196.25112|I|libbeamng.print:18052| === LSTM_OBS t=300 0.00117,0.00417,0.01257,5.84720,0.31443,9.75288,-9.73650,-0.03776,0.00000,0.00000,0.00142,1.00000,0.00000,0.00175,-0.00753,1135.47353,0.25000 ===
196.30107|I|libbeamng.print:18052| === LSTM_TRACE t=310 v=12.42 ws=0.01,0.01,0.01,4.13 cmd=0.996,0.997,0.885,0.881 cap=3089,3090,1700,1700 des=3089,3090,1488,1488 app=3087,3090,1488,1488 abs=nil,nil,nil,nil ebrake=1.00 ibrake=1.00 hasABS=0 sy=9.76 split=1.000,0.875 ===
196.30112|I|libbeamng.print:18052| === LSTM_OBS t=310 0.00931,0.00884,0.00989,4.13142,0.31234,9.76426,-9.72276,-0.04848,0.00000,0.00000,0.00146,1.00000,0.00000,0.00159,-0.00764,924.81575,0.25000 ===
196.35099|I|libbeamng.print:18052| === LSTM_TRACE t=320 v=11.93 ws=0.00,0.02,0.05,1.06 cmd=0.996,0.996,0.886,0.880 cap=3088,3089,1700,1700 des=3088,3089,1488,1488 app=3086,3089,1488,1488 abs=nil,nil,nil,nil ebrake=1.00 ibrake=1.00 hasABS=0 sy=9.82 split=1.000,0.875 ===
196.35104|I|libbeamng.print:18052| === LSTM_OBS t=320 0.00343,0.02139,0.05113,1.06457,0.30881,9.82448,-9.73685,-0.05186,0.00000,0.00000,0.00134,1.00000,0.00000,0.00066,-0.00825,762.11822,0.25000 ===
196.40120|I|libbeamng.print:18052| === LSTM_TRACE t=330 v=11.45 ws=0.00,0.01,0.04,0.08 cmd=0.995,0.996,0.887,0.882 cap=3085,3087,1700,1700 des=3085,3087,1488,1488 app=3082,3087,1487,1488 abs=nil,nil,nil,nil ebrake=1.00 ibrake=1.00 hasABS=0 sy=9.75 split=1.000,0.875 ===
196.40126|I|libbeamng.print:18052| === LSTM_OBS t=330 0.00480,0.00693,0.04292,0.08263,0.23928,9.74837,-9.79390,-0.03899,0.00000,0.00000,0.00169,1.00000,0.00000,0.00059,-0.00877,730.69613,0.25000 ===
196.45113|I|libbeamng.print:18052| === LSTM_TRACE t=340 v=10.97 ws=0.00,0.00,0.00,0.06 cmd=0.995,0.996,0.886,0.882 cap=3084,3087,1700,1700 des=3084,3087,1488,1488 app=3081,3086,1487,1488 abs=nil,nil,nil,nil ebrake=1.00 ibrake=1.00 hasABS=0 sy=9.71 split=1.000,0.875 ===
196.45122|I|libbeamng.print:18052| === LSTM_OBS t=340 0.00329,0.00176,0.00489,0.06267,0.25428,9.71287,-9.76136,-0.03895,0.00000,0.00000,0.00115,1.00000,0.00000,0.00038,-0.00896,730.74430,0.25000 ===
196.50105|I|libbeamng.print:18052| === LSTM_TRACE t=350 v=10.48 ws=0.00,0.00,0.04,0.04 cmd=0.995,0.996,0.886,0.882 cap=3083,3086,1700,1700 des=3083,3086,1488,1488 app=3080,3086,1487,1488 abs=nil,nil,nil,nil ebrake=1.00 ibrake=1.00 hasABS=0 sy=9.71 split=1.000,0.875 ===
196.50109|I|libbeamng.print:18052| === LSTM_OBS t=350 0.00185,0.00407,0.03597,0.03678,0.27180,9.71090,-9.72767,-0.03952,0.00000,0.00000,0.00134,1.00000,0.00000,-0.00011,-0.00907,727.35935,0.25000 ===
196.55108|I|libbeamng.print:18052| === LSTM_TRACE t=360 v=9.99 ws=0.00,0.00,0.01,0.02 cmd=0.995,0.996,0.885,0.882 cap=3083,3086,1700,1700 des=3083,3086,1488,1488 app=3080,3085,1486,1488 abs=nil,nil,nil,nil ebrake=1.00 ibrake=1.00 hasABS=0 sy=9.74 split=1.000,0.875 ===
196.55113|I|libbeamng.print:18052| === LSTM_OBS t=360 0.00194,0.00430,0.00747,0.01548,0.27889,9.73704,-9.71476,-0.03558,0.00000,0.00000,0.00169,1.00000,0.00000,-0.00040,-0.00926,730.27701,0.25000 ===
196.60105|I|libbeamng.print:18052| === LSTM_TRACE t=370 v=9.49 ws=0.00,0.00,0.03,0.01 cmd=0.995,0.996,0.886,0.883 cap=3083,3086,1700,1700 des=3083,3086,1488,1488 app=3079,3085,1486,1488 abs=nil,nil,nil,nil ebrake=1.00 ibrake=1.00 hasABS=0 sy=9.77 split=1.000,0.875 ===
196.60109|I|libbeamng.print:18052| === LSTM_OBS t=370 0.00133,0.00204,0.02922,0.00504,0.28744,9.77329,-9.71640,-0.03287,0.00000,0.00000,0.00176,1.00000,0.00000,-0.00052,-0.00941,727.72562,0.25000 ===
196.65109|I|libbeamng.print:18052| === LSTM_TRACE t=380 v=9.00 ws=0.00,0.00,0.00,0.00 cmd=0.995,0.996,0.886,0.883 cap=3084,3086,1700,1700 des=3084,3086,1488,1488 app=3079,3085,1486,1488 abs=nil,nil,nil,nil ebrake=1.00 ibrake=1.00 hasABS=0 sy=9.82 split=1.000,0.875 ===
196.65114|I|libbeamng.print:18052| === LSTM_OBS t=380 0.00233,0.00066,0.00144,0.00159,0.29883,9.81510,-9.70495,-0.03070,0.00000,0.00000,0.00176,1.00000,0.00000,-0.00059,-0.00960,730.31786,0.25000 ===
196.70235|I|libbeamng.print:18052| === LSTM_TRACE t=390 v=8.49 ws=0.00,0.00,0.01,0.01 cmd=0.995,0.996,0.886,0.883 cap=3084,3086,1700,1700 des=3084,3086,1488,1488 app=3079,3085,1486,1488 abs=nil,nil,nil,nil ebrake=1.00 ibrake=1.00 hasABS=0 sy=9.87 split=1.000,0.875 ===
196.70241|I|libbeamng.print:18052| === LSTM_OBS t=390 0.00134,0.00304,0.00533,0.01186,0.31684,9.87125,-9.70919,-0.02891,0.00000,0.00000,0.00176,1.00000,0.00000,-0.00068,-0.00976,726.70783,0.25000 ===
196.74734|I|libbeamng.print:18052| === LSTM_TRACE t=400 v=7.99 ws=0.00,0.00,0.00,0.00 cmd=0.995,0.996,0.886,0.883 cap=3084,3086,1700,1700 des=3084,3086,1488,1488 app=3079,3084,1486,1488 abs=nil,nil,nil,nil ebrake=1.00 ibrake=1.00 hasABS=0 sy=9.93 split=1.000,0.875 ===
196.74739|I|libbeamng.print:18052| === LSTM_OBS t=400 0.00348,0.00055,0.00384,0.00313,0.33452,9.92587,-9.70534,-0.02616,0.00000,0.00000,0.00189,1.00000,0.00000,-0.00081,-0.00994,728.24913,0.25000 ===
196.79770|I|libbeamng.print:18052| === LSTM_TRACE t=410 v=7.48 ws=0.00,0.00,0.01,0.01 cmd=0.995,0.996,0.886,0.883 cap=3084,3086,1700,1700 des=3084,3086,1488,1488 app=3079,3084,1486,1488 abs=nil,nil,nil,nil ebrake=1.00 ibrake=1.00 hasABS=0 sy=10.00 split=1.000,0.875 ===
196.79774|I|libbeamng.print:18052| === LSTM_OBS t=410 0.00022,0.00257,0.00720,0.00760,0.35384,9.99872,-9.70066,-0.02447,0.00000,0.00000,0.00183,1.00000,0.00000,-0.00092,-0.01011,729.27905,0.25000 ===
196.85107|I|libbeamng.print:18052| === LSTM_TRACE t=420 v=6.96 ws=0.00,0.00,0.00,0.00 cmd=0.995,0.996,0.886,0.883 cap=3085,3087,1700,1700 des=3085,3087,1488,1488 app=3080,3084,1485,1488 abs=nil,nil,nil,nil ebrake=1.00 ibrake=1.00 hasABS=0 sy=10.10 split=1.000,0.875 ===
196.85111|I|libbeamng.print:18052| === LSTM_OBS t=420 0.00332,0.00061,0.00434,0.00420,0.37402,10.10099,-9.69517,-0.02174,0.00000,0.00000,0.00189,1.00000,0.00000,-0.00107,-0.01032,730.90269,0.25000 ===
196.90184|I|libbeamng.print:18052| === LSTM_TRACE t=430 v=6.43 ws=0.00,0.00,0.01,0.01 cmd=0.995,0.996,0.887,0.883 cap=3086,3087,1700,1700 des=3086,3087,1488,1488 app=3080,3084,1485,1488 abs=nil,nil,nil,nil ebrake=1.00 ibrake=1.00 hasABS=0 sy=10.21 split=1.000,0.875 ===
196.90190|I|libbeamng.print:18052| === LSTM_OBS t=430 0.00037,0.00306,0.00544,0.01180,0.39229,10.21210,-9.69765,-0.01994,0.00000,0.00000,0.00192,1.00000,0.00000,-0.00120,-0.01055,728.93897,0.25000 ===
196.95104|I|libbeamng.print:18052| === LSTM_TRACE t=440 v=5.89 ws=0.00,0.00,0.01,0.00 cmd=0.996,0.996,0.887,0.883 cap=3086,3087,1700,1700 des=3086,3087,1488,1488 app=3081,3084,1485,1488 abs=nil,nil,nil,nil ebrake=1.00 ibrake=1.00 hasABS=0 sy=10.33 split=1.000,0.875 ===
196.95108|I|libbeamng.print:18052| === LSTM_OBS t=440 0.00228,0.00088,0.00562,0.00295,0.40967,10.32555,-9.69448,-0.01778,0.00000,0.00000,0.00198,1.00000,0.00000,-0.00133,-0.01081,729.73207,0.25000 ===
197.00107|I|libbeamng.print:18052| === LSTM_TRACE t=450 v=5.36 ws=0.00,0.00,0.04,0.03 cmd=0.996,0.996,0.887,0.883 cap=3087,3087,1700,1700 des=3087,3087,1488,1488 app=3081,3084,1485,1488 abs=nil,nil,nil,nil ebrake=1.00 ibrake=1.00 hasABS=0 sy=10.43 split=1.000,0.875 ===
197.00111|I|libbeamng.print:18052| === LSTM_OBS t=450 0.00030,0.00203,0.04401,0.03430,0.42765,10.43004,-9.69552,-0.01578,0.00000,0.00000,0.00204,1.00000,0.00000,-0.00144,-0.01102,725.83059,0.25000 ===
197.05110|I|libbeamng.print:18052| === LSTM_TRACE t=460 v=4.81 ws=0.00,0.00,0.00,0.01 cmd=0.996,0.996,0.887,0.883 cap=3087,3087,1700,1700 des=3087,3087,1488,1488 app=3081,3085,1485,1488 abs=nil,nil,nil,nil ebrake=1.00 ibrake=1.00 hasABS=0 sy=10.54 split=1.000,0.875 ===
197.05117|I|libbeamng.print:18052| === LSTM_OBS t=460 0.00285,0.00023,0.00210,0.01138,0.44445,10.53817,-9.69271,-0.01386,0.00000,0.00000,0.00204,1.00000,0.00000,-0.00158,-0.01127,729.17464,0.25000 ===
197.10106|I|libbeamng.print:18052| === LSTM_TRACE t=470 v=4.26 ws=0.00,0.00,0.01,0.01 cmd=0.996,0.996,0.887,0.883 cap=3088,3088,1700,1700 des=3088,3088,1488,1488 app=3082,3085,1485,1488 abs=nil,nil,nil,nil ebrake=1.00 ibrake=1.00 hasABS=0 sy=10.66 split=1.000,0.875 ===
197.10110|I|libbeamng.print:18052| === LSTM_OBS t=470 0.00024,0.00337,0.00691,0.00669,0.46194,10.66348,-9.69940,-0.01260,0.00000,0.00000,0.00210,1.00000,0.00000,-0.00169,-0.01160,727.61137,0.25000 ===
197.15186|I|libbeamng.print:18052| === LSTM_TRACE t=480 v=3.71 ws=0.00,0.00,0.01,0.00 cmd=0.996,0.996,0.887,0.883 cap=3089,3088,1700,1700 des=3089,3088,1488,1488 app=3082,3085,1485,1488 abs=nil,nil,nil,nil ebrake=1.00 ibrake=1.00 hasABS=0 sy=10.79 split=1.000,0.875 ===
197.15191|I|libbeamng.print:18052| === LSTM_OBS t=480 0.00291,0.00028,0.00802,0.00408,0.47860,10.78519,-9.69499,-0.01035,0.00000,0.00000,0.00221,1.00000,0.00000,-0.00179,-0.01193,730.06682,0.25000 ===
197.20107|I|libbeamng.print:18052| === LSTM_TRACE t=490 v=3.14 ws=0.00,0.00,0.00,0.00 cmd=0.996,0.996,0.887,0.883 cap=3089,3088,1700,1700 des=3089,3088,1488,1488 app=3082,3085,1485,1488 abs=nil,nil,nil,nil ebrake=1.00 ibrake=1.00 hasABS=0 sy=10.90 split=1.000,0.875 ===
197.20111|I|libbeamng.print:18052| === LSTM_OBS t=490 0.00091,0.00221,0.00259,0.00397,0.49476,10.90034,-9.68760,-0.00847,0.00000,0.00000,0.00229,1.00000,0.00000,-0.00190,-0.01220,728.12395,0.25000 ===
197.25120|I|libbeamng.print:18052| === LSTM_TRACE t=500 v=2.58 ws=0.00,0.00,0.01,0.01 cmd=0.997,0.996,0.887,0.883 cap=3090,3089,1700,1700 des=3090,3089,1488,1488 app=3083,3085,1485,1488 abs=nil,nil,nil,nil ebrake=1.00 ibrake=1.00 hasABS=0 sy=11.00 split=1.000,0.875 ===
197.25125|I|libbeamng.print:18052| === LSTM_OBS t=500 0.00270,0.00064,0.01080,0.00998,0.50869,11.00323,-9.67537,-0.00633,0.00000,0.00000,0.00234,1.00000,0.00000,-0.00197,-0.01240,729.67716,0.25000 ===
197.29733|I|libbeamng.print:18052| === LSTM_TRACE t=510 v=2.01 ws=0.00,0.00,0.25,0.03 cmd=0.997,0.996,0.887,0.883 cap=3090,3089,1700,1700 des=3090,3089,1488,1488 app=3083,3085,1485,1488 abs=nil,nil,nil,nil ebrake=1.00 ibrake=1.00 hasABS=0 sy=11.10 split=1.000,0.875 ===
197.29742|I|libbeamng.print:18052| === LSTM_OBS t=510 0.00025,0.00194,0.24652,0.02510,0.52237,11.10119,-9.66990,-0.00424,0.00000,0.00000,0.00224,1.00000,0.00000,-0.00203,-0.01253,729.66788,0.25000 ===
197.34825|I|libbeamng.print:18052| === LSTM_TRACE t=520 v=1.42 ws=0.00,0.00,1.02,0.01 cmd=0.997,0.997,0.888,0.884 cap=3090,3089,1700,1700 des=3090,3089,1488,1488 app=3083,3085,1485,1488 abs=nil,nil,nil,nil ebrake=1.00 ibrake=1.00 hasABS=0 sy=11.25 split=1.000,0.875 ===
197.34831|I|libbeamng.print:18052| === LSTM_OBS t=520 0.00183,0.00060,1.02472,0.00662,0.54544,11.24581,-9.67149,0.00758,0.00000,0.00000,0.00229,1.00000,0.00000,-0.00198,-0.01264,726.52236,0.25000 ===
197.39730|I|libbeamng.print:18052| === LSTM_TRACE t=530 v=0.83 ws=0.00,0.00,0.60,0.01 cmd=0.997,0.997,0.887,0.886 cap=3091,3090,1700,1700 des=3091,3090,1488,1488 app=3084,3086,1485,1488 abs=nil,nil,nil,nil ebrake=1.00 ibrake=1.00 hasABS=0 sy=11.38 split=1.000,0.875 ===
197.39734|I|libbeamng.print:18052| === LSTM_OBS t=530 0.00215,0.00125,0.59881,0.01323,0.63796,11.37848,-9.64044,0.01730,0.00000,0.00000,0.00244,1.00000,0.00000,-0.00223,-0.01269,726.44083,0.25000 ===
226.81747|I|libbeamng.print:18052| === LSTM_TRACE t=0 v=27.71 ws=27.77,27.90,27.34,27.44 cmd=0.898,0.897,0.465,0.493 cap=155,155,97,97 des=155,155,85,85 app=116,116,63,63 abs=nil,nil,nil,nil ebrake=1.00 ibrake=1.00 hasABS=0 sy=1.58 split=1.000,0.875 ===
226.81752|I|libbeamng.print:18052| === LSTM_OBS t=0 27.77373,27.89712,27.33849,27.44119,-0.00476,1.57582,-9.79217,-0.00063,0.00000,0.00000,0.00049,1.00000,0.00000,0.00087,-0.00904,7858.10882,0.25000 ===
226.86839|I|libbeamng.print:18052| === LSTM_TRACE t=10 v=27.51 ws=27.50,27.57,26.78,26.86 cmd=0.113,0.125,0.605,0.602 cap=356,383,1165,1152 des=356,383,1019,1008 app=354,381,1014,1005 abs=nil,nil,nil,nil ebrake=1.00 ibrake=1.00 hasABS=0 sy=1.98 split=1.000,0.875 ===
226.86847|I|libbeamng.print:18052| === LSTM_OBS t=10 27.50067,27.56719,26.78457,26.86359,-0.01722,1.97879,-9.69457,-0.00530,0.00000,0.00000,0.00249,1.00000,0.00000,0.00091,-0.00968,7762.24540,0.25000 ===
226.88769|I|libbeamng.print:18052| === LSTM_ABS DBG raw=27.1548,27.2389,26.3766,26.5970,0.0038,2.2343,-9.7158,0.0088,0.0000,0.0000,0.0005,1.0000,0.0000,0.0011,-0.0100,7680.8006,0.2500 ===
226.88773|I|libbeamng.print:18052| === LSTM_ABS DBG norm=0.61,0.55,0.51,0.50,-0.15,-2.21,0.00,0.09,0.06,-0.06,-0.12,0.59,-0.02,0.00,0.00,3.80,0.00 ===
226.88774|I|libbeamng.print:18052| === LSTM_ABS DBG cmd=0.1826,0.2170,0.5979,0.6280 ===
226.91759|I|libbeamng.print:18052| === LSTM_TRACE t=20 v=27.27 ws=26.86,26.83,26.04,26.12 cmd=0.296,0.344,0.585,0.640 cap=871,1014,1140,1244 des=871,1014,998,1089 app=867,1011,995,1088 abs=nil,nil,nil,nil ebrake=1.00 ibrake=1.00 hasABS=0 sy=2.68 split=1.000,0.875 ===
226.91765|I|libbeamng.print:18052| === LSTM_OBS t=20 26.85622,26.82926,26.03639,26.12447,-0.01933,2.67756,-9.56529,-0.01100,0.00000,0.00000,0.00069,1.00000,0.00000,0.00119,-0.01020,7554.02150,0.25000 ===
226.96759|I|libbeamng.print:18052| === LSTM_TRACE t=30 v=26.85 ws=25.84,25.73,25.63,25.46 cmd=0.530,0.581,0.639,0.689 cap=1531,1698,1220,1319 des=1531,1698,1068,1154 app=1526,1694,1066,1154 abs=nil,nil,nil,nil ebrake=1.00 ibrake=1.00 hasABS=0 sy=3.88 split=1.000,0.875 ===
226.96763|I|libbeamng.print:18052| === LSTM_OBS t=30 25.84098,25.73109,25.63287,25.46243,-0.03554,3.88113,-9.36202,-0.00279,0.00000,0.00000,0.00169,1.00000,0.00000,0.00121,-0.01053,7383.01218,0.25000 ===
227.01893|I|libbeamng.print:18052| === LSTM_TRACE t=40 v=26.32 ws=23.63,23.59,24.96,24.69 cmd=0.825,0.857,0.781,0.808 cap=2501,2606,1502,1555 des=2501,2606,1314,1361 app=2498,2605,1314,1361 abs=nil,nil,nil,nil ebrake=1.00 ibrake=1.00 hasABS=0 sy=5.62 split=1.000,0.875 ===
227.01902|I|libbeamng.print:18052| === LSTM_OBS t=40 23.63035,23.59295,24.96120,24.69330,-0.00605,5.62115,-9.43514,-0.02235,0.00000,0.00000,0.00204,1.00000,0.00000,0.00125,-0.01204,7212.58587,0.25000 ===
227.06798|I|libbeamng.print:18052| === LSTM_TRACE t=50 v=25.70 ws=21.32,20.44,23.93,23.91 cmd=0.817,0.847,0.803,0.813 cap=2477,2587,1567,1582 des=2477,2587,1371,1384 app=2477,2587,1371,1384 abs=nil,nil,nil,nil ebrake=1.00 ibrake=1.00 hasABS=0 sy=7.43 split=1.000,0.875 ===
227.06803|I|libbeamng.print:18052| === LSTM_OBS t=50 21.31680,20.44080,23.92808,23.91396,0.05914,7.43277,-9.49749,-0.01484,0.00000,0.00000,0.00331,1.00000,0.00000,0.00121,-0.01485,6982.19140,0.25000 ===
227.11733|I|libbeamng.print:18052| === LSTM_TRACE t=60 v=25.11 ws=19.80,17.72,22.99,23.15 cmd=0.758,0.765,0.772,0.781 cap=2469,2478,1522,1546 des=2469,2478,1332,1353 app=2469,2478,1332,1353 abs=nil,nil,nil,nil ebrake=1.00 ibrake=1.00 hasABS=0 sy=8.68 split=1.000,0.875 ===
227.11739|I|libbeamng.print:18052| === LSTM_OBS t=60 19.79860,17.71577,22.99130,23.15343,0.04612,8.68217,-9.65270,0.00874,0.00000,0.00000,0.00322,1.00000,0.00000,0.00148,-0.01682,6720.32801,0.25000 ===
227.16763|I|libbeamng.print:18052| === LSTM_TRACE t=70 v=24.54 ws=18.25,15.34,22.08,22.33 cmd=0.694,0.697,0.764,0.780 cap=2296,2275,1456,1491 des=2296,2275,1274,1304 app=2296,2275,1274,1304 abs=nil,nil,nil,nil ebrake=1.00 ibrake=1.00 hasABS=0 sy=9.51 split=1.000,0.875 ===
227.16768|I|libbeamng.print:18052| === LSTM_OBS t=70 18.24571,15.33978,22.08092,22.33074,0.04345,9.50927,-9.75939,-0.00735,0.00000,0.00000,0.00285,1.00000,0.00000,0.00162,-0.01743,6475.72429,0.25000 ===
227.21747|I|libbeamng.print:18052| === LSTM_TRACE t=80 v=23.97 ws=16.34,13.14,21.32,21.65 cmd=0.729,0.699,0.765,0.793 cap=2177,2088,1461,1512 des=2177,2088,1278,1323 app=2177,2088,1278,1323 abs=nil,nil,nil,nil ebrake=1.00 ibrake=1.00 hasABS=0 sy=10.06 split=1.000,0.875 ===
227.21754|I|libbeamng.print:18052| === LSTM_OBS t=80 16.33783,13.13763,21.32051,21.65385,0.01630,10.05630,-9.82233,0.00122,0.00000,0.00000,0.00210,1.00000,0.00000,0.00190,-0.01714,6254.65781,0.25000 ===
227.26802|I|libbeamng.print:18052| === LSTM_TRACE t=90 v=23.43 ws=13.86,11.52,20.65,20.83 cmd=0.711,0.675,0.766,0.796 cap=2257,2136,1490,1551 des=2257,2136,1304,1357 app=2257,2136,1304,1357 abs=nil,nil,nil,nil ebrake=1.00 ibrake=1.00 hasABS=0 sy=10.36 split=1.000,0.875 ===
227.26808|I|libbeamng.print:18052| === LSTM_OBS t=90 13.86396,11.52426,20.64869,20.82898,0.02713,10.35949,-9.80816,0.00203,0.00000,0.00000,0.00234,1.00000,0.00000,0.00195,-0.01650,6042.42556,0.25000 ===
227.31736|I|libbeamng.print:18052| === LSTM_TRACE t=100 v=22.90 ws=10.65,8.92,19.89,20.07 cmd=0.732,0.709,0.801,0.826 cap=2247,2164,1548,1599 des=2247,2164,1354,1399 app=2247,2164,1354,1399 abs=nil,nil,nil,nil ebrake=1.00 ibrake=1.00 hasABS=0 sy=10.46 split=1.000,0.875 ===
227.31741|I|libbeamng.print:18052| === LSTM_OBS t=100 10.64713,8.92352,19.89145,20.07025,0.01667,10.46446,-9.73915,0.00148,0.00000,0.00000,0.00183,1.00000,0.00000,0.00196,-0.01562,5831.46380,0.25000 ===
227.36809|I|libbeamng.print:18052| === LSTM_TRACE t=110 v=22.38 ws=3.21,2.06,18.97,19.27 cmd=0.929,0.926,0.878,0.893 cap=2841,2822,1697,1700 des=2841,2822,1485,1488 app=2841,2822,1485,1488 abs=nil,nil,nil,nil ebrake=1.00 ibrake=1.00 hasABS=0 sy=10.47 split=1.000,0.875 ===
227.36815|I|libbeamng.print:18052| === LSTM_OBS t=110 3.20929,2.05800,18.97348,19.27080,-0.00322,10.47424,-9.69008,0.00011,0.00000,0.00000,0.00085,1.00000,0.00000,0.00188,-0.01493,5603.05460,0.25000 ===
227.41751|I|libbeamng.print:18052| === LSTM_TRACE t=120 v=21.91 ws=0.29,0.12,17.67,18.61 cmd=0.978,0.981,0.898,0.900 cap=3026,3038,1700,1700 des=3026,3038,1488,1488 app=3026,3038,1488,1488 abs=nil,nil,nil,nil ebrake=1.00 ibrake=1.00 hasABS=0 sy=10.34 split=1.000,0.875 ===
227.41756|I|libbeamng.print:18052| === LSTM_OBS t=120 0.28701,0.11851,17.67235,18.61467,0.00542,10.33698,-9.69117,-0.00227,0.00000,0.00000,0.00381,1.00000,0.00000,0.00165,-0.01388,5338.15097,0.25000 ===
227.46766|I|libbeamng.print:18052| === LSTM_TRACE t=130 v=21.42 ws=0.09,0.03,16.87,18.01 cmd=0.981,0.984,0.899,0.901 cap=3037,3049,1700,1700 des=3037,3049,1488,1488 app=3037,3049,1488,1488 abs=nil,nil,nil,nil ebrake=1.00 ibrake=1.00 hasABS=0 sy=10.09 split=1.000,0.875 ===
227.46771|I|libbeamng.print:18052| === LSTM_OBS t=130 0.09195,0.02783,16.87105,18.00977,-0.00201,10.08808,-9.58208,-0.00875,0.00000,0.00000,0.00274,1.00000,0.00000,0.00094,-0.01184,5074.53788,0.25000 ===
227.51741|I|libbeamng.print:18052| === LSTM_TRACE t=140 v=20.93 ws=0.03,0.01,15.63,17.04 cmd=0.982,0.985,0.899,0.900 cap=3044,3053,1700,1700 des=3044,3053,1488,1488 app=3044,3053,1488,1488 abs=nil,nil,nil,nil ebrake=1.00 ibrake=1.00 hasABS=0 sy=9.99 split=1.000,0.875 ===
227.51747|I|libbeamng.print:18052| === LSTM_OBS t=140 0.02554,0.01345,15.63413,17.03544,-0.02570,9.98639,-9.53546,-0.00981,0.00000,0.00000,0.00270,1.00000,0.00000,0.00078,-0.00988,4834.51552,0.25000 ===
227.56891|I|libbeamng.print:18052| === LSTM_TRACE t=150 v=20.42 ws=0.01,0.01,14.67,16.48 cmd=0.984,0.986,0.898,0.900 cap=3049,3057,1700,1700 des=3049,3057,1488,1488 app=3049,3057,1488,1488 abs=nil,nil,nil,nil ebrake=1.00 ibrake=1.00 hasABS=0 sy=10.01 split=1.000,0.875 ===
227.56895|I|libbeamng.print:18052| === LSTM_OBS t=150 0.01230,0.00506,14.67219,16.47811,-0.03594,10.00763,-9.58156,-0.01446,0.00000,0.00000,0.00216,1.00000,0.00000,0.00099,-0.00842,4609.28629,0.25000 ===
227.61747|I|libbeamng.print:18052| === LSTM_TRACE t=160 v=19.91 ws=0.00,0.01,13.49,16.44 cmd=0.985,0.987,0.899,0.901 cap=3054,3060,1700,1700 des=3054,3060,1488,1488 app=3054,3060,1488,1488 abs=nil,nil,nil,nil ebrake=1.00 ibrake=1.00 hasABS=0 sy=10.06 split=1.000,0.875 ===
227.61753|I|libbeamng.print:18052| === LSTM_OBS t=160 0.00473,0.01168,13.49282,16.43716,-0.01909,10.06453,-9.65784,-0.02540,0.00000,0.00000,0.00229,1.00000,0.00000,0.00117,-0.00735,4387.59882,0.25000 ===
227.66787|I|libbeamng.print:18052| === LSTM_TRACE t=170 v=19.40 ws=0.00,0.00,12.11,16.11 cmd=0.987,0.989,0.899,0.902 cap=3059,3064,1700,1700 des=3059,3064,1488,1488 app=3059,3064,1488,1488 abs=nil,nil,nil,nil ebrake=1.00 ibrake=1.00 hasABS=0 sy=10.11 split=1.000,0.875 ===
227.66792|I|libbeamng.print:18052| === LSTM_OBS t=170 0.00240,0.00463,12.10806,16.11432,0.00738,10.10980,-9.72920,-0.02469,0.00000,0.00000,0.00234,1.00000,0.00000,0.00098,-0.00663,4167.00700,0.25000 ===
227.71870|I|libbeamng.print:18052| === LSTM_TRACE t=180 v=18.89 ws=0.00,0.00,10.89,16.33 cmd=0.989,0.990,0.899,0.903 cap=3066,3068,1700,1700 des=3066,3068,1488,1488 app=3066,3068,1488,1488 abs=nil,nil,nil,nil ebrake=1.00 ibrake=1.00 hasABS=0 sy=10.14 split=1.000,0.875 ===
227.71882|I|libbeamng.print:18052| === LSTM_OBS t=180 0.00167,0.00386,10.89000,16.32784,0.02121,10.13831,-9.79003,-0.03232,0.00000,0.00000,0.00234,1.00000,0.00000,0.00084,-0.00617,3944.25647,0.25000 ===
227.76812|I|libbeamng.print:18052| === LSTM_TRACE t=190 v=18.38 ws=0.00,0.00,9.02,15.92 cmd=0.991,0.991,0.899,0.904 cap=3071,3072,1700,1700 des=3071,3072,1488,1488 app=3071,3072,1488,1488 abs=nil,nil,nil,nil ebrake=1.00 ibrake=1.00 hasABS=0 sy=10.15 split=1.000,0.875 ===
227.76816|I|libbeamng.print:18052| === LSTM_OBS t=190 0.00071,0.00332,9.01947,15.91560,0.03476,10.14979,-9.82044,-0.03784,0.00000,0.00000,0.00234,1.00000,0.00000,0.00066,-0.00594,3717.27449,0.25000 ===
227.81726|I|libbeamng.print:18052| === LSTM_TRACE t=200 v=17.88 ws=0.00,0.00,7.31,16.30 cmd=0.992,0.992,0.899,0.906 cap=3076,3076,1700,1700 des=3076,3076,1488,1488 app=3076,3076,1488,1488 abs=nil,nil,nil,nil ebrake=1.00 ibrake=1.00 hasABS=0 sy=10.13 split=1.000,0.875 ===
227.81730|I|libbeamng.print:18052| === LSTM_OBS t=200 0.00083,0.00199,7.31050,16.30224,0.04986,10.13131,-9.82898,-0.04684,0.00000,0.00000,0.00249,1.00000,0.00000,0.00055,-0.00580,3485.07335,0.25000 ===
227.86862|I|libbeamng.print:18052| === LSTM_TRACE t=210 v=17.38 ws=0.00,0.01,5.23,16.21 cmd=0.994,0.993,0.900,0.908 cap=3080,3079,1700,1700 des=3080,3079,1488,1488 app=3080,3079,1488,1488 abs=nil,nil,nil,nil ebrake=1.00 ibrake=1.00 hasABS=0 sy=10.09 split=1.000,0.875 ===
227.86875|I|libbeamng.print:18052| === LSTM_OBS t=210 0.00197,0.00569,5.22801,16.21366,0.06321,10.08637,-9.81854,-0.05315,0.00000,0.00000,0.00249,1.00000,0.00000,0.00040,-0.00566,3244.51616,0.25000 ===
227.91732|I|libbeamng.print:18052| === LSTM_TRACE t=220 v=16.87 ws=0.00,0.02,3.86,16.08 cmd=0.995,0.995,0.902,0.913 cap=3083,3082,1700,1700 des=3083,3082,1488,1488 app=3083,3082,1488,1488 abs=nil,nil,nil,nil ebrake=1.00 ibrake=1.00 hasABS=0 sy=10.07 split=1.000,0.875 ===
227.91737|I|libbeamng.print:18052| === LSTM_OBS t=220 0.00459,0.01733,3.85607,16.08475,0.08005,10.07383,-9.84914,-0.04955,0.00000,0.00000,0.00254,1.00000,0.00000,0.00054,-0.00575,3004.70378,0.25000 ===
227.96772|I|libbeamng.print:18052| === LSTM_TRACE t=230 v=16.40 ws=0.01,0.01,2.58,15.97 cmd=0.996,0.995,0.904,0.917 cap=3087,3086,1700,1700 des=3087,3086,1488,1488 app=3086,3086,1488,1488 abs=nil,nil,nil,nil ebrake=1.00 ibrake=1.00 hasABS=0 sy=10.03 split=1.000,0.875 ===
227.96777|I|libbeamng.print:18052| === LSTM_OBS t=230 0.00780,0.01157,2.57871,15.96864,0.17592,10.02795,-9.84163,-0.05666,0.00000,0.00000,0.00265,1.00000,0.00000,0.00057,-0.00617,2753.15993,0.25000 ===
228.01743|I|libbeamng.print:18052| === LSTM_TRACE t=240 v=15.91 ws=0.01,0.01,0.84,15.53 cmd=0.996,0.996,0.908,0.921 cap=3089,3088,1700,1700 des=3089,3088,1488,1488 app=3087,3088,1488,1488 abs=nil,nil,nil,nil ebrake=1.00 ibrake=1.00 hasABS=0 sy=9.95 split=1.000,0.875 ===
228.01749|I|libbeamng.print:18052| === LSTM_OBS t=240 0.00913,0.00660,0.84420,15.53378,0.20620,9.94978,-9.86713,-0.05410,0.00000,0.00000,0.00307,1.00000,0.00000,0.00065,-0.00643,2487.81072,0.25000 ===
228.06796|I|libbeamng.print:18052| === LSTM_TRACE t=250 v=15.44 ws=0.01,0.01,0.13,14.43 cmd=0.997,0.996,0.895,0.909 cap=3090,3089,1700,1700 des=3090,3089,1488,1488 app=3088,3089,1488,1488 abs=nil,nil,nil,nil ebrake=1.00 ibrake=1.00 hasABS=0 sy=9.79 split=1.000,0.875 ===
228.06800|I|libbeamng.print:18052| === LSTM_OBS t=250 0.00526,0.00722,0.13360,14.42908,0.30966,9.78947,-9.73568,-0.04361,0.00000,0.00000,0.00364,1.00000,0.00000,-0.00046,-0.00612,2194.94999,0.25000 ===
228.11707|I|libbeamng.print:18052| === LSTM_TRACE t=260 v=14.94 ws=0.00,0.00,0.03,12.92 cmd=0.996,0.996,0.868,0.874 cap=3089,3087,1686,1700 des=3089,3087,1476,1488 app=3087,3087,1476,1488 abs=nil,nil,nil,nil ebrake=1.00 ibrake=1.00 hasABS=0 sy=9.80 split=1.000,0.875 ===
228.11713|I|libbeamng.print:18052| === LSTM_OBS t=260 0.00099,0.00320,0.03129,12.91923,0.30858,9.79859,-9.77736,-0.03978,0.00000,0.00000,0.00221,1.00000,0.00000,-0.00075,-0.00591,1970.26318,0.25000 ===
228.16747|I|libbeamng.print:18052| === LSTM_TRACE t=270 v=14.45 ws=0.01,0.00,0.04,11.33 cmd=0.996,0.996,0.874,0.875 cap=3087,3087,1696,1700 des=3087,3087,1484,1488 app=3085,3086,1484,1488 abs=nil,nil,nil,nil ebrake=1.00 ibrake=1.00 hasABS=0 sy=9.83 split=1.000,0.875 ===
228.16752|I|libbeamng.print:18052| === LSTM_OBS t=270 0.01142,0.00372,0.03919,11.33404,0.31194,9.82818,-9.80087,-0.03709,0.00000,0.00000,0.00216,1.00000,0.00000,0.00009,-0.00628,1761.95292,0.25000 ===
228.21713|I|libbeamng.print:18052| === LSTM_TRACE t=280 v=13.95 ws=0.00,0.00,0.00,9.67 cmd=0.995,0.996,0.881,0.877 cap=3086,3087,1700,1700 des=3086,3087,1488,1488 app=3083,3086,1488,1488 abs=nil,nil,nil,nil ebrake=1.00 ibrake=1.00 hasABS=0 sy=9.83 split=1.000,0.875 ===
228.21718|I|libbeamng.print:18052| === LSTM_OBS t=280 0.00036,0.00400,0.00389,9.66997,0.33921,9.82559,-9.78123,-0.04591,0.00000,0.00000,0.00278,1.00000,0.00000,0.00078,-0.00679,1555.65293,0.25000 ===
228.26779|I|libbeamng.print:18052| === LSTM_TRACE t=290 v=13.47 ws=0.00,0.00,0.01,7.85 cmd=0.996,0.996,0.883,0.879 cap=3086,3088,1700,1700 des=3086,3088,1488,1488 app=3083,3086,1488,1488 abs=nil,nil,nil,nil ebrake=1.00 ibrake=1.00 hasABS=0 sy=9.80 split=1.000,0.875 ===
228.26784|I|libbeamng.print:18052| === LSTM_OBS t=290 0.00061,0.00285,0.00986,7.85455,0.35515,9.79779,-9.76409,-0.05192,0.00000,0.00000,0.00307,1.00000,0.00000,0.00100,-0.00718,1338.61222,0.25000 ===
228.31783|I|libbeamng.print:18052| === LSTM_TRACE t=300 v=12.99 ws=0.00,0.00,0.01,5.39 cmd=0.996,0.996,0.884,0.880 cap=3087,3089,1700,1700 des=3087,3089,1488,1488 app=3083,3087,1488,1488 abs=nil,nil,nil,nil ebrake=1.00 ibrake=1.00 hasABS=0 sy=9.76 split=1.000,0.875 ===
228.31789|I|libbeamng.print:18052| === LSTM_OBS t=300 0.00298,0.00103,0.00714,5.39043,0.35121,9.75786,-9.74345,-0.05709,0.00000,0.00000,0.00305,1.00000,0.00000,0.00106,-0.00739,1119.35494,0.25000 ===
228.36778|I|libbeamng.print:18052| === LSTM_TRACE t=310 v=12.49 ws=0.01,0.00,0.03,3.47 cmd=0.996,0.996,0.885,0.880 cap=3086,3088,1700,1700 des=3086,3088,1488,1488 app=3082,3086,1488,1488 abs=nil,nil,nil,nil ebrake=1.00 ibrake=1.00 hasABS=0 sy=9.77 split=1.000,0.875 ===
228.36783|I|libbeamng.print:18052| === LSTM_OBS t=310 0.00921,0.00475,0.03070,3.47052,0.36398,9.77405,-9.73094,-0.06144,0.00000,0.00000,0.00297,1.00000,0.00000,0.00072,-0.00760,909.44873,0.25000 ===
228.41732|I|libbeamng.print:18052| === LSTM_TRACE t=320 v=12.01 ws=0.00,0.00,0.04,0.33 cmd=0.995,0.996,0.886,0.879 cap=3083,3086,1700,1700 des=3083,3086,1488,1488 app=3079,3084,1488,1488 abs=nil,nil,nil,nil ebrake=1.00 ibrake=1.00 hasABS=0 sy=9.79 split=1.000,0.875 ===
228.41737|I|libbeamng.print:18052| === LSTM_OBS t=320 0.00283,0.00017,0.03813,0.33264,0.33224,9.78987,-9.76422,-0.06322,0.00000,0.00000,0.00398,1.00000,0.00000,-0.00006,-0.00823,754.90560,0.25000 ===
228.46752|I|libbeamng.print:18052| === LSTM_TRACE t=330 v=11.53 ws=0.02,0.01,0.08,0.06 cmd=0.994,0.996,0.884,0.882 cap=3083,3086,1700,1700 des=3083,3086,1488,1488 app=3078,3083,1488,1488 abs=nil,nil,nil,nil ebrake=1.00 ibrake=1.00 hasABS=0 sy=9.71 split=1.000,0.875 ===
228.46757|I|libbeamng.print:18052| === LSTM_OBS t=330 0.02117,0.00624,0.07551,0.06146,0.31973,9.71456,-9.75603,-0.05798,0.00000,0.00000,0.00234,1.00000,0.00000,-0.00022,-0.00867,729.58064,0.25000 ===
228.51739|I|libbeamng.print:18052| === LSTM_TRACE t=340 v=11.05 ws=0.00,0.00,0.01,0.03 cmd=0.994,0.995,0.883,0.881 cap=3082,3086,1700,1700 des=3082,3086,1488,1488 app=3076,3083,1488,1488 abs=nil,nil,nil,nil ebrake=1.00 ibrake=1.00 hasABS=0 sy=9.67 split=1.000,0.875 ===
228.51745|I|libbeamng.print:18052| === LSTM_OBS t=340 0.00257,0.00310,0.01265,0.03373,0.32898,9.67448,-9.73275,-0.06334,0.00000,0.00000,0.00357,1.00000,0.00000,-0.00047,-0.00874,729.51958,0.25000 ===
228.56766|I|libbeamng.print:18052| === LSTM_TRACE t=350 v=10.56 ws=0.00,0.00,0.02,0.02 cmd=0.994,0.995,0.883,0.882 cap=3081,3085,1700,1700 des=3081,3085,1488,1488 app=3076,3082,1488,1488 abs=nil,nil,nil,nil ebrake=1.00 ibrake=1.00 hasABS=0 sy=9.69 split=1.000,0.875 ===
228.56774|I|libbeamng.print:18052| === LSTM_OBS t=350 0.00435,0.00331,0.01736,0.01642,0.34747,9.69232,-9.71364,-0.05822,0.00000,0.00000,0.00398,1.00000,0.00000,-0.00101,-0.00891,728.18388,0.25000 ===
228.61713|I|libbeamng.print:18052| === LSTM_TRACE t=360 v=10.07 ws=0.01,0.00,0.01,0.01 cmd=0.994,0.995,0.883,0.882 cap=3081,3085,1700,1700 des=3081,3085,1488,1488 app=3075,3081,1488,1488 abs=nil,nil,nil,nil ebrake=1.00 ibrake=1.00 hasABS=0 sy=9.72 split=1.000,0.875 ===
228.61717|I|libbeamng.print:18052| === LSTM_OBS t=360 0.00619,0.00396,0.00582,0.01384,0.35405,9.71870,-9.71360,-0.05657,0.00000,0.00000,0.00430,1.00000,0.00000,-0.00122,-0.00911,729.52861,0.25000 ===
228.66763|I|libbeamng.print:18052| === LSTM_TRACE t=370 v=9.58 ws=0.00,0.00,0.00,0.00 cmd=0.994,0.995,0.883,0.882 cap=3081,3085,1700,1700 des=3081,3085,1488,1488 app=3075,3081,1488,1488 abs=nil,nil,nil,nil ebrake=1.00 ibrake=1.00 hasABS=0 sy=9.76 split=1.000,0.875 ===
228.66768|I|libbeamng.print:18052| === LSTM_OBS t=370 0.00323,0.00002,0.00039,0.00081,0.37145,9.75733,-9.70729,-0.05552,0.00000,0.00000,0.00411,1.00000,0.00000,-0.00136,-0.00934,728.26005,0.25000 ===
228.71739|I|libbeamng.print:18052| === LSTM_TRACE t=380 v=9.08 ws=0.00,0.00,0.00,0.01 cmd=0.994,0.995,0.883,0.882 cap=3081,3085,1700,1700 des=3081,3085,1488,1488 app=3075,3081,1488,1488 abs=nil,nil,nil,nil ebrake=1.00 ibrake=1.00 hasABS=0 sy=9.81 split=1.000,0.875 ===
228.71744|I|libbeamng.print:18052| === LSTM_OBS t=380 0.00153,0.00185,0.00439,0.01047,0.39614,9.80678,-9.70545,-0.05329,0.00000,0.00000,0.00433,1.00000,0.00000,-0.00148,-0.00958,729.17545,0.25000 ===
228.76813|I|libbeamng.print:18052| === LSTM_TRACE t=390 v=8.57 ws=0.00,0.00,0.00,0.00 cmd=0.994,0.995,0.883,0.882 cap=3082,3085,1700,1700 des=3082,3085,1488,1488 app=3075,3081,1487,1488 abs=nil,nil,nil,nil ebrake=1.00 ibrake=1.00 hasABS=0 sy=9.86 split=1.000,0.875 ===
228.76818|I|libbeamng.print:18052| === LSTM_OBS t=390 0.00427,0.00199,0.00076,0.00115,0.42620,9.86235,-9.70104,-0.05180,0.00000,0.00000,0.00453,1.00000,0.00000,-0.00161,-0.00981,727.91108,0.25000 ===
228.81722|I|libbeamng.print:18052| === LSTM_TRACE t=400 v=8.07 ws=0.00,0.00,0.01,0.01 cmd=0.994,0.995,0.883,0.882 cap=3082,3085,1700,1700 des=3082,3085,1488,1488 app=3075,3080,1487,1488 abs=nil,nil,nil,nil ebrake=1.00 ibrake=1.00 hasABS=0 sy=9.92 split=1.000,0.875 ===
228.81726|I|libbeamng.print:18052| === LSTM_OBS t=400 0.00272,0.00327,0.00623,0.00790,0.45516,9.92466,-9.69854,-0.04938,0.00000,0.00000,0.00467,1.00000,0.00000,-0.00174,-0.01003,726.83315,0.25000 ===
228.86759|I|libbeamng.print:18052| === LSTM_TRACE t=410 v=7.56 ws=0.00,0.00,0.00,0.00 cmd=0.994,0.995,0.884,0.882 cap=3082,3085,1700,1700 des=3082,3085,1488,1488 app=3075,3080,1487,1488 abs=nil,nil,nil,nil ebrake=1.00 ibrake=1.00 hasABS=0 sy=10.00 split=1.000,0.875 ===
228.86763|I|libbeamng.print:18052| === LSTM_OBS t=410 0.00467,0.00044,0.00369,0.00230,0.48441,9.99803,-9.69562,-0.04752,0.00000,0.00000,0.00487,1.00000,0.00000,-0.00187,-0.01024,725.23359,0.25000 ===
228.91726|I|libbeamng.print:18052| === LSTM_TRACE t=420 v=7.03 ws=0.00,0.00,0.00,0.01 cmd=0.995,0.995,0.884,0.882 cap=3083,3084,1700,1700 des=3083,3084,1488,1488 app=3076,3080,1487,1488 abs=nil,nil,nil,nil ebrake=1.00 ibrake=1.00 hasABS=0 sy=10.09 split=1.000,0.875 ===
228.91731|I|libbeamng.print:18052| === LSTM_OBS t=420 0.00298,0.00344,0.00145,0.00675,0.51360,10.09465,-9.69546,-0.04433,0.00000,0.00000,0.00502,1.00000,0.00000,-0.00198,-0.01048,725.20094,0.25000 ===
228.96914|I|libbeamng.print:18052| === LSTM_TRACE t=430 v=6.51 ws=0.01,0.00,0.00,0.00 cmd=0.995,0.995,0.884,0.882 cap=3083,3084,1700,1700 des=3083,3084,1488,1488 app=3076,3080,1487,1488 abs=nil,nil,nil,nil ebrake=1.00 ibrake=1.00 hasABS=0 sy=10.21 split=1.000,0.875 ===
228.96919|I|libbeamng.print:18052| === LSTM_OBS t=430 0.00607,0.00013,0.00320,0.00047,0.54481,10.20522,-9.69446,-0.04256,0.00000,0.00000,0.00527,1.00000,0.00000,-0.00210,-0.01075,725.40519,0.25000 ===
229.01754|I|libbeamng.print:18052| === LSTM_TRACE t=440 v=5.97 ws=0.00,0.00,0.01,0.01 cmd=0.995,0.995,0.884,0.882 cap=3084,3084,1700,1700 des=3084,3084,1488,1488 app=3076,3079,1487,1488 abs=nil,nil,nil,nil ebrake=1.00 ibrake=1.00 hasABS=0 sy=10.32 split=1.000,0.875 ===
229.01767|I|libbeamng.print:18052| === LSTM_OBS t=440 0.00271,0.00217,0.00539,0.00766,0.57582,10.32210,-9.69324,-0.03940,0.00000,0.00000,0.00547,1.00000,0.00000,-0.00221,-0.01102,728.43942,0.25000 ===
229.06755|I|libbeamng.print:18052| === LSTM_TRACE t=450 v=5.43 ws=0.00,0.00,0.02,0.02 cmd=0.995,0.995,0.885,0.882 cap=3085,3085,1700,1700 des=3085,3085,1488,1488 app=3077,3079,1487,1488 abs=nil,nil,nil,nil ebrake=1.00 ibrake=1.00 hasABS=0 sy=10.43 split=1.000,0.875 ===
229.06760|I|libbeamng.print:18052| === LSTM_OBS t=450 0.00447,0.00077,0.01811,0.01964,0.60603,10.42998,-9.69299,-0.03634,0.00000,0.00000,0.00559,1.00000,0.00000,-0.00233,-0.01126,727.61758,0.25000 ===
229.11733|I|libbeamng.print:18052| === LSTM_TRACE t=460 v=4.89 ws=0.00,0.00,0.01,0.01 cmd=0.995,0.995,0.885,0.882 cap=3085,3085,1700,1700 des=3085,3085,1488,1488 app=3077,3079,1487,1488 abs=nil,nil,nil,nil ebrake=1.00 ibrake=1.00 hasABS=0 sy=10.54 split=1.000,0.875 ===
229.11739|I|libbeamng.print:18052| === LSTM_OBS t=460 0.00142,0.00386,0.00669,0.00617,0.63565,10.53571,-9.69252,-0.03325,0.00000,0.00000,0.00573,1.00000,0.00000,-0.00243,-0.01150,729.63573,0.25000 ===
229.16753|I|libbeamng.print:18052| === LSTM_TRACE t=470 v=4.34 ws=0.00,0.00,0.00,0.00 cmd=0.995,0.995,0.885,0.882 cap=3086,3085,1700,1700 des=3086,3085,1488,1488 app=3078,3079,1487,1488 abs=nil,nil,nil,nil ebrake=1.00 ibrake=1.00 hasABS=0 sy=10.66 split=1.000,0.875 ===
229.16758|I|libbeamng.print:18052| === LSTM_OBS t=470 0.00388,0.00048,0.00342,0.00259,0.66694,10.66163,-9.69599,-0.03072,0.00000,0.00000,0.00593,1.00000,0.00000,-0.00255,-0.01183,728.79604,0.25000 ===
229.21724|I|libbeamng.print:18052| === LSTM_TRACE t=480 v=3.78 ws=0.00,0.00,0.00,0.01 cmd=0.996,0.995,0.885,0.882 cap=3086,3085,1700,1700 des=3086,3085,1488,1488 app=3078,3079,1486,1488 abs=nil,nil,nil,nil ebrake=1.00 ibrake=1.00 hasABS=0 sy=10.78 split=1.000,0.875 ===
229.21731|I|libbeamng.print:18052| === LSTM_OBS t=480 0.00160,0.00323,0.00132,0.00580,0.69690,10.78263,-9.69111,-0.02706,0.00000,0.00000,0.00614,1.00000,0.00000,-0.00266,-0.01215,729.15091,0.25000 ===
229.26783|I|libbeamng.print:18052| === LSTM_TRACE t=490 v=3.22 ws=0.00,0.00,0.01,0.00 cmd=0.996,0.995,0.885,0.883 cap=3087,3085,1700,1700 des=3087,3085,1488,1488 app=3078,3079,1486,1488 abs=nil,nil,nil,nil ebrake=1.00 ibrake=1.00 hasABS=0 sy=10.90 split=1.000,0.875 ===
229.26788|I|libbeamng.print:18052| === LSTM_OBS t=490 0.00488,0.00115,0.00642,0.00474,0.72474,10.90097,-9.68267,-0.02399,0.00000,0.00000,0.00631,1.00000,0.00000,-0.00278,-0.01243,726.31682,0.25000 ===
229.31791|I|libbeamng.print:18052| === LSTM_TRACE t=500 v=2.65 ws=0.00,0.00,0.00,0.00 cmd=0.996,0.995,0.886,0.883 cap=3087,3085,1700,1700 des=3087,3085,1488,1488 app=3079,3079,1486,1488 abs=nil,nil,nil,nil ebrake=1.00 ibrake=1.00 hasABS=0 sy=11.01 split=1.000,0.875 ===
229.31799|I|libbeamng.print:18052| === LSTM_OBS t=500 0.00280,0.00283,0.00153,0.00266,0.75242,11.00648,-9.67209,-0.02019,0.00000,0.00000,0.00639,1.00000,0.00000,-0.00289,-0.01264,728.52492,0.25000 ===
229.36821|I|libbeamng.print:18052| === LSTM_TRACE t=510 v=2.08 ws=0.00,0.00,0.05,0.06 cmd=0.996,0.995,0.886,0.883 cap=3088,3085,1700,1700 des=3088,3085,1488,1488 app=3079,3079,1486,1488 abs=nil,nil,nil,nil ebrake=1.00 ibrake=1.00 hasABS=0 sy=11.11 split=1.000,0.875 ===
229.36827|I|libbeamng.print:18052| === LSTM_OBS t=510 0.00466,0.00124,0.05486,0.05562,0.77992,11.11067,-9.66145,-0.01649,0.00000,0.00000,0.00655,1.00000,0.00000,-0.00300,-0.01277,728.26290,0.25000 ===
229.41733|I|libbeamng.print:18052| === LSTM_TRACE t=520 v=1.50 ws=0.00,0.00,0.15,0.03 cmd=0.996,0.995,0.886,0.883 cap=3088,3085,1700,1700 des=3088,3085,1488,1488 app=3079,3079,1486,1488 abs=nil,nil,nil,nil ebrake=1.00 ibrake=1.00 hasABS=0 sy=11.20 split=1.000,0.875 ===
229.41739|I|libbeamng.print:18052| === LSTM_OBS t=520 0.00376,0.00090,0.15491,0.02858,0.81026,11.20212,-9.64694,-0.01396,0.00000,0.00000,0.00665,1.00000,0.00000,-0.00316,-0.01281,726.66319,0.25000 ===
229.46833|I|libbeamng.print:18052| === LSTM_TRACE t=530 v=0.91 ws=0.01,0.00,1.04,0.02 cmd=0.996,0.995,0.886,0.884 cap=3089,3085,1700,1700 des=3089,3085,1488,1488 app=3080,3079,1486,1488 abs=nil,nil,nil,nil ebrake=1.00 ibrake=1.00 hasABS=0 sy=11.34 split=1.000,0.875 ===
229.46844|I|libbeamng.print:18052| === LSTM_OBS t=530 0.00605,0.00234,1.04333,0.02016,0.85343,11.34171,-9.64588,0.00478,0.00000,0.00000,0.00678,1.00000,0.00000,-0.00338,-0.01274,725.07830,0.25000 ===
233.58583|I|libbeamng.print:18052| === LSTM_ABS: lens 'band_g_mix_b7p5o3' loaded (1 member, 17 in, 64 hidden, 2 layers) ===
233.58733|I|libbeamng.print:18052| === LSTM_ABS SELFTEST lens=band_g_mix_b7p5o3 cmd=0.916850,0.840446,0.532891,0.618252 ===
263.41560|I|libbeamng.print:18052| === LSTM_TRACE t=0 v=27.71 ws=27.68,27.76,27.29,27.32 cmd=0.913,0.904,0.448,0.469 cap=155,155,97,97 des=155,155,85,85 app=154,154,85,85 abs=nil,nil,nil,nil ebrake=1.00 ibrake=1.00 hasABS=0 sy=1.56 split=1.000,0.875 ===
263.41574|I|libbeamng.print:18052| === LSTM_OBS t=0 27.67908,27.76340,27.28697,27.31592,0.01551,1.56470,-9.75346,-0.00153,0.00000,0.00000,0.00049,1.00000,0.00000,0.00073,-0.00908,7857.25937,0.25000 ===
263.46316|I|libbeamng.print:18052| === LSTM_TRACE t=10 v=27.50 ws=27.44,27.56,26.92,27.04 cmd=0.125,0.127,0.458,0.428 cap=406,410,875,820 des=406,410,766,718 app=403,408,763,717 abs=nil,nil,nil,nil ebrake=1.00 ibrake=1.00 hasABS=0 sy=1.98 split=1.000,0.875 ===
263.46323|I|libbeamng.print:18052| === LSTM_OBS t=10 27.43719,27.55607,26.92020,27.04419,0.00544,1.97722,-9.75872,-0.00097,0.00000,0.00000,0.00221,1.00000,0.00000,0.00074,-0.00976,7785.00101,0.25000 ===
263.48387|I|libbeamng.print:18052| === LSTM_ABS DBG raw=27.2844,27.3183,26.6642,26.7989,0.0381,2.2079,-9.7361,-0.0041,0.0000,0.0000,0.0010,1.0000,0.0000,0.0009,-0.0101,7724.0450,0.2500 ===
263.48391|I|libbeamng.print:18052| === LSTM_ABS DBG norm=0.61,0.56,0.53,0.52,-0.12,-2.22,0.00,-0.01,0.06,-0.06,-0.09,0.59,-0.02,0.00,0.00,3.83,0.00 ===
263.48392|I|libbeamng.print:18052| === LSTM_ABS DBG cmd=0.1232,0.1309,0.4525,0.4185 ===
263.51321|I|libbeamng.print:18052| === LSTM_TRACE t=20 v=27.30 ws=27.05,27.23,26.34,26.46 cmd=0.141,0.151,0.435,0.400 cap=440,469,851,784 des=440,469,745,686 app=437,467,742,686 abs=nil,nil,nil,nil ebrake=1.00 ibrake=1.00 hasABS=0 sy=2.54 split=1.000,0.875 ===
263.51326|I|libbeamng.print:18052| === LSTM_OBS t=20 27.05447,27.22768,26.34190,26.46154,0.00625,2.53583,-9.59898,0.00259,0.00000,0.00000,0.00000,1.00000,0.00000,0.00084,-0.01036,7632.25108,0.25000 ===
263.56444|I|libbeamng.print:18052| === LSTM_TRACE t=30 v=27.05 ws=26.91,26.93,25.99,26.22 cmd=0.160,0.172,0.446,0.407 cap=489,525,864,789 des=489,525,756,690 app=487,523,754,690 abs=nil,nil,nil,nil ebrake=1.00 ibrake=1.00 hasABS=0 sy=3.14 split=1.000,0.875 ===
263.56451|I|libbeamng.print:18052| === LSTM_OBS t=30 26.90858,26.93283,25.98886,26.21602,-0.03388,3.13953,-9.50465,-0.00144,0.00000,0.00000,0.00049,1.00000,0.00000,0.00088,-0.01027,7523.62738,0.25000 ===
263.61353|I|libbeamng.print:18052| === LSTM_TRACE t=40 v=26.78 ws=26.56,26.61,25.82,25.90 cmd=0.205,0.224,0.486,0.439 cap=611,665,933,844 des=611,665,817,739 app=608,663,816,739 abs=nil,nil,nil,nil ebrake=1.00 ibrake=1.00 hasABS=0 sy=3.78 split=1.000,0.875 ===
263.61359|I|libbeamng.print:18052| === LSTM_OBS t=40 26.55956,26.61155,25.82346,25.89970,-0.00850,3.78437,-9.58146,-0.00926,0.00000,0.00000,0.00000,1.00000,0.00000,0.00078,-0.01016,7444.37928,0.25000 ===
263.66345|I|libbeamng.print:18052| === LSTM_TRACE t=50 v=26.44 ws=26.07,26.11,25.51,25.69 cmd=0.276,0.299,0.523,0.470 cap=829,897,1009,906 des=829,897,883,793 app=826,895,882,793 abs=nil,nil,nil,nil ebrake=1.00 ibrake=1.00 hasABS=0 sy=4.42 split=1.000,0.875 ===
263.66352|I|libbeamng.print:18052| === LSTM_OBS t=50 26.07145,26.10824,25.51333,25.68616,-0.01549,4.42288,-9.65905,0.00572,0.00000,0.00000,0.00049,1.00000,0.00000,0.00078,-0.01028,7364.26636,0.25000 ===
263.71475|I|libbeamng.print:18052| === LSTM_TRACE t=60 v=26.09 ws=25.58,25.56,25.19,25.28 cmd=0.354,0.379,0.559,0.501 cap=1077,1157,1079,967 des=1077,1157,944,846 app=1074,1155,944,846 abs=nil,nil,nil,nil ebrake=1.00 ibrake=1.00 hasABS=0 sy=5.07 split=1.000,0.875 ===
263.71481|I|libbeamng.print:18052| === LSTM_OBS t=60 25.57979,25.55674,25.19295,25.28377,0.01879,5.06764,-9.70867,-0.00504,0.00000,0.00000,0.00085,1.00000,0.00000,0.00051,-0.01068,7270.72242,0.25000 ===
263.76357|I|libbeamng.print:18052| === LSTM_TRACE t=70 v=25.69 ws=24.94,25.08,24.67,25.04 cmd=0.441,0.457,0.578,0.520 cap=1325,1384,1122,1010 des=1325,1384,982,883 app=1322,1382,982,883 abs=nil,nil,nil,nil ebrake=1.00 ibrake=1.00 hasABS=0 sy=5.79 split=1.000,0.875 ===
263.76363|I|libbeamng.print:18052| === LSTM_OBS t=70 24.93611,25.08075,24.67009,25.03539,0.02211,5.78634,-9.76858,0.01187,0.00000,0.00000,0.00162,1.00000,0.00000,0.00038,-0.01125,7159.86820,0.25000 ===
263.81343|I|libbeamng.print:18052| === LSTM_TRACE t=80 v=25.25 ws=24.29,24.44,24.30,24.45 cmd=0.554,0.554,0.603,0.554 cap=1704,1702,1171,1075 des=1704,1702,1025,940 app=1702,1702,1025,940 abs=nil,nil,nil,nil ebrake=1.00 ibrake=1.00 hasABS=0 sy=6.58 split=1.000,0.875 ===
263.81349|I|libbeamng.print:18052| === LSTM_OBS t=80 24.28702,24.43611,24.30161,24.45153,0.04243,6.58451,-9.86607,0.00711,0.00000,0.00000,0.00192,1.00000,0.00000,0.00037,-0.01204,7037.04192,0.25000 ===
263.86423|I|libbeamng.print:18052| === LSTM_TRACE t=90 v=24.75 ws=23.62,23.69,23.64,23.92 cmd=0.639,0.627,0.628,0.605 cap=1991,1933,1217,1168 des=1991,1933,1065,1022 app=1991,1933,1065,1022 abs=nil,nil,nil,nil ebrake=1.00 ibrake=1.00 hasABS=0 sy=7.37 split=1.000,0.875 ===
263.86431|I|libbeamng.print:18052| === LSTM_OBS t=90 23.62405,23.68803,23.64237,23.91801,0.03260,7.37373,-9.88777,-0.00762,0.00000,0.00000,0.00283,1.00000,0.00000,0.00044,-0.01309,6894.55283,0.25000 ===
263.91640|I|libbeamng.print:18052| === LSTM_TRACE t=100 v=24.22 ws=22.72,22.97,23.02,23.29 cmd=0.703,0.689,0.673,0.675 cap=2252,2174,1313,1320 des=2252,2174,1149,1155 app=2252,2174,1149,1155 abs=nil,nil,nil,nil ebrake=1.00 ibrake=1.00 hasABS=0 sy=8.20 split=1.000,0.875 ===
263.91651|I|libbeamng.print:18052| === LSTM_OBS t=100 22.71745,22.97494,23.01636,23.28522,0.03811,8.19627,-9.89068,-0.00074,0.00000,0.00000,0.00278,1.00000,0.00000,0.00054,-0.01417,6724.28680,0.25000 ===
263.96391|I|libbeamng.print:18052| === LSTM_TRACE t=110 v=23.66 ws=22.05,22.23,22.47,22.42 cmd=0.765,0.749,0.698,0.712 cap=2257,2209,1356,1380 des=2257,2209,1186,1208 app=2257,2209,1186,1208 abs=nil,nil,nil,nil ebrake=1.00 ibrake=1.00 hasABS=0 sy=9.01 split=1.000,0.875 ===
263.96399|I|libbeamng.print:18052| === LSTM_OBS t=110 22.04954,22.23006,22.46651,22.42282,0.03624,9.00743,-9.83436,0.00188,0.00000,0.00000,0.00285,1.00000,0.00000,0.00076,-0.01516,6528.42922,0.25000 ===
264.01331|I|libbeamng.print:18052| === LSTM_TRACE t=120 v=23.08 ws=21.08,21.50,21.64,21.78 cmd=0.717,0.705,0.712,0.727 cap=2363,2319,1381,1412 des=2363,2319,1208,1236 app=2363,2319,1208,1236 abs=nil,nil,nil,nil ebrake=1.00 ibrake=1.00 hasABS=0 sy=9.69 split=1.000,0.875 ===
264.01335|I|libbeamng.print:18052| === LSTM_OBS t=120 21.08346,21.49555,21.64036,21.77680,0.02831,9.69159,-9.76603,0.00102,0.00000,0.00000,0.00293,1.00000,0.00000,0.00114,-0.01584,6324.50416,0.25000 ===
264.06315|I|libbeamng.print:18052| === LSTM_TRACE t=130 v=22.49 ws=20.02,20.83,20.82,21.16 cmd=0.700,0.707,0.721,0.735 cap=2566,2504,1426,1464 des=2566,2504,1248,1281 app=2566,2504,1248,1281 abs=nil,nil,nil,nil ebrake=1.00 ibrake=1.00 hasABS=0 sy=10.27 split=1.000,0.875 ===
264.06320|I|libbeamng.print:18052| === LSTM_OBS t=130 20.02312,20.82503,20.81713,21.15609,0.02760,10.26613,-9.69948,-0.00115,0.00000,0.00000,0.00285,1.00000,0.00000,0.00142,-0.01627,6118.16123,0.25000 ===
264.11388|I|libbeamng.print:18052| === LSTM_TRACE t=140 v=21.90 ws=18.95,20.21,20.06,20.39 cmd=0.753,0.761,0.731,0.750 cap=2486,2468,1444,1482 des=2486,2468,1263,1297 app=2486,2468,1263,1297 abs=nil,nil,nil,nil ebrake=1.00 ibrake=1.00 hasABS=0 sy=10.71 split=1.000,0.875 ===
264.11392|I|libbeamng.print:18052| === LSTM_OBS t=140 18.94633,20.21087,20.06142,20.39277,0.01740,10.70967,-9.65722,-0.00375,0.00000,0.00000,0.00331,1.00000,0.00000,0.00153,-0.01663,5910.28432,0.25000 ===
264.16323|I|libbeamng.print:18052| === LSTM_TRACE t=150 v=21.32 ws=17.76,19.89,19.32,19.66 cmd=0.789,0.794,0.754,0.775 cap=2019,2099,1451,1480 des=2019,2099,1269,1295 app=2043,2099,1269,1295 abs=nil,nil,nil,nil ebrake=1.00 ibrake=1.00 hasABS=0 sy=11.04 split=1.000,0.875 ===
264.16331|I|libbeamng.print:18052| === LSTM_OBS t=150 17.75805,19.89356,19.32114,19.66384,0.01860,11.03861,-9.60957,-0.01131,0.00000,0.00000,0.00244,1.00000,0.00000,0.00153,-0.01675,5699.66037,0.25000 ===
264.21290|I|libbeamng.print:18052| === LSTM_TRACE t=160 v=20.73 ws=17.15,19.39,18.73,18.84 cmd=0.861,0.851,0.762,0.784 cap=2204,2248,1460,1495 des=2204,2248,1278,1308 app=2204,2248,1278,1308 abs=nil,nil,nil,nil ebrake=1.00 ibrake=1.00 hasABS=0 sy=11.25 split=1.000,0.875 ===
264.21294|I|libbeamng.print:18052| === LSTM_OBS t=160 17.14510,19.39275,18.73375,18.83824,0.05012,11.25272,-9.59852,-0.01661,0.00000,0.00000,0.00388,1.00000,0.00000,0.00127,-0.01682,5486.23618,0.25000 ===
264.26345|I|libbeamng.print:18052| === LSTM_TRACE t=170 v=20.13 ws=16.27,18.54,18.19,17.92 cmd=0.783,0.793,0.749,0.761 cap=2464,2417,1490,1527 des=2464,2417,1304,1336 app=2409,2417,1304,1336 abs=nil,nil,nil,nil ebrake=1.00 ibrake=1.00 hasABS=0 sy=11.40 split=1.000,0.875 ===
264.26353|I|libbeamng.print:18052| === LSTM_OBS t=170 16.27055,18.54475,18.18548,17.92160,0.07073,11.40246,-9.62051,-0.02060,0.00000,0.00000,0.00357,1.00000,0.00000,0.00078,-0.01659,5276.29734,0.25000 ===
264.31296|I|libbeamng.print:18052| === LSTM_TRACE t=180 v=19.54 ws=15.36,17.57,17.77,16.88 cmd=0.584,0.609,0.763,0.768 cap=2502,2438,1476,1507 des=2502,2438,1291,1319 app=2502,2438,1291,1319 abs=nil,nil,nil,nil ebrake=1.00 ibrake=1.00 hasABS=0 sy=11.52 split=1.000,0.875 ===
264.31301|I|libbeamng.print:18052| === LSTM_OBS t=180 15.36105,17.57221,17.77064,16.87562,0.10756,11.51810,-9.59768,0.00093,0.00000,0.00000,0.00244,1.00000,0.00000,0.00040,-0.01641,5072.71502,0.25000 ===
264.36319|I|libbeamng.print:18052| === LSTM_TRACE t=190 v=18.95 ws=15.10,16.83,17.26,15.71 cmd=0.621,0.655,0.730,0.733 cap=2534,2511,1461,1483 des=2534,2511,1278,1297 app=2534,2511,1278,1297 abs=nil,nil,nil,nil ebrake=1.00 ibrake=1.00 hasABS=0 sy=11.60 split=1.000,0.875 ===
264.36324|I|libbeamng.print:18052| === LSTM_OBS t=190 15.10398,16.83147,17.25993,15.71283,0.13584,11.60286,-9.61596,-0.00061,0.00000,0.00000,0.00221,1.00000,0.00000,0.00021,-0.01619,4872.02126,0.25000 ===
264.41337|I|libbeamng.print:18052| === LSTM_TRACE t=200 v=18.37 ws=14.06,16.49,17.17,14.85 cmd=0.610,0.612,0.711,0.720 cap=2536,2504,1353,1390 des=2536,2504,1184,1216 app=2536,2504,1184,1216 abs=nil,nil,nil,nil ebrake=1.00 ibrake=1.00 hasABS=0 sy=11.68 split=1.000,0.875 ===
264.41343|I|libbeamng.print:18052| === LSTM_OBS t=200 14.06131,16.49005,17.16692,14.84664,0.17680,11.68217,-9.62124,-0.00616,0.00000,0.00000,0.00409,1.00000,0.00000,0.00007,-0.01608,4678.22584,0.25000 ===
264.46328|I|libbeamng.print:18052| === LSTM_TRACE t=210 v=17.78 ws=13.11,16.22,16.40,13.60 cmd=0.753,0.745,0.593,0.621 cap=2799,2737,1209,1284 des=2799,2737,1058,1124 app=2517,2498,1058,1124 abs=nil,nil,nil,nil ebrake=1.00 ibrake=1.00 hasABS=0 sy=11.72 split=1.000,0.875 ===
264.46332|I|libbeamng.print:18052| === LSTM_OBS t=210 13.10804,16.22113,16.39617,13.59515,0.19466,11.71894,-9.64833,0.01522,0.00000,0.00000,0.00311,1.00000,0.00000,0.00009,-0.01591,4507.91868,0.25000 ===
264.51305|I|libbeamng.print:18052| === LSTM_TRACE t=220 v=17.17 ws=11.63,15.72,15.76,12.06 cmd=0.767,0.760,0.392,0.423 cap=1508,1706,802,840 des=1508,1706,702,735 app=1865,1799,702,735 abs=nil,nil,nil,nil ebrake=1.00 ibrake=1.00 hasABS=0 sy=11.73 split=1.000,0.875 ===
264.51309|I|libbeamng.print:18052| === LSTM_OBS t=220 11.63444,15.72233,15.75514,12.06443,0.19378,11.72924,-9.65955,0.02349,0.00000,0.00000,0.00176,1.00000,0.00000,0.00019,-0.01611,4430.75323,0.25000 ===
264.56294|I|libbeamng.print:18052| === LSTM_TRACE t=230 v=16.60 ws=10.65,15.42,15.58,10.62 cmd=0.620,0.632,0.300,0.312 cap=2268,2240,576,608 des=2268,2240,504,532 app=2268,2240,504,532 abs=nil,nil,nil,nil ebrake=1.00 ibrake=1.00 hasABS=0 sy=11.73 split=1.000,0.875 ===
264.56298|I|libbeamng.print:18052| === LSTM_OBS t=230 10.65042,15.42183,15.57752,10.61999,0.16355,11.72531,-9.70632,0.02948,0.00000,0.00000,0.00278,1.00000,0.00000,0.00031,-0.01659,4463.70372,0.25000 ===
264.61321|I|libbeamng.print:18052| === LSTM_TRACE t=240 v=16.01 ws=10.23,14.89,15.22,9.85 cmd=0.636,0.648,0.273,0.290 cap=2233,2258,517,551 des=2233,2258,452,482 app=2233,2258,452,482 abs=nil,nil,nil,nil ebrake=1.00 ibrake=1.00 hasABS=0 sy=11.70 split=1.000,0.875 ===
264.61326|I|libbeamng.print:18052| === LSTM_OBS t=240 10.23016,14.89117,15.22186,9.84601,0.11141,11.69612,-9.77756,0.03270,0.00000,0.00000,0.00280,1.00000,0.00000,0.00049,-0.01785,4557.82165,0.25000 ===
264.66290|I|libbeamng.print:18052| === LSTM_TRACE t=250 v=15.45 ws=9.79,14.64,14.68,9.22 cmd=0.625,0.655,0.278,0.299 cap=2300,2329,557,599 des=2300,2329,488,524 app=2300,2329,488,524 abs=nil,nil,nil,nil ebrake=1.00 ibrake=1.00 hasABS=0 sy=11.60 split=1.000,0.875 ===
264.66294|I|libbeamng.print:18052| === LSTM_OBS t=250 9.78801,14.63685,14.67510,9.21747,0.03711,11.60323,-9.79384,0.04117,0.00000,0.00000,0.00192,1.00000,0.00000,0.00077,-0.01931,4639.43802,0.25000 ===
264.71323|I|libbeamng.print:18052| === LSTM_TRACE t=260 v=14.93 ws=9.75,14.19,14.15,8.44 cmd=0.727,0.732,0.301,0.324 cap=2383,2365,599,646 des=2383,2365,524,566 app=2244,2341,524,566 abs=nil,nil,nil,nil ebrake=1.00 ibrake=1.00 hasABS=0 sy=11.44 split=1.000,0.875 ===
264.71328|I|libbeamng.print:18052| === LSTM_OBS t=260 9.75377,14.19456,14.14601,8.44319,-0.06173,11.44016,-9.74216,0.02650,0.00000,0.00000,0.00301,1.00000,0.00000,0.00134,-0.02051,4683.62663,0.25000 ===
264.76317|I|libbeamng.print:18052| === LSTM_TRACE t=270 v=14.38 ws=9.49,13.50,13.70,8.08 cmd=0.660,0.672,0.351,0.368 cap=1618,1719,657,680 des=1618,1719,575,595 app=1843,1840,575,595 abs=nil,nil,nil,nil ebrake=1.00 ibrake=1.00 hasABS=0 sy=11.26 split=1.000,0.875 ===
264.76322|I|libbeamng.print:18052| === LSTM_OBS t=270 9.48503,13.50138,13.69948,8.07560,-0.14298,11.25603,-9.66062,0.02001,0.00000,0.00000,0.00293,1.00000,0.00000,0.00192,-0.02118,4692.01529,0.25000 ===
264.81470|I|libbeamng.print:18052| === LSTM_TRACE t=280 v=13.85 ws=9.51,13.24,13.30,8.40 cmd=0.570,0.593,0.399,0.406 cap=2112,2134,729,749 des=2112,2134,638,656 app=2112,2134,638,656 abs=nil,nil,nil,nil ebrake=1.00 ibrake=1.00 hasABS=0 sy=11.09 split=1.000,0.875 ===
264.81475|I|libbeamng.print:18052| === LSTM_OBS t=280 9.51018,13.23692,13.30206,8.39874,-0.22717,11.08564,-9.58828,0.01860,0.00000,0.00000,0.00244,1.00000,0.00000,0.00237,-0.02153,4650.87639,0.25000 ===
264.86316|I|libbeamng.print:18052| === LSTM_TRACE t=290 v=13.30 ws=9.84,12.82,12.60,8.81 cmd=0.709,0.711,0.404,0.413 cap=2025,2057,802,815 des=2025,2057,702,713 app=2025,2057,702,713 abs=nil,nil,nil,nil ebrake=1.00 ibrake=1.00 hasABS=0 sy=11.02 split=1.000,0.875 ===
264.86321|I|libbeamng.print:18052| === LSTM_OBS t=290 9.84076,12.81949,12.60188,8.81340,-0.27036,11.01714,-9.52445,0.02552,0.00000,0.00000,0.00249,1.00000,0.00000,0.00268,-0.02170,4593.25955,0.25000 ===
264.91502|I|libbeamng.print:18052| === LSTM_TRACE t=300 v=12.75 ws=10.27,12.04,11.98,8.96 cmd=0.691,0.686,0.419,0.428 cap=2284,2242,832,853 des=2284,2242,728,747 app=2284,2242,728,747 abs=nil,nil,nil,nil ebrake=1.00 ibrake=1.00 hasABS=0 sy=11.02 split=1.000,0.875 ===
264.91506|I|libbeamng.print:18052| === LSTM_OBS t=300 10.27306,12.03588,11.97682,8.96421,-0.31968,11.01868,-9.48546,0.02240,0.00000,0.00000,0.00311,1.00000,0.00000,0.00272,-0.02182,4534.04101,0.25000 ===
264.96329|I|libbeamng.print:18052| === LSTM_TRACE t=310 v=12.18 ws=10.91,11.44,11.58,9.38 cmd=0.692,0.678,0.432,0.444 cap=2463,2416,831,860 des=2463,2416,727,753 app=2399,2416,727,753 abs=nil,nil,nil,nil ebrake=1.00 ibrake=1.00 hasABS=0 sy=11.10 split=1.000,0.875 ===
264.96334|I|libbeamng.print:18052| === LSTM_OBS t=310 10.90600,11.44094,11.58477,9.37703,-0.37994,11.10171,-9.47107,0.02027,0.00000,0.00000,0.00307,1.00000,0.00000,0.00283,-0.02209,4472.67748,0.25000 ===
265.01287|I|libbeamng.print:18052| === LSTM_TRACE t=320 v=11.60 ws=10.93,11.10,10.92,9.49 cmd=0.710,0.706,0.431,0.444 cap=2033,2044,856,875 des=2033,2044,749,766 app=2033,2044,749,766 abs=nil,nil,nil,nil ebrake=1.00 ibrake=1.00 hasABS=0 sy=11.18 split=1.000,0.875 ===
265.01294|I|libbeamng.print:18052| === LSTM_OBS t=320 10.92689,11.09775,10.92426,9.49284,-0.41108,11.17989,-9.48470,0.02895,0.00000,0.00000,0.00162,1.00000,0.00000,0.00297,-0.02219,4408.50224,0.25000 ===
265.06296|I|libbeamng.print:18052| === LSTM_TRACE t=330 v=11.05 ws=10.45,10.55,10.23,9.85 cmd=0.632,0.630,0.454,0.463 cap=2076,2045,857,878 des=2076,2045,750,768 app=2076,2045,750,768 abs=nil,nil,nil,nil ebrake=1.00 ibrake=1.00 hasABS=0 sy=11.17 split=1.000,0.875 ===
265.06301|I|libbeamng.print:18052| === LSTM_OBS t=330 10.45181,10.54786,10.22660,9.84997,-0.41926,11.17250,-9.51117,0.01468,0.00000,0.00000,0.00261,1.00000,0.00000,0.00304,-0.02222,4348.17254,0.25000 ===
265.11363|I|libbeamng.print:18052| === LSTM_TRACE t=340 v=10.51 ws=10.09,10.10,9.72,10.04 cmd=0.627,0.634,0.490,0.498 cap=1734,1793,930,947 des=1734,1793,814,828 app=1749,1793,814,828 abs=nil,nil,nil,nil ebrake=1.00 ibrake=1.00 hasABS=0 sy=11.11 split=1.000,0.875 ===
265.11374|I|libbeamng.print:18052| === LSTM_OBS t=340 10.09082,10.10296,9.72491,10.04442,-0.43318,11.11494,-9.52945,0.00219,0.00000,0.00000,0.00162,1.00000,0.00000,0.00306,-0.02217,4288.42720,0.25000 ===
265.16464|I|libbeamng.print:18052| === LSTM_TRACE t=350 v=10.02 ws=9.50,9.66,9.69,9.83 cmd=0.463,0.504,0.511,0.507 cap=1896,1899,1005,1009 des=1896,1899,879,883 app=1896,1899,879,883 abs=nil,nil,nil,nil ebrake=1.00 ibrake=1.00 hasABS=0 sy=10.89 split=1.000,0.875 ===
265.16471|I|libbeamng.print:18052| === LSTM_OBS t=350 9.49706,9.65893,9.69258,9.82704,-0.45062,10.88880,-9.55438,-0.00502,0.00000,0.00000,0.00134,1.00000,0.00000,0.00306,-0.02183,4202.20360,0.25000 ===
265.21331|I|libbeamng.print:18052| === LSTM_TRACE t=360 v=9.57 ws=9.25,9.34,9.16,9.25 cmd=0.651,0.652,0.526,0.530 cap=1650,1692,1072,1070 des=1650,1692,938,936 app=1650,1692,938,936 abs=nil,nil,nil,nil ebrake=1.00 ibrake=1.00 hasABS=0 sy=10.45 split=1.000,0.875 ===
265.21336|I|libbeamng.print:18052| === LSTM_OBS t=360 9.25467,9.34389,9.15963,9.24862,-0.40391,10.45490,-9.55605,-0.00658,0.00000,0.00000,0.00254,1.00000,0.00000,0.00267,-0.02089,4075.05437,0.25000 ===
265.26342|I|libbeamng.print:18052| === LSTM_TRACE t=370 v=9.13 ws=8.77,8.62,8.94,9.01 cmd=0.498,0.508,0.598,0.607 cap=1434,1485,1068,1086 des=1434,1485,935,950 app=1546,1683,935,950 abs=nil,nil,nil,nil ebrake=1.00 ibrake=1.00 hasABS=0 sy=10.02 split=1.000,0.875 ===
265.26347|I|libbeamng.print:18052| === LSTM_OBS t=370 8.76542,8.61971,8.93699,9.00999,-0.31255,10.02201,-9.54879,-0.00884,0.00000,0.00000,0.00183,1.00000,0.00000,0.00191,-0.01959,3918.01975,0.25000 ===
265.31322|I|libbeamng.print:18052| === LSTM_TRACE t=380 v=8.67 ws=8.54,8.58,8.34,8.36 cmd=0.799,0.792,0.548,0.571 cap=1425,1544,1149,1171 des=1425,1544,1006,1025 app=1425,1544,1006,1025 abs=nil,nil,nil,nil ebrake=1.00 ibrake=1.00 hasABS=0 sy=9.69 split=1.000,0.875 ===
265.31326|I|libbeamng.print:18052| === LSTM_OBS t=380 8.53921,8.58035,8.33766,8.35640,-0.23823,9.68703,-9.53339,-0.00467,0.00000,0.00000,0.00270,1.00000,0.00000,0.00141,-0.01817,3743.24210,0.25000 ===
265.36370|I|libbeamng.print:18052| === LSTM_TRACE t=390 v=8.23 ws=7.81,8.19,7.98,7.97 cmd=0.725,0.728,0.539,0.558 cap=1558,1679,1117,1144 des=1558,1679,978,1001 app=1558,1679,978,1001 abs=nil,nil,nil,nil ebrake=1.00 ibrake=1.00 hasABS=0 sy=9.47 split=1.000,0.875 ===
265.36383|I|libbeamng.print:18052| === LSTM_OBS t=390 7.81085,8.18844,7.97589,7.96875,-0.17708,9.46854,-9.55266,0.00226,0.00000,0.00000,0.00234,1.00000,0.00000,0.00100,-0.01707,3563.05963,0.25000 ===
265.41301|I|libbeamng.print:18052| === LSTM_TRACE t=400 v=7.79 ws=7.54,8.10,7.74,7.68 cmd=0.753,0.742,0.509,0.524 cap=2466,2466,1019,1040 des=2466,2466,891,910 app=1703,1799,891,910 abs=nil,nil,nil,nil ebrake=1.00 ibrake=1.00 hasABS=0 sy=9.35 split=1.000,0.875 ===
265.41306|I|libbeamng.print:18052| === LSTM_OBS t=400 7.53588,8.10105,7.73953,7.67938,-0.12902,9.34644,-9.58913,0.00297,0.00000,0.00000,0.00392,1.00000,0.00000,0.00119,-0.01623,3382.65926,0.25000 ===
265.46543|I|libbeamng.print:18052| === LSTM_TRACE t=410 v=7.37 ws=6.94,6.67,7.10,7.18 cmd=0.392,0.427,0.560,0.551 cap=1505,1510,1049,1042 des=1505,1510,917,912 app=1703,1799,917,912 abs=nil,nil,nil,nil ebrake=1.00 ibrake=1.00 hasABS=0 sy=9.16 split=1.000,0.875 ===
265.46554|I|libbeamng.print:18052| === LSTM_OBS t=410 6.93662,6.67394,7.10159,7.18092,-0.07685,9.15630,-9.65003,-0.01928,0.00000,0.00000,0.00265,1.00000,0.00000,0.00105,-0.01530,3204.36126,0.25000 ===
265.51357|I|libbeamng.print:18052| === LSTM_TRACE t=420 v=6.92 ws=6.78,7.04,6.65,6.68 cmd=0.684,0.704,0.457,0.448 cap=1859,1901,1016,994 des=1859,1901,889,870 app=1703,1757,889,870 abs=nil,nil,nil,nil ebrake=1.00 ibrake=1.00 hasABS=0 sy=9.00 split=1.000,0.875 ===
265.51362|I|libbeamng.print:18052| === LSTM_OBS t=420 6.78076,7.04466,6.65384,6.68166,-0.08934,8.99923,-9.68627,0.00920,0.00000,0.00000,0.00049,1.00000,0.00000,0.00151,-0.01473,3026.91348,0.25000 ===
265.56327|I|libbeamng.print:18052| === LSTM_TRACE t=430 v=6.52 ws=5.79,6.13,6.58,6.59 cmd=0.377,0.368,0.520,0.497 cap=1675,1632,897,866 des=1675,1632,785,758 app=1703,1757,785,758 abs=nil,nil,nil,nil ebrake=1.00 ibrake=1.00 hasABS=0 sy=8.83 split=1.000,0.875 ===
265.56332|I|libbeamng.print:18052| === LSTM_OBS t=430 5.79022,6.12984,6.57874,6.59121,-0.02661,8.83002,-9.67838,0.00088,0.00000,0.00000,0.00360,1.00000,0.00000,0.00117,-0.01419,2857.64828,0.25000 ===
265.61287|I|libbeamng.print:18052| === LSTM_TRACE t=440 v=6.09 ws=6.03,6.00,5.86,5.91 cmd=0.666,0.677,0.457,0.432 cap=2295,2186,994,955 des=2295,2186,870,835 app=1650,1724,870,835 abs=nil,nil,nil,nil ebrake=1.00 ibrake=1.00 hasABS=0 sy=8.67 split=1.000,0.875 ===
265.61291|I|libbeamng.print:18052| === LSTM_OBS t=440 6.02642,5.99779,5.85642,5.90901,-0.02342,8.66579,-9.73829,-0.00203,0.00000,0.00000,0.00124,1.00000,0.00000,0.00103,-0.01380,2686.60741,0.25000 ===
265.66339|I|libbeamng.print:18052| === LSTM_TRACE t=450 v=5.71 ws=5.12,5.13,5.62,5.62 cmd=0.285,0.317,0.498,0.457 cap=1266,1310,901,834 des=1266,1310,788,730 app=1650,1710,788,730 abs=nil,nil,nil,nil ebrake=1.00 ibrake=1.00 hasABS=0 sy=8.50 split=1.000,0.875 ===
265.66343|I|libbeamng.print:18052| === LSTM_OBS t=450 5.12128,5.13122,5.61676,5.62125,-0.03383,8.49996,-9.75656,0.00414,0.00000,0.00000,0.00210,1.00000,0.00000,0.00089,-0.01353,2514.71268,0.25000 ===
265.71377|I|libbeamng.print:18052| === LSTM_TRACE t=460 v=5.29 ws=5.52,5.22,5.28,5.29 cmd=0.790,0.783,0.444,0.422 cap=1710,1753,924,864 des=1710,1753,808,756 app=1678,1710,808,756 abs=nil,nil,nil,nil ebrake=1.00 ibrake=1.00 hasABS=0 sy=8.37 split=1.000,0.875 ===
265.71382|I|libbeamng.print:18052| === LSTM_OBS t=460 5.51536,5.21756,5.28149,5.28514,-0.02773,8.37058,-9.80327,0.00030,0.00000,0.00000,0.00146,1.00000,0.00000,0.00098,-0.01333,2346.75753,0.25000 ===
265.76311|I|libbeamng.print:18052| === LSTM_TRACE t=470 v=4.90 ws=4.95,4.43,5.02,4.98 cmd=0.552,0.577,0.419,0.392 cap=2110,2203,837,781 des=2110,2203,732,684 app=1945,2060,732,684 abs=nil,nil,nil,nil ebrake=1.00 ibrake=1.00 hasABS=0 sy=8.26 split=1.000,0.875 ===
265.76315|I|libbeamng.print:18052| === LSTM_OBS t=470 4.95302,4.42686,5.02382,4.98077,0.00422,8.26277,-9.80396,-0.00704,0.00000,0.00000,0.00091,1.00000,0.00000,0.00072,-0.01333,2177.54948,0.25000 ===
265.81320|I|libbeamng.print:18052| === LSTM_TRACE t=480 v=4.51 ws=3.85,4.17,4.35,4.43 cmd=0.440,0.494,0.480,0.435 cap=726,893,916,813 des=726,893,802,711 app=1564,1423,802,711 abs=nil,nil,nil,nil ebrake=1.00 ibrake=1.00 hasABS=0 sy=8.16 split=1.000,0.875 ===
265.81324|I|libbeamng.print:18052| === LSTM_OBS t=480 3.85009,4.16652,4.34694,4.42637,-0.01372,8.16370,-9.81396,-0.00043,0.00000,0.00000,0.00535,1.00000,0.00000,0.00063,-0.01338,2004.55973,0.25000 ===
265.86352|I|libbeamng.print:18052| === LSTM_TRACE t=490 v=4.09 ws=4.05,4.16,3.73,3.84 cmd=0.831,0.791,0.484,0.478 cap=1949,1917,958,911 des=1949,1917,838,797 app=1719,1836,838,797 abs=nil,nil,nil,nil ebrake=1.00 ibrake=1.00 hasABS=0 sy=8.17 split=1.000,0.875 ===
265.86358|I|libbeamng.print:18052| === LSTM_OBS t=490 4.05154,4.15842,3.73227,3.84444,-0.01985,8.17091,-9.76530,-0.00785,0.00000,0.00000,0.00592,1.00000,0.00000,0.00069,-0.01351,1832.24673,0.25000 ===
265.91318|I|libbeamng.print:18052| === LSTM_TRACE t=500 v=3.67 ws=3.43,3.34,3.78,3.78 cmd=0.397,0.471,0.464,0.426 cap=2024,2176,902,839 des=2024,2176,789,734 app=2024,2109,789,734 abs=nil,nil,nil,nil ebrake=1.00 ibrake=1.00 hasABS=0 sy=8.22 split=1.000,0.875 ===
265.91323|I|libbeamng.print:18052| === LSTM_OBS t=500 3.42609,3.33723,3.78098,3.77914,0.00085,8.22243,-9.73242,0.00752,0.00000,0.00000,0.00000,1.00000,0.00000,0.00075,-0.01385,1663.93308,0.25000 ===
265.96338|I|libbeamng.print:18052| === LSTM_TRACE t=510 v=3.26 ws=3.15,2.85,3.05,3.10 cmd=0.574,0.578,0.507,0.480 cap=1698,1738,941,890 des=1698,1738,823,779 app=1698,1738,823,779 abs=nil,nil,nil,nil ebrake=1.00 ibrake=1.00 hasABS=0 sy=8.21 split=1.000,0.875 ===
265.96343|I|libbeamng.print:18052| === LSTM_OBS t=510 3.14501,2.85272,3.04719,3.09744,0.01369,8.21485,-9.68719,-0.00807,0.00000,0.00000,0.00221,1.00000,0.00000,0.00059,-0.01424,1493.56064,0.25000 ===
266.01298|I|libbeamng.print:18052| === LSTM_TRACE t=520 v=2.83 ws=2.53,2.33,2.60,2.67 cmd=0.497,0.519,0.505,0.475 cap=1732,1818,935,880 des=1732,1818,818,770 app=1758,1818,818,770 abs=nil,nil,nil,nil ebrake=1.00 ibrake=1.00 hasABS=0 sy=8.29 split=1.000,0.875 ===
266.01303|I|libbeamng.print:18052| === LSTM_OBS t=520 2.52959,2.32878,2.60415,2.67347,-0.00295,8.28792,-9.66281,0.00529,0.00000,0.00000,0.00265,1.00000,0.00000,0.00073,-0.01464,1324.92106,0.25000 ===
266.06317|I|libbeamng.print:18052| === LSTM_TRACE t=530 v=2.39 ws=2.62,2.47,1.98,2.06 cmd=0.834,0.827,0.521,0.514 cap=2270,2321,1055,1015 des=2270,2321,923,888 app=1926,1992,923,888 abs=nil,nil,nil,nil ebrake=1.00 ibrake=1.00 hasABS=0 sy=8.40 split=1.000,0.875 ===
266.06321|I|libbeamng.print:18052| === LSTM_OBS t=530 2.62323,2.47122,1.98472,2.05969,-0.01499,8.39722,-9.63150,0.00576,0.00000,0.00000,0.00183,1.00000,0.00000,0.00099,-0.01518,1147.84657,0.25000 ===
266.11318|I|libbeamng.print:18052| === LSTM_TRACE t=540 v=1.92 ws=0.82,0.45,1.64,1.74 cmd=0.565,0.613,0.602,0.583 cap=2318,2280,1134,1139 des=2318,2280,993,997 app=2318,2280,993,997 abs=nil,nil,nil,nil ebrake=1.00 ibrake=1.00 hasABS=0 sy=8.60 split=1.000,0.875 ===
266.11323|I|libbeamng.print:18052| === LSTM_OBS t=540 0.82026,0.45269,1.63774,1.74276,0.01569,8.60069,-9.61433,0.00501,0.00000,0.00000,0.00234,1.00000,0.00000,0.00090,-0.01557,974.69869,0.25000 ===
266.16292|I|libbeamng.print:18052| === LSTM_TRACE t=550 v=1.40 ws=0.02,0.01,0.62,0.72 cmd=0.964,0.967,0.805,0.812 cap=2960,2965,1531,1553 des=2960,2965,1339,1359 app=2960,2965,1339,1359 abs=nil,nil,nil,nil ebrake=1.00 ibrake=1.00 hasABS=0 sy=8.98 split=1.000,0.875 ===
266.16298|I|libbeamng.print:18052| === LSTM_OBS t=550 0.01749,0.00913,0.62404,0.72330,-0.02247,8.98342,-9.48433,-0.00476,0.00000,0.00000,0.00049,1.00000,0.00000,0.00111,-0.01663,802.32625,0.25000 ===
266.21325|I|libbeamng.print:18052| === LSTM_TRACE t=560 v=0.86 ws=0.02,0.02,0.05,0.01 cmd=0.993,0.994,0.876,0.872 cap=3078,3081,1697,1688 des=3078,3081,1485,1477 app=3078,3081,1485,1477 abs=nil,nil,nil,nil ebrake=1.00 ibrake=1.00 hasABS=0 sy=9.47 split=1.000,0.875 ===
266.21329|I|libbeamng.print:18052| === LSTM_OBS t=560 0.02154,0.01905,0.04507,0.00929,0.01791,9.47151,-9.44142,-0.00120,0.00000,0.00000,0.00162,1.00000,0.00000,0.00067,-0.01701,735.07535,0.25000 ===
296.47777|I|libbeamng.print:18052| === LSTM_TRACE t=0 v=27.71 ws=27.63,27.80,27.30,27.46 cmd=0.913,0.904,0.447,0.470 cap=155,155,97,97 des=155,155,85,85 app=155,155,85,85 abs=nil,nil,nil,nil ebrake=1.00 ibrake=1.00 hasABS=0 sy=1.56 split=1.000,0.875 ===
296.47782|I|libbeamng.print:18052| === LSTM_OBS t=0 27.63023,27.80058,27.30179,27.46454,-0.01007,1.56051,-9.76931,0.00323,0.00000,0.00000,0.00049,1.00000,0.00000,0.00087,-0.00903,7857.98314,0.25000 ===
296.52825|I|libbeamng.print:18052| === LSTM_TRACE t=10 v=27.50 ws=27.45,27.56,26.95,26.98 cmd=0.128,0.130,0.467,0.436 cap=416,420,891,834 des=416,420,780,730 app=416,420,779,730 abs=nil,nil,nil,nil ebrake=1.00 ibrake=1.00 hasABS=0 sy=1.98 split=1.000,0.875 ===
296.52832|I|libbeamng.print:18052| === LSTM_OBS t=10 27.45404,27.55722,26.95339,26.97690,-0.00216,1.98371,-9.73516,-0.00522,0.00000,0.00000,0.00265,1.00000,0.00000,0.00079,-0.00973,7782.91167,0.25000 ===
296.54782|I|libbeamng.print:18052| === LSTM_ABS DBG raw=27.2157,27.3281,26.6682,26.7424,-0.0013,2.2162,-9.7107,0.0031,0.0000,0.0000,0.0008,1.0000,0.0000,0.0009,-0.0101,7719.9348,0.2500 ===
296.54785|I|libbeamng.print:18052| === LSTM_ABS DBG norm=0.61,0.56,0.53,0.51,-0.15,-2.22,0.00,0.04,0.06,-0.06,-0.10,0.59,-0.02,0.00,0.00,3.83,0.00 ===
296.54786|I|libbeamng.print:18052| === LSTM_ABS DBG cmd=0.1301,0.1381,0.4625,0.4265 ===
296.57834|I|libbeamng.print:18052| === LSTM_TRACE t=20 v=27.30 ws=27.14,27.22,26.38,26.57 cmd=0.150,0.162,0.437,0.403 cap=463,498,852,786 des=463,498,745,687 app=463,498,745,687 abs=nil,nil,nil,nil ebrake=1.00 ibrake=1.00 hasABS=0 sy=2.54 split=1.000,0.875 ===
296.57838|I|libbeamng.print:18052| === LSTM_OBS t=20 27.13523,27.21544,26.38323,26.57059,-0.00830,2.54407,-9.59401,0.00355,0.00000,0.00000,0.00000,1.00000,0.00000,0.00092,-0.01034,7626.61261,0.25000 ===
296.62801|I|libbeamng.print:18052| === LSTM_TRACE t=30 v=27.05 ws=26.88,26.93,26.05,26.25 cmd=0.164,0.178,0.451,0.411 cap=503,543,871,795 des=503,543,762,696 app=502,543,762,696 abs=nil,nil,nil,nil ebrake=1.00 ibrake=1.00 hasABS=0 sy=3.18 split=1.000,0.875 ===
296.62805|I|libbeamng.print:18052| === LSTM_OBS t=30 26.88135,26.92608,26.04746,26.25055,-0.00592,3.18022,-9.55094,-0.00487,0.00000,0.00000,0.00049,1.00000,0.00000,0.00098,-0.01029,7516.38757,0.25000 ===
296.67827|I|libbeamng.print:18052| === LSTM_TRACE t=40 v=26.75 ws=26.43,26.57,25.76,26.07 cmd=0.208,0.229,0.490,0.443 cap=626,688,944,853 des=626,688,826,746 app=625,688,826,746 abs=nil,nil,nil,nil ebrake=1.00 ibrake=1.00 hasABS=0 sy=3.84 split=1.000,0.875 ===
296.67833|I|libbeamng.print:18052| === LSTM_OBS t=40 26.43463,26.57093,25.76059,26.07492,-0.03994,3.83973,-9.55097,-0.00547,0.00000,0.00000,0.00000,1.00000,0.00000,0.00095,-0.01028,7445.29117,0.25000 ===
296.72762|I|libbeamng.print:18052| === LSTM_TRACE t=50 v=26.44 ws=26.00,26.07,25.44,25.78 cmd=0.274,0.302,0.535,0.482 cap=819,901,1033,930 des=819,901,904,814 app=819,901,904,814 abs=nil,nil,nil,nil ebrake=1.00 ibrake=1.00 hasABS=0 sy=4.51 split=1.000,0.875 ===
296.72766|I|libbeamng.print:18052| === LSTM_OBS t=50 25.99777,26.07413,25.44237,25.77821,-0.04984,4.51123,-9.62937,-0.00220,0.00000,0.00000,0.00049,1.00000,0.00000,0.00084,-0.01051,7364.67684,0.25000 ===
296.77752|I|libbeamng.print:18052| === LSTM_TRACE t=60 v=26.08 ws=25.46,25.51,25.18,25.34 cmd=0.359,0.393,0.568,0.513 cap=1081,1187,1095,988 des=1081,1187,958,864 app=1081,1187,958,864 abs=nil,nil,nil,nil ebrake=1.00 ibrake=1.00 hasABS=0 sy=5.22 split=1.000,0.875 ===
296.77756|I|libbeamng.print:18052| === LSTM_OBS t=60 25.46060,25.50989,25.18231,25.34201,-0.10224,5.21988,-9.70630,-0.00662,0.00000,0.00000,0.00091,1.00000,0.00000,0.00076,-0.01086,7263.01565,0.25000 ===
296.82837|I|libbeamng.print:18052| === LSTM_TRACE t=70 v=25.66 ws=24.82,24.94,24.61,24.86 cmd=0.466,0.495,0.592,0.541 cap=1434,1522,1148,1048 des=1434,1522,1005,917 app=1434,1522,1005,917 abs=nil,nil,nil,nil ebrake=1.00 ibrake=1.00 hasABS=0 sy=5.95 split=1.000,0.875 ===
296.82844|I|libbeamng.print:18052| === LSTM_OBS t=70 24.82286,24.93653,24.60922,24.85581,-0.12593,5.95391,-9.74746,-0.00173,0.00000,0.00000,0.00154,1.00000,0.00000,0.00066,-0.01147,7146.66951,0.25000 ===
296.87800|I|libbeamng.print:18052| === LSTM_TRACE t=80 v=25.21 ws=24.23,24.21,24.19,24.48 cmd=0.571,0.581,0.630,0.595 cap=1728,1776,1211,1136 des=1728,1776,1060,994 app=1728,1776,1060,994 abs=nil,nil,nil,nil ebrake=1.00 ibrake=1.00 hasABS=0 sy=6.78 split=1.000,0.875 ===
296.87805|I|libbeamng.print:18052| === LSTM_OBS t=80 24.22666,24.21303,24.18711,24.47818,-0.08932,6.78365,-9.85198,-0.00492,0.00000,0.00000,0.00270,1.00000,0.00000,0.00052,-0.01232,7014.07004,0.25000 ===
296.92810|I|libbeamng.print:18052| === LSTM_TRACE t=90 v=24.67 ws=23.30,23.43,23.54,23.66 cmd=0.683,0.680,0.667,0.660 cap=2189,2157,1295,1278 des=2189,2157,1133,1119 app=2189,2157,1133,1119 abs=nil,nil,nil,nil ebrake=1.00 ibrake=1.00 hasABS=0 sy=7.66 split=1.000,0.875 ===
296.92815|I|libbeamng.print:18052| === LSTM_OBS t=90 23.29869,23.43107,23.54300,23.66007,-0.08818,7.66389,-9.84497,0.00391,0.00000,0.00000,0.00234,1.00000,0.00000,0.00056,-0.01343,6854.13178,0.25000 ===
296.97786|I|libbeamng.print:18052| === LSTM_TRACE t=100 v=24.11 ws=22.41,22.60,22.90,22.95 cmd=0.706,0.707,0.701,0.712 cap=2251,2210,1369,1393 des=2251,2210,1198,1218 app=2251,2210,1198,1218 abs=nil,nil,nil,nil ebrake=1.00 ibrake=1.00 hasABS=0 sy=8.58 split=1.000,0.875 ===
296.97793|I|libbeamng.print:18052| === LSTM_OBS t=100 22.41013,22.60231,22.90184,22.94665,-0.06187,8.58205,-9.84109,-0.00580,0.00000,0.00000,0.00249,1.00000,0.00000,0.00078,-0.01460,6665.91016,0.25000 ===
297.02796|I|libbeamng.print:18052| === LSTM_TRACE t=110 v=23.56 ws=21.63,22.01,22.25,22.35 cmd=0.724,0.721,0.713,0.730 cap=2342,2331,1374,1408 des=2342,2331,1202,1232 app=2342,2331,1202,1232 abs=nil,nil,nil,nil ebrake=1.00 ibrake=1.00 hasABS=0 sy=9.37 split=1.000,0.875 ===
297.02800|I|libbeamng.print:18052| === LSTM_OBS t=110 21.63281,22.00948,22.24700,22.35428,-0.02549,9.37316,-9.79185,-0.01101,0.00000,0.00000,0.00335,1.00000,0.00000,0.00103,-0.01550,6456.17848,0.25000 ===
297.07782|I|libbeamng.print:18052| === LSTM_TRACE t=120 v=22.96 ws=20.92,21.35,21.41,21.46 cmd=0.792,0.773,0.734,0.754 cap=2142,2151,1394,1420 des=2142,2151,1219,1243 app=2142,2151,1219,1243 abs=nil,nil,nil,nil ebrake=1.00 ibrake=1.00 hasABS=0 sy=10.01 split=1.000,0.875 ===
297.07787|I|libbeamng.print:18052| === LSTM_OBS t=120 20.92322,21.34753,21.41439,21.46055,0.00062,10.01356,-9.73605,0.00787,0.00000,0.00000,0.00265,1.00000,0.00000,0.00117,-0.01607,6245.73525,0.25000 ===
297.12776|I|libbeamng.print:18052| === LSTM_TRACE t=130 v=22.36 ws=19.71,20.51,20.71,20.71 cmd=0.717,0.722,0.732,0.748 cap=2548,2519,1436,1474 des=2548,2519,1256,1289 app=2548,2519,1256,1289 abs=nil,nil,nil,nil ebrake=1.00 ibrake=1.00 hasABS=0 sy=10.55 split=1.000,0.875 ===
297.12783|I|libbeamng.print:18052| === LSTM_OBS t=130 19.71307,20.50652,20.71013,20.70793,0.03126,10.55410,-9.68353,0.00204,0.00000,0.00000,0.00297,1.00000,0.00000,0.00120,-0.01638,6035.55414,0.25000 ===
297.17806|I|libbeamng.print:18052| === LSTM_TRACE t=140 v=21.77 ws=18.48,20.15,20.01,19.88 cmd=0.790,0.783,0.751,0.772 cap=2262,2272,1447,1482 des=2262,2272,1266,1297 app=2262,2272,1266,1297 abs=nil,nil,nil,nil ebrake=1.00 ibrake=1.00 hasABS=0 sy=10.95 split=1.000,0.875 ===
297.17810|I|libbeamng.print:18052| === LSTM_OBS t=140 18.48192,20.14818,20.00803,19.88158,0.04472,10.94642,-9.66748,-0.00218,0.00000,0.00000,0.00322,1.00000,0.00000,0.00118,-0.01660,5824.35059,0.25000 ===
297.22807|I|libbeamng.print:18052| === LSTM_TRACE t=150 v=21.17 ws=17.21,19.42,19.44,19.07 cmd=0.651,0.679,0.747,0.761 cap=2406,2413,1444,1480 des=2406,2413,1263,1295 app=2406,2413,1263,1295 abs=nil,nil,nil,nil ebrake=1.00 ibrake=1.00 hasABS=0 sy=11.22 split=1.000,0.875 ===
297.22812|I|libbeamng.print:18052| === LSTM_OBS t=150 17.20730,19.42140,19.44390,19.07269,0.06503,11.21872,-9.64313,-0.01359,0.00000,0.00000,0.00278,1.00000,0.00000,0.00107,-0.01668,5611.91021,0.25000 ===
297.27809|I|libbeamng.print:18052| === LSTM_TRACE t=160 v=20.58 ws=16.55,19.23,18.78,18.33 cmd=0.833,0.832,0.747,0.768 cap=2493,2557,1442,1472 des=2493,2557,1262,1288 app=2434,2517,1262,1288 abs=nil,nil,nil,nil ebrake=1.00 ibrake=1.00 hasABS=0 sy=11.41 split=1.000,0.875 ===
297.27814|I|libbeamng.print:18052| === LSTM_OBS t=160 16.55265,19.23418,18.77682,18.32788,0.08160,11.40565,-9.63083,0.00647,0.00000,0.00000,0.00342,1.00000,0.00000,0.00095,-0.01657,5401.17735,0.25000 ===
297.32830|I|libbeamng.print:18052| === LSTM_TRACE t=170 v=20.00 ws=15.13,18.42,18.23,17.21 cmd=0.714,0.728,0.755,0.770 cap=1954,1999,1482,1508 des=1954,1999,1296,1320 app=1954,1999,1296,1320 abs=nil,nil,nil,nil ebrake=1.00 ibrake=1.00 hasABS=0 sy=11.50 split=1.000,0.875 ===
297.32835|I|libbeamng.print:18052| === LSTM_OBS t=170 15.13413,18.41512,18.22865,17.21210,0.09699,11.50133,-9.61384,-0.00108,0.00000,0.00000,0.00305,1.00000,0.00000,0.00068,-0.01640,5195.09527,0.25000 ===
297.37824|I|libbeamng.print:18052| === LSTM_TRACE t=180 v=19.42 ws=14.66,17.70,17.93,16.02 cmd=0.695,0.706,0.739,0.754 cap=2323,2357,1433,1464 des=2323,2357,1254,1281 app=2323,2357,1254,1281 abs=nil,nil,nil,nil ebrake=1.00 ibrake=1.00 hasABS=0 sy=11.56 split=1.000,0.875 ===
297.37829|I|libbeamng.print:18052| === LSTM_OBS t=180 14.66428,17.70180,17.92862,16.01618,0.10560,11.56331,-9.62354,-0.00476,0.00000,0.00000,0.00289,1.00000,0.00000,0.00046,-0.01615,4991.02486,0.25000 ===
297.42764|I|libbeamng.print:18052| === LSTM_TRACE t=190 v=18.82 ws=13.69,17.44,17.63,15.20 cmd=0.786,0.779,0.724,0.746 cap=2150,2120,1413,1445 des=2150,2120,1237,1264 app=2150,2120,1237,1264 abs=nil,nil,nil,nil ebrake=1.00 ibrake=1.00 hasABS=0 sy=11.61 split=1.000,0.875 ===
297.42769|I|libbeamng.print:18052| === LSTM_OBS t=190 13.69250,17.44018,17.63457,15.20366,0.14254,11.60897,-9.60905,0.01628,0.00000,0.00000,0.00234,1.00000,0.00000,0.00040,-0.01593,4795.05394,0.25000 ===
297.47785|I|libbeamng.print:18052| === LSTM_TRACE t=200 v=18.25 ws=12.66,16.97,17.40,14.44 cmd=0.722,0.714,0.656,0.686 cap=2576,2486,1322,1392 des=2576,2486,1157,1218 app=2402,2399,1157,1218 abs=nil,nil,nil,nil ebrake=1.00 ibrake=1.00 hasABS=0 sy=11.60 split=1.000,0.875 ===
297.47790|I|libbeamng.print:18052| === LSTM_OBS t=200 12.66426,16.97104,17.40359,14.44216,0.18573,11.60058,-9.62716,0.03055,0.00000,0.00000,0.00297,1.00000,0.00000,0.00030,-0.01570,4608.21729,0.25000 ===
297.52783|I|libbeamng.print:18052| === LSTM_TRACE t=210 v=17.68 ws=10.96,16.65,16.51,12.61 cmd=0.849,0.824,0.498,0.546 cap=2328,2268,1013,1099 des=2328,2268,886,962 app=2296,2265,886,962 abs=nil,nil,nil,nil ebrake=1.00 ibrake=1.00 hasABS=0 sy=11.57 split=1.000,0.875 ===
297.52787|I|libbeamng.print:18052| === LSTM_OBS t=210 10.95675,16.65049,16.51330,12.61375,0.16409,11.56541,-9.64483,0.03102,0.00000,0.00000,0.00265,1.00000,0.00000,0.00034,-0.01563,4480.28238,0.25000 ===
297.57783|I|libbeamng.print:18052| === LSTM_TRACE t=220 v=17.11 ws=8.34,15.75,15.96,11.09 cmd=0.375,0.448,0.392,0.422 cap=1658,1798,761,827 des=1658,1798,666,724 app=2151,2102,666,724 abs=nil,nil,nil,nil ebrake=1.00 ibrake=1.00 hasABS=0 sy=11.52 split=1.000,0.875 ===
297.57790|I|libbeamng.print:18052| === LSTM_OBS t=220 8.33961,15.75295,15.95700,11.09463,0.13730,11.51742,-9.67347,0.02104,0.00000,0.00000,0.00249,1.00000,0.00000,0.00056,-0.01594,4464.25744,0.25000 ===
297.62840|I|libbeamng.print:18052| === LSTM_TRACE t=230 v=16.56 ws=7.68,15.83,15.85,9.65 cmd=0.781,0.785,0.474,0.520 cap=1953,2092,899,977 des=1953,2092,787,855 app=1953,2092,787,855 abs=nil,nil,nil,nil ebrake=1.00 ibrake=1.00 hasABS=0 sy=11.43 split=1.000,0.875 ===
297.62846|I|libbeamng.print:18052| === LSTM_OBS t=230 7.68399,15.83182,15.84750,9.64935,0.06437,11.43131,-9.72171,0.03314,0.00000,0.00000,0.00293,1.00000,0.00000,0.00087,-0.01685,4495.87559,0.25000 ===
297.67767|I|libbeamng.print:18052| === LSTM_TRACE t=240 v=16.03 ws=6.32,15.11,15.34,8.10 cmd=0.662,0.712,0.580,0.619 cap=1849,2027,1125,1199 des=1849,2027,984,1049 app=1849,2027,984,1049 abs=nil,nil,nil,nil ebrake=1.00 ibrake=1.00 hasABS=0 sy=11.27 split=1.000,0.875 ===
297.67774|I|libbeamng.print:18052| === LSTM_OBS t=240 6.32191,15.10522,15.34324,8.09551,-0.00718,11.26992,-9.73484,0.02679,0.00000,0.00000,0.00289,1.00000,0.00000,0.00126,-0.01773,4469.29541,0.25000 ===
297.72825|I|libbeamng.print:18052| === LSTM_TRACE t=250 v=15.51 ws=5.20,14.59,14.70,6.52 cmd=0.640,0.698,0.680,0.728 cap=1617,1905,1233,1323 des=1617,1905,1078,1157 app=1806,2016,1078,1157 abs=nil,nil,nil,nil ebrake=1.00 ibrake=1.00 hasABS=0 sy=11.04 split=1.000,0.875 ===
297.72832|I|libbeamng.print:18052| === LSTM_OBS t=250 5.19879,14.59248,14.69935,6.51691,-0.10171,11.04421,-9.71517,0.02251,0.00000,0.00000,0.00297,1.00000,0.00000,0.00169,-0.01820,4355.18500,0.25000 ===
297.77785|I|libbeamng.print:18052| === LSTM_TRACE t=260 v=15.00 ws=4.21,14.11,14.14,4.94 cmd=0.602,0.681,0.688,0.747 cap=2131,2335,1347,1466 des=2131,2335,1178,1282 app=2126,2335,1178,1282 abs=nil,nil,nil,nil ebrake=1.00 ibrake=1.00 hasABS=0 sy=10.83 split=1.000,0.875 ===
297.77789|I|libbeamng.print:18052| === LSTM_OBS t=260 4.20577,14.10935,14.13791,4.93937,-0.19219,10.83453,-9.70018,0.01844,0.00000,0.00000,0.00542,1.00000,0.00000,0.00283,-0.01753,4179.44297,0.25000 ===
297.82794|I|libbeamng.print:18052| === LSTM_TRACE t=270 v=14.48 ws=3.68,13.37,13.74,4.34 cmd=0.361,0.501,0.704,0.761 cap=2054,2340,1342,1470 des=2054,2340,1174,1286 app=2054,2340,1174,1286 abs=nil,nil,nil,nil ebrake=1.00 ibrake=1.00 hasABS=0 sy=10.73 split=1.000,0.875 ===
297.82800|I|libbeamng.print:18052| === LSTM_OBS t=270 3.68123,13.37371,13.74193,4.33552,-0.19515,10.73087,-9.65614,0.01192,0.00000,0.00000,0.00049,1.00000,0.00000,0.00377,-0.01634,3989.99948,0.25000 ===
297.87772|I|libbeamng.print:18052| === LSTM_TRACE t=280 v=13.95 ws=3.30,13.64,13.74,3.66 cmd=0.745,0.804,0.724,0.791 cap=2199,2426,1440,1558 des=2199,2426,1260,1363 app=1687,2068,1260,1363 abs=nil,nil,nil,nil ebrake=1.00 ibrake=1.00 hasABS=0 sy=10.61 split=1.000,0.875 ===
297.87776|I|libbeamng.print:18052| === LSTM_OBS t=280 3.30127,13.63627,13.73901,3.65995,-0.24121,10.61384,-9.56605,0.00692,0.00000,0.00000,0.00433,1.00000,0.00000,0.00454,-0.01508,3789.99100,0.25000 ===
297.92852|I|libbeamng.print:18052| === LSTM_TRACE t=290 v=13.47 ws=2.88,12.72,12.80,3.57 cmd=0.504,0.605,0.776,0.829 cap=1355,1733,1448,1563 des=1355,1733,1267,1367 app=1540,1900,1267,1367 abs=nil,nil,nil,nil ebrake=1.00 ibrake=1.00 hasABS=0 sy=10.46 split=1.000,0.875 ===
297.92856|I|libbeamng.print:18052| === LSTM_OBS t=290 2.88231,12.71622,12.79912,3.56719,-0.22692,10.46314,-9.53204,0.01084,0.00000,0.00000,0.00049,1.00000,0.00000,0.00458,-0.01372,3582.46857,0.25000 ===
297.97780|I|libbeamng.print:18052| === LSTM_TRACE t=300 v=12.90 ws=3.07,12.51,12.15,2.94 cmd=0.830,0.867,0.720,0.791 cap=2118,2387,1457,1568 des=2118,2387,1275,1372 app=1767,2025,1275,1372 abs=nil,nil,nil,nil ebrake=1.00 ibrake=1.00 hasABS=0 sy=10.44 split=1.000,0.875 ===
297.97793|I|libbeamng.print:18052| === LSTM_OBS t=300 3.07257,12.51228,12.14769,2.94365,-0.20916,10.44220,-9.43333,0.01041,0.00000,0.00000,0.00183,1.00000,0.00000,0.00422,-0.01303,3379.72551,0.25000 ===
298.02782|I|libbeamng.print:18052| === LSTM_TRACE t=310 v=12.39 ws=2.96,11.62,11.70,2.38 cmd=0.685,0.736,0.747,0.814 cap=2425,2596,1411,1547 des=2425,2596,1234,1353 app=2169,2513,1234,1353 abs=nil,nil,nil,nil ebrake=1.00 ibrake=1.00 hasABS=0 sy=10.44 split=1.000,0.875 ===
298.02787|I|libbeamng.print:18052| === LSTM_OBS t=310 2.95737,11.61847,11.70362,2.38377,-0.27093,10.43879,-9.46366,-0.00036,0.00000,0.00000,0.00176,1.00000,0.00000,0.00442,-0.01208,3174.00759,0.25000 ===
298.07802|I|libbeamng.print:18052| === LSTM_TRACE t=320 v=11.88 ws=2.56,11.30,11.22,1.83 cmd=0.762,0.822,0.697,0.774 cap=2420,2595,1423,1549 des=2420,2595,1245,1355 app=1897,2209,1245,1355 abs=nil,nil,nil,nil ebrake=1.00 ibrake=1.00 hasABS=0 sy=10.44 split=1.000,0.875 ===
298.07807|I|libbeamng.print:18052| === LSTM_OBS t=320 2.55722,11.30038,11.22181,1.83125,-0.29728,10.44361,-9.55486,-0.01066,0.00000,0.00000,0.00049,1.00000,0.00000,0.00492,-0.01136,2968.10633,0.25000 ===
298.12853|I|libbeamng.print:18052| === LSTM_TRACE t=330 v=11.37 ws=1.51,10.80,10.64,1.84 cmd=0.597,0.710,0.688,0.746 cap=1109,1401,1424,1519 des=1109,1401,1246,1329 app=1485,1660,1246,1329 abs=nil,nil,nil,nil ebrake=1.00 ibrake=1.00 hasABS=0 sy=10.41 split=1.000,0.875 ===
298.12861|I|libbeamng.print:18052| === LSTM_OBS t=330 1.51465,10.79621,10.63605,1.84490,-0.28161,10.40864,-9.61844,0.00693,0.00000,0.00000,0.00146,1.00000,0.00000,0.00485,-0.01097,2765.49375,0.25000 ===
298.17806|I|libbeamng.print:18052| === LSTM_TRACE t=340 v=10.83 ws=1.71,10.60,10.43,1.29 cmd=0.623,0.679,0.651,0.728 cap=2447,2609,1207,1358 des=2447,2609,1056,1189 app=2064,2230,1056,1189 abs=nil,nil,nil,nil ebrake=1.00 ibrake=1.00 hasABS=0 sy=10.48 split=1.000,0.875 ===
298.17810|I|libbeamng.print:18052| === LSTM_OBS t=340 1.71500,10.59669,10.42772,1.29217,-0.17578,10.47602,-9.63177,0.00883,0.00000,0.00000,0.00239,1.00000,0.00000,0.00403,-0.01106,2595.63128,0.25000 ===
298.22766|I|libbeamng.print:18052| === LSTM_TRACE t=350 v=10.30 ws=1.60,9.50,9.78,1.44 cmd=0.713,0.801,0.610,0.644 cap=1691,2085,1153,1227 des=1691,2085,1009,1074 app=1691,2085,1009,1074 abs=nil,nil,nil,nil ebrake=1.00 ibrake=1.00 hasABS=0 sy=10.43 split=1.000,0.875 ===
298.22772|I|libbeamng.print:18052| === LSTM_OBS t=350 1.60465,9.50027,9.77956,1.43909,-0.21650,10.42811,-9.74731,0.00806,0.00000,0.00000,0.00549,1.00000,0.00000,0.00447,-0.01077,2421.72174,0.25000 ===
298.27785|I|libbeamng.print:18052| === LSTM_TRACE t=360 v=9.77 ws=0.12,8.79,9.27,1.21 cmd=0.707,0.807,0.583,0.665 cap=1828,2278,1153,1279 des=1828,2278,1009,1120 app=1828,2278,1009,1120 abs=nil,nil,nil,nil ebrake=1.00 ibrake=1.00 hasABS=0 sy=10.53 split=1.000,0.875 ===
298.27789|I|libbeamng.print:18052| === LSTM_OBS t=360 0.11677,8.78867,9.27080,1.21162,-0.12988,10.52702,-9.73183,-0.00959,0.00000,0.00000,0.00154,1.00000,0.00000,0.00415,-0.01141,2297.90623,0.25000 ===
298.32785|I|libbeamng.print:18052| === LSTM_TRACE t=370 v=9.26 ws=0.06,8.54,9.09,0.44 cmd=0.579,0.675,0.619,0.669 cap=1984,2198,1157,1288 des=1984,2198,1013,1127 app=1984,2198,1013,1127 abs=nil,nil,nil,nil ebrake=1.00 ibrake=1.00 hasABS=0 sy=10.53 split=1.000,0.875 ===
298.32789|I|libbeamng.print:18052| === LSTM_OBS t=370 0.05817,8.54234,9.08827,0.43906,-0.16609,10.53106,-9.71460,-0.00668,0.00000,0.00000,0.00378,1.00000,0.00000,0.00358,-0.01250,2154.65846,0.25000 ===
298.37793|I|libbeamng.print:18052| === LSTM_TRACE t=380 v=8.73 ws=0.10,8.13,7.72,1.11 cmd=0.692,0.765,0.594,0.643 cap=1890,2203,1179,1253 des=1890,2203,1031,1097 app=1890,2203,1031,1097 abs=nil,nil,nil,nil ebrake=1.00 ibrake=1.00 hasABS=0 sy=10.46 split=1.000,0.875 ===
298.37799|I|libbeamng.print:18052| === LSTM_OBS t=380 0.09781,8.13468,7.71809,1.11312,-0.18573,10.45878,-9.78829,-0.00588,0.00000,0.00000,0.00331,1.00000,0.00000,0.00486,-0.01267,1991.34263,0.25000 ===
298.42837|I|libbeamng.print:18052| === LSTM_TRACE t=390 v=8.19 ws=0.08,7.30,7.35,1.06 cmd=0.538,0.638,0.604,0.621 cap=2025,2231,1146,1212 des=2025,2231,1002,1061 app=2025,2231,1002,1061 abs=nil,nil,nil,nil ebrake=1.00 ibrake=1.00 hasABS=0 sy=10.53 split=1.000,0.875 ===
298.42842|I|libbeamng.print:18052| === LSTM_OBS t=390 0.08453,7.29578,7.34916,1.06368,-0.14070,10.53460,-9.76408,-0.00728,0.00000,0.00000,0.00342,1.00000,0.00000,0.00427,-0.01319,1867.66465,0.25000 ===
298.47794|I|libbeamng.print:18052| === LSTM_TRACE t=400 v=7.65 ws=0.02,6.77,7.24,0.42 cmd=0.685,0.766,0.598,0.612 cap=2078,2326,1184,1206 des=2078,2326,1036,1055 app=2078,2326,1036,1055 abs=nil,nil,nil,nil ebrake=1.00 ibrake=1.00 hasABS=0 sy=10.64 split=1.000,0.875 ===
298.47798|I|libbeamng.print:18052| === LSTM_OBS t=400 0.01798,6.77029,7.24043,0.41718,-0.17038,10.63956,-9.74510,0.00054,0.00000,0.00000,0.00315,1.00000,0.00000,0.00458,-0.01363,1737.50766,0.25000 ===
298.52772|I|libbeamng.print:18052| === LSTM_TRACE t=410 v=7.09 ws=0.04,5.85,6.13,1.43 cmd=0.697,0.749,0.604,0.620 cap=2216,2384,1171,1208 des=2216,2384,1025,1057 app=2216,2384,1025,1057 abs=nil,nil,nil,nil ebrake=1.00 ibrake=1.00 hasABS=0 sy=10.74 split=1.000,0.875 ===
298.52777|I|libbeamng.print:18052| === LSTM_OBS t=410 0.03572,5.84982,6.13474,1.43046,-0.09331,10.73723,-9.70408,-0.00933,0.00000,0.00000,0.00435,1.00000,0.00000,0.00476,-0.01384,1615.00903,0.25000 ===
298.57875|I|libbeamng.print:18052| === LSTM_TRACE t=420 v=6.52 ws=0.04,4.85,5.48,0.98 cmd=0.730,0.785,0.634,0.611 cap=2112,2305,1213,1173 des=2112,2305,1061,1026 app=2112,2305,1061,1026 abs=nil,nil,nil,nil ebrake=1.00 ibrake=1.00 hasABS=0 sy=10.89 split=1.000,0.875 ===
298.57880|I|libbeamng.print:18052| === LSTM_OBS t=420 0.04387,4.84868,5.47581,0.97808,-0.06584,10.89017,-9.67982,-0.01121,0.00000,0.00000,0.00411,1.00000,0.00000,0.00370,-0.01458,1500.32516,0.25000 ===
298.62857|I|libbeamng.print:18052| === LSTM_TRACE t=430 v=5.95 ws=0.03,3.26,4.58,1.42 cmd=0.757,0.804,0.658,0.622 cap=2266,2436,1261,1196 des=2266,2436,1103,1046 app=2266,2436,1103,1046 abs=nil,nil,nil,nil ebrake=1.00 ibrake=1.00 hasABS=0 sy=11.00 split=1.000,0.875 ===
298.62866|I|libbeamng.print:18052| === LSTM_OBS t=430 0.02835,3.26055,4.57988,1.42488,-0.08481,10.99558,-9.71279,-0.01651,0.00000,0.00000,0.00502,1.00000,0.00000,0.00353,-0.01457,1373.40011,0.25000 ===
298.67814|I|libbeamng.print:18052| === LSTM_TRACE t=440 v=5.41 ws=0.01,0.27,4.20,0.96 cmd=0.881,0.908,0.744,0.664 cap=2501,2653,1413,1246 des=2501,2653,1236,1090 app=2501,2653,1236,1090 abs=nil,nil,nil,nil ebrake=1.00 ibrake=1.00 hasABS=0 sy=11.09 split=1.000,0.875 ===
298.67818|I|libbeamng.print:18052| === LSTM_OBS t=440 0.01400,0.27408,4.20181,0.96266,-0.05666,11.09187,-9.71656,-0.00944,0.00000,0.00000,0.00315,1.00000,0.00000,0.00213,-0.01484,1251.57359,0.25000 ===
298.72794|I|libbeamng.print:18052| === LSTM_TRACE t=450 v=4.87 ws=0.03,0.14,2.87,1.49 cmd=0.988,0.987,0.828,0.793 cap=3057,3055,1601,1518 des=3057,3055,1400,1328 app=3057,3055,1400,1328 abs=nil,nil,nil,nil ebrake=1.00 ibrake=1.00 hasABS=0 sy=10.97 split=1.000,0.875 ===
298.72799|I|libbeamng.print:18052| === LSTM_OBS t=450 0.02636,0.13564,2.86725,1.48742,-0.13608,10.97281,-9.65990,0.00583,0.00000,0.00000,0.00389,1.00000,0.00000,0.00271,-0.01469,1088.45042,0.25000 ===
298.77784|I|libbeamng.print:18052| === LSTM_TRACE t=460 v=4.34 ws=0.01,0.06,0.84,0.85 cmd=0.991,0.991,0.846,0.845 cap=3072,3073,1640,1637 des=3072,3073,1435,1433 app=3072,3073,1435,1433 abs=nil,nil,nil,nil ebrake=1.00 ibrake=1.00 hasABS=0 sy=10.89 split=1.000,0.875 ===
298.77789|I|libbeamng.print:18052| === LSTM_OBS t=460 0.01428,0.06013,0.84164,0.84904,-0.04814,10.89438,-9.55735,-0.00493,0.00000,0.00000,0.00442,1.00000,0.00000,0.00269,-0.01465,916.24289,0.25000 ===
298.82790|I|libbeamng.print:18052| === LSTM_TRACE t=470 v=3.80 ws=0.00,0.03,0.02,0.33 cmd=0.993,0.994,0.866,0.868 cap=3079,3080,1681,1684 des=3079,3080,1471,1473 app=3079,3080,1471,1473 abs=nil,nil,nil,nil ebrake=1.00 ibrake=1.00 hasABS=0 sy=10.84 split=1.000,0.875 ===
298.82804|I|libbeamng.print:18052| === LSTM_OBS t=470 0.00339,0.02859,0.02434,0.32648,-0.02628,10.84119,-9.50339,-0.00395,0.00000,0.00000,0.00522,1.00000,0.00000,0.00215,-0.01413,758.30198,0.25000 ===
298.87885|I|libbeamng.print:18052| === LSTM_TRACE t=480 v=3.25 ws=0.00,0.01,0.19,0.11 cmd=0.995,0.996,0.871,0.873 cap=3085,3086,1691,1695 des=3085,3086,1480,1483 app=3085,3086,1480,1483 abs=nil,nil,nil,nil ebrake=1.00 ibrake=1.00 hasABS=0 sy=10.84 split=1.000,0.875 ===
298.87890|I|libbeamng.print:18052| === LSTM_OBS t=480 0.00335,0.00635,0.19224,0.10915,-0.07337,10.83744,-9.54493,0.00290,0.00000,0.00000,0.00555,1.00000,0.00000,0.00215,-0.01309,724.44320,0.25000 ===
298.93015|I|libbeamng.print:18052| === LSTM_TRACE t=490 v=2.69 ws=0.00,0.01,0.02,0.15 cmd=0.996,0.996,0.874,0.876 cap=3087,3088,1697,1700 des=3087,3088,1484,1488 app=3087,3088,1484,1488 abs=nil,nil,nil,nil ebrake=1.00 ibrake=1.00 hasABS=0 sy=10.91 split=1.000,0.875 ===
298.93021|I|libbeamng.print:18052| === LSTM_OBS t=490 0.00359,0.00880,0.01778,0.15202,-0.08621,10.91316,-9.60274,0.00458,0.00000,0.00000,0.00453,1.00000,0.00000,0.00270,-0.01229,724.97427,0.25000 ===
298.97778|I|libbeamng.print:18052| === LSTM_TRACE t=500 v=2.13 ws=0.00,0.01,0.06,0.75 cmd=0.996,0.996,0.876,0.877 cap=3087,3088,1700,1700 des=3087,3088,1488,1488 app=3087,3088,1488,1488 abs=nil,nil,nil,nil ebrake=1.00 ibrake=1.00 hasABS=0 sy=10.99 split=1.000,0.875 ===
298.97787|I|libbeamng.print:18052| === LSTM_OBS t=500 0.00291,0.00653,0.06214,0.74942,-0.06037,10.99356,-9.61339,0.00325,0.00000,0.00000,0.00439,1.00000,0.00000,0.00287,-0.01159,721.90469,0.25000 ===
299.02788|I|libbeamng.print:18052| === LSTM_TRACE t=510 v=1.55 ws=0.00,0.00,0.11,1.16 cmd=0.996,0.996,0.878,0.878 cap=3087,3088,1700,1700 des=3087,3088,1488,1488 app=3087,3088,1488,1488 abs=nil,nil,nil,nil ebrake=1.00 ibrake=1.00 hasABS=0 sy=11.14 split=1.000,0.875 ===
299.02793|I|libbeamng.print:18052| === LSTM_OBS t=510 0.00348,0.00381,0.11196,1.15646,-0.06244,11.14333,-9.64617,-0.00697,0.00000,0.00000,0.00483,1.00000,0.00000,0.00233,-0.01147,724.77067,0.25000 ===
299.07831|I|libbeamng.print:18052| === LSTM_TRACE t=520 v=0.98 ws=0.00,0.01,0.01,0.30 cmd=0.996,0.996,0.880,0.879 cap=3087,3088,1700,1700 des=3087,3088,1488,1488 app=3087,3088,1488,1488 abs=nil,nil,nil,nil ebrake=1.00 ibrake=1.00 hasABS=0 sy=11.25 split=1.000,0.875 ===
299.07837|I|libbeamng.print:18052| === LSTM_OBS t=520 0.00494,0.00520,0.00536,0.30138,-0.09831,11.25132,-9.70784,-0.00066,0.00000,0.00000,0.00490,1.00000,0.00000,0.00236,-0.01150,724.36225,0.25000 ===
302.76348|I|libbeamng.print:18052| === LSTM_ABS: lens 'band_g_mix_b10o1' loaded (1 member, 17 in, 64 hidden, 2 layers) ===
302.76498|I|libbeamng.print:18052| === LSTM_ABS SELFTEST lens=band_g_mix_b10o1 cmd=0.838760,0.833659,0.545350,0.611056 ===
333.36690|I|libbeamng.print:18052| === LSTM_TRACE t=0 v=27.70 ws=27.67,27.77,27.41,27.41 cmd=0.933,0.900,0.460,0.495 cap=155,155,97,97 des=155,155,85,85 app=155,155,85,85 abs=nil,nil,nil,nil ebrake=1.00 ibrake=1.00 hasABS=0 sy=1.57 split=1.000,0.875 ===
333.36695|I|libbeamng.print:18052| === LSTM_OBS t=0 27.66924,27.77011,27.40810,27.40941,0.00954,1.57309,-9.75385,0.00449,0.00000,0.00000,0.00049,1.00000,0.00000,0.00070,-0.00916,7857.40320,0.25000 ===
333.41847|I|libbeamng.print:18052| === LSTM_TRACE t=10 v=27.49 ws=27.45,27.59,26.77,26.82 cmd=0.120,0.121,0.569,0.562 cap=402,394,1075,1073 des=402,394,941,939 app=401,394,941,939 abs=nil,nil,nil,nil ebrake=1.00 ibrake=1.00 hasABS=0 sy=2.00 split=1.000,0.875 ===
333.41851|I|libbeamng.print:18052| === LSTM_OBS t=10 27.44819,27.58536,26.77250,26.82121,-0.01230,2.00013,-9.76790,-0.00236,0.00000,0.00000,0.00169,1.00000,0.00000,0.00073,-0.00987,7772.47557,0.25000 ===
333.43739|I|libbeamng.print:18052| === LSTM_ABS DBG raw=27.2309,27.2767,26.4936,26.6312,-0.0164,2.2533,-9.7445,0.0016,0.0000,0.0000,0.0000,1.0000,0.0000,0.0009,-0.0102,7696.4772,0.2500 ===
333.43743|I|libbeamng.print:18052| === LSTM_ABS DBG norm=0.61,0.55,0.52,0.51,-0.17,-2.20,0.00,0.03,0.06,-0.06,-0.16,0.59,-0.02,0.00,0.00,3.81,0.00 ===
333.43744|I|libbeamng.print:18052| === LSTM_ABS DBG cmd=0.1558,0.1747,0.6087,0.5878 ===
333.46778|I|libbeamng.print:18052| === LSTM_TRACE t=20 v=27.25 ws=26.71,26.77,26.09,26.26 cmd=0.334,0.342,0.661,0.651 cap=953,992,1268,1244 des=953,992,1109,1088 app=952,992,1109,1088 abs=nil,nil,nil,nil ebrake=1.00 ibrake=1.00 hasABS=0 sy=2.64 split=1.000,0.875 ===
333.46786|I|libbeamng.print:18052| === LSTM_OBS t=20 26.71028,26.76595,26.08925,26.25961,0.02674,2.64374,-9.59933,-0.00485,0.00000,0.00000,0.00049,1.00000,0.00000,0.00099,-0.01035,7572.52704,0.25000 ===
333.51796|I|libbeamng.print:18052| === LSTM_TRACE t=30 v=26.82 ws=25.47,25.74,25.40,25.57 cmd=0.608,0.588,0.698,0.711 cap=1818,1752,1352,1374 des=1818,1752,1183,1202 app=1818,1752,1183,1202 abs=nil,nil,nil,nil ebrake=1.00 ibrake=1.00 hasABS=0 sy=3.86 split=1.000,0.875 ===
333.51801|I|libbeamng.print:18052| === LSTM_OBS t=30 25.47109,25.74216,25.40033,25.57239,0.03704,3.86166,-9.41309,-0.00758,0.00000,0.00000,0.00162,1.00000,0.00000,0.00108,-0.01073,7379.13314,0.25000 ===
333.56710|I|libbeamng.print:18052| === LSTM_TRACE t=40 v=26.26 ws=23.89,24.38,24.74,24.74 cmd=0.806,0.777,0.714,0.743 cap=2459,2366,1386,1441 des=2459,2366,1213,1261 app=2459,2366,1213,1261 abs=nil,nil,nil,nil ebrake=1.00 ibrake=1.00 hasABS=0 sy=5.63 split=1.000,0.875 ===
333.56715|I|libbeamng.print:18052| === LSTM_OBS t=40 23.89339,24.37740,24.73998,24.73564,0.08913,5.63424,-9.33192,0.00532,0.00000,0.00000,0.00239,1.00000,0.00000,0.00117,-0.01225,7192.63653,0.25000 ===
333.61759|I|libbeamng.print:18052| === LSTM_TRACE t=50 v=25.64 ws=21.18,22.88,24.21,24.08 cmd=0.834,0.821,0.724,0.756 cap=2659,2602,1425,1488 des=2659,2602,1247,1302 app=2659,2602,1247,1302 abs=nil,nil,nil,nil ebrake=1.00 ibrake=1.00 hasABS=0 sy=7.39 split=1.000,0.875 ===
333.61763|I|libbeamng.print:18052| === LSTM_OBS t=50 21.18322,22.88243,24.21250,24.07618,0.03937,7.39468,-9.53302,0.00399,0.00000,0.00000,0.00254,1.00000,0.00000,0.00122,-0.01481,6997.10708,0.25000 ===
333.67055|I|libbeamng.print:18052| === LSTM_TRACE t=60 v=25.05 ws=17.79,21.79,23.50,23.18 cmd=0.804,0.804,0.737,0.764 cap=2528,2525,1421,1472 des=2528,2525,1243,1288 app=2528,2525,1243,1288 abs=nil,nil,nil,nil ebrake=1.00 ibrake=1.00 hasABS=0 sy=8.88 split=1.000,0.875 ===
333.67059|I|libbeamng.print:18052| === LSTM_OBS t=60 17.78687,21.78899,23.50324,23.18419,0.06181,8.87824,-9.69778,0.00604,0.00000,0.00000,0.00204,1.00000,0.00000,0.00136,-0.01709,6757.98275,0.25000 ===
333.71733|I|libbeamng.print:18052| === LSTM_TRACE t=70 v=24.48 ws=14.45,21.37,22.85,22.16 cmd=0.753,0.791,0.743,0.770 cap=2497,2544,1454,1510 des=2497,2544,1272,1321 app=2497,2544,1272,1321 abs=nil,nil,nil,nil ebrake=1.00 ibrake=1.00 hasABS=0 sy=9.63 split=1.000,0.875 ===
333.71737|I|libbeamng.print:18052| === LSTM_OBS t=70 14.45450,21.37337,22.84867,22.15953,0.07909,9.63462,-9.79066,-0.01398,0.00000,0.00000,0.00198,1.00000,0.00000,0.00114,-0.01824,6551.62436,0.25000 ===
333.76830|I|libbeamng.print:18052| === LSTM_TRACE t=80 v=23.90 ws=11.74,20.95,22.26,21.00 cmd=0.676,0.770,0.777,0.814 cap=2150,2399,1518,1592 des=2150,2399,1328,1393 app=2150,2399,1328,1393 abs=nil,nil,nil,nil ebrake=1.00 ibrake=1.00 hasABS=0 sy=10.14 split=1.000,0.875 ===
333.76836|I|libbeamng.print:18052| === LSTM_OBS t=80 11.73615,20.95220,22.25932,21.00124,0.12234,10.14343,-9.81697,-0.02648,0.00000,0.00000,0.00254,1.00000,0.00000,0.00062,-0.01815,6322.64666,0.25000 ===
333.81796|I|libbeamng.print:18052| === LSTM_TRACE t=90 v=23.35 ws=9.94,20.20,21.93,19.66 cmd=0.641,0.778,0.789,0.818 cap=1865,2325,1540,1593 des=1865,2325,1347,1394 app=1865,2325,1347,1394 abs=nil,nil,nil,nil ebrake=1.00 ibrake=1.00 hasABS=0 sy=10.45 split=1.000,0.875 ===
333.81801|I|libbeamng.print:18052| === LSTM_OBS t=90 9.94326,20.20418,21.92860,19.66394,0.16311,10.45028,-9.79081,-0.02169,0.00000,0.00000,0.00265,1.00000,0.00000,0.00005,-0.01732,6082.23463,0.25000 ===
333.86780|I|libbeamng.print:18052| === LSTM_TRACE t=100 v=22.81 ws=8.33,18.13,21.63,18.25 cmd=0.584,0.755,0.797,0.814 cap=1889,2382,1542,1579 des=1889,2382,1350,1382 app=1889,2382,1350,1382 abs=nil,nil,nil,nil ebrake=1.00 ibrake=1.00 hasABS=0 sy=10.60 split=1.000,0.875 ===
333.86784|I|libbeamng.print:18052| === LSTM_OBS t=100 8.33074,18.13209,21.63332,18.24769,0.22699,10.60473,-9.71775,-0.01389,0.00000,0.00000,0.00176,1.00000,0.00000,-0.00063,-0.01621,5841.20737,0.25000 ===
333.92062|I|libbeamng.print:18052| === LSTM_TRACE t=110 v=22.28 ws=7.04,15.30,21.35,17.01 cmd=0.666,0.804,0.800,0.812 cap=1893,2378,1559,1581 des=1893,2378,1364,1384 app=1893,2378,1364,1384 abs=nil,nil,nil,nil ebrake=1.00 ibrake=1.00 hasABS=0 sy=10.66 split=1.000,0.875 ===
333.92066|I|libbeamng.print:18052| === LSTM_OBS t=110 7.04312,15.30095,21.35126,17.01384,0.31504,10.66055,-9.64853,-0.01026,0.00000,0.00000,0.00229,1.00000,0.00000,-0.00112,-0.01525,5578.74177,0.25000 ===
333.97101|I|libbeamng.print:18052| === LSTM_TRACE t=120 v=21.75 ws=3.61,8.63,20.92,15.52 cmd=0.755,0.854,0.815,0.829 cap=2283,2633,1571,1595 des=2283,2633,1374,1396 app=2283,2633,1374,1396 abs=nil,nil,nil,nil ebrake=1.00 ibrake=1.00 hasABS=0 sy=10.62 split=1.000,0.875 ===
333.97106|I|libbeamng.print:18052| === LSTM_OBS t=120 3.61008,8.62713,20.91873,15.52111,0.33822,10.61510,-9.63387,0.01354,0.00000,0.00000,0.00301,1.00000,0.00000,-0.00134,-0.01446,5335.67326,0.25000 ===
334.01769|I|libbeamng.print:18052| === LSTM_TRACE t=130 v=21.24 ws=0.07,0.31,20.23,14.60 cmd=0.973,0.980,0.885,0.896 cap=2999,3023,1700,1700 des=2999,3023,1488,1488 app=2999,3023,1488,1488 abs=nil,nil,nil,nil ebrake=1.00 ibrake=1.00 hasABS=0 sy=10.54 split=1.000,0.875 ===
334.01774|I|libbeamng.print:18052| === LSTM_OBS t=130 0.07143,0.31216,20.23380,14.60466,0.29372,10.54155,-9.73786,0.03531,0.00000,0.00000,0.00169,1.00000,0.00000,0.00031,-0.01377,5104.82724,0.25000 ===
334.06719|I|libbeamng.print:18052| === LSTM_TRACE t=140 v=20.78 ws=0.02,0.10,19.07,13.61 cmd=0.983,0.986,0.886,0.894 cap=3050,3059,1700,1700 des=3050,3059,1488,1488 app=3050,3059,1488,1488 abs=nil,nil,nil,nil ebrake=1.00 ibrake=1.00 hasABS=0 sy=10.27 split=1.000,0.875 ===
334.06723|I|libbeamng.print:18052| === LSTM_OBS t=140 0.02199,0.10370,19.06957,13.61497,0.22841,10.26884,-9.72173,0.04390,0.00000,0.00000,0.00000,1.00000,0.00000,0.00262,-0.01209,4830.63111,0.25000 ===
334.11826|I|libbeamng.print:18052| === LSTM_TRACE t=150 v=20.30 ws=0.03,0.04,18.09,12.92 cmd=0.984,0.986,0.883,0.891 cap=3051,3056,1700,1700 des=3051,3056,1488,1488 app=3051,3056,1488,1488 abs=nil,nil,nil,nil ebrake=1.00 ibrake=1.00 hasABS=0 sy=10.05 split=1.000,0.875 ===
334.11830|I|libbeamng.print:18052| === LSTM_OBS t=150 0.03137,0.03848,18.09318,12.92282,0.24151,10.05265,-9.55209,0.04349,0.00000,0.00000,0.00183,1.00000,0.00000,0.00368,-0.01013,4572.29222,0.25000 ===
334.16679|I|libbeamng.print:18052| === LSTM_TRACE t=160 v=19.80 ws=0.03,0.02,17.21,12.02 cmd=0.985,0.986,0.881,0.889 cap=3053,3057,1700,1700 des=3053,3057,1488,1488 app=3053,3057,1488,1488 abs=nil,nil,nil,nil ebrake=1.00 ibrake=1.00 hasABS=0 sy=10.00 split=1.000,0.875 ===
334.16685|I|libbeamng.print:18052| === LSTM_OBS t=160 0.02891,0.02101,17.20668,12.01840,0.17658,10.00354,-9.49178,0.04391,0.00000,0.00000,0.00091,1.00000,0.00000,0.00403,-0.00855,4336.14482,0.25000 ===
334.22073|I|libbeamng.print:18052| === LSTM_TRACE t=170 v=19.28 ws=0.02,0.02,16.61,11.32 cmd=0.987,0.987,0.881,0.888 cap=3058,3059,1700,1700 des=3058,3059,1488,1488 app=3058,3059,1488,1488 abs=nil,nil,nil,nil ebrake=1.00 ibrake=1.00 hasABS=0 sy=10.05 split=1.000,0.875 ===
334.22077|I|libbeamng.print:18052| === LSTM_OBS t=170 0.02085,0.02228,16.61259,11.32347,0.08180,10.04562,-9.57394,0.04178,0.00000,0.00000,0.00091,1.00000,0.00000,0.00402,-0.00731,4088.40903,0.25000 ===
334.26733|I|libbeamng.print:18052| === LSTM_TRACE t=180 v=18.78 ws=0.01,0.01,15.77,10.60 cmd=0.987,0.987,0.880,0.887 cap=3060,3059,1700,1700 des=3060,3059,1488,1488 app=3060,3059,1488,1488 abs=nil,nil,nil,nil ebrake=1.00 ibrake=1.00 hasABS=0 sy=10.08 split=1.000,0.875 ===
334.26738|I|libbeamng.print:18052| === LSTM_OBS t=180 0.00966,0.01411,15.77257,10.60476,0.00550,10.08223,-9.65948,0.04022,0.00000,0.00000,0.00091,1.00000,0.00000,0.00415,-0.00643,3884.41186,0.25000 ===
334.32117|I|libbeamng.print:18052| === LSTM_TRACE t=190 v=18.27 ws=0.00,0.01,15.05,9.77 cmd=0.988,0.987,0.879,0.887 cap=3062,3059,1700,1700 des=3062,3059,1488,1488 app=3062,3059,1488,1488 abs=nil,nil,nil,nil ebrake=1.00 ibrake=1.00 hasABS=0 sy=10.11 split=1.000,0.875 ===
334.32129|I|libbeamng.print:18052| === LSTM_OBS t=190 0.00305,0.00534,15.04867,9.76604,-0.07667,10.10878,-9.74272,0.03830,0.00000,0.00000,0.00104,1.00000,0.00000,0.00425,-0.00582,3633.91545,0.25000 ===
334.36741|I|libbeamng.print:18052| === LSTM_TRACE t=200 v=17.76 ws=0.01,0.00,13.89,8.93 cmd=0.988,0.986,0.877,0.884 cap=3063,3057,1700,1700 des=3063,3057,1488,1488 app=3063,3057,1488,1488 abs=nil,nil,nil,nil ebrake=1.00 ibrake=1.00 hasABS=0 sy=10.13 split=1.000,0.875 ===
334.36746|I|libbeamng.print:18052| === LSTM_OBS t=200 0.00527,0.00457,13.88903,8.92904,-0.12316,10.12570,-9.78977,0.02944,0.00000,0.00000,0.00091,1.00000,0.00000,0.00431,-0.00548,3428.77031,0.25000 ===
334.41753|I|libbeamng.print:18052| === LSTM_TRACE t=210 v=17.26 ws=0.00,0.00,13.17,8.15 cmd=0.988,0.986,0.876,0.882 cap=3064,3056,1700,1700 des=3064,3056,1488,1488 app=3064,3056,1488,1488 abs=nil,nil,nil,nil ebrake=1.00 ibrake=1.00 hasABS=0 sy=10.12 split=1.000,0.875 ===
334.41757|I|libbeamng.print:18052| === LSTM_OBS t=210 0.00250,0.00063,13.17128,8.14843,-0.17062,10.11894,-9.82322,0.02985,0.00000,0.00000,0.00104,1.00000,0.00000,0.00433,-0.00529,3194.16989,0.25000 ===
334.46781|I|libbeamng.print:18052| === LSTM_TRACE t=220 v=16.76 ws=0.00,0.00,12.13,7.36 cmd=0.989,0.986,0.875,0.879 cap=3065,3056,1699,1700 des=3065,3056,1487,1488 app=3065,3056,1487,1488 abs=nil,nil,nil,nil ebrake=1.00 ibrake=1.00 hasABS=0 sy=10.09 split=1.000,0.875 ===
334.46785|I|libbeamng.print:18052| === LSTM_OBS t=220 0.00036,0.00224,12.13213,7.36337,-0.19538,10.09185,-9.82742,0.02926,0.00000,0.00000,0.00104,1.00000,0.00000,0.00438,-0.00516,2954.48440,0.25000 ===
334.51727|I|libbeamng.print:18052| === LSTM_TRACE t=230 v=16.26 ws=0.01,0.00,11.18,6.45 cmd=0.989,0.986,0.873,0.875 cap=3066,3057,1696,1700 des=3066,3057,1484,1488 app=3066,3057,1484,1488 abs=nil,nil,nil,nil ebrake=1.00 ibrake=1.00 hasABS=0 sy=10.04 split=1.000,0.875 ===
334.51731|I|libbeamng.print:18052| === LSTM_OBS t=230 0.00945,0.00064,11.17632,6.44908,-0.22739,10.04496,-9.81087,0.02330,0.00000,0.00000,0.00104,1.00000,0.00000,0.00449,-0.00504,2711.01558,0.25000 ===
334.56752|I|libbeamng.print:18052| === LSTM_TRACE t=240 v=15.77 ws=0.01,0.00,10.25,5.86 cmd=0.990,0.987,0.871,0.871 cap=3070,3060,1693,1694 des=3070,3060,1482,1482 app=3070,3060,1482,1482 abs=nil,nil,nil,nil ebrake=1.00 ibrake=1.00 hasABS=0 sy=10.01 split=1.000,0.875 ===
334.56766|I|libbeamng.print:18052| === LSTM_OBS t=240 0.01209,0.00103,10.25272,5.85664,-0.24353,10.01233,-9.79034,0.02192,0.00000,0.00000,0.00085,1.00000,0.00000,0.00452,-0.00484,2465.42866,0.25000 ===
334.62075|I|libbeamng.print:18052| === LSTM_TRACE t=250 v=15.27 ws=0.02,0.01,9.13,5.50 cmd=0.992,0.989,0.870,0.868 cap=3075,3066,1691,1687 des=3075,3066,1479,1476 app=3075,3066,1479,1476 abs=nil,nil,nil,nil ebrake=1.00 ibrake=1.00 hasABS=0 sy=10.00 split=1.000,0.875 ===
334.62080|I|libbeamng.print:18052| === LSTM_OBS t=250 0.02175,0.00784,9.13150,5.50247,-0.25442,10.00198,-9.78479,0.01884,0.00000,0.00000,0.00091,1.00000,0.00000,0.00432,-0.00486,2202.38134,0.25000 ===
334.67078|I|libbeamng.print:18052| === LSTM_TRACE t=260 v=14.77 ws=0.01,0.00,7.56,5.18 cmd=0.994,0.992,0.869,0.866 cap=3082,3075,1690,1683 des=3082,3075,1479,1473 app=3082,3075,1479,1473 abs=nil,nil,nil,nil ebrake=1.00 ibrake=1.00 hasABS=0 sy=9.99 split=1.000,0.875 ===
334.67085|I|libbeamng.print:18052| === LSTM_OBS t=260 0.01050,0.00264,7.55633,5.17900,-0.26127,9.98856,-9.79431,0.01683,0.00000,0.00000,0.00091,1.00000,0.00000,0.00398,-0.00507,1960.89953,0.25000 ===
334.72065|I|libbeamng.print:18052| === LSTM_TRACE t=270 v=14.29 ws=0.00,0.02,5.88,4.91 cmd=0.996,0.994,0.871,0.866 cap=3089,3083,1692,1682 des=3089,3083,1480,1472 app=3089,3083,1480,1472 abs=nil,nil,nil,nil ebrake=1.00 ibrake=1.00 hasABS=0 sy=9.94 split=1.000,0.875 ===
334.72071|I|libbeamng.print:18052| === LSTM_OBS t=270 0.00310,0.01633,5.88359,4.91316,-0.26964,9.94438,-9.78924,0.01937,0.00000,0.00000,0.00104,1.00000,0.00000,0.00372,-0.00525,1712.17075,0.25000 ===
334.76741|I|libbeamng.print:18052| === LSTM_TRACE t=280 v=13.78 ws=0.02,0.02,4.43,4.15 cmd=0.998,0.996,0.877,0.870 cap=3093,3088,1700,1689 des=3093,3088,1488,1478 app=3093,3088,1488,1478 abs=nil,nil,nil,nil ebrake=1.00 ibrake=1.00 hasABS=0 sy=9.95 split=1.000,0.875 ===
334.76749|I|libbeamng.print:18052| === LSTM_OBS t=280 0.01833,0.02335,4.43330,4.15008,-0.27840,9.95188,-9.80709,0.01221,0.00000,0.00000,0.00069,1.00000,0.00000,0.00391,-0.00557,1489.22074,0.25000 ===
334.81787|I|libbeamng.print:18052| === LSTM_TRACE t=290 v=13.27 ws=0.02,0.03,2.14,3.69 cmd=0.997,0.998,0.902,0.892 cap=3091,3093,1700,1700 des=3091,3093,1488,1488 app=3091,3093,1488,1488 abs=nil,nil,nil,nil ebrake=1.00 ibrake=1.00 hasABS=0 sy=9.95 split=1.000,0.875 ===
334.81793|I|libbeamng.print:18052| === LSTM_OBS t=290 0.01806,0.02554,2.13581,3.68791,-0.32056,9.95038,-9.85729,0.02220,0.00000,0.00000,0.00085,1.00000,0.00000,0.00485,-0.00626,1248.79643,0.25000 ===
334.87072|I|libbeamng.print:18052| === LSTM_TRACE t=300 v=12.81 ws=0.00,0.01,0.18,2.30 cmd=0.999,0.999,0.902,0.890 cap=3096,3096,1700,1700 des=3096,3096,1488,1488 app=3096,3096,1488,1488 abs=nil,nil,nil,nil ebrake=1.00 ibrake=1.00 hasABS=0 sy=9.87 split=1.000,0.875 ===
334.87078|I|libbeamng.print:18052| === LSTM_OBS t=300 0.00020,0.01013,0.17677,2.29678,-0.27287,9.87365,-9.79815,0.00151,0.00000,0.00000,0.00154,1.00000,0.00000,0.00468,-0.00700,996.28455,0.25000 ===
334.92079|I|libbeamng.print:18052| === LSTM_TRACE t=310 v=12.33 ws=0.01,0.00,0.07,0.65 cmd=0.998,0.998,0.874,0.867 cap=3093,3094,1700,1689 des=3093,3094,1488,1478 app=3093,3094,1488,1478 abs=nil,nil,nil,nil ebrake=1.00 ibrake=1.00 hasABS=0 sy=9.75 split=1.000,0.875 ===
334.92084|I|libbeamng.print:18052| === LSTM_OBS t=310 0.00568,0.00104,0.07330,0.65008,-0.26395,9.75307,-9.76274,0.01897,0.00000,0.00000,0.00000,1.00000,0.00000,0.00435,-0.00734,792.58042,0.25000 ===
334.97070|I|libbeamng.print:18052| === LSTM_TRACE t=320 v=11.85 ws=0.01,0.02,0.02,0.03 cmd=0.998,0.998,0.870,0.869 cap=3092,3093,1691,1688 des=3092,3093,1479,1477 app=3092,3093,1479,1477 abs=nil,nil,nil,nil ebrake=1.00 ibrake=1.00 hasABS=0 sy=9.69 split=1.000,0.875 ===
334.97075|I|libbeamng.print:18052| === LSTM_OBS t=320 0.00700,0.01681,0.01748,0.03483,-0.26564,9.68954,-9.74545,0.00901,0.00000,0.00000,0.00000,1.00000,0.00000,0.00474,-0.00767,736.40997,0.25000 ===
335.02071|I|libbeamng.print:18052| === LSTM_TRACE t=330 v=11.37 ws=0.00,0.02,0.02,0.02 cmd=0.998,0.998,0.873,0.874 cap=3094,3094,1697,1698 des=3094,3094,1484,1485 app=3094,3094,1484,1485 abs=nil,nil,nil,nil ebrake=1.00 ibrake=1.00 hasABS=0 sy=9.69 split=1.000,0.875 ===
335.02076|I|libbeamng.print:18052| === LSTM_OBS t=330 0.00300,0.01992,0.02009,0.02195,-0.24036,9.69464,-9.71979,0.00944,0.00000,0.00000,0.00085,1.00000,0.00000,0.00437,-0.00779,729.83260,0.25000 ===
335.06764|I|libbeamng.print:18052| === LSTM_TRACE t=340 v=10.88 ws=0.01,0.01,0.01,0.02 cmd=0.998,0.998,0.876,0.876 cap=3094,3094,1700,1700 des=3094,3094,1488,1488 app=3094,3094,1488,1488 abs=nil,nil,nil,nil ebrake=1.00 ibrake=1.00 hasABS=0 sy=9.71 split=1.000,0.875 ===
335.06768|I|libbeamng.print:18052| === LSTM_OBS t=340 0.00537,0.01324,0.00972,0.01511,-0.24665,9.71112,-9.71797,0.01417,0.00000,0.00000,0.00104,1.00000,0.00000,0.00409,-0.00813,728.91326,0.25000 ===
335.11752|I|libbeamng.print:18052| === LSTM_TRACE t=350 v=10.39 ws=0.01,0.00,0.00,0.02 cmd=0.998,0.998,0.877,0.878 cap=3094,3094,1700,1700 des=3094,3094,1488,1488 app=3094,3094,1488,1488 abs=nil,nil,nil,nil ebrake=1.00 ibrake=1.00 hasABS=0 sy=9.73 split=1.000,0.875 ===
335.11757|I|libbeamng.print:18052| === LSTM_OBS t=350 0.00567,0.00051,0.00214,0.02192,-0.26330,9.73085,-9.72015,0.01359,0.00000,0.00000,0.00115,1.00000,0.00000,0.00405,-0.00845,729.63352,0.25000 ===
335.16685|I|libbeamng.print:18052| === LSTM_TRACE t=360 v=9.89 ws=0.00,0.00,0.02,0.00 cmd=0.998,0.998,0.878,0.878 cap=3095,3094,1700,1700 des=3095,3094,1488,1488 app=3095,3094,1488,1488 abs=nil,nil,nil,nil ebrake=1.00 ibrake=1.00 hasABS=0 sy=9.77 split=1.000,0.875 ===
335.16690|I|libbeamng.print:18052| === LSTM_OBS t=360 0.00025,0.00188,0.01861,0.00243,-0.27403,9.76715,-9.71964,0.01570,0.00000,0.00000,0.00085,1.00000,0.00000,0.00399,-0.00871,726.35702,0.25000 ===
335.21757|I|libbeamng.print:18052| === LSTM_TRACE t=370 v=9.39 ws=0.00,0.00,0.00,0.00 cmd=0.998,0.998,0.878,0.879 cap=3095,3094,1700,1700 des=3095,3094,1488,1488 app=3095,3094,1488,1488 abs=nil,nil,nil,nil ebrake=1.00 ibrake=1.00 hasABS=0 sy=9.81 split=1.000,0.875 ===
335.21761|I|libbeamng.print:18052| === LSTM_OBS t=370 0.00256,0.00213,0.00362,0.00279,-0.27387,9.81276,-9.71681,0.01735,0.00000,0.00000,0.00091,1.00000,0.00000,0.00400,-0.00896,726.31446,0.25000 ===
335.26712|I|libbeamng.print:18052| === LSTM_TRACE t=380 v=8.89 ws=0.00,0.00,0.00,0.00 cmd=0.998,0.998,0.878,0.879 cap=3095,3094,1700,1700 des=3095,3094,1488,1488 app=3095,3094,1488,1488 abs=nil,nil,nil,nil ebrake=1.00 ibrake=1.00 hasABS=0 sy=9.87 split=1.000,0.875 ===
335.26717|I|libbeamng.print:18052| === LSTM_OBS t=380 0.00264,0.00019,0.00342,0.00169,-0.27631,9.86583,-9.70918,0.01899,0.00000,0.00000,0.00104,1.00000,0.00000,0.00403,-0.00919,721.42129,0.25000 ===
335.31723|I|libbeamng.print:18052| === LSTM_TRACE t=390 v=8.39 ws=0.00,0.00,0.00,0.00 cmd=0.998,0.998,0.878,0.879 cap=3095,3094,1700,1700 des=3095,3094,1488,1488 app=3095,3094,1488,1488 abs=nil,nil,nil,nil ebrake=1.00 ibrake=1.00 hasABS=0 sy=9.93 split=1.000,0.875 ===
335.31728|I|libbeamng.print:18052| === LSTM_OBS t=390 0.00066,0.00046,0.00099,0.00431,-0.28202,9.92502,-9.69762,0.01935,0.00000,0.00000,0.00069,1.00000,0.00000,0.00406,-0.00941,725.51365,0.25000 ===
335.36694|I|libbeamng.print:18052| === LSTM_TRACE t=400 v=7.87 ws=0.00,0.00,0.00,0.00 cmd=0.998,0.998,0.879,0.880 cap=3095,3094,1700,1700 des=3095,3094,1488,1488 app=3095,3094,1488,1488 abs=nil,nil,nil,nil ebrake=1.00 ibrake=1.00 hasABS=0 sy=9.99 split=1.000,0.875 ===
335.36698|I|libbeamng.print:18052| === LSTM_OBS t=400 0.00284,0.00103,0.00313,0.00254,-0.29138,9.99265,-9.69543,0.01985,0.00000,0.00000,0.00069,1.00000,0.00000,0.00409,-0.00963,721.37266,0.25000 ===
335.41750|I|libbeamng.print:18052| === LSTM_TRACE t=410 v=7.36 ws=0.00,0.00,0.00,0.00 cmd=0.998,0.998,0.879,0.880 cap=3095,3094,1700,1700 des=3095,3094,1488,1488 app=3095,3094,1488,1488 abs=nil,nil,nil,nil ebrake=1.00 ibrake=1.00 hasABS=0 sy=10.08 split=1.000,0.875 ===
335.41755|I|libbeamng.print:18052| === LSTM_OBS t=410 0.00075,0.00327,0.00045,0.00072,-0.29981,10.07759,-9.69391,0.02069,0.00000,0.00000,0.00085,1.00000,0.00000,0.00412,-0.00987,725.00938,0.25000 ===
335.46725|I|libbeamng.print:18052| === LSTM_TRACE t=420 v=6.83 ws=0.00,0.00,0.01,0.00 cmd=0.998,0.998,0.879,0.880 cap=3095,3094,1700,1700 des=3095,3094,1488,1488 app=3095,3094,1488,1488 abs=nil,nil,nil,nil ebrake=1.00 ibrake=1.00 hasABS=0 sy=10.18 split=1.000,0.875 ===
335.46730|I|libbeamng.print:18052| === LSTM_OBS t=420 0.00438,0.00237,0.00663,0.00085,-0.30831,10.18150,-9.69399,0.02098,0.00000,0.00000,0.00091,1.00000,0.00000,0.00410,-0.01011,723.03754,0.25000 ===
335.51792|I|libbeamng.print:18052| === LSTM_TRACE t=430 v=6.30 ws=0.00,0.00,0.00,0.00 cmd=0.998,0.998,0.880,0.880 cap=3095,3095,1700,1700 des=3095,3095,1488,1488 app=3095,3095,1488,1488 abs=nil,nil,nil,nil ebrake=1.00 ibrake=1.00 hasABS=0 sy=10.30 split=1.000,0.875 ===
335.51799|I|libbeamng.print:18052| === LSTM_OBS t=430 0.00076,0.00223,0.00363,0.00463,-0.31824,10.29902,-9.69322,0.02039,0.00000,0.00000,0.00085,1.00000,0.00000,0.00410,-0.01037,726.82458,0.25000 ===
335.56709|I|libbeamng.print:18052| === LSTM_TRACE t=440 v=5.76 ws=0.00,0.00,0.00,0.00 cmd=0.998,0.998,0.880,0.881 cap=3095,3094,1700,1700 des=3095,3094,1488,1488 app=3095,3094,1488,1488 abs=nil,nil,nil,nil ebrake=1.00 ibrake=1.00 hasABS=0 sy=10.42 split=1.000,0.875 ===
335.56715|I|libbeamng.print:18052| === LSTM_OBS t=440 0.00330,0.00142,0.00350,0.00411,-0.33215,10.41553,-9.69838,0.01994,0.00000,0.00000,0.00085,1.00000,0.00000,0.00410,-0.01062,721.02931,0.25000 ===
335.61743|I|libbeamng.print:18052| === LSTM_TRACE t=450 v=5.22 ws=0.00,0.00,0.03,0.03 cmd=0.998,0.998,0.880,0.881 cap=3095,3094,1700,1700 des=3095,3094,1488,1488 app=3095,3094,1488,1488 abs=nil,nil,nil,nil ebrake=1.00 ibrake=1.00 hasABS=0 sy=10.52 split=1.000,0.875 ===
335.61751|I|libbeamng.print:18052| === LSTM_OBS t=450 0.00038,0.00214,0.03268,0.02584,-0.34393,10.52472,-9.69585,0.01902,0.00000,0.00000,0.00085,1.00000,0.00000,0.00413,-0.01088,722.25818,0.25000 ===
335.66750|I|libbeamng.print:18052| === LSTM_TRACE t=460 v=4.67 ws=0.00,0.00,0.01,0.01 cmd=0.998,0.998,0.881,0.881 cap=3095,3094,1700,1700 des=3095,3094,1488,1488 app=3095,3094,1488,1488 abs=nil,nil,nil,nil ebrake=1.00 ibrake=1.00 hasABS=0 sy=10.64 split=1.000,0.875 ===
335.66759|I|libbeamng.print:18052| === LSTM_OBS t=460 0.00274,0.00285,0.00604,0.00812,-0.35679,10.64055,-9.69407,0.01877,0.00000,0.00000,0.00085,1.00000,0.00000,0.00414,-0.01112,719.99627,0.25000 ===
335.71921|I|libbeamng.print:18052| === LSTM_TRACE t=470 v=4.11 ws=0.00,0.00,0.01,0.00 cmd=0.998,0.998,0.881,0.881 cap=3095,3094,1700,1700 des=3095,3094,1488,1488 app=3095,3094,1488,1488 abs=nil,nil,nil,nil ebrake=1.00 ibrake=1.00 hasABS=0 sy=10.77 split=1.000,0.875 ===
335.71929|I|libbeamng.print:18052| === LSTM_OBS t=470 0.00024,0.00260,0.00584,0.00019,-0.37039,10.77115,-9.69628,0.01730,0.00000,0.00000,0.00085,1.00000,0.00000,0.00416,-0.01148,724.47101,0.25000 ===
335.76799|I|libbeamng.print:18052| === LSTM_TRACE t=480 v=3.55 ws=0.00,0.00,0.00,0.00 cmd=0.998,0.998,0.881,0.881 cap=3095,3094,1700,1700 des=3095,3094,1488,1488 app=3095,3094,1488,1488 abs=nil,nil,nil,nil ebrake=1.00 ibrake=1.00 hasABS=0 sy=10.90 split=1.000,0.875 ===
335.76804|I|libbeamng.print:18052| === LSTM_OBS t=480 0.00354,0.00042,0.00014,0.00159,-0.38474,10.89603,-9.69377,0.01563,0.00000,0.00000,0.00085,1.00000,0.00000,0.00417,-0.01181,720.44710,0.25000 ===
335.81803|I|libbeamng.print:18052| === LSTM_TRACE t=490 v=2.98 ws=0.00,0.00,0.00,0.00 cmd=0.998,0.998,0.881,0.880 cap=3095,3094,1700,1700 des=3095,3094,1488,1488 app=3095,3094,1488,1488 abs=nil,nil,nil,nil ebrake=1.00 ibrake=1.00 hasABS=0 sy=11.01 split=1.000,0.875 ===
335.81807|I|libbeamng.print:18052| === LSTM_OBS t=490 0.00157,0.00142,0.00038,0.00181,-0.39834,11.01492,-9.68287,0.01413,0.00000,0.00000,0.00069,1.00000,0.00000,0.00419,-0.01207,724.28956,0.25000 ===
335.86877|I|libbeamng.print:18052| === LSTM_TRACE t=500 v=2.41 ws=0.00,0.00,0.00,0.01 cmd=0.998,0.998,0.882,0.880 cap=3095,3094,1700,1700 des=3095,3094,1488,1488 app=3095,3094,1488,1488 abs=nil,nil,nil,nil ebrake=1.00 ibrake=1.00 hasABS=0 sy=11.12 split=1.000,0.875 ===
335.86883|I|libbeamng.print:18052| === LSTM_OBS t=500 0.00311,0.00099,0.00231,0.00606,-0.41281,11.12008,-9.67712,0.01238,0.00000,0.00000,0.00085,1.00000,0.00000,0.00423,-0.01224,720.64463,0.25000 ===
335.91851|I|libbeamng.print:18052| === LSTM_TRACE t=510 v=1.83 ws=0.00,0.00,0.09,0.17 cmd=0.998,0.998,0.882,0.880 cap=3094,3094,1700,1700 des=3094,3094,1488,1488 app=3094,3094,1488,1488 abs=nil,nil,nil,nil ebrake=1.00 ibrake=1.00 hasABS=0 sy=11.23 split=1.000,0.875 ===
335.91856|I|libbeamng.print:18052| === LSTM_OBS t=510 0.00111,0.00151,0.08914,0.17005,-0.42680,11.23238,-9.67084,0.01103,0.00000,0.00000,0.00085,1.00000,0.00000,0.00429,-0.01239,723.35264,0.25000 ===
335.96817|I|libbeamng.print:18052| === LSTM_TRACE t=520 v=1.25 ws=0.00,0.00,0.00,0.17 cmd=0.998,0.998,0.882,0.880 cap=3094,3094,1700,1700 des=3094,3094,1488,1488 app=3094,3094,1488,1488 abs=nil,nil,nil,nil ebrake=1.00 ibrake=1.00 hasABS=0 sy=11.33 split=1.000,0.875 ===
335.96823|I|libbeamng.print:18052| === LSTM_OBS t=520 0.00245,0.00016,0.00196,0.16756,-0.44658,11.32572,-9.66293,0.00954,0.00000,0.00000,0.00069,1.00000,0.00000,0.00448,-0.01239,722.11923,0.25000 ===
336.01750|I|libbeamng.print:18052| === LSTM_TRACE t=530 v=0.66 ws=0.00,0.00,0.01,0.75 cmd=0.998,0.998,0.882,0.880 cap=3094,3094,1700,1700 des=3094,3094,1488,1488 app=3094,3094,1488,1488 abs=nil,nil,nil,nil ebrake=1.00 ibrake=1.00 hasABS=0 sy=11.41 split=1.000,0.875 ===
336.01755|I|libbeamng.print:18052| === LSTM_OBS t=530 0.00249,0.00257,0.01348,0.74712,-0.45774,11.40661,-9.64395,0.00514,0.00000,0.00000,0.00085,1.00000,0.00000,0.00483,-0.01220,726.48991,0.25000 ===
365.40751|I|libbeamng.print:18052| === LSTM_TRACE t=0 v=27.71 ws=27.73,27.90,27.34,27.49 cmd=0.934,0.901,0.460,0.495 cap=155,155,97,97 des=155,155,85,85 app=116,116,64,64 abs=nil,nil,nil,nil ebrake=1.00 ibrake=1.00 hasABS=0 sy=1.58 split=1.000,0.875 ===
365.40755|I|libbeamng.print:18052| === LSTM_OBS t=0 27.72505,27.90191,27.34284,27.48671,0.04041,1.57850,-9.77275,0.00205,0.00000,0.00000,0.00049,1.00000,0.00000,0.00061,-0.00902,7857.76858,0.25000 ===
365.45723|I|libbeamng.print:18052| === LSTM_TRACE t=10 v=27.50 ws=27.48,27.57,26.80,26.79 cmd=0.139,0.141,0.578,0.571 cap=441,440,1089,1087 des=441,440,953,951 app=440,440,953,951 abs=nil,nil,nil,nil ebrake=1.00 ibrake=1.00 hasABS=0 sy=2.00 split=1.000,0.875 ===
365.45729|I|libbeamng.print:18052| === LSTM_OBS t=10 27.47846,27.57422,26.80089,26.78847,0.03828,1.99810,-9.71187,-0.01242,0.00000,0.00000,0.00183,1.00000,0.00000,0.00060,-0.00975,7763.76244,0.25000 ===
365.47704|I|libbeamng.print:18052| === LSTM_ABS DBG raw=27.1323,27.2318,26.4342,26.4773,0.0458,2.2643,-9.6750,0.0032,0.0000,0.0000,0.0005,1.0000,0.0000,0.0008,-0.0101,7684.7406,0.2500 ===
365.47707|I|libbeamng.print:18052| === LSTM_ABS DBG norm=0.60,0.55,0.52,0.50,-0.11,-2.20,0.00,0.05,0.06,-0.06,-0.12,0.59,-0.02,0.00,0.00,3.81,0.00 ===
365.47707|I|libbeamng.print:18052| === LSTM_ABS DBG cmd=0.1957,0.2115,0.6236,0.6052 ===
365.50804|I|libbeamng.print:18052| === LSTM_TRACE t=20 v=27.25 ws=26.44,26.57,25.99,26.08 cmd=0.405,0.406,0.681,0.677 cap=1158,1175,1305,1291 des=1158,1175,1142,1130 app=1156,1175,1142,1130 abs=nil,nil,nil,nil ebrake=1.00 ibrake=1.00 hasABS=0 sy=2.76 split=1.000,0.875 ===
365.50808|I|libbeamng.print:18052| === LSTM_OBS t=20 26.43989,26.56573,25.98888,26.07578,0.04722,2.76075,-9.55592,0.00296,0.00000,0.00000,0.00069,1.00000,0.00000,0.00095,-0.01036,7557.04315,0.25000 ===
365.55718|I|libbeamng.print:18052| === LSTM_TRACE t=30 v=26.79 ws=25.14,25.40,25.30,25.37 cmd=0.674,0.661,0.708,0.727 cap=2028,1992,1372,1404 des=2028,1992,1201,1229 app=2027,1992,1201,1229 abs=nil,nil,nil,nil ebrake=1.00 ibrake=1.00 hasABS=0 sy=4.22 split=1.000,0.875 ===
365.55723|I|libbeamng.print:18052| === LSTM_OBS t=30 25.14067,25.39692,25.29608,25.36982,0.01206,4.21797,-9.36514,-0.01066,0.00000,0.00000,0.00216,1.00000,0.00000,0.00114,-0.01115,7352.12101,0.25000 ===
365.60752|I|libbeamng.print:18052| === LSTM_TRACE t=40 v=26.19 ws=23.36,24.09,24.78,24.62 cmd=0.830,0.811,0.725,0.753 cap=2511,2453,1403,1456 des=2511,2453,1227,1274 app=2511,2453,1227,1274 abs=nil,nil,nil,nil ebrake=1.00 ibrake=1.00 hasABS=0 sy=6.15 split=1.000,0.875 ===
365.60759|I|libbeamng.print:18052| === LSTM_OBS t=40 23.36146,24.09096,24.78016,24.62386,0.08803,6.15110,-9.24640,0.00508,0.00000,0.00000,0.00239,1.00000,0.00000,0.00118,-0.01308,7151.52685,0.25000 ===
365.65702|I|libbeamng.print:18052| === LSTM_TRACE t=50 v=25.59 ws=20.48,22.56,23.95,23.74 cmd=0.843,0.830,0.730,0.760 cap=2645,2604,1428,1485 des=2645,2604,1250,1299 app=2645,2604,1250,1299 abs=nil,nil,nil,nil ebrake=1.00 ibrake=1.00 hasABS=0 sy=7.83 split=1.000,0.875 ===
365.65706|I|libbeamng.print:18052| === LSTM_OBS t=50 20.48455,22.56344,23.94767,23.74474,0.07785,7.83377,-9.41280,0.00333,0.00000,0.00000,0.00270,1.00000,0.00000,0.00122,-0.01559,6942.17223,0.25000 ===
365.70809|I|libbeamng.print:18052| === LSTM_TRACE t=60 v=24.99 ws=16.98,21.61,23.31,22.83 cmd=0.803,0.808,0.729,0.754 cap=2528,2520,1429,1479 des=2528,2520,1250,1294 app=2528,2520,1250,1294 abs=nil,nil,nil,nil ebrake=1.00 ibrake=1.00 hasABS=0 sy=9.04 split=1.000,0.875 ===
365.70814|I|libbeamng.print:18052| === LSTM_OBS t=60 16.98093,21.61425,23.31122,22.83422,0.10182,9.04336,-9.58700,-0.00928,0.00000,0.00000,0.00256,1.00000,0.00000,0.00121,-0.01765,6720.29584,0.25000 ===
365.75751|I|libbeamng.print:18052| === LSTM_TRACE t=70 v=24.41 ws=13.81,21.16,22.73,21.91 cmd=0.754,0.797,0.764,0.796 cap=2352,2488,1457,1514 des=2352,2488,1275,1324 app=2352,2488,1275,1324 abs=nil,nil,nil,nil ebrake=1.00 ibrake=1.00 hasABS=0 sy=9.80 split=1.000,0.875 ===
365.75755|I|libbeamng.print:18052| === LSTM_OBS t=70 13.81355,21.15976,22.72866,21.91061,0.12232,9.79508,-9.72588,-0.01147,0.00000,0.00000,0.00297,1.00000,0.00000,0.00090,-0.01841,6493.92454,0.25000 ===
365.80747|I|libbeamng.print:18052| === LSTM_TRACE t=80 v=23.85 ws=11.33,20.75,22.37,20.61 cmd=0.647,0.757,0.786,0.821 cap=2025,2370,1514,1581 des=2025,2370,1325,1384 app=2025,2370,1325,1384 abs=nil,nil,nil,nil ebrake=1.00 ibrake=1.00 hasABS=0 sy=10.25 split=1.000,0.875 ===
365.80751|I|libbeamng.print:18052| === LSTM_OBS t=80 11.33380,20.75402,22.36524,20.60700,0.16525,10.25201,-9.78746,-0.01035,0.00000,0.00000,0.00278,1.00000,0.00000,0.00038,-0.01820,6260.24934,0.25000 ===
365.85733|I|libbeamng.print:18052| === LSTM_TRACE t=90 v=23.30 ws=9.68,19.79,21.94,19.30 cmd=0.650,0.781,0.791,0.817 cap=1916,2354,1546,1596 des=1916,2354,1352,1396 app=1916,2354,1352,1396 abs=nil,nil,nil,nil ebrake=1.00 ibrake=1.00 hasABS=0 sy=10.50 split=1.000,0.875 ===
365.85737|I|libbeamng.print:18052| === LSTM_OBS t=90 9.68026,19.78706,21.94339,19.29680,0.21350,10.50082,-9.76080,-0.01733,0.00000,0.00000,0.00285,1.00000,0.00000,-0.00018,-0.01721,6016.47266,0.25000 ===
365.90753|I|libbeamng.print:18052| === LSTM_TRACE t=100 v=22.76 ws=8.14,17.55,21.75,17.90 cmd=0.606,0.767,0.799,0.814 cap=1887,2373,1546,1578 des=1887,2373,1353,1381 app=1887,2373,1353,1381 abs=nil,nil,nil,nil ebrake=1.00 ibrake=1.00 hasABS=0 sy=10.62 split=1.000,0.875 ===
365.90757|I|libbeamng.print:18052| === LSTM_OBS t=100 8.13861,17.55142,21.75015,17.90368,0.27237,10.61838,-9.69155,-0.01126,0.00000,0.00000,0.00192,1.00000,0.00000,-0.00072,-0.01604,5774.37702,0.25000 ===
365.95742|I|libbeamng.print:18052| === LSTM_TRACE t=110 v=22.22 ws=6.79,13.68,21.19,16.47 cmd=0.664,0.798,0.805,0.816 cap=1954,2421,1562,1582 des=1954,2421,1367,1384 app=1954,2421,1367,1384 abs=nil,nil,nil,nil ebrake=1.00 ibrake=1.00 hasABS=0 sy=10.65 split=1.000,0.875 ===
365.95746|I|libbeamng.print:18052| === LSTM_OBS t=110 6.78547,13.67903,21.18590,16.46971,0.30670,10.65150,-9.64109,0.00840,0.00000,0.00000,0.00210,1.00000,0.00000,-0.00111,-0.01504,5533.86924,0.25000 ===
366.00753|I|libbeamng.print:18052| === LSTM_TRACE t=120 v=21.70 ws=2.36,6.35,20.70,15.59 cmd=0.825,0.893,0.824,0.839 cap=2536,2745,1596,1627 des=2536,2745,1397,1424 app=2536,2745,1397,1424 abs=nil,nil,nil,nil ebrake=1.00 ibrake=1.00 hasABS=0 sy=10.62 split=1.000,0.875 ===
366.00761|I|libbeamng.print:18052| === LSTM_OBS t=120 2.36453,6.35038,20.70239,15.58789,0.32955,10.61677,-9.64197,0.01559,0.00000,0.00000,0.00104,1.00000,0.00000,-0.00090,-0.01434,5289.89260,0.25000 ===
366.05729|I|libbeamng.print:18052| === LSTM_TRACE t=130 v=21.24 ws=0.23,0.05,19.97,14.08 cmd=0.974,0.980,0.886,0.894 cap=3015,3037,1700,1700 des=3015,3037,1488,1488 app=3015,3037,1488,1488 abs=nil,nil,nil,nil ebrake=1.00 ibrake=1.00 hasABS=0 sy=10.45 split=1.000,0.875 ===
366.05734|I|libbeamng.print:18052| === LSTM_OBS t=130 0.22930,0.05397,19.97020,14.07890,0.30424,10.44637,-9.65499,0.02151,0.00000,0.00000,0.00069,1.00000,0.00000,0.00039,-0.01361,5029.88119,0.25000 ===
366.10747|I|libbeamng.print:18052| === LSTM_TRACE t=140 v=20.76 ws=0.11,0.03,19.39,13.02 cmd=0.984,0.987,0.886,0.894 cap=3050,3058,1700,1700 des=3050,3058,1488,1488 app=3050,3058,1488,1488 abs=nil,nil,nil,nil ebrake=1.00 ibrake=1.00 hasABS=0 sy=10.15 split=1.000,0.875 ===
366.10751|I|libbeamng.print:18052| === LSTM_OBS t=140 0.10657,0.02763,19.39267,13.02055,0.24705,10.15011,-9.58755,0.03904,0.00000,0.00000,0.00285,1.00000,0.00000,0.00132,-0.01199,4758.57906,0.25000 ===
366.15709|I|libbeamng.print:18052| === LSTM_TRACE t=150 v=20.28 ws=0.04,0.03,18.84,11.74 cmd=0.985,0.986,0.881,0.890 cap=3053,3058,1700,1700 des=3053,3058,1488,1488 app=3053,3058,1488,1488 abs=nil,nil,nil,nil ebrake=1.00 ibrake=1.00 hasABS=0 sy=9.99 split=1.000,0.875 ===
366.15713|I|libbeamng.print:18052| === LSTM_OBS t=150 0.04364,0.02508,18.83602,11.74383,0.19795,9.98855,-9.53281,0.03929,0.00000,0.00000,0.00162,1.00000,0.00000,0.00203,-0.01018,4507.73716,0.25000 ===
366.20750|I|libbeamng.print:18052| === LSTM_TRACE t=160 v=19.78 ws=0.02,0.01,18.48,10.52 cmd=0.986,0.987,0.881,0.889 cap=3056,3058,1700,1700 des=3056,3058,1488,1488 app=3056,3058,1488,1488 abs=nil,nil,nil,nil ebrake=1.00 ibrake=1.00 hasABS=0 sy=9.95 split=1.000,0.875 ===
366.20754|I|libbeamng.print:18052| === LSTM_OBS t=160 0.02138,0.01473,18.47522,10.51930,0.13466,9.95474,-9.55086,0.04322,0.00000,0.00000,0.00162,1.00000,0.00000,0.00239,-0.00868,4272.24597,0.25000 ===
366.25717|I|libbeamng.print:18052| === LSTM_TRACE t=170 v=19.28 ws=0.01,0.00,18.22,9.18 cmd=0.987,0.987,0.881,0.889 cap=3059,3059,1700,1700 des=3059,3059,1488,1488 app=3059,3059,1488,1488 abs=nil,nil,nil,nil ebrake=1.00 ibrake=1.00 hasABS=0 sy=9.96 split=1.000,0.875 ===
366.25721|I|libbeamng.print:18052| === LSTM_OBS t=170 0.01274,0.00463,18.21775,9.18160,0.06475,9.96152,-9.62728,0.04670,0.00000,0.00000,0.00162,1.00000,0.00000,0.00272,-0.00742,4041.00377,0.25000 ===
366.30848|I|libbeamng.print:18052| === LSTM_TRACE t=180 v=18.78 ws=0.01,0.00,17.69,8.09 cmd=0.988,0.987,0.880,0.888 cap=3061,3059,1700,1700 des=3061,3059,1488,1488 app=3061,3059,1488,1488 abs=nil,nil,nil,nil ebrake=1.00 ibrake=1.00 hasABS=0 sy=9.97 split=1.000,0.875 ===
366.30854|I|libbeamng.print:18052| === LSTM_OBS t=180 0.00934,0.00122,17.69477,8.09444,0.00104,9.96552,-9.70584,0.04514,0.00000,0.00000,0.00162,1.00000,0.00000,0.00303,-0.00651,3806.47305,0.25000 ===
366.35722|I|libbeamng.print:18052| === LSTM_TRACE t=190 v=18.28 ws=0.01,0.00,17.24,6.86 cmd=0.988,0.986,0.878,0.886 cap=3063,3058,1700,1700 des=3063,3058,1488,1488 app=3063,3058,1488,1488 abs=nil,nil,nil,nil ebrake=1.00 ibrake=1.00 hasABS=0 sy=9.96 split=1.000,0.875 ===
366.35726|I|libbeamng.print:18052| === LSTM_OBS t=190 0.00793,0.00343,17.23664,6.86242,-0.06304,9.96314,-9.77163,0.04060,0.00000,0.00000,0.00162,1.00000,0.00000,0.00326,-0.00586,3568.09661,0.25000 ===
366.40769|I|libbeamng.print:18052| === LSTM_TRACE t=200 v=17.79 ws=0.01,0.00,16.52,5.66 cmd=0.988,0.986,0.876,0.883 cap=3063,3056,1700,1700 des=3063,3056,1488,1488 app=3063,3056,1488,1488 abs=nil,nil,nil,nil ebrake=1.00 ibrake=1.00 hasABS=0 sy=9.94 split=1.000,0.875 ===
366.40774|I|libbeamng.print:18052| === LSTM_OBS t=200 0.01059,0.00198,16.52500,5.65563,-0.12079,9.94059,-9.80849,0.03166,0.00000,0.00000,0.00154,1.00000,0.00000,0.00352,-0.00543,3326.46148,0.25000 ===
366.45711|I|libbeamng.print:18052| === LSTM_TRACE t=210 v=17.28 ws=0.02,0.00,16.08,4.53 cmd=0.988,0.985,0.874,0.881 cap=3062,3053,1698,1700 des=3062,3053,1486,1488 app=3062,3053,1486,1488 abs=nil,nil,nil,nil ebrake=1.00 ibrake=1.00 hasABS=0 sy=9.95 split=1.000,0.875 ===
366.45716|I|libbeamng.print:18052| === LSTM_OBS t=210 0.02008,0.00247,16.07533,4.53260,-0.17056,9.95416,-9.83023,0.02160,0.00000,0.00000,0.00169,1.00000,0.00000,0.00349,-0.00534,3092.65603,0.25000 ===
366.50783|I|libbeamng.print:18052| === LSTM_TRACE t=220 v=16.79 ws=0.01,0.01,15.63,4.09 cmd=0.987,0.984,0.872,0.877 cap=3061,3052,1694,1700 des=3061,3052,1482,1488 app=3061,3052,1482,1488 abs=nil,nil,nil,nil ebrake=1.00 ibrake=1.00 hasABS=0 sy=9.94 split=1.000,0.875 ===
366.50789|I|libbeamng.print:18052| === LSTM_OBS t=220 0.00726,0.01392,15.62768,4.09467,-0.23414,9.94072,-9.85987,0.02014,0.00000,0.00000,0.00198,1.00000,0.00000,0.00317,-0.00571,2854.63856,0.25000 ===
366.55721|I|libbeamng.print:18052| === LSTM_TRACE t=230 v=16.30 ws=0.00,0.01,14.11,2.03 cmd=0.989,0.986,0.867,0.869 cap=3064,3056,1687,1693 des=3064,3056,1476,1481 app=3064,3056,1476,1481 abs=nil,nil,nil,nil ebrake=1.00 ibrake=1.00 hasABS=0 sy=9.93 split=1.000,0.875 ===
366.55725|I|libbeamng.print:18052| === LSTM_OBS t=230 0.00394,0.00661,14.10847,2.03057,-0.24920,9.92853,-9.81077,0.00714,0.00000,0.00000,0.00091,1.00000,0.00000,0.00265,-0.00619,2611.34311,0.25000 ===
366.60757|I|libbeamng.print:18052| === LSTM_TRACE t=240 v=15.83 ws=0.01,0.00,13.61,1.17 cmd=0.990,0.988,0.867,0.868 cap=3066,3059,1686,1689 des=3066,3059,1476,1477 app=3066,3059,1476,1477 abs=nil,nil,nil,nil ebrake=1.00 ibrake=1.00 hasABS=0 sy=9.81 split=1.000,0.875 ===
366.60762|I|libbeamng.print:18052| === LSTM_OBS t=240 0.00675,0.00366,13.60987,1.16599,-0.35393,9.81315,-9.78477,-0.00033,0.00000,0.00000,0.00342,1.00000,0.00000,0.00306,-0.00621,2348.71411,0.25000 ===
366.65720|I|libbeamng.print:18052| === LSTM_TRACE t=250 v=15.35 ws=0.00,0.01,13.37,0.08 cmd=0.991,0.989,0.863,0.862 cap=3073,3066,1680,1679 des=3073,3066,1470,1469 app=3073,3066,1470,1469 abs=nil,nil,nil,nil ebrake=1.00 ibrake=1.00 hasABS=0 sy=9.76 split=1.000,0.875 ===
366.65725|I|libbeamng.print:18052| === LSTM_OBS t=250 0.00186,0.01290,13.36873,0.07783,-0.34952,9.75834,-9.73756,0.00170,0.00000,0.00000,0.00146,1.00000,0.00000,0.00273,-0.00639,2092.94168,0.25000 ===
366.70784|I|libbeamng.print:18052| === LSTM_TRACE t=260 v=14.85 ws=0.00,0.00,12.00,0.02 cmd=0.993,0.991,0.863,0.861 cap=3078,3073,1677,1674 des=3078,3073,1467,1465 app=3078,3073,1467,1465 abs=nil,nil,nil,nil ebrake=1.00 ibrake=1.00 hasABS=0 sy=9.75 split=1.000,0.875 ===
366.70790|I|libbeamng.print:18052| === LSTM_OBS t=260 0.00209,0.00266,11.99611,0.02491,-0.33898,9.74942,-9.69837,0.00657,0.00000,0.00000,0.00124,1.00000,0.00000,0.00218,-0.00645,1859.74002,0.25000 ===
366.75751|I|libbeamng.print:18052| === LSTM_TRACE t=270 v=14.36 ws=0.00,0.01,10.45,0.01 cmd=0.995,0.994,0.864,0.862 cap=3085,3080,1679,1674 des=3085,3080,1469,1465 app=3085,3080,1469,1465 abs=nil,nil,nil,nil ebrake=1.00 ibrake=1.00 hasABS=0 sy=9.79 split=1.000,0.875 ===
366.75756|I|libbeamng.print:18052| === LSTM_OBS t=270 0.00249,0.00585,10.44551,0.01250,-0.30249,9.78573,-9.70788,0.00437,0.00000,0.00000,0.00124,1.00000,0.00000,0.00137,-0.00679,1654.90786,0.25000 ===
366.80794|I|libbeamng.print:18052| === LSTM_TRACE t=280 v=13.87 ws=0.00,0.00,8.64,0.03 cmd=0.997,0.996,0.871,0.866 cap=3091,3086,1689,1681 des=3091,3086,1478,1471 app=3091,3086,1478,1471 abs=nil,nil,nil,nil ebrake=1.00 ibrake=1.00 hasABS=0 sy=9.80 split=1.000,0.875 ===
366.80798|I|libbeamng.print:18052| === LSTM_OBS t=280 0.00134,0.00248,8.64410,0.02614,-0.30624,9.79618,-9.73772,0.01091,0.00000,0.00000,0.00176,1.00000,0.00000,0.00080,-0.00716,1438.54746,0.25000 ===
366.85740|I|libbeamng.print:18052| === LSTM_TRACE t=290 v=13.39 ws=0.00,0.01,6.26,0.00 cmd=0.997,0.997,0.898,0.886 cap=3090,3091,1700,1700 des=3090,3091,1488,1488 app=3090,3091,1488,1488 abs=nil,nil,nil,nil ebrake=1.00 ibrake=1.00 hasABS=0 sy=9.78 split=1.000,0.875 ===
366.85749|I|libbeamng.print:18052| === LSTM_OBS t=290 0.00037,0.00861,6.26170,0.00308,-0.30549,9.77642,-9.74719,0.01131,0.00000,0.00000,0.00176,1.00000,0.00000,0.00077,-0.00745,1219.31297,0.25000 ===
366.90751|I|libbeamng.print:18052| === LSTM_TRACE t=300 v=12.89 ws=0.00,0.02,4.27,0.00 cmd=0.998,0.998,0.903,0.893 cap=3093,3094,1700,1700 des=3093,3094,1488,1488 app=3093,3094,1488,1488 abs=nil,nil,nil,nil ebrake=1.00 ibrake=1.00 hasABS=0 sy=9.77 split=1.000,0.875 ===
366.90755|I|libbeamng.print:18052| === LSTM_OBS t=300 0.00148,0.01502,4.26732,0.00493,-0.29942,9.77424,-9.75410,0.01508,0.00000,0.00000,0.00162,1.00000,0.00000,0.00084,-0.00753,1000.20901,0.25000 ===
366.95747|I|libbeamng.print:18052| === LSTM_TRACE t=310 v=12.39 ws=0.01,0.00,2.31,0.03 cmd=0.998,0.998,0.886,0.875 cap=3094,3094,1700,1700 des=3094,3094,1488,1488 app=3094,3094,1488,1488 abs=nil,nil,nil,nil ebrake=1.00 ibrake=1.00 hasABS=0 sy=9.80 split=1.000,0.875 ===
366.95751|I|libbeamng.print:18052| === LSTM_OBS t=310 0.00985,0.00378,2.31230,0.02745,-0.29810,9.79552,-9.81564,0.00877,0.00000,0.00000,0.00189,1.00000,0.00000,0.00147,-0.00800,801.19691,0.25000 ===
367.00763|I|libbeamng.print:18052| === LSTM_TRACE t=320 v=11.92 ws=0.00,0.00,0.24,0.02 cmd=0.998,0.998,0.870,0.869 cap=3093,3093,1691,1686 des=3093,3093,1479,1475 app=3093,3093,1479,1475 abs=nil,nil,nil,nil ebrake=1.00 ibrake=1.00 hasABS=0 sy=9.78 split=1.000,0.875 ===
367.00768|I|libbeamng.print:18052| === LSTM_OBS t=320 0.00386,0.00340,0.23593,0.01925,-0.25961,9.77647,-9.79841,0.00973,0.00000,0.00000,0.00154,1.00000,0.00000,0.00197,-0.00876,734.95750,0.25000 ===
367.05722|I|libbeamng.print:18052| === LSTM_TRACE t=330 v=11.44 ws=0.00,0.00,0.08,0.08 cmd=0.998,0.998,0.872,0.872 cap=3093,3093,1695,1695 des=3093,3093,1483,1483 app=3093,3093,1483,1483 abs=nil,nil,nil,nil ebrake=1.00 ibrake=1.00 hasABS=0 sy=9.72 split=1.000,0.875 ===
367.05726|I|libbeamng.print:18052| === LSTM_OBS t=330 0.00132,0.00159,0.08052,0.08363,-0.21608,9.71940,-9.75148,0.00757,0.00000,0.00000,0.00134,1.00000,0.00000,0.00145,-0.00886,729.94041,0.25000 ===
367.10753|I|libbeamng.print:18052| === LSTM_TRACE t=340 v=10.95 ws=0.01,0.00,0.03,0.03 cmd=0.998,0.998,0.874,0.874 cap=3094,3094,1698,1698 des=3094,3094,1486,1486 app=3094,3094,1486,1486 abs=nil,nil,nil,nil ebrake=1.00 ibrake=1.00 hasABS=0 sy=9.72 split=1.000,0.875 ===
367.10757|I|libbeamng.print:18052| === LSTM_OBS t=340 0.00724,0.00019,0.02970,0.03394,-0.23251,9.71553,-9.73349,0.00448,0.00000,0.00000,0.00169,1.00000,0.00000,0.00182,-0.00904,726.24962,0.25000 ===
367.15709|I|libbeamng.print:18052| === LSTM_TRACE t=350 v=10.46 ws=0.00,0.01,0.03,0.03 cmd=0.998,0.998,0.875,0.876 cap=3095,3094,1700,1700 des=3095,3094,1488,1488 app=3095,3094,1488,1488 abs=nil,nil,nil,nil ebrake=1.00 ibrake=1.00 hasABS=0 sy=9.74 split=1.000,0.875 ===
367.15714|I|libbeamng.print:18052| === LSTM_OBS t=350 0.00223,0.00570,0.03225,0.02601,-0.22432,9.73783,-9.72831,0.00168,0.00000,0.00000,0.00176,1.00000,0.00000,0.00206,-0.00915,729.17943,0.25000 ===
367.20743|I|libbeamng.print:18052| === LSTM_TRACE t=360 v=9.96 ws=0.00,0.00,0.01,0.01 cmd=0.998,0.998,0.876,0.876 cap=3095,3095,1700,1700 des=3095,3095,1488,1488 app=3095,3095,1488,1488 abs=nil,nil,nil,nil ebrake=1.00 ibrake=1.00 hasABS=0 sy=9.78 split=1.000,0.875 ===
367.20748|I|libbeamng.print:18052| === LSTM_OBS t=360 0.00268,0.00126,0.00642,0.00734,-0.21751,9.77795,-9.71065,-0.00033,0.00000,0.00000,0.00169,1.00000,0.00000,0.00215,-0.00933,726.04572,0.25000 ===
367.25724|I|libbeamng.print:18052| === LSTM_TRACE t=370 v=9.47 ws=0.00,0.00,0.00,0.01 cmd=0.998,0.998,0.876,0.877 cap=3095,3095,1700,1700 des=3095,3095,1488,1488 app=3095,3095,1488,1488 abs=nil,nil,nil,nil ebrake=1.00 ibrake=1.00 hasABS=0 sy=9.83 split=1.000,0.875 ===
367.25728|I|libbeamng.print:18052| === LSTM_OBS t=370 0.00031,0.00069,0.00227,0.00772,-0.21887,9.83027,-9.70511,-0.00142,0.00000,0.00000,0.00189,1.00000,0.00000,0.00225,-0.00951,727.62935,0.25000 ===
367.30824|I|libbeamng.print:18052| === LSTM_TRACE t=380 v=8.96 ws=0.00,0.00,0.01,0.01 cmd=0.999,0.998,0.877,0.877 cap=3095,3095,1700,1700 des=3095,3095,1488,1488 app=3095,3095,1488,1488 abs=nil,nil,nil,nil ebrake=1.00 ibrake=1.00 hasABS=0 sy=9.88 split=1.000,0.875 ===
367.30832|I|libbeamng.print:18052| === LSTM_OBS t=380 0.00237,0.00035,0.01109,0.00607,-0.21963,9.88349,-9.69494,-0.00266,0.00000,0.00000,0.00169,1.00000,0.00000,0.00229,-0.00969,723.79640,0.25000 ===
367.35745|I|libbeamng.print:18052| === LSTM_TRACE t=390 v=8.46 ws=0.00,0.00,0.01,0.00 cmd=0.999,0.998,0.877,0.877 cap=3095,3095,1700,1700 des=3095,3095,1488,1488 app=3095,3095,1488,1488 abs=nil,nil,nil,nil ebrake=1.00 ibrake=1.00 hasABS=0 sy=9.95 split=1.000,0.875 ===
367.35749|I|libbeamng.print:18052| === LSTM_OBS t=390 0.00085,0.00165,0.00548,0.00236,-0.21930,9.94567,-9.69172,-0.00457,0.00000,0.00000,0.00169,1.00000,0.00000,0.00234,-0.00986,724.95573,0.25000 ===
367.40748|I|libbeamng.print:18052| === LSTM_TRACE t=400 v=7.94 ws=0.00,0.00,0.01,0.00 cmd=0.999,0.998,0.877,0.877 cap=3096,3095,1700,1700 des=3096,3095,1488,1488 app=3095,3095,1488,1488 abs=nil,nil,nil,nil ebrake=1.00 ibrake=1.00 hasABS=0 sy=10.02 split=1.000,0.875 ===
367.40752|I|libbeamng.print:18052| === LSTM_OBS t=400 0.00294,0.00069,0.00656,0.00371,-0.21914,10.01565,-9.69514,-0.00570,0.00000,0.00000,0.00176,1.00000,0.00000,0.00235,-0.01002,722.64821,0.25000 ===
367.45729|I|libbeamng.print:18052| === LSTM_TRACE t=410 v=7.43 ws=0.00,0.00,0.01,0.00 cmd=0.999,0.998,0.877,0.877 cap=3096,3095,1700,1700 des=3096,3095,1488,1488 app=3095,3095,1488,1488 abs=nil,nil,nil,nil ebrake=1.00 ibrake=1.00 hasABS=0 sy=10.10 split=1.000,0.875 ===
367.45733|I|libbeamng.print:18052| === LSTM_OBS t=410 0.00036,0.00353,0.00543,0.00388,-0.22001,10.09854,-9.70056,-0.00724,0.00000,0.00000,0.00192,1.00000,0.00000,0.00236,-0.01020,726.32167,0.25000 ===
367.50745|I|libbeamng.print:18052| === LSTM_TRACE t=420 v=6.90 ws=0.00,0.00,0.01,0.01 cmd=0.999,0.998,0.878,0.877 cap=3096,3095,1700,1700 des=3096,3095,1488,1488 app=3095,3095,1488,1488 abs=nil,nil,nil,nil ebrake=1.00 ibrake=1.00 hasABS=0 sy=10.19 split=1.000,0.875 ===
367.50749|I|libbeamng.print:18052| === LSTM_OBS t=420 0.00390,0.00033,0.00683,0.00701,-0.22100,10.19477,-9.69737,-0.00764,0.00000,0.00000,0.00189,1.00000,0.00000,0.00235,-0.01040,725.88010,0.25000 ===
367.55720|I|libbeamng.print:18052| === LSTM_TRACE t=430 v=6.37 ws=0.00,0.00,0.00,0.00 cmd=0.999,0.998,0.878,0.877 cap=3096,3095,1700,1700 des=3096,3095,1488,1488 app=3095,3095,1488,1488 abs=nil,nil,nil,nil ebrake=1.00 ibrake=1.00 hasABS=0 sy=10.31 split=1.000,0.875 ===
367.55724|I|libbeamng.print:18052| === LSTM_OBS t=430 0.00092,0.00229,0.00033,0.00108,-0.22245,10.30733,-9.69421,-0.00851,0.00000,0.00000,0.00183,1.00000,0.00000,0.00237,-0.01064,729.38427,0.25000 ===
367.60765|I|libbeamng.print:18052| === LSTM_TRACE t=440 v=5.83 ws=0.00,0.00,0.01,0.01 cmd=0.999,0.998,0.878,0.877 cap=3096,3095,1700,1700 des=3096,3095,1488,1488 app=3095,3095,1488,1488 abs=nil,nil,nil,nil ebrake=1.00 ibrake=1.00 hasABS=0 sy=10.42 split=1.000,0.875 ===
367.60769|I|libbeamng.print:18052| === LSTM_OBS t=440 0.00177,0.00116,0.00507,0.00692,-0.22329,10.42313,-9.69369,-0.00914,0.00000,0.00000,0.00183,1.00000,0.00000,0.00236,-0.01087,727.30488,0.25000 ===
367.65707|I|libbeamng.print:18052| === LSTM_TRACE t=450 v=5.29 ws=0.00,0.00,0.04,0.04 cmd=0.999,0.998,0.878,0.877 cap=3096,3095,1700,1700 des=3096,3095,1488,1488 app=3095,3095,1488,1488 abs=nil,nil,nil,nil ebrake=1.00 ibrake=1.00 hasABS=0 sy=10.53 split=1.000,0.875 ===
367.65712|I|libbeamng.print:18052| === LSTM_OBS t=450 0.00125,0.00142,0.04081,0.04424,-0.22183,10.53267,-9.69489,-0.01001,0.00000,0.00000,0.00189,1.00000,0.00000,0.00233,-0.01110,728.67422,0.25000 ===
367.70739|I|libbeamng.print:18052| === LSTM_TRACE t=460 v=4.74 ws=0.00,0.00,0.00,0.01 cmd=0.999,0.998,0.879,0.878 cap=3096,3095,1700,1700 des=3096,3095,1488,1488 app=3095,3095,1488,1488 abs=nil,nil,nil,nil ebrake=1.00 ibrake=1.00 hasABS=0 sy=10.64 split=1.000,0.875 ===
367.70744|I|libbeamng.print:18052| === LSTM_OBS t=460 0.00336,0.00354,0.00347,0.00882,-0.22137,10.64377,-9.69421,-0.01109,0.00000,0.00000,0.00198,1.00000,0.00000,0.00228,-0.01130,727.89107,0.25000 ===
367.75718|I|libbeamng.print:18052| === LSTM_TRACE t=470 v=4.18 ws=0.00,0.00,0.01,0.00 cmd=0.999,0.998,0.879,0.878 cap=3096,3095,1700,1700 des=3096,3095,1488,1488 app=3095,3095,1488,1488 abs=nil,nil,nil,nil ebrake=1.00 ibrake=1.00 hasABS=0 sy=10.78 split=1.000,0.875 ===
367.75722|I|libbeamng.print:18052| === LSTM_OBS t=470 0.00014,0.00086,0.00597,0.00186,-0.22003,10.77535,-9.69936,-0.01234,0.00000,0.00000,0.00198,1.00000,0.00000,0.00221,-0.01162,731.37145,0.25000 ===
367.80798|I|libbeamng.print:18052| === LSTM_TRACE t=480 v=3.62 ws=0.00,0.00,0.00,0.01 cmd=0.999,0.998,0.879,0.877 cap=3096,3095,1700,1700 des=3096,3095,1488,1488 app=3094,3095,1488,1488 abs=nil,nil,nil,nil ebrake=1.00 ibrake=1.00 hasABS=0 sy=10.90 split=1.000,0.875 ===
367.80802|I|libbeamng.print:18052| === LSTM_OBS t=480 0.00262,0.00147,0.00385,0.00551,-0.22068,10.90349,-9.69574,-0.01291,0.00000,0.00000,0.00189,1.00000,0.00000,0.00211,-0.01192,727.24730,0.25000 ===
367.85743|I|libbeamng.print:18052| === LSTM_TRACE t=490 v=3.05 ws=0.00,0.00,0.01,0.01 cmd=0.999,0.998,0.879,0.877 cap=3096,3095,1700,1700 des=3096,3095,1488,1488 app=3094,3095,1488,1488 abs=nil,nil,nil,nil ebrake=1.00 ibrake=1.00 hasABS=0 sy=11.03 split=1.000,0.875 ===
367.85748|I|libbeamng.print:18052| === LSTM_OBS t=490 0.00103,0.00020,0.00618,0.00639,-0.21940,11.02703,-9.68619,-0.01269,0.00000,0.00000,0.00189,1.00000,0.00000,0.00203,-0.01218,728.29660,0.25000 ===
367.90748|I|libbeamng.print:18052| === LSTM_TRACE t=500 v=2.48 ws=0.00,0.00,0.00,0.00 cmd=0.999,0.998,0.880,0.878 cap=3096,3095,1700,1700 des=3096,3095,1488,1488 app=3094,3095,1488,1488 abs=nil,nil,nil,nil ebrake=1.00 ibrake=1.00 hasABS=0 sy=11.14 split=1.000,0.875 ===
367.90752|I|libbeamng.print:18052| === LSTM_OBS t=500 0.00274,0.00341,0.00171,0.00268,-0.21763,11.13612,-9.67769,-0.01315,0.00000,0.00000,0.00198,1.00000,0.00000,0.00196,-0.01235,724.99020,0.25000 ===
367.95708|I|libbeamng.print:18052| === LSTM_TRACE t=510 v=1.90 ws=0.00,0.00,0.06,0.11 cmd=0.999,0.998,0.880,0.878 cap=3095,3095,1700,1700 des=3095,3095,1488,1488 app=3094,3095,1488,1488 abs=nil,nil,nil,nil ebrake=1.00 ibrake=1.00 hasABS=0 sy=11.25 split=1.000,0.875 ===
367.95713|I|libbeamng.print:18052| === LSTM_OBS t=510 0.00061,0.00059,0.06079,0.10545,-0.21523,11.25063,-9.67007,-0.01287,0.00000,0.00000,0.00192,1.00000,0.00000,0.00191,-0.01251,728.60478,0.25000 ===
368.00795|I|libbeamng.print:18052| === LSTM_TRACE t=520 v=1.32 ws=0.00,0.00,0.01,0.32 cmd=0.998,0.998,0.880,0.878 cap=3095,3095,1700,1700 des=3095,3095,1488,1488 app=3094,3095,1488,1488 abs=nil,nil,nil,nil ebrake=1.00 ibrake=1.00 hasABS=0 sy=11.36 split=1.000,0.875 ===
368.00799|I|libbeamng.print:18052| === LSTM_OBS t=520 0.00441,0.00012,0.01318,0.32045,-0.21040,11.35585,-9.65980,-0.01116,0.00000,0.00000,0.00192,1.00000,0.00000,0.00180,-0.01256,725.52255,0.25000 ===
368.05724|I|libbeamng.print:18052| === LSTM_TRACE t=530 v=0.73 ws=0.00,0.00,0.01,0.24 cmd=0.998,0.998,0.881,0.878 cap=3095,3094,1700,1700 des=3095,3094,1488,1488 app=3094,3094,1488,1488 abs=nil,nil,nil,nil ebrake=1.00 ibrake=1.00 hasABS=0 sy=11.45 split=1.000,0.875 ===
368.05729|I|libbeamng.print:18052| === LSTM_OBS t=530 0.00224,0.00016,0.01334,0.23714,-0.21251,11.44646,-9.65751,-0.00358,0.00000,0.00000,0.00192,1.00000,0.00000,0.00192,-0.01250,727.21366,0.25000 ===
372.19442|I|libbeamng.print:18052| === LSTM_ABS: lens 'band_g_mix_b20o1' loaded (1 member, 17 in, 64 hidden, 2 layers) ===
372.19612|I|libbeamng.print:18052| === LSTM_ABS SELFTEST lens=band_g_mix_b20o1 cmd=0.935958,0.908135,0.412883,0.408877 ===
402.51447|I|libbeamng.print:18052| === LSTM_TRACE t=0 v=27.71 ws=27.64,27.75,27.35,27.46 cmd=0.926,0.874,0.431,0.459 cap=155,155,97,97 des=155,155,85,85 app=154,155,85,85 abs=nil,nil,nil,nil ebrake=1.00 ibrake=1.00 hasABS=0 sy=1.58 split=1.000,0.875 ===
402.51451|I|libbeamng.print:18052| === LSTM_OBS t=0 27.64187,27.75464,27.34798,27.46078,-0.04593,1.58089,-9.78561,0.01029,0.00000,0.00000,0.00049,1.00000,0.00000,0.00088,-0.00912,7857.71420,0.25000 ===
402.56488|I|libbeamng.print:18052| === LSTM_TRACE t=10 v=27.44 ws=26.33,26.14,26.99,26.93 cmd=0.515,0.555,0.258,0.283 cap=1543,1712,510,555 des=1543,1712,446,486 app=1539,1712,446,486 abs=nil,nil,nil,nil ebrake=1.00 ibrake=1.00 hasABS=0 sy=2.06 split=1.000,0.875 ===
402.56496|I|libbeamng.print:18052| === LSTM_OBS t=10 26.33231,26.14298,26.98842,26.93356,-0.04254,2.05626,-9.77513,-0.00262,0.00000,0.00000,0.00000,1.00000,0.00000,0.00095,-0.01005,7787.48304,0.25000 ===
402.58440|I|libbeamng.print:18052| === LSTM_ABS DBG raw=26.2842,26.2944,26.8021,26.7716,0.0030,2.6156,-9.7358,-0.0057,0.0000,0.0000,0.0019,1.0000,0.0000,0.0009,-0.0110,7739.4558,0.2500 ===
402.58443|I|libbeamng.print:18052| === LSTM_ABS DBG norm=0.55,0.49,0.54,0.52,-0.15,-2.10,0.00,-0.02,0.06,-0.06,-0.03,0.59,-0.02,0.00,0.00,3.84,0.00 ===
402.58443|I|libbeamng.print:18052| === LSTM_ABS DBG cmd=0.4701,0.5018,0.2661,0.2871 ===
402.61434|I|libbeamng.print:18052| === LSTM_TRACE t=20 v=27.07 ws=26.35,26.28,26.56,26.58 cmd=0.411,0.467,0.296,0.307 cap=1295,1462,563,586 des=1295,1462,492,513 app=1293,1462,492,513 abs=nil,nil,nil,nil ebrake=1.00 ibrake=1.00 hasABS=0 sy=3.43 split=1.000,0.875 ===
402.61439|I|libbeamng.print:18052| === LSTM_OBS t=20 26.35399,26.28216,26.56429,26.58148,-0.00166,3.43184,-9.67746,-0.00669,0.00000,0.00000,0.00115,1.00000,0.00000,0.00096,-0.01250,7658.85581,0.25000 ===
402.66445|I|libbeamng.print:18052| === LSTM_TRACE t=30 v=26.72 ws=26.17,26.05,26.02,26.16 cmd=0.347,0.428,0.337,0.356 cap=1115,1355,657,692 des=1115,1355,575,605 app=1114,1355,575,605 abs=nil,nil,nil,nil ebrake=1.00 ibrake=1.00 hasABS=0 sy=4.46 split=1.000,0.875 ===
402.66450|I|libbeamng.print:18052| === LSTM_OBS t=30 26.17252,26.04804,26.01840,26.15508,0.06735,4.46383,-9.63626,-0.01377,0.00000,0.00000,0.00134,1.00000,0.00000,0.00097,-0.01432,7524.08716,0.25000 ===
402.71446|I|libbeamng.print:18052| === LSTM_TRACE t=40 v=26.40 ws=26.07,25.92,25.72,25.81 cmd=0.242,0.346,0.283,0.292 cap=773,1091,565,585 des=773,1091,495,512 app=773,1091,495,512 abs=nil,nil,nil,nil ebrake=1.00 ibrake=1.00 hasABS=0 sy=5.08 split=1.000,0.875 ===
402.71450|I|libbeamng.print:18052| === LSTM_OBS t=40 26.06521,25.92195,25.72280,25.81144,0.11358,5.07568,-9.59510,-0.01524,0.00000,0.00000,0.00000,1.00000,0.00000,0.00076,-0.01508,7407.88548,0.25000 ===
402.76482|I|libbeamng.print:18052| === LSTM_TRACE t=50 v=26.12 ws=25.85,25.68,25.66,25.60 cmd=0.203,0.309,0.248,0.247 cap=629,958,484,483 des=629,958,424,423 app=629,958,424,423 abs=nil,nil,nil,nil ebrake=1.00 ibrake=1.00 hasABS=0 sy=5.33 split=1.000,0.875 ===
402.76486|I|libbeamng.print:18052| === LSTM_OBS t=50 25.84820,25.68318,25.66269,25.59504,0.20267,5.33062,-9.57760,-0.02150,0.00000,0.00000,0.00000,1.00000,0.00000,0.00021,-0.01507,7339.72831,0.25000 ===
402.81482|I|libbeamng.print:18052| === LSTM_TRACE t=60 v=25.84 ws=25.63,25.49,25.40,25.39 cmd=0.210,0.316,0.259,0.254 cap=646,972,502,494 des=646,972,439,432 app=646,972,439,432 abs=nil,nil,nil,nil ebrake=1.00 ibrake=1.00 hasABS=0 sy=5.38 split=1.000,0.875 ===
402.81486|I|libbeamng.print:18052| === LSTM_OBS t=60 25.62905,25.48790,25.39541,25.38897,0.26731,5.38111,-9.62405,-0.01872,0.00000,0.00000,0.00000,1.00000,0.00000,-0.00058,-0.01466,7287.51176,0.25000 ===
402.86463|I|libbeamng.print:18052| === LSTM_TRACE t=70 v=25.59 ws=25.34,25.19,25.12,25.10 cmd=0.206,0.313,0.246,0.243 cap=630,963,481,475 des=630,963,421,416 app=630,963,421,416 abs=nil,nil,nil,nil ebrake=1.00 ibrake=1.00 hasABS=0 sy=5.39 split=1.000,0.875 ===
402.86467|I|libbeamng.print:18052| === LSTM_OBS t=70 25.33631,25.19500,25.11997,25.09534,0.31244,5.38589,-9.69655,-0.02976,0.00000,0.00000,0.00049,1.00000,0.00000,-0.00099,-0.01426,7223.89202,0.25000 ===
402.91589|I|libbeamng.print:18052| === LSTM_TRACE t=80 v=25.32 ws=25.08,24.93,24.86,24.96 cmd=0.216,0.324,0.240,0.238 cap=677,1006,470,465 des=677,1006,411,407 app=677,1006,411,407 abs=nil,nil,nil,nil ebrake=1.00 ibrake=1.00 hasABS=0 sy=5.40 split=1.000,0.875 ===
402.91597|I|libbeamng.print:18052| === LSTM_OBS t=80 25.07860,24.93143,24.86038,24.95916,0.31978,5.40107,-9.69410,-0.03628,0.00000,0.00000,0.00104,1.00000,0.00000,-0.00134,-0.01384,7154.64396,0.25000 ===
402.96522|I|libbeamng.print:18052| === LSTM_TRACE t=90 v=25.04 ws=24.81,24.81,24.68,24.69 cmd=0.197,0.299,0.226,0.221 cap=613,931,451,441 des=613,931,395,386 app=613,931,395,386 abs=nil,nil,nil,nil ebrake=1.00 ibrake=1.00 hasABS=0 sy=5.29 split=1.000,0.875 ===
402.96530|I|libbeamng.print:18052| === LSTM_OBS t=90 24.80901,24.80848,24.67558,24.69061,0.34648,5.28611,-9.74710,-0.00207,0.00000,0.00000,0.00000,1.00000,0.00000,-0.00154,-0.01354,7084.44707,0.25000 ===
403.01444|I|libbeamng.print:18052| === LSTM_TRACE t=100 v=24.80 ws=24.64,24.53,24.37,24.51 cmd=0.185,0.279,0.210,0.202 cap=570,865,408,393 des=570,865,357,343 app=570,865,357,343 abs=nil,nil,nil,nil ebrake=1.00 ibrake=1.00 hasABS=0 sy=5.25 split=1.000,0.875 ===
403.01448|I|libbeamng.print:18052| === LSTM_OBS t=100 24.64355,24.52756,24.37437,24.51168,0.44090,5.24640,-9.80102,-0.01495,0.00000,0.00000,0.00085,1.00000,0.00000,-0.00173,-0.01318,7018.02670,0.25000 ===
403.06448|I|libbeamng.print:18052| === LSTM_TRACE t=110 v=24.57 ws=24.43,24.29,24.19,24.17 cmd=0.198,0.291,0.195,0.187 cap=588,877,403,386 des=588,877,353,338 app=588,877,353,338 abs=nil,nil,nil,nil ebrake=1.00 ibrake=1.00 hasABS=0 sy=5.11 split=1.000,0.875 ===
403.06453|I|libbeamng.print:18052| === LSTM_OBS t=110 24.43125,24.28566,24.19433,24.17394,0.44272,5.11072,-9.74370,-0.02531,0.00000,0.00000,0.00000,1.00000,0.00000,-0.00184,-0.01289,6953.41780,0.25000 ===
403.11476|I|libbeamng.print:18052| === LSTM_TRACE t=120 v=24.34 ws=24.19,24.14,24.03,24.05 cmd=0.178,0.264,0.180,0.170 cap=547,815,353,334 des=547,815,309,292 app=547,815,309,292 abs=nil,nil,nil,nil ebrake=1.00 ibrake=1.00 hasABS=0 sy=5.04 split=1.000,0.875 ===
403.11481|I|libbeamng.print:18052| === LSTM_OBS t=120 24.18702,24.14071,24.03059,24.04536,0.49687,5.04455,-9.76047,-0.03242,0.00000,0.00000,0.00049,1.00000,0.00000,-0.00173,-0.01265,6890.23312,0.25000 ===
403.16496|I|libbeamng.print:18052| === LSTM_TRACE t=130 v=24.11 ws=23.94,23.88,23.77,23.83 cmd=0.157,0.240,0.158,0.148 cap=492,752,311,291 des=492,752,272,255 app=492,752,272,255 abs=nil,nil,nil,nil ebrake=1.00 ibrake=1.00 hasABS=0 sy=4.87 split=1.000,0.875 ===
403.16501|I|libbeamng.print:18052| === LSTM_OBS t=130 23.93894,23.88475,23.76853,23.83354,0.47377,4.86571,-9.79306,-0.02720,0.00000,0.00000,0.00085,1.00000,0.00000,-0.00160,-0.01248,6828.27038,0.25000 ===
403.21498|I|libbeamng.print:18052| === LSTM_TRACE t=140 v=23.90 ws=23.72,23.70,23.55,23.67 cmd=0.145,0.223,0.142,0.130 cap=473,709,282,259 des=473,709,246,227 app=473,709,246,227 abs=nil,nil,nil,nil ebrake=1.00 ibrake=1.00 hasABS=0 sy=4.70 split=1.000,0.875 ===
403.21503|I|libbeamng.print:18052| === LSTM_OBS t=140 23.71791,23.70367,23.54549,23.66684,0.47376,4.69873,-9.77001,-0.01836,0.00000,0.00000,0.00000,1.00000,0.00000,-0.00151,-0.01230,6773.85864,0.25000 ===
403.26474|I|libbeamng.print:18052| === LSTM_TRACE t=150 v=23.71 ws=23.65,23.61,23.41,23.51 cmd=0.127,0.198,0.128,0.115 cap=391,613,252,226 des=391,613,220,198 app=391,613,220,198 abs=nil,nil,nil,nil ebrake=1.00 ibrake=1.00 hasABS=0 sy=4.51 split=1.000,0.875 ===
403.26478|I|libbeamng.print:18052| === LSTM_OBS t=150 23.64515,23.61130,23.41129,23.50522,0.47046,4.51243,-9.75505,-0.00059,0.00000,0.00000,0.00000,1.00000,0.00000,-0.00132,-0.01203,6718.84017,0.25000 ===
403.31495|I|libbeamng.print:18052| === LSTM_TRACE t=160 v=23.54 ws=23.45,23.51,23.24,23.34 cmd=0.111,0.174,0.117,0.099 cap=345,544,226,193 des=345,544,198,169 app=345,544,198,169 abs=nil,nil,nil,nil ebrake=1.00 ibrake=1.00 hasABS=0 sy=4.30 split=1.000,0.875 ===
403.31500|I|libbeamng.print:18052| === LSTM_OBS t=160 23.44777,23.50772,23.23557,23.34397,0.46052,4.29922,-9.76171,0.00320,0.00000,0.00000,0.00000,1.00000,0.00000,-0.00125,-0.01183,6671.64957,0.25000 ===
403.36518|I|libbeamng.print:18052| === LSTM_TRACE t=170 v=23.37 ws=23.28,23.33,23.06,23.21 cmd=0.096,0.152,0.116,0.091 cap=304,480,221,173 des=304,480,193,152 app=304,480,193,152 abs=nil,nil,nil,nil ebrake=1.00 ibrake=1.00 hasABS=0 sy=4.05 split=1.000,0.875 ===
403.36524|I|libbeamng.print:18052| === LSTM_OBS t=170 23.27992,23.32642,23.06205,23.21323,0.42838,4.04896,-9.76267,0.00526,0.00000,0.00000,0.00000,1.00000,0.00000,-0.00113,-0.01156,6624.35710,0.25000 ===
403.41483|I|libbeamng.print:18052| === LSTM_TRACE t=180 v=23.21 ws=23.19,23.17,22.90,22.99 cmd=0.083,0.134,0.118,0.090 cap=255,417,231,175 des=255,417,202,153 app=255,417,202,153 abs=nil,nil,nil,nil ebrake=1.00 ibrake=1.00 hasABS=0 sy=3.81 split=1.000,0.875 ===
403.41491|I|libbeamng.print:18052| === LSTM_OBS t=180 23.19194,23.16902,22.89596,22.99205,0.40294,3.80761,-9.75737,-0.00570,0.00000,0.00000,0.00000,1.00000,0.00000,-0.00097,-0.01130,6579.38483,0.25000 ===
403.46502|I|libbeamng.print:18052| === LSTM_TRACE t=190 v=23.07 ws=23.08,22.96,22.84,22.91 cmd=0.070,0.118,0.111,0.084 cap=220,371,217,165 des=220,371,190,144 app=220,371,190,144 abs=nil,nil,nil,nil ebrake=1.00 ibrake=1.00 hasABS=0 sy=3.59 split=1.000,0.875 ===
403.46506|I|libbeamng.print:18052| === LSTM_OBS t=190 23.08261,22.95844,22.83977,22.90517,0.36818,3.58501,-9.74487,-0.00470,0.00000,0.00000,0.00000,1.00000,0.00000,-0.00083,-0.01106,6535.50072,0.25000 ===
403.51460|I|libbeamng.print:18052| === LSTM_TRACE t=200 v=22.92 ws=22.83,22.96,22.62,22.76 cmd=0.062,0.109,0.099,0.075 cap=195,339,197,149 des=195,339,172,130 app=195,339,172,130 abs=nil,nil,nil,nil ebrake=1.00 ibrake=1.00 hasABS=0 sy=3.40 split=1.000,0.875 ===
403.51464|I|libbeamng.print:18052| === LSTM_OBS t=200 22.83153,22.96004,22.61757,22.76364,0.31946,3.39881,-9.73817,-0.01312,0.00000,0.00000,0.00000,1.00000,0.00000,-0.00064,-0.01084,6496.26807,0.25000 ===
403.56467|I|libbeamng.print:18052| === LSTM_TRACE t=210 v=22.78 ws=22.76,22.83,22.59,22.63 cmd=0.056,0.101,0.089,0.067 cap=176,315,173,130 des=176,315,151,114 app=176,315,151,114 abs=nil,nil,nil,nil ebrake=1.00 ibrake=1.00 hasABS=0 sy=3.22 split=1.000,0.875 ===
403.56471|I|libbeamng.print:18052| === LSTM_OBS t=210 22.76093,22.82612,22.59054,22.63403,0.28137,3.22075,-9.74811,0.00137,0.00000,0.00000,0.00000,1.00000,0.00000,-0.00043,-0.01067,6459.81138,0.25000 ===
403.61483|I|libbeamng.print:18052| === LSTM_TRACE t=220 v=22.66 ws=22.62,22.70,22.40,22.45 cmd=0.053,0.095,0.081,0.062 cap=163,293,163,124 des=163,293,142,108 app=163,293,142,108 abs=nil,nil,nil,nil ebrake=1.00 ibrake=1.00 hasABS=0 sy=3.08 split=1.000,0.875 ===
403.61490|I|libbeamng.print:18052| === LSTM_OBS t=220 22.62275,22.70335,22.40273,22.44660,0.25461,3.08129,-9.75980,-0.02118,0.00000,0.00000,0.00000,1.00000,0.00000,-0.00030,-0.01051,6425.06658,0.25000 ===
403.66447|I|libbeamng.print:18052| === LSTM_TRACE t=230 v=22.52 ws=22.52,22.46,22.26,22.40 cmd=0.050,0.090,0.077,0.058 cap=157,284,148,112 des=157,284,129,98 app=157,284,129,98 abs=nil,nil,nil,nil ebrake=1.00 ibrake=1.00 hasABS=0 sy=2.93 split=1.000,0.875 ===
403.66451|I|libbeamng.print:18052| === LSTM_OBS t=230 22.52485,22.45830,22.25575,22.39934,0.24627,2.93246,-9.76903,0.00968,0.00000,0.00000,0.00000,1.00000,0.00000,-0.00021,-0.01040,6390.38661,0.25000 ===
403.71477|I|libbeamng.print:18052| === LSTM_TRACE t=240 v=22.40 ws=22.32,22.44,22.18,22.29 cmd=0.049,0.088,0.070,0.053 cap=154,277,136,104 des=154,277,119,91 app=154,277,119,91 abs=nil,nil,nil,nil ebrake=1.00 ibrake=1.00 hasABS=0 sy=2.82 split=1.000,0.875 ===
403.71481|I|libbeamng.print:18052| === LSTM_OBS t=240 22.32152,22.44464,22.18310,22.28749,0.20372,2.81898,-9.77248,-0.00170,0.00000,0.00000,0.00000,1.00000,0.00000,-0.00011,-0.01034,6355.77671,0.25000 ===
403.76484|I|libbeamng.print:18052| === LSTM_TRACE t=250 v=22.28 ws=22.23,22.35,22.02,22.16 cmd=0.050,0.088,0.065,0.050 cap=153,271,128,98 des=153,271,112,86 app=153,271,112,86 abs=nil,nil,nil,nil ebrake=1.00 ibrake=1.00 hasABS=0 sy=2.72 split=1.000,0.875 ===
403.76489|I|libbeamng.print:18052| === LSTM_OBS t=250 22.23262,22.35057,22.01945,22.15815,0.19239,2.72026,-9.79243,-0.01063,0.00000,0.00000,0.00000,1.00000,0.00000,-0.00006,-0.01026,6322.45099,0.25000 ===
403.81488|I|libbeamng.print:18052| === LSTM_TRACE t=260 v=22.16 ws=22.13,22.23,21.96,22.06 cmd=0.051,0.087,0.063,0.049 cap=159,271,123,94 des=159,271,108,83 app=159,271,108,83 abs=nil,nil,nil,nil ebrake=1.00 ibrake=1.00 hasABS=0 sy=2.64 split=1.000,0.875 ===
403.81493|I|libbeamng.print:18052| === LSTM_OBS t=260 22.13393,22.22970,21.96201,22.06290,0.17358,2.64460,-9.78709,-0.00448,0.00000,0.00000,0.00049,1.00000,0.00000,0.00001,-0.01026,6288.90980,0.25000 ===
403.86492|I|libbeamng.print:18052| === LSTM_TRACE t=270 v=22.04 ws=22.00,22.11,21.77,21.95 cmd=0.057,0.091,0.062,0.047 cap=174,281,120,92 des=174,281,105,81 app=174,281,105,81 abs=nil,nil,nil,nil ebrake=1.00 ibrake=1.00 hasABS=0 sy=2.58 split=1.000,0.875 ===
403.86496|I|libbeamng.print:18052| === LSTM_OBS t=270 21.99799,22.11112,21.77238,21.94556,0.16188,2.57540,-9.78878,-0.00236,0.00000,0.00000,0.00000,1.00000,0.00000,0.00004,-0.01027,6255.26693,0.25000 ===
403.91461|I|libbeamng.print:18052| === LSTM_TRACE t=280 v=21.92 ws=21.87,21.94,21.73,21.77 cmd=0.062,0.095,0.061,0.047 cap=188,289,120,92 des=188,289,105,81 app=188,289,105,81 abs=nil,nil,nil,nil ebrake=1.00 ibrake=1.00 hasABS=0 sy=2.54 split=1.000,0.875 ===
403.91467|I|libbeamng.print:18052| === LSTM_OBS t=280 21.87029,21.94469,21.72982,21.76586,0.14384,2.54133,-9.78080,-0.01949,0.00000,0.00000,0.00000,1.00000,0.00000,0.00012,-0.01029,6220.12486,0.25000 ===
403.96471|I|libbeamng.print:18052| === LSTM_TRACE t=290 v=21.78 ws=21.74,21.79,21.65,21.72 cmd=0.068,0.098,0.060,0.046 cap=212,305,116,89 des=212,305,102,78 app=212,305,102,78 abs=nil,nil,nil,nil ebrake=1.00 ibrake=1.00 hasABS=0 sy=2.53 split=1.000,0.875 ===
403.96475|I|libbeamng.print:18052| === LSTM_OBS t=290 21.73897,21.78614,21.65345,21.72065,0.12519,2.52997,-9.79497,-0.00787,0.00000,0.00000,0.00000,1.00000,0.00000,0.00017,-0.01039,6189.22820,0.25000 ===
404.01435|I|libbeamng.print:18052| === LSTM_TRACE t=300 v=21.66 ws=21.60,21.68,21.40,21.61 cmd=0.074,0.101,0.059,0.045 cap=227,315,115,88 des=227,315,101,77 app=227,315,101,77 abs=nil,nil,nil,nil ebrake=1.00 ibrake=1.00 hasABS=0 sy=2.53 split=1.000,0.875 ===
404.01440|I|libbeamng.print:18052| === LSTM_OBS t=300 21.60433,21.68282,21.40412,21.60597,0.10100,2.53144,-9.78963,0.00238,0.00000,0.00000,0.00000,1.00000,0.00000,0.00032,-0.01053,6155.25836,0.25000 ===
404.06485|I|libbeamng.print:18052| === LSTM_TRACE t=310 v=21.53 ws=21.51,21.58,21.38,21.38 cmd=0.078,0.104,0.057,0.043 cap=234,316,111,85 des=234,316,97,74 app=234,316,97,74 abs=nil,nil,nil,nil ebrake=1.00 ibrake=1.00 hasABS=0 sy=2.52 split=1.000,0.875 ===
404.06490|I|libbeamng.print:18052| === LSTM_OBS t=310 21.50799,21.58338,21.37657,21.38302,0.09282,2.52238,-9.77686,-0.01132,0.00000,0.00000,0.00000,1.00000,0.00000,0.00039,-0.01058,6115.13037,0.25000 ===
404.11454|I|libbeamng.print:18052| === LSTM_TRACE t=320 v=21.39 ws=21.32,21.38,21.25,21.30 cmd=0.086,0.107,0.060,0.045 cap=271,338,114,86 des=271,338,100,75 app=271,338,100,75 abs=nil,nil,nil,nil ebrake=1.00 ibrake=1.00 hasABS=0 sy=2.53 split=1.000,0.875 ===
404.11459|I|libbeamng.print:18052| === LSTM_OBS t=320 21.32473,21.37836,21.24612,21.29996,0.10439,2.53070,-9.77679,0.01153,0.00000,0.00000,0.00000,1.00000,0.00000,0.00024,-0.01068,6078.69109,0.25000 ===
404.16475|I|libbeamng.print:18052| === LSTM_TRACE t=330 v=21.26 ws=21.17,21.30,21.12,21.22 cmd=0.093,0.111,0.059,0.044 cap=290,346,114,86 des=290,346,100,75 app=290,346,100,75 abs=nil,nil,nil,nil ebrake=1.00 ibrake=1.00 hasABS=0 sy=2.57 split=1.000,0.875 ===
404.16480|I|libbeamng.print:18052| === LSTM_OBS t=330 21.16992,21.30215,21.11649,21.21996,0.09275,2.56825,-9.78774,-0.00475,0.00000,0.00000,0.00049,1.00000,0.00000,0.00019,-0.01079,6041.62343,0.25000 ===
404.21523|I|libbeamng.print:18052| === LSTM_TRACE t=340 v=21.14 ws=21.07,21.23,20.95,21.09 cmd=0.096,0.113,0.057,0.042 cap=291,346,111,83 des=291,346,97,73 app=291,346,97,73 abs=nil,nil,nil,nil ebrake=1.00 ibrake=1.00 hasABS=0 sy=2.60 split=1.000,0.875 ===
404.21527|I|libbeamng.print:18052| === LSTM_OBS t=340 21.06612,21.22647,20.95185,21.08551,0.07942,2.59634,-9.78823,-0.00819,0.00000,0.00000,0.00000,1.00000,0.00000,0.00030,-0.01091,6002.42012,0.25000 ===
404.26500|I|libbeamng.print:18052| === LSTM_TRACE t=350 v=21.00 ws=20.90,21.06,20.78,20.91 cmd=0.096,0.112,0.057,0.042 cap=297,346,110,82 des=297,346,96,72 app=297,346,96,72 abs=nil,nil,nil,nil ebrake=1.00 ibrake=1.00 hasABS=0 sy=2.62 split=1.000,0.875 ===
404.26504|I|libbeamng.print:18052| === LSTM_OBS t=350 20.89949,21.06037,20.78265,20.91212,0.07588,2.61732,-9.78192,-0.00341,0.00000,0.00000,0.00000,1.00000,0.00000,0.00042,-0.01101,5964.45775,0.25000 ===
404.31500|I|libbeamng.print:18052| === LSTM_TRACE t=360 v=20.87 ws=20.75,20.91,20.64,20.78 cmd=0.098,0.112,0.057,0.043 cap=301,344,112,84 des=301,344,98,73 app=301,344,98,73 abs=nil,nil,nil,nil ebrake=1.00 ibrake=1.00 hasABS=0 sy=2.63 split=1.000,0.875 ===
404.31505|I|libbeamng.print:18052| === LSTM_OBS t=360 20.75458,20.90617,20.63704,20.77593,0.06643,2.63339,-9.77542,-0.00713,0.00000,0.00000,0.00000,1.00000,0.00000,0.00052,-0.01108,5925.44876,0.25000 ===
404.36467|I|libbeamng.print:18052| === LSTM_TRACE t=370 v=20.74 ws=20.63,20.78,20.52,20.68 cmd=0.096,0.110,0.054,0.040 cap=296,340,106,79 des=296,340,93,70 app=296,340,93,70 abs=nil,nil,nil,nil ebrake=1.00 ibrake=1.00 hasABS=0 sy=2.64 split=1.000,0.875 ===
404.36472|I|libbeamng.print:18052| === LSTM_OBS t=370 20.63364,20.77504,20.51549,20.68367,0.05754,2.63957,-9.76346,-0.00881,0.00000,0.00000,0.00000,1.00000,0.00000,0.00051,-0.01115,5886.90132,0.25000 ===
404.41503|I|libbeamng.print:18052| === LSTM_TRACE t=380 v=20.60 ws=20.54,20.68,20.42,20.54 cmd=0.095,0.109,0.052,0.039 cap=289,334,102,76 des=289,334,89,67 app=289,334,89,67 abs=nil,nil,nil,nil ebrake=1.00 ibrake=1.00 hasABS=0 sy=2.65 split=1.000,0.875 ===
404.41508|I|libbeamng.print:18052| === LSTM_OBS t=380 20.54124,20.67599,20.42441,20.53570,0.04712,2.64643,-9.76464,-0.00530,0.00000,0.00000,0.00000,1.00000,0.00000,0.00054,-0.01122,5848.66068,0.25000 ===
404.46466|I|libbeamng.print:18052| === LSTM_TRACE t=390 v=20.47 ws=20.41,20.56,20.35,20.36 cmd=0.097,0.109,0.055,0.041 cap=300,336,106,79 des=300,336,92,69 app=300,336,92,69 abs=nil,nil,nil,nil ebrake=1.00 ibrake=1.00 hasABS=0 sy=2.64 split=1.000,0.875 ===
404.46470|I|libbeamng.print:18052| === LSTM_OBS t=390 20.41104,20.56397,20.34740,20.36283,0.03910,2.63931,-9.76700,0.00449,0.00000,0.00000,0.00000,1.00000,0.00000,0.00058,-0.01128,5810.98967,0.25000 ===
404.51463|I|libbeamng.print:18052| === LSTM_TRACE t=400 v=20.34 ws=20.23,20.29,20.21,20.17 cmd=0.092,0.105,0.053,0.040 cap=293,331,103,77 des=293,331,90,67 app=293,331,90,67 abs=nil,nil,nil,nil ebrake=1.00 ibrake=1.00 hasABS=0 sy=2.63 split=1.000,0.875 ===
404.51467|I|libbeamng.print:18052| === LSTM_OBS t=400 20.23007,20.28544,20.21374,20.17034,0.02925,2.62989,-9.77195,0.00205,0.00000,0.00000,0.00000,1.00000,0.00000,0.00062,-0.01132,5773.17000,0.25000 ===
404.56447|I|libbeamng.print:18052| === LSTM_TRACE t=410 v=20.21 ws=20.18,20.26,19.99,20.08 cmd=0.094,0.106,0.053,0.039 cap=286,324,102,76 des=286,324,89,66 app=286,324,89,66 abs=nil,nil,nil,nil ebrake=1.00 ibrake=1.00 hasABS=0 sy=2.63 split=1.000,0.875 ===
404.56451|I|libbeamng.print:18052| === LSTM_OBS t=410 20.18478,20.26293,19.98570,20.07823,0.03286,2.63345,-9.76713,-0.00312,0.00000,0.00000,0.00049,1.00000,0.00000,0.00057,-0.01137,5735.49368,0.25000 ===
404.61465|I|libbeamng.print:18052| === LSTM_TRACE t=420 v=20.07 ws=19.97,20.04,19.87,20.00 cmd=0.097,0.106,0.054,0.040 cap=302,329,104,78 des=302,329,91,68 app=302,329,91,68 abs=nil,nil,nil,nil ebrake=1.00 ibrake=1.00 hasABS=0 sy=2.62 split=1.000,0.875 ===
404.61470|I|libbeamng.print:18052| === LSTM_OBS t=420 19.97226,20.04181,19.86948,19.99957,0.04299,2.62284,-9.76913,-0.00081,0.00000,0.00000,0.00000,1.00000,0.00000,0.00049,-0.01134,5696.53609,0.25000 ===
404.66447|I|libbeamng.print:18052| === LSTM_TRACE t=430 v=19.94 ws=19.89,20.06,19.83,19.79 cmd=0.098,0.106,0.055,0.041 cap=301,327,107,80 des=301,327,94,70 app=301,327,94,70 abs=nil,nil,nil,nil ebrake=1.00 ibrake=1.00 hasABS=0 sy=2.63 split=1.000,0.875 ===
404.66451|I|libbeamng.print:18052| === LSTM_OBS t=430 19.88826,20.05887,19.82630,19.78680,0.02933,2.63343,-9.76766,0.00807,0.00000,0.00000,0.00000,1.00000,0.00000,0.00049,-0.01141,5659.09928,0.25000 ===
404.71432|I|libbeamng.print:18052| === LSTM_TRACE t=440 v=19.81 ws=19.72,19.79,19.61,19.69 cmd=0.094,0.104,0.051,0.039 cap=295,324,101,76 des=295,324,88,66 app=295,324,88,66 abs=nil,nil,nil,nil ebrake=1.00 ibrake=1.00 hasABS=0 sy=2.63 split=1.000,0.875 ===
404.71440|I|libbeamng.print:18052| === LSTM_OBS t=440 19.71517,19.78635,19.60762,19.68842,0.01691,2.62554,-9.78023,-0.00081,0.00000,0.00000,0.00000,1.00000,0.00000,0.00066,-0.01144,5621.12769,0.25000 ===
404.76547|I|libbeamng.print:18052| === LSTM_TRACE t=450 v=19.68 ws=19.54,19.69,19.51,19.56 cmd=0.094,0.103,0.051,0.038 cap=297,322,99,74 des=297,322,86,65 app=297,322,86,65 abs=nil,nil,nil,nil ebrake=1.00 ibrake=1.00 hasABS=0 sy=2.62 split=1.000,0.875 ===
404.76551|I|libbeamng.print:18052| === LSTM_OBS t=450 19.54094,19.69325,19.50942,19.55607,0.01885,2.62157,-9.77970,0.00516,0.00000,0.00000,0.00000,1.00000,0.00000,0.00072,-0.01139,5583.59148,0.25000 ===
404.81439|I|libbeamng.print:18052| === LSTM_TRACE t=460 v=19.55 ws=19.43,19.50,19.31,19.42 cmd=0.092,0.101,0.051,0.038 cap=292,316,99,74 des=292,316,86,65 app=292,316,86,65 abs=nil,nil,nil,nil ebrake=1.00 ibrake=1.00 hasABS=0 sy=2.60 split=1.000,0.875 ===
404.81443|I|libbeamng.print:18052| === LSTM_OBS t=460 19.42653,19.50136,19.31209,19.41711,0.01136,2.60199,-9.77804,-0.00323,0.00000,0.00000,0.00000,1.00000,0.00000,0.00071,-0.01142,5546.53580,0.25000 ===
404.86451|I|libbeamng.print:18052| === LSTM_TRACE t=470 v=19.42 ws=19.29,19.42,19.27,19.28 cmd=0.088,0.099,0.049,0.037 cap=280,311,94,71 des=280,311,82,62 app=280,311,82,62 abs=nil,nil,nil,nil ebrake=1.00 ibrake=1.00 hasABS=0 sy=2.59 split=1.000,0.875 ===
404.86457|I|libbeamng.print:18052| === LSTM_OBS t=470 19.28911,19.42172,19.27198,19.27605,-0.00050,2.58707,-9.78286,0.00322,0.00000,0.00000,0.00000,1.00000,0.00000,0.00067,-0.01138,5509.48975,0.25000 ===
404.91491|I|libbeamng.print:18052| === LSTM_TRACE t=480 v=19.30 ws=19.19,19.26,19.09,19.25 cmd=0.089,0.099,0.048,0.036 cap=274,305,94,71 des=274,305,82,62 app=274,305,82,62 abs=nil,nil,nil,nil ebrake=1.00 ibrake=1.00 hasABS=0 sy=2.56 split=1.000,0.875 ===
404.91495|I|libbeamng.print:18052| === LSTM_OBS t=480 19.19262,19.25664,19.08888,19.25260,0.00186,2.55836,-9.77829,-0.00663,0.00000,0.00000,0.00000,1.00000,0.00000,0.00065,-0.01138,5472.72020,0.25000 ===
404.96624|I|libbeamng.print:18052| === LSTM_TRACE t=490 v=19.18 ws=19.07,19.24,18.97,19.06 cmd=0.091,0.099,0.051,0.038 cap=280,305,98,74 des=280,305,86,64 app=280,305,86,64 abs=nil,nil,nil,nil ebrake=1.00 ibrake=1.00 hasABS=0 sy=2.56 split=1.000,0.875 ===
404.96632|I|libbeamng.print:18052| === LSTM_OBS t=490 19.07021,19.23774,18.96952,19.05943,0.01135,2.56153,-9.77557,0.00470,0.00000,0.00000,0.00000,1.00000,0.00000,0.00063,-0.01130,5436.04323,0.25000 ===
405.01496|I|libbeamng.print:18052| === LSTM_TRACE t=500 v=19.05 ws=18.99,18.98,18.91,18.93 cmd=0.088,0.097,0.048,0.037 cap=275,303,94,71 des=275,303,82,62 app=275,303,82,62 abs=nil,nil,nil,nil ebrake=1.00 ibrake=1.00 hasABS=0 sy=2.55 split=1.000,0.875 ===
405.01500|I|libbeamng.print:18052| === LSTM_OBS t=500 18.99478,18.97813,18.90749,18.93117,-0.00405,2.55154,-9.78366,0.00080,0.00000,0.00000,0.00000,1.00000,0.00000,0.00064,-0.01126,5398.98093,0.25000 ===
405.06484|I|libbeamng.print:18052| === LSTM_TRACE t=510 v=18.92 ws=18.79,18.88,18.71,18.89 cmd=0.087,0.096,0.049,0.037 cap=269,297,95,72 des=269,297,83,63 app=269,297,83,63 abs=nil,nil,nil,nil ebrake=1.00 ibrake=1.00 hasABS=0 sy=2.54 split=1.000,0.875 ===
405.06489|I|libbeamng.print:18052| === LSTM_OBS t=510 18.78776,18.88264,18.71052,18.89231,0.00861,2.53900,-9.78640,-0.00770,0.00000,0.00000,0.00000,1.00000,0.00000,0.00064,-0.01124,5363.59585,0.25000 ===
405.11509|I|libbeamng.print:18052| === LSTM_TRACE t=520 v=18.79 ws=18.65,18.77,18.58,18.71 cmd=0.088,0.095,0.052,0.039 cap=277,297,101,76 des=277,297,89,67 app=277,297,89,67 abs=nil,nil,nil,nil ebrake=1.00 ibrake=1.00 hasABS=0 sy=2.53 split=1.000,0.875 ===
405.11513|I|libbeamng.print:18052| === LSTM_OBS t=520 18.64993,18.76957,18.57923,18.70592,0.01855,2.53086,-9.77439,0.00034,0.00000,0.00000,0.00049,1.00000,0.00000,0.00066,-0.01116,5328.09847,0.25000 ===
405.16455|I|libbeamng.print:18052| === LSTM_TRACE t=530 v=18.67 ws=18.59,18.72,18.49,18.54 cmd=0.088,0.096,0.049,0.038 cap=273,297,96,73 des=273,297,84,64 app=273,297,84,64 abs=nil,nil,nil,nil ebrake=1.00 ibrake=1.00 hasABS=0 sy=2.53 split=1.000,0.875 ===
405.16464|I|libbeamng.print:18052| === LSTM_OBS t=530 18.59158,18.71994,18.48594,18.53645,0.02137,2.53148,-9.77282,0.01081,0.00000,0.00000,0.00000,1.00000,0.00000,0.00064,-0.01109,5292.88021,0.25000 ===
405.21589|I|libbeamng.print:18052| === LSTM_TRACE t=540 v=18.55 ws=18.41,18.51,18.33,18.42 cmd=0.085,0.095,0.046,0.035 cap=266,297,90,69 des=266,297,79,60 app=266,297,79,60 abs=nil,nil,nil,nil ebrake=1.00 ibrake=1.00 hasABS=0 sy=2.53 split=1.000,0.875 ===
405.21593|I|libbeamng.print:18052| === LSTM_OBS t=540 18.41179,18.51015,18.33082,18.42456,0.01670,2.52833,-9.78739,-0.00102,0.00000,0.00000,0.00000,1.00000,0.00000,0.00067,-0.01103,5258.29503,0.25000 ===
405.26480|I|libbeamng.print:18052| === LSTM_TRACE t=550 v=18.42 ws=18.29,18.34,18.21,18.31 cmd=0.086,0.094,0.048,0.037 cap=269,294,94,72 des=269,294,82,63 app=269,294,82,63 abs=nil,nil,nil,nil ebrake=1.00 ibrake=1.00 hasABS=0 sy=2.52 split=1.000,0.875 ===
405.26485|I|libbeamng.print:18052| === LSTM_OBS t=550 18.29210,18.33843,18.20546,18.31486,0.01338,2.51591,-9.79247,-0.00817,0.00000,0.00000,0.00000,1.00000,0.00000,0.00065,-0.01095,5222.86869,0.25000 ===
405.31501|I|libbeamng.print:18052| === LSTM_TRACE t=560 v=18.30 ws=18.19,18.21,18.10,18.16 cmd=0.084,0.094,0.045,0.035 cap=264,294,89,69 des=264,294,78,60 app=264,294,78,60 abs=nil,nil,nil,nil ebrake=1.00 ibrake=1.00 hasABS=0 sy=2.50 split=1.000,0.875 ===
405.31505|I|libbeamng.print:18052| === LSTM_OBS t=560 18.19236,18.21149,18.09675,18.15827,0.00904,2.50301,-9.78854,-0.00722,0.00000,0.00000,0.00049,1.00000,0.00000,0.00063,-0.01088,5188.20179,0.25000 ===
405.36510|I|libbeamng.print:18052| === LSTM_TRACE t=570 v=18.18 ws=18.06,18.10,17.97,18.07 cmd=0.082,0.094,0.044,0.034 cap=258,294,86,67 des=258,294,75,58 app=258,294,75,58 abs=nil,nil,nil,nil ebrake=1.00 ibrake=1.00 hasABS=0 sy=2.49 split=1.000,0.875 ===
405.36514|I|libbeamng.print:18052| === LSTM_OBS t=570 18.05676,18.09667,17.96559,18.07025,0.00319,2.48872,-9.79142,-0.00566,0.00000,0.00000,0.00000,1.00000,0.00000,0.00064,-0.01082,5154.45438,0.25000 ===
405.41524|I|libbeamng.print:18052| === LSTM_TRACE t=580 v=18.06 ws=17.91,18.00,17.85,17.93 cmd=0.082,0.094,0.044,0.034 cap=260,295,86,67 des=260,295,75,58 app=260,295,75,58 abs=nil,nil,nil,nil ebrake=1.00 ibrake=1.00 hasABS=0 sy=2.47 split=1.000,0.875 ===
405.41528|I|libbeamng.print:18052| === LSTM_OBS t=580 17.90809,18.00200,17.84534,17.93393,0.00750,2.47259,-9.79314,-0.00677,0.00000,0.00000,0.00049,1.00000,0.00000,0.00063,-0.01074,5120.81129,0.25000 ===
405.46475|I|libbeamng.print:18052| === LSTM_TRACE t=590 v=17.93 ws=17.77,17.92,17.73,17.83 cmd=0.083,0.095,0.044,0.034 cap=259,295,85,67 des=259,295,75,58 app=259,295,75,58 abs=nil,nil,nil,nil ebrake=1.00 ibrake=1.00 hasABS=0 sy=2.46 split=1.000,0.875 ===
405.46480|I|libbeamng.print:18052| === LSTM_OBS t=590 17.76930,17.92380,17.73337,17.83494,0.01921,2.46394,-9.78930,-0.00520,0.00000,0.00000,0.00000,1.00000,0.00000,0.00059,-0.01069,5087.24384,0.25000 ===
405.51588|I|libbeamng.print:18052| === LSTM_TRACE t=600 v=17.81 ws=17.76,17.85,17.65,17.81 cmd=0.086,0.098,0.042,0.033 cap=262,299,83,65 des=262,299,72,57 app=262,299,72,57 abs=nil,nil,nil,nil ebrake=1.00 ibrake=1.00 hasABS=0 sy=2.44 split=1.000,0.875 ===
405.51593|I|libbeamng.print:18052| === LSTM_OBS t=600 17.75566,17.85348,17.65202,17.81481,0.00784,2.44223,-9.78327,-0.00418,0.00000,0.00000,0.00000,1.00000,0.00000,0.00060,-0.01066,5052.75357,0.25000 ===
405.56526|I|libbeamng.print:18052| === LSTM_TRACE t=610 v=17.68 ws=17.58,17.62,17.59,17.59 cmd=0.084,0.099,0.039,0.031 cap=263,309,76,60 des=263,309,66,53 app=263,309,66,53 abs=nil,nil,nil,nil ebrake=1.00 ibrake=1.00 hasABS=0 sy=2.46 split=1.000,0.875 ===
405.56530|I|libbeamng.print:18052| === LSTM_OBS t=610 17.58418,17.61994,17.59415,17.58614,0.02946,2.45680,-9.77842,0.00481,0.00000,0.00000,0.00000,1.00000,0.00000,0.00060,-0.01066,5019.66416,0.25000 ===
405.61498|I|libbeamng.print:18052| === LSTM_TRACE t=620 v=17.56 ws=17.45,17.59,17.36,17.48 cmd=0.090,0.102,0.041,0.033 cap=278,315,80,64 des=278,315,70,56 app=278,315,70,56 abs=nil,nil,nil,nil ebrake=1.00 ibrake=1.00 hasABS=0 sy=2.45 split=1.000,0.875 ===
405.61506|I|libbeamng.print:18052| === LSTM_OBS t=620 17.44695,17.59286,17.36091,17.48178,0.01772,2.45005,-9.77799,-0.00543,0.00000,0.00000,0.00000,1.00000,0.00000,0.00059,-0.01068,4986.46315,0.25000 ===
405.66464|I|libbeamng.print:18052| === LSTM_TRACE t=630 v=17.44 ws=17.37,17.40,17.27,17.38 cmd=0.086,0.104,0.038,0.031 cap=271,324,74,60 des=271,324,65,53 app=271,324,65,53 abs=nil,nil,nil,nil ebrake=1.00 ibrake=1.00 hasABS=0 sy=2.44 split=1.000,0.875 ===
405.66468|I|libbeamng.print:18052| === LSTM_OBS t=630 17.36614,17.39987,17.26820,17.37502,-0.01147,2.43959,-9.77888,0.00080,0.00000,0.00000,0.00049,1.00000,0.00000,0.00059,-0.01067,4950.79513,0.25000 ===
405.71475|I|libbeamng.print:18052| === LSTM_TRACE t=640 v=17.32 ws=17.29,17.35,17.29,17.26 cmd=0.089,0.107,0.038,0.031 cap=268,326,74,60 des=268,326,65,53 app=268,326,65,53 abs=nil,nil,nil,nil ebrake=1.00 ibrake=1.00 hasABS=0 sy=2.43 split=1.000,0.875 ===
405.71479|I|libbeamng.print:18052| === LSTM_OBS t=640 17.28693,17.35077,17.29222,17.26381,-0.03050,2.43285,-9.79582,-0.00860,0.00000,0.00000,0.00000,1.00000,0.00000,0.00071,-0.01063,4918.17002,0.25000 ===
405.76437|I|libbeamng.print:18052| === LSTM_TRACE t=650 v=17.19 ws=17.05,17.23,17.05,17.12 cmd=0.093,0.112,0.038,0.031 cap=292,349,73,60 des=292,349,64,52 app=292,349,64,52 abs=nil,nil,nil,nil ebrake=1.00 ibrake=1.00 hasABS=0 sy=2.44 split=1.000,0.875 ===
405.76441|I|libbeamng.print:18052| === LSTM_OBS t=650 17.04675,17.22729,17.05001,17.12388,-0.01761,2.43982,-9.78615,-0.00882,0.00000,0.00000,0.00069,1.00000,0.00000,0.00062,-0.01065,4884.64407,0.25000 ===
405.81465|I|libbeamng.print:18052| === LSTM_TRACE t=660 v=17.07 ws=16.89,17.07,16.94,17.09 cmd=0.096,0.116,0.038,0.032 cap=304,363,75,61 des=304,363,65,54 app=304,363,65,54 abs=nil,nil,nil,nil ebrake=1.00 ibrake=1.00 hasABS=0 sy=2.46 split=1.000,0.875 ===
405.81469|I|libbeamng.print:18052| === LSTM_OBS t=660 16.88725,17.07482,16.94157,17.09099,-0.01855,2.45879,-9.78081,-0.00639,0.00000,0.00000,0.00000,1.00000,0.00000,0.00047,-0.01070,4849.46970,0.25000 ===
405.86558|I|libbeamng.print:18052| === LSTM_TRACE t=670 v=16.93 ws=16.77,16.91,16.78,16.91 cmd=0.101,0.123,0.039,0.032 cap=319,384,75,62 des=319,384,65,54 app=319,384,65,54 abs=nil,nil,nil,nil ebrake=1.00 ibrake=1.00 hasABS=0 sy=2.49 split=1.000,0.875 ===
405.86564|I|libbeamng.print:18052| === LSTM_OBS t=670 16.77344,16.91425,16.78478,16.91243,0.02138,2.49419,-9.78432,0.00144,0.00000,0.00000,0.00000,1.00000,0.00000,0.00048,-0.01068,4813.76296,0.25000 ===
405.91543|I|libbeamng.print:18052| === LSTM_TRACE t=680 v=16.81 ws=16.64,16.85,16.74,16.83 cmd=0.109,0.128,0.041,0.034 cap=342,397,79,65 des=342,397,69,57 app=342,397,69,57 abs=nil,nil,nil,nil ebrake=1.00 ibrake=1.00 hasABS=0 sy=2.53 split=1.000,0.875 ===
405.91549|I|libbeamng.print:18052| === LSTM_OBS t=680 16.63904,16.84869,16.73649,16.83396,0.01907,2.53051,-9.78541,-0.00070,0.00000,0.00000,0.00000,1.00000,0.00000,0.00050,-0.01076,4777.68767,0.25000 ===
405.96494|I|libbeamng.print:18052| === LSTM_TRACE t=690 v=16.67 ws=16.52,16.68,16.55,16.60 cmd=0.113,0.134,0.043,0.035 cap=355,418,83,68 des=355,418,72,60 app=355,418,72,60 abs=nil,nil,nil,nil ebrake=1.00 ibrake=1.00 hasABS=0 sy=2.56 split=1.000,0.875 ===
405.96500|I|libbeamng.print:18052| === LSTM_OBS t=690 16.51924,16.67732,16.54969,16.59940,0.03204,2.56337,-9.79325,-0.00497,0.00000,0.00000,0.00000,1.00000,0.00000,0.00056,-0.01079,4739.97010,0.25000 ===
406.01449|I|libbeamng.print:18052| === LSTM_TRACE t=700 v=16.54 ws=16.47,16.53,16.46,16.42 cmd=0.117,0.140,0.044,0.037 cap=354,424,87,72 des=354,424,76,63 app=354,424,76,63 abs=nil,nil,nil,nil ebrake=1.00 ibrake=1.00 hasABS=0 sy=2.61 split=1.000,0.875 ===
406.01453|I|libbeamng.print:18052| === LSTM_OBS t=700 16.46779,16.53448,16.46045,16.42420,0.03031,2.61075,-9.78514,-0.00706,0.00000,0.00000,0.00000,1.00000,0.00000,0.00059,-0.01089,4702.09107,0.25000 ===
406.06517|I|libbeamng.print:18052| === LSTM_TRACE t=710 v=16.40 ws=16.35,16.30,16.28,16.44 cmd=0.111,0.137,0.048,0.039 cap=348,427,92,75 des=348,427,80,66 app=348,427,80,66 abs=nil,nil,nil,nil ebrake=1.00 ibrake=1.00 hasABS=0 sy=2.65 split=1.000,0.875 ===
406.06525|I|libbeamng.print:18052| === LSTM_OBS t=710 16.35476,16.30187,16.28345,16.43575,0.03464,2.64915,-9.78033,-0.00208,0.00000,0.00000,0.00049,1.00000,0.00000,0.00058,-0.01091,4663.13022,0.25000 ===
406.11448|I|libbeamng.print:18052| === LSTM_TRACE t=720 v=16.26 ws=16.13,16.29,16.18,16.14 cmd=0.119,0.143,0.049,0.040 cap=363,438,96,78 des=363,438,84,68 app=363,438,84,68 abs=nil,nil,nil,nil ebrake=1.00 ibrake=1.00 hasABS=0 sy=2.67 split=1.000,0.875 ===
406.11455|I|libbeamng.print:18052| === LSTM_OBS t=720 16.13275,16.28955,16.17953,16.14321,0.04352,2.66688,-9.78726,-0.00685,0.00000,0.00000,0.00000,1.00000,0.00000,0.00053,-0.01096,4623.71319,0.25000 ===
406.16478|I|libbeamng.print:18052| === LSTM_TRACE t=730 v=16.12 ws=16.04,15.98,15.96,16.12 cmd=0.116,0.145,0.050,0.041 cap=369,455,98,80 des=369,455,86,70 app=369,455,86,70 abs=nil,nil,nil,nil ebrake=1.00 ibrake=1.00 hasABS=0 sy=2.70 split=1.000,0.875 ===
406.16482|I|libbeamng.print:18052| === LSTM_OBS t=730 16.03868,15.98002,15.95965,16.11652,0.03878,2.69965,-9.78265,-0.00425,0.00000,0.00000,0.00000,1.00000,0.00000,0.00050,-0.01099,4584.02454,0.25000 ===
406.21493|I|libbeamng.print:18052| === LSTM_TRACE t=740 v=15.97 ws=15.88,15.93,15.82,15.86 cmd=0.124,0.152,0.052,0.042 cap=383,469,100,82 des=383,469,88,72 app=383,469,88,72 abs=nil,nil,nil,nil ebrake=1.00 ibrake=1.00 hasABS=0 sy=2.74 split=1.000,0.875 ===
406.21498|I|libbeamng.print:18052| === LSTM_OBS t=740 15.87705,15.93174,15.82204,15.86332,0.04106,2.74080,-9.78343,-0.00333,0.00000,0.00000,0.00000,1.00000,0.00000,0.00049,-0.01102,4543.89718,0.25000 ===
406.26516|I|libbeamng.print:18052| === LSTM_TRACE t=750 v=15.84 ws=15.65,15.86,15.74,15.70 cmd=0.125,0.154,0.054,0.044 cap=392,479,104,85 des=392,479,91,74 app=392,479,91,74 abs=nil,nil,nil,nil ebrake=1.00 ibrake=1.00 hasABS=0 sy=2.78 split=1.000,0.875 ===
406.26521|I|libbeamng.print:18052| === LSTM_OBS t=750 15.64846,15.85976,15.73824,15.69781,0.05028,2.77587,-9.77992,-0.00648,0.00000,0.00000,0.00000,1.00000,0.00000,0.00049,-0.01104,4502.93882,0.25000 ===
406.31499|I|libbeamng.print:18052| === LSTM_TRACE t=760 v=15.61 ws=15.43,15.59,15.06,15.16 cmd=0.150,0.174,0.058,0.046 cap=454,533,109,88 des=454,533,95,77 app=454,533,95,77 abs=nil,nil,nil,nil ebrake=1.00 ibrake=1.00 hasABS=0 sy=3.01 split=1.000,0.875 ===
406.31503|I|libbeamng.print:18052| === LSTM_OBS t=760 15.43010,15.59415,15.05564,15.15576,0.05400,3.01223,-9.74272,-0.00417,0.00000,0.00000,0.00000,1.00000,0.00000,0.00032,-0.01118,4566.97529,0.25000 ===
406.36486|I|libbeamng.print:18052| === LSTM_TRACE t=770 v=15.30 ws=15.13,15.21,14.84,14.81 cmd=0.185,0.209,0.092,0.079 cap=569,632,171,144 des=569,632,149,126 app=569,632,149,126 abs=nil,nil,nil,nil ebrake=1.00 ibrake=1.00 hasABS=0 sy=3.73 split=1.000,0.875 ===
406.36490|I|libbeamng.print:18052| === LSTM_OBS t=770 15.12664,15.20656,14.83782,14.81486,0.04389,3.73221,-9.67802,0.00086,0.00000,0.00000,0.00000,1.00000,0.00000,0.00006,-0.01263,4811.75161,0.25000 ===
406.41519|I|libbeamng.print:18052| === LSTM_TRACE t=780 v=14.98 ws=14.78,14.84,14.45,14.69 cmd=0.189,0.261,0.107,0.108 cap=629,831,201,202 des=629,831,176,177 app=629,831,176,177 abs=nil,nil,nil,nil ebrake=1.00 ibrake=1.00 hasABS=0 sy=4.45 split=1.000,0.875 ===
406.41524|I|libbeamng.print:18052| === LSTM_OBS t=780 14.78040,14.83561,14.45372,14.68909,0.03436,4.45212,-9.66658,-0.00444,0.00000,0.00000,0.00000,1.00000,0.00000,-0.00019,-0.01475,5058.32372,0.25000 ===
406.46529|I|libbeamng.print:18052| === LSTM_TRACE t=790 v=14.65 ws=14.62,14.46,13.97,14.05 cmd=0.202,0.294,0.129,0.141 cap=566,858,250,269 des=566,858,218,236 app=566,858,218,236 abs=nil,nil,nil,nil ebrake=1.00 ibrake=1.00 hasABS=0 sy=5.05 split=1.000,0.875 ===
406.46535|I|libbeamng.print:18052| === LSTM_OBS t=790 14.61859,14.46008,13.97095,14.05223,0.04965,5.05196,-9.68268,-0.01593,0.00000,0.00000,0.00049,1.00000,0.00000,-0.00039,-0.01683,5269.52179,0.25000 ===
406.51506|I|libbeamng.print:18052| === LSTM_TRACE t=800 v=14.31 ws=14.19,14.15,13.80,13.57 cmd=0.206,0.304,0.199,0.225 cap=652,956,354,400 des=652,956,310,350 app=652,956,310,350 abs=nil,nil,nil,nil ebrake=1.00 ibrake=1.00 hasABS=0 sy=5.51 split=1.000,0.875 ===
406.51511|I|libbeamng.print:18052| === LSTM_OBS t=800 14.18731,14.15217,13.80042,13.57010,0.07348,5.50889,-9.70969,-0.00712,0.00000,0.00000,0.00000,1.00000,0.00000,-0.00045,-0.01828,5448.83518,0.25000 ===
406.56488|I|libbeamng.print:18052| === LSTM_TRACE t=810 v=13.94 ws=13.75,13.63,13.32,13.17 cmd=0.274,0.383,0.265,0.275 cap=785,1124,514,542 des=785,1124,450,474 app=785,1124,450,474 abs=nil,nil,nil,nil ebrake=1.00 ibrake=1.00 hasABS=0 sy=5.96 split=1.000,0.875 ===
406.56492|I|libbeamng.print:18052| === LSTM_OBS t=810 13.75369,13.63265,13.32438,13.17207,0.10713,5.96100,-9.75993,-0.00812,0.00000,0.00000,0.00049,1.00000,0.00000,-0.00047,-0.01920,5585.31578,0.25000 ===
406.61527|I|libbeamng.print:18052| === LSTM_TRACE t=820 v=13.56 ws=13.36,13.36,13.22,13.33 cmd=0.262,0.387,0.291,0.286 cap=984,1348,553,557 des=984,1348,484,487 app=984,1348,484,487 abs=nil,nil,nil,nil ebrake=1.00 ibrake=1.00 hasABS=0 sy=6.45 split=1.000,0.875 ===
406.61531|I|libbeamng.print:18052| === LSTM_OBS t=820 13.36205,13.36471,13.21524,13.32634,0.15888,6.45351,-9.75030,-0.01773,0.00000,0.00000,0.00049,1.00000,0.00000,-0.00031,-0.01982,5633.36648,0.25000 ===
406.66484|I|libbeamng.print:18052| === LSTM_TRACE t=830 v=13.21 ws=12.92,12.93,13.06,13.11 cmd=0.277,0.397,0.345,0.338 cap=1061,1402,647,644 des=1061,1402,566,563 app=1061,1402,566,563 abs=nil,nil,nil,nil ebrake=1.00 ibrake=1.00 hasABS=0 sy=6.71 split=1.000,0.875 ===
406.66488|I|libbeamng.print:18052| === LSTM_OBS t=830 12.92318,12.93029,13.05508,13.10713,0.18112,6.70645,-9.78067,-0.01407,0.00000,0.00000,0.00049,1.00000,0.00000,-0.00030,-0.01980,5609.16842,0.25000 ===
406.71579|I|libbeamng.print:18052| === LSTM_TRACE t=840 v=12.89 ws=12.57,12.51,12.76,12.79 cmd=0.260,0.376,0.386,0.373 cap=1249,1523,702,702 des=1249,1523,614,615 app=1237,1523,614,615 abs=nil,nil,nil,nil ebrake=1.00 ibrake=1.00 hasABS=0 sy=6.70 split=1.000,0.875 ===
406.71584|I|libbeamng.print:18052| === LSTM_OBS t=840 12.57219,12.51224,12.75569,12.79464,0.20192,6.70083,-9.79403,-0.01040,0.00000,0.00000,0.00115,1.00000,0.00000,-0.00028,-0.01900,5514.53076,0.25000 ===
406.76514|I|libbeamng.print:18052| === LSTM_TRACE t=850 v=12.56 ws=12.24,12.23,12.41,12.44 cmd=0.339,0.445,0.371,0.366 cap=1057,1415,738,739 des=1057,1415,646,647 app=1057,1415,646,647 abs=nil,nil,nil,nil ebrake=1.00 ibrake=1.00 hasABS=0 sy=6.64 split=1.000,0.875 ===
406.76518|I|libbeamng.print:18052| === LSTM_OBS t=850 12.24080,12.23079,12.41325,12.43834,0.18042,6.64250,-9.76984,-0.01552,0.00000,0.00000,0.00069,1.00000,0.00000,-0.00011,-0.01776,5381.96555,0.25000 ===
406.81493|I|libbeamng.print:18052| === LSTM_TRACE t=860 v=12.23 ws=11.97,11.88,12.07,12.09 cmd=0.343,0.457,0.415,0.413 cap=1068,1399,823,815 des=1068,1399,721,713 app=1068,1399,721,713 abs=nil,nil,nil,nil ebrake=1.00 ibrake=1.00 hasABS=0 sy=6.62 split=1.000,0.875 ===
406.81498|I|libbeamng.print:18052| === LSTM_OBS t=860 11.97307,11.88114,12.07453,12.09468,0.18974,6.62207,-9.71242,-0.00216,0.00000,0.00000,0.00134,1.00000,0.00000,0.00003,-0.01656,5239.48649,0.25000 ===
406.86531|I|libbeamng.print:18052| === LSTM_TRACE t=870 v=11.87 ws=11.58,11.40,11.69,11.75 cmd=0.367,0.472,0.433,0.429 cap=1292,1571,816,811 des=1292,1571,714,710 app=1292,1571,714,710 abs=nil,nil,nil,nil ebrake=1.00 ibrake=1.00 hasABS=0 sy=6.71 split=1.000,0.875 ===
406.86537|I|libbeamng.print:18052| === LSTM_OBS t=870 11.57752,11.39513,11.68864,11.75294,0.18210,6.70555,-9.67514,-0.01496,0.00000,0.00000,0.00069,1.00000,0.00000,0.00018,-0.01575,5092.77388,0.25000 ===
406.91492|I|libbeamng.print:18052| === LSTM_TRACE t=880 v=11.51 ws=11.16,11.02,11.35,11.39 cmd=0.378,0.477,0.470,0.462 cap=1479,1710,875,878 des=1479,1710,766,768 app=1479,1710,766,768 abs=nil,nil,nil,nil ebrake=1.00 ibrake=1.00 hasABS=0 sy=6.86 split=1.000,0.875 ===
406.91496|I|libbeamng.print:18052| === LSTM_OBS t=880 11.16045,11.02113,11.35427,11.38856,0.17331,6.85727,-9.65586,-0.01326,0.00000,0.00000,0.00183,1.00000,0.00000,0.00039,-0.01527,4938.58104,0.25000 ===
406.96535|I|libbeamng.print:18052| === LSTM_TRACE t=890 v=11.12 ws=10.71,10.80,10.94,10.94 cmd=0.425,0.512,0.512,0.502 cap=1816,1959,929,940 des=1816,1959,813,823 app=1562,1890,813,823 abs=nil,nil,nil,nil ebrake=1.00 ibrake=1.00 hasABS=0 sy=7.05 split=1.000,0.875 ===
406.96541|I|libbeamng.print:18052| === LSTM_OBS t=890 10.70687,10.80276,10.94325,10.94215,0.16538,7.04806,-9.65420,-0.01404,0.00000,0.00000,0.00124,1.00000,0.00000,0.00047,-0.01500,4774.85608,0.25000 ===
407.01490|I|libbeamng.print:18052| === LSTM_TRACE t=900 v=10.72 ws=10.28,10.35,10.55,10.55 cmd=0.449,0.540,0.534,0.529 cap=1661,1889,1018,1021 des=1661,1889,890,893 app=1651,1889,890,893 abs=nil,nil,nil,nil ebrake=1.00 ibrake=1.00 hasABS=0 sy=7.28 split=1.000,0.875 ===
407.01495|I|libbeamng.print:18052| === LSTM_OBS t=900 10.27514,10.35281,10.55463,10.54571,0.14429,7.27988,-9.66182,-0.00259,0.00000,0.00000,0.00104,1.00000,0.00000,0.00045,-0.01479,4603.10414,0.25000 ===
407.06601|I|libbeamng.print:18052| === LSTM_TRACE t=910 v=10.29 ws=9.80,9.82,10.08,10.06 cmd=0.444,0.547,0.592,0.585 cap=1669,1888,1153,1143 des=1669,1888,1009,1000 app=1669,1888,1009,1000 abs=nil,nil,nil,nil ebrake=1.00 ibrake=1.00 hasABS=0 sy=7.58 split=1.000,0.875 ===
407.06606|I|libbeamng.print:18052| === LSTM_OBS t=910 9.80371,9.82247,10.08452,10.05756,0.11951,7.58404,-9.65418,-0.00337,0.00000,0.00000,0.00000,1.00000,0.00000,0.00052,-0.01474,4424.43011,0.25000 ===
407.11554|I|libbeamng.print:18052| === LSTM_TRACE t=920 v=9.85 ws=9.24,9.23,9.63,9.61 cmd=0.377,0.496,0.697,0.673 cap=2231,2248,1252,1230 des=2231,2248,1095,1076 app=2218,2248,1095,1076 abs=nil,nil,nil,nil ebrake=1.00 ibrake=1.00 hasABS=0 sy=7.92 split=1.000,0.875 ===
407.11558|I|libbeamng.print:18052| === LSTM_OBS t=920 9.23585,9.23172,9.63086,9.60540,0.10183,7.91712,-9.64827,-0.00533,0.00000,0.00000,0.00192,1.00000,0.00000,0.00073,-0.01479,4232.48360,0.25000 ===
407.16480|I|libbeamng.print:18052| === LSTM_TRACE t=930 v=9.37 ws=9.10,8.77,8.99,9.23 cmd=0.740,0.774,0.686,0.665 cap=1360,1850,1397,1345 des=1360,1850,1222,1177 app=1443,1850,1222,1177 abs=nil,nil,nil,nil ebrake=1.00 ibrake=1.00 hasABS=0 sy=8.29 split=1.000,0.875 ===
407.16486|I|libbeamng.print:18052| === LSTM_OBS t=930 9.09596,8.76679,8.98502,9.23291,0.07705,8.28825,-9.65503,-0.00011,0.00000,0.00000,0.00069,1.00000,0.00000,0.00091,-0.01482,4024.27851,0.25000 ===
407.21480|I|libbeamng.print:18052| === LSTM_TRACE t=940 v=8.87 ws=8.35,8.15,8.67,8.58 cmd=0.772,0.796,0.776,0.736 cap=2471,2546,1436,1370 des=2471,2546,1256,1199 app=2009,2307,1256,1199 abs=nil,nil,nil,nil ebrake=1.00 ibrake=1.00 hasABS=0 sy=8.70 split=1.000,0.875 ===
407.21484|I|libbeamng.print:18052| === LSTM_OBS t=940 8.35224,8.14560,8.66586,8.58154,0.07657,8.70295,-9.63133,-0.00960,0.00000,0.00000,0.00342,1.00000,0.00000,0.00095,-0.01477,3803.57890,0.25000 ===
407.26498|I|libbeamng.print:18052| === LSTM_TRACE t=950 v=8.34 ws=7.59,6.92,7.96,8.09 cmd=0.714,0.788,0.750,0.705 cap=2415,2554,1463,1382 des=2415,2554,1281,1210 app=2415,2554,1281,1210 abs=nil,nil,nil,nil ebrake=1.00 ibrake=1.00 hasABS=0 sy=9.20 split=1.000,0.875 ===
407.26502|I|libbeamng.print:18052| === LSTM_OBS t=950 7.59470,6.91765,7.96121,8.08907,0.07087,9.19606,-9.59838,-0.01196,0.00000,0.00000,0.00224,1.00000,0.00000,0.00096,-0.01485,3579.01298,0.25000 ===
407.31542|I|libbeamng.print:18052| === LSTM_TRACE t=960 v=7.77 ws=5.90,3.91,7.42,7.57 cmd=0.843,0.885,0.781,0.757 cap=2501,2683,1491,1433 des=2501,2683,1304,1254 app=2501,2683,1304,1254 abs=nil,nil,nil,nil ebrake=1.00 ibrake=1.00 hasABS=0 sy=9.70 split=1.000,0.875 ===
407.31547|I|libbeamng.print:18052| === LSTM_OBS t=960 5.89517,3.91027,7.42048,7.56532,0.06151,9.70215,-9.60860,0.00855,0.00000,0.00000,0.00239,1.00000,0.00000,0.00092,-0.01508,3357.73378,0.25000 ===
407.36537|I|libbeamng.print:18052| === LSTM_TRACE t=970 v=7.22 ws=0.81,0.17,7.07,6.83 cmd=0.985,0.985,0.863,0.864 cap=3031,3032,1661,1661 des=3031,3032,1453,1453 app=3031,3032,1453,1453 abs=nil,nil,nil,nil ebrake=1.00 ibrake=1.00 hasABS=0 sy=10.14 split=1.000,0.875 ===
407.36546|I|libbeamng.print:18052| === LSTM_OBS t=970 0.81116,0.16843,7.07262,6.82967,0.06693,10.14196,-9.73485,0.01675,0.00000,0.00000,0.00448,1.00000,0.00000,0.00015,-0.01508,3122.52209,0.25000 ===
407.41634|I|libbeamng.print:18052| === LSTM_TRACE t=980 v=6.72 ws=0.10,0.02,6.09,6.44 cmd=0.998,0.997,0.878,0.876 cap=3094,3091,1700,1700 des=3094,3091,1488,1488 app=3094,3091,1488,1488 abs=nil,nil,nil,nil ebrake=1.00 ibrake=1.00 hasABS=0 sy=10.21 split=1.000,0.875 ===
407.41642|I|libbeamng.print:18052| === LSTM_OBS t=980 0.10457,0.01969,6.08678,6.44432,-0.07145,10.21430,-9.88956,0.01232,0.00000,0.00000,0.00335,1.00000,0.00000,0.00168,-0.01355,2862.40995,0.25000 ===
407.46531|I|libbeamng.print:18052| === LSTM_TRACE t=990 v=6.20 ws=0.03,0.01,5.63,5.88 cmd=0.999,0.998,0.873,0.869 cap=3096,3093,1697,1690 des=3096,3093,1485,1479 app=3096,3093,1485,1479 abs=nil,nil,nil,nil ebrake=1.00 ibrake=1.00 hasABS=0 sy=10.22 split=1.000,0.875 ===
407.46537|I|libbeamng.print:18052| === LSTM_OBS t=990 0.02544,0.01105,5.62979,5.87644,-0.02549,10.21502,-9.65704,0.00373,0.00000,0.00000,0.00162,1.00000,0.00000,0.00251,-0.01150,2616.32057,0.25000 ===
407.51490|I|libbeamng.print:18052| === LSTM_TRACE t=1000 v=5.65 ws=0.01,0.00,5.40,5.43 cmd=0.999,0.998,0.864,0.857 cap=3097,3095,1681,1668 des=3097,3095,1471,1459 app=3097,3095,1471,1459 abs=nil,nil,nil,nil ebrake=1.00 ibrake=1.00 hasABS=0 sy=10.39 split=1.000,0.875 ===
407.51496|I|libbeamng.print:18052| === LSTM_OBS t=1000 0.01337,0.00370,5.40438,5.42995,-0.01138,10.39496,-9.51737,-0.00833,0.00000,0.00000,0.00104,1.00000,0.00000,0.00235,-0.01012,2398.67685,0.25000 ===
407.56511|I|libbeamng.print:18052| === LSTM_TRACE t=1010 v=5.07 ws=0.03,0.03,4.92,4.98 cmd=0.999,0.999,0.860,0.850 cap=3098,3095,1671,1652 des=3098,3095,1463,1446 app=3098,3095,1463,1446 abs=nil,nil,nil,nil ebrake=1.00 ibrake=1.00 hasABS=0 sy=10.67 split=1.000,0.875 ===
407.56515|I|libbeamng.print:18052| === LSTM_OBS t=1010 0.03014,0.03282,4.91986,4.98093,-0.00213,10.66931,-9.57765,-0.00565,0.00000,0.00000,0.00104,1.00000,0.00000,0.00156,-0.00969,2193.69512,0.25000 ===
407.61632|I|libbeamng.print:18052| === LSTM_TRACE t=1020 v=4.51 ws=0.03,0.02,4.02,4.07 cmd=1.000,0.999,0.858,0.847 cap=3099,3096,1667,1645 des=3099,3096,1459,1440 app=3099,3096,1459,1440 abs=nil,nil,nil,nil ebrake=1.00 ibrake=1.00 hasABS=0 sy=10.86 split=1.000,0.875 ===
407.61640|I|libbeamng.print:18052| === LSTM_OBS t=1020 0.02737,0.02034,4.01725,4.07099,-0.01708,10.85636,-9.70128,-0.00085,0.00000,0.00000,0.00146,1.00000,0.00000,0.00111,-0.00984,1981.09076,0.25000 ===
407.66513|I|libbeamng.print:18052| === LSTM_TRACE t=1030 v=3.96 ws=0.01,0.00,3.45,3.59 cmd=1.000,0.999,0.859,0.847 cap=3099,3096,1669,1646 des=3099,3096,1460,1440 app=3099,3096,1460,1440 abs=nil,nil,nil,nil ebrake=1.00 ibrake=1.00 hasABS=0 sy=10.92 split=1.000,0.875 ===
407.66518|I|libbeamng.print:18052| === LSTM_OBS t=1030 0.00796,0.00353,3.44994,3.58771,-0.01759,10.91642,-9.80474,-0.00117,0.00000,0.00000,0.00192,1.00000,0.00000,0.00103,-0.00994,1749.29554,0.25000 ===
407.71521|I|libbeamng.print:18052| === LSTM_TRACE t=1040 v=3.40 ws=0.00,0.00,2.59,2.84 cmd=1.000,0.999,0.862,0.851 cap=3099,3097,1674,1653 des=3099,3097,1465,1447 app=3099,3097,1465,1447 abs=nil,nil,nil,nil ebrake=1.00 ibrake=1.00 hasABS=0 sy=10.99 split=1.000,0.875 ===
407.71525|I|libbeamng.print:18052| === LSTM_OBS t=1040 0.00333,0.00357,2.59337,2.83718,-0.01014,10.99090,-9.80319,0.00561,0.00000,0.00000,0.00104,1.00000,0.00000,0.00121,-0.01023,1517.83380,0.25000 ===
407.76491|I|libbeamng.print:18052| === LSTM_TRACE t=1050 v=2.84 ws=0.00,0.01,1.89,2.12 cmd=1.000,0.999,0.866,0.858 cap=3100,3097,1681,1666 des=3100,3097,1471,1458 app=3100,3097,1471,1458 abs=nil,nil,nil,nil ebrake=1.00 ibrake=1.00 hasABS=0 sy=11.04 split=1.000,0.875 ===
407.76495|I|libbeamng.print:18052| === LSTM_OBS t=1050 0.00162,0.01433,1.89220,2.11811,0.01191,11.03631,-9.76529,-0.00003,0.00000,0.00000,0.00192,1.00000,0.00000,0.00122,-0.01027,1288.35221,0.25000 ===
407.81447|I|libbeamng.print:18052| === LSTM_TRACE t=1060 v=2.27 ws=0.02,0.00,1.56,1.59 cmd=1.000,0.999,0.866,0.858 cap=3100,3097,1683,1667 des=3100,3097,1472,1458 app=3100,3097,1472,1458 abs=nil,nil,nil,nil ebrake=1.00 ibrake=1.00 hasABS=0 sy=11.10 split=1.000,0.875 ===
407.81452|I|libbeamng.print:18052| === LSTM_OBS t=1060 0.01561,0.00097,1.56101,1.58938,-0.02063,11.10246,-9.72119,0.00281,0.00000,0.00000,0.00142,1.00000,0.00000,0.00149,-0.01037,1067.84715,0.25000 ===
407.86508|I|libbeamng.print:18052| === LSTM_TRACE t=1070 v=1.70 ws=0.01,0.00,0.31,1.78 cmd=1.000,0.999,0.866,0.859 cap=3100,3098,1683,1669 des=3100,3098,1473,1460 app=3100,3098,1473,1460 abs=nil,nil,nil,nil ebrake=1.00 ibrake=1.00 hasABS=0 sy=11.17 split=1.000,0.875 ===
407.86513|I|libbeamng.print:18052| === LSTM_OBS t=1070 0.00689,0.00313,0.30530,1.78119,0.01094,11.17040,-9.66987,-0.00871,0.00000,0.00000,0.00146,1.00000,0.00000,0.00161,-0.01042,866.53519,0.25000 ===
407.91512|I|libbeamng.print:18052| === LSTM_TRACE t=1080 v=1.12 ws=0.00,0.00,0.08,0.88 cmd=1.000,0.999,0.868,0.861 cap=3100,3098,1685,1673 des=3100,3098,1475,1464 app=3100,3098,1475,1464 abs=nil,nil,nil,nil ebrake=1.00 ibrake=1.00 hasABS=0 sy=11.28 split=1.000,0.875 ===
407.91517|I|libbeamng.print:18052| === LSTM_OBS t=1080 0.00286,0.00017,0.07877,0.87563,-0.01846,11.28172,-9.65476,-0.02957,0.00000,0.00000,0.00183,1.00000,0.00000,0.00105,-0.01062,745.45597,0.25000 ===
407.96411|I|libbeamng.print:18052| === LSTM_TRACE t=1090 v=0.54 ws=0.00,0.01,0.36,0.03 cmd=1.000,0.999,0.868,0.861 cap=3100,3098,1687,1674 des=3100,3098,1476,1464 app=3100,3098,1476,1464 abs=nil,nil,nil,nil ebrake=1.00 ibrake=1.00 hasABS=0 sy=11.38 split=1.000,0.875 ===
407.96416|I|libbeamng.print:18052| === LSTM_OBS t=1090 0.00255,0.01308,0.35571,0.03316,-0.02688,11.38419,-9.67776,-0.01092,0.00000,0.00000,0.00192,1.00000,0.00000,0.00065,-0.01068,729.98591,0.25000 ===
438.05165|I|libbeamng.print:18052| === LSTM_TRACE t=0 v=27.71 ws=27.77,27.84,27.48,27.47 cmd=0.928,0.876,0.431,0.459 cap=155,155,97,97 des=155,155,85,85 app=155,155,85,85 abs=nil,nil,nil,nil ebrake=1.00 ibrake=1.00 hasABS=0 sy=1.56 split=1.000,0.875 ===
438.05170|I|libbeamng.print:18052| === LSTM_OBS t=0 27.76767,27.83904,27.47828,27.47333,-0.04147,1.56115,-9.76366,0.00919,0.00000,0.00000,0.00000,1.00000,0.00000,0.00101,-0.00906,7858.20918,0.25000 ===
438.10128|I|libbeamng.print:18052| === LSTM_TRACE t=10 v=27.45 ws=26.34,26.03,26.92,26.96 cmd=0.551,0.593,0.270,0.298 cap=1638,1823,528,580 des=1638,1823,462,508 app=1635,1823,462,507 abs=nil,nil,nil,nil ebrake=1.00 ibrake=1.00 hasABS=0 sy=2.14 split=1.000,0.875 ===
438.10133|I|libbeamng.print:18052| === LSTM_OBS t=10 26.34063,26.03102,26.92048,26.95613,-0.07079,2.13795,-9.79543,-0.01356,0.00000,0.00000,0.00049,1.00000,0.00000,0.00105,-0.00994,7782.94250,0.25000 ===
438.12161|I|libbeamng.print:18052| === LSTM_ABS DBG raw=26.0797,26.0500,26.7653,26.7421,-0.0266,2.7104,-9.7248,0.0031,0.0000,0.0000,0.0027,1.0000,0.0000,0.0009,-0.0109,7733.0087,0.2500 ===
438.12165|I|libbeamng.print:18052| === LSTM_ABS DBG norm=0.54,0.48,0.54,0.51,-0.18,-2.07,0.00,0.04,0.06,-0.06,0.02,0.59,-0.02,0.00,0.00,3.84,0.00 ===
438.12165|I|libbeamng.print:18052| === LSTM_ABS DBG cmd=0.4876,0.5208,0.2847,0.3096 ===
438.15177|I|libbeamng.print:18052| === LSTM_TRACE t=20 v=27.05 ws=26.18,26.10,26.55,26.51 cmd=0.459,0.523,0.322,0.339 cap=1442,1631,610,643 des=1442,1631,534,563 app=1441,1631,534,562 abs=nil,nil,nil,nil ebrake=1.00 ibrake=1.00 hasABS=0 sy=3.54 split=1.000,0.875 ===
438.15181|I|libbeamng.print:18052| === LSTM_OBS t=20 26.17728,26.09671,26.55075,26.50650,-0.01224,3.53990,-9.67151,0.00192,0.00000,0.00000,0.00154,1.00000,0.00000,0.00099,-0.01255,7647.94615,0.25000 ===
438.20160|I|libbeamng.print:18052| === LSTM_TRACE t=30 v=26.67 ws=26.02,25.89,25.98,26.01 cmd=0.402,0.487,0.390,0.420 cap=1265,1523,753,809 des=1265,1523,659,708 app=1265,1523,659,708 abs=nil,nil,nil,nil ebrake=1.00 ibrake=1.00 hasABS=0 sy=4.70 split=1.000,0.875 ===
438.20168|I|libbeamng.print:18052| === LSTM_OBS t=30 26.01616,25.89234,25.97988,26.01476,0.01987,4.69716,-9.68629,-0.00258,0.00000,0.00000,0.00169,1.00000,0.00000,0.00111,-0.01468,7500.34080,0.25000 ===
438.25206|I|libbeamng.print:18052| === LSTM_TRACE t=40 v=26.31 ws=25.97,25.71,25.65,25.62 cmd=0.302,0.417,0.355,0.375 cap=944,1296,701,742 des=944,1296,614,649 app=944,1296,614,649 abs=nil,nil,nil,nil ebrake=1.00 ibrake=1.00 hasABS=0 sy=5.49 split=1.000,0.875 ===
438.25211|I|libbeamng.print:18052| === LSTM_OBS t=40 25.96905,25.71068,25.65420,25.62492,0.04700,5.48749,-9.67612,-0.00605,0.00000,0.00000,0.00049,1.00000,0.00000,0.00099,-0.01571,7364.57952,0.25000 ===
438.30139|I|libbeamng.print:18052| === LSTM_TRACE t=50 v=25.98 ws=25.56,25.34,25.31,25.38 cmd=0.284,0.410,0.340,0.355 cap=904,1288,655,684 des=904,1288,573,599 app=904,1288,573,599 abs=nil,nil,nil,nil ebrake=1.00 ibrake=1.00 hasABS=0 sy=5.97 split=1.000,0.875 ===
438.30145|I|libbeamng.print:18052| === LSTM_OBS t=50 25.56479,25.33563,25.30749,25.37673,0.05848,5.96872,-9.65537,-0.02415,0.00000,0.00000,0.00091,1.00000,0.00000,0.00071,-0.01585,7273.85227,0.25000 ===
438.35185|I|libbeamng.print:18052| === LSTM_TRACE t=60 v=25.63 ws=25.18,25.10,24.99,25.02 cmd=0.320,0.437,0.370,0.386 cap=931,1306,719,747 des=931,1306,629,653 app=931,1306,629,653 abs=nil,nil,nil,nil ebrake=1.00 ibrake=1.00 hasABS=0 sy=6.15 split=1.000,0.875 ===
438.35190|I|libbeamng.print:18052| === LSTM_OBS t=60 25.18157,25.09689,24.99138,25.01519,0.14393,6.14617,-9.71710,-0.00961,0.00000,0.00000,0.00115,1.00000,0.00000,-0.00017,-0.01564,7197.51278,0.25000 ===
438.40140|I|libbeamng.print:18052| === LSTM_TRACE t=70 v=25.29 ws=24.83,24.66,24.77,24.67 cmd=0.349,0.464,0.411,0.425 cap=1048,1421,777,807 des=1048,1421,680,706 app=1048,1421,680,706 abs=nil,nil,nil,nil ebrake=1.00 ibrake=1.00 hasABS=0 sy=6.38 split=1.000,0.875 ===
438.40148|I|libbeamng.print:18052| === LSTM_OBS t=70 24.83033,24.66237,24.76810,24.66867,0.19117,6.37725,-9.81621,-0.02257,0.00000,0.00000,0.00134,1.00000,0.00000,-0.00083,-0.01547,7105.18564,0.25000 ===
438.45160|I|libbeamng.print:18052| === LSTM_TRACE t=80 v=24.89 ws=24.09,23.91,24.32,24.21 cmd=0.463,0.560,0.483,0.504 cap=1412,1711,923,961 des=1412,1711,807,841 app=1412,1711,807,841 abs=nil,nil,nil,nil ebrake=1.00 ibrake=1.00 hasABS=0 sy=6.77 split=1.000,0.875 ===
438.45164|I|libbeamng.print:18052| === LSTM_OBS t=80 24.09271,23.90729,24.31653,24.20668,0.31637,6.76770,-9.73135,-0.03136,0.00000,0.00000,0.00226,1.00000,0.00000,-0.00116,-0.01547,6994.94903,0.25000 ===
438.50129|I|libbeamng.print:18052| === LSTM_TRACE t=90 v=24.43 ws=23.42,23.00,23.72,23.64 cmd=0.605,0.677,0.559,0.597 cap=1900,2104,1077,1150 des=1900,2104,943,1006 app=1900,2104,943,1006 abs=nil,nil,nil,nil ebrake=1.00 ibrake=1.00 hasABS=0 sy=7.30 split=1.000,0.875 ===
438.50133|I|libbeamng.print:18052| === LSTM_OBS t=90 23.41668,22.99780,23.71668,23.64374,0.34659,7.29516,-9.75154,-0.02856,0.00000,0.00000,0.00162,1.00000,0.00000,-0.00120,-0.01591,6849.47226,0.25000 ===
438.55181|I|libbeamng.print:18052| === LSTM_TRACE t=100 v=23.90 ws=22.37,21.96,23.02,22.91 cmd=0.678,0.738,0.643,0.677 cap=2167,2326,1248,1319 des=2167,2326,1092,1154 app=2167,2326,1092,1154 abs=nil,nil,nil,nil ebrake=1.00 ibrake=1.00 hasABS=0 sy=8.08 split=1.000,0.875 ===
438.55186|I|libbeamng.print:18052| === LSTM_OBS t=100 22.37160,21.96245,23.02473,22.90592,0.40029,8.08485,-9.70420,-0.02703,0.00000,0.00000,0.00311,1.00000,0.00000,-0.00104,-0.01681,6665.59586,0.25000 ===
438.60132|I|libbeamng.print:18052| === LSTM_TRACE t=110 v=23.33 ws=21.70,20.73,22.29,22.23 cmd=0.721,0.753,0.688,0.697 cap=2320,2390,1329,1352 des=2320,2390,1163,1183 app=2320,2390,1163,1183 abs=nil,nil,nil,nil ebrake=1.00 ibrake=1.00 hasABS=0 sy=8.94 split=1.000,0.875 ===
438.60136|I|libbeamng.print:18052| === LSTM_OBS t=110 21.70420,20.73406,22.29190,22.23235,0.43049,8.93511,-9.64418,-0.00727,0.00000,0.00000,0.00305,1.00000,0.00000,-0.00079,-0.01788,6456.26828,0.25000 ===
438.65174|I|libbeamng.print:18052| === LSTM_TRACE t=120 v=22.75 ws=21.20,19.91,21.57,21.48 cmd=0.806,0.795,0.688,0.686 cap=2202,2262,1356,1342 des=2202,2262,1186,1174 app=2202,2262,1186,1174 abs=nil,nil,nil,nil ebrake=1.00 ibrake=1.00 hasABS=0 sy=9.66 split=1.000,0.875 ===
438.65178|I|libbeamng.print:18052| === LSTM_OBS t=120 21.19528,19.91300,21.56671,21.48497,0.43238,9.66286,-9.63566,-0.00487,0.00000,0.00000,0.00372,1.00000,0.00000,-0.00037,-0.01863,6247.61360,0.25000 ===
438.70132|I|libbeamng.print:18052| === LSTM_TRACE t=130 v=22.17 ws=20.62,19.16,20.71,20.93 cmd=0.815,0.791,0.698,0.691 cap=2277,2286,1353,1331 des=2277,2286,1184,1165 app=2277,2286,1184,1165 abs=nil,nil,nil,nil ebrake=1.00 ibrake=1.00 hasABS=0 sy=10.27 split=1.000,0.875 ===
438.70136|I|libbeamng.print:18052| === LSTM_OBS t=130 20.62051,19.16488,20.71240,20.93050,0.39495,10.27063,-9.63288,-0.00414,0.00000,0.00000,0.00354,1.00000,0.00000,0.00007,-0.01898,6052.76391,0.25000 ===
438.75197|I|libbeamng.print:18052| === LSTM_TRACE t=140 v=21.56 ws=19.81,18.68,19.99,20.38 cmd=0.735,0.731,0.701,0.691 cap=2392,2333,1382,1367 des=2392,2333,1210,1196 app=2392,2333,1210,1196 abs=nil,nil,nil,nil ebrake=1.00 ibrake=1.00 hasABS=0 sy=10.74 split=1.000,0.875 ===
438.75201|I|libbeamng.print:18052| === LSTM_OBS t=140 19.80590,18.67566,19.99417,20.38036,0.33675,10.73668,-9.63886,-0.00898,0.00000,0.00000,0.00318,1.00000,0.00000,0.00052,-0.01921,5867.26281,0.25000 ===
438.80139|I|libbeamng.print:18052| === LSTM_TRACE t=150 v=20.97 ws=19.06,18.73,19.21,19.87 cmd=0.701,0.699,0.709,0.700 cap=2530,2423,1367,1360 des=2530,2423,1196,1190 app=2530,2423,1196,1190 abs=nil,nil,nil,nil ebrake=1.00 ibrake=1.00 hasABS=0 sy=11.07 split=1.000,0.875 ===
438.80143|I|libbeamng.print:18052| === LSTM_OBS t=150 19.06088,18.72505,19.21033,19.86885,0.27473,11.07425,-9.64142,-0.00553,0.00000,0.00000,0.00345,1.00000,0.00000,0.00082,-0.01929,5681.48497,0.25000 ===
438.85160|I|libbeamng.print:18052| === LSTM_TRACE t=160 v=20.37 ws=18.39,18.93,18.45,19.45 cmd=0.769,0.742,0.708,0.707 cap=2289,2215,1374,1371 des=2289,2215,1202,1199 app=2289,2215,1202,1199 abs=nil,nil,nil,nil ebrake=1.00 ibrake=1.00 hasABS=0 sy=11.32 split=1.000,0.875 ===
438.85164|I|libbeamng.print:18052| === LSTM_OBS t=160 18.38717,18.93373,18.44869,19.44578,0.20765,11.31837,-9.64953,-0.00998,0.00000,0.00000,0.00278,1.00000,0.00000,0.00109,-0.01908,5498.25651,0.25000 ===
438.90191|I|libbeamng.print:18052| === LSTM_TRACE t=170 v=19.79 ws=17.77,18.57,17.78,18.80 cmd=0.787,0.749,0.690,0.695 cap=1990,2002,1359,1352 des=1990,2002,1190,1183 app=1990,2002,1190,1183 abs=nil,nil,nil,nil ebrake=1.00 ibrake=1.00 hasABS=0 sy=11.44 split=1.000,0.875 ===
438.90196|I|libbeamng.print:18052| === LSTM_OBS t=170 17.76638,18.56893,17.78172,18.79738,0.19288,11.43793,-9.64689,-0.02028,0.00000,0.00000,0.00285,1.00000,0.00000,0.00096,-0.01867,5319.75590,0.25000 ===
438.95161|I|libbeamng.print:18052| === LSTM_TRACE t=180 v=19.21 ws=17.03,17.83,17.34,18.18 cmd=0.708,0.688,0.691,0.693 cap=1935,1961,1355,1340 des=1935,1961,1186,1172 app=2088,1962,1186,1172 abs=nil,nil,nil,nil ebrake=1.00 ibrake=1.00 hasABS=0 sy=11.51 split=1.000,0.875 ===
438.95165|I|libbeamng.print:18052| === LSTM_OBS t=180 17.03112,17.82605,17.33713,18.18336,0.18497,11.50518,-9.62275,-0.01588,0.00000,0.00000,0.00297,1.00000,0.00000,0.00047,-0.01828,5149.53885,0.25000 ===
439.00141|I|libbeamng.print:18052| === LSTM_TRACE t=190 v=18.63 ws=16.75,17.49,17.00,17.52 cmd=0.750,0.705,0.735,0.724 cap=2740,2556,1275,1292 des=2740,2556,1116,1131 app=2350,2383,1116,1131 abs=nil,nil,nil,nil ebrake=1.00 ibrake=1.00 hasABS=0 sy=11.55 split=1.000,0.875 ===
439.00145|I|libbeamng.print:18052| === LSTM_OBS t=190 16.74599,17.49009,17.00361,17.51523,0.18875,11.54754,-9.57575,-0.00744,0.00000,0.00000,0.00392,1.00000,0.00000,0.00002,-0.01805,4982.12672,0.25000 ===
439.05176|I|libbeamng.print:18052| === LSTM_TRACE t=200 v=18.06 ws=16.19,16.66,16.63,16.77 cmd=0.473,0.508,0.736,0.718 cap=2549,2359,1312,1286 des=2549,2359,1148,1126 app=2549,2359,1148,1126 abs=nil,nil,nil,nil ebrake=1.00 ibrake=1.00 hasABS=0 sy=11.53 split=1.000,0.875 ===
439.05180|I|libbeamng.print:18052| === LSTM_OBS t=200 16.18634,16.66272,16.62650,16.76809,0.21838,11.53325,-9.59738,-0.00993,0.00000,0.00000,0.00301,1.00000,0.00000,-0.00028,-0.01770,4817.05469,0.25000 ===
439.10151|I|libbeamng.print:18052| === LSTM_TRACE t=210 v=17.47 ws=16.23,16.71,15.90,16.17 cmd=0.918,0.844,0.666,0.655 cap=2578,2402,1170,1178 des=2578,2402,1023,1031 app=2178,2092,1023,1031 abs=nil,nil,nil,nil ebrake=1.00 ibrake=1.00 hasABS=0 sy=11.56 split=1.000,0.875 ===
439.10156|I|libbeamng.print:18052| === LSTM_OBS t=210 16.22986,16.70674,15.90168,16.17180,0.27320,11.55737,-9.55461,-0.01380,0.00000,0.00000,0.00441,1.00000,0.00000,-0.00053,-0.01748,4661.59486,0.25000 ===
439.15210|I|libbeamng.print:18052| === LSTM_TRACE t=220 v=16.90 ws=15.57,15.50,14.81,14.64 cmd=0.577,0.603,0.586,0.569 cap=2265,2141,1314,1259 des=2265,2141,1150,1102 app=2265,2141,1150,1102 abs=nil,nil,nil,nil ebrake=1.00 ibrake=1.00 hasABS=0 sy=11.55 split=1.000,0.875 ===
439.15215|I|libbeamng.print:18052| === LSTM_OBS t=220 15.57285,15.50000,14.80932,14.64323,0.30345,11.54719,-9.58842,-0.01422,0.00000,0.00000,0.00234,1.00000,0.00000,-0.00078,-0.01729,4539.82080,0.25000 ===
439.20119|I|libbeamng.print:18052| === LSTM_TRACE t=230 v=16.31 ws=15.12,15.06,14.13,13.66 cmd=0.818,0.756,0.495,0.477 cap=2604,2417,859,857 des=2604,2417,752,750 app=2408,2417,752,750 abs=nil,nil,nil,nil ebrake=1.00 ibrake=1.00 hasABS=0 sy=11.58 split=1.000,0.875 ===
439.20123|I|libbeamng.print:18052| === LSTM_OBS t=230 15.12327,15.05502,14.12591,13.65829,0.29591,11.58297,-9.61475,-0.01143,0.00000,0.00000,0.00318,1.00000,0.00000,-0.00071,-0.01753,4482.24847,0.25000 ===
439.25195|I|libbeamng.print:18052| === LSTM_TRACE t=240 v=15.71 ws=14.35,14.76,13.20,12.71 cmd=0.844,0.798,0.332,0.330 cap=2090,2108,705,682 des=2090,2108,617,597 app=2090,2108,617,597 abs=nil,nil,nil,nil ebrake=1.00 ibrake=1.00 hasABS=0 sy=11.67 split=1.000,0.875 ===
439.25202|I|libbeamng.print:18052| === LSTM_OBS t=240 14.35127,14.75616,13.20148,12.71416,0.28655,11.67205,-9.66050,0.00049,0.00000,0.00000,0.00311,1.00000,0.00000,-0.00049,-0.01790,4503.72417,0.25000 ===
439.30122|I|libbeamng.print:18052| === LSTM_TRACE t=250 v=15.11 ws=13.61,13.90,12.55,12.08 cmd=0.749,0.733,0.323,0.307 cap=2431,2354,626,605 des=2431,2354,548,529 app=2431,2354,548,529 abs=nil,nil,nil,nil ebrake=1.00 ibrake=1.00 hasABS=0 sy=11.78 split=1.000,0.875 ===
439.30126|I|libbeamng.print:18052| === LSTM_OBS t=250 13.61352,13.90479,12.54978,12.08159,0.26195,11.77838,-9.71467,0.00724,0.00000,0.00000,0.00293,1.00000,0.00000,-0.00033,-0.01901,4573.89099,0.25000 ===
439.35209|I|libbeamng.print:18052| === LSTM_TRACE t=260 v=14.51 ws=12.88,13.17,12.11,11.65 cmd=0.712,0.722,0.308,0.291 cap=2385,2338,601,572 des=2385,2338,526,500 app=2385,2338,526,500 abs=nil,nil,nil,nil ebrake=1.00 ibrake=1.00 hasABS=0 sy=11.86 split=1.000,0.875 ===
439.35215|I|libbeamng.print:18052| === LSTM_OBS t=260 12.88421,13.16809,12.10773,11.65101,0.22258,11.85664,-9.73385,-0.00336,0.00000,0.00000,0.00328,1.00000,0.00000,-0.00020,-0.02050,4646.07920,0.25000 ===
439.40121|I|libbeamng.print:18052| === LSTM_TRACE t=270 v=13.92 ws=12.28,12.51,11.54,11.14 cmd=0.762,0.759,0.307,0.289 cap=2467,2434,576,556 des=2467,2434,504,487 app=2467,2434,504,487 abs=nil,nil,nil,nil ebrake=1.00 ibrake=1.00 hasABS=0 sy=11.86 split=1.000,0.875 ===
439.40126|I|libbeamng.print:18052| === LSTM_OBS t=270 12.27778,12.51148,11.54109,11.14142,0.18295,11.86378,-9.72781,-0.00047,0.00000,0.00000,0.00301,1.00000,0.00000,0.00011,-0.02184,4698.35946,0.25000 ===
439.45153|I|libbeamng.print:18052| === LSTM_TRACE t=280 v=13.33 ws=11.70,11.86,10.94,10.97 cmd=0.770,0.765,0.336,0.323 cap=2303,2321,643,617 des=2303,2321,563,540 app=2303,2321,563,540 abs=nil,nil,nil,nil ebrake=1.00 ibrake=1.00 hasABS=0 sy=11.83 split=1.000,0.875 ===
439.45158|I|libbeamng.print:18052| === LSTM_OBS t=280 11.69971,11.85686,10.93516,10.97468,0.14537,11.82509,-9.65706,0.00516,0.00000,0.00000,0.00311,1.00000,0.00000,0.00033,-0.02294,4711.45476,0.25000 ===
439.50142|I|libbeamng.print:18052| === LSTM_TRACE t=290 v=12.74 ws=11.35,11.49,10.60,11.35 cmd=0.677,0.690,0.443,0.419 cap=2545,2458,743,726 des=2545,2458,651,635 app=2523,2458,651,635 abs=nil,nil,nil,nil ebrake=1.00 ibrake=1.00 hasABS=0 sy=11.80 split=1.000,0.875 ===
439.50146|I|libbeamng.print:18052| === LSTM_OBS t=290 11.34651,11.49100,10.60331,11.34620,0.10857,11.79967,-9.57501,-0.00060,0.00000,0.00000,0.00338,1.00000,0.00000,0.00051,-0.02365,4679.93468,0.25000 ===
439.55162|I|libbeamng.print:18052| === LSTM_TRACE t=300 v=12.18 ws=11.23,11.29,9.92,11.40 cmd=0.714,0.716,0.466,0.458 cap=1993,2053,928,885 des=1993,2053,812,774 app=2065,2053,812,774 abs=nil,nil,nil,nil ebrake=1.00 ibrake=1.00 hasABS=0 sy=11.73 split=1.000,0.875 ===
439.55166|I|libbeamng.print:18052| === LSTM_OBS t=300 11.22909,11.29193,9.92256,11.40305,0.06673,11.72932,-9.52557,-0.00636,0.00000,0.00000,0.00254,1.00000,0.00000,0.00078,-0.02400,4620.99882,0.25000 ===
439.60143|I|libbeamng.print:18052| === LSTM_TRACE t=310 v=11.62 ws=10.63,10.87,9.75,11.00 cmd=0.540,0.608,0.507,0.493 cap=2192,2154,1042,1005 des=2192,2154,912,879 app=2192,2154,912,879 abs=nil,nil,nil,nil ebrake=1.00 ibrake=1.00 hasABS=0 sy=11.60 split=1.000,0.875 ===
439.60149|I|libbeamng.print:18052| === LSTM_OBS t=310 10.63051,10.86842,9.74858,11.00211,0.01441,11.59586,-9.48086,-0.00679,0.00000,0.00000,0.00285,1.00000,0.00000,0.00112,-0.02389,4534.59542,0.25000 ===
439.65166|I|libbeamng.print:18052| === LSTM_TRACE t=320 v=11.07 ws=10.42,10.55,9.99,10.62 cmd=0.607,0.624,0.573,0.556 cap=2405,2272,997,984 des=2405,2272,872,861 app=2400,2272,872,861 abs=nil,nil,nil,nil ebrake=1.00 ibrake=1.00 hasABS=0 sy=11.42 split=1.000,0.875 ===
439.65170|I|libbeamng.print:18052| === LSTM_OBS t=320 10.42038,10.54920,9.99124,10.61763,-0.01832,11.41518,-9.43439,-0.00363,0.00000,0.00000,0.00278,1.00000,0.00000,0.00123,-0.02353,4429.36514,0.25000 ===
439.70143|I|libbeamng.print:18052| === LSTM_TRACE t=330 v=10.53 ws=10.06,10.23,10.01,10.13 cmd=0.699,0.675,0.536,0.536 cap=1861,1905,984,969 des=1861,1905,861,848 app=1861,1905,861,848 abs=nil,nil,nil,nil ebrake=1.00 ibrake=1.00 hasABS=0 sy=11.23 split=1.000,0.875 ===
439.70152|I|libbeamng.print:18052| === LSTM_OBS t=330 10.06462,10.23363,10.01383,10.13045,-0.00424,11.22607,-9.40784,-0.00238,0.00000,0.00000,0.00189,1.00000,0.00000,0.00098,-0.02275,4325.76058,0.25000 ===
439.75168|I|libbeamng.print:18052| === LSTM_TRACE t=340 v=10.02 ws=9.68,9.59,9.71,9.70 cmd=0.674,0.648,0.523,0.528 cap=1677,1777,1031,1028 des=1677,1777,902,900 app=1677,1777,902,900 abs=nil,nil,nil,nil ebrake=1.00 ibrake=1.00 hasABS=0 sy=10.99 split=1.000,0.875 ===
439.75173|I|libbeamng.print:18052| === LSTM_OBS t=340 9.68039,9.58877,9.70693,9.70381,0.03491,10.99241,-9.42896,0.00520,0.00000,0.00000,0.00146,1.00000,0.00000,0.00054,-0.02188,4215.37797,0.25000 ===
439.80145|I|libbeamng.print:18052| === LSTM_TRACE t=350 v=9.57 ws=9.06,8.95,9.29,9.24 cmd=0.383,0.464,0.640,0.621 cap=2697,2441,1194,1191 des=2697,2441,1045,1042 app=2197,2307,1045,1042 abs=nil,nil,nil,nil ebrake=1.00 ibrake=1.00 hasABS=0 sy=10.65 split=1.000,0.875 ===
439.80150|I|libbeamng.print:18052| === LSTM_OBS t=350 9.05781,8.94777,9.29104,9.23520,0.05108,10.64579,-9.47717,0.00307,0.00000,0.00000,0.00417,1.00000,0.00000,0.00041,-0.02080,4072.84209,0.25000 ===
439.85162|I|libbeamng.print:18052| === LSTM_TRACE t=360 v=9.08 ws=8.51,8.66,8.88,8.94 cmd=0.587,0.566,0.546,0.558 cap=1034,1347,994,990 des=1034,1347,870,867 app=1508,1516,870,867 abs=nil,nil,nil,nil ebrake=1.00 ibrake=1.00 hasABS=0 sy=10.28 split=1.000,0.875 ===
439.85166|I|libbeamng.print:18052| === LSTM_OBS t=360 8.51104,8.65983,8.87666,8.93565,0.05792,10.28223,-9.54294,0.00042,0.00000,0.00000,0.00000,1.00000,0.00000,0.00062,-0.01967,3904.06189,0.25000 ===
439.90134|I|libbeamng.print:18052| === LSTM_TRACE t=370 v=8.66 ws=8.27,8.27,8.49,8.51 cmd=0.634,0.632,0.625,0.621 cap=2296,2081,1246,1247 des=2296,2081,1090,1091 app=2294,2081,1090,1091 abs=nil,nil,nil,nil ebrake=1.00 ibrake=1.00 hasABS=0 sy=9.96 split=1.000,0.875 ===
439.90139|I|libbeamng.print:18052| === LSTM_OBS t=370 8.27046,8.26641,8.49495,8.50563,0.05890,9.96166,-9.56610,0.00210,0.00000,0.00000,0.00472,1.00000,0.00000,0.00090,-0.01835,3719.05373,0.25000 ===
439.95172|I|libbeamng.print:18052| === LSTM_TRACE t=380 v=8.17 ws=7.90,7.82,8.11,8.14 cmd=0.757,0.699,0.499,0.521 cap=718,1081,1041,1050 des=718,1081,911,919 app=1446,1456,911,919 abs=nil,nil,nil,nil ebrake=1.00 ibrake=1.00 hasABS=0 sy=9.74 split=1.000,0.875 ===
439.95176|I|libbeamng.print:18052| === LSTM_OBS t=380 7.90200,7.82256,8.10692,8.14356,0.04025,9.73716,-9.61441,0.00523,0.00000,0.00000,0.00000,1.00000,0.00000,0.00118,-0.01729,3531.46225,0.25000 ===
440.00130|I|libbeamng.print:18052| === LSTM_TRACE t=390 v=7.73 ws=7.48,7.48,7.40,7.38 cmd=0.613,0.615,0.591,0.585 cap=2321,2124,1204,1198 des=2321,2124,1053,1048 app=2321,2124,1053,1048 abs=nil,nil,nil,nil ebrake=1.00 ibrake=1.00 hasABS=0 sy=9.58 split=1.000,0.875 ===
440.00134|I|libbeamng.print:18052| === LSTM_OBS t=390 7.48173,7.48326,7.40136,7.37806,0.05712,9.58461,-9.60091,0.00166,0.00000,0.00000,0.00369,1.00000,0.00000,0.00129,-0.01639,3346.39597,0.25000 ===
440.05163|I|libbeamng.print:18052| === LSTM_TRACE t=400 v=7.26 ws=6.77,7.00,7.34,7.39 cmd=0.645,0.628,0.469,0.481 cap=830,1194,997,1006 des=830,1194,873,880 app=1482,1419,873,880 abs=nil,nil,nil,nil ebrake=1.00 ibrake=1.00 hasABS=0 sy=9.45 split=1.000,0.875 ===
440.05169|I|libbeamng.print:18052| === LSTM_OBS t=400 6.76820,7.00497,7.34216,7.39401,0.03279,9.45402,-9.63430,0.00555,0.00000,0.00000,0.00085,1.00000,0.00000,0.00126,-0.01582,3159.19509,0.25000 ===
440.10125|I|libbeamng.print:18052| === LSTM_TRACE t=410 v=6.83 ws=6.15,6.56,6.72,6.66 cmd=0.367,0.417,0.600,0.580 cap=2484,2229,974,975 des=2484,2229,852,853 app=2257,2194,852,853 abs=nil,nil,nil,nil ebrake=1.00 ibrake=1.00 hasABS=0 sy=9.28 split=1.000,0.875 ===
440.10130|I|libbeamng.print:18052| === LSTM_OBS t=410 6.14570,6.55603,6.71527,6.65958,0.02411,9.28006,-9.65608,0.00286,0.00000,0.00000,0.00430,1.00000,0.00000,0.00136,-0.01521,2979.73107,0.25000 ===
440.15190|I|libbeamng.print:18052| === LSTM_TRACE t=420 v=6.38 ws=5.92,6.22,6.29,6.29 cmd=0.641,0.647,0.401,0.416 cap=686,1129,932,926 des=686,1129,816,811 app=1482,1419,816,811 abs=nil,nil,nil,nil ebrake=1.00 ibrake=1.00 hasABS=0 sy=9.14 split=1.000,0.875 ===
440.15194|I|libbeamng.print:18052| === LSTM_OBS t=420 5.91818,6.22147,6.29470,6.28797,0.00032,9.13649,-9.73083,0.00367,0.00000,0.00000,0.00134,1.00000,0.00000,0.00132,-0.01469,2803.83403,0.25000 ===
440.20137|I|libbeamng.print:18052| === LSTM_TRACE t=430 v=5.98 ws=5.88,5.71,5.90,5.91 cmd=0.505,0.521,0.523,0.508 cap=2420,2244,837,841 des=2420,2244,732,736 app=2165,2194,732,736 abs=nil,nil,nil,nil ebrake=1.00 ibrake=1.00 hasABS=0 sy=8.98 split=1.000,0.875 ===
440.20145|I|libbeamng.print:18052| === LSTM_OBS t=430 5.87922,5.70655,5.90190,5.91431,-0.02295,8.98178,-9.76242,-0.00103,0.00000,0.00000,0.00345,1.00000,0.00000,0.00141,-0.01453,2624.72869,0.25000 ===
440.25156|I|libbeamng.print:18052| === LSTM_TRACE t=440 v=5.57 ws=5.17,4.84,5.39,5.46 cmd=0.239,0.361,0.480,0.464 cap=1614,1633,971,941 des=1614,1633,850,823 app=1795,1659,850,823 abs=nil,nil,nil,nil ebrake=1.00 ibrake=1.00 hasABS=0 sy=8.78 split=1.000,0.875 ===
440.25160|I|libbeamng.print:18052| === LSTM_OBS t=440 5.17126,4.83911,5.38501,5.45849,0.00534,8.77856,-9.79213,-0.00937,0.00000,0.00000,0.00497,1.00000,0.00000,0.00127,-0.01419,2448.70664,0.25000 ===
440.30130|I|libbeamng.print:18052| === LSTM_TRACE t=450 v=5.19 ws=4.98,4.51,5.10,5.17 cmd=0.368,0.471,0.397,0.405 cap=740,1136,857,840 des=740,1136,750,735 app=1114,1232,750,735 abs=nil,nil,nil,nil ebrake=1.00 ibrake=1.00 hasABS=0 sy=8.49 split=1.000,0.875 ===
440.30134|I|libbeamng.print:18052| === LSTM_OBS t=450 4.98496,4.51116,5.10112,5.16946,-0.00868,8.48550,-9.81003,0.00970,0.00000,0.00000,0.00305,1.00000,0.00000,0.00128,-0.01407,2277.18927,0.25000 ===
440.35274|I|libbeamng.print:18052| === LSTM_TRACE t=460 v=4.83 ws=4.82,4.32,4.98,4.92 cmd=0.406,0.470,0.426,0.416 cap=1632,1773,772,769 des=1632,1773,675,673 app=1632,1773,675,673 abs=nil,nil,nil,nil ebrake=1.00 ibrake=1.00 hasABS=0 sy=8.13 split=1.000,0.875 ===
440.35278|I|libbeamng.print:18052| === LSTM_OBS t=460 4.81941,4.31673,4.98207,4.92306,0.02363,8.13033,-9.79687,-0.00639,0.00000,0.00000,0.00293,1.00000,0.00000,0.00116,-0.01371,2114.85337,0.25000 ===
440.40133|I|libbeamng.print:18052| === LSTM_TRACE t=470 v=4.44 ws=4.40,4.23,4.40,4.48 cmd=0.575,0.601,0.440,0.431 cap=1765,1900,877,873 des=1765,1900,768,764 app=1765,1877,768,764 abs=nil,nil,nil,nil ebrake=1.00 ibrake=1.00 hasABS=0 sy=7.94 split=1.000,0.875 ===
440.40137|I|libbeamng.print:18052| === LSTM_OBS t=470 4.39577,4.22858,4.39808,4.48383,0.04594,7.94298,-9.78749,0.00045,0.00000,0.00000,0.00229,1.00000,0.00000,0.00072,-0.01345,1956.18706,0.25000 ===
440.45179|I|libbeamng.print:18052| === LSTM_TRACE t=480 v=4.04 ws=3.49,3.69,3.86,3.83 cmd=0.357,0.501,0.570,0.549 cap=1973,2083,1058,1044 des=1973,2083,926,913 app=1973,2083,926,913 abs=nil,nil,nil,nil ebrake=1.00 ibrake=1.00 hasABS=0 sy=7.98 split=1.000,0.875 ===
440.45182|I|libbeamng.print:18052| === LSTM_OBS t=480 3.48640,3.69222,3.85768,3.83176,0.00051,7.98098,-9.72339,-0.01097,0.00000,0.00000,0.00249,1.00000,0.00000,0.00073,-0.01357,1791.84204,0.25000 ===
440.50152|I|libbeamng.print:18052| === LSTM_TRACE t=490 v=3.56 ws=3.51,3.29,3.58,3.70 cmd=0.688,0.767,0.665,0.668 cap=2118,2354,1291,1299 des=2118,2354,1129,1137 app=2091,2354,1129,1137 abs=nil,nil,nil,nil ebrake=1.00 ibrake=1.00 hasABS=0 sy=8.23 split=1.000,0.875 ===
440.50157|I|libbeamng.print:18052| === LSTM_OBS t=490 3.50701,3.28799,3.58405,3.69609,0.00452,8.23470,-9.68083,-0.00807,0.00000,0.00000,0.00169,1.00000,0.00000,0.00070,-0.01411,1615.43115,0.25000 ===
440.55153|I|libbeamng.print:18052| === LSTM_TRACE t=500 v=3.04 ws=2.71,0.47,2.86,2.67 cmd=0.816,0.868,0.788,0.799 cap=2494,2677,1518,1543 des=2494,2677,1328,1350 app=2494,2677,1328,1350 abs=nil,nil,nil,nil ebrake=1.00 ibrake=1.00 hasABS=0 sy=8.74 split=1.000,0.875 ===
