 30.74262|I|libbeamng.print:18052| === LSTM_ABS: lens 'band_g_mix_keep_s0' loaded (1 member, 17 in, 64 hidden, 2 layers) ===
 30.74445|I|libbeamng.print:18052| === LSTM_ABS SELFTEST lens=band_g_mix_keep_s0 cmd=0.974764,0.966821,0.588697,0.653958 ===
 44.45691|I|libbeamng.print:18052| === LSTM_ABS: lens 'band_g_mix_keep_s0' loaded (1 member, 17 in, 64 hidden, 2 layers) ===
 44.45858|I|libbeamng.print:18052| === LSTM_ABS SELFTEST lens=band_g_mix_keep_s0 cmd=0.974764,0.966821,0.588697,0.653958 ===
 54.17790|I|libbeamng.print:18052| === LSTM_TRACE t=0 v=27.71 ws=27.68,27.81,27.36,27.41 cmd=0.910,0.908,0.615,0.675 cap=155,155,97,97 des=155,155,85,85 app=142,142,78,78 abs=nil,nil,nil,nil ebrake=1.00 ibrake=1.00 hasABS=0 sy=1.56 split=1.000,0.875 ===
 54.17797|I|libbeamng.print:18052| === LSTM_OBS t=0 27.67768,27.80598,27.36467,27.40587,0.01783,1.56405,-9.76517,0.00172,0.00000,0.00000,0.00049,1.00000,0.00000,0.00071,-0.00911,7856.94308,0.25000 ===
 54.23501|I|libbeamng.print:18052| === LSTM_TRACE t=10 v=27.37 ws=25.02,25.57,26.68,26.79 cmd=0.742,0.696,0.722,0.738 cap=2287,2137,1395,1427 des=2287,2137,1221,1249 app=2116,1976,1130,1156 abs=nil,nil,nil,nil ebrake=1.00 ibrake=1.00 hasABS=0 sy=2.20 split=1.000,0.875 ===
 54.23505|I|libbeamng.print:18052| === LSTM_OBS t=10 25.01973,25.57252,26.68317,26.78958,0.02369,2.20244,-9.79996,0.00296,0.00000,0.00000,0.00142,1.00000,0.00000,0.00074,-0.01016,7765.80756,0.25000 ===
 54.25499|I|libbeamng.print:18052| === LSTM_ABS DBG raw=24.5122,25.3644,26.3638,26.4200,0.0397,2.9297,-9.6776,-0.0009,0.0000,0.0000,0.0031,1.0000,0.0000,0.0008,-0.0114,7671.7494,0.2500 ===
 54.25502|I|libbeamng.print:18052| === LSTM_ABS DBG norm=0.44,0.43,0.51,0.49,-0.12,-2.00,0.00,0.02,0.06,-0.06,0.05,0.59,-0.02,0.00,0.00,3.80,0.00 ===
 54.25503|I|libbeamng.print:18052| === LSTM_ABS DBG cmd=0.7561,0.7241,0.7233,0.7486 ===
 54.28481|I|libbeamng.print:18052| === LSTM_TRACE t=20 v=26.88 ws=24.38,25.01,25.75,25.83 cmd=0.758,0.739,0.717,0.738 cap=2385,2323,1389,1436 des=2385,2323,1215,1257 app=2241,2182,1142,1182 abs=nil,nil,nil,nil ebrake=1.00 ibrake=1.00 hasABS=0 sy=4.14 split=1.000,0.875 ===
 54.28485|I|libbeamng.print:18052| === LSTM_OBS t=20 24.38396,25.00962,25.74956,25.82554,0.11163,4.14308,-9.49189,-0.01040,0.00000,0.00000,0.00274,1.00000,0.00000,0.00090,-0.01342,7505.46033,0.25000 ===
 54.33487|I|libbeamng.print:18052| === LSTM_TRACE t=30 v=26.33 ws=23.80,24.50,24.79,24.90 cmd=0.809,0.804,0.740,0.762 cap=2450,2431,1424,1465 des=2450,2431,1246,1282 app=2331,2312,1184,1219 abs=nil,nil,nil,nil ebrake=1.00 ibrake=1.00 hasABS=0 sy=6.06 split=1.000,0.875 ===
 54.33491|I|libbeamng.print:18052| === LSTM_OBS t=30 23.79833,24.49972,24.78524,24.89518,0.07519,6.05509,-9.23080,0.00194,0.00000,0.00000,0.00293,1.00000,0.00000,0.00145,-0.01605,7235.10395,0.25000 ===
 54.38430|I|libbeamng.print:18052| === LSTM_TRACE t=40 v=25.74 ws=23.14,23.91,24.12,24.17 cmd=0.809,0.806,0.753,0.764 cap=2513,2505,1452,1474 des=2513,2505,1271,1290 app=2414,2406,1219,1238 abs=nil,nil,nil,nil ebrake=1.00 ibrake=1.00 hasABS=0 sy=7.63 split=1.000,0.875 ===
 54.38434|I|libbeamng.print:18052| === LSTM_OBS t=40 23.14020,23.90602,24.11869,24.16884,0.05125,7.62610,-9.36413,-0.01659,0.00000,0.00000,0.00326,1.00000,0.00000,0.00166,-0.01764,7001.54874,0.25000 ===
 54.43455|I|libbeamng.print:18052| === LSTM_TRACE t=50 v=25.14 ws=22.38,23.31,23.19,23.50 cmd=0.824,0.822,0.754,0.765 cap=2568,2558,1465,1488 des=2568,2558,1282,1302 app=2485,2476,1238,1258 abs=nil,nil,nil,nil ebrake=1.00 ibrake=1.00 hasABS=0 sy=8.90 split=1.000,0.875 ===
 54.43459|I|libbeamng.print:18052| === LSTM_OBS t=50 22.37754,23.31337,23.18545,23.50075,0.03068,8.90119,-9.49881,-0.01820,0.00000,0.00000,0.00305,1.00000,0.00000,0.00176,-0.01888,6788.33084,0.25000 ===
 54.48431|I|libbeamng.print:18052| === LSTM_TRACE t=60 v=24.52 ws=21.15,22.66,22.57,22.79 cmd=0.819,0.813,0.767,0.783 cap=2484,2464,1450,1476 des=2484,2464,1268,1291 app=2418,2400,1230,1254 abs=nil,nil,nil,nil ebrake=1.00 ibrake=1.00 hasABS=0 sy=9.83 split=1.000,0.875 ===
 54.48435|I|libbeamng.print:18052| === LSTM_OBS t=60 21.14559,22.65859,22.56569,22.78782,0.00827,9.82783,-9.64486,-0.00979,0.00000,0.00000,0.00297,1.00000,0.00000,0.00162,-0.01947,6576.16076,0.25000 ===
 54.53395|I|libbeamng.print:18052| === LSTM_TRACE t=70 v=23.92 ws=19.30,22.04,21.72,22.04 cmd=0.772,0.763,0.739,0.756 cap=2547,2529,1477,1515 des=2547,2529,1292,1325 app=2490,2475,1259,1292 abs=nil,nil,nil,nil ebrake=1.00 ibrake=1.00 hasABS=0 sy=10.49 split=1.000,0.875 ===
 54.53400|I|libbeamng.print:18052| === LSTM_OBS t=70 19.30155,22.04090,21.72108,22.04083,0.01205,10.48609,-9.71579,-0.01011,0.00000,0.00000,0.00293,1.00000,0.00000,0.00149,-0.01943,6362.40976,0.25000 ===
 54.58422|I|libbeamng.print:18052| === LSTM_TRACE t=80 v=23.33 ws=17.13,21.69,21.13,21.24 cmd=0.750,0.733,0.768,0.785 cap=2151,2120,1388,1407 des=2151,2120,1215,1231 app=2113,2099,1187,1204 abs=nil,nil,nil,nil ebrake=1.00 ibrake=1.00 hasABS=0 sy=10.89 split=1.000,0.875 ===
 54.58427|I|libbeamng.print:18052| === LSTM_OBS t=80 17.12959,21.68817,21.13084,21.23726,0.04774,10.89356,-9.73361,-0.01088,0.00000,0.00000,0.00229,1.00000,0.00000,0.00109,-0.01889,6151.50425,0.25000 ===
 54.63395|I|libbeamng.print:18052| === LSTM_TRACE t=90 v=22.77 ws=15.16,21.52,20.72,20.32 cmd=0.685,0.669,0.753,0.760 cap=2181,2141,1403,1425 des=2181,2141,1228,1247 app=2143,2108,1202,1222 abs=nil,nil,nil,nil ebrake=1.00 ibrake=1.00 hasABS=0 sy=11.09 split=1.000,0.875 ===
 54.63399|I|libbeamng.print:18052| === LSTM_OBS t=90 15.15619,21.52062,20.71867,20.32426,0.11442,11.08719,-9.68790,-0.02083,0.00000,0.00000,0.00249,1.00000,0.00000,0.00044,-0.01816,5947.90213,0.25000 ===
 54.68411|I|libbeamng.print:18052| === LSTM_TRACE t=100 v=22.21 ws=13.56,21.05,20.34,19.14 cmd=0.598,0.590,0.695,0.706 cap=2274,2273,1436,1462 des=2274,2273,1257,1279 app=2236,2243,1233,1256 abs=nil,nil,nil,nil ebrake=1.00 ibrake=1.00 hasABS=0 sy=11.15 split=1.000,0.875 ===
 54.68416|I|libbeamng.print:18052| === LSTM_OBS t=100 13.55883,21.04958,20.33770,19.14088,0.13547,11.14936,-9.65029,-0.00833,0.00000,0.00000,0.00229,1.00000,0.00000,-0.00014,-0.01719,5755.54379,0.25000 ===
 54.73390|I|libbeamng.print:18052| === LSTM_TRACE t=110 v=21.65 ws=12.62,20.72,20.23,18.13 cmd=0.608,0.608,0.691,0.703 cap=2332,2313,1471,1510 des=2332,2313,1287,1321 app=2235,2212,1265,1299 abs=nil,nil,nil,nil ebrake=1.00 ibrake=1.00 hasABS=0 sy=11.15 split=1.000,0.875 ===
 54.73394|I|libbeamng.print:18052| === LSTM_OBS t=110 12.61759,20.71628,20.23199,18.13352,0.17298,11.15164,-9.60977,0.00334,0.00000,0.00000,0.00274,1.00000,0.00000,-0.00047,-0.01642,5575.67568,0.25000 ===
 54.78389|I|libbeamng.print:18052| === LSTM_TRACE t=120 v=21.10 ws=11.98,20.17,20.03,17.02 cmd=0.639,0.633,0.686,0.707 cap=2089,2078,1400,1432 des=2089,2078,1225,1253 app=2056,2056,1206,1233 abs=nil,nil,nil,nil ebrake=1.00 ibrake=1.00 hasABS=0 sy=11.12 split=1.000,0.875 ===
 54.78394|I|libbeamng.print:18052| === LSTM_OBS t=120 11.98009,20.16874,20.02945,17.02199,0.24251,11.12132,-9.59205,0.01325,0.00000,0.00000,0.00297,1.00000,0.00000,-0.00080,-0.01575,5401.39756,0.25000 ===
 54.83393|I|libbeamng.print:18052| === LSTM_TRACE t=130 v=20.55 ws=11.33,19.47,19.81,16.48 cmd=0.580,0.571,0.659,0.670 cap=2173,2150,1334,1387 des=2173,2150,1168,1213 app=2140,2130,1150,1195 abs=nil,nil,nil,nil ebrake=1.00 ibrake=1.00 hasABS=0 sy=11.06 split=1.000,0.875 ===
 54.83398|I|libbeamng.print:18052| === LSTM_OBS t=130 11.32919,19.46969,19.81213,16.47874,0.30124,11.05949,-9.60925,0.02007,0.00000,0.00000,0.00239,1.00000,0.00000,-0.00097,-0.01528,5229.42239,0.25000 ===
 54.88046|I|libbeamng.print:18052| === LSTM_TRACE t=140 v=20.00 ws=10.75,19.24,19.19,15.65 cmd=0.736,0.741,0.704,0.736 cap=1695,1657,1335,1357 des=1695,1657,1168,1187 app=1669,1642,1151,1169 abs=nil,nil,nil,nil ebrake=1.00 ibrake=1.00 hasABS=0 sy=11.01 split=1.000,0.875 ===
 54.88052|I|libbeamng.print:18052| === LSTM_OBS t=140 10.75260,19.24013,19.18870,15.65122,0.30469,11.01298,-9.64040,0.04145,0.00000,0.00000,0.00289,1.00000,0.00000,-0.00072,-0.01496,5084.02217,0.25000 ===
 54.93031|I|libbeamng.print:18052| === LSTM_TRACE t=150 v=19.48 ws=10.06,18.67,18.74,15.33 cmd=0.643,0.640,0.621,0.643 cap=2031,2077,1127,1174 des=2031,2077,987,1027 app=2000,2060,973,1012 abs=nil,nil,nil,nil ebrake=1.00 ibrake=1.00 hasABS=0 sy=10.95 split=1.000,0.875 ===
 54.93035|I|libbeamng.print:18052| === LSTM_OBS t=150 10.05919,18.67274,18.74114,15.32886,0.25081,10.95080,-9.67779,0.03329,0.00000,0.00000,0.00318,1.00000,0.00000,-0.00009,-0.01476,4939.08594,0.25000 ===
 54.98026|I|libbeamng.print:18052| === LSTM_TRACE t=160 v=18.94 ws=9.45,18.32,18.03,15.01 cmd=0.726,0.746,0.581,0.621 cap=1896,1967,1202,1254 des=1896,1967,1051,1098 app=1867,1952,1037,1081 abs=nil,nil,nil,nil ebrake=1.00 ibrake=1.00 hasABS=0 sy=10.91 split=1.000,0.875 ===
 54.98037|I|libbeamng.print:18052| === LSTM_OBS t=160 9.44628,18.31678,18.02515,15.00590,0.15440,10.91339,-9.69880,0.03439,0.00000,0.00000,0.00278,1.00000,0.00000,0.00087,-0.01480,4816.24216,0.25000 ===
 55.03054|I|libbeamng.print:18052| === LSTM_TRACE t=170 v=18.40 ws=8.74,17.51,17.31,15.50 cmd=0.659,0.690,0.580,0.607 cap=1909,1960,1148,1196 des=1909,1960,1004,1047 app=1880,1946,991,1031 abs=nil,nil,nil,nil ebrake=1.00 ibrake=1.00 hasABS=0 sy=10.86 split=1.000,0.875 ===
 55.03059|I|libbeamng.print:18052| === LSTM_OBS t=170 8.74419,17.50565,17.30709,15.49792,0.05285,10.86392,-9.71041,0.02480,0.00000,0.00000,0.00224,1.00000,0.00000,0.00173,-0.01509,4718.52116,0.25000 ===
 55.09088|I|libbeamng.print:18052| === LSTM_TRACE t=180 v=17.85 ws=7.64,17.14,16.71,15.82 cmd=0.568,0.609,0.513,0.541 cap=1937,2045,1037,1085 des=1937,2045,907,949 app=1906,2032,895,935 abs=nil,nil,nil,nil ebrake=1.00 ibrake=1.00 hasABS=0 sy=10.85 split=1.000,0.875 ===
 55.09092|I|libbeamng.print:18052| === LSTM_OBS t=180 7.63977,17.13814,16.70607,15.81900,-0.05407,10.85358,-9.70091,0.02540,0.00000,0.00000,0.00146,1.00000,0.00000,0.00242,-0.01549,4642.66256,0.25000 ===
 55.14110|I|libbeamng.print:18052| === LSTM_TRACE t=190 v=17.30 ws=7.21,16.77,16.10,16.19 cmd=0.755,0.787,0.612,0.654 cap=1576,1690,1044,1096 des=1576,1690,914,959 app=1550,1680,901,944 abs=nil,nil,nil,nil ebrake=1.00 ibrake=1.00 hasABS=0 sy=10.83 split=1.000,0.875 ===
 55.14115|I|libbeamng.print:18052| === LSTM_OBS t=190 7.21099,16.77343,16.09654,16.18547,-0.16432,10.83477,-9.68443,0.01385,0.00000,0.00000,0.00176,1.00000,0.00000,0.00277,-0.01614,4583.37364,0.25000 ===
 55.19129|I|libbeamng.print:18052| === LSTM_TRACE t=200 v=16.79 ws=6.90,15.81,15.40,15.54 cmd=0.488,0.538,0.579,0.615 cap=1480,1690,794,806 des=1480,1690,695,705 app=1746,1909,685,720 abs=nil,nil,nil,nil ebrake=1.00 ibrake=1.00 hasABS=0 sy=10.79 split=1.000,0.875 ===
 55.19133|I|libbeamng.print:18052| === LSTM_OBS t=200 6.90070,15.81209,15.39503,15.54225,-0.28411,10.78563,-9.67623,-0.00059,0.00000,0.00000,0.00198,1.00000,0.00000,0.00302,-0.01666,4532.61100,0.25000 ===
 55.24059|I|libbeamng.print:18052| === LSTM_TRACE t=210 v=16.25 ws=6.70,15.31,13.81,14.51 cmd=0.622,0.681,0.487,0.526 cap=1767,1987,923,971 des=1767,1987,808,850 app=1737,1975,796,837 abs=nil,nil,nil,nil ebrake=1.00 ibrake=1.00 hasABS=0 sy=10.76 split=1.000,0.875 ===
 55.24064|I|libbeamng.print:18052| === LSTM_OBS t=210 6.69808,15.30518,13.81187,14.50556,-0.36832,10.75739,-9.63694,-0.01032,0.00000,0.00000,0.00189,1.00000,0.00000,0.00304,-0.01726,4525.17650,0.25000 ===
 55.29049|I|libbeamng.print:18052| === LSTM_TRACE t=220 v=15.71 ws=5.72,14.83,12.84,13.48 cmd=0.593,0.652,0.546,0.590 cap=1601,1842,860,897 des=1601,1842,753,785 app=1829,2032,741,772 abs=nil,nil,nil,nil ebrake=1.00 ibrake=1.00 hasABS=0 sy=10.76 split=1.000,0.875 ===
 55.29053|I|libbeamng.print:18052| === LSTM_OBS t=220 5.71906,14.82846,12.83975,13.48353,-0.35603,10.76043,-9.61705,-0.01872,0.00000,0.00000,0.00256,1.00000,0.00000,0.00230,-0.01780,4522.49954,0.25000 ===
 55.34066|I|libbeamng.print:18052| === LSTM_TRACE t=230 v=15.14 ws=5.21,14.26,12.26,12.24 cmd=0.750,0.800,0.654,0.693 cap=1523,1697,1098,1189 des=1523,1697,961,1040 app=1495,1698,946,1023 abs=nil,nil,nil,nil ebrake=1.00 ibrake=1.00 hasABS=0 sy=10.83 split=1.000,0.875 ===
 55.34071|I|libbeamng.print:18052| === LSTM_OBS t=230 5.21037,14.26358,12.25902,12.24086,-0.33316,10.82526,-9.63549,-0.01726,0.00000,0.00000,0.00224,1.00000,0.00000,0.00184,-0.01836,4498.43915,0.25000 ===
 55.39029|I|libbeamng.print:18052| === LSTM_TRACE t=240 v=14.61 ws=4.75,13.76,11.70,10.78 cmd=0.645,0.714,0.596,0.632 cap=2111,2289,1225,1329 des=2111,2289,1072,1163 app=2071,2278,1055,1144 abs=nil,nil,nil,nil ebrake=1.00 ibrake=1.00 hasABS=0 sy=10.83 split=1.000,0.875 ===
 55.39034|I|libbeamng.print:18052| === LSTM_OBS t=240 4.75382,13.75559,11.70037,10.77868,-0.28775,10.83290,-9.65895,-0.02102,0.00000,0.00000,0.00254,1.00000,0.00000,0.00164,-0.01834,4426.43188,0.25000 ===
 55.44070|I|libbeamng.print:18052| === LSTM_TRACE t=250 v=14.07 ws=3.88,13.07,10.93,9.47 cmd=0.637,0.684,0.662,0.710 cap=1928,2091,1376,1465 des=1928,2091,1204,1282 app=1891,2081,1184,1260 abs=nil,nil,nil,nil ebrake=1.00 ibrake=1.00 hasABS=0 sy=10.84 split=1.000,0.875 ===
 55.44075|I|libbeamng.print:18052| === LSTM_OBS t=250 3.87876,13.06730,10.93203,9.47390,-0.23174,10.84188,-9.63339,-0.02258,0.00000,0.00000,0.00617,1.00000,0.00000,0.00184,-0.01808,4313.45789,0.25000 ===
 55.49083|I|libbeamng.print:18052| === LSTM_TRACE t=260 v=13.53 ws=3.72,12.56,10.40,8.69 cmd=0.659,0.735,0.681,0.711 cap=2171,2320,1538,1559 des=2171,2320,1346,1364 app=2127,2309,1269,1284 abs=nil,nil,nil,nil ebrake=1.00 ibrake=1.00 hasABS=0 sy=10.85 split=1.000,0.875 ===
 55.49088|I|libbeamng.print:18052| === LSTM_OBS t=260 3.72438,12.56114,10.40273,8.68904,-0.13855,10.85355,-9.62790,-0.04184,0.00000,0.00000,0.00229,1.00000,0.00000,0.00217,-0.01729,4170.64602,0.25000 ===
 55.54112|I|libbeamng.print:18052| === LSTM_TRACE t=270 v=13.00 ws=2.97,12.36,10.20,8.07 cmd=0.578,0.619,0.753,0.793 cap=1623,1707,1556,1584 des=1623,1707,1361,1386 app=1588,1699,1339,1361 abs=nil,nil,nil,nil ebrake=1.00 ibrake=1.00 hasABS=0 sy=10.78 split=1.000,0.875 ===
 55.54117|I|libbeamng.print:18052| === LSTM_OBS t=270 2.96792,12.35893,10.20253,8.06676,-0.07585,10.78373,-9.62818,-0.03816,0.00000,0.00000,0.00457,1.00000,0.00000,0.00272,-0.01614,4008.30249,0.25000 ===
 55.59009|I|libbeamng.print:18052| === LSTM_TRACE t=280 v=12.48 ws=2.51,12.05,9.89,7.31 cmd=0.783,0.807,0.768,0.793 cap=2032,2094,1580,1632 des=2032,2094,1383,1428 app=1849,1999,1360,1402 abs=nil,nil,nil,nil ebrake=1.00 ibrake=1.00 hasABS=0 sy=10.72 split=1.000,0.875 ===
 55.59013|I|libbeamng.print:18052| === LSTM_OBS t=280 2.51376,12.05378,9.89322,7.30595,0.00930,10.71870,-9.53908,-0.03667,0.00000,0.00000,0.00372,1.00000,0.00000,0.00270,-0.01489,3833.32545,0.25000 ===
 55.64052|I|libbeamng.print:18052| === LSTM_TRACE t=290 v=11.94 ws=1.63,11.22,10.00,6.70 cmd=0.568,0.576,0.809,0.824 cap=1810,1817,1512,1560 des=1810,1817,1323,1365 app=1768,1818,1301,1340 abs=nil,nil,nil,nil ebrake=1.00 ibrake=1.00 hasABS=0 sy=10.71 split=1.000,0.875 ===
 55.64056|I|libbeamng.print:18052| === LSTM_OBS t=290 1.63160,11.21711,10.00184,6.70333,0.08638,10.71071,-9.52960,-0.03781,0.00000,0.00000,0.00345,1.00000,0.00000,0.00258,-0.01368,3647.63518,0.25000 ===
 55.69013|I|libbeamng.print:18052| === LSTM_TRACE t=300 v=11.41 ws=0.70,10.79,9.96,5.57 cmd=0.524,0.558,0.809,0.828 cap=1823,1967,1580,1625 des=1823,1967,1382,1421 app=1779,1957,1360,1395 abs=nil,nil,nil,nil ebrake=1.00 ibrake=1.00 hasABS=0 sy=10.68 split=1.000,0.875 ===
 55.69017|I|libbeamng.print:18052| === LSTM_OBS t=300 0.69889,10.78631,9.96082,5.57423,0.15173,10.67890,-9.48350,-0.04071,0.00000,0.00000,0.00254,1.00000,0.00000,0.00231,-0.01272,3457.43915,0.25000 ===
 55.74043|I|libbeamng.print:18052| === LSTM_TRACE t=310 v=10.85 ws=1.15,10.59,9.82,4.61 cmd=0.760,0.780,0.821,0.857 cap=1431,1551,1596,1637 des=1431,1551,1396,1432 app=1394,1543,1374,1405 abs=nil,nil,nil,nil ebrake=1.00 ibrake=1.00 hasABS=0 sy=10.78 split=1.000,0.875 ===
 55.74047|I|libbeamng.print:18052| === LSTM_OBS t=310 1.15155,10.58609,9.82416,4.60662,0.23803,10.77969,-9.57299,-0.02536,0.00000,0.00000,0.00349,1.00000,0.00000,0.00203,-0.01175,3270.84845,0.25000 ===
 55.79054|I|libbeamng.print:18052| === LSTM_TRACE t=320 v=10.31 ws=0.66,9.86,9.50,4.26 cmd=0.457,0.471,0.792,0.795 cap=1983,2127,1532,1540 des=1983,2127,1340,1348 app=1930,2115,1319,1321 abs=nil,nil,nil,nil ebrake=1.00 ibrake=1.00 hasABS=0 sy=10.81 split=1.000,0.875 ===
 55.79058|I|libbeamng.print:18052| === LSTM_OBS t=320 0.66156,9.86228,9.50401,4.25968,0.30759,10.80596,-9.62697,-0.01173,0.00000,0.00000,0.00049,1.00000,0.00000,0.00126,-0.01127,3086.24046,0.25000 ===
 55.84069|I|libbeamng.print:18052| === LSTM_TRACE t=330 v=9.77 ws=1.14,9.05,9.36,4.09 cmd=0.534,0.535,0.823,0.828 cap=1239,1170,1557,1522 des=1239,1170,1362,1332 app=1629,1662,1341,1304 abs=nil,nil,nil,nil ebrake=1.00 ibrake=1.00 hasABS=0 sy=10.85 split=1.000,0.875 ===
 55.84088|I|libbeamng.print:18052| === LSTM_OBS t=330 1.13820,9.05199,9.36491,4.08967,0.32939,10.85308,-9.78726,0.00116,0.00000,0.00000,0.00000,1.00000,0.00000,0.00085,-0.01116,2897.37367,0.25000 ===
 55.89018|I|libbeamng.print:18052| === LSTM_TRACE t=340 v=9.21 ws=0.53,8.93,8.10,3.55 cmd=0.667,0.650,0.839,0.840 cap=1607,1586,1494,1478 des=1607,1586,1307,1294 app=1604,1659,1287,1265 abs=nil,nil,nil,nil ebrake=1.00 ibrake=1.00 hasABS=0 sy=10.84 split=1.000,0.875 ===
 55.89023|I|libbeamng.print:18052| === LSTM_OBS t=340 0.52733,8.92505,8.09836,3.55407,0.35025,10.84076,-9.79187,0.01143,0.00000,0.00000,0.00162,1.00000,0.00000,0.00129,-0.01108,2711.35976,0.25000 ===
 55.94049|I|libbeamng.print:18052| === LSTM_TRACE t=350 v=8.72 ws=0.13,8.15,7.76,4.03 cmd=0.722,0.671,0.818,0.821 cap=2156,2002,1578,1592 des=2156,2002,1381,1393 app=2091,1989,1359,1362 abs=nil,nil,nil,nil ebrake=1.00 ibrake=1.00 hasABS=0 sy=10.76 split=1.000,0.875 ===
 55.94053|I|libbeamng.print:18052| === LSTM_OBS t=350 0.12838,8.14997,7.75736,4.02594,0.30158,10.75728,-9.77818,0.00312,0.00000,0.00000,0.00318,1.00000,0.00000,0.00205,-0.01094,2524.36359,0.25000 ===
 55.98997|I|libbeamng.print:18052| === LSTM_TRACE t=360 v=8.17 ws=0.05,7.60,6.42,3.99 cmd=0.578,0.522,0.835,0.833 cap=1552,1297,1451,1456 des=1552,1297,1269,1274 app=1951,1834,1249,1244 abs=nil,nil,nil,nil ebrake=1.00 ibrake=1.00 hasABS=0 sy=10.66 split=1.000,0.875 ===
 55.99002|I|libbeamng.print:18052| === LSTM_OBS t=360 0.05351,7.59793,6.42358,3.98655,0.27732,10.66174,-9.76835,0.00830,0.00000,0.00000,0.00124,1.00000,0.00000,0.00235,-0.01046,2342.26756,0.25000 ===
 56.04078|I|libbeamng.print:18052| === LSTM_TRACE t=370 v=7.66 ws=0.01,7.34,5.36,3.45 cmd=0.633,0.578,0.796,0.816 cap=2037,1993,1478,1518 des=2037,1993,1294,1329 app=1970,1979,1272,1297 abs=nil,nil,nil,nil ebrake=1.00 ibrake=1.00 hasABS=0 sy=10.67 split=1.000,0.875 ===
 56.04082|I|libbeamng.print:18052| === LSTM_OBS t=370 0.01291,7.33848,5.36467,3.44606,0.14749,10.66777,-9.69350,-0.00509,0.00000,0.00000,0.00091,1.00000,0.00000,0.00297,-0.01015,2174.68074,0.25000 ===
 56.09008|I|libbeamng.print:18052| === LSTM_TRACE t=380 v=7.10 ws=0.00,6.70,5.19,4.28 cmd=0.587,0.504,0.778,0.799 cap=2308,2115,1499,1580 des=2308,2115,1312,1382 app=2230,2099,1290,1349 abs=nil,nil,nil,nil ebrake=1.00 ibrake=1.00 hasABS=0 sy=10.68 split=1.000,0.875 ===
 56.09013|I|libbeamng.print:18052| === LSTM_OBS t=380 0.00348,6.70326,5.19436,4.28161,0.06218,10.67620,-9.80941,0.01495,0.00000,0.00000,0.00261,1.00000,0.00000,0.00390,-0.00966,2000.05487,0.25000 ===
 56.14012|I|libbeamng.print:18052| === LSTM_TRACE t=390 v=6.56 ws=0.16,6.45,3.58,3.26 cmd=0.718,0.710,0.785,0.822 cap=2100,2089,1657,1692 des=2100,2089,1450,1481 app=2026,1901,1424,1444 abs=nil,nil,nil,nil ebrake=1.00 ibrake=1.00 hasABS=0 sy=10.75 split=1.000,0.875 ===
 56.14017|I|libbeamng.print:18052| === LSTM_OBS t=390 0.16003,6.44829,3.58167,3.25590,0.02349,10.75430,-9.70819,-0.00192,0.00000,0.00000,0.00000,1.00000,0.00000,0.00440,-0.00994,1831.27283,0.25000 ===
 56.19008|I|libbeamng.print:18052| === LSTM_TRACE t=400 v=6.02 ws=0.48,5.61,3.79,4.30 cmd=0.679,0.625,0.835,0.848 cap=2275,2055,1497,1544 des=2275,2055,1310,1351 app=2193,2038,1286,1317 abs=nil,nil,nil,nil ebrake=1.00 ibrake=1.00 hasABS=0 sy=10.71 split=1.000,0.875 ===
 56.19013|I|libbeamng.print:18052| === LSTM_OBS t=400 0.47903,5.61122,3.79311,4.29957,0.01244,10.71146,-9.78935,0.01551,0.00000,0.00000,0.00169,1.00000,0.00000,0.00481,-0.00974,1649.19164,0.25000 ===
 56.24014|I|libbeamng.print:18052| === LSTM_TRACE t=410 v=5.45 ws=0.06,5.05,1.79,3.21 cmd=0.717,0.684,0.790,0.812 cap=2270,2236,1455,1513 des=2270,2236,1273,1324 app=2186,2216,1248,1291 abs=nil,nil,nil,nil ebrake=1.00 ibrake=1.00 hasABS=0 sy=10.89 split=1.000,0.875 ===
 56.24020|I|libbeamng.print:18052| === LSTM_OBS t=410 0.06053,5.04653,1.79267,3.21155,0.00420,10.88570,-9.78279,-0.00956,0.00000,0.00000,0.00069,1.00000,0.00000,0.00558,-0.00981,1472.81119,0.25000 ===
 56.29000|I|libbeamng.print:18052| === LSTM_TRACE t=420 v=4.89 ws=0.00,2.51,1.70,4.23 cmd=0.858,0.850,0.842,0.871 cap=2614,2582,1639,1687 des=2614,2582,1434,1476 app=2515,2558,1405,1438 abs=nil,nil,nil,nil ebrake=1.00 ibrake=1.00 hasABS=0 sy=10.95 split=1.000,0.875 ===
 56.29007|I|libbeamng.print:18052| === LSTM_OBS t=420 0.00190,2.50562,1.69908,4.23151,-0.01050,10.94615,-9.73296,-0.01513,0.00000,0.00000,0.00069,1.00000,0.00000,0.00500,-0.00963,1280.30269,0.25000 ===
 56.33974|I|libbeamng.print:18052| === LSTM_TRACE t=430 v=4.32 ws=0.04,0.03,0.04,3.26 cmd=0.790,0.782,0.858,0.870 cap=2563,2535,1682,1700 des=2563,2535,1472,1488 app=2464,2509,1439,1449 abs=nil,nil,nil,nil ebrake=1.00 ibrake=1.00 hasABS=0 sy=11.10 split=1.000,0.875 ===
 56.33979|I|libbeamng.print:18052| === LSTM_OBS t=430 0.03605,0.02568,0.03935,3.26032,-0.01799,11.10268,-9.68242,-0.02512,0.00000,0.00000,0.00000,1.00000,0.00000,0.00446,-0.00993,1097.58609,0.25000 ===
 56.38984|I|libbeamng.print:18052| === LSTM_TRACE t=440 v=3.78 ws=0.75,0.02,0.09,3.28 cmd=0.690,0.665,0.849,0.864 cap=2171,2103,1674,1699 des=2171,2103,1465,1486 app=2085,2079,1430,1448 abs=nil,nil,nil,nil ebrake=1.00 ibrake=1.00 hasABS=0 sy=11.04 split=1.000,0.875 ===
 56.38989|I|libbeamng.print:18052| === LSTM_OBS t=440 0.75073,0.02458,0.09086,3.27989,-0.11977,11.04123,-9.66082,-0.02006,0.00000,0.00000,0.00189,1.00000,0.00000,0.00419,-0.00968,898.85981,0.25000 ===
 56.43967|I|libbeamng.print:18052| === LSTM_TRACE t=450 v=3.21 ws=0.10,1.32,0.02,2.68 cmd=0.695,0.687,0.829,0.835 cap=2435,2467,1641,1659 des=2435,2467,1436,1452 app=2337,2437,1400,1413 abs=nil,nil,nil,nil ebrake=1.00 ibrake=1.00 hasABS=0 sy=11.06 split=1.000,0.875 ===
 56.43972|I|libbeamng.print:18052| === LSTM_OBS t=450 0.10262,1.31522,0.02183,2.67937,0.00519,11.06168,-9.52029,-0.03232,0.00000,0.00000,0.00069,1.00000,0.00000,0.00332,-0.01012,755.60205,0.25000 ===
 56.49072|I|libbeamng.print:18052| === LSTM_TRACE t=460 v=2.64 ws=0.02,0.10,0.03,0.92 cmd=0.937,0.939,0.842,0.827 cap=2835,2860,1644,1598 des=2835,2860,1439,1399 app=2718,2822,1401,1360 abs=nil,nil,nil,nil ebrake=1.00 ibrake=1.00 hasABS=0 sy=11.16 split=1.000,0.875 ===
 56.49077|I|libbeamng.print:18052| === LSTM_OBS t=460 0.01593,0.10421,0.02707,0.91557,-0.03742,11.15598,-9.53226,-0.02433,0.00000,0.00000,0.00338,1.00000,0.00000,0.00151,-0.01079,731.42216,0.25000 ===
 56.54090|I|libbeamng.print:18052| === LSTM_TRACE t=470 v=2.08 ws=0.05,0.03,0.35,1.92 cmd=0.945,0.930,0.743,0.701 cap=2922,2892,1442,1345 des=2922,2892,1261,1177 app=2800,2850,1227,1144 abs=nil,nil,nil,nil ebrake=1.00 ibrake=1.00 hasABS=0 sy=11.24 split=1.000,0.875 ===
 56.54094|I|libbeamng.print:18052| === LSTM_OBS t=470 0.04754,0.03335,0.35021,1.92084,-0.08142,11.23969,-9.67775,-0.02407,0.00000,0.00000,0.00543,1.00000,0.00000,0.00195,-0.01104,731.09220,0.25000 ===
 56.58774|I|libbeamng.print:18052| === LSTM_TRACE t=480 v=1.53 ws=0.01,0.01,1.32,1.50 cmd=0.929,0.892,0.618,0.587 cap=2880,2771,1213,1160 des=2880,2771,1062,1015 app=2758,2728,1032,986 abs=nil,nil,nil,nil ebrake=1.00 ibrake=1.00 hasABS=0 sy=11.21 split=1.000,0.875 ===
 56.58778|I|libbeamng.print:18052| === LSTM_OBS t=480 0.00892,0.00906,1.32269,1.49981,-0.00647,11.21307,-9.72445,-0.00194,0.00000,0.00000,0.00503,1.00000,0.00000,0.00190,-0.01104,729.24353,0.25000 ===
 56.63681|I|libbeamng.print:18052| === LSTM_TRACE t=490 v=1.03 ws=0.02,0.03,0.83,1.15 cmd=0.931,0.890,0.576,0.568 cap=2888,2750,1117,1117 des=2888,2750,978,977 app=2763,2704,950,949 abs=nil,nil,nil,nil ebrake=1.00 ibrake=1.00 hasABS=0 sy=11.00 split=1.000,0.875 ===
 56.63685|I|libbeamng.print:18052| === LSTM_OBS t=490 0.01954,0.02903,0.83097,1.15029,0.06344,10.99693,-9.80650,0.00767,0.00000,0.00000,0.00438,1.00000,0.00000,0.00058,-0.01134,731.37663,0.25000 ===
 56.68720|I|libbeamng.print:18052| === LSTM_TRACE t=500 v=0.55 ws=0.01,0.02,0.50,0.62 cmd=0.940,0.904,0.549,0.560 cap=2907,2789,1072,1102 des=2907,2789,938,964 app=2779,2740,910,935 abs=nil,nil,nil,nil ebrake=1.00 ibrake=1.00 hasABS=0 sy=10.66 split=1.000,0.875 ===
 56.68732|I|libbeamng.print:18052| === LSTM_OBS t=500 0.00775,0.01677,0.50158,0.62050,0.15141,10.66103,-9.87683,0.02713,0.00000,0.00000,0.00462,1.00000,0.00000,0.00069,-0.01168,728.38119,0.25000 ===
 86.59767|I|libbeamng.print:18052| === LSTM_TRACE t=0 v=27.71 ws=27.70,27.76,27.30,27.39 cmd=0.910,0.908,0.615,0.674 cap=155,155,97,97 des=155,155,85,85 app=146,149,81,81 abs=nil,nil,nil,nil ebrake=1.00 ibrake=1.00 hasABS=0 sy=1.57 split=1.000,0.875 ===
 86.59772|I|libbeamng.print:18052| === LSTM_OBS t=0 27.69997,27.75832,27.30260,27.39170,0.02362,1.57198,-9.77922,0.00050,0.00000,0.00000,0.00000,1.00000,0.00000,0.00068,-0.00906,7858.90146,0.25000 ===
 86.64821|I|libbeamng.print:18052| === LSTM_TRACE t=10 v=27.39 ws=24.91,25.45,26.71,26.77 cmd=0.740,0.697,0.722,0.737 cap=2277,2130,1400,1431 des=2277,2130,1225,1252 app=2165,2056,1179,1204 abs=nil,nil,nil,nil ebrake=1.00 ibrake=1.00 hasABS=0 sy=2.19 split=1.000,0.875 ===
 86.64825|I|libbeamng.print:18052| === LSTM_OBS t=10 24.90947,25.44538,26.70537,26.77456,0.01010,2.18795,-9.76061,-0.00509,0.00000,0.00000,0.00134,1.00000,0.00000,0.00079,-0.01014,7761.62117,0.25000 ===
 86.66790|I|libbeamng.print:18052| === LSTM_ABS DBG raw=24.2193,25.0860,26.2914,26.3331,0.0012,2.8793,-9.6519,0.0124,0.0000,0.0000,0.0029,1.0000,0.0000,0.0008,-0.0114,7664.7395,0.2500 ===
 86.66793|I|libbeamng.print:18052| === LSTM_ABS DBG norm=0.42,0.42,0.51,0.49,-0.15,-2.02,0.00,0.11,0.06,-0.06,0.03,0.59,-0.02,0.00,0.00,3.79,0.00 ===
 86.66794|I|libbeamng.print:18052| === LSTM_ABS DBG cmd=0.7514,0.7214,0.7176,0.7457 ===
 86.69809|I|libbeamng.print:18052| === LSTM_TRACE t=20 v=26.88 ws=23.90,24.75,25.62,25.71 cmd=0.743,0.726,0.710,0.734 cap=2360,2305,1375,1426 des=2360,2305,1203,1248 app=2268,2242,1168,1210 abs=nil,nil,nil,nil ebrake=1.00 ibrake=1.00 hasABS=0 sy=4.08 split=1.000,0.875 ===
 86.69815|I|libbeamng.print:18052| === LSTM_OBS t=20 23.89570,24.74746,25.62216,25.70683,0.03899,4.07553,-9.54659,-0.01378,0.00000,0.00000,0.00297,1.00000,0.00000,0.00092,-0.01351,7494.04425,0.25000 ===
 86.74798|I|libbeamng.print:18052| === LSTM_TRACE t=30 v=26.31 ws=23.35,24.33,24.73,24.73 cmd=0.807,0.806,0.735,0.756 cap=2480,2471,1427,1473 des=2480,2471,1248,1289 app=2403,2419,1220,1258 abs=nil,nil,nil,nil ebrake=1.00 ibrake=1.00 hasABS=0 sy=5.94 split=1.000,0.875 ===
 86.74802|I|libbeamng.print:18052| === LSTM_OBS t=30 23.35108,24.32627,24.73495,24.73329,0.01417,5.93962,-9.43203,-0.00987,0.00000,0.00000,0.00274,1.00000,0.00000,0.00143,-0.01612,7217.59359,0.25000 ===
 86.79826|I|libbeamng.print:18052| === LSTM_TRACE t=40 v=25.72 ws=22.33,23.60,23.96,24.06 cmd=0.798,0.796,0.746,0.761 cap=2492,2486,1441,1477 des=2492,2486,1261,1293 app=2430,2445,1238,1268 abs=nil,nil,nil,nil ebrake=1.00 ibrake=1.00 hasABS=0 sy=7.56 split=1.000,0.875 ===
 86.79830|I|libbeamng.print:18052| === LSTM_OBS t=40 22.33451,23.59850,23.96468,24.05902,0.03070,7.55631,-9.45375,-0.00448,0.00000,0.00000,0.00329,1.00000,0.00000,0.00147,-0.01776,6977.98697,0.25000 ===
 86.84772|I|libbeamng.print:18052| === LSTM_TRACE t=50 v=25.12 ws=21.43,23.10,23.20,23.13 cmd=0.813,0.808,0.754,0.770 cap=2473,2461,1458,1490 des=2473,2461,1275,1303 app=2424,2431,1256,1283 abs=nil,nil,nil,nil ebrake=1.00 ibrake=1.00 hasABS=0 sy=8.87 split=1.000,0.875 ===
 86.84776|I|libbeamng.print:18052| === LSTM_OBS t=50 21.43123,23.10292,23.20161,23.13010,0.05891,8.86559,-9.56327,-0.01349,0.00000,0.00000,0.00384,1.00000,0.00000,0.00132,-0.01886,6758.58034,0.25000 ===
 86.89806|I|libbeamng.print:18052| === LSTM_TRACE t=60 v=24.52 ws=20.11,22.61,22.57,22.40 cmd=0.784,0.780,0.735,0.748 cap=2578,2563,1487,1524 des=2578,2563,1301,1334 app=2536,2538,1285,1316 abs=nil,nil,nil,nil ebrake=1.00 ibrake=1.00 hasABS=0 sy=9.82 split=1.000,0.875 ===
 86.89810|I|libbeamng.print:18052| === LSTM_OBS t=60 20.11076,22.60947,22.57436,22.40010,0.06779,9.81926,-9.69760,-0.02206,0.00000,0.00000,0.00315,1.00000,0.00000,0.00108,-0.01927,6541.06283,0.25000 ===
 86.94785|I|libbeamng.print:18052| === LSTM_TRACE t=70 v=23.91 ws=18.28,22.17,21.86,21.51 cmd=0.777,0.770,0.746,0.764 cap=2468,2434,1488,1526 des=2468,2434,1302,1335 app=2434,2417,1289,1321 abs=nil,nil,nil,nil ebrake=1.00 ibrake=1.00 hasABS=0 sy=10.47 split=1.000,0.875 ===
 86.94790|I|libbeamng.print:18052| === LSTM_OBS t=70 18.28334,22.16623,21.85760,21.50931,0.08731,10.47285,-9.74731,-0.00855,0.00000,0.00000,0.00326,1.00000,0.00000,0.00082,-0.01910,6324.91967,0.25000 ===
 86.99851|I|libbeamng.print:18052| === LSTM_TRACE t=80 v=23.33 ws=16.27,21.94,21.59,20.54 cmd=0.766,0.754,0.765,0.781 cap=2084,2042,1388,1414 des=2084,2042,1215,1237 app=2060,2031,1204,1226 abs=nil,nil,nil,nil ebrake=1.00 ibrake=1.00 hasABS=0 sy=10.86 split=1.000,0.875 ===
 86.99855|I|libbeamng.print:18052| === LSTM_OBS t=80 16.27221,21.93905,21.58598,20.53545,0.11168,10.85529,-9.76665,-0.01870,0.00000,0.00000,0.00229,1.00000,0.00000,0.00048,-0.01842,6113.86764,0.25000 ===
 87.04818|I|libbeamng.print:18052| === LSTM_TRACE t=90 v=22.76 ws=14.30,21.55,21.03,19.48 cmd=0.642,0.634,0.710,0.718 cap=2344,2330,1427,1463 des=2344,2330,1249,1280 app=2319,2320,1239,1270 abs=nil,nil,nil,nil ebrake=1.00 ibrake=1.00 hasABS=0 sy=11.05 split=1.000,0.875 ===
 87.04823|I|libbeamng.print:18052| === LSTM_OBS t=90 14.29625,21.54844,21.03010,19.48212,0.14195,11.04542,-9.70451,-0.00139,0.00000,0.00000,0.00234,1.00000,0.00000,0.00009,-0.01762,5913.64510,0.25000 ===
 87.09807|I|libbeamng.print:18052| === LSTM_TRACE t=100 v=22.21 ws=12.85,21.19,20.79,18.49 cmd=0.652,0.646,0.715,0.733 cap=2091,2070,1409,1452 des=2091,2070,1233,1270 app=2070,2063,1225,1261 abs=nil,nil,nil,nil ebrake=1.00 ibrake=1.00 hasABS=0 sy=11.10 split=1.000,0.875 ===
 87.09814|I|libbeamng.print:18052| === LSTM_OBS t=100 12.84895,21.19178,20.79278,18.48906,0.16462,11.09737,-9.64226,0.00139,0.00000,0.00000,0.00289,1.00000,0.00000,-0.00015,-0.01669,5722.31096,0.25000 ===
 87.14817|I|libbeamng.print:18052| === LSTM_TRACE t=110 v=21.66 ws=11.80,20.68,20.65,17.54 cmd=0.612,0.605,0.699,0.722 cap=1981,1966,1352,1398 des=1981,1966,1183,1223 app=1961,1960,1176,1215 abs=nil,nil,nil,nil ebrake=1.00 ibrake=1.00 hasABS=0 sy=11.07 split=1.000,0.875 ===
 87.14827|I|libbeamng.print:18052| === LSTM_OBS t=110 11.80346,20.67746,20.65349,17.53746,0.18315,11.07458,-9.63161,0.01849,0.00000,0.00000,0.00210,1.00000,0.00000,-0.00031,-0.01581,5540.51524,0.25000 ===
 87.19784|I|libbeamng.print:18052| === LSTM_TRACE t=120 v=21.13 ws=10.82,20.29,20.31,16.89 cmd=0.653,0.646,0.692,0.723 cap=1852,1873,1280,1321 des=1852,1873,1120,1156 app=1834,1869,1114,1149 abs=nil,nil,nil,nil ebrake=1.00 ibrake=1.00 hasABS=0 sy=11.00 split=1.000,0.875 ===
 87.19788|I|libbeamng.print:18052| === LSTM_OBS t=120 10.82284,20.28645,20.31412,16.88527,0.20935,10.99742,-9.62560,0.02261,0.00000,0.00000,0.00289,1.00000,0.00000,-0.00027,-0.01517,5365.87429,0.25000 ===
 87.24784|I|libbeamng.print:18052| === LSTM_TRACE t=130 v=20.58 ws=10.02,19.77,19.73,15.94 cmd=0.662,0.665,0.675,0.711 cap=1818,1847,1263,1314 des=1818,1847,1105,1150 app=1801,1844,1100,1143 abs=nil,nil,nil,nil ebrake=1.00 ibrake=1.00 hasABS=0 sy=10.93 split=1.000,0.875 ===
 87.24788|I|libbeamng.print:18052| === LSTM_OBS t=130 10.01680,19.76939,19.73301,15.94126,0.20871,10.92805,-9.62845,0.03707,0.00000,0.00000,0.00283,1.00000,0.00000,0.00005,-0.01477,5199.41838,0.25000 ===
 87.29778|I|libbeamng.print:18052| === LSTM_TRACE t=140 v=20.05 ws=8.85,19.00,19.15,15.70 cmd=0.536,0.548,0.587,0.613 cap=2206,2263,1243,1318 des=2206,2263,1087,1153 app=2185,2260,1083,1147 abs=nil,nil,nil,nil ebrake=1.00 ibrake=1.00 hasABS=0 sy=10.87 split=1.000,0.875 ===
 87.29782|I|libbeamng.print:18052| === LSTM_OBS t=140 8.84505,19.00250,19.14991,15.69645,0.16797,10.86709,-9.63909,0.03466,0.00000,0.00000,0.00221,1.00000,0.00000,0.00049,-0.01458,5048.05599,0.25000 ===
 87.34830|I|libbeamng.print:18052| === LSTM_TRACE t=150 v=19.52 ws=7.95,18.72,18.61,15.16 cmd=0.626,0.651,0.594,0.631 cap=1990,2089,1193,1249 des=1990,2089,1044,1093 app=1971,2087,1040,1087 abs=nil,nil,nil,nil ebrake=1.00 ibrake=1.00 hasABS=0 sy=10.81 split=1.000,0.875 ===
 87.34835|I|libbeamng.print:18052| === LSTM_OBS t=150 7.95431,18.71970,18.61197,15.15600,0.09648,10.80635,-9.64875,0.03872,0.00000,0.00000,0.00249,1.00000,0.00000,0.00114,-0.01456,4909.90774,0.25000 ===
 87.40119|I|libbeamng.print:18052| === LSTM_TRACE t=160 v=18.99 ws=7.05,18.25,18.11,14.94 cmd=0.611,0.649,0.618,0.652 cap=1583,1727,1078,1111 des=1583,1727,943,973 app=1670,1790,939,967 abs=nil,nil,nil,nil ebrake=1.00 ibrake=1.00 hasABS=0 sy=10.76 split=1.000,0.875 ===
 87.40126|I|libbeamng.print:18052| === LSTM_OBS t=160 7.04510,18.24649,18.11054,14.93562,0.01481,10.76096,-9.66446,0.02464,0.00000,0.00000,0.00189,1.00000,0.00000,0.00169,-0.01464,4789.90714,0.25000 ===
 87.44799|I|libbeamng.print:18052| === LSTM_TRACE t=170 v=18.47 ws=6.31,17.57,17.41,15.14 cmd=0.509,0.561,0.502,0.531 cap=2092,2251,1091,1153 des=2092,2251,954,1009 app=2071,2251,950,1003 abs=nil,nil,nil,nil ebrake=1.00 ibrake=1.00 hasABS=0 sy=10.71 split=1.000,0.875 ===
 87.44804|I|libbeamng.print:18052| === LSTM_OBS t=170 6.30584,17.57457,17.41410,15.13646,-0.08901,10.71163,-9.67173,0.02492,0.00000,0.00000,0.00265,1.00000,0.00000,0.00221,-0.01481,4686.21208,0.25000 ===
 87.49806|I|libbeamng.print:18052| === LSTM_TRACE t=180 v=17.92 ws=6.07,17.46,16.70,14.83 cmd=0.693,0.751,0.537,0.563 cap=2086,2227,1196,1263 des=2086,2227,1047,1106 app=1898,2067,1043,1099 abs=nil,nil,nil,nil ebrake=1.00 ibrake=1.00 hasABS=0 sy=10.70 split=1.000,0.875 ===
 87.49813|I|libbeamng.print:18052| === LSTM_OBS t=180 6.07232,17.45903,16.69860,14.82879,-0.18185,10.69914,-9.66641,0.02325,0.00000,0.00000,0.00198,1.00000,0.00000,0.00251,-0.01517,4599.53928,0.25000 ===
 87.54772|I|libbeamng.print:18052| === LSTM_TRACE t=190 v=17.39 ws=5.38,16.62,15.84,14.84 cmd=0.627,0.696,0.558,0.591 cap=1781,1976,1190,1259 des=1781,1976,1041,1102 app=1761,1976,988,1014 abs=nil,nil,nil,nil ebrake=1.00 ibrake=1.00 hasABS=0 sy=10.68 split=1.000,0.875 ===
 87.54777|I|libbeamng.print:18052| === LSTM_OBS t=190 5.37650,16.61831,15.84240,14.84177,-0.25377,10.68231,-9.68167,0.01529,0.00000,0.00000,0.00146,1.00000,0.00000,0.00283,-0.01547,4535.00975,0.25000 ===
 87.59767|I|libbeamng.print:18052| === LSTM_TRACE t=200 v=16.86 ws=4.74,15.83,14.68,13.88 cmd=0.687,0.745,0.626,0.663 cap=1260,1480,1032,1073 des=1260,1480,903,939 app=1462,1640,884,933 abs=nil,nil,nil,nil ebrake=1.00 ibrake=1.00 hasABS=0 sy=10.68 split=1.000,0.875 ===
 87.59771|I|libbeamng.print:18052| === LSTM_OBS t=200 4.74465,15.82599,14.68106,13.88449,-0.32891,10.67901,-9.69964,-0.01076,0.00000,0.00000,0.00204,1.00000,0.00000,0.00314,-0.01590,4526.36099,0.25000 ===
 87.64863|I|libbeamng.print:18052| === LSTM_TRACE t=210 v=16.33 ws=4.41,15.40,13.64,12.88 cmd=0.687,0.762,0.572,0.607 cap=1865,2120,982,1046 des=1865,2120,859,915 app=1842,2120,855,909 abs=nil,nil,nil,nil ebrake=1.00 ibrake=1.00 hasABS=0 sy=10.71 split=1.000,0.875 ===
 87.64867|I|libbeamng.print:18052| === LSTM_OBS t=210 4.40934,15.39723,13.63902,12.87909,-0.38441,10.70780,-9.70673,-0.00822,0.00000,0.00000,0.00104,1.00000,0.00000,0.00348,-0.01610,4511.21909,0.25000 ===
 87.69799|I|libbeamng.print:18052| === LSTM_TRACE t=220 v=15.78 ws=3.38,14.75,12.33,11.74 cmd=0.618,0.683,0.546,0.595 cap=2030,2169,1293,1411 des=2030,2169,1131,1235 app=1898,2169,1079,1193 abs=nil,nil,nil,nil ebrake=1.00 ibrake=1.00 hasABS=0 sy=10.70 split=1.000,0.875 ===
 87.69804|I|libbeamng.print:18052| === LSTM_OBS t=220 3.37765,14.75116,12.32679,11.73831,-0.40685,10.70014,-9.71078,-0.00444,0.00000,0.00000,0.00505,1.00000,0.00000,0.00409,-0.01630,4467.30975,0.25000 ===
 87.74833|I|libbeamng.print:18052| === LSTM_TRACE t=230 v=15.25 ws=3.21,14.56,11.25,11.01 cmd=0.799,0.860,0.624,0.686 cap=2168,2384,1411,1462 des=2168,2384,1234,1280 app=1858,2078,1202,1247 abs=nil,nil,nil,nil ebrake=1.00 ibrake=1.00 hasABS=0 sy=10.67 split=1.000,0.875 ===
 87.74837|I|libbeamng.print:18052| === LSTM_OBS t=230 3.20690,14.55961,11.25069,11.00953,-0.34079,10.67260,-9.60834,-0.01486,0.00000,0.00000,0.00234,1.00000,0.00000,0.00385,-0.01635,4389.09368,0.25000 ===
 87.79861|I|libbeamng.print:18052| === LSTM_TRACE t=240 v=14.74 ws=2.96,14.34,10.00,9.95 cmd=0.843,0.885,0.626,0.694 cap=2398,2558,1461,1555 des=2398,2558,1279,1361 app=1686,1959,1272,1352 abs=nil,nil,nil,nil ebrake=1.00 ibrake=1.00 hasABS=0 sy=10.60 split=1.000,0.875 ===
 87.79865|I|libbeamng.print:18052| === LSTM_OBS t=240 2.96079,14.33591,9.99913,9.94595,-0.33022,10.60399,-9.57098,-0.02276,0.00000,0.00000,0.00134,1.00000,0.00000,0.00416,-0.01592,4273.85525,0.25000 ===
 87.84783|I|libbeamng.print:18052| === LSTM_TRACE t=250 v=14.24 ws=1.32,13.80,9.54,9.34 cmd=0.572,0.637,0.695,0.733 cap=1758,1947,1306,1389 des=1758,1947,1143,1215 app=1732,1947,1136,1207 abs=nil,nil,nil,nil ebrake=1.00 ibrake=1.00 hasABS=0 sy=10.49 split=1.000,0.875 ===
 87.84787|I|libbeamng.print:18052| === LSTM_OBS t=250 1.32301,13.79727,9.53940,9.34264,-0.26201,10.48858,-9.49793,-0.02515,0.00000,0.00000,0.00000,1.00000,0.00000,0.00418,-0.01523,4128.98036,0.25000 ===
 87.89833|I|libbeamng.print:18052| === LSTM_TRACE t=260 v=13.71 ws=0.20,13.21,9.16,9.01 cmd=0.588,0.626,0.808,0.846 cap=1466,1614,1439,1519 des=1466,1614,1259,1329 app=1443,1614,1252,1320 abs=nil,nil,nil,nil ebrake=1.00 ibrake=1.00 hasABS=0 sy=10.46 split=1.000,0.875 ===
 87.89843|I|libbeamng.print:18052| === LSTM_OBS t=260 0.19921,13.21277,9.16039,9.00928,-0.22458,10.46081,-9.49013,-0.02994,0.00000,0.00000,0.00085,1.00000,0.00000,0.00418,-0.01448,3962.90222,0.25000 ===
 87.94787|I|libbeamng.print:18052| === LSTM_TRACE t=270 v=13.21 ws=0.00,12.33,8.62,8.42 cmd=0.652,0.698,0.828,0.866 cap=2022,2154,1592,1680 des=2022,2154,1393,1470 app=1988,2154,1385,1460 abs=nil,nil,nil,nil ebrake=1.00 ibrake=1.00 hasABS=0 sy=10.34 split=1.000,0.875 ===
 87.94792|I|libbeamng.print:18052| === LSTM_OBS t=270 0.00126,12.33073,8.62004,8.42463,-0.12637,10.34408,-9.44256,-0.04276,0.00000,0.00000,0.00256,1.00000,0.00000,0.00329,-0.01349,3773.12718,0.25000 ===
 87.99850|I|libbeamng.print:18052| === LSTM_TRACE t=280 v=12.67 ws=0.01,11.78,8.33,7.59 cmd=0.653,0.715,0.847,0.879 cap=1938,2123,1624,1690 des=1938,2123,1421,1479 app=1903,2123,1413,1469 abs=nil,nil,nil,nil ebrake=1.00 ibrake=1.00 hasABS=0 sy=10.39 split=1.000,0.875 ===
 87.99863|I|libbeamng.print:18052| === LSTM_OBS t=280 0.01147,11.77770,8.32699,7.58920,-0.10193,10.39053,-9.49534,-0.05051,0.00000,0.00000,0.00162,1.00000,0.00000,0.00282,-0.01255,3564.21204,0.25000 ===
 88.04871|I|libbeamng.print:18052| === LSTM_TRACE t=290 v=12.14 ws=0.00,11.29,8.04,6.99 cmd=0.671,0.728,0.854,0.884 cap=1948,2133,1619,1682 des=1948,2133,1416,1472 app=1911,2133,1408,1462 abs=nil,nil,nil,nil ebrake=1.00 ibrake=1.00 hasABS=0 sy=10.48 split=1.000,0.875 ===
 88.04878|I|libbeamng.print:18052| === LSTM_OBS t=290 0.00065,11.29157,8.03553,6.99411,-0.03727,10.47718,-9.58033,-0.06130,0.00000,0.00000,0.00162,1.00000,0.00000,0.00272,-0.01143,3351.14851,0.25000 ===
 88.09936|I|libbeamng.print:18052| === LSTM_TRACE t=300 v=11.60 ws=0.02,10.69,7.80,6.38 cmd=0.677,0.722,0.844,0.873 cap=1968,2111,1616,1674 des=1968,2111,1414,1464 app=1929,2111,1406,1454 abs=nil,nil,nil,nil ebrake=1.00 ibrake=1.00 hasABS=0 sy=10.58 split=1.000,0.875 ===
 88.09940|I|libbeamng.print:18052| === LSTM_OBS t=300 0.02343,10.69374,7.80346,6.38466,0.04320,10.57822,-9.63647,-0.06984,0.00000,0.00000,0.00176,1.00000,0.00000,0.00260,-0.01037,3139.80396,0.25000 ===
 88.14836|I|libbeamng.print:18052| === LSTM_TRACE t=310 v=11.04 ws=0.01,10.25,7.47,5.31 cmd=0.647,0.687,0.831,0.854 cap=1982,2094,1632,1667 des=1982,2094,1428,1459 app=1941,2094,1420,1448 abs=nil,nil,nil,nil ebrake=1.00 ibrake=1.00 hasABS=0 sy=10.68 split=1.000,0.875 ===
 88.14840|I|libbeamng.print:18052| === LSTM_OBS t=310 0.00876,10.24946,7.46538,5.31218,0.13665,10.67570,-9.69173,-0.07385,0.00000,0.00000,0.00210,1.00000,0.00000,0.00231,-0.00937,2937.06694,0.25000 ===
 88.19834|I|libbeamng.print:18052| === LSTM_TRACE t=320 v=10.48 ws=0.01,9.83,7.22,4.66 cmd=0.688,0.708,0.837,0.853 cap=1928,1990,1632,1650 des=1928,1990,1428,1444 app=1886,1990,1419,1433 abs=nil,nil,nil,nil ebrake=1.00 ibrake=1.00 hasABS=0 sy=10.78 split=1.000,0.875 ===
 88.19838|I|libbeamng.print:18052| === LSTM_OBS t=320 0.00739,9.83340,7.21730,4.66120,0.22851,10.78088,-9.72354,-0.07421,0.00000,0.00000,0.00274,1.00000,0.00000,0.00169,-0.00892,2743.72986,0.25000 ===
 88.24820|I|libbeamng.print:18052| === LSTM_TRACE t=330 v=9.94 ws=0.02,9.12,6.67,4.34 cmd=0.648,0.639,0.844,0.842 cap=1972,1943,1603,1601 des=1972,1943,1403,1401 app=1928,1943,1394,1390 abs=nil,nil,nil,nil ebrake=1.00 ibrake=1.00 hasABS=0 sy=10.83 split=1.000,0.875 ===
 88.24824|I|libbeamng.print:18052| === LSTM_OBS t=330 0.02164,9.11588,6.66618,4.34489,0.28597,10.82601,-9.77225,-0.08034,0.00000,0.00000,0.00318,1.00000,0.00000,0.00126,-0.00874,2547.02839,0.25000 ===
 88.29825|I|libbeamng.print:18052| === LSTM_TRACE t=340 v=9.41 ws=0.01,8.22,6.45,4.66 cmd=0.801,0.805,0.879,0.867 cap=2228,2238,1625,1589 des=2228,2238,1422,1390 app=2176,2238,1413,1378 abs=nil,nil,nil,nil ebrake=1.00 ibrake=1.00 hasABS=0 sy=10.86 split=1.000,0.875 ===
 88.29829|I|libbeamng.print:18052| === LSTM_OBS t=340 0.00866,8.21717,6.44687,4.66240,0.33394,10.86102,-9.77159,-0.07696,0.00000,0.00000,0.00278,1.00000,0.00000,0.00094,-0.00875,2348.73127,0.25000 ===
 88.34917|I|libbeamng.print:18052| === LSTM_TRACE t=350 v=8.83 ws=0.05,5.59,5.37,3.40 cmd=0.761,0.776,0.881,0.874 cap=2435,2470,1700,1699 des=2435,2470,1488,1486 app=2376,2470,1478,1473 abs=nil,nil,nil,nil ebrake=1.00 ibrake=1.00 hasABS=0 sy=10.91 split=1.000,0.875 ===
 88.34921|I|libbeamng.print:18052| === LSTM_OBS t=350 0.04549,5.59350,5.37190,3.40244,0.41225,10.90789,-9.77775,-0.08217,0.00000,0.00000,0.00326,1.00000,0.00000,0.00099,-0.00892,2148.12221,0.25000 ===
 88.39830|I|libbeamng.print:18052| === LSTM_TRACE t=360 v=8.31 ws=0.06,0.58,5.17,3.88 cmd=0.844,0.848,0.917,0.900 cap=2586,2620,1700,1700 des=2586,2620,1488,1488 app=2522,2620,1478,1474 abs=nil,nil,nil,nil ebrake=1.00 ibrake=1.00 hasABS=0 sy=10.93 split=1.000,0.875 ===
 88.39835|I|libbeamng.print:18052| === LSTM_OBS t=360 0.05634,0.57580,5.16804,3.88421,0.37034,10.93065,-9.83105,-0.08676,0.00000,0.00000,0.00360,1.00000,0.00000,0.00133,-0.00929,1935.48061,0.25000 ===
 88.44908|I|libbeamng.print:18052| === LSTM_TRACE t=370 v=7.78 ws=0.03,0.07,4.14,2.97 cmd=0.942,0.938,0.904,0.904 cap=2921,2904,1700,1700 des=2921,2904,1488,1488 app=2845,2903,1477,1473 abs=nil,nil,nil,nil ebrake=1.00 ibrake=1.00 hasABS=0 sy=10.83 split=1.000,0.875 ===
 88.44913|I|libbeamng.print:18052| === LSTM_OBS t=370 0.03405,0.07367,4.13662,2.96810,0.44752,10.82617,-9.82564,-0.07006,0.00000,0.00000,0.00372,1.00000,0.00000,0.00102,-0.00911,1715.02602,0.25000 ===
 88.49857|I|libbeamng.print:18052| === LSTM_TRACE t=380 v=7.26 ws=0.03,0.03,3.08,2.23 cmd=0.925,0.926,0.891,0.893 cap=2878,2881,1700,1700 des=2878,2881,1488,1488 app=2802,2878,1477,1472 abs=nil,nil,nil,nil ebrake=1.00 ibrake=1.00 hasABS=0 sy=10.66 split=1.000,0.875 ===
 88.49861|I|libbeamng.print:18052| === LSTM_OBS t=380 0.03112,0.03145,3.07703,2.23326,0.38793,10.66241,-9.68615,-0.07257,0.00000,0.00000,0.00364,1.00000,0.00000,0.00127,-0.00852,1500.30654,0.25000 ===
 88.54839|I|libbeamng.print:18052| === LSTM_TRACE t=390 v=6.76 ws=0.02,0.02,3.83,2.03 cmd=0.951,0.938,0.877,0.877 cap=2958,2927,1700,1700 des=2958,2927,1488,1488 app=2878,2921,1476,1471 abs=nil,nil,nil,nil ebrake=1.00 ibrake=1.00 hasABS=0 sy=10.56 split=1.000,0.875 ===
 88.54843|I|libbeamng.print:18052| === LSTM_OBS t=390 0.02310,0.02366,3.82593,2.03347,0.40012,10.55867,-9.67537,-0.06513,0.00000,0.00000,0.00622,1.00000,0.00000,0.00150,-0.00806,1288.02308,0.25000 ===
 88.59986|I|libbeamng.print:18052| === LSTM_TRACE t=400 v=6.20 ws=0.00,0.04,3.14,0.67 cmd=0.965,0.955,0.871,0.869 cap=2988,2946,1700,1700 des=2988,2946,1488,1488 app=2905,2939,1475,1471 abs=nil,nil,nil,nil ebrake=1.00 ibrake=1.00 hasABS=0 sy=10.62 split=1.000,0.875 ===
 88.59991|I|libbeamng.print:18052| === LSTM_OBS t=400 0.00291,0.04370,3.13844,0.67137,0.39490,10.62023,-9.70879,-0.04239,0.00000,0.00000,0.00417,1.00000,0.00000,0.00143,-0.00801,1095.65753,0.25000 ===
 88.64830|I|libbeamng.print:18052| === LSTM_TRACE t=410 v=5.66 ws=0.01,0.02,2.79,0.02 cmd=0.968,0.961,0.868,0.864 cap=3001,2974,1688,1684 des=3001,2974,1477,1473 app=2916,2965,1465,1455 abs=nil,nil,nil,nil ebrake=1.00 ibrake=1.00 hasABS=0 sy=10.66 split=1.000,0.875 ===
 88.64834|I|libbeamng.print:18052| === LSTM_OBS t=410 0.00548,0.02132,2.78527,0.01637,0.34622,10.65668,-9.73231,-0.03178,0.00000,0.00000,0.00354,1.00000,0.00000,0.00116,-0.00803,896.81763,0.25000 ===
 88.69838|I|libbeamng.print:18052| === LSTM_TRACE t=420 v=5.12 ws=0.04,0.04,1.84,0.05 cmd=0.972,0.966,0.863,0.858 cap=3021,3002,1674,1670 des=3021,3002,1465,1461 app=2934,2991,1451,1442 abs=nil,nil,nil,nil ebrake=1.00 ibrake=1.00 hasABS=0 sy=10.66 split=1.000,0.875 ===
 88.69843|I|libbeamng.print:18052| === LSTM_OBS t=420 0.04438,0.03890,1.83955,0.05199,0.37943,10.66073,-9.71096,-0.02459,0.00000,0.00000,0.00204,1.00000,0.00000,0.00092,-0.00811,751.74421,0.25000 ===
 88.74843|I|libbeamng.print:18052| === LSTM_TRACE t=430 v=4.58 ws=0.01,0.01,0.92,0.06 cmd=0.974,0.967,0.862,0.855 cap=3019,3001,1671,1646 des=3019,3001,1462,1441 app=2930,2989,1448,1421 abs=nil,nil,nil,nil ebrake=1.00 ibrake=1.00 hasABS=0 sy=10.75 split=1.000,0.875 ===
 88.74848|I|libbeamng.print:18052| === LSTM_OBS t=430 0.01339,0.01010,0.92142,0.06451,0.38248,10.74943,-9.73845,-0.01427,0.00000,0.00000,0.00388,1.00000,0.00000,0.00072,-0.00841,729.26082,0.25000 ===
 88.79895|I|libbeamng.print:18052| === LSTM_TRACE t=440 v=4.04 ws=0.01,0.00,0.16,0.26 cmd=0.975,0.964,0.843,0.822 cap=3020,2991,1637,1594 des=3020,2991,1433,1395 app=2930,2977,1418,1375 abs=nil,nil,nil,nil ebrake=1.00 ibrake=1.00 hasABS=0 sy=10.74 split=1.000,0.875 ===
 88.79904|I|libbeamng.print:18052| === LSTM_OBS t=440 0.00884,0.00257,0.15984,0.26339,0.42020,10.74026,-9.72582,-0.01728,0.00000,0.00000,0.00545,1.00000,0.00000,0.00032,-0.00850,728.30298,0.25000 ===
 88.84882|I|libbeamng.print:18052| === LSTM_TRACE t=450 v=3.51 ws=0.00,0.01,1.06,1.10 cmd=0.959,0.934,0.759,0.694 cap=2979,2909,1498,1380 des=2979,2909,1311,1207 app=2888,2894,1297,1189 abs=nil,nil,nil,nil ebrake=1.00 ibrake=1.00 hasABS=0 sy=10.73 split=1.000,0.875 ===
 88.84894|I|libbeamng.print:18052| === LSTM_OBS t=450 0.00195,0.00868,1.06444,1.09665,0.38271,10.73357,-9.74981,-0.01337,0.00000,0.00000,0.00559,1.00000,0.00000,0.00045,-0.00839,725.15006,0.25000 ===
 88.89820|I|libbeamng.print:18052| === LSTM_TRACE t=460 v=2.93 ws=0.00,0.01,1.47,2.15 cmd=0.921,0.862,0.580,0.532 cap=2851,2672,1142,1024 des=2851,2672,1000,896 app=2763,2657,988,883 abs=nil,nil,nil,nil ebrake=1.00 ibrake=1.00 hasABS=0 sy=10.94 split=1.000,0.875 ===
 88.89825|I|libbeamng.print:18052| === LSTM_OBS t=460 0.00174,0.00961,1.47011,2.14950,0.40433,10.93808,-9.79772,0.00212,0.00000,0.00000,0.00520,1.00000,0.00000,0.00069,-0.00875,732.31319,0.25000 ===
 88.94817|I|libbeamng.print:18052| === LSTM_TRACE t=470 v=2.36 ws=0.01,0.01,2.11,1.93 cmd=0.930,0.872,0.580,0.528 cap=2884,2699,1120,1029 des=2884,2699,980,900 app=2794,2682,968,886 abs=nil,nil,nil,nil ebrake=1.00 ibrake=1.00 hasABS=0 sy=11.02 split=1.000,0.875 ===
 88.94822|I|libbeamng.print:18052| === LSTM_OBS t=470 0.01090,0.01088,2.11466,1.92954,0.45684,11.01690,-9.75814,0.01444,0.00000,0.00000,0.00462,1.00000,0.00000,0.00012,-0.00975,730.66468,0.25000 ===
 88.99812|I|libbeamng.print:18052| === LSTM_TRACE t=480 v=1.78 ws=0.01,0.02,1.27,1.60 cmd=0.942,0.888,0.582,0.566 cap=2913,2730,1119,1092 des=2913,2730,979,956 app=2821,2712,967,941 abs=nil,nil,nil,nil ebrake=1.00 ibrake=1.00 hasABS=0 sy=11.19 split=1.000,0.875 ===
 88.99816|I|libbeamng.print:18052| === LSTM_OBS t=480 0.00536,0.01543,1.27335,1.59885,0.51062,11.18502,-9.81830,0.03196,0.00000,0.00000,0.00459,1.00000,0.00000,-0.00028,-0.01114,733.09485,0.25000 ===
 89.04829|I|libbeamng.print:18052| === LSTM_TRACE t=490 v=1.25 ws=0.01,0.01,1.02,1.28 cmd=0.947,0.897,0.557,0.561 cap=2933,2768,1088,1095 des=2933,2768,952,958 app=2839,2748,940,943 abs=nil,nil,nil,nil ebrake=1.00 ibrake=1.00 hasABS=0 sy=11.13 split=1.000,0.875 ===
 89.04833|I|libbeamng.print:18052| === LSTM_OBS t=490 0.00710,0.00856,1.01939,1.27976,0.49461,11.12606,-9.83887,0.02921,0.00000,0.00000,0.00497,1.00000,0.00000,-0.00007,-0.01265,728.19778,0.25000 ===
 89.09811|I|libbeamng.print:18052| === LSTM_TRACE t=500 v=0.77 ws=0.01,0.02,0.73,0.72 cmd=0.961,0.932,0.545,0.542 cap=2979,2890,1070,1061 des=2979,2890,937,929 app=2883,2868,925,914 abs=nil,nil,nil,nil ebrake=1.00 ibrake=1.00 hasABS=0 sy=10.83 split=1.000,0.875 ===
 89.09816|I|libbeamng.print:18052| === LSTM_OBS t=500 0.01244,0.01529,0.73095,0.71764,0.45709,10.83303,-9.83825,0.01631,0.00000,0.00000,0.00601,1.00000,0.00000,0.00068,-0.01359,726.55348,0.25000 ===
 93.35534|I|libbeamng.print:18052| === LSTM_ABS: lens 'band_g_mix_keep_s1' loaded (1 member, 17 in, 64 hidden, 2 layers) ===
 93.35696|I|libbeamng.print:18052| === LSTM_ABS SELFTEST lens=band_g_mix_keep_s1 cmd=0.972626,0.970093,0.558982,0.714530 ===
122.64123|I|libbeamng.print:18052| === LSTM_TRACE t=0 v=27.72 ws=27.64,27.77,27.38,27.42 cmd=0.867,0.845,0.497,0.578 cap=155,155,97,97 des=155,155,85,85 app=149,152,83,83 abs=nil,nil,nil,nil ebrake=1.00 ibrake=1.00 hasABS=0 sy=1.57 split=1.000,0.875 ===
122.64127|I|libbeamng.print:18052| === LSTM_OBS t=0 27.63517,27.77376,27.38225,27.41942,-0.03671,1.57294,-9.79644,-0.00354,0.00000,0.00000,0.00049,1.00000,0.00000,0.00094,-0.00903,7860.07801,0.25000 ===
122.69266|I|libbeamng.print:18052| === LSTM_TRACE t=10 v=27.41 ws=25.82,25.42,26.56,26.66 cmd=0.741,0.809,0.834,0.861 cap=2168,2412,1583,1646 des=2168,2412,1385,1440 app=2088,2370,1357,1408 abs=nil,nil,nil,nil ebrake=1.00 ibrake=1.00 hasABS=0 sy=2.12 split=1.000,0.875 ===
122.69270|I|libbeamng.print:18052| === LSTM_OBS t=10 25.82500,25.42399,26.56007,26.65860,-0.03415,2.12255,-9.70646,-0.01003,0.00000,0.00000,0.00146,1.00000,0.00000,0.00100,-0.01001,7766.20279,0.25000 ===
122.71263|I|libbeamng.print:18052| === LSTM_ABS DBG raw=24.4098,23.4840,26.0721,26.1388,-0.0213,2.7952,-9.6769,-0.0303,0.0000,0.0000,0.0042,1.0000,0.0000,0.0012,-0.0112,7661.8474,0.2500 ===
122.71267|I|libbeamng.print:18052| === LSTM_ABS DBG norm=0.43,0.32,0.49,0.48,-0.17,-2.04,0.00,-0.19,0.06,-0.06,0.12,0.59,-0.02,0.00,0.00,3.79,0.00 ===
122.71267|I|libbeamng.print:18052| === LSTM_ABS DBG cmd=0.7696,0.8280,0.8497,0.8661 ===
122.74321|I|libbeamng.print:18052| === LSTM_TRACE t=20 v=26.90 ws=23.46,21.24,25.20,25.45 cmd=0.740,0.809,0.858,0.869 cap=2331,2533,1663,1690 des=2331,2533,1456,1479 app=2263,2501,1434,1455 abs=nil,nil,nil,nil ebrake=1.00 ibrake=1.00 hasABS=0 sy=3.91 split=1.000,0.875 ===
122.74326|I|libbeamng.print:18052| === LSTM_OBS t=20 23.45517,21.24167,25.19880,25.44898,-0.03799,3.91039,-9.54869,-0.00975,0.00000,0.00000,0.00307,1.00000,0.00000,0.00125,-0.01319,7464.35256,0.25000 ===
122.79231|I|libbeamng.print:18052| === LSTM_TRACE t=30 v=26.37 ws=23.66,17.46,23.99,24.50 cmd=0.719,0.796,0.858,0.863 cap=2317,2534,1676,1689 des=2317,2534,1467,1478 app=2264,2509,1451,1461 abs=nil,nil,nil,nil ebrake=1.00 ibrake=1.00 hasABS=0 sy=5.77 split=1.000,0.875 ===
122.79238|I|libbeamng.print:18052| === LSTM_OBS t=30 23.66061,17.46494,23.98987,24.50428,-0.03568,5.77318,-9.37194,-0.00640,0.00000,0.00000,0.00285,1.00000,0.00000,0.00197,-0.01558,7112.62526,0.25000 ===
122.84257|I|libbeamng.print:18052| === LSTM_TRACE t=40 v=25.81 ws=24.40,13.10,22.66,23.82 cmd=0.694,0.776,0.862,0.860 cap=2134,2393,1679,1675 des=2134,2393,1469,1466 app=2096,2374,1458,1454 abs=nil,nil,nil,nil ebrake=1.00 ibrake=1.00 hasABS=0 sy=7.31 split=1.000,0.875 ===
122.84267|I|libbeamng.print:18052| === LSTM_OBS t=40 24.39962,13.10346,22.66491,23.81603,-0.06472,7.30849,-9.39678,-0.00168,0.00000,0.00000,0.00384,1.00000,0.00000,0.00252,-0.01650,6801.14840,0.25000 ===
122.89210|I|libbeamng.print:18052| === LSTM_TRACE t=50 v=25.27 ws=24.22,9.67,21.04,23.48 cmd=0.629,0.714,0.859,0.852 cap=1911,2188,1670,1654 des=1911,2188,1461,1447 app=1883,2172,1453,1439 abs=nil,nil,nil,nil ebrake=1.00 ibrake=1.00 hasABS=0 sy=8.33 split=1.000,0.875 ===
122.89214|I|libbeamng.print:18052| === LSTM_OBS t=50 24.21840,9.66682,21.04249,23.48291,-0.09114,8.32599,-9.55842,-0.00163,0.00000,0.00000,0.00274,1.00000,0.00000,0.00321,-0.01654,6526.80213,0.25000 ===
122.94224|I|libbeamng.print:18052| === LSTM_TRACE t=60 v=24.75 ws=23.83,6.48,19.53,23.26 cmd=0.558,0.649,0.857,0.857 cap=1844,2107,1669,1665 des=1844,2107,1460,1457 app=1822,2093,1455,1451 abs=nil,nil,nil,nil ebrake=1.00 ibrake=1.00 hasABS=0 sy=8.98 split=1.000,0.875 ===
122.94229|I|libbeamng.print:18052| === LSTM_OBS t=60 23.82999,6.48174,19.53328,23.25527,-0.08425,8.97689,-9.67221,-0.03395,0.00000,0.00000,0.00289,1.00000,0.00000,0.00339,-0.01562,6267.59856,0.25000 ===
122.99234|I|libbeamng.print:18052| === LSTM_TRACE t=70 v=24.25 ws=23.29,3.71,18.03,22.96 cmd=0.585,0.678,0.860,0.868 cap=1909,2180,1677,1688 des=1909,2180,1467,1477 app=1890,2166,1463,1473 abs=nil,nil,nil,nil ebrake=1.00 ibrake=1.00 hasABS=0 sy=9.37 split=1.000,0.875 ===
122.99239|I|libbeamng.print:18052| === LSTM_OBS t=70 23.28732,3.70735,18.03285,22.96174,-0.09848,9.36552,-9.75048,-0.03809,0.00000,0.00000,0.00249,1.00000,0.00000,0.00334,-0.01419,6015.27094,0.25000 ===
123.04206|I|libbeamng.print:18052| === LSTM_TRACE t=80 v=23.73 ws=22.51,0.08,16.94,22.52 cmd=0.638,0.729,0.864,0.877 cap=1990,2270,1682,1700 des=1990,2270,1472,1488 app=1973,2254,1469,1485 abs=nil,nil,nil,nil ebrake=1.00 ibrake=1.00 hasABS=0 sy=9.62 split=1.000,0.875 ===
123.04210|I|libbeamng.print:18052| === LSTM_OBS t=80 22.51152,0.08365,16.93822,22.51681,-0.04342,9.62437,-9.80863,-0.04419,0.00000,0.00000,0.00274,1.00000,0.00000,0.00158,-0.01227,5759.09894,0.25000 ===
123.09230|I|libbeamng.print:18052| === LSTM_TRACE t=90 v=23.19 ws=20.73,0.02,16.34,21.45 cmd=0.743,0.801,0.861,0.880 cap=2360,2531,1678,1700 des=2360,2531,1468,1488 app=2345,2512,1466,1486 abs=nil,nil,nil,nil ebrake=1.00 ibrake=1.00 hasABS=0 sy=9.90 split=1.000,0.875 ===
123.09236|I|libbeamng.print:18052| === LSTM_OBS t=90 20.72627,0.01667,16.34271,21.44715,-0.04966,9.89942,-9.83949,-0.03398,0.00000,0.00000,0.00278,1.00000,0.00000,-0.00091,-0.01017,5508.83874,0.25000 ===
123.14212|I|libbeamng.print:18052| === LSTM_TRACE t=100 v=22.63 ws=18.55,0.00,15.22,20.48 cmd=0.767,0.823,0.864,0.880 cap=2356,2530,1677,1700 des=2356,2530,1467,1488 app=2343,2510,1465,1487 abs=nil,nil,nil,nil ebrake=1.00 ibrake=1.00 hasABS=0 sy=10.22 split=1.000,0.875 ===
123.14216|I|libbeamng.print:18052| === LSTM_OBS t=100 18.54787,0.00199,15.21808,20.48215,-0.07099,10.21570,-9.78235,-0.00638,0.00000,0.00000,0.00326,1.00000,0.00000,-0.00142,-0.00898,5265.77917,0.25000 ===
123.19274|I|libbeamng.print:18052| === LSTM_TRACE t=110 v=22.09 ws=15.01,0.02,14.09,20.04 cmd=0.787,0.845,0.868,0.881 cap=2353,2550,1680,1700 des=2353,2550,1470,1488 app=2343,2529,1469,1488 abs=nil,nil,nil,nil ebrake=1.00 ibrake=1.00 hasABS=0 sy=10.43 split=1.000,0.875 ===
123.19282|I|libbeamng.print:18052| === LSTM_OBS t=110 15.00637,0.02460,14.08706,20.03659,-0.05375,10.42630,-9.75267,-0.00106,0.00000,0.00000,0.00244,1.00000,0.00000,-0.00082,-0.00850,5020.63181,0.25000 ===
123.24214|I|libbeamng.print:18052| === LSTM_TRACE t=120 v=21.57 ws=9.12,0.01,12.51,19.97 cmd=0.807,0.868,0.876,0.884 cap=2476,2668,1698,1700 des=2476,2668,1486,1488 app=2466,2644,1485,1488 abs=nil,nil,nil,nil ebrake=1.00 ibrake=1.00 hasABS=0 sy=10.49 split=1.000,0.875 ===
123.24219|I|libbeamng.print:18052| === LSTM_OBS t=120 9.12300,0.00614,12.50925,19.96537,-0.01193,10.49126,-9.75285,-0.01082,0.00000,0.00000,0.00134,1.00000,0.00000,-0.00039,-0.00828,4772.14991,0.25000 ===
123.29219|I|libbeamng.print:18052| === LSTM_TRACE t=130 v=21.07 ws=0.46,0.01,10.85,19.83 cmd=0.854,0.904,0.888,0.887 cap=2641,2799,1700,1700 des=2641,2799,1488,1488 app=2629,2773,1486,1488 abs=nil,nil,nil,nil ebrake=1.00 ibrake=1.00 hasABS=0 sy=10.42 split=1.000,0.875 ===
123.29224|I|libbeamng.print:18052| === LSTM_OBS t=130 0.45931,0.00788,10.85138,19.82855,0.01364,10.42042,-9.76944,-0.00758,0.00000,0.00000,0.00392,1.00000,0.00000,-0.00010,-0.00805,4515.42349,0.25000 ===
123.34217|I|libbeamng.print:18052| === LSTM_TRACE t=140 v=20.60 ws=0.17,0.04,8.80,19.73 cmd=0.926,0.954,0.893,0.900 cap=2863,2952,1700,1700 des=2863,2952,1488,1488 app=2848,2923,1486,1488 abs=nil,nil,nil,nil ebrake=1.00 ibrake=1.00 hasABS=0 sy=10.19 split=1.000,0.875 ===
123.34221|I|libbeamng.print:18052| === LSTM_OBS t=140 0.16544,0.03963,8.80153,19.73186,0.02585,10.18940,-9.76231,-0.02398,0.00000,0.00000,0.00221,1.00000,0.00000,-0.00021,-0.00751,4251.60115,0.25000 ===
123.39214|I|libbeamng.print:18052| === LSTM_TRACE t=150 v=20.13 ws=0.06,0.04,7.51,19.35 cmd=0.942,0.963,0.894,0.902 cap=2912,2982,1700,1700 des=2912,2982,1488,1488 app=2894,2951,1486,1488 abs=nil,nil,nil,nil ebrake=1.00 ibrake=1.00 hasABS=0 sy=9.99 split=1.000,0.875 ===
123.39218|I|libbeamng.print:18052| === LSTM_OBS t=150 0.06103,0.04073,7.51200,19.34502,0.06257,9.98587,-9.71151,-0.03783,0.00000,0.00000,0.00256,1.00000,0.00000,-0.00101,-0.00645,3984.41858,0.25000 ===
123.44252|I|libbeamng.print:18052| === LSTM_TRACE t=160 v=19.65 ws=0.03,0.03,6.07,18.91 cmd=0.956,0.970,0.874,0.891 cap=2957,3003,1700,1700 des=2957,3003,1488,1488 app=2936,2971,1485,1488 abs=nil,nil,nil,nil ebrake=1.00 ibrake=1.00 hasABS=0 sy=9.85 split=1.000,0.875 ===
123.44258|I|libbeamng.print:18052| === LSTM_OBS t=160 0.02722,0.02577,6.06507,18.91479,0.05336,9.85459,-9.70441,-0.03925,0.00000,0.00000,0.00301,1.00000,0.00000,-0.00157,-0.00543,3723.16833,0.25000 ===
123.49206|I|libbeamng.print:18052| === LSTM_TRACE t=170 v=19.15 ws=0.01,0.02,5.18,18.23 cmd=0.961,0.972,0.862,0.881 cap=2977,3011,1675,1700 des=2977,3011,1466,1488 app=2953,2977,1464,1488 abs=nil,nil,nil,nil ebrake=1.00 ibrake=1.00 hasABS=0 sy=9.83 split=1.000,0.875 ===
123.49212|I|libbeamng.print:18052| === LSTM_OBS t=170 0.00934,0.01839,5.17949,18.23208,0.08383,9.83174,-9.74015,-0.03701,0.00000,0.00000,0.00305,1.00000,0.00000,-0.00175,-0.00475,3473.63246,0.25000 ===
123.54244|I|libbeamng.print:18052| === LSTM_TRACE t=180 v=18.65 ws=0.00,0.01,3.70,17.63 cmd=0.967,0.976,0.862,0.881 cap=2997,3024,1675,1700 des=2997,3024,1466,1488 app=2970,2989,1463,1488 abs=nil,nil,nil,nil ebrake=1.00 ibrake=1.00 hasABS=0 sy=9.88 split=1.000,0.875 ===
123.54248|I|libbeamng.print:18052| === LSTM_OBS t=180 0.00161,0.00981,3.69724,17.63082,0.11560,9.88269,-9.81428,-0.03481,0.00000,0.00000,0.00289,1.00000,0.00000,-0.00152,-0.00470,3237.37027,0.25000 ===
123.59224|I|libbeamng.print:18052| === LSTM_TRACE t=190 v=18.16 ws=0.01,0.01,3.55,16.97 cmd=0.973,0.979,0.866,0.881 cap=3016,3036,1680,1700 des=3016,3036,1470,1488 app=2987,3001,1467,1488 abs=nil,nil,nil,nil ebrake=1.00 ibrake=1.00 hasABS=0 sy=9.87 split=1.000,0.875 ===
123.59229|I|libbeamng.print:18052| === LSTM_OBS t=190 0.00971,0.00646,3.54595,16.97450,0.19931,9.86935,-9.87447,-0.04386,0.00000,0.00000,0.00331,1.00000,0.00000,-0.00144,-0.00505,2989.56923,0.25000 ===
123.64208|I|libbeamng.print:18052| === LSTM_TRACE t=200 v=17.68 ws=0.00,0.01,1.91,16.14 cmd=0.978,0.983,0.868,0.883 cap=3028,3044,1686,1700 des=3028,3044,1475,1488 app=2996,3007,1471,1488 abs=nil,nil,nil,nil ebrake=1.00 ibrake=1.00 hasABS=0 sy=9.81 split=1.000,0.875 ===
123.64216|I|libbeamng.print:18052| === LSTM_OBS t=200 0.00172,0.00597,1.91263,16.14048,0.21734,9.80867,-9.86168,-0.03361,0.00000,0.00000,0.00270,1.00000,0.00000,-0.00120,-0.00536,2726.80374,0.25000 ===
123.69281|I|libbeamng.print:18052| === LSTM_TRACE t=210 v=17.20 ws=0.01,0.01,0.21,15.67 cmd=0.983,0.986,0.871,0.884 cap=3044,3055,1691,1700 des=3044,3055,1480,1488 app=3009,3017,1474,1488 abs=nil,nil,nil,nil ebrake=1.00 ibrake=1.00 hasABS=0 sy=9.78 split=1.000,0.875 ===
123.69285|I|libbeamng.print:18052| === LSTM_OBS t=210 0.00671,0.01437,0.20886,15.66629,0.27453,9.78328,-9.81240,-0.03526,0.00000,0.00000,0.00204,1.00000,0.00000,-0.00136,-0.00557,2468.94480,0.25000 ===
123.74278|I|libbeamng.print:18052| === LSTM_TRACE t=220 v=16.71 ws=0.02,0.01,0.01,14.48 cmd=0.985,0.988,0.874,0.885 cap=3054,3063,1697,1700 des=3054,3063,1485,1488 app=3016,3024,1478,1488 abs=nil,nil,nil,nil ebrake=1.00 ibrake=1.00 hasABS=0 sy=9.75 split=1.000,0.875 ===
123.74282|I|libbeamng.print:18052| === LSTM_OBS t=220 0.02126,0.00658,0.00587,14.47892,0.34256,9.74868,-9.74589,-0.03335,0.00000,0.00000,0.00229,1.00000,0.00000,-0.00172,-0.00550,2215.17051,0.25000 ===
123.79337|I|libbeamng.print:18052| === LSTM_TRACE t=230 v=16.22 ws=0.00,0.00,0.05,12.88 cmd=0.987,0.990,0.878,0.885 cap=3060,3067,1700,1700 des=3060,3067,1488,1488 app=3019,3027,1480,1488 abs=nil,nil,nil,nil ebrake=1.00 ibrake=1.00 hasABS=0 sy=9.77 split=1.000,0.875 ===
123.79341|I|libbeamng.print:18052| === LSTM_OBS t=230 0.00065,0.00248,0.05138,12.88458,0.34327,9.76757,-9.76220,-0.03255,0.00000,0.00000,0.00297,1.00000,0.00000,-0.00120,-0.00571,1999.77550,0.25000 ===
123.84278|I|libbeamng.print:18052| === LSTM_TRACE t=240 v=15.73 ws=0.01,0.01,0.01,11.19 cmd=0.989,0.991,0.882,0.884 cap=3066,3072,1700,1700 des=3066,3072,1488,1488 app=3023,3031,1479,1488 abs=nil,nil,nil,nil ebrake=1.00 ibrake=1.00 hasABS=0 sy=9.76 split=1.000,0.875 ===
123.84282|I|libbeamng.print:18052| === LSTM_OBS t=240 0.01155,0.00551,0.01041,11.19142,0.35155,9.76062,-9.76402,-0.03659,0.00000,0.00000,0.00311,1.00000,0.00000,-0.00075,-0.00604,1777.79417,0.25000 ===
123.89266|I|libbeamng.print:18052| === LSTM_TRACE t=250 v=15.25 ws=0.01,0.01,0.00,9.40 cmd=0.991,0.992,0.885,0.884 cap=3070,3074,1700,1700 des=3070,3074,1488,1488 app=3024,3033,1478,1488 abs=nil,nil,nil,nil ebrake=1.00 ibrake=1.00 hasABS=0 sy=9.73 split=1.000,0.875 ===
123.89272|I|libbeamng.print:18052| === LSTM_OBS t=250 0.00719,0.00586,0.00263,9.40018,0.35148,9.73366,-9.75928,-0.04410,0.00000,0.00000,0.00278,1.00000,0.00000,-0.00047,-0.00627,1549.85927,0.25000 ===
123.94306|I|libbeamng.print:18052| === LSTM_TRACE t=260 v=14.77 ws=0.00,0.00,0.01,7.17 cmd=0.991,0.993,0.887,0.883 cap=3073,3077,1700,1700 des=3073,3077,1488,1488 app=3025,3035,1477,1488 abs=nil,nil,nil,nil ebrake=1.00 ibrake=1.00 hasABS=0 sy=9.69 split=1.000,0.875 ===
123.94309|I|libbeamng.print:18052| === LSTM_OBS t=260 0.00277,0.00121,0.01331,7.16534,0.35013,9.68859,-9.73210,-0.04344,0.00000,0.00000,0.00256,1.00000,0.00000,-0.00043,-0.00640,1317.51541,0.25000 ===
123.99320|I|libbeamng.print:18052| === LSTM_TRACE t=270 v=14.29 ws=0.01,0.00,0.00,4.95 cmd=0.992,0.993,0.888,0.882 cap=3076,3079,1700,1700 des=3076,3079,1488,1488 app=3026,3036,1476,1488 abs=nil,nil,nil,nil ebrake=1.00 ibrake=1.00 hasABS=0 sy=9.66 split=1.000,0.875 ===
123.99324|I|libbeamng.print:18052| === LSTM_OBS t=270 0.01183,0.00241,0.00489,4.94526,0.35068,9.65639,-9.71465,-0.04877,0.00000,0.00000,0.00249,1.00000,0.00000,-0.00044,-0.00635,1088.50225,0.25000 ===
124.04303|I|libbeamng.print:18052| === LSTM_TRACE t=280 v=13.79 ws=0.01,0.01,0.01,2.68 cmd=0.993,0.994,0.890,0.881 cap=3078,3081,1700,1700 des=3078,3081,1488,1488 app=3026,3037,1475,1488 abs=nil,nil,nil,nil ebrake=1.00 ibrake=1.00 hasABS=0 sy=9.69 split=1.000,0.875 ===
124.04307|I|libbeamng.print:18052| === LSTM_OBS t=280 0.00835,0.00782,0.01101,2.67839,0.37266,9.68725,-9.72228,-0.05158,0.00000,0.00000,0.00265,1.00000,0.00000,-0.00104,-0.00659,877.06795,0.25000 ===
124.09309|I|libbeamng.print:18052| === LSTM_TRACE t=290 v=13.32 ws=0.01,0.01,0.10,0.13 cmd=0.993,0.994,0.891,0.875 cap=3079,3082,1700,1700 des=3079,3082,1488,1488 app=3025,3037,1474,1488 abs=nil,nil,nil,nil ebrake=1.00 ibrake=1.00 hasABS=0 sy=9.70 split=1.000,0.875 ===
124.09313|I|libbeamng.print:18052| === LSTM_OBS t=290 0.00532,0.00683,0.10110,0.13307,0.33535,9.70073,-9.76596,-0.05661,0.00000,0.00000,0.00372,1.00000,0.00000,-0.00182,-0.00722,746.77943,0.25000 ===
124.14276|I|libbeamng.print:18052| === LSTM_TRACE t=300 v=12.83 ws=0.01,0.00,0.06,0.17 cmd=0.993,0.994,0.887,0.876 cap=3078,3080,1700,1700 des=3078,3080,1488,1488 app=3022,3035,1474,1488 abs=nil,nil,nil,nil ebrake=1.00 ibrake=1.00 hasABS=0 sy=9.66 split=1.000,0.875 ===
124.14280|I|libbeamng.print:18052| === LSTM_OBS t=300 0.00626,0.00010,0.06148,0.17205,0.33153,9.66152,-9.75550,-0.04647,0.00000,0.00000,0.00216,1.00000,0.00000,-0.00245,-0.00757,731.91701,0.25000 ===
124.19307|I|libbeamng.print:18052| === LSTM_TRACE t=310 v=12.35 ws=0.01,0.00,0.04,0.15 cmd=0.993,0.993,0.886,0.877 cap=3077,3079,1700,1700 des=3077,3079,1488,1488 app=3019,3034,1473,1487 abs=nil,nil,nil,nil ebrake=1.00 ibrake=1.00 hasABS=0 sy=9.68 split=1.000,0.875 ===
124.19311|I|libbeamng.print:18052| === LSTM_OBS t=310 0.00792,0.00076,0.04144,0.14918,0.34501,9.68183,-9.73146,-0.05400,0.00000,0.00000,0.00280,1.00000,0.00000,-0.00304,-0.00776,727.01475,0.25000 ===
124.24321|I|libbeamng.print:18052| === LSTM_TRACE t=320 v=11.85 ws=0.01,0.00,0.03,0.08 cmd=0.993,0.993,0.889,0.876 cap=3077,3079,1700,1700 des=3077,3079,1488,1488 app=3017,3033,1472,1486 abs=nil,nil,nil,nil ebrake=1.00 ibrake=1.00 hasABS=0 sy=9.74 split=1.000,0.875 ===
124.24325|I|libbeamng.print:18052| === LSTM_OBS t=320 0.00596,0.00072,0.02511,0.08042,0.35647,9.73562,-9.71319,-0.04966,0.00000,0.00000,0.00326,1.00000,0.00000,-0.00345,-0.00783,730.70743,0.25000 ===
124.29298|I|libbeamng.print:18052| === LSTM_TRACE t=330 v=11.35 ws=0.00,0.00,0.00,0.00 cmd=0.993,0.993,0.889,0.875 cap=3077,3079,1700,1700 des=3077,3079,1488,1488 app=3016,3033,1472,1485 abs=nil,nil,nil,nil ebrake=1.00 ibrake=1.00 hasABS=0 sy=9.80 split=1.000,0.875 ===
124.29302|I|libbeamng.print:18052| === LSTM_OBS t=330 0.00407,0.00083,0.00251,0.00424,0.36421,9.79777,-9.71928,-0.05362,0.00000,0.00000,0.00342,1.00000,0.00000,-0.00352,-0.00795,727.60094,0.25000 ===
124.34290|I|libbeamng.print:18052| === LSTM_TRACE t=340 v=10.85 ws=0.00,0.00,0.01,0.04 cmd=0.993,0.993,0.888,0.875 cap=3078,3079,1700,1700 des=3078,3079,1488,1487 app=3014,3033,1471,1484 abs=nil,nil,nil,nil ebrake=1.00 ibrake=1.00 hasABS=0 sy=9.87 split=1.000,0.875 ===
124.34295|I|libbeamng.print:18052| === LSTM_OBS t=340 0.00046,0.00211,0.01474,0.03523,0.38654,9.86727,-9.71809,-0.05341,0.00000,0.00000,0.00311,1.00000,0.00000,-0.00361,-0.00808,729.86859,0.25000 ===
124.39304|I|libbeamng.print:18052| === LSTM_TRACE t=350 v=10.34 ws=0.00,0.00,0.00,0.04 cmd=0.993,0.993,0.888,0.875 cap=3078,3079,1700,1699 des=3078,3079,1488,1487 app=3013,3032,1471,1483 abs=nil,nil,nil,nil ebrake=1.00 ibrake=1.00 hasABS=0 sy=9.94 split=1.000,0.875 ===
124.39308|I|libbeamng.print:18052| === LSTM_OBS t=350 0.00316,0.00075,0.00309,0.03622,0.41116,9.93761,-9.71675,-0.05350,0.00000,0.00000,0.00318,1.00000,0.00000,-0.00378,-0.00821,726.12328,0.25000 ===
124.44255|I|libbeamng.print:18052| === LSTM_TRACE t=360 v=9.82 ws=0.00,0.00,0.00,0.01 cmd=0.993,0.993,0.888,0.875 cap=3078,3080,1700,1699 des=3078,3080,1488,1487 app=3012,3032,1471,1482 abs=nil,nil,nil,nil ebrake=1.00 ibrake=1.00 hasABS=0 sy=10.01 split=1.000,0.875 ===
124.44260|I|libbeamng.print:18052| === LSTM_OBS t=360 0.00014,0.00021,0.00146,0.00708,0.44370,10.01174,-9.71784,-0.05256,0.00000,0.00000,0.00326,1.00000,0.00000,-0.00394,-0.00833,729.11475,0.25000 ===
124.49320|I|libbeamng.print:18052| === LSTM_TRACE t=370 v=9.31 ws=0.00,0.00,0.00,0.00 cmd=0.993,0.993,0.889,0.875 cap=3078,3080,1700,1699 des=3078,3080,1488,1487 app=3010,3032,1470,1481 abs=nil,nil,nil,nil ebrake=1.00 ibrake=1.00 hasABS=0 sy=10.08 split=1.000,0.875 ===
124.49327|I|libbeamng.print:18052| === LSTM_OBS t=370 0.00308,0.00014,0.00311,0.00251,0.47162,10.08451,-9.71589,-0.05211,0.00000,0.00000,0.00345,1.00000,0.00000,-0.00410,-0.00846,727.37256,0.25000 ===
124.54268|I|libbeamng.print:18052| === LSTM_TRACE t=380 v=8.79 ws=0.00,0.00,0.00,0.00 cmd=0.993,0.994,0.889,0.874 cap=3078,3080,1700,1699 des=3078,3080,1488,1486 app=3009,3032,1470,1480 abs=nil,nil,nil,nil ebrake=1.00 ibrake=1.00 hasABS=0 sy=10.16 split=1.000,0.875 ===
124.54272|I|libbeamng.print:18052| === LSTM_OBS t=380 0.00303,0.00179,0.00133,0.00320,0.50057,10.15695,-9.71208,-0.05180,0.00000,0.00000,0.00349,1.00000,0.00000,-0.00423,-0.00859,730.19096,0.25000 ===
124.59307|I|libbeamng.print:18052| === LSTM_TRACE t=390 v=8.27 ws=0.00,0.00,0.00,0.00 cmd=0.993,0.994,0.889,0.874 cap=3079,3080,1700,1698 des=3079,3080,1488,1486 app=3009,3032,1470,1479 abs=nil,nil,nil,nil ebrake=1.00 ibrake=1.00 hasABS=0 sy=10.23 split=1.000,0.875 ===
124.59311|I|libbeamng.print:18052| === LSTM_OBS t=390 0.00295,0.00083,0.00413,0.00252,0.52675,10.23343,-9.71106,-0.05143,0.00000,0.00000,0.00349,1.00000,0.00000,-0.00437,-0.00872,726.49921,0.25000 ===
124.64277|I|libbeamng.print:18052| === LSTM_TRACE t=400 v=7.74 ws=0.00,0.00,0.00,0.00 cmd=0.993,0.994,0.889,0.874 cap=3079,3081,1700,1698 des=3079,3081,1488,1486 app=3008,3032,1469,1478 abs=nil,nil,nil,nil ebrake=1.00 ibrake=1.00 hasABS=0 sy=10.32 split=1.000,0.875 ===
124.64282|I|libbeamng.print:18052| === LSTM_OBS t=400 0.00125,0.00243,0.00459,0.00210,0.55623,10.31649,-9.71314,-0.04970,0.00000,0.00000,0.00354,1.00000,0.00000,-0.00450,-0.00886,729.41844,0.25000 ===
124.69302|I|libbeamng.print:18052| === LSTM_TRACE t=410 v=7.20 ws=0.00,0.00,0.00,0.00 cmd=0.993,0.994,0.889,0.874 cap=3080,3081,1700,1698 des=3080,3081,1488,1485 app=3007,3032,1469,1477 abs=nil,nil,nil,nil ebrake=1.00 ibrake=1.00 hasABS=0 sy=10.41 split=1.000,0.875 ===
124.69306|I|libbeamng.print:18052| === LSTM_OBS t=410 0.00414,0.00027,0.00043,0.00346,0.58711,10.41434,-9.71033,-0.04828,0.00000,0.00000,0.00364,1.00000,0.00000,-0.00466,-0.00901,726.65270,0.25000 ===
124.74274|I|libbeamng.print:18052| === LSTM_TRACE t=420 v=6.65 ws=0.00,0.00,0.00,0.00 cmd=0.994,0.994,0.889,0.873 cap=3080,3082,1700,1697 des=3080,3082,1488,1485 app=3007,3032,1469,1476 abs=nil,nil,nil,nil ebrake=1.00 ibrake=1.00 hasABS=0 sy=10.53 split=1.000,0.875 ===
124.74278|I|libbeamng.print:18052| === LSTM_OBS t=420 0.00029,0.00220,0.00065,0.00255,0.62048,10.53025,-9.70944,-0.04658,0.00000,0.00000,0.00369,1.00000,0.00000,-0.00482,-0.00919,729.13942,0.25000 ===
124.79319|I|libbeamng.print:18052| === LSTM_TRACE t=430 v=6.10 ws=0.00,0.00,0.00,0.00 cmd=0.994,0.994,0.888,0.873 cap=3081,3082,1700,1697 des=3081,3082,1488,1485 app=3006,3033,1469,1476 abs=nil,nil,nil,nil ebrake=1.00 ibrake=1.00 hasABS=0 sy=10.66 split=1.000,0.875 ===
124.79323|I|libbeamng.print:18052| === LSTM_OBS t=430 0.00259,0.00085,0.00193,0.00447,0.65300,10.65586,-9.70946,-0.04472,0.00000,0.00000,0.00372,1.00000,0.00000,-0.00500,-0.00937,728.02720,0.25000 ===
124.84295|I|libbeamng.print:18052| === LSTM_TRACE t=440 v=5.54 ws=0.00,0.00,0.00,0.00 cmd=0.994,0.994,0.888,0.873 cap=3082,3083,1700,1696 des=3082,3083,1488,1484 app=3006,3033,1469,1475 abs=nil,nil,nil,nil ebrake=1.00 ibrake=1.00 hasABS=0 sy=10.78 split=1.000,0.875 ===
124.84299|I|libbeamng.print:18052| === LSTM_OBS t=440 0.00114,0.00167,0.00181,0.00079,0.68457,10.77503,-9.71092,-0.04233,0.00000,0.00000,0.00378,1.00000,0.00000,-0.00515,-0.00957,729.41818,0.25000 ===
124.89303|I|libbeamng.print:18052| === LSTM_TRACE t=450 v=4.98 ws=0.00,0.00,0.02,0.03 cmd=0.994,0.995,0.888,0.873 cap=3082,3083,1700,1697 des=3082,3083,1488,1485 app=3006,3033,1468,1475 abs=nil,nil,nil,nil ebrake=1.00 ibrake=1.00 hasABS=0 sy=10.89 split=1.000,0.875 ===
124.89307|I|libbeamng.print:18052| === LSTM_OBS t=450 0.00375,0.00032,0.02263,0.03188,0.71600,10.88594,-9.70665,-0.03987,0.00000,0.00000,0.00384,1.00000,0.00000,-0.00531,-0.00973,727.22331,0.25000 ===
124.94298|I|libbeamng.print:18052| === LSTM_TRACE t=460 v=4.41 ws=0.00,0.00,0.01,0.03 cmd=0.995,0.995,0.887,0.873 cap=3083,3084,1700,1697 des=3083,3084,1488,1485 app=3006,3034,1468,1475 abs=nil,nil,nil,nil ebrake=1.00 ibrake=1.00 hasABS=0 sy=11.01 split=1.000,0.875 ===
124.94307|I|libbeamng.print:18052| === LSTM_OBS t=460 0.00101,0.00239,0.01302,0.02589,0.74894,11.01236,-9.70582,-0.03691,0.00000,0.00000,0.00395,1.00000,0.00000,-0.00543,-0.00993,729.69538,0.25000 ===
124.99313|I|libbeamng.print:18052| === LSTM_TRACE t=470 v=3.83 ws=0.00,0.00,0.01,0.02 cmd=0.995,0.995,0.887,0.873 cap=3084,3085,1700,1697 des=3084,3085,1488,1485 app=3006,3034,1468,1474 abs=nil,nil,nil,nil ebrake=1.00 ibrake=1.00 hasABS=0 sy=11.15 split=1.000,0.875 ===
124.99318|I|libbeamng.print:18052| === LSTM_OBS t=470 0.00468,0.00067,0.01185,0.01516,0.78213,11.14896,-9.70337,-0.03373,0.00000,0.00000,0.00401,1.00000,0.00000,-0.00559,-0.01023,727.90435,0.25000 ===
125.04314|I|libbeamng.print:18052| === LSTM_TRACE t=480 v=3.25 ws=0.00,0.00,0.00,0.00 cmd=0.995,0.995,0.886,0.874 cap=3084,3085,1700,1697 des=3084,3085,1488,1485 app=3006,3035,1468,1474 abs=nil,nil,nil,nil ebrake=1.00 ibrake=1.00 hasABS=0 sy=11.28 split=1.000,0.875 ===
125.04318|I|libbeamng.print:18052| === LSTM_OBS t=480 0.00007,0.00161,0.00313,0.00053,0.81521,11.27912,-9.69598,-0.02930,0.00000,0.00000,0.00404,1.00000,0.00000,-0.00575,-0.01051,729.91389,0.25000 ===
125.09304|I|libbeamng.print:18052| === LSTM_TRACE t=490 v=2.66 ws=0.00,0.00,0.06,0.00 cmd=0.995,0.995,0.885,0.874 cap=3085,3086,1700,1698 des=3085,3086,1488,1485 app=3006,3035,1468,1475 abs=nil,nil,nil,nil ebrake=1.00 ibrake=1.00 hasABS=0 sy=11.39 split=1.000,0.875 ===
125.09308|I|libbeamng.print:18052| === LSTM_OBS t=490 0.00233,0.00152,0.05734,0.00431,0.84716,11.39355,-9.68940,-0.02553,0.00000,0.00000,0.00414,1.00000,0.00000,-0.00594,-0.01071,726.16338,0.25000 ===
125.14262|I|libbeamng.print:18052| === LSTM_TRACE t=500 v=2.07 ws=0.00,0.00,0.23,0.01 cmd=0.995,0.995,0.885,0.874 cap=3085,3086,1700,1697 des=3085,3086,1488,1485 app=3005,3035,1468,1474 abs=nil,nil,nil,nil ebrake=1.00 ibrake=1.00 hasABS=0 sy=11.51 split=1.000,0.875 ===
125.14266|I|libbeamng.print:18052| === LSTM_OBS t=500 0.00009,0.00176,0.23351,0.00713,0.88182,11.50766,-9.68331,-0.02134,0.00000,0.00000,0.00424,1.00000,0.00000,-0.00614,-0.01086,728.35537,0.25000 ===
125.19321|I|libbeamng.print:18052| === LSTM_TRACE t=510 v=1.47 ws=0.00,0.00,0.47,0.06 cmd=0.995,0.996,0.884,0.873 cap=3086,3086,1700,1696 des=3086,3086,1488,1484 app=3005,3035,1468,1473 abs=nil,nil,nil,nil ebrake=1.00 ibrake=1.00 hasABS=0 sy=11.61 split=1.000,0.875 ===
125.19325|I|libbeamng.print:18052| === LSTM_OBS t=510 0.00368,0.00125,0.46735,0.06463,0.92277,11.60940,-9.67024,-0.01820,0.00000,0.00000,0.00439,1.00000,0.00000,-0.00653,-0.01095,726.88678,0.25000 ===
125.24269|I|libbeamng.print:18052| === LSTM_TRACE t=520 v=0.86 ws=0.00,0.00,1.01,0.01 cmd=0.995,0.995,0.884,0.871 cap=3085,3086,1700,1692 des=3085,3086,1488,1480 app=3004,3035,1468,1469 abs=nil,nil,nil,nil ebrake=1.00 ibrake=1.00 hasABS=0 sy=11.71 split=1.000,0.875 ===
125.24273|I|libbeamng.print:18052| === LSTM_OBS t=520 0.00221,0.00190,1.00696,0.00678,0.98383,11.70888,-9.64869,0.00362,0.00000,0.00000,0.00438,1.00000,0.00000,-0.00729,-0.01097,731.83702,0.25000 ===
155.12361|I|libbeamng.print:18052| === LSTM_TRACE t=0 v=27.71 ws=27.66,27.74,27.40,27.46 cmd=0.866,0.844,0.496,0.579 cap=155,155,97,97 des=155,155,85,85 app=150,152,83,84 abs=nil,nil,nil,nil ebrake=1.00 ibrake=1.00 hasABS=0 sy=1.58 split=1.000,0.875 ===
155.12366|I|libbeamng.print:18052| === LSTM_OBS t=0 27.66239,27.73699,27.40016,27.45887,-0.04245,1.57593,-9.77643,0.00902,0.00000,0.00000,0.00000,1.00000,0.00000,0.00097,-0.00905,7856.99055,0.25000 ===
155.17438|I|libbeamng.print:18052| === LSTM_TRACE t=10 v=27.41 ws=25.73,25.49,26.59,26.56 cmd=0.734,0.803,0.833,0.860 cap=2155,2398,1580,1644 des=2155,2398,1383,1439 app=2093,2355,1361,1423 abs=nil,nil,nil,nil ebrake=1.00 ibrake=1.00 hasABS=0 sy=2.14 split=1.000,0.875 ===
155.17442|I|libbeamng.print:18052| === LSTM_OBS t=10 25.72852,25.48712,26.58518,26.56072,-0.04402,2.14033,-9.75350,-0.00603,0.00000,0.00000,0.00142,1.00000,0.00000,0.00103,-0.01004,7761.55203,0.25000 ===
155.19419|I|libbeamng.print:18052| === LSTM_ABS DBG raw=24.3277,23.5383,26.0855,26.1233,-0.0486,2.8018,-9.7121,0.0026,0.0000,0.0000,0.0041,1.0000,0.0000,0.0012,-0.0112,7655.0614,0.2500 ===
155.19422|I|libbeamng.print:18052| === LSTM_ABS DBG norm=0.43,0.32,0.50,0.48,-0.20,-2.04,0.00,0.04,0.06,-0.06,0.11,0.59,-0.02,0.00,0.00,3.79,0.00 ===
155.19423|I|libbeamng.print:18052| === LSTM_ABS DBG cmd=0.7479,0.8120,0.8508,0.8667 ===
155.22394|I|libbeamng.print:18052| === LSTM_TRACE t=20 v=26.87 ws=23.69,21.56,25.25,25.39 cmd=0.765,0.828,0.859,0.870 cap=2331,2534,1670,1692 des=2331,2534,1461,1481 app=2279,2501,1445,1470 abs=nil,nil,nil,nil ebrake=1.00 ibrake=1.00 hasABS=0 sy=3.99 split=1.000,0.875 ===
155.22399|I|libbeamng.print:18052| === LSTM_OBS t=20 23.69231,21.56492,25.24611,25.38653,-0.00587,3.99137,-9.53218,0.01629,0.00000,0.00000,0.00378,1.00000,0.00000,0.00128,-0.01319,7455.58223,0.25000 ===
155.27468|I|libbeamng.print:18052| === LSTM_TRACE t=30 v=26.34 ws=23.56,17.86,23.88,24.43 cmd=0.739,0.810,0.861,0.866 cap=2338,2550,1679,1690 des=2338,2550,1469,1479 app=2298,2524,1458,1472 abs=nil,nil,nil,nil ebrake=1.00 ibrake=1.00 hasABS=0 sy=5.82 split=1.000,0.875 ===
155.27472|I|libbeamng.print:18052| === LSTM_OBS t=30 23.56054,17.86170,23.88330,24.42877,-0.02532,5.82458,-9.31235,0.01148,0.00000,0.00000,0.00354,1.00000,0.00000,0.00202,-0.01558,7102.39081,0.25000 ===
155.32667|I|libbeamng.print:18052| === LSTM_TRACE t=40 v=25.79 ws=24.22,13.76,22.57,23.72 cmd=0.725,0.798,0.862,0.860 cap=2144,2397,1677,1671 des=2144,2397,1467,1462 app=2115,2378,1459,1458 abs=nil,nil,nil,nil ebrake=1.00 ibrake=1.00 hasABS=0 sy=7.35 split=1.000,0.875 ===
155.32674|I|libbeamng.print:18052| === LSTM_OBS t=40 24.21657,13.76180,22.56643,23.71791,-0.07400,7.34836,-9.35500,-0.00204,0.00000,0.00000,0.00381,1.00000,0.00000,0.00252,-0.01655,6793.10688,0.25000 ===
155.37394|I|libbeamng.print:18052| === LSTM_TRACE t=50 v=25.25 ws=24.11,10.12,21.00,23.48 cmd=0.614,0.697,0.853,0.847 cap=1996,2242,1666,1655 des=1996,2242,1458,1448 app=1975,2226,1453,1446 abs=nil,nil,nil,nil ebrake=1.00 ibrake=1.00 hasABS=0 sy=8.43 split=1.000,0.875 ===
155.37398|I|libbeamng.print:18052| === LSTM_OBS t=50 24.10922,10.12374,20.99519,23.47592,-0.08498,8.42676,-9.48854,0.00577,0.00000,0.00000,0.00216,1.00000,0.00000,0.00318,-0.01660,6517.98251,0.25000 ===
155.42424|I|libbeamng.print:18052| === LSTM_TRACE t=60 v=24.74 ws=23.60,6.97,19.39,23.25 cmd=0.523,0.613,0.852,0.851 cap=1952,2189,1667,1667 des=1952,2189,1459,1459 app=1936,2175,1455,1459 abs=nil,nil,nil,nil ebrake=1.00 ibrake=1.00 hasABS=0 sy=9.06 split=1.000,0.875 ===
155.42429|I|libbeamng.print:18052| === LSTM_OBS t=60 23.60194,6.97380,19.39413,23.25151,-0.09514,9.06461,-9.66018,-0.01675,0.00000,0.00000,0.00289,1.00000,0.00000,0.00347,-0.01572,6260.02501,0.25000 ===
155.47461|I|libbeamng.print:18052| === LSTM_TRACE t=70 v=24.21 ws=23.25,4.25,18.07,22.92 cmd=0.571,0.666,0.858,0.864 cap=1800,2092,1674,1682 des=1800,2092,1465,1472 app=1787,2078,1463,1472 abs=nil,nil,nil,nil ebrake=1.00 ibrake=1.00 hasABS=0 sy=9.41 split=1.000,0.875 ===
155.47468|I|libbeamng.print:18052| === LSTM_OBS t=70 23.25341,4.25159,18.07409,22.92403,-0.12051,9.40953,-9.74615,-0.03464,0.00000,0.00000,0.00192,1.00000,0.00000,0.00346,-0.01446,6007.30508,0.25000 ===
155.52419|I|libbeamng.print:18052| === LSTM_TRACE t=80 v=23.70 ws=22.48,0.80,16.69,22.47 cmd=0.620,0.717,0.863,0.875 cap=1935,2228,1675,1695 des=1935,2228,1466,1483 app=1924,2213,1464,1483 abs=nil,nil,nil,nil ebrake=1.00 ibrake=1.00 hasABS=0 sy=9.65 split=1.000,0.875 ===
155.52424|I|libbeamng.print:18052| === LSTM_OBS t=80 22.48369,0.79816,16.69046,22.46956,-0.07897,9.64940,-9.80532,-0.04891,0.00000,0.00000,0.00345,1.00000,0.00000,0.00200,-0.01254,5751.07473,0.25000 ===
155.57410|I|libbeamng.print:18052| === LSTM_TRACE t=90 v=23.17 ws=20.96,0.02,15.99,21.51 cmd=0.750,0.808,0.861,0.881 cap=2346,2523,1680,1700 des=2346,2523,1470,1488 app=2336,2504,1469,1488 abs=nil,nil,nil,nil ebrake=1.00 ibrake=1.00 hasABS=0 sy=9.90 split=1.000,0.875 ===
155.57418|I|libbeamng.print:18052| === LSTM_OBS t=90 20.96182,0.02280,15.98859,21.51105,-0.05083,9.89533,-9.83305,-0.04418,0.00000,0.00000,0.00331,1.00000,0.00000,-0.00050,-0.01031,5499.05902,0.25000 ===
155.62452|I|libbeamng.print:18052| === LSTM_TRACE t=100 v=22.62 ws=18.99,0.00,15.08,20.59 cmd=0.758,0.812,0.861,0.880 cap=2357,2521,1671,1700 des=2357,2521,1462,1488 app=2350,2501,1462,1488 abs=nil,nil,nil,nil ebrake=1.00 ibrake=1.00 hasABS=0 sy=10.18 split=1.000,0.875 ===
155.62456|I|libbeamng.print:18052| === LSTM_OBS t=100 18.99179,0.00054,15.07535,20.58789,-0.07250,10.17538,-9.79109,-0.01618,0.00000,0.00000,0.00350,1.00000,0.00000,-0.00141,-0.00897,5253.38152,0.25000 ===
155.67507|I|libbeamng.print:18052| === LSTM_TRACE t=110 v=22.07 ws=15.73,0.01,13.90,20.07 cmd=0.766,0.825,0.862,0.878 cap=2451,2615,1680,1700 des=2451,2615,1470,1488 app=2445,2593,1470,1488 abs=nil,nil,nil,nil ebrake=1.00 ibrake=1.00 hasABS=0 sy=10.41 split=1.000,0.875 ===
155.67512|I|libbeamng.print:18052| === LSTM_OBS t=110 15.73114,0.01147,13.89753,20.07423,-0.06602,10.41285,-9.75937,-0.00378,0.00000,0.00000,0.00265,1.00000,0.00000,-0.00093,-0.00844,5009.28065,0.25000 ===
155.72398|I|libbeamng.print:18052| === LSTM_TRACE t=120 v=21.54 ws=10.97,0.01,12.42,19.87 cmd=0.802,0.862,0.873,0.883 cap=2462,2651,1692,1700 des=2462,2651,1481,1488 app=2458,2628,1481,1488 abs=nil,nil,nil,nil ebrake=1.00 ibrake=1.00 hasABS=0 sy=10.50 split=1.000,0.875 ===
155.72404|I|libbeamng.print:18052| === LSTM_OBS t=120 10.96523,0.00987,12.42450,19.87494,-0.00816,10.49667,-9.74040,-0.00371,0.00000,0.00000,0.00183,1.00000,0.00000,-0.00049,-0.00821,4760.27533,0.25000 ===
155.77400|I|libbeamng.print:18052| === LSTM_TRACE t=130 v=21.04 ws=3.15,0.02,10.66,19.86 cmd=0.839,0.894,0.885,0.888 cap=2571,2749,1700,1700 des=2571,2749,1488,1488 app=2566,2723,1488,1488 abs=nil,nil,nil,nil ebrake=1.00 ibrake=1.00 hasABS=0 sy=10.43 split=1.000,0.875 ===
155.77412|I|libbeamng.print:18052| === LSTM_OBS t=130 3.15063,0.02231,10.66276,19.85704,0.03048,10.43424,-9.75632,-0.01033,0.00000,0.00000,0.00069,1.00000,0.00000,-0.00029,-0.00804,4505.08886,0.25000 ===
155.82401|I|libbeamng.print:18052| === LSTM_TRACE t=140 v=20.55 ws=0.19,0.03,8.77,19.69 cmd=0.920,0.950,0.892,0.900 cap=2840,2938,1700,1700 des=2840,2938,1488,1488 app=2833,2909,1488,1488 abs=nil,nil,nil,nil ebrake=1.00 ibrake=1.00 hasABS=0 sy=10.28 split=1.000,0.875 ===
155.82409|I|libbeamng.print:18052| === LSTM_OBS t=140 0.19138,0.02967,8.76861,19.69393,0.03699,10.28361,-9.79085,-0.01793,0.00000,0.00000,0.00049,1.00000,0.00000,-0.00005,-0.00757,4241.66695,0.25000 ===
155.87430|I|libbeamng.print:18052| === LSTM_TRACE t=150 v=20.09 ws=0.11,0.01,7.20,19.42 cmd=0.940,0.962,0.894,0.903 cap=2909,2980,1700,1700 des=2909,2980,1488,1488 app=2899,2949,1488,1488 abs=nil,nil,nil,nil ebrake=1.00 ibrake=1.00 hasABS=0 sy=10.03 split=1.000,0.875 ===
155.87434|I|libbeamng.print:18052| === LSTM_OBS t=150 0.10559,0.01397,7.20367,19.41736,0.06586,10.03438,-9.72467,-0.03784,0.00000,0.00000,0.00221,1.00000,0.00000,-0.00068,-0.00650,3969.89328,0.25000 ===
155.92398|I|libbeamng.print:18052| === LSTM_TRACE t=160 v=19.61 ws=0.05,0.00,5.95,18.76 cmd=0.954,0.969,0.880,0.895 cap=2950,3001,1700,1700 des=2950,3001,1488,1488 app=2938,2969,1487,1488 abs=nil,nil,nil,nil ebrake=1.00 ibrake=1.00 hasABS=0 sy=9.87 split=1.000,0.875 ===
155.92405|I|libbeamng.print:18052| === LSTM_OBS t=160 0.05249,0.00370,5.95486,18.76114,0.09282,9.87283,-9.69734,-0.03623,0.00000,0.00000,0.00162,1.00000,0.00000,-0.00142,-0.00544,3701.56779,0.25000 ===
155.97456|I|libbeamng.print:18052| === LSTM_TRACE t=170 v=19.11 ws=0.01,0.00,4.72,18.10 cmd=0.960,0.971,0.862,0.882 cap=2976,3011,1675,1700 des=2976,3011,1466,1488 app=2962,2978,1465,1488 abs=nil,nil,nil,nil ebrake=1.00 ibrake=1.00 hasABS=0 sy=9.83 split=1.000,0.875 ===
155.97460|I|libbeamng.print:18052| === LSTM_OBS t=170 0.01437,0.00462,4.71640,18.09962,0.09781,9.83104,-9.73026,-0.03536,0.00000,0.00000,0.00176,1.00000,0.00000,-0.00182,-0.00465,3449.14734,0.25000 ===
156.02408|I|libbeamng.print:18052| === LSTM_TRACE t=180 v=18.62 ws=0.01,0.01,4.08,17.38 cmd=0.966,0.975,0.862,0.882 cap=2993,3021,1674,1700 des=2993,3021,1465,1488 app=2976,2986,1463,1488 abs=nil,nil,nil,nil ebrake=1.00 ibrake=1.00 hasABS=0 sy=9.87 split=1.000,0.875 ===
156.02411|I|libbeamng.print:18052| === LSTM_OBS t=180 0.01039,0.01228,4.07967,17.38063,0.13944,9.87103,-9.80973,-0.03686,0.00000,0.00000,0.00183,1.00000,0.00000,-0.00159,-0.00464,3209.31540,0.25000 ===
156.07412|I|libbeamng.print:18052| === LSTM_TRACE t=190 v=18.12 ws=0.01,0.00,2.10,16.68 cmd=0.974,0.981,0.864,0.884 cap=3015,3036,1678,1700 des=3015,3036,1468,1488 app=2995,3000,1466,1488 abs=nil,nil,nil,nil ebrake=1.00 ibrake=1.00 hasABS=0 sy=9.91 split=1.000,0.875 ===
156.07417|I|libbeamng.print:18052| === LSTM_OBS t=190 0.00721,0.00240,2.09794,16.68398,0.17674,9.91109,-9.83153,-0.03626,0.00000,0.00000,0.00146,1.00000,0.00000,-0.00132,-0.00512,2969.92699,0.25000 ===
156.12437|I|libbeamng.print:18052| === LSTM_TRACE t=200 v=17.64 ws=0.00,0.01,1.13,16.15 cmd=0.979,0.984,0.868,0.885 cap=3035,3050,1685,1700 des=3035,3050,1474,1488 app=3013,3013,1471,1488 abs=nil,nil,nil,nil ebrake=1.00 ibrake=1.00 hasABS=0 sy=9.87 split=1.000,0.875 ===
156.12441|I|libbeamng.print:18052| === LSTM_OBS t=200 0.00053,0.01142,1.12700,16.15419,0.31236,9.87301,-9.81310,-0.03872,0.00000,0.00000,0.00189,1.00000,0.00000,-0.00168,-0.00535,2715.19737,0.25000 ===
156.17414|I|libbeamng.print:18052| === LSTM_TRACE t=210 v=17.17 ws=0.00,0.01,0.17,16.10 cmd=0.982,0.986,0.871,0.885 cap=3044,3056,1692,1700 des=3044,3056,1481,1488 app=3020,3017,1477,1488 abs=nil,nil,nil,nil ebrake=1.00 ibrake=1.00 hasABS=0 sy=9.75 split=1.000,0.875 ===
156.17419|I|libbeamng.print:18052| === LSTM_OBS t=210 0.00064,0.00861,0.16965,16.10068,0.35109,9.75106,-9.78137,-0.03685,0.00000,0.00000,0.00234,1.00000,0.00000,-0.00206,-0.00525,2429.30742,0.25000 ===
156.22624|I|libbeamng.print:18052| === LSTM_TRACE t=220 v=16.67 ws=0.00,0.01,0.07,14.14 cmd=0.985,0.988,0.876,0.885 cap=3054,3063,1700,1700 des=3054,3063,1488,1488 app=3028,3023,1483,1488 abs=nil,nil,nil,nil ebrake=1.00 ibrake=1.00 hasABS=0 sy=9.72 split=1.000,0.875 ===
156.22629|I|libbeamng.print:18052| === LSTM_OBS t=220 0.00052,0.01340,0.06800,14.13690,0.35762,9.72105,-9.78626,-0.03367,0.00000,0.00000,0.00198,1.00000,0.00000,-0.00260,-0.00508,2191.97459,0.25000 ===
156.27414|I|libbeamng.print:18052| === LSTM_TRACE t=230 v=16.19 ws=0.00,0.00,0.04,12.69 cmd=0.987,0.989,0.878,0.886 cap=3060,3067,1700,1700 des=3060,3067,1488,1488 app=3031,3026,1482,1488 abs=nil,nil,nil,nil ebrake=1.00 ibrake=1.00 hasABS=0 sy=9.75 split=1.000,0.875 ===
156.27419|I|libbeamng.print:18052| === LSTM_OBS t=230 0.00203,0.00282,0.03778,12.68802,0.33501,9.74639,-9.83804,-0.03801,0.00000,0.00000,0.00169,1.00000,0.00000,-0.00195,-0.00535,1969.58612,0.25000 ===
156.32403|I|libbeamng.print:18052| === LSTM_TRACE t=240 v=15.70 ws=0.00,0.00,0.01,11.06 cmd=0.989,0.991,0.882,0.885 cap=3065,3071,1700,1700 des=3065,3071,1488,1488 app=3035,3030,1481,1488 abs=nil,nil,nil,nil ebrake=1.00 ibrake=1.00 hasABS=0 sy=9.73 split=1.000,0.875 ===
156.32407|I|libbeamng.print:18052| === LSTM_OBS t=240 0.00194,0.00238,0.00935,11.06307,0.35795,9.72955,-9.81449,-0.03939,0.00000,0.00000,0.00176,1.00000,0.00000,-0.00132,-0.00577,1751.63609,0.25000 ===
156.37427|I|libbeamng.print:18052| === LSTM_TRACE t=250 v=15.23 ws=0.00,0.00,0.03,9.19 cmd=0.990,0.992,0.885,0.885 cap=3069,3074,1700,1700 des=3069,3074,1488,1488 app=3036,3031,1481,1488 abs=nil,nil,nil,nil ebrake=1.00 ibrake=1.00 hasABS=0 sy=9.70 split=1.000,0.875 ===
156.37431|I|libbeamng.print:18052| === LSTM_OBS t=250 0.00128,0.00106,0.02659,9.19107,0.37467,9.69525,-9.79152,-0.05166,0.00000,0.00000,0.00169,1.00000,0.00000,-0.00106,-0.00604,1523.79337,0.25000 ===
156.42407|I|libbeamng.print:18052| === LSTM_TRACE t=260 v=14.75 ws=0.00,0.00,0.02,7.02 cmd=0.991,0.992,0.887,0.884 cap=3073,3077,1700,1700 des=3073,3077,1488,1488 app=3039,3034,1480,1488 abs=nil,nil,nil,nil ebrake=1.00 ibrake=1.00 hasABS=0 sy=9.65 split=1.000,0.875 ===
156.42412|I|libbeamng.print:18052| === LSTM_OBS t=260 0.00335,0.00195,0.01880,7.01772,0.37801,9.64774,-9.77051,-0.05418,0.00000,0.00000,0.00176,1.00000,0.00000,-0.00108,-0.00616,1292.03161,0.25000 ===
156.47426|I|libbeamng.print:18052| === LSTM_TRACE t=270 v=14.27 ws=0.01,0.00,0.02,4.70 cmd=0.992,0.993,0.889,0.883 cap=3075,3078,1700,1700 des=3075,3078,1488,1488 app=3039,3035,1479,1488 abs=nil,nil,nil,nil ebrake=1.00 ibrake=1.00 hasABS=0 sy=9.60 split=1.000,0.875 ===
156.47431|I|libbeamng.print:18052| === LSTM_OBS t=270 0.00839,0.00194,0.01915,4.70063,0.36728,9.59947,-9.76050,-0.06036,0.00000,0.00000,0.00210,1.00000,0.00000,-0.00113,-0.00616,1063.86941,0.25000 ===
156.52393|I|libbeamng.print:18052| === LSTM_TRACE t=280 v=13.80 ws=0.02,0.01,0.00,2.42 cmd=0.993,0.993,0.890,0.880 cap=3077,3080,1700,1700 des=3077,3080,1488,1488 app=3040,3036,1478,1488 abs=nil,nil,nil,nil ebrake=1.00 ibrake=1.00 hasABS=0 sy=9.62 split=1.000,0.875 ===
156.52398|I|libbeamng.print:18052| === LSTM_OBS t=280 0.01755,0.01436,0.00222,2.41671,0.37241,9.62042,-9.76854,-0.06350,0.00000,0.00000,0.00210,1.00000,0.00000,-0.00187,-0.00652,854.77225,0.25000 ===
156.57416|I|libbeamng.print:18052| === LSTM_TRACE t=290 v=13.30 ws=0.01,0.01,0.02,0.31 cmd=0.993,0.994,0.889,0.877 cap=3078,3080,1700,1700 des=3078,3080,1488,1488 app=3038,3035,1478,1488 abs=nil,nil,nil,nil ebrake=1.00 ibrake=1.00 hasABS=0 sy=9.62 split=1.000,0.875 ===
156.57425|I|libbeamng.print:18052| === LSTM_OBS t=290 0.00558,0.00603,0.02419,0.31342,0.39492,9.62441,-9.78244,-0.06096,0.00000,0.00000,0.00104,1.00000,0.00000,-0.00291,-0.00737,741.51049,0.25000 ===
156.62431|I|libbeamng.print:18052| === LSTM_TRACE t=300 v=12.84 ws=0.01,0.00,0.06,0.06 cmd=0.992,0.993,0.889,0.879 cap=3075,3077,1700,1700 des=3075,3077,1488,1488 app=3034,3032,1477,1488 abs=nil,nil,nil,nil ebrake=1.00 ibrake=1.00 hasABS=0 sy=9.57 split=1.000,0.875 ===
156.62440|I|libbeamng.print:18052| === LSTM_OBS t=300 0.00541,0.00100,0.05746,0.05584,0.38370,9.56803,-9.74592,-0.07265,0.00000,0.00000,0.00270,1.00000,0.00000,-0.00360,-0.00752,727.18367,0.25000 ===
156.67498|I|libbeamng.print:18052| === LSTM_TRACE t=310 v=12.35 ws=0.00,0.00,0.02,0.04 cmd=0.992,0.993,0.890,0.878 cap=3074,3077,1700,1700 des=3074,3077,1488,1488 app=3032,3030,1477,1488 abs=nil,nil,nil,nil ebrake=1.00 ibrake=1.00 hasABS=0 sy=9.57 split=1.000,0.875 ===
156.67503|I|libbeamng.print:18052| === LSTM_OBS t=310 0.00278,0.00066,0.02279,0.03943,0.38303,9.57367,-9.73527,-0.06688,0.00000,0.00000,0.00216,1.00000,0.00000,-0.00424,-0.00773,728.08170,0.25000 ===
156.72402|I|libbeamng.print:18052| === LSTM_TRACE t=320 v=11.87 ws=0.00,0.00,0.02,0.00 cmd=0.992,0.992,0.889,0.878 cap=3074,3076,1700,1700 des=3074,3076,1488,1488 app=3030,3029,1476,1488 abs=nil,nil,nil,nil ebrake=1.00 ibrake=1.00 hasABS=0 sy=9.60 split=1.000,0.875 ===
156.72408|I|libbeamng.print:18052| === LSTM_OBS t=320 0.00022,0.00209,0.02228,0.00223,0.37948,9.59702,-9.73526,-0.06999,0.00000,0.00000,0.00216,1.00000,0.00000,-0.00464,-0.00795,726.79621,0.25000 ===
156.77395|I|libbeamng.print:18052| === LSTM_TRACE t=330 v=11.38 ws=0.00,0.00,0.00,0.01 cmd=0.992,0.992,0.889,0.878 cap=3074,3076,1700,1700 des=3074,3076,1488,1488 app=3029,3029,1476,1488 abs=nil,nil,nil,nil ebrake=1.00 ibrake=1.00 hasABS=0 sy=9.63 split=1.000,0.875 ===
156.77401|I|libbeamng.print:18052| === LSTM_OBS t=330 0.00023,0.00044,0.00375,0.01065,0.39739,9.63043,-9.72881,-0.06896,0.00000,0.00000,0.00210,1.00000,0.00000,-0.00491,-0.00817,730.68135,0.25000 ===
156.82449|I|libbeamng.print:18052| === LSTM_TRACE t=340 v=10.89 ws=0.00,0.00,0.00,0.01 cmd=0.992,0.992,0.889,0.878 cap=3074,3076,1700,1700 des=3074,3076,1488,1488 app=3027,3028,1475,1488 abs=nil,nil,nil,nil ebrake=1.00 ibrake=1.00 hasABS=0 sy=9.68 split=1.000,0.875 ===
156.82454|I|libbeamng.print:18052| === LSTM_OBS t=340 0.00376,0.00122,0.00294,0.00589,0.42673,9.67561,-9.72302,-0.07175,0.00000,0.00000,0.00221,1.00000,0.00000,-0.00518,-0.00838,728.90862,0.25000 ===
156.87405|I|libbeamng.print:18052| === LSTM_TRACE t=350 v=10.40 ws=0.00,0.00,0.00,0.00 cmd=0.992,0.992,0.890,0.877 cap=3074,3076,1700,1700 des=3074,3076,1488,1488 app=3026,3028,1475,1488 abs=nil,nil,nil,nil ebrake=1.00 ibrake=1.00 hasABS=0 sy=9.73 split=1.000,0.875 ===
156.87409|I|libbeamng.print:18052| === LSTM_OBS t=350 0.00142,0.00034,0.00283,0.00072,0.46113,9.73015,-9.71489,-0.07107,0.00000,0.00000,0.00224,1.00000,0.00000,-0.00540,-0.00858,730.34141,0.25000 ===
156.92551|I|libbeamng.print:18052| === LSTM_TRACE t=360 v=9.90 ws=0.00,0.00,0.00,0.01 cmd=0.992,0.992,0.890,0.877 cap=3075,3076,1700,1700 des=3075,3076,1488,1488 app=3025,3027,1475,1488 abs=nil,nil,nil,nil ebrake=1.00 ibrake=1.00 hasABS=0 sy=9.79 split=1.000,0.875 ===
156.92555|I|libbeamng.print:18052| === LSTM_OBS t=360 0.00281,0.00109,0.00410,0.01158,0.49374,9.78959,-9.71088,-0.07245,0.00000,0.00000,0.00229,1.00000,0.00000,-0.00561,-0.00878,726.68486,0.25000 ===
156.97398|I|libbeamng.print:18052| === LSTM_TRACE t=370 v=9.39 ws=0.00,0.00,0.00,0.00 cmd=0.992,0.992,0.890,0.877 cap=3075,3076,1700,1700 des=3075,3076,1488,1488 app=3024,3027,1474,1488 abs=nil,nil,nil,nil ebrake=1.00 ibrake=1.00 hasABS=0 sy=9.85 split=1.000,0.875 ===
156.97402|I|libbeamng.print:18052| === LSTM_OBS t=370 0.00054,0.00021,0.00434,0.00377,0.52772,9.85250,-9.70502,-0.07244,0.00000,0.00000,0.00239,1.00000,0.00000,-0.00583,-0.00897,729.81161,0.25000 ===
157.02410|I|libbeamng.print:18052| === LSTM_TRACE t=380 v=8.88 ws=0.00,0.00,0.00,0.01 cmd=0.992,0.992,0.890,0.877 cap=3075,3076,1700,1700 des=3075,3076,1488,1488 app=3023,3027,1474,1487 abs=nil,nil,nil,nil ebrake=1.00 ibrake=1.00 hasABS=0 sy=9.92 split=1.000,0.875 ===
157.02416|I|libbeamng.print:18052| === LSTM_OBS t=380 0.00334,0.00034,0.00281,0.00759,0.56216,9.91972,-9.70462,-0.07345,0.00000,0.00000,0.00239,1.00000,0.00000,-0.00607,-0.00915,726.43007,0.25000 ===
157.07403|I|libbeamng.print:18052| === LSTM_TRACE t=390 v=8.37 ws=0.00,0.00,0.00,0.00 cmd=0.992,0.992,0.891,0.877 cap=3075,3076,1700,1700 des=3075,3076,1488,1488 app=3022,3027,1474,1487 abs=nil,nil,nil,nil ebrake=1.00 ibrake=1.00 hasABS=0 sy=9.99 split=1.000,0.875 ===
157.07413|I|libbeamng.print:18052| === LSTM_OBS t=390 0.00090,0.00078,0.00382,0.00277,0.60065,9.98714,-9.70375,-0.07280,0.00000,0.00000,0.00244,1.00000,0.00000,-0.00629,-0.00933,727.99252,0.25000 ===
157.12424|I|libbeamng.print:18052| === LSTM_TRACE t=400 v=7.86 ws=0.00,0.00,0.00,0.01 cmd=0.992,0.992,0.891,0.876 cap=3075,3077,1700,1700 des=3075,3077,1488,1488 app=3022,3027,1474,1486 abs=nil,nil,nil,nil ebrake=1.00 ibrake=1.00 hasABS=0 sy=10.06 split=1.000,0.875 ===
157.12430|I|libbeamng.print:18052| === LSTM_OBS t=400 0.00262,0.00156,0.00290,0.00577,0.63984,10.06088,-9.70675,-0.07329,0.00000,0.00000,0.00249,1.00000,0.00000,-0.00652,-0.00949,727.94879,0.25000 ===
157.17467|I|libbeamng.print:18052| === LSTM_TRACE t=410 v=7.34 ws=0.00,0.00,0.01,0.00 cmd=0.992,0.992,0.891,0.876 cap=3076,3077,1700,1700 des=3076,3077,1488,1488 app=3021,3026,1474,1486 abs=nil,nil,nil,nil ebrake=1.00 ibrake=1.00 hasABS=0 sy=10.15 split=1.000,0.875 ===
157.17473|I|libbeamng.print:18052| === LSTM_OBS t=410 0.00012,0.00152,0.00785,0.00203,0.68045,10.14574,-9.70500,-0.07308,0.00000,0.00000,0.00256,1.00000,0.00000,-0.00675,-0.00968,729.97097,0.25000 ===
157.22521|I|libbeamng.print:18052| === LSTM_TRACE t=420 v=6.81 ws=0.00,0.00,0.00,0.01 cmd=0.992,0.993,0.891,0.876 cap=3076,3077,1700,1700 des=3076,3077,1488,1488 app=3020,3026,1473,1486 abs=nil,nil,nil,nil ebrake=1.00 ibrake=1.00 hasABS=0 sy=10.25 split=1.000,0.875 ===
157.22527|I|libbeamng.print:18052| === LSTM_OBS t=420 0.00386,0.00089,0.00169,0.00668,0.72263,10.24833,-9.70186,-0.07184,0.00000,0.00000,0.00261,1.00000,0.00000,-0.00699,-0.00988,726.40714,0.25000 ===
157.27669|I|libbeamng.print:18052| === LSTM_TRACE t=430 v=6.27 ws=0.00,0.00,0.00,0.00 cmd=0.992,0.993,0.891,0.875 cap=3076,3077,1700,1700 des=3076,3077,1488,1488 app=3020,3026,1473,1486 abs=nil,nil,nil,nil ebrake=1.00 ibrake=1.00 hasABS=0 sy=10.36 split=1.000,0.875 ===
157.27674|I|libbeamng.print:18052| === LSTM_OBS t=430 0.00059,0.00048,0.00301,0.00337,0.76685,10.36292,-9.69958,-0.07070,0.00000,0.00000,0.00270,1.00000,0.00000,-0.00723,-0.01012,729.44442,0.25000 ===
157.32506|I|libbeamng.print:18052| === LSTM_TRACE t=440 v=5.73 ws=0.00,0.00,0.00,0.01 cmd=0.993,0.993,0.891,0.875 cap=3077,3078,1700,1699 des=3077,3078,1488,1487 app=3020,3026,1473,1485 abs=nil,nil,nil,nil ebrake=1.00 ibrake=1.00 hasABS=0 sy=10.47 split=1.000,0.875 ===
157.32510|I|libbeamng.print:18052| === LSTM_OBS t=440 0.00259,0.00037,0.00252,0.00795,0.81071,10.47499,-9.69936,-0.06977,0.00000,0.00000,0.00278,1.00000,0.00000,-0.00750,-0.01036,729.34822,0.25000 ===
157.37524|I|libbeamng.print:18052| === LSTM_TRACE t=450 v=5.18 ws=0.00,0.00,0.02,0.03 cmd=0.993,0.993,0.891,0.874 cap=3077,3078,1700,1699 des=3077,3078,1488,1486 app=3020,3027,1473,1484 abs=nil,nil,nil,nil ebrake=1.00 ibrake=1.00 hasABS=0 sy=10.58 split=1.000,0.875 ===
157.37538|I|libbeamng.print:18052| === LSTM_OBS t=450 0.00028,0.00132,0.01670,0.03289,0.85361,10.57970,-9.69620,-0.06791,0.00000,0.00000,0.00285,1.00000,0.00000,-0.00774,-0.01057,732.40905,0.25000 ===
157.42506|I|libbeamng.print:18052| === LSTM_TRACE t=460 v=4.62 ws=0.00,0.00,0.00,0.00 cmd=0.993,0.993,0.891,0.874 cap=3078,3079,1700,1697 des=3078,3079,1488,1485 app=3020,3027,1473,1483 abs=nil,nil,nil,nil ebrake=1.00 ibrake=1.00 hasABS=0 sy=10.69 split=1.000,0.875 ===
157.42510|I|libbeamng.print:18052| === LSTM_OBS t=460 0.00223,0.00062,0.00059,0.00205,0.89642,10.69439,-9.70059,-0.06487,0.00000,0.00000,0.00301,1.00000,0.00000,-0.00792,-0.01078,727.51511,0.25000 ===
157.47524|I|libbeamng.print:18052| === LSTM_TRACE t=470 v=4.06 ws=0.00,0.00,0.01,0.00 cmd=0.993,0.994,0.892,0.873 cap=3080,3080,1700,1696 des=3080,3080,1488,1484 app=3021,3028,1473,1482 abs=nil,nil,nil,nil ebrake=1.00 ibrake=1.00 hasABS=0 sy=10.83 split=1.000,0.875 ===
157.47528|I|libbeamng.print:18052| === LSTM_OBS t=470 0.00197,0.00176,0.00855,0.00366,0.94550,10.82693,-9.70282,-0.06119,0.00000,0.00000,0.00342,1.00000,0.00000,-0.00809,-0.01111,729.75272,0.25000 ===
157.52506|I|libbeamng.print:18052| === LSTM_TRACE t=480 v=3.49 ws=0.00,0.00,0.00,0.01 cmd=0.994,0.994,0.891,0.873 cap=3081,3081,1700,1695 des=3081,3081,1488,1483 app=3022,3030,1473,1480 abs=nil,nil,nil,nil ebrake=1.00 ibrake=1.00 hasABS=0 sy=10.96 split=1.000,0.875 ===
157.52510|I|libbeamng.print:18052| === LSTM_OBS t=480 0.00081,0.00092,0.00032,0.00546,0.99395,10.95937,-9.69818,-0.05700,0.00000,0.00000,0.00369,1.00000,0.00000,-0.00826,-0.01140,729.43375,0.25000 ===
157.57504|I|libbeamng.print:18052| === LSTM_TRACE t=490 v=2.92 ws=0.00,0.00,0.06,0.00 cmd=0.994,0.994,0.891,0.872 cap=3083,3083,1700,1695 des=3083,3083,1488,1483 app=3023,3031,1473,1480 abs=nil,nil,nil,nil ebrake=1.00 ibrake=1.00 hasABS=0 sy=11.08 split=1.000,0.875 ===
157.57508|I|libbeamng.print:18052| === LSTM_OBS t=490 0.00014,0.00057,0.05586,0.00168,1.03979,11.07849,-9.68621,-0.05219,0.00000,0.00000,0.00389,1.00000,0.00000,-0.00841,-0.01164,730.66014,0.25000 ===
157.62521|I|libbeamng.print:18052| === LSTM_TRACE t=500 v=2.34 ws=0.00,0.00,0.14,0.01 cmd=0.995,0.995,0.889,0.872 cap=3084,3084,1700,1694 des=3084,3084,1488,1482 app=3023,3031,1472,1479 abs=nil,nil,nil,nil ebrake=1.00 ibrake=1.00 hasABS=0 sy=11.18 split=1.000,0.875 ===
157.62524|I|libbeamng.print:18052| === LSTM_OBS t=500 0.00148,0.00089,0.13776,0.00706,1.08951,11.18112,-9.67153,-0.04738,0.00000,0.00000,0.00414,1.00000,0.00000,-0.00864,-0.01177,727.26711,0.25000 ===
157.67503|I|libbeamng.print:18052| === LSTM_TRACE t=510 v=1.74 ws=0.00,0.00,1.27,0.02 cmd=0.995,0.995,0.890,0.868 cap=3084,3084,1700,1688 des=3084,3084,1488,1477 app=3023,3031,1473,1473 abs=nil,nil,nil,nil ebrake=1.00 ibrake=1.00 hasABS=0 sy=11.32 split=1.000,0.875 ===
157.67507|I|libbeamng.print:18052| === LSTM_OBS t=510 0.00039,0.00042,1.26745,0.02325,1.13907,11.32308,-9.66752,-0.03194,0.00000,0.00000,0.00435,1.00000,0.00000,-0.00887,-0.01192,729.87777,0.25000 ===
157.72623|I|libbeamng.print:18052| === LSTM_TRACE t=520 v=1.15 ws=0.00,0.00,1.00,0.03 cmd=0.995,0.994,0.882,0.870 cap=3084,3083,1700,1693 des=3084,3083,1488,1481 app=3023,3031,1473,1478 abs=nil,nil,nil,nil ebrake=1.00 ibrake=1.00 hasABS=0 sy=11.47 split=1.000,0.875 ===
157.72639|I|libbeamng.print:18052| === LSTM_OBS t=520 0.00271,0.00398,0.99776,0.03218,1.32607,11.47169,-9.68062,0.00673,0.00000,0.00000,0.00487,1.00000,0.00000,-0.00935,-0.01228,726.93510,0.25000 ===
157.77534|I|libbeamng.print:18052| === LSTM_TRACE t=530 v=0.56 ws=0.00,0.00,0.48,0.01 cmd=0.992,0.991,0.872,0.867 cap=3077,3075,1696,1686 des=3077,3075,1484,1475 app=3015,3022,1470,1472 abs=nil,nil,nil,nil ebrake=1.00 ibrake=1.00 hasABS=0 sy=11.57 split=1.000,0.875 ===
157.77542|I|libbeamng.print:18052| === LSTM_OBS t=530 0.00178,0.00242,0.47541,0.01315,1.45783,11.56852,-9.69474,0.03565,0.00000,0.00000,0.00497,1.00000,0.00000,-0.00984,-0.01257,730.57055,0.25000 ===
161.87286|I|libbeamng.print:18052| === LSTM_ABS: lens 'band_g_mix_keep_s2' loaded (1 member, 17 in, 64 hidden, 2 layers) ===
161.87446|I|libbeamng.print:18052| === LSTM_ABS SELFTEST lens=band_g_mix_keep_s2 cmd=0.981724,0.968109,0.355989,0.466277 ===
192.37401|I|libbeamng.print:18052| === LSTM_TRACE t=0 v=27.71 ws=27.66,27.78,27.39,27.40 cmd=0.891,0.886,0.478,0.585 cap=155,155,97,97 des=155,155,85,85 app=151,152,84,84 abs=nil,nil,nil,nil ebrake=1.00 ibrake=1.00 hasABS=0 sy=1.57 split=1.000,0.875 ===
192.37406|I|libbeamng.print:18052| === LSTM_OBS t=0 27.65876,27.77621,27.39246,27.40249,-0.01228,1.57136,-9.76120,-0.00101,0.00000,0.00000,0.00000,1.00000,0.00000,0.00087,-0.00907,7859.53942,0.25000 ===
192.42357|I|libbeamng.print:18052| === LSTM_TRACE t=10 v=27.39 ws=24.86,24.72,26.60,26.68 cmd=0.663,0.693,0.770,0.770 cap=2098,2191,1467,1470 des=2098,2191,1283,1286 app=2051,2150,1266,1279 abs=nil,nil,nil,nil ebrake=1.00 ibrake=1.00 hasABS=0 sy=2.20 split=1.000,0.875 ===
192.42364|I|libbeamng.print:18052| === LSTM_OBS t=10 24.86239,24.71840,26.60249,26.68418,-0.00264,2.20408,-9.81096,-0.00800,0.00000,0.00000,0.00244,1.00000,0.00000,0.00093,-0.01025,7765.89092,0.25000 ===
192.44455|I|libbeamng.print:18052| === LSTM_ABS DBG raw=24.8422,24.5970,26.1622,26.2008,-0.0089,2.9060,-9.6942,-0.0025,0.0000,0.0000,0.0018,1.0000,0.0000,0.0010,-0.0116,7666.5428,0.2500 ===
192.44458|I|libbeamng.print:18052| === LSTM_ABS DBG norm=0.46,0.39,0.50,0.48,-0.16,-2.01,0.00,0.01,0.06,-0.06,-0.04,0.59,-0.02,0.00,0.00,3.79,0.00 ===
192.44462|I|libbeamng.print:18052| === LSTM_ABS DBG cmd=0.7009,0.7217,0.7941,0.7963 ===
192.47729|I|libbeamng.print:18052| === LSTM_TRACE t=20 v=26.87 ws=24.63,24.54,25.39,25.56 cmd=0.732,0.754,0.791,0.790 cap=2258,2323,1542,1540 des=2258,2323,1349,1348 app=2220,2291,1337,1343 abs=nil,nil,nil,nil ebrake=1.00 ibrake=1.00 hasABS=0 sy=4.29 split=1.000,0.875 ===
192.47734|I|libbeamng.print:18052| === LSTM_OBS t=20 24.62793,24.54403,25.38854,25.56337,0.02879,4.29225,-9.51342,-0.02936,0.00000,0.00000,0.00249,1.00000,0.00000,0.00122,-0.01375,7449.38721,0.25000 ===
192.52728|I|libbeamng.print:18052| === LSTM_TRACE t=30 v=26.32 ws=23.81,23.81,24.21,24.72 cmd=0.754,0.789,0.760,0.767 cap=2320,2424,1479,1490 des=2320,2424,1294,1304 app=2290,2400,1286,1302 abs=nil,nil,nil,nil ebrake=1.00 ibrake=1.00 hasABS=0 sy=6.11 split=1.000,0.875 ===
192.52732|I|libbeamng.print:18052| === LSTM_OBS t=30 23.81202,23.81347,24.20663,24.71909,-0.00649,6.11316,-9.36941,-0.00747,0.00000,0.00000,0.00293,1.00000,0.00000,0.00178,-0.01609,7135.94645,0.25000 ===
192.57719|I|libbeamng.print:18052| === LSTM_TRACE t=40 v=25.71 ws=23.53,23.22,23.40,23.93 cmd=0.765,0.799,0.752,0.758 cap=2434,2521,1458,1481 des=2434,2521,1276,1296 app=2411,2503,1270,1295 abs=nil,nil,nil,nil ebrake=1.00 ibrake=1.00 hasABS=0 sy=7.73 split=1.000,0.875 ===
192.57723|I|libbeamng.print:18052| === LSTM_OBS t=40 23.53253,23.22339,23.40277,23.92961,0.02479,7.73414,-9.41939,-0.02794,0.00000,0.00000,0.00289,1.00000,0.00000,0.00181,-0.01734,6883.54109,0.25000 ===
192.62758|I|libbeamng.print:18052| === LSTM_TRACE t=50 v=25.08 ws=22.84,22.46,22.52,23.30 cmd=0.794,0.817,0.767,0.771 cap=2473,2542,1485,1496 des=2473,2542,1299,1309 app=2456,2530,1296,1309 abs=nil,nil,nil,nil ebrake=1.00 ibrake=1.00 hasABS=0 sy=9.03 split=1.000,0.875 ===
192.62762|I|libbeamng.print:18052| === LSTM_OBS t=50 22.83951,22.45877,22.52130,23.30004,0.02563,9.03403,-9.56214,-0.01385,0.00000,0.00000,0.00360,1.00000,0.00000,0.00169,-0.01830,6666.62172,0.25000 ===
192.67738|I|libbeamng.print:18052| === LSTM_TRACE t=60 v=24.48 ws=22.29,21.57,21.85,22.48 cmd=0.783,0.804,0.785,0.779 cap=2447,2506,1517,1506 des=2447,2506,1327,1318 app=2436,2499,1325,1318 abs=nil,nil,nil,nil ebrake=1.00 ibrake=1.00 hasABS=0 sy=9.99 split=1.000,0.875 ===
192.67742|I|libbeamng.print:18052| === LSTM_OBS t=60 22.28873,21.56509,21.84849,22.47626,0.04585,9.99253,-9.69887,-0.02108,0.00000,0.00000,0.00345,1.00000,0.00000,0.00118,-0.01872,6445.39975,0.25000 ===
192.72856|I|libbeamng.print:18052| === LSTM_TRACE t=70 v=23.86 ws=21.64,20.34,20.89,21.79 cmd=0.787,0.802,0.799,0.788 cap=2408,2456,1552,1530 des=2408,2456,1358,1339 app=2400,2452,1356,1339 abs=nil,nil,nil,nil ebrake=1.00 ibrake=1.00 hasABS=0 sy=10.66 split=1.000,0.875 ===
192.72862|I|libbeamng.print:18052| === LSTM_OBS t=70 21.63567,20.33538,20.89268,21.78729,0.07576,10.65508,-9.77700,-0.01439,0.00000,0.00000,0.00315,1.00000,0.00000,0.00078,-0.01861,6216.15936,0.25000 ===
192.77759|I|libbeamng.print:18052| === LSTM_TRACE t=80 v=23.27 ws=20.83,18.47,19.99,21.15 cmd=0.775,0.780,0.804,0.788 cap=2461,2478,1568,1548 des=2461,2478,1372,1354 app=2456,2476,1371,1354 abs=nil,nil,nil,nil ebrake=1.00 ibrake=1.00 hasABS=0 sy=11.06 split=1.000,0.875 ===
192.77764|I|libbeamng.print:18052| === LSTM_OBS t=80 20.83244,18.47327,19.99475,21.15297,0.08868,11.06146,-9.77417,-0.02539,0.00000,0.00000,0.00388,1.00000,0.00000,0.00049,-0.01800,5980.59572,0.25000 ===
192.82843|I|libbeamng.print:18052| === LSTM_TRACE t=90 v=22.68 ws=20.30,16.50,18.81,20.60 cmd=0.809,0.807,0.815,0.806 cap=2290,2309,1588,1563 des=2290,2309,1390,1368 app=2288,2308,1390,1368 abs=nil,nil,nil,nil ebrake=1.00 ibrake=1.00 hasABS=0 sy=11.27 split=1.000,0.875 ===
192.82847|I|libbeamng.print:18052| === LSTM_OBS t=90 20.30093,16.49745,18.80549,20.59967,0.11797,11.27290,-9.73748,-0.01431,0.00000,0.00000,0.00423,1.00000,0.00000,0.00050,-0.01713,5741.61020,0.25000 ===
192.87762|I|libbeamng.print:18052| === LSTM_TRACE t=100 v=22.10 ws=19.77,13.16,17.67,20.16 cmd=0.648,0.652,0.828,0.812 cap=2229,2201,1583,1550 des=2229,2201,1385,1356 app=2228,2201,1385,1356 abs=nil,nil,nil,nil ebrake=1.00 ibrake=1.00 hasABS=0 sy=11.35 split=1.000,0.875 ===
192.87769|I|libbeamng.print:18052| === LSTM_OBS t=100 19.77312,13.15648,17.66594,20.15723,0.11324,11.34634,-9.68108,-0.00279,0.00000,0.00000,0.00360,1.00000,0.00000,0.00069,-0.01627,5504.14152,0.25000 ===
192.92830|I|libbeamng.print:18052| === LSTM_TRACE t=110 v=21.55 ws=19.95,10.01,16.18,19.78 cmd=0.802,0.788,0.822,0.816 cap=2369,2364,1620,1612 des=2369,2364,1418,1411 app=2369,2364,1418,1411 abs=nil,nil,nil,nil ebrake=1.00 ibrake=1.00 hasABS=0 sy=11.35 split=1.000,0.875 ===
192.92835|I|libbeamng.print:18052| === LSTM_OBS t=110 19.94694,10.00541,16.17688,19.78390,0.11911,11.35399,-9.61264,0.00450,0.00000,0.00000,0.00392,1.00000,0.00000,0.00091,-0.01548,5264.19121,0.25000 ===
192.97774|I|libbeamng.print:18052| === LSTM_TRACE t=120 v=20.98 ws=19.44,5.51,14.68,19.71 cmd=0.714,0.705,0.846,0.845 cap=2126,2077,1628,1616 des=2126,2077,1424,1414 app=2126,2077,1424,1414 abs=nil,nil,nil,nil ebrake=1.00 ibrake=1.00 hasABS=0 sy=11.32 split=1.000,0.875 ===
192.97779|I|libbeamng.print:18052| === LSTM_OBS t=120 19.43561,5.50964,14.68295,19.71487,0.09904,11.31574,-9.58498,0.00047,0.00000,0.00000,0.00372,1.00000,0.00000,0.00127,-0.01479,5021.98581,0.25000 ===
193.02798|I|libbeamng.print:18052| === LSTM_TRACE t=130 v=20.44 ws=19.13,1.27,12.97,19.56 cmd=0.660,0.658,0.816,0.826 cap=1998,1961,1578,1589 des=1998,1961,1381,1390 app=1998,1961,1381,1390 abs=nil,nil,nil,nil ebrake=1.00 ibrake=1.00 hasABS=0 sy=11.23 split=1.000,0.875 ===
193.02803|I|libbeamng.print:18052| === LSTM_OBS t=130 19.13328,1.27457,12.97315,19.55877,0.07022,11.22951,-9.61997,-0.00321,0.00000,0.00000,0.00226,1.00000,0.00000,0.00146,-0.01407,4776.04967,0.25000 ===
193.07779|I|libbeamng.print:18052| === LSTM_TRACE t=140 v=19.93 ws=18.33,0.05,11.96,19.26 cmd=0.638,0.626,0.699,0.714 cap=2228,2174,1390,1415 des=2228,2174,1216,1238 app=2228,2172,1216,1238 abs=nil,nil,nil,nil ebrake=1.00 ibrake=1.00 hasABS=0 sy=11.02 split=1.000,0.875 ===
193.07784|I|libbeamng.print:18052| === LSTM_OBS t=140 18.32950,0.04788,11.96347,19.25949,0.01413,11.01824,-9.67359,0.00364,0.00000,0.00000,0.00384,1.00000,0.00000,0.00166,-0.01297,4540.29748,0.25000 ===
193.12810|I|libbeamng.print:18052| === LSTM_TRACE t=150 v=19.41 ws=18.39,0.05,11.32,18.74 cmd=0.575,0.570,0.556,0.569 cap=1757,1735,1094,1117 des=1757,1735,957,978 app=1757,1733,957,978 abs=nil,nil,nil,nil ebrake=1.00 ibrake=1.00 hasABS=0 sy=10.81 split=1.000,0.875 ===
193.12814|I|libbeamng.print:18052| === LSTM_OBS t=150 18.39471,0.04571,11.32406,18.74500,-0.02596,10.80983,-9.66400,-0.00575,0.00000,0.00000,0.00274,1.00000,0.00000,0.00217,-0.01187,4363.53282,0.25000 ===
193.17844|I|libbeamng.print:18052| === LSTM_TRACE t=160 v=18.92 ws=18.15,0.03,11.59,18.31 cmd=0.559,0.550,0.537,0.530 cap=1772,1748,1038,1033 des=1772,1748,908,904 app=1772,1744,908,904 abs=nil,nil,nil,nil ebrake=1.00 ibrake=1.00 hasABS=0 sy=10.60 split=1.000,0.875 ===
193.17852|I|libbeamng.print:18052| === LSTM_OBS t=160 18.14804,0.03111,11.58797,18.31424,0.01761,10.59854,-9.68362,-0.02275,0.00000,0.00000,0.00318,1.00000,0.00000,0.00188,-0.01138,4271.12450,0.25000 ===
193.22832|I|libbeamng.print:18052| === LSTM_TRACE t=170 v=18.42 ws=17.61,0.01,11.53,17.71 cmd=0.464,0.470,0.583,0.565 cap=1585,1565,1103,1066 des=1585,1565,965,933 app=1585,1562,965,933 abs=nil,nil,nil,nil ebrake=1.00 ibrake=1.00 hasABS=0 sy=10.40 split=1.000,0.875 ===
193.22837|I|libbeamng.print:18052| === LSTM_OBS t=170 17.60815,0.00586,11.53063,17.71216,0.06172,10.39970,-9.72641,-0.02612,0.00000,0.00000,0.00239,1.00000,0.00000,0.00108,-0.01162,4208.69339,0.25000 ===
193.27814|I|libbeamng.print:18052| === LSTM_TRACE t=180 v=17.94 ws=17.52,0.05,11.44,17.19 cmd=0.614,0.620,0.626,0.616 cap=1281,1366,1224,1190 des=1281,1366,1071,1041 app=1281,1362,1071,1041 abs=nil,nil,nil,nil ebrake=1.00 ibrake=1.00 hasABS=0 sy=10.20 split=1.000,0.875 ===
193.27819|I|libbeamng.print:18052| === LSTM_OBS t=180 17.51636,0.04594,11.43900,17.18689,0.08759,10.19902,-9.74261,-0.03728,0.00000,0.00000,0.00256,1.00000,0.00000,0.00047,-0.01212,4125.44355,0.25000 ===
193.32917|I|libbeamng.print:18052| === LSTM_TRACE t=190 v=17.46 ws=16.64,0.28,10.22,16.15 cmd=0.521,0.564,0.664,0.665 cap=928,1114,1308,1296 des=928,1114,1144,1134 app=1270,1156,1144,1134 abs=nil,nil,nil,nil ebrake=1.00 ibrake=1.00 hasABS=0 sy=10.00 split=1.000,0.875 ===
193.32922|I|libbeamng.print:18052| === LSTM_OBS t=190 16.63675,0.27716,10.21603,16.15379,0.14650,10.00187,-9.74041,-0.03609,0.00000,0.00000,0.00091,1.00000,0.00000,-0.00009,-0.01225,4035.31814,0.25000 ===
193.37871|I|libbeamng.print:18052| === LSTM_TRACE t=200 v=16.97 ws=16.06,0.02,8.75,14.87 cmd=0.426,0.485,0.708,0.720 cap=1151,1231,1351,1342 des=1151,1231,1182,1174 app=1701,1593,1182,1174 abs=nil,nil,nil,nil ebrake=1.00 ibrake=1.00 hasABS=0 sy=9.95 split=1.000,0.875 ===
193.37875|I|libbeamng.print:18052| === LSTM_OBS t=200 16.06012,0.01552,8.75427,14.86603,0.24260,9.95077,-9.68960,-0.04371,0.00000,0.00000,0.00261,1.00000,0.00000,-0.00152,-0.01214,3943.41690,0.25000 ===
193.42865|I|libbeamng.print:18052| === LSTM_TRACE t=210 v=16.47 ws=15.14,0.04,7.45,13.81 cmd=0.389,0.413,0.738,0.733 cap=2275,2174,1404,1438 des=2275,2174,1229,1258 app=2275,2164,1229,1258 abs=nil,nil,nil,nil ebrake=1.00 ibrake=1.00 hasABS=0 sy=9.95 split=1.000,0.875 ===
193.42870|I|libbeamng.print:18052| === LSTM_OBS t=210 15.14486,0.03785,7.45330,13.81369,0.27508,9.94931,-9.64701,-0.03677,0.00000,0.00000,0.00085,1.00000,0.00000,-0.00218,-0.01182,3811.65129,0.25000 ===
193.47823|I|libbeamng.print:18052| === LSTM_TRACE t=220 v=15.95 ws=14.59,0.07,5.98,12.83 cmd=0.737,0.707,0.763,0.776 cap=2727,2646,1457,1506 des=2727,2646,1275,1318 app=2727,2633,1275,1318 abs=nil,nil,nil,nil ebrake=1.00 ibrake=1.00 hasABS=0 sy=10.02 split=1.000,0.875 ===
193.47827|I|libbeamng.print:18052| === LSTM_OBS t=220 14.59451,0.07230,5.98463,12.83301,0.31657,10.01768,-9.63164,-0.03363,0.00000,0.00000,0.00539,1.00000,0.00000,-0.00225,-0.01148,3644.12205,0.25000 ===
193.52950|I|libbeamng.print:18052| === LSTM_TRACE t=230 v=15.41 ws=13.89,0.07,4.70,11.95 cmd=0.828,0.808,0.776,0.786 cap=2663,2624,1502,1534 des=2663,2624,1315,1343 app=2663,2610,1314,1343 abs=nil,nil,nil,nil ebrake=1.00 ibrake=1.00 hasABS=0 sy=10.18 split=1.000,0.875 ===
193.52954|I|libbeamng.print:18052| === LSTM_OBS t=230 13.89049,0.07316,4.70329,11.95286,0.33528,10.17736,-9.64721,-0.02269,0.00000,0.00000,0.00629,1.00000,0.00000,-0.00203,-0.01110,3459.31411,0.25000 ===
193.57849|I|libbeamng.print:18052| === LSTM_TRACE t=240 v=14.85 ws=11.86,0.01,3.56,10.83 cmd=0.735,0.716,0.797,0.795 cap=2437,2359,1523,1522 des=2437,2359,1332,1332 app=2437,2345,1332,1332 abs=nil,nil,nil,nil ebrake=1.00 ibrake=1.00 hasABS=0 sy=10.37 split=1.000,0.875 ===
193.57853|I|libbeamng.print:18052| === LSTM_OBS t=240 11.85671,0.00759,3.55661,10.83463,0.33089,10.37210,-9.68387,-0.01122,0.00000,0.00000,0.00409,1.00000,0.00000,-0.00135,-0.01105,3266.47657,0.25000 ===
193.62841|I|libbeamng.print:18052| === LSTM_TRACE t=250 v=14.34 ws=9.88,0.00,2.84,11.20 cmd=0.785,0.760,0.805,0.821 cap=2086,2030,1577,1589 des=2086,2030,1380,1391 app=2086,2017,1379,1391 abs=nil,nil,nil,nil ebrake=1.00 ibrake=1.00 hasABS=0 sy=10.52 split=1.000,0.875 ===
193.62851|I|libbeamng.print:18052| === LSTM_OBS t=250 9.87545,0.00266,2.83921,11.19959,0.31563,10.52255,-9.72227,-0.01228,0.00000,0.00000,0.00318,1.00000,0.00000,-0.00058,-0.01127,3061.79816,0.25000 ===
193.67916|I|libbeamng.print:18052| === LSTM_TRACE t=260 v=13.83 ws=8.35,0.13,1.62,10.97 cmd=0.775,0.741,0.800,0.820 cap=2479,2385,1551,1597 des=2479,2385,1357,1397 app=2479,2368,1355,1397 abs=nil,nil,nil,nil ebrake=1.00 ibrake=1.00 hasABS=0 sy=10.50 split=1.000,0.875 ===
193.67921|I|libbeamng.print:18052| === LSTM_OBS t=260 8.34514,0.13073,1.61702,10.96922,0.36512,10.49648,-9.74130,-0.00622,0.00000,0.00000,0.00414,1.00000,0.00000,-0.00038,-0.01099,2851.11196,0.25000 ===
193.72848|I|libbeamng.print:18052| === LSTM_TRACE t=270 v=13.32 ws=6.77,0.07,1.29,10.63 cmd=0.699,0.665,0.808,0.824 cap=2497,2381,1548,1605 des=2497,2381,1355,1404 app=2497,2364,1353,1404 abs=nil,nil,nil,nil ebrake=1.00 ibrake=1.00 hasABS=0 sy=10.45 split=1.000,0.875 ===
193.72862|I|libbeamng.print:18052| === LSTM_OBS t=270 6.76819,0.07231,1.29371,10.63387,0.32649,10.45260,-9.71792,-0.00846,0.00000,0.00000,0.00423,1.00000,0.00000,-0.00046,-0.01061,2639.66678,0.25000 ===
193.78282|I|libbeamng.print:18052| === LSTM_TRACE t=280 v=12.79 ws=4.35,0.07,0.08,10.56 cmd=0.693,0.682,0.838,0.859 cap=2080,2018,1613,1652 des=2080,2018,1411,1445 app=2080,2003,1408,1445 abs=nil,nil,nil,nil ebrake=1.00 ibrake=1.00 hasABS=0 sy=10.38 split=1.000,0.875 ===
193.78287|I|libbeamng.print:18052| === LSTM_OBS t=280 4.34970,0.06629,0.07981,10.55560,0.24649,10.37778,-9.71138,-0.00131,0.00000,0.00000,0.00445,1.00000,0.00000,-0.00051,-0.00990,2403.61455,0.25000 ===
193.83296|I|libbeamng.print:18052| === LSTM_TRACE t=290 v=12.29 ws=0.39,0.00,0.10,9.60 cmd=0.717,0.740,0.879,0.894 cap=1831,1894,1683,1700 des=1831,1894,1473,1488 app=1897,1879,1469,1488 abs=nil,nil,nil,nil ebrake=1.00 ibrake=1.00 hasABS=0 sy=10.34 split=1.000,0.875 ===
193.83301|I|libbeamng.print:18052| === LSTM_OBS t=290 0.38932,0.00305,0.09834,9.60331,0.20355,10.33647,-9.77236,-0.00787,0.00000,0.00000,0.00335,1.00000,0.00000,-0.00006,-0.00908,2196.46750,0.25000 ===
193.88297|I|libbeamng.print:18052| === LSTM_TRACE t=300 v=11.80 ws=0.03,0.05,0.08,8.86 cmd=0.989,0.991,0.884,0.901 cap=3055,3060,1700,1700 des=3055,3060,1488,1488 app=3055,3035,1483,1488 abs=nil,nil,nil,nil ebrake=1.00 ibrake=1.00 hasABS=0 sy=10.21 split=1.000,0.875 ===
193.88303|I|libbeamng.print:18052| === LSTM_OBS t=300 0.02805,0.04710,0.08042,8.86101,0.19504,10.21476,-9.78420,-0.01156,0.00000,0.00000,0.00256,1.00000,0.00000,0.00148,-0.00819,1996.65444,0.25000 ===
193.92919|I|libbeamng.print:18052| === LSTM_TRACE t=310 v=11.30 ws=0.01,0.01,0.05,7.64 cmd=0.994,0.995,0.882,0.889 cap=3080,3084,1700,1700 des=3080,3084,1488,1488 app=3080,3057,1483,1488 abs=nil,nil,nil,nil ebrake=1.00 ibrake=1.00 hasABS=0 sy=10.09 split=1.000,0.875 ===
193.92927|I|libbeamng.print:18052| === LSTM_OBS t=310 0.00928,0.00744,0.05259,7.64385,0.24308,10.09379,-9.69386,-0.02521,0.00000,0.00000,0.00183,1.00000,0.00000,0.00173,-0.00750,1819.64775,0.25000 ===
193.97907|I|libbeamng.print:18052| === LSTM_TRACE t=320 v=10.81 ws=0.00,0.00,0.01,6.80 cmd=0.995,0.996,0.883,0.887 cap=3085,3088,1700,1700 des=3085,3088,1488,1488 app=3085,3060,1482,1488 abs=nil,nil,nil,nil ebrake=1.00 ibrake=1.00 hasABS=0 sy=10.03 split=1.000,0.875 ===
193.97911|I|libbeamng.print:18052| === LSTM_OBS t=320 0.00045,0.00486,0.01169,6.79598,0.24808,10.02851,-9.66595,-0.03456,0.00000,0.00000,0.00154,1.00000,0.00000,0.00144,-0.00698,1617.49382,0.25000 ===
194.02909|I|libbeamng.print:18052| === LSTM_TRACE t=330 v=10.31 ws=0.01,0.01,0.00,5.70 cmd=0.996,0.997,0.887,0.888 cap=3087,3089,1700,1700 des=3087,3089,1488,1488 app=3086,3061,1482,1488 abs=nil,nil,nil,nil ebrake=1.00 ibrake=1.00 hasABS=0 sy=10.01 split=1.000,0.875 ===
194.02915|I|libbeamng.print:18052| === LSTM_OBS t=330 0.01397,0.00788,0.00045,5.69585,0.23770,10.01013,-9.68508,-0.03891,0.00000,0.00000,0.00192,1.00000,0.00000,0.00127,-0.00662,1413.93795,0.25000 ===
194.07931|I|libbeamng.print:18052| === LSTM_TRACE t=340 v=9.80 ws=0.01,0.01,0.01,4.84 cmd=0.996,0.997,0.891,0.888 cap=3088,3090,1700,1700 des=3088,3090,1488,1488 app=3085,3061,1481,1488 abs=nil,nil,nil,nil ebrake=1.00 ibrake=1.00 hasABS=0 sy=10.04 split=1.000,0.875 ===
194.07940|I|libbeamng.print:18052| === LSTM_OBS t=340 0.00647,0.00616,0.00788,4.84345,0.22776,10.03738,-9.70719,-0.04663,0.00000,0.00000,0.00176,1.00000,0.00000,0.00101,-0.00633,1213.10229,0.25000 ===
194.12939|I|libbeamng.print:18052| === LSTM_TRACE t=350 v=9.27 ws=0.01,0.02,0.00,3.36 cmd=0.996,0.997,0.894,0.887 cap=3088,3091,1700,1700 des=3088,3091,1488,1488 app=3085,3060,1481,1488 abs=nil,nil,nil,nil ebrake=1.00 ibrake=1.00 hasABS=0 sy=10.12 split=1.000,0.875 ===
194.12944|I|libbeamng.print:18052| === LSTM_OBS t=350 0.01339,0.01639,0.00296,3.36115,0.23091,10.11519,-9.75367,-0.04942,0.00000,0.00000,0.00154,1.00000,0.00000,0.00058,-0.00667,1025.08492,0.25000 ===
194.17938|I|libbeamng.print:18052| === LSTM_TRACE t=360 v=8.78 ws=0.00,0.01,0.04,1.48 cmd=0.996,0.997,0.896,0.882 cap=3088,3091,1700,1700 des=3088,3091,1488,1488 app=3083,3060,1480,1488 abs=nil,nil,nil,nil ebrake=1.00 ibrake=1.00 hasABS=0 sy=10.14 split=1.000,0.875 ===
194.17942|I|libbeamng.print:18052| === LSTM_OBS t=360 0.00182,0.00803,0.03723,1.47775,0.19059,10.14496,-9.81060,-0.05197,0.00000,0.00000,0.00261,1.00000,0.00000,0.00025,-0.00716,840.09682,0.25000 ===
194.22923|I|libbeamng.print:18052| === LSTM_TRACE t=370 v=8.27 ws=0.01,0.01,0.03,0.37 cmd=0.996,0.997,0.896,0.879 cap=3088,3091,1700,1700 des=3088,3091,1488,1488 app=3081,3059,1480,1488 abs=nil,nil,nil,nil ebrake=1.00 ibrake=1.00 hasABS=0 sy=10.11 split=1.000,0.875 ===
194.22927|I|libbeamng.print:18052| === LSTM_OBS t=370 0.01361,0.01028,0.03499,0.37433,0.20408,10.11315,-9.80247,-0.04849,0.00000,0.00000,0.00049,1.00000,0.00000,-0.00006,-0.00770,739.62800,0.25000 ===
194.27921|I|libbeamng.print:18052| === LSTM_TRACE t=380 v=7.77 ws=0.02,0.00,0.02,0.04 cmd=0.996,0.997,0.896,0.879 cap=3088,3091,1700,1700 des=3088,3091,1488,1488 app=3080,3058,1479,1488 abs=nil,nil,nil,nil ebrake=1.00 ibrake=1.00 hasABS=0 sy=10.09 split=1.000,0.875 ===
194.27925|I|libbeamng.print:18052| === LSTM_OBS t=380 0.01617,0.00214,0.02166,0.03988,0.25415,10.08526,-9.73676,-0.05874,0.00000,0.00000,0.00210,1.00000,0.00000,-0.00093,-0.00771,727.22731,0.25000 ===
194.32973|I|libbeamng.print:18052| === LSTM_TRACE t=390 v=7.26 ws=0.01,0.00,0.02,0.00 cmd=0.996,0.997,0.897,0.882 cap=3088,3091,1700,1700 des=3088,3091,1488,1488 app=3078,3057,1479,1488 abs=nil,nil,nil,nil ebrake=1.00 ibrake=1.00 hasABS=0 sy=10.11 split=1.000,0.875 ===
194.32978|I|libbeamng.print:18052| === LSTM_OBS t=390 0.01186,0.00320,0.02457,0.00212,0.25646,10.10980,-9.69339,-0.05643,0.00000,0.00000,0.00297,1.00000,0.00000,-0.00163,-0.00751,729.65528,0.25000 ===
194.37940|I|libbeamng.print:18052| === LSTM_TRACE t=400 v=6.73 ws=0.00,0.01,0.05,0.01 cmd=0.996,0.997,0.898,0.882 cap=3088,3091,1700,1700 des=3088,3091,1488,1488 app=3077,3057,1479,1488 abs=nil,nil,nil,nil ebrake=1.00 ibrake=1.00 hasABS=0 sy=10.19 split=1.000,0.875 ===
194.37946|I|libbeamng.print:18052| === LSTM_OBS t=400 0.00293,0.00606,0.04514,0.01065,0.25284,10.18778,-9.69534,-0.05861,0.00000,0.00000,0.00274,1.00000,0.00000,-0.00191,-0.00734,727.15861,0.25000 ===
194.42915|I|libbeamng.print:18052| === LSTM_TRACE t=410 v=6.20 ws=0.00,0.00,0.07,0.02 cmd=0.996,0.997,0.898,0.881 cap=3088,3091,1700,1700 des=3088,3091,1488,1488 app=3076,3056,1479,1488 abs=nil,nil,nil,nil ebrake=1.00 ibrake=1.00 hasABS=0 sy=10.30 split=1.000,0.875 ===
194.42925|I|libbeamng.print:18052| === LSTM_OBS t=410 0.00076,0.00141,0.06538,0.02115,0.26060,10.29711,-9.70034,-0.05868,0.00000,0.00000,0.00234,1.00000,0.00000,-0.00208,-0.00726,730.65186,0.25000 ===
194.47928|I|libbeamng.print:18052| === LSTM_TRACE t=420 v=5.66 ws=0.01,0.00,0.04,0.01 cmd=0.996,0.997,0.898,0.881 cap=3088,3091,1700,1700 des=3088,3091,1488,1488 app=3075,3056,1478,1488 abs=nil,nil,nil,nil ebrake=1.00 ibrake=1.00 hasABS=0 sy=10.42 split=1.000,0.875 ===
194.47935|I|libbeamng.print:18052| === LSTM_OBS t=420 0.00539,0.00192,0.04096,0.00913,0.29155,10.41830,-9.71697,-0.05968,0.00000,0.00000,0.00249,1.00000,0.00000,-0.00230,-0.00724,726.58908,0.25000 ===
194.52941|I|libbeamng.print:18052| === LSTM_TRACE t=430 v=5.12 ws=0.00,0.00,0.05,0.01 cmd=0.996,0.997,0.898,0.881 cap=3088,3091,1700,1700 des=3088,3091,1488,1488 app=3074,3055,1478,1488 abs=nil,nil,nil,nil ebrake=1.00 ibrake=1.00 hasABS=0 sy=10.53 split=1.000,0.875 ===
194.52954|I|libbeamng.print:18052| === LSTM_OBS t=430 0.00049,0.00064,0.05101,0.00753,0.32996,10.52524,-9.72690,-0.05877,0.00000,0.00000,0.00270,1.00000,0.00000,-0.00254,-0.00728,729.62619,0.25000 ===
194.57971|I|libbeamng.print:18052| === LSTM_TRACE t=440 v=4.56 ws=0.00,0.00,0.63,0.02 cmd=0.996,0.997,0.899,0.881 cap=3088,3091,1700,1700 des=3088,3091,1488,1488 app=3072,3055,1478,1488 abs=nil,nil,nil,nil ebrake=1.00 ibrake=1.00 hasABS=0 sy=10.65 split=1.000,0.875 ===
194.57983|I|libbeamng.print:18052| === LSTM_OBS t=440 0.00076,0.00389,0.63339,0.01599,0.35736,10.64880,-9.73709,-0.05584,0.00000,0.00000,0.00285,1.00000,0.00000,-0.00265,-0.00739,726.84979,0.25000 ===
194.62909|I|libbeamng.print:18052| === LSTM_TRACE t=450 v=3.99 ws=0.00,0.00,1.38,0.01 cmd=0.996,0.997,0.900,0.882 cap=3088,3092,1700,1700 des=3088,3092,1488,1488 app=3072,3054,1478,1488 abs=nil,nil,nil,nil ebrake=1.00 ibrake=1.00 hasABS=0 sy=10.87 split=1.000,0.875 ===
194.62921|I|libbeamng.print:18052| === LSTM_OBS t=450 0.00265,0.00338,1.38375,0.00896,0.38348,10.86647,-9.78583,-0.04512,0.00000,0.00000,0.00261,1.00000,0.00000,-0.00214,-0.00785,728.69869,0.25000 ===
194.67951|I|libbeamng.print:18052| === LSTM_TRACE t=460 v=3.43 ws=0.01,0.00,0.27,0.01 cmd=0.996,0.997,0.900,0.886 cap=3089,3092,1700,1700 des=3089,3092,1488,1488 app=3072,3054,1478,1488 abs=nil,nil,nil,nil ebrake=1.00 ibrake=1.00 hasABS=0 sy=10.99 split=1.000,0.875 ===
194.67955|I|libbeamng.print:18052| === LSTM_OBS t=460 0.00558,0.00187,0.26745,0.00998,0.45778,10.99346,-9.73802,-0.04893,0.00000,0.00000,0.00265,1.00000,0.00000,-0.00212,-0.00832,726.78226,0.25000 ===
194.72916|I|libbeamng.print:18052| === LSTM_TRACE t=470 v=2.86 ws=0.00,0.00,0.19,0.03 cmd=0.996,0.997,0.900,0.887 cap=3089,3092,1700,1700 des=3089,3092,1488,1488 app=3071,3054,1478,1488 abs=nil,nil,nil,nil ebrake=1.00 ibrake=1.00 hasABS=0 sy=11.06 split=1.000,0.875 ===
194.72924|I|libbeamng.print:18052| === LSTM_OBS t=470 0.00270,0.00183,0.19376,0.02617,0.49692,11.06379,-9.68367,-0.04291,0.00000,0.00000,0.00293,1.00000,0.00000,-0.00307,-0.00844,731.71263,0.25000 ===
194.77927|I|libbeamng.print:18052| === LSTM_TRACE t=480 v=2.26 ws=0.00,0.00,1.64,0.04 cmd=0.996,0.997,0.901,0.886 cap=3089,3092,1700,1700 des=3089,3092,1488,1488 app=3070,3053,1478,1488 abs=nil,nil,nil,nil ebrake=1.00 ibrake=1.00 hasABS=0 sy=11.20 split=1.000,0.875 ===
194.77934|I|libbeamng.print:18052| === LSTM_OBS t=480 0.00369,0.00251,1.63995,0.04397,0.49451,11.20250,-9.70785,-0.02761,0.00000,0.00000,0.00293,1.00000,0.00000,-0.00355,-0.00850,730.51237,0.25000 ===
194.82923|I|libbeamng.print:18052| === LSTM_TRACE t=490 v=1.66 ws=0.01,0.00,1.21,0.02 cmd=0.997,0.998,0.901,0.899 cap=3091,3093,1700,1700 des=3091,3093,1488,1488 app=3071,3054,1478,1488 abs=nil,nil,nil,nil ebrake=1.00 ibrake=1.00 hasABS=0 sy=11.43 split=1.000,0.875 ===
194.82933|I|libbeamng.print:18052| === LSTM_OBS t=490 0.00574,0.00054,1.20584,0.02395,0.60159,11.42573,-9.75087,0.00290,0.00000,0.00000,0.00285,1.00000,0.00000,-0.00345,-0.00901,731.31945,0.25000 ===
194.87913|I|libbeamng.print:18052| === LSTM_TRACE t=500 v=1.09 ws=0.01,0.01,0.83,0.03 cmd=0.998,0.998,0.902,0.903 cap=3093,3093,1700,1700 des=3093,3093,1488,1488 app=3072,3054,1478,1488 abs=nil,nil,nil,nil ebrake=1.00 ibrake=1.00 hasABS=0 sy=11.49 split=1.000,0.875 ===
194.87918|I|libbeamng.print:18052| === LSTM_OBS t=500 0.00535,0.00667,0.82553,0.02678,0.68630,11.49184,-9.69463,0.00329,0.00000,0.00000,0.00305,1.00000,0.00000,-0.00427,-0.00935,729.03412,0.25000 ===
225.40902|I|libbeamng.print:18052| === LSTM_TRACE t=0 v=27.70 ws=27.75,27.86,27.42,27.46 cmd=0.890,0.885,0.477,0.587 cap=155,155,97,97 des=155,155,85,85 app=76,76,42,42 abs=nil,nil,nil,nil ebrake=1.00 ibrake=1.00 hasABS=0 sy=1.58 split=1.000,0.875 ===
225.40906|I|libbeamng.print:18052| === LSTM_OBS t=0 27.74932,27.86096,27.41523,27.45717,-0.02810,1.57882,-9.76805,0.01166,0.00000,0.00000,0.00049,1.00000,0.00000,0.00101,-0.00911,7857.23886,0.25000 ===
225.45957|I|libbeamng.print:18052| === LSTM_TRACE t=10 v=27.39 ws=24.83,24.73,26.57,26.66 cmd=0.665,0.696,0.773,0.772 cap=2091,2188,1473,1475 des=2091,2188,1289,1290 app=2066,2155,1276,1287 abs=nil,nil,nil,nil ebrake=1.00 ibrake=1.00 hasABS=0 sy=2.33 split=1.000,0.875 ===
225.45962|I|libbeamng.print:18052| === LSTM_OBS t=10 24.82886,24.73395,26.56966,26.66349,-0.03641,2.32947,-9.79448,-0.00584,0.00000,0.00000,0.00204,1.00000,0.00000,0.00104,-0.01027,7750.47934,0.25000 ===
225.47943|I|libbeamng.print:18052| === LSTM_ABS DBG raw=24.7072,24.4464,26.0604,26.1684,-0.0199,3.0796,-9.6634,-0.0017,0.0000,0.0000,0.0021,1.0000,0.0000,0.0010,-0.0117,7642.5021,0.2500 ===
225.47946|I|libbeamng.print:18052| === LSTM_ABS DBG norm=0.45,0.38,0.49,0.48,-0.17,-1.96,0.00,0.01,0.06,-0.06,-0.02,0.59,-0.02,0.00,0.00,3.78,0.00 ===
225.47947|I|libbeamng.print:18052| === LSTM_ABS DBG cmd=0.7043,0.7246,0.7970,0.8001 ===
225.50939|I|libbeamng.print:18052| === LSTM_TRACE t=20 v=26.86 ws=24.54,24.31,25.28,25.52 cmd=0.738,0.758,0.795,0.796 cap=2262,2324,1549,1550 des=2262,2324,1355,1356 app=2242,2299,1347,1355 abs=nil,nil,nil,nil ebrake=1.00 ibrake=1.00 hasABS=0 sy=4.32 split=1.000,0.875 ===
225.50943|I|libbeamng.print:18052| === LSTM_OBS t=20 24.53745,24.31476,25.27787,25.52205,0.04012,4.32326,-9.45389,-0.01475,0.00000,0.00000,0.00278,1.00000,0.00000,0.00124,-0.01382,7449.89483,0.25000 ===
225.55937|I|libbeamng.print:18052| === LSTM_TRACE t=30 v=26.33 ws=23.78,23.69,24.25,24.73 cmd=0.753,0.787,0.760,0.768 cap=2339,2440,1482,1496 des=2339,2440,1296,1309 app=2325,2421,1291,1309 abs=nil,nil,nil,nil ebrake=1.00 ibrake=1.00 hasABS=0 sy=6.10 split=1.000,0.875 ===
225.55941|I|libbeamng.print:18052| === LSTM_OBS t=30 23.77744,23.69432,24.24612,24.73456,-0.03350,6.09652,-9.33361,-0.00235,0.00000,0.00000,0.00293,1.00000,0.00000,0.00190,-0.01611,7131.61732,0.25000 ===
225.60935|I|libbeamng.print:18052| === LSTM_TRACE t=40 v=25.71 ws=23.23,23.26,23.24,23.97 cmd=0.771,0.803,0.755,0.761 cap=2410,2505,1462,1481 des=2410,2505,1280,1296 app=2401,2492,1276,1296 abs=nil,nil,nil,nil ebrake=1.00 ibrake=1.00 hasABS=0 sy=7.77 split=1.000,0.875 ===
225.60941|I|libbeamng.print:18052| === LSTM_OBS t=40 23.22729,23.25628,23.24358,23.96764,0.01829,7.76532,-9.35188,-0.03077,0.00000,0.00000,0.00297,1.00000,0.00000,0.00197,-0.01739,6875.44886,0.25000 ===
225.65934|I|libbeamng.print:18052| === LSTM_TRACE t=50 v=25.08 ws=22.60,22.58,22.48,23.38 cmd=0.785,0.812,0.772,0.773 cap=2392,2479,1495,1494 des=2392,2479,1308,1307 app=2387,2471,1306,1307 abs=nil,nil,nil,nil ebrake=1.00 ibrake=1.00 hasABS=0 sy=9.07 split=1.000,0.875 ===
225.65940|I|libbeamng.print:18052| === LSTM_OBS t=50 22.59774,22.57831,22.48489,23.37564,0.01682,9.07222,-9.51484,-0.01549,0.00000,0.00000,0.00329,1.00000,0.00000,0.00178,-0.01834,6654.06518,0.25000 ===
225.70915|I|libbeamng.print:18052| === LSTM_TRACE t=60 v=24.48 ws=21.89,21.79,21.59,22.60 cmd=0.771,0.790,0.782,0.771 cap=2568,2605,1514,1513 des=2568,2605,1325,1324 app=2566,2601,1325,1324 abs=nil,nil,nil,nil ebrake=1.00 ibrake=1.00 hasABS=0 sy=10.02 split=1.000,0.875 ===
225.70919|I|libbeamng.print:18052| === LSTM_OBS t=60 21.88794,21.79446,21.59099,22.59821,0.03635,10.01893,-9.68043,-0.04122,0.00000,0.00000,0.00360,1.00000,0.00000,0.00120,-0.01877,6430.61633,0.25000 ===
225.75930|I|libbeamng.print:18052| === LSTM_TRACE t=70 v=23.86 ws=21.26,20.65,20.66,21.94 cmd=0.784,0.798,0.803,0.792 cap=2404,2445,1541,1510 des=2404,2445,1348,1321 app=2404,2443,1348,1321 abs=nil,nil,nil,nil ebrake=1.00 ibrake=1.00 hasABS=0 sy=10.68 split=1.000,0.875 ===
225.75941|I|libbeamng.print:18052| === LSTM_OBS t=70 21.26071,20.65321,20.66103,21.94452,0.06505,10.67733,-9.76366,-0.02074,0.00000,0.00000,0.00378,1.00000,0.00000,0.00076,-0.01863,6199.94394,0.25000 ===
225.80962|I|libbeamng.print:18052| === LSTM_TRACE t=80 v=23.26 ws=20.46,18.84,19.60,21.22 cmd=0.777,0.784,0.812,0.798 cap=2333,2363,1576,1545 des=2333,2363,1379,1352 app=2333,2363,1379,1352 abs=nil,nil,nil,nil ebrake=1.00 ibrake=1.00 hasABS=0 sy=11.08 split=1.000,0.875 ===
225.80967|I|libbeamng.print:18052| === LSTM_OBS t=80 20.46216,18.84364,19.60043,21.22304,0.10672,11.08146,-9.76750,-0.03165,0.00000,0.00000,0.00367,1.00000,0.00000,0.00039,-0.01798,5962.30294,0.25000 ===
225.85942|I|libbeamng.print:18052| === LSTM_TRACE t=90 v=22.67 ws=19.69,16.79,18.50,20.63 cmd=0.746,0.749,0.818,0.802 cap=2333,2344,1590,1557 des=2333,2344,1392,1363 app=2333,2344,1392,1363 abs=nil,nil,nil,nil ebrake=1.00 ibrake=1.00 hasABS=0 sy=11.29 split=1.000,0.875 ===
225.85947|I|libbeamng.print:18052| === LSTM_OBS t=90 19.68751,16.79111,18.49663,20.63189,0.12022,11.29187,-9.71352,-0.01263,0.00000,0.00000,0.00335,1.00000,0.00000,0.00028,-0.01712,5720.40561,0.25000 ===
225.90955|I|libbeamng.print:18052| === LSTM_TRACE t=100 v=22.10 ws=18.91,14.15,17.29,20.28 cmd=0.608,0.618,0.833,0.813 cap=2297,2257,1582,1545 des=2297,2257,1384,1352 app=2297,2257,1384,1352 abs=nil,nil,nil,nil ebrake=1.00 ibrake=1.00 hasABS=0 sy=11.37 split=1.000,0.875 ===
225.90961|I|libbeamng.print:18052| === LSTM_OBS t=100 18.90869,14.15182,17.28851,20.27552,0.13802,11.36797,-9.64428,-0.02105,0.00000,0.00000,0.00354,1.00000,0.00000,0.00040,-0.01621,5478.10795,0.25000 ===
225.95918|I|libbeamng.print:18052| === LSTM_TRACE t=110 v=21.54 ws=18.73,11.06,15.90,19.88 cmd=0.835,0.827,0.841,0.837 cap=2072,2094,1647,1629 des=2072,2094,1441,1425 app=2072,2094,1441,1425 abs=nil,nil,nil,nil ebrake=1.00 ibrake=1.00 hasABS=0 sy=11.39 split=1.000,0.875 ===
225.95922|I|libbeamng.print:18052| === LSTM_OBS t=110 18.73371,11.05848,15.89895,19.87676,0.13640,11.38910,-9.62870,-0.01732,0.00000,0.00000,0.00392,1.00000,0.00000,0.00062,-0.01541,5232.34094,0.25000 ===
226.00920|I|libbeamng.print:18052| === LSTM_TRACE t=120 v=20.99 ws=18.16,6.46,14.47,19.59 cmd=0.726,0.711,0.849,0.844 cap=2374,2327,1644,1631 des=2374,2327,1438,1427 app=2374,2327,1438,1427 abs=nil,nil,nil,nil ebrake=1.00 ibrake=1.00 hasABS=0 sy=11.33 split=1.000,0.875 ===
226.00924|I|libbeamng.print:18052| === LSTM_OBS t=120 18.16194,6.45635,14.46550,19.59015,0.13892,11.33429,-9.60199,-0.00294,0.00000,0.00000,0.00401,1.00000,0.00000,0.00092,-0.01471,4983.80123,0.25000 ===
226.05934|I|libbeamng.print:18052| === LSTM_TRACE t=130 v=20.43 ws=17.83,2.07,12.69,19.57 cmd=0.729,0.728,0.840,0.855 cap=1950,1927,1619,1638 des=1950,1927,1417,1433 app=1950,1927,1417,1433 abs=nil,nil,nil,nil ebrake=1.00 ibrake=1.00 hasABS=0 sy=11.26 split=1.000,0.875 ===
226.05941|I|libbeamng.print:18052| === LSTM_OBS t=130 17.82890,2.06970,12.69373,19.57081,0.11526,11.25601,-9.60566,-0.01400,0.00000,0.00000,0.00331,1.00000,0.00000,0.00130,-0.01409,4729.09249,0.25000 ===
226.10927|I|libbeamng.print:18052| === LSTM_TRACE t=140 v=19.91 ws=17.98,0.06,11.46,19.02 cmd=0.821,0.808,0.760,0.781 cap=2163,2176,1515,1551 des=2163,2176,1326,1357 app=2163,2176,1326,1357 abs=nil,nil,nil,nil ebrake=1.00 ibrake=1.00 hasABS=0 sy=11.10 split=1.000,0.875 ===
226.10931|I|libbeamng.print:18052| === LSTM_OBS t=140 17.98312,0.05978,11.45775,19.02119,0.05176,11.09620,-9.65485,-0.00394,0.00000,0.00000,0.00486,1.00000,0.00000,0.00109,-0.01302,4478.98902,0.25000 ===
226.15930|I|libbeamng.print:18052| === LSTM_TRACE t=150 v=19.38 ws=17.58,0.06,10.83,18.73 cmd=0.625,0.602,0.591,0.617 cap=2225,2147,1187,1257 des=2225,2147,1038,1100 app=2225,2147,1038,1100 abs=nil,nil,nil,nil ebrake=1.00 ibrake=1.00 hasABS=0 sy=10.93 split=1.000,0.875 ===
226.15934|I|libbeamng.print:18052| === LSTM_OBS t=150 17.57774,0.06121,10.83276,18.72687,0.02272,10.92504,-9.64231,-0.00082,0.00000,0.00000,0.00424,1.00000,0.00000,0.00168,-0.01188,4273.51400,0.25000 ===
226.20940|I|libbeamng.print:18052| === LSTM_TRACE t=160 v=18.86 ws=17.94,0.06,10.69,18.19 cmd=0.552,0.554,0.530,0.553 cap=1556,1562,1026,1064 des=1556,1562,898,931 app=1556,1561,898,931 abs=nil,nil,nil,nil ebrake=1.00 ibrake=1.00 hasABS=0 sy=10.79 split=1.000,0.875 ===
226.20944|I|libbeamng.print:18052| === LSTM_OBS t=160 17.93948,0.06355,10.68634,18.19309,0.02653,10.78753,-9.70983,-0.00719,0.00000,0.00000,0.00239,1.00000,0.00000,0.00188,-0.01114,4154.03067,0.25000 ===
226.25957|I|libbeamng.print:18052| === LSTM_TRACE t=170 v=18.36 ws=17.91,0.16,10.78,17.63 cmd=0.763,0.736,0.537,0.559 cap=1854,1855,1079,1113 des=1854,1855,944,974 app=1660,1645,944,974 abs=nil,nil,nil,nil ebrake=1.00 ibrake=1.00 hasABS=0 sy=10.61 split=1.000,0.875 ===
226.25961|I|libbeamng.print:18052| === LSTM_OBS t=170 17.91254,0.16374,10.77750,17.62919,0.10301,10.61003,-9.74022,-0.01708,0.00000,0.00000,0.00433,1.00000,0.00000,0.00126,-0.01119,4089.70509,0.25000 ===
226.30968|I|libbeamng.print:18052| === LSTM_TRACE t=180 v=17.88 ws=17.44,0.18,10.74,16.98 cmd=0.730,0.696,0.566,0.571 cap=2048,2023,1125,1138 des=2048,2023,984,996 app=1713,1787,984,996 abs=nil,nil,nil,nil ebrake=1.00 ibrake=1.00 hasABS=0 sy=10.39 split=1.000,0.875 ===
226.30972|I|libbeamng.print:18052| === LSTM_OBS t=180 17.44481,0.18003,10.73594,16.98244,0.16338,10.39179,-9.77632,-0.01798,0.00000,0.00000,0.00478,1.00000,0.00000,0.00048,-0.01161,4022.05302,0.25000 ===
226.35937|I|libbeamng.print:18052| === LSTM_TRACE t=190 v=17.41 ws=17.21,0.19,10.64,16.37 cmd=0.786,0.754,0.601,0.604 cap=2047,2054,1194,1192 des=2047,2054,1045,1043 app=1602,1724,1045,1043 abs=nil,nil,nil,nil ebrake=1.00 ibrake=1.00 hasABS=0 sy=10.15 split=1.000,0.875 ===
226.35941|I|libbeamng.print:18052| === LSTM_OBS t=190 17.20702,0.19039,10.64415,16.36522,0.21437,10.14666,-9.76232,-0.03475,0.00000,0.00000,0.00618,1.00000,0.00000,-0.00036,-0.01193,3930.27166,0.25000 ===
226.40948|I|libbeamng.print:18052| === LSTM_TRACE t=200 v=16.94 ws=16.57,0.39,9.90,15.82 cmd=0.779,0.749,0.629,0.635 cap=2190,2195,1267,1277 des=2190,2195,1109,1117 app=1623,1755,1109,1117 abs=nil,nil,nil,nil ebrake=1.00 ibrake=1.00 hasABS=0 sy=9.92 split=1.000,0.875 ===
226.40952|I|libbeamng.print:18052| === LSTM_OBS t=200 16.57455,0.39220,9.89660,15.81932,0.28696,9.92149,-9.69463,-0.04380,0.00000,0.00000,0.00527,1.00000,0.00000,-0.00129,-0.01172,3828.33293,0.25000 ===
226.45933|I|libbeamng.print:18052| === LSTM_TRACE t=210 v=16.46 ws=16.04,0.22,8.67,14.19 cmd=0.806,0.777,0.671,0.676 cap=2428,2432,1347,1378 des=2428,2432,1179,1206 app=1715,1880,1179,1206 abs=nil,nil,nil,nil ebrake=1.00 ibrake=1.00 hasABS=0 sy=9.81 split=1.000,0.875 ===
226.45937|I|libbeamng.print:18052| === LSTM_OBS t=210 16.03562,0.22167,8.67089,14.18985,0.37035,9.81178,-9.64898,-0.05396,0.00000,0.00000,0.00554,1.00000,0.00000,-0.00242,-0.01133,3740.24091,0.25000 ===
226.50945|I|libbeamng.print:18052| === LSTM_TRACE t=220 v=15.96 ws=15.31,0.09,7.58,13.17 cmd=0.785,0.750,0.715,0.722 cap=2690,2630,1389,1428 des=2690,2630,1215,1249 app=2265,2169,1215,1249 abs=nil,nil,nil,nil ebrake=1.00 ibrake=1.00 hasABS=0 sy=9.83 split=1.000,0.875 ===
226.50953|I|libbeamng.print:18052| === LSTM_OBS t=220 15.30666,0.08739,7.58046,13.16743,0.41185,9.83014,-9.61786,-0.05766,0.00000,0.00000,0.00610,1.00000,0.00000,-0.00331,-0.01098,3618.43499,0.25000 ===
226.55964|I|libbeamng.print:18052| === LSTM_TRACE t=230 v=15.42 ws=14.52,0.05,6.31,12.02 cmd=0.849,0.832,0.760,0.766 cap=2476,2477,1487,1505 des=2476,2477,1301,1317 app=2169,2251,1301,1317 abs=nil,nil,nil,nil ebrake=1.00 ibrake=1.00 hasABS=0 sy=10.00 split=1.000,0.875 ===
226.55969|I|libbeamng.print:18052| === LSTM_OBS t=230 14.52331,0.05089,6.30690,12.02485,0.41330,9.99680,-9.61211,-0.03754,0.00000,0.00000,0.00655,1.00000,0.00000,-0.00330,-0.01088,3460.97718,0.25000 ===
226.60977|I|libbeamng.print:18052| === LSTM_TRACE t=240 v=14.88 ws=13.41,0.09,4.85,11.02 cmd=0.852,0.832,0.788,0.786 cap=2542,2523,1554,1547 des=2542,2523,1360,1353 app=2436,2457,1360,1353 abs=nil,nil,nil,nil ebrake=1.00 ibrake=1.00 hasABS=0 sy=10.18 split=1.000,0.875 ===
226.60981|I|libbeamng.print:18052| === LSTM_OBS t=240 13.40569,0.08513,4.85240,11.01988,0.42031,10.18125,-9.63611,-0.03241,0.00000,0.00000,0.00465,1.00000,0.00000,-0.00314,-0.01074,3272.50583,0.25000 ===
226.65944|I|libbeamng.print:18052| === LSTM_TRACE t=250 v=14.33 ws=11.22,0.01,3.88,10.10 cmd=0.740,0.722,0.810,0.793 cap=2522,2464,1572,1548 des=2522,2464,1376,1355 app=2522,2453,1376,1355 abs=nil,nil,nil,nil ebrake=1.00 ibrake=1.00 hasABS=0 sy=10.41 split=1.000,0.875 ===
226.65949|I|libbeamng.print:18052| === LSTM_OBS t=250 11.22014,0.00596,3.88308,10.09545,0.41569,10.40729,-9.69549,-0.03027,0.00000,0.00000,0.00357,1.00000,0.00000,-0.00238,-0.01080,3072.60284,0.25000 ===
226.70945|I|libbeamng.print:18052| === LSTM_TRACE t=260 v=13.79 ws=9.08,0.05,3.23,10.17 cmd=0.687,0.681,0.831,0.826 cap=2009,1975,1606,1595 des=2009,1975,1405,1395 app=2009,1966,1405,1395 abs=nil,nil,nil,nil ebrake=1.00 ibrake=1.00 hasABS=0 sy=10.54 split=1.000,0.875 ===
226.70950|I|libbeamng.print:18052| === LSTM_OBS t=260 9.08002,0.05279,3.22746,10.17336,0.42167,10.54232,-9.76427,-0.01615,0.00000,0.00000,0.00198,1.00000,0.00000,-0.00152,-0.01111,2857.48496,0.25000 ===
226.76051|I|libbeamng.print:18052| === LSTM_TRACE t=270 v=13.28 ws=7.51,0.06,2.28,9.58 cmd=0.760,0.744,0.820,0.827 cap=2212,2181,1616,1631 des=2212,2181,1414,1427 app=2212,2170,1414,1427 abs=nil,nil,nil,nil ebrake=1.00 ibrake=1.00 hasABS=0 sy=10.49 split=1.000,0.875 ===
226.76056|I|libbeamng.print:18052| === LSTM_OBS t=270 7.51442,0.05587,2.27694,9.58344,0.38922,10.49186,-9.75765,-0.02086,0.00000,0.00000,0.00315,1.00000,0.00000,-0.00128,-0.01079,2638.35597,0.25000 ===
226.81065|I|libbeamng.print:18052| === LSTM_TRACE t=280 v=12.77 ws=6.18,0.09,1.18,9.14 cmd=0.837,0.813,0.819,0.838 cap=2719,2667,1597,1643 des=2719,2667,1397,1438 app=2369,2360,1397,1438 abs=nil,nil,nil,nil ebrake=1.00 ibrake=1.00 hasABS=0 sy=10.44 split=1.000,0.875 ===
226.81069|I|libbeamng.print:18052| === LSTM_OBS t=280 6.17807,0.09112,1.18437,9.13873,0.33880,10.43563,-9.70537,-0.02376,0.00000,0.00000,0.00570,1.00000,0.00000,-0.00115,-0.01039,2419.88800,0.25000 ===
226.85825|I|libbeamng.print:18052| === LSTM_TRACE t=290 v=12.24 ws=3.41,0.14,1.39,8.50 cmd=0.787,0.763,0.838,0.857 cap=2708,2640,1628,1678 des=2708,2640,1424,1469 app=2701,2625,1424,1469 abs=nil,nil,nil,nil ebrake=1.00 ibrake=1.00 hasABS=0 sy=10.45 split=1.000,0.875 ===
226.85830|I|libbeamng.print:18052| === LSTM_OBS t=290 3.41466,0.13725,1.39140,8.49666,0.32153,10.44539,-9.74901,-0.00915,0.00000,0.00000,0.00608,1.00000,0.00000,-0.00139,-0.00955,2225.92452,0.25000 ===
226.90765|I|libbeamng.print:18052| === LSTM_TRACE t=300 v=11.73 ws=0.13,0.05,0.14,8.50 cmd=0.971,0.964,0.878,0.912 cap=2973,2952,1700,1700 des=2973,2952,1488,1488 app=2973,2934,1486,1488 abs=nil,nil,nil,nil ebrake=1.00 ibrake=1.00 hasABS=0 sy=10.40 split=1.000,0.875 ===
226.90769|I|libbeamng.print:18052| === LSTM_OBS t=300 0.13060,0.04559,0.13662,8.49719,0.26045,10.40241,-9.83063,-0.01303,0.00000,0.00000,0.00542,1.00000,0.00000,0.00035,-0.00865,2000.80919,0.25000 ===
226.95761|I|libbeamng.print:18052| === LSTM_TRACE t=310 v=11.24 ws=0.02,0.02,0.08,7.68 cmd=0.995,0.996,0.883,0.888 cap=3086,3088,1700,1700 des=3086,3088,1488,1488 app=3086,3068,1486,1488 abs=nil,nil,nil,nil ebrake=1.00 ibrake=1.00 hasABS=0 sy=10.24 split=1.000,0.875 ===
226.95765|I|libbeamng.print:18052| === LSTM_OBS t=310 0.01614,0.02055,0.07846,7.67934,0.29124,10.23841,-9.70146,-0.02570,0.00000,0.00000,0.00297,1.00000,0.00000,0.00102,-0.00748,1780.30000,0.25000 ===
227.00714|I|libbeamng.print:18052| === LSTM_TRACE t=320 v=10.72 ws=0.01,0.00,0.06,6.63 cmd=0.995,0.996,0.882,0.889 cap=3085,3087,1700,1700 des=3085,3087,1488,1488 app=3085,3066,1485,1488 abs=nil,nil,nil,nil ebrake=1.00 ibrake=1.00 hasABS=0 sy=10.21 split=1.000,0.875 ===
227.00719|I|libbeamng.print:18052| === LSTM_OBS t=320 0.01105,0.00059,0.05858,6.63322,0.29293,10.20893,-9.67113,-0.02397,0.00000,0.00000,0.00369,1.00000,0.00000,0.00113,-0.00689,1583.12644,0.25000 ===
227.05725|I|libbeamng.print:18052| === LSTM_TRACE t=330 v=10.21 ws=0.02,0.01,0.01,5.64 cmd=0.996,0.996,0.888,0.889 cap=3086,3088,1700,1700 des=3086,3088,1488,1488 app=3086,3066,1485,1488 abs=nil,nil,nil,nil ebrake=1.00 ibrake=1.00 hasABS=0 sy=10.20 split=1.000,0.875 ===
227.05729|I|libbeamng.print:18052| === LSTM_OBS t=330 0.01846,0.00601,0.01430,5.64447,0.27109,10.19875,-9.69009,-0.03286,0.00000,0.00000,0.00384,1.00000,0.00000,0.00126,-0.00645,1377.26998,0.25000 ===
227.10659|I|libbeamng.print:18052| === LSTM_TRACE t=340 v=9.69 ws=0.02,0.00,0.01,4.69 cmd=0.996,0.997,0.891,0.890 cap=3087,3089,1700,1700 des=3087,3089,1488,1488 app=3087,3066,1484,1488 abs=nil,nil,nil,nil ebrake=1.00 ibrake=1.00 hasABS=0 sy=10.25 split=1.000,0.875 ===
227.10666|I|libbeamng.print:18052| === LSTM_OBS t=340 0.01912,0.00367,0.01148,4.69238,0.27386,10.25344,-9.73106,-0.03706,0.00000,0.00000,0.00384,1.00000,0.00000,0.00117,-0.00646,1181.43033,0.25000 ===
227.15697|I|libbeamng.print:18052| === LSTM_TRACE t=350 v=9.17 ws=0.01,0.02,0.00,3.53 cmd=0.996,0.997,0.894,0.890 cap=3088,3090,1700,1700 des=3088,3090,1488,1488 app=3088,3066,1484,1488 abs=nil,nil,nil,nil ebrake=1.00 ibrake=1.00 hasABS=0 sy=10.32 split=1.000,0.875 ===
227.15702|I|libbeamng.print:18052| === LSTM_OBS t=350 0.01338,0.02239,0.00148,3.53316,0.26783,10.32068,-9.77987,-0.04026,0.00000,0.00000,0.00424,1.00000,0.00000,0.00073,-0.00690,993.18146,0.25000 ===
227.20767|I|libbeamng.print:18052| === LSTM_TRACE t=360 v=8.64 ws=0.00,0.01,0.11,1.96 cmd=0.996,0.997,0.895,0.891 cap=3089,3090,1700,1700 des=3089,3090,1488,1488 app=3089,3066,1484,1488 abs=nil,nil,nil,nil ebrake=1.00 ibrake=1.00 hasABS=0 sy=10.33 split=1.000,0.875 ===
227.20772|I|libbeamng.print:18052| === LSTM_OBS t=360 0.00052,0.00622,0.10754,1.96049,0.29064,10.32926,-9.80835,-0.03899,0.00000,0.00000,0.00338,1.00000,0.00000,0.00039,-0.00763,808.02248,0.25000 ===
227.25683|I|libbeamng.print:18052| === LSTM_TRACE t=370 v=8.14 ws=0.01,0.00,0.10,0.10 cmd=0.996,0.997,0.897,0.888 cap=3088,3091,1700,1700 des=3088,3091,1488,1488 app=3088,3066,1483,1488 abs=nil,nil,nil,nil ebrake=1.00 ibrake=1.00 hasABS=0 sy=10.30 split=1.000,0.875 ===
227.25688|I|libbeamng.print:18052| === LSTM_OBS t=370 0.00973,0.00099,0.09816,0.09873,0.28959,10.29774,-9.76291,-0.05084,0.00000,0.00000,0.00559,1.00000,0.00000,-0.00009,-0.00802,735.74595,0.25000 ===
227.30911|I|libbeamng.print:18052| === LSTM_TRACE t=380 v=7.63 ws=0.01,0.01,0.00,0.02 cmd=0.996,0.997,0.899,0.890 cap=3089,3091,1700,1700 des=3089,3091,1488,1488 app=3089,3065,1483,1488 abs=nil,nil,nil,nil ebrake=1.00 ibrake=1.00 hasABS=0 sy=10.26 split=1.000,0.875 ===
227.30918|I|libbeamng.print:18052| === LSTM_OBS t=380 0.01198,0.00520,0.00469,0.02420,0.26187,10.25602,-9.73024,-0.04070,0.00000,0.00000,0.00494,1.00000,0.00000,-0.00057,-0.00800,731.12207,0.25000 ===
227.35846|I|libbeamng.print:18052| === LSTM_TRACE t=390 v=7.11 ws=0.00,0.00,0.01,0.01 cmd=0.997,0.997,0.900,0.890 cap=3089,3091,1700,1700 des=3089,3091,1488,1488 app=3089,3065,1483,1488 abs=nil,nil,nil,nil ebrake=1.00 ibrake=1.00 hasABS=0 sy=10.27 split=1.000,0.875 ===
227.35875|I|libbeamng.print:18052| === LSTM_OBS t=390 0.00498,0.00206,0.01303,0.00851,0.26033,10.27294,-9.70603,-0.04221,0.00000,0.00000,0.00445,1.00000,0.00000,-0.00101,-0.00785,728.69325,0.25000 ===
227.40978|I|libbeamng.print:18052| === LSTM_TRACE t=400 v=6.58 ws=0.00,0.00,0.06,0.01 cmd=0.997,0.997,0.901,0.891 cap=3089,3091,1700,1700 des=3089,3091,1488,1488 app=3089,3064,1482,1488 abs=nil,nil,nil,nil ebrake=1.00 ibrake=1.00 hasABS=0 sy=10.34 split=1.000,0.875 ===
227.40985|I|libbeamng.print:18052| === LSTM_OBS t=400 0.00211,0.00055,0.06217,0.00626,0.26604,10.34274,-9.69468,-0.03842,0.00000,0.00000,0.00459,1.00000,0.00000,-0.00135,-0.00772,730.54034,0.25000 ===
227.46000|I|libbeamng.print:18052| === LSTM_TRACE t=410 v=6.04 ws=0.01,0.00,0.07,0.01 cmd=0.997,0.997,0.901,0.892 cap=3089,3091,1700,1700 des=3089,3091,1488,1488 app=3089,3064,1482,1488 abs=nil,nil,nil,nil ebrake=1.00 ibrake=1.00 hasABS=0 sy=10.45 split=1.000,0.875 ===
227.46005|I|libbeamng.print:18052| === LSTM_OBS t=410 0.00703,0.00006,0.06868,0.00939,0.28402,10.44809,-9.69399,-0.03922,0.00000,0.00000,0.00507,1.00000,0.00000,-0.00159,-0.00769,728.40683,0.25000 ===
227.50866|I|libbeamng.print:18052| === LSTM_TRACE t=420 v=5.50 ws=0.00,0.00,0.06,0.00 cmd=0.997,0.997,0.902,0.893 cap=3090,3091,1700,1700 des=3090,3091,1488,1488 app=3088,3063,1482,1488 abs=nil,nil,nil,nil ebrake=1.00 ibrake=1.00 hasABS=0 sy=10.55 split=1.000,0.875 ===
227.50871|I|libbeamng.print:18052| === LSTM_OBS t=420 0.00123,0.00377,0.06008,0.00317,0.30864,10.55267,-9.70611,-0.03847,0.00000,0.00000,0.00527,1.00000,0.00000,-0.00176,-0.00774,730.26740,0.25000 ===
227.55839|I|libbeamng.print:18052| === LSTM_TRACE t=430 v=4.95 ws=0.00,0.00,0.06,0.00 cmd=0.997,0.997,0.903,0.894 cap=3090,3091,1700,1700 des=3090,3091,1488,1488 app=3087,3063,1482,1488 abs=nil,nil,nil,nil ebrake=1.00 ibrake=1.00 hasABS=0 sy=10.65 split=1.000,0.875 ===
227.55843|I|libbeamng.print:18052| === LSTM_OBS t=430 0.00341,0.00017,0.06438,0.00114,0.32564,10.64657,-9.71532,-0.03902,0.00000,0.00000,0.00545,1.00000,0.00000,-0.00196,-0.00783,727.22800,0.25000 ===
227.60833|I|libbeamng.print:18052| === LSTM_TRACE t=440 v=4.40 ws=0.00,0.00,0.06,0.01 cmd=0.997,0.997,0.903,0.894 cap=3090,3091,1700,1700 des=3090,3091,1488,1488 app=3087,3062,1482,1488 abs=nil,nil,nil,nil ebrake=1.00 ibrake=1.00 hasABS=0 sy=10.74 split=1.000,0.875 ===
227.60837|I|libbeamng.print:18052| === LSTM_OBS t=440 0.00159,0.00107,0.06278,0.00604,0.34766,10.74274,-9.71762,-0.03742,0.00000,0.00000,0.00545,1.00000,0.00000,-0.00216,-0.00793,729.28869,0.25000 ===
227.65849|I|libbeamng.print:18052| === LSTM_TRACE t=450 v=3.84 ws=0.00,0.00,0.06,0.00 cmd=0.997,0.997,0.903,0.894 cap=3090,3091,1700,1700 des=3090,3091,1488,1488 app=3086,3062,1482,1488 abs=nil,nil,nil,nil ebrake=1.00 ibrake=1.00 hasABS=0 sy=10.85 split=1.000,0.875 ===
227.65853|I|libbeamng.print:18052| === LSTM_OBS t=450 0.00473,0.00128,0.06018,0.00398,0.37186,10.84970,-9.72352,-0.03840,0.00000,0.00000,0.00567,1.00000,0.00000,-0.00239,-0.00807,726.73148,0.25000 ===
227.70849|I|libbeamng.print:18052| === LSTM_TRACE t=460 v=3.28 ws=0.00,0.00,0.11,0.01 cmd=0.997,0.997,0.903,0.895 cap=3090,3091,1700,1700 des=3090,3091,1488,1488 app=3085,3062,1481,1488 abs=nil,nil,nil,nil ebrake=1.00 ibrake=1.00 hasABS=0 sy=10.96 split=1.000,0.875 ===
227.70857|I|libbeamng.print:18052| === LSTM_OBS t=460 0.00210,0.00210,0.11203,0.01441,0.39770,10.96032,-9.72891,-0.03712,0.00000,0.00000,0.00586,1.00000,0.00000,-0.00259,-0.00823,729.35634,0.25000 ===
227.75854|I|libbeamng.print:18052| === LSTM_TRACE t=470 v=2.69 ws=0.00,0.00,1.22,0.04 cmd=0.997,0.997,0.904,0.895 cap=3090,3091,1700,1700 des=3090,3091,1488,1488 app=3085,3061,1481,1488 abs=nil,nil,nil,nil ebrake=1.00 ibrake=1.00 hasABS=0 sy=11.11 split=1.000,0.875 ===
227.75858|I|libbeamng.print:18052| === LSTM_OBS t=470 0.00292,0.00145,1.21654,0.03632,0.41034,11.11374,-9.75552,-0.02839,0.00000,0.00000,0.00593,1.00000,0.00000,-0.00251,-0.00853,727.17967,0.25000 ===
227.80878|I|libbeamng.print:18052| === LSTM_TRACE t=480 v=2.10 ws=0.00,0.00,1.18,0.02 cmd=0.997,0.997,0.905,0.901 cap=3091,3092,1700,1700 des=3091,3092,1488,1488 app=3086,3062,1481,1488 abs=nil,nil,nil,nil ebrake=1.00 ibrake=1.00 hasABS=0 sy=11.30 split=1.000,0.875 ===
227.80882|I|libbeamng.print:18052| === LSTM_OBS t=480 0.00014,0.00114,1.17956,0.01724,0.46991,11.29710,-9.76913,-0.01397,0.00000,0.00000,0.00592,1.00000,0.00000,-0.00205,-0.00909,729.39833,0.25000 ===
227.85836|I|libbeamng.print:18052| === LSTM_TRACE t=490 v=1.53 ws=0.00,0.00,0.09,0.01 cmd=0.997,0.997,0.905,0.904 cap=3092,3092,1700,1700 des=3092,3092,1488,1488 app=3086,3061,1481,1488 abs=nil,nil,nil,nil ebrake=1.00 ibrake=1.00 hasABS=0 sy=11.38 split=1.000,0.875 ===
227.85840|I|libbeamng.print:18052| === LSTM_OBS t=490 0.00496,0.00266,0.09336,0.00881,0.52903,11.38054,-9.70196,-0.01371,0.00000,0.00000,0.00595,1.00000,0.00000,-0.00248,-0.00953,727.65585,0.25000 ===
227.90900|I|libbeamng.print:18052| === LSTM_TRACE t=500 v=0.94 ws=0.00,0.00,0.19,0.01 cmd=0.997,0.997,0.906,0.905 cap=3092,3092,1700,1700 des=3092,3092,1488,1488 app=3085,3061,1481,1488 abs=nil,nil,nil,nil ebrake=1.00 ibrake=1.00 hasABS=0 sy=11.45 split=1.000,0.875 ===
227.90904|I|libbeamng.print:18052| === LSTM_OBS t=500 0.00042,0.00143,0.18758,0.00886,0.52714,11.44551,-9.68181,-0.01055,0.00000,0.00000,0.00621,1.00000,0.00000,-0.00310,-0.00963,730.01658,0.25000 ===
232.13335|I|libbeamng.print:18052| === LSTM_ABS: lens 'band_g_mix_keepy_s0' loaded (1 member, 17 in, 64 hidden, 2 layers) ===
232.13492|I|libbeamng.print:18052| === LSTM_ABS SELFTEST lens=band_g_mix_keepy_s0 cmd=0.970460,0.949989,0.378219,0.448626 ===
262.18523|I|libbeamng.print:18052| === LSTM_TRACE t=0 v=27.70 ws=27.66,27.75,27.35,27.42 cmd=0.929,0.918,0.633,0.658 cap=155,155,97,97 des=155,155,85,85 app=154,153,84,85 abs=nil,nil,nil,nil ebrake=1.00 ibrake=1.00 hasABS=0 sy=1.58 split=1.000,0.875 ===
262.18527|I|libbeamng.print:18052| === LSTM_OBS t=0 27.66325,27.74605,27.35102,27.42134,-0.04534,1.57512,-9.76817,0.00168,0.00000,0.00000,0.00000,1.00000,0.00000,0.00096,-0.00907,7856.69214,0.25000 ===
262.23576|I|libbeamng.print:18052| === LSTM_TRACE t=10 v=27.36 ws=24.88,24.62,26.49,26.63 cmd=0.679,0.745,0.757,0.743 cap=2077,2281,1460,1430 des=2077,2281,1278,1251 app=2063,2252,1267,1250 abs=nil,nil,nil,nil ebrake=1.00 ibrake=1.00 hasABS=0 sy=2.20 split=1.000,0.875 ===
262.23580|I|libbeamng.print:18052| === LSTM_OBS t=10 24.88174,24.61926,26.49089,26.62854,-0.05610,2.20085,-9.78874,0.00468,0.00000,0.00000,0.00229,1.00000,0.00000,0.00103,-0.01024,7760.48667,0.25000 ===
262.25615|I|libbeamng.print:18052| === LSTM_ABS DBG raw=24.6092,23.8160,26.1660,26.2364,-0.0479,2.9729,-9.6770,0.0086,0.0000,0.0000,0.0028,1.0000,0.0000,0.0010,-0.0116,7659.2560,0.2500 ===
262.25618|I|libbeamng.print:18052| === LSTM_ABS DBG norm=0.45,0.34,0.50,0.48,-0.20,-1.99,0.00,0.08,0.06,-0.06,0.03,0.59,-0.02,0.00,0.00,3.79,0.00 ===
262.25618|I|libbeamng.print:18052| === LSTM_ABS DBG cmd=0.6894,0.7590,0.7514,0.7390 ===
262.28525|I|libbeamng.print:18052| === LSTM_TRACE t=20 v=26.85 ws=24.70,22.87,25.49,25.59 cmd=0.714,0.781,0.718,0.709 cap=2237,2439,1411,1394 des=2237,2439,1234,1219 app=2227,2416,1228,1219 abs=nil,nil,nil,nil ebrake=1.00 ibrake=1.00 hasABS=0 sy=4.24 split=1.000,0.875 ===
262.28529|I|libbeamng.print:18052| === LSTM_OBS t=20 24.70256,22.87159,25.49260,25.58516,-0.00351,4.24207,-9.48754,-0.00769,0.00000,0.00000,0.00254,1.00000,0.00000,0.00114,-0.01372,7477.06549,0.25000 ===
262.33907|I|libbeamng.print:18052| === LSTM_TRACE t=30 v=26.31 ws=24.05,20.78,24.38,24.84 cmd=0.752,0.806,0.701,0.698 cap=2327,2497,1364,1357 des=2327,2497,1194,1187 app=2322,2481,1190,1187 abs=nil,nil,nil,nil ebrake=1.00 ibrake=1.00 hasABS=0 sy=6.14 split=1.000,0.875 ===
262.33911|I|libbeamng.print:18052| === LSTM_OBS t=30 24.05056,20.77716,24.37552,24.83796,-0.04571,6.13831,-9.37940,-0.01982,0.00000,0.00000,0.00326,1.00000,0.00000,0.00167,-0.01626,7168.63597,0.25000 ===
262.38513|I|libbeamng.print:18052| === LSTM_TRACE t=40 v=25.73 ws=23.69,17.92,23.64,24.23 cmd=0.755,0.791,0.710,0.713 cap=2370,2484,1399,1404 des=2370,2484,1224,1229 app=2368,2472,1222,1229 abs=nil,nil,nil,nil ebrake=1.00 ibrake=1.00 hasABS=0 sy=7.58 split=1.000,0.875 ===
262.38517|I|libbeamng.print:18052| === LSTM_OBS t=40 23.68769,17.92181,23.63855,24.23019,-0.05112,7.58293,-9.39572,0.00020,0.00000,0.00000,0.00305,1.00000,0.00000,0.00194,-0.01778,6968.80499,0.25000 ===
262.43556|I|libbeamng.print:18052| === LSTM_TRACE t=50 v=25.14 ws=23.48,14.66,22.82,23.76 cmd=0.730,0.755,0.749,0.758 cap=2051,2165,1378,1383 des=2051,2165,1206,1210 app=2051,2157,1205,1210 abs=nil,nil,nil,nil ebrake=1.00 ibrake=1.00 hasABS=0 sy=8.78 split=1.000,0.875 ===
262.43560|I|libbeamng.print:18052| === LSTM_OBS t=50 23.47843,14.65662,22.81985,23.75518,-0.06592,8.78196,-9.56406,0.01239,0.00000,0.00000,0.00360,1.00000,0.00000,0.00235,-0.01891,6764.32291,0.25000 ===
262.48908|I|libbeamng.print:18052| === LSTM_TRACE t=60 v=24.59 ws=23.19,12.05,21.80,23.13 cmd=0.681,0.696,0.742,0.749 cap=2220,2253,1456,1475 des=2220,2253,1274,1290 app=2220,2248,1274,1290 abs=nil,nil,nil,nil ebrake=1.00 ibrake=1.00 hasABS=0 sy=9.57 split=1.000,0.875 ===
262.48912|I|libbeamng.print:18052| === LSTM_OBS t=60 23.18953,12.05405,21.80237,23.13110,-0.10942,9.57352,-9.70681,0.00332,0.00000,0.00000,0.00335,1.00000,0.00000,0.00273,-0.01913,6536.35080,0.25000 ===
262.53903|I|libbeamng.print:18052| === LSTM_TRACE t=70 v=24.05 ws=22.97,9.97,20.82,22.69 cmd=0.670,0.667,0.755,0.769 cap=1946,1946,1458,1473 des=1946,1946,1275,1289 app=1946,1941,1275,1289 abs=nil,nil,nil,nil ebrake=1.00 ibrake=1.00 hasABS=0 sy=9.97 split=1.000,0.875 ===
262.53908|I|libbeamng.print:18052| === LSTM_OBS t=70 22.97258,9.97370,20.82018,22.69148,-0.12785,9.97201,-9.75285,0.01032,0.00000,0.00000,0.00326,1.00000,0.00000,0.00304,-0.01852,6327.97609,0.25000 ===
262.58555|I|libbeamng.print:18052| === LSTM_TRACE t=80 v=23.52 ws=22.51,8.93,19.93,22.22 cmd=0.580,0.564,0.738,0.747 cap=1802,1770,1417,1438 des=1802,1770,1240,1258 app=1802,1766,1240,1258 abs=nil,nil,nil,nil ebrake=1.00 ibrake=1.00 hasABS=0 sy=10.13 split=1.000,0.875 ===
262.58560|I|libbeamng.print:18052| === LSTM_OBS t=80 22.51216,8.93319,19.93020,22.21789,-0.12684,10.13267,-9.74157,-0.01843,0.00000,0.00000,0.00261,1.00000,0.00000,0.00311,-0.01726,6144.14564,0.25000 ===
262.63564|I|libbeamng.print:18052| === LSTM_TRACE t=90 v=23.00 ws=22.16,9.16,19.12,21.87 cmd=0.581,0.569,0.749,0.760 cap=1839,1788,1466,1486 des=1839,1788,1282,1300 app=1839,1785,1282,1300 abs=nil,nil,nil,nil ebrake=1.00 ibrake=1.00 hasABS=0 sy=10.19 split=1.000,0.875 ===
262.63568|I|libbeamng.print:18052| === LSTM_OBS t=90 22.16448,9.15730,19.12247,21.86732,-0.12266,10.19053,-9.67917,-0.01134,0.00000,0.00000,0.00254,1.00000,0.00000,0.00303,-0.01579,5951.53593,0.25000 ===
262.68564|I|libbeamng.print:18052| === LSTM_TRACE t=100 v=22.49 ws=21.68,9.63,18.31,21.32 cmd=0.566,0.560,0.745,0.754 cap=1710,1694,1443,1458 des=1710,1694,1262,1276 app=1710,1690,1262,1276 abs=nil,nil,nil,nil ebrake=1.00 ibrake=1.00 hasABS=0 sy=10.22 split=1.000,0.875 ===
262.68568|I|libbeamng.print:18052| === LSTM_OBS t=100 21.68121,9.63105,18.30865,21.31902,-0.07262,10.22084,-9.63563,-0.03596,0.00000,0.00000,0.00192,1.00000,0.00000,0.00262,-0.01444,5767.09385,0.25000 ===
262.75535|I|libbeamng.print:18052| === LSTM_TRACE t=110 v=21.97 ws=21.15,10.26,17.81,20.77 cmd=0.597,0.599,0.747,0.756 cap=1729,1745,1439,1452 des=1729,1745,1259,1271 app=1729,1742,1259,1271 abs=nil,nil,nil,nil ebrake=1.00 ibrake=1.00 hasABS=0 sy=10.26 split=1.000,0.875 ===
262.75539|I|libbeamng.print:18052| === LSTM_OBS t=110 21.14562,10.25981,17.80746,20.76633,-0.01980,10.25967,-9.60707,-0.03935,0.00000,0.00000,0.00234,1.00000,0.00000,0.00187,-0.01345,5591.69573,0.25000 ===
262.80376|I|libbeamng.print:18052| === LSTM_TRACE t=120 v=21.45 ws=20.58,10.49,16.88,20.16 cmd=0.559,0.570,0.727,0.728 cap=1842,1874,1464,1468 des=1842,1874,1281,1284 app=1842,1871,1281,1284 abs=nil,nil,nil,nil ebrake=1.00 ibrake=1.00 hasABS=0 sy=10.33 split=1.000,0.875 ===
262.80380|I|libbeamng.print:18052| === LSTM_OBS t=120 20.57628,10.49342,16.88023,20.16460,0.07677,10.33075,-9.60471,-0.04915,0.00000,0.00000,0.00315,1.00000,0.00000,0.00110,-0.01278,5415.33617,0.25000 ===
262.84965|I|libbeamng.print:18052| === LSTM_TRACE t=130 v=20.91 ws=20.18,10.53,16.33,19.76 cmd=0.636,0.641,0.744,0.742 cap=1752,1792,1409,1397 des=1752,1792,1233,1223 app=1752,1789,1233,1223 abs=nil,nil,nil,nil ebrake=1.00 ibrake=1.00 hasABS=0 sy=10.40 split=1.000,0.875 ===
262.84980|I|libbeamng.print:18052| === LSTM_OBS t=130 20.18304,10.53325,16.33124,19.76444,0.15989,10.40197,-9.61628,-0.04597,0.00000,0.00000,0.00278,1.00000,0.00000,0.00023,-0.01241,5256.09883,0.25000 ===
262.89903|I|libbeamng.print:18052| === LSTM_TRACE t=140 v=20.38 ws=19.56,10.17,15.94,19.12 cmd=0.658,0.662,0.739,0.727 cap=1874,1902,1447,1419 des=1874,1902,1266,1241 app=1874,1899,1266,1241 abs=nil,nil,nil,nil ebrake=1.00 ibrake=1.00 hasABS=0 sy=10.50 split=1.000,0.875 ===
262.89907|I|libbeamng.print:18052| === LSTM_OBS t=140 19.55642,10.17012,15.94220,19.12097,0.25719,10.49987,-9.65427,-0.05899,0.00000,0.00000,0.00335,1.00000,0.00000,-0.00046,-0.01229,5085.76002,0.25000 ===
262.94515|I|libbeamng.print:18052| === LSTM_TRACE t=150 v=19.84 ws=18.97,9.37,15.42,18.68 cmd=0.625,0.626,0.720,0.695 cap=1916,1932,1371,1324 des=1916,1932,1199,1159 app=1916,1930,1199,1159 abs=nil,nil,nil,nil ebrake=1.00 ibrake=1.00 hasABS=0 sy=10.57 split=1.000,0.875 ===
262.94519|I|libbeamng.print:18052| === LSTM_OBS t=150 18.97434,9.36647,15.42058,18.68350,0.32981,10.56857,-9.69441,-0.05648,0.00000,0.00000,0.00338,1.00000,0.00000,-0.00095,-0.01227,4936.43003,0.25000 ===
262.99454|I|libbeamng.print:18052| === LSTM_TRACE t=160 v=19.30 ws=18.44,8.44,14.50,18.33 cmd=0.593,0.595,0.690,0.655 cap=1826,1842,1358,1283 des=1826,1842,1188,1123 app=1826,1840,1188,1123 abs=nil,nil,nil,nil ebrake=1.00 ibrake=1.00 hasABS=0 sy=10.62 split=1.000,0.875 ===
262.99459|I|libbeamng.print:18052| === LSTM_OBS t=160 18.44179,8.44096,14.50171,18.32936,0.41137,10.62250,-9.73747,-0.05408,0.00000,0.00000,0.00392,1.00000,0.00000,-0.00127,-0.01240,4778.86419,0.25000 ===
263.04430|I|libbeamng.print:18052| === LSTM_TRACE t=170 v=18.77 ws=17.82,7.68,14.16,17.73 cmd=0.551,0.554,0.617,0.573 cap=2044,2029,1300,1233 des=2044,2029,1138,1079 app=2044,2026,1138,1079 abs=nil,nil,nil,nil ebrake=1.00 ibrake=1.00 hasABS=0 sy=10.63 split=1.000,0.875 ===
263.04435|I|libbeamng.print:18052| === LSTM_OBS t=170 17.82199,7.67869,14.16413,17.72927,0.50029,10.62789,-9.73050,-0.05424,0.00000,0.00000,0.00350,1.00000,0.00000,-0.00163,-0.01253,4639.24020,0.25000 ===
263.09378|I|libbeamng.print:18052| === LSTM_TRACE t=180 v=18.25 ws=17.44,7.04,14.08,17.20 cmd=0.538,0.538,0.559,0.514 cap=2174,2127,1264,1207 des=2174,2127,1106,1056 app=2053,2029,1106,1056 abs=nil,nil,nil,nil ebrake=1.00 ibrake=1.00 hasABS=0 sy=10.60 split=1.000,0.875 ===
263.09382|I|libbeamng.print:18052| === LSTM_OBS t=180 17.43697,7.03758,14.07988,17.20220,0.58014,10.60044,-9.75080,-0.05841,0.00000,0.00000,0.00364,1.00000,0.00000,-0.00191,-0.01272,4525.16646,0.25000 ===
263.14375|I|libbeamng.print:18052| === LSTM_TRACE t=190 v=17.71 ws=16.98,6.67,13.07,16.04 cmd=0.689,0.667,0.634,0.599 cap=1674,1636,1069,986 des=1674,1636,936,862 app=1674,1634,936,862 abs=nil,nil,nil,nil ebrake=1.00 ibrake=1.00 hasABS=0 sy=10.60 split=1.000,0.875 ===
263.14383|I|libbeamng.print:18052| === LSTM_OBS t=190 16.98130,6.66504,13.07178,16.03887,0.66739,10.59541,-9.75155,-0.03612,0.00000,0.00000,0.00395,1.00000,0.00000,-0.00231,-0.01311,4482.64707,0.25000 ===
263.18992|I|libbeamng.print:18052| === LSTM_TRACE t=200 v=17.19 ws=16.25,5.54,11.66,14.80 cmd=0.588,0.563,0.611,0.565 cap=1642,1599,978,893 des=1642,1599,856,782 app=1725,1677,856,782 abs=nil,nil,nil,nil ebrake=1.00 ibrake=1.00 hasABS=0 sy=10.59 split=1.000,0.875 ===
263.18998|I|libbeamng.print:18052| === LSTM_OBS t=200 16.25152,5.53820,11.65736,14.80328,0.71469,10.58947,-9.75012,-0.03690,0.00000,0.00000,0.00442,1.00000,0.00000,-0.00244,-0.01374,4463.66871,0.25000 ===
263.23980|I|libbeamng.print:18052| === LSTM_TRACE t=210 v=16.67 ws=15.99,5.34,10.32,13.88 cmd=0.634,0.621,0.487,0.439 cap=2691,2643,1214,1165 des=2691,2643,1062,1019 app=2268,2218,1062,1019 abs=nil,nil,nil,nil ebrake=1.00 ibrake=1.00 hasABS=0 sy=10.58 split=1.000,0.875 ===
263.23984|I|libbeamng.print:18052| === LSTM_OBS t=210 15.99493,5.33631,10.31692,13.88299,0.73829,10.57713,-9.74233,-0.04287,0.00000,0.00000,0.00494,1.00000,0.00000,-0.00262,-0.01435,4420.22313,0.25000 ===
263.28999|I|libbeamng.print:18052| === LSTM_TRACE t=220 v=16.15 ws=15.09,4.11,9.10,13.19 cmd=0.555,0.552,0.612,0.554 cap=2423,2362,1232,1153 des=2423,2362,1078,1009 app=2423,2358,1078,1009 abs=nil,nil,nil,nil ebrake=1.00 ibrake=1.00 hasABS=0 sy=10.49 split=1.000,0.875 ===
263.29004|I|libbeamng.print:18052| === LSTM_OBS t=220 15.09270,4.10953,9.10445,13.18680,0.76180,10.48802,-9.72671,-0.05776,0.00000,0.00000,0.00492,1.00000,0.00000,-0.00286,-0.01464,4342.95992,0.25000 ===
263.33980|I|libbeamng.print:18052| === LSTM_TRACE t=230 v=15.63 ws=14.89,2.19,7.78,12.59 cmd=0.522,0.516,0.712,0.674 cap=1655,1636,1324,1237 des=1655,1636,1158,1082 app=1692,1641,1158,1082 abs=nil,nil,nil,nil ebrake=1.00 ibrake=1.00 hasABS=0 sy=10.46 split=1.000,0.875 ===
263.33990|I|libbeamng.print:18052| === LSTM_OBS t=230 14.89429,2.19207,7.78240,12.58653,0.78965,10.46358,-9.71390,-0.03574,0.00000,0.00000,0.00465,1.00000,0.00000,-0.00359,-0.01446,4233.59472,0.25000 ===
263.38996|I|libbeamng.print:18052| === LSTM_TRACE t=240 v=15.14 ws=14.43,1.30,6.56,11.73 cmd=0.637,0.625,0.718,0.692 cap=2020,1980,1487,1440 des=2020,1980,1301,1260 app=2020,1976,1301,1260 abs=nil,nil,nil,nil ebrake=1.00 ibrake=1.00 hasABS=0 sy=10.34 split=1.000,0.875 ===
263.39003|I|libbeamng.print:18052| === LSTM_OBS t=240 14.43246,1.29636,6.56355,11.73090,0.72479,10.33558,-9.68182,-0.04570,0.00000,0.00000,0.00338,1.00000,0.00000,-0.00425,-0.01374,4087.00245,0.25000 ===
263.43963|I|libbeamng.print:18052| === LSTM_TRACE t=250 v=14.65 ws=13.95,0.00,6.36,11.86 cmd=0.548,0.546,0.768,0.736 cap=1758,1743,1433,1365 des=1758,1743,1254,1195 app=1758,1739,1254,1195 abs=nil,nil,nil,nil ebrake=1.00 ibrake=1.00 hasABS=0 sy=10.22 split=1.000,0.875 ===
263.43969|I|libbeamng.print:18052| === LSTM_OBS t=250 13.94544,0.00346,6.35691,11.86005,0.73696,10.21630,-9.60713,-0.04677,0.00000,0.00000,0.00285,1.00000,0.00000,-0.00513,-0.01256,3914.21584,0.25000 ===
263.48987|I|libbeamng.print:18052| === LSTM_TRACE t=260 v=14.14 ws=13.45,0.07,5.48,11.25 cmd=0.633,0.635,0.760,0.728 cap=2122,2113,1529,1482 des=2122,2113,1337,1297 app=2122,2107,1337,1297 abs=nil,nil,nil,nil ebrake=1.00 ibrake=1.00 hasABS=0 sy=10.13 split=1.000,0.875 ===
263.48991|I|libbeamng.print:18052| === LSTM_OBS t=260 13.45154,0.06801,5.47759,11.24600,0.70204,10.12758,-9.56676,-0.05544,0.00000,0.00000,0.00438,1.00000,0.00000,-0.00485,-0.01142,3732.94916,0.25000 ===
263.53972|I|libbeamng.print:18052| === LSTM_TRACE t=270 v=13.61 ws=12.93,0.03,4.84,11.04 cmd=0.651,0.659,0.794,0.763 cap=1869,1902,1501,1429 des=1869,1902,1313,1251 app=1869,1896,1313,1251 abs=nil,nil,nil,nil ebrake=1.00 ibrake=1.00 hasABS=0 sy=10.21 split=1.000,0.875 ===
263.53976|I|libbeamng.print:18052| === LSTM_OBS t=270 12.92852,0.02848,4.83974,11.03706,0.71749,10.20712,-9.54788,-0.04860,0.00000,0.00000,0.00335,1.00000,0.00000,-0.00457,-0.01073,3558.70833,0.25000 ===
263.58958|I|libbeamng.print:18052| === LSTM_TRACE t=280 v=13.07 ws=12.35,0.01,4.48,10.71 cmd=0.690,0.690,0.790,0.762 cap=2047,2062,1547,1490 des=2047,2062,1353,1304 app=2047,2054,1353,1304 abs=nil,nil,nil,nil ebrake=1.00 ibrake=1.00 hasABS=0 sy=10.36 split=1.000,0.875 ===
263.58963|I|libbeamng.print:18052| === LSTM_OBS t=280 12.35022,0.01252,4.47938,10.71048,0.73880,10.35784,-9.60841,-0.04115,0.00000,0.00000,0.00457,1.00000,0.00000,-0.00446,-0.01047,3382.37603,0.25000 ===
263.64100|I|libbeamng.print:18052| === LSTM_TRACE t=290 v=12.54 ws=11.67,0.03,4.38,10.86 cmd=0.683,0.679,0.787,0.762 cap=2164,2150,1524,1475 des=2164,2150,1334,1291 app=2164,2141,1334,1291 abs=nil,nil,nil,nil ebrake=1.00 ibrake=1.00 hasABS=0 sy=10.50 split=1.000,0.875 ===
263.64104|I|libbeamng.print:18052| === LSTM_OBS t=290 11.67009,0.03489,4.38315,10.86277,0.75484,10.50318,-9.67111,-0.03716,0.00000,0.00000,0.00370,1.00000,0.00000,-0.00446,-0.01056,3199.57478,0.25000 ===
263.69101|I|libbeamng.print:18052| === LSTM_TRACE t=300 v=11.98 ws=11.14,0.03,3.33,9.72 cmd=0.691,0.683,0.782,0.753 cap=2183,2154,1541,1486 des=2183,2154,1349,1300 app=2183,2146,1349,1300 abs=nil,nil,nil,nil ebrake=1.00 ibrake=1.00 hasABS=0 sy=10.56 split=1.000,0.875 ===
263.69107|I|libbeamng.print:18052| === LSTM_OBS t=300 11.14009,0.02949,3.33476,9.71764,0.72343,10.56415,-9.68341,-0.03359,0.00000,0.00000,0.00423,1.00000,0.00000,-0.00432,-0.01049,3016.73291,0.25000 ===
263.74084|I|libbeamng.print:18052| === LSTM_TRACE t=310 v=11.46 ws=10.38,0.01,3.38,9.85 cmd=0.726,0.716,0.767,0.735 cap=2378,2342,1526,1472 des=2378,2342,1335,1288 app=2378,2331,1335,1288 abs=nil,nil,nil,nil ebrake=1.00 ibrake=1.00 hasABS=0 sy=10.65 split=1.000,0.875 ===
263.74088|I|libbeamng.print:18052| === LSTM_OBS t=310 10.38171,0.00857,3.37603,9.84826,0.74510,10.65242,-9.73236,-0.03824,0.00000,0.00000,0.00409,1.00000,0.00000,-0.00434,-0.01057,2827.64110,0.25000 ===
263.79074|I|libbeamng.print:18052| === LSTM_TRACE t=320 v=10.90 ws=9.52,0.02,2.85,8.99 cmd=0.704,0.699,0.767,0.728 cap=2295,2272,1508,1437 des=2295,2272,1320,1257 app=2295,2261,1320,1257 abs=nil,nil,nil,nil ebrake=1.00 ibrake=1.00 hasABS=0 sy=10.70 split=1.000,0.875 ===
263.79078|I|libbeamng.print:18052| === LSTM_OBS t=320 9.52247,0.02223,2.84782,8.98584,0.72297,10.69763,-9.77808,-0.02385,0.00000,0.00000,0.00414,1.00000,0.00000,-0.00415,-0.01046,2641.75052,0.25000 ===
263.84103|I|libbeamng.print:18052| === LSTM_TRACE t=330 v=10.36 ws=8.31,0.00,2.38,8.55 cmd=0.763,0.761,0.762,0.715 cap=2459,2440,1516,1439 des=2459,2440,1326,1259 app=2459,2428,1326,1259 abs=nil,nil,nil,nil ebrake=1.00 ibrake=1.00 hasABS=0 sy=10.77 split=1.000,0.875 ===
263.84107|I|libbeamng.print:18052| === LSTM_OBS t=330 8.30704,0.00444,2.38435,8.54950,0.60358,10.76680,-9.71163,-0.02371,0.00000,0.00000,0.00507,1.00000,0.00000,-0.00340,-0.01080,2460.64801,0.25000 ===
263.89034|I|libbeamng.print:18052| === LSTM_TRACE t=340 v=9.81 ws=6.57,0.00,1.15,9.13 cmd=0.717,0.724,0.751,0.698 cap=2380,2380,1450,1362 des=2380,2380,1269,1192 app=2380,2367,1269,1192 abs=nil,nil,nil,nil ebrake=1.00 ibrake=1.00 hasABS=0 sy=10.83 split=1.000,0.875 ===
263.89038|I|libbeamng.print:18052| === LSTM_OBS t=340 6.57400,0.00122,1.15311,9.13112,0.52070,10.82954,-9.72587,-0.01394,0.00000,0.00000,0.00354,1.00000,0.00000,-0.00298,-0.01078,2281.98166,0.25000 ===
263.94128|I|libbeamng.print:18052| === LSTM_TRACE t=350 v=9.25 ws=5.20,0.00,1.18,8.49 cmd=0.659,0.663,0.722,0.678 cap=2314,2306,1442,1369 des=2314,2306,1261,1198 app=2314,2293,1261,1198 abs=nil,nil,nil,nil ebrake=1.00 ibrake=1.00 hasABS=0 sy=10.88 split=1.000,0.875 ===
263.94134|I|libbeamng.print:18052| === LSTM_OBS t=350 5.19552,0.00224,1.18167,8.48669,0.48711,10.88289,-9.69856,0.01099,0.00000,0.00000,0.00124,1.00000,0.00000,-0.00305,-0.01098,2112.25882,0.25000 ===
263.99043|I|libbeamng.print:18052| === LSTM_TRACE t=360 v=8.69 ws=3.94,0.01,0.24,8.29 cmd=0.742,0.738,0.694,0.659 cap=2392,2376,1408,1348 des=2392,2376,1232,1179 app=2392,2363,1232,1179 abs=nil,nil,nil,nil ebrake=1.00 ibrake=1.00 hasABS=0 sy=10.93 split=1.000,0.875 ===
263.99047|I|libbeamng.print:18052| === LSTM_OBS t=360 3.93502,0.01098,0.24061,8.29355,0.39685,10.93357,-9.76461,0.01753,0.00000,0.00000,0.00049,1.00000,0.00000,-0.00183,-0.01115,1949.10150,0.25000 ===
264.04123|I|libbeamng.print:18052| === LSTM_TRACE t=370 v=8.17 ws=2.09,0.02,0.05,7.84 cmd=0.724,0.710,0.695,0.667 cap=2290,2242,1304,1249 des=2290,2242,1141,1093 app=2290,2228,1141,1093 abs=nil,nil,nil,nil ebrake=1.00 ibrake=1.00 hasABS=0 sy=10.85 split=1.000,0.875 ===
264.04127|I|libbeamng.print:18052| === LSTM_OBS t=370 2.08883,0.01546,0.04560,7.84153,0.34560,10.85409,-9.84403,0.01668,0.00000,0.00000,0.00254,1.00000,0.00000,-0.00040,-0.01082,1776.88504,0.25000 ===
264.09051|I|libbeamng.print:18052| === LSTM_TRACE t=380 v=7.68 ws=0.02,0.02,0.08,7.00 cmd=0.852,0.820,0.772,0.776 cap=2669,2572,1500,1516 des=2669,2572,1313,1326 app=2669,2556,1312,1326 abs=nil,nil,nil,nil ebrake=1.00 ibrake=1.00 hasABS=0 sy=10.63 split=1.000,0.875 ===
264.09055|I|libbeamng.print:18052| === LSTM_OBS t=380 0.01962,0.02205,0.08416,6.99721,0.34682,10.62573,-9.75471,0.00784,0.00000,0.00000,0.00354,1.00000,0.00000,0.00042,-0.01033,1612.98068,0.25000 ===
264.14073|I|libbeamng.print:18052| === LSTM_TRACE t=390 v=7.17 ws=0.03,0.02,0.02,6.18 cmd=0.945,0.932,0.849,0.851 cap=2908,2861,1639,1643 des=2908,2861,1434,1438 app=2908,2843,1433,1438 abs=nil,nil,nil,nil ebrake=1.00 ibrake=1.00 hasABS=0 sy=10.50 split=1.000,0.875 ===
264.14077|I|libbeamng.print:18052| === LSTM_OBS t=390 0.03206,0.01788,0.01747,6.18314,0.27771,10.49527,-9.61625,0.00437,0.00000,0.00000,0.00278,1.00000,0.00000,0.00084,-0.01044,1442.88763,0.25000 ===
264.19030|I|libbeamng.print:18052| === LSTM_TRACE t=400 v=6.65 ws=0.01,0.02,0.02,5.21 cmd=0.989,0.988,0.873,0.872 cap=3056,3053,1690,1686 des=3056,3053,1479,1475 app=3056,3033,1477,1475 abs=nil,nil,nil,nil ebrake=1.00 ibrake=1.00 hasABS=0 sy=10.46 split=1.000,0.875 ===
264.19035|I|libbeamng.print:18052| === LSTM_OBS t=400 0.01293,0.01882,0.02095,5.20916,0.23849,10.46294,-9.58406,-0.00792,0.00000,0.00000,0.00301,1.00000,0.00000,0.00130,-0.01036,1247.27698,0.25000 ===
264.24073|I|libbeamng.print:18052| === LSTM_TRACE t=410 v=6.11 ws=0.00,0.01,0.00,4.07 cmd=0.994,0.995,0.867,0.868 cap=3082,3082,1683,1685 des=3082,3082,1473,1474 app=3082,3061,1471,1474 abs=nil,nil,nil,nil ebrake=1.00 ibrake=1.00 hasABS=0 sy=10.53 split=1.000,0.875 ===
264.24077|I|libbeamng.print:18052| === LSTM_OBS t=410 0.00106,0.01165,0.00384,4.06510,0.21769,10.53482,-9.61447,-0.01195,0.00000,0.00000,0.00369,1.00000,0.00000,0.00135,-0.01034,1057.11131,0.25000 ===
264.29178|I|libbeamng.print:18052| === LSTM_TRACE t=420 v=5.54 ws=0.01,0.01,0.02,2.57 cmd=0.994,0.995,0.861,0.861 cap=3083,3084,1675,1677 des=3083,3084,1466,1467 app=3083,3062,1464,1467 abs=nil,nil,nil,nil ebrake=1.00 ibrake=1.00 hasABS=0 sy=10.65 split=1.000,0.875 ===
264.29182|I|libbeamng.print:18052| === LSTM_OBS t=420 0.00572,0.00552,0.02467,2.56880,0.21140,10.65354,-9.64975,-0.01156,0.00000,0.00000,0.00301,1.00000,0.00000,0.00112,-0.01057,873.55864,0.25000 ===
264.34057|I|libbeamng.print:18052| === LSTM_TRACE t=430 v=5.02 ws=0.00,0.00,0.14,1.01 cmd=0.996,0.996,0.867,0.864 cap=3087,3088,1687,1684 des=3087,3088,1476,1474 app=3087,3065,1474,1474 abs=nil,nil,nil,nil ebrake=1.00 ibrake=1.00 hasABS=0 sy=10.68 split=1.000,0.875 ===
264.34061|I|libbeamng.print:18052| === LSTM_OBS t=430 0.00172,0.00063,0.13649,1.01453,0.12768,10.68436,-9.69214,-0.02109,0.00000,0.00000,0.00505,1.00000,0.00000,0.00111,-0.01078,747.93042,0.25000 ===
264.39015|I|libbeamng.print:18052| === LSTM_TRACE t=440 v=4.47 ws=0.01,0.00,0.01,0.08 cmd=0.995,0.995,0.857,0.852 cap=3085,3086,1665,1660 des=3085,3086,1457,1452 app=3085,3063,1455,1452 abs=nil,nil,nil,nil ebrake=1.00 ibrake=1.00 hasABS=0 sy=10.72 split=1.000,0.875 ===
264.39019|I|libbeamng.print:18052| === LSTM_OBS t=440 0.00577,0.00353,0.00845,0.08463,0.14047,10.71662,-9.68601,-0.00503,0.00000,0.00000,0.00297,1.00000,0.00000,0.00071,-0.01093,728.89889,0.25000 ===
264.44195|I|libbeamng.print:18052| === LSTM_TRACE t=450 v=3.93 ws=0.01,0.00,0.03,0.07 cmd=0.996,0.996,0.864,0.863 cap=3086,3086,1673,1669 des=3086,3086,1464,1460 app=3086,3063,1461,1460 abs=nil,nil,nil,nil ebrake=1.00 ibrake=1.00 hasABS=0 sy=10.74 split=1.000,0.875 ===
264.44199|I|libbeamng.print:18052| === LSTM_OBS t=450 0.01096,0.00386,0.03392,0.07028,0.12858,10.74053,-9.67106,-0.01310,0.00000,0.00000,0.00367,1.00000,0.00000,0.00042,-0.01067,726.97210,0.25000 ===
264.49168|I|libbeamng.print:18052| === LSTM_TRACE t=460 v=3.38 ws=0.01,0.01,0.12,0.01 cmd=0.996,0.996,0.862,0.863 cap=3087,3086,1674,1675 des=3087,3086,1465,1466 app=3087,3062,1462,1466 abs=nil,nil,nil,nil ebrake=1.00 ibrake=1.00 hasABS=0 sy=10.81 split=1.000,0.875 ===
264.49172|I|libbeamng.print:18052| === LSTM_OBS t=460 0.00594,0.00631,0.11557,0.00922,0.13620,10.80603,-9.65396,-0.00594,0.00000,0.00000,0.00439,1.00000,0.00000,0.00006,-0.01035,727.61814,0.25000 ===
264.54216|I|libbeamng.print:18052| === LSTM_TRACE t=470 v=2.83 ws=0.00,0.00,0.12,0.02 cmd=0.996,0.996,0.863,0.865 cap=3088,3086,1677,1681 des=3088,3086,1467,1471 app=3088,3062,1464,1471 abs=nil,nil,nil,nil ebrake=1.00 ibrake=1.00 hasABS=0 sy=10.88 split=1.000,0.875 ===
264.54221|I|libbeamng.print:18052| === LSTM_OBS t=470 0.00339,0.00446,0.11716,0.02041,0.12469,10.88187,-9.66767,-0.00540,0.00000,0.00000,0.00487,1.00000,0.00000,-0.00009,-0.01011,730.03666,0.25000 ===
264.59174|I|libbeamng.print:18052| === LSTM_TRACE t=480 v=2.27 ws=0.00,0.00,0.10,0.03 cmd=0.996,0.995,0.861,0.864 cap=3088,3086,1675,1681 des=3088,3086,1466,1471 app=3088,3062,1463,1471 abs=nil,nil,nil,nil ebrake=1.00 ibrake=1.00 hasABS=0 sy=10.96 split=1.000,0.875 ===
264.59179|I|libbeamng.print:18052| === LSTM_OBS t=480 0.00220,0.00413,0.09558,0.02980,0.12597,10.95671,-9.67466,-0.00535,0.00000,0.00000,0.00471,1.00000,0.00000,-0.00028,-0.00993,727.84800,0.25000 ===
264.64230|I|libbeamng.print:18052| === LSTM_TRACE t=490 v=1.70 ws=0.00,0.00,0.36,0.00 cmd=0.996,0.995,0.862,0.865 cap=3088,3086,1674,1681 des=3088,3086,1465,1471 app=3088,3061,1462,1471 abs=nil,nil,nil,nil ebrake=1.00 ibrake=1.00 hasABS=0 sy=11.05 split=1.000,0.875 ===
264.64235|I|libbeamng.print:18052| === LSTM_OBS t=490 0.00323,0.00085,0.36100,0.00494,0.12215,11.05128,-9.69785,-0.00324,0.00000,0.00000,0.00470,1.00000,0.00000,-0.00042,-0.00987,729.07492,0.25000 ===
264.69173|I|libbeamng.print:18052| === LSTM_TRACE t=500 v=1.11 ws=0.00,0.00,1.05,0.01 cmd=0.996,0.995,0.860,0.866 cap=3088,3085,1671,1680 des=3088,3085,1462,1470 app=3088,3060,1459,1470 abs=nil,nil,nil,nil ebrake=1.00 ibrake=1.00 hasABS=0 sy=11.23 split=1.000,0.875 ===
264.69177|I|libbeamng.print:18052| === LSTM_OBS t=500 0.00238,0.00050,1.05179,0.00634,0.15006,11.22885,-9.74513,0.01226,0.00000,0.00000,0.00478,1.00000,0.00000,-0.00016,-0.01014,727.60551,0.25000 ===
264.74172|I|libbeamng.print:18052| === LSTM_TRACE t=510 v=0.53 ws=0.00,0.00,0.50,0.01 cmd=0.996,0.995,0.857,0.871 cap=3089,3086,1664,1691 des=3089,3086,1456,1479 app=3089,3060,1453,1479 abs=nil,nil,nil,nil ebrake=1.00 ibrake=1.00 hasABS=0 sy=11.33 split=1.000,0.875 ===
264.74177|I|libbeamng.print:18052| === LSTM_OBS t=510 0.00151,0.00170,0.49953,0.01275,0.27564,11.32894,-9.71378,0.02585,0.00000,0.00000,0.00525,1.00000,0.00000,-0.00038,-0.01060,728.50590,0.25000 ===
295.45032|I|libbeamng.print:18052| === LSTM_TRACE t=0 v=27.71 ws=27.67,27.83,27.33,27.39 cmd=0.929,0.918,0.632,0.657 cap=155,155,97,97 des=155,155,85,85 app=154,153,84,85 abs=nil,nil,nil,nil ebrake=1.00 ibrake=1.00 hasABS=0 sy=1.57 split=1.000,0.875 ===
295.45038|I|libbeamng.print:18052| === LSTM_OBS t=0 27.67376,27.82882,27.32964,27.38639,0.05020,1.57493,-9.78578,0.00083,0.00000,0.00000,0.00000,1.00000,0.00000,0.00072,-0.00912,7857.39248,0.25000 ===
295.50055|I|libbeamng.print:18052| === LSTM_TRACE t=10 v=27.37 ws=24.93,24.45,26.62,26.71 cmd=0.676,0.741,0.751,0.737 cap=2087,2287,1451,1422 des=2087,2287,1270,1244 app=2082,2262,1263,1244 abs=nil,nil,nil,nil ebrake=1.00 ibrake=1.00 hasABS=0 sy=2.32 split=1.000,0.875 ===
295.50060|I|libbeamng.print:18052| === LSTM_OBS t=10 24.92504,24.44911,26.61796,26.71179,0.00656,2.31587,-9.75148,0.00946,0.00000,0.00000,0.00244,1.00000,0.00000,0.00078,-0.01026,7753.03336,0.25000 ===
295.52054|I|libbeamng.print:18052| === LSTM_ABS DBG raw=24.6994,23.8112,26.0890,26.2306,0.0289,3.1015,-9.6444,-0.0020,0.0000,0.0000,0.0025,1.0000,0.0000,0.0008,-0.0117,7649.5452,0.2500 ===
295.52058|I|libbeamng.print:18052| === LSTM_ABS DBG norm=0.45,0.34,0.50,0.48,-0.13,-1.95,0.00,0.01,0.06,-0.06,0.01,0.59,-0.02,0.00,0.00,3.78,0.00 ===
295.52058|I|libbeamng.print:18052| === LSTM_ABS DBG cmd=0.6833,0.7522,0.7469,0.7350 ===
295.55066|I|libbeamng.print:18052| === LSTM_TRACE t=20 v=26.86 ws=24.70,22.85,25.40,25.59 cmd=0.717,0.782,0.719,0.709 cap=2197,2401,1399,1379 des=2197,2401,1224,1206 app=2196,2383,1220,1206 abs=nil,nil,nil,nil ebrake=1.00 ibrake=1.00 hasABS=0 sy=4.34 split=1.000,0.875 ===
295.55070|I|libbeamng.print:18052| === LSTM_OBS t=20 24.69985,22.85267,25.40277,25.58788,0.04248,4.33657,-9.48486,-0.01883,0.00000,0.00000,0.00216,1.00000,0.00000,0.00096,-0.01382,7466.63494,0.25000 ===
295.60383|I|libbeamng.print:18052| === LSTM_TRACE t=30 v=26.31 ws=23.99,20.41,24.39,24.95 cmd=0.743,0.797,0.697,0.693 cap=2353,2514,1363,1356 des=2353,2514,1192,1186 app=2353,2501,1191,1186 abs=nil,nil,nil,nil ebrake=1.00 ibrake=1.00 hasABS=0 sy=6.08 split=1.000,0.875 ===
295.60387|I|libbeamng.print:18052| === LSTM_OBS t=30 23.98895,20.40974,24.38752,24.94886,-0.02241,6.07760,-9.39394,-0.00603,0.00000,0.00000,0.00329,1.00000,0.00000,0.00162,-0.01628,7184.55001,0.25000 ===
295.65076|I|libbeamng.print:18052| === LSTM_TRACE t=40 v=25.72 ws=23.61,17.58,23.76,24.29 cmd=0.771,0.803,0.726,0.731 cap=2290,2413,1378,1382 des=2290,2413,1206,1209 app=2290,2405,1205,1209 abs=nil,nil,nil,nil ebrake=1.00 ibrake=1.00 hasABS=0 sy=7.65 split=1.000,0.875 ===
295.65080|I|libbeamng.print:18052| === LSTM_OBS t=40 23.60599,17.58373,23.76031,24.28630,-0.01564,7.64543,-9.42628,0.01302,0.00000,0.00000,0.00354,1.00000,0.00000,0.00190,-0.01789,6960.44129,0.25000 ===
295.70058|I|libbeamng.print:18052| === LSTM_TRACE t=50 v=25.15 ws=23.50,14.18,22.94,23.67 cmd=0.712,0.739,0.752,0.756 cap=2191,2268,1430,1440 des=2191,2268,1252,1260 app=2191,2262,1252,1260 abs=nil,nil,nil,nil ebrake=1.00 ibrake=1.00 hasABS=0 sy=8.81 split=1.000,0.875 ===
295.70062|I|libbeamng.print:18052| === LSTM_OBS t=50 23.49756,14.18403,22.93690,23.66609,-0.04584,8.80852,-9.57584,0.00265,0.00000,0.00000,0.00381,1.00000,0.00000,0.00222,-0.01898,6755.31020,0.25000 ===
295.75106|I|libbeamng.print:18052| === LSTM_TRACE t=60 v=24.60 ws=23.28,11.64,21.89,23.09 cmd=0.687,0.696,0.747,0.757 cap=2044,2087,1427,1441 des=2044,2087,1248,1261 app=2044,2083,1248,1261 abs=nil,nil,nil,nil ebrake=1.00 ibrake=1.00 hasABS=0 sy=9.54 split=1.000,0.875 ===
295.75111|I|libbeamng.print:18052| === LSTM_OBS t=60 23.27806,11.64416,21.88751,23.08691,-0.10093,9.53552,-9.71176,-0.00469,0.00000,0.00000,0.00307,1.00000,0.00000,0.00267,-0.01911,6547.09116,0.25000 ===
295.80064|I|libbeamng.print:18052| === LSTM_TRACE t=70 v=24.06 ws=22.91,9.77,20.93,22.66 cmd=0.641,0.637,0.753,0.763 cap=1945,1934,1448,1462 des=1945,1934,1267,1280 app=1945,1931,1267,1280 abs=nil,nil,nil,nil ebrake=1.00 ibrake=1.00 hasABS=0 sy=9.92 split=1.000,0.875 ===
295.80072|I|libbeamng.print:18052| === LSTM_OBS t=70 22.91245,9.77251,20.93063,22.65989,-0.10714,9.91885,-9.75466,-0.00059,0.00000,0.00000,0.00249,1.00000,0.00000,0.00306,-0.01839,6341.32116,0.25000 ===
295.85081|I|libbeamng.print:18052| === LSTM_TRACE t=80 v=23.53 ws=22.54,8.84,20.00,22.21 cmd=0.591,0.575,0.727,0.741 cap=1820,1798,1437,1460 des=1820,1798,1258,1277 app=1820,1795,1258,1277 abs=nil,nil,nil,nil ebrake=1.00 ibrake=1.00 hasABS=0 sy=10.10 split=1.000,0.875 ===
295.85085|I|libbeamng.print:18052| === LSTM_OBS t=80 22.54263,8.83754,20.00192,22.21416,-0.11859,10.09668,-9.72047,-0.01555,0.00000,0.00000,0.00274,1.00000,0.00000,0.00310,-0.01714,6141.91216,0.25000 ===
295.90047|I|libbeamng.print:18052| === LSTM_TRACE t=90 v=23.03 ws=22.25,8.99,19.06,21.77 cmd=0.587,0.572,0.757,0.767 cap=1751,1698,1452,1471 des=1751,1698,1271,1287 app=1751,1695,1271,1287 abs=nil,nil,nil,nil ebrake=1.00 ibrake=1.00 hasABS=0 sy=10.17 split=1.000,0.875 ===
295.90051|I|libbeamng.print:18052| === LSTM_OBS t=90 22.25470,8.98595,19.06413,21.77316,-0.11673,10.16971,-9.67736,-0.02125,0.00000,0.00000,0.00234,1.00000,0.00000,0.00304,-0.01570,5948.79569,0.25000 ===
295.95021|I|libbeamng.print:18052| === LSTM_TRACE t=100 v=22.51 ws=21.70,9.45,18.39,21.47 cmd=0.572,0.564,0.753,0.762 cap=1729,1702,1447,1462 des=1729,1702,1266,1279 app=1729,1700,1266,1279 abs=nil,nil,nil,nil ebrake=1.00 ibrake=1.00 hasABS=0 sy=10.20 split=1.000,0.875 ===
295.95027|I|libbeamng.print:18052| === LSTM_OBS t=100 21.69807,9.45370,18.39034,21.46694,-0.05997,10.19732,-9.62104,-0.02317,0.00000,0.00000,0.00244,1.00000,0.00000,0.00263,-0.01445,5764.21740,0.25000 ===
296.00080|I|libbeamng.print:18052| === LSTM_TRACE t=110 v=22.00 ws=21.07,10.01,17.66,20.88 cmd=0.556,0.559,0.740,0.745 cap=1765,1773,1451,1462 des=1765,1773,1270,1279 app=1765,1771,1270,1279 abs=nil,nil,nil,nil ebrake=1.00 ibrake=1.00 hasABS=0 sy=10.23 split=1.000,0.875 ===
296.00085|I|libbeamng.print:18052| === LSTM_OBS t=110 21.07117,10.00630,17.65511,20.88232,-0.01218,10.23249,-9.60325,-0.04640,0.00000,0.00000,0.00244,1.00000,0.00000,0.00193,-0.01335,5586.94344,0.25000 ===
296.05014|I|libbeamng.print:18052| === LSTM_TRACE t=120 v=21.47 ws=20.51,10.25,17.13,20.38 cmd=0.548,0.559,0.739,0.735 cap=1968,1973,1473,1484 des=1968,1973,1289,1298 app=1968,1971,1289,1298 abs=nil,nil,nil,nil ebrake=1.00 ibrake=1.00 hasABS=0 sy=10.31 split=1.000,0.875 ===
296.05018|I|libbeamng.print:18052| === LSTM_OBS t=120 20.51076,10.24926,17.13386,20.37788,0.06315,10.31176,-9.60157,-0.05273,0.00000,0.00000,0.00293,1.00000,0.00000,0.00117,-0.01269,5416.16353,0.25000 ===
296.10069|I|libbeamng.print:18052| === LSTM_TRACE t=130 v=20.94 ws=20.02,10.31,16.56,19.77 cmd=0.582,0.592,0.742,0.734 cap=1854,1885,1433,1418 des=1854,1885,1254,1241 app=1854,1883,1254,1241 abs=nil,nil,nil,nil ebrake=1.00 ibrake=1.00 hasABS=0 sy=10.38 split=1.000,0.875 ===
296.10074|I|libbeamng.print:18052| === LSTM_OBS t=130 20.01840,10.30856,16.55666,19.77318,0.14876,10.38345,-9.64776,-0.05379,0.00000,0.00000,0.00234,1.00000,0.00000,0.00020,-0.01229,5248.29863,0.25000 ===
296.15070|I|libbeamng.print:18052| === LSTM_TRACE t=140 v=20.40 ws=19.32,10.03,15.68,19.29 cmd=0.528,0.545,0.740,0.718 cap=1955,1972,1449,1421 des=1955,1972,1268,1244 app=1955,1971,1268,1244 abs=nil,nil,nil,nil ebrake=1.00 ibrake=1.00 hasABS=0 sy=10.45 split=1.000,0.875 ===
296.15074|I|libbeamng.print:18052| === LSTM_OBS t=140 19.32180,10.03290,15.67675,19.29427,0.23340,10.44909,-9.67873,-0.04959,0.00000,0.00000,0.00244,1.00000,0.00000,-0.00040,-0.01216,5084.78268,0.25000 ===
296.20072|I|libbeamng.print:18052| === LSTM_TRACE t=150 v=19.87 ws=19.05,9.42,14.95,18.70 cmd=0.629,0.633,0.714,0.688 cap=2001,2010,1457,1416 des=2001,2010,1274,1239 app=2001,2008,1274,1239 abs=nil,nil,nil,nil ebrake=1.00 ibrake=1.00 hasABS=0 sy=10.52 split=1.000,0.875 ===
296.20076|I|libbeamng.print:18052| === LSTM_OBS t=150 19.04755,9.42173,14.94816,18.69761,0.34146,10.51739,-9.68122,-0.05840,0.00000,0.00000,0.00423,1.00000,0.00000,-0.00098,-0.01216,4926.12326,0.25000 ===
296.25068|I|libbeamng.print:18052| === LSTM_TRACE t=160 v=19.34 ws=18.51,8.42,14.66,18.38 cmd=0.614,0.615,0.699,0.664 cap=1895,1903,1345,1270 des=1895,1903,1177,1112 app=1895,1902,1177,1112 abs=nil,nil,nil,nil ebrake=1.00 ibrake=1.00 hasABS=0 sy=10.57 split=1.000,0.875 ===
296.25072|I|libbeamng.print:18052| === LSTM_OBS t=160 18.50616,8.41567,14.66000,18.38250,0.42924,10.57382,-9.74363,-0.04439,0.00000,0.00000,0.00367,1.00000,0.00000,-0.00134,-0.01223,4775.68602,0.25000 ===
296.30063|I|libbeamng.print:18052| === LSTM_TRACE t=170 v=18.81 ws=18.11,7.85,14.36,17.89 cmd=0.693,0.679,0.686,0.656 cap=1429,1457,1209,1109 des=1429,1457,1058,970 app=1597,1580,1058,970 abs=nil,nil,nil,nil ebrake=1.00 ibrake=1.00 hasABS=0 sy=10.57 split=1.000,0.875 ===
296.30067|I|libbeamng.print:18052| === LSTM_OBS t=170 18.10719,7.85479,14.36464,17.89229,0.51980,10.56581,-9.73588,-0.04346,0.00000,0.00000,0.00349,1.00000,0.00000,-0.00170,-0.01242,4640.31056,0.25000 ===
296.35075|I|libbeamng.print:18052| === LSTM_TRACE t=180 v=18.28 ws=17.44,7.22,14.13,17.09 cmd=0.558,0.540,0.601,0.564 cap=1386,1405,1061,962 des=1386,1405,928,842 app=1707,1686,928,851 abs=nil,nil,nil,nil ebrake=1.00 ibrake=1.00 hasABS=0 sy=10.54 split=1.000,0.875 ===
296.35080|I|libbeamng.print:18052| === LSTM_OBS t=180 17.44391,7.22055,14.13395,17.09294,0.61071,10.53636,-9.75786,-0.03645,0.00000,0.00000,0.00322,1.00000,0.00000,-0.00204,-0.01254,4529.39426,0.25000 ===
296.40063|I|libbeamng.print:18052| === LSTM_TRACE t=190 v=17.75 ws=17.09,6.31,12.95,15.68 cmd=0.646,0.626,0.606,0.568 cap=1930,1862,1143,1077 des=1930,1862,1001,942 app=1930,1861,1001,942 abs=nil,nil,nil,nil ebrake=1.00 ibrake=1.00 hasABS=0 sy=10.56 split=1.000,0.875 ===
296.40067|I|libbeamng.print:18052| === LSTM_OBS t=190 17.09012,6.30960,12.95345,15.68434,0.66894,10.55588,-9.73160,-0.04136,0.00000,0.00000,0.00407,1.00000,0.00000,-0.00241,-0.01309,4484.09558,0.25000 ===
296.45035|I|libbeamng.print:18052| === LSTM_TRACE t=200 v=17.22 ws=16.70,5.57,11.78,14.88 cmd=0.724,0.704,0.658,0.624 cap=1617,1564,1226,1135 des=1617,1564,1073,993 app=1617,1563,1073,992 abs=nil,nil,nil,nil ebrake=1.00 ibrake=1.00 hasABS=0 sy=10.58 split=1.000,0.875 ===
296.45040|I|libbeamng.print:18052| === LSTM_OBS t=200 16.69592,5.57420,11.78028,14.88167,0.71626,10.57678,-9.73865,-0.04245,0.00000,0.00000,0.00329,1.00000,0.00000,-0.00255,-0.01387,4453.33112,0.25000 ===
296.50076|I|libbeamng.print:18052| === LSTM_TRACE t=210 v=16.70 ws=15.59,4.29,10.54,14.24 cmd=0.524,0.506,0.638,0.590 cap=1456,1430,1050,945 des=1456,1430,918,826 app=1839,1771,918,826 abs=nil,nil,nil,nil ebrake=1.00 ibrake=1.00 hasABS=0 sy=10.53 split=1.000,0.875 ===
296.50081|I|libbeamng.print:18052| === LSTM_OBS t=210 15.58893,4.29457,10.53658,14.23532,0.75261,10.52905,-9.75813,-0.04471,0.00000,0.00000,0.00354,1.00000,0.00000,-0.00269,-0.01432,4405.88453,0.25000 ===
296.55076|I|libbeamng.print:18052| === LSTM_TRACE t=220 v=16.18 ws=15.21,3.61,9.16,13.28 cmd=0.578,0.570,0.698,0.660 cap=1318,1339,1246,1136 des=1318,1339,1090,994 app=1646,1603,1090,994 abs=nil,nil,nil,nil ebrake=1.00 ibrake=1.00 hasABS=0 sy=10.51 split=1.000,0.875 ===
296.55080|I|libbeamng.print:18052| === LSTM_OBS t=220 15.20863,3.60605,9.16162,13.27838,0.74945,10.50793,-9.77279,-0.03602,0.00000,0.00000,0.00183,1.00000,0.00000,-0.00324,-0.01442,4325.68473,0.25000 ===
296.60063|I|libbeamng.print:18052| === LSTM_TRACE t=230 v=15.67 ws=15.07,2.07,7.95,12.31 cmd=0.640,0.624,0.692,0.653 cap=2089,2029,1379,1320 des=2089,2029,1207,1155 app=1989,1969,1207,1155 abs=nil,nil,nil,nil ebrake=1.00 ibrake=1.00 hasABS=0 sy=10.43 split=1.000,0.875 ===
296.60067|I|libbeamng.print:18052| === LSTM_OBS t=230 15.07307,2.06548,7.95390,12.31113,0.75834,10.43225,-9.69947,-0.04864,0.00000,0.00000,0.00510,1.00000,0.00000,-0.00406,-0.01410,4212.23194,0.25000 ===
296.65069|I|libbeamng.print:18052| === LSTM_TRACE t=240 v=15.18 ws=14.38,1.27,6.86,11.80 cmd=0.615,0.607,0.740,0.710 cap=1998,1960,1436,1378 des=1998,1960,1256,1206 app=1998,1958,1256,1206 abs=nil,nil,nil,nil ebrake=1.00 ibrake=1.00 hasABS=0 sy=10.29 split=1.000,0.875 ===
296.65076|I|libbeamng.print:18052| === LSTM_OBS t=240 14.37629,1.26883,6.85540,11.80302,0.74521,10.29108,-9.66255,-0.04994,0.00000,0.00000,0.00342,1.00000,0.00000,-0.00440,-0.01339,4066.16460,0.25000 ===
296.70087|I|libbeamng.print:18052| === LSTM_TRACE t=250 v=14.69 ws=14.06,0.05,6.19,11.21 cmd=0.581,0.575,0.746,0.718 cap=1898,1879,1480,1422 des=1898,1879,1295,1244 app=1898,1876,1295,1244 abs=nil,nil,nil,nil ebrake=1.00 ibrake=1.00 hasABS=0 sy=10.17 split=1.000,0.875 ===
296.70092|I|libbeamng.print:18052| === LSTM_OBS t=250 14.06152,0.04925,6.19247,11.21176,0.72263,10.16981,-9.59805,-0.04603,0.00000,0.00000,0.00481,1.00000,0.00000,-0.00497,-0.01232,3893.76812,0.25000 ===
296.75023|I|libbeamng.print:18052| === LSTM_TRACE t=260 v=14.18 ws=13.43,0.02,5.70,11.26 cmd=0.644,0.644,0.779,0.749 cap=1869,1877,1483,1420 des=1869,1877,1298,1242 app=1869,1873,1298,1242 abs=nil,nil,nil,nil ebrake=1.00 ibrake=1.00 hasABS=0 sy=10.10 split=1.000,0.875 ===
296.75027|I|libbeamng.print:18052| === LSTM_OBS t=260 13.43140,0.02290,5.70380,11.26060,0.73038,10.10224,-9.51045,-0.04627,0.00000,0.00000,0.00370,1.00000,0.00000,-0.00451,-0.01139,3715.33703,0.25000 ===
296.80149|I|libbeamng.print:18052| === LSTM_TRACE t=270 v=13.64 ws=12.76,0.03,5.23,11.22 cmd=0.707,0.706,0.773,0.744 cap=2225,2222,1530,1477 des=2225,2222,1339,1293 app=2225,2217,1339,1293 abs=nil,nil,nil,nil ebrake=1.00 ibrake=1.00 hasABS=0 sy=10.21 split=1.000,0.875 ===
296.80153|I|libbeamng.print:18052| === LSTM_OBS t=270 12.76122,0.03354,5.23433,11.21734,0.75003,10.20887,-9.53932,-0.04452,0.00000,0.00000,0.00441,1.00000,0.00000,-0.00453,-0.01083,3542.37719,0.25000 ===
296.85105|I|libbeamng.print:18052| === LSTM_TRACE t=280 v=13.11 ws=12.03,0.01,4.65,10.90 cmd=0.684,0.683,0.780,0.751 cap=2285,2271,1521,1471 des=2285,2271,1331,1287 app=2285,2265,1331,1287 abs=nil,nil,nil,nil ebrake=1.00 ibrake=1.00 hasABS=0 sy=10.37 split=1.000,0.875 ===
296.85109|I|libbeamng.print:18052| === LSTM_OBS t=280 12.02943,0.01247,4.64535,10.90006,0.74170,10.36836,-9.61676,-0.04519,0.00000,0.00000,0.00435,1.00000,0.00000,-0.00435,-0.01067,3370.32685,0.25000 ===
296.90052|I|libbeamng.print:18052| === LSTM_TRACE t=290 v=12.56 ws=11.76,0.03,3.76,10.05 cmd=0.712,0.704,0.792,0.767 cap=2107,2088,1551,1501 des=2107,2088,1357,1313 app=2107,2082,1357,1313 abs=nil,nil,nil,nil ebrake=1.00 ibrake=1.00 hasABS=0 sy=10.47 split=1.000,0.875 ===
296.90056|I|libbeamng.print:18052| === LSTM_OBS t=290 11.75735,0.02659,3.76035,10.04899,0.74344,10.47347,-9.68006,-0.03722,0.00000,0.00000,0.00542,1.00000,0.00000,-0.00417,-0.01054,3189.00721,0.25000 ===
296.95061|I|libbeamng.print:18052| === LSTM_TRACE t=300 v=12.05 ws=11.19,0.00,3.99,10.10 cmd=0.716,0.705,0.791,0.764 cap=2051,2028,1510,1452 des=2051,2028,1321,1271 app=2051,2021,1321,1271 abs=nil,nil,nil,nil ebrake=1.00 ibrake=1.00 hasABS=0 sy=10.54 split=1.000,0.875 ===
296.95065|I|libbeamng.print:18052| === LSTM_OBS t=300 11.18546,0.00042,3.98720,10.10397,0.77223,10.54044,-9.73486,-0.04506,0.00000,0.00000,0.00465,1.00000,0.00000,-0.00434,-0.01047,2998.36343,0.25000 ===
297.00061|I|libbeamng.print:18052| === LSTM_TRACE t=310 v=11.47 ws=10.53,0.01,3.04,8.83 cmd=0.692,0.684,0.777,0.742 cap=2235,2200,1521,1457 des=2235,2200,1331,1275 app=2235,2192,1331,1275 abs=nil,nil,nil,nil ebrake=1.00 ibrake=1.00 hasABS=0 sy=10.62 split=1.000,0.875 ===
297.00065|I|libbeamng.print:18052| === LSTM_OBS t=310 10.52509,0.00627,3.03573,8.83171,0.71280,10.61877,-9.70943,-0.02068,0.00000,0.00000,0.00369,1.00000,0.00000,-0.00410,-0.01050,2820.30247,0.25000 ===
297.05094|I|libbeamng.print:18052| === LSTM_TRACE t=320 v=10.94 ws=9.42,0.00,2.90,9.38 cmd=0.750,0.743,0.760,0.721 cap=2454,2422,1502,1439 des=2454,2422,1314,1259 app=2454,2413,1314,1259 abs=nil,nil,nil,nil ebrake=1.00 ibrake=1.00 hasABS=0 sy=10.73 split=1.000,0.875 ===
297.05098|I|libbeamng.print:18052| === LSTM_OBS t=320 9.42486,0.00155,2.89859,9.37919,0.71269,10.73218,-9.72871,-0.02698,0.00000,0.00000,0.00293,1.00000,0.00000,-0.00397,-0.01066,2637.90203,0.25000 ===
297.10051|I|libbeamng.print:18052| === LSTM_TRACE t=330 v=10.40 ws=8.24,0.00,2.05,9.08 cmd=0.736,0.732,0.757,0.720 cap=2304,2298,1452,1375 des=2304,2298,1271,1204 app=2304,2288,1271,1204 abs=nil,nil,nil,nil ebrake=1.00 ibrake=1.00 hasABS=0 sy=10.81 split=1.000,0.875 ===
297.10056|I|libbeamng.print:18052| === LSTM_OBS t=330 8.24014,0.00078,2.04934,9.07507,0.70067,10.81168,-9.79043,-0.00398,0.00000,0.00000,0.00406,1.00000,0.00000,-0.00389,-0.01076,2454.43902,0.25000 ===
297.15106|I|libbeamng.print:18052| === LSTM_TRACE t=340 v=9.85 ws=6.71,0.05,1.72,8.91 cmd=0.772,0.765,0.746,0.714 cap=2361,2339,1436,1377 des=2361,2339,1256,1204 app=2361,2328,1256,1204 abs=nil,nil,nil,nil ebrake=1.00 ibrake=1.00 hasABS=0 sy=10.84 split=1.000,0.875 ===
297.15111|I|libbeamng.print:18052| === LSTM_OBS t=340 6.71173,0.04956,1.72037,8.90843,0.64176,10.84317,-9.78113,-0.00769,0.00000,0.00000,0.00424,1.00000,0.00000,-0.00343,-0.01119,2278.69062,0.25000 ===
297.20050|I|libbeamng.print:18052| === LSTM_TRACE t=350 v=9.31 ws=5.18,0.06,0.72,8.50 cmd=0.790,0.782,0.728,0.695 cap=2399,2377,1429,1365 des=2399,2377,1250,1195 app=2399,2366,1250,1195 abs=nil,nil,nil,nil ebrake=1.00 ibrake=1.00 hasABS=0 sy=10.79 split=1.000,0.875 ===
297.20054|I|libbeamng.print:18052| === LSTM_OBS t=350 5.18340,0.05568,0.72223,8.50172,0.53607,10.78947,-9.74594,-0.00576,0.00000,0.00000,0.00559,1.00000,0.00000,-0.00304,-0.01097,2098.04564,0.25000 ===
297.25020|I|libbeamng.print:18052| === LSTM_TRACE t=360 v=8.75 ws=3.53,0.04,0.56,7.88 cmd=0.750,0.745,0.707,0.670 cap=2382,2366,1416,1339 des=2382,2366,1239,1171 app=2382,2355,1239,1171 abs=nil,nil,nil,nil ebrake=1.00 ibrake=1.00 hasABS=0 sy=10.88 split=1.000,0.875 ===
297.25025|I|libbeamng.print:18052| === LSTM_OBS t=360 3.52992,0.04312,0.55850,7.88428,0.39924,10.87562,-9.85065,0.01751,0.00000,0.00000,0.00768,1.00000,0.00000,-0.00187,-0.01116,1944.51403,0.25000 ===
297.30079|I|libbeamng.print:18052| === LSTM_TRACE t=370 v=8.22 ws=0.84,0.03,0.02,8.02 cmd=0.658,0.645,0.680,0.664 cap=2224,2179,1323,1286 des=2224,2179,1157,1126 app=2224,2168,1157,1126 abs=nil,nil,nil,nil ebrake=1.00 ibrake=1.00 hasABS=0 sy=10.88 split=1.000,0.875 ===
297.30084|I|libbeamng.print:18052| === LSTM_OBS t=370 0.83865,0.02728,0.01521,8.02467,0.37235,10.87600,-9.85582,0.01797,0.00000,0.00000,0.00354,1.00000,0.00000,0.00021,-0.01100,1795.71441,0.25000 ===
297.35028|I|libbeamng.print:18052| === LSTM_TRACE t=380 v=7.73 ws=0.04,0.02,0.04,7.08 cmd=0.863,0.833,0.796,0.800 cap=2643,2546,1519,1533 des=2643,2546,1329,1342 app=2643,2533,1329,1342 abs=nil,nil,nil,nil ebrake=1.00 ibrake=1.00 hasABS=0 sy=10.63 split=1.000,0.875 ===
297.35032|I|libbeamng.print:18052| === LSTM_OBS t=380 0.03655,0.01822,0.03945,7.08224,0.34495,10.63345,-9.70508,0.00965,0.00000,0.00000,0.00192,1.00000,0.00000,0.00118,-0.01072,1632.78787,0.25000 ===
297.40138|I|libbeamng.print:18052| === LSTM_TRACE t=390 v=7.21 ws=0.01,0.01,0.05,6.21 cmd=0.961,0.952,0.861,0.866 cap=2952,2916,1662,1672 des=2952,2916,1454,1463 app=2952,2900,1454,1463 abs=nil,nil,nil,nil ebrake=1.00 ibrake=1.00 hasABS=0 sy=10.54 split=1.000,0.875 ===
297.40145|I|libbeamng.print:18052| === LSTM_OBS t=390 0.01374,0.00752,0.04569,6.20588,0.30058,10.53508,-9.60717,0.01029,0.00000,0.00000,0.00307,1.00000,0.00000,0.00129,-0.01053,1459.55848,0.25000 ===
297.45067|I|libbeamng.print:18052| === LSTM_TRACE t=400 v=6.68 ws=0.03,0.01,0.03,5.29 cmd=0.991,0.991,0.871,0.875 cap=3067,3065,1691,1698 des=3067,3065,1479,1486 app=3067,3048,1479,1486 abs=nil,nil,nil,nil ebrake=1.00 ibrake=1.00 hasABS=0 sy=10.51 split=1.000,0.875 ===
297.45072|I|libbeamng.print:18052| === LSTM_OBS t=400 0.03011,0.00572,0.02650,5.28683,0.23411,10.51155,-9.58330,-0.00208,0.00000,0.00000,0.00389,1.00000,0.00000,0.00163,-0.01025,1262.88384,0.25000 ===
297.50082|I|libbeamng.print:18052| === LSTM_TRACE t=410 v=6.14 ws=0.02,0.00,0.01,4.36 cmd=0.994,0.994,0.863,0.869 cap=3081,3082,1678,1689 des=3081,3082,1469,1478 app=3081,3064,1469,1478 abs=nil,nil,nil,nil ebrake=1.00 ibrake=1.00 hasABS=0 sy=10.59 split=1.000,0.875 ===
297.50089|I|libbeamng.print:18052| === LSTM_OBS t=410 0.01539,0.00400,0.00699,4.35984,0.20805,10.59473,-9.59716,0.00138,0.00000,0.00000,0.00357,1.00000,0.00000,0.00157,-0.01004,1074.32503,0.25000 ===
297.55067|I|libbeamng.print:18052| === LSTM_TRACE t=420 v=5.58 ws=0.00,0.02,0.02,2.62 cmd=0.994,0.995,0.863,0.867 cap=3082,3083,1672,1682 des=3082,3083,1463,1471 app=3082,3064,1463,1471 abs=nil,nil,nil,nil ebrake=1.00 ibrake=1.00 hasABS=0 sy=10.73 split=1.000,0.875 ===
297.55071|I|libbeamng.print:18052| === LSTM_OBS t=420 0.00120,0.01504,0.01990,2.61662,0.19227,10.73146,-9.63727,-0.00362,0.00000,0.00000,0.00322,1.00000,0.00000,0.00130,-0.01016,894.78357,0.25000 ===
297.60059|I|libbeamng.print:18052| === LSTM_TRACE t=430 v=5.04 ws=0.00,0.00,0.12,0.81 cmd=0.995,0.995,0.860,0.861 cap=3086,3086,1680,1685 des=3086,3086,1470,1474 app=3086,3067,1470,1474 abs=nil,nil,nil,nil ebrake=1.00 ibrake=1.00 hasABS=0 sy=10.78 split=1.000,0.875 ===
297.60063|I|libbeamng.print:18052| === LSTM_OBS t=430 0.00375,0.00147,0.11875,0.81279,0.10961,10.77849,-9.71141,0.00368,0.00000,0.00000,0.00435,1.00000,0.00000,0.00130,-0.01030,752.07302,0.25000 ===
297.65117|I|libbeamng.print:18052| === LSTM_TRACE t=440 v=4.50 ws=0.02,0.00,0.15,0.00 cmd=0.995,0.994,0.858,0.858 cap=3083,3082,1659,1662 des=3083,3082,1452,1454 app=3083,3063,1451,1454 abs=nil,nil,nil,nil ebrake=1.00 ibrake=1.00 hasABS=0 sy=10.77 split=1.000,0.875 ===
297.65121|I|libbeamng.print:18052| === LSTM_OBS t=440 0.01624,0.00021,0.15439,0.00183,0.09786,10.77261,-9.71394,0.01429,0.00000,0.00000,0.00221,1.00000,0.00000,0.00152,-0.01032,728.09018,0.25000 ===
297.70079|I|libbeamng.print:18052| === LSTM_TRACE t=450 v=3.95 ws=0.01,0.00,0.35,0.01 cmd=0.996,0.995,0.860,0.865 cap=3087,3085,1670,1679 des=3087,3085,1461,1469 app=3087,3066,1461,1469 abs=nil,nil,nil,nil ebrake=1.00 ibrake=1.00 hasABS=0 sy=10.80 split=1.000,0.875 ===
297.70084|I|libbeamng.print:18052| === LSTM_OBS t=450 0.01063,0.00110,0.34634,0.00957,0.11802,10.79563,-9.69108,0.00971,0.00000,0.00000,0.00357,1.00000,0.00000,0.00132,-0.00993,726.70952,0.25000 ===
297.75040|I|libbeamng.print:18052| === LSTM_TRACE t=460 v=3.40 ws=0.01,0.00,0.43,0.01 cmd=0.996,0.996,0.858,0.866 cap=3087,3086,1666,1679 des=3087,3086,1457,1469 app=3087,3066,1457,1469 abs=nil,nil,nil,nil ebrake=1.00 ibrake=1.00 hasABS=0 sy=10.85 split=1.000,0.875 ===
297.75045|I|libbeamng.print:18052| === LSTM_OBS t=460 0.00620,0.00324,0.42961,0.00988,0.13189,10.84798,-9.67032,0.01066,0.00000,0.00000,0.00406,1.00000,0.00000,0.00075,-0.00969,727.66088,0.25000 ===
297.80079|I|libbeamng.print:18052| === LSTM_TRACE t=470 v=2.86 ws=0.00,0.00,0.19,0.02 cmd=0.996,0.996,0.856,0.866 cap=3088,3086,1665,1682 des=3088,3086,1457,1472 app=3088,3066,1456,1472 abs=nil,nil,nil,nil ebrake=1.00 ibrake=1.00 hasABS=0 sy=10.87 split=1.000,0.875 ===
297.80084|I|libbeamng.print:18052| === LSTM_OBS t=470 0.00335,0.00155,0.19021,0.02174,0.11924,10.86919,-9.67258,0.00987,0.00000,0.00000,0.00448,1.00000,0.00000,0.00008,-0.00951,728.39525,0.25000 ===
297.85099|I|libbeamng.print:18052| === LSTM_TRACE t=480 v=2.30 ws=0.00,0.00,0.61,0.02 cmd=0.996,0.995,0.856,0.864 cap=3088,3086,1663,1680 des=3088,3086,1455,1470 app=3088,3065,1454,1470 abs=nil,nil,nil,nil ebrake=1.00 ibrake=1.00 hasABS=0 sy=10.90 split=1.000,0.875 ===
297.85104|I|libbeamng.print:18052| === LSTM_OBS t=480 0.00392,0.00111,0.61281,0.01506,0.09164,10.90098,-9.69336,0.00955,0.00000,0.00000,0.00433,1.00000,0.00000,-0.00051,-0.00939,727.84525,0.25000 ===
297.90074|I|libbeamng.print:18052| === LSTM_TRACE t=490 v=1.72 ws=0.01,0.01,1.38,0.00 cmd=0.996,0.995,0.854,0.864 cap=3088,3085,1659,1678 des=3088,3085,1452,1468 app=3088,3064,1451,1468 abs=nil,nil,nil,nil ebrake=1.00 ibrake=1.00 hasABS=0 sy=11.06 split=1.000,0.875 ===
297.90078|I|libbeamng.print:18052| === LSTM_OBS t=490 0.00568,0.00594,1.37774,0.00251,0.07706,11.06450,-9.78001,0.02336,0.00000,0.00000,0.00430,1.00000,0.00000,-0.00016,-0.00964,727.42334,0.25000 ===
