 29.98371|I|libbeamng.print:18052| === LSTM_ABS: lens 'band_g_mix_lock' loaded (1 member, 17 in, 64 hidden, 2 layers) ===
 29.98554|I|libbeamng.print:18052| === LSTM_ABS SELFTEST lens=band_g_mix_lock cmd=0.974510,0.945400,0.400856,0.517888 ===
 43.41558|I|libbeamng.print:18052| === LSTM_ABS: lens 'band_g_mix_lock' loaded (1 member, 17 in, 64 hidden, 2 layers) ===
 43.41729|I|libbeamng.print:18052| === LSTM_ABS SELFTEST lens=band_g_mix_lock cmd=0.974510,0.945400,0.400856,0.517888 ===
 53.12768|I|libbeamng.print:18052| === LSTM_TRACE t=0 v=27.71 ws=27.68,27.81,27.38,27.43 cmd=0.933,0.907,0.551,0.613 cap=155,155,97,97 des=155,155,85,85 app=142,142,78,78 abs=nil,nil,nil,nil ebrake=1.00 ibrake=1.00 hasABS=0 sy=1.58 split=1.000,0.875 ===
 53.12773|I|libbeamng.print:18052| === LSTM_OBS t=0 27.67836,27.80508,27.38207,27.43080,0.02974,1.58227,-9.78058,-0.01346,0.00000,0.00000,0.00000,1.00000,0.00000,0.00068,-0.00908,7858.67605,0.25000 ===
 53.18906|I|libbeamng.print:18052| === LSTM_TRACE t=10 v=27.47 ws=26.58,26.82,26.81,26.99 cmd=0.489,0.461,0.561,0.532 cap=1501,1432,1069,1011 des=1501,1432,935,884 app=1383,1319,864,817 abs=nil,nil,nil,nil ebrake=1.00 ibrake=1.00 hasABS=0 sy=2.06 split=1.000,0.875 ===
 53.18911|I|libbeamng.print:18052| === LSTM_OBS t=10 26.57615,26.81596,26.80520,26.99444,0.01725,2.05582,-9.76148,-0.00505,0.00000,0.00000,0.00430,1.00000,0.00000,0.00059,-0.00990,7778.45919,0.25000 ===
 53.20745|I|libbeamng.print:18052| === LSTM_ABS DBG raw=25.8303,26.1033,26.5278,26.7300,-0.0007,2.5456,-9.7629,0.0040,0.0000,0.0000,0.0040,1.0000,0.0000,0.0008,-0.0106,7704.0432,0.2500 ===
 53.20749|I|libbeamng.print:18052| === LSTM_ABS DBG norm=0.52,0.48,0.52,0.51,-0.15,-2.12,0.00,0.05,0.06,-0.06,0.11,0.59,-0.02,0.00,0.00,3.82,0.00 ===
 53.20754|I|libbeamng.print:18052| === LSTM_ABS DBG cmd=0.6425,0.6272,0.6294,0.6167 ===
 53.23379|I|libbeamng.print:18052| === LSTM_TRACE t=20 v=27.04 ws=25.40,25.50,26.12,26.18 cmd=0.639,0.643,0.615,0.634 cap=1997,2009,1205,1232 des=1997,2009,1055,1078 app=1865,1875,987,1008 abs=nil,nil,nil,nil ebrake=1.00 ibrake=1.00 hasABS=0 sy=3.41 split=1.000,0.875 ===
 53.23383|I|libbeamng.print:18052| === LSTM_OBS t=20 25.39766,25.50209,26.11524,26.18376,0.02160,3.40610,-9.59325,-0.00428,0.00000,0.00000,0.00322,1.00000,0.00000,0.00077,-0.01189,7592.31726,0.25000 ===
 53.28219|I|libbeamng.print:18052| === LSTM_TRACE t=30 v=26.56 ws=25.59,25.61,25.51,25.55 cmd=0.583,0.606,0.550,0.561 cap=1820,1888,1072,1094 des=1820,1888,938,958 app=1720,1784,887,905 abs=nil,nil,nil,nil ebrake=1.00 ibrake=1.00 hasABS=0 sy=5.12 split=1.000,0.875 ===
 53.28232|I|libbeamng.print:18052| === LSTM_OBS t=30 25.59416,25.60827,25.51169,25.54949,0.00363,5.12274,-9.55324,-0.00155,0.00000,0.00000,0.00146,1.00000,0.00000,0.00093,-0.01428,7380.87263,0.25000 ===
 53.32789|I|libbeamng.print:18052| === LSTM_TRACE t=40 v=26.09 ws=24.94,24.98,24.98,25.07 cmd=0.651,0.658,0.564,0.580 cap=1999,2024,1098,1129 des=1999,2024,961,988 app=1905,1929,914,940 abs=nil,nil,nil,nil ebrake=1.00 ibrake=1.00 hasABS=0 sy=6.28 split=1.000,0.875 ===
 53.32793|I|libbeamng.print:18052| === LSTM_OBS t=40 24.93785,24.97829,24.97708,25.06838,0.01312,6.28244,-9.58850,0.00528,0.00000,0.00000,0.00234,1.00000,0.00000,0.00106,-0.01572,7233.20781,0.25000 ===
 53.37989|I|libbeamng.print:18052| === LSTM_TRACE t=50 v=25.55 ws=24.01,24.18,24.61,24.51 cmd=0.744,0.742,0.608,0.626 cap=2299,2295,1168,1205 des=2299,2295,1022,1054 app=2210,2206,979,1010 abs=nil,nil,nil,nil ebrake=1.00 ibrake=1.00 hasABS=0 sy=7.46 split=1.000,0.875 ===
 53.37994|I|libbeamng.print:18052| === LSTM_OBS t=50 24.00894,24.17696,24.60910,24.51116,0.03798,7.46300,-9.59746,-0.00011,0.00000,0.00000,0.00216,1.00000,0.00000,0.00108,-0.01709,7092.29432,0.25000 ===
 53.42755|I|libbeamng.print:18052| === LSTM_TRACE t=60 v=25.00 ws=22.91,23.26,23.91,23.93 cmd=0.821,0.819,0.686,0.711 cap=2456,2462,1314,1355 des=2456,2462,1150,1185 app=2377,2384,1108,1142 abs=nil,nil,nil,nil ebrake=1.00 ibrake=1.00 hasABS=0 sy=8.50 split=1.000,0.875 ===
 53.42759|I|libbeamng.print:18052| === LSTM_OBS t=60 22.91120,23.25623,23.91236,23.92936,0.01140,8.49573,-9.74998,0.00899,0.00000,0.00000,0.00322,1.00000,0.00000,0.00122,-0.01847,6928.53078,0.25000 ===
 53.47709|I|libbeamng.print:18052| === LSTM_TRACE t=70 v=24.40 ws=21.66,22.24,23.21,23.12 cmd=0.809,0.811,0.733,0.762 cap=2455,2472,1371,1426 des=2455,2472,1200,1248 app=2391,2408,1162,1209 abs=nil,nil,nil,nil ebrake=1.00 ibrake=1.00 hasABS=0 sy=9.40 split=1.000,0.875 ===
 53.47713|I|libbeamng.print:18052| === LSTM_OBS t=70 21.66167,22.23779,23.20598,23.12195,0.02714,9.39991,-9.74475,-0.00652,0.00000,0.00000,0.00345,1.00000,0.00000,0.00124,-0.01962,6723.61388,0.25000 ===
 53.52742|I|libbeamng.print:18052| === LSTM_TRACE t=80 v=23.81 ws=20.58,21.64,22.42,22.26 cmd=0.804,0.799,0.739,0.769 cap=2439,2440,1402,1461 des=2439,2440,1227,1279 app=2386,2387,1193,1244 abs=nil,nil,nil,nil ebrake=1.00 ibrake=1.00 hasABS=0 sy=10.07 split=1.000,0.875 ===
 53.52747|I|libbeamng.print:18052| === LSTM_OBS t=80 20.57653,21.63854,22.42251,22.25818,0.03716,10.06935,-9.73030,0.00652,0.00000,0.00000,0.00297,1.00000,0.00000,0.00127,-0.01998,6496.21101,0.25000 ===
 53.57693|I|libbeamng.print:18052| === LSTM_TRACE t=90 v=23.23 ws=19.06,21.44,21.85,21.38 cmd=0.795,0.790,0.738,0.771 cap=2433,2420,1427,1488 des=2433,2420,1248,1302 app=2388,2376,1218,1271 abs=nil,nil,nil,nil ebrake=1.00 ibrake=1.00 hasABS=0 sy=10.55 split=1.000,0.875 ===
 53.57698|I|libbeamng.print:18052| === LSTM_OBS t=90 19.06015,21.43536,21.84529,21.38386,0.06558,10.55332,-9.66987,-0.00422,0.00000,0.00000,0.00350,1.00000,0.00000,0.00120,-0.01970,6275.53655,0.25000 ===
 53.62741|I|libbeamng.print:18052| === LSTM_TRACE t=100 v=22.64 ws=17.53,21.05,21.33,20.49 cmd=0.785,0.779,0.722,0.758 cap=2389,2376,1438,1501 des=2389,2376,1258,1313 app=2350,2339,1231,1286 abs=nil,nil,nil,nil ebrake=1.00 ibrake=1.00 hasABS=0 sy=10.91 split=1.000,0.875 ===
 53.62749|I|libbeamng.print:18052| === LSTM_OBS t=100 17.52583,21.05206,21.33242,20.48571,0.08884,10.91017,-9.63932,-0.00287,0.00000,0.00000,0.00274,1.00000,0.00000,0.00100,-0.01916,6068.33884,0.25000 ===
 53.67703|I|libbeamng.print:18052| === LSTM_TRACE t=110 v=22.06 ws=15.92,20.84,20.84,19.51 cmd=0.732,0.741,0.719,0.749 cap=2411,2364,1504,1563 des=2411,2364,1316,1368 app=2375,2333,1290,1342 abs=nil,nil,nil,nil ebrake=1.00 ibrake=1.00 hasABS=0 sy=11.12 split=1.000,0.875 ===
 53.67707|I|libbeamng.print:18052| === LSTM_OBS t=110 15.92156,20.84060,20.83823,19.51129,0.11993,11.11837,-9.58819,-0.00721,0.00000,0.00000,0.00204,1.00000,0.00000,0.00063,-0.01857,5868.60862,0.25000 ===
 53.72740|I|libbeamng.print:18052| === LSTM_TRACE t=120 v=21.50 ws=14.74,20.47,20.55,18.60 cmd=0.716,0.704,0.669,0.694 cap=2608,2568,1344,1437 des=2608,2568,1176,1257 app=2470,2487,1156,1235 abs=nil,nil,nil,nil ebrake=1.00 ibrake=1.00 hasABS=0 sy=11.20 split=1.000,0.875 ===
 53.72745|I|libbeamng.print:18052| === LSTM_OBS t=120 14.73538,20.46888,20.54794,18.59744,0.14476,11.20091,-9.54979,-0.00236,0.00000,0.00000,0.00369,1.00000,0.00000,0.00029,-0.01790,5676.02312,0.25000 ===
 53.77721|I|libbeamng.print:18052| === LSTM_TRACE t=130 v=20.93 ws=13.55,19.81,20.06,17.86 cmd=0.678,0.676,0.691,0.720 cap=2233,2194,1380,1437 des=2233,2194,1207,1258 app=2204,2172,1187,1237 abs=nil,nil,nil,nil ebrake=1.00 ibrake=1.00 hasABS=0 sy=11.24 split=1.000,0.875 ===
 53.77726|I|libbeamng.print:18052| === LSTM_OBS t=130 13.54979,19.81071,20.05713,17.86021,0.13471,11.23563,-9.57147,0.01917,0.00000,0.00000,0.00293,1.00000,0.00000,0.00037,-0.01726,5492.37254,0.25000 ===
 53.82763|I|libbeamng.print:18052| === LSTM_TRACE t=140 v=20.38 ws=12.54,19.52,19.47,17.31 cmd=0.702,0.688,0.674,0.710 cap=2006,1995,1291,1344 des=2006,1995,1129,1176 app=1980,1976,1112,1157 abs=nil,nil,nil,nil ebrake=1.00 ibrake=1.00 hasABS=0 sy=11.21 split=1.000,0.875 ===
 53.82768|I|libbeamng.print:18052| === LSTM_OBS t=140 12.53821,19.52451,19.47142,17.30919,0.11719,11.21144,-9.60276,0.02113,0.00000,0.00000,0.00315,1.00000,0.00000,0.00063,-0.01669,5324.23053,0.25000 ===
 53.87743|I|libbeamng.print:18052| === LSTM_TRACE t=150 v=19.83 ws=11.58,18.84,19.06,16.85 cmd=0.593,0.596,0.640,0.660 cap=2163,2115,1290,1358 des=2163,2115,1128,1188 app=2135,2098,1112,1170 abs=nil,nil,nil,nil ebrake=1.00 ibrake=1.00 hasABS=0 sy=11.16 split=1.000,0.875 ===
 53.87749|I|libbeamng.print:18052| === LSTM_OBS t=150 11.58101,18.84374,19.05537,16.85022,0.08144,11.15607,-9.62170,0.02270,0.00000,0.00000,0.00204,1.00000,0.00000,0.00113,-0.01630,5172.50726,0.25000 ===
 53.92752|I|libbeamng.print:18052| === LSTM_TRACE t=160 v=19.28 ws=10.83,18.61,18.35,16.58 cmd=0.705,0.692,0.646,0.685 cap=1880,1872,1261,1309 des=1880,1872,1103,1145 app=1856,1858,1088,1128 abs=nil,nil,nil,nil ebrake=1.00 ibrake=1.00 hasABS=0 sy=11.10 split=1.000,0.875 ===
 53.92756|I|libbeamng.print:18052| === LSTM_OBS t=160 10.83314,18.61360,18.34527,16.58202,0.02104,11.10266,-9.63943,0.03268,0.00000,0.00000,0.00293,1.00000,0.00000,0.00154,-0.01598,5037.28557,0.25000 ===
 53.97783|I|libbeamng.print:18052| === LSTM_TRACE t=170 v=18.74 ws=10.08,17.83,17.85,16.18 cmd=0.583,0.582,0.643,0.673 cap=1539,1606,1118,1132 des=1539,1606,978,991 app=1892,1870,964,976 abs=nil,nil,nil,nil ebrake=1.00 ibrake=1.00 hasABS=0 sy=11.02 split=1.000,0.875 ===
 53.97788|I|libbeamng.print:18052| === LSTM_OBS t=170 10.08203,17.83344,17.84669,16.18084,-0.05844,11.02208,-9.65551,0.03027,0.00000,0.00000,0.00210,1.00000,0.00000,0.00203,-0.01585,4914.38906,0.25000 ===
 54.02990|I|libbeamng.print:18052| === LSTM_TRACE t=180 v=18.20 ws=9.62,17.44,17.11,16.48 cmd=0.643,0.643,0.628,0.664 cap=1781,1830,1202,1243 des=1781,1830,1052,1087 app=1758,1817,1037,1072 abs=nil,nil,nil,nil ebrake=1.00 ibrake=1.00 hasABS=0 sy=10.96 split=1.000,0.875 ===
 54.02995|I|libbeamng.print:18052| === LSTM_OBS t=180 9.62174,17.44212,17.11289,16.47857,-0.13700,10.95520,-9.66407,0.02921,0.00000,0.00000,0.00254,1.00000,0.00000,0.00250,-0.01579,4798.89355,0.25000 ===
 54.08016|I|libbeamng.print:18052| === LSTM_TRACE t=190 v=17.66 ws=9.15,16.95,16.31,15.91 cmd=0.562,0.578,0.643,0.672 cap=1628,1700,1191,1230 des=1628,1700,1042,1076 app=1647,1689,1028,1061 abs=nil,nil,nil,nil ebrake=1.00 ibrake=1.00 hasABS=0 sy=10.90 split=1.000,0.875 ===
 54.08020|I|libbeamng.print:18052| === LSTM_OBS t=190 9.14796,16.95198,16.31392,15.90603,-0.22393,10.89922,-9.66785,0.01876,0.00000,0.00000,0.00134,1.00000,0.00000,0.00293,-0.01593,4684.73760,0.25000 ===
 54.13039|I|libbeamng.print:18052| === LSTM_TRACE t=200 v=17.14 ws=9.33,16.31,15.79,15.95 cmd=0.636,0.646,0.650,0.685 cap=1725,1821,1173,1223 des=1725,1821,1026,1070 app=1701,1810,1012,1056 abs=nil,nil,nil,nil ebrake=1.00 ibrake=1.00 hasABS=0 sy=10.85 split=1.000,0.875 ===
 54.13043|I|libbeamng.print:18052| === LSTM_OBS t=200 9.32586,16.30505,15.78905,15.94892,-0.32890,10.84588,-9.66174,0.00014,0.00000,0.00000,0.00301,1.00000,0.00000,0.00339,-0.01594,4566.46516,0.25000 ===
 54.18148|I|libbeamng.print:18052| === LSTM_TRACE t=210 v=16.60 ws=9.22,15.86,14.11,14.66 cmd=0.619,0.652,0.579,0.602 cap=2371,2403,1265,1340 des=2371,2403,1107,1173 app=2336,2389,1092,1157 abs=nil,nil,nil,nil ebrake=1.00 ibrake=1.00 hasABS=0 sy=10.81 split=1.000,0.875 ===
 54.18152|I|libbeamng.print:18052| === LSTM_OBS t=210 9.21675,15.85609,14.10920,14.65986,-0.40274,10.81282,-9.64365,0.00234,0.00000,0.00000,0.00261,1.00000,0.00000,0.00348,-0.01598,4469.04454,0.25000 ===
 54.23158|I|libbeamng.print:18052| === LSTM_TRACE t=220 v=16.04 ws=8.93,15.49,12.71,13.54 cmd=0.758,0.777,0.557,0.589 cap=2591,2578,1291,1382 des=2591,2578,1129,1210 app=2126,2257,1114,1193 abs=nil,nil,nil,nil ebrake=1.00 ibrake=1.00 hasABS=0 sy=10.85 split=1.000,0.875 ===
 54.23164|I|libbeamng.print:18052| === LSTM_OBS t=220 8.92780,15.49091,12.71247,13.53605,-0.38062,10.84813,-9.60361,-0.01146,0.00000,0.00000,0.00349,1.00000,0.00000,0.00300,-0.01623,4393.78358,0.25000 ===
 54.28261|I|libbeamng.print:18052| === LSTM_TRACE t=230 v=15.48 ws=8.21,14.67,11.72,12.46 cmd=0.616,0.654,0.476,0.493 cap=2311,2329,1217,1280 des=2311,2329,1065,1120 app=2049,2140,1049,1105 abs=nil,nil,nil,nil ebrake=1.00 ibrake=1.00 hasABS=0 sy=10.92 split=1.000,0.875 ===
 54.28266|I|libbeamng.print:18052| === LSTM_OBS t=230 8.21241,14.66578,11.71732,12.46072,-0.35111,10.92151,-9.62149,-0.01139,0.00000,0.00000,0.00331,1.00000,0.00000,0.00211,-0.01642,4335.02998,0.25000 ===
 54.33269|I|libbeamng.print:18052| === LSTM_TRACE t=240 v=14.92 ws=7.78,13.93,11.34,11.54 cmd=0.574,0.599,0.571,0.580 cap=1671,1783,923,930 des=1671,1783,808,814 app=1912,1953,796,802 abs=nil,nil,nil,nil ebrake=1.00 ibrake=1.00 hasABS=0 sy=11.00 split=1.000,0.875 ===
 54.33274|I|libbeamng.print:18052| === LSTM_OBS t=240 7.77752,13.92841,11.33963,11.54349,-0.31508,10.99932,-9.63907,-0.00086,0.00000,0.00000,0.00115,1.00000,0.00000,0.00151,-0.01677,4286.99840,0.25000 ===
 54.38240|I|libbeamng.print:18052| === LSTM_TRACE t=250 v=14.36 ws=7.36,13.80,10.83,10.39 cmd=0.753,0.743,0.591,0.622 cap=1922,1992,961,997 des=1922,1992,841,872 app=1894,1982,828,859 abs=nil,nil,nil,nil ebrake=1.00 ibrake=1.00 hasABS=0 sy=11.06 split=1.000,0.875 ===
 54.38245|I|libbeamng.print:18052| === LSTM_OBS t=250 7.35900,13.80022,10.83277,10.39189,-0.27437,11.06094,-9.66953,-0.00152,0.00000,0.00000,0.00204,1.00000,0.00000,0.00108,-0.01711,4240.50571,0.25000 ===
 54.43264|I|libbeamng.print:18052| === LSTM_TRACE t=260 v=13.81 ws=7.01,13.02,10.29,9.29 cmd=0.719,0.713,0.625,0.647 cap=2085,2088,1082,1124 des=2085,2088,947,983 app=2054,2078,931,967 abs=nil,nil,nil,nil ebrake=1.00 ibrake=1.00 hasABS=0 sy=11.07 split=1.000,0.875 ===
 54.43268|I|libbeamng.print:18052| === LSTM_OBS t=260 7.01405,13.02400,10.29304,9.29165,-0.21707,11.06840,-9.68606,-0.00298,0.00000,0.00000,0.00357,1.00000,0.00000,0.00076,-0.01755,4172.04569,0.25000 ===
 54.48212|I|libbeamng.print:18052| === LSTM_TRACE t=270 v=13.27 ws=6.51,12.53,10.18,8.56 cmd=0.694,0.694,0.686,0.711 cap=1308,1389,1262,1260 des=1308,1389,1104,1103 app=1644,1696,1086,1084 abs=nil,nil,nil,nil ebrake=1.00 ibrake=1.00 hasABS=0 sy=11.01 split=1.000,0.875 ===
 54.48221|I|libbeamng.print:18052| === LSTM_OBS t=270 6.51432,12.53106,10.18142,8.55746,-0.17756,11.01340,-9.66686,-0.00082,0.00000,0.00000,0.00162,1.00000,0.00000,0.00070,-0.01770,4061.38446,0.25000 ===
 54.53456|I|libbeamng.print:18052| === LSTM_TRACE t=280 v=12.74 ws=6.25,12.19,10.23,7.99 cmd=0.627,0.620,0.585,0.593 cap=2333,2300,1154,1208 des=2333,2300,1010,1057 app=2297,2289,993,1038 abs=nil,nil,nil,nil ebrake=1.00 ibrake=1.00 hasABS=0 sy=10.94 split=1.000,0.875 ===
 54.53461|I|libbeamng.print:18052| === LSTM_OBS t=280 6.24523,12.19032,10.23199,7.99233,-0.12602,10.94435,-9.60207,0.00303,0.00000,0.00000,0.00404,1.00000,0.00000,0.00058,-0.01744,3932.62274,0.25000 ===
 54.58247|I|libbeamng.print:18052| === LSTM_TRACE t=290 v=12.19 ws=6.52,11.84,10.36,7.15 cmd=0.756,0.741,0.709,0.736 cap=1359,1418,1282,1267 des=1359,1418,1122,1109 app=1591,1575,1103,1089 abs=nil,nil,nil,nil ebrake=1.00 ibrake=1.00 hasABS=0 sy=10.91 split=1.000,0.875 ===
 54.58252|I|libbeamng.print:18052| === LSTM_OBS t=290 6.51729,11.83770,10.35962,7.14581,-0.10191,10.91265,-9.59756,0.01075,0.00000,0.00000,0.00154,1.00000,0.00000,0.00082,-0.01696,3799.88434,0.25000 ===
 54.62984|I|libbeamng.print:18052| === LSTM_TRACE t=300 v=11.65 ws=7.15,11.10,10.54,6.14 cmd=0.611,0.609,0.558,0.550 cap=2536,2490,1174,1215 des=2536,2490,1027,1063 app=2403,2391,1009,1044 abs=nil,nil,nil,nil ebrake=1.00 ibrake=1.00 hasABS=0 sy=10.91 split=1.000,0.875 ===
 54.62989|I|libbeamng.print:18052| === LSTM_OBS t=300 7.14683,11.09674,10.54152,6.13649,-0.07678,10.90567,-9.57779,0.01255,0.00000,0.00000,0.00395,1.00000,0.00000,0.00060,-0.01642,3683.68434,0.25000 ===
 54.67992|I|libbeamng.print:18052| === LSTM_TRACE t=310 v=11.07 ws=7.95,10.70,10.50,5.67 cmd=0.804,0.793,0.694,0.711 cap=1638,1681,1276,1241 des=1638,1681,1116,1086 app=1641,1672,1097,1064 abs=nil,nil,nil,nil ebrake=1.00 ibrake=1.00 hasABS=0 sy=10.95 split=1.000,0.875 ===
 54.67996|I|libbeamng.print:18052| === LSTM_OBS t=310 7.94665,10.69999,10.50205,5.67155,-0.02793,10.95375,-9.55378,0.03111,0.00000,0.00000,0.00293,1.00000,0.00000,0.00089,-0.01628,3556.95786,0.25000 ===
 54.72952|I|libbeamng.print:18052| === LSTM_TRACE t=320 v=10.51 ws=8.70,9.76,10.01,5.73 cmd=0.669,0.678,0.538,0.519 cap=2661,2639,1185,1213 des=2661,2639,1037,1061 app=2558,2620,1019,1040 abs=nil,nil,nil,nil ebrake=1.00 ibrake=1.00 hasABS=0 sy=11.05 split=1.000,0.875 ===
 54.72956|I|libbeamng.print:18052| === LSTM_OBS t=320 8.69654,9.75561,10.01436,5.72668,-0.03771,11.04660,-9.60633,0.01634,0.00000,0.00000,0.00335,1.00000,0.00000,0.00091,-0.01615,3431.14049,0.25000 ===
 54.77913|I|libbeamng.print:18052| === LSTM_TRACE t=330 v=9.92 ws=8.70,9.14,9.27,5.99 cmd=0.854,0.860,0.698,0.704 cap=1783,1943,1227,1157 des=1783,1943,1074,1012 app=1845,1932,1055,991 abs=nil,nil,nil,nil ebrake=1.00 ibrake=1.00 hasABS=0 sy=11.20 split=1.000,0.875 ===
 54.77917|I|libbeamng.print:18052| === LSTM_OBS t=330 8.70131,9.14378,9.26823,5.98795,-0.07063,11.20468,-9.66595,0.03415,0.00000,0.00000,0.00189,1.00000,0.00000,0.00159,-0.01646,3303.26538,0.25000 ===
 54.83624|I|libbeamng.print:18052| === LSTM_TRACE t=340 v=9.33 ws=8.45,8.39,8.57,5.96 cmd=0.812,0.825,0.626,0.616 cap=2694,2689,1345,1375 des=2694,2689,1177,1203 app=2367,2509,1156,1177 abs=nil,nil,nil,nil ebrake=1.00 ibrake=1.00 hasABS=0 sy=11.34 split=1.000,0.875 ===
 54.83628|I|libbeamng.print:18052| === LSTM_OBS t=340 8.44776,8.39402,8.56994,5.96165,-0.09397,11.34015,-9.69447,0.00974,0.00000,0.00000,0.00367,1.00000,0.00000,0.00211,-0.01679,3177.32825,0.25000 ===
 54.88535|I|libbeamng.print:18052| === LSTM_TRACE t=350 v=8.76 ws=7.74,8.03,7.87,6.04 cmd=0.721,0.739,0.644,0.638 cap=2456,2486,1271,1279 des=2456,2486,1112,1119 app=2419,2472,1092,1094 abs=nil,nil,nil,nil ebrake=1.00 ibrake=1.00 hasABS=0 sy=11.46 split=1.000,0.875 ===
 54.88539|I|libbeamng.print:18052| === LSTM_OBS t=350 7.73655,8.03119,7.86755,6.04190,-0.14467,11.45769,-9.60175,0.01489,0.00000,0.00000,0.00326,1.00000,0.00000,0.00262,-0.01723,3044.32939,0.25000 ===
 54.93162|I|libbeamng.print:18052| === LSTM_TRACE t=360 v=8.17 ws=7.42,7.48,7.24,6.36 cmd=0.735,0.754,0.663,0.666 cap=2464,2480,1405,1419 des=2464,2480,1229,1242 app=2426,2465,1206,1214 abs=nil,nil,nil,nil ebrake=1.00 ibrake=1.00 hasABS=0 sy=11.51 split=1.000,0.875 ===
 54.93166|I|libbeamng.print:18052| === LSTM_OBS t=360 7.41896,7.48428,7.24056,6.36402,-0.19272,11.51046,-9.57538,0.02071,0.00000,0.00000,0.00256,1.00000,0.00000,0.00272,-0.01734,2915.70053,0.25000 ===
 54.98116|I|libbeamng.print:18052| === LSTM_TRACE t=370 v=7.58 ws=6.70,6.77,6.22,6.38 cmd=0.733,0.755,0.731,0.731 cap=1689,1799,1412,1382 des=1689,1799,1236,1210 app=1853,1895,1212,1181 abs=nil,nil,nil,nil ebrake=1.00 ibrake=1.00 hasABS=0 sy=11.52 split=1.000,0.875 ===
 54.98121|I|libbeamng.print:18052| === LSTM_OBS t=370 6.70150,6.77035,6.22470,6.38364,-0.22370,11.51842,-9.60649,0.01582,0.00000,0.00000,0.00229,1.00000,0.00000,0.00261,-0.01720,2767.72766,0.25000 ===
 55.03057|I|libbeamng.print:18052| === LSTM_TRACE t=380 v=7.02 ws=6.37,6.38,5.50,6.41 cmd=0.602,0.616,0.634,0.631 cap=2632,2612,1326,1380 des=2632,2612,1161,1207 app=2575,2594,1138,1180 abs=nil,nil,nil,nil ebrake=1.00 ibrake=1.00 hasABS=0 sy=11.53 split=1.000,0.875 ===
 55.03061|I|libbeamng.print:18052| === LSTM_OBS t=380 6.37177,6.38251,5.50424,6.40855,-0.26006,11.52520,-9.57509,0.02125,0.00000,0.00000,0.00307,1.00000,0.00000,0.00269,-0.01688,2625.19722,0.25000 ===
 55.08145|I|libbeamng.print:18052| === LSTM_TRACE t=390 v=6.44 ws=5.81,5.98,5.25,6.10 cmd=0.748,0.759,0.758,0.769 cap=1649,1735,1424,1415 des=1649,1735,1246,1238 app=1810,1807,1221,1210 abs=nil,nil,nil,nil ebrake=1.00 ibrake=1.00 hasABS=0 sy=11.54 split=1.000,0.875 ===
 55.08150|I|libbeamng.print:18052| === LSTM_OBS t=390 5.81371,5.97717,5.25073,6.09798,-0.27612,11.53771,-9.62112,-0.00209,0.00000,0.00000,0.00256,1.00000,0.00000,0.00268,-0.01677,2481.45352,0.25000 ===
 55.13105|I|libbeamng.print:18052| === LSTM_TRACE t=400 v=5.89 ws=5.46,5.74,4.97,5.49 cmd=0.612,0.622,0.645,0.639 cap=2687,2655,1357,1412 des=2687,2655,1187,1236 app=2508,2516,1162,1207 abs=nil,nil,nil,nil ebrake=1.00 ibrake=1.00 hasABS=0 sy=11.48 split=1.000,0.875 ===
 55.13110|I|libbeamng.print:18052| === LSTM_OBS t=400 5.45998,5.74004,4.96545,5.48766,-0.27189,11.48128,-9.63217,-0.00162,0.00000,0.00000,0.00398,1.00000,0.00000,0.00248,-0.01651,2330.57388,0.25000 ===
 55.18036|I|libbeamng.print:18052| === LSTM_TRACE t=410 v=5.34 ws=4.47,4.74,4.97,5.16 cmd=0.309,0.362,0.751,0.740 cap=837,1004,1263,1200 des=837,1004,1105,1050 app=2027,2047,1082,1025 abs=nil,nil,nil,nil ebrake=1.00 ibrake=1.00 hasABS=0 sy=11.34 split=1.000,0.875 ===
 55.18040|I|libbeamng.print:18052| === LSTM_OBS t=410 4.47390,4.73788,4.96699,5.16315,-0.25163,11.33766,-9.66571,0.00170,0.00000,0.00000,0.00221,1.00000,0.00000,0.00224,-0.01611,2173.66929,0.25000 ===
 55.22733|I|libbeamng.print:18052| === LSTM_TRACE t=420 v=4.79 ws=3.99,4.05,4.43,4.46 cmd=0.484,0.536,0.740,0.733 cap=950,1140,1454,1426 des=950,1140,1272,1247 app=1639,1687,1245,1218 abs=nil,nil,nil,nil ebrake=1.00 ibrake=1.00 hasABS=0 sy=11.19 split=1.000,0.875 ===
 55.22737|I|libbeamng.print:18052| === LSTM_OBS t=420 3.99335,4.05061,4.42783,4.46407,-0.16097,11.19058,-9.66796,-0.00739,0.00000,0.00000,0.00301,1.00000,0.00000,0.00146,-0.01533,2037.11658,0.25000 ===
 55.27650|I|libbeamng.print:18052| === LSTM_TRACE t=430 v=4.30 ws=4.54,4.01,3.64,3.83 cmd=0.854,0.844,0.728,0.760 cap=1531,1705,1435,1423 des=1531,1705,1255,1245 app=1505,1689,1228,1215 abs=nil,nil,nil,nil ebrake=1.00 ibrake=1.00 hasABS=0 sy=10.97 split=1.000,0.875 ===
 55.27655|I|libbeamng.print:18052| === LSTM_OBS t=430 4.53733,4.01178,3.63964,3.82807,-0.11085,10.97354,-9.69530,-0.00733,0.00000,0.00000,0.00433,1.00000,0.00000,0.00068,-0.01461,1877.46896,0.25000 ===
 55.32657|I|libbeamng.print:18052| === LSTM_TRACE t=440 v=3.80 ws=3.45,3.67,3.95,3.91 cmd=0.496,0.540,0.650,0.627 cap=2495,2495,1361,1396 des=2495,2495,1191,1221 app=2321,2470,1164,1191 abs=nil,nil,nil,nil ebrake=1.00 ibrake=1.00 hasABS=0 sy=10.70 split=1.000,0.875 ===
 55.32666|I|libbeamng.print:18052| === LSTM_OBS t=440 3.45218,3.66979,3.94844,3.90644,-0.08635,10.70158,-9.70630,-0.00347,0.00000,0.00000,0.00115,1.00000,0.00000,0.00079,-0.01386,1691.89427,0.25000 ===
 55.37699|I|libbeamng.print:18052| === LSTM_TRACE t=450 v=3.30 ws=3.51,3.20,2.98,2.98 cmd=0.749,0.766,0.731,0.754 cap=1493,1677,1334,1329 des=1493,1677,1168,1163 app=1465,1660,1140,1134 abs=nil,nil,nil,nil ebrake=1.00 ibrake=1.00 hasABS=0 sy=10.48 split=1.000,0.875 ===
 55.37704|I|libbeamng.print:18052| === LSTM_OBS t=450 3.51428,3.20182,2.98379,2.98090,-0.02418,10.48490,-9.67020,-0.00216,0.00000,0.00000,0.00388,1.00000,0.00000,0.00042,-0.01355,1508.24198,0.25000 ===
 55.42813|I|libbeamng.print:18052| === LSTM_TRACE t=460 v=2.84 ws=2.53,2.44,2.57,2.53 cmd=0.620,0.647,0.630,0.638 cap=2450,2487,1301,1348 des=2450,2487,1138,1180 app=2190,2393,1111,1149 abs=nil,nil,nil,nil ebrake=1.00 ibrake=1.00 hasABS=0 sy=10.21 split=1.000,0.875 ===
 55.42819|I|libbeamng.print:18052| === LSTM_OBS t=460 2.53007,2.43858,2.57384,2.53176,-0.03458,10.20731,-9.68934,-0.00559,0.00000,0.00000,0.00592,1.00000,0.00000,0.00082,-0.01307,1319.26915,0.25000 ===
 55.47649|I|libbeamng.print:18052| === LSTM_TRACE t=470 v=2.35 ws=2.20,1.14,2.04,1.99 cmd=0.597,0.644,0.708,0.725 cap=2083,2172,1286,1322 des=2083,2172,1125,1157 app=2042,2146,1097,1126 abs=nil,nil,nil,nil ebrake=1.00 ibrake=1.00 hasABS=0 sy=10.05 split=1.000,0.875 ===
 55.47653|I|libbeamng.print:18052| === LSTM_OBS t=470 2.19818,1.13509,2.04496,1.99406,0.02692,10.04895,-9.64022,0.00499,0.00000,0.00000,0.00364,1.00000,0.00000,0.00080,-0.01308,1133.18032,0.25000 ===
 55.52677|I|libbeamng.print:18052| === LSTM_TRACE t=480 v=1.81 ws=0.45,0.10,1.52,1.55 cmd=0.771,0.817,0.755,0.761 cap=2412,2528,1470,1500 des=2412,2528,1287,1313 app=2363,2495,1254,1277 abs=nil,nil,nil,nil ebrake=1.00 ibrake=1.00 hasABS=0 sy=10.11 split=1.000,0.875 ===
 55.52682|I|libbeamng.print:18052| === LSTM_OBS t=480 0.44708,0.09510,1.52284,1.54590,0.00118,10.10503,-9.58446,-0.01102,0.00000,0.00000,0.00049,1.00000,0.00000,0.00118,-0.01340,947.15561,0.25000 ===
 55.57660|I|libbeamng.print:18052| === LSTM_TRACE t=490 v=1.26 ws=0.02,0.05,0.43,0.42 cmd=0.986,0.987,0.859,0.866 cap=3057,3059,1665,1687 des=3057,3059,1456,1476 app=2991,3016,1418,1435 abs=nil,nil,nil,nil ebrake=1.00 ibrake=1.00 hasABS=0 sy=10.27 split=1.000,0.875 ===
 55.57664|I|libbeamng.print:18052| === LSTM_OBS t=490 0.02324,0.05363,0.43144,0.41913,-0.00248,10.26971,-9.50371,-0.00438,0.00000,0.00000,0.00085,1.00000,0.00000,0.00121,-0.01412,772.70109,0.25000 ===
 55.62667|I|libbeamng.print:18052| === LSTM_TRACE t=500 v=0.70 ws=0.02,0.00,0.16,0.33 cmd=0.991,0.992,0.868,0.879 cap=3069,3074,1683,1700 des=3069,3074,1473,1488 app=2999,3028,1432,1444 abs=nil,nil,nil,nil ebrake=1.00 ibrake=1.00 hasABS=0 sy=10.55 split=1.000,0.875 ===
 55.62673|I|libbeamng.print:18052| === LSTM_OBS t=500 0.02152,0.00036,0.15740,0.32792,0.00562,10.54618,-9.50940,-0.00413,0.00000,0.00000,0.00364,1.00000,0.00000,0.00117,-0.01396,734.16166,0.25000 ===
 86.33975|I|libbeamng.print:18052| === LSTM_TRACE t=0 v=27.71 ws=27.70,27.81,27.37,27.43 cmd=0.933,0.907,0.549,0.613 cap=155,155,97,97 des=155,155,85,85 app=148,149,81,81 abs=nil,nil,nil,nil ebrake=1.00 ibrake=1.00 hasABS=0 sy=1.57 split=1.000,0.875 ===
 86.33982|I|libbeamng.print:18052| === LSTM_OBS t=0 27.69934,27.80873,27.36551,27.43199,0.01131,1.57207,-9.78415,0.01018,0.00000,0.00000,0.00000,1.00000,0.00000,0.00084,-0.00907,7858.02423,0.25000 ===
 86.38879|I|libbeamng.print:18052| === LSTM_TRACE t=10 v=27.47 ws=26.51,26.67,26.78,26.93 cmd=0.479,0.453,0.552,0.521 cap=1475,1413,1055,991 des=1475,1413,923,867 app=1411,1362,887,833 abs=nil,nil,nil,nil ebrake=1.00 ibrake=1.00 hasABS=0 sy=2.05 split=1.000,0.875 ===
 86.38883|I|libbeamng.print:18052| === LSTM_OBS t=10 26.51322,26.67077,26.77786,26.92843,-0.00785,2.05373,-9.76564,0.00161,0.00000,0.00000,0.00435,1.00000,0.00000,0.00077,-0.00985,7775.08274,0.25000 ===
 86.41032|I|libbeamng.print:18052| === LSTM_ABS DBG raw=25.7942,26.0157,26.4216,26.5812,0.0332,2.5334,-9.7611,-0.0104,0.0000,0.0000,0.0048,1.0000,0.0000,0.0010,-0.0106,7702.2931,0.2500 ===
 86.41035|I|libbeamng.print:18052| === LSTM_ABS DBG norm=0.52,0.48,0.52,0.50,-0.12,-2.12,0.00,-0.05,0.06,-0.06,0.16,0.59,-0.02,0.00,0.00,3.82,0.00 ===
 86.41036|I|libbeamng.print:18052| === LSTM_ABS DBG cmd=0.6324,0.6196,0.6258,0.6102 ===
 86.44004|I|libbeamng.print:18052| === LSTM_TRACE t=20 v=27.03 ws=25.23,25.38,25.99,26.08 cmd=0.651,0.651,0.632,0.652 cap=1969,1984,1225,1248 des=1969,1984,1072,1092 app=1900,1926,1038,1056 abs=nil,nil,nil,nil ebrake=1.00 ibrake=1.00 hasABS=0 sy=3.52 split=1.000,0.875 ===
 86.44014|I|libbeamng.print:18052| === LSTM_OBS t=20 25.22538,25.38014,25.99109,26.07500,0.03911,3.52148,-9.58555,0.00169,0.00000,0.00000,0.00410,1.00000,0.00000,0.00092,-0.01196,7572.49715,0.25000 ===
 86.49021|I|libbeamng.print:18052| === LSTM_TRACE t=30 v=26.53 ws=25.34,25.38,25.37,25.39 cmd=0.594,0.619,0.559,0.572 cap=1888,1956,1089,1116 des=1888,1956,953,976 app=1834,1909,928,950 abs=nil,nil,nil,nil ebrake=1.00 ibrake=1.00 hasABS=0 sy=5.24 split=1.000,0.875 ===
 86.49026|I|libbeamng.print:18052| === LSTM_OBS t=30 25.34180,25.38286,25.37102,25.39027,-0.06426,5.24112,-9.46762,-0.00499,0.00000,0.00000,0.00124,1.00000,0.00000,0.00114,-0.01445,7357.46626,0.25000 ===
 86.53976|I|libbeamng.print:18052| === LSTM_TRACE t=40 v=26.04 ws=24.77,24.86,24.91,24.88 cmd=0.681,0.688,0.580,0.601 cap=2029,2063,1115,1153 des=2029,2063,976,1008 app=1981,2023,954,985 abs=nil,nil,nil,nil ebrake=1.00 ibrake=1.00 hasABS=0 sy=6.55 split=1.000,0.875 ===
 86.53981|I|libbeamng.print:18052| === LSTM_OBS t=40 24.77276,24.85664,24.90734,24.87959,-0.07424,6.55420,-9.61387,-0.00046,0.00000,0.00000,0.00244,1.00000,0.00000,0.00130,-0.01601,7190.15887,0.25000 ===
 86.59051|I|libbeamng.print:18052| === LSTM_TRACE t=50 v=25.48 ws=23.71,23.90,24.32,24.37 cmd=0.766,0.767,0.626,0.649 cap=2373,2373,1209,1258 des=2373,2373,1058,1101 app=2328,2338,1038,1080 abs=nil,nil,nil,nil ebrake=1.00 ibrake=1.00 hasABS=0 sy=7.73 split=1.000,0.875 ===
 86.59059|I|libbeamng.print:18052| === LSTM_OBS t=50 23.71432,23.90034,24.32404,24.37410,-0.01197,7.72918,-9.71588,-0.00302,0.00000,0.00000,0.00234,1.00000,0.00000,0.00122,-0.01745,7042.78439,0.25000 ===
 86.64117|I|libbeamng.print:18052| === LSTM_TRACE t=60 v=24.90 ws=22.42,22.72,23.76,23.67 cmd=0.796,0.800,0.687,0.711 cap=2569,2566,1352,1406 des=2569,2566,1183,1230 app=2532,2537,1164,1210 abs=nil,nil,nil,nil ebrake=1.00 ibrake=1.00 hasABS=0 sy=8.82 split=1.000,0.875 ===
 86.64121|I|libbeamng.print:18052| === LSTM_OBS t=60 22.42101,22.72011,23.75897,23.66832,-0.00881,8.81989,-9.76523,-0.00167,0.00000,0.00000,0.00293,1.00000,0.00000,0.00130,-0.01888,6869.72628,0.25000 ===
 86.69056|I|libbeamng.print:18052| === LSTM_TRACE t=70 v=24.31 ws=21.01,21.80,22.93,22.76 cmd=0.756,0.768,0.702,0.731 cap=2595,2593,1444,1509 des=2595,2593,1264,1320 app=2565,2570,1247,1303 abs=nil,nil,nil,nil ebrake=1.00 ibrake=1.00 hasABS=0 sy=9.69 split=1.000,0.875 ===
 86.69061|I|libbeamng.print:18052| === LSTM_OBS t=70 21.00984,21.80060,22.93290,22.75515,0.01392,9.69330,-9.77290,-0.00792,0.00000,0.00000,0.00305,1.00000,0.00000,0.00130,-0.01992,6654.13092,0.25000 ===
 86.74015|I|libbeamng.print:18052| === LSTM_TRACE t=80 v=23.71 ws=19.72,21.25,22.23,21.86 cmd=0.784,0.780,0.735,0.767 cap=2365,2379,1404,1462 des=2365,2379,1229,1279 app=2343,2363,1215,1265 abs=nil,nil,nil,nil ebrake=1.00 ibrake=1.00 hasABS=0 sy=10.29 split=1.000,0.875 ===
 86.74019|I|libbeamng.print:18052| === LSTM_OBS t=80 19.72448,21.25015,22.23026,21.86312,0.04611,10.28548,-9.74819,0.00429,0.00000,0.00000,0.00301,1.00000,0.00000,0.00131,-0.02008,6421.56602,0.25000 ===
 86.78986|I|libbeamng.print:18052| === LSTM_TRACE t=90 v=23.13 ws=18.04,21.00,21.65,20.94 cmd=0.765,0.762,0.719,0.750 cap=2566,2529,1463,1536 des=2566,2529,1280,1344 app=2546,2516,1268,1331 abs=nil,nil,nil,nil ebrake=1.00 ibrake=1.00 hasABS=0 sy=10.70 split=1.000,0.875 ===
 86.78990|I|libbeamng.print:18052| === LSTM_OBS t=90 18.04329,21.00437,21.65385,20.94423,0.08038,10.70210,-9.69492,-0.00144,0.00000,0.00000,0.00357,1.00000,0.00000,0.00109,-0.01957,6199.18985,0.25000 ===
 86.83982|I|libbeamng.print:18052| === LSTM_TRACE t=100 v=22.55 ws=16.33,21.11,21.08,19.91 cmd=0.772,0.777,0.698,0.731 cap=2644,2596,1532,1603 des=2644,2596,1341,1402 app=2397,2407,1330,1391 abs=nil,nil,nil,nil ebrake=1.00 ibrake=1.00 hasABS=0 sy=10.99 split=1.000,0.875 ===
 86.83987|I|libbeamng.print:18052| === LSTM_OBS t=100 16.32920,21.10639,21.08126,19.90907,0.09574,10.99177,-9.62614,-0.00479,0.00000,0.00000,0.00265,1.00000,0.00000,0.00075,-0.01880,5989.10731,0.25000 ===
 86.88985|I|libbeamng.print:18052| === LSTM_TRACE t=110 v=21.97 ws=14.53,20.74,20.92,19.11 cmd=0.718,0.716,0.760,0.788 cap=2069,2063,1397,1444 des=2069,2063,1222,1263 app=2057,2057,1214,1254 abs=nil,nil,nil,nil ebrake=1.00 ibrake=1.00 hasABS=0 sy=11.14 split=1.000,0.875 ===
 86.88990|I|libbeamng.print:18052| === LSTM_OBS t=110 14.52617,20.73910,20.91644,19.11478,0.12997,11.14301,-9.60319,0.00259,0.00000,0.00000,0.00183,1.00000,0.00000,0.00043,-0.01809,5787.73652,0.25000 ===
 86.93994|I|libbeamng.print:18052| === LSTM_TRACE t=120 v=21.41 ws=13.02,20.29,20.43,18.09 cmd=0.702,0.699,0.713,0.743 cap=2172,2169,1386,1445 des=2172,2169,1212,1265 app=2160,2164,1205,1257 abs=nil,nil,nil,nil ebrake=1.00 ibrake=1.00 hasABS=0 sy=11.19 split=1.000,0.875 ===
 86.93998|I|libbeamng.print:18052| === LSTM_OBS t=120 13.02051,20.29437,20.42734,18.09160,0.14816,11.19368,-9.59654,0.01466,0.00000,0.00000,0.00301,1.00000,0.00000,0.00014,-0.01732,5592.77169,0.25000 ===
 86.98752|I|libbeamng.print:18052| === LSTM_TRACE t=130 v=20.86 ws=11.69,20.05,19.94,17.40 cmd=0.712,0.703,0.696,0.731 cap=1952,1959,1342,1390 des=1952,1959,1175,1216 app=1942,1956,1168,1209 abs=nil,nil,nil,nil ebrake=1.00 ibrake=1.00 hasABS=0 sy=11.17 split=1.000,0.875 ===
 86.98756|I|libbeamng.print:18052| === LSTM_OBS t=130 11.69024,20.04603,19.94440,17.39647,0.15951,11.16626,-9.58884,0.01542,0.00000,0.00000,0.00254,1.00000,0.00000,0.00015,-0.01662,5423.99789,0.25000 ===
 87.03697|I|libbeamng.print:18052| === LSTM_TRACE t=140 v=20.33 ws=10.61,19.44,19.47,16.74 cmd=0.666,0.661,0.681,0.711 cap=1945,1946,1318,1365 des=1945,1946,1153,1194 app=1934,1944,1147,1187 abs=nil,nil,nil,nil ebrake=1.00 ibrake=1.00 hasABS=0 sy=11.07 split=1.000,0.875 ===
 87.03701|I|libbeamng.print:18052| === LSTM_OBS t=140 10.61194,19.44069,19.47082,16.74198,0.14083,11.07058,-9.61613,0.02662,0.00000,0.00000,0.00289,1.00000,0.00000,0.00053,-0.01598,5250.77990,0.25000 ===
 87.08670|I|libbeamng.print:18052| === LSTM_TRACE t=150 v=19.79 ws=9.77,19.13,18.94,16.07 cmd=0.704,0.692,0.693,0.726 cap=1653,1692,1249,1277 des=1653,1692,1093,1117 app=1644,1690,1088,1111 abs=nil,nil,nil,nil ebrake=1.00 ibrake=1.00 hasABS=0 sy=10.97 split=1.000,0.875 ===
 87.08675|I|libbeamng.print:18052| === LSTM_OBS t=150 9.77225,19.12542,18.94006,16.06698,0.11850,10.97428,-9.60577,0.02872,0.00000,0.00000,0.00256,1.00000,0.00000,0.00091,-0.01547,5093.11957,0.25000 ===
 87.13733|I|libbeamng.print:18052| === LSTM_TRACE t=160 v=19.25 ws=9.17,18.36,18.24,15.99 cmd=0.584,0.603,0.630,0.640 cap=2126,2141,1314,1357 des=2126,2141,1150,1187 app=2115,2140,1145,1181 abs=nil,nil,nil,nil ebrake=1.00 ibrake=1.00 hasABS=0 sy=10.91 split=1.000,0.875 ===
 87.13738|I|libbeamng.print:18052| === LSTM_OBS t=160 9.17484,18.36253,18.24107,15.99181,0.04050,10.90963,-9.63438,0.03573,0.00000,0.00000,0.00229,1.00000,0.00000,0.00132,-0.01505,4952.50595,0.25000 ===
 87.18687|I|libbeamng.print:18052| === LSTM_TRACE t=170 v=18.71 ws=8.41,17.87,17.56,15.86 cmd=0.592,0.612,0.659,0.668 cap=2217,2215,1333,1389 des=2217,2215,1166,1215 app=2119,2205,1162,1209 abs=nil,nil,nil,nil ebrake=1.00 ibrake=1.00 hasABS=0 sy=10.86 split=1.000,0.875 ===
 87.18695|I|libbeamng.print:18052| === LSTM_OBS t=170 8.41390,17.86968,17.56352,15.86197,-0.04808,10.86328,-9.64554,0.03222,0.00000,0.00000,0.00285,1.00000,0.00000,0.00187,-0.01499,4820.65340,0.25000 ===
 87.23675|I|libbeamng.print:18052| === LSTM_TRACE t=180 v=18.18 ws=7.84,17.58,17.07,15.75 cmd=0.670,0.673,0.713,0.744 cap=1659,1749,1269,1295 des=1659,1749,1110,1133 app=1696,1749,1106,1127 abs=nil,nil,nil,nil ebrake=1.00 ibrake=1.00 hasABS=0 sy=10.80 split=1.000,0.875 ===
 87.23680|I|libbeamng.print:18052| === LSTM_OBS t=180 7.84080,17.57613,17.07000,15.74939,-0.12555,10.80197,-9.65005,0.02362,0.00000,0.00000,0.00176,1.00000,0.00000,0.00237,-0.01498,4683.21796,0.25000 ===
 87.29011|I|libbeamng.print:18052| === LSTM_TRACE t=190 v=17.65 ws=7.28,17.05,15.75,14.95 cmd=0.640,0.655,0.689,0.717 cap=2175,2175,1417,1490 des=2175,2175,1240,1304 app=1966,2065,1236,1297 abs=nil,nil,nil,nil ebrake=1.00 ibrake=1.00 hasABS=0 sy=10.75 split=1.000,0.875 ===
 87.29016|I|libbeamng.print:18052| === LSTM_OBS t=190 7.28275,17.05188,15.75065,14.94924,-0.21387,10.74593,-9.63143,0.02953,0.00000,0.00000,0.00307,1.00000,0.00000,0.00277,-0.01488,4537.97414,0.25000 ===
 87.34197|I|libbeamng.print:18052| === LSTM_TRACE t=200 v=17.12 ws=6.53,16.53,14.16,13.49 cmd=0.683,0.701,0.688,0.716 cap=2011,2063,1373,1424 des=2011,2063,1201,1246 app=1998,2063,1197,1240 abs=nil,nil,nil,nil ebrake=1.00 ibrake=1.00 hasABS=0 sy=10.70 split=1.000,0.875 ===
 87.34201|I|libbeamng.print:18052| === LSTM_OBS t=200 6.53088,16.53413,14.15551,13.49099,-0.30174,10.70011,-9.62190,0.02437,0.00000,0.00000,0.00189,1.00000,0.00000,0.00284,-0.01477,4421.95890,0.25000 ===
 87.39691|I|libbeamng.print:18052| === LSTM_TRACE t=210 v=16.59 ws=4.98,15.32,12.82,12.39 cmd=0.410,0.455,0.684,0.698 cap=1681,1787,1203,1226 des=1681,1787,1053,1073 app=1986,2070,1049,1068 abs=nil,nil,nil,nil ebrake=1.00 ibrake=1.00 hasABS=0 sy=10.68 split=1.000,0.875 ===
 87.39697|I|libbeamng.print:18052| === LSTM_OBS t=210 4.98429,15.31947,12.82111,12.39423,-0.34031,10.68071,-9.66038,0.00965,0.00000,0.00000,0.00229,1.00000,0.00000,0.00288,-0.01471,4310.34457,0.25000 ===
 87.44177|I|libbeamng.print:18052| === LSTM_TRACE t=220 v=16.05 ws=3.53,15.16,11.61,11.42 cmd=0.562,0.586,0.730,0.762 cap=1258,1391,1376,1414 des=1258,1391,1204,1238 app=1650,1641,1200,1232 abs=nil,nil,nil,nil ebrake=1.00 ibrake=1.00 hasABS=0 sy=10.72 split=1.000,0.875 ===
 87.44185|I|libbeamng.print:18052| === LSTM_OBS t=220 3.52639,15.15781,11.61031,11.42229,-0.38772,10.72366,-9.74885,0.00719,0.00000,0.00000,0.00417,1.00000,0.00000,0.00323,-0.01444,4188.71971,0.25000 ===
 87.48760|I|libbeamng.print:18052| === LSTM_TRACE t=230 v=15.53 ws=1.75,15.12,10.05,10.80 cmd=0.548,0.561,0.758,0.787 cap=1778,1778,1424,1480 des=1778,1778,1246,1295 app=1764,1778,1241,1289 abs=nil,nil,nil,nil ebrake=1.00 ibrake=1.00 hasABS=0 sy=10.68 split=1.000,0.875 ===
 87.48764|I|libbeamng.print:18052| === LSTM_OBS t=230 1.75448,15.11668,10.04826,10.80046,-0.36807,10.67809,-9.78764,0.01264,0.00000,0.00000,0.00085,1.00000,0.00000,0.00408,-0.01386,4055.50444,0.25000 ===
 87.53776|I|libbeamng.print:18052| === LSTM_TRACE t=240 v=15.04 ws=0.49,14.75,8.21,10.28 cmd=0.515,0.520,0.783,0.823 cap=1415,1490,1449,1515 des=1415,1490,1268,1326 app=1403,1490,1262,1319 abs=nil,nil,nil,nil ebrake=1.00 ibrake=1.00 hasABS=0 sy=10.50 split=1.000,0.875 ===
 87.53781|I|libbeamng.print:18052| === LSTM_OBS t=240 0.49311,14.74599,8.20825,10.27518,-0.39375,10.50392,-9.75013,0.00410,0.00000,0.00000,0.00000,1.00000,0.00000,0.00529,-0.01275,3872.94658,0.25000 ===
 87.58710|I|libbeamng.print:18052| === LSTM_TRACE t=250 v=14.58 ws=0.03,14.04,6.55,9.93 cmd=0.597,0.589,0.796,0.844 cap=1825,1813,1545,1640 des=1825,1813,1352,1435 app=1808,1813,1346,1428 abs=nil,nil,nil,nil ebrake=1.00 ibrake=1.00 hasABS=0 sy=10.17 split=1.000,0.875 ===
 87.58715|I|libbeamng.print:18052| === LSTM_OBS t=250 0.03242,14.04344,6.54513,9.93033,-0.30817,10.17272,-9.51525,-0.00292,0.00000,0.00000,0.00221,1.00000,0.00000,0.00474,-0.01152,3669.15029,0.25000 ===
 87.63676|I|libbeamng.print:18052| === LSTM_TRACE t=260 v=14.07 ws=0.03,13.30,5.71,10.06 cmd=0.666,0.668,0.798,0.836 cap=2178,2175,1576,1652 des=2178,2175,1379,1446 app=2155,2175,1372,1438 abs=nil,nil,nil,nil ebrake=1.00 ibrake=1.00 hasABS=0 sy=10.08 split=1.000,0.875 ===
 87.63682|I|libbeamng.print:18052| === LSTM_OBS t=260 0.03434,13.29962,5.70581,10.06311,-0.33192,10.07719,-9.49660,-0.00499,0.00000,0.00000,0.00357,1.00000,0.00000,0.00431,-0.01032,3465.35264,0.25000 ===
 87.68687|I|libbeamng.print:18052| === LSTM_TRACE t=270 v=13.53 ws=0.01,12.52,4.81,10.18 cmd=0.681,0.696,0.813,0.846 cap=2269,2277,1588,1659 des=2269,2277,1389,1452 app=2243,2277,1381,1445 abs=nil,nil,nil,nil ebrake=1.00 ibrake=1.00 hasABS=0 sy=10.21 split=1.000,0.875 ===
 87.68691|I|libbeamng.print:18052| === LSTM_OBS t=270 0.01089,12.51941,4.80976,10.18244,-0.31691,10.20932,-9.60775,-0.02896,0.00000,0.00000,0.00265,1.00000,0.00000,0.00469,-0.00967,3272.15058,0.25000 ===
 87.73658|I|libbeamng.print:18052| === LSTM_TRACE t=280 v=12.99 ws=0.04,12.01,3.43,10.36 cmd=0.722,0.722,0.815,0.863 cap=2314,2303,1589,1684 des=2314,2303,1390,1473 app=2286,2303,1381,1466 abs=nil,nil,nil,nil ebrake=1.00 ibrake=1.00 hasABS=0 sy=10.38 split=1.000,0.875 ===
 87.73662|I|libbeamng.print:18052| === LSTM_OBS t=280 0.04056,12.00582,3.42751,10.36101,-0.26732,10.38332,-9.69273,-0.04407,0.00000,0.00000,0.00256,1.00000,0.00000,0.00518,-0.00964,3077.26533,0.25000 ===
 87.78820|I|libbeamng.print:18052| === LSTM_TRACE t=290 v=12.48 ws=0.00,11.55,2.54,10.43 cmd=0.704,0.710,0.798,0.845 cap=2233,2233,1556,1655 des=2233,2233,1361,1448 app=2204,2233,1352,1441 abs=nil,nil,nil,nil ebrake=1.00 ibrake=1.00 hasABS=0 sy=10.43 split=1.000,0.875 ===
 87.78826|I|libbeamng.print:18052| === LSTM_OBS t=290 0.00097,11.55129,2.54020,10.43401,-0.15884,10.43454,-9.78580,-0.07181,0.00000,0.00000,0.00372,1.00000,0.00000,0.00500,-0.00957,2869.16111,0.25000 ===
 87.83972|I|libbeamng.print:18052| === LSTM_TRACE t=300 v=11.95 ws=0.00,10.96,1.14,10.54 cmd=0.717,0.730,0.773,0.819 cap=2352,2360,1528,1624 des=2352,2360,1337,1421 app=2319,2360,1326,1414 abs=nil,nil,nil,nil ebrake=1.00 ibrake=1.00 hasABS=0 sy=10.45 split=1.000,0.875 ===
 87.83976|I|libbeamng.print:18052| === LSTM_OBS t=300 0.00195,10.96281,1.14351,10.53773,-0.14047,10.45380,-9.78423,-0.08501,0.00000,0.00000,0.00364,1.00000,0.00000,0.00495,-0.00961,2664.12534,0.25000 ===
 87.88870|I|libbeamng.print:18052| === LSTM_TRACE t=310 v=11.41 ws=0.01,10.22,1.26,10.11 cmd=0.704,0.730,0.740,0.773 cap=2311,2345,1478,1561 des=2311,2345,1294,1366 app=2277,2345,1282,1360 abs=nil,nil,nil,nil ebrake=1.00 ibrake=1.00 hasABS=0 sy=10.50 split=1.000,0.875 ===
 87.88874|I|libbeamng.print:18052| === LSTM_OBS t=310 0.01234,10.22046,1.25591,10.11184,-0.03649,10.50454,-9.78895,-0.09449,0.00000,0.00000,0.00445,1.00000,0.00000,0.00406,-0.00946,2469.23730,0.25000 ===
 87.93871|I|libbeamng.print:18052| === LSTM_TRACE t=320 v=10.87 ws=0.01,9.60,0.22,9.98 cmd=0.697,0.730,0.706,0.726 cap=2237,2319,1364,1413 des=2237,2319,1193,1236 app=2202,2319,1181,1230 abs=nil,nil,nil,nil ebrake=1.00 ibrake=1.00 hasABS=0 sy=10.57 split=1.000,0.875 ===
 87.93876|I|libbeamng.print:18052| === LSTM_OBS t=320 0.01148,9.60349,0.21789,9.98256,0.06711,10.57416,-9.75828,-0.09612,0.00000,0.00000,0.00331,1.00000,0.00000,0.00372,-0.00953,2287.39538,0.25000 ===
 87.98870|I|libbeamng.print:18052| === LSTM_TRACE t=330 v=10.33 ws=0.01,9.13,0.05,9.66 cmd=0.702,0.736,0.665,0.670 cap=2164,2278,1312,1327 des=2164,2278,1148,1161 app=2128,2278,1136,1155 abs=nil,nil,nil,nil ebrake=1.00 ibrake=1.00 hasABS=0 sy=10.63 split=1.000,0.875 ===
 87.98875|I|libbeamng.print:18052| === LSTM_OBS t=330 0.00752,9.12780,0.04680,9.66456,0.22716,10.63396,-9.74164,-0.09289,0.00000,0.00000,0.00354,1.00000,0.00000,0.00281,-0.00971,2116.24427,0.25000 ===
 88.03884|I|libbeamng.print:18052| === LSTM_TRACE t=340 v=9.78 ws=0.01,8.43,0.02,8.82 cmd=0.611,0.664,0.630,0.605 cap=2276,2376,1336,1322 des=2276,2376,1169,1157 app=2237,2376,1156,1151 abs=nil,nil,nil,nil ebrake=1.00 ibrake=1.00 hasABS=0 sy=10.72 split=1.000,0.875 ===
 88.03889|I|libbeamng.print:18052| === LSTM_OBS t=340 0.01388,8.42999,0.01799,8.81877,0.36607,10.71536,-9.76470,-0.07794,0.00000,0.00000,0.00378,1.00000,0.00000,0.00192,-0.00996,1967.92665,0.25000 ===
 88.08926|I|libbeamng.print:18052| === LSTM_TRACE t=350 v=9.24 ws=0.01,7.73,0.01,8.37 cmd=0.684,0.721,0.696,0.675 cap=1864,2033,1240,1165 des=1864,2033,1085,1020 app=1872,2033,1071,1014 abs=nil,nil,nil,nil ebrake=1.00 ibrake=1.00 hasABS=0 sy=10.78 split=1.000,0.875 ===
 88.08931|I|libbeamng.print:18052| === LSTM_OBS t=350 0.00558,7.72898,0.00656,8.36564,0.46150,10.77878,-9.76251,-0.08277,0.00000,0.00000,0.00445,1.00000,0.00000,0.00176,-0.01060,1831.86680,0.25000 ===
 88.13911|I|libbeamng.print:18052| === LSTM_TRACE t=360 v=8.69 ws=0.00,6.33,0.00,7.73 cmd=0.716,0.758,0.710,0.670 cap=2202,2324,1365,1294 des=2202,2324,1195,1132 app=2161,2324,1179,1126 abs=nil,nil,nil,nil ebrake=1.00 ibrake=1.00 hasABS=0 sy=10.82 split=1.000,0.875 ===
 88.13916|I|libbeamng.print:18052| === LSTM_OBS t=360 0.00099,6.33245,0.00412,7.73102,0.51799,10.81832,-9.76322,-0.07744,0.00000,0.00000,0.00455,1.00000,0.00000,0.00200,-0.01125,1699.24526,0.25000 ===
 88.18922|I|libbeamng.print:18052| === LSTM_TRACE t=370 v=8.14 ws=0.03,4.22,0.03,6.87 cmd=0.768,0.804,0.738,0.701 cap=2278,2408,1406,1321 des=2278,2408,1230,1156 app=2235,2408,1213,1150 abs=nil,nil,nil,nil ebrake=1.00 ibrake=1.00 hasABS=0 sy=10.84 split=1.000,0.875 ===
 88.18926|I|libbeamng.print:18052| === LSTM_OBS t=370 0.02943,4.22051,0.02744,6.87253,0.55496,10.83587,-9.73121,-0.06933,0.00000,0.00000,0.00424,1.00000,0.00000,0.00239,-0.01195,1563.35236,0.25000 ===
 88.23911|I|libbeamng.print:18052| === LSTM_TRACE t=380 v=7.62 ws=0.06,0.34,0.00,5.86 cmd=0.948,0.947,0.810,0.814 cap=2808,2841,1541,1526 des=2808,2841,1348,1335 app=2752,2840,1328,1327 abs=nil,nil,nil,nil ebrake=1.00 ibrake=1.00 hasABS=0 sy=10.82 split=1.000,0.875 ===
 88.23915|I|libbeamng.print:18052| === LSTM_OBS t=380 0.06360,0.33558,0.00064,5.85740,0.58335,10.82082,-9.71807,-0.06670,0.00000,0.00000,0.00678,1.00000,0.00000,0.00188,-0.01221,1414.36109,0.25000 ===
 88.29046|I|libbeamng.print:18052| === LSTM_TRACE t=390 v=7.10 ws=0.05,0.07,0.04,5.10 cmd=0.945,0.952,0.782,0.765 cap=2939,2956,1523,1494 des=2939,2956,1332,1307 app=2880,2953,1312,1299 abs=nil,nil,nil,nil ebrake=1.00 ibrake=1.00 hasABS=0 sy=10.69 split=1.000,0.875 ===
 88.29059|I|libbeamng.print:18052| === LSTM_OBS t=390 0.05019,0.07317,0.04229,5.10211,0.47488,10.68948,-9.68887,-0.05606,0.00000,0.00000,0.00301,1.00000,0.00000,0.00188,-0.01196,1237.42035,0.25000 ===
 88.33916|I|libbeamng.print:18052| === LSTM_TRACE t=400 v=6.56 ws=0.02,0.03,0.06,4.33 cmd=0.980,0.983,0.815,0.837 cap=3033,3042,1575,1612 des=3033,3042,1378,1410 app=2969,3037,1356,1401 abs=nil,nil,nil,nil ebrake=1.00 ibrake=1.00 hasABS=0 sy=10.60 split=1.000,0.875 ===
 88.33920|I|libbeamng.print:18052| === LSTM_OBS t=400 0.02381,0.03227,0.05835,4.32662,0.43941,10.60032,-9.63156,-0.04937,0.00000,0.00000,0.00372,1.00000,0.00000,0.00226,-0.01152,1065.86496,0.25000 ===
 88.38976|I|libbeamng.print:18052| === LSTM_TRACE t=410 v=6.04 ws=0.01,0.00,0.02,3.23 cmd=0.988,0.990,0.855,0.874 cap=3062,3069,1659,1696 des=3062,3069,1452,1484 app=2996,3062,1428,1474 abs=nil,nil,nil,nil ebrake=1.00 ibrake=1.00 hasABS=0 sy=10.64 split=1.000,0.875 ===
 88.38980|I|libbeamng.print:18052| === LSTM_OBS t=410 0.00909,0.00324,0.02491,3.22871,0.40039,10.64091,-9.61312,-0.04548,0.00000,0.00000,0.00487,1.00000,0.00000,0.00243,-0.01159,900.45525,0.25000 ===
 88.43899|I|libbeamng.print:18052| === LSTM_TRACE t=420 v=5.49 ws=0.00,0.00,0.06,1.40 cmd=0.991,0.992,0.862,0.875 cap=3069,3075,1675,1700 des=3069,3075,1466,1488 app=3002,3067,1440,1476 abs=nil,nil,nil,nil ebrake=1.00 ibrake=1.00 hasABS=0 sy=10.68 split=1.000,0.875 ===
 88.43903|I|libbeamng.print:18052| === LSTM_OBS t=420 0.00474,0.00061,0.06425,1.39967,0.41190,10.67761,-9.62224,-0.03374,0.00000,0.00000,0.00381,1.00000,0.00000,0.00242,-0.01186,757.80699,0.25000 ===
 88.48914|I|libbeamng.print:18052| === LSTM_TRACE t=430 v=4.96 ws=0.01,0.01,0.02,0.81 cmd=0.991,0.993,0.862,0.872 cap=3073,3078,1676,1696 des=3073,3078,1466,1484 app=3004,3068,1440,1472 abs=nil,nil,nil,nil ebrake=1.00 ibrake=1.00 hasABS=0 sy=10.68 split=1.000,0.875 ===
 88.48918|I|libbeamng.print:18052| === LSTM_OBS t=430 0.00901,0.00762,0.02404,0.81133,0.41653,10.67941,-9.57945,-0.04384,0.00000,0.00000,0.00516,1.00000,0.00000,0.00213,-0.01170,733.22894,0.25000 ===
 88.53916|I|libbeamng.print:18052| === LSTM_TRACE t=440 v=4.41 ws=0.01,0.01,0.06,0.37 cmd=0.991,0.993,0.861,0.873 cap=3072,3078,1673,1694 des=3072,3078,1464,1482 app=3002,3066,1438,1468 abs=nil,nil,nil,nil ebrake=1.00 ibrake=1.00 hasABS=0 sy=10.73 split=1.000,0.875 ===
 88.53921|I|libbeamng.print:18052| === LSTM_OBS t=440 0.01304,0.01009,0.05538,0.37051,0.38593,10.73147,-9.57604,-0.03693,0.00000,0.00000,0.00606,1.00000,0.00000,0.00149,-0.01127,729.89838,0.25000 ===
 88.59078|I|libbeamng.print:18052| === LSTM_TRACE t=450 v=3.86 ws=0.00,0.02,0.21,0.15 cmd=0.991,0.993,0.862,0.874 cap=3072,3078,1675,1697 des=3072,3078,1465,1485 app=3001,3064,1438,1470 abs=nil,nil,nil,nil ebrake=1.00 ibrake=1.00 hasABS=0 sy=10.79 split=1.000,0.875 ===
 88.59086|I|libbeamng.print:18052| === LSTM_OBS t=450 0.00410,0.02312,0.20880,0.14965,0.33429,10.79334,-9.62292,-0.03174,0.00000,0.00000,0.00597,1.00000,0.00000,0.00131,-0.01075,728.49057,0.25000 ===
 88.64163|I|libbeamng.print:18052| === LSTM_TRACE t=460 v=3.31 ws=0.01,0.00,0.18,0.11 cmd=0.992,0.993,0.863,0.874 cap=3074,3079,1676,1698 des=3074,3079,1466,1485 app=3001,3064,1439,1470 abs=nil,nil,nil,nil ebrake=1.00 ibrake=1.00 hasABS=0 sy=10.86 split=1.000,0.875 ===
 88.64175|I|libbeamng.print:18052| === LSTM_OBS t=460 0.00565,0.00100,0.17680,0.11046,0.32916,10.85796,-9.64703,-0.02450,0.00000,0.00000,0.00528,1.00000,0.00000,0.00130,-0.01029,729.44192,0.25000 ===
 88.68970|I|libbeamng.print:18052| === LSTM_TRACE t=470 v=2.75 ws=0.00,0.00,0.21,0.08 cmd=0.992,0.993,0.862,0.873 cap=3074,3079,1675,1696 des=3074,3079,1466,1484 app=3000,3062,1438,1467 abs=nil,nil,nil,nil ebrake=1.00 ibrake=1.00 hasABS=0 sy=10.92 split=1.000,0.875 ===
 88.68976|I|libbeamng.print:18052| === LSTM_OBS t=470 0.00224,0.00080,0.21093,0.08045,0.34360,10.91766,-9.67182,-0.01973,0.00000,0.00000,0.00497,1.00000,0.00000,0.00102,-0.00988,727.31131,0.25000 ===
 88.74041|I|libbeamng.print:18052| === LSTM_TRACE t=480 v=2.17 ws=0.00,0.00,1.76,0.04 cmd=0.991,0.993,0.862,0.868 cap=3073,3078,1675,1689 des=3073,3078,1465,1478 app=2998,3059,1438,1460 abs=nil,nil,nil,nil ebrake=1.00 ibrake=1.00 hasABS=0 sy=11.05 split=1.000,0.875 ===
 88.74048|I|libbeamng.print:18052| === LSTM_OBS t=480 0.00407,0.00051,1.75661,0.04205,0.36248,11.05407,-9.71992,-0.00170,0.00000,0.00000,0.00530,1.00000,0.00000,0.00108,-0.00976,728.11086,0.25000 ===
 88.79223|I|libbeamng.print:18052| === LSTM_TRACE t=490 v=1.60 ws=0.00,0.00,0.89,0.02 cmd=0.992,0.993,0.861,0.867 cap=3074,3078,1673,1684 des=3074,3078,1464,1473 app=2997,3058,1437,1455 abs=nil,nil,nil,nil ebrake=1.00 ibrake=1.00 hasABS=0 sy=11.21 split=1.000,0.875 ===
 88.79228|I|libbeamng.print:18052| === LSTM_OBS t=490 0.00194,0.00112,0.89195,0.01932,0.47325,11.20705,-9.72836,0.01379,0.00000,0.00000,0.00573,1.00000,0.00000,0.00103,-0.01004,727.89340,0.25000 ===
 88.84068|I|libbeamng.print:18052| === LSTM_TRACE t=500 v=1.03 ws=0.00,0.01,1.20,0.01 cmd=0.991,0.992,0.859,0.866 cap=3073,3076,1670,1682 des=3073,3076,1461,1472 app=2995,3055,1434,1453 abs=nil,nil,nil,nil ebrake=1.00 ibrake=1.00 hasABS=0 sy=11.24 split=1.000,0.875 ===
 88.84073|I|libbeamng.print:18052| === LSTM_OBS t=500 0.00313,0.00584,1.19501,0.01413,0.47951,11.24180,-9.69980,0.02013,0.00000,0.00000,0.00603,1.00000,0.00000,0.00045,-0.01030,731.38632,0.25000 ===
 93.08597|I|libbeamng.print:18052| === LSTM_ABS: lens 'baseline_dyn_lock' loaded (1 member, 17 in, 64 hidden, 2 layers) ===
 93.08759|I|libbeamng.print:18052| === LSTM_ABS SELFTEST lens=baseline_dyn_lock cmd=0.968839,0.762952,0.681881,0.755179 ===
123.38529|I|libbeamng.print:18052| === LSTM_TRACE t=0 v=27.70 ws=27.64,27.76,27.36,27.40 cmd=0.944,0.803,0.363,0.404 cap=155,155,97,97 des=155,155,85,85 app=150,152,83,83 abs=nil,nil,nil,nil ebrake=1.00 ibrake=1.00 hasABS=0 sy=1.58 split=1.000,0.875 ===
123.38534|I|libbeamng.print:18052| === LSTM_OBS t=0 27.64380,27.75701,27.35866,27.40499,-0.03005,1.57746,-9.79409,0.01504,0.00000,0.00000,0.00000,1.00000,0.00000,0.00082,-0.00901,7856.63441,0.25000 ===
123.43617|I|libbeamng.print:18052| === LSTM_TRACE t=10 v=27.45 ws=25.70,25.72,26.79,26.84 cmd=0.706,0.670,0.793,0.790 cap=2087,1977,1435,1434 des=2087,1977,1255,1255 app=2023,1942,1155,1177 abs=nil,nil,nil,nil ebrake=1.00 ibrake=1.00 hasABS=0 sy=2.00 split=1.000,0.875 ===
123.43621|I|libbeamng.print:18052| === LSTM_OBS t=10 25.70103,25.72176,26.79291,26.83762,-0.02202,1.99779,-9.78718,-0.00975,0.00000,0.00000,0.00091,1.00000,0.00000,0.00086,-0.00979,7796.21134,0.25000 ===
123.45487|I|libbeamng.print:18052| === LSTM_ABS DBG raw=24.3647,24.7240,26.3138,26.3935,0.0205,2.6005,-9.7704,-0.0007,0.0000,0.0000,0.0033,1.0000,0.0000,0.0009,-0.0108,7717.5710,0.2500 ===
123.45491|I|libbeamng.print:18052| === LSTM_ABS DBG norm=0.50,0.54,0.57,0.58,0.07,-2.31,0.00,-0.01,-0.07,-0.03,-0.05,0.50,0.00,0.00,0.00,1.77,0.00 ===
123.45492|I|libbeamng.print:18052| === LSTM_ABS DBG cmd=0.7680,0.7700,0.8547,0.8476 ===
123.48523|I|libbeamng.print:18052| === LSTM_TRACE t=20 v=26.95 ws=22.78,23.41,25.54,25.67 cmd=0.827,0.825,0.867,0.863 cap=2499,2502,1673,1663 des=2499,2502,1464,1455 app=2440,2470,1437,1432 abs=nil,nil,nil,nil ebrake=1.00 ibrake=1.00 hasABS=0 sy=3.87 split=1.000,0.875 ===
123.48528|I|libbeamng.print:18052| === LSTM_OBS t=20 22.77736,23.40581,25.53696,25.67412,0.01088,3.87416,-9.58958,-0.00252,0.00000,0.00000,0.00234,1.00000,0.00000,0.00109,-0.01306,7535.35049,0.25000 ===
123.53482|I|libbeamng.print:18052| === LSTM_TRACE t=30 v=26.41 ws=20.54,21.99,24.01,24.62 cmd=0.774,0.766,0.853,0.855 cap=2325,2319,1671,1670 des=2325,2319,1462,1462 app=2282,2296,1443,1445 abs=nil,nil,nil,nil ebrake=1.00 ibrake=1.00 hasABS=0 sy=5.64 split=1.000,0.875 ===
123.53490|I|libbeamng.print:18052| === LSTM_OBS t=30 20.54097,21.99172,24.01426,24.61524,-0.01968,5.64106,-9.38295,0.00091,0.00000,0.00000,0.00244,1.00000,0.00000,0.00160,-0.01592,7174.65141,0.25000 ===
123.58487|I|libbeamng.print:18052| === LSTM_TRACE t=40 v=25.85 ws=18.73,21.66,22.74,23.95 cmd=0.785,0.808,0.838,0.843 cap=2176,2315,1700,1700 des=2176,2315,1488,1488 app=2143,2298,1473,1476 abs=nil,nil,nil,nil ebrake=1.00 ibrake=1.00 hasABS=0 sy=7.14 split=1.000,0.875 ===
123.58491|I|libbeamng.print:18052| === LSTM_OBS t=40 18.73009,21.66169,22.73549,23.94689,-0.01667,7.13828,-9.35398,-0.00649,0.00000,0.00000,0.00192,1.00000,0.00000,0.00191,-0.01693,6847.37878,0.25000 ===
123.63487|I|libbeamng.print:18052| === LSTM_TRACE t=50 v=25.27 ws=17.24,20.51,21.55,23.37 cmd=0.667,0.791,0.871,0.860 cap=2053,2436,1655,1632 des=2053,2436,1448,1428 app=2027,2424,1437,1420 abs=nil,nil,nil,nil ebrake=1.00 ibrake=1.00 hasABS=0 sy=8.40 split=1.000,0.875 ===
123.63492|I|libbeamng.print:18052| === LSTM_OBS t=50 17.23514,20.50649,21.55291,23.37336,0.00084,8.39801,-9.44915,-0.01403,0.00000,0.00000,0.00216,1.00000,0.00000,0.00191,-0.01719,6570.57426,0.25000 ===
123.68490|I|libbeamng.print:18052| === LSTM_TRACE t=60 v=24.70 ws=16.71,19.41,20.32,22.70 cmd=0.755,0.824,0.870,0.852 cap=1961,2355,1696,1657 des=1961,2355,1484,1450 app=1940,2347,1475,1444 abs=nil,nil,nil,nil ebrake=1.00 ibrake=1.00 hasABS=0 sy=9.34 split=1.000,0.875 ===
123.68494|I|libbeamng.print:18052| === LSTM_OBS t=60 16.71012,19.40560,20.32421,22.70021,0.04855,9.34207,-9.56692,-0.04511,0.00000,0.00000,0.00329,1.00000,0.00000,0.00135,-0.01694,6307.49669,0.25000 ===
123.73464|I|libbeamng.print:18052| === LSTM_TRACE t=70 v=24.12 ws=15.76,18.06,19.13,22.08 cmd=0.620,0.714,0.880,0.861 cap=2544,2504,1700,1686 des=2544,2504,1488,1475 app=2520,2498,1481,1471 abs=nil,nil,nil,nil ebrake=1.00 ibrake=1.00 hasABS=0 sy=9.97 split=1.000,0.875 ===
123.73468|I|libbeamng.print:18052| === LSTM_OBS t=70 15.76269,18.06463,19.13420,22.08240,0.07368,9.97399,-9.68925,-0.04057,0.00000,0.00000,0.00384,1.00000,0.00000,0.00062,-0.01607,6044.26224,0.25000 ===
123.78480|I|libbeamng.print:18052| === LSTM_TRACE t=80 v=23.55 ws=14.73,16.44,18.12,21.36 cmd=0.513,0.615,0.909,0.896 cap=2100,2128,1700,1700 des=2100,2128,1488,1488 app=2083,2124,1483,1485 abs=nil,nil,nil,nil ebrake=1.00 ibrake=1.00 hasABS=0 sy=10.39 split=1.000,0.875 ===
123.78484|I|libbeamng.print:18052| === LSTM_OBS t=80 14.72848,16.44238,18.12415,21.36481,0.11317,10.39112,-9.75867,-0.05525,0.00000,0.00000,0.00198,1.00000,0.00000,0.00005,-0.01498,5781.31035,0.25000 ===
123.83460|I|libbeamng.print:18052| === LSTM_TRACE t=90 v=22.99 ws=14.73,15.64,16.89,20.63 cmd=0.889,0.831,0.899,0.889 cap=2292,2096,1700,1700 des=2292,2096,1488,1488 app=1836,2094,1484,1486 abs=nil,nil,nil,nil ebrake=1.00 ibrake=1.00 hasABS=0 sy=10.64 split=1.000,0.875 ===
123.83464|I|libbeamng.print:18052| === LSTM_OBS t=90 14.73133,15.64474,16.88903,20.63228,0.14710,10.64229,-9.75193,-0.04363,0.00000,0.00000,0.00492,1.00000,0.00000,-0.00028,-0.01376,5518.11347,0.25000 ===
123.88531|I|libbeamng.print:18052| === LSTM_TRACE t=100 v=22.45 ws=13.75,14.23,15.57,19.97 cmd=0.730,0.653,0.908,0.901 cap=2414,2057,1700,1700 des=2414,2057,1488,1488 app=2314,2056,1484,1487 abs=nil,nil,nil,nil ebrake=1.00 ibrake=1.00 hasABS=0 sy=10.76 split=1.000,0.875 ===
123.88535|I|libbeamng.print:18052| === LSTM_OBS t=100 13.75077,14.23238,15.56819,19.96564,0.21592,10.76059,-9.74017,-0.04147,0.00000,0.00000,0.00401,1.00000,0.00000,-0.00030,-0.01249,5257.82000,0.25000 ===
123.93489|I|libbeamng.print:18052| === LSTM_TRACE t=110 v=21.89 ws=13.05,13.76,14.47,19.63 cmd=0.549,0.625,0.919,0.906 cap=2244,1938,1700,1700 des=2244,1938,1488,1488 app=2230,1937,1485,1488 abs=nil,nil,nil,nil ebrake=1.00 ibrake=1.00 hasABS=0 sy=10.83 split=1.000,0.875 ===
123.93496|I|libbeamng.print:18052| === LSTM_OBS t=110 13.04924,13.75710,14.46545,19.63075,0.25510,10.83353,-9.71561,-0.04465,0.00000,0.00000,0.00216,1.00000,0.00000,-0.00025,-0.01142,5001.88414,0.25000 ===
123.98453|I|libbeamng.print:18052| === LSTM_TRACE t=120 v=21.34 ws=12.95,12.95,13.35,19.00 cmd=0.699,0.686,0.913,0.892 cap=1881,1764,1700,1700 des=1881,1764,1488,1488 app=1871,1763,1485,1488 abs=nil,nil,nil,nil ebrake=1.00 ibrake=1.00 hasABS=0 sy=10.88 split=1.000,0.875 ===
123.98457|I|libbeamng.print:18052| === LSTM_OBS t=120 12.94570,12.95488,13.34879,18.99517,0.29867,10.87804,-9.70419,-0.04140,0.00000,0.00000,0.00305,1.00000,0.00000,-0.00041,-0.01053,4745.54162,0.25000 ===
124.06204|I|libbeamng.print:18052| === LSTM_TRACE t=130 v=20.81 ws=12.68,11.57,11.82,18.62 cmd=0.607,0.584,0.922,0.900 cap=2354,1974,1700,1700 des=2354,1974,1488,1488 app=2342,1973,1485,1488 abs=nil,nil,nil,nil ebrake=1.00 ibrake=1.00 hasABS=0 sy=10.89 split=1.000,0.875 ===
124.06211|I|libbeamng.print:18052| === LSTM_OBS t=130 12.67626,11.57121,11.81670,18.61681,0.36174,10.88563,-9.69267,-0.04473,0.00000,0.00000,0.00322,1.00000,0.00000,-0.00055,-0.00983,4504.19709,0.25000 ===
124.09886|I|libbeamng.print:18052| === LSTM_TRACE t=140 v=20.26 ws=12.22,10.42,10.47,18.26 cmd=0.566,0.494,0.931,0.916 cap=2168,1703,1700,1700 des=2168,1703,1488,1488 app=2157,1881,1485,1488 abs=nil,nil,nil,nil ebrake=1.00 ibrake=1.00 hasABS=0 sy=10.88 split=1.000,0.875 ===
124.09890|I|libbeamng.print:18052| === LSTM_OBS t=140 12.22463,10.41879,10.47100,18.25984,0.39411,10.88372,-9.70188,-0.04225,0.00000,0.00000,0.00301,1.00000,0.00000,-0.00055,-0.00935,4279.20999,0.25000 ===
124.13958|I|libbeamng.print:18052| === LSTM_TRACE t=150 v=19.73 ws=11.89,9.98,8.65,18.05 cmd=0.817,0.711,0.927,0.913 cap=2384,1992,1700,1700 des=2384,1992,1488,1488 app=2175,1992,1485,1488 abs=nil,nil,nil,nil ebrake=1.00 ibrake=1.00 hasABS=0 sy=10.88 split=1.000,0.875 ===
124.13962|I|libbeamng.print:18052| === LSTM_OBS t=150 11.88942,9.97669,8.64566,18.04979,0.43596,10.87529,-9.70551,-0.03084,0.00000,0.00000,0.00411,1.00000,0.00000,-0.00060,-0.00899,4018.49819,0.25000 ===
124.18403|I|libbeamng.print:18052| === LSTM_TRACE t=160 v=19.19 ws=10.63,9.23,6.93,17.93 cmd=0.761,0.640,0.933,0.925 cap=1963,1947,1700,1700 des=1963,1947,1488,1488 app=1954,1947,1485,1488 abs=nil,nil,nil,nil ebrake=1.00 ibrake=1.00 hasABS=0 sy=10.81 split=1.000,0.875 ===
124.18408|I|libbeamng.print:18052| === LSTM_OBS t=160 10.63262,9.23091,6.93072,17.92695,0.46150,10.80955,-9.69990,-0.03037,0.00000,0.00000,0.00370,1.00000,0.00000,-0.00064,-0.00867,3732.38679,0.25000 ===
124.22947|I|libbeamng.print:18052| === LSTM_TRACE t=170 v=18.68 ws=9.74,8.43,5.53,17.63 cmd=0.845,0.677,0.939,0.934 cap=1749,1982,1700,1700 des=1749,1982,1488,1488 app=1742,1982,1484,1488 abs=nil,nil,nil,nil ebrake=1.00 ibrake=1.00 hasABS=0 sy=10.73 split=1.000,0.875 ===
124.22955|I|libbeamng.print:18052| === LSTM_OBS t=170 9.73813,8.42761,5.52510,17.62616,0.49418,10.72695,-9.68657,-0.03106,0.00000,0.00000,0.00384,1.00000,0.00000,-0.00082,-0.00837,3454.52354,0.25000 ===
124.27466|I|libbeamng.print:18052| === LSTM_TRACE t=180 v=18.13 ws=8.44,7.99,4.40,16.90 cmd=0.806,0.753,0.934,0.928 cap=1884,2001,1700,1700 des=1884,2001,1488,1488 app=1876,1954,1484,1488 abs=nil,nil,nil,nil ebrake=1.00 ibrake=1.00 hasABS=0 sy=10.69 split=1.000,0.875 ===
124.27470|I|libbeamng.print:18052| === LSTM_OBS t=180 8.44256,7.99094,4.40293,16.90135,0.47674,10.69072,-9.73549,-0.01576,0.00000,0.00000,0.00254,1.00000,0.00000,-0.00068,-0.00825,3197.21487,0.25000 ===
124.32586|I|libbeamng.print:18052| === LSTM_TRACE t=190 v=17.62 ws=6.88,6.73,2.33,16.46 cmd=0.674,0.560,0.936,0.936 cap=1784,1830,1700,1700 des=1784,1830,1488,1488 app=1825,2030,1483,1488 abs=nil,nil,nil,nil ebrake=1.00 ibrake=1.00 hasABS=0 sy=10.62 split=1.000,0.875 ===
124.32590|I|libbeamng.print:18052| === LSTM_OBS t=190 6.88234,6.72852,2.32753,16.46240,0.46802,10.61992,-9.78221,-0.01762,0.00000,0.00000,0.00204,1.00000,0.00000,0.00006,-0.00857,2928.57401,0.25000 ===
124.37484|I|libbeamng.print:18052| === LSTM_TRACE t=200 v=17.11 ws=4.99,5.60,0.98,16.40 cmd=0.552,0.563,0.950,0.947 cap=2087,1951,1700,1700 des=2087,1951,1488,1488 app=2078,1950,1482,1488 abs=nil,nil,nil,nil ebrake=1.00 ibrake=1.00 hasABS=0 sy=10.52 split=1.000,0.875 ===
124.37488|I|libbeamng.print:18052| === LSTM_OBS t=200 4.98652,5.59827,0.97656,16.39698,0.53601,10.52113,-9.82335,-0.01774,0.00000,0.00000,0.00354,1.00000,0.00000,0.00023,-0.00891,2654.05784,0.25000 ===
124.42477|I|libbeamng.print:18052| === LSTM_TRACE t=210 v=16.62 ws=3.61,4.75,0.16,15.84 cmd=0.346,0.608,0.935,0.934 cap=974,1648,1700,1700 des=974,1648,1488,1488 app=1870,1647,1480,1488 abs=nil,nil,nil,nil ebrake=1.00 ibrake=1.00 hasABS=0 sy=10.36 split=1.000,0.875 ===
124.42483|I|libbeamng.print:18052| === LSTM_OBS t=210 3.60961,4.74591,0.16083,15.83574,0.53510,10.35739,-9.84894,-0.01298,0.00000,0.00000,0.00183,1.00000,0.00000,0.00025,-0.00852,2354.70127,0.25000 ===
124.47679|I|libbeamng.print:18052| === LSTM_TRACE t=220 v=16.10 ws=3.14,3.52,0.02,13.73 cmd=0.514,0.589,0.923,0.917 cap=2325,1734,1700,1700 des=2325,1734,1488,1488 app=1968,1732,1479,1488 abs=nil,nil,nil,nil ebrake=1.00 ibrake=1.00 hasABS=0 sy=10.27 split=1.000,0.875 ===
124.47685|I|libbeamng.print:18052| === LSTM_OBS t=220 3.13998,3.52325,0.02298,13.72526,0.52277,10.27125,-9.91971,-0.01306,0.00000,0.00000,0.00567,1.00000,0.00000,0.00066,-0.00745,2121.65369,0.25000 ===
124.52772|I|libbeamng.print:18052| === LSTM_TRACE t=230 v=15.62 ws=2.88,3.66,0.01,12.35 cmd=0.466,0.849,0.917,0.904 cap=1936,2318,1700,1700 des=1936,2318,1488,1488 app=1925,1739,1478,1488 abs=nil,nil,nil,nil ebrake=1.00 ibrake=1.00 hasABS=0 sy=10.13 split=1.000,0.875 ===
124.52778|I|libbeamng.print:18052| === LSTM_OBS t=230 2.87643,3.65620,0.00991,12.35368,0.47312,10.12744,-9.85238,-0.02195,0.00000,0.00000,0.00000,1.00000,0.00000,0.00102,-0.00654,1906.28665,0.25000 ===
124.58040|I|libbeamng.print:18052| === LSTM_TRACE t=240 v=15.14 ws=2.26,3.11,0.03,10.61 cmd=0.778,0.637,0.916,0.906 cap=1831,2718,1700,1700 des=1831,2718,1488,1488 app=1752,2167,1477,1488 abs=nil,nil,nil,nil ebrake=1.00 ibrake=1.00 hasABS=0 sy=9.99 split=1.000,0.875 ===
124.58045|I|libbeamng.print:18052| === LSTM_OBS t=240 2.26434,3.11125,0.03011,10.61287,0.44409,9.98681,-9.71815,-0.01877,0.00000,0.00000,0.00069,1.00000,0.00000,0.00136,-0.00610,1694.21599,0.25000 ===
124.63170|I|libbeamng.print:18052| === LSTM_TRACE t=250 v=14.67 ws=0.15,1.76,0.02,9.02 cmd=0.550,0.516,0.938,0.929 cap=933,2319,1700,1700 des=933,2319,1488,1488 app=1428,2314,1476,1488 abs=nil,nil,nil,nil ebrake=1.00 ibrake=1.00 hasABS=0 sy=9.86 split=1.000,0.875 ===
124.63175|I|libbeamng.print:18052| === LSTM_OBS t=250 0.14947,1.75928,0.01833,9.02366,0.44506,9.85747,-9.63742,-0.03198,0.00000,0.00000,0.00335,1.00000,0.00000,0.00174,-0.00610,1474.71880,0.25000 ===
124.68172|I|libbeamng.print:18052| === LSTM_TRACE t=260 v=14.20 ws=0.03,0.10,0.02,6.93 cmd=0.884,0.836,0.935,0.925 cap=2706,2602,1700,1700 des=2706,2602,1488,1488 app=2685,2596,1475,1488 abs=nil,nil,nil,nil ebrake=1.00 ibrake=1.00 hasABS=0 sy=9.76 split=1.000,0.875 ===
124.68177|I|libbeamng.print:18052| === LSTM_OBS t=260 0.03407,0.10004,0.02038,6.92510,0.40327,9.76079,-9.62878,-0.03707,0.00000,0.00000,0.00367,1.00000,0.00000,0.00192,-0.00642,1255.44738,0.25000 ===
124.73192|I|libbeamng.print:18052| === LSTM_TRACE t=270 v=13.72 ws=0.02,0.02,0.04,4.79 cmd=0.932,0.905,0.912,0.899 cap=2884,2774,1700,1700 des=2884,2774,1488,1488 app=2861,2767,1474,1488 abs=nil,nil,nil,nil ebrake=1.00 ibrake=1.00 hasABS=0 sy=9.68 split=1.000,0.875 ===
124.73200|I|libbeamng.print:18052| === LSTM_OBS t=270 0.01550,0.02408,0.04057,4.79087,0.38339,9.67682,-9.64003,-0.04493,0.00000,0.00000,0.00459,1.00000,0.00000,0.00185,-0.00642,1036.82132,0.25000 ===
124.78225|I|libbeamng.print:18052| === LSTM_TRACE t=280 v=13.23 ws=0.01,0.00,0.03,2.66 cmd=0.972,0.952,0.908,0.893 cap=2999,2968,1700,1700 des=2999,2968,1488,1488 app=2972,2959,1473,1488 abs=nil,nil,nil,nil ebrake=1.00 ibrake=1.00 hasABS=0 sy=9.68 split=1.000,0.875 ===
124.78230|I|libbeamng.print:18052| === LSTM_OBS t=280 0.01115,0.00202,0.02749,2.66061,0.36090,9.68074,-9.69599,-0.04893,0.00000,0.00000,0.00378,1.00000,0.00000,0.00107,-0.00659,834.91242,0.25000 ===
124.83256|I|libbeamng.print:18052| === LSTM_TRACE t=290 v=12.74 ws=0.00,0.01,0.00,0.32 cmd=0.994,0.980,0.881,0.872 cap=3080,3041,1700,1691 des=3080,3041,1488,1480 app=3050,3031,1472,1480 abs=nil,nil,nil,nil ebrake=1.00 ibrake=1.00 hasABS=0 sy=9.69 split=1.000,0.875 ===
124.83261|I|libbeamng.print:18052| === LSTM_OBS t=290 0.00065,0.00722,0.00288,0.32122,0.35420,9.68580,-9.76384,-0.03956,0.00000,0.00000,0.00305,1.00000,0.00000,0.00020,-0.00724,740.11867,0.25000 ===
124.88240|I|libbeamng.print:18052| === LSTM_TRACE t=300 v=12.27 ws=0.00,0.00,0.04,0.01 cmd=0.994,0.988,0.876,0.867 cap=3083,3063,1696,1678 des=3083,3063,1484,1469 app=3051,3051,1467,1469 abs=nil,nil,nil,nil ebrake=1.00 ibrake=1.00 hasABS=0 sy=9.62 split=1.000,0.875 ===
124.88245|I|libbeamng.print:18052| === LSTM_OBS t=300 0.00077,0.00443,0.03916,0.00698,0.31963,9.62267,-9.74925,-0.04812,0.00000,0.00000,0.00445,1.00000,0.00000,-0.00003,-0.00731,730.91013,0.25000 ===
124.93221|I|libbeamng.print:18052| === LSTM_TRACE t=310 v=11.79 ws=0.00,0.00,0.04,0.05 cmd=0.993,0.977,0.876,0.871 cap=3078,3033,1700,1697 des=3078,3033,1488,1485 app=3045,3020,1471,1484 abs=nil,nil,nil,nil ebrake=1.00 ibrake=1.00 hasABS=0 sy=9.61 split=1.000,0.875 ===
124.93226|I|libbeamng.print:18052| === LSTM_OBS t=310 0.00341,0.00397,0.03759,0.04920,0.31008,9.61141,-9.74439,-0.04189,0.00000,0.00000,0.00417,1.00000,0.00000,-0.00037,-0.00736,727.55690,0.25000 ===
124.98242|I|libbeamng.print:18052| === LSTM_TRACE t=320 v=11.31 ws=0.00,0.00,0.01,0.00 cmd=0.992,0.977,0.872,0.866 cap=3075,3030,1693,1681 des=3075,3030,1482,1471 app=3040,3016,1464,1470 abs=nil,nil,nil,nil ebrake=1.00 ibrake=1.00 hasABS=0 sy=9.62 split=1.000,0.875 ===
124.98246|I|libbeamng.print:18052| === LSTM_OBS t=320 0.00218,0.00462,0.00833,0.00113,0.30380,9.61945,-9.73602,-0.04121,0.00000,0.00000,0.00417,1.00000,0.00000,-0.00057,-0.00750,729.07954,0.25000 ===
125.03264|I|libbeamng.print:18052| === LSTM_TRACE t=330 v=10.82 ws=0.00,0.00,0.00,0.02 cmd=0.991,0.976,0.870,0.864 cap=3073,3024,1691,1679 des=3073,3024,1480,1469 app=3036,3009,1461,1467 abs=nil,nil,nil,nil ebrake=1.00 ibrake=1.00 hasABS=0 sy=9.65 split=1.000,0.875 ===
125.03269|I|libbeamng.print:18052| === LSTM_OBS t=330 0.00142,0.00170,0.00132,0.02125,0.31135,9.64728,-9.73376,-0.04100,0.00000,0.00000,0.00398,1.00000,0.00000,-0.00073,-0.00763,726.35738,0.25000 ===
125.08234|I|libbeamng.print:18052| === LSTM_TRACE t=340 v=10.33 ws=0.00,0.00,0.00,0.00 cmd=0.991,0.976,0.869,0.863 cap=3073,3026,1686,1674 des=3073,3026,1475,1465 app=3035,3009,1457,1462 abs=nil,nil,nil,nil ebrake=1.00 ibrake=1.00 hasABS=0 sy=9.69 split=1.000,0.875 ===
125.08238|I|libbeamng.print:18052| === LSTM_OBS t=340 0.00086,0.00133,0.00411,0.00196,0.32532,9.69096,-9.72949,-0.03982,0.00000,0.00000,0.00409,1.00000,0.00000,-0.00087,-0.00782,727.43331,0.25000 ===
125.13241|I|libbeamng.print:18052| === LSTM_TRACE t=350 v=9.83 ws=0.00,0.00,0.01,0.00 cmd=0.991,0.975,0.868,0.862 cap=3073,3024,1686,1675 des=3073,3024,1476,1466 app=3032,3006,1456,1462 abs=nil,nil,nil,nil ebrake=1.00 ibrake=1.00 hasABS=0 sy=9.74 split=1.000,0.875 ===
125.13245|I|libbeamng.print:18052| === LSTM_OBS t=350 0.00019,0.00138,0.00823,0.00446,0.34696,9.74342,-9.72762,-0.03827,0.00000,0.00000,0.00423,1.00000,0.00000,-0.00099,-0.00799,726.13733,0.25000 ===
125.18241|I|libbeamng.print:18052| === LSTM_TRACE t=360 v=9.33 ws=0.00,0.00,0.00,0.00 cmd=0.991,0.976,0.867,0.862 cap=3073,3025,1684,1674 des=3073,3025,1473,1465 app=3031,3006,1454,1460 abs=nil,nil,nil,nil ebrake=1.00 ibrake=1.00 hasABS=0 sy=9.80 split=1.000,0.875 ===
125.18249|I|libbeamng.print:18052| === LSTM_OBS t=360 0.00116,0.00095,0.00448,0.00224,0.36476,9.80335,-9.72259,-0.03704,0.00000,0.00000,0.00438,1.00000,0.00000,-0.00109,-0.00819,728.41702,0.25000 ===
125.23227|I|libbeamng.print:18052| === LSTM_TRACE t=370 v=8.83 ws=0.00,0.00,0.01,0.01 cmd=0.991,0.975,0.867,0.862 cap=3072,3023,1685,1675 des=3072,3023,1474,1466 app=3029,3004,1454,1461 abs=nil,nil,nil,nil ebrake=1.00 ibrake=1.00 hasABS=0 sy=9.86 split=1.000,0.875 ===
125.23234|I|libbeamng.print:18052| === LSTM_OBS t=370 0.00006,0.00051,0.00663,0.00961,0.38475,9.86394,-9.71933,-0.03624,0.00000,0.00000,0.00433,1.00000,0.00000,-0.00119,-0.00836,727.34033,0.25000 ===
125.28240|I|libbeamng.print:18052| === LSTM_TRACE t=380 v=8.32 ws=0.00,0.00,0.01,0.00 cmd=0.991,0.975,0.867,0.862 cap=3073,3024,1683,1675 des=3073,3024,1473,1465 app=3028,3004,1453,1460 abs=nil,nil,nil,nil ebrake=1.00 ibrake=1.00 hasABS=0 sy=9.93 split=1.000,0.875 ===
125.28247|I|libbeamng.print:18052| === LSTM_OBS t=380 0.00121,0.00104,0.00705,0.00227,0.40409,9.92893,-9.71465,-0.03431,0.00000,0.00000,0.00442,1.00000,0.00000,-0.00128,-0.00855,729.94730,0.25000 ===
125.33232|I|libbeamng.print:18052| === LSTM_TRACE t=390 v=7.81 ws=0.00,0.00,0.01,0.00 cmd=0.991,0.975,0.866,0.863 cap=3072,3023,1684,1676 des=3072,3023,1473,1466 app=3026,3002,1453,1460 abs=nil,nil,nil,nil ebrake=1.00 ibrake=1.00 hasABS=0 sy=10.00 split=1.000,0.875 ===
125.33236|I|libbeamng.print:18052| === LSTM_OBS t=390 0.00103,0.00272,0.00650,0.00435,0.42566,10.00192,-9.71478,-0.03313,0.00000,0.00000,0.00457,1.00000,0.00000,-0.00139,-0.00871,725.80475,0.25000 ===
125.38235|I|libbeamng.print:18052| === LSTM_TRACE t=400 v=7.29 ws=0.00,0.00,0.00,0.00 cmd=0.991,0.975,0.866,0.863 cap=3073,3024,1684,1677 des=3073,3024,1474,1468 app=3026,3002,1453,1461 abs=nil,nil,nil,nil ebrake=1.00 ibrake=1.00 hasABS=0 sy=10.09 split=1.000,0.875 ===
125.38239|I|libbeamng.print:18052| === LSTM_OBS t=400 0.00255,0.00117,0.00322,0.00098,0.44845,10.09044,-9.71132,-0.03189,0.00000,0.00000,0.00478,1.00000,0.00000,-0.00150,-0.00892,728.79716,0.25000 ===
125.43340|I|libbeamng.print:18052| === LSTM_TRACE t=410 v=6.77 ws=0.00,0.00,0.00,0.01 cmd=0.991,0.975,0.866,0.863 cap=3073,3023,1684,1678 des=3073,3023,1473,1468 app=3024,3000,1452,1460 abs=nil,nil,nil,nil ebrake=1.00 ibrake=1.00 hasABS=0 sy=10.19 split=1.000,0.875 ===
125.43345|I|libbeamng.print:18052| === LSTM_OBS t=410 0.00075,0.00117,0.00444,0.00689,0.47130,10.19267,-9.71273,-0.03041,0.00000,0.00000,0.00487,1.00000,0.00000,-0.00164,-0.00911,727.42241,0.25000 ===
125.48296|I|libbeamng.print:18052| === LSTM_TRACE t=420 v=6.23 ws=0.00,0.00,0.00,0.00 cmd=0.991,0.976,0.867,0.864 cap=3073,3025,1683,1678 des=3073,3025,1473,1468 app=3024,3001,1452,1460 abs=nil,nil,nil,nil ebrake=1.00 ibrake=1.00 hasABS=0 sy=10.31 split=1.000,0.875 ===
125.48300|I|libbeamng.print:18052| === LSTM_OBS t=420 0.00099,0.00022,0.00274,0.00026,0.49284,10.30918,-9.71067,-0.02848,0.00000,0.00000,0.00500,1.00000,0.00000,-0.00174,-0.00936,727.51533,0.25000 ===
125.53329|I|libbeamng.print:18052| === LSTM_TRACE t=430 v=5.69 ws=0.00,0.00,0.01,0.01 cmd=0.991,0.976,0.867,0.864 cap=3073,3025,1685,1680 des=3073,3025,1474,1470 app=3022,3000,1452,1461 abs=nil,nil,nil,nil ebrake=1.00 ibrake=1.00 hasABS=0 sy=10.42 split=1.000,0.875 ===
125.53334|I|libbeamng.print:18052| === LSTM_OBS t=430 0.00099,0.00072,0.00621,0.00829,0.51533,10.42480,-9.71437,-0.02721,0.00000,0.00000,0.00514,1.00000,0.00000,-0.00186,-0.00959,726.10848,0.25000 ===
125.58302|I|libbeamng.print:18052| === LSTM_TRACE t=440 v=5.15 ws=0.00,0.00,0.01,0.02 cmd=0.991,0.977,0.866,0.864 cap=3073,3026,1683,1679 des=3073,3026,1473,1469 app=3022,3001,1451,1461 abs=nil,nil,nil,nil ebrake=1.00 ibrake=1.00 hasABS=0 sy=10.53 split=1.000,0.875 ===
125.58306|I|libbeamng.print:18052| === LSTM_OBS t=440 0.00173,0.00190,0.00685,0.01800,0.53586,10.53186,-9.71276,-0.02564,0.00000,0.00000,0.00527,1.00000,0.00000,-0.00194,-0.00983,729.30177,0.25000 ===
125.63308|I|libbeamng.print:18052| === LSTM_TRACE t=450 v=4.60 ws=0.00,0.00,0.01,0.01 cmd=0.991,0.976,0.867,0.865 cap=3073,3026,1683,1679 des=3073,3026,1472,1469 app=3020,3000,1450,1460 abs=nil,nil,nil,nil ebrake=1.00 ibrake=1.00 hasABS=0 sy=10.65 split=1.000,0.875 ===
125.63312|I|libbeamng.print:18052| === LSTM_OBS t=450 0.00231,0.00205,0.00546,0.00743,0.55922,10.64897,-9.71393,-0.02382,0.00000,0.00000,0.00537,1.00000,0.00000,-0.00203,-0.01007,726.75862,0.25000 ===
125.68295|I|libbeamng.print:18052| === LSTM_TRACE t=460 v=4.04 ws=0.00,0.00,0.01,0.00 cmd=0.991,0.976,0.868,0.866 cap=3074,3027,1685,1682 des=3074,3027,1474,1472 app=3020,3001,1452,1462 abs=nil,nil,nil,nil ebrake=1.00 ibrake=1.00 hasABS=0 sy=10.77 split=1.000,0.875 ===
125.68300|I|libbeamng.print:18052| === LSTM_OBS t=460 0.00139,0.00032,0.00677,0.00419,0.58253,10.77499,-9.70957,-0.02110,0.00000,0.00000,0.00551,1.00000,0.00000,-0.00214,-0.01041,728.76271,0.25000 ===
125.73456|I|libbeamng.print:18052| === LSTM_TRACE t=470 v=3.48 ws=0.00,0.00,0.00,0.00 cmd=0.992,0.977,0.867,0.866 cap=3073,3028,1685,1683 des=3073,3028,1475,1472 app=3019,3001,1452,1462 abs=nil,nil,nil,nil ebrake=1.00 ibrake=1.00 hasABS=0 sy=10.90 split=1.000,0.875 ===
125.73461|I|libbeamng.print:18052| === LSTM_OBS t=470 0.00089,0.00074,0.00329,0.00359,0.60464,10.89821,-9.70617,-0.01998,0.00000,0.00000,0.00567,1.00000,0.00000,-0.00227,-0.01071,725.92874,0.25000 ===
125.78419|I|libbeamng.print:18052| === LSTM_TRACE t=480 v=2.91 ws=0.00,0.00,0.01,0.01 cmd=0.991,0.977,0.868,0.867 cap=3074,3029,1687,1685 des=3074,3029,1476,1474 app=3018,3002,1454,1464 abs=nil,nil,nil,nil ebrake=1.00 ibrake=1.00 hasABS=0 sy=11.01 split=1.000,0.875 ===
125.78423|I|libbeamng.print:18052| === LSTM_OBS t=480 0.00157,0.00040,0.00713,0.00511,0.62567,11.01268,-9.69663,-0.01707,0.00000,0.00000,0.00580,1.00000,0.00000,-0.00238,-0.01095,730.45658,0.25000 ===
125.83417|I|libbeamng.print:18052| === LSTM_TRACE t=490 v=2.34 ws=0.00,0.00,0.00,0.00 cmd=0.992,0.978,0.868,0.866 cap=3074,3030,1685,1683 des=3074,3030,1474,1472 app=3017,3002,1451,1462 abs=nil,nil,nil,nil ebrake=1.00 ibrake=1.00 hasABS=0 sy=11.12 split=1.000,0.875 ===
125.83422|I|libbeamng.print:18052| === LSTM_OBS t=490 0.00073,0.00192,0.00132,0.00086,0.64682,11.11652,-9.69021,-0.01544,0.00000,0.00000,0.00592,1.00000,0.00000,-0.00247,-0.01109,727.15364,0.25000 ===
125.88406|I|libbeamng.print:18052| === LSTM_TRACE t=500 v=1.76 ws=0.00,0.00,0.23,0.02 cmd=0.991,0.976,0.871,0.870 cap=3072,3027,1692,1691 des=3072,3027,1481,1479 app=3015,2999,1458,1469 abs=nil,nil,nil,nil ebrake=1.00 ibrake=1.00 hasABS=0 sy=11.22 split=1.000,0.875 ===
125.88411|I|libbeamng.print:18052| === LSTM_OBS t=500 0.00151,0.00024,0.23116,0.01772,0.67114,11.22139,-9.67748,-0.01204,0.00000,0.00000,0.00606,1.00000,0.00000,-0.00256,-0.01121,729.54760,0.25000 ===
125.93389|I|libbeamng.print:18052| === LSTM_TRACE t=510 v=1.19 ws=0.00,0.00,0.48,0.02 cmd=0.990,0.972,0.875,0.876 cap=3070,3021,1697,1696 des=3070,3021,1484,1484 app=3013,2992,1462,1473 abs=nil,nil,nil,nil ebrake=1.00 ibrake=1.00 hasABS=0 sy=11.28 split=1.000,0.875 ===
125.93395|I|libbeamng.print:18052| === LSTM_OBS t=510 0.00221,0.00015,0.48418,0.01792,0.69761,11.28353,-9.64772,-0.01182,0.00000,0.00000,0.00612,1.00000,0.00000,-0.00291,-0.01108,726.62744,0.25000 ===
125.98542|I|libbeamng.print:18052| === LSTM_TRACE t=520 v=0.59 ws=0.00,0.00,0.40,0.02 cmd=0.988,0.979,0.874,0.871 cap=3061,3039,1690,1686 des=3061,3039,1479,1475 app=3003,3010,1456,1464 abs=nil,nil,nil,nil ebrake=1.00 ibrake=1.00 hasABS=0 sy=11.43 split=1.000,0.875 ===
125.98550|I|libbeamng.print:18052| === LSTM_OBS t=520 0.00219,0.00162,0.39628,0.02451,0.78182,11.43426,-9.69837,0.01417,0.00000,0.00000,0.00645,1.00000,0.00000,-0.00309,-0.01116,728.76243,0.25000 ===
156.44092|I|libbeamng.print:18052| === LSTM_TRACE t=0 v=27.71 ws=27.73,27.82,27.37,27.45 cmd=0.946,0.809,0.362,0.401 cap=155,155,97,97 des=155,155,85,85 app=151,153,83,84 abs=nil,nil,nil,nil ebrake=1.00 ibrake=1.00 hasABS=0 sy=1.59 split=1.000,0.875 ===
156.44099|I|libbeamng.print:18052| === LSTM_OBS t=0 27.72658,27.81920,27.37481,27.45058,-0.00598,1.58669,-9.77962,0.00487,0.00000,0.00000,0.00000,1.00000,0.00000,0.00082,-0.00910,7858.45627,0.25000 ===
156.48878|I|libbeamng.print:18052| === LSTM_TRACE t=10 v=27.45 ws=25.74,25.76,26.90,26.89 cmd=0.700,0.661,0.793,0.789 cap=2060,1958,1426,1423 des=2060,1958,1248,1245 app=2013,1932,1152,1175 abs=nil,nil,nil,nil ebrake=1.00 ibrake=1.00 hasABS=0 sy=2.09 split=1.000,0.875 ===
156.48886|I|libbeamng.print:18052| === LSTM_OBS t=10 25.73668,25.76094,26.89638,26.89254,0.03198,2.09111,-9.80441,-0.00075,0.00000,0.00000,0.00134,1.00000,0.00000,0.00086,-0.00986,7790.77139,0.25000 ===
156.50850|I|libbeamng.print:18052| === LSTM_ABS DBG raw=24.4334,24.7143,26.4582,26.3974,0.0776,2.7513,-9.7468,-0.0052,0.0000,0.0000,0.0024,1.0000,0.0000,0.0009,-0.0109,7704.6033,0.2500 ===
156.50854|I|libbeamng.print:18052| === LSTM_ABS DBG norm=0.51,0.54,0.58,0.58,0.10,-2.27,0.00,-0.05,-0.07,-0.03,-0.06,0.50,0.00,0.00,0.00,1.76,0.00 ===
156.50854|I|libbeamng.print:18052| === LSTM_ABS DBG cmd=0.7739,0.7769,0.8546,0.8472 ===
156.53981|I|libbeamng.print:18052| === LSTM_TRACE t=20 v=26.94 ws=22.78,23.35,25.58,25.67 cmd=0.832,0.831,0.865,0.860 cap=2483,2475,1677,1666 des=2483,2475,1467,1458 app=2440,2452,1447,1447 abs=nil,nil,nil,nil ebrake=1.00 ibrake=1.00 hasABS=0 sy=3.99 split=1.000,0.875 ===
156.53986|I|libbeamng.print:18052| === LSTM_OBS t=20 22.78305,23.35339,25.57870,25.67490,0.05264,3.99349,-9.59641,0.00023,0.00000,0.00000,0.00261,1.00000,0.00000,0.00108,-0.01314,7518.88986,0.25000 ===
156.58876|I|libbeamng.print:18052| === LSTM_TRACE t=30 v=26.42 ws=20.51,21.96,24.09,24.65 cmd=0.769,0.761,0.859,0.859 cap=2338,2338,1631,1632 des=2338,2338,1427,1428 app=2307,2322,1414,1421 abs=nil,nil,nil,nil ebrake=1.00 ibrake=1.00 hasABS=0 sy=5.72 split=1.000,0.875 ===
156.58885|I|libbeamng.print:18052| === LSTM_OBS t=30 20.51441,21.96303,24.09298,24.64663,0.01886,5.72102,-9.43030,-0.00116,0.00000,0.00000,0.00226,1.00000,0.00000,0.00156,-0.01600,7155.73793,0.25000 ===
156.63969|I|libbeamng.print:18052| === LSTM_TRACE t=40 v=25.86 ws=18.75,21.69,22.79,23.92 cmd=0.786,0.828,0.833,0.834 cap=2209,2349,1700,1700 des=2209,2349,1488,1487 app=2185,2338,1478,1483 abs=nil,nil,nil,nil ebrake=1.00 ibrake=1.00 hasABS=0 sy=7.21 split=1.000,0.875 ===
156.63977|I|libbeamng.print:18052| === LSTM_OBS t=40 18.75298,21.69305,22.78816,23.92461,0.02619,7.20529,-9.36925,-0.01188,0.00000,0.00000,0.00285,1.00000,0.00000,0.00186,-0.01698,6830.79774,0.25000 ===
156.68949|I|libbeamng.print:18052| === LSTM_TRACE t=50 v=25.28 ws=17.19,20.38,21.64,23.27 cmd=0.691,0.765,0.881,0.869 cap=2379,2597,1683,1658 des=2379,2597,1473,1451 app=2348,2589,1466,1449 abs=nil,nil,nil,nil ebrake=1.00 ibrake=1.00 hasABS=0 sy=8.45 split=1.000,0.875 ===
156.68954|I|libbeamng.print:18052| === LSTM_OBS t=50 17.19417,20.37734,21.64391,23.27364,0.03310,8.45346,-9.47344,-0.02653,0.00000,0.00000,0.00338,1.00000,0.00000,0.00177,-0.01727,6553.37797,0.25000 ===
156.74013|I|libbeamng.print:18052| === LSTM_TRACE t=60 v=24.71 ws=16.36,19.12,20.39,22.52 cmd=0.584,0.728,0.883,0.865 cap=2452,2600,1700,1680 des=2452,2600,1488,1470 app=2435,2596,1483,1469 abs=nil,nil,nil,nil ebrake=1.00 ibrake=1.00 hasABS=0 sy=9.35 split=1.000,0.875 ===
156.74017|I|libbeamng.print:18052| === LSTM_OBS t=60 16.36435,19.12474,20.39411,22.51919,0.05096,9.35373,-9.60727,-0.03483,0.00000,0.00000,0.00311,1.00000,0.00000,0.00118,-0.01685,6289.02962,0.25000 ===
156.78955|I|libbeamng.print:18052| === LSTM_TRACE t=70 v=24.14 ws=16.20,17.84,19.52,21.96 cmd=0.810,0.748,0.913,0.901 cap=2539,2609,1700,1700 des=2539,2609,1488,1488 app=2175,2607,1484,1488 abs=nil,nil,nil,nil ebrake=1.00 ibrake=1.00 hasABS=0 sy=9.98 split=1.000,0.875 ===
156.78959|I|libbeamng.print:18052| === LSTM_OBS t=70 16.19857,17.84050,19.52257,21.95774,0.07992,9.98097,-9.71642,-0.04434,0.00000,0.00000,0.00367,1.00000,0.00000,0.00057,-0.01615,6025.57826,0.25000 ===
156.84054|I|libbeamng.print:18052| === LSTM_TRACE t=80 v=23.57 ws=15.45,16.34,18.21,21.06 cmd=0.745,0.653,0.906,0.898 cap=2623,2526,1700,1700 des=2623,2526,1488,1488 app=2414,2525,1485,1488 abs=nil,nil,nil,nil ebrake=1.00 ibrake=1.00 hasABS=0 sy=10.39 split=1.000,0.875 ===
156.84062|I|libbeamng.print:18052| === LSTM_OBS t=80 15.45383,16.33752,18.20976,21.06379,0.12799,10.38947,-9.76462,-0.04043,0.00000,0.00000,0.00357,1.00000,0.00000,-0.00002,-0.01499,5762.22591,0.25000 ===
156.88586|I|libbeamng.print:18052| === LSTM_TRACE t=90 v=23.01 ws=14.49,15.30,17.22,20.30 cmd=0.551,0.594,0.930,0.923 cap=2242,2466,1700,1700 des=2242,2466,1488,1488 app=2232,2466,1486,1488 abs=nil,nil,nil,nil ebrake=1.00 ibrake=1.00 hasABS=0 sy=10.62 split=1.000,0.875 ===
156.88596|I|libbeamng.print:18052| === LSTM_OBS t=90 14.48576,15.30017,17.21579,20.29647,0.16561,10.61860,-9.77231,-0.04601,0.00000,0.00000,0.00364,1.00000,0.00000,-0.00013,-0.01367,5525.32544,0.25000 ===
156.93665|I|libbeamng.print:18052| === LSTM_TRACE t=100 v=22.45 ws=13.30,14.41,16.06,19.89 cmd=0.419,0.515,0.927,0.922 cap=1569,1973,1700,1700 des=1569,1973,1488,1488 app=2007,2096,1487,1488 abs=nil,nil,nil,nil ebrake=1.00 ibrake=1.00 hasABS=0 sy=10.76 split=1.000,0.875 ===
156.93669|I|libbeamng.print:18052| === LSTM_OBS t=100 13.29628,14.40954,16.06487,19.89292,0.21184,10.75940,-9.74713,-0.05711,0.00000,0.00000,0.00115,1.00000,0.00000,-0.00008,-0.01243,5263.58057,0.25000 ===
156.98658|I|libbeamng.print:18052| === LSTM_TRACE t=110 v=21.90 ws=12.95,14.44,14.77,19.19 cmd=0.800,0.783,0.881,0.870 cap=1774,1850,1700,1700 des=1774,1850,1488,1488 app=1767,1850,1487,1488 abs=nil,nil,nil,nil ebrake=1.00 ibrake=1.00 hasABS=0 sy=10.85 split=1.000,0.875 ===
156.98662|I|libbeamng.print:18052| === LSTM_OBS t=110 12.94770,14.43638,14.77175,19.18863,0.26798,10.84941,-9.73641,-0.03882,0.00000,0.00000,0.00450,1.00000,0.00000,-0.00018,-0.01141,5004.61271,0.25000 ===
157.03716|I|libbeamng.print:18052| === LSTM_TRACE t=120 v=21.36 ws=12.80,13.55,13.65,18.68 cmd=0.776,0.661,0.900,0.879 cap=2343,2256,1700,1700 des=2343,2256,1488,1488 app=2086,2256,1488,1488 abs=nil,nil,nil,nil ebrake=1.00 ibrake=1.00 hasABS=0 sy=10.90 split=1.000,0.875 ===
157.03721|I|libbeamng.print:18052| === LSTM_OBS t=120 12.80349,13.54582,13.64849,18.67637,0.31279,10.89773,-9.71055,-0.03994,0.00000,0.00000,0.00476,1.00000,0.00000,-0.00029,-0.01051,4747.95240,0.25000 ===
157.08714|I|libbeamng.print:18052| === LSTM_TRACE t=130 v=20.82 ws=12.45,11.99,12.25,18.31 cmd=0.649,0.515,0.927,0.907 cap=2488,2299,1700,1700 des=2488,2299,1488,1488 app=2331,2299,1488,1488 abs=nil,nil,nil,nil ebrake=1.00 ibrake=1.00 hasABS=0 sy=10.91 split=1.000,0.875 ===
157.08718|I|libbeamng.print:18052| === LSTM_OBS t=130 12.44661,11.98516,12.25256,18.31152,0.34013,10.90657,-9.69946,-0.04826,0.00000,0.00000,0.00372,1.00000,0.00000,-0.00051,-0.00989,4493.13333,0.25000 ===
157.13702|I|libbeamng.print:18052| === LSTM_TRACE t=140 v=20.26 ws=12.13,10.87,10.69,17.94 cmd=0.713,0.666,0.932,0.918 cap=1589,1806,1700,1700 des=1589,1806,1488,1488 app=1585,1806,1488,1488 abs=nil,nil,nil,nil ebrake=1.00 ibrake=1.00 hasABS=0 sy=10.90 split=1.000,0.875 ===
157.13707|I|libbeamng.print:18052| === LSTM_OBS t=140 12.12780,10.87166,10.69099,17.93651,0.36046,10.89694,-9.70709,-0.04414,0.00000,0.00000,0.00265,1.00000,0.00000,-0.00061,-0.00946,4233.77559,0.25000 ===
157.19046|I|libbeamng.print:18052| === LSTM_TRACE t=150 v=19.73 ws=11.78,9.84,9.10,17.68 cmd=0.762,0.634,0.931,0.919 cap=2069,1863,1700,1700 des=2069,1863,1488,1488 app=2064,1863,1488,1488 abs=nil,nil,nil,nil ebrake=1.00 ibrake=1.00 hasABS=0 sy=10.87 split=1.000,0.875 ===
157.19051|I|libbeamng.print:18052| === LSTM_OBS t=150 11.78077,9.83773,9.10172,17.67759,0.38486,10.87493,-9.72025,-0.04128,0.00000,0.00000,0.00384,1.00000,0.00000,-0.00058,-0.00903,3972.84961,0.25000 ===
157.24078|I|libbeamng.print:18052| === LSTM_TRACE t=160 v=19.20 ws=10.64,8.94,7.34,17.53 cmd=0.656,0.569,0.935,0.924 cap=2039,1889,1700,1700 des=2039,1889,1488,1488 app=2034,1890,1487,1488 abs=nil,nil,nil,nil ebrake=1.00 ibrake=1.00 hasABS=0 sy=10.81 split=1.000,0.875 ===
157.24083|I|libbeamng.print:18052| === LSTM_OBS t=160 10.63997,8.94420,7.33815,17.53364,0.41123,10.81445,-9.72375,-0.04231,0.00000,0.00000,0.00322,1.00000,0.00000,-0.00054,-0.00871,3708.53622,0.25000 ===
157.28912|I|libbeamng.print:18052| === LSTM_TRACE t=170 v=18.67 ws=9.58,8.37,5.67,17.48 cmd=0.759,0.648,0.944,0.937 cap=1933,1838,1700,1700 des=1933,1838,1488,1488 app=1929,1838,1487,1488 abs=nil,nil,nil,nil ebrake=1.00 ibrake=1.00 hasABS=0 sy=10.74 split=1.000,0.875 ===
157.28916|I|libbeamng.print:18052| === LSTM_OBS t=170 9.58329,8.37449,5.66879,17.47886,0.45257,10.73958,-9.74006,-0.02144,0.00000,0.00000,0.00289,1.00000,0.00000,-0.00064,-0.00834,3440.16854,0.25000 ===
157.33954|I|libbeamng.print:18052| === LSTM_TRACE t=180 v=18.15 ws=8.60,7.15,4.54,16.89 cmd=0.807,0.538,0.953,0.950 cap=2050,1939,1700,1700 des=2050,1939,1488,1488 app=2010,1939,1486,1488 abs=nil,nil,nil,nil ebrake=1.00 ibrake=1.00 hasABS=0 sy=10.71 split=1.000,0.875 ===
157.33958|I|libbeamng.print:18052| === LSTM_OBS t=180 8.59614,7.14914,4.53818,16.88879,0.48614,10.70635,-9.75648,-0.02691,0.00000,0.00000,0.00326,1.00000,0.00000,-0.00068,-0.00826,3178.36655,0.25000 ===
157.39094|I|libbeamng.print:18052| === LSTM_TRACE t=190 v=17.62 ws=7.51,6.77,2.54,16.09 cmd=0.755,0.814,0.944,0.942 cap=1232,2357,1700,1700 des=1232,2357,1488,1488 app=1514,2357,1486,1488 abs=nil,nil,nil,nil ebrake=1.00 ibrake=1.00 hasABS=0 sy=10.67 split=1.000,0.875 ===
157.39098|I|libbeamng.print:18052| === LSTM_OBS t=190 7.51087,6.77331,2.53801,16.09247,0.48821,10.66996,-9.79106,-0.01574,0.00000,0.00000,0.00124,1.00000,0.00000,-0.00004,-0.00846,2919.93319,0.25000 ===
157.44253|I|libbeamng.print:18052| === LSTM_TRACE t=200 v=17.10 ws=5.67,4.90,0.88,15.76 cmd=0.460,0.503,0.959,0.958 cap=1808,2007,1700,1700 des=1808,2007,1488,1488 app=2050,2007,1485,1488 abs=nil,nil,nil,nil ebrake=1.00 ibrake=1.00 hasABS=0 sy=10.58 split=1.000,0.875 ===
157.44261|I|libbeamng.print:18052| === LSTM_OBS t=200 5.67460,4.90030,0.88139,15.75636,0.56286,10.58192,-9.79032,-0.01739,0.00000,0.00000,0.00169,1.00000,0.00000,0.00010,-0.00881,2654.66301,0.25000 ===
157.49249|I|libbeamng.print:18052| === LSTM_TRACE t=210 v=16.59 ws=3.92,4.61,0.14,15.74 cmd=0.667,0.609,0.936,0.938 cap=816,1659,1700,1700 des=816,1659,1488,1488 app=1723,1659,1484,1488 abs=nil,nil,nil,nil ebrake=1.00 ibrake=1.00 hasABS=0 sy=10.44 split=1.000,0.875 ===
157.49254|I|libbeamng.print:18052| === LSTM_OBS t=210 3.92278,4.60838,0.13964,15.74067,0.59530,10.44114,-9.79874,-0.00917,0.00000,0.00000,0.00069,1.00000,0.00000,-0.00011,-0.00858,2359.55907,0.25000 ===
157.54246|I|libbeamng.print:18052| === LSTM_TRACE t=220 v=16.10 ws=2.61,3.96,0.05,13.81 cmd=0.290,0.380,0.938,0.938 cap=1213,2329,1700,1700 des=1213,2329,1488,1488 app=1573,2329,1483,1488 abs=nil,nil,nil,nil ebrake=1.00 ibrake=1.00 hasABS=0 sy=10.32 split=1.000,0.875 ===
157.54252|I|libbeamng.print:18052| === LSTM_OBS t=220 2.60992,3.95880,0.04663,13.81172,0.50891,10.32238,-9.93641,-0.01570,0.00000,0.00000,0.00192,1.00000,0.00000,0.00021,-0.00759,2118.92423,0.25000 ===
157.59215|I|libbeamng.print:18052| === LSTM_TRACE t=230 v=15.61 ws=2.90,2.97,0.03,12.46 cmd=0.549,0.698,0.909,0.899 cap=1398,1660,1700,1700 des=1398,1660,1488,1488 app=1393,1660,1482,1488 abs=nil,nil,nil,nil ebrake=1.00 ibrake=1.00 hasABS=0 sy=10.19 split=1.000,0.875 ===
157.59219|I|libbeamng.print:18052| === LSTM_OBS t=230 2.90259,2.96809,0.02828,12.45948,0.46574,10.18878,-9.93142,-0.02009,0.00000,0.00000,0.00398,1.00000,0.00000,0.00163,-0.00672,1901.14033,0.25000 ===
157.64242|I|libbeamng.print:18052| === LSTM_TRACE t=240 v=15.14 ws=1.43,2.06,0.06,10.74 cmd=0.254,0.723,0.915,0.900 cap=669,1871,1700,1700 des=669,1871,1488,1488 app=1522,1492,1481,1488 abs=nil,nil,nil,nil ebrake=1.00 ibrake=1.00 hasABS=0 sy=10.03 split=1.000,0.875 ===
157.64246|I|libbeamng.print:18052| === LSTM_OBS t=240 1.43155,2.05827,0.05667,10.74027,0.44995,10.02659,-9.76451,-0.03191,0.00000,0.00000,0.00049,1.00000,0.00000,0.00196,-0.00631,1696.32691,0.25000 ===
157.68936|I|libbeamng.print:18052| === LSTM_TRACE t=250 v=14.64 ws=1.14,1.20,0.02,8.87 cmd=0.754,0.678,0.937,0.924 cap=2615,2038,1700,1700 des=2615,2038,1488,1488 app=2274,2037,1480,1488 abs=nil,nil,nil,nil ebrake=1.00 ibrake=1.00 hasABS=0 sy=9.89 split=1.000,0.875 ===
157.68941|I|libbeamng.print:18052| === LSTM_OBS t=250 1.14243,1.19894,0.01559,8.86769,0.41280,9.88570,-9.63478,-0.02349,0.00000,0.00000,0.00216,1.00000,0.00000,0.00157,-0.00636,1495.75520,0.25000 ===
157.73979|I|libbeamng.print:18052| === LSTM_TRACE t=260 v=14.17 ws=0.05,0.03,0.04,6.61 cmd=0.875,0.835,0.932,0.921 cap=2736,2464,1700,1700 des=2736,2464,1488,1488 app=2723,2462,1479,1488 abs=nil,nil,nil,nil ebrake=1.00 ibrake=1.00 hasABS=0 sy=9.85 split=1.000,0.875 ===
157.73984|I|libbeamng.print:18052| === LSTM_OBS t=260 0.04512,0.02748,0.03937,6.61425,0.36692,9.84596,-9.74083,-0.03607,0.00000,0.00000,0.00134,1.00000,0.00000,0.00174,-0.00611,1268.38049,0.25000 ===
157.78935|I|libbeamng.print:18052| === LSTM_TRACE t=270 v=13.69 ws=0.01,0.01,0.03,4.88 cmd=0.925,0.910,0.924,0.912 cap=2877,2852,1700,1700 des=2877,2852,1488,1488 app=2862,2849,1478,1488 abs=nil,nil,nil,nil ebrake=1.00 ibrake=1.00 hasABS=0 sy=9.77 split=1.000,0.875 ===
157.78940|I|libbeamng.print:18052| === LSTM_OBS t=270 0.01179,0.00676,0.03010,4.87526,0.33151,9.76573,-9.72576,-0.02964,0.00000,0.00000,0.00124,1.00000,0.00000,0.00267,-0.00570,1044.00035,0.25000 ===
157.83907|I|libbeamng.print:18052| === LSTM_TRACE t=280 v=13.19 ws=0.02,0.02,0.01,2.59 cmd=0.970,0.971,0.900,0.881 cap=2990,2979,1700,1700 des=2990,2979,1488,1488 app=2973,2974,1478,1488 abs=nil,nil,nil,nil ebrake=1.00 ibrake=1.00 hasABS=0 sy=9.78 split=1.000,0.875 ===
157.83911|I|libbeamng.print:18052| === LSTM_OBS t=280 0.02128,0.01884,0.00617,2.59237,0.37271,9.77769,-9.68126,-0.04108,0.00000,0.00000,0.00091,1.00000,0.00000,0.00216,-0.00586,838.80832,0.25000 ===
157.88868|I|libbeamng.print:18052| === LSTM_TRACE t=290 v=12.71 ws=0.00,0.00,0.08,0.02 cmd=0.992,0.986,0.872,0.858 cap=3070,3064,1690,1658 des=3070,3064,1478,1451 app=3050,3058,1468,1451 abs=nil,nil,nil,nil ebrake=1.00 ibrake=1.00 hasABS=0 sy=9.79 split=1.000,0.875 ===
157.88877|I|libbeamng.print:18052| === LSTM_OBS t=290 0.00109,0.00457,0.08054,0.02233,0.32061,9.78566,-9.72399,-0.04059,0.00000,0.00000,0.00234,1.00000,0.00000,0.00130,-0.00645,742.31964,0.25000 ===
157.94125|I|libbeamng.print:18052| === LSTM_TRACE t=300 v=12.22 ws=0.00,0.01,0.09,0.10 cmd=0.994,0.982,0.874,0.868 cap=3081,3035,1700,1700 des=3081,3035,1488,1488 app=3060,3028,1476,1488 abs=nil,nil,nil,nil ebrake=1.00 ibrake=1.00 hasABS=0 sy=9.75 split=1.000,0.875 ===
157.94130|I|libbeamng.print:18052| === LSTM_OBS t=300 0.00027,0.00592,0.08553,0.10238,0.30676,9.74645,-9.73742,-0.03250,0.00000,0.00000,0.00049,1.00000,0.00000,0.00038,-0.00688,729.57763,0.25000 ===
157.99065|I|libbeamng.print:18052| === LSTM_TRACE t=310 v=11.74 ws=0.00,0.00,0.02,0.08 cmd=0.993,0.979,0.876,0.870 cap=3077,3041,1700,1692 des=3077,3041,1488,1481 app=3055,3033,1476,1481 abs=nil,nil,nil,nil ebrake=1.00 ibrake=1.00 hasABS=0 sy=9.74 split=1.000,0.875 ===
157.99072|I|libbeamng.print:18052| === LSTM_OBS t=310 0.00255,0.00474,0.01526,0.07932,0.29999,9.74361,-9.74165,-0.03663,0.00000,0.00000,0.00154,1.00000,0.00000,-0.00028,-0.00703,729.47051,0.25000 ===
158.04160|I|libbeamng.print:18052| === LSTM_TRACE t=320 v=11.24 ws=0.00,0.01,0.00,0.01 cmd=0.992,0.978,0.873,0.868 cap=3076,3033,1697,1687 des=3076,3033,1485,1476 app=3052,3025,1472,1476 abs=nil,nil,nil,nil ebrake=1.00 ibrake=1.00 hasABS=0 sy=9.77 split=1.000,0.875 ===
158.04167|I|libbeamng.print:18052| === LSTM_OBS t=320 0.00488,0.00539,0.00027,0.01219,0.29987,9.77427,-9.73038,-0.03295,0.00000,0.00000,0.00134,1.00000,0.00000,-0.00059,-0.00710,725.64359,0.25000 ===
158.09078|I|libbeamng.print:18052| === LSTM_TRACE t=330 v=10.74 ws=0.01,0.00,0.01,0.02 cmd=0.992,0.977,0.870,0.866 cap=3075,3029,1693,1684 des=3075,3029,1481,1473 app=3049,3020,1468,1473 abs=nil,nil,nil,nil ebrake=1.00 ibrake=1.00 hasABS=0 sy=9.82 split=1.000,0.875 ===
158.09083|I|libbeamng.print:18052| === LSTM_OBS t=330 0.00724,0.00331,0.01184,0.02182,0.30003,9.81909,-9.73287,-0.03341,0.00000,0.00000,0.00169,1.00000,0.00000,-0.00057,-0.00722,728.47602,0.25000 ===
158.14067|I|libbeamng.print:18052| === LSTM_TRACE t=340 v=10.24 ws=0.00,0.00,0.01,0.03 cmd=0.992,0.977,0.869,0.865 cap=3074,3028,1688,1680 des=3074,3028,1477,1470 app=3047,3018,1464,1470 abs=nil,nil,nil,nil ebrake=1.00 ibrake=1.00 hasABS=0 sy=9.87 split=1.000,0.875 ===
158.14072|I|libbeamng.print:18052| === LSTM_OBS t=340 0.00489,0.00212,0.00539,0.02781,0.31447,9.87308,-9.71806,-0.03389,0.00000,0.00000,0.00146,1.00000,0.00000,-0.00065,-0.00735,726.41888,0.25000 ===
158.19076|I|libbeamng.print:18052| === LSTM_TRACE t=350 v=9.73 ws=0.00,0.00,0.00,0.00 cmd=0.992,0.976,0.867,0.863 cap=3074,3026,1686,1679 des=3074,3026,1475,1469 app=3046,3015,1462,1469 abs=nil,nil,nil,nil ebrake=1.00 ibrake=1.00 hasABS=0 sy=9.93 split=1.000,0.875 ===
158.19082|I|libbeamng.print:18052| === LSTM_OBS t=350 0.00109,0.00345,0.00216,0.00081,0.33164,9.93465,-9.71813,-0.03389,0.00000,0.00000,0.00146,1.00000,0.00000,-0.00076,-0.00748,730.64219,0.25000 ===
158.24194|I|libbeamng.print:18052| === LSTM_TRACE t=360 v=9.22 ws=0.00,0.00,0.01,0.01 cmd=0.992,0.976,0.867,0.863 cap=3074,3025,1685,1678 des=3074,3025,1474,1468 app=3044,3014,1460,1468 abs=nil,nil,nil,nil ebrake=1.00 ibrake=1.00 hasABS=0 sy=10.00 split=1.000,0.875 ===
158.24198|I|libbeamng.print:18052| === LSTM_OBS t=360 0.00372,0.00240,0.00908,0.00568,0.35519,10.00082,-9.71964,-0.03273,0.00000,0.00000,0.00146,1.00000,0.00000,-0.00090,-0.00762,727.13554,0.25000 ===
158.29218|I|libbeamng.print:18052| === LSTM_TRACE t=370 v=8.71 ws=0.00,0.00,0.00,0.00 cmd=0.991,0.976,0.866,0.862 cap=3074,3025,1684,1677 des=3074,3025,1473,1468 app=3043,3013,1459,1468 abs=nil,nil,nil,nil ebrake=1.00 ibrake=1.00 hasABS=0 sy=10.07 split=1.000,0.875 ===
158.29224|I|libbeamng.print:18052| === LSTM_OBS t=370 0.00103,0.00481,0.00326,0.00190,0.37338,10.06706,-9.72524,-0.03240,0.00000,0.00000,0.00169,1.00000,0.00000,-0.00099,-0.00775,729.93123,0.25000 ===
158.34113|I|libbeamng.print:18052| === LSTM_TRACE t=380 v=8.19 ws=0.00,0.00,0.00,0.00 cmd=0.991,0.976,0.866,0.863 cap=3073,3025,1683,1677 des=3073,3025,1473,1468 app=3042,3011,1458,1467 abs=nil,nil,nil,nil ebrake=1.00 ibrake=1.00 hasABS=0 sy=10.14 split=1.000,0.875 ===
158.34117|I|libbeamng.print:18052| === LSTM_OBS t=380 0.00290,0.00169,0.00443,0.00454,0.38970,10.13512,-9.72116,-0.03240,0.00000,0.00000,0.00162,1.00000,0.00000,-0.00111,-0.00790,728.01857,0.25000 ===
158.39095|I|libbeamng.print:18052| === LSTM_TRACE t=390 v=7.67 ws=0.00,0.00,0.00,0.00 cmd=0.991,0.976,0.866,0.863 cap=3074,3025,1682,1677 des=3074,3025,1472,1467 app=3041,3011,1457,1467 abs=nil,nil,nil,nil ebrake=1.00 ibrake=1.00 hasABS=0 sy=10.21 split=1.000,0.875 ===
158.39100|I|libbeamng.print:18052| === LSTM_OBS t=390 0.00077,0.00343,0.00347,0.00239,0.40800,10.21103,-9.71905,-0.03098,0.00000,0.00000,0.00176,1.00000,0.00000,-0.00121,-0.00806,728.98062,0.25000 ===
158.44125|I|libbeamng.print:18052| === LSTM_TRACE t=400 v=7.14 ws=0.00,0.00,0.00,0.00 cmd=0.992,0.976,0.866,0.863 cap=3074,3025,1684,1679 des=3074,3025,1473,1469 app=3040,3011,1458,1468 abs=nil,nil,nil,nil ebrake=1.00 ibrake=1.00 hasABS=0 sy=10.30 split=1.000,0.875 ===
158.44130|I|libbeamng.print:18052| === LSTM_OBS t=400 0.00352,0.00059,0.00063,0.00303,0.42843,10.30267,-9.71562,-0.03067,0.00000,0.00000,0.00169,1.00000,0.00000,-0.00133,-0.00824,725.79371,0.25000 ===
158.49147|I|libbeamng.print:18052| === LSTM_TRACE t=410 v=6.60 ws=0.00,0.00,0.00,0.00 cmd=0.992,0.976,0.866,0.864 cap=3074,3026,1684,1680 des=3074,3026,1473,1470 app=3039,3010,1458,1468 abs=nil,nil,nil,nil ebrake=1.00 ibrake=1.00 hasABS=0 sy=10.41 split=1.000,0.875 ===
158.49154|I|libbeamng.print:18052| === LSTM_OBS t=410 0.00075,0.00364,0.00011,0.00084,0.45099,10.41138,-9.71349,-0.02907,0.00000,0.00000,0.00189,1.00000,0.00000,-0.00145,-0.00846,727.20112,0.25000 ===
158.54222|I|libbeamng.print:18052| === LSTM_TRACE t=420 v=6.06 ws=0.00,0.00,0.00,0.00 cmd=0.992,0.976,0.866,0.864 cap=3074,3027,1684,1680 des=3074,3027,1473,1470 app=3038,3010,1458,1468 abs=nil,nil,nil,nil ebrake=1.00 ibrake=1.00 hasABS=0 sy=10.53 split=1.000,0.875 ===
158.54228|I|libbeamng.print:18052| === LSTM_OBS t=420 0.00336,0.00084,0.00216,0.00457,0.47180,10.52887,-9.71532,-0.02885,0.00000,0.00000,0.00192,1.00000,0.00000,-0.00160,-0.00868,724.21315,0.25000 ===
158.59144|I|libbeamng.print:18052| === LSTM_TRACE t=430 v=5.51 ws=0.00,0.00,0.00,0.00 cmd=0.992,0.977,0.866,0.864 cap=3074,3027,1683,1680 des=3074,3027,1473,1470 app=3038,3011,1457,1467 abs=nil,nil,nil,nil ebrake=1.00 ibrake=1.00 hasABS=0 sy=10.64 split=1.000,0.875 ===
158.59148|I|libbeamng.print:18052| === LSTM_OBS t=430 0.00073,0.00259,0.00142,0.00337,0.49198,10.63935,-9.72126,-0.02796,0.00000,0.00000,0.00189,1.00000,0.00000,-0.00172,-0.00891,728.10039,0.25000 ===
158.63800|I|libbeamng.print:18052| === LSTM_TRACE t=440 v=4.96 ws=0.00,0.00,0.01,0.01 cmd=0.992,0.977,0.866,0.865 cap=3074,3028,1685,1682 des=3074,3028,1474,1472 app=3036,3011,1459,1469 abs=nil,nil,nil,nil ebrake=1.00 ibrake=1.00 hasABS=0 sy=10.73 split=1.000,0.875 ===
158.63805|I|libbeamng.print:18052| === LSTM_OBS t=440 0.00386,0.00006,0.01018,0.01089,0.50973,10.73303,-9.72353,-0.02620,0.00000,0.00000,0.00192,1.00000,0.00000,-0.00184,-0.00911,726.25460,0.25000 ===
158.68767|I|libbeamng.print:18052| === LSTM_TRACE t=450 v=4.39 ws=0.00,0.00,0.00,0.01 cmd=0.992,0.977,0.866,0.865 cap=3075,3029,1684,1681 des=3075,3029,1474,1471 app=3037,3011,1458,1469 abs=nil,nil,nil,nil ebrake=1.00 ibrake=1.00 hasABS=0 sy=10.85 split=1.000,0.875 ===
158.68772|I|libbeamng.print:18052| === LSTM_OBS t=450 0.00035,0.00356,0.00010,0.00589,0.53146,10.85485,-9.72387,-0.02470,0.00000,0.00000,0.00204,1.00000,0.00000,-0.00192,-0.00938,727.97386,0.25000 ===
158.73798|I|libbeamng.print:18052| === LSTM_TRACE t=460 v=3.82 ws=0.00,0.00,0.01,0.01 cmd=0.992,0.977,0.867,0.866 cap=3075,3029,1685,1682 des=3075,3029,1474,1472 app=3036,3011,1458,1469 abs=nil,nil,nil,nil ebrake=1.00 ibrake=1.00 hasABS=0 sy=10.98 split=1.000,0.875 ===
158.73806|I|libbeamng.print:18052| === LSTM_OBS t=460 0.00298,0.00137,0.00592,0.00928,0.55333,10.98038,-9.71995,-0.02323,0.00000,0.00000,0.00204,1.00000,0.00000,-0.00203,-0.00971,723.80819,0.25000 ===
158.78772|I|libbeamng.print:18052| === LSTM_TRACE t=470 v=3.25 ws=0.00,0.00,0.00,0.00 cmd=0.992,0.978,0.867,0.866 cap=3075,3031,1685,1683 des=3075,3031,1475,1473 app=3036,3012,1458,1469 abs=nil,nil,nil,nil ebrake=1.00 ibrake=1.00 hasABS=0 sy=11.10 split=1.000,0.875 ===
158.78777|I|libbeamng.print:18052| === LSTM_OBS t=470 0.00132,0.00224,0.00497,0.00153,0.57566,11.10093,-9.70913,-0.02134,0.00000,0.00000,0.00216,1.00000,0.00000,-0.00215,-0.01002,726.42918,0.25000 ===
158.83808|I|libbeamng.print:18052| === LSTM_TRACE t=480 v=2.68 ws=0.00,0.00,0.00,0.00 cmd=0.992,0.978,0.867,0.866 cap=3075,3032,1684,1682 des=3075,3032,1474,1472 app=3035,3013,1457,1469 abs=nil,nil,nil,nil ebrake=1.00 ibrake=1.00 hasABS=0 sy=11.21 split=1.000,0.875 ===
158.83820|I|libbeamng.print:18052| === LSTM_OBS t=480 0.00338,0.00121,0.00119,0.00135,0.59628,11.20891,-9.70193,-0.01994,0.00000,0.00000,0.00210,1.00000,0.00000,-0.00229,-0.01023,724.42184,0.25000 ===
158.88786|I|libbeamng.print:18052| === LSTM_TRACE t=490 v=2.09 ws=0.00,0.00,0.01,0.00 cmd=0.992,0.978,0.867,0.866 cap=3075,3033,1688,1686 des=3075,3033,1477,1475 app=3034,3013,1460,1472 abs=nil,nil,nil,nil ebrake=1.00 ibrake=1.00 hasABS=0 sy=11.31 split=1.000,0.875 ===
158.88791|I|libbeamng.print:18052| === LSTM_OBS t=490 0.00119,0.00267,0.00834,0.00452,0.61660,11.31472,-9.69420,-0.01677,0.00000,0.00000,0.00221,1.00000,0.00000,-0.00242,-0.01038,727.72299,0.25000 ===
158.93748|I|libbeamng.print:18052| === LSTM_TRACE t=500 v=1.51 ws=0.00,0.00,0.25,0.00 cmd=0.991,0.978,0.870,0.869 cap=3074,3029,1688,1687 des=3074,3029,1477,1476 app=3032,3009,1460,1472 abs=nil,nil,nil,nil ebrake=1.00 ibrake=1.00 hasABS=0 sy=11.42 split=1.000,0.875 ===
158.93753|I|libbeamng.print:18052| === LSTM_OBS t=500 0.00322,0.00090,0.25255,0.00118,0.63890,11.41884,-9.68807,-0.01407,0.00000,0.00000,0.00229,1.00000,0.00000,-0.00258,-0.01048,724.47252,0.25000 ===
158.98895|I|libbeamng.print:18052| === LSTM_TRACE t=510 v=0.93 ws=0.00,0.00,0.28,0.06 cmd=0.991,0.977,0.870,0.870 cap=3072,3029,1692,1691 des=3072,3029,1480,1479 app=3030,3009,1464,1476 abs=nil,nil,nil,nil ebrake=1.00 ibrake=1.00 hasABS=0 sy=11.48 split=1.000,0.875 ===
158.98901|I|libbeamng.print:18052| === LSTM_OBS t=510 0.00062,0.00094,0.28201,0.05511,0.66897,11.47864,-9.65589,-0.01307,0.00000,0.00000,0.00221,1.00000,0.00000,-0.00297,-0.01035,729.06869,0.25000 ===
163.41202|I|libbeamng.print:18052| === LSTM_ABS: lens 'band_g_mix' loaded (1 member, 17 in, 64 hidden, 2 layers) ===
163.41363|I|libbeamng.print:18052| === LSTM_ABS SELFTEST lens=band_g_mix cmd=0.997670,0.995595,0.857687,0.856659 ===
192.98065|I|libbeamng.print:18052| === LSTM_TRACE t=0 v=27.71 ws=27.67,27.77,27.35,27.39 cmd=0.917,0.885,0.487,0.474 cap=155,155,97,97 des=155,155,85,85 app=152,153,83,84 abs=nil,nil,nil,nil ebrake=1.00 ibrake=1.00 hasABS=0 sy=1.58 split=1.000,0.875 ===
192.98070|I|libbeamng.print:18052| === LSTM_OBS t=0 27.66842,27.77267,27.35063,27.39442,0.03358,1.57679,-9.78533,-0.00215,0.00000,0.00000,0.00049,1.00000,0.00000,0.00073,-0.00907,7857.42939,0.25000 ===
193.03188|I|libbeamng.print:18052| === LSTM_TRACE t=10 v=27.47 ws=27.22,27.16,26.83,27.03 cmd=0.281,0.316,0.405,0.389 cap=794,912,772,731 des=794,912,676,640 app=779,902,665,635 abs=nil,nil,nil,nil ebrake=1.00 ibrake=1.00 hasABS=0 sy=2.04 split=1.000,0.875 ===
193.03201|I|libbeamng.print:18052| === LSTM_OBS t=10 27.22044,27.15614,26.83322,27.03249,0.07743,2.04240,-9.75234,-0.01330,0.00000,0.00000,0.00326,1.00000,0.00000,0.00068,-0.00990,7781.84000,0.25000 ===
193.05215|I|libbeamng.print:18052| === LSTM_ABS DBG raw=26.7216,26.7694,26.6655,26.7003,0.0611,2.4127,-9.7530,-0.0047,0.0000,0.0000,0.0013,1.0000,0.0000,0.0008,-0.0105,7722.1011,0.2500 ===
193.05219|I|libbeamng.print:18052| === LSTM_ABS DBG norm=0.58,0.52,0.53,0.51,-0.10,-2.16,0.00,-0.01,0.06,-0.06,-0.07,0.59,-0.02,0.00,0.00,3.83,0.00 ===
193.05219|I|libbeamng.print:18052| === LSTM_ABS DBG cmd=0.3512,0.3757,0.4359,0.4366 ===
193.08196|I|libbeamng.print:18052| === LSTM_TRACE t=20 v=27.16 ws=26.06,26.19,26.40,26.32 cmd=0.526,0.526,0.529,0.533 cap=1545,1554,989,997 des=1545,1554,866,872 app=1520,1540,855,868 abs=nil,nil,nil,nil ebrake=1.00 ibrake=1.00 hasABS=0 sy=2.97 split=1.000,0.875 ===
193.08203|I|libbeamng.print:18052| === LSTM_OBS t=20 26.06260,26.18747,26.39987,26.31567,0.02528,2.96903,-9.66445,-0.00696,0.00000,0.00000,0.00150,1.00000,0.00000,0.00078,-0.01125,7625.48805,0.25000 ===
193.13260|I|libbeamng.print:18052| === LSTM_TRACE t=30 v=26.68 ws=24.57,24.92,25.58,25.61 cmd=0.753,0.726,0.741,0.738 cap=2297,2214,1411,1406 des=2297,2214,1234,1231 app=2268,2200,1222,1227 abs=nil,nil,nil,nil ebrake=1.00 ibrake=1.00 hasABS=0 sy=4.39 split=1.000,0.875 ===
193.13265|I|libbeamng.print:18052| === LSTM_OBS t=30 24.56630,24.91936,25.58252,25.61394,0.01554,4.39345,-9.62631,-0.00821,0.00000,0.00000,0.00210,1.00000,0.00000,0.00083,-0.01325,7439.91210,0.25000 ===
193.18482|I|libbeamng.print:18052| === LSTM_TRACE t=40 v=26.12 ws=22.82,23.92,24.50,24.75 cmd=0.819,0.794,0.787,0.779 cap=2556,2473,1528,1517 des=2556,2473,1337,1328 app=2533,2463,1328,1326 abs=nil,nil,nil,nil ebrake=1.00 ibrake=1.00 hasABS=0 sy=6.14 split=1.000,0.875 ===
193.18488|I|libbeamng.print:18052| === LSTM_OBS t=40 22.82461,23.92110,24.50471,24.75188,0.03154,6.13679,-9.64356,-0.03134,0.00000,0.00000,0.00244,1.00000,0.00000,0.00099,-0.01577,7190.55784,0.25000 ===
193.23391|I|libbeamng.print:18052| === LSTM_TRACE t=50 v=25.54 ws=20.85,23.29,23.49,23.94 cmd=0.824,0.802,0.775,0.771 cap=2547,2478,1513,1505 des=2547,2478,1324,1317 app=2531,2472,1318,1316 abs=nil,nil,nil,nil ebrake=1.00 ibrake=1.00 hasABS=0 sy=7.70 split=1.000,0.875 ===
193.23397|I|libbeamng.print:18052| === LSTM_OBS t=50 20.85273,23.29498,23.48670,23.94132,0.02017,7.69870,-9.57103,-0.01853,0.00000,0.00000,0.00297,1.00000,0.00000,0.00125,-0.01775,6918.14625,0.25000 ===
193.28334|I|libbeamng.print:18052| === LSTM_TRACE t=60 v=24.94 ws=17.94,23.03,22.46,23.28 cmd=0.777,0.761,0.746,0.752 cap=2579,2519,1454,1459 des=2579,2519,1272,1277 app=2567,2517,1268,1277 abs=nil,nil,nil,nil ebrake=1.00 ibrake=1.00 hasABS=0 sy=8.87 split=1.000,0.875 ===
193.28339|I|libbeamng.print:18052| === LSTM_OBS t=60 17.94101,23.03137,22.45992,23.27636,0.03437,8.86853,-9.64121,-0.02639,0.00000,0.00000,0.00254,1.00000,0.00000,0.00147,-0.01867,6665.88028,0.25000 ===
193.33379|I|libbeamng.print:18052| === LSTM_TRACE t=70 v=24.35 ws=14.82,22.81,21.76,22.55 cmd=0.563,0.596,0.762,0.774 cap=2062,2065,1449,1484 des=2062,2065,1267,1299 app=2212,2166,1265,1299 abs=nil,nil,nil,nil ebrake=1.00 ibrake=1.00 hasABS=0 sy=9.69 split=1.000,0.875 ===
193.33383|I|libbeamng.print:18052| === LSTM_OBS t=70 14.82281,22.80688,21.75946,22.54809,0.07294,9.68821,-9.72756,-0.02022,0.00000,0.00000,0.00189,1.00000,0.00000,0.00112,-0.01880,6443.64900,0.25000 ===
193.38337|I|libbeamng.print:18052| === LSTM_TRACE t=80 v=23.80 ws=13.00,22.62,21.41,21.53 cmd=0.685,0.701,0.757,0.776 cap=2216,2268,1472,1500 des=2216,2268,1288,1312 app=2210,2268,1286,1312 abs=nil,nil,nil,nil ebrake=1.00 ibrake=1.00 hasABS=0 sy=10.18 split=1.000,0.875 ===
193.38341|I|libbeamng.print:18052| === LSTM_OBS t=80 13.00171,22.62361,21.41198,21.53186,0.12327,10.18084,-9.75034,-0.03360,0.00000,0.00000,0.00229,1.00000,0.00000,0.00020,-0.01830,6231.51127,0.25000 ===
193.43406|I|libbeamng.print:18052| === LSTM_TRACE t=90 v=23.25 ws=11.59,22.05,21.24,20.21 cmd=0.653,0.681,0.767,0.782 cap=1955,2050,1519,1544 des=1955,2050,1329,1351 app=1950,2050,1328,1351 abs=nil,nil,nil,nil ebrake=1.00 ibrake=1.00 hasABS=0 sy=10.45 split=1.000,0.875 ===
193.43413|I|libbeamng.print:18052| === LSTM_OBS t=90 11.59104,22.05082,21.23733,20.20921,0.19469,10.44987,-9.74562,-0.02885,0.00000,0.00000,0.00198,1.00000,0.00000,-0.00075,-0.01718,6020.85409,0.25000 ===
193.49779|I|libbeamng.print:18052| === LSTM_TRACE t=100 v=22.70 ws=10.33,21.72,21.29,18.69 cmd=0.648,0.679,0.781,0.789 cap=1897,2012,1518,1535 des=1897,2012,1329,1343 app=1893,2012,1329,1343 abs=nil,nil,nil,nil ebrake=1.00 ibrake=1.00 hasABS=0 sy=10.62 split=1.000,0.875 ===
193.49784|I|libbeamng.print:18052| === LSTM_OBS t=100 10.33405,21.72423,21.29007,18.69154,0.27655,10.61545,-9.71793,-0.02264,0.00000,0.00000,0.00301,1.00000,0.00000,-0.00141,-0.01606,5811.40847,0.25000 ===
193.54304|I|libbeamng.print:18052| === LSTM_TRACE t=110 v=22.15 ws=9.42,21.00,21.09,17.27 cmd=0.557,0.599,0.788,0.790 cap=1981,2075,1500,1511 des=1981,2075,1313,1322 app=1976,2075,1313,1322 abs=nil,nil,nil,nil ebrake=1.00 ibrake=1.00 hasABS=0 sy=10.69 split=1.000,0.875 ===
193.54312|I|libbeamng.print:18052| === LSTM_OBS t=110 9.41581,21.00398,21.09445,17.27389,0.37515,10.68978,-9.69096,-0.00118,0.00000,0.00000,0.00210,1.00000,0.00000,-0.00212,-0.01500,5609.03319,0.25000 ===
193.58874|I|libbeamng.print:18052| === LSTM_TRACE t=120 v=21.63 ws=9.03,20.61,20.63,16.00 cmd=0.653,0.675,0.773,0.771 cap=2163,2246,1552,1532 des=2163,2246,1358,1340 app=1991,2143,1358,1340 abs=nil,nil,nil,nil ebrake=1.00 ibrake=1.00 hasABS=0 sy=10.70 split=1.000,0.875 ===
193.58878|I|libbeamng.print:18052| === LSTM_OBS t=120 9.02979,20.61331,20.63302,16.00383,0.47193,10.69717,-9.65604,0.01159,0.00000,0.00000,0.00322,1.00000,0.00000,-0.00252,-0.01414,5394.13046,0.25000 ===
193.63811|I|libbeamng.print:18052| === LSTM_TRACE t=130 v=21.09 ws=8.25,20.17,20.25,15.12 cmd=0.525,0.571,0.784,0.774 cap=1957,2044,1475,1463 des=1957,2044,1290,1280 app=1953,2044,1290,1280 abs=nil,nil,nil,nil ebrake=1.00 ibrake=1.00 hasABS=0 sy=10.68 split=1.000,0.875 ===
193.63816|I|libbeamng.print:18052| === LSTM_OBS t=130 8.24731,20.16878,20.25266,15.11783,0.52286,10.68354,-9.65654,0.03252,0.00000,0.00000,0.00239,1.00000,0.00000,-0.00252,-0.01333,5155.80039,0.25000 ===
193.68452|I|libbeamng.print:18052| === LSTM_TRACE t=140 v=20.56 ws=7.85,19.69,19.60,14.29 cmd=0.629,0.672,0.769,0.750 cap=1626,1781,1468,1442 des=1626,1781,1284,1262 app=1623,1781,1284,1262 abs=nil,nil,nil,nil ebrake=1.00 ibrake=1.00 hasABS=0 sy=10.67 split=1.000,0.875 ===
193.68457|I|libbeamng.print:18052| === LSTM_OBS t=140 7.84863,19.69171,19.60100,14.28788,0.49116,10.67334,-9.68085,0.04614,0.00000,0.00000,0.00189,1.00000,0.00000,-0.00178,-0.01276,4954.46301,0.25000 ===
193.73503|I|libbeamng.print:18052| === LSTM_TRACE t=150 v=20.02 ws=7.38,19.15,19.11,13.64 cmd=0.629,0.672,0.686,0.671 cap=1803,1972,1364,1334 des=1803,1972,1193,1167 app=1799,1972,1193,1167 abs=nil,nil,nil,nil ebrake=1.00 ibrake=1.00 hasABS=0 sy=10.67 split=1.000,0.875 ===
193.73509|I|libbeamng.print:18052| === LSTM_OBS t=150 7.38169,19.14579,19.10822,13.63898,0.42953,10.67039,-9.69680,0.03758,0.00000,0.00000,0.00198,1.00000,0.00000,-0.00100,-0.01231,4759.19270,0.25000 ===
193.78360|I|libbeamng.print:18052| === LSTM_TRACE t=160 v=19.49 ws=7.19,18.80,18.61,13.39 cmd=0.595,0.653,0.604,0.593 cap=1623,1839,1198,1180 des=1623,1839,1048,1032 app=1619,1839,1048,1032 abs=nil,nil,nil,nil ebrake=1.00 ibrake=1.00 hasABS=0 sy=10.68 split=1.000,0.875 ===
193.78364|I|libbeamng.print:18052| === LSTM_OBS t=160 7.18772,18.80104,18.61311,13.39464,0.29783,10.67998,-9.72383,0.04922,0.00000,0.00000,0.00256,1.00000,0.00000,-0.00014,-0.01214,4609.40405,0.25000 ===
193.83105|I|libbeamng.print:18052| === LSTM_TRACE t=170 v=18.95 ws=7.88,18.37,17.98,13.31 cmd=0.703,0.736,0.533,0.526 cap=1486,1741,1051,1036 des=1486,1741,920,907 app=1482,1741,920,907 abs=nil,nil,nil,nil ebrake=1.00 ibrake=1.00 hasABS=0 sy=10.67 split=1.000,0.875 ===
193.83109|I|libbeamng.print:18052| === LSTM_OBS t=170 7.87774,18.36582,17.97864,13.30918,0.18041,10.67395,-9.76021,0.04796,0.00000,0.00000,0.00270,1.00000,0.00000,0.00078,-0.01232,4521.04557,0.25000 ===
193.88009|I|libbeamng.print:18052| === LSTM_TRACE t=180 v=18.41 ws=7.91,17.51,16.71,12.17 cmd=0.564,0.624,0.485,0.480 cap=1428,1646,930,930 des=1428,1646,814,814 app=1667,1783,814,814 abs=nil,nil,nil,nil ebrake=1.00 ibrake=1.00 hasABS=0 sy=10.69 split=1.000,0.875 ===
193.88013|I|libbeamng.print:18052| === LSTM_OBS t=180 7.90630,17.51410,16.70574,12.17326,0.02744,10.69209,-9.76699,0.04626,0.00000,0.00000,0.00183,1.00000,0.00000,0.00157,-0.01301,4516.33089,0.25000 ===
193.92976|I|libbeamng.print:18052| === LSTM_TRACE t=190 v=17.88 ws=7.67,17.38,15.79,11.18 cmd=0.684,0.715,0.494,0.492 cap=1912,2009,914,925 des=1912,2009,800,809 app=1907,2009,800,809 abs=nil,nil,nil,nil ebrake=1.00 ibrake=1.00 hasABS=0 sy=10.75 split=1.000,0.875 ===
193.92980|I|libbeamng.print:18052| === LSTM_OBS t=190 7.66717,17.38346,15.79408,11.17916,-0.12354,10.74624,-9.75843,0.04404,0.00000,0.00000,0.00315,1.00000,0.00000,0.00215,-0.01417,4540.26596,0.25000 ===
193.98101|I|libbeamng.print:18052| === LSTM_TRACE t=200 v=17.33 ws=7.24,16.84,14.85,10.25 cmd=0.772,0.786,0.448,0.453 cap=1484,1725,924,932 des=1484,1725,809,815 app=1481,1725,809,815 abs=nil,nil,nil,nil ebrake=1.00 ibrake=1.00 hasABS=0 sy=10.72 split=1.000,0.875 ===
193.98109|I|libbeamng.print:18052| === LSTM_OBS t=200 7.23839,16.83962,14.84573,10.25126,-0.24669,10.72371,-9.76356,0.04586,0.00000,0.00000,0.00261,1.00000,0.00000,0.00251,-0.01530,4549.46496,0.25000 ===
194.02975|I|libbeamng.print:18052| === LSTM_TRACE t=210 v=16.82 ws=6.63,15.78,14.19,9.30 cmd=0.430,0.520,0.471,0.479 cap=1208,1440,934,965 des=1208,1440,818,844 app=1755,1817,818,844 abs=nil,nil,nil,nil ebrake=1.00 ibrake=1.00 hasABS=0 sy=10.67 split=1.000,0.875 ===
194.02979|I|libbeamng.print:18052| === LSTM_OBS t=210 6.62934,15.77764,14.18897,9.30232,-0.35982,10.67444,-9.75098,0.03677,0.00000,0.00000,0.00146,1.00000,0.00000,0.00272,-0.01612,4535.14623,0.25000 ===
194.08016|I|libbeamng.print:18052| === LSTM_TRACE t=220 v=16.29 ws=7.01,15.77,13.57,8.46 cmd=0.757,0.762,0.471,0.489 cap=2174,2260,871,896 des=2174,2260,762,784 app=1965,2071,762,784 abs=nil,nil,nil,nil ebrake=1.00 ibrake=1.00 hasABS=0 sy=10.62 split=1.000,0.875 ===
194.08020|I|libbeamng.print:18052| === LSTM_OBS t=220 7.01013,15.77215,13.56878,8.46213,-0.44927,10.61532,-9.71432,0.04868,0.00000,0.00000,0.00146,1.00000,0.00000,0.00299,-0.01678,4504.47295,0.25000 ===
194.13140|I|libbeamng.print:18052| === LSTM_TRACE t=230 v=15.77 ws=6.08,15.08,13.19,7.50 cmd=0.591,0.640,0.456,0.480 cap=1793,1973,943,973 des=1793,1973,825,852 app=1788,1973,825,852 abs=nil,nil,nil,nil ebrake=1.00 ibrake=1.00 hasABS=0 sy=10.57 split=1.000,0.875 ===
194.13145|I|libbeamng.print:18052| === LSTM_OBS t=230 6.07809,15.08059,13.18760,7.50326,-0.50646,10.57412,-9.67976,0.04455,0.00000,0.00000,0.00345,1.00000,0.00000,0.00322,-0.01708,4461.07516,0.25000 ===
194.17981|I|libbeamng.print:18052| === LSTM_TRACE t=240 v=15.25 ws=6.04,14.54,13.29,6.97 cmd=0.411,0.489,0.471,0.500 cap=2096,2192,945,985 des=2096,2192,827,862 app=2090,2192,827,862 abs=nil,nil,nil,nil ebrake=1.00 ibrake=1.00 hasABS=0 sy=10.51 split=1.000,0.875 ===
194.17986|I|libbeamng.print:18052| === LSTM_OBS t=240 6.03918,14.53563,13.28614,6.97169,-0.58294,10.50641,-9.64870,0.05498,0.00000,0.00000,0.00210,1.00000,0.00000,0.00359,-0.01719,4387.91433,0.25000 ===
194.23012|I|libbeamng.print:18052| === LSTM_TRACE t=250 v=14.73 ws=6.44,14.39,13.33,6.57 cmd=0.651,0.694,0.466,0.479 cap=1206,1488,904,950 des=1206,1488,791,831 app=1394,1488,791,831 abs=nil,nil,nil,nil ebrake=1.00 ibrake=1.00 hasABS=0 sy=10.46 split=1.000,0.875 ===
194.23018|I|libbeamng.print:18052| === LSTM_OBS t=250 6.44167,14.39130,13.32658,6.56646,-0.65387,10.46405,-9.62365,0.05144,0.00000,0.00000,0.00104,1.00000,0.00000,0.00403,-0.01715,4306.62169,0.25000 ===
194.27994|I|libbeamng.print:18052| === LSTM_TRACE t=260 v=14.23 ws=6.85,13.82,13.34,6.24 cmd=0.541,0.593,0.476,0.505 cap=2281,2328,906,946 des=2281,2328,793,828 app=2157,2262,793,828 abs=nil,nil,nil,nil ebrake=1.00 ibrake=1.00 hasABS=0 sy=10.42 split=1.000,0.875 ===
194.27999|I|libbeamng.print:18052| === LSTM_OBS t=260 6.84673,13.81835,13.33807,6.23915,-0.75539,10.41503,-9.59460,0.05482,0.00000,0.00000,0.00311,1.00000,0.00000,0.00452,-0.01708,4227.06879,0.25000 ===
194.33077|I|libbeamng.print:18052| === LSTM_TRACE t=270 v=13.69 ws=7.50,13.07,13.13,6.53 cmd=0.672,0.707,0.441,0.464 cap=1564,1797,898,943 des=1564,1797,786,825 app=1560,1797,786,825 abs=nil,nil,nil,nil ebrake=1.00 ibrake=1.00 hasABS=0 sy=10.39 split=1.000,0.875 ===
194.33081|I|libbeamng.print:18052| === LSTM_OBS t=270 7.50104,13.07305,13.13161,6.53048,-0.82995,10.38876,-9.60165,0.05158,0.00000,0.00000,0.00210,1.00000,0.00000,0.00533,-0.01698,4152.60419,0.25000 ===
194.38378|I|libbeamng.print:18052| === LSTM_TRACE t=280 v=13.16 ws=7.50,12.42,12.34,6.49 cmd=0.508,0.573,0.460,0.497 cap=2167,2247,912,967 des=2167,2247,798,846 app=2162,2247,798,846 abs=nil,nil,nil,nil ebrake=1.00 ibrake=1.00 hasABS=0 sy=10.47 split=1.000,0.875 ===
194.38384|I|libbeamng.print:18052| === LSTM_OBS t=280 7.50317,12.41890,12.34248,6.48887,-0.88107,10.46897,-9.58503,0.03744,0.00000,0.00000,0.00297,1.00000,0.00000,0.00570,-0.01704,4076.65187,0.25000 ===
194.43393|I|libbeamng.print:18052| === LSTM_TRACE t=290 v=12.61 ws=7.49,12.03,11.98,6.77 cmd=0.562,0.621,0.469,0.507 cap=1963,2105,905,973 des=1963,2105,792,851 app=1957,2105,792,851 abs=nil,nil,nil,nil ebrake=1.00 ibrake=1.00 hasABS=0 sy=10.59 split=1.000,0.875 ===
194.43397|I|libbeamng.print:18052| === LSTM_OBS t=290 7.49346,12.03469,11.97822,6.76898,-0.91367,10.59112,-9.57167,0.02800,0.00000,0.00000,0.00256,1.00000,0.00000,0.00561,-0.01758,4005.76303,0.25000 ===
194.48422|I|libbeamng.print:18052| === LSTM_TRACE t=300 v=12.06 ws=7.67,11.46,11.70,6.73 cmd=0.585,0.635,0.480,0.527 cap=2143,2242,924,1004 des=2143,2242,808,879 app=2137,2242,808,879 abs=nil,nil,nil,nil ebrake=1.00 ibrake=1.00 hasABS=0 sy=10.67 split=1.000,0.875 ===
194.48427|I|libbeamng.print:18052| === LSTM_OBS t=300 7.66875,11.46032,11.70313,6.73362,-0.90707,10.67439,-9.61585,0.02606,0.00000,0.00000,0.00278,1.00000,0.00000,0.00519,-0.01793,3924.78746,0.25000 ===
194.53434|I|libbeamng.print:18052| === LSTM_TRACE t=310 v=11.52 ws=7.81,10.86,10.95,6.73 cmd=0.654,0.683,0.496,0.551 cap=2355,2406,969,1055 des=2355,2406,848,923 app=2296,2406,848,923 abs=nil,nil,nil,nil ebrake=1.00 ibrake=1.00 hasABS=0 sy=10.76 split=1.000,0.875 ===
194.53439|I|libbeamng.print:18052| === LSTM_OBS t=310 7.81344,10.86018,10.94626,6.72713,-0.87806,10.75772,-9.59368,0.01760,0.00000,0.00000,0.00331,1.00000,0.00000,0.00472,-0.01830,3830.81029,0.25000 ===
194.58442|I|libbeamng.print:18052| === LSTM_TRACE t=320 v=10.96 ws=7.56,10.29,10.56,6.53 cmd=0.670,0.691,0.517,0.578 cap=2293,2340,1017,1118 des=2293,2340,890,978 app=2287,2340,890,978 abs=nil,nil,nil,nil ebrake=1.00 ibrake=1.00 hasABS=0 sy=10.84 split=1.000,0.875 ===
194.58447|I|libbeamng.print:18052| === LSTM_OBS t=320 7.55602,10.29155,10.56394,6.53110,-0.79038,10.83795,-9.60454,0.01224,0.00000,0.00000,0.00354,1.00000,0.00000,0.00426,-0.01853,3725.45511,0.25000 ===
194.63456|I|libbeamng.print:18052| === LSTM_TRACE t=330 v=10.41 ws=7.17,9.84,10.00,6.53 cmd=0.661,0.681,0.548,0.609 cap=2099,2153,1051,1167 des=2099,2153,919,1021 app=2095,2153,919,1021 abs=nil,nil,nil,nil ebrake=1.00 ibrake=1.00 hasABS=0 sy=10.90 split=1.000,0.875 ===
194.63461|I|libbeamng.print:18052| === LSTM_OBS t=330 7.16654,9.83784,10.00270,6.53011,-0.69421,10.90037,-9.60718,0.00789,0.00000,0.00000,0.00297,1.00000,0.00000,0.00366,-0.01854,3606.70056,0.25000 ===
194.68885|I|libbeamng.print:18052| === LSTM_TRACE t=340 v=9.85 ws=6.96,9.03,9.52,6.44 cmd=0.533,0.562,0.579,0.647 cap=2507,2448,1110,1239 des=2507,2448,971,1084 app=2501,2448,971,1084 abs=nil,nil,nil,nil ebrake=1.00 ibrake=1.00 hasABS=0 sy=10.95 split=1.000,0.875 ===
194.68890|I|libbeamng.print:18052| === LSTM_OBS t=340 6.96102,9.03331,9.51726,6.43577,-0.60437,10.94855,-9.58653,0.00713,0.00000,0.00000,0.00229,1.00000,0.00000,0.00334,-0.01850,3476.12414,0.25000 ===
194.73396|I|libbeamng.print:18052| === LSTM_TRACE t=350 v=9.30 ws=6.95,8.70,8.78,6.34 cmd=0.747,0.736,0.596,0.657 cap=1778,1837,1139,1276 des=1778,1837,996,1117 app=1774,1837,996,1117 abs=nil,nil,nil,nil ebrake=1.00 ibrake=1.00 hasABS=0 sy=10.95 split=1.000,0.875 ===
194.73402|I|libbeamng.print:18052| === LSTM_OBS t=350 6.95098,8.70035,8.77983,6.34243,-0.53261,10.94502,-9.57142,0.01324,0.00000,0.00000,0.00183,1.00000,0.00000,0.00308,-0.01813,3349.41133,0.25000 ===
194.78374|I|libbeamng.print:18052| === LSTM_TRACE t=360 v=8.76 ws=6.67,8.17,8.51,6.15 cmd=0.697,0.676,0.624,0.697 cap=2683,2590,1225,1342 des=2683,2590,1072,1174 app=2544,2565,1072,1174 abs=nil,nil,nil,nil ebrake=1.00 ibrake=1.00 hasABS=0 sy=10.98 split=1.000,0.875 ===
194.78379|I|libbeamng.print:18052| === LSTM_OBS t=360 6.66755,8.16648,8.50917,6.14739,-0.45196,10.97898,-9.57779,0.01243,0.00000,0.00000,0.00411,1.00000,0.00000,0.00293,-0.01779,3199.93782,0.25000 ===
194.83406|I|libbeamng.print:18052| === LSTM_TRACE t=370 v=8.17 ws=6.41,7.74,7.98,6.22 cmd=0.742,0.718,0.637,0.692 cap=1620,1637,1207,1343 des=1620,1637,1056,1175 app=1844,1754,1056,1175 abs=nil,nil,nil,nil ebrake=1.00 ibrake=1.00 hasABS=0 sy=11.04 split=1.000,0.875 ===
194.83417|I|libbeamng.print:18052| === LSTM_OBS t=370 6.41027,7.73531,7.98040,6.21792,-0.37664,11.04016,-9.55406,0.01083,0.00000,0.00000,0.00104,1.00000,0.00000,0.00282,-0.01742,3048.72872,0.25000 ===
194.88409|I|libbeamng.print:18052| === LSTM_TRACE t=380 v=7.64 ws=6.09,7.10,7.26,5.78 cmd=0.692,0.658,0.663,0.731 cap=2705,2586,1301,1413 des=2705,2586,1138,1236 app=2594,2538,1138,1236 abs=nil,nil,nil,nil ebrake=1.00 ibrake=1.00 hasABS=0 sy=11.12 split=1.000,0.875 ===
194.88413|I|libbeamng.print:18052| === LSTM_OBS t=380 6.09000,7.10118,7.26441,5.78492,-0.34693,11.11522,-9.56044,0.01221,0.00000,0.00000,0.00442,1.00000,0.00000,0.00280,-0.01706,2894.77397,0.25000 ===
194.93498|I|libbeamng.print:18052| === LSTM_TRACE t=390 v=7.03 ws=6.02,6.79,6.58,5.67 cmd=0.843,0.802,0.673,0.731 cap=1902,1848,1287,1414 des=1902,1848,1126,1237 app=1899,1848,1126,1237 abs=nil,nil,nil,nil ebrake=1.00 ibrake=1.00 hasABS=0 sy=11.18 split=1.000,0.875 ===
194.93502|I|libbeamng.print:18052| === LSTM_OBS t=390 6.02297,6.78993,6.58404,5.66738,-0.29337,11.18097,-9.56855,0.02327,0.00000,0.00000,0.00134,1.00000,0.00000,0.00283,-0.01684,2736.19747,0.25000 ===
194.98325|I|libbeamng.print:18052| === LSTM_TRACE t=400 v=6.49 ws=5.91,6.18,6.09,5.46 cmd=0.752,0.702,0.707,0.766 cap=2748,2595,1370,1486 des=2748,2595,1199,1300 app=2628,2474,1199,1300 abs=nil,nil,nil,nil ebrake=1.00 ibrake=1.00 hasABS=0 sy=11.26 split=1.000,0.875 ===
194.98330|I|libbeamng.print:18052| === LSTM_OBS t=400 5.90680,6.17880,6.08647,5.45793,-0.25164,11.26284,-9.58488,0.00556,0.00000,0.00000,0.00249,1.00000,0.00000,0.00277,-0.01633,2575.70261,0.25000 ===
195.03485|I|libbeamng.print:18052| === LSTM_TRACE t=410 v=5.91 ws=5.39,5.52,5.53,5.18 cmd=0.800,0.764,0.727,0.776 cap=1581,1582,1396,1491 des=1581,1582,1221,1305 app=1838,1768,1221,1305 abs=nil,nil,nil,nil ebrake=1.00 ibrake=1.00 hasABS=0 sy=11.32 split=1.000,0.875 ===
195.03491|I|libbeamng.print:18052| === LSTM_OBS t=410 5.39144,5.51714,5.52622,5.17857,-0.24134,11.31823,-9.62267,0.00162,0.00000,0.00000,0.00198,1.00000,0.00000,0.00263,-0.01593,2414.14982,0.25000 ===
195.08420|I|libbeamng.print:18052| === LSTM_TRACE t=420 v=5.34 ws=4.89,5.28,4.93,4.97 cmd=0.773,0.720,0.759,0.815 cap=2682,2533,1451,1554 des=2682,2533,1270,1360 app=2611,2533,1269,1360 abs=nil,nil,nil,nil ebrake=1.00 ibrake=1.00 hasABS=0 sy=11.37 split=1.000,0.875 ===
195.08425|I|libbeamng.print:18052| === LSTM_OBS t=420 4.88836,5.27570,4.92525,4.96959,-0.24149,11.37220,-9.68135,-0.00192,0.00000,0.00000,0.00338,1.00000,0.00000,0.00282,-0.01540,2245.71595,0.25000 ===
195.13414|I|libbeamng.print:18052| === LSTM_TRACE t=430 v=4.77 ws=4.31,4.30,4.36,4.29 cmd=0.537,0.516,0.761,0.817 cap=2554,2386,1494,1601 des=2554,2386,1307,1400 app=2549,2386,1306,1400 abs=nil,nil,nil,nil ebrake=1.00 ibrake=1.00 hasABS=0 sy=11.34 split=1.000,0.875 ===
195.13419|I|libbeamng.print:18052| === LSTM_OBS t=430 4.31093,4.30016,4.36110,4.28809,-0.23870,11.34210,-9.71171,0.00875,0.00000,0.00000,0.00134,1.00000,0.00000,0.00289,-0.01492,2062.90024,0.25000 ===
195.18376|I|libbeamng.print:18052| === LSTM_TRACE t=440 v=4.24 ws=3.23,3.76,4.02,3.77 cmd=0.589,0.579,0.736,0.780 cap=1313,1344,1441,1544 des=1313,1344,1261,1351 app=1776,1611,1260,1351 abs=nil,nil,nil,nil ebrake=1.00 ibrake=1.00 hasABS=0 sy=11.16 split=1.000,0.875 ===
195.18380|I|libbeamng.print:18052| === LSTM_OBS t=440 3.22784,3.76102,4.01776,3.77003,-0.16392,11.15579,-9.71682,0.00265,0.00000,0.00000,0.00162,1.00000,0.00000,0.00241,-0.01399,1858.56986,0.25000 ===
195.24015|I|libbeamng.print:18052| === LSTM_TRACE t=450 v=3.71 ws=3.85,3.98,3.63,3.55 cmd=0.887,0.850,0.703,0.749 cap=2351,2284,1383,1451 des=2351,2284,1210,1269 app=2129,2019,1209,1269 abs=nil,nil,nil,nil ebrake=1.00 ibrake=1.00 hasABS=0 sy=11.02 split=1.000,0.875 ===
195.24021|I|libbeamng.print:18052| === LSTM_OBS t=450 3.85041,3.98201,3.63352,3.54893,-0.14882,11.02153,-9.68710,0.00625,0.00000,0.00000,0.00162,1.00000,0.00000,0.00190,-0.01332,1653.10421,0.25000 ===
195.28840|I|libbeamng.print:18052| === LSTM_TRACE t=460 v=3.21 ws=2.69,2.74,3.09,2.89 cmd=0.473,0.488,0.659,0.704 cap=2207,2076,1275,1389 des=2207,2076,1116,1215 app=2202,2076,1115,1215 abs=nil,nil,nil,nil ebrake=1.00 ibrake=1.00 hasABS=0 sy=10.86 split=1.000,0.875 ===
195.28850|I|libbeamng.print:18052| === LSTM_OBS t=460 2.68932,2.74266,3.08771,2.89223,-0.10265,10.85918,-9.72176,0.00008,0.00000,0.00000,0.00378,1.00000,0.00000,0.00169,-0.01274,1453.44427,0.25000 ===
195.33839|I|libbeamng.print:18052| === LSTM_TRACE t=470 v=2.70 ws=1.94,1.98,2.55,2.32 cmd=0.447,0.503,0.671,0.689 cap=1288,1422,1273,1330 des=1288,1422,1114,1163 app=1833,1764,1113,1163 abs=nil,nil,nil,nil ebrake=1.00 ibrake=1.00 hasABS=0 sy=10.67 split=1.000,0.875 ===
195.33844|I|libbeamng.print:18052| === LSTM_OBS t=470 1.94095,1.98488,2.55095,2.31716,-0.07648,10.67196,-9.72251,0.00680,0.00000,0.00000,0.00000,1.00000,0.00000,0.00171,-0.01271,1260.39490,0.25000 ===
195.38830|I|libbeamng.print:18052| === LSTM_TRACE t=480 v=2.17 ws=1.32,1.54,2.10,2.02 cmd=0.805,0.808,0.718,0.722 cap=2679,2628,1369,1413 des=2679,2628,1198,1237 app=2672,2628,1196,1237 abs=nil,nil,nil,nil ebrake=1.00 ibrake=1.00 hasABS=0 sy=10.48 split=1.000,0.875 ===
195.38836|I|libbeamng.print:18052| === LSTM_OBS t=480 1.31793,1.54295,2.10418,2.01693,-0.06276,10.48438,-9.65424,0.00362,0.00000,0.00000,0.00091,1.00000,0.00000,0.00180,-0.01280,1068.53305,0.25000 ===
195.44301|I|libbeamng.print:18052| === LSTM_TRACE t=490 v=1.63 ws=0.01,0.19,0.67,0.99 cmd=0.989,0.984,0.832,0.818 cap=3063,3043,1613,1580 des=3063,3043,1411,1382 app=3053,3043,1409,1382 abs=nil,nil,nil,nil ebrake=1.00 ibrake=1.00 hasABS=0 sy=10.58 split=1.000,0.875 ===
195.44310|I|libbeamng.print:18052| === LSTM_OBS t=490 0.01444,0.18695,0.67217,0.98900,-0.05532,10.57954,-9.61534,0.00285,0.00000,0.00000,0.00169,1.00000,0.00000,0.00204,-0.01324,879.46886,0.25000 ===
195.49151|I|libbeamng.print:18052| === LSTM_TRACE t=500 v=1.09 ws=0.02,0.07,0.02,0.41 cmd=0.997,0.995,0.869,0.869 cap=3089,3082,1686,1686 des=3089,3082,1475,1475 app=3078,3082,1472,1475 abs=nil,nil,nil,nil ebrake=1.00 ibrake=1.00 hasABS=0 sy=10.67 split=1.000,0.875 ===
195.49156|I|libbeamng.print:18052| === LSTM_OBS t=500 0.02352,0.06715,0.01994,0.40607,-0.02274,10.66891,-9.52521,0.00363,0.00000,0.00000,0.00198,1.00000,0.00000,0.00215,-0.01337,747.11895,0.25000 ===
195.54324|I|libbeamng.print:18052| === LSTM_TRACE t=510 v=0.50 ws=0.01,0.03,0.04,0.40 cmd=0.998,0.996,0.874,0.875 cap=3093,3087,1697,1700 des=3093,3087,1484,1488 app=3082,3087,1481,1488 abs=nil,nil,nil,nil ebrake=1.00 ibrake=1.00 hasABS=0 sy=10.90 split=1.000,0.875 ===
195.54328|I|libbeamng.print:18052| === LSTM_OBS t=510 0.00947,0.03094,0.03866,0.39833,-0.05000,10.90411,-9.55564,-0.00577,0.00000,0.00000,0.00146,1.00000,0.00000,0.00179,-0.01329,729.00410,0.25000 ===
225.48359|I|libbeamng.print:18052| === LSTM_TRACE t=0 v=27.71 ws=27.65,27.74,27.35,27.40 cmd=0.916,0.884,0.487,0.475 cap=155,155,97,97 des=155,155,85,85 app=153,154,84,85 abs=nil,nil,nil,nil ebrake=1.00 ibrake=1.00 hasABS=0 sy=1.58 split=1.000,0.875 ===
225.48364|I|libbeamng.print:18052| === LSTM_OBS t=0 27.65494,27.73843,27.34818,27.40140,-0.01291,1.58107,-9.75719,-0.00015,0.00000,0.00000,0.00069,1.00000,0.00000,0.00084,-0.00911,7858.55467,0.25000 ===
225.53102|I|libbeamng.print:18052| === LSTM_TRACE t=10 v=27.48 ws=27.28,27.23,26.84,26.97 cmd=0.269,0.307,0.414,0.399 cap=747,872,785,746 des=747,872,687,653 app=738,869,681,650 abs=nil,nil,nil,nil ebrake=1.00 ibrake=1.00 hasABS=0 sy=2.04 split=1.000,0.875 ===
225.53107|I|libbeamng.print:18052| === LSTM_OBS t=10 27.27890,27.23115,26.83962,26.97496,0.00121,2.03872,-9.76632,-0.01169,0.00000,0.00000,0.00329,1.00000,0.00000,0.00085,-0.00990,7780.63945,0.25000 ===
225.55181|I|libbeamng.print:18052| === LSTM_ABS DBG raw=26.7188,26.8012,26.6725,26.7540,0.0007,2.3846,-9.7314,0.0009,0.0000,0.0000,0.0017,1.0000,0.0000,0.0010,-0.0104,7719.6262,0.2500 ===
225.55184|I|libbeamng.print:18052| === LSTM_ABS DBG norm=0.58,0.52,0.53,0.51,-0.15,-2.16,0.00,0.03,0.06,-0.06,-0.05,0.59,-0.02,0.00,0.00,3.83,0.00 ===
225.55185|I|libbeamng.print:18052| === LSTM_ABS DBG cmd=0.3449,0.3730,0.4575,0.4584 ===
225.58167|I|libbeamng.print:18052| === LSTM_TRACE t=20 v=27.16 ws=26.03,26.18,26.31,26.41 cmd=0.534,0.535,0.557,0.562 cap=1525,1544,1041,1051 des=1525,1544,911,919 app=1509,1540,905,917 abs=nil,nil,nil,nil ebrake=1.00 ibrake=1.00 hasABS=0 sy=2.97 split=1.000,0.875 ===
225.58171|I|libbeamng.print:18052| === LSTM_OBS t=20 26.03496,26.18321,26.31210,26.41031,-0.02947,2.96911,-9.60692,-0.00310,0.00000,0.00000,0.00124,1.00000,0.00000,0.00095,-0.01122,7620.66046,0.25000 ===
225.63476|I|libbeamng.print:18052| === LSTM_TRACE t=30 v=26.66 ws=24.34,24.69,25.49,25.60 cmd=0.766,0.739,0.752,0.748 cap=2316,2235,1438,1433 des=2316,2235,1258,1254 app=2299,2232,1253,1252 abs=nil,nil,nil,nil ebrake=1.00 ibrake=1.00 hasABS=0 sy=4.46 split=1.000,0.875 ===
225.63480|I|libbeamng.print:18052| === LSTM_OBS t=30 24.34275,24.68990,25.49457,25.59633,-0.01441,4.45991,-9.54441,-0.02084,0.00000,0.00000,0.00189,1.00000,0.00000,0.00098,-0.01320,7427.51444,0.25000 ===
225.68506|I|libbeamng.print:18052| === LSTM_TRACE t=40 v=26.09 ws=22.66,23.70,24.41,24.69 cmd=0.811,0.789,0.797,0.789 cap=2524,2449,1546,1531 des=2524,2449,1353,1340 app=2512,2449,1350,1340 abs=nil,nil,nil,nil ebrake=1.00 ibrake=1.00 hasABS=0 sy=6.30 split=1.000,0.875 ===
225.68511|I|libbeamng.print:18052| === LSTM_OBS t=40 22.65551,23.70010,24.40596,24.68900,-0.00838,6.30386,-9.45357,0.00512,0.00000,0.00000,0.00244,1.00000,0.00000,0.00115,-0.01581,7172.29436,0.25000 ===
225.73406|I|libbeamng.print:18052| === LSTM_TRACE t=50 v=25.51 ws=20.25,22.96,23.34,23.97 cmd=0.798,0.780,0.779,0.776 cap=2583,2520,1519,1510 des=2583,2520,1329,1321 app=2576,2520,1328,1321 abs=nil,nil,nil,nil ebrake=1.00 ibrake=1.00 hasABS=0 sy=7.84 split=1.000,0.875 ===
225.73410|I|libbeamng.print:18052| === LSTM_OBS t=50 20.25067,22.95703,23.34017,23.97343,-0.01363,7.83709,-9.49837,-0.00005,0.00000,0.00000,0.00221,1.00000,0.00000,0.00150,-0.01774,6896.01807,0.25000 ===
225.78558|I|libbeamng.print:18052| === LSTM_TRACE t=60 v=24.92 ws=17.11,22.89,22.25,23.31 cmd=0.830,0.816,0.753,0.759 cap=2364,2343,1477,1486 des=2364,2343,1292,1300 app=2360,2343,1292,1300 abs=nil,nil,nil,nil ebrake=1.00 ibrake=1.00 hasABS=0 sy=8.95 split=1.000,0.875 ===
225.78562|I|libbeamng.print:18052| === LSTM_OBS t=60 17.11454,22.89344,22.24859,23.31370,0.00019,8.94560,-9.56765,-0.02496,0.00000,0.00000,0.00261,1.00000,0.00000,0.00163,-0.01869,6641.89767,0.25000 ===
225.83540|I|libbeamng.print:18052| === LSTM_TRACE t=70 v=24.35 ws=13.82,23.01,21.60,22.61 cmd=0.725,0.734,0.769,0.780 cap=2295,2300,1478,1506 des=2295,2300,1293,1317 app=2293,2300,1293,1317 abs=nil,nil,nil,nil ebrake=1.00 ibrake=1.00 hasABS=0 sy=9.71 split=1.000,0.875 ===
225.83544|I|libbeamng.print:18052| === LSTM_OBS t=70 13.81976,23.01387,21.59942,22.61072,0.05201,9.71098,-9.66378,-0.04877,0.00000,0.00000,0.00216,1.00000,0.00000,0.00112,-0.01873,6414.73501,0.25000 ===
225.88576|I|libbeamng.print:18052| === LSTM_TRACE t=80 v=23.79 ws=10.97,22.41,21.12,21.37 cmd=0.641,0.682,0.789,0.801 cap=2007,2122,1512,1541 des=2007,2122,1323,1348 app=2006,2122,1323,1348 abs=nil,nil,nil,nil ebrake=1.00 ibrake=1.00 hasABS=0 sy=10.15 split=1.000,0.875 ===
225.88580|I|libbeamng.print:18052| === LSTM_OBS t=80 10.97224,22.41294,21.11543,21.36524,0.13021,10.15472,-9.72806,-0.04423,0.00000,0.00000,0.00285,1.00000,0.00000,0.00000,-0.01809,6192.77739,0.25000 ===
225.93566|I|libbeamng.print:18052| === LSTM_TRACE t=90 v=23.25 ws=9.40,22.10,21.00,19.98 cmd=0.651,0.695,0.808,0.812 cap=1729,1897,1532,1553 des=1729,1897,1340,1359 app=1728,1897,1340,1359 abs=nil,nil,nil,nil ebrake=1.00 ibrake=1.00 hasABS=0 sy=10.40 split=1.000,0.875 ===
225.93570|I|libbeamng.print:18052| === LSTM_OBS t=90 9.40005,22.09686,21.00496,19.97510,0.22059,10.39884,-9.72167,-0.04107,0.00000,0.00000,0.00265,1.00000,0.00000,-0.00112,-0.01690,5968.79200,0.25000 ===
225.98785|I|libbeamng.print:18052| === LSTM_TRACE t=100 v=22.71 ws=8.23,21.46,21.02,18.48 cmd=0.588,0.641,0.810,0.811 cap=1830,1989,1560,1565 des=1830,1989,1365,1370 app=1829,1989,1365,1370 abs=nil,nil,nil,nil ebrake=1.00 ibrake=1.00 hasABS=0 sy=10.53 split=1.000,0.875 ===
225.98887|I|libbeamng.print:18052| === LSTM_OBS t=100 8.22914,21.46297,21.01719,18.48253,0.31385,10.53059,-9.68081,-0.02765,0.00000,0.00000,0.00244,1.00000,0.00000,-0.00200,-0.01557,5745.66462,0.25000 ===
226.03295|I|libbeamng.print:18052| === LSTM_TRACE t=110 v=22.17 ws=7.61,21.17,20.92,16.83 cmd=0.676,0.715,0.821,0.813 cap=1666,1859,1574,1567 des=1666,1859,1378,1371 app=1666,1859,1378,1371 abs=nil,nil,nil,nil ebrake=1.00 ibrake=1.00 hasABS=0 sy=10.60 split=1.000,0.875 ===
226.03305|I|libbeamng.print:18052| === LSTM_OBS t=110 7.60509,21.17459,20.91573,16.83448,0.42338,10.59996,-9.63622,-0.02359,0.00000,0.00000,0.00283,1.00000,0.00000,-0.00268,-0.01439,5544.29090,0.25000 ===
226.08270|I|libbeamng.print:18052| === LSTM_TRACE t=120 v=21.64 ws=6.77,20.51,20.65,15.72 cmd=0.520,0.585,0.820,0.807 cap=1940,2072,1602,1574 des=1940,2072,1402,1377 app=1939,2072,1402,1377 abs=nil,nil,nil,nil ebrake=1.00 ibrake=1.00 hasABS=0 sy=10.63 split=1.000,0.875 ===
226.08275|I|libbeamng.print:18052| === LSTM_OBS t=120 6.76627,20.50941,20.64978,15.71848,0.56083,10.62527,-9.63351,0.00172,0.00000,0.00000,0.00280,1.00000,0.00000,-0.00340,-0.01346,5313.50549,0.25000 ===
226.13405|I|libbeamng.print:18052| === LSTM_TRACE t=130 v=21.11 ws=6.49,20.00,20.17,14.21 cmd=0.596,0.644,0.817,0.798 cap=1864,2011,1591,1556 des=1864,2011,1392,1361 app=1863,2011,1392,1361 abs=nil,nil,nil,nil ebrake=1.00 ibrake=1.00 hasABS=0 sy=10.62 split=1.000,0.875 ===
226.13409|I|libbeamng.print:18052| === LSTM_OBS t=130 6.49064,20.00163,20.16519,14.20711,0.63518,10.62233,-9.68030,0.02060,0.00000,0.00000,0.00189,1.00000,0.00000,-0.00376,-0.01268,5073.75475,0.25000 ===
226.18228|I|libbeamng.print:18052| === LSTM_TRACE t=140 v=20.58 ws=5.77,19.58,19.57,13.43 cmd=0.579,0.625,0.802,0.784 cap=2198,2289,1582,1535 des=2198,2289,1384,1343 app=2088,2278,1384,1343 abs=nil,nil,nil,nil ebrake=1.00 ibrake=1.00 hasABS=0 sy=10.61 split=1.000,0.875 ===
226.18235|I|libbeamng.print:18052| === LSTM_OBS t=140 5.76644,19.57550,19.57253,13.43230,0.65675,10.61345,-9.71862,0.03549,0.00000,0.00000,0.00398,1.00000,0.00000,-0.00321,-0.01196,4833.78793,0.25000 ===
226.23264|I|libbeamng.print:18052| === LSTM_TRACE t=150 v=20.05 ws=5.25,19.03,19.11,12.36 cmd=0.626,0.675,0.771,0.753 cap=1774,1965,1541,1501 des=1774,1965,1348,1313 app=1773,1965,1348,1313 abs=nil,nil,nil,nil ebrake=1.00 ibrake=1.00 hasABS=0 sy=10.61 split=1.000,0.875 ===
226.23268|I|libbeamng.print:18052| === LSTM_OBS t=150 5.25136,19.02841,19.10654,12.35591,0.58323,10.60627,-9.73279,0.03521,0.00000,0.00000,0.00345,1.00000,0.00000,-0.00200,-0.01138,4607.72336,0.25000 ===
226.28238|I|libbeamng.print:18052| === LSTM_TRACE t=160 v=19.52 ws=4.04,18.45,17.84,10.13 cmd=0.526,0.588,0.732,0.723 cap=2094,2191,1414,1388 des=2094,2191,1237,1215 app=2092,2191,1237,1215 abs=nil,nil,nil,nil ebrake=1.00 ibrake=1.00 hasABS=0 sy=10.63 split=1.000,0.875 ===
226.28242|I|libbeamng.print:18052| === LSTM_OBS t=160 4.03995,18.44519,17.84275,10.13472,0.46176,10.62813,-9.79733,0.04859,0.00000,0.00000,0.00512,1.00000,0.00000,-0.00032,-0.01087,4428.69475,0.25000 ===
226.33178|I|libbeamng.print:18052| === LSTM_TRACE t=170 v=18.99 ws=3.72,18.34,16.85,8.59 cmd=0.755,0.769,0.664,0.653 cap=2329,2427,1305,1280 des=2329,2427,1142,1120 app=1815,2063,1142,1120 abs=nil,nil,nil,nil ebrake=1.00 ibrake=1.00 hasABS=0 sy=10.66 split=1.000,0.875 ===
226.33182|I|libbeamng.print:18052| === LSTM_OBS t=170 3.71548,18.34211,16.84632,8.59025,0.32028,10.65529,-9.82120,0.04059,0.00000,0.00000,0.00000,1.00000,0.00000,0.00183,-0.01056,4291.00549,0.25000 ===
226.38224|I|libbeamng.print:18052| === LSTM_TRACE t=180 v=18.48 ws=2.57,17.35,15.45,7.40 cmd=0.472,0.552,0.649,0.654 cap=1659,1827,1309,1307 des=1659,1827,1146,1143 app=1681,2003,1146,1143 abs=nil,nil,nil,nil ebrake=1.00 ibrake=1.00 hasABS=0 sy=10.56 split=1.000,0.875 ===
226.38228|I|libbeamng.print:18052| === LSTM_OBS t=180 2.56654,17.35063,15.45272,7.40266,0.19043,10.56154,-9.82089,0.02930,0.00000,0.00000,0.00420,1.00000,0.00000,0.00370,-0.01004,4170.36477,0.25000 ===
226.43188|I|libbeamng.print:18052| === LSTM_TRACE t=190 v=17.96 ws=2.06,17.35,14.59,6.08 cmd=0.762,0.773,0.653,0.654 cap=2063,2186,1321,1311 des=2063,2186,1156,1148 app=1797,1993,1156,1148 abs=nil,nil,nil,nil ebrake=1.00 ibrake=1.00 hasABS=0 sy=10.46 split=1.000,0.875 ===
226.43193|I|libbeamng.print:18052| === LSTM_OBS t=190 2.06278,17.35051,14.59461,6.07729,0.09395,10.45955,-9.70151,0.03522,0.00000,0.00000,0.00069,1.00000,0.00000,0.00434,-0.01004,4053.83752,0.25000 ===
226.48211|I|libbeamng.print:18052| === LSTM_TRACE t=200 v=17.46 ws=0.48,16.77,14.02,5.15 cmd=0.575,0.621,0.643,0.660 cap=1606,1836,1311,1321 des=1606,1836,1147,1156 app=1603,1836,1147,1156 abs=nil,nil,nil,nil ebrake=1.00 ibrake=1.00 hasABS=0 sy=10.36 split=1.000,0.875 ===
226.48215|I|libbeamng.print:18052| === LSTM_OBS t=200 0.48332,16.76503,14.02371,5.14597,-0.01860,10.35583,-9.65696,0.04419,0.00000,0.00000,0.00435,1.00000,0.00000,0.00465,-0.01014,3930.27165,0.25000 ===
226.53142|I|libbeamng.print:18052| === LSTM_TRACE t=210 v=16.95 ws=0.55,16.59,13.35,3.82 cmd=0.721,0.741,0.644,0.664 cap=2023,2159,1291,1327 des=2023,2159,1129,1161 app=1707,1942,1129,1161 abs=nil,nil,nil,nil ebrake=1.00 ibrake=1.00 hasABS=0 sy=10.31 split=1.000,0.875 ===
226.53147|I|libbeamng.print:18052| === LSTM_OBS t=210 0.55400,16.58796,13.35112,3.81858,-0.19023,10.30531,-9.66874,0.03589,0.00000,0.00000,0.00326,1.00000,0.00000,0.00494,-0.01066,3797.48383,0.25000 ===
226.58125|I|libbeamng.print:18052| === LSTM_TRACE t=220 v=16.48 ws=0.20,15.83,12.56,3.61 cmd=0.463,0.554,0.634,0.652 cap=1538,1792,1269,1293 des=1538,1792,1110,1131 app=1534,1792,1110,1131 abs=nil,nil,nil,nil ebrake=1.00 ibrake=1.00 hasABS=0 sy=10.16 split=1.000,0.875 ===
226.58129|I|libbeamng.print:18052| === LSTM_OBS t=220 0.19666,15.83495,12.55959,3.61468,-0.30315,10.15914,-9.67868,0.04368,0.00000,0.00000,0.00329,1.00000,0.00000,0.00507,-0.01096,3646.92185,0.25000 ===
226.62856|I|libbeamng.print:18052| === LSTM_TRACE t=230 v=15.97 ws=0.56,15.66,12.87,3.19 cmd=0.547,0.614,0.579,0.592 cap=1650,1903,1140,1160 des=1650,1903,997,1015 app=1510,1801,997,1015 abs=nil,nil,nil,nil ebrake=1.00 ibrake=1.00 hasABS=0 sy=10.08 split=1.000,0.875 ===
226.62861|I|libbeamng.print:18052| === LSTM_OBS t=230 0.56214,15.65720,12.86765,3.19149,-0.34895,10.07957,-9.61575,0.04334,0.00000,0.00000,0.00000,1.00000,0.00000,0.00465,-0.01143,3519.67232,0.25000 ===
226.67866|I|libbeamng.print:18052| === LSTM_TRACE t=240 v=15.48 ws=1.18,14.97,13.20,2.41 cmd=0.506,0.590,0.525,0.538 cap=1117,1436,1065,1102 des=1117,1436,932,965 app=1303,1536,932,965 abs=nil,nil,nil,nil ebrake=1.00 ibrake=1.00 hasABS=0 sy=10.06 split=1.000,0.875 ===
226.67875|I|libbeamng.print:18052| === LSTM_OBS t=240 1.17564,14.96522,13.20097,2.41147,-0.54988,10.05680,-9.82876,0.04944,0.00000,0.00000,0.00216,1.00000,0.00000,0.00529,-0.01109,3396.00700,0.25000 ===
226.72944|I|libbeamng.print:18052| === LSTM_TRACE t=250 v=15.00 ws=1.43,14.62,13.05,2.19 cmd=0.518,0.603,0.553,0.559 cap=1293,1589,1026,1038 des=1293,1589,897,908 app=1289,1589,897,908 abs=nil,nil,nil,nil ebrake=1.00 ibrake=1.00 hasABS=0 sy=10.01 split=1.000,0.875 ===
226.72949|I|libbeamng.print:18052| === LSTM_OBS t=250 1.43088,14.61592,13.04664,2.19464,-0.62535,10.01017,-9.80039,0.06994,0.00000,0.00000,0.00329,1.00000,0.00000,0.00578,-0.01159,3292.95775,0.25000 ===
226.77980|I|libbeamng.print:18052| === LSTM_TRACE t=260 v=14.47 ws=1.85,14.06,12.83,1.73 cmd=0.478,0.569,0.513,0.527 cap=1446,1711,974,1011 des=1446,1711,852,885 app=1441,1711,852,885 abs=nil,nil,nil,nil ebrake=1.00 ibrake=1.00 hasABS=0 sy=10.02 split=1.000,0.875 ===
226.77985|I|libbeamng.print:18052| === LSTM_OBS t=260 1.84796,14.06188,12.83260,1.73142,-0.66246,10.01724,-9.75620,0.07585,0.00000,0.00000,0.00142,1.00000,0.00000,0.00599,-0.01220,3200.45474,0.25000 ===
226.82914|I|libbeamng.print:18052| === LSTM_TRACE t=270 v=13.97 ws=2.47,13.50,12.47,1.98 cmd=0.597,0.656,0.482,0.514 cap=1745,1984,957,1019 des=1745,1984,838,892 app=1733,1984,838,892 abs=nil,nil,nil,nil ebrake=1.00 ibrake=1.00 hasABS=0 sy=10.06 split=1.000,0.875 ===
226.82921|I|libbeamng.print:18052| === LSTM_OBS t=270 2.46848,13.49906,12.46833,1.98435,-0.70504,10.05636,-9.76916,0.06823,0.00000,0.00000,0.00322,1.00000,0.00000,0.00640,-0.01263,3110.73729,0.25000 ===
226.88122|I|libbeamng.print:18052| === LSTM_TRACE t=280 v=13.45 ws=2.73,13.16,12.01,2.06 cmd=0.554,0.630,0.480,0.507 cap=1630,1891,947,1000 des=1630,1891,828,875 app=1623,1891,828,875 abs=nil,nil,nil,nil ebrake=1.00 ibrake=1.00 hasABS=0 sy=10.10 split=1.000,0.875 ===
226.88128|I|libbeamng.print:18052| === LSTM_OBS t=280 2.72702,13.15973,12.00902,2.05501,-0.75926,10.09813,-9.68621,0.05354,0.00000,0.00000,0.00049,1.00000,0.00000,0.00647,-0.01327,3025.45414,0.25000 ===
226.92897|I|libbeamng.print:18052| === LSTM_TRACE t=290 v=12.95 ws=2.90,12.49,11.54,1.94 cmd=0.509,0.589,0.492,0.522 cap=1828,2028,956,1013 des=1828,2028,836,886 app=1821,2028,836,886 abs=nil,nil,nil,nil ebrake=1.00 ibrake=1.00 hasABS=0 sy=10.11 split=1.000,0.875 ===
226.92902|I|libbeamng.print:18052| === LSTM_OBS t=290 2.89993,12.49165,11.53812,1.94316,-0.83352,10.11098,-9.70914,0.05909,0.00000,0.00000,0.00293,1.00000,0.00000,0.00663,-0.01392,2936.53872,0.25000 ===
226.97860|I|libbeamng.print:18052| === LSTM_TRACE t=300 v=12.43 ws=3.27,12.14,11.55,1.59 cmd=0.612,0.681,0.494,0.521 cap=1720,1991,977,1021 des=1720,1991,855,893 app=1713,1991,855,893 abs=nil,nil,nil,nil ebrake=1.00 ibrake=1.00 hasABS=0 sy=10.18 split=1.000,0.875 ===
226.97865|I|libbeamng.print:18052| === LSTM_OBS t=300 3.26537,12.13916,11.54880,1.58744,-0.84634,10.17761,-9.62676,0.04952,0.00000,0.00000,0.00049,1.00000,0.00000,0.00628,-0.01475,2852.58752,0.25000 ===
227.02862|I|libbeamng.print:18052| === LSTM_TRACE t=310 v=11.92 ws=3.56,11.24,10.99,2.03 cmd=0.589,0.658,0.514,0.554 cap=1999,2174,1002,1072 des=1999,2174,877,938 app=1991,2174,877,938 abs=nil,nil,nil,nil ebrake=1.00 ibrake=1.00 hasABS=0 sy=10.21 split=1.000,0.875 ===
227.02870|I|libbeamng.print:18052| === LSTM_OBS t=310 3.56082,11.23942,10.99254,2.03274,-0.91938,10.21241,-9.70071,0.04503,0.00000,0.00000,0.00278,1.00000,0.00000,0.00661,-0.01491,2758.02535,0.25000 ===
227.07965|I|libbeamng.print:18052| === LSTM_TRACE t=320 v=11.38 ws=3.28,10.92,9.92,1.97 cmd=0.647,0.707,0.506,0.546 cap=1583,1869,991,1074 des=1583,1869,867,940 app=1577,1869,867,940 abs=nil,nil,nil,nil ebrake=1.00 ibrake=1.00 hasABS=0 sy=10.25 split=1.000,0.875 ===
227.07969|I|libbeamng.print:18052| === LSTM_OBS t=320 3.27519,10.91945,9.92484,1.96812,-0.89917,10.24657,-9.64570,0.03589,0.00000,0.00000,0.00221,1.00000,0.00000,0.00654,-0.01519,2661.97655,0.25000 ===
227.12839|I|libbeamng.print:18052| === LSTM_TRACE t=330 v=10.88 ws=2.87,10.26,10.23,1.98 cmd=0.445,0.557,0.536,0.569 cap=1595,1849,1043,1123 des=1595,1849,913,982 app=1714,1862,913,982 abs=nil,nil,nil,nil ebrake=1.00 ibrake=1.00 hasABS=0 sy=10.28 split=1.000,0.875 ===
227.12843|I|libbeamng.print:18052| === LSTM_OBS t=330 2.86737,10.25668,10.22717,1.98080,-0.88833,10.27581,-9.64013,0.03754,0.00000,0.00000,0.00183,1.00000,0.00000,0.00637,-0.01556,2558.17689,0.25000 ===
227.17848|I|libbeamng.print:18052| === LSTM_TRACE t=340 v=10.33 ws=3.79,9.76,9.41,1.57 cmd=0.739,0.779,0.539,0.577 cap=1847,2101,1055,1120 des=1847,2101,923,980 app=1840,2101,923,980 abs=nil,nil,nil,nil ebrake=1.00 ibrake=1.00 hasABS=0 sy=10.36 split=1.000,0.875 ===
227.17853|I|libbeamng.print:18052| === LSTM_OBS t=340 3.78763,9.76071,9.40563,1.56921,-0.79290,10.35614,-9.57764,0.02862,0.00000,0.00000,0.00154,1.00000,0.00000,0.00571,-0.01583,2456.12455,0.25000 ===
227.22788|I|libbeamng.print:18052| === LSTM_TRACE t=350 v=9.80 ws=3.09,9.08,8.92,1.58 cmd=0.638,0.699,0.564,0.618 cap=1841,2058,1108,1216 des=1841,2058,970,1064 app=1833,2058,970,1064 abs=nil,nil,nil,nil ebrake=1.00 ibrake=1.00 hasABS=0 sy=10.47 split=1.000,0.875 ===
227.22792|I|libbeamng.print:18052| === LSTM_OBS t=350 3.09242,9.07814,8.91716,1.57625,-0.84466,10.46914,-9.65399,0.00686,0.00000,0.00000,0.00518,1.00000,0.00000,0.00594,-0.01590,2345.18960,0.25000 ===
227.27885|I|libbeamng.print:18052| === LSTM_TRACE t=360 v=9.27 ws=2.74,8.52,8.68,1.97 cmd=0.576,0.646,0.578,0.613 cap=2267,2371,1091,1175 des=2267,2371,955,1029 app=2258,2371,955,1029 abs=nil,nil,nil,nil ebrake=1.00 ibrake=1.00 hasABS=0 sy=10.52 split=1.000,0.875 ===
227.27891|I|libbeamng.print:18052| === LSTM_OBS t=360 2.74425,8.51531,8.67567,1.97479,-0.76145,10.52203,-9.69870,0.03258,0.00000,0.00000,0.00342,1.00000,0.00000,0.00584,-0.01605,2216.74080,0.25000 ===
227.32794|I|libbeamng.print:18052| === LSTM_TRACE t=370 v=8.72 ws=2.32,8.36,7.79,1.50 cmd=0.557,0.649,0.585,0.616 cap=1761,2000,1150,1209 des=1761,2000,1007,1058 app=1754,2000,1007,1058 abs=nil,nil,nil,nil ebrake=1.00 ibrake=1.00 hasABS=0 sy=10.62 split=1.000,0.875 ===
227.32798|I|libbeamng.print:18052| === LSTM_OBS t=370 2.32101,8.35868,7.78655,1.49939,-0.61166,10.62087,-9.58420,0.01263,0.00000,0.00000,0.00154,1.00000,0.00000,0.00533,-0.01615,2097.99724,0.25000 ===
227.37441|I|libbeamng.print:18052| === LSTM_TRACE t=380 v=8.17 ws=2.40,7.86,6.78,1.23 cmd=0.717,0.757,0.600,0.636 cap=1764,1986,1143,1214 des=1764,1986,1000,1062 app=1756,1986,1000,1062 abs=nil,nil,nil,nil ebrake=1.00 ibrake=1.00 hasABS=0 sy=10.70 split=1.000,0.875 ===
227.37446|I|libbeamng.print:18052| === LSTM_OBS t=380 2.39935,7.86043,6.78200,1.23014,-0.59560,10.70409,-9.54908,0.00046,0.00000,0.00000,0.00301,1.00000,0.00000,0.00525,-0.01594,1988.57395,0.25000 ===
227.42428|I|libbeamng.print:18052| === LSTM_TRACE t=390 v=7.64 ws=2.27,7.10,7.10,1.43 cmd=0.676,0.719,0.606,0.629 cap=1836,2013,1190,1247 des=1836,2013,1042,1091 app=1829,2013,1042,1091 abs=nil,nil,nil,nil ebrake=1.00 ibrake=1.00 hasABS=0 sy=10.77 split=1.000,0.875 ===
227.42432|I|libbeamng.print:18052| === LSTM_OBS t=390 2.26504,7.09528,7.10459,1.42789,-0.55834,10.76797,-9.57710,0.00825,0.00000,0.00000,0.00318,1.00000,0.00000,0.00501,-0.01588,1863.18156,0.25000 ===
227.47483|I|libbeamng.print:18052| === LSTM_TRACE t=400 v=7.07 ws=1.74,6.76,6.70,2.02 cmd=0.528,0.624,0.621,0.632 cap=1193,1501,1203,1233 des=1193,1501,1053,1079 app=1676,1700,1053,1079 abs=nil,nil,nil,nil ebrake=1.00 ibrake=1.00 hasABS=0 sy=10.87 split=1.000,0.875 ===
227.47508|I|libbeamng.print:18052| === LSTM_OBS t=400 1.73877,6.76303,6.70074,2.01800,-0.48675,10.86725,-9.60927,0.01269,0.00000,0.00000,0.00000,1.00000,0.00000,0.00469,-0.01594,1738.78873,0.25000 ===
227.52453|I|libbeamng.print:18052| === LSTM_TRACE t=410 v=6.50 ws=2.47,6.11,5.56,2.11 cmd=0.665,0.704,0.624,0.657 cap=2017,2156,1192,1238 des=2017,2156,1043,1083 app=2009,2156,1043,1083 abs=nil,nil,nil,nil ebrake=1.00 ibrake=1.00 hasABS=0 sy=10.96 split=1.000,0.875 ===
227.52458|I|libbeamng.print:18052| === LSTM_OBS t=410 2.46770,6.11128,5.55859,2.10823,-0.37248,10.96219,-9.61395,0.00847,0.00000,0.00000,0.00285,1.00000,0.00000,0.00411,-0.01599,1605.83629,0.25000 ===
227.57436|I|libbeamng.print:18052| === LSTM_TRACE t=420 v=5.92 ws=2.19,5.42,4.89,1.18 cmd=0.652,0.681,0.632,0.667 cap=2127,2174,1212,1285 des=2127,2174,1060,1124 app=2144,2174,1060,1124 abs=nil,nil,nil,nil ebrake=1.00 ibrake=1.00 hasABS=0 sy=11.13 split=1.000,0.875 ===
227.57440|I|libbeamng.print:18052| === LSTM_OBS t=420 2.18574,5.41867,4.89464,1.17964,-0.27942,11.12579,-9.60283,-0.00297,0.00000,0.00000,0.00481,1.00000,0.00000,0.00394,-0.01601,1486.95505,0.25000 ===
227.62414|I|libbeamng.print:18052| === LSTM_TRACE t=430 v=5.36 ws=1.83,4.83,4.60,1.41 cmd=0.676,0.685,0.631,0.663 cap=2450,2429,1213,1284 des=2450,2429,1061,1124 app=2440,2429,1061,1124 abs=nil,nil,nil,nil ebrake=1.00 ibrake=1.00 hasABS=0 sy=11.22 split=1.000,0.875 ===
227.62418|I|libbeamng.print:18052| === LSTM_OBS t=430 1.83178,4.83418,4.59520,1.41151,-0.26671,11.21908,-9.64149,-0.00458,0.00000,0.00000,0.00601,1.00000,0.00000,0.00404,-0.01597,1350.44453,0.25000 ===
227.67479|I|libbeamng.print:18052| === LSTM_TRACE t=440 v=4.77 ws=1.61,4.57,4.20,0.99 cmd=0.822,0.817,0.657,0.679 cap=2414,2432,1281,1319 des=2414,2432,1121,1154 app=2404,2432,1121,1154 abs=nil,nil,nil,nil ebrake=1.00 ibrake=1.00 hasABS=0 sy=11.30 split=1.000,0.875 ===
227.67485|I|libbeamng.print:18052| === LSTM_OBS t=440 1.60831,4.56842,4.19543,0.98857,-0.22258,11.29669,-9.67706,0.00040,0.00000,0.00000,0.00364,1.00000,0.00000,0.00316,-0.01609,1223.73459,0.25000 ===
227.72383|I|libbeamng.print:18052| === LSTM_TRACE t=450 v=4.22 ws=0.05,3.29,3.95,0.20 cmd=0.799,0.803,0.665,0.703 cap=2286,2343,1316,1394 des=2286,2343,1152,1220 app=2276,2343,1152,1220 abs=nil,nil,nil,nil ebrake=1.00 ibrake=1.00 hasABS=0 sy=11.27 split=1.000,0.875 ===
227.72388|I|libbeamng.print:18052| === LSTM_OBS t=450 0.04567,3.28759,3.95206,0.19779,-0.14224,11.27425,-9.63903,0.00964,0.00000,0.00000,0.00420,1.00000,0.00000,0.00167,-0.01606,1078.19528,0.25000 ===
227.77458|I|libbeamng.print:18052| === LSTM_TRACE t=460 v=3.69 ws=0.05,1.53,3.15,0.00 cmd=0.748,0.765,0.734,0.748 cap=2087,2191,1397,1423 des=2087,2191,1222,1246 app=2077,2191,1222,1246 abs=nil,nil,nil,nil ebrake=1.00 ibrake=1.00 hasABS=0 sy=11.15 split=1.000,0.875 ===
227.77462|I|libbeamng.print:18052| === LSTM_OBS t=460 0.04592,1.52857,3.15477,0.00249,-0.15156,11.15281,-9.67454,0.00948,0.00000,0.00000,0.00169,1.00000,0.00000,0.00135,-0.01569,907.84915,0.25000 ===
227.82361|I|libbeamng.print:18052| === LSTM_TRACE t=470 v=3.13 ws=0.01,0.17,2.34,0.04 cmd=0.975,0.964,0.795,0.791 cap=2996,2951,1525,1540 des=2996,2951,1334,1347 app=2981,2951,1334,1347 abs=nil,nil,nil,nil ebrake=1.00 ibrake=1.00 hasABS=0 sy=11.13 split=1.000,0.875 ===
227.82366|I|libbeamng.print:18052| === LSTM_OBS t=470 0.01123,0.16690,2.34325,0.03666,-0.04742,11.13050,-9.63288,0.00294,0.00000,0.00000,0.00354,1.00000,0.00000,0.00062,-0.01523,761.38675,0.25000 ===
227.87382|I|libbeamng.print:18052| === LSTM_TRACE t=480 v=2.58 ws=0.01,0.03,1.06,0.00 cmd=0.994,0.992,0.855,0.856 cap=3079,3070,1648,1653 des=3079,3070,1442,1447 app=3064,3070,1442,1447 abs=nil,nil,nil,nil ebrake=1.00 ibrake=1.00 hasABS=0 sy=11.11 split=1.000,0.875 ===
