 32.28835|I|libbeamng.print:18052| === LSTM_ABS: lens 'band_g_mix_s3' loaded (1 member, 17 in, 64 hidden, 2 layers) ===
 32.29013|I|libbeamng.print:18052| === LSTM_ABS SELFTEST lens=band_g_mix_s3 cmd=0.982291,0.959624,0.460258,0.561774 ===
 45.61323|I|libbeamng.print:18052| === LSTM_ABS: lens 'band_g_mix_b1o1_s1' loaded (1 member, 17 in, 64 hidden, 2 layers) ===
 45.61540|I|libbeamng.print:18052| === LSTM_ABS SELFTEST lens=band_g_mix_b1o1_s1 cmd=0.914154,0.894180,0.816587,0.905729 ===
 55.30953|I|libbeamng.print:18052| === LSTM_TRACE t=0 v=27.71 ws=27.68,27.81,27.42,27.51 cmd=0.887,0.847,0.488,0.507 cap=155,155,97,97 des=155,155,85,85 app=142,142,78,78 abs=nil,nil,nil,nil ebrake=1.00 ibrake=1.00 hasABS=0 sy=1.59 split=1.000,0.875 ===
 55.30957|I|libbeamng.print:18052| === LSTM_OBS t=0 27.68351,27.81194,27.42410,27.50845,-0.04488,1.58638,-9.79061,0.00050,0.00000,0.00000,0.00069,1.00000,0.00000,0.00095,-0.00906,7858.84005,0.25000 ===
 55.35905|I|libbeamng.print:18052| === LSTM_TRACE t=10 v=27.45 ws=27.19,26.89,27.07,27.01 cmd=0.313,0.447,0.177,0.258 cap=987,1401,344,499 des=987,1401,301,437 app=909,1293,277,402 abs=nil,nil,nil,nil ebrake=1.00 ibrake=1.00 hasABS=0 sy=2.08 split=1.000,0.875 ===
 55.35910|I|libbeamng.print:18052| === LSTM_OBS t=10 27.19068,26.89092,27.06532,27.00868,0.00327,2.08392,-9.74378,-0.01444,0.00000,0.00000,0.00134,1.00000,0.00000,0.00090,-0.01002,7799.61451,0.25000 ===
 55.37944|I|libbeamng.print:18052| === LSTM_ABS DBG raw=26.8486,26.6712,27.0126,26.8699,0.0369,2.5190,-9.7133,-0.0079,0.0000,0.0000,0.0013,1.0000,0.0000,0.0010,-0.0107,7758.8750,0.2500 ===
 55.37950|I|libbeamng.print:18052| === LSTM_ABS DBG norm=0.59,0.52,0.56,0.52,-0.12,-2.12,0.00,-0.03,0.06,-0.06,-0.07,0.59,-0.02,0.00,0.00,3.85,0.00 ===
 55.37950|I|libbeamng.print:18052| === LSTM_ABS DBG cmd=0.3168,0.4610,0.1910,0.2626 ===
 55.41081|I|libbeamng.print:18052| === LSTM_TRACE t=20 v=27.17 ws=26.47,26.16,26.74,26.70 cmd=0.404,0.558,0.225,0.282 cap=1204,1682,425,538 des=1204,1682,372,470 app=1119,1570,343,436 abs=nil,nil,nil,nil ebrake=1.00 ibrake=1.00 hasABS=0 sy=3.06 split=1.000,0.875 ===
 55.41086|I|libbeamng.print:18052| === LSTM_OBS t=20 26.47199,26.15839,26.73993,26.70099,0.00870,3.05505,-9.69104,-0.01886,0.00000,0.00000,0.00000,1.00000,0.00000,0.00109,-0.01190,7692.25550,0.25000 ===
 55.46133|I|libbeamng.print:18052| === LSTM_TRACE t=30 v=26.80 ws=25.74,25.30,26.25,26.27 cmd=0.567,0.686,0.357,0.441 cap=1719,2107,666,823 des=1719,2107,583,721 app=1612,1989,542,672 abs=nil,nil,nil,nil ebrake=1.00 ibrake=1.00 hasABS=0 sy=4.09 split=1.000,0.875 ===
 55.46148|I|libbeamng.print:18052| === LSTM_OBS t=30 25.74151,25.29583,26.24660,26.27027,0.06517,4.08840,-9.61463,-0.03940,0.00000,0.00000,0.00169,1.00000,0.00000,0.00093,-0.01380,7575.19992,0.25000 ===
 55.51102|I|libbeamng.print:18052| === LSTM_TRACE t=40 v=26.34 ws=25.25,24.83,25.68,25.67 cmd=0.618,0.700,0.425,0.512 cap=1914,2172,822,993 des=1914,2172,719,869 app=1814,2071,673,817 abs=nil,nil,nil,nil ebrake=1.00 ibrake=1.00 hasABS=0 sy=5.23 split=1.000,0.875 ===
 55.51107|I|libbeamng.print:18052| === LSTM_OBS t=40 25.24885,24.82541,25.67743,25.66644,0.14623,5.22593,-9.61010,-0.03264,0.00000,0.00000,0.00162,1.00000,0.00000,0.00037,-0.01599,7424.87180,0.25000 ===
 55.56080|I|libbeamng.print:18052| === LSTM_TRACE t=50 v=25.86 ws=24.65,24.35,25.20,25.01 cmd=0.647,0.716,0.481,0.557 cap=1981,2206,923,1068 des=1981,2206,807,934 app=1893,2122,761,885 abs=nil,nil,nil,nil ebrake=1.00 ibrake=1.00 hasABS=0 sy=6.37 split=1.000,0.875 ===
 55.56086|I|libbeamng.print:18052| === LSTM_OBS t=50 24.64967,24.34624,25.19914,25.01167,0.24959,6.36977,-9.70525,-0.01873,0.00000,0.00000,0.00285,1.00000,0.00000,0.00007,-0.01780,7259.08123,0.25000 ===
 55.61014|I|libbeamng.print:18052| === LSTM_TRACE t=60 v=25.37 ws=24.15,23.59,24.56,24.36 cmd=0.704,0.760,0.555,0.604 cap=2120,2311,1065,1160 des=2120,2311,932,1015 app=2041,2238,885,968 abs=nil,nil,nil,nil ebrake=1.00 ibrake=1.00 hasABS=0 sy=7.41 split=1.000,0.875 ===
 55.61018|I|libbeamng.print:18052| === LSTM_OBS t=60 24.15158,23.59445,24.55603,24.36475,0.34315,7.41078,-9.61328,-0.01482,0.00000,0.00000,0.00278,1.00000,0.00000,-0.00027,-0.01903,7092.07166,0.25000 ===
 55.66122|I|libbeamng.print:18052| === LSTM_TRACE t=70 v=24.82 ws=23.25,22.66,23.92,23.82 cmd=0.741,0.788,0.646,0.671 cap=2286,2437,1237,1289 des=2286,2437,1083,1128 app=2215,2373,1035,1083 abs=nil,nil,nil,nil ebrake=1.00 ibrake=1.00 hasABS=0 sy=8.32 split=1.000,0.875 ===
 55.66136|I|libbeamng.print:18052| === LSTM_OBS t=70 23.25180,22.66147,23.91781,23.82228,0.39925,8.31615,-9.63836,-0.01654,0.00000,0.00000,0.00315,1.00000,0.00000,-0.00045,-0.02001,6916.19122,0.25000 ===
 55.71023|I|libbeamng.print:18052| === LSTM_TRACE t=80 v=24.25 ws=22.60,21.58,23.17,23.03 cmd=0.776,0.799,0.710,0.729 cap=2423,2499,1378,1412 des=2423,2499,1206,1236 app=2360,2444,1160,1193 abs=nil,nil,nil,nil ebrake=1.00 ibrake=1.00 hasABS=0 sy=9.13 split=1.000,0.875 ===
 55.71029|I|libbeamng.print:18052| === LSTM_OBS t=80 22.59653,21.57807,23.16692,23.02557,0.42673,9.13067,-9.63330,-0.00618,0.00000,0.00000,0.00311,1.00000,0.00000,-0.00069,-0.02069,6717.52623,0.25000 ===
 55.76017|I|libbeamng.print:18052| === LSTM_TRACE t=90 v=23.67 ws=21.92,20.17,22.53,22.15 cmd=0.806,0.809,0.760,0.783 cap=2339,2379,1445,1496 des=2339,2379,1265,1309 app=2289,2335,1223,1270 abs=nil,nil,nil,nil ebrake=1.00 ibrake=1.00 hasABS=0 sy=9.79 split=1.000,0.875 ===
 55.76021|I|libbeamng.print:18052| === LSTM_OBS t=90 21.91695,20.17475,22.53393,22.14626,0.40820,9.79090,-9.62161,-0.01441,0.00000,0.00000,0.00360,1.00000,0.00000,-0.00049,-0.02095,6499.33195,0.25000 ===
 55.81019|I|libbeamng.print:18052| === LSTM_TRACE t=100 v=23.09 ws=21.08,18.41,21.79,21.15 cmd=0.835,0.813,0.782,0.816 cap=2456,2427,1520,1582 des=2456,2427,1330,1384 app=2412,2389,1292,1349 abs=nil,nil,nil,nil ebrake=1.00 ibrake=1.00 hasABS=0 sy=10.33 split=1.000,0.875 ===
 55.81026|I|libbeamng.print:18052| === LSTM_OBS t=100 21.07732,18.41040,21.78850,21.14546,0.38421,10.32750,-9.61075,0.00442,0.00000,0.00000,0.00367,1.00000,0.00000,0.00004,-0.02068,6268.12021,0.25000 ===
 55.86085|I|libbeamng.print:18052| === LSTM_TRACE t=110 v=22.50 ws=19.78,16.79,21.13,20.15 cmd=0.863,0.825,0.805,0.843 cap=2401,2328,1553,1628 des=2401,2328,1359,1424 app=2364,2295,1325,1392 abs=nil,nil,nil,nil ebrake=1.00 ibrake=1.00 hasABS=0 sy=10.72 split=1.000,0.875 ===
 55.86097|I|libbeamng.print:18052| === LSTM_OBS t=110 19.77699,16.78774,21.13430,20.15202,0.33975,10.71610,-9.58591,0.01200,0.00000,0.00000,0.00342,1.00000,0.00000,0.00069,-0.02008,6028.35548,0.25000 ===
 55.91094|I|libbeamng.print:18052| === LSTM_TRACE t=120 v=21.91 ws=17.92,14.56,20.54,19.18 cmd=0.752,0.717,0.810,0.848 cap=2444,2290,1563,1641 des=2444,2290,1368,1435 app=2411,2261,1338,1407 abs=nil,nil,nil,nil ebrake=1.00 ibrake=1.00 hasABS=0 sy=10.97 split=1.000,0.875 ===
 55.91100|I|libbeamng.print:18052| === LSTM_OBS t=120 17.92357,14.55737,20.54066,19.18235,0.28894,10.97129,-9.56871,0.02860,0.00000,0.00000,0.00221,1.00000,0.00000,0.00128,-0.01919,5784.54002,0.25000 ===
 55.96025|I|libbeamng.print:18052| === LSTM_TRACE t=130 v=21.36 ws=15.46,11.73,19.81,18.16 cmd=0.819,0.777,0.818,0.847 cap=2549,2409,1580,1639 des=2549,2409,1382,1434 app=2519,2379,1356,1409 abs=nil,nil,nil,nil ebrake=1.00 ibrake=1.00 hasABS=0 sy=11.10 split=1.000,0.875 ===
 55.96030|I|libbeamng.print:18052| === LSTM_OBS t=130 15.46264,11.72991,19.80848,18.16069,0.21869,11.09928,-9.55545,0.03867,0.00000,0.00000,0.00249,1.00000,0.00000,0.00190,-0.01826,5540.38156,0.25000 ===
 56.01092|I|libbeamng.print:18052| === LSTM_TRACE t=140 v=20.82 ws=9.00,5.74,19.09,17.24 cmd=0.895,0.882,0.798,0.811 cap=2746,2695,1550,1577 des=2746,2695,1356,1380 app=2716,2661,1333,1357 abs=nil,nil,nil,nil ebrake=1.00 ibrake=1.00 hasABS=0 sy=11.10 split=1.000,0.875 ===
 56.01099|I|libbeamng.print:18052| === LSTM_OBS t=140 9.00050,5.74202,19.08819,17.23790,0.14701,11.09557,-9.57758,0.03549,0.00000,0.00000,0.00142,1.00000,0.00000,0.00225,-0.01735,5304.94261,0.25000 ===
 56.05976|I|libbeamng.print:18052| === LSTM_TRACE t=150 v=20.30 ws=0.51,0.03,17.99,16.48 cmd=0.988,0.986,0.844,0.836 cap=3059,3051,1645,1632 des=3059,3051,1439,1428 app=3023,3010,1416,1406 abs=nil,nil,nil,nil ebrake=1.00 ibrake=1.00 hasABS=0 sy=10.97 split=1.000,0.875 ===
 56.05982|I|libbeamng.print:18052| === LSTM_OBS t=150 0.50681,0.03171,17.98800,16.48102,0.09720,10.97430,-9.59013,0.03030,0.00000,0.00000,0.00085,1.00000,0.00000,0.00229,-0.01663,5079.31292,0.25000 ===
 56.11022|I|libbeamng.print:18052| === LSTM_TRACE t=160 v=19.83 ws=0.20,0.03,17.30,15.95 cmd=0.990,0.989,0.838,0.833 cap=3069,3066,1627,1618 des=3069,3066,1423,1415 app=3028,3019,1403,1395 abs=nil,nil,nil,nil ebrake=1.00 ibrake=1.00 hasABS=0 sy=10.63 split=1.000,0.875 ===
 56.11026|I|libbeamng.print:18052| === LSTM_OBS t=160 0.19892,0.03277,17.30476,15.94644,0.06208,10.63469,-9.61799,0.01776,0.00000,0.00000,0.00414,1.00000,0.00000,0.00151,-0.01499,4843.38344,0.25000 ===
 56.16041|I|libbeamng.print:18052| === LSTM_TRACE t=170 v=19.32 ws=0.09,0.03,16.51,15.16 cmd=0.989,0.988,0.848,0.838 cap=3067,3064,1646,1628 des=3067,3064,1441,1424 app=3020,3012,1421,1405 abs=nil,nil,nil,nil ebrake=1.00 ibrake=1.00 hasABS=0 sy=10.38 split=1.000,0.875 ===
 56.16048|I|libbeamng.print:18052| === LSTM_OBS t=170 0.09014,0.03060,16.50894,15.16360,-0.04072,10.38097,-9.55351,0.01411,0.00000,0.00000,0.00265,1.00000,0.00000,0.00103,-0.01299,4626.20082,0.25000 ===
 56.21105|I|libbeamng.print:18052| === LSTM_TRACE t=180 v=18.81 ws=0.05,0.02,15.53,14.47 cmd=0.989,0.988,0.851,0.841 cap=3065,3063,1652,1634 des=3065,3063,1446,1429 app=3013,3005,1427,1411 abs=nil,nil,nil,nil ebrake=1.00 ibrake=1.00 hasABS=0 sy=10.31 split=1.000,0.875 ===
 56.21117|I|libbeamng.print:18052| === LSTM_OBS t=180 0.04641,0.02048,15.53208,14.46583,-0.09820,10.31103,-9.58946,0.00885,0.00000,0.00000,0.00315,1.00000,0.00000,0.00118,-0.01133,4423.89482,0.25000 ===
 56.26002|I|libbeamng.print:18052| === LSTM_TRACE t=190 v=18.29 ws=0.02,0.02,14.82,14.04 cmd=0.990,0.989,0.851,0.843 cap=3067,3065,1654,1637 des=3067,3065,1447,1433 app=3009,3002,1430,1414 abs=nil,nil,nil,nil ebrake=1.00 ibrake=1.00 hasABS=0 sy=10.31 split=1.000,0.875 ===
 56.26007|I|libbeamng.print:18052| === LSTM_OBS t=190 0.02335,0.01545,14.81517,14.03875,-0.11193,10.31272,-9.64055,-0.00023,0.00000,0.00000,0.00328,1.00000,0.00000,0.00122,-0.01002,4227.80747,0.25000 ===
 56.31103|I|libbeamng.print:18052| === LSTM_TRACE t=200 v=17.77 ws=0.01,0.01,13.99,13.77 cmd=0.990,0.990,0.851,0.844 cap=3070,3068,1654,1639 des=3070,3068,1447,1434 app=3007,2999,1430,1416 abs=nil,nil,nil,nil ebrake=1.00 ibrake=1.00 hasABS=0 sy=10.33 split=1.000,0.875 ===
 56.31109|I|libbeamng.print:18052| === LSTM_OBS t=200 0.00636,0.00578,13.99125,13.76519,-0.12201,10.32649,-9.69575,-0.00693,0.00000,0.00000,0.00326,1.00000,0.00000,0.00130,-0.00910,4032.41345,0.25000 ===
 56.36074|I|libbeamng.print:18052| === LSTM_TRACE t=210 v=17.26 ws=0.00,0.00,12.90,13.13 cmd=0.991,0.990,0.851,0.845 cap=3073,3070,1654,1642 des=3073,3070,1447,1436 app=3005,2997,1430,1419 abs=nil,nil,nil,nil ebrake=1.00 ibrake=1.00 hasABS=0 sy=10.33 split=1.000,0.875 ===
 56.36080|I|libbeamng.print:18052| === LSTM_OBS t=210 0.00320,0.00063,12.89508,13.12839,-0.13477,10.33246,-9.73630,-0.01264,0.00000,0.00000,0.00328,1.00000,0.00000,0.00125,-0.00842,3833.81036,0.25000 ===
 56.41103|I|libbeamng.print:18052| === LSTM_TRACE t=220 v=16.74 ws=0.00,0.00,11.90,12.72 cmd=0.992,0.991,0.852,0.847 cap=3075,3073,1654,1645 des=3075,3073,1448,1439 app=3002,2994,1431,1422 abs=nil,nil,nil,nil ebrake=1.00 ibrake=1.00 hasABS=0 sy=10.33 split=1.000,0.875 ===
 56.41108|I|libbeamng.print:18052| === LSTM_OBS t=220 0.00305,0.00070,11.90358,12.71856,-0.13255,10.33117,-9.77258,-0.02038,0.00000,0.00000,0.00331,1.00000,0.00000,0.00121,-0.00793,3631.42371,0.25000 ===
 56.46011|I|libbeamng.print:18052| === LSTM_TRACE t=230 v=16.22 ws=0.00,0.00,10.60,12.56 cmd=0.993,0.992,0.853,0.849 cap=3078,3076,1657,1649 des=3078,3076,1450,1443 app=3000,2992,1432,1426 abs=nil,nil,nil,nil ebrake=1.00 ibrake=1.00 hasABS=0 sy=10.32 split=1.000,0.875 ===
 56.46015|I|libbeamng.print:18052| === LSTM_OBS t=230 0.00177,0.00121,10.59816,12.56451,-0.12790,10.32049,-9.79286,-0.02793,0.00000,0.00000,0.00349,1.00000,0.00000,0.00113,-0.00756,3424.69876,0.25000 ===
 56.51032|I|libbeamng.print:18052| === LSTM_TRACE t=240 v=15.71 ws=0.00,0.00,9.52,12.20 cmd=0.994,0.993,0.857,0.853 cap=3081,3079,1665,1656 des=3081,3079,1457,1449 app=2998,2990,1439,1432 abs=nil,nil,nil,nil ebrake=1.00 ibrake=1.00 hasABS=0 sy=10.31 split=1.000,0.875 ===
 56.51042|I|libbeamng.print:18052| === LSTM_OBS t=240 0.00091,0.00142,9.52193,12.19687,-0.10987,10.31039,-9.79620,-0.03327,0.00000,0.00000,0.00335,1.00000,0.00000,0.00105,-0.00725,3214.93648,0.25000 ===
 56.56027|I|libbeamng.print:18052| === LSTM_TRACE t=250 v=15.20 ws=0.00,0.00,7.98,12.02 cmd=0.995,0.994,0.865,0.858 cap=3083,3081,1678,1665 des=3083,3081,1468,1457 app=2994,2987,1450,1440 abs=nil,nil,nil,nil ebrake=1.00 ibrake=1.00 hasABS=0 sy=10.29 split=1.000,0.875 ===
 56.56034|I|libbeamng.print:18052| === LSTM_OBS t=250 0.00185,0.00049,7.97736,12.02217,-0.09210,10.29456,-9.78924,-0.04030,0.00000,0.00000,0.00338,1.00000,0.00000,0.00097,-0.00705,3003.11464,0.25000 ===
 56.61020|I|libbeamng.print:18052| === LSTM_TRACE t=260 v=14.69 ws=0.00,0.00,6.37,12.18 cmd=0.995,0.994,0.869,0.861 cap=3085,3082,1688,1672 des=3085,3082,1477,1463 app=2991,2984,1457,1446 abs=nil,nil,nil,nil ebrake=1.00 ibrake=1.00 hasABS=0 sy=10.27 split=1.000,0.875 ===
 56.61026|I|libbeamng.print:18052| === LSTM_OBS t=260 0.00120,0.00310,6.37254,12.18116,-0.05451,10.26680,-9.77389,-0.04732,0.00000,0.00000,0.00349,1.00000,0.00000,0.00082,-0.00693,2782.88127,0.25000 ===
 56.66036|I|libbeamng.print:18052| === LSTM_TRACE t=270 v=14.17 ws=0.01,0.02,4.76,12.07 cmd=0.996,0.995,0.872,0.863 cap=3086,3084,1695,1677 des=3086,3084,1483,1467 app=2988,2981,1462,1451 abs=nil,nil,nil,nil ebrake=1.00 ibrake=1.00 hasABS=0 sy=10.25 split=1.000,0.875 ===
 56.66043|I|libbeamng.print:18052| === LSTM_OBS t=270 0.00650,0.01557,4.75541,12.07012,-0.04368,10.24719,-9.77041,-0.04905,0.00000,0.00000,0.00360,1.00000,0.00000,0.00081,-0.00669,2558.97421,0.25000 ===
 56.70973|I|libbeamng.print:18052| === LSTM_TRACE t=280 v=13.65 ws=0.01,0.00,3.42,11.73 cmd=0.996,0.995,0.875,0.866 cap=3088,3085,1698,1681 des=3088,3085,1486,1470 app=2985,2978,1463,1454 abs=nil,nil,nil,nil ebrake=1.00 ibrake=1.00 hasABS=0 sy=10.27 split=1.000,0.875 ===
 56.70977|I|libbeamng.print:18052| === LSTM_OBS t=280 0.01133,0.00499,3.42481,11.73440,-0.01788,10.27449,-9.81885,-0.05227,0.00000,0.00000,0.00350,1.00000,0.00000,0.00114,-0.00697,2340.93594,0.25000 ===
 56.76002|I|libbeamng.print:18052| === LSTM_TRACE t=290 v=13.15 ws=0.00,0.00,1.27,11.34 cmd=0.997,0.996,0.876,0.867 cap=3090,3088,1700,1685 des=3090,3088,1488,1475 app=2983,2976,1462,1458 abs=nil,nil,nil,nil ebrake=1.00 ibrake=1.00 hasABS=0 sy=10.29 split=1.000,0.875 ===
 56.76006|I|libbeamng.print:18052| === LSTM_OBS t=290 0.00223,0.00034,1.26566,11.33903,0.04802,10.29152,-9.78836,-0.05934,0.00000,0.00000,0.00345,1.00000,0.00000,0.00125,-0.00750,2116.70662,0.25000 ===
 56.81010|I|libbeamng.print:18052| === LSTM_TRACE t=300 v=12.66 ws=0.00,0.00,0.06,11.68 cmd=0.997,0.996,0.879,0.870 cap=3091,3089,1700,1688 des=3091,3089,1488,1477 app=2980,2973,1459,1461 abs=nil,nil,nil,nil ebrake=1.00 ibrake=1.00 hasABS=0 sy=10.15 split=1.000,0.875 ===
 56.81014|I|libbeamng.print:18052| === LSTM_OBS t=300 0.00298,0.00154,0.05954,11.68455,0.15653,10.15204,-9.68540,-0.05412,0.00000,0.00000,0.00350,1.00000,0.00000,0.00036,-0.00748,1853.62971,0.25000 ===
 56.85989|I|libbeamng.print:18052| === LSTM_TRACE t=310 v=12.16 ws=0.00,0.01,0.05,10.19 cmd=0.998,0.997,0.880,0.871 cap=3093,3090,1700,1692 des=3093,3090,1488,1481 app=2977,2970,1456,1465 abs=nil,nil,nil,nil ebrake=1.00 ibrake=1.00 hasABS=0 sy=10.10 split=1.000,0.875 ===
 56.85993|I|libbeamng.print:18052| === LSTM_OBS t=310 0.00423,0.00870,0.05149,10.19125,0.17137,10.09551,-9.71025,-0.06687,0.00000,0.00000,0.00430,1.00000,0.00000,0.00016,-0.00745,1622.76815,0.25000 ===
 56.91141|I|libbeamng.print:18052| === LSTM_TRACE t=320 v=11.65 ws=0.00,0.00,0.05,8.68 cmd=0.998,0.997,0.883,0.874 cap=3093,3091,1700,1696 des=3093,3091,1488,1484 app=2974,2967,1453,1468 abs=nil,nil,nil,nil ebrake=1.00 ibrake=1.00 hasABS=0 sy=10.13 split=1.000,0.875 ===
 56.91146|I|libbeamng.print:18052| === LSTM_OBS t=320 0.00300,0.00450,0.05432,8.67599,0.18249,10.12507,-9.76415,-0.06314,0.00000,0.00000,0.00401,1.00000,0.00000,0.00057,-0.00760,1416.96421,0.25000 ===
 56.96073|I|libbeamng.print:18052| === LSTM_TRACE t=330 v=11.14 ws=0.00,0.00,0.03,6.76 cmd=0.998,0.997,0.883,0.875 cap=3094,3091,1700,1700 des=3094,3091,1488,1488 app=2971,2964,1450,1471 abs=nil,nil,nil,nil ebrake=1.00 ibrake=1.00 hasABS=0 sy=10.14 split=1.000,0.875 ===
 56.96080|I|libbeamng.print:18052| === LSTM_OBS t=330 0.00324,0.00026,0.03264,6.75609,0.21290,10.13570,-9.76102,-0.06947,0.00000,0.00000,0.00350,1.00000,0.00000,0.00090,-0.00796,1211.14375,0.25000 ===
 57.01088|I|libbeamng.print:18052| === LSTM_TRACE t=340 v=10.63 ws=0.01,0.00,0.01,4.74 cmd=0.998,0.997,0.885,0.878 cap=3093,3091,1700,1700 des=3093,3091,1488,1488 app=2967,2961,1448,1469 abs=nil,nil,nil,nil ebrake=1.00 ibrake=1.00 hasABS=0 sy=10.13 split=1.000,0.875 ===
 57.01095|I|libbeamng.print:18052| === LSTM_OBS t=340 0.00703,0.00211,0.00970,4.74361,0.24344,10.12779,-9.74651,-0.07303,0.00000,0.00000,0.00367,1.00000,0.00000,0.00104,-0.00825,1004.32557,0.25000 ===
 57.06026|I|libbeamng.print:18052| === LSTM_TRACE t=350 v=10.11 ws=0.01,0.00,0.03,3.16 cmd=0.998,0.997,0.887,0.880 cap=3093,3090,1700,1700 des=3093,3090,1488,1488 app=2963,2957,1445,1468 abs=nil,nil,nil,nil ebrake=1.00 ibrake=1.00 hasABS=0 sy=10.15 split=1.000,0.875 ===
 57.06032|I|libbeamng.print:18052| === LSTM_OBS t=350 0.01135,0.00161,0.02798,3.16086,0.27148,10.15149,-9.74184,-0.07525,0.00000,0.00000,0.00414,1.00000,0.00000,0.00039,-0.00881,810.39439,0.25000 ===
 57.11019|I|libbeamng.print:18052| === LSTM_TRACE t=360 v=9.61 ws=0.00,0.00,0.03,0.02 cmd=0.997,0.997,0.887,0.880 cap=3092,3090,1700,1700 des=3092,3090,1488,1488 app=2959,2953,1443,1465 abs=nil,nil,nil,nil ebrake=1.00 ibrake=1.00 hasABS=0 sy=10.16 split=1.000,0.875 ===
 57.11028|I|libbeamng.print:18052| === LSTM_OBS t=360 0.00400,0.00076,0.02900,0.01965,0.29433,10.16370,-9.74449,-0.07828,0.00000,0.00000,0.00398,1.00000,0.00000,-0.00038,-0.00965,736.96745,0.25000 ===
 57.16038|I|libbeamng.print:18052| === LSTM_TRACE t=370 v=9.12 ws=0.00,0.00,0.03,0.02 cmd=0.997,0.996,0.887,0.882 cap=3090,3088,1700,1700 des=3090,3088,1488,1488 app=2954,2949,1441,1463 abs=nil,nil,nil,nil ebrake=1.00 ibrake=1.00 hasABS=0 sy=10.08 split=1.000,0.875 ===
 57.16043|I|libbeamng.print:18052| === LSTM_OBS t=370 0.00367,0.00165,0.03195,0.02325,0.26060,10.07846,-9.73238,-0.07789,0.00000,0.00000,0.00516,1.00000,0.00000,-0.00048,-0.00999,730.98105,0.25000 ===
 57.21011|I|libbeamng.print:18052| === LSTM_TRACE t=380 v=8.62 ws=0.00,0.00,0.03,0.03 cmd=0.996,0.996,0.887,0.882 cap=3089,3087,1700,1700 des=3089,3087,1488,1488 app=2951,2945,1439,1460 abs=nil,nil,nil,nil ebrake=1.00 ibrake=1.00 hasABS=0 sy=10.05 split=1.000,0.875 ===
 57.21015|I|libbeamng.print:18052| === LSTM_OBS t=380 0.00000,0.00252,0.03298,0.02651,0.27362,10.04961,-9.71147,-0.07203,0.00000,0.00000,0.00417,1.00000,0.00000,-0.00079,-0.01020,727.71334,0.25000 ===
 57.25987|I|libbeamng.print:18052| === LSTM_TRACE t=390 v=8.11 ws=0.00,0.00,0.01,0.01 cmd=0.996,0.996,0.887,0.883 cap=3089,3087,1700,1700 des=3089,3087,1488,1488 app=2948,2943,1437,1458 abs=nil,nil,nil,nil ebrake=1.00 ibrake=1.00 hasABS=0 sy=10.06 split=1.000,0.875 ===
 57.25992|I|libbeamng.print:18052| === LSTM_OBS t=390 0.00170,0.00272,0.00619,0.00910,0.28398,10.06082,-9.69149,-0.06979,0.00000,0.00000,0.00423,1.00000,0.00000,-0.00108,-0.01035,729.81985,0.25000 ===
 57.31058|I|libbeamng.print:18052| === LSTM_TRACE t=400 v=7.60 ws=0.00,0.00,0.01,0.02 cmd=0.997,0.996,0.887,0.883 cap=3090,3087,1700,1700 des=3090,3087,1488,1488 app=2946,2941,1435,1455 abs=nil,nil,nil,nil ebrake=1.00 ibrake=1.00 hasABS=0 sy=10.11 split=1.000,0.875 ===
 57.31067|I|libbeamng.print:18052| === LSTM_OBS t=400 0.00419,0.00027,0.01240,0.01658,0.31224,10.10981,-9.68364,-0.06748,0.00000,0.00000,0.00420,1.00000,0.00000,-0.00138,-0.01053,728.02164,0.25000 ===
 57.36021|I|libbeamng.print:18052| === LSTM_TRACE t=410 v=7.08 ws=0.00,0.00,0.01,0.00 cmd=0.997,0.996,0.887,0.883 cap=3090,3088,1700,1700 des=3090,3088,1488,1488 app=2944,2939,1434,1453 abs=nil,nil,nil,nil ebrake=1.00 ibrake=1.00 hasABS=0 sy=10.19 split=1.000,0.875 ===
 57.36026|I|libbeamng.print:18052| === LSTM_OBS t=410 0.00176,0.00282,0.01260,0.00187,0.34931,10.18938,-9.68208,-0.06360,0.00000,0.00000,0.00465,1.00000,0.00000,-0.00160,-0.01077,730.31498,0.25000 ===
 57.41069|I|libbeamng.print:18052| === LSTM_TRACE t=420 v=6.54 ws=0.00,0.00,0.01,0.00 cmd=0.997,0.996,0.887,0.883 cap=3091,3089,1700,1700 des=3091,3089,1488,1488 app=2943,2937,1432,1451 abs=nil,nil,nil,nil ebrake=1.00 ibrake=1.00 hasABS=0 sy=10.29 split=1.000,0.875 ===
 57.41076|I|libbeamng.print:18052| === LSTM_OBS t=420 0.00045,0.00244,0.00969,0.00350,0.38529,10.28887,-9.68023,-0.06139,0.00000,0.00000,0.00470,1.00000,0.00000,-0.00179,-0.01101,727.65888,0.25000 ===
 57.46087|I|libbeamng.print:18052| === LSTM_TRACE t=430 v=6.01 ws=0.00,0.00,0.00,0.00 cmd=0.997,0.997,0.887,0.882 cap=3092,3089,1700,1700 des=3092,3089,1488,1488 app=2941,2936,1431,1449 abs=nil,nil,nil,nil ebrake=1.00 ibrake=1.00 hasABS=0 sy=10.40 split=1.000,0.875 ===
 57.46093|I|libbeamng.print:18052| === LSTM_OBS t=430 0.00227,0.00006,0.00220,0.00070,0.42046,10.40409,-9.67923,-0.05794,0.00000,0.00000,0.00473,1.00000,0.00000,-0.00197,-0.01130,731.51074,0.25000 ===
 57.50989|I|libbeamng.print:18052| === LSTM_TRACE t=440 v=5.46 ws=0.00,0.00,0.00,0.01 cmd=0.998,0.997,0.886,0.882 cap=3092,3090,1700,1700 des=3092,3090,1488,1488 app=2940,2934,1430,1447 abs=nil,nil,nil,nil ebrake=1.00 ibrake=1.00 hasABS=0 sy=10.51 split=1.000,0.875 ===
 57.50995|I|libbeamng.print:18052| === LSTM_OBS t=440 0.00066,0.00064,0.00464,0.01032,0.45431,10.51415,-9.68370,-0.05375,0.00000,0.00000,0.00473,1.00000,0.00000,-0.00214,-0.01154,727.12943,0.25000 ===
 57.55982|I|libbeamng.print:18052| === LSTM_TRACE t=450 v=4.92 ws=0.00,0.00,0.03,0.02 cmd=0.998,0.997,0.886,0.882 cap=3093,3090,1700,1700 des=3093,3090,1488,1488 app=2938,2933,1429,1445 abs=nil,nil,nil,nil ebrake=1.00 ibrake=1.00 hasABS=0 sy=10.62 split=1.000,0.875 ===
 57.55986|I|libbeamng.print:18052| === LSTM_OBS t=450 0.00179,0.00040,0.02791,0.02316,0.48988,10.61791,-9.68620,-0.05024,0.00000,0.00000,0.00481,1.00000,0.00000,-0.00227,-0.01177,728.86841,0.25000 ===
 57.61084|I|libbeamng.print:18052| === LSTM_TRACE t=460 v=4.36 ws=0.00,0.00,0.01,0.01 cmd=0.998,0.997,0.885,0.881 cap=3093,3091,1700,1700 des=3093,3091,1488,1488 app=2937,2932,1428,1444 abs=nil,nil,nil,nil ebrake=1.00 ibrake=1.00 hasABS=0 sy=10.75 split=1.000,0.875 ===
 57.61088|I|libbeamng.print:18052| === LSTM_OBS t=460 0.00148,0.00178,0.00718,0.01245,0.53089,10.75428,-9.69290,-0.04500,0.00000,0.00000,0.00486,1.00000,0.00000,-0.00244,-0.01210,728.48815,0.25000 ===
 57.66235|I|libbeamng.print:18052| === LSTM_TRACE t=470 v=3.79 ws=0.00,0.00,0.00,0.00 cmd=0.998,0.997,0.884,0.880 cap=3094,3091,1700,1700 des=3094,3091,1488,1488 app=2935,2930,1427,1442 abs=nil,nil,nil,nil ebrake=1.00 ibrake=1.00 hasABS=0 sy=10.88 split=1.000,0.875 ===
 57.66248|I|libbeamng.print:18052| === LSTM_OBS t=470 0.00022,0.00113,0.00272,0.00238,0.57046,10.88492,-9.68940,-0.04039,0.00000,0.00000,0.00490,1.00000,0.00000,-0.00262,-0.01246,729.83633,0.25000 ===
 57.71055|I|libbeamng.print:18052| === LSTM_TRACE t=480 v=3.22 ws=0.00,0.00,0.00,0.00 cmd=0.998,0.997,0.882,0.879 cap=3094,3091,1700,1700 des=3094,3091,1488,1488 app=2934,2929,1426,1441 abs=nil,nil,nil,nil ebrake=1.00 ibrake=1.00 hasABS=0 sy=11.01 split=1.000,0.875 ===
 57.71059|I|libbeamng.print:18052| === LSTM_OBS t=480 0.00047,0.00036,0.00139,0.00347,0.60664,11.01132,-9.68198,-0.03574,0.00000,0.00000,0.00494,1.00000,0.00000,-0.00278,-0.01276,727.24557,0.25000 ===
 57.76104|I|libbeamng.print:18052| === LSTM_TRACE t=490 v=2.65 ws=0.00,0.00,0.10,0.00 cmd=0.998,0.997,0.881,0.879 cap=3094,3091,1700,1700 des=3094,3091,1488,1488 app=2933,2928,1425,1440 abs=nil,nil,nil,nil ebrake=1.00 ibrake=1.00 hasABS=0 sy=11.13 split=1.000,0.875 ===
 57.76114|I|libbeamng.print:18052| === LSTM_OBS t=490 0.00143,0.00085,0.10200,0.00412,0.64059,11.12844,-9.67010,-0.02903,0.00000,0.00000,0.00497,1.00000,0.00000,-0.00291,-0.01301,728.42426,0.25000 ===
 57.81017|I|libbeamng.print:18052| === LSTM_TRACE t=500 v=2.06 ws=0.00,0.00,0.88,0.03 cmd=0.998,0.997,0.879,0.878 cap=3094,3090,1700,1700 des=3094,3090,1488,1488 app=2931,2926,1425,1439 abs=nil,nil,nil,nil ebrake=1.00 ibrake=1.00 hasABS=0 sy=11.27 split=1.000,0.875 ===
 57.81027|I|libbeamng.print:18052| === LSTM_OBS t=500 0.00108,0.00104,0.87963,0.03179,0.67652,11.26923,-9.66895,-0.01808,0.00000,0.00000,0.00500,1.00000,0.00000,-0.00294,-0.01323,727.60126,0.25000 ===
 57.86076|I|libbeamng.print:18052| === LSTM_TRACE t=510 v=1.46 ws=0.01,0.00,1.49,0.07 cmd=0.998,0.997,0.877,0.878 cap=3093,3090,1700,1700 des=3093,3090,1488,1488 app=2930,2924,1425,1438 abs=nil,nil,nil,nil ebrake=1.00 ibrake=1.00 hasABS=0 sy=11.42 split=1.000,0.875 ===
 57.86079|I|libbeamng.print:18052| === LSTM_OBS t=510 0.00592,0.00048,1.48520,0.06564,0.75461,11.41590,-9.64424,0.00014,0.00000,0.00000,0.00500,1.00000,0.00000,-0.00301,-0.01349,728.85465,0.25000 ===
 57.91055|I|libbeamng.print:18052| === LSTM_TRACE t=520 v=0.88 ws=0.00,0.01,0.66,0.05 cmd=0.998,0.996,0.875,0.877 cap=3093,3089,1700,1700 des=3093,3089,1487,1488 app=2928,2922,1425,1437 abs=nil,nil,nil,nil ebrake=1.00 ibrake=1.00 hasABS=0 sy=11.50 split=1.000,0.875 ===
 57.91059|I|libbeamng.print:18052| === LSTM_OBS t=520 0.00493,0.00825,0.66218,0.05216,0.84813,11.49682,-9.61844,0.00789,0.00000,0.00000,0.00497,1.00000,0.00000,-0.00359,-0.01356,727.03548,0.25000 ===
 88.32322|I|libbeamng.print:18052| === LSTM_TRACE t=0 v=27.70 ws=27.65,27.82,27.36,27.48 cmd=0.886,0.846,0.486,0.503 cap=155,155,97,97 des=155,155,85,85 app=145,145,81,81 abs=nil,nil,nil,nil ebrake=1.00 ibrake=1.00 hasABS=0 sy=1.57 split=1.000,0.875 ===
 88.32333|I|libbeamng.print:18052| === LSTM_OBS t=0 27.64987,27.81895,27.35750,27.48183,-0.01827,1.56562,-9.75552,0.00553,0.00000,0.00000,0.00000,1.00000,0.00000,0.00090,-0.00904,7856.60276,0.25000 ===
 88.37343|I|libbeamng.print:18052| === LSTM_TRACE t=10 v=27.44 ws=27.14,26.75,27.03,26.99 cmd=0.311,0.445,0.175,0.254 cap=976,1395,339,490 des=976,1395,296,429 app=922,1318,282,411 abs=nil,nil,nil,nil ebrake=1.00 ibrake=1.00 hasABS=0 sy=2.15 split=1.000,0.875 ===
 88.37353|I|libbeamng.print:18052| === LSTM_OBS t=10 27.14479,26.75275,27.02775,26.98974,-0.00791,2.14984,-9.81218,-0.01145,0.00000,0.00000,0.00134,1.00000,0.00000,0.00084,-0.00999,7794.19719,0.25000 ===
 88.39345|I|libbeamng.print:18052| === LSTM_ABS DBG raw=26.8068,26.6116,26.9391,26.8644,-0.0028,2.5598,-9.7630,-0.0150,0.0000,0.0000,0.0018,1.0000,0.0000,0.0009,-0.0107,7751.7228,0.2500 ===
 88.39350|I|libbeamng.print:18052| === LSTM_ABS DBG norm=0.58,0.51,0.55,0.52,-0.16,-2.11,0.00,-0.08,0.06,-0.06,-0.04,0.59,-0.02,0.00,0.00,3.85,0.00 ===
 88.39351|I|libbeamng.print:18052| === LSTM_ABS DBG cmd=0.3167,0.4614,0.1900,0.2594 ===
 88.42318|I|libbeamng.print:18052| === LSTM_TRACE t=20 v=27.15 ws=26.46,26.04,26.71,26.70 cmd=0.401,0.555,0.232,0.291 cap=1200,1676,435,550 des=1200,1676,380,481 app=1140,1597,363,463 abs=nil,nil,nil,nil ebrake=1.00 ibrake=1.00 hasABS=0 sy=3.09 split=1.000,0.875 ===
 88.42322|I|libbeamng.print:18052| === LSTM_OBS t=20 26.46003,26.04172,26.71473,26.69623,-0.01614,3.08648,-9.71715,-0.01121,0.00000,0.00000,0.00000,1.00000,0.00000,0.00103,-0.01188,7683.68646,0.25000 ===
 88.47453|I|libbeamng.print:18052| === LSTM_TRACE t=30 v=26.77 ws=25.60,25.12,26.20,26.14 cmd=0.576,0.694,0.382,0.464 cap=1743,2128,711,867 des=1743,2128,622,758 app=1668,2045,597,733 abs=nil,nil,nil,nil ebrake=1.00 ibrake=1.00 hasABS=0 sy=4.16 split=1.000,0.875 ===
 88.47458|I|libbeamng.print:18052| === LSTM_OBS t=30 25.59844,25.11591,26.20041,26.13540,0.05130,4.15874,-9.74618,-0.03318,0.00000,0.00000,0.00154,1.00000,0.00000,0.00085,-0.01384,7560.97356,0.25000 ===
 88.52349|I|libbeamng.print:18052| === LSTM_TRACE t=40 v=26.30 ws=24.93,24.65,25.54,25.51 cmd=0.654,0.718,0.483,0.570 cap=1998,2212,927,1095 des=1998,2212,811,959 app=1925,2142,782,931 abs=nil,nil,nil,nil ebrake=1.00 ibrake=1.00 hasABS=0 sy=5.42 split=1.000,0.875 ===
 88.52354|I|libbeamng.print:18052| === LSTM_OBS t=40 24.92680,24.65046,25.54303,25.51319,0.12139,5.42458,-9.77266,-0.02644,0.00000,0.00000,0.00249,1.00000,0.00000,0.00060,-0.01611,7395.95799,0.25000 ===
 88.57334|I|libbeamng.print:18052| === LSTM_TRACE t=50 v=25.81 ws=24.41,24.02,24.96,24.74 cmd=0.672,0.740,0.537,0.592 cap=2082,2290,1030,1143 des=2082,2290,901,1000 app=2020,2231,873,976 abs=nil,nil,nil,nil ebrake=1.00 ibrake=1.00 hasABS=0 sy=6.67 split=1.000,0.875 ===
 88.57339|I|libbeamng.print:18052| === LSTM_OBS t=50 24.41066,24.01748,24.95834,24.73652,0.24483,6.67076,-9.68170,-0.02160,0.00000,0.00000,0.00270,1.00000,0.00000,0.00022,-0.01805,7209.25273,0.25000 ===
 88.62384|I|libbeamng.print:18052| === LSTM_TRACE t=60 v=25.25 ws=23.79,23.24,24.31,24.20 cmd=0.716,0.771,0.602,0.639 cap=2212,2390,1155,1223 des=2212,2390,1011,1070 app=2158,2340,984,1048 abs=nil,nil,nil,nil ebrake=1.00 ibrake=1.00 hasABS=0 sy=7.71 split=1.000,0.875 ===
 88.62389|I|libbeamng.print:18052| === LSTM_OBS t=60 23.78790,23.24157,24.30602,24.19706,0.29970,7.70946,-9.67088,-0.00488,0.00000,0.00000,0.00322,1.00000,0.00000,-0.00008,-0.01929,7028.13266,0.25000 ===
 88.67370|I|libbeamng.print:18052| === LSTM_TRACE t=70 v=24.70 ws=22.94,22.16,23.68,23.41 cmd=0.758,0.795,0.682,0.700 cap=2312,2440,1303,1337 des=2312,2440,1140,1170 app=2266,2399,1114,1150 abs=nil,nil,nil,nil ebrake=1.00 ibrake=1.00 hasABS=0 sy=8.70 split=1.000,0.875 ===
 88.67375|I|libbeamng.print:18052| === LSTM_OBS t=70 22.94404,22.16083,23.68048,23.40821,0.36066,8.70273,-9.66745,-0.01168,0.00000,0.00000,0.00342,1.00000,0.00000,-0.00030,-0.02024,6839.70590,0.25000 ===
 88.72340|I|libbeamng.print:18052| === LSTM_TRACE t=80 v=24.12 ws=22.31,20.79,22.97,22.63 cmd=0.792,0.805,0.740,0.759 cap=2434,2487,1433,1467 des=2434,2487,1254,1284 app=2395,2453,1230,1265 abs=nil,nil,nil,nil ebrake=1.00 ibrake=1.00 hasABS=0 sy=9.50 split=1.000,0.875 ===
 88.72345|I|libbeamng.print:18052| === LSTM_OBS t=80 22.31229,20.78641,22.97136,22.62757,0.38717,9.49919,-9.65736,-0.00441,0.00000,0.00000,0.00370,1.00000,0.00000,-0.00050,-0.02078,6630.47261,0.25000 ===
 88.77365|I|libbeamng.print:18052| === LSTM_TRACE t=90 v=23.54 ws=21.49,19.02,22.20,21.58 cmd=0.787,0.780,0.766,0.799 cap=2516,2494,1500,1557 des=2516,2494,1312,1362 app=2483,2465,1291,1346 abs=nil,nil,nil,nil ebrake=1.00 ibrake=1.00 hasABS=0 sy=10.13 split=1.000,0.875 ===
 88.77370|I|libbeamng.print:18052| === LSTM_OBS t=90 21.48745,19.01730,22.19796,21.57937,0.36862,10.12693,-9.65633,0.00632,0.00000,0.00000,0.00378,1.00000,0.00000,-0.00020,-0.02080,6396.20646,0.25000 ===
 88.82394|I|libbeamng.print:18052| === LSTM_TRACE t=100 v=22.94 ws=20.67,17.20,21.69,20.48 cmd=0.847,0.818,0.802,0.839 cap=2306,2261,1525,1597 des=2306,2261,1334,1398 app=2282,2239,1316,1384 abs=nil,nil,nil,nil ebrake=1.00 ibrake=1.00 hasABS=0 sy=10.58 split=1.000,0.875 ===
 88.82400|I|libbeamng.print:18052| === LSTM_OBS t=100 20.67462,17.19779,21.68564,20.48473,0.33919,10.57646,-9.62916,0.03168,0.00000,0.00000,0.00331,1.00000,0.00000,0.00046,-0.02027,6150.68446,0.25000 ===
 88.87443|I|libbeamng.print:18052| === LSTM_TRACE t=110 v=22.37 ws=19.06,14.62,20.98,19.33 cmd=0.768,0.732,0.805,0.846 cap=2363,2246,1553,1636 des=2363,2246,1359,1431 app=2343,2226,1344,1419 abs=nil,nil,nil,nil ebrake=1.00 ibrake=1.00 hasABS=0 sy=10.88 split=1.000,0.875 ===
 88.87446|I|libbeamng.print:18052| === LSTM_OBS t=110 19.06440,14.61987,20.97508,19.33111,0.31221,10.87731,-9.59565,0.02232,0.00000,0.00000,0.00307,1.00000,0.00000,0.00103,-0.01940,5901.84611,0.25000 ===
 88.92489|I|libbeamng.print:18052| === LSTM_TRACE t=120 v=21.81 ws=17.11,11.90,20.32,18.34 cmd=0.810,0.762,0.813,0.851 cap=2422,2292,1584,1658 des=2422,2292,1386,1451 app=2403,2273,1373,1441 abs=nil,nil,nil,nil ebrake=1.00 ibrake=1.00 hasABS=0 sy=11.05 split=1.000,0.875 ===
 88.92496|I|libbeamng.print:18052| === LSTM_OBS t=120 17.10864,11.90446,20.32040,18.33932,0.23895,11.04889,-9.56299,0.04272,0.00000,0.00000,0.00265,1.00000,0.00000,0.00175,-0.01838,5651.11603,0.25000 ===
 88.97358|I|libbeamng.print:18052| === LSTM_TRACE t=130 v=21.25 ws=12.33,7.21,19.67,17.37 cmd=0.873,0.843,0.801,0.820 cap=2672,2566,1558,1600 des=2672,2566,1364,1400 app=2654,2545,1352,1391 abs=nil,nil,nil,nil ebrake=1.00 ibrake=1.00 hasABS=0 sy=11.09 split=1.000,0.875 ===
 88.97362|I|libbeamng.print:18052| === LSTM_OBS t=130 12.33000,7.20810,19.67143,17.37398,0.16132,11.09182,-9.57746,0.04384,0.00000,0.00000,0.00146,1.00000,0.00000,0.00228,-0.01734,5406.84837,0.25000 ===
 89.02383|I|libbeamng.print:18052| === LSTM_TRACE t=140 v=20.72 ws=2.51,0.01,18.56,16.86 cmd=0.980,0.977,0.845,0.842 cap=3017,3010,1640,1635 des=3017,3010,1435,1431 app=2996,2983,1425,1423 abs=nil,nil,nil,nil ebrake=1.00 ibrake=1.00 hasABS=0 sy=11.00 split=1.000,0.875 ===
 89.02388|I|libbeamng.print:18052| === LSTM_OBS t=140 2.51226,0.01215,18.55985,16.85821,0.08532,10.99779,-9.56817,0.03658,0.00000,0.00000,0.00285,1.00000,0.00000,0.00239,-0.01659,5174.58296,0.25000 ===
 89.07373|I|libbeamng.print:18052| === LSTM_TRACE t=150 v=20.27 ws=0.10,0.00,17.62,15.61 cmd=0.991,0.990,0.836,0.831 cap=3073,3069,1622,1611 des=3073,3069,1419,1409 app=3048,3038,1410,1402 abs=nil,nil,nil,nil ebrake=1.00 ibrake=1.00 hasABS=0 sy=10.69 split=1.000,0.875 ===
 89.07377|I|libbeamng.print:18052| === LSTM_OBS t=150 0.09779,0.00030,17.61653,15.61262,0.05000,10.69129,-9.61306,0.02935,0.00000,0.00000,0.00470,1.00000,0.00000,0.00155,-0.01519,4934.63500,0.25000 ===
 89.12499|I|libbeamng.print:18052| === LSTM_TRACE t=160 v=19.76 ws=0.05,0.04,17.33,14.89 cmd=0.988,0.987,0.849,0.839 cap=3062,3060,1648,1630 des=3062,3060,1442,1426 app=3034,3025,1434,1420 abs=nil,nil,nil,nil ebrake=1.00 ibrake=1.00 hasABS=0 sy=10.40 split=1.000,0.875 ===
 89.12507|I|libbeamng.print:18052| === LSTM_OBS t=160 0.04975,0.04232,17.33009,14.88879,-0.02036,10.40272,-9.56699,0.02166,0.00000,0.00000,0.00270,1.00000,0.00000,0.00096,-0.01320,4706.81571,0.25000 ===
 89.17427|I|libbeamng.print:18052| === LSTM_TRACE t=170 v=19.26 ws=0.02,0.03,16.63,14.19 cmd=0.987,0.986,0.853,0.842 cap=3059,3059,1657,1635 des=3059,3059,1450,1431 app=3027,3019,1442,1424 abs=nil,nil,nil,nil ebrake=1.00 ibrake=1.00 hasABS=0 sy=10.28 split=1.000,0.875 ===
 89.17441|I|libbeamng.print:18052| === LSTM_OBS t=170 0.02030,0.02972,16.62895,14.18857,-0.08552,10.27629,-9.57823,0.01053,0.00000,0.00000,0.00210,1.00000,0.00000,0.00082,-0.01133,4496.94764,0.25000 ===
 89.22438|I|libbeamng.print:18052| === LSTM_TRACE t=180 v=18.74 ws=0.01,0.01,15.59,13.49 cmd=0.986,0.986,0.853,0.843 cap=3058,3058,1657,1638 des=3058,3058,1450,1433 app=3022,3015,1443,1427 abs=nil,nil,nil,nil ebrake=1.00 ibrake=1.00 hasABS=0 sy=10.27 split=1.000,0.875 ===
 89.22442|I|libbeamng.print:18052| === LSTM_OBS t=180 0.01150,0.00971,15.58857,13.48617,-0.12187,10.27019,-9.62883,0.00319,0.00000,0.00000,0.00169,1.00000,0.00000,0.00079,-0.00994,4294.35765,0.25000 ===
 89.27391|I|libbeamng.print:18052| === LSTM_TRACE t=190 v=18.22 ws=0.01,0.01,14.99,12.71 cmd=0.988,0.987,0.853,0.844 cap=3061,3060,1657,1640 des=3061,3060,1450,1435 app=3021,3013,1443,1429 abs=nil,nil,nil,nil ebrake=1.00 ibrake=1.00 hasABS=0 sy=10.29 split=1.000,0.875 ===
 89.27396|I|libbeamng.print:18052| === LSTM_OBS t=190 0.01215,0.00738,14.99011,12.70687,-0.13703,10.28922,-9.69887,-0.00285,0.00000,0.00000,0.00216,1.00000,0.00000,0.00072,-0.00887,4092.01247,0.25000 ===
 89.32378|I|libbeamng.print:18052| === LSTM_TRACE t=200 v=17.70 ws=0.01,0.00,14.70,11.82 cmd=0.989,0.988,0.852,0.845 cap=3065,3064,1655,1642 des=3065,3064,1448,1437 app=3021,3013,1443,1431 abs=nil,nil,nil,nil ebrake=1.00 ibrake=1.00 hasABS=0 sy=10.30 split=1.000,0.875 ===
 89.32382|I|libbeamng.print:18052| === LSTM_OBS t=200 0.00648,0.00061,14.70222,11.82105,-0.14175,10.30477,-9.74729,-0.00878,0.00000,0.00000,0.00192,1.00000,0.00000,0.00064,-0.00810,3888.17577,0.25000 ===
 89.37355|I|libbeamng.print:18052| === LSTM_TRACE t=210 v=17.19 ws=0.00,0.00,14.37,10.72 cmd=0.990,0.990,0.852,0.848 cap=3070,3068,1656,1646 des=3070,3068,1449,1440 app=3022,3013,1443,1435 abs=nil,nil,nil,nil ebrake=1.00 ibrake=1.00 hasABS=0 sy=10.31 split=1.000,0.875 ===
 89.37361|I|libbeamng.print:18052| === LSTM_OBS t=210 0.00120,0.00047,14.37024,10.72035,-0.14799,10.31232,-9.79019,-0.00859,0.00000,0.00000,0.00176,1.00000,0.00000,0.00057,-0.00755,3680.08895,0.25000 ===
 89.42356|I|libbeamng.print:18052| === LSTM_TRACE t=220 v=16.67 ws=0.00,0.00,13.84,9.66 cmd=0.992,0.991,0.859,0.854 cap=3074,3072,1668,1658 des=3074,3072,1459,1451 app=3023,3014,1454,1444 abs=nil,nil,nil,nil ebrake=1.00 ibrake=1.00 hasABS=0 sy=10.31 split=1.000,0.875 ===
 89.42362|I|libbeamng.print:18052| === LSTM_OBS t=220 0.00107,0.00015,13.84446,9.66251,-0.14081,10.31287,-9.81269,-0.01618,0.00000,0.00000,0.00176,1.00000,0.00000,0.00055,-0.00718,3469.42542,0.25000 ===
 89.47400|I|libbeamng.print:18052| === LSTM_TRACE t=230 v=16.16 ws=0.00,0.00,13.50,8.24 cmd=0.993,0.992,0.867,0.859 cap=3077,3075,1684,1669 des=3077,3075,1473,1460 app=3022,3013,1468,1453 abs=nil,nil,nil,nil ebrake=1.00 ibrake=1.00 hasABS=0 sy=10.31 split=1.000,0.875 ===
 89.47407|I|libbeamng.print:18052| === LSTM_OBS t=230 0.00239,0.00148,13.49600,8.24396,-0.12644,10.31044,-9.81623,-0.01094,0.00000,0.00000,0.00189,1.00000,0.00000,0.00044,-0.00696,3253.34483,0.25000 ===
 89.52350|I|libbeamng.print:18052| === LSTM_TRACE t=240 v=15.65 ws=0.00,0.00,13.63,6.65 cmd=0.994,0.993,0.872,0.863 cap=3080,3078,1692,1675 des=3080,3078,1481,1466 app=3021,3012,1476,1459 abs=nil,nil,nil,nil ebrake=1.00 ibrake=1.00 hasABS=0 sy=10.28 split=1.000,0.875 ===
 89.52358|I|libbeamng.print:18052| === LSTM_OBS t=240 0.00258,0.00304,13.63421,6.65209,-0.11349,10.27962,-9.80183,-0.01022,0.00000,0.00000,0.00192,1.00000,0.00000,0.00039,-0.00674,3028.14253,0.25000 ===
 89.57465|I|libbeamng.print:18052| === LSTM_TRACE t=250 v=15.14 ws=0.02,0.00,13.47,5.18 cmd=0.995,0.994,0.874,0.865 cap=3084,3081,1699,1681 des=3084,3081,1487,1471 app=3021,3011,1482,1463 abs=nil,nil,nil,nil ebrake=1.00 ibrake=1.00 hasABS=0 sy=10.26 split=1.000,0.875 ===
 89.57471|I|libbeamng.print:18052| === LSTM_OBS t=250 0.01509,0.00091,13.47475,5.17594,-0.09415,10.25595,-9.77920,-0.00844,0.00000,0.00000,0.00176,1.00000,0.00000,0.00038,-0.00652,2798.34301,0.25000 ===
 89.62409|I|libbeamng.print:18052| === LSTM_TRACE t=260 v=14.62 ws=0.02,0.01,13.10,3.53 cmd=0.996,0.995,0.877,0.868 cap=3087,3084,1700,1686 des=3087,3084,1488,1475 app=3021,3011,1483,1467 abs=nil,nil,nil,nil ebrake=1.00 ibrake=1.00 hasABS=0 sy=10.30 split=1.000,0.875 ===
 89.62417|I|libbeamng.print:18052| === LSTM_OBS t=260 0.01982,0.00660,13.09873,3.52727,-0.05621,10.29969,-9.78467,-0.00465,0.00000,0.00000,0.00189,1.00000,0.00000,-0.00012,-0.00670,2576.29202,0.25000 ===
 89.67428|I|libbeamng.print:18052| === LSTM_TRACE t=270 v=14.11 ws=0.01,0.01,13.13,2.70 cmd=0.997,0.996,0.879,0.871 cap=3089,3086,1700,1691 des=3089,3086,1488,1479 app=3019,3010,1483,1469 abs=nil,nil,nil,nil ebrake=1.00 ibrake=1.00 hasABS=0 sy=10.27 split=1.000,0.875 ===
 89.67433|I|libbeamng.print:18052| === LSTM_OBS t=270 0.00657,0.01295,13.13489,2.70486,-0.07142,10.27340,-9.83701,0.00991,0.00000,0.00000,0.00261,1.00000,0.00000,-0.00049,-0.00720,2344.36601,0.25000 ===
 89.72379|I|libbeamng.print:18052| === LSTM_TRACE t=280 v=13.61 ws=0.01,0.00,12.91,0.26 cmd=0.997,0.996,0.880,0.872 cap=3091,3087,1700,1694 des=3091,3087,1488,1483 app=3017,3008,1483,1471 abs=nil,nil,nil,nil ebrake=1.00 ibrake=1.00 hasABS=0 sy=10.24 split=1.000,0.875 ===
 89.72384|I|libbeamng.print:18052| === LSTM_OBS t=280 0.00956,0.00144,12.91497,0.25650,-0.02273,10.23874,-9.81985,0.01714,0.00000,0.00000,0.00154,1.00000,0.00000,-0.00079,-0.00771,2096.98456,0.25000 ===
 89.77383|I|libbeamng.print:18052| === LSTM_TRACE t=290 v=13.12 ws=0.03,0.01,12.07,0.01 cmd=0.996,0.995,0.883,0.878 cap=3088,3085,1700,1700 des=3088,3085,1488,1488 app=3012,3002,1483,1474 abs=nil,nil,nil,nil ebrake=1.00 ibrake=1.00 hasABS=0 sy=10.10 split=1.000,0.875 ===
 89.77389|I|libbeamng.print:18052| === LSTM_OBS t=290 0.02682,0.00750,12.06569,0.01219,-0.04592,10.10411,-9.77130,0.01579,0.00000,0.00000,0.00420,1.00000,0.00000,-0.00017,-0.00739,1828.72016,0.25000 ===
 89.82471|I|libbeamng.print:18052| === LSTM_TRACE t=300 v=12.61 ws=0.01,0.01,10.19,0.02 cmd=0.997,0.996,0.885,0.880 cap=3089,3086,1700,1700 des=3089,3086,1488,1488 app=3010,3001,1483,1473 abs=nil,nil,nil,nil ebrake=1.00 ibrake=1.00 hasABS=0 sy=10.11 split=1.000,0.875 ===
 89.82476|I|libbeamng.print:18052| === LSTM_OBS t=300 0.01135,0.01432,10.19068,0.01729,-0.01658,10.10845,-9.75084,0.01909,0.00000,0.00000,0.00349,1.00000,0.00000,-0.00046,-0.00741,1625.87903,0.25000 ===
 89.87398|I|libbeamng.print:18052| === LSTM_TRACE t=310 v=12.10 ws=0.01,0.01,8.74,0.04 cmd=0.997,0.996,0.883,0.881 cap=3091,3088,1700,1700 des=3091,3088,1488,1488 app=3008,2999,1483,1471 abs=nil,nil,nil,nil ebrake=1.00 ibrake=1.00 hasABS=0 sy=10.13 split=1.000,0.875 ===
 89.87403|I|libbeamng.print:18052| === LSTM_OBS t=310 0.00602,0.00661,8.74133,0.03580,-0.06571,10.12592,-9.75634,0.02048,0.00000,0.00000,0.00229,1.00000,0.00000,-0.00080,-0.00775,1418.40941,0.25000 ===
 89.92412|I|libbeamng.print:18052| === LSTM_TRACE t=320 v=11.60 ws=0.00,0.00,6.59,0.00 cmd=0.997,0.996,0.881,0.882 cap=3091,3088,1700,1700 des=3091,3088,1488,1488 app=3006,2997,1482,1469 abs=nil,nil,nil,nil ebrake=1.00 ibrake=1.00 hasABS=0 sy=10.12 split=1.000,0.875 ===
 89.92416|I|libbeamng.print:18052| === LSTM_OBS t=320 0.00265,0.00445,6.59137,0.00411,-0.09656,10.12471,-9.75932,0.02135,0.00000,0.00000,0.00198,1.00000,0.00000,-0.00080,-0.00804,1209.40851,0.25000 ===
 89.97381|I|libbeamng.print:18052| === LSTM_TRACE t=330 v=11.09 ws=0.00,0.01,4.79,0.04 cmd=0.997,0.996,0.880,0.883 cap=3091,3088,1700,1700 des=3091,3088,1488,1488 app=3003,2995,1482,1468 abs=nil,nil,nil,nil ebrake=1.00 ibrake=1.00 hasABS=0 sy=10.11 split=1.000,0.875 ===
 89.97385|I|libbeamng.print:18052| === LSTM_OBS t=330 0.00144,0.01189,4.79112,0.04092,-0.10310,10.11160,-9.74714,0.02385,0.00000,0.00000,0.00280,1.00000,0.00000,-0.00077,-0.00831,998.66850,0.25000 ===
 90.02371|I|libbeamng.print:18052| === LSTM_TRACE t=340 v=10.59 ws=0.01,0.00,2.34,0.01 cmd=0.997,0.997,0.878,0.882 cap=3092,3089,1700,1700 des=3092,3089,1488,1488 app=3002,2993,1481,1467 abs=nil,nil,nil,nil ebrake=1.00 ibrake=1.00 hasABS=0 sy=10.16 split=1.000,0.875 ===
 90.02379|I|libbeamng.print:18052| === LSTM_OBS t=340 0.01245,0.00121,2.33866,0.01474,-0.11637,10.15666,-9.77455,0.02395,0.00000,0.00000,0.00289,1.00000,0.00000,-0.00017,-0.00880,803.72552,0.25000 ===
 90.07383|I|libbeamng.print:18052| === LSTM_TRACE t=350 v=10.08 ws=0.00,0.00,0.20,0.02 cmd=0.997,0.997,0.875,0.881 cap=3092,3090,1700,1700 des=3092,3090,1488,1488 app=3000,2992,1479,1465 abs=nil,nil,nil,nil ebrake=1.00 ibrake=1.00 hasABS=0 sy=10.15 split=1.000,0.875 ===
 90.07388|I|libbeamng.print:18052| === LSTM_OBS t=350 0.00277,0.00088,0.19890,0.02278,-0.10810,10.14549,-9.77954,0.01675,0.00000,0.00000,0.00285,1.00000,0.00000,0.00021,-0.00948,734.13902,0.25000 ===
 90.12415|I|libbeamng.print:18052| === LSTM_TRACE t=360 v=9.59 ws=0.01,0.01,0.07,0.02 cmd=0.997,0.996,0.875,0.881 cap=3091,3089,1700,1700 des=3091,3089,1488,1488 app=2997,2989,1477,1464 abs=nil,nil,nil,nil ebrake=1.00 ibrake=1.00 hasABS=0 sy=10.07 split=1.000,0.875 ===
 90.12420|I|libbeamng.print:18052| === LSTM_OBS t=360 0.00823,0.00710,0.06561,0.02014,-0.12700,10.06953,-9.72552,0.01750,0.00000,0.00000,0.00318,1.00000,0.00000,0.00024,-0.00984,727.87222,0.25000 ===
 90.17717|I|libbeamng.print:18052| === LSTM_TRACE t=370 v=9.08 ws=0.00,0.00,0.05,0.04 cmd=0.997,0.996,0.876,0.881 cap=3091,3088,1700,1700 des=3091,3088,1488,1488 app=2994,2986,1476,1463 abs=nil,nil,nil,nil ebrake=1.00 ibrake=1.00 hasABS=0 sy=10.06 split=1.000,0.875 ===
 90.17724|I|libbeamng.print:18052| === LSTM_OBS t=370 0.00114,0.00401,0.04922,0.03917,-0.13610,10.06492,-9.71899,0.01578,0.00000,0.00000,0.00249,1.00000,0.00000,0.00040,-0.00993,722.15685,0.25000 ===
 90.22384|I|libbeamng.print:18052| === LSTM_TRACE t=380 v=8.57 ws=0.00,0.00,0.03,0.02 cmd=0.997,0.996,0.875,0.882 cap=3090,3088,1700,1700 des=3090,3088,1488,1488 app=2991,2983,1474,1462 abs=nil,nil,nil,nil ebrake=1.00 ibrake=1.00 hasABS=0 sy=10.08 split=1.000,0.875 ===
 90.22389|I|libbeamng.print:18052| === LSTM_OBS t=380 0.00490,0.00147,0.02709,0.01609,-0.14151,10.08122,-9.68085,0.01664,0.00000,0.00000,0.00216,1.00000,0.00000,0.00059,-0.01011,724.39802,0.25000 ===
 90.27391|I|libbeamng.print:18052| === LSTM_TRACE t=390 v=8.05 ws=0.01,0.00,0.02,0.01 cmd=0.996,0.996,0.875,0.883 cap=3089,3087,1700,1700 des=3089,3087,1488,1488 app=2988,2981,1473,1461 abs=nil,nil,nil,nil ebrake=1.00 ibrake=1.00 hasABS=0 sy=10.13 split=1.000,0.875 ===
 90.27396|I|libbeamng.print:18052| === LSTM_OBS t=390 0.00586,0.00034,0.02002,0.01240,-0.14530,10.12578,-9.67313,0.01338,0.00000,0.00000,0.00278,1.00000,0.00000,0.00074,-0.01025,721.16978,0.25000 ===
 90.32420|I|libbeamng.print:18052| === LSTM_TRACE t=400 v=7.53 ws=0.01,0.00,0.00,0.00 cmd=0.996,0.995,0.875,0.884 cap=3088,3086,1700,1700 des=3088,3086,1488,1488 app=2985,2978,1471,1461 abs=nil,nil,nil,nil ebrake=1.00 ibrake=1.00 hasABS=0 sy=10.19 split=1.000,0.875 ===
 90.32427|I|libbeamng.print:18052| === LSTM_OBS t=400 0.00596,0.00306,0.00061,0.00025,-0.15141,10.19306,-9.67465,0.01222,0.00000,0.00000,0.00315,1.00000,0.00000,0.00083,-0.01046,725.16539,0.25000 ===
 90.37411|I|libbeamng.print:18052| === LSTM_TRACE t=410 v=7.00 ws=0.00,0.00,0.00,0.00 cmd=0.996,0.995,0.875,0.885 cap=3087,3084,1700,1700 des=3087,3084,1487,1488 app=2982,2975,1470,1460 abs=nil,nil,nil,nil ebrake=1.00 ibrake=1.00 hasABS=0 sy=10.28 split=1.000,0.875 ===
 90.37416|I|libbeamng.print:18052| === LSTM_OBS t=410 0.00207,0.00003,0.00453,0.00143,-0.16334,10.28497,-9.68707,0.00971,0.00000,0.00000,0.00322,1.00000,0.00000,0.00092,-0.01064,724.70471,0.25000 ===
 90.42429|I|libbeamng.print:18052| === LSTM_TRACE t=420 v=6.47 ws=0.00,0.00,0.00,0.00 cmd=0.995,0.994,0.874,0.886 cap=3085,3082,1699,1700 des=3085,3082,1486,1488 app=2979,2972,1468,1459 abs=nil,nil,nil,nil ebrake=1.00 ibrake=1.00 hasABS=0 sy=10.39 split=1.000,0.875 ===
 90.42433|I|libbeamng.print:18052| === LSTM_OBS t=420 0.00024,0.00382,0.00327,0.00331,-0.17583,10.39401,-9.68381,0.00982,0.00000,0.00000,0.00331,1.00000,0.00000,0.00102,-0.01089,729.85577,0.25000 ===
 90.47363|I|libbeamng.print:18052| === LSTM_TRACE t=430 v=5.93 ws=0.00,0.00,0.00,0.00 cmd=0.993,0.993,0.873,0.887 cap=3080,3078,1697,1700 des=3080,3078,1485,1488 app=2973,2966,1465,1458 abs=nil,nil,nil,nil ebrake=1.00 ibrake=1.00 hasABS=0 sy=10.51 split=1.000,0.875 ===
 90.47373|I|libbeamng.print:18052| === LSTM_OBS t=430 0.00250,0.00174,0.00322,0.00056,-0.18700,10.50967,-9.68082,0.00753,0.00000,0.00000,0.00331,1.00000,0.00000,0.00110,-0.01113,727.83183,0.25000 ===
 90.52545|I|libbeamng.print:18052| === LSTM_TRACE t=440 v=5.38 ws=0.00,0.00,0.00,0.00 cmd=0.990,0.990,0.872,0.889 cap=3071,3070,1695,1700 des=3071,3070,1483,1488 app=2963,2957,1462,1458 abs=nil,nil,nil,nil ebrake=1.00 ibrake=1.00 hasABS=0 sy=10.62 split=1.000,0.875 ===
 90.52551|I|libbeamng.print:18052| === LSTM_OBS t=440 0.00094,0.00325,0.00205,0.00094,-0.19528,10.61840,-9.67630,0.00643,0.00000,0.00000,0.00342,1.00000,0.00000,0.00117,-0.01138,729.67274,0.25000 ===
 90.57436|I|libbeamng.print:18052| === LSTM_TRACE t=450 v=4.82 ws=0.00,0.00,0.01,0.01 cmd=0.984,0.985,0.871,0.892 cap=3053,3054,1693,1700 des=3053,3054,1481,1488 app=2944,2941,1459,1457 abs=nil,nil,nil,nil ebrake=1.00 ibrake=1.00 hasABS=0 sy=10.73 split=1.000,0.875 ===
 90.57441|I|libbeamng.print:18052| === LSTM_OBS t=450 0.00227,0.00099,0.01356,0.01239,-0.20481,10.72873,-9.68097,0.00486,0.00000,0.00000,0.00357,1.00000,0.00000,0.00122,-0.01160,727.76963,0.25000 ===
 90.62456|I|libbeamng.print:18052| === LSTM_TRACE t=460 v=4.26 ws=0.00,0.00,0.00,0.01 cmd=0.975,0.977,0.869,0.893 cap=3026,3032,1688,1700 des=3026,3032,1477,1488 app=2917,2918,1455,1457 abs=nil,nil,nil,nil ebrake=1.00 ibrake=1.00 hasABS=0 sy=10.86 split=1.000,0.875 ===
 90.62460|I|libbeamng.print:18052| === LSTM_OBS t=460 0.00107,0.00459,0.00388,0.00765,-0.21435,10.86447,-9.68939,0.00370,0.00000,0.00000,0.00369,1.00000,0.00000,0.00129,-0.01193,729.09808,0.25000 ===
 90.67417|I|libbeamng.print:18052| === LSTM_TRACE t=470 v=3.69 ws=0.00,0.00,0.00,0.00 cmd=0.964,0.968,0.865,0.892 cap=2992,3004,1682,1700 des=2992,3004,1472,1488 app=2883,2890,1448,1457 abs=nil,nil,nil,nil ebrake=1.00 ibrake=1.00 hasABS=0 sy=11.00 split=1.000,0.875 ===
 90.67422|I|libbeamng.print:18052| === LSTM_OBS t=470 0.00431,0.00101,0.00397,0.00283,-0.22218,10.99556,-9.69012,0.00318,0.00000,0.00000,0.00392,1.00000,0.00000,0.00135,-0.01226,727.47243,0.25000 ===
 90.72647|I|libbeamng.print:18052| === LSTM_TRACE t=480 v=3.12 ws=0.00,0.00,0.00,0.00 cmd=0.953,0.957,0.860,0.890 cap=2957,2970,1672,1700 des=2957,2970,1463,1488 app=2848,2856,1439,1456 abs=nil,nil,nil,nil ebrake=1.00 ibrake=1.00 hasABS=0 sy=11.12 split=1.000,0.875 ===
 90.72653|I|libbeamng.print:18052| === LSTM_OBS t=480 0.00274,0.00351,0.00089,0.00149,-0.22995,11.11928,-9.68040,0.00305,0.00000,0.00000,0.00401,1.00000,0.00000,0.00141,-0.01256,729.50151,0.25000 ===
 90.77426|I|libbeamng.print:18052| === LSTM_TRACE t=490 v=2.54 ws=0.00,0.00,0.00,0.00 cmd=0.940,0.944,0.850,0.881 cap=2919,2930,1654,1700 des=2919,2930,1447,1488 app=2810,2817,1423,1456 abs=nil,nil,nil,nil ebrake=1.00 ibrake=1.00 hasABS=0 sy=11.23 split=1.000,0.875 ===
 90.77430|I|libbeamng.print:18052| === LSTM_OBS t=490 0.00459,0.00095,0.00464,0.00464,-0.23753,11.22942,-9.66993,0.00155,0.00000,0.00000,0.00404,1.00000,0.00000,0.00145,-0.01277,727.13441,0.25000 ===
 90.82419|I|libbeamng.print:18052| === LSTM_TRACE t=500 v=1.96 ws=0.00,0.00,0.01,0.01 cmd=0.931,0.934,0.834,0.862 cap=2888,2898,1624,1679 des=2888,2898,1421,1469 app=2779,2786,1397,1438 abs=nil,nil,nil,nil ebrake=1.00 ibrake=1.00 hasABS=0 sy=11.34 split=1.000,0.875 ===
 90.82428|I|libbeamng.print:18052| === LSTM_OBS t=500 0.00222,0.00255,0.00805,0.00567,-0.24485,11.34234,-9.65949,0.00142,0.00000,0.00000,0.00417,1.00000,0.00000,0.00150,-0.01292,730.17387,0.25000 ===
 90.87389|I|libbeamng.print:18052| === LSTM_TRACE t=510 v=1.37 ws=0.00,0.00,0.51,0.28 cmd=0.919,0.925,0.812,0.835 cap=2853,2871,1583,1628 des=2853,2871,1385,1425 app=2745,2759,1361,1394 abs=nil,nil,nil,nil ebrake=1.00 ibrake=1.00 hasABS=0 sy=11.44 split=1.000,0.875 ===
 90.87395|I|libbeamng.print:18052| === LSTM_OBS t=510 0.00271,0.00064,0.50612,0.28368,-0.25556,11.44207,-9.64992,0.00108,0.00000,0.00000,0.00424,1.00000,0.00000,0.00157,-0.01296,729.08742,0.25000 ===
 90.92420|I|libbeamng.print:18052| === LSTM_TRACE t=520 v=0.80 ws=0.00,0.00,0.66,0.90 cmd=0.905,0.915,0.779,0.799 cap=2809,2839,1518,1558 des=2809,2839,1329,1363 app=2702,2727,1305,1334 abs=nil,nil,nil,nil ebrake=1.00 ibrake=1.00 hasABS=0 sy=11.46 split=1.000,0.875 ===
 90.92426|I|libbeamng.print:18052| === LSTM_OBS t=520 0.00206,0.00130,0.66389,0.89730,-0.26482,11.46377,-9.63100,-0.00614,0.00000,0.00000,0.00423,1.00000,0.00000,0.00172,-0.01274,730.93446,0.25000 ===
 94.81815|I|libbeamng.print:18052| === LSTM_ABS: lens 'band_g_mix_b1o1_s2' loaded (1 member, 17 in, 64 hidden, 2 layers) ===
 94.81974|I|libbeamng.print:18052| === LSTM_ABS SELFTEST lens=band_g_mix_b1o1_s2 cmd=0.998575,0.997623,0.847459,0.881649 ===
125.15771|I|libbeamng.print:18052| === LSTM_TRACE t=0 v=27.71 ws=27.68,27.76,27.33,27.32 cmd=0.776,0.791,0.501,0.519 cap=155,155,97,97 des=155,155,85,85 app=148,148,83,82 abs=nil,nil,nil,nil ebrake=1.00 ibrake=1.00 hasABS=0 sy=1.58 split=1.000,0.875 ===
125.15776|I|libbeamng.print:18052| === LSTM_OBS t=0 27.68077,27.75563,27.32857,27.32374,-0.05204,1.58314,-9.77061,0.00624,0.00000,0.00000,0.00049,1.00000,0.00000,0.00100,-0.00910,7859.68568,0.25000 ===
125.20692|I|libbeamng.print:18052| === LSTM_TRACE t=10 v=27.46 ws=26.45,26.21,26.56,26.86 cmd=0.501,0.587,0.728,0.663 cap=1495,1747,1388,1263 des=1495,1747,1214,1106 app=1432,1672,1186,1077 abs=nil,nil,nil,nil ebrake=1.00 ibrake=1.00 hasABS=0 sy=2.03 split=1.000,0.875 ===
125.20697|I|libbeamng.print:18052| === LSTM_OBS t=10 26.45366,26.21315,26.56100,26.86477,-0.00784,2.03138,-9.75141,-0.00858,0.00000,0.00000,0.00134,1.00000,0.00000,0.00108,-0.00985,7767.86797,0.25000 ===
125.22961|I|libbeamng.print:18052| === LSTM_ABS DBG raw=25.8675,25.5873,26.1171,26.4614,0.0200,2.5754,-9.7055,-0.0013,0.0000,0.0000,0.0016,1.0000,0.0000,0.0011,-0.0107,7679.0001,0.2500 ===
125.22967|I|libbeamng.print:18052| === LSTM_ABS DBG norm=0.53,0.45,0.50,0.50,-0.14,-2.11,0.00,0.01,0.06,-0.06,-0.05,0.59,-0.02,0.00,0.00,3.80,0.00 ===
125.22969|I|libbeamng.print:18052| === LSTM_ABS DBG cmd=0.6083,0.6862,0.7735,0.7198 ===
125.25716|I|libbeamng.print:18052| === LSTM_TRACE t=20 v=26.98 ws=24.94,24.73,25.48,25.81 cmd=0.732,0.769,0.792,0.769 cap=2235,2368,1534,1478 des=2235,2368,1343,1294 app=2158,2287,1319,1268 abs=nil,nil,nil,nil ebrake=1.00 ibrake=1.00 hasABS=0 sy=3.59 split=1.000,0.875 ===
125.25721|I|libbeamng.print:18052| === LSTM_OBS t=20 24.94442,24.73329,25.47620,25.81006,0.04732,3.59068,-9.54493,-0.00645,0.00000,0.00000,0.00226,1.00000,0.00000,0.00113,-0.01211,7515.21426,0.25000 ===
125.30803|I|libbeamng.print:18052| === LSTM_TRACE t=30 v=26.44 ws=23.73,23.29,24.49,24.99 cmd=0.787,0.799,0.796,0.792 cap=2449,2487,1549,1545 des=2449,2487,1356,1352 app=2383,2421,1338,1332 abs=nil,nil,nil,nil ebrake=1.00 ibrake=1.00 hasABS=0 sy=5.53 split=1.000,0.875 ===
125.30810|I|libbeamng.print:18052| === LSTM_OBS t=30 23.72905,23.28846,24.49462,24.99006,0.01106,5.53358,-9.40088,-0.00013,0.00000,0.00000,0.00265,1.00000,0.00000,0.00129,-0.01462,7227.43308,0.25000 ===
125.35725|I|libbeamng.print:18052| === LSTM_TRACE t=40 v=25.84 ws=22.96,22.75,23.40,24.21 cmd=0.805,0.811,0.768,0.760 cap=2421,2439,1500,1480 des=2421,2439,1312,1295 app=2370,2388,1299,1280 abs=nil,nil,nil,nil ebrake=1.00 ibrake=1.00 hasABS=0 sy=7.25 split=1.000,0.875 ===
125.35731|I|libbeamng.print:18052| === LSTM_OBS t=40 22.96383,22.74859,23.40170,24.20549,-0.00212,7.25150,-9.42740,-0.01149,0.00000,0.00000,0.00254,1.00000,0.00000,0.00148,-0.01654,6960.79930,0.25000 ===
125.40795|I|libbeamng.print:18052| === LSTM_TRACE t=50 v=25.22 ws=22.31,22.48,22.57,23.63 cmd=0.800,0.801,0.745,0.749 cap=2490,2490,1448,1457 des=2490,2490,1267,1275 app=2449,2449,1258,1264 abs=nil,nil,nil,nil ebrake=1.00 ibrake=1.00 hasABS=0 sy=8.63 split=1.000,0.875 ===
125.40800|I|libbeamng.print:18052| === LSTM_OBS t=50 22.30919,22.47505,22.57157,23.62645,-0.00053,8.63033,-9.55130,-0.01956,0.00000,0.00000,0.00322,1.00000,0.00000,0.00157,-0.01785,6729.72428,0.25000 ===
125.45700|I|libbeamng.print:18052| === LSTM_TRACE t=60 v=24.60 ws=21.38,22.02,21.76,22.92 cmd=0.784,0.784,0.747,0.745 cap=2554,2558,1452,1452 des=2554,2558,1270,1270 app=2520,2525,1263,1262 abs=nil,nil,nil,nil ebrake=1.00 ibrake=1.00 hasABS=0 sy=9.69 split=1.000,0.875 ===
125.45709|I|libbeamng.print:18052| === LSTM_OBS t=60 21.38190,22.02333,21.76382,22.91966,0.03183,9.69111,-9.69753,-0.01759,0.00000,0.00000,0.00350,1.00000,0.00000,0.00130,-0.01855,6518.89864,0.25000 ===
125.51091|I|libbeamng.print:18052| === LSTM_TRACE t=70 v=23.99 ws=20.39,21.53,21.15,22.25 cmd=0.777,0.779,0.747,0.741 cap=2429,2434,1449,1436 des=2429,2434,1268,1256 app=2404,2410,1262,1250 abs=nil,nil,nil,nil ebrake=1.00 ibrake=1.00 hasABS=0 sy=10.51 split=1.000,0.875 ===
125.51100|I|libbeamng.print:18052| === LSTM_OBS t=70 20.39136,21.52563,21.15333,22.24708,0.09182,10.51201,-9.79462,-0.02555,0.00000,0.00000,0.00372,1.00000,0.00000,0.00074,-0.01870,6292.89667,0.25000 ===
125.56084|I|libbeamng.print:18052| === LSTM_TRACE t=80 v=23.40 ws=19.42,21.33,20.60,21.43 cmd=0.771,0.766,0.738,0.731 cap=2367,2351,1435,1423 des=2367,2351,1256,1246 app=2347,2333,1251,1240 abs=nil,nil,nil,nil ebrake=1.00 ibrake=1.00 hasABS=0 sy=10.98 split=1.000,0.875 ===
125.56089|I|libbeamng.print:18052| === LSTM_OBS t=80 19.41770,21.33407,20.60216,21.43136,0.14881,10.97658,-9.81969,-0.02517,0.00000,0.00000,0.00335,1.00000,0.00000,0.00003,-0.01833,6086.87069,0.25000 ===
125.61061|I|libbeamng.print:18052| === LSTM_TRACE t=90 v=22.80 ws=18.42,20.95,20.01,20.64 cmd=0.757,0.747,0.739,0.729 cap=2307,2266,1430,1410 des=2307,2266,1251,1234 app=2291,2252,1247,1230 abs=nil,nil,nil,nil ebrake=1.00 ibrake=1.00 hasABS=0 sy=11.27 split=1.000,0.875 ===
125.61067|I|libbeamng.print:18052| === LSTM_OBS t=90 18.42291,20.95432,20.00868,20.63611,0.21492,11.26947,-9.77487,-0.03284,0.00000,0.00000,0.00372,1.00000,0.00000,-0.00061,-0.01777,5889.48444,0.25000 ===
125.66094|I|libbeamng.print:18052| === LSTM_TRACE t=100 v=22.21 ws=17.24,20.57,19.45,19.77 cmd=0.717,0.698,0.734,0.720 cap=2466,2439,1436,1412 des=2466,2439,1256,1235 app=2452,2427,1253,1232 abs=nil,nil,nil,nil ebrake=1.00 ibrake=1.00 hasABS=0 sy=11.44 split=1.000,0.875 ===
125.66100|I|libbeamng.print:18052| === LSTM_OBS t=100 17.23831,20.56979,19.44526,19.76844,0.26936,11.43652,-9.70593,-0.02813,0.00000,0.00000,0.00406,1.00000,0.00000,-0.00096,-0.01726,5697.50024,0.25000 ===
125.70712|I|libbeamng.print:18052| === LSTM_TRACE t=110 v=21.62 ws=16.36,20.26,19.00,18.98 cmd=0.652,0.636,0.734,0.716 cap=2234,2167,1424,1389 des=2234,2167,1246,1216 app=2222,2158,1243,1213 abs=nil,nil,nil,nil ebrake=1.00 ibrake=1.00 hasABS=0 sy=11.53 split=1.000,0.875 ===
125.70716|I|libbeamng.print:18052| === LSTM_OBS t=110 16.36455,20.26037,18.99638,18.97962,0.33425,11.53436,-9.66280,-0.01781,0.00000,0.00000,0.00244,1.00000,0.00000,-0.00118,-0.01676,5525.89647,0.25000 ===
125.75752|I|libbeamng.print:18052| === LSTM_TRACE t=120 v=21.04 ws=15.84,19.76,18.64,18.04 cmd=0.638,0.611,0.733,0.715 cap=2463,2406,1428,1395 des=2463,2406,1250,1221 app=2452,2398,1248,1218 abs=nil,nil,nil,nil ebrake=1.00 ibrake=1.00 hasABS=0 sy=11.59 split=1.000,0.875 ===
125.75756|I|libbeamng.print:18052| === LSTM_OBS t=120 15.83994,19.75549,18.63712,18.04385,0.39033,11.58656,-9.61559,-0.00948,0.00000,0.00000,0.00274,1.00000,0.00000,-0.00149,-0.01645,5342.06844,0.25000 ===
125.80711|I|libbeamng.print:18052| === LSTM_TRACE t=130 v=20.45 ws=15.41,19.22,18.28,17.35 cmd=0.695,0.685,0.737,0.711 cap=1918,1832,1422,1385 des=1918,1832,1244,1211 app=1936,1831,1243,1209 abs=nil,nil,nil,nil ebrake=1.00 ibrake=1.00 hasABS=0 sy=11.60 split=1.000,0.875 ===
125.80716|I|libbeamng.print:18052| === LSTM_OBS t=130 15.40630,19.22403,18.28176,17.35280,0.43818,11.60243,-9.59947,-0.01009,0.00000,0.00000,0.00274,1.00000,0.00000,-0.00175,-0.01620,5161.61316,0.25000 ===
125.85733|I|libbeamng.print:18052| === LSTM_TRACE t=140 v=19.88 ws=15.01,18.42,17.98,16.29 cmd=0.687,0.667,0.731,0.705 cap=2316,2258,1425,1380 des=2316,2258,1247,1207 app=2308,2254,1246,1205 abs=nil,nil,nil,nil ebrake=1.00 ibrake=1.00 hasABS=0 sy=11.62 split=1.000,0.875 ===
125.85738|I|libbeamng.print:18052| === LSTM_OBS t=140 15.01214,18.41782,17.98263,16.29409,0.46521,11.62020,-9.62256,-0.00982,0.00000,0.00000,0.00305,1.00000,0.00000,-0.00182,-0.01602,4981.20684,0.25000 ===
125.90752|I|libbeamng.print:18052| === LSTM_TRACE t=150 v=19.29 ws=14.13,17.61,17.69,15.43 cmd=0.741,0.715,0.722,0.692 cap=2475,2406,1415,1370 des=2475,2406,1238,1199 app=2468,2402,1237,1197 abs=nil,nil,nil,nil ebrake=1.00 ibrake=1.00 hasABS=0 sy=11.64 split=1.000,0.875 ===
125.90761|I|libbeamng.print:18052| === LSTM_OBS t=150 14.12941,17.61440,17.68523,15.43113,0.49302,11.64491,-9.64270,-0.00426,0.00000,0.00000,0.00249,1.00000,0.00000,-0.00173,-0.01597,4804.19998,0.25000 ===
125.95712|I|libbeamng.print:18052| === LSTM_TRACE t=160 v=18.70 ws=12.32,16.58,17.07,14.63 cmd=0.730,0.713,0.705,0.676 cap=2371,2317,1381,1331 des=2371,2317,1209,1165 app=2365,2314,1208,1163 abs=nil,nil,nil,nil ebrake=1.00 ibrake=1.00 hasABS=0 sy=11.66 split=1.000,0.875 ===
125.95717|I|libbeamng.print:18052| === LSTM_OBS t=160 12.32072,16.58376,17.06670,14.63220,0.49959,11.65838,-9.64398,0.01278,0.00000,0.00000,0.00261,1.00000,0.00000,-0.00142,-0.01600,4630.03639,0.25000 ===
126.00802|I|libbeamng.print:18052| === LSTM_TRACE t=170 v=18.14 ws=10.03,16.23,16.10,13.30 cmd=0.658,0.641,0.653,0.639 cap=2535,2500,1293,1260 des=2535,2500,1131,1102 app=2529,2498,1131,1101 abs=nil,nil,nil,nil ebrake=1.00 ibrake=1.00 hasABS=0 sy=11.65 split=1.000,0.875 ===
126.00812|I|libbeamng.print:18052| === LSTM_OBS t=170 10.03423,16.23225,16.09991,13.30415,0.47642,11.64909,-9.63781,0.00993,0.00000,0.00000,0.00318,1.00000,0.00000,-0.00102,-0.01614,4476.86926,0.25000 ===
126.05711|I|libbeamng.print:18052| === LSTM_TRACE t=180 v=17.55 ws=8.00,16.41,15.01,11.97 cmd=0.684,0.710,0.500,0.477 cap=1539,1591,998,964 des=1539,1591,873,843 app=1757,1775,872,842 abs=nil,nil,nil,nil ebrake=1.00 ibrake=1.00 hasABS=0 sy=11.54 split=1.000,0.875 ===
126.05716|I|libbeamng.print:18052| === LSTM_OBS t=180 8.00335,16.40754,15.00989,11.97289,0.43565,11.54064,-9.66521,0.01618,0.00000,0.00000,0.00091,1.00000,0.00000,-0.00068,-0.01628,4378.32146,0.25000 ===
126.10722|I|libbeamng.print:18052| === LSTM_TRACE t=190 v=17.02 ws=6.57,16.11,14.28,10.75 cmd=0.530,0.508,0.479,0.504 cap=2444,2416,933,962 des=2444,2416,816,842 app=2332,2313,816,840 abs=nil,nil,nil,nil ebrake=1.00 ibrake=1.00 hasABS=0 sy=11.44 split=1.000,0.875 ===
126.10728|I|libbeamng.print:18052| === LSTM_OBS t=190 6.57327,16.11050,14.27569,10.75205,0.36363,11.43728,-9.64052,0.00605,0.00000,0.00000,0.00311,1.00000,0.00000,-0.00066,-0.01651,4359.01943,0.25000 ===
126.15772|I|libbeamng.print:18052| === LSTM_TRACE t=200 v=16.47 ws=5.84,15.87,14.26,8.92 cmd=0.692,0.723,0.612,0.635 cap=1118,1160,1142,1189 des=1118,1160,999,1040 app=1559,1539,998,1038 abs=nil,nil,nil,nil ebrake=1.00 ibrake=1.00 hasABS=0 sy=11.28 split=1.000,0.875 ===
126.15778|I|libbeamng.print:18052| === LSTM_OBS t=200 5.83638,15.86980,14.25686,8.91839,0.27577,11.27636,-9.70004,0.01044,0.00000,0.00000,0.00104,1.00000,0.00000,-0.00052,-0.01699,4350.84363,0.25000 ===
126.20766|I|libbeamng.print:18052| === LSTM_TRACE t=210 v=15.97 ws=5.31,15.39,14.31,6.75 cmd=0.655,0.642,0.632,0.682 cap=2424,2476,1250,1318 des=2424,2476,1094,1153 app=2098,2231,1093,1150 abs=nil,nil,nil,nil ebrake=1.00 ibrake=1.00 hasABS=0 sy=11.07 split=1.000,0.875 ===
126.20773|I|libbeamng.print:18052| === LSTM_OBS t=210 5.30800,15.39000,14.31373,6.75093,0.20145,11.07077,-9.70781,0.01524,0.00000,0.00000,0.00407,1.00000,0.00000,-0.00001,-0.01726,4262.32648,0.25000 ===
126.25745|I|libbeamng.print:18052| === LSTM_TRACE t=220 v=15.46 ws=4.81,14.65,14.64,4.89 cmd=0.451,0.492,0.651,0.709 cap=1213,1250,1240,1363 des=1213,1250,1085,1192 app=1654,1646,1084,1189 abs=nil,nil,nil,nil ebrake=1.00 ibrake=1.00 hasABS=0 sy=10.81 split=1.000,0.875 ===
126.25751|I|libbeamng.print:18052| === LSTM_OBS t=220 4.81289,14.64723,14.63710,4.89408,0.17169,10.81226,-9.65712,0.02792,0.00000,0.00000,0.00239,1.00000,0.00000,0.00082,-0.01660,4118.12935,0.25000 ===
126.30707|I|libbeamng.print:18052| === LSTM_TRACE t=230 v=14.96 ws=5.44,14.51,14.76,3.65 cmd=0.775,0.792,0.644,0.712 cap=1946,2086,1270,1393 des=1946,2086,1111,1219 app=1777,1911,1110,1215 abs=nil,nil,nil,nil ebrake=1.00 ibrake=1.00 hasABS=0 sy=10.66 split=1.000,0.875 ===
126.30711|I|libbeamng.print:18052| === LSTM_OBS t=230 5.43624,14.50504,14.76062,3.64625,0.17451,10.66351,-9.60248,0.02044,0.00000,0.00000,0.00328,1.00000,0.00000,0.00069,-0.01603,3968.80272,0.25000 ===
126.35719|I|libbeamng.print:18052| === LSTM_TRACE t=240 v=14.46 ws=5.04,13.55,13.85,3.28 cmd=0.396,0.410,0.632,0.713 cap=1897,1911,1221,1385 des=1897,1911,1069,1211 app=1887,1932,1068,1206 abs=nil,nil,nil,nil ebrake=1.00 ibrake=1.00 hasABS=0 sy=10.44 split=1.000,0.875 ===
126.35725|I|libbeamng.print:18052| === LSTM_OBS t=240 5.04053,13.55431,13.85330,3.27945,0.13218,10.43598,-9.59601,0.03576,0.00000,0.00000,0.00360,1.00000,0.00000,0.00051,-0.01542,3789.12462,0.25000 ===
126.40745|I|libbeamng.print:18052| === LSTM_TRACE t=250 v=13.94 ws=4.83,13.43,13.27,2.76 cmd=0.592,0.639,0.644,0.723 cap=1139,1256,1235,1392 des=1139,1256,1080,1218 app=1569,1612,1080,1212 abs=nil,nil,nil,nil ebrake=1.00 ibrake=1.00 hasABS=0 sy=10.28 split=1.000,0.875 ===
126.40749|I|libbeamng.print:18052| === LSTM_OBS t=250 4.82845,13.42774,13.27274,2.75597,0.06809,10.27792,-9.58756,0.02554,0.00000,0.00000,0.00270,1.00000,0.00000,0.00139,-0.01487,3603.05151,0.25000 ===
126.45790|I|libbeamng.print:18052| === LSTM_TRACE t=260 v=13.45 ws=4.66,12.78,12.98,2.39 cmd=0.443,0.461,0.617,0.701 cap=2343,2402,1219,1385 des=2343,2402,1066,1212 app=2329,2401,1066,1205 abs=nil,nil,nil,nil ebrake=1.00 ibrake=1.00 hasABS=0 sy=10.22 split=1.000,0.875 ===
126.45795|I|libbeamng.print:18052| === LSTM_OBS t=260 4.65971,12.78008,12.97851,2.39483,-0.05320,10.21601,-9.56454,0.01136,0.00000,0.00000,0.00503,1.00000,0.00000,0.00266,-0.01407,3420.57898,0.25000 ===
126.50706|I|libbeamng.print:18052| === LSTM_TRACE t=270 v=12.95 ws=4.39,11.93,12.31,2.07 cmd=0.336,0.388,0.650,0.725 cap=1131,1182,1214,1382 des=1131,1182,1062,1209 app=1917,1934,1061,1202 abs=nil,nil,nil,nil ebrake=1.00 ibrake=1.00 hasABS=0 sy=10.16 split=1.000,0.875 ===
126.50711|I|libbeamng.print:18052| === LSTM_OBS t=270 4.39367,11.92760,12.30786,2.06935,-0.09826,10.16384,-9.57369,0.00968,0.00000,0.00000,0.00134,1.00000,0.00000,0.00387,-0.01324,3239.98901,0.25000 ===
126.55726|I|libbeamng.print:18052| === LSTM_TRACE t=280 v=12.46 ws=4.59,11.99,11.65,2.20 cmd=0.671,0.700,0.650,0.733 cap=1999,2084,1268,1424 des=1999,2084,1109,1246 app=1986,2083,1108,1238 abs=nil,nil,nil,nil ebrake=1.00 ibrake=1.00 hasABS=0 sy=10.11 split=1.000,0.875 ===
126.55731|I|libbeamng.print:18052| === LSTM_OBS t=280 4.58721,11.99038,11.65073,2.19939,-0.16543,10.11130,-9.59811,0.00986,0.00000,0.00000,0.00142,1.00000,0.00000,0.00448,-0.01274,3057.11397,0.25000 ===
126.60723|I|libbeamng.print:18052| === LSTM_TRACE t=290 v=11.93 ws=3.79,11.21,11.72,1.19 cmd=0.399,0.434,0.653,0.743 cap=1617,1659,1246,1436 des=1617,1659,1091,1257 app=1851,1919,1090,1248 abs=nil,nil,nil,nil ebrake=1.00 ibrake=1.00 hasABS=0 sy=10.11 split=1.000,0.875 ===
126.60728|I|libbeamng.print:18052| === LSTM_OBS t=290 3.78817,11.21446,11.72020,1.18508,-0.17023,10.10828,-9.60037,0.01366,0.00000,0.00000,0.00244,1.00000,0.00000,0.00439,-0.01246,2887.83519,0.25000 ===
126.65732|I|libbeamng.print:18052| === LSTM_TRACE t=300 v=11.42 ws=4.10,10.88,11.04,1.08 cmd=0.660,0.697,0.660,0.750 cap=1700,1827,1286,1462 des=1700,1827,1126,1280 app=1687,1826,1125,1270 abs=nil,nil,nil,nil ebrake=1.00 ibrake=1.00 hasABS=0 sy=10.13 split=1.000,0.875 ===
126.65737|I|libbeamng.print:18052| === LSTM_OBS t=300 4.10117,10.87716,11.04388,1.07573,-0.24437,10.13496,-9.63353,0.01328,0.00000,0.00000,0.00254,1.00000,0.00000,0.00442,-0.01205,2709.00592,0.25000 ===
126.70845|I|libbeamng.print:18052| === LSTM_TRACE t=310 v=10.91 ws=3.18,10.17,10.56,0.73 cmd=0.566,0.581,0.670,0.764 cap=2323,2372,1307,1485 des=2323,2372,1143,1299 app=2296,2371,1142,1289 abs=nil,nil,nil,nil ebrake=1.00 ibrake=1.00 hasABS=0 sy=10.21 split=1.000,0.875 ===
126.70851|I|libbeamng.print:18052| === LSTM_OBS t=310 3.17564,10.17394,10.55899,0.72665,-0.29742,10.20510,-9.67405,0.02074,0.00000,0.00000,0.00254,1.00000,0.00000,0.00426,-0.01209,2534.58947,0.25000 ===
126.75732|I|libbeamng.print:18052| === LSTM_TRACE t=320 v=10.39 ws=3.72,9.61,10.12,0.24 cmd=0.668,0.696,0.682,0.778 cap=1574,1626,1306,1506 des=1574,1626,1143,1318 app=1726,1766,1142,1306 abs=nil,nil,nil,nil ebrake=1.00 ibrake=1.00 hasABS=0 sy=10.21 split=1.000,0.875 ===
126.75741|I|libbeamng.print:18052| === LSTM_OBS t=320 3.71874,9.61197,10.11666,0.23869,-0.31163,10.20780,-9.69321,0.01766,0.00000,0.00000,0.00301,1.00000,0.00000,0.00464,-0.01213,2340.00687,0.25000 ===
126.80779|I|libbeamng.print:18052| === LSTM_TRACE t=330 v=9.90 ws=2.46,9.18,9.52,0.06 cmd=0.580,0.588,0.649,0.755 cap=2418,2466,1296,1491 des=2418,2466,1134,1305 app=2397,2464,1133,1293 abs=nil,nil,nil,nil ebrake=1.00 ibrake=1.00 hasABS=0 sy=10.20 split=1.000,0.875 ===
126.80783|I|libbeamng.print:18052| === LSTM_OBS t=330 2.46390,9.18399,9.51977,0.05601,-0.29330,10.20400,-9.75739,0.01059,0.00000,0.00000,0.00577,1.00000,0.00000,0.00562,-0.01160,2142.98978,0.25000 ===
126.85748|I|libbeamng.print:18052| === LSTM_TRACE t=340 v=9.37 ws=1.50,8.74,8.75,0.01 cmd=0.518,0.536,0.665,0.763 cap=1859,1914,1281,1473 des=1859,1914,1121,1289 app=1841,1916,1120,1276 abs=nil,nil,nil,nil ebrake=1.00 ibrake=1.00 hasABS=0 sy=10.20 split=1.000,0.875 ===
126.85755|I|libbeamng.print:18052| === LSTM_OBS t=340 1.49696,8.74482,8.75062,0.00603,-0.22962,10.20040,-9.68391,0.02115,0.00000,0.00000,0.00176,1.00000,0.00000,0.00571,-0.01151,1968.34742,0.25000 ===
126.90735|I|libbeamng.print:18052| === LSTM_TRACE t=350 v=8.85 ws=1.26,8.30,8.25,0.02 cmd=0.710,0.731,0.679,0.766 cap=1635,1734,1312,1485 des=1635,1734,1148,1299 app=1618,1732,1146,1286 abs=nil,nil,nil,nil ebrake=1.00 ibrake=1.00 hasABS=0 sy=10.25 split=1.000,0.875 ===
126.90740|I|libbeamng.print:18052| === LSTM_OBS t=350 1.25877,8.30032,8.24608,0.02492,-0.21820,10.25188,-9.66815,0.01863,0.00000,0.00000,0.00530,1.00000,0.00000,0.00534,-0.01147,1820.00959,0.25000 ===
126.95728|I|libbeamng.print:18052| === LSTM_TRACE t=360 v=8.34 ws=1.19,7.98,7.62,0.02 cmd=0.786,0.794,0.658,0.758 cap=2379,2454,1289,1480 des=2379,2454,1128,1295 app=2044,2210,1126,1282 abs=nil,nil,nil,nil ebrake=1.00 ibrake=1.00 hasABS=0 sy=10.32 split=1.000,0.875 ===
126.95732|I|libbeamng.print:18052| === LSTM_OBS t=360 1.18684,7.98155,7.62233,0.02094,-0.25970,10.31653,-9.62517,0.02672,0.00000,0.00000,0.00417,1.00000,0.00000,0.00479,-0.01192,1679.33064,0.25000 ===
127.00725|I|libbeamng.print:18052| === LSTM_TRACE t=370 v=7.78 ws=0.05,7.06,6.58,0.09 cmd=0.565,0.642,0.694,0.766 cap=1861,2055,1324,1474 des=1861,2055,1159,1290 app=1840,2053,1157,1276 abs=nil,nil,nil,nil ebrake=1.00 ibrake=1.00 hasABS=0 sy=10.46 split=1.000,0.875 ===
127.00730|I|libbeamng.print:18052| === LSTM_OBS t=370 0.05319,7.06347,6.58182,0.09119,-0.30623,10.45537,-9.73354,0.01327,0.00000,0.00000,0.00091,1.00000,0.00000,0.00494,-0.01236,1543.87845,0.25000 ===
127.05785|I|libbeamng.print:18052| === LSTM_TRACE t=380 v=7.25 ws=0.23,6.74,6.02,0.07 cmd=0.716,0.774,0.716,0.783 cap=2080,2300,1396,1518 des=2080,2300,1221,1329 app=2055,2297,1219,1313 abs=nil,nil,nil,nil ebrake=1.00 ibrake=1.00 hasABS=0 sy=10.52 split=1.000,0.875 ===
127.05789|I|libbeamng.print:18052| === LSTM_OBS t=380 0.22891,6.74316,6.01813,0.07334,-0.25251,10.52264,-9.64113,0.01336,0.00000,0.00000,0.00239,1.00000,0.00000,0.00414,-0.01314,1386.46762,0.25000 ===
127.10741|I|libbeamng.print:18052| === LSTM_TRACE t=390 v=6.69 ws=0.00,5.72,5.01,0.01 cmd=0.707,0.766,0.732,0.790 cap=2242,2437,1429,1537 des=2242,2437,1250,1345 app=2213,2433,1248,1329 abs=nil,nil,nil,nil ebrake=1.00 ibrake=1.00 hasABS=0 sy=10.62 split=1.000,0.875 ===
127.10748|I|libbeamng.print:18052| === LSTM_OBS t=390 0.00140,5.72090,5.01260,0.00855,-0.28531,10.61818,-9.69629,0.01779,0.00000,0.00000,0.00427,1.00000,0.00000,0.00439,-0.01353,1227.25667,0.25000 ===
127.15789|I|libbeamng.print:18052| === LSTM_TRACE t=400 v=6.13 ws=0.04,4.91,4.29,0.01 cmd=0.723,0.788,0.754,0.800 cap=2229,2431,1460,1551 des=2229,2431,1277,1357 app=2199,2427,1274,1341 abs=nil,nil,nil,nil ebrake=1.00 ibrake=1.00 hasABS=0 sy=10.77 split=1.000,0.875 ===
127.15794|I|libbeamng.print:18052| === LSTM_OBS t=400 0.04235,4.91427,4.29292,0.01338,-0.22261,10.76737,-9.74042,0.01131,0.00000,0.00000,0.00417,1.00000,0.00000,0.00474,-0.01408,1067.30663,0.25000 ===
127.20687|I|libbeamng.print:18052| === LSTM_TRACE t=410 v=5.60 ws=0.00,3.88,3.43,0.01 cmd=0.713,0.781,0.766,0.800 cap=2224,2428,1487,1559 des=2224,2428,1301,1364 app=2193,2423,1298,1347 abs=nil,nil,nil,nil ebrake=1.00 ibrake=1.00 hasABS=0 sy=10.86 split=1.000,0.875 ===
127.20691|I|libbeamng.print:18052| === LSTM_OBS t=410 0.00390,3.88423,3.42631,0.01484,-0.15342,10.85639,-9.73408,-0.00000,0.00000,0.00000,0.00502,1.00000,0.00000,0.00408,-0.01438,898.92582,0.25000 ===
127.25713|I|libbeamng.print:18052| === LSTM_TRACE t=420 v=5.04 ws=0.01,1.94,2.68,0.07 cmd=0.619,0.741,0.785,0.790 cap=1902,2248,1507,1514 des=1902,2248,1319,1325 app=1874,2242,1315,1308 abs=nil,nil,nil,nil ebrake=1.00 ibrake=1.00 hasABS=0 sy=10.87 split=1.000,0.875 ===
127.25718|I|libbeamng.print:18052| === LSTM_OBS t=420 0.00803,1.93943,2.67836,0.07066,-0.17247,10.87034,-9.72272,-0.00120,0.00000,0.00000,0.00162,1.00000,0.00000,0.00302,-0.01413,759.16627,0.25000 ===
127.30721|I|libbeamng.print:18052| === LSTM_TRACE t=430 v=4.51 ws=0.03,0.25,1.22,0.03 cmd=0.964,0.970,0.819,0.823 cap=2943,2983,1586,1591 des=2943,2983,1388,1392 app=2898,2974,1383,1374 abs=nil,nil,nil,nil ebrake=1.00 ibrake=1.00 hasABS=0 sy=10.83 split=1.000,0.875 ===
127.30726|I|libbeamng.print:18052| === LSTM_OBS t=430 0.02698,0.24921,1.21926,0.02775,-0.15065,10.82952,-9.68899,-0.00311,0.00000,0.00000,0.00527,1.00000,0.00000,0.00144,-0.01359,732.87599,0.25000 ===
127.35729|I|libbeamng.print:18052| === LSTM_TRACE t=440 v=3.98 ws=0.00,0.09,1.21,0.04 cmd=0.989,0.989,0.855,0.845 cap=3066,3066,1655,1642 des=3066,3066,1449,1437 app=3018,3055,1443,1418 abs=nil,nil,nil,nil ebrake=1.00 ibrake=1.00 hasABS=0 sy=10.78 split=1.000,0.875 ===
127.35736|I|libbeamng.print:18052| === LSTM_OBS t=440 0.00401,0.08928,1.20961,0.04145,-0.17546,10.78388,-9.65875,0.00668,0.00000,0.00000,0.00338,1.00000,0.00000,0.00056,-0.01283,732.00960,0.25000 ===
127.40755|I|libbeamng.print:18052| === LSTM_TRACE t=450 v=3.44 ws=0.00,0.04,0.06,0.20 cmd=0.995,0.995,0.867,0.861 cap=3084,3083,1684,1675 des=3084,3083,1473,1465 app=3034,3070,1468,1446 abs=nil,nil,nil,nil ebrake=1.00 ibrake=1.00 hasABS=0 sy=10.75 split=1.000,0.875 ===
127.40759|I|libbeamng.print:18052| === LSTM_OBS t=450 0.00020,0.03841,0.06357,0.20159,-0.21900,10.75261,-9.58198,0.00968,0.00000,0.00000,0.00318,1.00000,0.00000,0.00120,-0.01238,730.60536,0.25000 ===
127.45706|I|libbeamng.print:18052| === LSTM_TRACE t=460 v=2.88 ws=0.00,0.02,0.01,1.34 cmd=0.996,0.995,0.867,0.862 cap=3087,3086,1684,1677 des=3087,3086,1474,1468 app=3035,3071,1467,1448 abs=nil,nil,nil,nil ebrake=1.00 ibrake=1.00 hasABS=0 sy=10.81 split=1.000,0.875 ===
127.45711|I|libbeamng.print:18052| === LSTM_OBS t=460 0.00144,0.02021,0.01342,1.34481,-0.15776,10.81252,-9.53860,-0.00484,0.00000,0.00000,0.00401,1.00000,0.00000,0.00096,-0.01185,730.58783,0.25000 ===
127.50786|I|libbeamng.print:18052| === LSTM_TRACE t=470 v=2.31 ws=0.00,0.01,0.05,1.19 cmd=0.996,0.995,0.865,0.860 cap=3087,3085,1682,1672 des=3087,3085,1471,1463 app=3033,3069,1464,1443 abs=nil,nil,nil,nil ebrake=1.00 ibrake=1.00 hasABS=0 sy=10.95 split=1.000,0.875 ===
127.50791|I|libbeamng.print:18052| === LSTM_OBS t=470 0.00494,0.01339,0.04832,1.19092,-0.14415,10.94789,-9.56576,-0.00637,0.00000,0.00000,0.00420,1.00000,0.00000,0.00064,-0.01171,726.11582,0.25000 ===
127.55730|I|libbeamng.print:18052| === LSTM_TRACE t=480 v=1.75 ws=0.01,0.00,0.00,0.36 cmd=0.996,0.995,0.866,0.861 cap=3087,3085,1682,1672 des=3087,3085,1472,1463 app=3032,3067,1464,1443 abs=nil,nil,nil,nil ebrake=1.00 ibrake=1.00 hasABS=0 sy=11.06 split=1.000,0.875 ===
127.55735|I|libbeamng.print:18052| === LSTM_OBS t=480 0.00889,0.00320,0.00120,0.35736,-0.14970,11.06175,-9.62666,-0.00526,0.00000,0.00000,0.00486,1.00000,0.00000,0.00111,-0.01146,727.69022,0.25000 ===
127.60740|I|libbeamng.print:18052| === LSTM_TRACE t=490 v=1.17 ws=0.01,0.00,0.00,1.25 cmd=0.996,0.996,0.866,0.862 cap=3088,3086,1683,1676 des=3088,3086,1473,1467 app=3031,3066,1464,1447 abs=nil,nil,nil,nil ebrake=1.00 ibrake=1.00 hasABS=0 sy=11.19 split=1.000,0.875 ===
127.60756|I|libbeamng.print:18052| === LSTM_OBS t=490 0.00704,0.00438,0.00209,1.24748,-0.14253,11.18761,-9.65883,-0.01798,0.00000,0.00000,0.00470,1.00000,0.00000,0.00160,-0.01124,724.74502,0.25000 ===
127.65731|I|libbeamng.print:18052| === LSTM_TRACE t=500 v=0.60 ws=0.01,0.00,0.02,0.54 cmd=0.996,0.995,0.865,0.857 cap=3087,3085,1681,1668 des=3087,3085,1471,1459 app=3029,3063,1462,1440 abs=nil,nil,nil,nil ebrake=1.00 ibrake=1.00 hasABS=0 sy=11.24 split=1.000,0.875 ===
127.65736|I|libbeamng.print:18052| === LSTM_OBS t=500 0.01131,0.00316,0.01614,0.54057,-0.22196,11.24271,-9.70941,-0.03067,0.00000,0.00000,0.00455,1.00000,0.00000,0.00178,-0.01140,727.07700,0.25000 ===
158.22454|I|libbeamng.print:18052| === LSTM_TRACE t=0 v=27.71 ws=27.77,27.87,27.34,27.40 cmd=0.780,0.796,0.502,0.519 cap=155,155,97,97 des=155,155,85,85 app=150,152,84,83 abs=nil,nil,nil,nil ebrake=1.00 ibrake=1.00 hasABS=0 sy=1.58 split=1.000,0.875 ===
158.22459|I|libbeamng.print:18052| === LSTM_OBS t=0 27.76881,27.87057,27.34079,27.39676,-0.04680,1.58343,-9.77302,-0.01037,0.00000,0.00000,0.00000,1.00000,0.00000,0.00101,-0.00906,7857.53517,0.25000 ===
158.27519|I|libbeamng.print:18052| === LSTM_TRACE t=10 v=27.46 ws=26.44,26.12,26.69,26.93 cmd=0.494,0.579,0.726,0.660 cap=1470,1716,1382,1254 des=1470,1716,1210,1097 app=1431,1682,1195,1079 abs=nil,nil,nil,nil ebrake=1.00 ibrake=1.00 hasABS=0 sy=2.09 split=1.000,0.875 ===
158.27524|I|libbeamng.print:18052| === LSTM_OBS t=10 26.43848,26.12473,26.68997,26.92976,-0.00608,2.09280,-9.78805,-0.00388,0.00000,0.00000,0.00134,1.00000,0.00000,0.00114,-0.00979,7755.71641,0.25000 ===
158.29518|I|libbeamng.print:18052| === LSTM_ABS DBG raw=25.8968,25.4394,26.1895,26.5347,-0.0302,2.6906,-9.7359,-0.0028,0.0000,0.0000,0.0020,1.0000,0.0000,0.0012,-0.0107,7663.6125,0.2500 ===
158.29525|I|libbeamng.print:18052| === LSTM_ABS DBG norm=0.53,0.44,0.50,0.50,-0.18,-2.07,0.00,0.00,0.06,-0.06,-0.03,0.59,-0.02,0.00,0.00,3.79,0.00 ===
158.29526|I|libbeamng.print:18052| === LSTM_ABS DBG cmd=0.6122,0.6910,0.7742,0.7219 ===
158.32478|I|libbeamng.print:18052| === LSTM_TRACE t=20 v=26.99 ws=24.97,24.38,25.48,25.88 cmd=0.737,0.774,0.795,0.774 cap=2250,2385,1539,1487 des=2250,2385,1346,1301 app=2203,2349,1335,1285 abs=nil,nil,nil,nil ebrake=1.00 ibrake=1.00 hasABS=0 sy=3.76 split=1.000,0.875 ===
158.32482|I|libbeamng.print:18052| === LSTM_OBS t=20 24.96819,24.38371,25.48459,25.87664,-0.02554,3.76207,-9.54145,-0.01815,0.00000,0.00000,0.00254,1.00000,0.00000,0.00116,-0.01207,7498.25764,0.25000 ===
158.37517|I|libbeamng.print:18052| === LSTM_TRACE t=30 v=26.42 ws=23.34,22.65,24.36,24.99 cmd=0.789,0.801,0.803,0.800 cap=2450,2489,1562,1559 des=2450,2489,1367,1364 app=2411,2462,1359,1352 abs=nil,nil,nil,nil ebrake=1.00 ibrake=1.00 hasABS=0 sy=5.75 split=1.000,0.875 ===
158.37531|I|libbeamng.print:18052| === LSTM_OBS t=30 23.34052,22.65203,24.35922,24.99011,0.01980,5.75432,-9.32271,-0.00540,0.00000,0.00000,0.00239,1.00000,0.00000,0.00144,-0.01470,7206.30188,0.25000 ===
158.42454|I|libbeamng.print:18052| === LSTM_TRACE t=40 v=25.84 ws=22.65,21.62,23.45,24.17 cmd=0.780,0.783,0.778,0.766 cap=2470,2488,1519,1494 des=2470,2488,1329,1307 app=2440,2468,1324,1298 abs=nil,nil,nil,nil ebrake=1.00 ibrake=1.00 hasABS=0 sy=7.40 split=1.000,0.875 ===
158.42460|I|libbeamng.print:18052| === LSTM_OBS t=40 22.64924,21.61728,23.45472,24.17255,-0.02244,7.39806,-9.37549,-0.00894,0.00000,0.00000,0.00331,1.00000,0.00000,0.00158,-0.01659,6931.87350,0.25000 ===
158.47485|I|libbeamng.print:18052| === LSTM_TRACE t=50 v=25.23 ws=22.12,21.41,22.36,23.66 cmd=0.804,0.805,0.758,0.761 cap=2339,2337,1472,1472 des=2339,2337,1288,1288 app=2318,2324,1285,1282 abs=nil,nil,nil,nil ebrake=1.00 ibrake=1.00 hasABS=0 sy=8.72 split=1.000,0.875 ===
158.47493|I|libbeamng.print:18052| === LSTM_OBS t=50 22.11575,21.41322,22.35943,23.66041,-0.02066,8.72315,-9.51865,-0.00984,0.00000,0.00000,0.00352,1.00000,0.00000,0.00170,-0.01777,6693.64175,0.25000 ===
158.52499|I|libbeamng.print:18052| === LSTM_TRACE t=60 v=24.62 ws=21.68,20.66,21.46,23.03 cmd=0.800,0.801,0.756,0.756 cap=2463,2467,1465,1465 des=2463,2467,1282,1282 app=2446,2457,1281,1278 abs=nil,nil,nil,nil ebrake=1.00 ibrake=1.00 hasABS=0 sy=9.74 split=1.000,0.875 ===
158.52505|I|libbeamng.print:18052| === LSTM_OBS t=60 21.68150,20.66187,21.45946,23.02608,0.00025,9.73997,-9.68393,-0.01656,0.00000,0.00000,0.00345,1.00000,0.00000,0.00150,-0.01831,6477.43132,0.25000 ===
158.57564|I|libbeamng.print:18052| === LSTM_TRACE t=70 v=24.02 ws=21.12,19.88,20.62,22.32 cmd=0.764,0.766,0.746,0.744 cap=2378,2381,1455,1452 des=2378,2381,1273,1270 app=2367,2374,1272,1268 abs=nil,nil,nil,nil ebrake=1.00 ibrake=1.00 hasABS=0 sy=10.44 split=1.000,0.875 ===
158.57572|I|libbeamng.print:18052| === LSTM_OBS t=70 21.12435,19.88439,20.62088,22.32348,0.02087,10.44261,-9.78080,-0.03843,0.00000,0.00000,0.00384,1.00000,0.00000,0.00113,-0.01833,6266.74574,0.25000 ===
158.62533|I|libbeamng.print:18052| === LSTM_TRACE t=80 v=23.42 ws=21.32,19.23,19.97,21.75 cmd=0.778,0.770,0.732,0.732 cap=2278,2251,1422,1421 des=2278,2251,1245,1243 app=2269,2247,1245,1241 abs=nil,nil,nil,nil ebrake=1.00 ibrake=1.00 hasABS=0 sy=10.92 split=1.000,0.875 ===
158.62540|I|libbeamng.print:18052| === LSTM_OBS t=80 21.31673,19.22910,19.96563,21.75018,0.06916,10.91699,-9.80683,-0.02708,0.00000,0.00000,0.00381,1.00000,0.00000,0.00077,-0.01787,6060.60378,0.25000 ===
158.67428|I|libbeamng.print:18052| === LSTM_TRACE t=90 v=22.82 ws=21.03,18.42,19.31,21.13 cmd=0.743,0.728,0.728,0.723 cap=2243,2178,1412,1406 des=2243,2178,1235,1231 app=2238,2176,1235,1229 abs=nil,nil,nil,nil ebrake=1.00 ibrake=1.00 hasABS=0 sy=11.21 split=1.000,0.875 ===
158.67433|I|libbeamng.print:18052| === LSTM_OBS t=90 21.03364,18.42403,19.30721,21.12574,0.13219,11.21429,-9.76873,-0.02946,0.00000,0.00000,0.00338,1.00000,0.00000,0.00031,-0.01726,5865.32456,0.25000 ===
158.72471|I|libbeamng.print:18052| === LSTM_TRACE t=100 v=22.23 ws=20.55,17.74,18.63,20.55 cmd=0.747,0.727,0.726,0.717 cap=2225,2140,1408,1395 des=2225,2140,1232,1221 app=2221,2139,1232,1220 abs=nil,nil,nil,nil ebrake=1.00 ibrake=1.00 hasABS=0 sy=11.37 split=1.000,0.875 ===
158.72475|I|libbeamng.print:18052| === LSTM_OBS t=100 20.55069,17.74186,18.63222,20.55316,0.19778,11.36587,-9.71845,-0.03429,0.00000,0.00000,0.00354,1.00000,0.00000,-0.00007,-0.01673,5679.25740,0.25000 ===
158.77482|I|libbeamng.print:18052| === LSTM_TRACE t=110 v=21.65 ws=20.24,17.01,17.93,19.91 cmd=0.793,0.772,0.727,0.715 cap=2225,2144,1412,1390 des=2225,2144,1236,1217 app=2224,2144,1236,1217 abs=nil,nil,nil,nil ebrake=1.00 ibrake=1.00 hasABS=0 sy=11.49 split=1.000,0.875 ===
158.77486|I|libbeamng.print:18052| === LSTM_OBS t=110 20.23738,17.01064,17.93309,19.90610,0.25927,11.49060,-9.65747,-0.02487,0.00000,0.00000,0.00357,1.00000,0.00000,-0.00037,-0.01643,5496.62535,0.25000 ===
158.82533|I|libbeamng.print:18052| === LSTM_TRACE t=120 v=21.05 ws=19.66,16.19,17.20,19.39 cmd=0.766,0.748,0.727,0.707 cap=2177,2120,1419,1385 des=2177,2120,1241,1212 app=2176,2120,1241,1212 abs=nil,nil,nil,nil ebrake=1.00 ibrake=1.00 hasABS=0 sy=11.56 split=1.000,0.875 ===
158.82538|I|libbeamng.print:18052| === LSTM_OBS t=120 19.65529,16.19240,17.19962,19.39133,0.30088,11.55649,-9.62147,-0.02372,0.00000,0.00000,0.00305,1.00000,0.00000,-0.00042,-0.01624,5315.33006,0.25000 ===
158.87479|I|libbeamng.print:18052| === LSTM_TRACE t=130 v=20.48 ws=18.84,15.67,16.16,19.07 cmd=0.638,0.595,0.719,0.705 cap=2420,2295,1409,1397 des=2420,2295,1233,1223 app=2420,2295,1233,1223 abs=nil,nil,nil,nil ebrake=1.00 ibrake=1.00 hasABS=0 sy=11.57 split=1.000,0.875 ===
158.87483|I|libbeamng.print:18052| === LSTM_OBS t=130 18.83928,15.67020,16.15897,19.06737,0.33645,11.56776,-9.61048,-0.02704,0.00000,0.00000,0.00338,1.00000,0.00000,-0.00038,-0.01609,5134.60013,0.25000 ===
158.92438|I|libbeamng.print:18052| === LSTM_TRACE t=140 v=19.89 ws=18.37,15.50,15.50,18.84 cmd=0.760,0.733,0.725,0.705 cap=2250,2141,1405,1371 des=2250,2141,1230,1200 app=2250,2141,1230,1200 abs=nil,nil,nil,nil ebrake=1.00 ibrake=1.00 hasABS=0 sy=11.60 split=1.000,0.875 ===
158.92443|I|libbeamng.print:18052| === LSTM_OBS t=140 18.36644,15.50009,15.50296,18.84348,0.35347,11.59552,-9.61890,-0.03684,0.00000,0.00000,0.00326,1.00000,0.00000,-0.00035,-0.01610,4955.38783,0.25000 ===
158.97485|I|libbeamng.print:18052| === LSTM_TRACE t=150 v=19.31 ws=17.16,14.80,14.34,18.49 cmd=0.730,0.687,0.717,0.691 cap=2517,2409,1406,1362 des=2517,2409,1230,1192 app=2517,2409,1230,1192 abs=nil,nil,nil,nil ebrake=1.00 ibrake=1.00 hasABS=0 sy=11.62 split=1.000,0.875 ===
158.97489|I|libbeamng.print:18052| === LSTM_OBS t=150 17.16013,14.79630,14.33580,18.48503,0.38230,11.61613,-9.61038,-0.03142,0.00000,0.00000,0.00349,1.00000,0.00000,-0.00036,-0.01611,4777.34366,0.25000 ===
159.02474|I|libbeamng.print:18052| === LSTM_TRACE t=160 v=18.73 ws=16.03,13.77,13.54,17.95 cmd=0.687,0.648,0.708,0.677 cap=2344,2209,1372,1313 des=2344,2209,1201,1148 app=2344,2209,1201,1148 abs=nil,nil,nil,nil ebrake=1.00 ibrake=1.00 hasABS=0 sy=11.62 split=1.000,0.875 ===
159.02478|I|libbeamng.print:18052| === LSTM_OBS t=160 16.03455,13.77197,13.53920,17.94956,0.37634,11.62211,-9.62588,-0.02311,0.00000,0.00000,0.00329,1.00000,0.00000,-0.00034,-0.01608,4595.76141,0.25000 ===
159.07452|I|libbeamng.print:18052| === LSTM_TRACE t=170 v=18.15 ws=15.58,12.50,12.01,16.81 cmd=0.891,0.870,0.668,0.636 cap=2482,2441,1308,1213 des=2482,2441,1144,1061 app=2326,2245,1144,1061 abs=nil,nil,nil,nil ebrake=1.00 ibrake=1.00 hasABS=0 sy=11.61 split=1.000,0.875 ===
159.07457|I|libbeamng.print:18052| === LSTM_OBS t=170 15.57945,12.49986,12.00504,16.80857,0.37579,11.61257,-9.61915,-0.04230,0.00000,0.00000,0.00427,1.00000,0.00000,-0.00063,-0.01625,4436.33008,0.25000 ===
159.12468|I|libbeamng.print:18052| === LSTM_TRACE t=180 v=17.59 ws=14.61,10.29,10.24,16.07 cmd=0.675,0.629,0.554,0.513 cap=2278,2148,1112,1028 des=2278,2148,973,900 app=2278,2148,973,900 abs=nil,nil,nil,nil ebrake=1.00 ibrake=1.00 hasABS=0 sy=11.56 split=1.000,0.875 ===
159.12481|I|libbeamng.print:18052| === LSTM_OBS t=180 14.60933,10.29175,10.23659,16.07006,0.37430,11.56452,-9.63713,-0.02573,0.00000,0.00000,0.00388,1.00000,0.00000,-0.00075,-0.01634,4326.59193,0.25000 ===
159.17480|I|libbeamng.print:18052| === LSTM_TRACE t=190 v=17.01 ws=14.88,8.52,8.47,15.69 cmd=0.752,0.694,0.470,0.433 cap=2490,2359,915,836 des=2490,2359,801,731 app=2490,2359,801,731 abs=nil,nil,nil,nil ebrake=1.00 ibrake=1.00 hasABS=0 sy=11.54 split=1.000,0.875 ===
159.17485|I|libbeamng.print:18052| === LSTM_OBS t=190 14.88016,8.52288,8.47377,15.69099,0.37520,11.53649,-9.64442,-0.01770,0.00000,0.00000,0.00395,1.00000,0.00000,-0.00081,-0.01663,4277.85987,0.25000 ===
159.22554|I|libbeamng.print:18052| === LSTM_TRACE t=200 v=16.44 ws=14.72,6.71,6.96,15.85 cmd=0.724,0.663,0.469,0.426 cap=2086,1880,898,815 des=2086,1880,786,714 app=2086,1880,786,714 abs=nil,nil,nil,nil ebrake=1.00 ibrake=1.00 hasABS=0 sy=11.50 split=1.000,0.875 ===
159.22559|I|libbeamng.print:18052| === LSTM_OBS t=200 14.72357,6.71427,6.96207,15.84500,0.39464,11.49513,-9.69747,-0.00792,0.00000,0.00000,0.00450,1.00000,0.00000,-0.00090,-0.01724,4269.34134,0.25000 ===
159.27511|I|libbeamng.print:18052| === LSTM_TRACE t=210 v=15.90 ws=14.62,4.87,5.81,15.45 cmd=0.753,0.686,0.562,0.524 cap=2319,2093,1070,1008 des=2319,2093,937,882 app=2319,2093,937,882 abs=nil,nil,nil,nil ebrake=1.00 ibrake=1.00 hasABS=0 sy=11.36 split=1.000,0.875 ===
159.27515|I|libbeamng.print:18052| === LSTM_OBS t=210 14.62068,4.87030,5.80779,15.44511,0.41999,11.35896,-9.70747,-0.01240,0.00000,0.00000,0.00289,1.00000,0.00000,-0.00112,-0.01795,4229.09104,0.25000 ===
159.32473|I|libbeamng.print:18052| === LSTM_TRACE t=220 v=15.37 ws=14.39,3.11,4.61,14.71 cmd=0.829,0.771,0.620,0.594 cap=2297,2122,1203,1134 des=2297,2122,1053,992 app=2202,2022,1053,992 abs=nil,nil,nil,nil ebrake=1.00 ibrake=1.00 hasABS=0 sy=11.18 split=1.000,0.875 ===
159.32478|I|libbeamng.print:18052| === LSTM_OBS t=220 14.38736,3.10716,4.61309,14.70968,0.46051,11.18413,-9.71882,-0.00773,0.00000,0.00000,0.00518,1.00000,0.00000,-0.00197,-0.01817,4129.54149,0.25000 ===
159.37490|I|libbeamng.print:18052| === LSTM_TRACE t=230 v=14.87 ws=14.00,0.85,4.00,14.30 cmd=0.659,0.550,0.668,0.661 cap=2547,2336,1286,1263 des=2547,2336,1125,1105 app=2391,2224,1125,1105 abs=nil,nil,nil,nil ebrake=1.00 ibrake=1.00 hasABS=0 sy=10.97 split=1.000,0.875 ===
159.37495|I|libbeamng.print:18052| === LSTM_OBS t=230 14.00043,0.85390,3.99793,14.29755,0.40384,10.97460,-9.72173,0.00246,0.00000,0.00000,0.00473,1.00000,0.00000,-0.00253,-0.01775,3989.71199,0.25000 ===
159.42477|I|libbeamng.print:18052| === LSTM_TRACE t=240 v=14.36 ws=13.14,0.02,3.77,13.66 cmd=0.668,0.598,0.684,0.668 cap=2076,1813,1326,1316 des=2076,1813,1161,1152 app=2076,1813,1160,1152 abs=nil,nil,nil,nil ebrake=1.00 ibrake=1.00 hasABS=0 sy=10.68 split=1.000,0.875 ===
159.42483|I|libbeamng.print:18052| === LSTM_OBS t=240 13.14173,0.02240,3.77129,13.65577,0.36261,10.67650,-9.60997,-0.00451,0.00000,0.00000,0.00224,1.00000,0.00000,-0.00255,-0.01673,3815.36101,0.25000 ===
159.47463|I|libbeamng.print:18052| === LSTM_TRACE t=250 v=13.84 ws=12.61,0.05,3.20,13.37 cmd=0.685,0.618,0.649,0.642 cap=2182,1980,1271,1255 des=2182,1980,1112,1098 app=2182,1979,1111,1098 abs=nil,nil,nil,nil ebrake=1.00 ibrake=1.00 hasABS=0 sy=10.55 split=1.000,0.875 ===
159.47468|I|libbeamng.print:18052| === LSTM_OBS t=250 12.60584,0.05172,3.20400,13.37123,0.30944,10.54882,-9.50085,-0.00012,0.00000,0.00000,0.00307,1.00000,0.00000,-0.00222,-0.01587,3644.20140,0.25000 ===
159.52473|I|libbeamng.print:18052| === LSTM_TRACE t=260 v=13.33 ws=12.32,0.03,3.41,12.69 cmd=0.681,0.615,0.653,0.637 cap=2132,1923,1262,1240 des=2132,1923,1104,1085 app=2132,1921,1103,1085 abs=nil,nil,nil,nil ebrake=1.00 ibrake=1.00 hasABS=0 sy=10.49 split=1.000,0.875 ===
159.52479|I|libbeamng.print:18052| === LSTM_OBS t=260 12.31721,0.02665,3.40719,12.68895,0.31939,10.49372,-9.49835,-0.00337,0.00000,0.00000,0.00329,1.00000,0.00000,-0.00228,-0.01517,3484.20708,0.25000 ===
159.57431|I|libbeamng.print:18052| === LSTM_TRACE t=270 v=12.80 ws=11.87,0.03,3.16,11.96 cmd=0.705,0.645,0.660,0.650 cap=2150,1965,1279,1252 des=2150,1965,1119,1096 app=2150,1962,1118,1096 abs=nil,nil,nil,nil ebrake=1.00 ibrake=1.00 hasABS=0 sy=10.48 split=1.000,0.875 ===
159.57436|I|libbeamng.print:18052| === LSTM_OBS t=270 11.87386,0.03287,3.16348,11.96147,0.22937,10.47597,-9.52180,-0.00047,0.00000,0.00000,0.00345,1.00000,0.00000,-0.00180,-0.01477,3332.84317,0.25000 ===
159.62441|I|libbeamng.print:18052| === LSTM_TRACE t=280 v=12.24 ws=11.36,0.02,2.91,11.32 cmd=0.682,0.621,0.659,0.661 cap=2206,2030,1293,1291 des=2206,2030,1131,1129 app=2206,2027,1130,1129 abs=nil,nil,nil,nil ebrake=1.00 ibrake=1.00 hasABS=0 sy=10.51 split=1.000,0.875 ===
159.62446|I|libbeamng.print:18052| === LSTM_OBS t=280 11.35922,0.02473,2.90696,11.31769,0.20398,10.51318,-9.54125,0.00952,0.00000,0.00000,0.00254,1.00000,0.00000,-0.00173,-0.01451,3181.06621,0.25000 ===
159.67471|I|libbeamng.print:18052| === LSTM_TRACE t=290 v=11.72 ws=10.97,0.01,2.64,11.15 cmd=0.652,0.592,0.659,0.670 cap=2171,2009,1292,1306 des=2171,2009,1130,1143 app=2171,2004,1129,1143 abs=nil,nil,nil,nil ebrake=1.00 ibrake=1.00 hasABS=0 sy=10.55 split=1.000,0.875 ===
159.67477|I|libbeamng.print:18052| === LSTM_OBS t=290 10.97175,0.01422,2.64349,11.15378,0.20754,10.54617,-9.52999,0.00624,0.00000,0.00000,0.00169,1.00000,0.00000,-0.00214,-0.01430,3025.66583,0.25000 ===
159.72447|I|libbeamng.print:18052| === LSTM_TRACE t=300 v=11.20 ws=10.60,0.19,2.43,10.64 cmd=0.744,0.690,0.655,0.675 cap=2112,1965,1293,1324 des=2112,1965,1131,1158 app=2112,1960,1129,1158 abs=nil,nil,nil,nil ebrake=1.00 ibrake=1.00 hasABS=0 sy=10.55 split=1.000,0.875 ===
159.72452|I|libbeamng.print:18052| === LSTM_OBS t=300 10.60348,0.18809,2.42769,10.64322,0.21946,10.55435,-9.53857,0.00809,0.00000,0.00000,0.00249,1.00000,0.00000,-0.00237,-0.01409,2870.14541,0.25000 ===
159.77572|I|libbeamng.print:18052| === LSTM_TRACE t=310 v=10.67 ws=10.05,0.05,2.17,10.09 cmd=0.704,0.648,0.665,0.688 cap=2045,1877,1297,1341 des=2045,1877,1135,1173 app=2045,1871,1133,1173 abs=nil,nil,nil,nil ebrake=1.00 ibrake=1.00 hasABS=0 sy=10.57 split=1.000,0.875 ===
159.77579|I|libbeamng.print:18052| === LSTM_OBS t=310 10.04961,0.04669,2.16916,10.08866,0.19153,10.56737,-9.56459,0.00020,0.00000,0.00000,0.00239,1.00000,0.00000,-0.00224,-0.01380,2718.02540,0.25000 ===
159.82439|I|libbeamng.print:18052| === LSTM_TRACE t=320 v=10.13 ws=9.41,0.09,2.19,9.14 cmd=0.655,0.601,0.677,0.699 cap=1973,1787,1308,1353 des=1973,1787,1144,1184 app=1973,1781,1141,1184 abs=nil,nil,nil,nil ebrake=1.00 ibrake=1.00 hasABS=0 sy=10.55 split=1.000,0.875 ===
159.82443|I|libbeamng.print:18052| === LSTM_OBS t=320 9.41279,0.08597,2.19094,9.14177,0.15180,10.55481,-9.61780,-0.00306,0.00000,0.00000,0.00315,1.00000,0.00000,-0.00191,-0.01350,2560.09860,0.25000 ===
159.87519|I|libbeamng.print:18052| === LSTM_TRACE t=330 v=9.63 ws=8.93,0.13,2.33,9.06 cmd=0.681,0.630,0.674,0.691 cap=2240,2122,1318,1345 des=2240,2122,1154,1177 app=2240,2113,1151,1177 abs=nil,nil,nil,nil ebrake=1.00 ibrake=1.00 hasABS=0 sy=10.55 split=1.000,0.875 ===
159.87524|I|libbeamng.print:18052| === LSTM_OBS t=330 8.92501,0.13388,2.33398,9.05825,0.15268,10.54593,-9.63369,-0.01526,0.00000,0.00000,0.00381,1.00000,0.00000,-0.00157,-0.01329,2401.62877,0.25000 ===
159.92450|I|libbeamng.print:18052| === LSTM_TRACE t=340 v=9.09 ws=8.26,0.04,1.39,8.24 cmd=0.677,0.635,0.683,0.693 cap=2209,2083,1324,1343 des=2209,2083,1158,1175 app=2209,2073,1155,1175 abs=nil,nil,nil,nil ebrake=1.00 ibrake=1.00 hasABS=0 sy=10.59 split=1.000,0.875 ===
159.92454|I|libbeamng.print:18052| === LSTM_OBS t=340 8.25929,0.03520,1.39268,8.23585,0.11282,10.59303,-9.65413,-0.00964,0.00000,0.00000,0.00315,1.00000,0.00000,-0.00114,-0.01328,2254.02498,0.25000 ===
159.97488|I|libbeamng.print:18052| === LSTM_TRACE t=350 v=8.54 ws=7.74,0.01,1.98,7.89 cmd=0.733,0.700,0.681,0.693 cap=2060,1960,1336,1360 des=2060,1960,1169,1190 app=2060,1950,1166,1190 abs=nil,nil,nil,nil ebrake=1.00 ibrake=1.00 hasABS=0 sy=10.68 split=1.000,0.875 ===
159.97509|I|libbeamng.print:18052| === LSTM_OBS t=350 7.74272,0.01162,1.97581,7.88643,0.15974,10.68108,-9.68132,-0.00807,0.00000,0.00000,0.00392,1.00000,0.00000,-0.00151,-0.01344,2108.02727,0.25000 ===
160.02476|I|libbeamng.print:18052| === LSTM_TRACE t=360 v=7.98 ws=7.08,0.06,1.89,6.88 cmd=0.699,0.678,0.687,0.687 cap=2301,2247,1345,1345 des=2301,2247,1177,1177 app=2301,2235,1173,1177 abs=nil,nil,nil,nil ebrake=1.00 ibrake=1.00 hasABS=0 sy=10.75 split=1.000,0.875 ===
160.02482|I|libbeamng.print:18052| === LSTM_OBS t=360 7.07848,0.05941,1.88629,6.87698,0.11816,10.74860,-9.68722,-0.00115,0.00000,0.00000,0.00350,1.00000,0.00000,-0.00133,-0.01336,1952.54861,0.25000 ===
160.07449|I|libbeamng.print:18052| === LSTM_TRACE t=370 v=7.43 ws=6.24,0.01,1.07,6.34 cmd=0.712,0.722,0.667,0.654 cap=2365,2352,1306,1296 des=2365,2352,1143,1134 app=2365,2339,1139,1134 abs=nil,nil,nil,nil ebrake=1.00 ibrake=1.00 hasABS=0 sy=10.86 split=1.000,0.875 ===
160.07453|I|libbeamng.print:18052| === LSTM_OBS t=370 6.24424,0.01291,1.07495,6.33924,0.10794,10.86042,-9.66827,-0.00089,0.00000,0.00000,0.00134,1.00000,0.00000,-0.00102,-0.01361,1808.81566,0.25000 ===
160.12462|I|libbeamng.print:18052| === LSTM_TRACE t=380 v=6.86 ws=5.42,0.01,1.30,5.50 cmd=0.754,0.772,0.640,0.637 cap=2345,2438,1253,1222 des=2345,2438,1096,1069 app=2345,2424,1093,1069 abs=nil,nil,nil,nil ebrake=1.00 ibrake=1.00 hasABS=0 sy=10.99 split=1.000,0.875 ===
160.12467|I|libbeamng.print:18052| === LSTM_OBS t=380 5.41881,0.01422,1.29957,5.50279,0.14376,10.98515,-9.67794,0.00633,0.00000,0.00000,0.00384,1.00000,0.00000,-0.00155,-0.01362,1673.18412,0.25000 ===
160.17472|I|libbeamng.print:18052| === LSTM_TRACE t=390 v=6.31 ws=4.50,0.04,1.01,6.28 cmd=0.749,0.766,0.668,0.672 cap=2268,2388,1282,1254 des=2268,2388,1121,1097 app=2268,2373,1117,1097 abs=nil,nil,nil,nil ebrake=1.00 ibrake=1.00 hasABS=0 sy=11.06 split=1.000,0.875 ===
160.17477|I|libbeamng.print:18052| === LSTM_OBS t=390 4.50311,0.03986,1.00719,6.28459,0.10396,11.06188,-9.76274,0.00133,0.00000,0.00000,0.00577,1.00000,0.00000,-0.00103,-0.01393,1539.30490,0.25000 ===
160.22512|I|libbeamng.print:18052| === LSTM_TRACE t=400 v=5.73 ws=3.74,0.01,0.85,5.39 cmd=0.771,0.804,0.714,0.692 cap=2478,2540,1380,1354 des=2478,2540,1208,1185 app=2478,2523,1203,1184 abs=nil,nil,nil,nil ebrake=1.00 ibrake=1.00 hasABS=0 sy=11.19 split=1.000,0.875 ===
160.22516|I|libbeamng.print:18052| === LSTM_OBS t=400 3.74294,0.01040,0.85013,5.39160,0.06964,11.19231,-9.88291,0.00308,0.00000,0.00000,0.00142,1.00000,0.00000,-0.00014,-0.01397,1409.84538,0.25000 ===
160.27513|I|libbeamng.print:18052| === LSTM_TRACE t=410 v=5.17 ws=1.32,0.00,0.02,5.14 cmd=0.781,0.805,0.749,0.738 cap=2467,2563,1450,1420 des=2467,2563,1268,1242 app=2467,2545,1263,1241 abs=nil,nil,nil,nil ebrake=1.00 ibrake=1.00 hasABS=0 sy=11.19 split=1.000,0.875 ===
160.27517|I|libbeamng.print:18052| === LSTM_OBS t=410 1.32415,0.00158,0.02031,5.14258,0.01110,11.18574,-9.88329,0.00080,0.00000,0.00000,0.00438,1.00000,0.00000,0.00160,-0.01392,1252.59806,0.25000 ===
160.32454|I|libbeamng.print:18052| === LSTM_TRACE t=420 v=4.67 ws=0.08,0.00,0.04,4.37 cmd=0.974,0.974,0.799,0.773 cap=3020,3018,1544,1504 des=3020,3018,1351,1316 app=3020,2997,1345,1315 abs=nil,nil,nil,nil ebrake=1.00 ibrake=1.00 hasABS=0 sy=10.95 split=1.000,0.875 ===
160.32458|I|libbeamng.print:18052| === LSTM_OBS t=420 0.07988,0.00093,0.04155,4.37263,0.04835,10.94978,-9.70205,-0.00887,0.00000,0.00000,0.00176,1.00000,0.00000,0.00209,-0.01357,1068.75069,0.25000 ===
160.37537|I|libbeamng.print:18052| === LSTM_TRACE t=430 v=4.11 ws=0.07,0.00,0.02,3.02 cmd=0.986,0.986,0.857,0.845 cap=3057,3055,1660,1641 des=3057,3055,1453,1436 app=3057,3033,1447,1434 abs=nil,nil,nil,nil ebrake=1.00 ibrake=1.00 hasABS=0 sy=10.89 split=1.000,0.875 ===
160.37542|I|libbeamng.print:18052| === LSTM_OBS t=430 0.07008,0.00325,0.01562,3.02181,0.05176,10.89373,-9.57530,-0.01217,0.00000,0.00000,0.00104,1.00000,0.00000,0.00177,-0.01337,893.28874,0.25000 ===
160.42486|I|libbeamng.print:18052| === LSTM_TRACE t=440 v=3.57 ws=0.03,0.00,0.12,1.13 cmd=0.990,0.990,0.866,0.856 cap=3069,3069,1682,1663 des=3069,3069,1472,1455 app=3067,3045,1465,1453 abs=nil,nil,nil,nil ebrake=1.00 ibrake=1.00 hasABS=0 sy=10.94 split=1.000,0.875 ===
160.42498|I|libbeamng.print:18052| === LSTM_OBS t=440 0.02614,0.00058,0.12071,1.13129,-0.00501,10.93829,-9.59705,-0.01806,0.00000,0.00000,0.00244,1.00000,0.00000,0.00169,-0.01333,758.62264,0.25000 ===
160.47510|I|libbeamng.print:18052| === LSTM_TRACE t=450 v=3.00 ws=0.02,0.00,0.08,1.12 cmd=0.991,0.991,0.865,0.855 cap=3075,3074,1682,1667 des=3075,3074,1472,1458 app=3072,3049,1465,1456 abs=nil,nil,nil,nil ebrake=1.00 ibrake=1.00 hasABS=0 sy=11.01 split=1.000,0.875 ===
160.47516|I|libbeamng.print:18052| === LSTM_OBS t=450 0.01535,0.00028,0.07556,1.11797,0.01648,11.01495,-9.61267,-0.01436,0.00000,0.00000,0.00085,1.00000,0.00000,0.00163,-0.01331,731.54110,0.25000 ===
160.52465|I|libbeamng.print:18052| === LSTM_TRACE t=460 v=2.44 ws=0.00,0.00,0.18,0.81 cmd=0.992,0.992,0.867,0.859 cap=3076,3076,1684,1668 des=3076,3076,1474,1460 app=3072,3051,1467,1457 abs=nil,nil,nil,nil ebrake=1.00 ibrake=1.00 hasABS=0 sy=11.05 split=1.000,0.875 ===
160.52477|I|libbeamng.print:18052| === LSTM_OBS t=460 0.00322,0.00218,0.17798,0.80557,0.05786,11.05483,-9.58803,-0.01730,0.00000,0.00000,0.00176,1.00000,0.00000,0.00075,-0.01293,729.33612,0.25000 ===
160.57480|I|libbeamng.print:18052| === LSTM_TRACE t=470 v=1.86 ws=0.00,0.00,0.21,0.26 cmd=0.993,0.993,0.866,0.859 cap=3079,3078,1684,1670 des=3079,3078,1473,1461 app=3074,3052,1466,1458 abs=nil,nil,nil,nil ebrake=1.00 ibrake=1.00 hasABS=0 sy=11.16 split=1.000,0.875 ===
160.57486|I|libbeamng.print:18052| === LSTM_OBS t=470 0.00203,0.00249,0.21080,0.25816,0.07417,11.16476,-9.60080,-0.00834,0.00000,0.00000,0.00198,1.00000,0.00000,-0.00010,-0.01250,725.07316,0.25000 ===
160.62452|I|libbeamng.print:18052| === LSTM_TRACE t=480 v=1.30 ws=0.01,0.00,0.31,0.13 cmd=0.994,0.994,0.867,0.861 cap=3081,3080,1684,1672 des=3081,3080,1474,1463 app=3074,3053,1466,1459 abs=nil,nil,nil,nil ebrake=1.00 ibrake=1.00 hasABS=0 sy=11.24 split=1.000,0.875 ===
160.62456|I|libbeamng.print:18052| === LSTM_OBS t=480 0.00682,0.00310,0.31294,0.12901,0.06607,11.23503,-9.64532,-0.00456,0.00000,0.00000,0.00234,1.00000,0.00000,-0.00004,-0.01201,729.62401,0.25000 ===
160.67441|I|libbeamng.print:18052| === LSTM_TRACE t=490 v=0.73 ws=0.00,0.00,0.18,0.07 cmd=0.994,0.994,0.866,0.861 cap=3082,3081,1684,1674 des=3082,3081,1473,1464 app=3074,3054,1466,1460 abs=nil,nil,nil,nil ebrake=1.00 ibrake=1.00 hasABS=0 sy=11.28 split=1.000,0.875 ===
160.67445|I|libbeamng.print:18052| === LSTM_OBS t=490 0.00315,0.00070,0.18419,0.06625,0.09502,11.27805,-9.65311,-0.00475,0.00000,0.00000,0.00198,1.00000,0.00000,-0.00012,-0.01155,727.90457,0.25000 ===
164.95822|I|libbeamng.print:18052| === LSTM_ABS: lens 'band_g_mix_b1o1_s3' loaded (1 member, 17 in, 64 hidden, 2 layers) ===
164.95974|I|libbeamng.print:18052| === LSTM_ABS SELFTEST lens=band_g_mix_b1o1_s3 cmd=0.995849,0.997056,0.897185,0.867153 ===
195.05485|I|libbeamng.print:18052| === LSTM_TRACE t=0 v=27.71 ws=27.68,27.81,27.37,27.47 cmd=0.802,0.810,0.484,0.437 cap=155,155,97,97 des=155,155,85,85 app=153,153,84,84 abs=nil,nil,nil,nil ebrake=1.00 ibrake=1.00 hasABS=0 sy=1.58 split=1.000,0.875 ===
195.05490|I|libbeamng.print:18052| === LSTM_OBS t=0 27.68247,27.80903,27.36792,27.46521,-0.05101,1.57642,-9.77899,-0.00546,0.00000,0.00000,0.00069,1.00000,0.00000,0.00101,-0.00905,7858.17376,0.25000 ===
195.10352|I|libbeamng.print:18052| === LSTM_TRACE t=10 v=27.37 ws=23.74,22.99,26.56,26.65 cmd=0.890,0.931,0.776,0.765 cap=2775,2899,1482,1458 des=2775,2899,1297,1275 app=2743,2862,1285,1264 abs=nil,nil,nil,nil ebrake=1.00 ibrake=1.00 hasABS=0 sy=2.24 split=1.000,0.875 ===
195.10359|I|libbeamng.print:18052| === LSTM_OBS t=10 23.73753,22.98867,26.56194,26.64900,-0.01089,2.23794,-9.85244,-0.00246,0.00000,0.00000,0.00000,1.00000,0.00000,0.00103,-0.01020,7765.81265,0.25000 ===
195.12376|I|libbeamng.print:18052| === LSTM_ABS DBG raw=21.1227,19.7557,26.1656,26.2284,-0.0049,3.0404,-9.7080,0.0039,0.0000,0.0000,0.0023,1.0000,0.0000,0.0009,-0.0118,7665.6911,0.2500 ===
195.12380|I|libbeamng.print:18052| === LSTM_ABS DBG norm=0.23,0.08,0.50,0.48,-0.16,-1.97,0.00,0.05,0.06,-0.06,-0.01,0.59,-0.02,0.00,0.00,3.79,0.00 ===
195.12381|I|libbeamng.print:18052| === LSTM_ABS DBG cmd=0.7862,0.8615,0.8006,0.8053 ===
195.15257|I|libbeamng.print:18052| === LSTM_TRACE t=20 v=26.88 ws=19.35,16.17,25.32,25.54 cmd=0.714,0.811,0.811,0.842 cap=2237,2532,1578,1627 des=2237,2532,1381,1424 app=2219,2509,1373,1415 abs=nil,nil,nil,nil ebrake=1.00 ibrake=1.00 hasABS=0 sy=4.15 split=1.000,0.875 ===
195.15262|I|libbeamng.print:18052| === LSTM_OBS t=20 19.35319,16.17209,25.31667,25.53656,-0.05748,4.14877,-9.55457,0.00563,0.00000,0.00000,0.00239,1.00000,0.00000,0.00121,-0.01420,7473.95231,0.25000 ===
195.20322|I|libbeamng.print:18052| === LSTM_TRACE t=30 v=26.40 ws=17.94,10.05,24.23,24.32 cmd=0.701,0.799,0.796,0.849 cap=2174,2480,1545,1649 des=2174,2480,1352,1443 app=2160,2461,1347,1438 abs=nil,nil,nil,nil ebrake=1.00 ibrake=1.00 hasABS=0 sy=5.69 split=1.000,0.875 ===
195.20328|I|libbeamng.print:18052| === LSTM_OBS t=30 17.93612,10.05283,24.22959,24.31640,-0.08711,5.69298,-9.36588,0.00590,0.00000,0.00000,0.00224,1.00000,0.00000,0.00192,-0.01664,7128.99055,0.25000 ===
195.25311|I|libbeamng.print:18052| === LSTM_TRACE t=40 v=25.88 ws=14.93,2.56,23.38,23.30 cmd=0.883,0.924,0.837,0.864 cap=2607,2775,1610,1673 des=2607,2775,1409,1464 app=2594,2756,1406,1461 abs=nil,nil,nil,nil ebrake=1.00 ibrake=1.00 hasABS=0 sy=6.98 split=1.000,0.875 ===
195.25315|I|libbeamng.print:18052| === LSTM_OBS t=40 14.92701,2.55673,23.38003,23.30273,-0.07464,6.98150,-9.40466,0.00578,0.00000,0.00000,0.00154,1.00000,0.00000,0.00230,-0.01736,6836.55687,0.25000 ===
195.30328|I|libbeamng.print:18052| === LSTM_TRACE t=50 v=25.36 ws=3.80,0.14,22.34,22.35 cmd=0.975,0.985,0.876,0.886 cap=3024,3054,1699,1700 des=3024,3054,1487,1488 app=3012,3031,1485,1487 abs=nil,nil,nil,nil ebrake=1.00 ibrake=1.00 hasABS=0 sy=7.99 split=1.000,0.875 ===
195.30334|I|libbeamng.print:18052| === LSTM_OBS t=50 3.80334,0.13509,22.33863,22.35095,-0.03982,7.98959,-9.56434,0.00710,0.00000,0.00000,0.00104,1.00000,0.00000,0.00210,-0.01737,6571.68448,0.25000 ===
195.35597|I|libbeamng.print:18052| === LSTM_TRACE t=60 v=24.86 ws=0.11,0.10,21.28,21.70 cmd=0.980,0.989,0.887,0.886 cap=3039,3066,1700,1700 des=3039,3066,1488,1488 app=3026,3042,1488,1488 abs=nil,nil,nil,nil ebrake=1.00 ibrake=1.00 hasABS=0 sy=8.63 split=1.000,0.875 ===
195.35607|I|libbeamng.print:18052| === LSTM_OBS t=60 0.11398,0.09911,21.28286,21.69699,-0.05106,8.62698,-9.73113,0.00415,0.00000,0.00000,0.00134,1.00000,0.00000,0.00227,-0.01606,6301.21860,0.25000 ===
195.40663|I|libbeamng.print:18052| === LSTM_TRACE t=70 v=24.37 ws=0.08,0.04,19.93,21.46 cmd=0.982,0.990,0.890,0.884 cap=3044,3069,1700,1700 des=3044,3069,1488,1488 app=3029,3044,1488,1488 abs=nil,nil,nil,nil ebrake=1.00 ibrake=1.00 hasABS=0 sy=9.00 split=1.000,0.875 ===
195.40670|I|libbeamng.print:18052| === LSTM_OBS t=70 0.08037,0.04274,19.92921,21.46369,-0.05616,9.00208,-9.74009,-0.00065,0.00000,0.00000,0.00146,1.00000,0.00000,0.00238,-0.01365,6023.31413,0.25000 ===
195.45616|I|libbeamng.print:18052| === LSTM_TRACE t=80 v=23.86 ws=0.03,0.01,18.73,21.14 cmd=0.983,0.991,0.891,0.882 cap=3046,3071,1700,1700 des=3046,3071,1488,1488 app=3031,3044,1488,1488 abs=nil,nil,nil,nil ebrake=1.00 ibrake=1.00 hasABS=0 sy=9.30 split=1.000,0.875 ===
195.45622|I|libbeamng.print:18052| === LSTM_OBS t=80 0.03308,0.01079,18.72770,21.13816,-0.04905,9.29673,-9.69169,-0.01390,0.00000,0.00000,0.00091,1.00000,0.00000,0.00206,-0.01140,5791.95219,0.25000 ===
195.50376|I|libbeamng.print:18052| === LSTM_TRACE t=90 v=23.35 ws=0.01,0.01,17.38,20.98 cmd=0.984,0.991,0.893,0.880 cap=3050,3073,1700,1700 des=3050,3073,1488,1488 app=3033,3045,1488,1488 abs=nil,nil,nil,nil ebrake=1.00 ibrake=1.00 hasABS=0 sy=9.53 split=1.000,0.875 ===
195.50382|I|libbeamng.print:18052| === LSTM_OBS t=90 0.00833,0.01002,17.38369,20.97918,-0.06536,9.53203,-9.69526,-0.02077,0.00000,0.00000,0.00142,1.00000,0.00000,0.00183,-0.00958,5592.01898,0.25000 ===
195.55260|I|libbeamng.print:18052| === LSTM_TRACE t=100 v=22.84 ws=0.00,0.00,15.92,20.87 cmd=0.985,0.992,0.894,0.879 cap=3054,3075,1700,1700 des=3054,3075,1488,1488 app=3036,3047,1488,1488 abs=nil,nil,nil,nil ebrake=1.00 ibrake=1.00 hasABS=0 sy=9.74 split=1.000,0.875 ===
195.55270|I|libbeamng.print:18052| === LSTM_OBS t=100 0.00328,0.00102,15.91629,20.87117,-0.07627,9.73648,-9.73905,-0.03411,0.00000,0.00000,0.00104,1.00000,0.00000,0.00174,-0.00824,5369.71754,0.25000 ===
195.60302|I|libbeamng.print:18052| === LSTM_TRACE t=110 v=22.33 ws=0.00,0.00,14.04,20.98 cmd=0.987,0.993,0.895,0.878 cap=3058,3078,1700,1700 des=3058,3078,1488,1488 app=3039,3048,1488,1488 abs=nil,nil,nil,nil ebrake=1.00 ibrake=1.00 hasABS=0 sy=9.87 split=1.000,0.875 ===
195.60306|I|libbeamng.print:18052| === LSTM_OBS t=110 0.00023,0.00098,14.04451,20.98358,-0.08442,9.87216,-9.78613,-0.04003,0.00000,0.00000,0.00115,1.00000,0.00000,0.00165,-0.00723,5146.25072,0.25000 ===
195.65255|I|libbeamng.print:18052| === LSTM_TRACE t=120 v=21.83 ws=0.00,0.00,12.46,20.85 cmd=0.988,0.994,0.895,0.878 cap=3061,3080,1700,1700 des=3061,3080,1488,1488 app=3041,3049,1488,1488 abs=nil,nil,nil,nil ebrake=1.00 ibrake=1.00 hasABS=0 sy=9.94 split=1.000,0.875 ===
195.65260|I|libbeamng.print:18052| === LSTM_OBS t=120 0.00139,0.00129,12.46117,20.84873,-0.08883,9.93582,-9.82966,-0.05602,0.00000,0.00000,0.00104,1.00000,0.00000,0.00163,-0.00655,4914.23559,0.25000 ===
195.70319|I|libbeamng.print:18052| === LSTM_TRACE t=130 v=21.34 ws=0.00,0.01,11.17,20.46 cmd=0.989,0.994,0.894,0.878 cap=3064,3081,1700,1700 des=3064,3081,1488,1488 app=3043,3050,1488,1488 abs=nil,nil,nil,nil ebrake=1.00 ibrake=1.00 hasABS=0 sy=9.92 split=1.000,0.875 ===
195.70325|I|libbeamng.print:18052| === LSTM_OBS t=130 0.00191,0.00520,11.16850,20.45815,-0.07841,9.92141,-9.84886,-0.05893,0.00000,0.00000,0.00104,1.00000,0.00000,0.00149,-0.00604,4665.50758,0.25000 ===
195.75309|I|libbeamng.print:18052| === LSTM_TRACE t=140 v=20.85 ws=0.00,0.00,9.81,20.13 cmd=0.990,0.995,0.893,0.878 cap=3067,3083,1700,1700 des=3067,3083,1488,1488 app=3045,3051,1488,1488 abs=nil,nil,nil,nil ebrake=1.00 ibrake=1.00 hasABS=0 sy=9.87 split=1.000,0.875 ===
195.75313|I|libbeamng.print:18052| === LSTM_OBS t=140 0.00172,0.00106,9.81323,20.13204,-0.02826,9.87472,-9.82770,-0.06322,0.00000,0.00000,0.00124,1.00000,0.00000,0.00101,-0.00565,4407.19628,0.25000 ===
195.80422|I|libbeamng.print:18052| === LSTM_TRACE t=150 v=20.37 ws=0.00,0.00,8.33,19.54 cmd=0.991,0.995,0.893,0.879 cap=3071,3085,1700,1700 des=3071,3085,1488,1488 app=3048,3052,1488,1488 abs=nil,nil,nil,nil ebrake=1.00 ibrake=1.00 hasABS=0 sy=9.84 split=1.000,0.875 ===
195.80426|I|libbeamng.print:18052| === LSTM_OBS t=150 0.00066,0.00126,8.32797,19.53998,0.04352,9.84066,-9.79986,-0.05490,0.00000,0.00000,0.00104,1.00000,0.00000,0.00040,-0.00537,4147.48572,0.25000 ===
195.85282|I|libbeamng.print:18052| === LSTM_TRACE t=160 v=19.88 ws=0.00,0.00,6.83,19.11 cmd=0.992,0.996,0.892,0.879 cap=3074,3086,1700,1700 des=3074,3086,1488,1488 app=3050,3053,1488,1488 abs=nil,nil,nil,nil ebrake=1.00 ibrake=1.00 hasABS=0 sy=9.81 split=1.000,0.875 ===
195.85287|I|libbeamng.print:18052| === LSTM_OBS t=160 0.00152,0.00210,6.83104,19.10735,0.11313,9.81409,-9.79318,-0.04623,0.00000,0.00000,0.00104,1.00000,0.00000,-0.00004,-0.00514,3885.80867,0.25000 ===
195.90277|I|libbeamng.print:18052| === LSTM_TRACE t=170 v=19.39 ws=0.00,0.01,5.65,18.62 cmd=0.993,0.996,0.893,0.879 cap=3077,3088,1700,1700 des=3077,3088,1488,1488 app=3053,3054,1488,1488 abs=nil,nil,nil,nil ebrake=1.00 ibrake=1.00 hasABS=0 sy=9.80 split=1.000,0.875 ===
195.90285|I|libbeamng.print:18052| === LSTM_OBS t=170 0.00231,0.00703,5.64883,18.61581,0.18260,9.79510,-9.78248,-0.03259,0.00000,0.00000,0.00104,1.00000,0.00000,-0.00037,-0.00491,3621.06919,0.25000 ===
195.95302|I|libbeamng.print:18052| === LSTM_TRACE t=180 v=18.90 ws=0.00,0.02,4.65,18.11 cmd=0.994,0.997,0.893,0.879 cap=3081,3090,1700,1700 des=3081,3090,1488,1488 app=3056,3055,1488,1488 abs=nil,nil,nil,nil ebrake=1.00 ibrake=1.00 hasABS=0 sy=9.83 split=1.000,0.875 ===
195.95310|I|libbeamng.print:18052| === LSTM_OBS t=180 0.00483,0.02223,4.64907,18.10706,0.22417,9.82809,-9.82591,-0.03172,0.00000,0.00000,0.00104,1.00000,0.00000,-0.00028,-0.00495,3364.53235,0.25000 ===
196.00369|I|libbeamng.print:18052| === LSTM_TRACE t=190 v=18.39 ws=0.01,0.01,2.68,17.19 cmd=0.995,0.997,0.895,0.881 cap=3085,3091,1700,1700 des=3085,3091,1488,1488 app=3059,3056,1488,1488 abs=nil,nil,nil,nil ebrake=1.00 ibrake=1.00 hasABS=0 sy=9.86 split=1.000,0.875 ===
196.00379|I|libbeamng.print:18052| === LSTM_OBS t=190 0.01379,0.00993,2.68337,17.19424,0.24622,9.86269,-9.86444,-0.01388,0.00000,0.00000,0.00115,1.00000,0.00000,0.00032,-0.00534,3110.71861,0.25000 ===
196.05448|I|libbeamng.print:18052| === LSTM_TRACE t=200 v=17.91 ws=0.01,0.00,1.10,17.01 cmd=0.997,0.998,0.898,0.887 cap=3089,3093,1700,1700 des=3089,3093,1488,1488 app=3062,3056,1488,1488 abs=nil,nil,nil,nil ebrake=1.00 ibrake=1.00 hasABS=0 sy=9.84 split=1.000,0.875 ===
196.05454|I|libbeamng.print:18052| === LSTM_OBS t=200 0.00817,0.00094,1.10398,17.01409,0.35898,9.84253,-9.81000,-0.02463,0.00000,0.00000,0.00124,1.00000,0.00000,0.00026,-0.00586,2850.57753,0.25000 ===
196.10403|I|libbeamng.print:18052| === LSTM_TRACE t=210 v=17.45 ws=0.00,0.01,0.15,16.72 cmd=0.997,0.998,0.901,0.894 cap=3091,3093,1700,1700 des=3091,3093,1488,1488 app=3064,3057,1488,1488 abs=nil,nil,nil,nil ebrake=1.00 ibrake=1.00 hasABS=0 sy=9.69 split=1.000,0.875 ===
196.10408|I|libbeamng.print:18052| === LSTM_OBS t=210 0.00133,0.01122,0.14590,16.71938,0.42945,9.68961,-9.73549,-0.01540,0.00000,0.00000,0.00162,1.00000,0.00000,-0.00020,-0.00575,2548.76828,0.25000 ===
196.15252|I|libbeamng.print:18052| === LSTM_TRACE t=220 v=16.97 ws=0.00,0.02,0.05,14.96 cmd=0.997,0.998,0.902,0.898 cap=3092,3093,1700,1700 des=3092,3093,1488,1488 app=3064,3056,1488,1488 abs=nil,nil,nil,nil ebrake=1.00 ibrake=1.00 hasABS=0 sy=9.62 split=1.000,0.875 ===
196.15258|I|libbeamng.print:18052| === LSTM_OBS t=220 0.00348,0.01969,0.05144,14.96243,0.40566,9.61813,-9.70819,-0.00973,0.00000,0.00000,0.00183,1.00000,0.00000,-0.00059,-0.00556,2295.26298,0.25000 ===
196.20329|I|libbeamng.print:18052| === LSTM_TRACE t=230 v=16.47 ws=0.00,0.00,0.04,13.85 cmd=0.998,0.998,0.903,0.900 cap=3093,3094,1700,1700 des=3093,3094,1488,1488 app=3064,3056,1487,1488 abs=nil,nil,nil,nil ebrake=1.00 ibrake=1.00 hasABS=0 sy=9.70 split=1.000,0.875 ===
196.20336|I|libbeamng.print:18052| === LSTM_OBS t=230 0.00238,0.00089,0.03732,13.84776,0.36314,9.69680,-9.80685,-0.01815,0.00000,0.00000,0.00134,1.00000,0.00000,0.00028,-0.00582,2089.12491,0.25000 ===
196.25327|I|libbeamng.print:18052| === LSTM_TRACE t=240 v=15.99 ws=0.00,0.00,0.00,12.23 cmd=0.998,0.998,0.904,0.903 cap=3094,3095,1700,1700 des=3094,3095,1488,1488 app=3065,3056,1487,1488 abs=nil,nil,nil,nil ebrake=1.00 ibrake=1.00 hasABS=0 sy=9.73 split=1.000,0.875 ===
196.25335|I|libbeamng.print:18052| === LSTM_OBS t=240 0.00306,0.00496,0.00208,12.23477,0.35732,9.72721,-9.80115,-0.01782,0.00000,0.00000,0.00104,1.00000,0.00000,0.00088,-0.00640,1888.91811,0.25000 ===
196.30334|I|libbeamng.print:18052| === LSTM_TRACE t=250 v=15.51 ws=0.00,0.00,0.00,10.37 cmd=0.998,0.998,0.904,0.905 cap=3095,3095,1700,1700 des=3095,3095,1488,1488 app=3065,3056,1486,1488 abs=nil,nil,nil,nil ebrake=1.00 ibrake=1.00 hasABS=0 sy=9.71 split=1.000,0.875 ===
196.30341|I|libbeamng.print:18052| === LSTM_OBS t=250 0.00024,0.00228,0.00201,10.37465,0.36176,9.71435,-9.78515,-0.02984,0.00000,0.00000,0.00124,1.00000,0.00000,0.00110,-0.00683,1676.25841,0.25000 ===
196.35303|I|libbeamng.print:18052| === LSTM_TRACE t=260 v=15.02 ws=0.00,0.00,0.01,8.65 cmd=0.999,0.998,0.902,0.906 cap=3095,3095,1700,1700 des=3095,3095,1488,1488 app=3065,3056,1485,1488 abs=nil,nil,nil,nil ebrake=1.00 ibrake=1.00 hasABS=0 sy=9.67 split=1.000,0.875 ===
196.35308|I|libbeamng.print:18052| === LSTM_OBS t=260 0.00070,0.00037,0.00791,8.65490,0.34986,9.67168,-9.75940,-0.03342,0.00000,0.00000,0.00115,1.00000,0.00000,0.00112,-0.00712,1453.81261,0.25000 ===
196.40369|I|libbeamng.print:18052| === LSTM_TRACE t=270 v=14.55 ws=0.00,0.00,0.01,6.48 cmd=0.999,0.998,0.898,0.901 cap=3095,3095,1700,1700 des=3095,3095,1488,1488 app=3065,3056,1485,1488 abs=nil,nil,nil,nil ebrake=1.00 ibrake=1.00 hasABS=0 sy=9.63 split=1.000,0.875 ===
196.40376|I|libbeamng.print:18052| === LSTM_OBS t=270 0.00460,0.00054,0.01453,6.48047,0.33323,9.63168,-9.74348,-0.04060,0.00000,0.00000,0.00124,1.00000,0.00000,0.00114,-0.00716,1226.55081,0.25000 ===
196.45294|I|libbeamng.print:18052| === LSTM_TRACE t=280 v=14.07 ws=0.02,0.01,0.02,4.56 cmd=0.998,0.998,0.890,0.887 cap=3094,3093,1700,1700 des=3094,3093,1488,1488 app=3063,3053,1484,1488 abs=nil,nil,nil,nil ebrake=1.00 ibrake=1.00 hasABS=0 sy=9.61 split=1.000,0.875 ===
196.45299|I|libbeamng.print:18052| === LSTM_OBS t=280 0.01709,0.00518,0.01754,4.56048,0.31895,9.60895,-9.72613,-0.04911,0.00000,0.00000,0.00146,1.00000,0.00000,0.00114,-0.00714,1006.27502,0.25000 ===
196.50364|I|libbeamng.print:18052| === LSTM_TRACE t=290 v=13.59 ws=0.01,0.01,0.03,1.60 cmd=0.996,0.996,0.883,0.871 cap=3090,3088,1700,1694 des=3090,3088,1488,1483 app=3058,3048,1484,1483 abs=nil,nil,nil,nil ebrake=1.00 ibrake=1.00 hasABS=0 sy=9.66 split=1.000,0.875 ===
196.50370|I|libbeamng.print:18052| === LSTM_OBS t=290 0.00580,0.01372,0.02889,1.60315,0.33578,9.65919,-9.73361,-0.05629,0.00000,0.00000,0.00115,1.00000,0.00000,0.00032,-0.00757,806.57794,0.25000 ===
196.55358|I|libbeamng.print:18052| === LSTM_TRACE t=300 v=13.11 ws=0.00,0.00,0.00,0.06 cmd=0.994,0.993,0.879,0.866 cap=3082,3080,1700,1681 des=3082,3080,1488,1471 app=3050,3040,1484,1471 abs=nil,nil,nil,nil ebrake=1.00 ibrake=1.00 hasABS=0 sy=9.63 split=1.000,0.875 ===
196.55365|I|libbeamng.print:18052| === LSTM_OBS t=300 0.00061,0.00169,0.00374,0.05882,0.28487,9.62868,-9.77516,-0.04352,0.00000,0.00000,0.00124,1.00000,0.00000,-0.00030,-0.00826,737.67754,0.25000 ===
196.60368|I|libbeamng.print:18052| === LSTM_TRACE t=310 v=12.63 ws=0.00,0.00,0.04,0.02 cmd=0.993,0.992,0.878,0.863 cap=3080,3077,1700,1678 des=3080,3077,1488,1468 app=3048,3037,1483,1468 abs=nil,nil,nil,nil ebrake=1.00 ibrake=1.00 hasABS=0 sy=9.58 split=1.000,0.875 ===
196.60378|I|libbeamng.print:18052| === LSTM_OBS t=310 0.00242,0.00233,0.04167,0.02310,0.30473,9.58364,-9.74729,-0.04945,0.00000,0.00000,0.00069,1.00000,0.00000,-0.00091,-0.00854,730.70657,0.25000 ===
196.65302|I|libbeamng.print:18052| === LSTM_TRACE t=320 v=12.15 ws=0.01,0.00,0.01,0.02 cmd=0.993,0.992,0.877,0.863 cap=3078,3075,1700,1677 des=3078,3075,1488,1467 app=3045,3034,1483,1467 abs=nil,nil,nil,nil ebrake=1.00 ibrake=1.00 hasABS=0 sy=9.59 split=1.000,0.875 ===
196.65309|I|libbeamng.print:18052| === LSTM_OBS t=320 0.00562,0.00229,0.01225,0.01998,0.30757,9.58562,-9.72449,-0.05417,0.00000,0.00000,0.00183,1.00000,0.00000,-0.00140,-0.00860,729.10242,0.25000 ===
196.70418|I|libbeamng.print:18052| === LSTM_TRACE t=330 v=11.66 ws=0.00,0.00,0.02,0.01 cmd=0.993,0.992,0.877,0.863 cap=3077,3074,1700,1677 des=3077,3074,1488,1468 app=3044,3033,1483,1468 abs=nil,nil,nil,nil ebrake=1.00 ibrake=1.00 hasABS=0 sy=9.62 split=1.000,0.875 ===
196.70427|I|libbeamng.print:18052| === LSTM_OBS t=330 0.00077,0.00020,0.01512,0.00659,0.32102,9.61552,-9.71042,-0.05489,0.00000,0.00000,0.00162,1.00000,0.00000,-0.00167,-0.00864,729.07559,0.25000 ===
196.75261|I|libbeamng.print:18052| === LSTM_TRACE t=340 v=11.17 ws=0.00,0.00,0.02,0.01 cmd=0.993,0.992,0.877,0.863 cap=3077,3074,1700,1677 des=3077,3074,1488,1468 app=3044,3033,1482,1468 abs=nil,nil,nil,nil ebrake=1.00 ibrake=1.00 hasABS=0 sy=9.66 split=1.000,0.875 ===
196.75267|I|libbeamng.print:18052| === LSTM_OBS t=340 0.00280,0.00215,0.01849,0.01380,0.32941,9.65912,-9.71240,-0.05755,0.00000,0.00000,0.00176,1.00000,0.00000,-0.00176,-0.00872,727.81896,0.25000 ===
196.80316|I|libbeamng.print:18052| === LSTM_TRACE t=350 v=10.68 ws=0.00,0.00,0.00,0.02 cmd=0.993,0.992,0.877,0.863 cap=3078,3074,1700,1677 des=3078,3074,1488,1468 app=3044,3033,1482,1468 abs=nil,nil,nil,nil ebrake=1.00 ibrake=1.00 hasABS=0 sy=9.72 split=1.000,0.875 ===
196.80322|I|libbeamng.print:18052| === LSTM_OBS t=350 0.00193,0.00108,0.00084,0.01523,0.35007,9.71575,-9.70643,-0.05796,0.00000,0.00000,0.00146,1.00000,0.00000,-0.00194,-0.00883,731.44817,0.25000 ===
196.85324|I|libbeamng.print:18052| === LSTM_TRACE t=360 v=10.18 ws=0.00,0.00,0.00,0.01 cmd=0.993,0.992,0.877,0.863 cap=3078,3075,1700,1677 des=3078,3075,1488,1468 app=3045,3033,1482,1468 abs=nil,nil,nil,nil ebrake=1.00 ibrake=1.00 hasABS=0 sy=9.78 split=1.000,0.875 ===
196.85336|I|libbeamng.print:18052| === LSTM_OBS t=360 0.00305,0.00142,0.00454,0.00833,0.37861,9.78007,-9.71417,-0.05791,0.00000,0.00000,0.00162,1.00000,0.00000,-0.00212,-0.00892,731.94198,0.25000 ===
196.90298|I|libbeamng.print:18052| === LSTM_TRACE t=370 v=9.68 ws=0.00,0.00,0.01,0.01 cmd=0.993,0.992,0.877,0.863 cap=3079,3075,1700,1678 des=3079,3075,1488,1468 app=3045,3033,1482,1468 abs=nil,nil,nil,nil ebrake=1.00 ibrake=1.00 hasABS=0 sy=9.84 split=1.000,0.875 ===
196.90303|I|libbeamng.print:18052| === LSTM_OBS t=370 0.00070,0.00153,0.00736,0.00585,0.40950,9.84317,-9.71490,-0.05970,0.00000,0.00000,0.00176,1.00000,0.00000,-0.00230,-0.00904,730.33624,0.25000 ===
196.95256|I|libbeamng.print:18052| === LSTM_TRACE t=380 v=9.17 ws=0.00,0.00,0.01,0.00 cmd=0.993,0.992,0.877,0.864 cap=3080,3076,1700,1678 des=3080,3076,1488,1468 app=3046,3034,1481,1468 abs=nil,nil,nil,nil ebrake=1.00 ibrake=1.00 hasABS=0 sy=9.91 split=1.000,0.875 ===
196.95263|I|libbeamng.print:18052| === LSTM_OBS t=380 0.00170,0.00020,0.00872,0.00220,0.43778,9.90771,-9.71499,-0.06024,0.00000,0.00000,0.00183,1.00000,0.00000,-0.00245,-0.00917,727.38423,0.25000 ===
197.00352|I|libbeamng.print:18052| === LSTM_TRACE t=390 v=8.66 ws=0.00,0.00,0.00,0.01 cmd=0.994,0.993,0.877,0.864 cap=3081,3077,1700,1678 des=3081,3077,1488,1468 app=3046,3035,1481,1468 abs=nil,nil,nil,nil ebrake=1.00 ibrake=1.00 hasABS=0 sy=9.97 split=1.000,0.875 ===
197.00357|I|libbeamng.print:18052| === LSTM_OBS t=390 0.00056,0.00105,0.00280,0.01290,0.46549,9.97341,-9.71167,-0.06052,0.00000,0.00000,0.00183,1.00000,0.00000,-0.00262,-0.00930,728.52229,0.25000 ===
197.05603|I|libbeamng.print:18052| === LSTM_TRACE t=400 v=8.15 ws=0.00,0.00,0.01,0.00 cmd=0.994,0.993,0.878,0.863 cap=3082,3078,1700,1678 des=3082,3078,1488,1468 app=3048,3036,1481,1468 abs=nil,nil,nil,nil ebrake=1.00 ibrake=1.00 hasABS=0 sy=10.05 split=1.000,0.875 ===
197.05608|I|libbeamng.print:18052| === LSTM_OBS t=400 0.00209,0.00030,0.00880,0.00343,0.49779,10.04905,-9.71037,-0.06044,0.00000,0.00000,0.00189,1.00000,0.00000,-0.00279,-0.00946,728.64125,0.25000 ===
197.10321|I|libbeamng.print:18052| === LSTM_TRACE t=410 v=7.63 ws=0.00,0.00,0.01,0.00 cmd=0.995,0.993,0.878,0.864 cap=3083,3079,1700,1678 des=3083,3079,1488,1468 app=3048,3037,1481,1468 abs=nil,nil,nil,nil ebrake=1.00 ibrake=1.00 hasABS=0 sy=10.12 split=1.000,0.875 ===
197.10327|I|libbeamng.print:18052| === LSTM_OBS t=410 0.00016,0.00198,0.00748,0.00470,0.52753,10.11941,-9.70834,-0.06068,0.00000,0.00000,0.00192,1.00000,0.00000,-0.00297,-0.00961,727.58315,0.25000 ===
197.15373|I|libbeamng.print:18052| === LSTM_TRACE t=420 v=7.10 ws=0.00,0.00,0.00,0.00 cmd=0.995,0.994,0.878,0.864 cap=3084,3080,1700,1678 des=3084,3080,1488,1468 app=3049,3038,1481,1468 abs=nil,nil,nil,nil ebrake=1.00 ibrake=1.00 hasABS=0 sy=10.21 split=1.000,0.875 ===
197.15379|I|libbeamng.print:18052| === LSTM_OBS t=420 0.00318,0.00099,0.00496,0.00312,0.56389,10.21340,-9.70791,-0.06078,0.00000,0.00000,0.00204,1.00000,0.00000,-0.00319,-0.00980,727.87850,0.25000 ===
197.20312|I|libbeamng.print:18052| === LSTM_TRACE t=430 v=6.57 ws=0.00,0.00,0.01,0.01 cmd=0.995,0.994,0.878,0.864 cap=3086,3082,1700,1678 des=3086,3082,1488,1469 app=3051,3039,1481,1468 abs=nil,nil,nil,nil ebrake=1.00 ibrake=1.00 hasABS=0 sy=10.32 split=1.000,0.875 ===
197.20320|I|libbeamng.print:18052| === LSTM_OBS t=430 0.00019,0.00312,0.00600,0.01263,0.59827,10.32039,-9.70655,-0.06021,0.00000,0.00000,0.00204,1.00000,0.00000,-0.00341,-0.01000,726.99101,0.25000 ===
197.25278|I|libbeamng.print:18052| === LSTM_TRACE t=440 v=6.03 ws=0.00,0.00,0.01,0.00 cmd=0.996,0.995,0.879,0.864 cap=3087,3083,1700,1679 des=3087,3083,1488,1469 app=3052,3040,1481,1469 abs=nil,nil,nil,nil ebrake=1.00 ibrake=1.00 hasABS=0 sy=10.44 split=1.000,0.875 ===
197.25285|I|libbeamng.print:18052| === LSTM_OBS t=440 0.00276,0.00149,0.00688,0.00119,0.63411,10.43613,-9.70511,-0.06004,0.00000,0.00000,0.00198,1.00000,0.00000,-0.00363,-0.01024,726.92826,0.25000 ===
197.30518|I|libbeamng.print:18052| === LSTM_TRACE t=450 v=5.48 ws=0.00,0.00,0.00,0.01 cmd=0.996,0.995,0.879,0.865 cap=3088,3084,1700,1680 des=3088,3084,1488,1470 app=3053,3042,1480,1469 abs=nil,nil,nil,nil ebrake=1.00 ibrake=1.00 hasABS=0 sy=10.55 split=1.000,0.875 ===
197.30532|I|libbeamng.print:18052| === LSTM_OBS t=450 0.00056,0.00162,0.00382,0.00790,0.66996,10.54521,-9.70491,-0.05780,0.00000,0.00000,0.00216,1.00000,0.00000,-0.00385,-0.01047,728.69307,0.25000 ===
197.35244|I|libbeamng.print:18052| === LSTM_TRACE t=460 v=4.93 ws=0.00,0.00,0.03,0.01 cmd=0.997,0.995,0.880,0.865 cap=3089,3086,1700,1681 des=3089,3086,1488,1471 app=3054,3043,1480,1470 abs=nil,nil,nil,nil ebrake=1.00 ibrake=1.00 hasABS=0 sy=10.65 split=1.000,0.875 ===
197.35250|I|libbeamng.print:18052| === LSTM_OBS t=460 0.00349,0.00110,0.02606,0.00695,0.70520,10.64813,-9.70864,-0.05675,0.00000,0.00000,0.00229,1.00000,0.00000,-0.00405,-0.01069,727.55276,0.25000 ===
197.40283|I|libbeamng.print:18052| === LSTM_TRACE t=470 v=4.37 ws=0.00,0.00,0.01,0.02 cmd=0.997,0.996,0.881,0.866 cap=3090,3087,1700,1682 des=3090,3087,1488,1472 app=3055,3044,1480,1471 abs=nil,nil,nil,nil ebrake=1.00 ibrake=1.00 hasABS=0 sy=10.77 split=1.000,0.875 ===
197.40292|I|libbeamng.print:18052| === LSTM_OBS t=470 0.00070,0.00276,0.00740,0.01806,0.74440,10.77116,-9.71004,-0.05470,0.00000,0.00000,0.00229,1.00000,0.00000,-0.00424,-0.01099,728.10485,0.25000 ===
197.45266|I|libbeamng.print:18052| === LSTM_TRACE t=480 v=3.81 ws=0.00,0.00,0.00,0.00 cmd=0.997,0.996,0.882,0.867 cap=3092,3089,1700,1684 des=3092,3089,1488,1474 app=3056,3045,1480,1472 abs=nil,nil,nil,nil ebrake=1.00 ibrake=1.00 hasABS=0 sy=10.90 split=1.000,0.875 ===
197.45274|I|libbeamng.print:18052| === LSTM_OBS t=480 0.00287,0.00033,0.00183,0.00049,0.78487,10.89533,-9.70257,-0.05273,0.00000,0.00000,0.00234,1.00000,0.00000,-0.00449,-0.01133,727.62811,0.25000 ===
197.50380|I|libbeamng.print:18052| === LSTM_TRACE t=490 v=3.24 ws=0.00,0.00,0.01,0.01 cmd=0.998,0.997,0.883,0.868 cap=3093,3090,1700,1686 des=3093,3090,1488,1475 app=3057,3047,1480,1474 abs=nil,nil,nil,nil ebrake=1.00 ibrake=1.00 hasABS=0 sy=11.02 split=1.000,0.875 ===
197.50394|I|libbeamng.print:18052| === LSTM_OBS t=490 0.00027,0.00190,0.00600,0.00705,0.82296,11.01568,-9.69353,-0.04911,0.00000,0.00000,0.00244,1.00000,0.00000,-0.00475,-0.01162,727.96959,0.25000 ===
197.55352|I|libbeamng.print:18052| === LSTM_TRACE t=500 v=2.67 ws=0.00,0.00,0.01,0.01 cmd=0.998,0.997,0.884,0.869 cap=3093,3091,1700,1689 des=3093,3091,1488,1478 app=3058,3048,1480,1476 abs=nil,nil,nil,nil ebrake=1.00 ibrake=1.00 hasABS=0 sy=11.12 split=1.000,0.875 ===
197.55357|I|libbeamng.print:18052| === LSTM_OBS t=500 0.00179,0.00047,0.01236,0.00766,0.86040,11.12368,-9.68790,-0.04535,0.00000,0.00000,0.00254,1.00000,0.00000,-0.00497,-0.01186,727.33541,0.25000 ===
197.60333|I|libbeamng.print:18052| === LSTM_TRACE t=510 v=2.09 ws=0.00,0.00,0.00,0.00 cmd=0.998,0.997,0.884,0.871 cap=3094,3092,1700,1691 des=3094,3092,1488,1480 app=3058,3049,1480,1478 abs=nil,nil,nil,nil ebrake=1.00 ibrake=1.00 hasABS=0 sy=11.23 split=1.000,0.875 ===
197.60337|I|libbeamng.print:18052| === LSTM_OBS t=510 0.00037,0.00259,0.00317,0.00394,0.89727,11.23044,-9.67938,-0.04044,0.00000,0.00000,0.00256,1.00000,0.00000,-0.00517,-0.01201,728.24901,0.25000 ===
197.65260|I|libbeamng.print:18052| === LSTM_TRACE t=520 v=1.49 ws=0.00,0.00,1.11,0.03 cmd=0.998,0.998,0.886,0.870 cap=3095,3093,1700,1690 des=3095,3093,1488,1479 app=3059,3049,1480,1477 abs=nil,nil,nil,nil ebrake=1.00 ibrake=1.00 hasABS=0 sy=11.36 split=1.000,0.875 ===
197.65266|I|libbeamng.print:18052| === LSTM_OBS t=520 0.00316,0.00019,1.10977,0.03378,0.93961,11.35553,-9.66580,-0.02761,0.00000,0.00000,0.00256,1.00000,0.00000,-0.00536,-0.01217,728.06717,0.25000 ===
197.70374|I|libbeamng.print:18052| === LSTM_TRACE t=530 v=0.90 ws=0.00,0.00,0.60,0.04 cmd=0.998,0.998,0.885,0.871 cap=3095,3093,1700,1692 des=3095,3093,1488,1481 app=3059,3050,1480,1479 abs=nil,nil,nil,nil ebrake=1.00 ibrake=1.00 hasABS=0 sy=11.50 split=1.000,0.875 ===
197.70380|I|libbeamng.print:18052| === LSTM_OBS t=530 0.00052,0.00344,0.60002,0.04195,1.12453,11.49734,-9.66414,0.00997,0.00000,0.00000,0.00278,1.00000,0.00000,-0.00593,-0.01241,729.16052,0.25000 ===
227.87634|I|libbeamng.print:18052| === LSTM_TRACE t=0 v=27.71 ws=27.73,27.84,27.32,27.41 cmd=0.804,0.811,0.484,0.439 cap=155,155,97,97 des=155,155,85,85 app=153,152,84,85 abs=nil,nil,nil,nil ebrake=1.00 ibrake=1.00 hasABS=0 sy=1.57 split=1.000,0.875 ===
227.87639|I|libbeamng.print:18052| === LSTM_OBS t=0 27.73319,27.84434,27.31974,27.41388,-0.03164,1.56916,-9.78106,0.00919,0.00000,0.00000,0.00000,1.00000,0.00000,0.00092,-0.00906,7857.96316,0.25000 ===
227.92603|I|libbeamng.print:18052| === LSTM_TRACE t=10 v=27.37 ws=23.81,22.99,26.71,26.72 cmd=0.890,0.931,0.778,0.766 cap=2779,2900,1486,1460 des=2779,2900,1300,1277 app=2744,2859,1290,1272 abs=nil,nil,nil,nil ebrake=1.00 ibrake=1.00 hasABS=0 sy=2.31 split=1.000,0.875 ===
227.92607|I|libbeamng.print:18052| === LSTM_OBS t=10 23.81201,22.98771,26.70548,26.72017,-0.04551,2.30625,-9.78940,-0.00220,0.00000,0.00000,0.00000,1.00000,0.00000,0.00100,-0.01016,7753.14094,0.25000 ===
227.94620|I|libbeamng.print:18052| === LSTM_ABS DBG raw=21.2644,19.7444,26.0920,26.3238,-0.0165,3.0629,-9.6620,-0.0129,0.0000,0.0000,0.0023,1.0000,0.0000,0.0009,-0.0117,7647.0950,0.2500 ===
227.94623|I|libbeamng.print:18052| === LSTM_ABS DBG norm=0.24,0.08,0.50,0.49,-0.17,-1.96,0.00,-0.07,0.06,-0.06,-0.00,0.59,-0.02,0.00,0.00,3.78,0.00 ===
227.94624|I|libbeamng.print:18052| === LSTM_ABS DBG cmd=0.7822,0.8593,0.7972,0.8018 ===
227.97607|I|libbeamng.print:18052| === LSTM_TRACE t=20 v=26.89 ws=19.80,16.28,25.29,25.55 cmd=0.705,0.804,0.808,0.841 cap=2216,2516,1573,1626 des=2216,2516,1376,1423 app=2196,2489,1370,1420 abs=nil,nil,nil,nil ebrake=1.00 ibrake=1.00 hasABS=0 sy=4.25 split=1.000,0.875 ===
227.97611|I|libbeamng.print:18052| === LSTM_OBS t=20 19.80411,16.27860,25.28953,25.55468,-0.03808,4.25119,-9.51876,0.00011,0.00000,0.00000,0.00297,1.00000,0.00000,0.00119,-0.01412,7452.42084,0.25000 ===
228.02928|I|libbeamng.print:18052| === LSTM_TRACE t=30 v=26.40 ws=18.81,10.69,24.31,24.29 cmd=0.682,0.781,0.794,0.849 cap=2109,2420,1540,1651 des=2109,2420,1348,1444 app=2094,2398,1344,1444 abs=nil,nil,nil,nil ebrake=1.00 ibrake=1.00 hasABS=0 sy=5.79 split=1.000,0.875 ===
228.02934|I|libbeamng.print:18052| === LSTM_OBS t=30 18.81192,10.68806,24.30632,24.28795,-0.06271,5.79289,-9.36237,0.00391,0.00000,0.00000,0.00234,1.00000,0.00000,0.00191,-0.01659,7109.35184,0.25000 ===
228.07581|I|libbeamng.print:18052| === LSTM_TRACE t=40 v=25.86 ws=17.73,4.31,23.60,23.21 cmd=0.773,0.847,0.810,0.850 cap=2350,2592,1567,1648 des=2350,2592,1371,1442 app=2337,2570,1369,1442 abs=nil,nil,nil,nil ebrake=1.00 ibrake=1.00 hasABS=0 sy=7.12 split=1.000,0.875 ===
228.07588|I|libbeamng.print:18052| === LSTM_OBS t=40 17.72873,4.31145,23.60472,23.20572,-0.04973,7.11790,-9.39202,0.00706,0.00000,0.00000,0.00244,1.00000,0.00000,0.00232,-0.01722,6819.69176,0.25000 ===
228.12604|I|libbeamng.print:18052| === LSTM_TRACE t=50 v=25.33 ws=10.23,0.24,22.73,22.36 cmd=0.973,0.984,0.869,0.879 cap=3006,3041,1682,1700 des=3006,3041,1472,1488 app=2993,3015,1472,1488 abs=nil,nil,nil,nil ebrake=1.00 ibrake=1.00 hasABS=0 sy=8.14 split=1.000,0.875 ===
228.12611|I|libbeamng.print:18052| === LSTM_OBS t=50 10.22686,0.23601,22.73459,22.35788,0.00325,8.14032,-9.51107,0.02826,0.00000,0.00000,0.00085,1.00000,0.00000,0.00195,-0.01730,6561.31659,0.25000 ===
228.17601|I|libbeamng.print:18052| === LSTM_TRACE t=60 v=24.83 ws=0.55,0.10,21.70,21.43 cmd=0.980,0.989,0.887,0.887 cap=3034,3062,1700,1700 des=3034,3062,1488,1488 app=3021,3034,1488,1488 abs=nil,nil,nil,nil ebrake=1.00 ibrake=1.00 hasABS=0 sy=8.77 split=1.000,0.875 ===
228.17608|I|libbeamng.print:18052| === LSTM_OBS t=60 0.54818,0.09804,21.70378,21.43180,-0.04617,8.77277,-9.67583,0.02257,0.00000,0.00000,0.00210,1.00000,0.00000,0.00142,-0.01664,6295.34151,0.25000 ===
228.22608|I|libbeamng.print:18052| === LSTM_TRACE t=70 v=24.35 ws=0.21,0.06,20.67,20.73 cmd=0.983,0.991,0.891,0.883 cap=3047,3071,1700,1700 des=3047,3071,1488,1488 app=3033,3042,1488,1488 abs=nil,nil,nil,nil ebrake=1.00 ibrake=1.00 hasABS=0 sy=9.08 split=1.000,0.875 ===
228.22615|I|libbeamng.print:18052| === LSTM_OBS t=70 0.20807,0.06487,20.66870,20.73147,-0.02090,9.07780,-9.71620,0.00935,0.00000,0.00000,0.00091,1.00000,0.00000,0.00120,-0.01488,6033.73272,0.25000 ===
228.27591|I|libbeamng.print:18052| === LSTM_TRACE t=80 v=23.85 ws=0.10,0.04,19.74,19.90 cmd=0.983,0.991,0.892,0.882 cap=3047,3071,1700,1700 des=3047,3071,1488,1488 app=3032,3041,1488,1488 abs=nil,nil,nil,nil ebrake=1.00 ibrake=1.00 hasABS=0 sy=9.31 split=1.000,0.875 ===
228.27597|I|libbeamng.print:18052| === LSTM_OBS t=80 0.09578,0.04060,19.74196,19.89653,-0.05284,9.30507,-9.70026,0.00659,0.00000,0.00000,0.00085,1.00000,0.00000,0.00074,-0.01262,5792.47740,0.25000 ===
228.32581|I|libbeamng.print:18052| === LSTM_TRACE t=90 v=23.35 ws=0.05,0.02,19.11,19.03 cmd=0.984,0.991,0.893,0.881 cap=3048,3072,1700,1700 des=3048,3072,1488,1488 app=3032,3041,1488,1488 abs=nil,nil,nil,nil ebrake=1.00 ibrake=1.00 hasABS=0 sy=9.52 split=1.000,0.875 ===
228.32596|I|libbeamng.print:18052| === LSTM_OBS t=90 0.04904,0.02421,19.10737,19.03178,-0.07253,9.51666,-9.70646,0.00419,0.00000,0.00000,0.00115,1.00000,0.00000,0.00063,-0.01066,5564.95438,0.25000 ===
228.37618|I|libbeamng.print:18052| === LSTM_TRACE t=100 v=22.84 ws=0.02,0.01,18.35,18.37 cmd=0.985,0.992,0.894,0.880 cap=3052,3075,1700,1700 des=3052,3075,1488,1488 app=3034,3042,1488,1488 abs=nil,nil,nil,nil ebrake=1.00 ibrake=1.00 hasABS=0 sy=9.69 split=1.000,0.875 ===
228.37625|I|libbeamng.print:18052| === LSTM_OBS t=100 0.02329,0.01290,18.35244,18.37106,-0.07324,9.68774,-9.72948,-0.00501,0.00000,0.00000,0.00115,1.00000,0.00000,0.00067,-0.00913,5343.25971,0.25000 ===
228.42590|I|libbeamng.print:18052| === LSTM_TRACE t=110 v=22.33 ws=0.01,0.00,17.38,17.66 cmd=0.986,0.992,0.895,0.880 cap=3056,3076,1700,1700 des=3056,3076,1488,1488 app=3036,3043,1488,1488 abs=nil,nil,nil,nil ebrake=1.00 ibrake=1.00 hasABS=0 sy=9.82 split=1.000,0.875 ===
228.42600|I|libbeamng.print:18052| === LSTM_OBS t=110 0.01421,0.00302,17.38347,17.66192,-0.06432,9.81899,-9.75721,-0.00865,0.00000,0.00000,0.00091,1.00000,0.00000,0.00064,-0.00796,5121.92223,0.25000 ===
228.47660|I|libbeamng.print:18052| === LSTM_TRACE t=120 v=21.83 ws=0.01,0.00,16.47,17.24 cmd=0.987,0.993,0.896,0.880 cap=3059,3078,1700,1700 des=3059,3078,1488,1488 app=3039,3044,1488,1488 abs=nil,nil,nil,nil ebrake=1.00 ibrake=1.00 hasABS=0 sy=9.91 split=1.000,0.875 ===
228.47667|I|libbeamng.print:18052| === LSTM_OBS t=120 0.00700,0.00329,16.47118,17.23916,-0.05334,9.91142,-9.78823,-0.01293,0.00000,0.00000,0.00104,1.00000,0.00000,0.00055,-0.00715,4898.58211,0.25000 ===
228.52583|I|libbeamng.print:18052| === LSTM_TRACE t=130 v=21.32 ws=0.01,0.00,15.47,16.49 cmd=0.988,0.994,0.896,0.880 cap=3062,3080,1700,1700 des=3062,3080,1488,1488 app=3041,3044,1488,1488 abs=nil,nil,nil,nil ebrake=1.00 ibrake=1.00 hasABS=0 sy=9.97 split=1.000,0.875 ===
228.52588|I|libbeamng.print:18052| === LSTM_OBS t=130 0.00518,0.00012,15.47236,16.49476,-0.05047,9.97281,-9.81706,-0.01438,0.00000,0.00000,0.00104,1.00000,0.00000,0.00048,-0.00661,4676.01639,0.25000 ===
228.57671|I|libbeamng.print:18052| === LSTM_TRACE t=140 v=20.82 ws=0.00,0.00,14.59,15.56 cmd=0.989,0.994,0.896,0.880 cap=3065,3082,1700,1700 des=3065,3082,1488,1488 app=3043,3045,1488,1488 abs=nil,nil,nil,nil ebrake=1.00 ibrake=1.00 hasABS=0 sy=10.00 split=1.000,0.875 ===
228.57679|I|libbeamng.print:18052| === LSTM_OBS t=140 0.00025,0.00096,14.58945,15.55637,-0.03502,9.99865,-9.82941,-0.02212,0.00000,0.00000,0.00104,1.00000,0.00000,0.00043,-0.00635,4450.89681,0.25000 ===
228.62622|I|libbeamng.print:18052| === LSTM_TRACE t=150 v=20.32 ws=0.00,0.00,13.62,14.96 cmd=0.990,0.995,0.896,0.880 cap=3068,3084,1700,1700 des=3068,3084,1488,1488 app=3045,3046,1488,1488 abs=nil,nil,nil,nil ebrake=1.00 ibrake=1.00 hasABS=0 sy=9.99 split=1.000,0.875 ===
228.62629|I|libbeamng.print:18052| === LSTM_OBS t=150 0.00182,0.00313,13.62249,14.96262,-0.02611,9.99499,-9.82335,-0.02296,0.00000,0.00000,0.00091,1.00000,0.00000,0.00037,-0.00621,4220.47593,0.25000 ===
228.67649|I|libbeamng.print:18052| === LSTM_TRACE t=160 v=19.83 ws=0.00,0.00,12.55,14.56 cmd=0.991,0.995,0.895,0.880 cap=3071,3085,1700,1700 des=3071,3085,1488,1488 app=3047,3047,1488,1488 abs=nil,nil,nil,nil ebrake=1.00 ibrake=1.00 hasABS=0 sy=9.98 split=1.000,0.875 ===
228.67656|I|libbeamng.print:18052| === LSTM_OBS t=160 0.00206,0.00033,12.55480,14.56058,-0.01195,9.97641,-9.81366,-0.02233,0.00000,0.00000,0.00115,1.00000,0.00000,0.00034,-0.00613,3986.73366,0.25000 ===
228.72812|I|libbeamng.print:18052| === LSTM_TRACE t=170 v=19.33 ws=0.00,0.00,11.30,14.06 cmd=0.992,0.996,0.895,0.880 cap=3074,3087,1700,1700 des=3074,3087,1488,1488 app=3048,3047,1488,1488 abs=nil,nil,nil,nil ebrake=1.00 ibrake=1.00 hasABS=0 sy=9.95 split=1.000,0.875 ===
228.72818|I|libbeamng.print:18052| === LSTM_OBS t=170 0.00359,0.00175,11.29643,14.05742,0.00598,9.95235,-9.79967,-0.02704,0.00000,0.00000,0.00104,1.00000,0.00000,0.00027,-0.00607,3748.70304,0.25000 ===
228.77612|I|libbeamng.print:18052| === LSTM_TRACE t=180 v=18.84 ws=0.00,0.00,10.04,13.55 cmd=0.993,0.996,0.895,0.877 cap=3076,3088,1700,1700 des=3076,3088,1488,1488 app=3050,3048,1488,1488 abs=nil,nil,nil,nil ebrake=1.00 ibrake=1.00 hasABS=0 sy=9.92 split=1.000,0.875 ===
228.77617|I|libbeamng.print:18052| === LSTM_OBS t=180 0.00022,0.00150,10.04228,13.55182,0.01879,9.92496,-9.78109,-0.03326,0.00000,0.00000,0.00115,1.00000,0.00000,0.00018,-0.00598,3507.17540,0.25000 ===
228.82674|I|libbeamng.print:18052| === LSTM_TRACE t=190 v=18.35 ws=0.00,0.00,8.66,13.03 cmd=0.993,0.997,0.894,0.874 cap=3079,3089,1700,1699 des=3079,3089,1488,1486 app=3051,3048,1488,1486 abs=nil,nil,nil,nil ebrake=1.00 ibrake=1.00 hasABS=0 sy=9.90 split=1.000,0.875 ===
228.82678|I|libbeamng.print:18052| === LSTM_OBS t=190 0.00003,0.00114,8.66221,13.03017,0.04517,9.90301,-9.76358,-0.03564,0.00000,0.00000,0.00104,1.00000,0.00000,0.00006,-0.00589,3262.86125,0.25000 ===
228.87638|I|libbeamng.print:18052| === LSTM_TRACE t=200 v=17.85 ws=0.00,0.00,7.24,12.78 cmd=0.994,0.997,0.892,0.871 cap=3081,3090,1700,1692 des=3081,3090,1488,1481 app=3053,3048,1488,1481 abs=nil,nil,nil,nil ebrake=1.00 ibrake=1.00 hasABS=0 sy=9.87 split=1.000,0.875 ===
228.87643|I|libbeamng.print:18052| === LSTM_OBS t=200 0.00083,0.00211,7.23758,12.77940,0.06489,9.87446,-9.74927,-0.03911,0.00000,0.00000,0.00115,1.00000,0.00000,0.00001,-0.00581,3015.12886,0.25000 ===
228.92667|I|libbeamng.print:18052| === LSTM_TRACE t=210 v=17.36 ws=0.00,0.01,5.59,12.79 cmd=0.995,0.997,0.891,0.874 cap=3084,3090,1700,1696 des=3084,3090,1488,1484 app=3054,3048,1488,1484 abs=nil,nil,nil,nil ebrake=1.00 ibrake=1.00 hasABS=0 sy=9.86 split=1.000,0.875 ===
228.92672|I|libbeamng.print:18052| === LSTM_OBS t=210 0.00117,0.00729,5.59498,12.79280,0.09454,9.85796,-9.73282,-0.03918,0.00000,0.00000,0.00124,1.00000,0.00000,-0.00017,-0.00564,2768.23658,0.25000 ===
228.97625|I|libbeamng.print:18052| === LSTM_TRACE t=220 v=16.87 ws=0.00,0.02,4.53,12.56 cmd=0.996,0.997,0.890,0.880 cap=3086,3090,1700,1700 des=3086,3090,1488,1488 app=3056,3048,1488,1488 abs=nil,nil,nil,nil ebrake=1.00 ibrake=1.00 hasABS=0 sy=9.90 split=1.000,0.875 ===
228.97633|I|libbeamng.print:18052| === LSTM_OBS t=220 0.00161,0.01873,4.53098,12.55689,0.11190,9.89739,-9.76607,-0.04925,0.00000,0.00000,0.00104,1.00000,0.00000,-0.00007,-0.00579,2529.12719,0.25000 ===
229.02688|I|libbeamng.print:18052| === LSTM_TRACE t=230 v=16.35 ws=0.02,0.01,2.75,11.62 cmd=0.996,0.997,0.889,0.890 cap=3088,3091,1700,1700 des=3088,3091,1488,1488 app=3058,3048,1488,1488 abs=nil,nil,nil,nil ebrake=1.00 ibrake=1.00 hasABS=0 sy=9.93 split=1.000,0.875 ===
229.02694|I|libbeamng.print:18052| === LSTM_OBS t=230 0.01866,0.01088,2.74726,11.62170,0.10327,9.93329,-9.81944,-0.04347,0.00000,0.00000,0.00091,1.00000,0.00000,0.00056,-0.00617,2288.55873,0.25000 ===
229.07608|I|libbeamng.print:18052| === LSTM_TRACE t=240 v=15.88 ws=0.00,0.00,0.89,11.06 cmd=0.997,0.997,0.892,0.900 cap=3091,3092,1700,1700 des=3091,3092,1488,1488 app=3060,3048,1488,1488 abs=nil,nil,nil,nil ebrake=1.00 ibrake=1.00 hasABS=0 sy=9.89 split=1.000,0.875 ===
229.07614|I|libbeamng.print:18052| === LSTM_OBS t=240 0.00281,0.00052,0.89037,11.06145,0.20129,9.89000,-9.75987,-0.05100,0.00000,0.00000,0.00115,1.00000,0.00000,0.00049,-0.00670,2036.47409,0.25000 ===
229.12638|I|libbeamng.print:18052| === LSTM_TRACE t=250 v=15.41 ws=0.00,0.00,0.15,11.39 cmd=0.998,0.998,0.898,0.906 cap=3093,3093,1700,1700 des=3093,3093,1488,1488 app=3061,3049,1488,1488 abs=nil,nil,nil,nil ebrake=1.00 ibrake=1.00 hasABS=0 sy=9.76 split=1.000,0.875 ===
229.12642|I|libbeamng.print:18052| === LSTM_OBS t=250 0.00435,0.00482,0.14793,11.38640,0.24171,9.76072,-9.71769,-0.06431,0.00000,0.00000,0.00115,1.00000,0.00000,0.00024,-0.00670,1757.79161,0.25000 ===
229.17596|I|libbeamng.print:18052| === LSTM_TRACE t=260 v=14.92 ws=0.00,0.01,0.09,9.22 cmd=0.998,0.998,0.901,0.909 cap=3094,3093,1700,1700 des=3094,3093,1488,1488 app=3062,3049,1488,1488 abs=nil,nil,nil,nil ebrake=1.00 ibrake=1.00 hasABS=0 sy=9.72 split=1.000,0.875 ===
229.17600|I|libbeamng.print:18052| === LSTM_OBS t=260 0.00393,0.00626,0.09263,9.22217,0.23128,9.72247,-9.72079,-0.06202,0.00000,0.00000,0.00189,1.00000,0.00000,0.00005,-0.00662,1523.15056,0.25000 ===
229.22603|I|libbeamng.print:18052| === LSTM_TRACE t=270 v=14.44 ws=0.00,0.00,0.01,7.31 cmd=0.998,0.998,0.902,0.910 cap=3095,3094,1700,1700 des=3095,3094,1488,1488 app=3062,3049,1488,1488 abs=nil,nil,nil,nil ebrake=1.00 ibrake=1.00 hasABS=0 sy=9.73 split=1.000,0.875 ===
229.22608|I|libbeamng.print:18052| === LSTM_OBS t=270 0.00470,0.00282,0.00905,7.31029,0.22122,9.73322,-9.76682,-0.07071,0.00000,0.00000,0.00124,1.00000,0.00000,0.00058,-0.00687,1307.02240,0.25000 ===
229.27625|I|libbeamng.print:18052| === LSTM_TRACE t=280 v=13.96 ws=0.01,0.00,0.04,5.43 cmd=0.998,0.998,0.901,0.910 cap=3095,3094,1700,1700 des=3095,3094,1488,1488 app=3062,3049,1488,1488 abs=nil,nil,nil,nil ebrake=1.00 ibrake=1.00 hasABS=0 sy=9.69 split=1.000,0.875 ===
229.27635|I|libbeamng.print:18052| === LSTM_OBS t=280 0.01179,0.00186,0.04112,5.43471,0.24683,9.69388,-9.74816,-0.07196,0.00000,0.00000,0.00115,1.00000,0.00000,0.00089,-0.00715,1086.18345,0.25000 ===
229.32587|I|libbeamng.print:18052| === LSTM_TRACE t=290 v=13.47 ws=0.01,0.00,0.01,3.45 cmd=0.998,0.998,0.898,0.906 cap=3095,3093,1700,1700 des=3095,3093,1488,1488 app=3061,3048,1488,1488 abs=nil,nil,nil,nil ebrake=1.00 ibrake=1.00 hasABS=0 sy=9.70 split=1.000,0.875 ===
229.32592|I|libbeamng.print:18052| === LSTM_OBS t=290 0.01059,0.00443,0.01150,3.45291,0.29219,9.70379,-9.75091,-0.07825,0.00000,0.00000,0.00134,1.00000,0.00000,0.00043,-0.00758,879.32952,0.25000 ===
229.37636|I|libbeamng.print:18052| === LSTM_TRACE t=300 v=12.98 ws=0.00,0.01,0.04,0.05 cmd=0.998,0.997,0.892,0.895 cap=3093,3090,1700,1700 des=3093,3090,1488,1488 app=3058,3045,1488,1488 abs=nil,nil,nil,nil ebrake=1.00 ibrake=1.00 hasABS=0 sy=9.71 split=1.000,0.875 ===
229.37643|I|libbeamng.print:18052| === LSTM_OBS t=300 0.00365,0.00571,0.03630,0.05184,0.34247,9.70725,-9.76640,-0.07329,0.00000,0.00000,0.00049,1.00000,0.00000,-0.00055,-0.00851,745.05678,0.25000 ===
229.42604|I|libbeamng.print:18052| === LSTM_TRACE t=310 v=12.52 ws=0.01,0.00,0.02,0.05 cmd=0.995,0.994,0.884,0.880 cap=3085,3081,1700,1700 des=3085,3081,1488,1488 app=3050,3035,1487,1488 abs=nil,nil,nil,nil ebrake=1.00 ibrake=1.00 hasABS=0 sy=9.61 split=1.000,0.875 ===
229.42609|I|libbeamng.print:18052| === LSTM_OBS t=310 0.01098,0.00285,0.01822,0.05101,0.30716,9.61339,-9.74700,-0.07298,0.00000,0.00000,0.00244,1.00000,0.00000,-0.00084,-0.00892,730.97061,0.25000 ===
229.47642|I|libbeamng.print:18052| === LSTM_TRACE t=320 v=12.04 ws=0.00,0.00,0.03,0.04 cmd=0.992,0.991,0.880,0.871 cap=3076,3072,1700,1693 des=3076,3072,1488,1481 app=3041,3026,1487,1481 abs=nil,nil,nil,nil ebrake=1.00 ibrake=1.00 hasABS=0 sy=9.58 split=1.000,0.875 ===
229.47648|I|libbeamng.print:18052| === LSTM_OBS t=320 0.00234,0.00324,0.03322,0.03535,0.31794,9.57849,-9.72743,-0.06816,0.00000,0.00000,0.00162,1.00000,0.00000,-0.00117,-0.00919,726.50289,0.25000 ===
229.52647|I|libbeamng.print:18052| === LSTM_TRACE t=330 v=11.56 ws=0.00,0.00,0.00,0.00 cmd=0.991,0.990,0.878,0.866 cap=3073,3069,1700,1684 des=3073,3069,1488,1473 app=3038,3023,1487,1473 abs=nil,nil,nil,nil ebrake=1.00 ibrake=1.00 hasABS=0 sy=9.57 split=1.000,0.875 ===
229.52651|I|libbeamng.print:18052| === LSTM_OBS t=330 0.00023,0.00012,0.00047,0.00346,0.32706,9.57169,-9.71284,-0.06646,0.00000,0.00000,0.00146,1.00000,0.00000,-0.00146,-0.00937,730.67487,0.25000 ===
229.57631|I|libbeamng.print:18052| === LSTM_TRACE t=340 v=11.08 ws=0.00,0.00,0.00,0.02 cmd=0.992,0.990,0.877,0.865 cap=3073,3069,1700,1680 des=3073,3069,1488,1470 app=3038,3023,1486,1470 abs=nil,nil,nil,nil ebrake=1.00 ibrake=1.00 hasABS=0 sy=9.59 split=1.000,0.875 ===
229.57636|I|libbeamng.print:18052| === LSTM_OBS t=340 0.00159,0.00082,0.00281,0.01913,0.35512,9.59252,-9.70182,-0.06413,0.00000,0.00000,0.00142,1.00000,0.00000,-0.00174,-0.00954,727.47522,0.25000 ===
229.62636|I|libbeamng.print:18052| === LSTM_TRACE t=350 v=10.59 ws=0.00,0.00,0.00,0.00 cmd=0.992,0.991,0.877,0.864 cap=3075,3071,1700,1678 des=3075,3071,1488,1469 app=3039,3024,1486,1469 abs=nil,nil,nil,nil ebrake=1.00 ibrake=1.00 hasABS=0 sy=9.63 split=1.000,0.875 ===
229.62641|I|libbeamng.print:18052| === LSTM_OBS t=350 0.00065,0.00076,0.00402,0.00469,0.38601,9.63353,-9.69912,-0.06045,0.00000,0.00000,0.00162,1.00000,0.00000,-0.00196,-0.00972,730.44637,0.25000 ===
229.67623|I|libbeamng.print:18052| === LSTM_TRACE t=360 v=10.10 ws=0.00,0.00,0.01,0.01 cmd=0.993,0.991,0.877,0.863 cap=3077,3073,1700,1678 des=3077,3073,1488,1468 app=3041,3026,1486,1468 abs=nil,nil,nil,nil ebrake=1.00 ibrake=1.00 hasABS=0 sy=9.68 split=1.000,0.875 ===
229.67628|I|libbeamng.print:18052| === LSTM_OBS t=360 0.00141,0.00287,0.00635,0.00551,0.41793,9.68158,-9.69784,-0.05819,0.00000,0.00000,0.00176,1.00000,0.00000,-0.00216,-0.00990,728.66465,0.25000 ===
229.72601|I|libbeamng.print:18052| === LSTM_TRACE t=370 v=9.60 ws=0.00,0.00,0.01,0.00 cmd=0.993,0.992,0.877,0.863 cap=3079,3075,1700,1677 des=3079,3075,1488,1467 app=3043,3028,1485,1467 abs=nil,nil,nil,nil ebrake=1.00 ibrake=1.00 hasABS=0 sy=9.73 split=1.000,0.875 ===
229.72626|I|libbeamng.print:18052| === LSTM_OBS t=370 0.00141,0.00026,0.00629,0.00328,0.44704,9.73433,-9.69472,-0.05493,0.00000,0.00000,0.00176,1.00000,0.00000,-0.00231,-0.01010,732.47419,0.25000 ===
229.77606|I|libbeamng.print:18052| === LSTM_TRACE t=380 v=9.10 ws=0.00,0.00,0.00,0.01 cmd=0.994,0.993,0.878,0.863 cap=3082,3078,1700,1676 des=3082,3078,1488,1467 app=3045,3030,1485,1467 abs=nil,nil,nil,nil ebrake=1.00 ibrake=1.00 hasABS=0 sy=9.79 split=1.000,0.875 ===
229.77610|I|libbeamng.print:18052| === LSTM_OBS t=380 0.00107,0.00119,0.00373,0.00893,0.47822,9.79254,-9.69419,-0.05236,0.00000,0.00000,0.00169,1.00000,0.00000,-0.00248,-0.01027,730.05829,0.25000 ===
229.82662|I|libbeamng.print:18052| === LSTM_TRACE t=390 v=8.60 ws=0.00,0.00,0.00,0.00 cmd=0.995,0.994,0.878,0.862 cap=3084,3080,1700,1676 des=3084,3080,1488,1466 app=3046,3032,1485,1466 abs=nil,nil,nil,nil ebrake=1.00 ibrake=1.00 hasABS=0 sy=9.85 split=1.000,0.875 ===
229.82667|I|libbeamng.print:18052| === LSTM_OBS t=390 0.00123,0.00009,0.00450,0.00104,0.50956,9.85180,-9.69533,-0.04931,0.00000,0.00000,0.00192,1.00000,0.00000,-0.00262,-0.01046,730.39354,0.25000 ===
229.87647|I|libbeamng.print:18052| === LSTM_TRACE t=400 v=8.09 ws=0.00,0.00,0.01,0.01 cmd=0.995,0.994,0.878,0.862 cap=3085,3082,1700,1675 des=3085,3082,1488,1466 app=3048,3034,1485,1466 abs=nil,nil,nil,nil ebrake=1.00 ibrake=1.00 hasABS=0 sy=9.92 split=1.000,0.875 ===
229.87652|I|libbeamng.print:18052| === LSTM_OBS t=400 0.00263,0.00205,0.00707,0.00685,0.54280,9.91562,-9.69850,-0.04676,0.00000,0.00000,0.00183,1.00000,0.00000,-0.00278,-0.01062,725.68662,0.25000 ===
229.92680|I|libbeamng.print:18052| === LSTM_TRACE t=410 v=7.58 ws=0.00,0.00,0.00,0.00 cmd=0.996,0.995,0.879,0.862 cap=3087,3084,1700,1676 des=3087,3084,1488,1466 app=3049,3036,1485,1466 abs=nil,nil,nil,nil ebrake=1.00 ibrake=1.00 hasABS=0 sy=9.99 split=1.000,0.875 ===
229.92685|I|libbeamng.print:18052| === LSTM_OBS t=410 0.00180,0.00108,0.00366,0.00437,0.57384,9.99010,-9.69909,-0.04317,0.00000,0.00000,0.00216,1.00000,0.00000,-0.00291,-0.01080,729.59656,0.25000 ===
229.97623|I|libbeamng.print:18052| === LSTM_TRACE t=420 v=7.06 ws=0.00,0.00,0.00,0.01 cmd=0.997,0.996,0.880,0.863 cap=3089,3086,1700,1676 des=3089,3086,1488,1467 app=3051,3038,1484,1467 abs=nil,nil,nil,nil ebrake=1.00 ibrake=1.00 hasABS=0 sy=10.09 split=1.000,0.875 ===
229.97628|I|libbeamng.print:18052| === LSTM_OBS t=420 0.00109,0.00250,0.00427,0.00589,0.60395,10.08600,-9.70193,-0.04039,0.00000,0.00000,0.00234,1.00000,0.00000,-0.00301,-0.01098,726.26825,0.25000 ===
230.02596|I|libbeamng.print:18052| === LSTM_TRACE t=430 v=6.53 ws=0.00,0.00,0.01,0.00 cmd=0.997,0.996,0.881,0.864 cap=3091,3088,1700,1678 des=3091,3088,1488,1468 app=3053,3040,1484,1468 abs=nil,nil,nil,nil ebrake=1.00 ibrake=1.00 hasABS=0 sy=10.20 split=1.000,0.875 ===
230.02601|I|libbeamng.print:18052| === LSTM_OBS t=430 0.00253,0.00046,0.00583,0.00067,0.63472,10.19657,-9.69805,-0.03612,0.00000,0.00000,0.00244,1.00000,0.00000,-0.00307,-0.01120,728.96937,0.25000 ===
230.07591|I|libbeamng.print:18052| === LSTM_TRACE t=440 v=6.00 ws=0.00,0.00,0.01,0.01 cmd=0.998,0.997,0.882,0.865 cap=3092,3090,1700,1680 des=3092,3090,1488,1470 app=3054,3041,1484,1470 abs=nil,nil,nil,nil ebrake=1.00 ibrake=1.00 hasABS=0 sy=10.31 split=1.000,0.875 ===
230.07595|I|libbeamng.print:18052| === LSTM_OBS t=440 0.00127,0.00141,0.00657,0.00748,0.66653,10.31438,-9.69526,-0.03203,0.00000,0.00000,0.00265,1.00000,0.00000,-0.00314,-0.01142,726.50918,0.25000 ===
230.12615|I|libbeamng.print:18052| === LSTM_TRACE t=450 v=5.46 ws=0.00,0.00,0.00,0.00 cmd=0.998,0.997,0.883,0.866 cap=3093,3091,1700,1682 des=3093,3091,1488,1472 app=3055,3043,1484,1472 abs=nil,nil,nil,nil ebrake=1.00 ibrake=1.00 hasABS=0 sy=10.42 split=1.000,0.875 ===
230.12619|I|libbeamng.print:18052| === LSTM_OBS t=450 0.00223,0.00036,0.00322,0.00058,0.69729,10.42445,-9.69276,-0.02792,0.00000,0.00000,0.00285,1.00000,0.00000,-0.00319,-0.01165,728.27631,0.25000 ===
230.17585|I|libbeamng.print:18052| === LSTM_TRACE t=460 v=4.92 ws=0.00,0.00,0.00,0.02 cmd=0.998,0.998,0.884,0.867 cap=3094,3092,1700,1684 des=3094,3092,1488,1474 app=3055,3043,1484,1474 abs=nil,nil,nil,nil ebrake=1.00 ibrake=1.00 hasABS=0 sy=10.53 split=1.000,0.875 ===
230.17589|I|libbeamng.print:18052| === LSTM_OBS t=460 0.00039,0.00188,0.00497,0.01966,0.72618,10.52718,-9.69470,-0.02349,0.00000,0.00000,0.00307,1.00000,0.00000,-0.00323,-0.01184,724.80637,0.25000 ===
230.22586|I|libbeamng.print:18052| === LSTM_TRACE t=470 v=4.36 ws=0.00,0.00,0.00,0.01 cmd=0.998,0.998,0.885,0.868 cap=3095,3093,1700,1687 des=3095,3093,1488,1476 app=3056,3044,1484,1476 abs=nil,nil,nil,nil ebrake=1.00 ibrake=1.00 hasABS=0 sy=10.66 split=1.000,0.875 ===
230.22590|I|libbeamng.print:18052| === LSTM_OBS t=470 0.00196,0.00072,0.00157,0.00539,0.75962,10.65719,-9.69570,-0.01918,0.00000,0.00000,0.00335,1.00000,0.00000,-0.00329,-0.01215,726.49143,0.25000 ===
230.27593|I|libbeamng.print:18052| === LSTM_TRACE t=480 v=3.80 ws=0.00,0.00,0.00,0.01 cmd=0.998,0.998,0.886,0.870 cap=3095,3094,1700,1689 des=3095,3094,1488,1478 app=3056,3045,1484,1478 abs=nil,nil,nil,nil ebrake=1.00 ibrake=1.00 hasABS=0 sy=10.78 split=1.000,0.875 ===
230.27598|I|libbeamng.print:18052| === LSTM_OBS t=480 0.00061,0.00202,0.00179,0.00648,0.78675,10.78271,-9.69217,-0.01562,0.00000,0.00000,0.00357,1.00000,0.00000,-0.00339,-0.01246,724.53217,0.25000 ===
230.32609|I|libbeamng.print:18052| === LSTM_TRACE t=490 v=3.24 ws=0.00,0.00,0.01,0.00 cmd=0.999,0.998,0.886,0.871 cap=3095,3094,1700,1692 des=3095,3094,1488,1480 app=3056,3045,1484,1480 abs=nil,nil,nil,nil ebrake=1.00 ibrake=1.00 hasABS=0 sy=10.90 split=1.000,0.875 ===
230.32615|I|libbeamng.print:18052| === LSTM_OBS t=490 0.00092,0.00058,0.00973,0.00154,0.81199,10.90430,-9.68340,-0.01090,0.00000,0.00000,0.00369,1.00000,0.00000,-0.00344,-0.01276,727.28385,0.25000 ===
230.37599|I|libbeamng.print:18052| === LSTM_TRACE t=500 v=2.67 ws=0.00,0.00,0.00,0.00 cmd=0.999,0.998,0.886,0.872 cap=3096,3095,1700,1693 des=3096,3095,1488,1482 app=3056,3045,1484,1482 abs=nil,nil,nil,nil ebrake=1.00 ibrake=1.00 hasABS=0 sy=11.01 split=1.000,0.875 ===
230.37603|I|libbeamng.print:18052| === LSTM_OBS t=500 0.00039,0.00165,0.00353,0.00137,0.83726,11.01225,-9.67270,-0.00720,0.00000,0.00000,0.00388,1.00000,0.00000,-0.00350,-0.01296,722.36239,0.25000 ===
230.42604|I|libbeamng.print:18052| === LSTM_TRACE t=510 v=2.10 ws=0.00,0.00,0.04,0.04 cmd=0.999,0.998,0.886,0.873 cap=3096,3095,1700,1695 des=3096,3095,1488,1483 app=3056,3045,1483,1483 abs=nil,nil,nil,nil ebrake=1.00 ibrake=1.00 hasABS=0 sy=11.12 split=1.000,0.875 ===
230.42609|I|libbeamng.print:18052| === LSTM_OBS t=510 0.00166,0.00084,0.04205,0.03892,0.86220,11.11820,-9.65821,-0.00290,0.00000,0.00000,0.00409,1.00000,0.00000,-0.00355,-0.01311,726.29767,0.25000 ===
230.47584|I|libbeamng.print:18052| === LSTM_TRACE t=520 v=1.52 ws=0.00,0.00,0.27,0.06 cmd=0.999,0.998,0.886,0.873 cap=3096,3095,1700,1695 des=3096,3095,1488,1483 app=3056,3046,1483,1483 abs=nil,nil,nil,nil ebrake=1.00 ibrake=1.00 hasABS=0 sy=11.22 split=1.000,0.875 ===
230.47588|I|libbeamng.print:18052| === LSTM_OBS t=520 0.00075,0.00006,0.26693,0.06244,0.88997,11.21979,-9.64467,-0.00157,0.00000,0.00000,0.00424,1.00000,0.00000,-0.00372,-0.01317,723.95893,0.25000 ===
230.52652|I|libbeamng.print:18052| === LSTM_TRACE t=530 v=0.95 ws=0.00,0.00,0.33,0.09 cmd=0.999,0.998,0.886,0.873 cap=3096,3095,1700,1697 des=3096,3095,1488,1485 app=3056,3046,1483,1485 abs=nil,nil,nil,nil ebrake=1.00 ibrake=1.00 hasABS=0 sy=11.27 split=1.000,0.875 ===
230.52657|I|libbeamng.print:18052| === LSTM_OBS t=530 0.00461,0.00044,0.32893,0.08754,0.91674,11.27450,-9.61476,-0.00101,0.00000,0.00000,0.00439,1.00000,0.00000,-0.00408,-0.01296,727.33460,0.25000 ===
234.87724|I|libbeamng.print:18052| === LSTM_ABS: lens 'band_g_mix_s2' loaded (1 member, 17 in, 64 hidden, 2 layers) ===
234.87901|I|libbeamng.print:18052| === LSTM_ABS SELFTEST lens=band_g_mix_s2 cmd=0.983200,0.954371,0.453671,0.568007 ===
265.20387|I|libbeamng.print:18052| === LSTM_TRACE t=0 v=27.71 ws=27.69,27.75,27.37,27.47 cmd=0.824,0.831,0.445,0.474 cap=155,155,97,97 des=155,155,85,85 app=152,152,84,85 abs=nil,nil,nil,nil ebrake=1.00 ibrake=1.00 hasABS=0 sy=1.56 split=1.000,0.875 ===
265.20394|I|libbeamng.print:18052| === LSTM_OBS t=0 27.69076,27.75429,27.36754,27.46712,-0.02654,1.56461,-9.76918,0.00201,0.00000,0.00000,0.00049,1.00000,0.00000,0.00090,-0.00908,7858.01991,0.25000 ===
265.25401|I|libbeamng.print:18052| === LSTM_TRACE t=10 v=27.43 ws=27.00,26.88,26.66,26.85 cmd=0.427,0.464,0.644,0.591 cap=1191,1326,1193,1090 des=1191,1326,1044,954 app=1173,1302,1038,951 abs=nil,nil,nil,nil ebrake=1.00 ibrake=1.00 hasABS=0 sy=2.11 split=1.000,0.875 ===
265.25410|I|libbeamng.print:18052| === LSTM_OBS t=10 26.99632,26.87647,26.66352,26.84677,0.01061,2.11428,-9.75938,-0.01531,0.00000,0.00000,0.00176,1.00000,0.00000,0.00085,-0.01003,7777.43312,0.25000 ===
265.27354|I|libbeamng.print:18052| === LSTM_ABS DBG raw=26.0375,26.1103,26.2992,26.4845,0.0204,2.6245,-9.7674,-0.0035,0.0000,0.0000,0.0028,1.0000,0.0000,0.0010,-0.0108,7697.4987,0.2500 ===
265.27357|I|libbeamng.print:18052| === LSTM_ABS DBG norm=0.54,0.48,0.51,0.50,-0.14,-2.09,0.00,-0.00,0.06,-0.06,0.03,0.59,-0.02,0.00,0.00,3.81,0.00 ===
265.27358|I|libbeamng.print:18052| === LSTM_ABS DBG cmd=0.5336,0.5635,0.7265,0.6957 ===
265.30352|I|libbeamng.print:18052| === LSTM_TRACE t=20 v=27.01 ws=25.19,25.11,25.75,25.86 cmd=0.683,0.721,0.773,0.780 cap=2098,2211,1492,1497 des=2098,2211,1306,1310 app=2073,2179,1300,1309 abs=nil,nil,nil,nil ebrake=1.00 ibrake=1.00 hasABS=0 sy=3.52 split=1.000,0.875 ===
265.30356|I|libbeamng.print:18052| === LSTM_OBS t=20 25.18947,25.10524,25.74848,25.86096,0.01686,3.52464,-9.64427,-0.00278,0.00000,0.00000,0.00204,1.00000,0.00000,0.00094,-0.01218,7543.39748,0.25000 ===
265.35459|I|libbeamng.print:18052| === LSTM_TRACE t=30 v=26.47 ws=24.15,23.70,24.75,24.75 cmd=0.787,0.822,0.794,0.805 cap=2399,2515,1546,1570 des=2399,2515,1352,1374 app=2378,2488,1350,1374 abs=nil,nil,nil,nil ebrake=1.00 ibrake=1.00 hasABS=0 sy=5.41 split=1.000,0.875 ===
265.35464|I|libbeamng.print:18052| === LSTM_OBS t=30 24.14993,23.70481,24.74988,24.74873,0.07113,5.41272,-9.37567,-0.01970,0.00000,0.00000,0.00289,1.00000,0.00000,0.00111,-0.01453,7256.56301,0.25000 ===
265.40405|I|libbeamng.print:18052| === LSTM_TRACE t=40 v=25.87 ws=23.41,22.35,23.69,24.03 cmd=0.800,0.832,0.797,0.792 cap=2474,2579,1546,1537 des=2474,2579,1353,1345 app=2459,2560,1352,1345 abs=nil,nil,nil,nil ebrake=1.00 ibrake=1.00 hasABS=0 sy=7.09 split=1.000,0.875 ===
265.40409|I|libbeamng.print:18052| === LSTM_OBS t=40 23.40672,22.34854,23.68888,24.03299,0.02889,7.08687,-9.39444,-0.00046,0.00000,0.00000,0.00378,1.00000,0.00000,0.00129,-0.01648,6978.52435,0.25000 ===
265.45420|I|libbeamng.print:18052| === LSTM_TRACE t=50 v=25.25 ws=22.74,20.48,22.51,23.55 cmd=0.776,0.809,0.807,0.803 cap=2498,2584,1571,1560 des=2498,2584,1374,1365 app=2488,2571,1374,1365 abs=nil,nil,nil,nil ebrake=1.00 ibrake=1.00 hasABS=0 sy=8.50 split=1.000,0.875 ===
265.45425|I|libbeamng.print:18052| === LSTM_OBS t=50 22.74326,20.48127,22.51323,23.54923,0.02709,8.50225,-9.50902,0.00259,0.00000,0.00000,0.00370,1.00000,0.00000,0.00156,-0.01776,6723.97161,0.25000 ===
265.50386|I|libbeamng.print:18052| === LSTM_TRACE t=60 v=24.66 ws=22.57,18.48,21.38,23.00 cmd=0.754,0.786,0.807,0.814 cap=2328,2430,1569,1581 des=2328,2430,1373,1383 app=2322,2421,1373,1383 abs=nil,nil,nil,nil ebrake=1.00 ibrake=1.00 hasABS=0 sy=9.56 split=1.000,0.875 ===
265.50390|I|libbeamng.print:18052| === LSTM_OBS t=60 22.57296,18.48100,21.38426,22.99713,-0.00328,9.56245,-9.64761,-0.00571,0.00000,0.00000,0.00352,1.00000,0.00000,0.00190,-0.01831,6476.11309,0.25000 ===
265.55756|I|libbeamng.print:18052| === LSTM_TRACE t=70 v=24.07 ws=22.60,16.87,20.22,22.29 cmd=0.698,0.730,0.786,0.800 cap=2129,2231,1530,1558 des=2129,2231,1339,1363 app=2127,2226,1339,1363 abs=nil,nil,nil,nil ebrake=1.00 ibrake=1.00 hasABS=0 sy=10.28 split=1.000,0.875 ===
265.55760|I|libbeamng.print:18052| === LSTM_OBS t=70 22.60470,16.87100,20.21779,22.28560,-0.03047,10.28246,-9.75949,-0.01927,0.00000,0.00000,0.00331,1.00000,0.00000,0.00218,-0.01809,6205.40474,0.25000 ===
265.60698|I|libbeamng.print:18052| === LSTM_TRACE t=80 v=23.50 ws=22.19,15.21,19.18,21.90 cmd=0.549,0.596,0.776,0.786 cap=1676,1796,1512,1537 des=1676,1796,1323,1345 app=1983,2032,1323,1345 abs=nil,nil,nil,nil ebrake=1.00 ibrake=1.00 hasABS=0 sy=10.61 split=1.000,0.875 ===
265.60706|I|libbeamng.print:18052| === LSTM_OBS t=80 22.18841,15.20915,19.18309,21.89937,-0.01218,10.60752,-9.78568,-0.01143,0.00000,0.00000,0.00229,1.00000,0.00000,0.00227,-0.01706,5973.54684,0.25000 ===
265.65738|I|libbeamng.print:18052| === LSTM_TRACE t=90 v=22.96 ws=21.94,14.12,18.31,21.38 cmd=0.709,0.737,0.783,0.796 cap=2199,2295,1516,1541 des=2199,2295,1327,1349 app=2199,2291,1327,1349 abs=nil,nil,nil,nil ebrake=1.00 ibrake=1.00 hasABS=0 sy=10.77 split=1.000,0.875 ===
265.65742|I|libbeamng.print:18052| === LSTM_OBS t=90 21.93747,14.11750,18.30582,21.37912,0.01813,10.77020,-9.73041,-0.02513,0.00000,0.00000,0.00278,1.00000,0.00000,0.00201,-0.01581,5755.24152,0.25000 ===
265.70709|I|libbeamng.print:18052| === LSTM_TRACE t=100 v=22.41 ws=21.33,12.21,17.12,20.86 cmd=0.648,0.679,0.787,0.799 cap=1946,2049,1530,1553 des=1946,2049,1339,1358 app=1946,2046,1339,1358 abs=nil,nil,nil,nil ebrake=1.00 ibrake=1.00 hasABS=0 sy=10.83 split=1.000,0.875 ===
265.70714|I|libbeamng.print:18052| === LSTM_OBS t=100 21.33109,12.21377,17.12026,20.86371,0.06056,10.83247,-9.69310,-0.03305,0.00000,0.00000,0.00329,1.00000,0.00000,0.00152,-0.01470,5543.23766,0.25000 ===
265.75415|I|libbeamng.print:18052| === LSTM_TRACE t=110 v=21.89 ws=21.00,10.67,15.97,20.36 cmd=0.628,0.656,0.793,0.804 cap=1832,1944,1538,1553 des=1832,1944,1346,1359 app=1832,1942,1346,1359 abs=nil,nil,nil,nil ebrake=1.00 ibrake=1.00 hasABS=0 sy=10.81 split=1.000,0.875 ===
265.75420|I|libbeamng.print:18052| === LSTM_OBS t=110 21.00444,10.66707,15.97465,20.36490,0.09821,10.80518,-9.63830,-0.02963,0.00000,0.00000,0.00329,1.00000,0.00000,0.00108,-0.01372,5351.21962,0.25000 ===
265.80316|I|libbeamng.print:18052| === LSTM_TRACE t=120 v=21.35 ws=20.58,9.09,14.98,20.01 cmd=0.636,0.662,0.800,0.809 cap=1719,1824,1545,1559 des=1719,1824,1352,1364 app=1719,1822,1352,1364 abs=nil,nil,nil,nil ebrake=1.00 ibrake=1.00 hasABS=0 sy=10.73 split=1.000,0.875 ===
265.80320|I|libbeamng.print:18052| === LSTM_OBS t=120 20.58156,9.09036,14.97629,20.01390,0.14938,10.72691,-9.62237,-0.03226,0.00000,0.00000,0.00305,1.00000,0.00000,0.00072,-0.01286,5139.22799,0.25000 ===
265.85388|I|libbeamng.print:18052| === LSTM_TRACE t=130 v=20.84 ws=20.00,7.60,14.15,19.70 cmd=0.652,0.665,0.800,0.808 cap=2043,2107,1558,1573 des=2043,2107,1363,1376 app=1919,2011,1363,1376 abs=nil,nil,nil,nil ebrake=1.00 ibrake=1.00 hasABS=0 sy=10.65 split=1.000,0.875 ===
265.85393|I|libbeamng.print:18052| === LSTM_OBS t=130 20.00172,7.59558,14.14616,19.69989,0.21082,10.64687,-9.61311,-0.04879,0.00000,0.00000,0.00354,1.00000,0.00000,0.00047,-0.01211,4929.42087,0.25000 ===
265.90333|I|libbeamng.print:18052| === LSTM_TRACE t=140 v=20.32 ws=19.45,5.82,13.06,19.19 cmd=0.620,0.620,0.779,0.788 cap=1813,1826,1520,1531 des=1813,1826,1330,1340 app=1813,1824,1330,1340 abs=nil,nil,nil,nil ebrake=1.00 ibrake=1.00 hasABS=0 sy=10.56 split=1.000,0.875 ===
265.90337|I|libbeamng.print:18052| === LSTM_OBS t=140 19.45329,5.82327,13.05865,19.19141,0.28441,10.56328,-9.63458,-0.04125,0.00000,0.00000,0.00354,1.00000,0.00000,0.00020,-0.01160,4722.30743,0.25000 ===
265.95436|I|libbeamng.print:18052| === LSTM_TRACE t=150 v=19.80 ws=18.78,4.53,12.04,18.68 cmd=0.503,0.512,0.737,0.742 cap=1990,1997,1438,1452 des=1990,1997,1258,1271 app=1990,1994,1258,1271 abs=nil,nil,nil,nil ebrake=1.00 ibrake=1.00 hasABS=0 sy=10.54 split=1.000,0.875 ===
265.95440|I|libbeamng.print:18052| === LSTM_OBS t=150 18.78187,4.53175,12.03980,18.68480,0.35674,10.53546,-9.66961,-0.05730,0.00000,0.00000,0.00370,1.00000,0.00000,-0.00033,-0.01103,4527.05513,0.25000 ===
266.00358|I|libbeamng.print:18052| === LSTM_TRACE t=160 v=19.28 ws=18.63,2.97,10.09,17.25 cmd=0.639,0.637,0.715,0.718 cap=1712,1700,1390,1399 des=1712,1700,1216,1224 app=1712,1697,1216,1224 abs=nil,nil,nil,nil ebrake=1.00 ibrake=1.00 hasABS=0 sy=10.51 split=1.000,0.875 ===
266.00363|I|libbeamng.print:18052| === LSTM_OBS t=160 18.62952,2.97406,10.08543,17.24590,0.47940,10.51181,-9.71451,-0.06001,0.00000,0.00000,0.00293,1.00000,0.00000,-0.00200,-0.01061,4385.14384,0.25000 ===
266.05408|I|libbeamng.print:18052| === LSTM_TRACE t=170 v=18.78 ws=18.23,1.12,8.91,15.90 cmd=0.617,0.597,0.690,0.694 cap=1616,1605,1340,1333 des=1616,1605,1173,1167 app=1616,1602,1173,1167 abs=nil,nil,nil,nil ebrake=1.00 ibrake=1.00 hasABS=0 sy=10.46 split=1.000,0.875 ===
266.05412|I|libbeamng.print:18052| === LSTM_OBS t=170 18.23101,1.12072,8.91046,15.89543,0.51288,10.45578,-9.77922,-0.05556,0.00000,0.00000,0.00465,1.00000,0.00000,-0.00346,-0.01005,4254.86355,0.25000 ===
266.10362|I|libbeamng.print:18052| === LSTM_TRACE t=180 v=18.27 ws=17.17,0.54,7.94,14.47 cmd=0.478,0.449,0.689,0.685 cap=2077,1958,1351,1353 des=2077,1958,1182,1184 app=2077,1953,1182,1184 abs=nil,nil,nil,nil ebrake=1.00 ibrake=1.00 hasABS=0 sy=10.36 split=1.000,0.875 ===
266.10368|I|libbeamng.print:18052| === LSTM_OBS t=180 17.17414,0.53906,7.93795,14.47351,0.59173,10.35945,-9.80347,-0.06092,0.00000,0.00000,0.00435,1.00000,0.00000,-0.00447,-0.00960,4127.38403,0.25000 ===
266.15740|I|libbeamng.print:18052| === LSTM_TRACE t=190 v=17.76 ws=17.06,0.08,6.92,13.55 cmd=0.776,0.744,0.705,0.707 cap=1604,1500,1352,1352 des=1604,1500,1183,1183 app=1604,1496,1183,1183 abs=nil,nil,nil,nil ebrake=1.00 ibrake=1.00 hasABS=0 sy=10.28 split=1.000,0.875 ===
266.15745|I|libbeamng.print:18052| === LSTM_OBS t=190 17.06357,0.08360,6.91843,13.55044,0.61682,10.27774,-9.76988,-0.06244,0.00000,0.00000,0.00398,1.00000,0.00000,-0.00479,-0.00945,3977.77065,0.25000 ===
266.20700|I|libbeamng.print:18052| === LSTM_TRACE t=200 v=17.26 ws=16.15,0.00,5.63,12.66 cmd=0.593,0.565,0.697,0.688 cap=1598,1499,1352,1327 des=1598,1499,1183,1161 app=1779,1642,1183,1161 abs=nil,nil,nil,nil ebrake=1.00 ibrake=1.00 hasABS=0 sy=10.21 split=1.000,0.875 ===
266.20705|I|libbeamng.print:18052| === LSTM_OBS t=200 16.15105,0.00489,5.63395,12.65629,0.67218,10.21348,-9.70798,-0.06532,0.00000,0.00000,0.00407,1.00000,0.00000,-0.00471,-0.00947,3829.15437,0.25000 ===
266.25750|I|libbeamng.print:18052| === LSTM_TRACE t=210 v=16.74 ws=16.07,0.09,4.78,11.90 cmd=0.732,0.661,0.702,0.663 cap=2554,2428,1369,1302 des=2554,2428,1198,1139 app=2159,2043,1198,1139 abs=nil,nil,nil,nil ebrake=1.00 ibrake=1.00 hasABS=0 sy=10.23 split=1.000,0.875 ===
266.25756|I|libbeamng.print:18052| === LSTM_OBS t=210 16.06809,0.09271,4.77535,11.90445,0.73624,10.22827,-9.69448,-0.05805,0.00000,0.00000,0.00537,1.00000,0.00000,-0.00469,-0.00969,3679.85056,0.25000 ===
266.30715|I|libbeamng.print:18052| === LSTM_TRACE t=220 v=16.23 ws=15.17,0.11,4.05,11.57 cmd=0.488,0.424,0.710,0.658 cap=2070,1852,1377,1271 des=2070,1852,1205,1112 app=2070,1844,1205,1112 abs=nil,nil,nil,nil ebrake=1.00 ibrake=1.00 hasABS=0 sy=10.19 split=1.000,0.875 ===
266.30720|I|libbeamng.print:18052| === LSTM_OBS t=220 15.16806,0.10716,4.05128,11.56645,0.78477,10.19082,-9.72641,-0.06703,0.00000,0.00000,0.00507,1.00000,0.00000,-0.00463,-0.00998,3529.20238,0.25000 ===
266.35735|I|libbeamng.print:18052| === LSTM_TRACE t=230 v=15.74 ws=14.97,0.03,3.82,11.86 cmd=0.694,0.625,0.743,0.693 cap=2104,1899,1441,1346 des=2104,1899,1261,1178 app=2104,1889,1261,1178 abs=nil,nil,nil,nil ebrake=1.00 ibrake=1.00 hasABS=0 sy=10.16 split=1.000,0.875 ===
266.35739|I|libbeamng.print:18052| === LSTM_OBS t=230 14.96705,0.03397,3.82413,11.85984,0.87238,10.15713,-9.72402,-0.07616,0.00000,0.00000,0.00492,1.00000,0.00000,-0.00480,-0.01035,3367.97112,0.25000 ===
266.40414|I|libbeamng.print:18052| === LSTM_TRACE t=240 v=15.20 ws=14.35,0.01,3.09,11.17 cmd=0.646,0.574,0.766,0.722 cap=2022,1818,1489,1394 des=2022,1818,1303,1220 app=2022,1808,1303,1220 abs=nil,nil,nil,nil ebrake=1.00 ibrake=1.00 hasABS=0 sy=10.14 split=1.000,0.875 ===
266.40418|I|libbeamng.print:18052| === LSTM_OBS t=240 14.35182,0.00545,3.08859,11.17487,0.88052,10.14273,-9.70148,-0.06394,0.00000,0.00000,0.00476,1.00000,0.00000,-0.00473,-0.01071,3216.45985,0.25000 ===
266.45375|I|libbeamng.print:18052| === LSTM_TRACE t=250 v=14.70 ws=13.81,0.00,2.51,11.13 cmd=0.722,0.650,0.772,0.732 cap=2146,1918,1498,1418 des=2146,1918,1311,1241 app=2146,1907,1311,1241 abs=nil,nil,nil,nil ebrake=1.00 ibrake=1.00 hasABS=0 sy=10.16 split=1.000,0.875 ===
266.45382|I|libbeamng.print:18052| === LSTM_OBS t=250 13.81361,0.00243,2.50787,11.13111,0.92572,10.15998,-9.68016,-0.07883,0.00000,0.00000,0.00492,1.00000,0.00000,-0.00485,-0.01090,3031.03222,0.25000 ===
266.50372|I|libbeamng.print:18052| === LSTM_TRACE t=260 v=14.18 ws=13.11,0.01,1.90,10.80 cmd=0.694,0.612,0.761,0.726 cap=2172,1943,1480,1407 des=2172,1943,1295,1231 app=2172,1931,1295,1231 abs=nil,nil,nil,nil ebrake=1.00 ibrake=1.00 hasABS=0 sy=10.18 split=1.000,0.875 ===
266.50378|I|libbeamng.print:18052| === LSTM_OBS t=260 13.11203,0.01310,1.89889,10.80446,1.01114,10.17705,-9.61234,-0.05666,0.00000,0.00000,0.00404,1.00000,0.00000,-0.00557,-0.01074,2836.66469,0.25000 ===
266.55407|I|libbeamng.print:18052| === LSTM_TRACE t=270 v=13.68 ws=12.50,0.01,1.27,10.62 cmd=0.719,0.626,0.748,0.720 cap=2199,1937,1456,1393 des=2199,1937,1274,1219 app=2199,1924,1274,1219 abs=nil,nil,nil,nil ebrake=1.00 ibrake=1.00 hasABS=0 sy=10.17 split=1.000,0.875 ===
266.55411|I|libbeamng.print:18052| === LSTM_OBS t=270 12.49703,0.00572,1.26598,10.61781,1.06954,10.17396,-9.58339,-0.06701,0.00000,0.00000,0.00505,1.00000,0.00000,-0.00557,-0.01044,2641.85194,0.25000 ===
266.60342|I|libbeamng.print:18052| === LSTM_TRACE t=280 v=13.14 ws=11.69,0.00,1.15,10.16 cmd=0.728,0.633,0.730,0.699 cap=2271,1995,1422,1354 des=2271,1995,1244,1185 app=2271,1981,1244,1185 abs=nil,nil,nil,nil ebrake=1.00 ibrake=1.00 hasABS=0 sy=10.32 split=1.000,0.875 ===
266.60346|I|libbeamng.print:18052| === LSTM_OBS t=280 11.69454,0.00055,1.14861,10.16288,1.00100,10.32031,-9.68931,-0.06185,0.00000,0.00000,0.00542,1.00000,0.00000,-0.00489,-0.01047,2475.79980,0.25000 ===
266.65374|I|libbeamng.print:18052| === LSTM_TRACE t=290 v=12.61 ws=10.93,0.01,0.17,10.14 cmd=0.758,0.669,0.719,0.685 cap=2307,2020,1396,1332 des=2307,2020,1222,1165 app=2307,2005,1222,1165 abs=nil,nil,nil,nil ebrake=1.00 ibrake=1.00 hasABS=0 sy=10.41 split=1.000,0.875 ===
266.65378|I|libbeamng.print:18052| === LSTM_OBS t=290 10.92714,0.01232,0.17124,10.13978,1.02532,10.40823,-9.70518,-0.06538,0.00000,0.00000,0.00457,1.00000,0.00000,-0.00476,-0.01060,2303.83150,0.25000 ===
266.70690|I|libbeamng.print:18052| === LSTM_TRACE t=300 v=12.07 ws=10.04,0.02,0.03,9.55 cmd=0.741,0.651,0.706,0.666 cap=2360,2080,1375,1303 des=2360,2080,1203,1141 app=2360,2063,1203,1141 abs=nil,nil,nil,nil ebrake=1.00 ibrake=1.00 hasABS=0 sy=10.49 split=1.000,0.875 ===
266.70695|I|libbeamng.print:18052| === LSTM_OBS t=300 10.04300,0.01642,0.02959,9.54565,1.02101,10.49256,-9.68558,-0.04829,0.00000,0.00000,0.00372,1.00000,0.00000,-0.00531,-0.01084,2124.83159,0.25000 ===
266.75856|I|libbeamng.print:18052| === LSTM_TRACE t=310 v=11.53 ws=9.11,0.03,0.07,8.98 cmd=0.783,0.704,0.701,0.664 cap=2374,2133,1358,1281 des=2374,2133,1188,1121 app=2374,2115,1188,1121 abs=nil,nil,nil,nil ebrake=1.00 ibrake=1.00 hasABS=0 sy=10.58 split=1.000,0.875 ===
266.75861|I|libbeamng.print:18052| === LSTM_OBS t=310 9.11180,0.03471,0.06838,8.97518,0.95617,10.57742,-9.74916,-0.03959,0.00000,0.00000,0.00478,1.00000,0.00000,-0.00507,-0.01132,1975.85399,0.25000 ===
266.80700|I|libbeamng.print:18052| === LSTM_TRACE t=320 v=10.99 ws=7.52,0.01,0.01,8.16 cmd=0.709,0.641,0.695,0.649 cap=2420,2215,1362,1282 des=2420,2215,1192,1122 app=2420,2196,1192,1122 abs=nil,nil,nil,nil ebrake=1.00 ibrake=1.00 hasABS=0 sy=10.61 split=1.000,0.875 ===
266.80704|I|libbeamng.print:18052| === LSTM_OBS t=320 7.52034,0.00805,0.01064,8.16343,0.88933,10.60869,-9.79117,-0.03362,0.00000,0.00000,0.00335,1.00000,0.00000,-0.00440,-0.01186,1830.54922,0.25000 ===
266.85742|I|libbeamng.print:18052| === LSTM_TRACE t=330 v=10.47 ws=5.93,0.02,0.03,7.51 cmd=0.770,0.711,0.729,0.686 cap=2308,2129,1404,1310 des=2308,2129,1228,1147 app=2308,2111,1228,1147 abs=nil,nil,nil,nil ebrake=1.00 ibrake=1.00 hasABS=0 sy=10.59 split=1.000,0.875 ===
266.85748|I|libbeamng.print:18052| === LSTM_OBS t=330 5.93210,0.01640,0.03391,7.50530,0.80817,10.59458,-9.79970,-0.02482,0.00000,0.00000,0.00433,1.00000,0.00000,-0.00362,-0.01238,1685.72626,0.25000 ===
266.90701|I|libbeamng.print:18052| === LSTM_TRACE t=340 v=9.94 ws=2.89,0.05,0.05,6.56 cmd=0.868,0.828,0.791,0.776 cap=2595,2480,1545,1485 des=2595,2480,1352,1300 app=2595,2458,1351,1300 abs=nil,nil,nil,nil ebrake=1.00 ibrake=1.00 hasABS=0 sy=10.56 split=1.000,0.875 ===
266.90706|I|libbeamng.print:18052| === LSTM_OBS t=340 2.89039,0.05378,0.04850,6.56170,0.70311,10.56455,-9.79821,-0.01672,0.00000,0.00000,0.00824,1.00000,0.00000,-0.00272,-0.01271,1530.97246,0.25000 ===
266.95752|I|libbeamng.print:18052| === LSTM_TRACE t=350 v=9.44 ws=0.26,0.03,0.01,5.46 cmd=0.982,0.987,0.836,0.830 cap=3034,3048,1612,1607 des=3034,3048,1410,1406 app=3034,3019,1409,1406 abs=nil,nil,nil,nil ebrake=1.00 ibrake=1.00 hasABS=0 sy=10.47 split=1.000,0.875 ===
266.95757|I|libbeamng.print:18052| === LSTM_OBS t=350 0.26387,0.03266,0.01076,5.46108,0.58850,10.46939,-9.84555,-0.01913,0.00000,0.00000,0.00192,1.00000,0.00000,-0.00040,-0.01227,1348.90473,0.25000 ===
267.00699|I|libbeamng.print:18052| === LSTM_TRACE t=360 v=8.95 ws=0.09,0.02,0.01,4.62 cmd=0.989,0.993,0.860,0.862 cap=3061,3076,1666,1668 des=3061,3076,1458,1460 app=3061,3046,1456,1460 abs=nil,nil,nil,nil ebrake=1.00 ibrake=1.00 hasABS=0 sy=10.29 split=1.000,0.875 ===
267.00703|I|libbeamng.print:18052| === LSTM_OBS t=360 0.09108,0.01699,0.01228,4.61546,0.58305,10.29082,-9.67985,-0.02389,0.00000,0.00000,0.00162,1.00000,0.00000,0.00101,-0.01121,1158.30224,0.25000 ===
267.05761|I|libbeamng.print:18052| === LSTM_TRACE t=370 v=8.43 ws=0.02,0.03,0.00,3.30 cmd=0.991,0.995,0.866,0.867 cap=3071,3083,1681,1683 des=3071,3083,1471,1473 app=3071,3052,1470,1473 abs=nil,nil,nil,nil ebrake=1.00 ibrake=1.00 hasABS=0 sy=10.21 split=1.000,0.875 ===
267.05769|I|libbeamng.print:18052| === LSTM_OBS t=370 0.02156,0.03371,0.00336,3.29569,0.58199,10.21194,-9.54135,-0.01951,0.00000,0.00000,0.00146,1.00000,0.00000,0.00058,-0.01069,972.75957,0.25000 ===
267.10701|I|libbeamng.print:18052| === LSTM_TRACE t=380 v=7.94 ws=0.02,0.01,0.08,1.19 cmd=0.993,0.996,0.871,0.867 cap=3077,3087,1691,1684 des=3077,3087,1479,1474 app=3077,3056,1477,1474 abs=nil,nil,nil,nil ebrake=1.00 ibrake=1.00 hasABS=0 sy=10.21 split=1.000,0.875 ===
267.10706|I|libbeamng.print:18052| === LSTM_OBS t=380 0.01941,0.01067,0.07636,1.19005,0.49039,10.20672,-9.54845,-0.03102,0.00000,0.00000,0.00221,1.00000,0.00000,-0.00019,-0.01056,789.27358,0.25000 ===
267.15731|I|libbeamng.print:18052| === LSTM_TRACE t=390 v=7.43 ws=0.01,0.01,0.02,0.02 cmd=0.993,0.996,0.872,0.865 cap=3080,3088,1694,1682 des=3080,3088,1483,1471 app=3080,3057,1481,1471 abs=nil,nil,nil,nil ebrake=1.00 ibrake=1.00 hasABS=0 sy=10.16 split=1.000,0.875 ===
267.15735|I|libbeamng.print:18052| === LSTM_OBS t=390 0.00521,0.00542,0.01810,0.01977,0.40416,10.15944,-9.62587,-0.01376,0.00000,0.00000,0.00154,1.00000,0.00000,-0.00015,-0.01032,732.73410,0.25000 ===
267.20443|I|libbeamng.print:18052| === LSTM_TRACE t=400 v=6.92 ws=0.01,0.00,0.03,0.04 cmd=0.994,0.997,0.873,0.864 cap=3082,3090,1695,1679 des=3082,3090,1483,1469 app=3082,3057,1481,1469 abs=nil,nil,nil,nil ebrake=1.00 ibrake=1.00 hasABS=0 sy=10.16 split=1.000,0.875 ===
267.20446|I|libbeamng.print:18052| === LSTM_OBS t=400 0.00919,0.00192,0.03337,0.04291,0.40115,10.16303,-9.63806,-0.01592,0.00000,0.00000,0.00134,1.00000,0.00000,-0.00037,-0.00981,727.13898,0.25000 ===
267.25387|I|libbeamng.print:18052| === LSTM_TRACE t=410 v=6.40 ws=0.01,0.00,0.02,0.03 cmd=0.995,0.997,0.872,0.864 cap=3084,3091,1694,1678 des=3084,3091,1483,1468 app=3084,3058,1480,1468 abs=nil,nil,nil,nil ebrake=1.00 ibrake=1.00 hasABS=0 sy=10.21 split=1.000,0.875 ===
267.25391|I|libbeamng.print:18052| === LSTM_OBS t=410 0.00675,0.00141,0.01855,0.02597,0.39254,10.20915,-9.65353,-0.00866,0.00000,0.00000,0.00146,1.00000,0.00000,-0.00098,-0.00928,723.81292,0.25000 ===
267.30338|I|libbeamng.print:18052| === LSTM_TRACE t=420 v=5.87 ws=0.00,0.00,0.01,0.02 cmd=0.995,0.997,0.872,0.864 cap=3086,3092,1694,1678 des=3086,3092,1483,1468 app=3086,3058,1480,1468 abs=nil,nil,nil,nil ebrake=1.00 ibrake=1.00 hasABS=0 sy=10.28 split=1.000,0.875 ===
267.30346|I|libbeamng.print:18052| === LSTM_OBS t=420 0.00029,0.00408,0.00575,0.02027,0.37915,10.27960,-9.67225,-0.00556,0.00000,0.00000,0.00169,1.00000,0.00000,-0.00134,-0.00892,726.10878,0.25000 ===
267.35395|I|libbeamng.print:18052| === LSTM_TRACE t=430 v=5.35 ws=0.00,0.00,0.02,0.00 cmd=0.996,0.998,0.872,0.864 cap=3086,3092,1694,1678 des=3086,3092,1482,1468 app=3086,3058,1480,1468 abs=nil,nil,nil,nil ebrake=1.00 ibrake=1.00 hasABS=0 sy=10.35 split=1.000,0.875 ===
267.35400|I|libbeamng.print:18052| === LSTM_OBS t=430 0.00482,0.00044,0.02007,0.00197,0.36669,10.35479,-9.70587,-0.00128,0.00000,0.00000,0.00176,1.00000,0.00000,-0.00148,-0.00866,722.18834,0.25000 ===
267.40431|I|libbeamng.print:18052| === LSTM_TRACE t=440 v=4.81 ws=0.00,0.00,0.02,0.01 cmd=0.996,0.998,0.872,0.863 cap=3087,3092,1694,1678 des=3087,3092,1482,1468 app=3087,3058,1479,1468 abs=nil,nil,nil,nil ebrake=1.00 ibrake=1.00 hasABS=0 sy=10.43 split=1.000,0.875 ===
267.40435|I|libbeamng.print:18052| === LSTM_OBS t=440 0.00269,0.00064,0.01728,0.01339,0.36154,10.42585,-9.71992,0.00062,0.00000,0.00000,0.00189,1.00000,0.00000,-0.00152,-0.00856,725.81694,0.25000 ===
267.45432|I|libbeamng.print:18052| === LSTM_TRACE t=450 v=4.27 ws=0.00,0.00,0.02,0.02 cmd=0.996,0.998,0.872,0.864 cap=3087,3093,1693,1678 des=3087,3093,1482,1468 app=3086,3057,1479,1468 abs=nil,nil,nil,nil ebrake=1.00 ibrake=1.00 hasABS=0 sy=10.51 split=1.000,0.875 ===
267.45436|I|libbeamng.print:18052| === LSTM_OBS t=450 0.00305,0.00123,0.02493,0.01877,0.36811,10.51266,-9.73214,0.00374,0.00000,0.00000,0.00162,1.00000,0.00000,-0.00158,-0.00853,725.78897,0.25000 ===
267.50341|I|libbeamng.print:18052| === LSTM_TRACE t=460 v=3.72 ws=0.00,0.00,0.09,0.01 cmd=0.996,0.998,0.872,0.864 cap=3087,3093,1693,1678 des=3087,3093,1482,1468 app=3086,3057,1479,1468 abs=nil,nil,nil,nil ebrake=1.00 ibrake=1.00 hasABS=0 sy=10.61 split=1.000,0.875 ===
267.50345|I|libbeamng.print:18052| === LSTM_OBS t=460 0.00023,0.00214,0.09058,0.01466,0.37654,10.60988,-9.73786,0.00577,0.00000,0.00000,0.00176,1.00000,0.00000,-0.00167,-0.00862,727.65033,0.25000 ===
267.55384|I|libbeamng.print:18052| === LSTM_TRACE t=470 v=3.16 ws=0.00,0.00,0.77,0.02 cmd=0.996,0.998,0.871,0.863 cap=3087,3093,1693,1677 des=3087,3093,1481,1468 app=3085,3057,1478,1468 abs=nil,nil,nil,nil ebrake=1.00 ibrake=1.00 hasABS=0 sy=10.74 split=1.000,0.875 ===
267.55389|I|libbeamng.print:18052| === LSTM_OBS t=470 0.00231,0.00077,0.77184,0.01698,0.37725,10.73881,-9.75585,0.01176,0.00000,0.00000,0.00183,1.00000,0.00000,-0.00157,-0.00886,726.64709,0.25000 ===
267.60313|I|libbeamng.print:18052| === LSTM_TRACE t=480 v=2.60 ws=0.00,0.00,1.05,0.01 cmd=0.996,0.998,0.871,0.863 cap=3088,3093,1692,1677 des=3088,3093,1481,1468 app=3085,3056,1478,1468 abs=nil,nil,nil,nil ebrake=1.00 ibrake=1.00 hasABS=0 sy=10.91 split=1.000,0.875 ===
267.60318|I|libbeamng.print:18052| === LSTM_OBS t=480 0.00103,0.00397,1.04636,0.00742,0.38893,10.91356,-9.78458,0.02023,0.00000,0.00000,0.00198,1.00000,0.00000,-0.00098,-0.00936,730.32299,0.25000 ===
267.65373|I|libbeamng.print:18052| === LSTM_TRACE t=490 v=2.04 ws=0.00,0.00,0.26,0.01 cmd=0.996,0.998,0.871,0.863 cap=3089,3093,1692,1677 des=3089,3093,1480,1468 app=3085,3056,1478,1468 abs=nil,nil,nil,nil ebrake=1.00 ibrake=1.00 hasABS=0 sy=11.01 split=1.000,0.875 ===
267.65378|I|libbeamng.print:18052| === LSTM_OBS t=490 0.00406,0.00149,0.25964,0.00981,0.41965,11.00818,-9.73157,0.01884,0.00000,0.00000,0.00192,1.00000,0.00000,-0.00087,-0.00976,728.05949,0.25000 ===
267.70713|I|libbeamng.print:18052| === LSTM_TRACE t=500 v=1.47 ws=0.00,0.00,0.12,0.01 cmd=0.996,0.998,0.871,0.863 cap=3089,3094,1692,1678 des=3089,3094,1480,1468 app=3084,3056,1477,1468 abs=nil,nil,nil,nil ebrake=1.00 ibrake=1.00 hasABS=0 sy=11.08 split=1.000,0.875 ===
267.70719|I|libbeamng.print:18052| === LSTM_OBS t=500 0.00251,0.00190,0.12190,0.00878,0.42239,11.07792,-9.68307,0.01978,0.00000,0.00000,0.00192,1.00000,0.00000,-0.00135,-0.00995,728.35858,0.25000 ===
267.75734|I|libbeamng.print:18052| === LSTM_TRACE t=510 v=0.90 ws=0.00,0.00,0.11,0.02 cmd=0.996,0.998,0.870,0.863 cap=3089,3094,1691,1677 des=3089,3094,1480,1468 app=3084,3056,1477,1468 abs=nil,nil,nil,nil ebrake=1.00 ibrake=1.00 hasABS=0 sy=11.15 split=1.000,0.875 ===
267.75743|I|libbeamng.print:18052| === LSTM_OBS t=510 0.00288,0.00069,0.11500,0.01612,0.40404,11.15198,-9.68726,0.01655,0.00000,0.00000,0.00189,1.00000,0.00000,-0.00162,-0.01000,729.79476,0.25000 ===
298.27844|I|libbeamng.print:18052| === LSTM_TRACE t=0 v=27.71 ws=27.66,27.78,27.40,27.46 cmd=0.824,0.832,0.445,0.474 cap=155,155,97,97 des=155,155,85,85 app=154,152,84,85 abs=nil,nil,nil,nil ebrake=1.00 ibrake=1.00 hasABS=0 sy=1.58 split=1.000,0.875 ===
298.27851|I|libbeamng.print:18052| === LSTM_OBS t=0 27.65948,27.78223,27.39629,27.45689,-0.04673,1.58379,-9.77357,0.00851,0.00000,0.00000,0.00000,1.00000,0.00000,0.00100,-0.00910,7858.45792,0.25000 ===
298.32730|I|libbeamng.print:18052| === LSTM_TRACE t=10 v=27.44 ws=26.92,26.84,26.63,26.81 cmd=0.437,0.474,0.649,0.600 cap=1219,1358,1204,1106 des=1219,1358,1053,967 app=1210,1337,1048,967 abs=nil,nil,nil,nil ebrake=1.00 ibrake=1.00 hasABS=0 sy=2.12 split=1.000,0.875 ===
298.32735|I|libbeamng.print:18052| === LSTM_OBS t=10 26.91718,26.84150,26.62889,26.80602,-0.01974,2.11984,-9.76305,-0.01417,0.00000,0.00000,0.00162,1.00000,0.00000,0.00097,-0.01008,7777.88219,0.25000 ===
298.34870|I|libbeamng.print:18052| === LSTM_ABS DBG raw=26.0371,26.0973,26.2900,26.4585,0.0179,2.6426,-9.7751,-0.0035,0.0000,0.0000,0.0033,1.0000,0.0000,0.0011,-0.0109,7696.4378,0.2500 ===
298.34873|I|libbeamng.print:18052| === LSTM_ABS DBG norm=0.54,0.48,0.51,0.50,-0.14,-2.09,0.00,-0.00,0.06,-0.06,0.06,0.59,-0.02,0.00,0.00,3.81,0.00 ===
298.34874|I|libbeamng.print:18052| === LSTM_ABS DBG cmd=0.5380,0.5680,0.7306,0.7023 ===
298.37733|I|libbeamng.print:18052| === LSTM_TRACE t=20 v=27.00 ws=25.04,25.03,25.69,25.87 cmd=0.690,0.729,0.777,0.786 cap=2133,2245,1501,1509 des=2133,2245,1313,1321 app=2121,2219,1309,1321 abs=nil,nil,nil,nil ebrake=1.00 ibrake=1.00 hasABS=0 sy=3.58 split=1.000,0.875 ===
298.37740|I|libbeamng.print:18052| === LSTM_OBS t=20 25.03704,25.02612,25.69166,25.87066,0.02547,3.57612,-9.65526,0.00862,0.00000,0.00000,0.00198,1.00000,0.00000,0.00106,-0.01229,7539.04317,0.25000 ===
298.42714|I|libbeamng.print:18052| === LSTM_TRACE t=30 v=26.48 ws=23.82,23.45,24.66,24.80 cmd=0.772,0.810,0.798,0.808 cap=2359,2481,1549,1575 des=2359,2481,1356,1378 app=2352,2460,1354,1378 abs=nil,nil,nil,nil ebrake=1.00 ibrake=1.00 hasABS=0 sy=5.49 split=1.000,0.875 ===
298.42718|I|libbeamng.print:18052| === LSTM_OBS t=30 23.82297,23.44849,24.65814,24.79926,0.04879,5.49447,-9.39672,-0.01808,0.00000,0.00000,0.00285,1.00000,0.00000,0.00121,-0.01467,7245.57205,0.25000 ===
298.47713|I|libbeamng.print:18052| === LSTM_TRACE t=40 v=25.86 ws=23.34,21.74,23.62,24.02 cmd=0.768,0.807,0.798,0.791 cap=2456,2566,1549,1540 des=2456,2566,1355,1348 app=2452,2551,1355,1348 abs=nil,nil,nil,nil ebrake=1.00 ibrake=1.00 hasABS=0 sy=7.16 split=1.000,0.875 ===
298.47718|I|libbeamng.print:18052| === LSTM_OBS t=40 23.34352,21.73548,23.61514,24.02277,0.00480,7.16020,-9.41256,-0.01326,0.00000,0.00000,0.00318,1.00000,0.00000,0.00168,-0.01655,6964.27822,0.25000 ===
298.52741|I|libbeamng.print:18052| === LSTM_TRACE t=50 v=25.26 ws=22.67,20.05,22.35,23.62 cmd=0.772,0.808,0.807,0.802 cap=2469,2564,1568,1561 des=2469,2564,1372,1366 app=2469,2555,1372,1366 abs=nil,nil,nil,nil ebrake=1.00 ibrake=1.00 hasABS=0 sy=8.55 split=1.000,0.875 ===
298.52746|I|libbeamng.print:18052| === LSTM_OBS t=50 22.67458,20.05021,22.34941,23.62020,-0.00465,8.54707,-9.52538,-0.01417,0.00000,0.00000,0.00338,1.00000,0.00000,0.00199,-0.01775,6708.57892,0.25000 ===
298.57784|I|libbeamng.print:18052| === LSTM_TRACE t=60 v=24.67 ws=22.67,18.11,21.17,23.12 cmd=0.771,0.802,0.808,0.816 cap=2353,2456,1573,1584 des=2353,2456,1376,1386 app=2353,2450,1376,1386 abs=nil,nil,nil,nil ebrake=1.00 ibrake=1.00 hasABS=0 sy=9.57 split=1.000,0.875 ===
298.57788|I|libbeamng.print:18052| === LSTM_OBS t=60 22.67375,18.10873,21.16691,23.11578,-0.02656,9.57091,-9.65242,-0.00471,0.00000,0.00000,0.00354,1.00000,0.00000,0.00213,-0.01822,6459.30863,0.25000 ===
298.63022|I|libbeamng.print:18052| === LSTM_TRACE t=70 v=24.09 ws=22.52,16.02,20.10,22.50 cmd=0.583,0.626,0.787,0.800 cap=2466,2535,1533,1566 des=2466,2535,1341,1370 app=2466,2531,1341,1370 abs=nil,nil,nil,nil ebrake=1.00 ibrake=1.00 hasABS=0 sy=10.22 split=1.000,0.875 ===
298.63029|I|libbeamng.print:18052| === LSTM_OBS t=70 22.52363,16.01666,20.09971,22.50132,-0.05910,10.22237,-9.75902,-0.01956,0.00000,0.00000,0.00357,1.00000,0.00000,0.00237,-0.01794,6211.39144,0.25000 ===
298.67723|I|libbeamng.print:18052| === LSTM_TRACE t=80 v=23.51 ws=22.32,14.58,18.96,21.96 cmd=0.654,0.697,0.773,0.788 cap=1454,1604,1509,1531 des=1454,1604,1321,1340 app=1652,1791,1321,1340 abs=nil,nil,nil,nil ebrake=1.00 ibrake=1.00 hasABS=0 sy=10.52 split=1.000,0.875 ===
298.67727|I|libbeamng.print:18052| === LSTM_OBS t=80 22.31872,14.58211,18.96361,21.95717,-0.05186,10.52352,-9.79711,-0.01769,0.00000,0.00000,0.00198,1.00000,0.00000,0.00244,-0.01692,5976.80606,0.25000 ===
298.72727|I|libbeamng.print:18052| === LSTM_TRACE t=90 v=22.98 ws=21.92,13.13,17.90,21.51 cmd=0.647,0.683,0.780,0.794 cap=2022,2128,1514,1544 des=2022,2128,1325,1351 app=2022,2126,1325,1351 abs=nil,nil,nil,nil ebrake=1.00 ibrake=1.00 hasABS=0 sy=10.68 split=1.000,0.875 ===
298.72731|I|libbeamng.print:18052| === LSTM_OBS t=90 21.92176,13.12621,17.90067,21.51094,-0.01162,10.67816,-9.75049,-0.03400,0.00000,0.00000,0.00285,1.00000,0.00000,0.00214,-0.01557,5758.83253,0.25000 ===
298.77761|I|libbeamng.print:18052| === LSTM_TRACE t=100 v=22.44 ws=21.40,11.33,16.85,21.01 cmd=0.589,0.625,0.790,0.803 cap=1856,1965,1537,1559 des=1856,1965,1345,1365 app=1856,1964,1345,1365 abs=nil,nil,nil,nil ebrake=1.00 ibrake=1.00 hasABS=0 sy=10.73 split=1.000,0.875 ===
298.77765|I|libbeamng.print:18052| === LSTM_OBS t=100 21.39743,11.32632,16.85441,21.01466,0.04119,10.72831,-9.68967,-0.02879,0.00000,0.00000,0.00329,1.00000,0.00000,0.00157,-0.01447,5545.94104,0.25000 ===
298.82807|I|libbeamng.print:18052| === LSTM_TRACE t=110 v=21.92 ws=21.07,9.65,15.72,20.53 cmd=0.607,0.643,0.801,0.809 cap=1641,1768,1548,1562 des=1641,1768,1354,1367 app=1641,1767,1354,1367 abs=nil,nil,nil,nil ebrake=1.00 ibrake=1.00 hasABS=0 sy=10.70 split=1.000,0.875 ===
298.82813|I|libbeamng.print:18052| === LSTM_OBS t=110 21.07386,9.64844,15.72271,20.53462,0.09998,10.70243,-9.62519,-0.03154,0.00000,0.00000,0.00261,1.00000,0.00000,0.00101,-0.01340,5331.47066,0.25000 ===
298.87729|I|libbeamng.print:18052| === LSTM_TRACE t=120 v=21.40 ws=20.61,7.92,14.71,20.05 cmd=0.562,0.593,0.804,0.811 cap=1719,1823,1561,1572 des=1719,1823,1366,1375 app=1719,1822,1366,1375 abs=nil,nil,nil,nil ebrake=1.00 ibrake=1.00 hasABS=0 sy=10.62 split=1.000,0.875 ===
298.87734|I|libbeamng.print:18052| === LSTM_OBS t=120 20.61073,7.91917,14.71321,20.05424,0.18355,10.61893,-9.61124,-0.04071,0.00000,0.00000,0.00311,1.00000,0.00000,0.00055,-0.01250,5118.72722,0.25000 ===
298.92717|I|libbeamng.print:18052| === LSTM_TRACE t=130 v=20.89 ws=20.04,6.18,13.77,19.63 cmd=0.636,0.650,0.805,0.811 cap=1806,1870,1565,1574 des=1806,1870,1370,1378 app=1806,1869,1370,1378 abs=nil,nil,nil,nil ebrake=1.00 ibrake=1.00 hasABS=0 sy=10.52 split=1.000,0.875 ===
298.92721|I|libbeamng.print:18052| === LSTM_OBS t=130 20.03952,6.18372,13.76538,19.63368,0.25470,10.52126,-9.61188,-0.05070,0.00000,0.00000,0.00342,1.00000,0.00000,0.00020,-0.01173,4904.92691,0.25000 ===
298.97848|I|libbeamng.print:18052| === LSTM_TRACE t=140 v=20.37 ws=19.61,4.58,12.86,19.26 cmd=0.608,0.606,0.777,0.783 cap=1812,1803,1519,1531 des=1812,1803,1329,1339 app=1812,1802,1329,1339 abs=nil,nil,nil,nil ebrake=1.00 ibrake=1.00 hasABS=0 sy=10.48 split=1.000,0.875 ===
298.97852|I|libbeamng.print:18052| === LSTM_OBS t=140 19.61031,4.57601,12.86150,19.26144,0.35350,10.47926,-9.62418,-0.05079,0.00000,0.00000,0.00301,1.00000,0.00000,-0.00038,-0.01120,4697.33540,0.25000 ===
299.02819|I|libbeamng.print:18052| === LSTM_TRACE t=150 v=19.86 ws=19.04,3.59,11.62,18.17 cmd=0.589,0.593,0.749,0.756 cap=1596,1639,1451,1454 des=1596,1639,1270,1272 app=1596,1638,1270,1272 abs=nil,nil,nil,nil ebrake=1.00 ibrake=1.00 hasABS=0 sy=10.46 split=1.000,0.875 ===
299.02823|I|libbeamng.print:18052| === LSTM_OBS t=150 19.04197,3.58747,11.61846,18.17077,0.46903,10.46486,-9.69999,-0.05700,0.00000,0.00000,0.00455,1.00000,0.00000,-0.00178,-0.01037,4514.22106,0.25000 ===
299.07832|I|libbeamng.print:18052| === LSTM_TRACE t=160 v=19.34 ws=18.50,1.85,10.10,16.61 cmd=0.552,0.555,0.724,0.719 cap=1693,1662,1413,1414 des=1693,1662,1236,1237 app=1693,1660,1236,1237 abs=nil,nil,nil,nil ebrake=1.00 ibrake=1.00 hasABS=0 sy=10.40 split=1.000,0.875 ===
299.07837|I|libbeamng.print:18052| === LSTM_OBS t=160 18.49757,1.85377,10.09856,16.61430,0.52006,10.40062,-9.74399,-0.06665,0.00000,0.00000,0.00261,1.00000,0.00000,-0.00333,-0.00970,4371.41242,0.25000 ===
299.12718|I|libbeamng.print:18052| === LSTM_TRACE t=170 v=18.84 ws=17.86,0.95,8.92,15.02 cmd=0.652,0.619,0.721,0.725 cap=2072,2001,1408,1415 des=2072,2001,1232,1238 app=2050,1997,1232,1238 abs=nil,nil,nil,nil ebrake=1.00 ibrake=1.00 hasABS=0 sy=10.32 split=1.000,0.875 ===
299.12722|I|libbeamng.print:18052| === LSTM_OBS t=170 17.86022,0.95403,8.92125,15.02249,0.56840,10.31608,-9.78636,-0.06653,0.00000,0.00000,0.00532,1.00000,0.00000,-0.00409,-0.00928,4234.44421,0.25000 ===
299.17713|I|libbeamng.print:18052| === LSTM_TRACE t=180 v=18.34 ws=17.41,0.06,7.91,13.82 cmd=0.575,0.560,0.710,0.706 cap=1540,1472,1385,1370 des=1540,1472,1212,1199 app=1695,1608,1212,1199 abs=nil,nil,nil,nil ebrake=1.00 ibrake=1.00 hasABS=0 sy=10.27 split=1.000,0.875 ===
299.17717|I|libbeamng.print:18052| === LSTM_OBS t=180 17.41319,0.06393,7.91066,13.82268,0.60147,10.26669,-9.79028,-0.06041,0.00000,0.00000,0.00352,1.00000,0.00000,-0.00493,-0.00889,4091.64679,0.25000 ===
299.22758|I|libbeamng.print:18052| === LSTM_TRACE t=190 v=17.83 ws=17.14,0.19,6.98,12.77 cmd=0.787,0.746,0.709,0.710 cap=2390,2303,1376,1384 des=2390,2303,1204,1211 app=1936,1860,1204,1211 abs=nil,nil,nil,nil ebrake=1.00 ibrake=1.00 hasABS=0 sy=10.23 split=1.000,0.875 ===
299.22766|I|libbeamng.print:18052| === LSTM_OBS t=190 17.14131,0.19304,6.98004,12.76520,0.64618,10.22653,-9.75484,-0.06992,0.00000,0.00000,0.00549,1.00000,0.00000,-0.00494,-0.00891,3942.45281,0.25000 ===
299.27745|I|libbeamng.print:18052| === LSTM_TRACE t=200 v=17.33 ws=16.70,0.16,5.69,11.92 cmd=0.792,0.741,0.699,0.677 cap=2448,2351,1353,1318 des=2448,2351,1184,1153 app=1993,1910,1184,1153 abs=nil,nil,nil,nil ebrake=1.00 ibrake=1.00 hasABS=0 sy=10.19 split=1.000,0.875 ===
299.27749|I|libbeamng.print:18052| === LSTM_OBS t=200 16.69748,0.16254,5.68611,11.92243,0.71217,10.19174,-9.70976,-0.07616,0.00000,0.00000,0.00599,1.00000,0.00000,-0.00505,-0.00896,3788.27235,0.25000 ===
299.33044|I|libbeamng.print:18052| === LSTM_TRACE t=210 v=16.80 ws=15.50,0.08,5.23,11.56 cmd=0.440,0.400,0.685,0.630 cap=1628,1438,1341,1234 des=1628,1438,1174,1080 app=1993,1813,1174,1080 abs=nil,nil,nil,nil ebrake=1.00 ibrake=1.00 hasABS=0 sy=10.19 split=1.000,0.875 ===
299.33048|I|libbeamng.print:18052| === LSTM_OBS t=210 15.49849,0.07560,5.22589,11.56211,0.77048,10.18670,-9.72051,-0.06016,0.00000,0.00000,0.00395,1.00000,0.00000,-0.00508,-0.00916,3643.21850,0.25000 ===
299.37711|I|libbeamng.print:18052| === LSTM_TRACE t=220 v=16.28 ws=15.51,0.13,4.49,11.63 cmd=0.767,0.708,0.735,0.685 cap=1882,1739,1404,1295 des=1882,1739,1228,1133 app=1882,1732,1228,1133 abs=nil,nil,nil,nil ebrake=1.00 ibrake=1.00 hasABS=0 sy=10.24 split=1.000,0.875 ===
299.37715|I|libbeamng.print:18052| === LSTM_OBS t=220 15.50557,0.13347,4.48955,11.62522,0.81820,10.23529,-9.74984,-0.06479,0.00000,0.00000,0.00492,1.00000,0.00000,-0.00508,-0.00973,3497.68862,0.25000 ===
299.42720|I|libbeamng.print:18052| === LSTM_TRACE t=230 v=15.79 ws=14.66,0.02,3.70,10.80 cmd=0.612,0.545,0.758,0.706 cap=2108,1914,1475,1371 des=2108,1914,1291,1200 app=2108,1906,1291,1200 abs=nil,nil,nil,nil ebrake=1.00 ibrake=1.00 hasABS=0 sy=10.20 split=1.000,0.875 ===
299.42724|I|libbeamng.print:18052| === LSTM_OBS t=230 14.65765,0.02475,3.70145,10.80428,0.91001,10.19554,-9.75373,-0.08145,0.00000,0.00000,0.00554,1.00000,0.00000,-0.00525,-0.01004,3332.92476,0.25000 ===
299.47734|I|libbeamng.print:18052| === LSTM_TRACE t=240 v=15.28 ws=14.30,0.01,3.54,11.00 cmd=0.712,0.643,0.774,0.731 cap=2077,1852,1501,1418 des=2077,1852,1313,1240 app=2077,1843,1313,1240 abs=nil,nil,nil,nil ebrake=1.00 ibrake=1.00 hasABS=0 sy=10.20 split=1.000,0.875 ===
299.47739|I|libbeamng.print:18052| === LSTM_OBS t=240 14.30287,0.00527,3.54174,11.00161,0.95181,10.19606,-9.72522,-0.08139,0.00000,0.00000,0.00476,1.00000,0.00000,-0.00536,-0.01048,3149.51123,0.25000 ===
299.52713|I|libbeamng.print:18052| === LSTM_TRACE t=250 v=14.76 ws=13.64,0.01,3.28,10.07 cmd=0.672,0.597,0.769,0.731 cap=2084,1854,1494,1417 des=2084,1854,1307,1240 app=2084,1844,1307,1240 abs=nil,nil,nil,nil ebrake=1.00 ibrake=1.00 hasABS=0 sy=10.15 split=1.000,0.875 ===
299.52717|I|libbeamng.print:18052| === LSTM_OBS t=250 13.64376,0.01231,3.27839,10.06572,1.02389,10.14843,-9.71385,-0.08347,0.00000,0.00000,0.00492,1.00000,0.00000,-0.00565,-0.01040,2955.60606,0.25000 ===
299.57700|I|libbeamng.print:18052| === LSTM_TRACE t=260 v=14.24 ws=13.28,0.01,2.84,9.12 cmd=0.709,0.628,0.751,0.716 cap=2215,1953,1465,1403 des=2215,1953,1282,1227 app=2215,1942,1282,1227 abs=nil,nil,nil,nil ebrake=1.00 ibrake=1.00 hasABS=0 sy=10.17 split=1.000,0.875 ===
299.57704|I|libbeamng.print:18052| === LSTM_OBS t=260 13.27896,0.01108,2.83804,9.12175,0.99687,10.16905,-9.64309,-0.08469,0.00000,0.00000,0.00507,1.00000,0.00000,-0.00520,-0.01040,2767.80275,0.25000 ===
299.62705|I|libbeamng.print:18052| === LSTM_TRACE t=270 v=13.71 ws=12.73,0.02,2.65,8.94 cmd=0.696,0.618,0.719,0.683 cap=2157,1893,1405,1340 des=2157,1893,1229,1172 app=2157,1882,1229,1172 abs=nil,nil,nil,nil ebrake=1.00 ibrake=1.00 hasABS=0 sy=10.22 split=1.000,0.875 ===
299.62709|I|libbeamng.print:18052| === LSTM_OBS t=270 12.72811,0.01860,2.65246,8.94324,1.00844,10.22200,-9.59689,-0.08483,0.00000,0.00000,0.00398,1.00000,0.00000,-0.00542,-0.01013,2585.55044,0.25000 ===
299.67779|I|libbeamng.print:18052| === LSTM_TRACE t=280 v=13.19 ws=12.10,0.01,2.49,8.20 cmd=0.698,0.617,0.695,0.659 cap=2163,1912,1352,1282 des=2163,1912,1183,1121 app=2163,1901,1183,1121 abs=nil,nil,nil,nil ebrake=1.00 ibrake=1.00 hasABS=0 sy=10.27 split=1.000,0.875 ===
299.67783|I|libbeamng.print:18052| === LSTM_OBS t=280 12.10448,0.01065,2.48962,8.19893,1.05635,10.27171,-9.54059,-0.07474,0.00000,0.00000,0.00398,1.00000,0.00000,-0.00583,-0.01013,2415.59352,0.25000 ===
299.72716|I|libbeamng.print:18052| === LSTM_TRACE t=290 v=12.67 ws=11.46,0.01,2.42,7.94 cmd=0.705,0.622,0.682,0.648 cap=2147,1898,1322,1248 des=2147,1898,1157,1092 app=2147,1886,1157,1092 abs=nil,nil,nil,nil ebrake=1.00 ibrake=1.00 hasABS=0 sy=10.33 split=1.000,0.875 ===
299.72721|I|libbeamng.print:18052| === LSTM_OBS t=290 11.46051,0.00741,2.41999,7.93964,1.10388,10.32564,-9.57384,-0.08068,0.00000,0.00000,0.00473,1.00000,0.00000,-0.00603,-0.01025,2258.21963,0.25000 ===
299.77714|I|libbeamng.print:18052| === LSTM_TRACE t=300 v=12.14 ws=10.87,0.01,2.04,7.37 cmd=0.750,0.669,0.674,0.639 cap=2300,2040,1308,1242 des=2300,2040,1145,1087 app=2300,2026,1145,1087 abs=nil,nil,nil,nil ebrake=1.00 ibrake=1.00 hasABS=0 sy=10.42 split=1.000,0.875 ===
299.77718|I|libbeamng.print:18052| === LSTM_OBS t=300 10.86852,0.01031,2.04261,7.37140,1.11896,10.42236,-9.66649,-0.09195,0.00000,0.00000,0.00510,1.00000,0.00000,-0.00597,-0.01067,2112.01625,0.25000 ===
299.82761|I|libbeamng.print:18052| === LSTM_TRACE t=310 v=11.61 ws=10.24,0.02,2.06,6.81 cmd=0.764,0.683,0.670,0.638 cap=2298,2038,1298,1231 des=2298,2038,1136,1077 app=2298,2024,1136,1077 abs=nil,nil,nil,nil ebrake=1.00 ibrake=1.00 hasABS=0 sy=10.53 split=1.000,0.875 ===
299.82767|I|libbeamng.print:18052| === LSTM_OBS t=310 10.23525,0.02421,2.05633,6.80661,1.10568,10.52633,-9.75048,-0.08697,0.00000,0.00000,0.00535,1.00000,0.00000,-0.00584,-0.01111,1966.12003,0.25000 ===
299.87818|I|libbeamng.print:18052| === LSTM_TRACE t=320 v=11.07 ws=9.43,0.03,2.15,5.92 cmd=0.783,0.705,0.666,0.634 cap=2427,2190,1294,1233 des=2427,2190,1133,1079 app=2427,2174,1133,1079 abs=nil,nil,nil,nil ebrake=1.00 ibrake=1.00 hasABS=0 sy=10.60 split=1.000,0.875 ===
299.87824|I|libbeamng.print:18052| === LSTM_OBS t=320 9.42719,0.03148,2.14653,5.92330,1.10866,10.60012,-9.75880,-0.08165,0.00000,0.00000,0.00582,1.00000,0.00000,-0.00568,-0.01162,1823.42616,0.25000 ===
299.92776|I|libbeamng.print:18052| === LSTM_TRACE t=330 v=10.51 ws=8.12,0.01,1.98,5.17 cmd=0.766,0.694,0.660,0.623 cap=2459,2237,1291,1231 des=2459,2237,1129,1077 app=2459,2220,1129,1077 abs=nil,nil,nil,nil ebrake=1.00 ibrake=1.00 hasABS=0 sy=10.67 split=1.000,0.875 ===
299.92781|I|libbeamng.print:18052| === LSTM_OBS t=330 8.12060,0.01123,1.97987,5.17424,1.07424,10.67229,-9.73493,-0.07127,0.00000,0.00000,0.00427,1.00000,0.00000,-0.00560,-0.01207,1684.39294,0.25000 ===
299.97841|I|libbeamng.print:18052| === LSTM_TRACE t=340 v=9.96 ws=6.35,0.05,1.76,4.42 cmd=0.783,0.728,0.662,0.623 cap=2484,2302,1297,1233 des=2484,2302,1134,1079 app=2484,2284,1134,1079 abs=nil,nil,nil,nil ebrake=1.00 ibrake=1.00 hasABS=0 sy=10.73 split=1.000,0.875 ===
299.97847|I|libbeamng.print:18052| === LSTM_OBS t=340 6.34890,0.05129,1.75840,4.41733,0.98170,10.72775,-9.69357,-0.04634,0.00000,0.00000,0.00293,1.00000,0.00000,-0.00542,-0.01261,1544.56846,0.25000 ===
300.02798|I|libbeamng.print:18052| === LSTM_TRACE t=350 v=9.42 ws=3.00,0.03,2.10,4.33 cmd=0.848,0.846,0.674,0.607 cap=2628,2594,1299,1183 des=2628,2594,1137,1035 app=2628,2573,1137,1035 abs=nil,nil,nil,nil ebrake=1.00 ibrake=1.00 hasABS=0 sy=10.72 split=1.000,0.875 ===
300.02803|I|libbeamng.print:18052| === LSTM_OBS t=350 2.99940,0.02674,2.10168,4.33059,0.88894,10.72371,-9.72642,-0.04748,0.00000,0.00000,0.00104,1.00000,0.00000,-0.00480,-0.01318,1400.11139,0.25000 ===
300.07723|I|libbeamng.print:18052| === LSTM_TRACE t=360 v=8.90 ws=0.25,0.01,0.54,4.20 cmd=0.986,0.989,0.828,0.812 cap=3054,3062,1590,1552 des=3054,3062,1391,1358 app=3054,3036,1391,1358 abs=nil,nil,nil,nil ebrake=1.00 ibrake=1.00 hasABS=0 sy=10.69 split=1.000,0.875 ===
300.07733|I|libbeamng.print:18052| === LSTM_OBS t=360 0.25076,0.00726,0.53591,4.19573,0.65970,10.69028,-9.85060,-0.02583,0.00000,0.00000,0.00398,1.00000,0.00000,-0.00187,-0.01352,1254.42670,0.25000 ===
300.12762|I|libbeamng.print:18052| === LSTM_TRACE t=370 v=8.44 ws=0.10,0.05,0.08,3.71 cmd=0.991,0.994,0.862,0.862 cap=3070,3081,1670,1671 des=3070,3081,1461,1462 app=3070,3054,1461,1462 abs=nil,nil,nil,nil ebrake=1.00 ibrake=1.00 hasABS=0 sy=10.47 split=1.000,0.875 ===
300.12766|I|libbeamng.print:18052| === LSTM_OBS t=370 0.10204,0.04543,0.08078,3.70503,0.71418,10.46954,-9.67095,-0.03822,0.00000,0.00000,0.00409,1.00000,0.00000,-0.00075,-0.01287,1056.95281,0.25000 ===
300.17738|I|libbeamng.print:18052| === LSTM_TRACE t=380 v=7.91 ws=0.02,0.02,0.15,2.52 cmd=0.991,0.994,0.868,0.867 cap=3074,3084,1685,1684 des=3074,3084,1475,1473 app=3074,3057,1475,1473 abs=nil,nil,nil,nil ebrake=1.00 ibrake=1.00 hasABS=0 sy=10.29 split=1.000,0.875 ===
300.17742|I|libbeamng.print:18052| === LSTM_OBS t=380 0.01945,0.02173,0.14983,2.52231,0.68913,10.28923,-9.51666,-0.03000,0.00000,0.00000,0.00424,1.00000,0.00000,-0.00080,-0.01205,860.35282,0.25000 ===
300.22783|I|libbeamng.print:18052| === LSTM_TRACE t=390 v=7.41 ws=0.00,0.00,0.21,0.09 cmd=0.992,0.995,0.874,0.870 cap=3074,3084,1697,1689 des=3074,3084,1485,1478 app=3074,3057,1485,1478 abs=nil,nil,nil,nil ebrake=1.00 ibrake=1.00 hasABS=0 sy=10.27 split=1.000,0.875 ===
300.22788|I|libbeamng.print:18052| === LSTM_OBS t=390 0.00416,0.00387,0.21014,0.08872,0.65950,10.26877,-9.48714,-0.03506,0.00000,0.00000,0.00530,1.00000,0.00000,-0.00118,-0.01148,745.08746,0.25000 ===
300.27710|I|libbeamng.print:18052| === LSTM_TRACE t=400 v=6.89 ws=0.00,0.00,0.13,0.06 cmd=0.990,0.994,0.875,0.875 cap=3072,3082,1700,1700 des=3072,3082,1488,1488 app=3072,3054,1487,1488 abs=nil,nil,nil,nil ebrake=1.00 ibrake=1.00 hasABS=0 sy=10.28 split=1.000,0.875 ===
300.27714|I|libbeamng.print:18052| === LSTM_OBS t=400 0.00264,0.00132,0.12596,0.06448,0.57434,10.27928,-9.53388,-0.02466,0.00000,0.00000,0.00563,1.00000,0.00000,-0.00123,-0.01067,729.51617,0.25000 ===
300.32835|I|libbeamng.print:18052| === LSTM_TRACE t=410 v=6.37 ws=0.00,0.00,0.14,0.05 cmd=0.990,0.993,0.875,0.877 cap=3068,3079,1700,1700 des=3068,3079,1488,1488 app=3068,3050,1487,1488 abs=nil,nil,nil,nil ebrake=1.00 ibrake=1.00 hasABS=0 sy=10.34 split=1.000,0.875 ===
300.32841|I|libbeamng.print:18052| === LSTM_OBS t=410 0.00052,0.00333,0.13973,0.04533,0.55414,10.33660,-9.58771,-0.01906,0.00000,0.00000,0.00520,1.00000,0.00000,-0.00170,-0.01009,729.09591,0.25000 ===
300.37886|I|libbeamng.print:18052| === LSTM_TRACE t=420 v=5.83 ws=0.00,0.00,0.14,0.03 cmd=0.988,0.992,0.873,0.875 cap=3065,3075,1697,1700 des=3065,3075,1485,1488 app=3065,3046,1484,1488 abs=nil,nil,nil,nil ebrake=1.00 ibrake=1.00 hasABS=0 sy=10.40 split=1.000,0.875 ===
300.37891|I|libbeamng.print:18052| === LSTM_OBS t=420 0.00271,0.00016,0.14449,0.03284,0.53496,10.40146,-9.63760,-0.01218,0.00000,0.00000,0.00516,1.00000,0.00000,-0.00237,-0.00951,729.10359,0.25000 ===
300.42706|I|libbeamng.print:18052| === LSTM_TRACE t=430 v=5.30 ws=0.00,0.00,0.26,0.00 cmd=0.987,0.991,0.870,0.872 cap=3061,3071,1691,1694 des=3061,3071,1480,1482 app=3061,3042,1479,1482 abs=nil,nil,nil,nil ebrake=1.00 ibrake=1.00 hasABS=0 sy=10.46 split=1.000,0.875 ===
300.42710|I|libbeamng.print:18052| === LSTM_OBS t=430 0.00207,0.00339,0.25818,0.00305,0.52599,10.45757,-9.68112,-0.00775,0.00000,0.00000,0.00530,1.00000,0.00000,-0.00282,-0.00914,729.09316,0.25000 ===
300.47707|I|libbeamng.print:18052| === LSTM_TRACE t=440 v=4.74 ws=0.00,0.00,1.59,0.01 cmd=0.985,0.989,0.864,0.865 cap=3055,3066,1679,1682 des=3055,3066,1469,1471 app=3055,3036,1468,1471 abs=nil,nil,nil,nil ebrake=1.00 ibrake=1.00 hasABS=0 sy=10.60 split=1.000,0.875 ===
300.47711|I|libbeamng.print:18052| === LSTM_OBS t=440 0.00209,0.00139,1.58657,0.01430,0.50721,10.60217,-9.76139,0.00668,0.00000,0.00000,0.00545,1.00000,0.00000,-0.00260,-0.00908,726.99200,0.25000 ===
300.52706|I|libbeamng.print:18052| === LSTM_TRACE t=450 v=4.19 ws=0.01,0.00,0.77,0.04 cmd=0.987,0.990,0.861,0.864 cap=3058,3068,1673,1677 des=3058,3068,1464,1468 app=3058,3038,1463,1468 abs=nil,nil,nil,nil ebrake=1.00 ibrake=1.00 hasABS=0 sy=10.74 split=1.000,0.875 ===
300.52710|I|libbeamng.print:18052| === LSTM_OBS t=450 0.00527,0.00024,0.77236,0.04156,0.53362,10.73971,-9.77030,0.01227,0.00000,0.00000,0.00557,1.00000,0.00000,-0.00202,-0.00945,727.80034,0.25000 ===
300.57705|I|libbeamng.print:18052| === LSTM_TRACE t=460 v=3.65 ws=0.00,0.00,0.12,0.01 cmd=0.988,0.991,0.862,0.865 cap=3063,3072,1675,1680 des=3063,3072,1465,1470 app=3063,3041,1464,1470 abs=nil,nil,nil,nil ebrake=1.00 ibrake=1.00 hasABS=0 sy=10.77 split=1.000,0.875 ===
300.57709|I|libbeamng.print:18052| === LSTM_OBS t=460 0.00195,0.00382,0.11622,0.00743,0.59658,10.76795,-9.68988,0.01031,0.00000,0.00000,0.00586,1.00000,0.00000,-0.00277,-0.00963,728.24287,0.25000 ===
300.62723|I|libbeamng.print:18052| === LSTM_TRACE t=470 v=3.09 ws=0.00,0.00,1.04,0.02 cmd=0.989,0.992,0.865,0.867 cap=3066,3075,1679,1683 des=3066,3075,1469,1473 app=3066,3044,1468,1473 abs=nil,nil,nil,nil ebrake=1.00 ibrake=1.00 hasABS=0 sy=10.84 split=1.000,0.875 ===
300.62727|I|libbeamng.print:18052| === LSTM_OBS t=470 0.00010,0.00120,1.04043,0.02420,0.56392,10.83923,-9.70450,0.01924,0.00000,0.00000,0.00599,1.00000,0.00000,-0.00328,-0.00969,727.58489,0.25000 ===
300.67724|I|libbeamng.print:18052| === LSTM_TRACE t=480 v=2.51 ws=0.00,0.00,1.42,0.01 cmd=0.991,0.994,0.866,0.867 cap=3072,3080,1683,1686 des=3072,3080,1472,1475 app=3072,3049,1471,1475 abs=nil,nil,nil,nil ebrake=1.00 ibrake=1.00 hasABS=0 sy=11.02 split=1.000,0.875 ===
300.67728|I|libbeamng.print:18052| === LSTM_OBS t=480 0.00045,0.00291,1.41750,0.00917,0.55634,11.01800,-9.78380,0.02912,0.00000,0.00000,0.00593,1.00000,0.00000,-0.00268,-0.01003,727.37287,0.25000 ===
300.72757|I|libbeamng.print:18052| === LSTM_TRACE t=490 v=1.96 ws=0.00,0.00,0.14,0.00 cmd=0.993,0.995,0.867,0.867 cap=3078,3084,1685,1685 des=3078,3084,1474,1474 app=3078,3053,1473,1474 abs=nil,nil,nil,nil ebrake=1.00 ibrake=1.00 hasABS=0 sy=11.07 split=1.000,0.875 ===
300.72762|I|libbeamng.print:18052| === LSTM_OBS t=490 0.00394,0.00098,0.13797,0.00015,0.59373,11.07472,-9.73199,0.02547,0.00000,0.00000,0.00595,1.00000,0.00000,-0.00257,-0.01042,728.52697,0.25000 ===
300.77768|I|libbeamng.print:18052| === LSTM_TRACE t=500 v=1.39 ws=0.00,0.00,0.14,0.02 cmd=0.994,0.996,0.868,0.867 cap=3080,3086,1687,1685 des=3080,3086,1476,1474 app=3080,3054,1475,1474 abs=nil,nil,nil,nil ebrake=1.00 ibrake=1.00 hasABS=0 sy=11.10 split=1.000,0.875 ===
300.77773|I|libbeamng.print:18052| === LSTM_OBS t=500 0.00055,0.00087,0.14030,0.01841,0.59518,11.10060,-9.68990,0.02300,0.00000,0.00000,0.00604,1.00000,0.00000,-0.00317,-0.01047,727.88844,0.25000 ===
300.82717|I|libbeamng.print:18052| === LSTM_TRACE t=510 v=0.81 ws=0.00,0.00,0.94,0.00 cmd=0.994,0.996,0.870,0.867 cap=3081,3087,1689,1684 des=3081,3087,1478,1474 app=3081,3055,1477,1474 abs=nil,nil,nil,nil ebrake=1.00 ibrake=1.00 hasABS=0 sy=11.22 split=1.000,0.875 ===
300.82722|I|libbeamng.print:18052| === LSTM_OBS t=510 0.00117,0.00007,0.94261,0.00303,0.56687,11.21517,-9.71561,0.03022,0.00000,0.00000,0.00616,1.00000,0.00000,-0.00300,-0.01063,727.49414,0.25000 ===
305.01388|I|libbeamng.print:18052| === LSTM_ABS: lens 'band_g_mix_s3' loaded (1 member, 17 in, 64 hidden, 2 layers) ===
305.01666|I|libbeamng.print:18052| === LSTM_ABS SELFTEST lens=band_g_mix_s3 cmd=0.982291,0.959624,0.460258,0.561774 ===
335.60968|I|libbeamng.print:18052| === LSTM_TRACE t=0 v=27.71 ws=27.66,27.75,27.30,27.38 cmd=0.911,0.894,0.432,0.422 cap=155,155,97,97 des=155,155,85,85 app=154,153,84,85 abs=nil,nil,nil,nil ebrake=1.00 ibrake=1.00 hasABS=0 sy=1.57 split=1.000,0.875 ===
335.60973|I|libbeamng.print:18052| === LSTM_OBS t=0 27.65693,27.75452,27.30271,27.38231,-0.01627,1.56573,-9.77813,-0.00452,0.00000,0.00000,0.00049,1.00000,0.00000,0.00094,-0.00908,7857.21721,0.25000 ===
335.65693|I|libbeamng.print:18052| === LSTM_TRACE t=10 v=27.44 ws=26.60,26.25,26.99,27.05 cmd=0.517,0.620,0.394,0.408 cap=1437,1791,705,739 des=1437,1791,617,646 app=1433,1767,614,646 abs=nil,nil,nil,nil ebrake=1.00 ibrake=1.00 hasABS=0 sy=2.09 split=1.000,0.875 ===
335.65697|I|libbeamng.print:18052| === LSTM_OBS t=10 26.59584,26.25315,26.98832,27.05356,-0.05224,2.09058,-9.74390,-0.01063,0.00000,0.00000,0.00239,1.00000,0.00000,0.00086,-0.01002,7795.49882,0.25000 ===
335.67705|I|libbeamng.print:18052| === LSTM_ABS DBG raw=25.6070,25.2381,26.6360,26.7989,-0.0293,2.6104,-9.7196,-0.0000,0.0000,0.0000,0.0039,1.0000,0.0000,0.0010,-0.0109,7739.0577,0.2500 ===
335.67709|I|libbeamng.print:18052| === LSTM_ABS DBG norm=0.51,0.43,0.53,0.52,-0.18,-2.10,0.00,0.02,0.06,-0.06,0.10,0.59,-0.02,0.00,0.00,3.84,0.00 ===
335.67709|I|libbeamng.print:18052| === LSTM_ABS DBG cmd=0.6348,0.7043,0.4807,0.4739 ===
335.70726|I|libbeamng.print:18052| === LSTM_TRACE t=20 v=27.00 ws=24.80,24.20,26.13,26.28 cmd=0.718,0.758,0.541,0.519 cap=2193,2327,1029,988 des=2193,2327,900,864 app=2189,2304,897,864 abs=nil,nil,nil,nil ebrake=1.00 ibrake=1.00 hasABS=0 sy=3.63 split=1.000,0.875 ===
335.70730|I|libbeamng.print:18052| === LSTM_OBS t=20 24.79791,24.20251,26.12730,26.27777,-0.02180,3.63049,-9.62679,-0.02206,0.00000,0.00000,0.00293,1.00000,0.00000,0.00101,-0.01282,7626.35614,0.25000 ===
335.75924|I|libbeamng.print:18052| === LSTM_TRACE t=30 v=26.45 ws=23.85,22.99,25.32,25.44 cmd=0.738,0.788,0.665,0.657 cap=2291,2432,1263,1244 des=2291,2432,1105,1088 app=2291,2415,1103,1088 abs=nil,nil,nil,nil ebrake=1.00 ibrake=1.00 hasABS=0 sy=5.33 split=1.000,0.875 ===
335.75928|I|libbeamng.print:18052| === LSTM_OBS t=30 23.84556,22.98580,25.31871,25.44031,-0.04295,5.32906,-9.62564,-0.00532,0.00000,0.00000,0.00244,1.00000,0.00000,0.00111,-0.01617,7405.23371,0.25000 ===
335.80720|I|libbeamng.print:18052| === LSTM_TRACE t=40 v=25.90 ws=23.10,20.61,24.43,24.65 cmd=0.771,0.811,0.737,0.735 cap=2444,2557,1430,1424 des=2444,2557,1251,1246 app=2444,2545,1250,1246 abs=nil,nil,nil,nil ebrake=1.00 ibrake=1.00 hasABS=0 sy=6.98 split=1.000,0.875 ===
335.80726|I|libbeamng.print:18052| === LSTM_OBS t=40 23.10056,20.60669,24.43338,24.64640,0.00619,6.97913,-9.55387,-0.01412,0.00000,0.00000,0.00297,1.00000,0.00000,0.00117,-0.01858,7155.26417,0.25000 ===
335.85764|I|libbeamng.print:18052| === LSTM_TRACE t=50 v=25.33 ws=22.42,17.62,23.41,23.84 cmd=0.785,0.818,0.748,0.754 cap=2383,2498,1446,1453 des=2383,2498,1265,1271 app=2383,2490,1265,1271 abs=nil,nil,nil,nil ebrake=1.00 ibrake=1.00 hasABS=0 sy=8.22 split=1.000,0.875 ===
335.85768|I|libbeamng.print:18052| === LSTM_OBS t=50 22.41916,17.62233,23.40699,23.84473,-0.01732,8.21846,-9.55909,0.00516,0.00000,0.00000,0.00360,1.00000,0.00000,0.00147,-0.01991,6898.35519,0.25000 ===
335.90762|I|libbeamng.print:18052| === LSTM_TRACE t=60 v=24.75 ws=22.49,13.63,22.55,23.18 cmd=0.713,0.758,0.749,0.757 cap=2105,2252,1455,1476 des=2105,2252,1273,1291 app=2105,2247,1273,1291 abs=nil,nil,nil,nil ebrake=1.00 ibrake=1.00 hasABS=0 sy=9.16 split=1.000,0.875 ===
335.90766|I|libbeamng.print:18052| === LSTM_OBS t=60 22.49327,13.62694,22.55140,23.18346,-0.03139,9.15929,-9.61488,0.00230,0.00000,0.00000,0.00367,1.00000,0.00000,0.00187,-0.02026,6658.43154,0.25000 ===
335.95702|I|libbeamng.print:18052| === LSTM_TRACE t=70 v=24.20 ws=22.87,9.30,21.49,22.75 cmd=0.735,0.783,0.761,0.777 cap=2158,2330,1472,1498 des=2158,2330,1288,1310 app=2158,2326,1288,1310 abs=nil,nil,nil,nil ebrake=1.00 ibrake=1.00 hasABS=0 sy=9.81 split=1.000,0.875 ===
335.95706|I|libbeamng.print:18052| === LSTM_OBS t=70 22.86977,9.30259,21.49480,22.75366,-0.08315,9.81306,-9.65518,0.01880,0.00000,0.00000,0.00345,1.00000,0.00000,0.00253,-0.01988,6433.59054,0.25000 ===
336.00679|I|libbeamng.print:18052| === LSTM_TRACE t=80 v=23.66 ws=22.11,3.95,20.35,22.23 cmd=0.679,0.749,0.794,0.803 cap=2204,2391,1527,1549 des=2204,2391,1336,1355 app=2204,2387,1336,1355 abs=nil,nil,nil,nil ebrake=1.00 ibrake=1.00 hasABS=0 sy=10.15 split=1.000,0.875 ===
336.00682|I|libbeamng.print:18052| === LSTM_OBS t=80 22.11337,3.95301,20.35290,22.23024,-0.12080,10.14547,-9.67513,0.00149,0.00000,0.00000,0.00329,1.00000,0.00000,0.00322,-0.01891,6214.44923,0.25000 ===
336.05784|I|libbeamng.print:18052| === LSTM_TRACE t=90 v=23.12 ws=20.70,0.04,18.95,21.87 cmd=0.767,0.816,0.847,0.839 cap=2507,2618,1644,1635 des=2507,2618,1439,1431 app=2507,2613,1439,1431 abs=nil,nil,nil,nil ebrake=1.00 ibrake=1.00 hasABS=0 sy=10.32 split=1.000,0.875 ===
336.05791|I|libbeamng.print:18052| === LSTM_OBS t=90 20.69528,0.03552,18.94825,21.87484,-0.11586,10.32196,-9.65885,0.00188,0.00000,0.00000,0.00142,1.00000,0.00000,0.00295,-0.01756,5983.99067,0.25000 ===
336.10713|I|libbeamng.print:18052| === LSTM_TRACE t=100 v=22.60 ws=18.05,0.07,17.46,21.46 cmd=0.789,0.839,0.861,0.854 cap=2376,2551,1674,1659 des=2376,2551,1464,1452 app=2376,2544,1464,1452 abs=nil,nil,nil,nil ebrake=1.00 ibrake=1.00 hasABS=0 sy=10.40 split=1.000,0.875 ===
336.10717|I|libbeamng.print:18052| === LSTM_OBS t=100 18.05493,0.06698,17.45878,21.45961,-0.22549,10.39663,-9.65397,0.00551,0.00000,0.00000,0.00301,1.00000,0.00000,0.00310,-0.01592,5728.01542,0.25000 ===
336.15700|I|libbeamng.print:18052| === LSTM_TRACE t=110 v=22.09 ws=14.62,0.05,15.83,21.19 cmd=0.689,0.774,0.838,0.838 cap=2085,2358,1642,1638 des=2085,2358,1437,1433 app=2085,2351,1437,1433 abs=nil,nil,nil,nil ebrake=1.00 ibrake=1.00 hasABS=0 sy=10.39 split=1.000,0.875 ===
336.15705|I|libbeamng.print:18052| === LSTM_OBS t=110 14.62138,0.04648,15.82744,21.19324,-0.26355,10.38878,-9.60744,-0.00523,0.00000,0.00000,0.00239,1.00000,0.00000,0.00367,-0.01428,5464.08781,0.25000 ===
336.20772|I|libbeamng.print:18052| === LSTM_TRACE t=120 v=21.59 ws=11.75,0.01,14.63,20.67 cmd=0.721,0.780,0.819,0.841 cap=2257,2436,1591,1635 des=2257,2436,1392,1430 app=2257,2428,1392,1430 abs=nil,nil,nil,nil ebrake=1.00 ibrake=1.00 hasABS=0 sy=10.31 split=1.000,0.875 ===
336.20776|I|libbeamng.print:18052| === LSTM_OBS t=120 11.74985,0.00506,14.62564,20.66848,-0.29846,10.30658,-9.59186,-0.00673,0.00000,0.00000,0.00124,1.00000,0.00000,0.00374,-0.01266,5207.86119,0.25000 ===
336.25758|I|libbeamng.print:18052| === LSTM_TRACE t=130 v=21.08 ws=7.28,0.01,13.67,20.10 cmd=0.628,0.716,0.835,0.850 cap=2113,2343,1617,1648 des=2113,2343,1415,1442 app=2113,2334,1415,1442 abs=nil,nil,nil,nil ebrake=1.00 ibrake=1.00 hasABS=0 sy=10.23 split=1.000,0.875 ===
336.25764|I|libbeamng.print:18052| === LSTM_OBS t=130 7.27605,0.00967,13.66800,20.10444,-0.30001,10.23128,-9.59456,-0.01826,0.00000,0.00000,0.00085,1.00000,0.00000,0.00337,-0.01144,4968.19847,0.25000 ===
336.30661|I|libbeamng.print:18052| === LSTM_TRACE t=140 v=20.59 ws=4.18,0.05,12.37,19.64 cmd=0.652,0.744,0.849,0.857 cap=1896,2212,1646,1660 des=1896,2212,1440,1452 app=1896,2203,1440,1452 abs=nil,nil,nil,nil ebrake=1.00 ibrake=1.00 hasABS=0 sy=10.16 split=1.000,0.875 ===
336.30665|I|libbeamng.print:18052| === LSTM_OBS t=140 4.18040,0.04736,12.36908,19.63748,-0.26858,10.15654,-9.63152,-0.02795,0.00000,0.00000,0.00142,1.00000,0.00000,0.00272,-0.01049,4730.90396,0.25000 ===
336.35694|I|libbeamng.print:18052| === LSTM_TRACE t=150 v=20.10 ws=0.18,0.02,11.03,19.37 cmd=0.777,0.848,0.864,0.864 cap=2130,2439,1676,1677 des=2130,2439,1467,1467 app=2130,2428,1467,1467 abs=nil,nil,nil,nil ebrake=1.00 ibrake=1.00 hasABS=0 sy=10.08 split=1.000,0.875 ===
336.35698|I|libbeamng.print:18052| === LSTM_OBS t=150 0.17830,0.01619,11.02862,19.36948,-0.27714,10.07915,-9.74832,-0.03426,0.00000,0.00000,0.00091,1.00000,0.00000,0.00304,-0.00943,4487.69682,0.25000 ===
336.40657|I|libbeamng.print:18052| === LSTM_TRACE t=160 v=19.64 ws=0.08,0.01,9.51,18.97 cmd=0.926,0.944,0.874,0.870 cap=2832,2902,1697,1688 des=2832,2902,1485,1477 app=2832,2888,1485,1477 abs=nil,nil,nil,nil ebrake=1.00 ibrake=1.00 hasABS=0 sy=9.87 split=1.000,0.875 ===
336.40661|I|libbeamng.print:18052| === LSTM_OBS t=160 0.07551,0.01449,9.50876,18.97451,-0.16928,9.87226,-9.71549,-0.04425,0.00000,0.00000,0.00249,1.00000,0.00000,0.00298,-0.00817,4228.08496,0.25000 ===
336.45735|I|libbeamng.print:18052| === LSTM_TRACE t=170 v=19.17 ws=0.03,0.01,8.28,18.37 cmd=0.965,0.969,0.876,0.872 cap=2984,2999,1700,1694 des=2984,2999,1488,1483 app=2984,2982,1488,1483 abs=nil,nil,nil,nil ebrake=1.00 ibrake=1.00 hasABS=0 sy=9.72 split=1.000,0.875 ===
336.45739|I|libbeamng.print:18052| === LSTM_OBS t=170 0.02803,0.01369,8.28355,18.36958,-0.07846,9.72418,-9.68106,-0.04346,0.00000,0.00000,0.00239,1.00000,0.00000,0.00229,-0.00683,3963.63698,0.25000 ===
336.50670|I|libbeamng.print:18052| === LSTM_TRACE t=180 v=18.69 ws=0.01,0.01,7.06,17.90 cmd=0.977,0.978,0.876,0.872 cap=3029,3031,1700,1694 des=3029,3031,1488,1482 app=3029,3013,1488,1482 abs=nil,nil,nil,nil ebrake=1.00 ibrake=1.00 hasABS=0 sy=9.66 split=1.000,0.875 ===
336.50674|I|libbeamng.print:18052| === LSTM_OBS t=180 0.01242,0.00602,7.05814,17.90303,-0.00664,9.66057,-9.70415,-0.03701,0.00000,0.00000,0.00244,1.00000,0.00000,0.00173,-0.00573,3704.28574,0.25000 ===
336.55831|I|libbeamng.print:18052| === LSTM_TRACE t=190 v=18.21 ws=0.00,0.00,5.52,17.48 cmd=0.984,0.983,0.874,0.871 cap=3049,3047,1699,1692 des=3049,3047,1486,1481 app=3049,3028,1486,1481 abs=nil,nil,nil,nil ebrake=1.00 ibrake=1.00 hasABS=0 sy=9.64 split=1.000,0.875 ===
336.55835|I|libbeamng.print:18052| === LSTM_OBS t=190 0.00221,0.00481,5.51648,17.48350,0.05472,9.63753,-9.74716,-0.02846,0.00000,0.00000,0.00244,1.00000,0.00000,0.00126,-0.00491,3446.04935,0.25000 ===
336.60947|I|libbeamng.print:18052| === LSTM_TRACE t=200 v=17.71 ws=0.01,0.02,4.17,16.82 cmd=0.988,0.987,0.872,0.871 cap=3060,3056,1695,1692 des=3060,3056,1483,1480 app=3060,3036,1483,1480 abs=nil,nil,nil,nil ebrake=1.00 ibrake=1.00 hasABS=0 sy=9.69 split=1.000,0.875 ===
336.60952|I|libbeamng.print:18052| === LSTM_OBS t=200 0.01233,0.01734,4.17194,16.81613,0.09816,9.69322,-9.83035,-0.02200,0.00000,0.00000,0.00234,1.00000,0.00000,0.00137,-0.00470,3201.74228,0.25000 ===
336.65720|I|libbeamng.print:18052| === LSTM_TRACE t=210 v=17.22 ws=0.01,0.01,3.57,16.40 cmd=0.991,0.989,0.871,0.870 cap=3070,3065,1692,1690 des=3070,3065,1480,1479 app=3070,3044,1480,1479 abs=nil,nil,nil,nil ebrake=1.00 ibrake=1.00 hasABS=0 sy=9.72 split=1.000,0.875 ===
336.65724|I|libbeamng.print:18052| === LSTM_OBS t=210 0.00889,0.01144,3.56680,16.39912,0.17671,9.72242,-9.89594,-0.02259,0.00000,0.00000,0.00274,1.00000,0.00000,0.00160,-0.00502,2956.03576,0.25000 ===
336.70691|I|libbeamng.print:18052| === LSTM_TRACE t=220 v=16.74 ws=0.00,0.00,1.71,15.67 cmd=0.993,0.991,0.870,0.871 cap=3076,3071,1690,1691 des=3076,3071,1479,1479 app=3076,3049,1479,1479 abs=nil,nil,nil,nil ebrake=1.00 ibrake=1.00 hasABS=0 sy=9.69 split=1.000,0.875 ===
336.70695|I|libbeamng.print:18052| === LSTM_OBS t=220 0.00369,0.00305,1.71276,15.66650,0.19676,9.68986,-9.88991,-0.00458,0.00000,0.00000,0.00224,1.00000,0.00000,0.00203,-0.00553,2697.16117,0.25000 ===
336.75714|I|libbeamng.print:18052| === LSTM_TRACE t=230 v=16.29 ws=0.01,0.03,0.11,15.73 cmd=0.995,0.993,0.870,0.870 cap=3084,3079,1689,1689 des=3084,3079,1478,1478 app=3084,3056,1478,1478 abs=nil,nil,nil,nil ebrake=1.00 ibrake=1.00 hasABS=0 sy=9.61 split=1.000,0.875 ===
336.75719|I|libbeamng.print:18052| === LSTM_OBS t=230 0.01141,0.03163,0.10549,15.72822,0.28739,9.61078,-9.80051,-0.01268,0.00000,0.00000,0.00124,1.00000,0.00000,0.00176,-0.00582,2426.80893,0.25000 ===
336.80734|I|libbeamng.print:18052| === LSTM_TRACE t=240 v=15.81 ws=0.01,0.00,0.03,14.29 cmd=0.996,0.994,0.871,0.871 cap=3086,3082,1691,1690 des=3086,3082,1480,1479 app=3086,3058,1480,1479 abs=nil,nil,nil,nil ebrake=1.00 ibrake=1.00 hasABS=0 sy=9.53 split=1.000,0.875 ===
336.80741|I|libbeamng.print:18052| === LSTM_OBS t=240 0.00596,0.00215,0.03335,14.28674,0.31605,9.52929,-9.76439,-0.00646,0.00000,0.00000,0.00192,1.00000,0.00000,0.00160,-0.00567,2170.72724,0.25000 ===
336.85716|I|libbeamng.print:18052| === LSTM_TRACE t=250 v=15.32 ws=0.00,0.02,0.06,12.96 cmd=0.997,0.996,0.871,0.871 cap=3089,3086,1693,1693 des=3089,3086,1481,1481 app=3089,3061,1481,1481 abs=nil,nil,nil,nil ebrake=1.00 ibrake=1.00 hasABS=0 sy=9.58 split=1.000,0.875 ===
336.85721|I|libbeamng.print:18052| === LSTM_OBS t=250 0.00293,0.01583,0.06018,12.96075,0.31067,9.58041,-9.78610,-0.01331,0.00000,0.00000,0.00315,1.00000,0.00000,0.00239,-0.00604,1977.88517,0.25000 ===
336.90721|I|libbeamng.print:18052| === LSTM_TRACE t=260 v=14.84 ws=0.01,0.01,0.01,11.37 cmd=0.997,0.996,0.872,0.870 cap=3091,3088,1694,1692 des=3091,3088,1482,1481 app=3091,3063,1482,1481 abs=nil,nil,nil,nil ebrake=1.00 ibrake=1.00 hasABS=0 sy=9.61 split=1.000,0.875 ===
336.90730|I|libbeamng.print:18052| === LSTM_OBS t=260 0.00751,0.00913,0.00882,11.36839,0.32535,9.60969,-9.77388,-0.02075,0.00000,0.00000,0.00289,1.00000,0.00000,0.00291,-0.00656,1784.90756,0.25000 ===
336.95724|I|libbeamng.print:18052| === LSTM_TRACE t=270 v=14.36 ws=0.00,0.00,0.02,9.86 cmd=0.997,0.997,0.874,0.871 cap=3092,3089,1697,1691 des=3092,3089,1485,1480 app=3092,3063,1485,1480 abs=nil,nil,nil,nil ebrake=1.00 ibrake=1.00 hasABS=0 sy=9.61 split=1.000,0.875 ===
336.95729|I|libbeamng.print:18052| === LSTM_OBS t=270 0.00439,0.00140,0.02426,9.85883,0.31808,9.60516,-9.76890,-0.02786,0.00000,0.00000,0.00198,1.00000,0.00000,0.00320,-0.00702,1582.17525,0.25000 ===
337.00694|I|libbeamng.print:18052| === LSTM_TRACE t=280 v=13.88 ws=0.00,0.00,0.01,8.03 cmd=0.998,0.997,0.876,0.872 cap=3093,3090,1700,1693 des=3093,3090,1488,1481 app=3093,3063,1488,1481 abs=nil,nil,nil,nil ebrake=1.00 ibrake=1.00 hasABS=0 sy=9.57 split=1.000,0.875 ===
337.00699|I|libbeamng.print:18052| === LSTM_OBS t=280 0.00271,0.00267,0.01086,8.02797,0.30577,9.57497,-9.74157,-0.03112,0.00000,0.00000,0.00224,1.00000,0.00000,0.00329,-0.00729,1369.48245,0.25000 ===
337.05723|I|libbeamng.print:18052| === LSTM_TRACE t=290 v=13.41 ws=0.01,0.00,0.00,5.87 cmd=0.998,0.997,0.877,0.872 cap=3093,3091,1700,1695 des=3093,3091,1488,1483 app=3093,3063,1488,1483 abs=nil,nil,nil,nil ebrake=1.00 ibrake=1.00 hasABS=0 sy=9.54 split=1.000,0.875 ===
337.05727|I|libbeamng.print:18052| === LSTM_OBS t=290 0.00701,0.00162,0.00221,5.87098,0.29524,9.54376,-9.71652,-0.03648,0.00000,0.00000,0.00254,1.00000,0.00000,0.00329,-0.00733,1154.43204,0.25000 ===
337.10654|I|libbeamng.print:18052| === LSTM_TRACE t=300 v=12.93 ws=0.01,0.00,0.02,4.06 cmd=0.998,0.997,0.878,0.873 cap=3094,3091,1700,1697 des=3094,3091,1488,1485 app=3094,3063,1488,1485 abs=nil,nil,nil,nil ebrake=1.00 ibrake=1.00 hasABS=0 sy=9.56 split=1.000,0.875 ===
337.10658|I|libbeamng.print:18052| === LSTM_OBS t=300 0.01305,0.00380,0.01840,4.05977,0.29739,9.56117,-9.70330,-0.03796,0.00000,0.00000,0.00265,1.00000,0.00000,0.00316,-0.00733,945.18225,0.25000 ===
337.15647|I|libbeamng.print:18052| === LSTM_TRACE t=310 v=12.44 ws=0.00,0.01,0.02,2.40 cmd=0.998,0.997,0.880,0.874 cap=3094,3091,1700,1699 des=3094,3091,1488,1487 app=3094,3062,1488,1487 abs=nil,nil,nil,nil ebrake=1.00 ibrake=1.00 hasABS=0 sy=9.60 split=1.000,0.875 ===
337.15651|I|libbeamng.print:18052| === LSTM_OBS t=310 0.00281,0.01308,0.01879,2.39909,0.28151,9.59793,-9.74505,-0.03789,0.00000,0.00000,0.00335,1.00000,0.00000,0.00263,-0.00778,771.09353,0.25000 ===
337.20655|I|libbeamng.print:18052| === LSTM_TRACE t=320 v=11.96 ws=0.01,0.00,0.03,0.31 cmd=0.998,0.997,0.881,0.873 cap=3093,3091,1700,1694 des=3093,3091,1488,1482 app=3093,3061,1488,1482 abs=nil,nil,nil,nil ebrake=1.00 ibrake=1.00 hasABS=0 sy=9.63 split=1.000,0.875 ===
337.20660|I|libbeamng.print:18052| === LSTM_OBS t=320 0.00507,0.00163,0.03145,0.30618,0.31214,9.63051,-9.73644,-0.03977,0.00000,0.00000,0.00305,1.00000,0.00000,0.00164,-0.00854,733.91045,0.25000 ===
337.25673|I|libbeamng.print:18052| === LSTM_TRACE t=330 v=11.49 ws=0.02,0.00,0.07,0.04 cmd=0.997,0.997,0.881,0.874 cap=3092,3090,1700,1698 des=3092,3090,1488,1485 app=3092,3060,1487,1485 abs=nil,nil,nil,nil ebrake=1.00 ibrake=1.00 hasABS=0 sy=9.57 split=1.000,0.875 ===
337.25678|I|libbeamng.print:18052| === LSTM_OBS t=330 0.01863,0.00483,0.06644,0.03721,0.26683,9.56868,-9.72300,-0.04098,0.00000,0.00000,0.00483,1.00000,0.00000,0.00148,-0.00856,731.18734,0.25000 ===
337.30663|I|libbeamng.print:18052| === LSTM_TRACE t=340 v=11.01 ws=0.00,0.01,0.03,0.04 cmd=0.997,0.996,0.879,0.872 cap=3091,3088,1700,1696 des=3091,3088,1488,1484 app=3091,3058,1487,1484 abs=nil,nil,nil,nil ebrake=1.00 ibrake=1.00 hasABS=0 sy=9.57 split=1.000,0.875 ===
337.30668|I|libbeamng.print:18052| === LSTM_OBS t=340 0.00101,0.00771,0.02910,0.03997,0.26672,9.57138,-9.71852,-0.03657,0.00000,0.00000,0.00389,1.00000,0.00000,0.00129,-0.00863,726.92695,0.25000 ===
337.35695|I|libbeamng.print:18052| === LSTM_TRACE t=350 v=10.52 ws=0.01,0.00,0.01,0.01 cmd=0.997,0.996,0.879,0.871 cap=3090,3087,1700,1693 des=3090,3087,1488,1481 app=3090,3056,1487,1481 abs=nil,nil,nil,nil ebrake=1.00 ibrake=1.00 hasABS=0 sy=9.59 split=1.000,0.875 ===
337.35703|I|libbeamng.print:18052| === LSTM_OBS t=350 0.00632,0.00384,0.01164,0.01055,0.25688,9.59415,-9.71763,-0.03526,0.00000,0.00000,0.00349,1.00000,0.00000,0.00112,-0.00864,728.18585,0.25000 ===
337.40665|I|libbeamng.print:18052| === LSTM_TRACE t=360 v=10.03 ws=0.00,0.00,0.01,0.01 cmd=0.996,0.995,0.877,0.870 cap=3088,3085,1700,1691 des=3088,3085,1488,1479 app=3088,3054,1487,1479 abs=nil,nil,nil,nil ebrake=1.00 ibrake=1.00 hasABS=0 sy=9.64 split=1.000,0.875 ===
337.40670|I|libbeamng.print:18052| === LSTM_OBS t=360 0.00405,0.00046,0.00550,0.00589,0.27057,9.64144,-9.71594,-0.03311,0.00000,0.00000,0.00350,1.00000,0.00000,0.00095,-0.00870,726.63958,0.25000 ===
337.45705|I|libbeamng.print:18052| === LSTM_TRACE t=370 v=9.54 ws=0.00,0.00,0.01,0.00 cmd=0.995,0.994,0.874,0.870 cap=3085,3082,1699,1691 des=3085,3082,1487,1479 app=3085,3050,1486,1479 abs=nil,nil,nil,nil ebrake=1.00 ibrake=1.00 hasABS=0 sy=9.70 split=1.000,0.875 ===
337.45709|I|libbeamng.print:18052| === LSTM_OBS t=370 0.00163,0.00324,0.00512,0.00046,0.28967,9.69655,-9.71784,-0.02993,0.00000,0.00000,0.00411,1.00000,0.00000,0.00086,-0.00875,728.64243,0.25000 ===
337.50680|I|libbeamng.print:18052| === LSTM_TRACE t=380 v=9.04 ws=0.00,0.00,0.00,0.00 cmd=0.994,0.993,0.869,0.869 cap=3081,3077,1690,1688 des=3081,3077,1478,1477 app=3081,3045,1477,1477 abs=nil,nil,nil,nil ebrake=1.00 ibrake=1.00 hasABS=0 sy=9.75 split=1.000,0.875 ===
337.50684|I|libbeamng.print:18052| === LSTM_OBS t=380 0.00168,0.00013,0.00308,0.00122,0.30618,9.75240,-9.71175,-0.02853,0.00000,0.00000,0.00423,1.00000,0.00000,0.00080,-0.00885,726.45141,0.25000 ===
337.55703|I|libbeamng.print:18052| === LSTM_TRACE t=390 v=8.54 ws=0.00,0.00,0.00,0.00 cmd=0.991,0.990,0.861,0.865 cap=3074,3070,1675,1682 des=3074,3070,1466,1472 app=3074,3038,1465,1472 abs=nil,nil,nil,nil ebrake=1.00 ibrake=1.00 hasABS=0 sy=9.81 split=1.000,0.875 ===
337.55707|I|libbeamng.print:18052| === LSTM_OBS t=390 0.00056,0.00117,0.00155,0.00065,0.32193,9.81478,-9.71036,-0.02684,0.00000,0.00000,0.00411,1.00000,0.00000,0.00074,-0.00894,729.17920,0.25000 ===
337.60672|I|libbeamng.print:18052| === LSTM_TRACE t=400 v=8.04 ws=0.00,0.00,0.00,0.00 cmd=0.989,0.988,0.854,0.860 cap=3066,3062,1660,1673 des=3066,3062,1453,1464 app=3066,3029,1451,1464 abs=nil,nil,nil,nil ebrake=1.00 ibrake=1.00 hasABS=0 sy=9.88 split=1.000,0.875 ===
337.60676|I|libbeamng.print:18052| === LSTM_OBS t=400 0.00201,0.00066,0.00142,0.00395,0.33692,9.88477,-9.71430,-0.02492,0.00000,0.00000,0.00420,1.00000,0.00000,0.00065,-0.00905,725.30029,0.25000 ===
337.65687|I|libbeamng.print:18052| === LSTM_TRACE t=410 v=7.52 ws=0.00,0.00,0.00,0.00 cmd=0.987,0.985,0.846,0.851 cap=3059,3054,1644,1656 des=3059,3054,1439,1449 app=3059,3021,1437,1449 abs=nil,nil,nil,nil ebrake=1.00 ibrake=1.00 hasABS=0 sy=9.97 split=1.000,0.875 ===
337.65691|I|libbeamng.print:18052| === LSTM_OBS t=410 0.00150,0.00208,0.00071,0.00153,0.35632,9.96650,-9.71587,-0.02315,0.00000,0.00000,0.00442,1.00000,0.00000,0.00057,-0.00918,729.77585,0.25000 ===
337.70803|I|libbeamng.print:18052| === LSTM_TRACE t=420 v=7.01 ws=0.00,0.00,0.00,0.00 cmd=0.985,0.982,0.833,0.837 cap=3053,3046,1622,1629 des=3053,3046,1419,1425 app=3053,3013,1417,1425 abs=nil,nil,nil,nil ebrake=1.00 ibrake=1.00 hasABS=0 sy=10.06 split=1.000,0.875 ===
337.70807|I|libbeamng.print:18052| === LSTM_OBS t=420 0.00153,0.00018,0.00334,0.00224,0.37426,10.06081,-9.71610,-0.02145,0.00000,0.00000,0.00465,1.00000,0.00000,0.00047,-0.00931,726.98879,0.25000 ===
337.75726|I|libbeamng.print:18052| === LSTM_TRACE t=430 v=6.48 ws=0.00,0.00,0.00,0.00 cmd=0.983,0.980,0.814,0.813 cap=3049,3038,1585,1585 des=3049,3038,1387,1387 app=3049,3005,1386,1387 abs=nil,nil,nil,nil ebrake=1.00 ibrake=1.00 hasABS=0 sy=10.17 split=1.000,0.875 ===
337.75730|I|libbeamng.print:18052| === LSTM_OBS t=430 0.00038,0.00264,0.00004,0.00269,0.39256,10.17444,-9.71513,-0.01900,0.00000,0.00000,0.00478,1.00000,0.00000,0.00040,-0.00948,729.37589,0.25000 ===
337.80658|I|libbeamng.print:18052| === LSTM_TRACE t=440 v=5.95 ws=0.00,0.00,0.01,0.01 cmd=0.981,0.977,0.784,0.778 cap=3043,3029,1529,1519 des=3043,3029,1338,1329 app=3043,2996,1336,1329 abs=nil,nil,nil,nil ebrake=1.00 ibrake=1.00 hasABS=0 sy=10.29 split=1.000,0.875 ===
337.80662|I|libbeamng.print:18052| === LSTM_OBS t=440 0.00206,0.00058,0.00656,0.00621,0.40859,10.29160,-9.71629,-0.01716,0.00000,0.00000,0.00487,1.00000,0.00000,0.00033,-0.00966,726.19616,0.25000 ===
337.85700|I|libbeamng.print:18052| === LSTM_TRACE t=450 v=5.41 ws=0.00,0.00,0.17,0.16 cmd=0.978,0.973,0.750,0.740 cap=3034,3018,1464,1444 des=3034,3018,1281,1263 app=3034,2985,1279,1263 abs=nil,nil,nil,nil ebrake=1.00 ibrake=1.00 hasABS=0 sy=10.40 split=1.000,0.875 ===
337.85704|I|libbeamng.print:18052| === LSTM_OBS t=450 0.00035,0.00141,0.17027,0.15829,0.42551,10.39873,-9.71556,-0.01424,0.00000,0.00000,0.00497,1.00000,0.00000,0.00028,-0.00985,728.98779,0.25000 ===
337.90701|I|libbeamng.print:18052| === LSTM_TRACE t=460 v=4.87 ws=0.00,0.00,0.25,0.33 cmd=0.977,0.972,0.731,0.716 cap=3029,3012,1422,1394 des=3029,3012,1244,1220 app=3029,2978,1243,1220 abs=nil,nil,nil,nil ebrake=1.00 ibrake=1.00 hasABS=0 sy=10.50 split=1.000,0.875 ===
337.90708|I|libbeamng.print:18052| === LSTM_OBS t=460 0.00269,0.00102,0.25143,0.32900,0.44550,10.50042,-9.71946,-0.01306,0.00000,0.00000,0.00520,1.00000,0.00000,0.00014,-0.01002,724.73047,0.25000 ===
337.95738|I|libbeamng.print:18052| === LSTM_TRACE t=470 v=4.34 ws=0.00,0.00,0.28,0.43 cmd=0.977,0.971,0.722,0.703 cap=3028,3010,1404,1369 des=3028,3010,1229,1198 app=3028,2976,1227,1198 abs=nil,nil,nil,nil ebrake=1.00 ibrake=1.00 hasABS=0 sy=10.57 split=1.000,0.875 ===
337.95742|I|libbeamng.print:18052| === LSTM_OBS t=470 0.00133,0.00115,0.27784,0.43327,0.45961,10.56595,-9.71845,-0.00917,0.00000,0.00000,0.00530,1.00000,0.00000,0.00002,-0.01018,728.99788,0.25000 ===
338.00676|I|libbeamng.print:18052| === LSTM_TRACE t=480 v=3.75 ws=0.00,0.00,2.09,2.35 cmd=0.974,0.969,0.717,0.697 cap=3017,3000,1393,1354 des=3017,3000,1219,1184 app=3016,2966,1217,1184 abs=nil,nil,nil,nil ebrake=1.00 ibrake=1.00 hasABS=0 sy=10.72 split=1.000,0.875 ===
338.00680|I|libbeamng.print:18052| === LSTM_OBS t=480 0.00374,0.00228,2.08611,2.35255,0.48263,10.71707,-9.72324,-0.00416,0.00000,0.00000,0.00522,1.00000,0.00000,0.00005,-0.01036,727.03066,0.25000 ===
338.05728|I|libbeamng.print:18052| === LSTM_TRACE t=490 v=3.21 ws=0.01,0.00,0.84,0.78 cmd=0.979,0.973,0.709,0.692 cap=3034,3015,1378,1346 des=3034,3015,1206,1178 app=3033,2981,1205,1178 abs=nil,nil,nil,nil ebrake=1.00 ibrake=1.00 hasABS=0 sy=10.91 split=1.000,0.875 ===
338.05732|I|libbeamng.print:18052| === LSTM_OBS t=490 0.00509,0.00478,0.84148,0.77864,0.52992,10.91437,-9.75780,0.00550,0.00000,0.00000,0.00610,1.00000,0.00000,-0.00011,-0.01131,732.26953,0.25000 ===
338.10673|I|libbeamng.print:18052| === LSTM_TRACE t=500 v=2.62 ws=0.00,0.00,1.92,2.02 cmd=0.976,0.970,0.708,0.680 cap=3022,3004,1375,1320 des=3022,3004,1203,1155 app=3021,2969,1201,1155 abs=nil,nil,nil,nil ebrake=1.00 ibrake=1.00 hasABS=0 sy=11.00 split=1.000,0.875 ===
338.10677|I|libbeamng.print:18052| === LSTM_OBS t=500 0.00494,0.00028,1.92317,2.01899,0.54866,10.99991,-9.71608,0.01209,0.00000,0.00000,0.00547,1.00000,0.00000,-0.00022,-0.01184,730.03691,0.25000 ===
338.15691|I|libbeamng.print:18052| === LSTM_TRACE t=510 v=2.07 ws=0.00,0.00,0.93,0.89 cmd=0.979,0.972,0.704,0.679 cap=3035,3016,1369,1322 des=3035,3016,1197,1157 app=3034,2981,1196,1157 abs=nil,nil,nil,nil ebrake=1.00 ibrake=1.00 hasABS=0 sy=11.12 split=1.000,0.875 ===
338.15695|I|libbeamng.print:18052| === LSTM_OBS t=510 0.00432,0.00052,0.93034,0.89297,0.58386,11.12046,-9.72549,0.01936,0.00000,0.00000,0.00647,1.00000,0.00000,-0.00040,-0.01262,733.05949,0.25000 ===
338.20805|I|libbeamng.print:18052| === LSTM_TRACE t=520 v=1.50 ws=0.01,0.00,1.20,1.20 cmd=0.976,0.970,0.699,0.669 cap=3024,3005,1359,1297 des=3024,3005,1189,1135 app=3023,2971,1188,1135 abs=nil,nil,nil,nil ebrake=1.00 ibrake=1.00 hasABS=0 sy=11.19 split=1.000,0.875 ===
338.20809|I|libbeamng.print:18052| === LSTM_OBS t=520 0.00823,0.00323,1.20274,1.20461,0.57796,11.19361,-9.69710,0.02916,0.00000,0.00000,0.00586,1.00000,0.00000,-0.00050,-0.01295,730.15237,0.25000 ===
338.25826|I|libbeamng.print:18052| === LSTM_TRACE t=530 v=0.94 ws=0.01,0.00,0.76,1.07 cmd=0.974,0.964,0.676,0.651 cap=3019,2990,1319,1270 des=3019,2990,1154,1111 app=3017,2956,1153,1111 abs=nil,nil,nil,nil ebrake=1.00 ibrake=1.00 hasABS=0 sy=11.21 split=1.000,0.875 ===
338.25830|I|libbeamng.print:18052| === LSTM_OBS t=530 0.00909,0.00415,0.75918,1.06740,0.62972,11.20944,-9.72076,0.03002,0.00000,0.00000,0.00577,1.00000,0.00000,-0.00050,-0.01364,731.69068,0.25000 ===
368.45932|I|libbeamng.print:18052| === LSTM_TRACE t=0 v=27.71 ws=27.77,27.86,27.36,27.48 cmd=0.912,0.895,0.433,0.423 cap=155,155,97,97 des=155,155,85,85 app=116,114,63,64 abs=nil,nil,nil,nil ebrake=1.00 ibrake=1.00 hasABS=0 sy=1.59 split=1.000,0.875 ===
368.45938|I|libbeamng.print:18052| === LSTM_OBS t=0 27.76591,27.86278,27.35698,27.48484,0.00409,1.58550,-9.76386,0.00537,0.00000,0.00000,0.00000,1.00000,0.00000,0.00080,-0.00907,7857.98800,0.25000 ===
368.50932|I|libbeamng.print:18052| === LSTM_TRACE t=10 v=27.45 ws=26.55,26.31,27.01,26.97 cmd=0.512,0.617,0.390,0.405 cap=1435,1796,698,735 des=1435,1796,610,643 app=1431,1772,608,643 abs=nil,nil,nil,nil ebrake=1.00 ibrake=1.00 hasABS=0 sy=2.16 split=1.000,0.875 ===
368.50936|I|libbeamng.print:18052| === LSTM_OBS t=10 26.54671,26.31095,27.01170,26.97001,0.02732,2.15795,-9.79069,-0.00577,0.00000,0.00000,0.00221,1.00000,0.00000,0.00074,-0.00996,7790.06167,0.25000 ===
368.52947|I|libbeamng.print:18052| === LSTM_ABS DBG raw=25.5584,25.3949,26.7408,26.7025,0.0763,2.7355,-9.7999,-0.0057,0.0000,0.0000,0.0035,1.0000,0.0000,0.0009,-0.0109,7730.6884,0.2500 ===
368.52951|I|libbeamng.print:18052| === LSTM_ABS DBG norm=0.51,0.44,0.54,0.51,-0.09,-2.06,0.00,-0.02,0.06,-0.06,0.07,0.59,-0.02,0.00,0.00,3.83,0.00 ===
368.52955|I|libbeamng.print:18052| === LSTM_ABS DBG cmd=0.6345,0.7044,0.4723,0.4665 ===
368.55893|I|libbeamng.print:18052| === LSTM_TRACE t=20 v=26.99 ws=24.77,24.53,26.23,26.32 cmd=0.691,0.725,0.521,0.505 cap=2141,2259,998,965 des=2141,2259,873,845 app=2139,2237,870,845 abs=nil,nil,nil,nil ebrake=1.00 ibrake=1.00 hasABS=0 sy=3.80 split=1.000,0.875 ===
368.55898|I|libbeamng.print:18052| === LSTM_OBS t=20 24.77242,24.52794,26.22506,26.32172,0.09753,3.79536,-9.65121,0.00756,0.00000,0.00000,0.00229,1.00000,0.00000,0.00087,-0.01280,7617.07128,0.25000 ===
368.60963|I|libbeamng.print:18052| === LSTM_TRACE t=30 v=26.47 ws=24.30,23.66,25.36,25.53 cmd=0.760,0.804,0.644,0.640 cap=2307,2444,1225,1217 des=2307,2444,1071,1065 app=2307,2428,1070,1065 abs=nil,nil,nil,nil ebrake=1.00 ibrake=1.00 hasABS=0 sy=5.54 split=1.000,0.875 ===
368.60967|I|libbeamng.print:18052| === LSTM_OBS t=30 24.30471,23.65949,25.36379,25.52796,0.02864,5.54185,-9.46484,-0.01239,0.00000,0.00000,0.00293,1.00000,0.00000,0.00093,-0.01606,7400.43054,0.25000 ===
368.65897|I|libbeamng.print:18052| === LSTM_TRACE t=40 v=25.92 ws=23.50,21.97,24.52,24.68 cmd=0.787,0.817,0.725,0.722 cap=2465,2555,1401,1395 des=2465,2555,1226,1220 app=2465,2543,1225,1220 abs=nil,nil,nil,nil ebrake=1.00 ibrake=1.00 hasABS=0 sy=7.10 split=1.000,0.875 ===
368.65904|I|libbeamng.print:18052| === LSTM_OBS t=40 23.50162,21.96875,24.51644,24.68449,0.04760,7.10135,-9.46974,-0.01860,0.00000,0.00000,0.00349,1.00000,0.00000,0.00097,-0.01854,7158.89945,0.25000 ===
368.70953|I|libbeamng.print:18052| === LSTM_TRACE t=50 v=25.34 ws=22.74,19.87,23.59,23.91 cmd=0.785,0.807,0.730,0.731 cap=2410,2484,1414,1414 des=2410,2484,1237,1237 app=2410,2477,1237,1237 abs=nil,nil,nil,nil ebrake=1.00 ibrake=1.00 hasABS=0 sy=8.34 split=1.000,0.875 ===
368.70957|I|libbeamng.print:18052| === LSTM_OBS t=50 22.74058,19.87270,23.59188,23.90744,0.03348,8.34435,-9.51079,-0.01159,0.00000,0.00000,0.00354,1.00000,0.00000,0.00123,-0.01996,6910.34751,0.25000 ===
368.75905|I|libbeamng.print:18052| === LSTM_TRACE t=60 v=24.75 ws=22.65,17.82,22.75,23.28 cmd=0.778,0.791,0.725,0.730 cap=2322,2375,1411,1421 des=2322,2375,1235,1244 app=2322,2371,1235,1244 abs=nil,nil,nil,nil ebrake=1.00 ibrake=1.00 hasABS=0 sy=9.31 split=1.000,0.875 ===
368.75910|I|libbeamng.print:18052| === LSTM_OBS t=60 22.65448,17.82296,22.74778,23.28076,0.00935,9.30596,-9.57724,0.00391,0.00000,0.00000,0.00391,1.00000,0.00000,0.00158,-0.02041,6679.14095,0.25000 ===
368.80969|I|libbeamng.print:18052| === LSTM_TRACE t=70 v=24.17 ws=22.73,15.98,21.82,22.75 cmd=0.796,0.808,0.713,0.718 cap=2073,2163,1386,1398 des=2073,2163,1212,1224 app=2073,2161,1212,1224 abs=nil,nil,nil,nil ebrake=1.00 ibrake=1.00 hasABS=0 sy=9.97 split=1.000,0.875 ===
368.80976|I|libbeamng.print:18052| === LSTM_OBS t=70 22.72561,15.98332,21.82323,22.74956,-0.02807,9.97150,-9.65000,0.00982,0.00000,0.00000,0.00285,1.00000,0.00000,0.00203,-0.02019,6468.39006,0.25000 ===
368.85899|I|libbeamng.print:18052| === LSTM_TRACE t=80 v=23.63 ws=22.23,13.94,20.98,22.23 cmd=0.515,0.540,0.705,0.719 cap=2397,2399,1384,1414 des=2397,2399,1211,1237 app=2397,2398,1211,1237 abs=nil,nil,nil,nil ebrake=1.00 ibrake=1.00 hasABS=0 sy=10.33 split=1.000,0.875 ===
368.85906|I|libbeamng.print:18052| === LSTM_OBS t=80 22.23340,13.94308,20.97903,22.22592,-0.03823,10.32929,-9.68216,-0.01348,0.00000,0.00000,0.00349,1.00000,0.00000,0.00243,-0.01935,6273.70131,0.25000 ===
368.90885|I|libbeamng.print:18052| === LSTM_TRACE t=90 v=23.06 ws=21.81,12.94,20.29,21.84 cmd=0.675,0.689,0.674,0.685 cap=1487,1559,1344,1376 des=1487,1559,1176,1204 app=1669,1698,1176,1204 abs=nil,nil,nil,nil ebrake=1.00 ibrake=1.00 hasABS=0 sy=10.56 split=1.000,0.875 ===
368.90890|I|libbeamng.print:18052| === LSTM_OBS t=90 21.80832,12.93671,20.29254,21.84415,-0.05881,10.56192,-9.68323,-0.00429,0.00000,0.00000,0.00229,1.00000,0.00000,0.00263,-0.01836,6096.98121,0.25000 ===
368.96172|I|libbeamng.print:18052| === LSTM_TRACE t=100 v=22.53 ws=21.31,11.65,19.72,21.29 cmd=0.516,0.518,0.684,0.701 cap=2392,2347,1319,1354 des=2392,2347,1154,1185 app=2392,2347,1154,1185 abs=nil,nil,nil,nil ebrake=1.00 ibrake=1.00 hasABS=0 sy=10.68 split=1.000,0.875 ===
368.96187|I|libbeamng.print:18052| === LSTM_OBS t=100 21.31114,11.65299,19.72391,21.28685,-0.04729,10.67817,-9.64054,-0.02219,0.00000,0.00000,0.00357,1.00000,0.00000,0.00230,-0.01737,5938.40690,0.25000 ===
369.00919|I|libbeamng.print:18052| === LSTM_TRACE t=110 v=21.97 ws=21.01,10.89,19.38,20.74 cmd=0.682,0.676,0.662,0.673 cap=1813,1817,1310,1335 des=1813,1817,1146,1168 app=1813,1817,1146,1168 abs=nil,nil,nil,nil ebrake=1.00 ibrake=1.00 hasABS=0 sy=10.77 split=1.000,0.875 ===
369.00923|I|libbeamng.print:18052| === LSTM_OBS t=110 21.00975,10.89301,19.38498,20.74422,-0.02863,10.76697,-9.61809,-0.02172,0.00000,0.00000,0.00244,1.00000,0.00000,0.00192,-0.01673,5788.69070,0.25000 ===
369.05940|I|libbeamng.print:18052| === LSTM_TRACE t=120 v=21.44 ws=20.48,10.12,18.83,20.26 cmd=0.629,0.620,0.665,0.678 cap=1944,1915,1301,1329 des=1944,1915,1138,1163 app=1944,1915,1138,1163 abs=nil,nil,nil,nil ebrake=1.00 ibrake=1.00 hasABS=0 sy=10.79 split=1.000,0.875 ===
369.05945|I|libbeamng.print:18052| === LSTM_OBS t=120 20.48385,10.12276,18.82757,20.26176,0.02060,10.79128,-9.61088,-0.03229,0.00000,0.00000,0.00274,1.00000,0.00000,0.00150,-0.01621,5647.11885,0.25000 ===
369.10980|I|libbeamng.print:18052| === LSTM_TRACE t=130 v=20.89 ws=19.91,9.76,18.63,19.54 cmd=0.598,0.592,0.670,0.681 cap=1874,1851,1284,1305 des=1874,1851,1123,1142 app=1874,1851,1123,1142 abs=nil,nil,nil,nil ebrake=1.00 ibrake=1.00 hasABS=0 sy=10.80 split=1.000,0.875 ===
369.10985|I|libbeamng.print:18052| === LSTM_OBS t=130 19.90555,9.75695,18.62747,19.54034,0.06581,10.80278,-9.60334,-0.02320,0.00000,0.00000,0.00226,1.00000,0.00000,0.00104,-0.01594,5512.29234,0.25000 ===
369.15927|I|libbeamng.print:18052| === LSTM_TRACE t=140 v=20.35 ws=19.34,9.67,18.33,18.95 cmd=0.589,0.577,0.655,0.665 cap=1919,1882,1310,1332 des=1919,1882,1146,1165 app=1919,1882,1146,1165 abs=nil,nil,nil,nil ebrake=1.00 ibrake=1.00 hasABS=0 sy=10.79 split=1.000,0.875 ===
369.15933|I|libbeamng.print:18052| === LSTM_OBS t=140 19.33861,9.66609,18.32638,18.94839,0.12187,10.78670,-9.64408,-0.01436,0.00000,0.00000,0.00322,1.00000,0.00000,0.00070,-0.01567,5382.54840,0.25000 ===
369.20975|I|libbeamng.print:18052| === LSTM_TRACE t=150 v=19.82 ws=18.78,9.66,18.08,18.24 cmd=0.544,0.534,0.659,0.665 cap=2025,1960,1292,1311 des=2025,1960,1131,1147 app=2025,1960,1131,1147 abs=nil,nil,nil,nil ebrake=1.00 ibrake=1.00 hasABS=0 sy=10.80 split=1.000,0.875 ===
369.20979|I|libbeamng.print:18052| === LSTM_OBS t=150 18.77840,9.66433,18.08278,18.23509,0.18302,10.80360,-9.63799,-0.01940,0.00000,0.00000,0.00274,1.00000,0.00000,0.00032,-0.01557,5256.11320,0.25000 ===
369.25878|I|libbeamng.print:18052| === LSTM_TRACE t=160 v=19.27 ws=18.40,10.02,17.88,17.71 cmd=0.650,0.626,0.669,0.675 cap=1662,1615,1263,1266 des=1662,1615,1105,1108 app=1664,1615,1105,1108 abs=nil,nil,nil,nil ebrake=1.00 ibrake=1.00 hasABS=0 sy=10.83 split=1.000,0.875 ===
369.25883|I|libbeamng.print:18052| === LSTM_OBS t=160 18.40196,10.01829,17.87573,17.71417,0.23651,10.82669,-9.66928,0.00288,0.00000,0.00000,0.00283,1.00000,0.00000,0.00012,-0.01550,5130.18783,0.25000 ===
369.30964|I|libbeamng.print:18052| === LSTM_TRACE t=170 v=18.72 ws=17.73,10.48,17.48,17.09 cmd=0.579,0.550,0.657,0.660 cap=1944,1842,1252,1254 des=1944,1842,1095,1097 app=1944,1842,1095,1097 abs=nil,nil,nil,nil ebrake=1.00 ibrake=1.00 hasABS=0 sy=10.84 split=1.000,0.875 ===
369.30970|I|libbeamng.print:18052| === LSTM_OBS t=170 17.73113,10.48364,17.48360,17.09150,0.28172,10.84230,-9.68815,0.01193,0.00000,0.00000,0.00244,1.00000,0.00000,-0.00001,-0.01547,5001.87031,0.25000 ===
369.35923|I|libbeamng.print:18052| === LSTM_TRACE t=180 v=18.17 ws=17.25,11.36,17.08,16.69 cmd=0.737,0.694,0.617,0.614 cap=1907,1804,1234,1235 des=1907,1804,1079,1081 app=1907,1804,1079,1081 abs=nil,nil,nil,nil ebrake=1.00 ibrake=1.00 hasABS=0 sy=10.88 split=1.000,0.875 ===
369.35929|I|libbeamng.print:18052| === LSTM_OBS t=180 17.25362,11.36471,17.08253,16.68585,0.31076,10.87659,-9.69701,0.00375,0.00000,0.00000,0.00265,1.00000,0.00000,0.00002,-0.01556,4873.79826,0.25000 ===
369.40929|I|libbeamng.print:18052| === LSTM_TRACE t=190 v=17.61 ws=16.86,12.43,16.54,16.35 cmd=0.864,0.816,0.596,0.598 cap=2600,2471,1154,1151 des=2600,2471,1009,1007 app=2043,1881,1009,1007 abs=nil,nil,nil,nil ebrake=1.00 ibrake=1.00 hasABS=0 sy=10.98 split=1.000,0.875 ===
369.40934|I|libbeamng.print:18052| === LSTM_OBS t=190 16.86142,12.42838,16.53614,16.35391,0.31279,10.97539,-9.68049,0.00163,0.00000,0.00000,0.00398,1.00000,0.00000,0.00022,-0.01578,4757.12555,0.25000 ===
369.45908|I|libbeamng.print:18052| === LSTM_TRACE t=200 v=17.04 ws=15.55,13.94,15.97,16.38 cmd=0.697,0.663,0.534,0.535 cap=1704,1584,1119,1149 des=1704,1584,979,1005 app=1989,1830,979,1005 abs=nil,nil,nil,nil ebrake=1.00 ibrake=1.00 hasABS=0 sy=11.09 split=1.000,0.875 ===
369.45913|I|libbeamng.print:18052| === LSTM_OBS t=200 15.55356,13.94152,15.97408,16.38387,0.26047,11.08663,-9.70367,0.00847,0.00000,0.00000,0.00249,1.00000,0.00000,0.00066,-0.01620,4652.28654,0.25000 ===
369.50949|I|libbeamng.print:18052| === LSTM_TRACE t=210 v=16.47 ws=14.92,15.41,15.98,15.70 cmd=0.524,0.512,0.513,0.527 cap=2519,2419,1012,1026 des=2519,2419,886,898 app=2519,2419,886,898 abs=nil,nil,nil,nil ebrake=1.00 ibrake=1.00 hasABS=0 sy=11.22 split=1.000,0.875 ===
369.50954|I|libbeamng.print:18052| === LSTM_OBS t=210 14.92332,15.41251,15.97968,15.70118,0.20252,11.22165,-9.71104,0.00232,0.00000,0.00000,0.00381,1.00000,0.00000,0.00100,-0.01688,4555.95815,0.25000 ===
369.55878|I|libbeamng.print:18052| === LSTM_TRACE t=220 v=15.90 ws=14.78,15.20,15.00,14.74 cmd=0.773,0.764,0.423,0.423 cap=1608,1632,837,864 des=1608,1632,732,756 app=1744,1654,732,756 abs=nil,nil,nil,nil ebrake=1.00 ibrake=1.00 hasABS=0 sy=11.22 split=1.000,0.875 ===
369.55883|I|libbeamng.print:18052| === LSTM_OBS t=220 14.78498,15.19733,15.00120,14.73521,0.15486,11.22163,-9.71478,0.00693,0.00000,0.00000,0.00146,1.00000,0.00000,0.00094,-0.01738,4501.95948,0.25000 ===
369.60948|I|libbeamng.print:18052| === LSTM_TRACE t=230 v=15.36 ws=14.18,14.48,14.05,13.65 cmd=0.500,0.509,0.375,0.392 cap=2479,2428,758,772 des=2479,2428,663,675 app=2479,2428,663,675 abs=nil,nil,nil,nil ebrake=1.00 ibrake=1.00 hasABS=0 sy=11.22 split=1.000,0.875 ===
369.60953|I|libbeamng.print:18052| === LSTM_OBS t=230 14.17863,14.48369,14.05498,13.64878,0.11766,11.21621,-9.67766,0.00767,0.00000,0.00000,0.00350,1.00000,0.00000,0.00072,-0.01787,4534.53423,0.25000 ===
369.65884|I|libbeamng.print:18052| === LSTM_TRACE t=240 v=14.77 ws=13.71,13.91,13.59,12.85 cmd=0.772,0.776,0.308,0.299 cap=1335,1443,586,603 des=1335,1443,512,527 app=1704,1702,512,527 abs=nil,nil,nil,nil ebrake=1.00 ibrake=1.00 hasABS=0 sy=11.25 split=1.000,0.875 ===
369.65888|I|libbeamng.print:18052| === LSTM_OBS t=240 13.71426,13.90576,13.59142,12.84768,0.07293,11.25251,-9.64971,0.00983,0.00000,0.00000,0.00142,1.00000,0.00000,0.00056,-0.01868,4609.16418,0.25000 ===
369.70922|I|libbeamng.print:18052| === LSTM_TRACE t=250 v=14.22 ws=13.40,13.53,13.13,12.03 cmd=0.545,0.554,0.317,0.332 cap=2668,2620,634,640 des=2668,2620,555,560 app=2479,2477,555,560 abs=nil,nil,nil,nil ebrake=1.00 ibrake=1.00 hasABS=0 sy=11.28 split=1.000,0.875 ===
369.70926|I|libbeamng.print:18052| === LSTM_OBS t=250 13.40471,13.53120,13.13428,12.02834,0.06018,11.28062,-9.63692,0.01173,0.00000,0.00000,0.00375,1.00000,0.00000,0.00061,-0.01965,4694.75008,0.25000 ===
369.75927|I|libbeamng.print:18052| === LSTM_TRACE t=260 v=13.63 ws=13.00,13.09,12.81,11.59 cmd=0.835,0.832,0.278,0.277 cap=1611,1723,518,533 des=1611,1723,454,466 app=1704,1723,454,466 abs=nil,nil,nil,nil ebrake=1.00 ibrake=1.00 hasABS=0 sy=11.29 split=1.000,0.875 ===
369.75932|I|libbeamng.print:18052| === LSTM_OBS t=260 12.99974,13.08791,12.81198,11.59093,0.02197,11.29257,-9.65318,0.01644,0.00000,0.00000,0.00176,1.00000,0.00000,0.00058,-0.02089,4771.56098,0.25000 ===
369.80969|I|libbeamng.print:18052| === LSTM_TRACE t=270 v=13.10 ws=12.31,12.41,11.98,10.71 cmd=0.533,0.545,0.288,0.309 cap=2581,2539,578,596 des=2581,2539,506,521 app=2479,2498,506,521 abs=nil,nil,nil,nil ebrake=1.00 ibrake=1.00 hasABS=0 sy=11.24 split=1.000,0.875 ===
369.80976|I|libbeamng.print:18052| === LSTM_OBS t=270 12.31451,12.41137,11.98216,10.70574,-0.01251,11.24473,-9.63958,0.01318,0.00000,0.00000,0.00411,1.00000,0.00000,0.00086,-0.02174,4834.87941,0.25000 ===
369.85904|I|libbeamng.print:18052| === LSTM_TRACE t=280 v=12.52 ws=11.80,11.95,11.93,10.86 cmd=0.777,0.785,0.261,0.263 cap=1416,1522,499,529 des=1416,1522,437,463 app=1704,1723,437,463 abs=nil,nil,nil,nil ebrake=1.00 ibrake=1.00 hasABS=0 sy=11.22 split=1.000,0.875 ===
369.85908|I|libbeamng.print:18052| === LSTM_OBS t=280 11.79818,11.95392,11.93203,10.85621,-0.03060,11.22260,-9.62797,0.00773,0.00000,0.00000,0.00091,1.00000,0.00000,0.00107,-0.02267,4861.38009,0.25000 ===
369.90922|I|libbeamng.print:18052| === LSTM_TRACE t=290 v=12.00 ws=11.30,11.55,11.41,11.32 cmd=0.524,0.536,0.295,0.318 cap=2545,2486,586,624 des=2545,2486,513,546 app=2426,2389,513,546 abs=nil,nil,nil,nil ebrake=1.00 ibrake=1.00 hasABS=0 sy=11.16 split=1.000,0.875 ===
369.90927|I|libbeamng.print:18052| === LSTM_OBS t=290 11.29716,11.54962,11.41210,11.31924,-0.05699,11.15987,-9.58774,0.00146,0.00000,0.00000,0.00285,1.00000,0.00000,0.00147,-0.02316,4859.94528,0.25000 ===
369.95910|I|libbeamng.print:18052| === LSTM_TRACE t=300 v=11.47 ws=10.75,11.02,11.29,11.30 cmd=0.642,0.662,0.288,0.289 cap=1276,1355,561,604 des=1276,1355,491,528 app=1602,1555,491,528 abs=nil,nil,nil,nil ebrake=1.00 ibrake=1.00 hasABS=0 sy=11.00 split=1.000,0.875 ===
369.95914|I|libbeamng.print:18052| === LSTM_OBS t=300 10.74745,11.02422,11.29388,11.30127,-0.10259,11.00462,-9.60210,0.00066,0.00000,0.00000,0.00146,1.00000,0.00000,0.00163,-0.02377,4836.16878,0.25000 ===
370.00957|I|libbeamng.print:18052| === LSTM_TRACE t=310 v=11.04 ws=10.50,10.56,10.86,10.93 cmd=0.524,0.503,0.361,0.393 cap=2414,2353,685,710 des=2414,2353,600,621 app=2336,2297,600,621 abs=nil,nil,nil,nil ebrake=1.00 ibrake=1.00 hasABS=0 sy=10.54 split=1.000,0.875 ===
370.00961|I|libbeamng.print:18052| === LSTM_OBS t=310 10.49860,10.55846,10.86085,10.92717,-0.12662,10.54050,-9.59668,0.00156,0.00000,0.00000,0.00389,1.00000,0.00000,0.00192,-0.02361,4746.08237,0.25000 ===
370.05948|I|libbeamng.print:18052| === LSTM_TRACE t=320 v=10.60 ws=9.96,10.22,10.56,10.60 cmd=0.626,0.639,0.374,0.378 cap=1157,1194,734,782 des=1157,1194,642,684 app=1527,1499,642,684 abs=nil,nil,nil,nil ebrake=1.00 ibrake=1.00 hasABS=0 sy=9.97 split=1.000,0.875 ===
370.05952|I|libbeamng.print:18052| === LSTM_OBS t=320 9.95863,10.22144,10.55936,10.59888,-0.09831,9.97087,-9.60669,0.00162,0.00000,0.00000,0.00000,1.00000,0.00000,0.00168,-0.02295,4591.64097,0.25000 ===
370.10904|I|libbeamng.print:18052| === LSTM_TRACE t=330 v=10.22 ws=9.59,9.74,9.98,10.07 cmd=0.435,0.427,0.447,0.480 cap=2200,2144,861,899 des=2200,2144,753,786 app=2200,2144,753,786 abs=nil,nil,nil,nil ebrake=1.00 ibrake=1.00 hasABS=0 sy=9.47 split=1.000,0.875 ===
370.10908|I|libbeamng.print:18052| === LSTM_OBS t=330 9.58754,9.73547,9.97996,10.06802,-0.08279,9.46679,-9.55238,-0.00504,0.00000,0.00000,0.00204,1.00000,0.00000,0.00156,-0.02188,4407.35500,0.25000 ===
370.15896|I|libbeamng.print:18052| === LSTM_TRACE t=340 v=9.77 ws=9.25,9.50,9.73,9.77 cmd=0.677,0.670,0.431,0.449 cap=1160,1203,822,876 des=1160,1203,719,767 app=1398,1359,719,767 abs=nil,nil,nil,nil ebrake=1.00 ibrake=1.00 hasABS=0 sy=9.13 split=1.000,0.875 ===
370.15900|I|libbeamng.print:18052| === LSTM_OBS t=340 9.25400,9.50390,9.73292,9.76549,-0.05702,9.13221,-9.50473,0.00465,0.00000,0.00000,0.00289,1.00000,0.00000,0.00146,-0.02084,4222.71401,0.25000 ===
370.20970|I|libbeamng.print:18052| === LSTM_TRACE t=350 v=9.38 ws=8.81,8.94,9.29,9.23 cmd=0.461,0.446,0.470,0.516 cap=2417,2346,882,927 des=2417,2346,772,811 app=2173,2134,772,811 abs=nil,nil,nil,nil ebrake=1.00 ibrake=1.00 hasABS=0 sy=8.88 split=1.000,0.875 ===
370.20978|I|libbeamng.print:18052| === LSTM_OBS t=350 8.81444,8.94228,9.28645,9.22586,-0.04749,8.87565,-9.46563,-0.00019,0.00000,0.00000,0.00424,1.00000,0.00000,0.00161,-0.01973,4045.47711,0.25000 ===
370.25901|I|libbeamng.print:18052| === LSTM_TRACE t=360 v=8.94 ws=8.51,8.62,8.86,8.84 cmd=0.627,0.640,0.434,0.447 cap=1004,1094,831,883 des=1004,1094,727,772 app=1375,1346,727,772 abs=nil,nil,nil,nil ebrake=1.00 ibrake=1.00 hasABS=0 sy=8.72 split=1.000,0.875 ===
370.25906|I|libbeamng.print:18052| === LSTM_OBS t=360 8.50919,8.62054,8.86132,8.84425,-0.02422,8.71937,-9.49757,0.00088,0.00000,0.00000,0.00216,1.00000,0.00000,0.00151,-0.01898,3870.48989,0.25000 ===
370.31012|I|libbeamng.print:18052| === LSTM_TRACE t=370 v=8.56 ws=8.07,8.30,8.25,8.33 cmd=0.500,0.503,0.473,0.507 cap=2221,2209,894,927 des=2221,2209,782,811 app=2150,2121,782,811 abs=nil,nil,nil,nil ebrake=1.00 ibrake=1.00 hasABS=0 sy=8.57 split=1.000,0.875 ===
370.31017|I|libbeamng.print:18052| === LSTM_OBS t=370 8.07140,8.29958,8.25007,8.33443,-0.01870,8.56938,-9.54145,-0.00044,0.00000,0.00000,0.00278,1.00000,0.00000,0.00157,-0.01821,3695.84550,0.25000 ===
370.35963|I|libbeamng.print:18052| === LSTM_TRACE t=380 v=8.12 ws=7.81,7.76,8.23,8.03 cmd=0.578,0.613,0.442,0.444 cap=1169,1255,881,934 des=1169,1255,771,817 app=1375,1346,771,817 abs=nil,nil,nil,nil ebrake=1.00 ibrake=1.00 hasABS=0 sy=8.49 split=1.000,0.875 ===
370.35967|I|libbeamng.print:18052| === LSTM_OBS t=380 7.81390,7.75939,8.22868,8.03349,-0.00241,8.49112,-9.59659,-0.00038,0.00000,0.00000,0.00000,1.00000,0.00000,0.00152,-0.01763,3521.12666,0.25000 ===
370.41036|I|libbeamng.print:18052| === LSTM_TRACE t=390 v=7.72 ws=7.30,7.37,7.73,7.63 cmd=0.417,0.432,0.508,0.543 cap=2407,2409,936,938 des=2407,2409,819,821 app=2150,2121,819,821 abs=nil,nil,nil,nil ebrake=1.00 ibrake=1.00 hasABS=0 sy=8.43 split=1.000,0.875 ===
370.41044|I|libbeamng.print:18052| === LSTM_OBS t=390 7.29691,7.37132,7.73064,7.63207,0.01646,8.43199,-9.60853,0.00611,0.00000,0.00000,0.00318,1.00000,0.00000,0.00152,-0.01709,3346.50539,0.25000 ===
370.45927|I|libbeamng.print:18052| === LSTM_TRACE t=400 v=7.29 ws=6.86,7.16,7.17,7.23 cmd=0.658,0.684,0.479,0.472 cap=1065,1208,925,947 des=1065,1208,809,829 app=1375,1346,809,829 abs=nil,nil,nil,nil ebrake=1.00 ibrake=1.00 hasABS=0 sy=8.41 split=1.000,0.875 ===
370.45933|I|libbeamng.print:18052| === LSTM_OBS t=400 6.85878,7.15868,7.17049,7.23399,0.00726,8.40734,-9.63668,0.00771,0.00000,0.00000,0.00204,1.00000,0.00000,0.00138,-0.01661,3169.76210,0.25000 ===
370.50933|I|libbeamng.print:18052| === LSTM_TRACE t=410 v=6.89 ws=6.54,6.54,6.55,6.61 cmd=0.491,0.520,0.521,0.536 cap=2249,2276,994,996 des=2249,2276,870,872 app=2150,2152,870,872 abs=nil,nil,nil,nil ebrake=1.00 ibrake=1.00 hasABS=0 sy=8.40 split=1.000,0.875 ===
370.50937|I|libbeamng.print:18052| === LSTM_OBS t=410 6.54115,6.54123,6.55313,6.61229,-0.04527,8.40096,-9.64757,-0.00147,0.00000,0.00000,0.00239,1.00000,0.00000,0.00177,-0.01602,2989.83624,0.25000 ===
370.55998|I|libbeamng.print:18052| === LSTM_TRACE t=420 v=6.44 ws=6.01,6.37,6.56,6.53 cmd=0.686,0.706,0.501,0.494 cap=1188,1327,980,992 des=1188,1327,858,868 app=1375,1377,858,868 abs=nil,nil,nil,nil ebrake=1.00 ibrake=1.00 hasABS=0 sy=8.43 split=1.000,0.875 ===
370.56003|I|libbeamng.print:18052| === LSTM_OBS t=420 6.01283,6.37218,6.55953,6.53013,-0.01778,8.43131,-9.64714,0.00684,0.00000,0.00000,0.00326,1.00000,0.00000,0.00155,-0.01562,2815.73626,0.25000 ===
370.60973|I|libbeamng.print:18052| === LSTM_TRACE t=430 v=6.03 ws=5.59,5.59,5.71,5.88 cmd=0.434,0.467,0.544,0.549 cap=2513,2497,1040,1037 des=2513,2497,910,907 app=2150,2173,910,907 abs=nil,nil,nil,nil ebrake=1.00 ibrake=1.00 hasABS=0 sy=8.46 split=1.000,0.875 ===
370.60977|I|libbeamng.print:18052| === LSTM_OBS t=430 5.59305,5.59385,5.70871,5.87850,-0.03507,8.45812,-9.65668,0.00441,0.00000,0.00000,0.00183,1.00000,0.00000,0.00143,-0.01514,2640.79962,0.25000 ===
370.65984|I|libbeamng.print:18052| === LSTM_TRACE t=440 v=5.58 ws=5.37,5.25,5.48,5.53 cmd=0.718,0.742,0.517,0.492 cap=736,906,1004,987 des=736,906,879,864 app=1375,1398,879,864 abs=nil,nil,nil,nil ebrake=1.00 ibrake=1.00 hasABS=0 sy=8.48 split=1.000,0.875 ===
370.65988|I|libbeamng.print:18052| === LSTM_OBS t=440 5.37314,5.24923,5.48219,5.52641,-0.02622,8.48000,-9.71017,0.00436,0.00000,0.00000,0.00338,1.00000,0.00000,0.00105,-0.01469,2460.86617,0.25000 ===
370.70942|I|libbeamng.print:18052| === LSTM_TRACE t=450 v=5.16 ws=5.31,4.91,5.10,5.08 cmd=0.706,0.725,0.560,0.534 cap=2259,2336,1021,936 des=2259,2336,893,819 app=1948,2104,893,819 abs=nil,nil,nil,nil ebrake=1.00 ibrake=1.00 hasABS=0 sy=8.51 split=1.000,0.875 ===
370.70946|I|libbeamng.print:18052| === LSTM_OBS t=450 5.31494,4.90597,5.10437,5.08450,-0.00226,8.51286,-9.75198,-0.00256,0.00000,0.00000,0.00000,1.00000,0.00000,0.00108,-0.01435,2276.55622,0.25000 ===
370.75976|I|libbeamng.print:18052| === LSTM_TRACE t=460 v=4.72 ws=4.04,3.98,4.49,4.49 cmd=0.346,0.389,0.549,0.529 cap=1783,1805,1126,1117 des=1783,1805,985,977 app=1881,1969,985,977 abs=nil,nil,nil,nil ebrake=1.00 ibrake=1.00 hasABS=0 sy=8.61 split=1.000,0.875 ===
370.75980|I|libbeamng.print:18052| === LSTM_OBS t=460 4.03597,3.98380,4.49321,4.48959,0.03684,8.60519,-9.79296,0.00153,0.00000,0.00000,0.00162,1.00000,0.00000,0.00064,-0.01413,2091.15171,0.25000 ===
370.81112|I|libbeamng.print:18052| === LSTM_TRACE t=470 v=4.25 ws=3.78,4.09,4.01,4.04 cmd=0.799,0.791,0.568,0.543 cap=1756,1792,1104,1069 des=1756,1792,966,935 app=1756,1792,966,935 abs=nil,nil,nil,nil ebrake=1.00 ibrake=1.00 hasABS=0 sy=8.73 split=1.000,0.875 ===
370.81116|I|libbeamng.print:18052| === LSTM_OBS t=470 3.77747,4.08620,4.00523,4.03881,0.01012,8.73498,-9.79092,0.00387,0.00000,0.00000,0.00559,1.00000,0.00000,0.00082,-0.01416,1901.47064,0.25000 ===
370.85961|I|libbeamng.print:18052| === LSTM_TRACE t=480 v=3.79 ws=3.51,3.19,3.88,3.87 cmd=0.526,0.565,0.600,0.551 cap=2264,2323,1151,1043 des=2264,2323,1007,913 app=2264,2323,1007,913 abs=nil,nil,nil,nil ebrake=1.00 ibrake=1.00 hasABS=0 sy=8.89 split=1.000,0.875 ===
370.85966|I|libbeamng.print:18052| === LSTM_OBS t=480 3.50574,3.18810,3.87724,3.86618,0.01666,8.89268,-9.77400,0.00622,0.00000,0.00000,0.00000,1.00000,0.00000,0.00069,-0.01429,1713.82856,0.25000 ===
370.90964|I|libbeamng.print:18052| === LSTM_TRACE t=490 v=3.34 ws=2.83,2.60,3.03,3.07 cmd=0.472,0.505,0.598,0.561 cap=1757,1797,1190,1129 des=1757,1797,1041,988 app=1863,2035,1041,988 abs=nil,nil,nil,nil ebrake=1.00 ibrake=1.00 hasABS=0 sy=8.98 split=1.000,0.875 ===
370.90968|I|libbeamng.print:18052| === LSTM_OBS t=490 2.83207,2.59769,3.02996,3.07210,0.01515,8.97582,-9.72743,0.00191,0.00000,0.00000,0.00345,1.00000,0.00000,0.00063,-0.01458,1527.59817,0.25000 ===
370.95950|I|libbeamng.print:18052| === LSTM_TRACE t=500 v=2.86 ws=2.42,2.58,2.82,2.78 cmd=0.767,0.770,0.612,0.559 cap=1783,1856,1182,1095 des=1783,1856,1034,958 app=1783,1856,1034,958 abs=nil,nil,nil,nil ebrake=1.00 ibrake=1.00 hasABS=0 sy=9.05 split=1.000,0.875 ===
370.95955|I|libbeamng.print:18052| === LSTM_OBS t=500 2.41592,2.58328,2.81618,2.77787,-0.00286,9.04757,-9.72343,0.00062,0.00000,0.00000,0.00315,1.00000,0.00000,0.00080,-0.01483,1337.07181,0.25000 ===
371.00937|I|libbeamng.print:18052| === LSTM_TRACE t=510 v=2.38 ws=2.11,1.34,2.37,2.39 cmd=0.476,0.518,0.640,0.586 cap=1544,1682,1219,1095 des=1544,1682,1067,958 app=2069,2089,1067,958 abs=nil,nil,nil,nil ebrake=1.00 ibrake=1.00 hasABS=0 sy=9.19 split=1.000,0.875 ===
371.00941|I|libbeamng.print:18052| === LSTM_OBS t=510 2.11002,1.33866,2.37336,2.38756,-0.00602,9.19486,-9.67248,0.00035,0.00000,0.00000,0.00270,1.00000,0.00000,0.00069,-0.01517,1143.17585,0.25000 ===
371.05954|I|libbeamng.print:18052| === LSTM_TRACE t=520 v=1.89 ws=1.18,0.75,1.18,1.45 cmd=0.789,0.815,0.681,0.600 cap=2100,2250,1312,1155 des=2100,2250,1148,1011 app=2100,2176,1148,1011 abs=nil,nil,nil,nil ebrake=1.00 ibrake=1.00 hasABS=0 sy=9.39 split=1.000,0.875 ===
371.05958|I|libbeamng.print:18052| === LSTM_OBS t=520 1.17797,0.74567,1.17836,1.45492,-0.04051,9.39365,-9.61939,0.00320,0.00000,0.00000,0.00134,1.00000,0.00000,0.00090,-0.01558,956.71146,0.25000 ===
371.10941|I|libbeamng.print:18052| === LSTM_TRACE t=530 v=1.35 ws=0.06,0.06,0.95,1.05 cmd=0.727,0.788,0.716,0.665 cap=2126,2328,1363,1263 des=2126,2328,1193,1105 app=2126,2328,1193,1105 abs=nil,ni
