 33.33309|I|libbeamng.print:18052| === LSTM_ABS: lens 'band_g_mix_lock_sy' loaded (1 member, 17 in, 64 hidden, 2 layers) ===
 33.33517|I|libbeamng.print:18052| === LSTM_ABS SELFTEST lens=band_g_mix_lock_sy cmd=0.956085,0.957974,0.339686,0.366768 ===
 46.67017|I|libbeamng.print:18052| === LSTM_ABS: lens 'band_g_mix_lock_sy_s1' loaded (1 member, 17 in, 64 hidden, 2 layers) ===
 46.67189|I|libbeamng.print:18052| === LSTM_ABS SELFTEST lens=band_g_mix_lock_sy_s1 cmd=0.876337,0.831327,0.255891,0.458713 ===
 56.11534|I|libbeamng.print:18052| === LSTM_TRACE t=0 v=27.71 ws=27.69,27.82,27.38,27.45 cmd=0.931,0.922,0.585,0.553 cap=155,155,97,97 des=155,155,85,85 app=142,142,78,78 abs=nil,nil,nil,nil ebrake=1.00 ibrake=1.00 hasABS=0 sy=1.57 split=1.000,0.875 ===
 56.11546|I|libbeamng.print:18052| === LSTM_OBS t=0 27.68652,27.81953,27.38128,27.45038,-0.03113,1.56698,-9.77358,-0.00250,0.00000,0.00000,0.00049,1.00000,0.00000,0.00098,-0.00906,7858.61376,0.25000 ===
 56.17774|I|libbeamng.print:18052| === LSTM_TRACE t=10 v=27.45 ws=27.06,26.96,26.89,26.96 cmd=0.370,0.448,0.431,0.510 cap=1072,1280,763,910 des=1072,1280,667,796 app=989,1182,616,735 abs=nil,nil,nil,nil ebrake=1.00 ibrake=1.00 hasABS=0 sy=2.17 split=1.000,0.875 ===
 56.17778|I|libbeamng.print:18052| === LSTM_OBS t=10 27.06217,26.95511,26.89500,26.95639,-0.03637,2.16919,-9.75008,-0.00628,0.00000,0.00000,0.00091,1.00000,0.00000,0.00094,-0.00996,7780.72018,0.25000 ===
 56.19386|I|libbeamng.print:18052| === LSTM_ABS DBG raw=26.4368,26.3034,26.5755,26.5202,-0.0280,2.5292,-9.7296,-0.0064,0.0000,0.0000,0.0013,1.0000,0.0000,0.0010,-0.0107,7730.0398,0.2500 ===
 56.19393|I|libbeamng.print:18052| === LSTM_ABS DBG norm=0.56,0.49,0.53,0.50,-0.18,-2.12,0.00,-0.02,0.06,-0.06,-0.07,0.59,-0.02,0.00,0.00,3.83,0.00 ===
 56.19393|I|libbeamng.print:18052| === LSTM_ABS DBG cmd=0.5189,0.6094,0.6155,0.6931 ===
 56.22266|I|libbeamng.print:18052| === LSTM_TRACE t=20 v=27.06 ws=25.10,25.04,26.09,25.96 cmd=0.750,0.792,0.750,0.794 cap=2254,2402,1444,1539 des=2254,2402,1263,1347 app=2103,2247,1181,1262 abs=nil,nil,nil,nil ebrake=1.00 ibrake=1.00 hasABS=0 sy=3.42 split=1.000,0.875 ===
 56.22271|I|libbeamng.print:18052| === LSTM_OBS t=20 25.10094,25.03934,26.09101,25.95772,-0.01578,3.42087,-9.67903,-0.01047,0.00000,0.00000,0.00210,1.00000,0.00000,0.00123,-0.01202,7592.34240,0.25000 ===
 56.26927|I|libbeamng.print:18052| === LSTM_TRACE t=30 v=26.51 ws=24.20,23.93,25.14,25.08 cmd=0.778,0.801,0.725,0.749 cap=2411,2483,1415,1462 des=2411,2483,1238,1279 app=2280,2354,1172,1213 abs=nil,nil,nil,nil ebrake=1.00 ibrake=1.00 hasABS=0 sy=5.09 split=1.000,0.875 ===
 56.26933|I|libbeamng.print:18052| === LSTM_OBS t=30 24.20254,23.93476,25.13657,25.08461,-0.00789,5.09231,-9.53050,0.00371,0.00000,0.00000,0.00221,1.00000,0.00000,0.00140,-0.01471,7340.05039,0.25000 ===
 56.31778|I|libbeamng.print:18052| === LSTM_TRACE t=40 v=25.93 ws=23.28,23.37,24.39,24.27 cmd=0.810,0.823,0.736,0.760 cap=2511,2555,1412,1457 des=2511,2555,1235,1275 app=2401,2449,1181,1221 abs=nil,nil,nil,nil ebrake=1.00 ibrake=1.00 hasABS=0 sy=6.85 split=1.000,0.875 ===
 56.31782|I|libbeamng.print:18052| === LSTM_OBS t=40 23.27518,23.37037,24.39353,24.26560,-0.06315,6.85323,-9.52958,-0.01799,0.00000,0.00000,0.00315,1.00000,0.00000,0.00144,-0.01690,7080.85255,0.25000 ===
 56.36412|I|libbeamng.print:18052| === LSTM_TRACE t=50 v=25.32 ws=22.25,22.21,23.73,23.56 cmd=0.830,0.840,0.770,0.786 cap=2545,2579,1478,1510 des=2545,2579,1294,1321 app=2454,2491,1245,1274 abs=nil,nil,nil,nil ebrake=1.00 ibrake=1.00 hasABS=0 sy=8.26 split=1.000,0.875 ===
 56.36416|I|libbeamng.print:18052| === LSTM_OBS t=50 22.25215,22.21316,23.72654,23.55905,0.01258,8.26261,-9.59183,0.00097,0.00000,0.00000,0.00331,1.00000,0.00000,0.00110,-0.01856,6873.61975,0.25000 ===
 56.41434|I|libbeamng.print:18052| === LSTM_TRACE t=60 v=24.72 ws=21.16,20.90,22.98,22.62 cmd=0.856,0.861,0.791,0.801 cap=2566,2590,1514,1536 des=2566,2590,1325,1344 app=2491,2518,1283,1303 abs=nil,nil,nil,nil ebrake=1.00 ibrake=1.00 hasABS=0 sy=9.43 split=1.000,0.875 ===
 56.41439|I|libbeamng.print:18052| === LSTM_OBS t=60 21.16346,20.89691,22.98348,22.62260,0.06220,9.42738,-9.70495,-0.00629,0.00000,0.00000,0.00335,1.00000,0.00000,0.00084,-0.01957,6641.99473,0.25000 ===
 56.46366|I|libbeamng.print:18052| === LSTM_TRACE t=70 v=24.11 ws=19.51,19.15,22.24,21.62 cmd=0.783,0.793,0.809,0.817 cap=2516,2536,1572,1587 des=2516,2536,1376,1389 app=2454,2476,1339,1353 abs=nil,nil,nil,nil ebrake=1.00 ibrake=1.00 hasABS=0 sy=10.19 split=1.000,0.875 ===
 56.46371|I|libbeamng.print:18052| === LSTM_OBS t=70 19.51216,19.14583,22.24037,21.62202,0.06127,10.18928,-9.79315,0.01417,0.00000,0.00000,0.00335,1.00000,0.00000,0.00082,-0.01970,6401.39409,0.25000 ===
 56.51331|I|libbeamng.print:18052| === LSTM_TRACE t=80 v=23.55 ws=18.32,17.72,21.39,20.94 cmd=0.822,0.824,0.802,0.813 cap=2444,2467,1553,1572 des=2444,2467,1359,1375 app=2392,2416,1327,1345 abs=nil,nil,nil,nil ebrake=1.00 ibrake=1.00 hasABS=0 sy=10.63 split=1.000,0.875 ===
 56.51340|I|libbeamng.print:18052| === LSTM_OBS t=80 18.32047,17.71750,21.39397,20.93730,0.06862,10.63429,-9.77745,0.00173,0.00000,0.00000,0.00357,1.00000,0.00000,0.00105,-0.01918,6159.03271,0.25000 ===
 56.56287|I|libbeamng.print:18052| === LSTM_TRACE t=90 v=22.98 ws=17.27,16.24,20.53,20.02 cmd=0.740,0.744,0.788,0.807 cap=2569,2577,1602,1627 des=2569,2577,1402,1423 app=2422,2454,1374,1395 abs=nil,nil,nil,nil ebrake=1.00 ibrake=1.00 hasABS=0 sy=10.86 split=1.000,0.875 ===
 56.56291|I|libbeamng.print:18052| === LSTM_OBS t=90 17.27364,16.23763,20.52755,20.01662,0.02208,10.85872,-9.74393,0.00621,0.00000,0.00000,0.00381,1.00000,0.00000,0.00137,-0.01810,5923.76977,0.25000 ===
 56.60994|I|libbeamng.print:18052| === LSTM_TRACE t=100 v=22.40 ws=15.75,14.67,19.86,19.40 cmd=0.501,0.521,0.784,0.805 cap=1710,1752,1516,1566 des=1710,1752,1326,1370 app=2012,2007,1302,1345 abs=nil,nil,nil,nil ebrake=1.00 ibrake=1.00 hasABS=0 sy=11.00 split=1.000,0.875 ===
 56.61001|I|libbeamng.print:18052| === LSTM_OBS t=100 15.75161,14.67412,19.86325,19.40367,0.02175,10.99790,-9.68764,0.00485,0.00000,0.00000,0.00146,1.00000,0.00000,0.00172,-0.01689,5719.67198,0.25000 ===
 56.66038|I|libbeamng.print:18052| === LSTM_TRACE t=110 v=21.85 ws=15.80,14.23,19.14,18.55 cmd=0.822,0.819,0.815,0.839 cap=2453,2467,1593,1638 des=2453,2467,1394,1434 app=2093,2159,1371,1410 abs=nil,nil,nil,nil ebrake=1.00 ibrake=1.00 hasABS=0 sy=11.08 split=1.000,0.875 ===
 56.66050|I|libbeamng.print:18052| === LSTM_OBS t=110 15.80234,14.22528,19.14266,18.55253,0.01682,11.08185,-9.61980,0.00048,0.00000,0.00000,0.00274,1.00000,0.00000,0.00181,-0.01592,5497.79771,0.25000 ===
 56.70921|I|libbeamng.print:18052| === LSTM_TRACE t=120 v=21.29 ws=14.46,13.08,18.37,17.77 cmd=0.617,0.630,0.795,0.825 cap=2392,2405,1574,1621 des=2392,2405,1377,1418 app=2356,2368,1357,1397 abs=nil,nil,nil,nil ebrake=1.00 ibrake=1.00 hasABS=0 sy=11.15 split=1.000,0.875 ===
 56.70931|I|libbeamng.print:18052| === LSTM_OBS t=120 14.46354,13.08479,18.37044,17.77022,0.00644,11.14749,-9.58212,0.00840,0.00000,0.00000,0.00305,1.00000,0.00000,0.00182,-0.01503,5277.14714,0.25000 ===
 56.75946|I|libbeamng.print:18052| === LSTM_TRACE t=130 v=20.72 ws=13.99,11.64,17.88,16.70 cmd=0.731,0.740,0.826,0.845 cap=1974,2023,1570,1615 des=1974,2023,1373,1413 app=1946,1993,1354,1394 abs=nil,nil,nil,nil ebrake=1.00 ibrake=1.00 hasABS=0 sy=11.18 split=1.000,0.875 ===
 56.75950|I|libbeamng.print:18052| === LSTM_OBS t=130 13.99091,11.63904,17.87946,16.70390,-0.03169,11.18189,-9.60280,0.00567,0.00000,0.00000,0.00274,1.00000,0.00000,0.00197,-0.01429,5056.15452,0.25000 ===
 56.80883|I|libbeamng.print:18052| === LSTM_TRACE t=140 v=20.16 ws=13.57,9.88,17.00,16.20 cmd=0.644,0.662,0.818,0.843 cap=2038,2088,1588,1636 des=2038,2088,1389,1432 app=2011,2058,1371,1413 abs=nil,nil,nil,nil ebrake=1.00 ibrake=1.00 hasABS=0 sy=11.16 split=1.000,0.875 ===
 56.80887|I|libbeamng.print:18052| === LSTM_OBS t=140 13.57019,9.87951,17.00210,16.20208,-0.04344,11.16180,-9.64804,0.01766,0.00000,0.00000,0.00305,1.00000,0.00000,0.00203,-0.01354,4833.54502,0.25000 ===
 56.86288|I|libbeamng.print:18052| === LSTM_TRACE t=150 v=19.62 ws=13.60,8.15,16.17,15.31 cmd=0.618,0.640,0.797,0.824 cap=2248,2292,1594,1637 des=2248,2292,1394,1433 app=2218,2258,1377,1415 abs=nil,nil,nil,nil ebrake=1.00 ibrake=1.00 hasABS=0 sy=11.13 split=1.000,0.875 ===
 56.86293|I|libbeamng.print:18052| === LSTM_OBS t=150 13.59959,8.14966,16.17478,15.30659,-0.05403,11.13327,-9.63750,0.02309,0.00000,0.00000,0.00254,1.00000,0.00000,0.00223,-0.01296,4609.53614,0.25000 ===
 56.91244|I|libbeamng.print:18052| === LSTM_TRACE t=160 v=19.07 ws=14.00,5.95,15.81,14.16 cmd=0.559,0.589,0.758,0.786 cap=2266,2308,1550,1600 des=2266,2308,1356,1400 app=2238,2273,1340,1383 abs=nil,nil,nil,nil ebrake=1.00 ibrake=1.00 hasABS=0 sy=11.09 split=1.000,0.875 ===
 56.91253|I|libbeamng.print:18052| === LSTM_OBS t=160 13.99567,5.95401,15.81235,14.15836,-0.08657,11.09473,-9.65581,0.02371,0.00000,0.00000,0.00331,1.00000,0.00000,0.00246,-0.01243,4395.88941,0.25000 ===
 56.96276|I|libbeamng.print:18052| === LSTM_TRACE t=170 v=18.50 ws=15.03,3.49,15.21,13.81 cmd=0.467,0.507,0.677,0.708 cap=1857,1933,1388,1464 des=1857,1933,1215,1281 app=2025,2037,1200,1266 abs=nil,nil,nil,nil ebrake=1.00 ibrake=1.00 hasABS=0 sy=11.12 split=1.000,0.875 ===
 56.96280|I|libbeamng.print:18052| === LSTM_OBS t=170 15.02521,3.48641,15.21399,13.80823,-0.10133,11.11526,-9.69584,0.02956,0.00000,0.00000,0.00221,1.00000,0.00000,0.00258,-0.01204,4202.73325,0.25000 ===
 57.01200|I|libbeamng.print:18052| === LSTM_TRACE t=180 v=17.93 ws=16.55,1.24,14.98,12.95 cmd=0.710,0.714,0.681,0.703 cap=1151,1267,1226,1270 des=1151,1267,1072,1111 app=1431,1467,1060,1097 abs=nil,nil,nil,nil ebrake=1.00 ibrake=1.00 hasABS=0 sy=11.19 split=1.000,0.875 ===
 57.01205|I|libbeamng.print:18052| === LSTM_OBS t=180 16.54548,1.23918,14.97721,12.95491,-0.15320,11.19360,-9.75631,0.03690,0.00000,0.00000,0.00249,1.00000,0.00000,0.00158,-0.01161,4037.37339,0.25000 ===
 57.06260|I|libbeamng.print:18052| === LSTM_TRACE t=190 v=17.41 ws=16.98,0.05,15.92,11.95 cmd=0.565,0.561,0.493,0.487 cap=1644,1643,991,1002 des=1644,1643,867,876 app=1627,1612,857,865 abs=nil,nil,nil,nil ebrake=1.00 ibrake=1.00 hasABS=0 sy=11.06 split=1.000,0.875 ===
 57.06265|I|libbeamng.print:18052| === LSTM_OBS t=190 16.98019,0.05497,15.92187,11.94800,-0.26214,11.06190,-9.77946,0.05802,0.00000,0.00000,0.00069,1.00000,0.00000,0.00097,-0.01107,3927.90631,0.25000 ===
 57.11310|I|libbeamng.print:18052| === LSTM_TRACE t=200 v=16.91 ws=16.32,1.93,15.79,11.92 cmd=0.643,0.629,0.480,0.470 cap=1601,1573,891,890 des=1601,1573,780,778 app=1584,1540,770,768 abs=nil,nil,nil,nil ebrake=1.00 ibrake=1.00 hasABS=0 sy=10.78 split=1.000,0.875 ===
 57.11315|I|libbeamng.print:18052| === LSTM_OBS t=200 16.31717,1.93121,15.78876,11.92210,-0.36219,10.78461,-9.80540,0.04973,0.00000,0.00000,0.00115,1.00000,0.00000,0.00234,-0.01081,3905.24548,0.25000 ===
 57.16319|I|libbeamng.print:18052| === LSTM_TRACE t=210 v=16.38 ws=15.78,3.64,15.26,12.04 cmd=0.557,0.554,0.431,0.427 cap=1366,1384,738,733 des=1366,1384,646,642 app=1352,1354,637,632 abs=nil,nil,nil,nil ebrake=1.00 ibrake=1.00 hasABS=0 sy=10.68 split=1.000,0.875 ===
 57.16323|I|libbeamng.print:18052| === LSTM_OBS t=210 15.77916,3.64154,15.25739,12.04038,-0.40534,10.67696,-9.78643,0.04904,0.00000,0.00000,0.00142,1.00000,0.00000,0.00206,-0.01115,3958.97084,0.25000 ===
 57.21364|I|libbeamng.print:18052| === LSTM_TRACE t=220 v=15.87 ws=15.30,4.99,14.20,11.28 cmd=0.559,0.575,0.400,0.396 cap=1589,1632,780,785 des=1589,1632,683,687 app=1573,1595,673,676 abs=nil,nil,nil,nil ebrake=1.00 ibrake=1.00 hasABS=0 sy=10.58 split=1.000,0.875 ===
 57.21371|I|libbeamng.print:18052| === LSTM_OBS t=220 15.30028,4.98828,14.20068,11.27922,-0.50227,10.57788,-9.75721,0.04835,0.00000,0.00000,0.00069,1.00000,0.00000,0.00239,-0.01236,4064.12858,0.25000 ===
 57.26454|I|libbeamng.print:18052| === LSTM_TRACE t=230 v=15.35 ws=14.71,6.26,13.25,11.29 cmd=0.555,0.584,0.359,0.366 cap=1924,2005,716,720 des=1924,2005,626,630 app=1905,1959,617,620 abs=nil,nil,nil,nil ebrake=1.00 ibrake=1.00 hasABS=0 sy=10.50 split=1.000,0.875 ===
 57.26462|I|libbeamng.print:18052| === LSTM_OBS t=230 14.71391,6.25943,13.25386,11.28522,-0.59565,10.50479,-9.72326,0.03624,0.00000,0.00000,0.00000,1.00000,0.00000,0.00383,-0.01421,4152.87025,0.25000 ===
 57.31466|I|libbeamng.print:18052| === LSTM_TRACE t=240 v=14.81 ws=14.12,7.80,11.63,11.43 cmd=0.699,0.724,0.376,0.395 cap=1564,1711,616,652 des=1564,1711,539,570 app=1630,1697,530,560 abs=nil,nil,nil,nil ebrake=1.00 ibrake=1.00 hasABS=0 sy=10.53 split=1.000,0.875 ===
 57.31473|I|libbeamng.print:18052| === LSTM_OBS t=240 14.11781,7.79935,11.63434,11.43401,-0.58799,10.53352,-9.66706,0.03307,0.00000,0.00000,0.00091,1.00000,0.00000,0.00485,-0.01617,4225.00436,0.25000 ===
 57.36246|I|libbeamng.print:18052| === LSTM_TRACE t=250 v=14.26 ws=13.39,8.90,10.44,11.64 cmd=0.668,0.706,0.358,0.391 cap=1882,2024,622,689 des=1882,2024,545,603 app=1864,1978,535,592 abs=nil,nil,nil,nil ebrake=1.00 ibrake=1.00 hasABS=0 sy=10.66 split=1.000,0.875 ===
 57.36255|I|libbeamng.print:18052| === LSTM_OBS t=250 13.39001,8.90279,10.43762,11.64399,-0.59223,10.66114,-9.66488,0.02792,0.00000,0.00000,0.00069,1.00000,0.00000,0.00493,-0.01783,4273.96844,0.25000 ===
 57.41330|I|libbeamng.print:18052| === LSTM_TRACE t=260 v=13.67 ws=12.84,9.55,9.14,11.60 cmd=0.690,0.731,0.346,0.395 cap=2111,2249,648,734 des=2111,2249,567,642 app=2093,2200,556,630 abs=nil,nil,nil,nil ebrake=1.00 ibrake=1.00 hasABS=0 sy=10.83 split=1.000,0.875 ===
 57.41337|I|libbeamng.print:18052| === LSTM_OBS t=260 12.84236,9.55147,9.14317,11.59952,-0.61536,10.83230,-9.69840,0.01693,0.00000,0.00000,0.00183,1.00000,0.00000,0.00448,-0.01932,4309.23632,0.25000 ===
 57.46291|I|libbeamng.print:18052| === LSTM_TRACE t=270 v=13.12 ws=12.30,10.43,8.50,11.59 cmd=0.782,0.813,0.360,0.406 cap=2352,2454,715,802 des=2352,2454,625,702 app=2293,2402,613,688 abs=nil,nil,nil,nil ebrake=1.00 ibrake=1.00 hasABS=0 sy=11.02 split=1.000,0.875 ===
 57.46296|I|libbeamng.print:18052| === LSTM_OBS t=270 12.29737,10.42544,8.49999,11.58576,-0.63483,11.02233,-9.71772,0.00610,0.00000,0.00000,0.00224,1.00000,0.00000,0.00422,-0.02026,4313.50374,0.25000 ===
 57.51326|I|libbeamng.print:18052| === LSTM_TRACE t=280 v=12.53 ws=11.42,10.94,7.81,11.88 cmd=0.657,0.706,0.349,0.407 cap=2353,2459,735,825 des=2353,2459,643,722 app=2333,2410,630,707 abs=nil,nil,nil,nil ebrake=1.00 ibrake=1.00 hasABS=0 sy=11.16 split=1.000,0.875 ===
 57.51331|I|libbeamng.print:18052| === LSTM_OBS t=280 11.41575,10.94022,7.81211,11.88118,-0.64066,11.15765,-9.67456,0.00323,0.00000,0.00000,0.00270,1.00000,0.00000,0.00424,-0.02106,4281.10217,0.25000 ===
 57.56371|I|libbeamng.print:18052| === LSTM_TRACE t=290 v=11.97 ws=11.06,11.20,8.09,11.45 cmd=0.667,0.712,0.396,0.426 cap=1801,1979,722,812 des=1801,1979,632,710 app=1920,2001,618,695 abs=nil,nil,nil,nil ebrake=1.00 ibrake=1.00 hasABS=0 sy=11.20 split=1.000,0.875 ===
 57.56376|I|libbeamng.print:18052| === LSTM_OBS t=290 11.05665,11.20181,8.08972,11.44686,-0.65434,11.19518,-9.62255,-0.01564,0.00000,0.00000,0.00169,1.00000,0.00000,0.00411,-0.02164,4225.08961,0.25000 ===
 57.61351|I|libbeamng.print:18052| === LSTM_TRACE t=300 v=11.44 ws=10.64,10.63,8.20,10.98 cmd=0.387,0.453,0.423,0.475 cap=2442,2518,925,993 des=2442,2518,809,869 app=2421,2473,791,850 abs=nil,nil,nil,nil ebrake=1.00 ibrake=1.00 hasABS=0 sy=11.11 split=1.000,0.875 ===
 57.61355|I|libbeamng.print:18052| === LSTM_OBS t=300 10.64330,10.63394,8.20341,10.98184,-0.62635,11.10765,-9.55071,-0.01805,0.00000,0.00000,0.00274,1.00000,0.00000,0.00369,-0.02180,4148.99027,0.25000 ===
 57.66353|I|libbeamng.print:18052| === LSTM_TRACE t=310 v=10.89 ws=10.20,10.36,8.41,10.39 cmd=0.667,0.722,0.611,0.628 cap=1373,1640,1005,1080 des=1373,1640,879,945 app=1653,1713,859,925 abs=nil,nil,nil,nil ebrake=1.00 ibrake=1.00 hasABS=0 sy=11.00 split=1.000,0.875 ===
 57.66357|I|libbeamng.print:18052| === LSTM_OBS t=310 10.20249,10.36011,8.40928,10.39086,-0.50827,11.00230,-9.47959,-0.01375,0.00000,0.00000,0.00000,1.00000,0.00000,0.00277,-0.02172,4051.69606,0.25000 ===
 57.71334|I|libbeamng.print:18052| === LSTM_TRACE t=320 v=10.37 ws=9.74,9.67,8.53,9.67 cmd=0.472,0.547,0.576,0.615 cap=2374,2485,1252,1285 des=2374,2485,1096,1124 app=2332,2442,1070,1101 abs=nil,nil,nil,nil ebrake=1.00 ibrake=1.00 hasABS=0 sy=10.91 split=1.000,0.875 ===
 57.71339|I|libbeamng.print:18052| === LSTM_OBS t=320 9.74005,9.66917,8.53061,9.67495,-0.38396,10.90739,-9.40607,-0.02261,0.00000,0.00000,0.00342,1.00000,0.00000,0.00176,-0.02121,3932.94310,0.25000 ===
 57.76345|I|libbeamng.print:18052| === LSTM_TRACE t=330 v=9.81 ws=9.34,9.25,8.52,8.94 cmd=0.728,0.773,0.687,0.701 cap=1633,1862,1284,1331 des=1633,1862,1124,1165 app=1619,1831,1098,1140 abs=nil,nil,nil,nil ebrake=1.00 ibrake=1.00 hasABS=0 sy=10.86 split=1.000,0.875 ===
 57.76349|I|libbeamng.print:18052| === LSTM_OBS t=330 9.33629,9.25430,8.52081,8.94103,-0.24367,10.85633,-9.37747,-0.01551,0.00000,0.00000,0.00256,1.00000,0.00000,0.00088,-0.02049,3799.08637,0.25000 ===
 57.81321|I|libbeamng.print:18052| === LSTM_TRACE t=340 v=9.29 ws=8.90,8.59,8.51,8.19 cmd=0.454,0.524,0.617,0.666 cap=2618,2690,1370,1412 des=2618,2690,1199,1236 app=2270,2471,1172,1210 abs=nil,nil,nil,nil ebrake=1.00 ibrake=1.00 hasABS=0 sy=10.83 split=1.000,0.875 ===
 57.81326|I|libbeamng.print:18052| === LSTM_OBS t=340 8.89639,8.59186,8.51205,8.19339,-0.11414,10.83424,-9.39754,-0.02072,0.00000,0.00000,0.00533,1.00000,0.00000,0.00030,-0.01949,3662.81729,0.25000 ===
 57.86335|I|libbeamng.print:18052| === LSTM_TRACE t=350 v=8.74 ws=8.26,8.26,8.26,7.80 cmd=0.667,0.716,0.776,0.788 cap=1293,1485,1405,1456 des=1293,1485,1229,1274 app=1501,1709,1202,1247 abs=nil,nil,nil,nil ebrake=1.00 ibrake=1.00 hasABS=0 sy=10.83 split=1.000,0.875 ===
 57.86339|I|libbeamng.print:18052| === LSTM_OBS t=350 8.25936,8.25596,8.26314,7.80229,0.03038,10.82944,-9.43199,-0.00934,0.00000,0.00000,0.00265,1.00000,0.00000,-0.00035,-0.01872,3515.51397,0.25000 ===
 57.91297|I|libbeamng.print:18052| === LSTM_TRACE t=360 v=8.22 ws=7.75,7.83,7.70,7.32 cmd=0.536,0.583,0.672,0.717 cap=2702,2741,1508,1555 des=2702,2741,1319,1360 app=2269,2432,1290,1332 abs=nil,nil,nil,nil ebrake=1.00 ibrake=1.00 hasABS=0 sy=10.80 split=1.000,0.875 ===
 57.91301|I|libbeamng.print:18052| === LSTM_OBS t=360 7.75237,7.83485,7.70286,7.32110,0.10654,10.79967,-9.50971,-0.01310,0.00000,0.00000,0.00293,1.00000,0.00000,-0.00036,-0.01762,3351.52088,0.25000 ===
 57.96371|I|libbeamng.print:18052| === LSTM_TRACE t=370 v=7.67 ws=7.33,7.29,7.22,7.09 cmd=0.677,0.723,0.811,0.819 cap=872,1044,1422,1493 des=872,1044,1244,1307 app=1535,1670,1217,1280 abs=nil,nil,nil,nil ebrake=1.00 ibrake=1.00 hasABS=0 sy=10.76 split=1.000,0.875 ===
 57.96376|I|libbeamng.print:18052| === LSTM_OBS t=370 7.33411,7.28774,7.21535,7.09294,0.13073,10.75769,-9.56265,-0.00298,0.00000,0.00000,0.00146,1.00000,0.00000,0.00014,-0.01666,3176.15051,0.25000 ===
 58.01338|I|libbeamng.print:18052| === LSTM_TRACE t=380 v=7.16 ws=6.72,6.49,6.52,6.69 cmd=0.383,0.422,0.692,0.761 cap=2795,2824,1536,1580 des=2795,2824,1344,1382 app=2302,2432,1315,1354 abs=nil,nil,nil,nil ebrake=1.00 ibrake=1.00 hasABS=0 sy=10.73 split=1.000,0.875 ===
 58.01344|I|libbeamng.print:18052| === LSTM_OBS t=380 6.72065,6.49175,6.52253,6.69029,0.09980,10.72870,-9.60359,-0.00926,0.00000,0.00000,0.00389,1.00000,0.00000,0.00084,-0.01552,2992.07587,0.25000 ===
 58.06364|I|libbeamng.print:18052| === LSTM_TRACE t=390 v=6.61 ws=6.18,6.14,6.49,6.28 cmd=0.740,0.774,0.817,0.833 cap=1154,1328,1503,1550 des=1154,1328,1315,1356 app=1534,1669,1286,1328 abs=nil,nil,nil,nil ebrake=1.00 ibrake=1.00 hasABS=0 sy=10.70 split=1.000,0.875 ===
 58.06369|I|libbeamng.print:18052| === LSTM_OBS t=390 6.18445,6.13932,6.49181,6.28477,0.10304,10.70334,-9.62746,-0.00243,0.00000,0.00000,0.00115,1.00000,0.00000,0.00144,-0.01465,2802.46375,0.25000 ===
 58.11386|I|libbeamng.print:18052| === LSTM_TRACE t=400 v=6.10 ws=5.95,5.85,5.60,5.85 cmd=0.609,0.631,0.717,0.780 cap=2750,2779,1523,1564 des=2750,2779,1333,1369 app=2300,2431,1304,1340 abs=nil,nil,nil,nil ebrake=1.00 ibrake=1.00 hasABS=0 sy=10.65 split=1.000,0.875 ===
 58.11393|I|libbeamng.print:18052| === LSTM_OBS t=400 5.94957,5.84625,5.59528,5.84622,0.10116,10.64967,-9.64546,-0.01191,0.00000,0.00000,0.00388,1.00000,0.00000,0.00143,-0.01352,2610.07798,0.25000 ===
 58.16337|I|libbeamng.print:18052| === LSTM_TRACE t=410 v=5.56 ws=5.19,5.23,5.22,5.34 cmd=0.661,0.694,0.781,0.818 cap=1250,1358,1428,1518 des=1250,1358,1249,1328 app=1633,1695,1222,1300 abs=nil,nil,nil,nil ebrake=1.00 ibrake=1.00 hasABS=0 sy=10.62 split=1.000,0.875 ===
 58.16342|I|libbeamng.print:18052| === LSTM_OBS t=410 5.19075,5.23477,5.22060,5.34396,0.05958,10.61925,-9.70791,-0.00347,0.00000,0.00000,0.00417,1.00000,0.00000,0.00148,-0.01278,2416.93635,0.25000 ===
 58.21566|I|libbeamng.print:18052| === LSTM_TRACE t=420 v=5.05 ws=4.79,4.76,4.54,4.69 cmd=0.565,0.583,0.676,0.746 cap=2649,2659,1418,1500 des=2649,2659,1241,1313 app=2398,2456,1213,1285 abs=nil,nil,nil,nil ebrake=1.00 ibrake=1.00 hasABS=0 sy=10.57 split=1.000,0.875 ===
 58.21575|I|libbeamng.print:18052| === LSTM_OBS t=420 4.78671,4.76419,4.54007,4.69092,0.04190,10.57229,-9.79612,0.00197,0.00000,0.00000,0.00481,1.00000,0.00000,0.00158,-0.01214,2219.26990,0.25000 ===
 58.26501|I|libbeamng.print:18052| === LSTM_TRACE t=430 v=4.54 ws=4.54,4.48,4.02,4.29 cmd=0.788,0.781,0.736,0.772 cap=2683,2667,1396,1484 des=2683,2667,1221,1298 app=2384,2451,1194,1270 abs=nil,nil,nil,nil ebrake=1.00 ibrake=1.00 hasABS=0 sy=10.49 split=1.000,0.875 ===
 58.26506|I|libbeamng.print:18052| === LSTM_OBS t=430 4.53968,4.47805,4.02172,4.29152,0.03941,10.49051,-9.82295,0.00034,0.00000,0.00000,0.00189,1.00000,0.00000,0.00127,-0.01178,2009.62099,0.25000 ===
 58.31503|I|libbeamng.print:18052| === LSTM_TRACE t=440 v=4.00 ws=3.23,3.49,4.03,4.03 cmd=0.782,0.774,0.767,0.809 cap=1706,1720,1425,1498 des=1706,1720,1247,1311 app=1795,1753,1218,1282 abs=nil,nil,nil,nil ebrake=1.00 ibrake=1.00 hasABS=0 sy=10.47 split=1.000,0.875 ===
 58.31507|I|libbeamng.print:18052| === LSTM_OBS t=440 3.22955,3.48821,4.02748,4.03149,0.00910,10.47407,-9.86395,0.00322,0.00000,0.00000,0.00487,1.00000,0.00000,0.00141,-0.01151,1792.23812,0.25000 ===
 58.36244|I|libbeamng.print:18052| === LSTM_TRACE t=450 v=3.48 ws=1.61,2.19,3.08,3.17 cmd=0.834,0.823,0.710,0.751 cap=2635,2602,1418,1495 des=2635,2602,1240,1308 app=2599,2553,1211,1279 abs=nil,nil,nil,nil ebrake=1.00 ibrake=1.00 hasABS=0 sy=10.52 split=1.000,0.875 ===
 58.36249|I|libbeamng.print:18052| === LSTM_OBS t=450 1.61047,2.19121,3.07926,3.17356,0.01687,10.51600,-9.79861,-0.00226,0.00000,0.00000,0.00360,1.00000,0.00000,0.00142,-0.01162,1599.34961,0.25000 ===
 58.41294|I|libbeamng.print:18052| === LSTM_TRACE t=460 v=2.96 ws=0.18,0.29,2.80,2.58 cmd=0.978,0.978,0.754,0.778 cap=3017,3018,1445,1519 des=3017,3018,1265,1329 app=2973,2958,1234,1298 abs=nil,nil,nil,nil ebrake=1.00 ibrake=1.00 hasABS=0 sy=10.52 split=1.000,0.875 ===
 58.41299|I|libbeamng.print:18052| === LSTM_OBS t=460 0.17523,0.29220,2.80496,2.57976,0.05885,10.51739,-9.69441,-0.00807,0.00000,0.00000,0.00433,1.00000,0.00000,0.00117,-0.01206,1389.86130,0.25000 ===
 58.46255|I|libbeamng.print:18052| === LSTM_TRACE t=470 v=2.43 ws=0.06,0.08,1.82,2.15 cmd=0.979,0.977,0.828,0.826 cap=3033,3029,1595,1592 des=3033,3029,1395,1393 app=2984,2965,1360,1360 abs=nil,nil,nil,nil ebrake=1.00 ibrake=1.00 hasABS=0 sy=10.45 split=1.000,0.875 ===
 58.46259|I|libbeamng.print:18052| === LSTM_OBS t=470 0.06169,0.08074,1.81793,2.14634,0.04279,10.45490,-9.62444,-0.00173,0.00000,0.00000,0.00354,1.00000,0.00000,0.00071,-0.01256,1176.71632,0.25000 ===
 58.51430|I|libbeamng.print:18052| === LSTM_TRACE t=480 v=1.88 ws=0.01,0.02,0.82,1.45 cmd=0.987,0.986,0.861,0.864 cap=3055,3054,1668,1674 des=3055,3054,1460,1465 app=3002,2986,1422,1429 abs=nil,nil,nil,nil ebrake=1.00 ibrake=1.00 hasABS=0 sy=10.56 split=1.000,0.875 ===
 58.51435|I|libbeamng.print:18052| === LSTM_OBS t=480 0.01340,0.01773,0.81822,1.44733,0.04271,10.55567,-9.55056,-0.00425,0.00000,0.00000,0.00335,1.00000,0.00000,0.00062,-0.01282,964.84424,0.25000 ===
 58.56382|I|libbeamng.print:18052| === LSTM_TRACE t=490 v=1.33 ws=0.00,0.00,0.19,0.52 cmd=0.990,0.991,0.870,0.870 cap=3068,3070,1689,1692 des=3068,3070,1478,1481 app=3012,2997,1439,1443 abs=nil,nil,nil,nil ebrake=1.00 ibrake=1.00 hasABS=0 sy=10.68 split=1.000,0.875 ===
 58.56387|I|libbeamng.print:18052| === LSTM_OBS t=490 0.00363,0.00330,0.18860,0.51639,-0.02058,10.67792,-9.53166,-0.01524,0.00000,0.00000,0.00473,1.00000,0.00000,0.00109,-0.01277,780.13670,0.25000 ===
 58.61390|I|libbeamng.print:18052| === LSTM_TRACE t=500 v=0.76 ws=0.00,0.01,0.25,0.16 cmd=0.991,0.992,0.871,0.869 cap=3073,3075,1694,1691 des=3073,3075,1482,1480 app=3013,2998,1441,1440 abs=nil,nil,nil,nil ebrake=1.00 ibrake=1.00 hasABS=0 sy=10.86 split=1.000,0.875 ===
 58.61400|I|libbeamng.print:18052| === LSTM_OBS t=500 0.00135,0.00771,0.25420,0.16173,-0.02173,10.86165,-9.54159,0.00167,0.00000,0.00000,0.00392,1.00000,0.00000,0.00096,-0.01256,734.26819,0.25000 ===
 89.22505|I|libbeamng.print:18052| === LSTM_TRACE t=0 v=27.71 ws=27.68,27.81,27.37,27.40 cmd=0.931,0.923,0.585,0.554 cap=155,155,97,97 des=155,155,85,85 app=148,147,81,81 abs=nil,nil,nil,nil ebrake=1.00 ibrake=1.00 hasABS=0 sy=1.57 split=1.000,0.875 ===
 89.22511|I|libbeamng.print:18052| === LSTM_OBS t=0 27.68209,27.80883,27.36929,27.40432,-0.02249,1.56596,-9.76796,0.00787,0.00000,0.00000,0.00000,1.00000,0.00000,0.00086,-0.00899,7857.36286,0.25000 ===
 89.27532|I|libbeamng.print:18052| === LSTM_TRACE t=10 v=27.44 ws=27.01,26.83,26.87,26.93 cmd=0.361,0.436,0.422,0.501 cap=1055,1260,748,893 des=1055,1260,655,782 app=1014,1204,628,751 abs=nil,nil,nil,nil ebrake=1.00 ibrake=1.00 hasABS=0 sy=2.14 split=1.000,0.875 ===
 89.27536|I|libbeamng.print:18052| === LSTM_OBS t=10 27.00659,26.83354,26.86574,26.93303,0.02036,2.13646,-9.79181,-0.00151,0.00000,0.00000,0.00085,1.00000,0.00000,0.00079,-0.00994,7778.79176,0.25000 ===
 89.29526|I|libbeamng.print:18052| === LSTM_ABS DBG raw=26.4188,26.1886,26.5855,26.5827,-0.0205,2.5946,-9.7442,-0.0102,0.0000,0.0000,0.0014,1.0000,0.0000,0.0009,-0.0107,7713.1310,0.2500 ===
 89.29529|I|libbeamng.print:18052| === LSTM_ABS DBG norm=0.56,0.49,0.53,0.50,-0.17,-2.10,0.00,-0.05,0.06,-0.06,-0.06,0.59,-0.02,0.00,0.00,3.82,0.00 ===
 89.29531|I|libbeamng.print:18052| === LSTM_ABS DBG cmd=0.4994,0.5910,0.6015,0.6800 ===
 89.32668|I|libbeamng.print:18052| === LSTM_TRACE t=20 v=27.04 ws=24.93,24.82,26.04,25.91 cmd=0.742,0.786,0.754,0.800 cap=2228,2384,1450,1549 des=2228,2384,1269,1355 app=2155,2298,1227,1313 abs=nil,nil,nil,nil ebrake=1.00 ibrake=1.00 hasABS=0 sy=3.41 split=1.000,0.875 ===
 89.32674|I|libbeamng.print:18052| === LSTM_OBS t=20 24.93334,24.82383,26.03839,25.90540,-0.05641,3.41055,-9.66796,-0.00354,0.00000,0.00000,0.00249,1.00000,0.00000,0.00115,-0.01205,7579.33594,0.25000 ===
 89.37761|I|libbeamng.print:18052| === LSTM_TRACE t=30 v=26.50 ws=23.85,23.45,25.06,25.04 cmd=0.783,0.803,0.740,0.766 cap=2410,2470,1437,1492 des=2410,2470,1257,1305 app=2348,2400,1225,1273 abs=nil,nil,nil,nil ebrake=1.00 ibrake=1.00 hasABS=0 sy=5.29 split=1.000,0.875 ===
 89.37767|I|libbeamng.print:18052| === LSTM_OBS t=30 23.85098,23.44995,25.06347,25.04485,0.01286,5.29131,-9.49099,0.01165,0.00000,0.00000,0.00216,1.00000,0.00000,0.00140,-0.01478,7307.49258,0.25000 ===
 89.42486|I|libbeamng.print:18052| === LSTM_TRACE t=40 v=25.92 ws=22.96,22.51,24.30,24.11 cmd=0.808,0.818,0.748,0.773 cap=2470,2508,1444,1494 des=2470,2508,1264,1308 app=2420,2452,1237,1282 abs=nil,nil,nil,nil ebrake=1.00 ibrake=1.00 hasABS=0 sy=7.00 split=1.000,0.875 ===
 89.42490|I|libbeamng.print:18052| === LSTM_OBS t=40 22.96026,22.50958,24.30248,24.11387,0.03229,7.00288,-9.41256,-0.01482,0.00000,0.00000,0.00274,1.00000,0.00000,0.00150,-0.01694,7048.97598,0.25000 ===
 89.47600|I|libbeamng.print:18052| === LSTM_TRACE t=50 v=25.31 ws=21.66,21.35,23.52,23.16 cmd=0.836,0.843,0.768,0.784 cap=2553,2577,1528,1561 des=2553,2577,1337,1366 app=2513,2532,1314,1345 abs=nil,nil,nil,nil ebrake=1.00 ibrake=1.00 hasABS=0 sy=8.45 split=1.000,0.875 ===
 89.47604|I|libbeamng.print:18052| === LSTM_OBS t=50 21.66146,21.35353,23.52284,23.15627,0.07504,8.44784,-9.49762,-0.00205,0.00000,0.00000,0.00335,1.00000,0.00000,0.00121,-0.01846,6817.48474,0.25000 ===
 89.54375|I|libbeamng.print:18052| === LSTM_TRACE t=60 v=24.71 ws=20.21,19.53,22.81,22.26 cmd=0.808,0.814,0.786,0.799 cap=2462,2485,1551,1577 des=2462,2485,1357,1380 app=2431,2450,1338,1362 abs=nil,nil,nil,nil ebrake=1.00 ibrake=1.00 hasABS=0 sy=9.48 split=1.000,0.875 ===
 89.54379|I|libbeamng.print:18052| === LSTM_OBS t=60 20.21274,19.52536,22.81019,22.26350,0.09028,9.48269,-9.62258,0.00662,0.00000,0.00000,0.00297,1.00000,0.00000,0.00097,-0.01930,6585.01508,0.25000 ===
 89.59148|I|libbeamng.print:18052| === LSTM_TRACE t=70 v=24.12 ws=18.76,17.78,22.15,21.46 cmd=0.772,0.775,0.812,0.827 cap=2418,2428,1521,1550 des=2418,2428,1331,1357 app=2394,2400,1316,1343 abs=nil,nil,nil,nil ebrake=1.00 ibrake=1.00 hasABS=0 sy=10.20 split=1.000,0.875 ===
 89.59152|I|libbeamng.print:18052| === LSTM_OBS t=70 18.76234,17.77702,22.15208,21.45761,0.08989,10.19638,-9.72005,0.00923,0.00000,0.00000,0.00350,1.00000,0.00000,0.00105,-0.01925,6337.25943,0.25000 ===
 89.63721|I|libbeamng.print:18052| === LSTM_TRACE t=80 v=23.55 ws=17.79,16.28,21.19,20.60 cmd=0.805,0.805,0.820,0.836 cap=2364,2380,1580,1609 des=2364,2380,1383,1408 app=2344,2355,1370,1396 abs=nil,nil,nil,nil ebrake=1.00 ibrake=1.00 hasABS=0 sy=10.59 split=1.000,0.875 ===
 89.63726|I|libbeamng.print:18052| === LSTM_OBS t=80 17.78757,16.27566,21.18756,20.60085,0.07005,10.58746,-9.74886,0.02140,0.00000,0.00000,0.00345,1.00000,0.00000,0.00129,-0.01847,6106.07106,0.25000 ===
 89.68696|I|libbeamng.print:18052| === LSTM_TRACE t=90 v=22.99 ws=16.61,14.48,20.34,19.77 cmd=0.628,0.632,0.778,0.804 cap=2433,2431,1583,1624 des=2433,2431,1385,1421 app=2415,2408,1375,1411 abs=nil,nil,nil,nil ebrake=1.00 ibrake=1.00 hasABS=0 sy=10.79 split=1.000,0.875 ===
 89.68701|I|libbeamng.print:18052| === LSTM_OBS t=90 16.61321,14.47925,20.34026,19.77038,0.06592,10.79218,-9.68421,-0.00383,0.00000,0.00000,0.00285,1.00000,0.00000,0.00170,-0.01720,5857.12532,0.25000 ===
 89.73395|I|libbeamng.print:18052| === LSTM_TRACE t=100 v=22.43 ws=16.11,13.13,19.67,19.07 cmd=0.702,0.707,0.822,0.840 cap=1829,1860,1569,1613 des=1829,1860,1373,1411 app=1816,1844,1364,1402 abs=nil,nil,nil,nil ebrake=1.00 ibrake=1.00 hasABS=0 sy=10.92 split=1.000,0.875 ===
 89.73400|I|libbeamng.print:18052| === LSTM_OBS t=100 16.10849,13.13184,19.66999,19.06821,0.04162,10.91976,-9.64391,0.01651,0.00000,0.00000,0.00270,1.00000,0.00000,0.00203,-0.01597,5640.29342,0.25000 ===
 89.78283|I|libbeamng.print:18052| === LSTM_TRACE t=110 v=21.88 ws=16.25,12.19,18.64,18.26 cmd=0.874,0.870,0.856,0.874 cap=2362,2369,1633,1661 des=2362,2369,1429,1454 app=2117,2156,1421,1446 abs=nil,nil,nil,nil ebrake=1.00 ibrake=1.00 hasABS=0 sy=10.98 split=1.000,0.875 ===
 89.78292|I|libbeamng.print:18052| === LSTM_OBS t=110 16.24929,12.18754,18.64029,18.25533,0.00481,10.97875,-9.60536,0.02363,0.00000,0.00000,0.00426,1.00000,0.00000,0.00205,-0.01475,5401.89270,0.25000 ===
 89.83207|I|libbeamng.print:18052| === LSTM_TRACE t=120 v=21.33 ws=15.76,10.12,17.89,17.38 cmd=0.770,0.770,0.829,0.857 cap=2458,2459,1643,1678 des=2458,2459,1438,1468 app=2409,2405,1431,1462 abs=nil,nil,nil,nil ebrake=1.00 ibrake=1.00 hasABS=0 sy=11.02 split=1.000,0.875 ===
 89.83212|I|libbeamng.print:18052| === LSTM_OBS t=120 15.76018,10.11692,17.88708,17.37525,-0.01980,11.02015,-9.58443,0.01930,0.00000,0.00000,0.00455,1.00000,0.00000,0.00218,-0.01380,5166.87117,0.25000 ===
 89.88226|I|libbeamng.print:18052| === LSTM_TRACE t=130 v=20.77 ws=15.60,7.98,16.99,16.59 cmd=0.794,0.795,0.840,0.866 cap=2355,2366,1664,1698 des=2355,2366,1456,1486 app=2119,2173,1449,1480 abs=nil,nil,nil,nil ebrake=1.00 ibrake=1.00 hasABS=0 sy=11.04 split=1.000,0.875 ===
 89.88233|I|libbeamng.print:18052| === LSTM_OBS t=130 15.60038,7.98225,16.99160,16.59335,-0.05978,11.03851,-9.60854,0.02589,0.00000,0.00000,0.00520,1.00000,0.00000,0.00251,-0.01313,4956.28066,0.25000 ===
 89.93109|I|libbeamng.print:18052| === LSTM_TRACE t=140 v=20.22 ws=16.05,5.47,16.00,15.68 cmd=0.682,0.697,0.805,0.831 cap=2161,2197,1626,1666 des=2161,2197,1422,1458 app=2152,2179,1417,1452 abs=nil,nil,nil,nil ebrake=1.00 ibrake=1.00 hasABS=0 sy=11.02 split=1.000,0.875 ===
 89.93114|I|libbeamng.print:18052| === LSTM_OBS t=140 16.05062,5.47342,16.00174,15.67506,-0.10314,11.02315,-9.61760,0.03509,0.00000,0.00000,0.00426,1.00000,0.00000,0.00291,-0.01248,4720.78296,0.25000 ===
 89.98182|I|libbeamng.print:18052| === LSTM_TRACE t=150 v=19.65 ws=16.87,2.97,15.02,15.18 cmd=0.554,0.580,0.755,0.793 cap=2410,2431,1546,1606 des=2410,2431,1352,1405 app=2401,2409,1347,1401 abs=nil,nil,nil,nil ebrake=1.00 ibrake=1.00 hasABS=0 sy=11.05 split=1.000,0.875 ===
 89.98187|I|libbeamng.print:18052| === LSTM_OBS t=150 16.87342,2.97139,15.02196,15.17908,-0.12088,11.05424,-9.68652,0.04307,0.00000,0.00000,0.00381,1.00000,0.00000,0.00283,-0.01185,4493.85662,0.25000 ===
 90.03119|I|libbeamng.print:18052| === LSTM_TRACE t=160 v=19.09 ws=18.00,0.02,14.92,14.57 cmd=0.547,0.579,0.730,0.756 cap=1554,1662,1385,1446 des=1554,1662,1212,1265 app=1581,1646,1208,1261 abs=nil,nil,nil,nil ebrake=1.00 ibrake=1.00 hasABS=0 sy=11.12 split=1.000,0.875 ===
 90.03123|I|libbeamng.print:18052| === LSTM_OBS t=160 17.99931,0.01932,14.91833,14.56999,-0.20917,11.12018,-9.75645,0.04627,0.00000,0.00000,0.00169,1.00000,0.00000,0.00158,-0.01106,4289.11464,0.25000 ===
 90.08095|I|libbeamng.print:18052| === LSTM_TRACE t=170 v=18.57 ws=17.31,0.01,14.48,13.96 cmd=0.646,0.666,0.698,0.724 cap=1919,2000,1361,1406 des=1919,2000,1191,1230 app=1914,1979,1187,1226 abs=nil,nil,nil,nil ebrake=1.00 ibrake=1.00 hasABS=0 sy=10.97 split=1.000,0.875 ===
 90.08103|I|libbeamng.print:18052| === LSTM_OBS t=170 17.30592,0.00959,14.48027,13.95830,-0.32823,10.97154,-9.77832,0.06782,0.00000,0.00000,0.00216,1.00000,0.00000,0.00186,-0.01017,4110.82268,0.25000 ===
 90.13059|I|libbeamng.print:18052| === LSTM_TRACE t=180 v=18.05 ws=17.37,0.10,13.96,13.49 cmd=0.612,0.610,0.515,0.559 cap=1698,1718,1023,1102 des=1698,1718,895,965 app=1694,1698,892,961 abs=nil,nil,nil,nil ebrake=1.00 ibrake=1.00 hasABS=0 sy=10.85 split=1.000,0.875 ===
 90.13063|I|libbeamng.print:18052| === LSTM_OBS t=180 17.36914,0.09545,13.95837,13.49200,-0.40405,10.85476,-9.73925,0.07315,0.00000,0.00000,0.00239,1.00000,0.00000,0.00269,-0.00986,3978.40067,0.25000 ===
 90.17675|I|libbeamng.print:18052| === LSTM_TRACE t=190 v=17.52 ws=16.87,1.98,14.17,14.03 cmd=0.546,0.540,0.417,0.450 cap=1896,1864,826,888 des=1896,1864,723,777 app=1768,1753,720,774 abs=nil,nil,nil,nil ebrake=1.00 ibrake=1.00 hasABS=0 sy=10.74 split=1.000,0.875 ===
 90.17681|I|libbeamng.print:18052| === LSTM_OBS t=190 16.86675,1.97814,14.16798,14.02816,-0.45061,10.74217,-9.75527,0.06236,0.00000,0.00000,0.00000,1.00000,0.00000,0.00315,-0.00999,3947.83040,0.25000 ===
 90.22723|I|libbeamng.print:18052| === LSTM_TRACE t=200 v=16.99 ws=16.68,3.92,14.22,14.31 cmd=0.652,0.647,0.425,0.440 cap=1424,1449,819,861 des=1424,1449,717,753 app=1421,1429,713,750 abs=nil,nil,nil,nil ebrake=1.00 ibrake=1.00 hasABS=0 sy=10.71 split=1.000,0.875 ===
 90.22731|I|libbeamng.print:18052| === LSTM_OBS t=200 16.68422,3.92101,14.21509,14.31315,-0.52123,10.70877,-9.88127,0.03752,0.00000,0.00000,0.00204,1.00000,0.00000,0.00255,-0.01059,3993.54573,0.25000 ===
 90.27767|I|libbeamng.print:18052| === LSTM_TRACE t=210 v=16.49 ws=15.60,5.84,13.55,13.77 cmd=0.439,0.467,0.350,0.390 cap=1466,1535,636,726 des=1466,1535,556,635 app=1514,1534,554,632 abs=nil,nil,nil,nil ebrake=1.00 ibrake=1.00 hasABS=0 sy=10.61 split=1.000,0.875 ===
 90.27771|I|libbeamng.print:18052| === LSTM_OBS t=210 15.60348,5.83664,13.54642,13.77166,-0.70582,10.60698,-9.85216,0.04849,0.00000,0.00000,0.00049,1.00000,0.00000,0.00339,-0.01199,4088.56267,0.25000 ===
 90.32727|I|libbeamng.print:18052| === LSTM_TRACE t=220 v=15.97 ws=15.15,7.82,11.72,14.03 cmd=0.617,0.651,0.349,0.388 cap=1771,1875,687,799 des=1771,1875,601,699 app=1768,1849,598,695 abs=nil,nil,nil,nil ebrake=1.00 ibrake=1.00 hasABS=0 sy=10.48 split=1.000,0.875 ===
 90.32732|I|libbeamng.print:18052| === LSTM_OBS t=220 15.15409,7.81613,11.71869,14.02949,-0.78918,10.48145,-9.77006,0.02074,0.00000,0.00000,0.00000,1.00000,0.00000,0.00558,-0.01405,4184.21468,0.25000 ===
 90.37628|I|libbeamng.print:18052| === LSTM_TRACE t=230 v=15.42 ws=14.61,9.00,9.78,14.57 cmd=0.567,0.621,0.304,0.353 cap=2216,2310,702,814 des=2216,2310,614,712 app=2212,2278,610,708 abs=nil,nil,nil,nil ebrake=1.00 ibrake=1.00 hasABS=0 sy=10.53 split=1.000,0.875 ===
 90.37633|I|libbeamng.print:18052| === LSTM_OBS t=230 14.61213,9.00485,9.78282,14.57218,-0.78053,10.53250,-9.70062,-0.00725,0.00000,0.00000,0.00000,1.00000,0.00000,0.00637,-0.01625,4266.48123,0.25000 ===
 90.42636|I|libbeamng.print:18052| === LSTM_TRACE t=240 v=14.87 ws=13.86,10.08,8.35,14.13 cmd=0.683,0.736,0.343,0.403 cap=2183,2325,714,824 des=2183,2325,625,721 app=2179,2295,621,717 abs=nil,nil,nil,nil ebrake=1.00 ibrake=1.00 hasABS=0 sy=10.65 split=1.000,0.875 ===
 90.42641|I|libbeamng.print:18052| === LSTM_OBS t=240 13.85534,10.07673,8.35370,14.12916,-0.86098,10.65492,-9.75222,-0.01860,0.00000,0.00000,0.00210,1.00000,0.00000,0.00647,-0.01816,4308.70095,0.25000 ===
 90.47643|I|libbeamng.print:18052| === LSTM_TRACE t=250 v=14.31 ws=13.24,10.82,7.58,13.77 cmd=0.744,0.778,0.434,0.483 cap=1884,2059,723,825 des=1884,2059,632,722 app=1915,2034,627,717 abs=nil,nil,nil,nil ebrake=1.00 ibrake=1.00 hasABS=0 sy=10.76 split=1.000,0.875 ===
 90.47648|I|libbeamng.print:18052| === LSTM_OBS t=250 13.24443,10.82254,7.57645,13.76742,-0.87338,10.75755,-9.75647,-0.03408,0.00000,0.00000,0.00134,1.00000,0.00000,0.00591,-0.01947,4298.34530,0.25000 ===
 90.52649|I|libbeamng.print:18052| === LSTM_TRACE t=260 v=13.77 ws=12.65,10.99,6.63,12.91 cmd=0.745,0.778,0.494,0.549 cap=2217,2335,952,1047 des=2217,2335,833,916 app=2215,2309,826,911 abs=nil,nil,nil,nil ebrake=1.00 ibrake=1.00 hasABS=0 sy=10.86 split=1.000,0.875 ===
 90.52654|I|libbeamng.print:18052| === LSTM_OBS t=260 12.65497,10.98741,6.62736,12.91005,-0.76397,10.85643,-9.66383,-0.03928,0.00000,0.00000,0.00254,1.00000,0.00000,0.00463,-0.02012,4243.19612,0.25000 ===
 90.57732|I|libbeamng.print:18052| === LSTM_TRACE t=270 v=13.20 ws=12.25,10.35,6.49,12.53 cmd=0.693,0.748,0.567,0.620 cap=2217,2374,1106,1202 des=2217,2374,968,1052 app=2215,2349,959,1045 abs=nil,nil,nil,nil ebrake=1.00 ibrake=1.00 hasABS=0 sy=10.93 split=1.000,0.875 ===
 90.57737|I|libbeamng.print:18052| === LSTM_OBS t=270 12.25416,10.35193,6.49077,12.52821,-0.60812,10.92950,-9.55393,-0.04116,0.00000,0.00000,0.00280,1.00000,0.00000,0.00298,-0.02031,4135.29498,0.25000 ===
 90.62643|I|libbeamng.print:18052| === LSTM_TRACE t=280 v=12.65 ws=11.78,9.44,6.40,11.91 cmd=0.668,0.728,0.577,0.622 cap=2167,2344,1167,1256 des=2167,2344,1021,1099 app=2165,2321,1011,1092 abs=nil,nil,nil,nil ebrake=1.00 ibrake=1.00 hasABS=0 sy=10.98 split=1.000,0.875 ===
 90.62647|I|libbeamng.print:18052| === LSTM_OBS t=280 11.78427,9.44088,6.39644,11.90810,-0.44394,10.97895,-9.48741,-0.04518,0.00000,0.00000,0.00265,1.00000,0.00000,0.00164,-0.01983,3992.25418,0.25000 ===
 90.67777|I|libbeamng.print:18052| === LSTM_TRACE t=290 v=12.10 ws=11.34,8.42,6.11,11.36 cmd=0.683,0.739,0.669,0.704 cap=1704,1917,1196,1321 des=1704,1917,1047,1156 app=1962,2077,1036,1149 abs=nil,nil,nil,nil ebrake=1.00 ibrake=1.00 hasABS=0 sy=11.00 split=1.000,0.875 ===
 90.67781|I|libbeamng.print:18052| === LSTM_OBS t=290 11.33727,8.41729,6.10954,11.35947,-0.29426,11.00434,-9.43708,-0.03550,0.00000,0.00000,0.00270,1.00000,0.00000,0.00084,-0.01918,3843.48410,0.25000 ===
 90.73000|I|libbeamng.print:18052| === LSTM_TRACE t=300 v=11.54 ws=10.75,7.16,6.24,10.85 cmd=0.524,0.590,0.730,0.754 cap=1617,1823,1222,1318 des=1617,1823,1069,1153 app=1991,2096,1059,1146 abs=nil,nil,nil,nil ebrake=1.00 ibrake=1.00 hasABS=0 sy=11.04 split=1.000,0.875 ===
 90.73004|I|libbeamng.print:18052| === LSTM_OBS t=300 10.75287,7.15999,6.24131,10.84760,-0.15040,11.04066,-9.47887,-0.03178,0.00000,0.00000,0.00134,1.00000,0.00000,0.00038,-0.01843,3684.20799,0.25000 ===
 90.77850|I|libbeamng.print:18052| === LSTM_TRACE t=310 v=10.98 ws=10.71,7.00,5.71,10.08 cmd=0.833,0.851,0.780,0.813 cap=2402,2506,1482,1518 des=2402,2506,1297,1328 app=2009,2136,1284,1321 abs=nil,nil,nil,nil ebrake=1.00 ibrake=1.00 hasABS=0 sy=11.05 split=1.000,0.875 ===
 90.77854|I|libbeamng.print:18052| === LSTM_OBS t=310 10.71077,7.00130,5.71274,10.08294,-0.01822,11.05288,-9.47151,-0.03408,0.00000,0.00000,0.00305,1.00000,0.00000,0.00017,-0.01762,3511.11426,0.25000 ===
 90.82795|I|libbeamng.print:18052| === LSTM_TRACE t=320 v=10.43 ws=9.87,6.66,5.53,9.54 cmd=0.705,0.738,0.785,0.819 cap=2079,2186,1468,1555 des=2079,2186,1284,1361 app=2077,2166,1271,1353 abs=nil,nil,nil,nil ebrake=1.00 ibrake=1.00 hasABS=0 sy=11.05 split=1.000,0.875 ===
 90.82799|I|libbeamng.print:18052| === LSTM_OBS t=320 9.86830,6.65516,5.53319,9.53754,0.10146,11.04509,-9.49499,-0.04129,0.00000,0.00000,0.00409,1.00000,0.00000,0.00017,-0.01657,3327.94731,0.25000 ===
 90.87886|I|libbeamng.print:18052| === LSTM_TRACE t=330 v=9.85 ws=9.22,6.28,5.31,8.86 cmd=0.762,0.783,0.818,0.844 cap=2129,2210,1596,1652 des=2129,2210,1396,1446 app=2127,2189,1382,1438 abs=nil,nil,nil,nil ebrake=1.00 ibrake=1.00 hasABS=0 sy=11.13 split=1.000,0.875 ===
 90.87891|I|libbeamng.print:18052| === LSTM_OBS t=330 9.21876,6.27877,5.31082,8.85701,0.17986,11.12710,-9.53151,-0.03132,0.00000,0.00000,0.00265,1.00000,0.00000,0.00017,-0.01574,3136.58685,0.25000 ===
 90.92850|I|libbeamng.print:18052| === LSTM_TRACE t=340 v=9.28 ws=8.37,5.38,5.22,8.11 cmd=0.603,0.629,0.821,0.850 cap=1881,1925,1554,1643 des=1881,1925,1360,1438 app=2198,2188,1346,1430 abs=nil,nil,nil,nil ebrake=1.00 ibrake=1.00 hasABS=0 sy=11.24 split=1.000,0.875 ===
 90.92855|I|libbeamng.print:18052| === LSTM_OBS t=340 8.36794,5.38159,5.22293,8.11457,0.24985,11.24192,-9.58415,-0.02923,0.00000,0.00000,0.00326,1.00000,0.00000,0.00007,-0.01492,2938.24985,0.25000 ===
 90.97875|I|libbeamng.print:18052| === LSTM_TRACE t=350 v=8.70 ws=7.94,5.23,5.13,7.27 cmd=0.829,0.828,0.830,0.865 cap=2588,2598,1665,1700 des=2588,2598,1457,1488 app=2253,2261,1442,1479 abs=nil,nil,nil,nil ebrake=1.00 ibrake=1.00 hasABS=0 sy=11.38 split=1.000,0.875 ===
 90.97879|I|libbeamng.print:18052| === LSTM_OBS t=350 7.93706,5.22985,5.13373,7.27475,0.29765,11.37526,-9.62395,-0.02863,0.00000,0.00000,0.00483,1.00000,0.00000,0.00007,-0.01425,2737.57058,0.25000 ===
 91.02835|I|libbeamng.print:18052| === LSTM_TRACE t=360 v=8.10 ws=7.17,4.49,5.18,5.99 cmd=0.754,0.756,0.852,0.869 cap=1939,1947,1596,1650 des=1939,1947,1396,1444 app=1936,1928,1382,1435 abs=nil,nil,nil,nil ebrake=1.00 ibrake=1.00 hasABS=0 sy=11.49 split=1.000,0.875 ===
 91.02840|I|libbeamng.print:18052| === LSTM_OBS t=360 7.16533,4.49277,5.17712,5.98889,0.31848,11.48819,-9.65618,-0.02725,0.00000,0.00000,0.00322,1.00000,0.00000,-0.00041,-0.01351,2532.58857,0.25000 ===
 91.07829|I|libbeamng.print:18052| === LSTM_TRACE t=370 v=7.51 ws=6.33,4.10,5.13,4.92 cmd=0.570,0.569,0.811,0.847 cap=2499,2471,1622,1682 des=2499,2471,1419,1472 app=2495,2447,1404,1463 abs=nil,nil,nil,nil ebrake=1.00 ibrake=1.00 hasABS=0 sy=11.62 split=1.000,0.875 ===
 91.07837|I|libbeamng.print:18052| === LSTM_OBS t=370 6.33205,4.10042,5.13268,4.92158,0.30308,11.61577,-9.67662,-0.00805,0.00000,0.00000,0.00345,1.00000,0.00000,-0.00100,-0.01273,2330.29759,0.25000 ===
 91.12858|I|libbeamng.print:18052| === LSTM_TRACE t=380 v=6.90 ws=6.10,3.23,5.26,3.88 cmd=0.713,0.706,0.841,0.858 cap=2302,2274,1637,1668 des=2302,2274,1432,1459 app=2298,2251,1417,1450 abs=nil,nil,nil,nil ebrake=1.00 ibrake=1.00 hasABS=0 sy=11.74 split=1.000,0.875 ===
 91.12865|I|libbeamng.print:18052| === LSTM_OBS t=380 6.09913,3.22950,5.25763,3.88038,0.30705,11.73570,-9.69609,-0.01599,0.00000,0.00000,0.00354,1.00000,0.00000,-0.00218,-0.01241,2132.58161,0.25000 ===
 91.17913|I|libbeamng.print:18052| === LSTM_TRACE t=390 v=6.32 ws=5.74,3.37,5.18,3.26 cmd=0.784,0.763,0.817,0.848 cap=2685,2646,1661,1682 des=2685,2646,1453,1472 app=2531,2468,1438,1462 abs=nil,nil,nil,nil ebrake=1.00 ibrake=1.00 hasABS=0 sy=11.73 split=1.000,0.875 ===
 91.17917|I|libbeamng.print:18052| === LSTM_OBS t=390 5.73597,3.36511,5.18367,3.25916,0.28890,11.73099,-9.75925,0.00858,0.00000,0.00000,0.00555,1.00000,0.00000,-0.00275,-0.01206,1929.68289,0.25000 ===
 91.22891|I|libbeamng.print:18052| === LSTM_TRACE t=400 v=5.74 ws=5.05,2.99,5.00,2.28 cmd=0.763,0.734,0.800,0.789 cap=2057,1953,1498,1541 des=2057,1953,1310,1348 app=2080,1980,1297,1338 abs=nil,nil,nil,nil ebrake=1.00 ibrake=1.00 hasABS=0 sy=11.70 split=1.000,0.875 ===
 91.22896|I|libbeamng.print:18052| === LSTM_OBS t=400 5.04921,2.99157,4.99660,2.28249,0.31913,11.69791,-9.72955,0.00536,0.00000,0.00000,0.00115,1.00000,0.00000,-0.00342,-0.01191,1728.30371,0.25000 ===
 91.27877|I|libbeamng.print:18052| === LSTM_TRACE t=410 v=5.19 ws=4.42,2.54,4.95,1.96 cmd=0.749,0.704,0.730,0.731 cap=2488,2356,1448,1476 des=2488,2356,1267,1292 app=2482,2329,1253,1282 abs=nil,nil,nil,nil ebrake=1.00 ibrake=1.00 hasABS=0 sy=11.58 split=1.000,0.875 ===
 91.27881|I|libbeamng.print:18052| === LSTM_OBS t=410 4.42059,2.54221,4.94945,1.95973,0.29358,11.58010,-9.74187,0.01797,0.00000,0.00000,0.00357,1.00000,0.00000,-0.00291,-0.01153,1528.17953,0.25000 ===
 91.32561|I|libbeamng.print:18052| === LSTM_TRACE t=420 v=4.61 ws=3.34,1.13,4.45,1.53 cmd=0.903,0.879,0.707,0.765 cap=2378,2285,1334,1381 des=2378,2285,1167,1208 app=2371,2258,1155,1198 abs=nil,nil,nil,nil ebrake=1.00 ibrake=1.00 hasABS=0 sy=11.55 split=1.000,0.875 ===
 91.32566|I|libbeamng.print:18052| === LSTM_OBS t=420 3.33913,1.13133,4.44894,1.53024,0.29540,11.55300,-9.82609,0.03813,0.00000,0.00000,0.00864,1.00000,0.00000,-0.00171,-0.01147,1375.55090,0.25000 ===
 91.37511|I|libbeamng.print:18052| === LSTM_TRACE t=430 v=4.03 ws=0.26,0.17,3.28,1.68 cmd=0.978,0.978,0.626,0.671 cap=3006,3006,1177,1281 des=3006,3006,1030,1121 app=2997,2968,1019,1111 abs=nil,nil,nil,nil ebrake=1.00 ibrake=1.00 hasABS=0 sy=11.57 split=1.000,0.875 ===
 91.37516|I|libbeamng.print:18052| === LSTM_OBS t=430 0.26152,0.17072,3.27986,1.68390,0.28923,11.57081,-9.83423,0.01680,0.00000,0.00000,0.00293,1.00000,0.00000,0.00021,-0.01148,1223.39725,0.25000 ===
 91.42505|I|libbeamng.print:18052| === LSTM_TRACE t=440 v=3.48 ws=0.10,0.08,2.61,1.94 cmd=0.990,0.991,0.743,0.766 cap=3067,3069,1422,1451 des=3067,3069,1245,1270 app=3055,3028,1231,1257 abs=nil,nil,nil,nil ebrake=1.00 ibrake=1.00 hasABS=0 sy=11.50 split=1.000,0.875 ===
 91.42510|I|libbeamng.print:18052| === LSTM_OBS t=440 0.09962,0.07533,2.60722,1.93585,0.22020,11.50141,-9.80892,0.02848,0.00000,0.00000,0.00142,1.00000,0.00000,0.00137,-0.01180,1093.75106,0.25000 ===
 91.47768|I|libbeamng.print:18052| === LSTM_TRACE t=450 v=2.91 ws=0.04,0.04,1.09,0.61 cmd=0.995,0.995,0.834,0.854 cap=3084,3085,1614,1652 des=3084,3085,1412,1445 app=3070,3042,1395,1431 abs=nil,nil,nil,nil ebrake=1.00 ibrake=1.00 hasABS=0 sy=11.44 split=1.000,0.875 ===
 91.47775|I|libbeamng.print:18052| === LSTM_OBS t=450 0.04479,0.03726,1.09425,0.60687,0.24646,11.44128,-9.63332,0.01271,0.00000,0.00000,0.00124,1.00000,0.00000,0.00100,-0.01234,942.68970,0.25000 ===
 91.52502|I|libbeamng.print:18052| === LSTM_TRACE t=460 v=2.36 ws=0.03,0.00,0.16,0.05 cmd=0.992,0.993,0.854,0.879 cap=3076,3079,1653,1698 des=3076,3079,1446,1486 app=3061,3033,1428,1470 abs=nil,nil,nil,nil ebrake=1.00 ibrake=1.00 hasABS=0 sy=11.33 split=1.000,0.875 ===
 91.52508|I|libbeamng.print:18052| === LSTM_OBS t=460 0.02710,0.00075,0.16262,0.05345,0.13538,11.32557,-9.49852,0.00310,0.00000,0.00000,0.00261,1.00000,0.00000,0.00095,-0.01264,774.48045,0.25000 ===
 91.57567|I|libbeamng.print:18052| === LSTM_TRACE t=470 v=1.79 ws=0.01,0.01,0.00,0.15 cmd=0.987,0.990,0.865,0.879 cap=3061,3068,1679,1700 des=3061,3068,1469,1488 app=3044,3020,1450,1470 abs=nil,nil,nil,nil ebrake=1.00 ibrake=1.00 hasABS=0 sy=11.29 split=1.000,0.875 ===
 91.57572|I|libbeamng.print:18052| === LSTM_OBS t=470 0.01133,0.00513,0.00409,0.14706,0.05919,11.29431,-9.48448,0.00159,0.00000,0.00000,0.00176,1.00000,0.00000,0.00039,-0.01222,732.94413,0.25000 ===
 91.62504|I|libbeamng.print:18052| === LSTM_TRACE t=480 v=1.21 ws=0.00,0.00,0.17,0.10 cmd=0.984,0.987,0.868,0.875 cap=3052,3060,1687,1700 des=3052,3060,1476,1488 app=3033,3011,1456,1470 abs=nil,nil,nil,nil ebrake=1.00 ibrake=1.00 hasABS=0 sy=11.34 split=1.000,0.875 ===
 91.62510|I|libbeamng.print:18052| === LSTM_OBS t=480 0.00168,0.00379,0.17107,0.10285,-0.02833,11.34284,-9.52254,0.00198,0.00000,0.00000,0.00183,1.00000,0.00000,0.00018,-0.01177,728.85772,0.25000 ===
 91.67495|I|libbeamng.print:18052| === LSTM_TRACE t=490 v=0.61 ws=0.00,0.00,0.70,0.00 cmd=0.983,0.986,0.870,0.873 cap=3046,3056,1691,1695 des=3046,3056,1479,1483 app=3025,3004,1459,1465 abs=nil,nil,nil,nil ebrake=1.00 ibrake=1.00 hasABS=0 sy=11.47 split=1.000,0.875 ===
 91.67499|I|libbeamng.print:18052| === LSTM_OBS t=490 0.00030,0.00043,0.69631,0.00237,-0.08262,11.47425,-9.59268,0.00787,0.00000,0.00000,0.00154,1.00000,0.00000,0.00050,-0.01143,727.50959,0.25000 ===
 95.47769|I|libbeamng.print:18052| === LSTM_ABS: lens 'band_g_mix_lock_sy_s2' loaded (1 member, 17 in, 64 hidden, 2 layers) ===
 95.47928|I|libbeamng.print:18052| === LSTM_ABS SELFTEST lens=band_g_mix_lock_sy_s2 cmd=0.984303,0.982368,0.363924,0.433887 ===
125.59408|I|libbeamng.print:18052| === LSTM_TRACE t=0 v=27.71 ws=27.66,27.77,27.40,27.38 cmd=0.927,0.908,0.466,0.517 cap=155,155,97,97 des=155,155,85,85 app=152,150,83,83 abs=nil,nil,nil,nil ebrake=1.00 ibrake=1.00 hasABS=0 sy=1.57 split=1.000,0.875 ===
125.59413|I|libbeamng.print:18052| === LSTM_OBS t=0 27.66332,27.76941,27.40055,27.37576,0.05100,1.57464,-9.78385,-0.01157,0.00000,0.00000,0.00069,1.00000,0.00000,0.00068,-0.00909,7858.00855,0.25000 ===
125.64411|I|libbeamng.print:18052| === LSTM_TRACE t=10 v=27.43 ws=26.70,26.38,26.72,26.91 cmd=0.444,0.559,0.675,0.643 cap=1315,1657,1272,1201 des=1315,1657,1113,1051 app=1288,1610,1088,1029 abs=nil,nil,nil,nil ebrake=1.00 ibrake=1.00 hasABS=0 sy=2.13 split=1.000,0.875 ===
125.64416|I|libbeamng.print:18052| === LSTM_OBS t=10 26.69546,26.37781,26.71673,26.90718,0.07221,2.13216,-9.75419,-0.01429,0.00000,0.00000,0.00210,1.00000,0.00000,0.00065,-0.01005,7776.02904,0.25000 ===
125.66449|I|libbeamng.print:18052| === LSTM_ABS DBG raw=26.1254,25.7784,26.3451,26.5312,0.0745,2.6750,-9.7258,-0.0075,0.0000,0.0000,0.0027,1.0000,0.0000,0.0008,-0.0109,7691.8054,0.2500 ===
125.66452|I|libbeamng.print:18052| === LSTM_ABS DBG norm=0.54,0.46,0.51,0.50,-0.09,-2.08,0.00,-0.03,0.06,-0.06,0.02,0.59,-0.02,0.00,0.00,3.81,0.00 ===
125.66453|I|libbeamng.print:18052| === LSTM_ABS DBG cmd=0.5510,0.6628,0.7415,0.7210 ===
125.69408|I|libbeamng.print:18052| === LSTM_TRACE t=20 v=26.98 ws=24.88,24.45,25.69,25.88 cmd=0.764,0.807,0.781,0.787 cap=2308,2469,1521,1519 des=2308,2469,1331,1329 app=2271,2414,1308,1308 abs=nil,nil,nil,nil ebrake=1.00 ibrake=1.00 hasABS=0 sy=3.64 split=1.000,0.875 ===
125.69413|I|libbeamng.print:18052| === LSTM_OBS t=20 24.88017,24.44694,25.68789,25.88029,0.08292,3.64449,-9.55716,-0.01898,0.00000,0.00000,0.00221,1.00000,0.00000,0.00082,-0.01238,7532.81872,0.25000 ===
125.74415|I|libbeamng.print:18052| === LSTM_TRACE t=30 v=26.43 ws=23.23,22.26,24.74,24.82 cmd=0.783,0.814,0.752,0.787 cap=2338,2452,1454,1521 des=2338,2452,1273,1331 app=2310,2410,1256,1316 abs=nil,nil,nil,nil ebrake=1.00 ibrake=1.00 hasABS=0 sy=5.55 split=1.000,0.875 ===
125.74420|I|libbeamng.print:18052| === LSTM_OBS t=30 23.23106,22.25675,24.74008,24.82254,0.12010,5.54823,-9.30941,-0.00239,0.00000,0.00000,0.00256,1.00000,0.00000,0.00105,-0.01500,7245.57348,0.25000 ===
125.79405|I|libbeamng.print:18052| === LSTM_TRACE t=40 v=25.85 ws=22.42,20.21,24.12,23.78 cmd=0.796,0.822,0.738,0.774 cap=2395,2500,1444,1515 des=2395,2500,1264,1326 app=2374,2467,1251,1314 abs=nil,nil,nil,nil ebrake=1.00 ibrake=1.00 hasABS=0 sy=7.22 split=1.000,0.875 ===
125.79409|I|libbeamng.print:18052| === LSTM_OBS t=40 22.41606,20.21367,24.11648,23.78177,0.10335,7.21650,-9.35518,0.00204,0.00000,0.00000,0.00318,1.00000,0.00000,0.00122,-0.01694,6984.78688,0.25000 ===
125.84416|I|libbeamng.print:18052| === LSTM_TRACE t=50 v=25.24 ws=22.47,17.89,23.51,22.96 cmd=0.753,0.785,0.763,0.778 cap=2399,2480,1458,1493 des=2399,2480,1276,1306 app=2384,2454,1266,1298 abs=nil,nil,nil,nil ebrake=1.00 ibrake=1.00 hasABS=0 sy=8.57 split=1.000,0.875 ===
125.84421|I|libbeamng.print:18052| === LSTM_OBS t=50 22.46658,17.88629,23.50617,22.95662,0.10417,8.57034,-9.49702,0.00286,0.00000,0.00000,0.00372,1.00000,0.00000,0.00131,-0.01825,6756.84950,0.25000 ===
125.89435|I|libbeamng.print:18052| === LSTM_TRACE t=60 v=24.65 ws=22.67,14.93,22.66,22.27 cmd=0.658,0.712,0.775,0.780 cap=2308,2394,1503,1517 des=2308,2394,1315,1328 app=2298,2373,1307,1321 abs=nil,nil,nil,nil ebrake=1.00 ibrake=1.00 hasABS=0 sy=9.53 split=1.000,0.875 ===
125.89441|I|libbeamng.print:18052| === LSTM_OBS t=60 22.67362,14.92876,22.66239,22.26823,0.08756,9.53040,-9.66483,0.00527,0.00000,0.00000,0.00381,1.00000,0.00000,0.00150,-0.01877,6536.31816,0.25000 ===
125.94371|I|libbeamng.print:18052| === LSTM_TRACE t=70 v=24.09 ws=22.79,11.25,21.55,21.65 cmd=0.708,0.744,0.792,0.793 cap=2261,2374,1536,1540 des=2261,2374,1344,1347 app=2254,2356,1338,1343 abs=nil,nil,nil,nil ebrake=1.00 ibrake=1.00 hasABS=0 sy=10.15 split=1.000,0.875 ===
125.94375|I|libbeamng.print:18052| === LSTM_OBS t=70 22.78834,11.25062,21.54632,21.65037,0.02873,10.15004,-9.76941,0.03075,0.00000,0.00000,0.00345,1.00000,0.00000,0.00210,-0.01852,6311.21320,0.25000 ===
125.99410|I|libbeamng.print:18052| === LSTM_TRACE t=80 v=23.56 ws=22.41,8.17,20.23,21.50 cmd=0.556,0.602,0.778,0.776 cap=2148,2242,1535,1537 des=2148,2242,1343,1345 app=2144,2225,1339,1341 abs=nil,nil,nil,nil ebrake=1.00 ibrake=1.00 hasABS=0 sy=10.41 split=1.000,0.875 ===
125.99416|I|libbeamng.print:18052| === LSTM_OBS t=80 22.40695,8.17085,20.23330,21.50207,-0.03177,10.41143,-9.78483,0.01955,0.00000,0.00000,0.00256,1.00000,0.00000,0.00288,-0.01745,6086.52163,0.25000 ===
126.04387|I|libbeamng.print:18052| === LSTM_TRACE t=90 v=23.04 ws=22.10,6.40,18.80,21.60 cmd=0.505,0.542,0.785,0.787 cap=1896,1984,1547,1551 des=1896,1984,1353,1358 app=1894,1969,1350,1355 abs=nil,nil,nil,nil ebrake=1.00 ibrake=1.00 hasABS=0 sy=10.41 split=1.000,0.875 ===
126.04392|I|libbeamng.print:18052| === LSTM_OBS t=90 22.09852,6.40214,18.79768,21.59801,-0.09991,10.41179,-9.71675,0.01523,0.00000,0.00000,0.00226,1.00000,0.00000,0.00370,-0.01604,5871.56333,0.25000 ===
126.09404|I|libbeamng.print:18052| === LSTM_TRACE t=100 v=22.54 ws=21.57,5.83,17.30,21.61 cmd=0.550,0.578,0.811,0.818 cap=1967,2038,1595,1611 des=1967,2038,1396,1410 app=1947,1995,1393,1408 abs=nil,nil,nil,nil ebrake=1.00 ibrake=1.00 hasABS=0 sy=10.33 split=1.000,0.875 ===
126.09408|I|libbeamng.print:18052| === LSTM_OBS t=100 21.57488,5.83185,17.30293,21.61249,-0.17082,10.33341,-9.66848,-0.02557,0.00000,0.00000,0.00162,1.00000,0.00000,0.00434,-0.01450,5663.19088,0.25000 ===
126.14454|I|libbeamng.print:18052| === LSTM_TRACE t=110 v=22.04 ws=21.04,4.86,15.89,21.10 cmd=0.535,0.577,0.846,0.850 cap=1870,1954,1627,1638 des=1870,1954,1423,1433 app=1870,1938,1421,1433 abs=nil,nil,nil,nil ebrake=1.00 ibrake=1.00 hasABS=0 sy=10.24 split=1.000,0.875 ===
126.14462|I|libbeamng.print:18052| === LSTM_OBS t=110 21.03957,4.86365,15.88950,21.09731,-0.26315,10.24261,-9.62275,-0.02614,0.00000,0.00000,0.00154,1.00000,0.00000,0.00439,-0.01314,5430.65315,0.25000 ===
126.19449|I|libbeamng.print:18052| === LSTM_TRACE t=120 v=21.53 ws=20.61,3.50,14.62,20.54 cmd=0.645,0.674,0.845,0.851 cap=1705,1842,1650,1657 des=1705,1842,1444,1450 app=1705,1827,1442,1450 abs=nil,nil,nil,nil ebrake=1.00 ibrake=1.00 hasABS=0 sy=10.20 split=1.000,0.875 ===
126.19454|I|libbeamng.print:18052| === LSTM_OBS t=120 20.61255,3.50250,14.61671,20.54154,-0.27579,10.20142,-9.60331,-0.04448,0.00000,0.00000,0.00146,1.00000,0.00000,0.00328,-0.01177,5179.79022,0.25000 ===
126.24405|I|libbeamng.print:18052| === LSTM_TRACE t=130 v=21.03 ws=20.19,1.90,13.65,19.92 cmd=0.492,0.529,0.812,0.820 cap=2026,2055,1573,1591 des=2026,2055,1377,1392 app=2026,2038,1375,1392 abs=nil,nil,nil,nil ebrake=1.00 ibrake=1.00 hasABS=0 sy=10.19 split=1.000,0.875 ===
126.24409|I|libbeamng.print:18052| === LSTM_OBS t=130 20.18849,1.90110,13.65346,19.91971,-0.23217,10.18718,-9.63043,-0.04559,0.00000,0.00000,0.00329,1.00000,0.00000,0.00124,-0.01019,4933.98249,0.25000 ===
126.29401|I|libbeamng.print:18052| === LSTM_TRACE t=140 v=20.54 ws=19.47,0.12,13.22,19.21 cmd=0.287,0.338,0.765,0.782 cap=1065,1174,1502,1522 des=1065,1174,1314,1332 app=1605,1569,1313,1332 abs=nil,nil,nil,nil ebrake=1.00 ibrake=1.00 hasABS=0 sy=10.12 split=1.000,0.875 ===
126.29405|I|libbeamng.print:18052| === LSTM_OBS t=140 19.47095,0.11719,13.21690,19.21171,-0.19213,10.12485,-9.61639,-0.05998,0.00000,0.00000,0.00000,1.00000,0.00000,-0.00066,-0.00878,4721.95533,0.25000 ===
126.34461|I|libbeamng.print:18052| === LSTM_TRACE t=150 v=20.03 ws=19.44,1.27,12.57,18.71 cmd=0.733,0.712,0.748,0.773 cap=1811,1862,1444,1499 des=1811,1862,1264,1312 app=1581,1553,1262,1312 abs=nil,nil,nil,nil ebrake=1.00 ibrake=1.00 hasABS=0 sy=10.06 split=1.000,0.875 ===
126.34466|I|libbeamng.print:18052| === LSTM_OBS t=150 19.44435,1.26737,12.57172,18.71379,-0.08791,10.06028,-9.62526,-0.05674,0.00000,0.00000,0.00311,1.00000,0.00000,-0.00159,-0.00798,4540.51305,0.25000 ===
126.39415|I|libbeamng.print:18052| === LSTM_TRACE t=160 v=19.56 ws=18.89,0.09,12.18,17.90 cmd=0.487,0.483,0.740,0.755 cap=2028,1964,1465,1502 des=2028,1964,1282,1314 app=1909,1921,1281,1314 abs=nil,nil,nil,nil ebrake=1.00 ibrake=1.00 hasABS=0 sy=10.00 split=1.000,0.875 ===
126.39419|I|libbeamng.print:18052| === LSTM_OBS t=160 18.89485,0.09160,12.18470,17.89864,0.05781,10.00436,-9.66274,-0.07163,0.00000,0.00000,0.00453,1.00000,0.00000,-0.00243,-0.00759,4380.24326,0.25000 ===
126.44419|I|libbeamng.print:18052| === LSTM_TRACE t=170 v=19.05 ws=18.35,0.88,11.71,17.15 cmd=0.641,0.635,0.720,0.745 cap=1191,1279,1453,1480 des=1191,1279,1272,1295 app=1191,1264,1270,1295 abs=nil,nil,nil,nil ebrake=1.00 ibrake=1.00 hasABS=0 sy=9.92 split=1.000,0.875 ===
126.44423|I|libbeamng.print:18052| === LSTM_OBS t=170 18.35090,0.88198,11.71373,17.15028,0.22581,9.92307,-9.69078,-0.06650,0.00000,0.00000,0.00210,1.00000,0.00000,-0.00244,-0.00771,4227.30637,0.25000 ===
126.49410|I|libbeamng.print:18052| === LSTM_TRACE t=180 v=18.56 ws=17.80,0.21,11.52,16.32 cmd=0.458,0.469,0.760,0.749 cap=2151,2108,1466,1466 des=2151,2108,1283,1283 app=1957,2029,1281,1283 abs=nil,nil,nil,nil ebrake=1.00 ibrake=1.00 hasABS=0 sy=9.97 split=1.000,0.875 ===
126.49414|I|libbeamng.print:18052| === LSTM_OBS t=180 17.80135,0.20794,11.51513,16.31511,0.43817,9.96788,-9.75273,-0.06835,0.00000,0.00000,0.00537,1.00000,0.00000,-0.00394,-0.00735,4071.52086,0.25000 ===
126.54460|I|libbeamng.print:18052| === LSTM_TRACE t=190 v=18.07 ws=17.22,0.10,11.45,15.06 cmd=0.371,0.404,0.741,0.747 cap=1043,1099,1473,1469 des=1043,1099,1289,1286 app=1594,1465,1288,1286 abs=nil,nil,nil,nil ebrake=1.00 ibrake=1.00 hasABS=0 sy=9.92 split=1.000,0.875 ===
126.54464|I|libbeamng.print:18052| === LSTM_OBS t=190 17.22339,0.09627,11.44897,15.05698,0.49821,9.92488,-9.75009,-0.07006,0.00000,0.00000,0.00204,1.00000,0.00000,-0.00400,-0.00774,3915.16507,0.25000 ===
126.59422|I|libbeamng.print:18052| === LSTM_TRACE t=200 v=17.57 ws=16.94,0.65,11.34,14.49 cmd=0.671,0.644,0.762,0.761 cap=2096,2060,1432,1445 des=2096,2060,1253,1264 app=1739,1789,1251,1264 abs=nil,nil,nil,nil ebrake=1.00 ibrake=1.00 hasABS=0 sy=9.88 split=1.000,0.875 ===
126.59426|I|libbeamng.print:18052| === LSTM_OBS t=200 16.93942,0.65198,11.33773,14.48834,0.60981,9.88158,-9.75786,-0.07288,0.00000,0.00000,0.00409,1.00000,0.00000,-0.00398,-0.00810,3753.38804,0.25000 ===
126.64454|I|libbeamng.print:18052| === LSTM_TRACE t=210 v=17.07 ws=16.01,0.03,11.61,12.92 cmd=0.245,0.269,0.756,0.723 cap=2065,1940,1471,1426 des=2065,1940,1287,1247 app=2065,1914,1285,1247 abs=nil,nil,nil,nil ebrake=1.00 ibrake=1.00 hasABS=0 sy=9.91 split=1.000,0.875 ===
126.64458|I|libbeamng.print:18052| === LSTM_OBS t=210 16.01377,0.02555,11.60806,12.92435,0.77051,9.91252,-9.76176,-0.07784,0.00000,0.00000,0.00430,1.00000,0.00000,-0.00563,-0.00805,3588.93871,0.25000 ===
126.69437|I|libbeamng.print:18052| === LSTM_TRACE t=220 v=16.56 ws=16.08,0.07,12.15,11.37 cmd=0.636,0.612,0.712,0.699 cap=1212,1266,1413,1370 des=1212,1266,1237,1198 app=1290,1248,1235,1198 abs=nil,nil,nil,nil ebrake=1.00 ibrake=1.00 hasABS=0 sy=9.93 split=1.000,0.875 ===
126.69442|I|libbeamng.print:18052| === LSTM_OBS t=220 16.08195,0.06587,12.15012,11.37026,0.80652,9.93413,-9.79870,-0.07165,0.00000,0.00000,0.00289,1.00000,0.00000,-0.00615,-0.00818,3432.65883,0.25000 ===
126.74440|I|libbeamng.print:18052| === LSTM_TRACE t=230 v=16.08 ws=15.58,0.11,12.56,9.44 cmd=0.570,0.531,0.759,0.726 cap=2488,2345,1436,1404 des=2488,2345,1257,1229 app=2065,2011,1255,1229 abs=nil,nil,nil,nil ebrake=1.00 ibrake=1.00 hasABS=0 sy=9.95 split=1.000,0.875 ===
126.74444|I|libbeamng.print:18052| === LSTM_OBS t=230 15.57543,0.10883,12.56145,9.43846,0.87971,9.94829,-9.78305,-0.07122,0.00000,0.00000,0.00507,1.00000,0.00000,-0.00606,-0.00820,3284.61820,0.25000 ===
126.79458|I|libbeamng.print:18052| === LSTM_TRACE t=240 v=15.56 ws=14.78,0.08,12.59,6.86 cmd=0.661,0.626,0.736,0.695 cap=1851,1760,1446,1363 des=1851,1760,1265,1192 app=1851,1733,1264,1192 abs=nil,nil,nil,nil ebrake=1.00 ibrake=1.00 hasABS=0 sy=9.95 split=1.000,0.875 ===
126.79463|I|libbeamng.print:18052| === LSTM_OBS t=240 14.78272,0.08455,12.59213,6.86243,1.00224,9.95229,-9.74998,-0.05770,0.00000,0.00000,0.00404,1.00000,0.00000,-0.00611,-0.00854,3155.27045,0.25000 ===
126.84448|I|libbeamng.print:18052| === LSTM_TRACE t=250 v=15.03 ws=14.09,0.07,12.85,4.53 cmd=0.701,0.651,0.744,0.687 cap=2203,2044,1435,1326 des=2203,2044,1256,1160 app=2203,2011,1255,1160 abs=nil,nil,nil,nil ebrake=1.00 ibrake=1.00 hasABS=0 sy=10.07 split=1.000,0.875 ===
126.84454|I|libbeamng.print:18052| === LSTM_OBS t=250 14.09294,0.07334,12.85060,4.52978,1.04761,10.07456,-9.75142,-0.04067,0.00000,0.00000,0.00483,1.00000,0.00000,-0.00632,-0.00895,3020.24260,0.25000 ===
126.89472|I|libbeamng.print:18052| === LSTM_TRACE t=260 v=14.49 ws=13.03,0.04,13.16,2.43 cmd=0.769,0.714,0.756,0.693 cap=2380,2206,1453,1332 des=2380,2206,1272,1165 app=2380,2169,1271,1165 abs=nil,nil,nil,nil ebrake=1.00 ibrake=1.00 hasABS=0 sy=10.31 split=1.000,0.875 ===
126.89477|I|libbeamng.print:18052| === LSTM_OBS t=260 13.03422,0.04167,13.16322,2.42791,1.12148,10.31420,-9.78086,-0.01396,0.00000,0.00000,0.00473,1.00000,0.00000,-0.00730,-0.01016,2889.37410,0.25000 ===
126.94413|I|libbeamng.print:18052| === LSTM_TRACE t=270 v=13.94 ws=11.71,0.00,13.25,0.31 cmd=0.817,0.765,0.771,0.718 cap=2483,2316,1499,1390 des=2483,2316,1311,1217 app=2483,2277,1310,1216 abs=nil,nil,nil,nil ebrake=1.00 ibrake=1.00 hasABS=0 sy=10.46 split=1.000,0.875 ===
126.94423|I|libbeamng.print:18052| === LSTM_OBS t=270 11.70866,0.00077,13.25107,0.30562,1.07186,10.45884,-9.86239,0.03502,0.00000,0.00000,0.00478,1.00000,0.00000,-0.00757,-0.01139,2718.77470,0.25000 ===
126.99384|I|libbeamng.print:18052| === LSTM_TRACE t=280 v=13.42 ws=10.18,0.03,11.80,0.08 cmd=0.785,0.739,0.764,0.738 cap=2350,2221,1487,1428 des=2350,2221,1301,1249 app=2350,2182,1300,1248 abs=nil,nil,nil,nil ebrake=1.00 ibrake=1.00 hasABS=0 sy=10.51 split=1.000,0.875 ===
126.99392|I|libbeamng.print:18052| === LSTM_OBS t=280 10.18319,0.02877,11.79813,0.08243,1.01368,10.50874,-9.82543,0.07545,0.00000,0.00000,0.00360,1.00000,0.00000,-0.00680,-0.01205,2528.04597,0.25000 ===
127.04407|I|libbeamng.print:18052| === LSTM_TRACE t=290 v=12.88 ws=8.79,0.02,10.60,0.08 cmd=0.684,0.662,0.749,0.744 cap=2380,2282,1460,1449 des=2380,2282,1277,1268 app=2380,2241,1276,1266 abs=nil,nil,nil,nil ebrake=1.00 ibrake=1.00 hasABS=0 sy=10.53 split=1.000,0.875 ===
127.04412|I|libbeamng.print:18052| === LSTM_OBS t=290 8.78716,0.01730,10.59619,0.08386,0.86874,10.53086,-9.79266,0.09354,0.00000,0.00000,0.00445,1.00000,0.00000,-0.00573,-0.01226,2369.50195,0.25000 ===
127.09395|I|libbeamng.print:18052| === LSTM_TRACE t=300 v=12.36 ws=8.54,0.00,9.88,0.02 cmd=0.645,0.657,0.682,0.716 cap=2120,2118,1336,1398 des=2120,2118,1169,1223 app=2120,2079,1168,1220 abs=nil,nil,nil,nil ebrake=1.00 ibrake=1.00 hasABS=0 sy=10.50 split=1.000,0.875 ===
127.09400|I|libbeamng.print:18052| === LSTM_OBS t=300 8.54107,0.00025,9.87788,0.02283,0.66339,10.49835,-9.73083,0.10966,0.00000,0.00000,0.00301,1.00000,0.00000,-0.00450,-0.01216,2203.29218,0.25000 ===
127.14447|I|libbeamng.print:18052| === LSTM_TRACE t=310 v=11.83 ws=8.63,0.02,9.39,0.03 cmd=0.731,0.750,0.652,0.696 cap=2077,2175,1260,1341 des=2077,2175,1102,1173 app=2077,2134,1101,1169 abs=nil,nil,nil,nil ebrake=1.00 ibrake=1.00 hasABS=0 sy=10.52 split=1.000,0.875 ===
127.14451|I|libbeamng.print:18052| === LSTM_OBS t=310 8.63422,0.02195,9.39372,0.02831,0.49302,10.52247,-9.67319,0.11374,0.00000,0.00000,0.00278,1.00000,0.00000,-0.00344,-0.01216,2062.55668,0.25000 ===
127.19394|I|libbeamng.print:18052| === LSTM_TRACE t=320 v=11.29 ws=8.36,0.00,8.76,0.01 cmd=0.658,0.702,0.645,0.696 cap=2207,2303,1264,1365 des=2207,2303,1106,1195 app=2207,2259,1105,1190 abs=nil,nil,nil,nil ebrake=1.00 ibrake=1.00 hasABS=0 sy=10.57 split=1.000,0.875 ===
127.19398|I|libbeamng.print:18052| === LSTM_OBS t=320 8.36011,0.00414,8.75697,0.01043,0.34144,10.57330,-9.67549,0.11563,0.00000,0.00000,0.00367,1.00000,0.00000,-0.00299,-0.01239,1942.89836,0.25000 ===
127.24422|I|libbeamng.print:18052| === LSTM_TRACE t=330 v=10.75 ws=8.63,0.01,8.12,0.01 cmd=0.723,0.761,0.656,0.717 cap=2140,2279,1266,1383 des=2140,2279,1108,1210 app=2140,2234,1107,1205 abs=nil,nil,nil,nil ebrake=1.00 ibrake=1.00 hasABS=0 sy=10.65 split=1.000,0.875 ===
127.24426|I|libbeamng.print:18052| === LSTM_OBS t=330 8.62741,0.00533,8.11898,0.01364,0.19212,10.64829,-9.66627,0.12719,0.00000,0.00000,0.00285,1.00000,0.00000,-0.00236,-0.01296,1820.18512,0.25000 ===
127.29399|I|libbeamng.print:18052| === LSTM_TRACE t=340 v=10.21 ws=8.34,0.03,7.40,0.00 cmd=0.683,0.733,0.658,0.722 cap=2273,2396,1288,1414 des=2273,2396,1127,1237 app=2273,2349,1126,1231 abs=nil,nil,nil,nil ebrake=1.00 ibrake=1.00 hasABS=0 sy=10.69 split=1.000,0.875 ===
127.29404|I|libbeamng.print:18052| === LSTM_OBS t=340 8.34244,0.02609,7.40045,0.00197,0.03250,10.69210,-9.66727,0.13687,0.00000,0.00000,0.00249,1.00000,0.00000,-0.00171,-0.01343,1688.48288,0.25000 ===
127.34386|I|libbeamng.print:18052| === LSTM_TRACE t=350 v=9.68 ws=8.22,0.01,6.72,0.03 cmd=0.696,0.751,0.669,0.735 cap=2010,2198,1281,1405 des=2010,2198,1121,1229 app=2010,2154,1119,1223 abs=nil,nil,nil,nil ebrake=1.00 ibrake=1.00 hasABS=0 sy=10.71 split=1.000,0.875 ===
127.34391|I|libbeamng.print:18052| === LSTM_OBS t=350 8.22440,0.01197,6.72049,0.02615,-0.10483,10.71412,-9.64695,0.14001,0.00000,0.00000,0.00216,1.00000,0.00000,-0.00105,-0.01368,1546.49773,0.25000 ===
127.39399|I|libbeamng.print:18052| === LSTM_TRACE t=360 v=9.14 ws=7.69,0.02,6.02,0.04 cmd=0.732,0.775,0.671,0.738 cap=2382,2489,1322,1452 des=2382,2489,1157,1271 app=2382,2439,1155,1264 abs=nil,nil,nil,nil ebrake=1.00 ibrake=1.00 hasABS=0 sy=10.71 split=1.000,0.875 ===
127.39403|I|libbeamng.print:18052| === LSTM_OBS t=360 7.68982,0.02383,6.02345,0.04300,-0.24464,10.70917,-9.64088,0.14236,0.00000,0.00000,0.00274,1.00000,0.00000,-0.00055,-0.01375,1397.36378,0.25000 ===
127.44382|I|libbeamng.print:18052| === LSTM_TRACE t=370 v=8.60 ws=6.85,0.01,5.59,0.01 cmd=0.707,0.765,0.682,0.745 cap=2158,2331,1319,1441 des=2158,2331,1154,1261 app=2158,2283,1152,1253 abs=nil,nil,nil,nil ebrake=1.00 ibrake=1.00 hasABS=0 sy=10.74 split=1.000,0.875 ===
127.44387|I|libbeamng.print:18052| === LSTM_OBS t=370 6.84621,0.00972,5.58674,0.01343,-0.38940,10.73838,-9.62781,0.13924,0.00000,0.00000,0.00134,1.00000,0.00000,0.00005,-0.01373,1245.68637,0.25000 ===
127.49398|I|libbeamng.print:18052| === LSTM_TRACE t=380 v=8.04 ws=5.72,0.00,4.84,0.01 cmd=0.747,0.800,0.698,0.755 cap=2116,2327,1338,1447 des=2116,2327,1171,1266 app=2116,2278,1168,1258 abs=nil,nil,nil,nil ebrake=1.00 ibrake=1.00 hasABS=0 sy=10.80 split=1.000,0.875 ===
127.49402|I|libbeamng.print:18052| === LSTM_OBS t=380 5.72058,0.00406,4.83773,0.00664,-0.49368,10.79872,-9.62762,0.15298,0.00000,0.00000,0.00254,1.00000,0.00000,0.00058,-0.01395,1102.07017,0.25000 ===
127.54409|I|libbeamng.print:18052| === LSTM_TRACE t=390 v=7.49 ws=3.94,0.08,3.84,0.01 cmd=0.777,0.829,0.706,0.754 cap=2408,2565,1377,1475 des=2408,2565,1205,1290 app=2408,2511,1202,1282 abs=nil,nil,nil,nil ebrake=1.00 ibrake=1.00 hasABS=0 sy=10.87 split=1.000,0.875 ===
127.54414|I|libbeamng.print:18052| === LSTM_OBS t=390 3.94111,0.08271,3.84131,0.00564,-0.58044,10.86841,-9.67376,0.14843,0.00000,0.00000,0.00476,1.00000,0.00000,0.00126,-0.01426,957.15685,0.25000 ===
127.59414|I|libbeamng.print:18052| === LSTM_TRACE t=400 v=6.94 ws=0.89,0.02,2.83,0.01 cmd=0.863,0.903,0.753,0.778 cap=2454,2661,1442,1493 des=2454,2661,1262,1307 app=2454,2604,1259,1298 abs=nil,nil,nil,nil ebrake=1.00 ibrake=1.00 hasABS=0 sy=10.87 split=1.000,0.875 ===
127.59419|I|libbeamng.print:18052| === LSTM_OBS t=400 0.89166,0.01729,2.83136,0.01068,-0.60195,10.86610,-9.74458,0.14393,0.00000,0.00000,0.00354,1.00000,0.00000,0.00239,-0.01435,804.08378,0.25000 ===
127.64400|I|libbeamng.print:18052| === LSTM_TRACE t=410 v=6.44 ws=0.03,0.02,1.49,0.06 cmd=0.973,0.979,0.787,0.816 cap=2990,3016,1515,1570 des=2990,3016,1326,1374 app=2990,2951,1322,1364 abs=nil,nil,nil,nil ebrake=1.00 ibrake=1.00 hasABS=0 sy=10.77 split=1.000,0.875 ===
127.64404|I|libbeamng.print:18052| === LSTM_OBS t=410 0.02602,0.01802,1.49039,0.06425,-0.61101,10.77332,-9.75016,0.13225,0.00000,0.00000,0.00239,1.00000,0.00000,0.00373,-0.01401,736.74062,0.25000 ===
127.69401|I|libbeamng.print:18052| === LSTM_TRACE t=420 v=5.92 ws=0.03,0.00,0.57,0.20 cmd=0.984,0.986,0.817,0.842 cap=3048,3055,1578,1630 des=3048,3055,1381,1426 app=3048,2988,1376,1415 abs=nil,nil,nil,nil ebrake=1.00 ibrake=1.00 hasABS=0 sy=10.59 split=1.000,0.875 ===
127.69405|I|libbeamng.print:18052| === LSTM_OBS t=420 0.02770,0.00242,0.57415,0.19968,-0.55996,10.59003,-9.56183,0.12950,0.00000,0.00000,0.00000,1.00000,0.00000,0.00351,-0.01316,731.41556,0.25000 ===
127.74378|I|libbeamng.print:18052| === LSTM_TRACE t=430 v=5.40 ws=0.02,0.01,0.05,0.35 cmd=0.996,0.995,0.865,0.871 cap=3085,3084,1675,1690 des=3085,3084,1466,1479 app=3085,3016,1460,1467 abs=nil,nil,nil,nil ebrake=1.00 ibrake=1.00 hasABS=0 sy=10.52 split=1.000,0.875 ===
127.74382|I|libbeamng.print:18052| === LSTM_OBS t=430 0.02441,0.01061,0.05004,0.34531,-0.57282,10.52449,-9.48206,0.11949,0.00000,0.00000,0.00000,1.00000,0.00000,0.00370,-0.01227,728.76226,0.25000 ===
127.79439|I|libbeamng.print:18052| === LSTM_TRACE t=440 v=4.86 ws=0.00,0.00,0.03,0.78 cmd=0.997,0.997,0.872,0.874 cap=3092,3090,1694,1698 des=3092,3090,1482,1485 app=3091,3022,1475,1474 abs=nil,nil,nil,nil ebrake=1.00 ibrake=1.00 hasABS=0 sy=10.53 split=1.000,0.875 ===
127.79445|I|libbeamng.print:18052| === LSTM_OBS t=440 0.00388,0.00498,0.02884,0.78025,-0.60642,10.52974,-9.48773,0.10828,0.00000,0.00000,0.00069,1.00000,0.00000,0.00445,-0.01135,731.87880,0.25000 ===
127.84413|I|libbeamng.print:18052| === LSTM_TRACE t=450 v=4.31 ws=0.01,0.00,0.06,1.45 cmd=0.997,0.997,0.873,0.873 cap=3092,3090,1697,1696 des=3092,3090,1484,1484 app=3090,3021,1477,1472 abs=nil,nil,nil,nil ebrake=1.00 ibrake=1.00 hasABS=0 sy=10.67 split=1.000,0.875 ===
127.84418|I|libbeamng.print:18052| === LSTM_OBS t=450 0.01052,0.00008,0.05589,1.45074,-0.66892,10.67446,-9.55410,0.08808,0.00000,0.00000,0.00049,1.00000,0.00000,0.00462,-0.01080,728.97621,0.25000 ===
127.89412|I|libbeamng.print:18052| === LSTM_TRACE t=460 v=3.75 ws=0.00,0.01,0.04,1.30 cmd=0.997,0.997,0.874,0.874 cap=3091,3089,1698,1698 des=3091,3089,1486,1485 app=3088,3020,1478,1474 abs=nil,nil,nil,nil ebrake=1.00 ibrake=1.00 hasABS=0 sy=10.79 split=1.000,0.875 ===
127.89416|I|libbeamng.print:18052| === LSTM_OBS t=460 0.00027,0.00558,0.03559,1.29862,-0.76599,10.79311,-9.64731,0.08122,0.00000,0.00000,0.00000,1.00000,0.00000,0.00496,-0.01063,729.94151,0.25000 ===
127.94418|I|libbeamng.print:18052| === LSTM_TRACE t=470 v=3.18 ws=0.01,0.00,0.04,1.63 cmd=0.997,0.996,0.875,0.874 cap=3089,3087,1699,1696 des=3089,3087,1487,1484 app=3085,3018,1479,1473 abs=nil,nil,nil,nil ebrake=1.00 ibrake=1.00 hasABS=0 sy=10.93 split=1.000,0.875 ===
127.94423|I|libbeamng.print:18052| === LSTM_OBS t=470 0.00700,0.00007,0.03945,1.63104,-0.84197,10.92933,-9.68726,0.05803,0.00000,0.00000,0.00049,1.00000,0.00000,0.00555,-0.01063,728.06286,0.25000 ===
127.99392|I|libbeamng.print:18052| === LSTM_TRACE t=480 v=2.60 ws=0.00,0.00,0.03,1.92 cmd=0.996,0.996,0.874,0.875 cap=3087,3086,1699,1699 des=3087,3086,1487,1487 app=3083,3016,1478,1475 abs=nil,nil,nil,nil ebrake=1.00 ibrake=1.00 hasABS=0 sy=11.02 split=1.000,0.875 ===
127.99396|I|libbeamng.print:18052| === LSTM_OBS t=480 0.00131,0.00154,0.02703,1.92050,-0.88430,11.01862,-9.67659,0.03345,0.00000,0.00000,0.00049,1.00000,0.00000,0.00610,-0.01065,730.92268,0.25000 ===
128.04396|I|libbeamng.print:18052| === LSTM_TRACE t=490 v=2.04 ws=0.00,0.00,0.04,1.43 cmd=0.994,0.994,0.875,0.874 cap=3081,3080,1700,1697 des=3081,3080,1488,1485 app=3076,3010,1478,1474 abs=nil,nil,nil,nil ebrake=1.00 ibrake=1.00 hasABS=0 sy=11.11 split=1.000,0.875 ===
128.04401|I|libbeamng.print:18052| === LSTM_OBS t=490 0.00392,0.00078,0.04290,1.42995,-0.99193,11.11404,-9.68411,-0.00091,0.00000,0.00000,0.00085,1.00000,0.00000,0.00655,-0.01078,727.71037,0.25000 ===
128.09391|I|libbeamng.print:18052| === LSTM_TRACE t=500 v=1.46 ws=0.01,0.01,0.01,1.74 cmd=0.986,0.986,0.868,0.869 cap=3062,3063,1690,1692 des=3062,3063,1479,1481 app=3056,2992,1469,1469 abs=nil,nil,nil,nil ebrake=1.00 ibrake=1.00 hasABS=0 sy=11.19 split=1.000,0.875 ===
128.09396|I|libbeamng.print:18052| === LSTM_OBS t=500 0.00515,0.01364,0.00620,1.73731,-1.08374,11.18987,-9.70254,-0.02138,0.00000,0.00000,0.00091,1.00000,0.00000,0.00706,-0.01087,729.72046,0.25000 ===
128.14439|I|libbeamng.print:18052| === LSTM_TRACE t=510 v=0.90 ws=0.00,0.01,0.01,0.92 cmd=0.914,0.936,0.844,0.843 cap=2866,2922,1647,1646 des=2866,2922,1441,1440 app=2859,2855,1431,1429 abs=nil,nil,nil,nil ebrake=1.00 ibrake=1.00 hasABS=0 sy=11.21 split=1.000,0.875 ===
128.14443|I|libbeamng.print:18052| === LSTM_OBS t=510 0.00190,0.01235,0.01483,0.91961,-1.24138,11.21043,-9.73708,-0.05248,0.00000,0.00000,0.00049,1.00000,0.00000,0.00749,-0.01117,726.61586,0.25000 ===
158.37816|I|libbeamng.print:18052| === LSTM_TRACE t=0 v=27.72 ws=27.80,27.90,27.33,27.47 cmd=0.927,0.909,0.466,0.517 cap=3100,3100,1700,1700 des=3100,3100,1488,1488 app=38,38,21,21 abs=nil,nil,nil,nil ebrake=1.00 ibrake=1.00 hasABS=0 sy=1.58 split=1.000,0.875 ===
158.37820|I|libbeamng.print:18052| === LSTM_OBS t=0 27.80125,27.90227,27.32504,27.47228,0.02860,1.57660,-9.75544,-0.01282,0.00000,0.00000,0.00000,1.00000,0.00000,0.00068,-0.00911,7858.40991,0.25000 ===
158.42826|I|libbeamng.print:18052| === LSTM_TRACE t=10 v=27.45 ws=26.73,26.52,26.77,26.80 cmd=0.449,0.563,0.674,0.642 cap=1313,1657,1270,1199 des=1313,1657,1111,1049 app=1301,1616,1098,1036 abs=nil,nil,nil,nil ebrake=1.00 ibrake=1.00 hasABS=0 sy=2.19 split=1.000,0.875 ===
158.42830|I|libbeamng.print:18052| === LSTM_OBS t=10 26.73120,26.51870,26.76781,26.80332,0.01843,2.19451,-9.77304,-0.00952,0.00000,0.00000,0.00216,1.00000,0.00000,0.00068,-0.01000,7760.77446,0.25000 ===
158.44817|I|libbeamng.print:18052| === LSTM_ABS DBG raw=26.0371,25.7995,26.3211,26.3923,0.0240,2.7486,-9.7353,-0.0017,0.0000,0.0000,0.0029,1.0000,0.0000,0.0008,-0.0109,7670.4770,0.2500 ===
158.44821|I|libbeamng.print:18052| === LSTM_ABS DBG norm=0.54,0.46,0.51,0.49,-0.13,-2.06,0.00,0.01,0.06,-0.06,0.04,0.59,-0.02,0.00,0.00,3.80,0.00 ===
158.44822|I|libbeamng.print:18052| === LSTM_ABS DBG cmd=0.5523,0.6650,0.7414,0.7212 ===
158.47823|I|libbeamng.print:18052| === LSTM_TRACE t=20 v=27.00 ws=24.83,24.35,25.64,25.79 cmd=0.764,0.808,0.781,0.786 cap=2319,2480,1520,1518 des=2319,2480,1330,1328 app=2303,2431,1319,1317 abs=nil,nil,nil,nil ebrake=1.00 ibrake=1.00 hasABS=0 sy=3.74 split=1.000,0.875 ===
158.47828|I|libbeamng.print:18052| === LSTM_OBS t=20 24.82610,24.34553,25.64355,25.79081,0.04682,3.73971,-9.58835,-0.01416,0.00000,0.00000,0.00226,1.00000,0.00000,0.00081,-0.01238,7507.15950,0.25000 ===
158.52835|I|libbeamng.print:18052| === LSTM_TRACE t=30 v=26.43 ws=23.16,22.18,24.82,24.70 cmd=0.805,0.831,0.756,0.792 cap=2344,2461,1466,1535 des=2344,2461,1283,1343 app=2333,2425,1276,1335 abs=nil,nil,nil,nil ebrake=1.00 ibrake=1.00 hasABS=0 sy=5.60 split=1.000,0.875 ===
158.52843|I|libbeamng.print:18052| === LSTM_OBS t=30 23.16312,22.18147,24.81718,24.69783,0.06427,5.59512,-9.38713,-0.00605,0.00000,0.00000,0.00311,1.00000,0.00000,0.00096,-0.01503,7217.87166,0.25000 ===
158.57820|I|libbeamng.print:18052| === LSTM_TRACE t=40 v=25.85 ws=21.97,19.86,24.13,23.69 cmd=0.717,0.759,0.736,0.772 cap=2528,2596,1446,1521 des=2528,2596,1265,1331 app=2521,2567,1260,1326 abs=nil,nil,nil,nil ebrake=1.00 ibrake=1.00 hasABS=0 sy=7.30 split=1.000,0.875 ===
158.57825|I|libbeamng.print:18052| === LSTM_OBS t=40 21.96985,19.85631,24.12802,23.69037,0.07688,7.29893,-9.39219,0.00342,0.00000,0.00000,0.00311,1.00000,0.00000,0.00107,-0.01695,6956.33494,0.25000 ===
158.62821|I|libbeamng.print:18052| === LSTM_TRACE t=50 v=25.26 ws=21.76,17.67,23.46,22.83 cmd=0.761,0.793,0.763,0.781 cap=2309,2416,1481,1517 des=2309,2416,1296,1327 app=2306,2394,1292,1324 abs=nil,nil,nil,nil ebrake=1.00 ibrake=1.00 hasABS=0 sy=8.60 split=1.000,0.875 ===
158.62830|I|libbeamng.print:18052| === LSTM_OBS t=50 21.76080,17.67309,23.45571,22.83384,0.07903,8.59842,-9.53566,0.00288,0.00000,0.00000,0.00342,1.00000,0.00000,0.00124,-0.01819,6726.03154,0.25000 ===
158.67863|I|libbeamng.print:18052| === LSTM_TRACE t=60 v=24.66 ws=21.91,14.12,22.60,22.00 cmd=0.627,0.696,0.784,0.788 cap=1880,2060,1507,1516 des=1880,2060,1319,1326 app=2178,2208,1317,1324 abs=nil,nil,nil,nil ebrake=1.00 ibrake=1.00 hasABS=0 sy=9.55 split=1.000,0.875 ===
158.67868|I|libbeamng.print:18052| === LSTM_OBS t=60 21.90846,14.12302,22.60386,22.00436,0.08389,9.54828,-9.69663,0.01604,0.00000,0.00000,0.00345,1.00000,0.00000,0.00138,-0.01865,6500.87670,0.25000 ===
158.72843|I|libbeamng.print:18052| === LSTM_TRACE t=70 v=24.10 ws=22.64,10.41,21.57,21.58 cmd=0.666,0.711,0.787,0.788 cap=2322,2422,1548,1552 des=2322,2422,1355,1358 app=2322,2406,1354,1357 abs=nil,nil,nil,nil ebrake=1.00 ibrake=1.00 hasABS=0 sy=10.14 split=1.000,0.875 ===
158.72849|I|libbeamng.print:18052| === LSTM_OBS t=70 22.63862,10.40547,21.56650,21.58479,0.01102,10.13560,-9.77550,0.02767,0.00000,0.00000,0.00331,1.00000,0.00000,0.00208,-0.01838,6271.52857,0.25000 ===
158.77832|I|libbeamng.print:18052| === LSTM_TRACE t=80 v=23.55 ws=22.51,7.21,20.14,21.45 cmd=0.601,0.641,0.792,0.793 cap=1876,2019,1533,1536 des=1876,2019,1342,1344 app=1876,2006,1342,1344 abs=nil,nil,nil,nil ebrake=1.00 ibrake=1.00 hasABS=0 sy=10.38 split=1.000,0.875 ===
158.77837|I|libbeamng.print:18052| === LSTM_OBS t=80 22.50723,7.20539,20.13564,21.44802,-0.07512,10.38198,-9.79699,0.03668,0.00000,0.00000,0.00265,1.00000,0.00000,0.00315,-0.01737,6043.89191,0.25000 ===
158.82825|I|libbeamng.print:18052| === LSTM_TRACE t=90 v=23.05 ws=22.08,5.85,18.45,21.69 cmd=0.533,0.564,0.787,0.796 cap=1736,1825,1533,1550 des=1736,1825,1341,1357 app=1736,1813,1341,1357 abs=nil,nil,nil,nil ebrake=1.00 ibrake=1.00 hasABS=0 sy=10.37 split=1.000,0.875 ===
158.82830|I|libbeamng.print:18052| === LSTM_OBS t=90 22.07577,5.85338,18.44687,21.69035,-0.12470,10.37430,-9.74844,0.00858,0.00000,0.00000,0.00169,1.00000,0.00000,0.00416,-0.01577,5827.40843,0.25000 ===
158.87838|I|libbeamng.print:18052| === LSTM_TRACE t=100 v=22.55 ws=21.52,5.30,16.73,21.57 cmd=0.552,0.586,0.828,0.836 cap=1781,1876,1587,1606 des=1781,1876,1389,1405 app=1781,1864,1389,1405 abs=nil,nil,nil,nil ebrake=1.00 ibrake=1.00 hasABS=0 sy=10.28 split=1.000,0.875 ===
158.87844|I|libbeamng.print:18052| === LSTM_OBS t=100 21.51738,5.29615,16.72587,21.56971,-0.23104,10.27520,-9.68131,-0.00011,0.00000,0.00000,0.00142,1.00000,0.00000,0.00467,-0.01422,5610.86606,0.25000 ===
158.92819|I|libbeamng.print:18052| === LSTM_TRACE t=110 v=22.05 ws=21.24,4.27,15.63,21.06 cmd=0.625,0.653,0.847,0.854 cap=1737,1862,1645,1658 des=1737,1862,1440,1451 app=1737,1849,1440,1451 abs=nil,nil,nil,nil ebrake=1.00 ibrake=1.00 hasABS=0 sy=10.18 split=1.000,0.875 ===
158.92823|I|libbeamng.print:18052| === LSTM_OBS t=110 21.24335,4.27187,15.62963,21.06386,-0.30328,10.18391,-9.62150,-0.03415,0.00000,0.00000,0.00183,1.00000,0.00000,0.00434,-0.01269,5367.26712,0.25000 ===
158.97819|I|libbeamng.print:18052| === LSTM_TRACE t=120 v=21.55 ws=20.56,2.90,14.41,20.54 cmd=0.561,0.603,0.841,0.848 cap=1799,1909,1640,1652 des=1799,1909,1435,1446 app=1799,1895,1435,1446 abs=nil,nil,nil,nil ebrake=1.00 ibrake=1.00 hasABS=0 sy=10.15 split=1.000,0.875 ===
158.97823|I|libbeamng.print:18052| === LSTM_OBS t=120 20.55673,2.89977,14.40735,20.54446,-0.32947,10.14805,-9.63890,-0.03608,0.00000,0.00000,0.00244,1.00000,0.00000,0.00311,-0.01113,5113.82286,0.25000 ===
159.02822|I|libbeamng.print:18052| === LSTM_TRACE t=130 v=21.04 ws=20.12,1.73,13.33,19.88 cmd=0.603,0.619,0.791,0.806 cap=1808,1897,1552,1579 des=1808,1897,1358,1382 app=1808,1882,1358,1382 abs=nil,nil,nil,nil ebrake=1.00 ibrake=1.00 hasABS=0 sy=10.12 split=1.000,0.875 ===
159.02827|I|libbeamng.print:18052| === LSTM_OBS t=130 20.12415,1.73457,13.32966,19.87823,-0.30498,10.11716,-9.61346,-0.05766,0.00000,0.00000,0.00176,1.00000,0.00000,0.00118,-0.00962,4875.59391,0.25000 ===
159.07826|I|libbeamng.print:18052| === LSTM_TRACE t=140 v=20.57 ws=19.92,0.02,12.75,19.42 cmd=0.409,0.438,0.759,0.780 cap=1308,1379,1478,1512 des=1308,1379,1293,1323 app=1308,1368,1293,1323 abs=nil,nil,nil,nil ebrake=1.00 ibrake=1.00 hasABS=0 sy=10.01 split=1.000,0.875 ===
159.07831|I|libbeamng.print:18052| === LSTM_OBS t=140 19.91581,0.02405,12.74922,19.41721,-0.26567,10.00891,-9.60514,-0.05695,0.00000,0.00000,0.00115,1.00000,0.00000,-0.00031,-0.00832,4673.70260,0.25000 ===
159.12888|I|libbeamng.print:18052| === LSTM_TRACE t=150 v=20.08 ws=19.59,1.63,12.01,18.90 cmd=0.765,0.733,0.736,0.764 cap=2137,2097,1413,1477 des=2137,2097,1237,1293 app=1540,1627,1237,1293 abs=nil,nil,nil,nil ebrake=1.00 ibrake=1.00 hasABS=0 sy=9.90 split=1.000,0.875 ===
159.12894|I|libbeamng.print:18052| === LSTM_OBS t=150 19.58994,1.62808,12.00698,18.89706,-0.10375,9.90365,-9.60717,-0.06524,0.00000,0.00000,0.00349,1.00000,0.00000,-0.00075,-0.00774,4503.48868,0.25000 ===
159.17820|I|libbeamng.print:18052| === LSTM_TRACE t=160 v=19.59 ws=18.63,1.59,11.81,18.26 cmd=0.387,0.411,0.722,0.731 cap=1850,1783,1444,1460 des=1850,1783,1264,1278 app=1850,1766,1264,1278 abs=nil,nil,nil,nil ebrake=1.00 ibrake=1.00 hasABS=0 sy=9.87 split=1.000,0.875 ===
159.17826|I|libbeamng.print:18052| === LSTM_OBS t=160 18.63210,1.59274,11.80720,18.25847,0.07853,9.87076,-9.67249,-0.07883,0.00000,0.00000,0.00154,1.00000,0.00000,-0.00233,-0.00738,4355.47887,0.25000 ===
159.22842|I|libbeamng.print:18052| === LSTM_TRACE t=170 v=19.08 ws=18.48,1.29,11.53,17.45 cmd=0.668,0.643,0.729,0.734 cap=1771,1779,1393,1403 des=1771,1779,1219,1228 app=1632,1616,1219,1228 abs=nil,nil,nil,nil ebrake=1.00 ibrake=1.00 hasABS=0 sy=9.93 split=1.000,0.875 ===
159.22847|I|libbeamng.print:18052| === LSTM_OBS t=170 18.48352,1.29497,11.52751,17.44636,0.19034,9.92591,-9.74978,-0.07173,0.00000,0.00000,0.00234,1.00000,0.00000,-0.00356,-0.00744,4214.47757,0.25000 ===
159.27813|I|libbeamng.print:18052| === LSTM_TRACE t=180 v=18.59 ws=17.51,1.42,11.41,16.79 cmd=0.357,0.383,0.735,0.730 cap=1928,1861,1476,1473 des=1928,1861,1292,1289 app=1928,1841,1292,1289 abs=nil,nil,nil,nil ebrake=1.00 ibrake=1.00 hasABS=0 sy=9.92 split=1.000,0.875 ===
159.27818|I|libbeamng.print:18052| === LSTM_OBS t=180 17.51133,1.41984,11.40547,16.78690,0.34396,9.92378,-9.80209,-0.07542,0.00000,0.00000,0.00221,1.00000,0.00000,-0.00396,-0.00772,4067.07677,0.25000 ===
159.32817|I|libbeamng.print:18052| === LSTM_TRACE t=190 v=18.08 ws=17.85,0.05,11.18,15.48 cmd=0.685,0.665,0.747,0.745 cap=1368,1432,1439,1421 des=1368,1432,1259,1244 app=1368,1416,1259,1244 abs=nil,nil,nil,nil ebrake=1.00 ibrake=1.00 hasABS=0 sy=9.99 split=1.000,0.875 ===
159.32821|I|libbeamng.print:18052| === LSTM_OBS t=190 17.85252,0.05461,11.18337,15.48011,0.49252,9.99250,-9.78202,-0.06001,0.00000,0.00000,0.00331,1.00000,0.00000,-0.00455,-0.00817,3910.99887,0.25000 ===
159.37831|I|libbeamng.print:18052| === LSTM_TRACE t=200 v=17.61 ws=16.74,0.12,10.84,14.85 cmd=0.349,0.360,0.742,0.733 cap=2239,2136,1452,1461 des=2239,2136,1271,1278 app=2147,2111,1271,1278 abs=nil,nil,nil,nil ebrake=1.00 ibrake=1.00 hasABS=0 sy=9.88 split=1.000,0.875 ===
159.37835|I|libbeamng.print:18052| === LSTM_OBS t=200 16.73543,0.12443,10.84493,14.84555,0.63371,9.87814,-9.75255,-0.08345,0.00000,0.00000,0.00342,1.00000,0.00000,-0.00413,-0.00852,3748.03561,0.25000 ===
159.42816|I|libbeamng.print:18052| === LSTM_TRACE t=210 v=17.10 ws=16.31,0.06,10.75,13.71 cmd=0.520,0.503,0.745,0.728 cap=2153,2071,1416,1401 des=2153,2071,1239,1226 app=2151,2045,1239,1226 abs=nil,nil,nil,nil ebrake=1.00 ibrake=1.00 hasABS=0 sy=9.90 split=1.000,0.875 ===
159.42820|I|libbeamng.print:18052| === LSTM_OBS t=210 16.30713,0.06107,10.75194,13.71162,0.80506,9.89848,-9.73907,-0.07750,0.00000,0.00000,0.00445,1.00000,0.00000,-0.00484,-0.00872,3583.68037,0.25000 ===
159.47825|I|libbeamng.print:18052| === LSTM_TRACE t=220 v=16.58 ws=15.93,0.02,10.88,12.47 cmd=0.633,0.621,0.705,0.686 cap=1095,1176,1449,1388 des=1095,1176,1268,1214 app=1376,1310,1268,1214 abs=nil,nil,nil,nil ebrake=1.00 ibrake=1.00 hasABS=0 sy=9.95 split=1.000,0.875 ===
159.47834|I|libbeamng.print:18052| === LSTM_OBS t=220 15.92868,0.01509,10.88056,12.47072,0.86607,9.94706,-9.75522,-0.06055,0.00000,0.00000,0.00311,1.00000,0.00000,-0.00575,-0.00871,3421.50913,0.25000 ===
159.52813|I|libbeamng.print:18052| === LSTM_TRACE t=230 v=16.09 ws=15.69,0.15,11.19,11.16 cmd=0.642,0.592,0.743,0.706 cap=2409,2263,1384,1341 des=2409,2263,1211,1174 app=2015,1972,1211,1174 abs=nil,nil,nil,nil ebrake=1.00 ibrake=1.00 hasABS=0 sy=9.97 split=1.000,0.875 ===
159.52818|I|libbeamng.print:18052| === LSTM_OBS t=230 15.69033,0.15143,11.18904,11.15987,0.93729,9.96925,-9.77186,-0.06828,0.00000,0.00000,0.00520,1.00000,0.00000,-0.00628,-0.00866,3270.59478,0.25000 ===
159.57832|I|libbeamng.print:18052| === LSTM_TRACE t=240 v=15.58 ws=14.69,0.04,10.92,8.94 cmd=0.572,0.549,0.722,0.677 cap=1719,1624,1428,1343 des=1719,1624,1250,1175 app=1719,1601,1250,1175 abs=nil,nil,nil,nil ebrake=1.00 ibrake=1.00 hasABS=0 sy=10.01 split=1.000,0.875 ===
159.57842|I|libbeamng.print:18052| === LSTM_OBS t=240 14.68822,0.03792,10.91614,8.94202,0.99064,10.00624,-9.77720,-0.06807,0.00000,0.00000,0.00467,1.00000,0.00000,-0.00670,-0.00864,3153.13119,0.25000 ===
159.62817|I|libbeamng.print:18052| === LSTM_TRACE t=250 v=15.06 ws=14.33,0.05,10.95,6.80 cmd=0.735,0.679,0.733,0.679 cap=2242,2096,1384,1283 des=2242,2096,1211,1123 app=2242,2066,1211,1123 abs=nil,nil,nil,nil ebrake=1.00 ibrake=1.00 hasABS=0 sy=10.10 split=1.000,0.875 ===
159.62821|I|libbeamng.print:18052| === LSTM_OBS t=250 14.33383,0.05401,10.95206,6.80129,1.01606,10.10422,-9.76173,-0.06156,0.00000,0.00000,0.00467,1.00000,0.00000,-0.00686,-0.00894,3029.01250,0.25000 ===
159.67820|I|libbeamng.print:18052| === LSTM_TRACE t=260 v=14.52 ws=13.45,0.00,11.02,4.63 cmd=0.704,0.652,0.724,0.659 cap=2203,2053,1406,1282 des=2203,2053,1230,1122 app=2203,2023,1230,1122 abs=nil,nil,nil,nil ebrake=1.00 ibrake=1.00 hasABS=0 sy=10.23 split=1.000,0.875 ===
159.67824|I|libbeamng.print:18052| === LSTM_OBS t=260 13.45429,0.00221,11.01600,4.62624,1.05905,10.23374,-9.74591,-0.05192,0.00000,0.00000,0.00472,1.00000,0.00000,-0.00696,-0.00935,2896.71539,0.25000 ===
159.72815|I|libbeamng.print:18052| === LSTM_TRACE t=270 v=13.98 ws=12.67,0.01,10.96,3.31 cmd=0.747,0.692,0.739,0.673 cap=2357,2185,1437,1308 des=2357,2185,1257,1144 app=2357,2152,1257,1144 abs=nil,nil,nil,nil ebrake=1.00 ibrake=1.00 hasABS=0 sy=10.41 split=1.000,0.875 ===
159.72819|I|libbeamng.print:18052| === LSTM_OBS t=270 12.67226,0.00939,10.95924,3.30705,1.07800,10.40652,-9.77280,-0.03340,0.00000,0.00000,0.00462,1.00000,0.00000,-0.00755,-0.01032,2761.83468,0.25000 ===
159.77814|I|libbeamng.print:18052| === LSTM_TRACE t=280 v=13.43 ws=11.50,0.02,10.52,1.35 cmd=0.838,0.782,0.759,0.702 cap=2491,2317,1471,1352 des=2491,2317,1287,1183 app=2491,2281,1287,1183 abs=nil,nil,nil,nil ebrake=1.00 ibrake=1.00 hasABS=0 sy=10.54 split=1.000,0.875 ===
159.77818|I|libbeamng.print:18052| === LSTM_OBS t=280 11.49753,0.01706,10.51973,1.34794,1.04762,10.54436,-9.74328,-0.00917,0.00000,0.00000,0.00427,1.00000,0.00000,-0.00796,-0.01145,2600.13597,0.25000 ===
159.82828|I|libbeamng.print:18052| === LSTM_TRACE t=290 v=12.90 ws=9.64,0.03,11.00,0.10 cmd=0.815,0.762,0.786,0.738 cap=2516,2360,1527,1432 des=2516,2360,1336,1253 app=2516,2322,1336,1253 abs=nil,nil,nil,nil ebrake=1.00 ibrake=1.00 hasABS=0 sy=10.60 split=1.000,0.875 ===
159.82832|I|libbeamng.print:18052| === LSTM_OBS t=290 9.64348,0.03248,11.00354,0.10068,0.92122,10.60101,-9.73558,0.00341,0.00000,0.00000,0.00499,1.00000,0.00000,-0.00736,-0.01215,2407.98155,0.25000 ===
159.87826|I|libbeamng.print:18052| === LSTM_TRACE t=300 v=12.36 ws=7.75,0.02,9.77,0.11 cmd=0.769,0.728,0.795,0.771 cap=2294,2175,1561,1506 des=2294,2175,1366,1318 app=2294,2140,1366,1318 abs=nil,nil,nil,nil ebrake=1.00 ibrake=1.00 hasABS=0 sy=10.63 split=1.000,0.875 ===
159.87830|I|libbeamng.print:18052| === LSTM_OBS t=300 7.75225,0.01646,9.77346,0.11364,0.82741,10.62813,-9.70929,0.03115,0.00000,0.00000,0.00265,1.00000,0.00000,-0.00656,-0.01217,2229.96395,0.25000 ===
159.92856|I|libbeamng.print:18052| === LSTM_TRACE t=310 v=11.83 ws=6.26,0.06,9.27,0.07 cmd=0.700,0.682,0.803,0.800 cap=2283,2201,1549,1541 des=2283,2201,1355,1349 app=2283,2164,1355,1349 abs=nil,nil,nil,nil ebrake=1.00 ibrake=1.00 hasABS=0 sy=10.62 split=1.000,0.875 ===
159.92860|I|libbeamng.print:18052| === LSTM_OBS t=310 6.26090,0.05911,9.26981,0.06716,0.72127,10.62194,-9.65322,0.05149,0.00000,0.00000,0.00342,1.00000,0.00000,-0.00628,-0.01221,2050.35665,0.25000 ===
159.97826|I|libbeamng.print:18052| === LSTM_TRACE t=320 v=11.29 ws=4.94,0.08,8.33,0.00 cmd=0.671,0.685,0.775,0.793 cap=1880,1929,1521,1543 des=1880,1929,1331,1350 app=1905,1896,1331,1350 abs=nil,nil,nil,nil ebrake=1.00 ibrake=1.00 hasABS=0 sy=10.63 split=1.000,0.875 ===
159.97831|I|libbeamng.print:18052| === LSTM_OBS t=320 4.93722,0.08294,8.33384,0.00353,0.59654,10.62955,-9.65360,0.05761,0.00000,0.00000,0.00000,1.00000,0.00000,-0.00590,-0.01197,1880.39541,0.25000 ===
160.02815|I|libbeamng.print:18052| === LSTM_TRACE t=330 v=10.76 ws=3.29,0.00,7.51,0.06 cmd=0.697,0.731,0.763,0.778 cap=2356,2406,1479,1511 des=2356,2406,1294,1322 app=2356,2364,1294,1321 abs=nil,nil,nil,nil ebrake=1.00 ibrake=1.00 hasABS=0 sy=10.66 split=1.000,0.875 ===
160.02819|I|libbeamng.print:18052| === LSTM_OBS t=330 3.29392,0.00428,7.50610,0.05882,0.46468,10.65682,-9.70294,0.07870,0.00000,0.00000,0.00091,1.00000,0.00000,-0.00479,-0.01163,1714.55450,0.25000 ===
160.07816|I|libbeamng.print:18052| === LSTM_TRACE t=340 v=10.26 ws=0.05,0.05,6.55,0.01 cmd=0.873,0.896,0.793,0.808 cap=2701,2783,1533,1573 des=2701,2783,1342,1376 app=2530,2718,1342,1375 abs=nil,nil,nil,nil ebrake=1.00 ibrake=1.00 hasABS=0 sy=10.60 split=1.000,0.875 ===
160.07824|I|libbeamng.print:18052| === LSTM_OBS t=340 0.05390,0.04769,6.55317,0.00948,0.33246,10.59511,-9.75408,0.06989,0.00000,0.00000,0.00049,1.00000,0.00000,-0.00297,-0.01122,1546.43014,0.25000 ===
160.12824|I|libbeamng.print:18052| === LSTM_TRACE t=350 v=9.76 ws=0.09,0.03,5.67,0.05 cmd=0.955,0.963,0.795,0.818 cap=2948,2976,1542,1588 des=2948,2976,1350,1390 app=2948,2922,1350,1388 abs=nil,nil,nil,nil ebrake=1.00 ibrake=1.00 hasABS=0 sy=10.41 split=1.000,0.875 ===
160.12829|I|libbeamng.print:18052| === LSTM_OBS t=350 0.09211,0.03195,5.67282,0.04686,0.33014,10.41303,-9.58972,0.06796,0.00000,0.00000,0.00388,1.00000,0.00000,-0.00224,-0.01050,1359.56325,0.25000 ===
160.17824|I|libbeamng.print:18052| === LSTM_TRACE t=360 v=9.25 ws=0.05,0.02,4.97,0.03 cmd=0.969,0.973,0.803,0.814 cap=2996,3008,1559,1581 des=2996,3008,1364,1383 app=2996,2953,1364,1381 abs=nil,nil,nil,nil ebrake=1.00 ibrake=1.00 hasABS=0 sy=10.32 split=1.000,0.875 ===
160.17828|I|libbeamng.print:18052| === LSTM_OBS t=360 0.04891,0.02126,4.97034,0.03425,0.24727,10.32292,-9.55183,0.06118,0.00000,0.00000,0.00349,1.00000,0.00000,-0.00234,-0.00979,1183.11107,0.25000 ===
160.22814|I|libbeamng.print:18052| === LSTM_TRACE t=370 v=8.72 ws=0.04,0.02,3.94,0.00 cmd=0.984,0.984,0.819,0.822 cap=3044,3045,1587,1594 des=3044,3045,1388,1394 app=3044,2989,1388,1392 abs=nil,nil,nil,nil ebrake=1.00 ibrake=1.00 hasABS=0 sy=10.39 split=1.000,0.875 ===
160.22819|I|libbeamng.print:18052| === LSTM_OBS t=370 0.03556,0.01719,3.93894,0.00324,0.16748,10.38659,-9.61879,0.05882,0.00000,0.00000,0.00311,1.00000,0.00000,-0.00208,-0.00974,1025.14089,0.25000 ===
160.27826|I|libbeamng.print:18052| === LSTM_TRACE t=380 v=8.18 ws=0.01,0.01,3.18,0.05 cmd=0.990,0.989,0.836,0.835 cap=3070,3067,1622,1620 des=3070,3067,1419,1417 app=3070,3010,1419,1414 abs=nil,nil,nil,nil ebrake=1.00 ibrake=1.00 hasABS=0 sy=10.42 split=1.000,0.875 ===
160.27830|I|libbeamng.print:18052| === LSTM_OBS t=380 0.00537,0.00683,3.18150,0.04672,0.09639,10.42315,-9.69613,0.05539,0.00000,0.00000,0.00354,1.00000,0.00000,-0.00179,-0.01006,860.12865,0.25000 ===
160.32820|I|libbeamng.print:18052| === LSTM_TRACE t=390 v=7.67 ws=0.01,0.01,1.63,0.01 cmd=0.993,0.992,0.849,0.846 cap=3078,3075,1646,1639 des=3078,3075,1440,1434 app=3078,3016,1440,1431 abs=nil,nil,nil,nil ebrake=1.00 ibrake=1.00 hasABS=0 sy=10.42 split=1.000,0.875 ===
160.32834|I|libbeamng.print:18052| === LSTM_OBS t=390 0.00775,0.00839,1.62653,0.00795,0.05084,10.42246,-9.69707,0.05552,0.00000,0.00000,0.00311,1.00000,0.00000,-0.00134,-0.01049,746.40993,0.25000 ===
160.37845|I|libbeamng.print:18052| === LSTM_TRACE t=400 v=7.15 ws=0.00,0.02,0.40,0.08 cmd=0.994,0.993,0.855,0.851 cap=3082,3079,1660,1652 des=3082,3079,1453,1446 app=3082,3020,1453,1442 abs=nil,nil,nil,nil ebrake=1.00 ibrake=1.00 hasABS=0 sy=10.39 split=1.000,0.875 ===
160.37850|I|libbeamng.print:18052| === LSTM_OBS t=400 0.00134,0.01574,0.39875,0.07766,0.05274,10.39123,-9.66683,0.04678,0.00000,0.00000,0.00265,1.00000,0.00000,-0.00180,-0.01043,731.13001,0.25000 ===
160.42836|I|libbeamng.print:18052| === LSTM_TRACE t=410 v=6.63 ws=0.01,0.01,0.12,0.03 cmd=0.994,0.993,0.857,0.852 cap=3082,3078,1665,1655 des=3082,3078,1457,1448 app=3082,3019,1457,1444 abs=nil,nil,nil,nil ebrake=1.00 ibrake=1.00 hasABS=0 sy=10.40 split=1.000,0.875 ===
160.42841|I|libbeamng.print:18052| === LSTM_OBS t=410 0.00563,0.00577,0.11653,0.03399,0.00663,10.39901,-9.67481,0.04038,0.00000,0.00000,0.00297,1.00000,0.00000,-0.00148,-0.01013,730.83031,0.25000 ===
160.47820|I|libbeamng.print:18052| === LSTM_TRACE t=420 v=6.10 ws=0.00,0.00,0.08,0.08 cmd=0.994,0.993,0.858,0.853 cap=3081,3077,1668,1657 des=3081,3077,1459,1450 app=3081,3017,1458,1445 abs=nil,nil,nil,nil ebrake=1.00 ibrake=1.00 hasABS=0 sy=10.44 split=1.000,0.875 ===
160.47825|I|libbeamng.print:18052| === LSTM_OBS t=420 0.00041,0.00147,0.08205,0.07997,-0.03748,10.43614,-9.68166,0.03248,0.00000,0.00000,0.00398,1.00000,0.00000,-0.00123,-0.00964,730.39463,0.25000 ===
160.52830|I|libbeamng.print:18052| === LSTM_TRACE t=430 v=5.57 ws=0.00,0.00,0.08,0.19 cmd=0.993,0.992,0.856,0.850 cap=3079,3075,1665,1653 des=3079,3075,1457,1446 app=3079,3015,1455,1441 abs=nil,nil,nil,nil ebrake=1.00 ibrake=1.00 hasABS=0 sy=10.49 split=1.000,0.875 ===
160.52835|I|libbeamng.print:18052| === LSTM_OBS t=430 0.00151,0.00409,0.08407,0.19424,-0.07698,10.49348,-9.69152,0.02345,0.00000,0.00000,0.00367,1.00000,0.00000,-0.00113,-0.00924,730.75950,0.25000 ===
160.57834|I|libbeamng.print:18052| === LSTM_TRACE t=440 v=5.03 ws=0.00,0.00,0.07,0.28 cmd=0.992,0.991,0.853,0.845 cap=3076,3072,1659,1644 des=3076,3072,1452,1438 app=3076,3011,1450,1434 abs=nil,nil,nil,nil ebrake=1.00 ibrake=1.00 hasABS=0 sy=10.56 split=1.000,0.875 ===
160.57838|I|libbeamng.print:18052| === LSTM_OBS t=440 0.00053,0.00066,0.07144,0.27923,-0.11703,10.55834,-9.69696,0.01982,0.00000,0.00000,0.00326,1.00000,0.00000,-0.00094,-0.00895,730.97968,0.25000 ===
160.62844|I|libbeamng.print:18052| === LSTM_TRACE t=450 v=4.50 ws=0.00,0.00,0.06,0.22 cmd=0.991,0.989,0.850,0.840 cap=3072,3068,1651,1633 des=3072,3068,1445,1429 app=3072,3006,1443,1424 abs=nil,nil,nil,nil ebrake=1.00 ibrake=1.00 hasABS=0 sy=10.62 split=1.000,0.875 ===
160.62850|I|libbeamng.print:18052| === LSTM_OBS t=450 0.00257,0.00055,0.06263,0.21746,-0.14889,10.61668,-9.70464,0.01775,0.00000,0.00000,0.00297,1.00000,0.00000,-0.00057,-0.00881,730.47121,0.25000 ===
160.67817|I|libbeamng.print:18052| === LSTM_TRACE t=460 v=3.95 ws=0.00,0.00,0.04,0.37 cmd=0.990,0.988,0.845,0.835 cap=3068,3064,1642,1622 des=3068,3064,1437,1420 app=3068,3002,1435,1415 abs=nil,nil,nil,nil ebrake=1.00 ibrake=1.00 hasABS=0 sy=10.68 split=1.000,0.875 ===
160.67822|I|libbeamng.print:18052| === LSTM_OBS t=460 0.00024,0.00233,0.03770,0.36769,-0.16267,10.67709,-9.71768,0.01222,0.00000,0.00000,0.00305,1.00000,0.00000,-0.00016,-0.00870,728.35806,0.25000 ===
160.72819|I|libbeamng.print:18052| === LSTM_TRACE t=470 v=3.38 ws=0.01,0.00,0.02,1.82 cmd=0.987,0.986,0.839,0.825 cap=3061,3057,1631,1605 des=3061,3057,1427,1405 app=3061,2995,1424,1400 abs=nil,nil,nil,nil ebrake=1.00 ibrake=1.00 hasABS=0 sy=10.82 split=1.000,0.875 ===
160.72832|I|libbeamng.print:18052| === LSTM_OBS t=470 0.00553,0.00062,0.01863,1.82336,-0.17167,10.82179,-9.73464,-0.00210,0.00000,0.00000,0.00345,1.00000,0.00000,-0.00039,-0.00890,730.05100,0.25000 ===
160.77822|I|libbeamng.print:18052| === LSTM_TRACE t=480 v=2.83 ws=0.00,0.00,0.02,0.95 cmd=0.986,0.984,0.830,0.814 cap=3058,3053,1614,1584 des=3058,3053,1412,1386 app=3058,2990,1409,1381 abs=nil,nil,nil,nil ebrake=1.00 ibrake=1.00 hasABS=0 sy=10.91 split=1.000,0.875 ===
160.77831|I|libbeamng.print:18052| === LSTM_OBS t=480 0.00195,0.00156,0.02284,0.94676,-0.22438,10.91185,-9.75965,-0.00012,0.00000,0.00000,0.00326,1.00000,0.00000,-0.00060,-0.00943,727.72276,0.25000 ===
160.82829|I|libbeamng.print:18052| === LSTM_TRACE t=490 v=2.27 ws=0.01,0.00,0.02,1.82 cmd=0.983,0.982,0.822,0.802 cap=3050,3045,1598,1561 des=3050,3045,1398,1366 app=3050,2983,1395,1362 abs=nil,nil,nil,nil ebrake=1.00 ibrake=1.00 hasABS=0 sy=11.01 split=1.000,0.875 ===
160.82834|I|libbeamng.print:18052| === LSTM_OBS t=490 0.00890,0.00442,0.01831,1.82127,-0.27537,11.00546,-9.76147,-0.01882,0.00000,0.00000,0.00318,1.00000,0.00000,-0.00022,-0.00984,731.03535,0.25000 ===
160.87831|I|libbeamng.print:18052| === LSTM_TRACE t=500 v=1.70 ws=0.00,0.00,0.05,1.70 cmd=0.980,0.978,0.811,0.791 cap=3038,3034,1578,1539 des=3038,3034,1381,1347 app=3038,2971,1377,1342 abs=nil,nil,nil,nil ebrake=1.00 ibrake=1.00 hasABS=0 sy=11.08 split=1.000,0.875 ===
160.87835|I|libbeamng.print:18052| === LSTM_OBS t=500 0.00043,0.00062,0.04846,1.70259,-0.27673,11.07614,-9.73715,-0.02086,0.00000,0.00000,0.00278,1.00000,0.00000,0.00008,-0.01028,727.93380,0.25000 ===
160.92823|I|libbeamng.print:18052| === LSTM_TRACE t=510 v=1.15 ws=0.00,0.00,0.05,0.86 cmd=0.978,0.976,0.801,0.775 cap=3033,3028,1557,1509 des=3033,3028,1363,1321 app=3032,2965,1359,1316 abs=nil,nil,nil,nil ebrake=1.00 ibrake=1.00 hasABS=0 sy=11.10 split=1.000,0.875 ===
160.92828|I|libbeamng.print:18052| === LSTM_OBS t=510 0.00222,0.00157,0.04747,0.85919,-0.36533,11.10176,-9.73766,-0.04237,0.00000,0.00000,0.00378,1.00000,0.00000,0.00010,-0.01078,730.78795,0.25000 ===
160.97826|I|libbeamng.print:18052| === LSTM_TRACE t=520 v=0.59 ws=0.01,0.00,0.26,0.67 cmd=0.976,0.974,0.788,0.764 cap=3026,3020,1535,1488 des=3026,3020,1343,1302 app=3025,2958,1339,1297 abs=nil,nil,nil,nil ebrake=1.00 ibrake=1.00 hasABS=0 sy=11.14 split=1.000,0.875 ===
160.97831|I|libbeamng.print:18052| === LSTM_OBS t=520 0.00586,0.00307,0.25547,0.66977,-0.31104,11.13673,-9.69271,-0.02229,0.00000,0.00000,0.00360,1.00000,0.00000,-0.00027,-0.01096,728.85070,0.25000 ===
165.37616|I|libbeamng.print:18052| === LSTM_ABS: lens 'band_g_mix_lock_s1' loaded (1 member, 17 in, 64 hidden, 2 layers) ===
165.37778|I|libbeamng.print:18052| === LSTM_ABS SELFTEST lens=band_g_mix_lock_s1 cmd=0.904320,0.905261,0.396104,0.584499 ===
195.70442|I|libbeamng.print:18052| === LSTM_TRACE t=0 v=27.72 ws=27.64,27.79,27.34,27.47 cmd=0.926,0.922,0.570,0.581 cap=155,155,97,97 des=155,155,85,85 app=154,151,84,84 abs=nil,nil,nil,nil ebrake=1.00 ibrake=1.00 hasABS=0 sy=1.57 split=1.000,0.875 ===
195.70447|I|libbeamng.print:18052| === LSTM_OBS t=0 27.63577,27.78881,27.34349,27.46957,-0.01635,1.56621,-9.77978,-0.00625,0.00000,0.00000,0.00000,1.00000,0.00000,0.00095,-0.00908,7859.10972,0.25000 ===
195.75374|I|libbeamng.print:18052| === LSTM_TRACE t=10 v=27.45 ws=26.89,26.69,26.89,26.86 cmd=0.368,0.495,0.458,0.473 cap=1063,1428,839,861 des=1063,1428,734,754 app=1057,1394,729,748 abs=nil,nil,nil,nil ebrake=1.00 ibrake=1.00 hasABS=0 sy=2.11 split=1.000,0.875 ===
195.75378|I|libbeamng.print:18052| === LSTM_OBS t=10 26.88830,26.68768,26.88896,26.85693,-0.03776,2.11317,-9.74794,-0.00424,0.00000,0.00000,0.00210,1.00000,0.00000,0.00096,-0.01001,7782.64242,0.25000 ===
195.77419|I|libbeamng.print:18052| === LSTM_ABS DBG raw=26.3018,25.9789,26.6813,26.5929,-0.0563,2.6020,-9.7204,0.0027,0.0000,0.0000,0.0019,1.0000,0.0000,0.0011,-0.0108,7716.9338,0.2500 ===
195.77422|I|libbeamng.print:18052| === LSTM_ABS DBG norm=0.55,0.47,0.53,0.50,-0.20,-2.10,0.00,0.04,0.06,-0.06,-0.03,0.59,-0.02,0.00,0.00,3.83,0.00 ===
195.77423|I|libbeamng.print:18052| === LSTM_ABS DBG cmd=0.4681,0.6161,0.5864,0.5973 ===
195.80422|I|libbeamng.print:18052| === LSTM_TRACE t=20 v=27.04 ws=25.41,24.73,26.03,26.07 cmd=0.685,0.784,0.758,0.756 cap=2008,2361,1427,1424 des=2008,2361,1249,1246 app=2001,2317,1242,1239 abs=nil,nil,nil,nil ebrake=1.00 ibrake=1.00 hasABS=0 sy=3.42 split=1.000,0.875 ===
195.80427|I|libbeamng.print:18052| === LSTM_OBS t=20 25.40548,24.72981,26.03055,26.06795,-0.03492,3.41630,-9.59700,-0.01949,0.00000,0.00000,0.00142,1.00000,0.00000,0.00110,-0.01215,7588.25507,0.25000 ===
195.85397|I|libbeamng.print:18052| === LSTM_TRACE t=30 v=26.49 ws=23.69,22.47,24.96,25.08 cmd=0.766,0.797,0.772,0.767 cap=2362,2467,1508,1496 des=2362,2467,1319,1309 app=2358,2433,1315,1304 abs=nil,nil,nil,nil ebrake=1.00 ibrake=1.00 hasABS=0 sy=5.16 split=1.000,0.875 ===
195.85403|I|libbeamng.print:18052| === LSTM_OBS t=30 23.69226,22.46721,24.95707,25.07947,-0.00650,5.16062,-9.44009,-0.01378,0.00000,0.00000,0.00265,1.00000,0.00000,0.00116,-0.01497,7315.10258,0.25000 ===
195.90438|I|libbeamng.print:18052| === LSTM_TRACE t=40 v=25.92 ws=23.10,20.90,23.91,24.27 cmd=0.756,0.780,0.744,0.758 cap=2402,2471,1452,1477 des=2402,2471,1270,1292 app=2401,2445,1268,1290 abs=nil,nil,nil,nil ebrake=1.00 ibrake=1.00 hasABS=0 sy=6.89 split=1.000,0.875 ===
195.90443|I|libbeamng.print:18052| === LSTM_OBS t=40 23.10477,20.89683,23.91176,24.27390,0.00807,6.89400,-9.37078,-0.01853,0.00000,0.00000,0.00322,1.00000,0.00000,0.00132,-0.01700,7035.32104,0.25000 ===
195.95397|I|libbeamng.print:18052| === LSTM_TRACE t=50 v=25.33 ws=22.46,18.78,23.07,23.44 cmd=0.822,0.841,0.789,0.800 cap=2388,2455,1487,1519 des=2388,2455,1302,1329 app=2388,2435,1301,1328 abs=nil,nil,nil,nil ebrake=1.00 ibrake=1.00 hasABS=0 sy=8.30 split=1.000,0.875 ===
195.95401|I|libbeamng.print:18052| === LSTM_OBS t=50 22.45740,18.77928,23.07000,23.43976,0.00494,8.29693,-9.48644,-0.01253,0.00000,0.00000,0.00342,1.00000,0.00000,0.00151,-0.01823,6793.50685,0.25000 ===
196.00465|I|libbeamng.print:18052| === LSTM_TRACE t=60 v=24.74 ws=21.42,15.58,22.18,22.69 cmd=0.843,0.860,0.831,0.844 cap=2394,2467,1588,1617 des=2394,2467,1390,1415 app=2394,2451,1390,1415 abs=nil,nil,nil,nil ebrake=1.00 ibrake=1.00 hasABS=0 sy=9.34 split=1.000,0.875 ===
196.00469|I|libbeamng.print:18052| === LSTM_OBS t=60 21.41822,15.58383,22.17882,22.69377,0.00107,9.34474,-9.63597,0.00370,0.00000,0.00000,0.00342,1.00000,0.00000,0.00173,-0.01888,6557.22147,0.25000 ===
196.05427|I|libbeamng.print:18052| === LSTM_TRACE t=70 v=24.17 ws=21.06,10.98,21.03,21.97 cmd=0.711,0.740,0.839,0.862 cap=2350,2431,1643,1684 des=2350,2431,1438,1474 app=2350,2418,1438,1474 abs=nil,nil,nil,nil ebrake=1.00 ibrake=1.00 hasABS=0 sy=9.99 split=1.000,0.875 ===
196.05431|I|libbeamng.print:18052| === LSTM_OBS t=70 21.06288,10.97671,21.02934,21.96563,-0.01665,9.98749,-9.71261,0.00861,0.00000,0.00000,0.00354,1.00000,0.00000,0.00210,-0.01871,6300.42276,0.25000 ===
196.10440|I|libbeamng.print:18052| === LSTM_TRACE t=80 v=23.60 ws=22.05,6.51,19.74,21.30 cmd=0.731,0.760,0.857,0.876 cap=2100,2196,1652,1691 des=2100,2196,1446,1480 app=2100,2185,1446,1480 abs=nil,nil,nil,nil ebrake=1.00 ibrake=1.00 hasABS=0 sy=10.36 split=1.000,0.875 ===
196.10445|I|libbeamng.print:18052| === LSTM_OBS t=80 22.05300,6.51401,19.74222,21.30362,-0.04066,10.36273,-9.71728,0.02520,0.00000,0.00000,0.00420,1.00000,0.00000,0.00251,-0.01765,6028.70062,0.25000 ===
196.15374|I|libbeamng.print:18052| === LSTM_TRACE t=90 v=23.07 ws=22.07,2.95,18.40,20.84 cmd=0.620,0.649,0.847,0.870 cap=2024,2117,1655,1694 des=2024,2117,1448,1482 app=2024,2105,1448,1482 abs=nil,nil,nil,nil ebrake=1.00 ibrake=1.00 hasABS=0 sy=10.53 split=1.000,0.875 ===
196.15379|I|libbeamng.print:18052| === LSTM_OBS t=90 22.07054,2.95089,18.39733,20.83859,-0.04358,10.53403,-9.71439,0.02187,0.00000,0.00000,0.00338,1.00000,0.00000,0.00280,-0.01593,5760.71261,0.25000 ===
196.20412|I|libbeamng.print:18052| === LSTM_TRACE t=100 v=22.55 ws=21.34,0.41,17.34,20.34 cmd=0.601,0.627,0.842,0.868 cap=1924,2003,1639,1691 des=1924,2003,1434,1479 app=1924,1991,1434,1479 abs=nil,nil,nil,nil ebrake=1.00 ibrake=1.00 hasABS=0 sy=10.49 split=1.000,0.875 ===
196.20416|I|libbeamng.print:18052| === LSTM_OBS t=100 21.34296,0.40813,17.34285,20.34220,-0.02915,10.49325,-9.68566,0.01209,0.00000,0.00000,0.00176,1.00000,0.00000,0.00164,-0.01356,5507.33376,0.25000 ===
196.25443|I|libbeamng.print:18052| === LSTM_TRACE t=110 v=22.03 ws=20.52,0.03,16.70,19.37 cmd=0.688,0.704,0.851,0.876 cap=2096,2149,1651,1699 des=2096,2149,1445,1486 app=2096,2135,1445,1486 abs=nil,nil,nil,nil ebrake=1.00 ibrake=1.00 hasABS=0 sy=10.48 split=1.000,0.875 ===
196.25451|I|libbeamng.print:18052| === LSTM_OBS t=110 20.52060,0.03092,16.70424,19.37144,-0.07185,10.47575,-9.68787,0.01612,0.00000,0.00000,0.00326,1.00000,0.00000,0.00003,-0.01106,5269.15439,0.25000 ===
196.30432|I|libbeamng.print:18052| === LSTM_TRACE t=120 v=21.47 ws=19.69,0.01,15.83,18.50 cmd=0.697,0.707,0.851,0.874 cap=2163,2196,1657,1699 des=2163,2196,1450,1487 app=2163,2180,1450,1487 abs=nil,nil,nil,nil ebrake=1.00 ibrake=1.00 hasABS=0 sy=10.57 split=1.000,0.875 ===
196.30436|I|libbeamng.print:18052| === LSTM_OBS t=120 19.69055,0.00749,15.82952,18.49519,-0.17133,10.56768,-9.64277,0.03806,0.00000,0.00000,0.00311,1.00000,0.00000,-0.00015,-0.00953,5036.25729,0.25000 ===
196.35424|I|libbeamng.print:18052| === LSTM_TRACE t=130 v=20.93 ws=19.20,0.00,14.85,17.97 cmd=0.711,0.720,0.844,0.873 cap=2216,2249,1650,1700 des=2216,2249,1444,1487 app=2216,2230,1444,1487 abs=nil,nil,nil,nil ebrake=1.00 ibrake=1.00 hasABS=0 sy=10.72 split=1.000,0.875 ===
196.35429|I|libbeamng.print:18052| === LSTM_OBS t=130 19.20213,0.00373,14.84567,17.97018,-0.23536,10.71581,-9.66450,0.03222,0.00000,0.00000,0.00311,1.00000,0.00000,0.00065,-0.00882,4806.01219,0.25000 ===
196.40427|I|libbeamng.print:18052| === LSTM_TRACE t=140 v=20.37 ws=18.58,0.02,13.70,17.30 cmd=0.718,0.726,0.832,0.871 cap=2151,2172,1609,1686 des=2151,2172,1408,1476 app=2151,2153,1408,1476 abs=nil,nil,nil,nil ebrake=1.00 ibrake=1.00 hasABS=0 sy=10.82 split=1.000,0.875 ===
196.40432|I|libbeamng.print:18052| === LSTM_OBS t=140 18.57727,0.01609,13.70377,17.30261,-0.24933,10.81616,-9.68503,0.04519,0.00000,0.00000,0.00249,1.00000,0.00000,0.00132,-0.00839,4572.81103,0.25000 ===
196.45394|I|libbeamng.print:18052| === LSTM_TRACE t=150 v=19.82 ws=17.28,0.02,12.76,16.75 cmd=0.712,0.718,0.768,0.832 cap=2127,2123,1467,1604 des=2127,2123,1284,1403 app=2127,2103,1284,1403 abs=nil,nil,nil,nil ebrake=1.00 ibrake=1.00 hasABS=0 sy=10.89 split=1.000,0.875 ===
196.45398|I|libbeamng.print:18052| === LSTM_OBS t=150 17.27633,0.01821,12.76492,16.74982,-0.26166,10.88520,-9.72584,0.05078,0.00000,0.00000,0.00224,1.00000,0.00000,0.00171,-0.00812,4343.19795,0.25000 ===
196.50443|I|libbeamng.print:18052| === LSTM_TRACE t=160 v=19.27 ws=16.18,0.00,12.09,16.14 cmd=0.714,0.718,0.662,0.746 cap=1903,1898,1241,1422 des=1903,1898,1086,1244 app=1903,1879,1086,1244 abs=nil,nil,nil,nil ebrake=1.00 ibrake=1.00 hasABS=0 sy=10.92 split=1.000,0.875 ===
196.50447|I|libbeamng.print:18052| === LSTM_OBS t=160 16.17777,0.00287,12.08649,16.14357,-0.28339,10.91655,-9.76586,0.05002,0.00000,0.00000,0.00270,1.00000,0.00000,0.00178,-0.00814,4142.00422,0.25000 ===
196.55433|I|libbeamng.print:18052| === LSTM_TRACE t=170 v=18.72 ws=16.63,0.13,11.94,15.65 cmd=0.676,0.636,0.503,0.596 cap=2340,2257,1087,1240 des=2340,2257,951,1085 app=2318,2230,951,1085 abs=nil,nil,nil,nil ebrake=1.00 ibrake=1.00 hasABS=0 sy=10.98 split=1.000,0.875 ===
196.55437|I|libbeamng.print:18052| === LSTM_OBS t=170 16.63062,0.12744,11.93828,15.64591,-0.32783,10.97683,-9.81332,0.04893,0.00000,0.00000,0.00423,1.00000,0.00000,0.00169,-0.00828,4004.18095,0.25000 ===
196.60455|I|libbeamng.print:18052| === LSTM_TRACE t=180 v=18.15 ws=17.10,0.52,12.27,15.26 cmd=0.628,0.593,0.523,0.599 cap=1918,1818,1057,1195 des=1918,1818,925,1045 app=1918,1798,925,1045 abs=nil,nil,nil,nil ebrake=1.00 ibrake=1.00 hasABS=0 sy=11.03 split=1.000,0.875 ===
196.60459|I|libbeamng.print:18052| === LSTM_OBS t=180 17.10150,0.52460,12.27196,15.26262,-0.41845,11.03407,-9.89502,0.04833,0.00000,0.00000,0.00210,1.00000,0.00000,0.00180,-0.00897,3928.95309,0.25000 ===
196.65406|I|libbeamng.print:18052| === LSTM_TRACE t=190 v=17.65 ws=16.73,0.32,11.96,14.71 cmd=0.469,0.444,0.494,0.583 cap=1737,1657,987,1159 des=1737,1657,864,1014 app=1737,1638,864,1014 abs=nil,nil,nil,nil ebrake=1.00 ibrake=1.00 hasABS=0 sy=10.93 split=1.000,0.875 ===
196.65411|I|libbeamng.print:18052| === LSTM_OBS t=190 16.73470,0.31624,11.95838,14.71250,-0.49661,10.93487,-9.87107,0.04664,0.00000,0.00000,0.00124,1.00000,0.00000,0.00229,-0.00974,3868.77491,0.25000 ===
196.70493|I|libbeamng.print:18052| === LSTM_TRACE t=200 v=17.14 ws=15.94,1.48,11.49,14.78 cmd=0.492,0.481,0.490,0.578 cap=2084,2042,1006,1182 des=2084,2042,880,1034 app=2084,2017,880,1034 abs=nil,nil,nil,nil ebrake=1.00 ibrake=1.00 hasABS=0 sy=10.70 split=1.000,0.875 ===
196.70498|I|libbeamng.print:18052| === LSTM_OBS t=200 15.94466,1.47810,11.49023,14.77888,-0.52100,10.70223,-9.78060,0.04022,0.00000,0.00000,0.00091,1.00000,0.00000,0.00321,-0.01074,3802.29563,0.25000 ===
196.75398|I|libbeamng.print:18052| === LSTM_TRACE t=210 v=16.60 ws=15.79,2.28,11.47,14.71 cmd=0.566,0.590,0.581,0.636 cap=1368,1408,1011,1148 des=1368,1408,885,1005 app=1532,1492,885,1005 abs=nil,nil,nil,nil ebrake=1.00 ibrake=1.00 hasABS=0 sy=10.59 split=1.000,0.875 ===
196.75402|I|libbeamng.print:18052| === LSTM_OBS t=210 15.78588,2.27731,11.47254,14.71178,-0.56685,10.58517,-9.75644,0.03507,0.00000,0.00000,0.00000,1.00000,0.00000,0.00279,-0.01153,3730.79000,0.25000 ===
196.80435|I|libbeamng.print:18052| === LSTM_TRACE t=220 v=16.11 ws=15.57,2.66,11.06,13.82 cmd=0.774,0.778,0.510,0.598 cap=2322,2377,1138,1260 des=2322,2377,996,1103 app=1903,2005,996,1103 abs=nil,nil,nil,nil ebrake=1.00 ibrake=1.00 hasABS=0 sy=10.49 split=1.000,0.875 ===
196.80439|I|libbeamng.print:18052| === LSTM_OBS t=220 15.57374,2.66152,11.06094,13.82459,-0.63213,10.49279,-9.74738,0.02261,0.00000,0.00000,0.00581,1.00000,0.00000,0.00278,-0.01185,3657.90980,0.25000 ===
196.85413|I|libbeamng.print:18052| === LSTM_TRACE t=230 v=15.60 ws=14.76,1.49,9.85,12.66 cmd=0.480,0.510,0.530,0.589 cap=1920,2007,1093,1193 des=1920,2007,956,1044 app=1920,1982,956,1044 abs=nil,nil,nil,nil ebrake=1.00 ibrake=1.00 hasABS=0 sy=10.42 split=1.000,0.875 ===
196.85417|I|libbeamng.print:18052| === LSTM_OBS t=230 14.75833,1.49328,9.84742,12.65792,-0.66429,10.42453,-9.66778,0.02758,0.00000,0.00000,0.00318,1.00000,0.00000,0.00270,-0.01244,3619.54523,0.25000 ===
196.90445|I|libbeamng.print:18052| === LSTM_TRACE t=240 v=15.07 ws=14.19,0.60,9.01,11.97 cmd=0.418,0.465,0.572,0.628 cap=1482,1574,994,1139 des=1482,1574,869,997 app=1763,1806,869,997 abs=nil,nil,nil,nil ebrake=1.00 ibrake=1.00 hasABS=0 sy=10.37 split=1.000,0.875 ===
196.90450|I|libbeamng.print:18052| === LSTM_OBS t=240 14.18971,0.59660,9.00818,11.97384,-0.61433,10.37476,-9.59850,0.02227,0.00000,0.00000,0.00115,1.00000,0.00000,0.00208,-0.01290,3564.50818,0.25000 ===
196.95406|I|libbeamng.print:18052| === LSTM_TRACE t=250 v=14.57 ws=14.24,0.30,8.19,10.67 cmd=0.746,0.770,0.592,0.655 cap=1810,1963,1192,1295 des=1810,1963,1043,1133 app=1706,1781,1043,1133 abs=nil,nil,nil,nil ebrake=1.00 ibrake=1.00 hasABS=0 sy=10.35 split=1.000,0.875 ===
196.95411|I|libbeamng.print:18052| === LSTM_OBS t=250 14.23811,0.30005,8.19217,10.67082,-0.62914,10.35253,-9.61879,0.02241,0.00000,0.00000,0.00335,1.00000,0.00000,0.00154,-0.01315,3486.30257,0.25000 ===
197.00432|I|libbeamng.print:18052| === LSTM_TRACE t=260 v=14.07 ws=13.24,0.04,7.58,9.84 cmd=0.550,0.580,0.565,0.624 cap=1959,2036,1102,1222 des=1959,2036,964,1070 app=1959,2008,964,1070 abs=nil,nil,nil,nil ebrake=1.00 ibrake=1.00 hasABS=0 sy=10.25 split=1.000,0.875 ===
197.00437|I|libbeamng.print:18052| === LSTM_OBS t=260 13.24415,0.03532,7.57938,9.83585,-0.61999,10.25137,-9.63824,0.03335,0.00000,0.00000,0.00221,1.00000,0.00000,0.00192,-0.01325,3395.58876,0.25000 ===
197.05404|I|libbeamng.print:18052| === LSTM_TRACE t=270 v=13.55 ws=12.95,0.00,6.44,9.20 cmd=0.611,0.643,0.590,0.645 cap=1803,1912,1147,1253 des=1803,1912,1003,1096 app=1803,1885,1003,1096 abs=nil,nil,nil,nil ebrake=1.00 ibrake=1.00 hasABS=0 sy=10.25 split=1.000,0.875 ===
197.05409|I|libbeamng.print:18052| === LSTM_OBS t=270 12.94998,0.00019,6.43540,9.20277,-0.58785,10.25408,-9.65237,0.03267,0.00000,0.00000,0.00115,1.00000,0.00000,0.00217,-0.01314,3301.49843,0.25000 ===
197.10448|I|libbeamng.print:18052| === LSTM_TRACE t=280 v=13.04 ws=12.31,0.01,6.04,8.83 cmd=0.542,0.577,0.582,0.634 cap=1876,1967,1130,1239 des=1876,1967,989,1084 app=1876,1939,989,1084 abs=nil,nil,nil,nil ebrake=1.00 ibrake=1.00 hasABS=0 sy=10.27 split=1.000,0.875 ===
197.10458|I|libbeamng.print:18052| === LSTM_OBS t=280 12.31455,0.00855,6.03738,8.82828,-0.55481,10.26601,-9.66429,0.03786,0.00000,0.00000,0.00115,1.00000,0.00000,0.00203,-0.01290,3201.22250,0.25000 ===
197.15391|I|libbeamng.print:18052| === LSTM_TRACE t=290 v=12.51 ws=12.06,0.01,5.38,8.67 cmd=0.572,0.609,0.604,0.655 cap=1658,1778,1149,1249 des=1658,1778,1006,1092 app=1658,1751,1006,1092 abs=nil,nil,nil,nil ebrake=1.00 ibrake=1.00 hasABS=0 sy=10.28 split=1.000,0.875 ===
197.15399|I|libbeamng.print:18052| === LSTM_OBS t=290 12.06043,0.01039,5.38311,8.66722,-0.53134,10.27564,-9.67105,0.04998,0.00000,0.00000,0.00176,1.00000,0.00000,0.00197,-0.01259,3088.35011,0.25000 ===
197.20432|I|libbeamng.print:18052| === LSTM_TRACE t=300 v=12.00 ws=11.55,0.02,5.07,8.32 cmd=0.558,0.594,0.598,0.650 cap=1781,1893,1178,1274 des=1781,1893,1031,1115 app=1781,1864,1031,1115 abs=nil,nil,nil,nil ebrake=1.00 ibrake=1.00 hasABS=0 sy=10.27 split=1.000,0.875 ===
197.20437|I|libbeamng.print:18052| === LSTM_OBS t=300 11.55020,0.02499,5.06932,8.32072,-0.51726,10.27500,-9.68526,0.04279,0.00000,0.00000,0.00134,1.00000,0.00000,0.00208,-0.01235,2974.07386,0.25000 ===
197.25477|I|libbeamng.print:18052| === LSTM_TRACE t=310 v=11.49 ws=11.08,0.09,4.77,8.04 cmd=0.571,0.613,0.619,0.667 cap=1578,1710,1172,1260 des=1578,1710,1026,1103 app=1578,1684,1026,1103 abs=nil,nil,nil,nil ebrake=1.00 ibrake=1.00 hasABS=0 sy=10.27 split=1.000,0.875 ===
197.25481|I|libbeamng.print:18052| === LSTM_OBS t=310 11.08264,0.08612,4.77307,8.03565,-0.51030,10.26994,-9.67789,0.04226,0.00000,0.00000,0.00224,1.00000,0.00000,0.00226,-0.01227,2857.44351,0.25000 ===
197.30436|I|libbeamng.print:18052| === LSTM_TRACE t=320 v=10.98 ws=10.42,0.60,4.59,7.70 cmd=0.535,0.581,0.616,0.660 cap=1725,1848,1181,1267 des=1725,1848,1033,1109 app=1725,1819,1033,1109 abs=nil,nil,nil,nil ebrake=1.00 ibrake=1.00 hasABS=0 sy=10.27 split=1.000,0.875 ===
197.30440|I|libbeamng.print:18052| === LSTM_OBS t=320 10.42147,0.59834,4.58701,7.69782,-0.48895,10.27101,-9.67179,0.03267,0.00000,0.00000,0.00189,1.00000,0.00000,0.00206,-0.01215,2737.27800,0.25000 ===
197.35429|I|libbeamng.print:18052| === LSTM_TRACE t=330 v=10.46 ws=10.15,0.82,4.92,7.38 cmd=0.508,0.562,0.624,0.663 cap=1567,1726,1201,1279 des=1567,1726,1051,1119 app=1567,1699,1051,1119 abs=nil,nil,nil,nil ebrake=1.00 ibrake=1.00 hasABS=0 sy=10.35 split=1.000,0.875 ===
197.35433|I|libbeamng.print:18052| === LSTM_OBS t=330 10.14857,0.81792,4.91746,7.38384,-0.47933,10.34887,-9.67755,0.03806,0.00000,0.00000,0.00169,1.00000,0.00000,0.00123,-0.01204,2614.07620,0.25000 ===
197.40442|I|libbeamng.print:18052| === LSTM_TRACE t=340 v=9.94 ws=9.52,1.14,4.80,6.88 cmd=0.556,0.606,0.625,0.667 cap=1729,1874,1194,1282 des=1729,1874,1045,1122 app=1729,1844,1045,1122 abs=nil,nil,nil,nil ebrake=1.00 ibrake=1.00 hasABS=0 sy=10.31 split=1.000,0.875 ===
197.40446|I|libbeamng.print:18052| === LSTM_OBS t=340 9.52471,1.13693,4.79968,6.88451,-0.51236,10.31472,-9.62298,0.03324,0.00000,0.00000,0.00169,1.00000,0.00000,0.00124,-0.01218,2488.24412,0.25000 ===
197.45420|I|libbeamng.print:18052| === LSTM_TRACE t=350 v=9.41 ws=9.02,1.77,4.46,5.95 cmd=0.602,0.647,0.628,0.676 cap=1679,1817,1174,1275 des=1679,1817,1027,1115 app=1679,1788,1027,1115 abs=nil,nil,nil,nil ebrake=1.00 ibrake=1.00 hasABS=0 sy=10.38 split=1.000,0.875 ===
197.45424|I|libbeamng.print:18052| === LSTM_OBS t=350 9.01647,1.77288,4.46193,5.94601,-0.48987,10.38029,-9.64535,0.03860,0.00000,0.00000,0.00239,1.00000,0.00000,0.00125,-0.01224,2363.13136,0.25000 ===
197.50435|I|libbeamng.print:18052| === LSTM_TRACE t=360 v=8.85 ws=8.17,2.98,4.58,5.44 cmd=0.583,0.631,0.624,0.674 cap=1865,1987,1171,1284 des=1865,1987,1025,1123 app=1865,1955,1025,1123 abs=nil,nil,nil,nil ebrake=1.00 ibrake=1.00 hasABS=0 sy=10.46 split=1.000,0.875 ===
197.50439|I|libbeamng.print:18052| === LSTM_OBS t=360 8.16958,2.98202,4.58272,5.44111,-0.49754,10.46447,-9.65137,0.02811,0.00000,0.00000,0.00049,1.00000,0.00000,0.00123,-0.01239,2241.60077,0.25000 ===
197.55418|I|libbeamng.print:18052| === LSTM_TRACE t=370 v=8.30 ws=7.67,3.49,4.90,4.89 cmd=0.572,0.633,0.655,0.697 cap=1363,1520,1146,1259 des=1363,1520,1002,1101 app=1661,1746,1002,1101 abs=nil,nil,nil,nil ebrake=1.00 ibrake=1.00 hasABS=0 sy=10.64 split=1.000,0.875 ===
197.55425|I|libbeamng.print:18052| === LSTM_OBS t=370 7.67264,3.48562,4.90019,4.89297,-0.48743,10.64297,-9.68892,0.03268,0.00000,0.00000,0.00049,1.00000,0.00000,0.00077,-0.01302,2121.00015,0.25000 ===
197.60441|I|libbeamng.print:18052| === LSTM_TRACE t=380 v=7.74 ws=7.53,4.24,5.08,4.12 cmd=0.752,0.780,0.638,0.697 cap=2049,2173,1222,1330 des=2049,2173,1069,1163 app=2049,2140,1069,1163 abs=nil,nil,nil,nil ebrake=1.00 ibrake=1.00 hasABS=0 sy=10.83 split=1.000,0.875 ===
197.60445|I|libbeamng.print:18052| === LSTM_OBS t=380 7.52708,4.24156,5.07604,4.11719,-0.48794,10.82878,-9.68775,0.02236,0.00000,0.00000,0.00162,1.00000,0.00000,0.00064,-0.01384,1997.13423,0.25000 ===
197.65437|I|libbeamng.print:18052| === LSTM_TRACE t=390 v=7.16 ws=6.52,4.48,4.87,3.53 cmd=0.711,0.744,0.617,0.694 cap=2141,2250,1192,1344 des=2141,2250,1043,1176 app=2141,2217,1043,1176 abs=nil,nil,nil,nil ebrake=1.00 ibrake=1.00 hasABS=0 sy=10.97 split=1.000,0.875 ===
197.65442|I|libbeamng.print:18052| === LSTM_OBS t=390 6.52215,4.48124,4.86737,3.53249,-0.45147,10.97132,-9.74539,0.03146,0.00000,0.00000,0.00311,1.00000,0.00000,0.00099,-0.01469,1867.29626,0.25000 ===
197.70466|I|libbeamng.print:18052| === LSTM_TRACE t=400 v=6.59 ws=5.74,4.77,4.69,2.31 cmd=0.733,0.765,0.619,0.690 cap=2242,2332,1173,1321 des=2242,2332,1026,1156 app=2242,2300,1026,1156 abs=nil,nil,nil,nil ebrake=1.00 ibrake=1.00 hasABS=0 sy=11.19 split=1.000,0.875 ===
197.70471|I|libbeamng.print:18052| === LSTM_OBS t=400 5.74054,4.76804,4.69299,2.30807,-0.43671,11.18727,-9.70323,0.01833,0.00000,0.00000,0.00221,1.00000,0.00000,0.00112,-0.01554,1734.86561,0.25000 ===
197.75487|I|libbeamng.print:18052| === LSTM_TRACE t=410 v=6.00 ws=4.83,4.37,5.37,1.61 cmd=0.737,0.773,0.616,0.670 cap=2458,2541,1206,1317 des=2458,2541,1055,1152 app=2458,2507,1055,1152 abs=nil,nil,nil,nil ebrake=1.00 ibrake=1.00 hasABS=0 sy=11.34 split=1.000,0.875 ===
197.75492|I|libbeamng.print:18052| === LSTM_OBS t=410 4.83020,4.36530,5.36892,1.60637,-0.47711,11.34080,-9.76235,0.02408,0.00000,0.00000,0.00293,1.00000,0.00000,0.00156,-0.01602,1595.36061,0.25000 ===
197.80599|I|libbeamng.print:18052| === LSTM_TRACE t=420 v=5.40 ws=3.91,3.26,4.69,0.47 cmd=0.768,0.811,0.619,0.652 cap=2506,2613,1226,1311 des=2506,2613,1073,1148 app=2506,2579,1073,1148 abs=nil,nil,nil,nil ebrake=1.00 ibrake=1.00 hasABS=0 sy=11.46 split=1.000,0.875 ===
197.80603|I|libbeamng.print:18052| === LSTM_OBS t=420 3.91427,3.25698,4.69169,0.47448,-0.42062,11.46477,-9.73252,0.01212,0.00000,0.00000,0.00249,1.00000,0.00000,0.00191,-0.01595,1451.22685,0.25000 ===
197.85412|I|libbeamng.print:18052| === LSTM_TRACE t=430 v=4.83 ws=2.66,0.99,4.65,0.84 cmd=0.724,0.813,0.684,0.677 cap=1879,2229,1280,1247 des=1879,2229,1120,1091 app=1879,2200,1120,1091 abs=nil,nil,nil,nil ebrake=1.00 ibrake=1.00 hasABS=0 sy=11.47 split=1.000,0.875 ===
197.85418|I|libbeamng.print:18052| === LSTM_OBS t=430 2.66358,0.99334,4.64801,0.83505,-0.38427,11.46731,-9.78631,0.03422,0.00000,0.00000,0.00628,1.00000,0.00000,0.00197,-0.01564,1311.48269,0.25000 ===
197.90465|I|libbeamng.print:18052| === LSTM_TRACE t=440 v=4.27 ws=0.34,0.10,3.26,1.66 cmd=0.644,0.765,0.730,0.689 cap=2193,2493,1391,1347 des=2193,2493,1217,1179 app=2193,2460,1217,1179 abs=nil,nil,nil,nil ebrake=1.00 ibrake=1.00 hasABS=0 sy=11.40 split=1.000,0.875 ===
197.90472|I|libbeamng.print:18052| === LSTM_OBS t=440 0.34313,0.09967,3.26390,1.65971,-0.29984,11.40054,-9.74240,0.00631,0.00000,0.00000,0.00069,1.00000,0.00000,0.00238,-0.01478,1155.06327,0.25000 ===
197.95433|I|libbeamng.print:18052| === LSTM_TRACE t=450 v=3.74 ws=0.03,0.04,2.04,0.95 cmd=0.888,0.915,0.834,0.813 cap=2734,2825,1587,1566 des=2734,2825,1389,1370 app=2734,2786,1389,1370 abs=nil,nil,nil,nil ebrake=1.00 ibrake=1.00 hasABS=0 sy=11.28 split=1.000,0.875 ===
197.95440|I|libbeamng.print:18052| === LSTM_OBS t=450 0.02806,0.03943,2.03566,0.94885,-0.19878,11.28220,-9.56651,-0.00316,0.00000,0.00000,0.00169,1.00000,0.00000,0.00145,-0.01459,1006.48487,0.25000 ===
198.00467|I|libbeamng.print:18052| === LSTM_TRACE t=460 v=3.20 ws=0.00,0.02,1.23,0.05 cmd=0.973,0.977,0.858,0.862 cap=3009,3022,1665,1672 des=3009,3022,1457,1463 app=3009,2980,1457,1463 abs=nil,nil,nil,nil ebrake=1.00 ibrake=1.00 hasABS=0 sy=11.15 split=1.000,0.875 ===
198.00473|I|libbeamng.print:18052| === LSTM_OBS t=460 0.00189,0.02228,1.22858,0.04983,-0.13899,11.15411,-9.44682,0.00385,0.00000,0.00000,0.00261,1.00000,0.00000,0.00066,-0.01432,823.25309,0.25000 ===
198.05448|I|libbeamng.print:18052| === LSTM_TRACE t=470 v=2.64 ws=0.00,0.01,0.10,0.19 cmd=0.984,0.986,0.857,0.877 cap=3050,3057,1666,1700 des=3050,3057,1458,1488 app=3050,3013,1458,1488 abs=nil,nil,nil,nil ebrake=1.00 ibrake=1.00 hasABS=0 sy=11.10 split=1.000,0.875 ===
198.05455|I|libbeamng.print:18052| === LSTM_OBS t=470 0.00023,0.00885,0.10488,0.18941,-0.17356,11.10394,-9.47939,0.00039,0.00000,0.00000,0.00254,1.00000,0.00000,0.00109,-0.01378,737.64162,0.25000 ===
198.10495|I|libbeamng.print:18052| === LSTM_TRACE t=480 v=2.08 ws=0.00,0.00,0.12,0.05 cmd=0.989,0.990,0.851,0.885 cap=3066,3070,1656,1700 des=3066,3070,1449,1488 app=3066,3025,1449,1488 abs=nil,nil,nil,nil ebrake=1.00 ibrake=1.00 hasABS=0 sy=11.13 split=1.000,0.875 ===
198.10499|I|libbeamng.print:18052| === LSTM_OBS t=480 0.00178,0.00295,0.11758,0.05417,-0.15684,11.12645,-9.51880,-0.00222,0.00000,0.00000,0.00216,1.00000,0.00000,0.00069,-0.01294,724.90925,0.25000 ===
198.15416|I|libbeamng.print:18052| === LSTM_TRACE t=490 v=1.50 ws=0.00,0.00,0.14,0.01 cmd=0.992,0.993,0.849,0.882 cap=3074,3077,1650,1700 des=3074,3077,1444,1488 app=3074,3031,1443,1488 abs=nil,nil,nil,nil ebrake=1.00 ibrake=1.00 hasABS=0 sy=11.19 split=1.000,0.875 ===
198.15421|I|libbeamng.print:18052| === LSTM_OBS t=490 0.00017,0.00016,0.14473,0.01407,-0.15251,11.19435,-9.57219,0.00076,0.00000,0.00000,0.00183,1.00000,0.00000,0.00056,-0.01222,726.31671,0.25000 ===
198.20506|I|libbeamng.print:18052| === LSTM_TRACE t=500 v=0.92 ws=0.00,0.00,0.82,0.00 cmd=0.993,0.994,0.848,0.880 cap=3079,3080,1648,1700 des=3079,3080,1442,1488 app=3079,3034,1442,1488 abs=nil,nil,nil,nil ebrake=1.00 ibrake=1.00 hasABS=0 sy=11.28 split=1.000,0.875 ===
198.20510|I|libbeamng.print:18052| === LSTM_OBS t=500 0.00337,0.00214,0.81710,0.00240,-0.14495,11.27795,-9.61828,0.00037,0.00000,0.00000,0.00216,1.00000,0.00000,0.00062,-0.01163,723.89894,0.25000 ===
228.23320|I|libbeamng.print:18052| === LSTM_TRACE t=0 v=27.70 ws=27.67,27.77,27.41,27.48 cmd=0.925,0.920,0.569,0.581 cap=155,155,97,97 des=155,155,85,85 app=155,151,84,85 abs=nil,nil,nil,nil ebrake=1.00 ibrake=1.00 hasABS=0 sy=1.58 split=1.000,0.875 ===
228.23324|I|libbeamng.print:18052| === LSTM_OBS t=0 27.66728,27.76703,27.41321,27.47513,-0.01038,1.57728,-9.76133,0.00614,0.00000,0.00000,0.00049,1.00000,0.00000,0.00087,-0.00909,7858.31094,0.25000 ===
228.28333|I|libbeamng.print:18052| === LSTM_TRACE t=10 v=27.45 ws=27.03,26.62,26.82,26.83 cmd=0.374,0.501,0.459,0.475 cap=1072,1439,841,863 des=1072,1439,735,755 app=1070,1409,732,752 abs=nil,nil,nil,nil ebrake=1.00 ibrake=1.00 hasABS=0 sy=2.14 split=1.000,0.875 ===
228.28336|I|libbeamng.print:18052| === LSTM_OBS t=10 27.03205,26.61738,26.82369,26.83453,0.00148,2.14111,-9.78673,-0.01280,0.00000,0.00000,0.00192,1.00000,0.00000,0.00079,-0.01003,7778.25874,0.25000 ===
228.30328|I|libbeamng.print:18052| === LSTM_ABS DBG raw=26.2615,25.9256,26.5443,26.5200,0.0294,2.6435,-9.7913,-0.0019,0.0000,0.0000,0.0023,1.0000,0.0000,0.0009,-0.0108,7710.5531,0.2500 ===
228.30331|I|libbeamng.print:18052| === LSTM_ABS DBG norm=0.55,0.47,0.53,0.50,-0.13,-2.09,0.00,0.01,0.06,-0.06,-0.00,0.59,-0.02,0.00,0.00,3.82,0.00 ===
228.30332|I|libbeamng.print:18052| === LSTM_ABS DBG cmd=0.4821,0.6257,0.5901,0.5988 ===
228.33336|I|libbeamng.print:18052| === LSTM_TRACE t=20 v=27.02 ws=25.29,24.56,26.03,25.99 cmd=0.710,0.797,0.761,0.758 cap=2114,2423,1444,1436 des=2114,2423,1263,1257 app=2113,2384,1260,1254 abs=nil,nil,nil,nil ebrake=1.00 ibrake=1.00 hasABS=0 sy=3.51 split=1.000,0.875 ===
228.33340|I|libbeamng.print:18052| === LSTM_OBS t=20 25.29236,24.55646,26.02781,25.98988,0.02015,3.51153,-9.66522,-0.00302,0.00000,0.00000,0.00229,1.00000,0.00000,0.00094,-0.01222,7578.15736,0.25000 ===
228.38353|I|libbeamng.print:18052| === LSTM_TRACE t=30 v=26.49 ws=23.70,22.21,24.92,25.07 cmd=0.758,0.785,0.757,0.755 cap=2380,2468,1487,1480 des=2380,2468,1301,1295 app=2380,2439,1300,1294 abs=nil,nil,nil,nil ebrake=1.00 ibrake=1.00 hasABS=0 sy=5.43 split=1.000,0.875 ===
228.38357|I|libbeamng.print:18052| === LSTM_OBS t=30 23.70479,22.21491,24.91727,25.07261,0.07239,5.43288,-9.42599,-0.00853,0.00000,0.00000,0.00210,1.00000,0.00000,0.00096,-0.01504,7300.62126,0.25000 ===
228.43350|I|libbeamng.print:18052| === LSTM_TRACE t=40 v=25.92 ws=23.26,20.63,24.07,24.32 cmd=0.767,0.788,0.744,0.761 cap=2439,2502,1460,1485 des=2439,2502,1277,1300 app=2439,2480,1277,1300 abs=nil,nil,nil,nil ebrake=1.00 ibrake=1.00 hasABS=0 sy=7.03 split=1.000,0.875 ===
228.43354|I|libbeamng.print:18052| === LSTM_OBS t=40 23.26245,20.63382,24.07194,24.31686,0.04955,7.03493,-9.39627,0.00256,0.00000,0.00000,0.00285,1.00000,0.00000,0.00120,-0.01707,7025.80462,0.25000 ===
228.48356|I|libbeamng.print:18052| === LSTM_TRACE t=50 v=25.32 ws=22.45,18.29,23.15,23.47 cmd=0.783,0.801,0.770,0.787 cap=2482,2535,1497,1529 des=2482,2535,1310,1338 app=2482,2518,1310,1338 abs=nil,nil,nil,nil ebrake=1.00 ibrake=1.00 hasABS=0 sy=8.42 split=1.000,0.875 ===
228.48360|I|libbeamng.print:18052| === LSTM_OBS t=50 22.45348,18.29313,23.14685,23.46836,0.03600,8.41686,-9.50631,-0.01223,0.00000,0.00000,0.00329,1.00000,0.00000,0.00149,-0.01831,6787.41100,0.25000 ===
228.53346|I|libbeamng.print:18052| === LSTM_TRACE t=60 v=24.72 ws=21.58,14.44,22.19,22.76 cmd=0.719,0.738,0.799,0.821 cap=2596,2644,1598,1627 des=2596,2644,1398,1424 app=2596,2631,1398,1424 abs=nil,nil,nil,nil ebrake=1.00 ibrake=1.00 hasABS=0 sy=9.41 split=1.000,0.875 ===
228.53355|I|libbeamng.print:18052| === LSTM_OBS t=60 21.57834,14.44291,22.18837,22.76004,0.00971,9.40594,-9.63928,0.01283,0.00000,0.00000,0.00384,1.00000,0.00000,0.00184,-0.01891,6548.55426,0.25000 ===
228.58361|I|libbeamng.print:18052| === LSTM_TRACE t=70 v=24.15 ws=21.63,10.18,21.01,21.98 cmd=0.717,0.746,0.840,0.862 cap=2206,2284,1617,1664 des=2206,2284,1415,1456 app=2206,2274,1415,1456 abs=nil,nil,nil,nil ebrake=1.00 ibrake=1.00 hasABS=0 sy=10.02 split=1.000,0.875 ===
228.58366|I|libbeamng.print:18052| === LSTM_OBS t=70 21.62750,10.18338,21.00726,21.98427,-0.00824,10.02363,-9.72017,0.00601,0.00000,0.00000,0.00409,1.00000,0.00000,0.00230,-0.01875,6289.61334,0.25000 ===
228.63327|I|libbeamng.print:18052| === LSTM_TRACE t=80 v=23.60 ws=22.32,5.80,19.79,21.46 cmd=0.677,0.708,0.851,0.870 cap=1952,2044,1630,1675 des=1952,2044,1427,1466 app=1952,2035,1427,1466 abs=nil,nil,nil,nil ebrake=1.00 ibrake=1.00 hasABS=0 sy=10.37 split=1.000,0.875 ===
228.63332|I|libbeamng.print:18052| === LSTM_OBS t=80 22.31915,5.80441,19.79357,21.45508,-0.03677,10.37164,-9.73117,0.03053,0.00000,0.00000,0.00326,1.00000,0.00000,0.00281,-0.01762,6020.26548,0.25000 ===
228.68362|I|libbeamng.print:18052| === LSTM_TRACE t=90 v=23.08 ws=21.95,3.29,18.19,21.05 cmd=0.633,0.664,0.846,0.872 cap=2021,2118,1650,1694 des=2021,2118,1444,1482 app=2021,2108,1444,1482 abs=nil,nil,nil,nil ebrake=1.00 ibrake=1.00 hasABS=0 sy=10.48 split=1.000,0.875 ===
228.68367|I|libbeamng.print:18052| === LSTM_OBS t=90 21.94925,3.29130,18.18659,21.05186,-0.04810,10.48478,-9.72528,0.00619,0.00000,0.00000,0.00315,1.00000,0.00000,0.00306,-0.01581,5755.00958,0.25000 ===
228.73320|I|libbeamng.print:18052| === LSTM_TRACE t=100 v=22.58 ws=21.56,0.20,17.26,20.46 cmd=0.629,0.656,0.845,0.871 cap=1807,1898,1643,1690 des=1807,1898,1438,1478 app=1807,1888,1438,1478 abs=nil,nil,nil,nil ebrake=1.00 ibrake=1.00 hasABS=0 sy=10.42 split=1.000,0.875 ===
228.73328|I|libbeamng.print:18052| === LSTM_OBS t=100 21.55510,0.20477,17.25880,20.46270,-0.01888,10.41996,-9.66032,0.00154,0.00000,0.00000,0.00364,1.00000,0.00000,0.00158,-0.01333,5505.47755,0.25000 ===
228.78334|I|libbeamng.print:18052| === LSTM_TRACE t=110 v=22.06 ws=20.55,0.07,16.27,19.90 cmd=0.654,0.671,0.848,0.874 cap=2069,2124,1648,1700 des=2069,2124,1442,1488 app=2069,2112,1442,1488 abs=nil,nil,nil,nil ebrake=1.00 ibrake=1.00 hasABS=0 sy=10.35 split=1.000,0.875 ===
228.78338|I|libbeamng.print:18052| === LSTM_OBS t=110 20.55347,0.07179,16.26815,19.90250,-0.15091,10.34791,-9.61077,0.01030,0.00000,0.00000,0.00224,1.00000,0.00000,0.00159,-0.01130,5269.17564,0.25000 ===
228.83321|I|libbeamng.print:18052| === LSTM_TRACE t=120 v=21.52 ws=20.22,0.01,14.82,19.47 cmd=0.627,0.639,0.849,0.875 cap=2017,2059,1656,1700 des=2017,2059,1449,1488 app=2017,2047,1449,1488 abs=nil,nil,nil,nil ebrake=1.00 ibrake=1.00 hasABS=0 sy=10.43 split=1.000,0.875 ===
228.83326|I|libbeamng.print:18052| === LSTM_OBS t=120 20.21528,0.00501,14.81767,19.47481,-0.17514,10.42994,-9.59187,0.01629,0.00000,0.00000,0.00239,1.00000,0.00000,0.00177,-0.01010,5041.25438,0.25000 ===
228.88322|I|libbeamng.print:18052| === LSTM_TRACE t=130 v=20.99 ws=20.03,0.01,13.56,19.39 cmd=0.634,0.651,0.848,0.878 cap=1905,1950,1643,1700 des=1905,1950,1437,1488 app=1905,1937,1437,1488 abs=nil,nil,nil,nil ebrake=1.00 ibrake=1.00 hasABS=0 sy=10.50 split=1.000,0.875 ===
228.88326|I|libbeamng.print:18052| === LSTM_OBS t=130 20.02833,0.00919,13.56303,19.38731,-0.21810,10.50101,-9.64785,0.01518,0.00000,0.00000,0.00216,1.00000,0.00000,0.00208,-0.00924,4813.16065,0.25000 ===
228.93312|I|libbeamng.print:18052| === LSTM_TRACE t=140 v=20.48 ws=19.52,0.00,11.95,19.25 cmd=0.587,0.613,0.844,0.879 cap=1815,1890,1636,1700 des=1815,1890,1432,1488 app=1815,1875,1432,1488 abs=nil,nil,nil,nil ebrake=1.00 ibrake=1.00 hasABS=0 sy=10.48 split=1.000,0.875 ===
228.93316|I|libbeamng.print:18052| === LSTM_OBS t=140 19.51901,0.00277,11.95257,19.24930,-0.25147,10.47685,-9.72951,-0.00372,0.00000,0.00000,0.00204,1.00000,0.00000,0.00236,-0.00852,4579.59767,0.25000 ===
228.98332|I|libbeamng.print:18052| === LSTM_TRACE t=150 v=19.98 ws=19.12,0.02,10.25,19.08 cmd=0.596,0.636,0.840,0.883 cap=1796,1914,1631,1700 des=1796,1914,1427,1488 app=1796,1899,1427,1488 abs=nil,nil,nil,nil ebrake=1.00 ibrake=1.00 hasABS=0 sy=10.38 split=1.000,0.875 ===
228.98336|I|libbeamng.print:18052| === LSTM_OBS t=150 19.11550,0.01908,10.24687,19.08385,-0.28434,10.38243,-9.74559,-0.02226,0.00000,0.00000,0.00192,1.00000,0.00000,0.00255,-0.00790,4342.29700,0.25000 ===
229.03335|I|libbeamng.print:18052| === LSTM_TRACE t=160 v=19.48 ws=18.29,0.01,9.03,18.77 cmd=0.597,0.647,0.828,0.881 cap=1922,2072,1615,1700 des=1922,2072,1413,1488 app=1922,2054,1413,1488 abs=nil,nil,nil,nil ebrake=1.00 ibrake=1.00 hasABS=0 sy=10.26 split=1.000,0.875 ===
229.03340|I|libbeamng.print:18052| === LSTM_OBS t=160 18.29024,0.00520,9.02649,18.77355,-0.29977,10.26223,-9.77002,-0.04143,0.00000,0.00000,0.00234,1.00000,0.00000,0.00248,-0.00726,4092.84318,0.25000 ===
229.08331|I|libbeamng.print:18052| === LSTM_TRACE t=170 v=18.97 ws=17.45,0.00,7.91,18.27 cmd=0.649,0.696,0.812,0.878 cap=2228,2370,1613,1700 des=2228,2370,1412,1488 app=2228,2349,1412,1488 abs=nil,nil,nil,nil ebrake=1.00 ibrake=1.00 hasABS=0 sy=10.21 split=1.000,0.875 ===
229.08336|I|libbeamng.print:18052| === LSTM_OBS t=170 17.45075,0.00182,7.90969,18.27249,-0.26137,10.20673,-9.74371,-0.05169,0.00000,0.00000,0.00278,1.00000,0.00000,0.00190,-0.00682,3843.35381,0.25000 ===
229.13346|I|libbeamng.print:18052| === LSTM_TRACE t=180 v=18.44 ws=16.38,0.01,6.75,17.56 cmd=0.673,0.717,0.818,0.885 cap=2214,2313,1545,1694 des=2214,2313,1352,1482 app=2214,2291,1352,1482 abs=nil,nil,nil,nil ebrake=1.00 ibrake=1.00 hasABS=0 sy=10.24 split=1.000,0.875 ===
229.13351|I|libbeamng.print:18052| === LSTM_OBS t=180 16.38482,0.01261,6.75295,17.55581,-0.21339,10.24392,-9.73975,-0.03383,0.00000,0.00000,0.00285,1.00000,0.00000,0.00094,-0.00670,3595.21342,0.25000 ===
229.18328|I|libbeamng.print:18052| === LSTM_TRACE t=190 v=17.92 ws=15.39,0.05,5.57,16.73 cmd=0.794,0.811,0.795,0.873 cap=2567,2635,1605,1700 des=2567,2635,1404,1488 app=2567,2609,1404,1488 abs=nil,nil,nil,nil ebrake=1.00 ibrake=1.00 hasABS=0 sy=10.35 split=1.000,0.875 ===
229.18332|I|libbeamng.print:18052| === LSTM_OBS t=190 15.38715,0.04906,5.56623,16.73158,-0.13255,10.35376,-9.73284,-0.04641,0.00000,0.00000,0.00338,1.00000,0.00000,0.00011,-0.00687,3346.97890,0.25000 ===
229.23324|I|libbeamng.print:18052| === LSTM_TRACE t=200 v=17.37 ws=13.94,0.01,4.74,15.76 cmd=0.740,0.763,0.808,0.867 cap=2133,2207,1551,1674 des=2133,2207,1357,1465 app=2133,2184,1357,1465 abs=nil,nil,nil,nil ebrake=1.00 ibrake=1.00 hasABS=0 sy=10.48 split=1.000,0.875 ===
229.23329|I|libbeamng.print:18052| === LSTM_OBS t=200 13.93811,0.01296,4.73889,15.76284,-0.07445,10.47977,-9.79202,-0.02451,0.00000,0.00000,0.00384,1.00000,0.00000,-0.00002,-0.00719,3109.52480,0.25000 ===
229.28325|I|libbeamng.print:18052| === LSTM_TRACE t=210 v=16.83 ws=13.32,0.01,4.13,15.07 cmd=0.683,0.691,0.756,0.807 cap=2154,2190,1491,1590 des=2154,2190,1305,1391 app=2154,2166,1305,1391 abs=nil,nil,nil,nil ebrake=1.00 ibrake=1.00 hasABS=0 sy=10.55 split=1.000,0.875 ===
229.28330|I|libbeamng.print:18052| === LSTM_OBS t=210 13.31649,0.00601,4.13325,15.07455,0.02122,10.55495,-9.84130,-0.01164,0.00000,0.00000,0.00369,1.00000,0.00000,0.00030,-0.00762,2879.67608,0.25000 ===
229.33312|I|libbeamng.print:18052| === LSTM_TRACE t=220 v=16.31 ws=13.39,0.01,2.95,14.74 cmd=0.677,0.674,0.677,0.732 cap=2212,2206,1346,1449 des=2212,2206,1178,1268 app=2212,2181,1178,1268 abs=nil,nil,nil,nil ebrake=1.00 ibrake=1.00 hasABS=0 sy=10.60 split=1.000,0.875 ===
229.33316|I|libbeamng.print:18052| === LSTM_OBS t=220 13.38640,0.01369,2.95306,14.74468,0.10219,10.60052,-9.79714,-0.00205,0.00000,0.00000,0.00280,1.00000,0.00000,0.00046,-0.00810,2674.54275,0.25000 ===
229.38336|I|libbeamng.print:18052| === LSTM_TRACE t=230 v=15.78 ws=13.35,0.00,3.09,14.89 cmd=0.670,0.667,0.620,0.700 cap=2139,2125,1219,1372 des=2139,2125,1066,1201 app=2139,2100,1066,1201 abs=nil,nil,nil,nil ebrake=1.00 ibrake=1.00 hasABS=0 sy=10.60 split=1.000,0.875 ===
229.38344|I|libbeamng.print:18052| === LSTM_OBS t=230 13.34583,0.00232,3.08942,14.89092,0.19153,10.59631,-9.83417,-0.00906,0.00000,0.00000,0.00411,1.00000,0.00000,0.00023,-0.00848,2496.94966,0.25000 ===
229.43306|I|libbeamng.print:18052| === LSTM_TRACE t=240 v=15.25 ws=13.56,0.00,2.60,14.23 cmd=0.702,0.687,0.578,0.688 cap=2167,2116,1116,1331 des=2167,2116,976,1164 app=2167,2090,976,1164 abs=nil,nil,nil,nil ebrake=1.00 ibrake=1.00 hasABS=0 sy=10.59 split=1.000,0.875 ===
229.43310|I|libbeamng.print:18052| === LSTM_OBS t=240 13.56198,0.00216,2.59908,14.23127,0.21022,10.59249,-9.85432,-0.00059,0.00000,0.00000,0.00467,1.00000,0.00000,0.00006,-0.00915,2345.21759,0.25000 ===
229.48314|I|libbeamng.print:18052| === LSTM_TRACE t=250 v=14.71 ws=12.91,0.00,2.23,13.12 cmd=0.732,0.705,0.547,0.680 cap=2256,2166,1057,1316 des=2256,2166,925,1152 app=2256,2139,925,1152 abs=nil,nil,nil,nil ebrake=1.00 ibrake=1.00 hasABS=0 sy=10.64 split=1.000,0.875 ===
229.48318|I|libbeamng.print:18052| === LSTM_OBS t=250 12.91273,0.00467,2.22559,13.11871,0.23060,10.63985,-9.91177,0.00401,0.00000,0.00000,0.00401,1.00000,0.00000,-0.00007,-0.00987,2219.20426,0.25000 ===
229.53308|I|libbeamng.print:18052| === LSTM_TRACE t=260 v=14.17 ws=11.83,0.02,2.30,11.77 cmd=0.740,0.707,0.527,0.670 cap=2320,2216,1017,1299 des=2320,2216,890,1136 app=2320,2187,890,1136 abs=nil,nil,nil,nil ebrake=1.00 ibrake=1.00 hasABS=0 sy=10.66 split=1.000,0.875 ===
229.53312|I|libbeamng.print:18052| === LSTM_OBS t=260 11.82831,0.02081,2.30044,11.77154,0.26232,10.65819,-9.90164,0.01792,0.00000,0.00000,0.00354,1.00000,0.00000,-0.00019,-0.01069,2102.50140,0.25000 ===
229.58317|I|libbeamng.print:18052| === LSTM_TRACE t=270 v=13.65 ws=10.35,0.01,2.49,10.50 cmd=0.758,0.731,0.536,0.664 cap=2298,2205,1031,1285 des=2298,2205,902,1124 app=2298,2175,902,1124 abs=nil,nil,nil,nil ebrake=1.00 ibrake=1.00 hasABS=0 sy=10.63 split=1.000,0.875 ===
229.58321|I|libbeamng.print:18052| === LSTM_OBS t=270 10.34570,0.01315,2.48708,10.50497,0.27348,10.62619,-9.84996,0.01722,0.00000,0.00000,0.00301,1.00000,0.00000,-0.00005,-0.01124,1981.10548,0.25000 ===
229.63317|I|libbeamng.print:18052| === LSTM_TRACE t=280 v=13.13 ws=8.71,0.01,3.29,9.62 cmd=0.710,0.691,0.547,0.648 cap=2279,2220,1067,1272 des=2279,2220,934,1113 app=2279,2190,934,1113 abs=nil,nil,nil,nil ebrake=1.00 ibrake=1.00 hasABS=0 sy=10.57 split=1.000,0.875 ===
229.63321|I|libbeamng.print:18052| === LSTM_OBS t=280 8.71446,0.00905,3.28633,9.61706,0.22559,10.57112,-9.80367,0.02261,0.00000,0.00000,0.00389,1.00000,0.00000,0.00019,-0.01165,1859.63028,0.25000 ===
229.68358|I|libbeamng.print:18052| === LSTM_TRACE t=290 v=12.61 ws=7.41,0.01,3.83,8.93 cmd=0.650,0.651,0.580,0.641 cap=2067,2050,1098,1237 des=2067,2050,961,1083 app=2067,2021,961,1083 abs=nil,nil,nil,nil ebrake=1.00 ibrake=1.00 hasABS=0 sy=10.51 split=1.000,0.875 ===
229.68362|I|libbeamng.print:18052| === LSTM_OBS t=290 7.41040,0.01407,3.83398,8.92863,0.13854,10.51446,-9.78068,0.02881,0.00000,0.00000,0.00311,1.00000,0.00000,0.00062,-0.01212,1742.11094,0.25000 ===
229.73334|I|libbeamng.print:18052| === LSTM_TRACE t=300 v=12.07 ws=6.20,0.04,3.30,7.90 cmd=0.625,0.638,0.595,0.627 cap=2076,2102,1162,1235 des=2076,2102,1017,1081 app=2076,2072,1017,1081 abs=nil,nil,nil,nil ebrake=1.00 ibrake=1.00 hasABS=0 sy=10.49 split=1.000,0.875 ===
229.73345|I|libbeamng.print:18052| === LSTM_OBS t=300 6.20389,0.03948,3.30159,7.89677,0.08385,10.49032,-9.72093,0.04372,0.00000,0.00000,0.00224,1.00000,0.00000,0.00079,-0.01250,1624.53432,0.25000 ===
229.78309|I|libbeamng.print:18052| === LSTM_TRACE t=310 v=11.55 ws=5.53,0.02,2.48,7.28 cmd=0.678,0.700,0.618,0.631 cap=1997,2064,1197,1218 des=1997,2064,1047,1066 app=1997,2034,1047,1066 abs=nil,nil,nil,nil ebrake=1.00 ibrake=1.00 hasABS=0 sy=10.48 split=1.000,0.875 ===
229.78313|I|libbeamng.print:18052| === LSTM_OBS t=310 5.53409,0.01582,2.47780,7.28465,0.09379,10.47888,-9.63736,0.04240,0.00000,0.00000,0.00183,1.00000,0.00000,0.00021,-0.01277,1507.37494,0.25000 ===
229.83342|I|libbeamng.print:18052| === LSTM_TRACE t=320 v=11.04 ws=4.68,0.05,1.73,6.87 cmd=0.704,0.733,0.633,0.636 cap=1947,2052,1216,1211 des=1947,2052,1064,1060 app=1947,2022,1064,1060 abs=nil,nil,nil,nil ebrake=1.00 ibrake=1.00 hasABS=0 sy=10.48 split=1.000,0.875 ===
229.83364|I|libbeamng.print:18052| === LSTM_OBS t=320 4.68341,0.04849,1.73186,6.86609,0.10863,10.47652,-9.65638,0.05330,0.00000,0.00000,0.00315,1.00000,0.00000,0.00003,-0.01280,1389.89393,0.25000 ===
229.88336|I|libbeamng.print:18052| === LSTM_TRACE t=330 v=10.52 ws=3.10,0.01,1.09,7.05 cmd=0.665,0.707,0.640,0.625 cap=2028,2160,1231,1196 des=2028,2160,1077,1047 app=2028,2128,1077,1047 abs=nil,nil,nil,nil ebrake=1.00 ibrake=1.00 hasABS=0 sy=10.46 split=1.000,0.875 ===
229.88340|I|libbeamng.print:18052| === LSTM_OBS t=330 3.09830,0.00838,1.08882,7.05313,0.10961,10.45516,-9.69121,0.04043,0.00000,0.00000,0.00459,1.00000,0.00000,0.00066,-0.01243,1264.74998,0.25000 ===
229.93325|I|libbeamng.print:18052| === LSTM_TRACE t=340 v=10.00 ws=0.25,0.01,0.13,7.87 cmd=0.851,0.891,0.743,0.694 cap=2480,2634,1405,1296 des=2480,2634,1230,1134 app=2480,2594,1230,1134 abs=nil,nil,nil,nil ebrake=1.00 ibrake=1.00 hasABS=0 sy=10.44 split=1.000,0.875 ===
229.93329|I|libbeamng.print:18052| === LSTM_OBS t=340 0.25061,0.01370,0.13242,7.87195,0.01590,10.44407,-9.78564,0.02698,0.00000,0.00000,0.00176,1.00000,0.00000,0.00269,-0.01204,1142.96430,0.25000 ===
229.98321|I|libbeamng.print:18052| === LSTM_TRACE t=350 v=9.51 ws=0.04,0.02,0.16,6.06 cmd=0.983,0.987,0.826,0.841 cap=3037,3053,1594,1615 des=3037,3053,1395,1413 app=3037,3007,1395,1413 abs=nil,nil,nil,nil ebrake=1.00 ibrake=1.00 hasABS=0 sy=10.35 split=1.000,0.875 ===
229.98325|I|libbeamng.print:18052| === LSTM_OBS t=350 0.04230,0.01831,0.16323,6.05889,-0.02534,10.35308,-9.73598,0.00865,0.00000,0.00000,0.00176,1.00000,0.00000,0.00411,-0.01162,1024.08881,0.25000 ===
230.03311|I|libbeamng.print:18052| === LSTM_TRACE t=360 v=8.99 ws=0.02,0.01,0.02,3.82 cmd=0.995,0.995,0.857,0.886 cap=3084,3085,1665,1700 des=3084,3085,1457,1488 app=3084,3037,1457,1488 abs=nil,nil,nil,nil ebrake=1.00 ibrake=1.00 hasABS=0 sy=10.29 split=1.000,0.875 ===
230.03316|I|libbeamng.print:18052| === LSTM_OBS t=360 0.02299,0.01091,0.01563,3.81972,-0.01159,10.29312,-9.62872,0.00410,0.00000,0.00000,0.00091,1.00000,0.00000,0.00449,-0.01162,884.43885,0.25000 ===
230.08322|I|libbeamng.print:18052| === LSTM_TRACE t=370 v=8.48 ws=0.01,0.02,0.06,0.83 cmd=0.995,0.995,0.854,0.880 cap=3084,3084,1660,1700 des=3084,3084,1453,1488 app=3084,3036,1453,1488 abs=nil,nil,nil,nil ebrake=1.00 ibrake=1.00 hasABS=0 sy=10.28 split=1.000,0.875 ===
230.08328|I|libbeamng.print:18052| === LSTM_OBS t=370 0.00856,0.02267,0.06121,0.82984,-0.00716,10.27836,-9.57469,0.00062,0.00000,0.00000,0.00069,1.00000,0.00000,0.00376,-0.01182,750.81914,0.25000 ===
230.13335|I|libbeamng.print:18052| === LSTM_TRACE t=380 v=7.98 ws=0.00,0.02,0.04,0.12 cmd=0.994,0.995,0.850,0.876 cap=3083,3084,1653,1700 des=3083,3084,1447,1488 app=3083,3035,1447,1488 abs=nil,nil,nil,nil ebrake=1.00 ibrake=1.00 hasABS=0 sy=10.18 split=1.000,0.875 ===
230.13339|I|libbeamng.print:18052| === LSTM_OBS t=380 0.00061,0.01512,0.04353,0.12014,-0.06641,10.18183,-9.62754,0.01429,0.00000,0.00000,0.00000,1.00000,0.00000,0.00371,-0.01163,731.26101,0.25000 ===
230.18329|I|libbeamng.print:18052| === LSTM_TRACE t=390 v=7.47 ws=0.00,0.00,0.06,0.08 cmd=0.994,0.994,0.848,0.875 cap=3082,3083,1647,1700 des=3082,3083,1441,1488 app=3082,3034,1441,1488 abs=nil,nil,nil,nil ebrake=1.00 ibrake=1.00 hasABS=0 sy=10.17 split=1.000,0.875 ===
230.18333|I|libbeamng.print:18052| === LSTM_OBS t=390 0.00210,0.00101,0.05658,0.08438,-0.06075,10.17081,-9.63346,0.01106,0.00000,0.00000,0.00104,1.00000,0.00000,0.00344,-0.01116,729.18391,0.25000 ===
230.23323|I|libbeamng.print:18052| === LSTM_TRACE t=400 v=6.95 ws=0.00,0.01,0.04,0.02 cmd=0.994,0.995,0.846,0.875 cap=3082,3083,1643,1700 des=3082,3083,1438,1488 app=3082,3033,1438,1488 abs=nil,nil,nil,nil ebrake=1.00 ibrake=1.00 hasABS=0 sy=10.22 split=1.000,0.875 ===
230.23328|I|libbeamng.print:18052| === LSTM_OBS t=400 0.00419,0.00625,0.04377,0.02213,-0.05469,10.21667,-9.62793,0.01385,0.00000,0.00000,0.00115,1.00000,0.00000,0.00302,-0.01072,730.01381,0.25000 ===
230.28324|I|libbeamng.print:18052| === LSTM_TRACE t=410 v=6.42 ws=0.00,0.00,0.04,0.05 cmd=0.994,0.995,0.844,0.875 cap=3082,3083,1639,1700 des=3082,3083,1434,1488 app=3082,3033,1434,1488 abs=nil,nil,nil,nil ebrake=1.00 ibrake=1.00 hasABS=0 sy=10.30 split=1.000,0.875 ===
230.28328|I|libbeamng.print:18052| === LSTM_OBS t=410 0.00242,0.00436,0.03571,0.05070,-0.06981,10.30031,-9.64936,0.01725,0.00000,0.00000,0.00104,1.00000,0.00000,0.00282,-0.01046,726.54775,0.25000 ===
230.33306|I|libbeamng.print:18052| === LSTM_TRACE t=420 v=5.89 ws=0.00,0.00,0.02,0.01 cmd=0.994,0.995,0.842,0.875 cap=3082,3083,1636,1700 des=3082,3083,1431,1488 app=3082,3033,1431,1488 abs=nil,nil,nil,nil ebrake=1.00 ibrake=1.00 hasABS=0 sy=10.40 split=1.000,0.875 ===
230.33310|I|libbeamng.print:18052| === LSTM_OBS t=420 0.00056,0.00079,0.01747,0.00942,-0.08576,10.40209,-9.68086,0.02070,0.00000,0.00000,0.00104,1.00000,0.00000,0.00284,-0.01031,726.56445,0.25000 ===
230.38311|I|libbeamng.print:18052| === LSTM_TRACE t=430 v=5.35 ws=0.00,0.00,0.00,0.04 cmd=0.994,0.995,0.840,0.875 cap=3082,3083,1633,1700 des=3082,3083,1429,1487 app=3082,3032,1428,1487 abs=nil,nil,nil,nil ebrake=1.00 ibrake=1.00 hasABS=0 sy=10.49 split=1.000,0.875 ===
230.38315|I|libbeamng.print:18052| === LSTM_OBS t=430 0.00271,0.00123,0.00420,0.04359,-0.09421,10.49451,-9.70443,0.02151,0.00000,0.00000,0.00104,1.00000,0.00000,0.00283,-0.01027,722.88314,0.25000 ===
230.43344|I|libbeamng.print:18052| === LSTM_TRACE t=440 v=4.80 ws=0.00,0.01,0.00,0.00 cmd=0.994,0.995,0.839,0.875 cap=3082,3083,1631,1700 des=3082,3083,1427,1488 app=3082,3032,1426,1488 abs=nil,nil,nil,nil ebrake=1.00 ibrake=1.00 hasABS=0 sy=10.59 split=1.000,0.875 ===
230.43349|I|libbeamng.print:18052| === LSTM_OBS t=440 0.00093,0.00523,0.00477,0.00405,-0.09785,10.59383,-9.72214,0.02319,0.00000,0.00000,0.00115,1.00000,0.00000,0.00291,-0.01034,724.21952,0.25000 ===
230.48304|I|libbeamng.print:18052| === LSTM_TRACE t=450 v=4.25 ws=0.00,0.00,0.00,0.01 cmd=0.994,0.995,0.839,0.875 cap=3082,3084,1630,1700 des=3082,3084,1426,1488 app=3082,3032,1425,1488 abs=nil,nil,nil,nil ebrake=1.00 ibrake=1.00 hasABS=0 sy=10.70 split=1.000,0.875 ===
230.48308|I|libbeamng.print:18052| === LSTM_OBS t=450 0.00482,0.00102,0.00339,0.01351,-0.10104,10.69619,-9.72089,0.02415,0.00000,0.00000,0.00142,1.00000,0.00000,0.00289,-0.01057,721.13456,0.25000 ===
230.53332|I|libbeamng.print:18052| === LSTM_TRACE t=460 v=3.70 ws=0.00,0.00,0.00,0.00 cmd=0.994,0.995,0.838,0.875 cap=3082,3084,1629,1700 des=3082,3084,1425,1488 app=3082,3032,1424,1488 abs=nil,nil,nil,nil ebrake=1.00 ibrake=1.00 hasABS=0 sy=10.79 split=1.000,0.875 ===
230.53336|I|libbeamng.print:18052| === LSTM_OBS t=460 0.00198,0.00200,0.00064,0.00360,-0.11074,10.79393,-9.71218,0.02412,0.00000,0.00000,0.00115,1.00000,0.00000,0.00297,-0.01080,725.02917,0.25000 ===
230.58405|I|libbeamng.print:18052| === LSTM_TRACE t=470 v=3.14 ws=0.00,0.00,0.01,0.01 cmd=0.994,0.995,0.838,0.875 cap=3082,3084,1628,1700 des=3082,3084,1424,1488 app=3082,3032,1423,1488 abs=nil,nil,nil,nil ebrake=1.00 ibrake=1.00 hasABS=0 sy=10.89 split=1.000,0.875 ===
230.58410|I|libbeamng.print:18052| === LSTM_OBS t=470 0.00413,0.00191,0.00919,0.00510,-0.12210,10.89208,-9.70000,0.02451,0.00000,0.00000,0.00115,1.00000,0.00000,0.00300,-0.01100,724.07993,0.25000 ===
230.63327|I|libbeamng.print:18052| === LSTM_TRACE t=480 v=2.58 ws=0.00,0.00,0.00,0.00 cmd=0.994,0.995,0.838,0.875 cap=3082,3084,1627,1700 des=3082,3084,1424,1488 app=3082,3032,1423,1488 abs=nil,nil,nil,nil ebrake=1.00 ibrake=1.00 hasABS=0 sy=10.98 split=1.000,0.875 ===
230.63331|I|libbeamng.print:18052| === LSTM_OBS t=480 0.00137,0.00238,0.00278,0.00405,-0.13147,10.98140,-9.69194,0.02347,0.00000,0.00000,0.00115,1.00000,0.00000,0.00307,-0.01113,729.41831,0.25000 ===
230.68318|I|libbeamng.print:18052| === LSTM_TRACE t=490 v=2.01 ws=0.00,0.00,0.05,0.11 cmd=0.994,0.995,0.838,0.876 cap=3082,3084,1627,1700 des=3082,3084,1424,1488 app=3082,3032,1423,1488 abs=nil,nil,nil,nil ebrake=1.00 ibrake=1.00 hasABS=0 sy=11.07 split=1.000,0.875 ===
230.68326|I|libbeamng.print:18052| === LSTM_OBS t=490 0.00402,0.00092,0.05024,0.10585,-0.13965,11.07332,-9.68340,0.02175,0.00000,0.00000,0.00134,1.00000,0.00000,0.00311,-0.01120,727.27739,0.25000 ===
230.73301|I|libbeamng.print:18052| === LSTM_TRACE t=500 v=1.45 ws=0.00,0.00,0.00,0.07 cmd=0.994,0.995,0.838,0.876 cap=3082,3084,1627,1700 des=3082,3084,1424,1488 app=3082,3031,1423,1488 abs=nil,nil,nil,nil ebrake=1.00 ibrake=1.00 hasABS=0 sy=11.14 split=1.000,0.875 ===
230.73305|I|libbeamng.print:18052| === LSTM_OBS t=500 0.00401,0.00224,0.00161,0.07156,-0.15139,11.14302,-9.66890,0.02022,0.00000,0.00000,0.00134,1.00000,0.00000,0.00320,-0.01115,729.66833,0.25000 ===
230.78306|I|libbeamng.print:18052| === LSTM_TRACE t=510 v=0.87 ws=0.00,0.00,0.02,0.82 cmd=0.994,0.995,0.838,0.877 cap=3082,3084,1628,1700 des=3082,3084,1424,1488 app=3082,3031,1423,1488 abs=nil,nil,nil,nil ebrake=1.00 ibrake=1.00 hasABS=0 sy=11.23 split=1.000,0.875 ===
230.78311|I|libbeamng.print:18052| === LSTM_OBS t=510 0.00470,0.00083,0.01969,0.81716,-0.16320,11.23226,-9.65747,0.01105,0.00000,0.00000,0.00142,1.00000,0.00000,0.00334,-0.01095,727.47939,0.25000 ===
234.99106|I|libbeamng.print:18052| === LSTM_ABS: lens 'band_g_mix_lock_s2' loaded (1 member, 17 in, 64 hidden, 2 layers) ===
234.99264|I|libbeamng.print:18052| === LSTM_ABS SELFTEST lens=band_g_mix_lock_s2 cmd=0.981632,0.923223,0.447706,0.534508 ===
265.32414|I|libbeamng.print:18052| === LSTM_TRACE t=0 v=27.70 ws=27.67,27.78,27.34,27.44 cmd=0.882,0.848,0.488,0.533 cap=155,155,97,97 des=155,155,85,85 app=155,151,85,85 abs=nil,nil,nil,nil ebrake=1.00 ibrake=1.00 hasABS=0 sy=1.58 split=1.000,0.875 ===
265.32420|I|libbeamng.print:18052| === LSTM_OBS t=0 27.67302,27.78258,27.34112,27.43559,0.01855,1.57998,-9.79002,-0.01122,0.00000,0.00000,0.00049,1.00000,0.00000,0.00073,-0.00907,7857.11976,0.25000 ===
265.37421|I|libbeamng.print:18052| === LSTM_TRACE t=10 v=27.43 ws=27.06,26.92,26.82,26.87 cmd=0.310,0.372,0.470,0.461 cap=1001,1200,924,904 des=1001,1200,809,791 app=1001,1176,805,790 abs=nil,nil,nil,nil ebrake=1.00 ibrake=1.00 hasABS=0 sy=2.10 split=1.000,0.875 ===
265.37426|I|libbeamng.print:18052| === LSTM_OBS t=10 27.06105,26.91580,26.81980,26.87248,-0.00727,2.09611,-9.71572,-0.01042,0.00000,0.00000,0.00169,1.00000,0.00000,0.00075,-0.01003,7777.58140,0.25000 ===
265.39418|I|libbeamng.print:18052| === LSTM_ABS DBG raw=26.7250,26.7505,26.4796,26.6054,-0.0045,2.5441,-9.6460,-0.0112,0.0000,0.0000,0.0015,1.0000,0.0000,0.0008,-0.0108,7709.2471,0.2500 ===
265.39421|I|libbeamng.print:18052| === LSTM_ABS DBG norm=0.58,0.52,0.52,0.51,-0.16,-2.12,0.00,-0.06,0.06,-0.06,-0.06,0.59,-0.02,0.00,0.00,3.82,0.00 ===
265.39423|I|libbeamng.print:18052| === LSTM_ABS DBG cmd=0.3195,0.3726,0.4729,0.4689 ===
265.42435|I|libbeamng.print:18052| === LSTM_TRACE t=20 v=27.11 ws=25.98,26.03,26.14,26.17 cmd=0.555,0.574,0.619,0.660 cap=1573,1649,1138,1198 des=1573,1649,995,1048 app=1573,1621,992,1048 abs=nil,nil,nil,nil ebrake=1.00 ibrake=1.00 hasABS=0 sy=3.18 split=1.000,0.875 ===
265.42440|I|libbeamng.print:18052| === LSTM_OBS t=20 25.97687,26.03001,26.14175,26.16666,-0.00803,3.18046,-9.61517,0.00050,0.00000,0.00000,0.00069,1.00000,0.00000,0.00085,-0.01169,7598.42643,0.25000 ===
265.47436|I|libbeamng.print:18052| === LSTM_TRACE t=30 v=26.60 ws=24.13,24.18,25.35,25.07 cmd=0.737,0.758,0.774,0.823 cap=2291,2351,1501,1600 des=2291,2351,1314,1400 app=2291,2321,1312,1400 abs=nil,nil,nil,nil ebrake=1.00 ibrake=1.00 hasABS=0 sy=4.77 split=1.000,0.875 ===
265.47440|I|libbeamng.print:18052| === LSTM_OBS t=30 24.12680,24.17555,25.34706,25.07407,0.01146,4.76521,-9.47047,-0.00667,0.00000,0.00000,0.00297,1.00000,0.00000,0.00102,-0.01362,7375.49050,0.25000 ===
265.52461|I|libbeamng.print:18052| === LSTM_TRACE t=40 v=26.01 ws=24.16,24.08,24.52,24.14 cmd=0.759,0.776,0.752,0.799 cap=2283,2356,1463,1557 des=2283,2356,1280,1362 app=2283,2334,1280,1362 abs=nil,nil,nil,nil ebrake=1.00 ibrake=1.00 hasABS=0 sy=6.49 split=1.000,0.875 ===
265.52467|I|libbeamng.print:18052| === LSTM_OBS t=40 24.15902,24.07888,24.51532,24.13707,0.03382,6.48570,-9.46921,0.01226,0.00000,0.00000,0.00301,1.00000,0.00000,0.00124,-0.01591,7099.06361,0.25000 ===
265.57428|I|libbeamng.print:18052| === LSTM_TRACE t=50 v=25.44 ws=23.40,23.47,23.75,23.13 cmd=0.778,0.790,0.766,0.790 cap=2395,2441,1481,1532 des=2395,2441,1296,1340 app=2395,2424,1296,1340 abs=nil,nil,nil,nil ebrake=1.00 ibrake=1.00 hasABS=0 sy=7.97 split=1.000,0.875 ===
265.57435|I|libbeamng.print:18052| === LSTM_OBS t=50 23.40287,23.47078,23.75250,23.13495,0.07263,7.97082,-9.50454,0.00519,0.00000,0.00000,0.00322,1.00000,0.00000,0.00135,-0.01724,6840.67726,0.25000 ===
265.62414|I|libbeamng.print:18052| === LSTM_TRACE t=60 v=24.82 ws=22.18,22.66,22.98,22.20 cmd=0.830,0.830,0.800,0.806 cap=2511,2527,1549,1561 des=2511,2527,1355,1366 app=2511,2516,1355,1366 abs=nil,nil,nil,nil ebrake=1.00 ibrake=1.00 hasABS=0 sy=9.16 split=1.000,0.875 ===
265.62419|I|libbeamng.print:18052| === LSTM_OBS t=60 22.17678,22.66335,22.97781,22.20377,0.10750,9.16099,-9.62289,0.01107,0.00000,0.00000,0.00326,1.00000,0.00000,0.00115,-0.01796,6604.64866,0.25000 ===
265.67434|I|libbeamng.print:18052| === LSTM_TRACE t=70 v=24.21 ws=20.38,21.53,22.07,21.41 cmd=0.836,0.835,0.809,0.809 cap=2573,2581,1581,1578 des=2573,2581,1384,1381 app=2573,2574,1384,1381 abs=nil,nil,nil,nil ebrake=1.00 ibrake=1.00 hasABS=0 sy=10.07 split=1.000,0.875 ===
265.67438|I|libbeamng.print:18052| === LSTM_OBS t=70 20.38047,21.53119,22.07405,21.40508,0.09712,10.07415,-9.72957,-0.00313,0.00000,0.00000,0.00338,1.00000,0.00000,0.00112,-0.01830,6363.15574,0.25000 ===
265.72424|I|libbeamng.print:18052| === LSTM_TRACE t=80 v=23.60 ws=18.15,20.47,20.97,20.74 cmd=0.742,0.760,0.809,0.809 cap=2460,2475,1572,1576 des=2460,2475,1376,1379 app=2460,2471,1376,1379 abs=nil,nil,nil,nil ebrake=1.00 ibrake=1.00 hasABS=0 sy=10.65 split=1.000,0.875 ===
265.72428|I|libbeamng.print:18052| === LSTM_OBS t=80 18.15350,20.46500,20.96830,20.73912,0.06270,10.65460,-9.78843,0.00443,0.00000,0.00000,0.00305,1.00000,0.00000,0.00138,-0.01802,6114.63668,0.25000 ===
265.77421|I|libbeamng.print:18052| === LSTM_TRACE t=90 v=23.02 ws=15.54,19.48,19.87,20.10 cmd=0.616,0.658,0.808,0.814 cap=2416,2407,1559,1585 des=2416,2407,1364,1387 app=2416,2405,1364,1387 abs=nil,nil,nil,nil ebrake=1.00 ibrake=1.00 hasABS=0 sy=10.98 split=1.000,0.875 ===
265.77425|I|libbeamng.print:18052| === LSTM_OBS t=90 15.53974,19.48281,19.87400,20.09821,0.04984,10.97822,-9.75554,0.00278,0.00000,0.00000,0.00229,1.00000,0.00000,0.00167,-0.01727,5868.72541,0.25000 ===
265.82396|I|libbeamng.print:18052| === LSTM_TRACE t=100 v=22.46 ws=12.94,19.37,18.94,19.42 cmd=0.779,0.791,0.816,0.824 cap=2239,2343,1583,1597 des=2239,2343,1385,1397 app=2239,2343,1385,1397 abs=nil,nil,nil,nil ebrake=1.00 ibrake=1.00 hasABS=0 sy=11.12 split=1.000,0.875 ===
265.82400|I|libbeamng.print:18052| === LSTM_OBS t=100 12.93894,19.37304,18.93714,19.42066,0.05057,11.12487,-9.70343,-0.01075,0.00000,0.00000,0.00274,1.00000,0.00000,0.00163,-0.01638,5624.44962,0.25000 ===
265.87433|I|libbeamng.print:18052| === LSTM_TRACE t=110 v=21.91 ws=9.62,19.49,18.08,18.90 cmd=0.639,0.692,0.821,0.821 cap=2118,2257,1598,1601 des=2118,2257,1399,1401 app=2118,2257,1399,1401 abs=nil,nil,nil,nil ebrake=1.00 ibrake=1.00 hasABS=0 sy=11.14 split=1.000,0.875 ===
265.87438|I|libbeamng.print:18052| === LSTM_OBS t=110 9.61908,19.48528,18.08041,18.89538,0.06031,11.14224,-9.63956,-0.02992,0.00000,0.00000,0.00142,1.00000,0.00000,0.00138,-0.01544,5385.76996,0.25000 ===
265.92405|I|libbeamng.print:18052| === LSTM_TRACE t=120 v=21.35 ws=6.82,20.08,16.89,18.08 cmd=0.624,0.699,0.836,0.828 cap=1920,2136,1614,1602 des=1920,2136,1412,1402 app=1920,2136,1412,1402 abs=nil,nil,nil,nil ebrake=1.00 ibrake=1.00 hasABS=0 sy=11.11 split=1.000,0.875 ===
265.92410|I|libbeamng.print:18052| === LSTM_OBS t=120 6.82198,20.08217,16.89428,18.07607,0.10401,11.11261,-9.59364,-0.04440,0.00000,0.00000,0.00104,1.00000,0.00000,0.00083,-0.01458,5150.23590,0.25000 ===
265.97417|I|libbeamng.print:18052| === LSTM_TRACE t=130 v=20.81 ws=4.30,19.43,16.26,17.56 cmd=0.723,0.771,0.842,0.830 cap=2113,2336,1643,1614 des=2113,2336,1437,1412 app=2113,2336,1437,1412 abs=nil,nil,nil,nil ebrake=1.00 ibrake=1.00 hasABS=0 sy=11.05 split=1.000,0.875 ===
265.97421|I|libbeamng.print:18052| === LSTM_OBS t=130 4.29991,19.42954,16.25869,17.55609,0.13142,11.05381,-9.60504,-0.05891,0.00000,0.00000,0.00360,1.00000,0.00000,-0.00006,-0.01370,4913.44448,0.25000 ===
266.02554|I|libbeamng.print:18052| === LSTM_TRACE t=140 v=20.26 ws=1.28,18.72,15.17,16.74 cmd=0.479,0.598,0.846,0.838 cap=1910,2133,1638,1629 des=1910,2133,1433,1426 app=1910,2133,1433,1426 abs=nil,nil,nil,nil ebrake=1.00 ibrake=1.00 hasABS=0 sy=11.02 split=1.000,0.875 ===
266.02558|I|libbeamng.print:18052| === LSTM_OBS t=140 1.27816,18.71861,15.17014,16.73815,0.12682,11.02106,-9.72264,-0.06382,0.00000,0.00000,0.00192,1.00000,0.00000,0.00054,-0.01256,4677.22045,0.25000 ===
266.07431|I|libbeamng.print:18052| === LSTM_TRACE t=150 v=19.72 ws=0.08,17.87,13.58,16.65 cmd=0.673,0.761,0.858,0.849 cap=1982,2319,1676,1656 des=1982,2319,1466,1449 app=1982,2319,1466,1449 abs=nil,nil,nil,nil ebrake=1.00 ibrake=1.00 hasABS=0 sy=10.96 split=1.000,0.875 ===
266.07435|I|libbeamng.print:18052| === LSTM_OBS t=150 0.07634,17.86697,13.58082,16.64690,0.17147,10.96451,-9.80529,-0.08152,0.00000,0.00000,0.00069,1.00000,0.00000,0.00175,-0.01123,4438.59296,0.25000 ===
266.12461|I|libbeamng.print:18052| === LSTM_TRACE t=160 v=19.19 ws=0.04,16.51,11.77,16.25 cmd=0.552,0.670,0.857,0.840 cap=1913,2256,1678,1645 des=1913,2256,1469,1439 app=1913,2256,1469,1439 abs=nil,nil,nil,nil ebrake=1.00 ibrake=1.00 hasABS=0 sy=10.88 split=1.000,0.875 ===
266.12466|I|libbeamng.print:18052| === LSTM_OBS t=160 0.03863,16.51214,11.76849,16.24940,0.32393,10.88073,-9.72539,-0.10474,0.00000,0.00000,0.00146,1.00000,0.00000,0.00230,-0.00981,4195.50707,0.25000 ===
266.17773|I|libbeamng.print:18052| === LSTM_TRACE t=170 v=18.67 ws=0.65,16.90,10.19,16.52 cmd=0.528,0.647,0.834,0.813 cap=1719,2074,1634,1593 des=1719,2074,1430,1394 app=1719,2074,1430,1394 abs=nil,nil,nil,nil ebrake=1.00 ibrake=1.00 hasABS=0 sy=10.80 split=1.000,0.875 ===
266.17777|I|libbeamng.print:18052| === LSTM_OBS t=170 0.65040,16.89619,10.19351,16.51546,0.46921,10.80393,-9.59733,-0.12145,0.00000,0.00000,0.00169,1.00000,0.00000,0.00156,-0.00877,3930.24800,0.25000 ===
266.22409|I|libbeamng.print:18052| === LSTM_TRACE t=180 v=18.15 ws=0.49,16.75,8.93,16.52 cmd=0.496,0.614,0.788,0.767 cap=1703,2064,1547,1505 des=1703,2064,1353,1317 app=1703,2064,1353,1317 abs=nil,nil,nil,nil ebrake=1.00 ibrake=1.00 hasABS=0 sy=10.71 split=1.000,0.875 ===
266.22413|I|libbeamng.print:18052| === LSTM_OBS t=180 0.49163,16.75125,8.93057,16.51635,0.63082,10.70834,-9.48553,-0.12963,0.00000,0.00000,0.00307,1.00000,0.00000,-0.00076,-0.00813,3728.36380,0.25000 ===
266.27419|I|libbeamng.print:18052| === LSTM_TRACE t=190 v=17.60 ws=1.10,16.06,8.30,15.63 cmd=0.726,0.773,0.767,0.762 cap=2143,2374,1504,1484 des=2143,2374,1316,1299 app=2050,2374,1316,1299 abs=nil,nil,nil,nil ebrake=1.00 ibrake=1.00 hasABS=0 sy=10.71 split=1.000,0.875 ===
266.27423|I|libbeamng.print:18052| === LSTM_OBS t=190 1.09592,16.05930,8.29561,15.63050,0.72034,10.70654,-9.59289,-0.11633,0.00000,0.00000,0.00563,1.00000,0.00000,-0.00232,-0.00789,3530.11592,0.25000 ===
266.32433|I|libbeamng.print:18052| === LSTM_TRACE t=200 v=17.07 ws=0.21,15.59,7.47,15.39 cmd=0.634,0.708,0.777,0.760 cap=2265,2445,1521,1497 des=2265,2445,1331,1310 app=2166,2445,1331,1310 abs=nil,nil,nil,nil ebrake=1.00 ibrake=1.00 hasABS=0 sy=10.74 split=1.000,0.875 ===
266.32437|I|libbeamng.print:18052| === LSTM_OBS t=200 0.21080,15.59119,7.47035,15.39489,0.86544,10.73633,-9.72020,-0.13289,0.00000,0.00000,0.00345,1.00000,0.00000,-0.00263,-0.00801,3346.20125,0.25000 ===
266.37443|I|libbeamng.print:18052| === LSTM_TRACE t=210 v=16.53 ws=0.01,14.56,6.62,14.38 cmd=0.567,0.682,0.790,0.765 cap=1871,2202,1531,1488 des=1871,2202,1339,1302 app=1871,2202,1339,1302 abs=nil,nil,nil,nil ebrake=1.00 ibrake=1.00 hasABS=0 sy=10.72 split=1.000,0.875 ===
266.37447|I|libbeamng.print:18052| === LSTM_OBS t=210 0.01493,14.56199,6.62063,14.38405,1.04058,10.71829,-9.76606,-0.14074,0.00000,0.00000,0.00176,1.00000,0.00000,-0.00361,-0.00827,3147.39876,0.25000 ===
266.42505|I|libbeamng.print:18052| === LSTM_TRACE t=220 v=16.00 ws=0.01,13.14,6.07,13.79 cmd=0.585,0.699,0.799,0.772 cap=1778,2139,1544,1491 des=1778,2139,1351,1305 app=1778,2139,1351,1305 abs=nil,nil,nil,nil ebrake=1.00 ibrake=1.00 hasABS=0 sy=10.68 split=1.000,0.875 ===
266.42512|I|libbeamng.print:18052| === LSTM_OBS t=220 0.00539,13.14140,6.07035,13.79226,1.15577,10.67936,-9.80973,-0.14449,0.00000,0.00000,0.00176,1.00000,0.00000,-0.00426,-0.00804,2936.63455,0.25000 ===
266.47508|I|libbeamng.print:18052| === LSTM_TRACE t=230 v=15.47 ws=0.01,11.17,5.28,12.83 cmd=0.587,0.700,0.812,0.784 cap=1788,2139,1572,1517 des=1788,2139,1376,1327 app=1788,2139,1376,1327 abs=nil,nil,nil,nil ebrake=1.00 ibrake=1.00 hasABS=0 sy=10.63 split=1.000,0.875 ===
266.47513|I|libbeamng.print:18052| === LSTM_OBS t=230 0.01185,11.17162,5.27807,12.82995,1.16731,10.63443,-9.84635,-0.13897,0.00000,0.00000,0.00198,1.00000,0.00000,-0.00384,-0.00786,2724.34282,0.25000 ===
266.52431|I|libbeamng.print:18052| === LSTM_TRACE t=240 v=14.95 ws=0.01,8.79,4.55,12.30 cmd=0.569,0.687,0.828,0.800 cap=1734,2102,1602,1547 des=1734,2102,1402,1353 app=1734,2102,1402,1353 abs=nil,nil,nil,nil ebrake=1.00 ibrake=1.00 hasABS=0 sy=10.58 split=1.000,0.875 ===
266.52436|I|libbeamng.print:18052| === LSTM_OBS t=240 0.00989,8.78886,4.55281,12.30352,1.15932,10.57517,-9.83843,-0.13018,0.00000,0.00000,0.00192,1.00000,0.00000,-0.00271,-0.00786,2509.55546,0.25000 ===
266.57423|I|libbeamng.print:18052| === LSTM_TRACE t=250 v=14.44 ws=0.04,6.03,2.84,11.40 cmd=0.578,0.693,0.848,0.821 cap=1714,2085,1638,1587 des=1714,2085,1433,1388 app=1714,2085,1433,1388 abs=nil,nil,nil,nil ebrake=1.00 ibrake=1.00 hasABS=0 sy=10.50 split=1.000,0.875 ===
266.57428|I|libbeamng.print:18052| === LSTM_OBS t=250 0.03542,6.02651,2.84298,11.40090,1.12833,10.50012,-9.81032,-0.11853,0.00000,0.00000,0.00124,1.00000,0.00000,-0.00133,-0.00798,2284.99087,0.25000 ===
266.62378|I|libbeamng.print:18052| === LSTM_TRACE t=260 v=13.94 ws=0.01,2.39,1.38,11.12 cmd=0.661,0.742,0.871,0.855 cap=2238,2454,1691,1656 des=2238,2454,1479,1449 app=2238,2454,1479,1449 abs=nil,nil,nil,nil ebrake=1.00 ibrake=1.00 hasABS=0 sy=10.37 split=1.000,0.875 ===
266.62382|I|libbeamng.print:18052| === LSTM_OBS t=260 0.01374,2.38877,1.37586,11.12415,1.15321,10.36815,-9.77840,-0.11857,0.00000,0.00000,0.00322,1.00000,0.00000,-0.00069,-0.00800,2043.44658,0.25000 ===
266.67385|I|libbeamng.print:18052| === LSTM_TRACE t=270 v=13.46 ws=0.00,0.12,0.58,9.75 cmd=0.940,0.949,0.906,0.900 cap=2860,2899,1700,1700 des=2860,2899,1488,1488 app=2860,2899,1488,1488 abs=nil,nil,nil,nil ebrake=1.00 ibrake=1.00 hasABS=0 sy=10.21 split=1.000,0.875 ===
266.67389|I|libbeamng.print:18052| === LSTM_OBS t=270 0.00141,0.12056,0.58257,9.75120,1.15257,10.21078,-9.73112,-0.11271,0.00000,0.00000,0.00274,1.00000,0.00000,-0.00154,-0.00732,1779.15538,0.25000 ===
266.72437|I|libbeamng.print:18052| === LSTM_TRACE t=280 v=12.98 ws=0.01,0.06,0.06,8.60 cmd=0.987,0.990,0.906,0.890 cap=3058,3066,1700,1700 des=3058,3066,1488,1488 app=3058,3066,1488,1488 abs=nil,nil,nil,nil ebrake=1.00 ibrake=1.00 hasABS=0 sy=10.03 split=1.000,0.875 ===
266.72441|I|libbeamng.print:18052| === LSTM_OBS t=280 0.00571,0.06055,0.06317,8.59773,0.98043,10.02996,-9.71824,-0.09625,0.00000,0.00000,0.00224,1.00000,0.00000,-0.00118,-0.00637,1508.28155,0.25000 ===
266.77396|I|libbeamng.print:18052| === LSTM_TRACE t=290 v=12.48 ws=0.00,0.01,0.05,7.04 cmd=0.992,0.994,0.895,0.874 cap=3075,3080,1700,1700 des=3075,3080,1488,1488 app=3075,3080,1488,1488 abs=nil,nil,nil,nil ebrake=1.00 ibrake=1.00 hasABS=0 sy=9.93 split=1.000,0.875 ===
266.77400|I|libbeamng.print:18052| === LSTM_OBS t=290 0.00261,0.01163,0.05091,7.04384,0.90978,9.93312,-9.66968,-0.09072,0.00000,0.00000,0.00091,1.00000,0.00000,-0.00049,-0.00567,1257.09886,0.25000 ===
266.82414|I|libbeamng.print:18052| === LSTM_TRACE t=300 v=11.98 ws=0.00,0.00,0.02,5.26 cmd=0.994,0.995,0.882,0.864 cap=3080,3083,1700,1681 des=3080,3083,1488,1471 app=3080,3083,1488,1471 abs=nil,nil,nil,nil ebrake=1.00 ibrake=1.00 hasABS=0 sy=9.95 split=1.000,0.875 ===
266.82418|I|libbeamng.print:18052| === LSTM_OBS t=300 0.00493,0.00394,0.02483,5.26391,0.88653,9.94856,-9.69157,-0.09280,0.00000,0.00000,0.00142,1.00000,0.00000,0.00010,-0.00540,1040.04957,0.25000 ===
266.87399|I|libbeamng.print:18052| === LSTM_TRACE t=310 v=11.46 ws=0.03,0.01,0.05,3.23 cmd=0.994,0.995,0.874,0.857 cap=3081,3084,1699,1667 des=3081,3084,1486,1458 app=3081,3084,1486,1458 abs=nil,nil,nil,nil ebrake=1.00 ibrake=1.00 hasABS=0 sy=10.03 split=1.000,0.875 ===
266.87403|I|libbeamng.print:18052| === LSTM_OBS t=310 0.02943,0.00936,0.04749,3.22682,0.89823,10.02772,-9.74066,-0.09076,0.00000,0.00000,0.00124,1.00000,0.00000,-0.00021,-0.00581,843.10504,0.25000 ===
266.92443|I|libbeamng.print:18052| === LSTM_TRACE t=320 v=10.96 ws=0.01,0.01,0.02,0.15 cmd=0.994,0.995,0.872,0.858 cap=3083,3085,1694,1666 des=3083,3085,1483,1458 app=3083,3084,1483,1458 abs=nil,nil,nil,nil ebrake=1.00 ibrake=1.00 hasABS=0 sy=10.04 split=1.000,0.875 ===
266.92448|I|libbeamng.print:18052| === LSTM_OBS t=320 0.00721,0.01103,0.01792,0.15159,0.87060,10.03944,-9.81294,-0.07850,0.00000,0.00000,0.00154,1.00000,0.00000,-0.00104,-0.00677,740.82557,0.25000 ===
266.97401|I|libbeamng.print:18052| === LSTM_TRACE t=330 v=10.48 ws=0.00,0.00,0.05,0.01 cmd=0.995,0.995,0.872,0.857 cap=3083,3085,1695,1665 des=3083,3085,1483,1457 app=3083,3083,1483,1457 abs=nil,nil,nil,nil ebrake=1.00 ibrake=1.00 hasABS=0 sy=9.96 split=1.000,0.875 ===
266.97406|I|libbeamng.print:18052| === LSTM_OBS t=330 0.00012,0.00185,0.05267,0.01364,0.82333,9.95806,-9.82734,-0.08133,0.00000,0.00000,0.00146,1.00000,0.00000,-0.00119,-0.00739,725.21480,0.25000 ===
267.02395|I|libbeamng.print:18052| === LSTM_TRACE t=340 v=10.00 ws=0.00,0.00,0.00,0.01 cmd=0.995,0.995,0.872,0.859 cap=3084,3085,1694,1669 des=3084,3085,1483,1460 app=3084,3082,1483,1460 abs=nil,nil,nil,nil ebrake=1.00 ibrake=1.00 hasABS=0 sy=9.85 split=1.000,0.875 ===
267.02400|I|libbeamng.print:18052| === LSTM_OBS t=340 0.00075,0.00058,0.00434,0.01407,0.79843,9.85190,-9.78715,-0.07863,0.00000,0.00000,0.00204,1.00000,0.00000,-0.00121,-0.00744,726.34395,0.25000 ===
267.07398|I|libbeamng.print:18052| === LSTM_TRACE t=350 v=9.51 ws=0.00,0.00,0.01,0.00 cmd=0.995,0.995,0.872,0.859 cap=3083,3085,1694,1669 des=3083,3085,1482,1460 app=3083,3080,1482,1460 abs=nil,nil,nil,nil ebrake=1.00 ibrake=1.00 hasABS=0 sy=9.81 split=1.000,0.875 ===
267.07402|I|libbeamng.print:18052| === LSTM_OBS t=350 0.00191,0.00150,0.01466,0.00485,0.80679,9.80817,-9.74094,-0.07543,0.00000,0.00000,0.00183,1.00000,0.00000,-0.00130,-0.00749,722.75303,0.25000 ===
267.12380|I|libbeamng.print:18052| === LSTM_TRACE t=360 v=9.01 ws=0.00,0.00,0.00,0.02 cmd=0.995,0.995,0.872,0.860 cap=3084,3085,1694,1670 des=3084,3085,1482,1461 app=3084,3079,1482,1461 abs=nil,nil,nil,nil ebrake=1.00 ibrake=1.00 hasABS=0 sy=9.82 split=1.000,0.875 ===
267.12384|I|libbeamng.print:18052| === LSTM_OBS t=360 0.00215,0.00190,0.00152,0.01771,0.82181,9.81534,-9.72152,-0.07248,0.00000,0.00000,0.00189,1.00000,0.00000,-0.00162,-0.00764,728.24656,0.25000 ===
267.17424|I|libbeamng.print:18052| === LSTM_TRACE t=370 v=8.51 ws=0.00,0.00,0.00,0.00 cmd=0.995,0.995,0.872,0.860 cap=3084,3085,1694,1670 des=3084,3085,1482,1462 app=3084,3078,1482,1462 abs=nil,nil,nil,nil ebrake=1.00 ibrake=1.00 hasABS=0 sy=9.85 split=1.000,0.875 ===
267.17428|I|libbeamng.print:18052| === LSTM_OBS t=370 0.00377,0.00097,0.00382,0.00090,0.84377,9.84642,-9.71663,-0.06735,0.00000,0.00000,0.00183,1.00000,0.00000,-0.00200,-0.00790,724.57438,0.25000 ===
267.22381|I|libbeamng.print:18052| === LSTM_TRACE t=380 v=8.01 ws=0.00,0.00,0.01,0.01 cmd=0.995,0.995,0.872,0.860 cap=3084,3085,1693,1672 des=3084,3085,1482,1463 app=3084,3077,1482,1463 abs=nil,nil,nil,nil ebrake=1.00 ibrake=1.00 hasABS=0 sy=9.89 split=1.000,0.875 ===
267.22385|I|libbeamng.print:18052| === LSTM_OBS t=380 0.00004,0.00327,0.00695,0.00552,0.87157,9.88798,-9.72061,-0.06262,0.00000,0.00000,0.00192,1.00000,0.00000,-0.00235,-0.00814,728.50256,0.25000 ===
267.27382|I|libbeamng.print:18052| === LSTM_TRACE t=390 v=7.50 ws=0.00,0.00,0.00,0.00 cmd=0.995,0.995,0.872,0.861 cap=3084,3085,1694,1673 des=3084,3085,1482,1464 app=3084,3076,1482,1464 abs=nil,nil,nil,nil ebrake=1.00 ibrake=1.00 hasABS=0 sy=9.94 split=1.000,0.875 ===
267.27389|I|libbeamng.print:18052| === LSTM_OBS t=390 0.00427,0.00118,0.00485,0.00132,0.90168,9.94320,-9.71251,-0.05766,0.00000,0.00000,0.00192,1.00000,0.00000,-0.00263,-0.00840,726.64833,0.25000 ===
267.32371|I|libbeamng.print:18052| === LSTM_TRACE t=400 v=6.98 ws=0.00,0.00,0.00,0.01 cmd=0.995,0.995,0.872,0.861 cap=3084,3085,1694,1673 des=3084,3085,1482,1464 app=3084,3075,1482,1464 abs=nil,nil,nil,nil ebrake=1.00 ibrake=1.00 hasABS=0 sy=10.02 split=1.000,0.875 ===
267.32375|I|libbeamng.print:18052| === LSTM_OBS t=400 0.00142,0.00202,0.00048,0.00781,0.93628,10.02300,-9.70794,-0.05383,0.00000,0.00000,0.00192,1.00000,0.00000,-0.00286,-0.00864,728.59715,0.25000 ===
267.37371|I|libbeamng.print:18052| === LSTM_TRACE t=410 v=6.45 ws=0.00,0.00,0.00,0.00 cmd=0.995,0.995,0.872,0.862 cap=3084,3085,1694,1674 des=3084,3085,1482,1465 app=3084,3074,1482,1465 abs=nil,nil,nil,nil ebrake=1.00 ibrake=1.00 hasABS=0 sy=10.12 split=1.000,0.875 ===
267.37375|I|libbeamng.print:18052| === LSTM_OBS t=410 0.00444,0.00036,0.00459,0.00198,0.97553,10.12226,-9.70485,-0.04921,0.00000,0.00000,0.00198,1.00000,0.00000,-0.00312,-0.00891,726.34968,0.25000 ===
267.42388|I|libbeamng.print:18052| === LSTM_TRACE t=420 v=5.92 ws=0.00,0.00,0.00,0.01 cmd=0.995,0.995,0.872,0.862 cap=3084,3085,1694,1675 des=3084,3085,1482,1466 app=3084,3072,1482,1466 abs=nil,nil,nil,nil ebrake=1.00 ibrake=1.00 hasABS=0 sy=10.23 split=1.000,0.875 ===
267.42392|I|libbeamng.print:18052| === LSTM_OBS t=420 0.00125,0.00225,0.00375,0.00703,1.01737,10.23303,-9.70437,-0.04435,0.00000,0.00000,0.00204,1.00000,0.00000,-0.00338,-0.00917,730.65524,0.25000 ===
267.47380|I|libbeamng.print:18052| === LSTM_TRACE t=430 v=5.39 ws=0.00,0.00,0.03,0.03 cmd=0.995,0.995,0.872,0.863 cap=3084,3084,1694,1676 des=3084,3084,1482,1467 app=3084,3071,1482,1467 abs=nil,nil,nil,nil ebrake=1.00 ibrake=1.00 hasABS=0 sy=10.34 split=1.000,0.875 ===
267.47384|I|libbeamng.print:18052| === LSTM_OBS t=430 0.00438,0.00062,0.03129,0.03272,1.05601,10.33549,-9.70537,-0.04068,0.00000,0.00000,0.00216,1.00000,0.00000,-0.00364,-0.00941,729.97932,0.25000 ===
267.52375|I|libbeamng.print:18052| === LSTM_TRACE t=440 v=4.85 ws=0.00,0.00,0.00,0.00 cmd=0.995,0.995,0.872,0.863 cap=3084,3084,1694,1677 des=3084,3084,1482,1467 app=3084,3070,1482,1467 abs=nil,nil,nil,nil ebrake=1.00 ibrake=1.00 hasABS=0 sy=10.44 split=1.000,0.875 ===
267.52378|I|libbeamng.print:18052| === LSTM_OBS t=440 0.00202,0.00194,0.00167,0.00222,1.09365,10.43567,-9.70728,-0.03600,0.00000,0.00000,0.00216,1.00000,0.00000,-0.00381,-0.00964,732.28382,0.25000 ===
267.57377|I|libbeamng.print:18052| === LSTM_TRACE t=450 v=4.30 ws=0.00,0.00,0.01,0.00 cmd=0.995,0.995,0.872,0.863 cap=3084,3084,1694,1677 des=3084,3084,1483,1468 app=3084,3069,1482,1468 abs=nil,nil,nil,nil ebrake=1.00 ibrake=1.00 hasABS=0 sy=10.55 split=1.000,0.875 ===
267.57381|I|libbeamng.print:18052| === LSTM_OBS t=450 0.00473,0.00077,0.01216,0.00219,1.13379,10.55311,-9.71017,-0.03147,0.00000,0.00000,0.00216,1.00000,0.00000,-0.00396,-0.00993,728.23247,0.25000 ===
267.62379|I|libbeamng.print:18052| === LSTM_TRACE t=460 v=3.74 ws=0.00,0.00,0.00,0.00 cmd=0.995,0.995,0.872,0.864 cap=3084,3084,1695,1678 des=3084,3084,1483,1468 app=3084,3068,1482,1468 abs=nil,nil,nil,nil ebrake=1.00 ibrake=1.00 hasABS=0 sy=10.67 split=1.000,0.875 ===
267.62383|I|libbeamng.print:18052| === LSTM_OBS t=460 0.00045,0.00196,0.00050,0.00309,1.17785,10.67455,-9.70412,-0.02681,0.00000,0.00000,0.00221,1.00000,0.00000,-0.00420,-0.01027,729.50186,0.25000 ===
267.67410|I|libbeamng.print:18052| === LSTM_TRACE t=470 v=3.18 ws=0.00,0.00,0.01,0.00 cmd=0.995,0.995,0.872,0.864 cap=3084,3084,1695,1678 des=3084,3084,1483,1469 app=3084,3067,1482,1469 abs=nil,nil,nil,nil ebrake=1.00 ibrake=1.00 hasABS=0 sy=10.79 split=1.000,0.875 ===
267.67414|I|libbeamng.print:18052| === LSTM_OBS t=470 0.00413,0.00107,0.00760,0.00431,1.21590,10.79205,-9.69524,-0.02326,0.00000,0.00000,0.00229,1.00000,0.00000,-0.00450,-0.01057,727.78019,0.25000 ===
267.72371|I|libbeamng.print:18052| === LSTM_TRACE t=480 v=2.62 ws=0.00,0.00,0.01,0.00 cmd=0.995,0.995,0.872,0.864 cap=3083,3083,1695,1679 des=3083,3083,1483,1469 app=3083,3066,1482,1469 abs=nil,nil,nil,nil ebrake=1.00 ibrake=1.00 hasABS=0 sy=10.89 split=1.000,0.875 ===
267.72378|I|libbeamng.print:18052| === LSTM_OBS t=480 0.00175,0.00193,0.01489,0.00041,1.24948,10.89460,-9.68783,-0.01880,0.00000,0.00000,0.00229,1.00000,0.00000,-0.00472,-0.01080,730.56977,0.25000 ===
267.77374|I|libbeamng.print:18052| === LSTM_TRACE t=490 v=2.05 ws=0.00,0.00,0.35,0.06 cmd=0.994,0.994,0.872,0.864 cap=3083,3083,1695,1679 des=3083,3083,1483,1469 app=3083,3065,1483,1469 abs=nil,nil,nil,nil ebrake=1.00 ibrake=1.00 hasABS=0 sy=10.99 split=1.000,0.875 ===
267.77378|I|libbeamng.print:18052| === LSTM_OBS t=490 0.00377,0.00066,0.35315,0.05635,1.28142,10.99343,-9.68241,-0.01394,0.00000,0.00000,0.00239,1.00000,0.00000,-0.00488,-0.01091,728.04216,0.25000 ===
267.82402|I|libbeamng.print:18052| === LSTM_TRACE t=500 v=1.48 ws=0.00,0.00,0.51,0.00 cmd=0.994,0.994,0.872,0.864 cap=3082,3082,1695,1678 des=3082,3082,1483,1468 app=3082,3063,1483,1468 abs=nil,nil,nil,nil ebrake=1.00 ibrake=1.00 hasABS=0 sy=11.08 split=1.000,0.875 ===
267.82408|I|libbeamng.print:18052| === LSTM_OBS t=500 0.00052,0.00071,0.50622,0.00195,1.33824,11.07867,-9.66301,-0.01223,0.00000,0.00000,0.00239,1.00000,0.00000,-0.00528,-0.01090,728.12196,0.25000 ===
267.87420|I|libbeamng.print:18052| === LSTM_TRACE t=510 v=0.90 ws=0.00,0.00,1.02,0.02 cmd=0.994,0.994,0.872,0.864 cap=3081,3081,1695,1679 des=3081,3081,1483,1469 app=3081,3062,1482,1469 abs=nil,nil,nil,nil ebrake=1.00 ibrake=1.00 hasABS=0 sy=11.16 split=1.000,0.875 ===
267.87424|I|libbeamng.print:18052| === LSTM_OBS t=510 0.00439,0.00075,1.02378,0.01616,1.40529,11.16413,-9.62920,0.01143,0.00000,0.00000,0.00229,1.00000,0.00000,-0.00634,-0.01081,722.13938,0.25000 ===
297.33791|I|libbeamng.print:18052| === LSTM_TRACE t=0 v=27.71 ws=27.80,27.86,27.48,27.51 cmd=0.879,0.846,0.486,0.532 cap=3100,3100,1700,1700 des=3100,3100,1488,1488 app=39,38,21,21 abs=nil,nil,nil,nil ebrake=1.00 ibrake=1.00 hasABS=0 sy=1.59 split=1.000,0.875 ===
297.33796|I|libbeamng.print:18052| === LSTM_OBS t=0 27.80095,27.85711,27.47560,27.51125,-0.03384,1.58539,-9.77720,0.00994,0.00000,0.00000,0.00000,1.00000,0.00000,0.00092,-0.00906,7859.39843,0.25000 ===
297.38784|I|libbeamng.print:18052| === LSTM_TRACE t=10 v=27.45 ws=26.98,26.93,26.73,26.88 cmd=0.317,0.383,0.481,0.474 cap=1007,1217,943,923 des=1007,1217,825,808 app=1007,1203,823,808 abs=nil,nil,nil,nil ebrake=1.00 ibrake=1.00 hasABS=0 sy=2.18 split=1.000,0.875 ===
297.38790|I|libbeamng.print:18052| === LSTM_OBS t=10 26.97592,26.93369,26.73034,26.87767,-0.05525,2.18307,-9.74072,-0.00202,0.00000,0.00000,0.00154,1.00000,0.00000,0.00094,-0.01002,7768.97878,0.25000 ===
297.40787|I|libbeamng.print:18052| === LSTM_ABS DBG raw=26.7791,26.7086,26.5039,26.5669,-0.0470,2.6473,-9.6910,0.0025,0.0000,0.0000,0.0017,1.0000,0.0000,0.0010,-0.0108,7696.4059,0.2500 ===
297.40791|I|libbeamng.print:18052| === LSTM_ABS DBG norm=0.58,0.52,0.52,0.50,-0.19,-2.09,0.00,0.04,0.06,-0.06,-0.05,0.59,-0.02,0.00,0.00,3.81,0.00 ===
297.40792|I|libbeamng.print:18052| === LSTM_ABS DBG cmd=0.3488,0.4054,0.4904,0.4929 ===
297.43780|I|libbeamng.print:18052| === LSTM_TRACE t=20 v=27.11 ws=25.94,26.02,26.21,26.11 cmd=0.588,0.610,0.636,0.681 cap=1637,1729,1168,1238 des=1637,1729,1022,1083 app=1637,1713,1020,1083 abs=nil,nil,nil,nil ebrake=1.00 ibrake=1.00 hasABS=0 sy=3.32 split=1.000,0.875 ===
297.43785|I|libbeamng.print:18052| === LSTM_OBS t=20 25.94439,26.01889,26.20748,26.11039,-0.03446,3.31757,-9.59866,-0.00368,0.00000,0.00000,0.00150,1.00000,0.00000,0.00110,-0.01179,7580.24126,0.25000 ===
297.48780|I|libbeamng.print:18052| === LSTM_TRACE t=30 v=26.60 ws=24.18,24.26,25.31,25.05 cmd=0.740,0.769,0.781,0.830 cap=2251,2350,1511,1607 des=2251,2350,1322,1406 app=2251,2335,1322,1406 abs=nil,nil,nil,nil ebrake=1.00 ibrake=1.00 hasABS=0 sy=4.88 split=1.000,0.875 ===
297.48784|I|libbeamng.print:18052| === LSTM_OBS t=30 24.17812,24.25937,25.31234,25.04728,-0.01813,4.88458,-9.51687,-0.00472,0.00000,0.00000,0.00229,1.00000,0.00000,0.00127,-0.01384,7342.53411,0.25000 ===
297.53788|I|libbeamng.print:18052| === LSTM_TRACE t=40 v=26.01 ws=23.75,23.64,24.42,24.07 cmd=0.779,0.791,0.771,0.812 cap=2401,2447,1502,1587 des=2401,2447,1315,1389 app=2401,2438,1315,1389 abs=nil,nil,nil,nil ebrake=1.00 ibrake=1.00 hasABS=0 sy=6.72 split=1.000,0.875 ===
297.53794|I|libbeamng.print:18052| === LSTM_OBS t=40 23.74860,23.63956,24.41803,24.07372,0.05556,6.71862,-9.46906,-0.00728,0.00000,0.00000,0.00322,1.00000,0.00000,0.00136,-0.01610,7059.19617,0.25000 ===
297.58793|I|libbeamng.print:18052| === LSTM_TRACE t=50 v=25.40 ws=23.31,23.36,23.67,23.04 cmd=0.819,0.818,0.779,0.801 cap=2483,2500,1510,1557 des=2483,2500,1321,1362 app=2483,2495,1321,1362 abs=nil,nil,nil,nil ebrake=1.00 ibrake=1.00 hasABS=0 sy=8.17 split=1.000,0.875 ===
297.58798|I|libbeamng.print:18052| === LSTM_OBS t=50 23.30958,23.36362,23.67401,23.04126,0.08567,8.17413,-9.53982,0.01529,0.00000,0.00000,0.00349,1.00000,0.00000,0.00131,-0.01748,6795.93849,0.25000 ===
297.63805|I|libbeamng.print:18052| === LSTM_TRACE t=60 v=24.80 ws=21.99,22.52,22.89,22.11 cmd=0.831,0.828,0.797,0.802 cap=2589,2578,1549,1562 des=2589,2578,1356,1367 app=2589,2576,1356,1367 abs=nil,nil,nil,nil ebrake=1.00 ibrake=1.00 hasABS=0 sy=9.33 split=1.000,0.875 ===
297.63811|I|libbeamng.print:18052| === LSTM_OBS t=60 21.98903,22.52081,22.88715,22.10771,0.10495,9.33422,-9.66555,-0.00208,0.00000,0.00000,0.00349,1.00000,0.00000,0.00111,-0.01814,6553.29828,0.25000 ===
297.68786|I|libbeamng.print:18052| === LSTM_TRACE t=70 v=24.18 ws=20.30,21.30,21.84,21.44 cmd=0.806,0.809,0.808,0.806 cap=2607,2608,1580,1578 des=2607,2608,1382,1380 app=2607,2608,1382,1380 abs=nil,nil,nil,nil ebrake=1.00 ibrake=1.00 hasABS=0 sy=10.19 split=1.000,0.875 ===
297.68791|I|libbeamng.print:18052| === LSTM_OBS t=70 20.29827,21.30399,21.84079,21.43878,0.07954,10.19306,-9.75949,0.00390,0.00000,0.00000,0.00331,1.00000,0.00000,0.00127,-0.01835,6309.75071,0.25000 ===
297.73792|I|libbeamng.print:18052| === LSTM_TRACE t=80 v=23.59 ws=18.24,20.40,20.83,20.77 cmd=0.813,0.820,0.810,0.815 cap=2252,2326,1568,1566 des=2252,2326,1372,1370 app=2252,2326,1372,1370 abs=nil,nil,nil,nil ebrake=1.00 ibrake=1.00 hasABS=0 sy=10.75 split=1.000,0.875 ===
297.73801|I|libbeamng.print:18052| === LSTM_OBS t=80 18.23841,20.39699,20.82758,20.76508,0.05650,10.75254,-9.80257,0.00111,0.00000,0.00000,0.00249,1.00000,0.00000,0.00142,-0.01800,6064.20058,0.25000 ===
297.78790|I|libbeamng.print:18052| === LSTM_TRACE t=90 v=23.01 ws=15.96,19.43,19.77,20.18 cmd=0.823,0.828,0.811,0.825 cap=2024,2129,1566,1579 des=2024,2129,1370,1381 app=2024,2129,1370,1381 abs=nil,nil,nil,nil ebrake=1.00 ibrake=1.00 hasABS=0 sy=11.04 split=1.000,0.875 ===
297.78794|I|libbeamng.print:18052| === LSTM_OBS t=90 15.95923,19.42995,19.77410,20.17811,0.00980,11.03719,-9.78429,-0.00870,0.00000,0.00000,0.00283,1.00000,0.00000,0.00159,-0.01727,5821.00334,0.25000 ===
297.83794|I|libbeamng.print:18052| === LSTM_TRACE t=100 v=22.45 ws=13.07,18.85,18.84,19.38 cmd=0.661,0.689,0.804,0.811 cap=2468,2496,1568,1589 des=2468,2496,1372,1390 app=2468,2496,1372,1390 abs=nil,nil,nil,nil ebrake=1.00 ibrake=1.00 hasABS=0 sy=11.14 split=1.000,0.875 ===
297.83799|I|libbeamng.print:18052| === LSTM_OBS t=100 13.07338,18.84590,18.84166,19.38109,0.02789,11.14202,-9.70081,-0.02077,0.00000,0.00000,0.00244,1.00000,0.00000,0.00150,-0.01631,5581.36197,0.25000 ===
297.88792|I|libbeamng.print:18052| === LSTM_TRACE t=110 v=21.88 ws=10.47,19.03,17.96,18.78 cmd=0.695,0.737,0.819,0.820 cap=1963,2119,1586,1589 des=1963,2119,1388,1390 app=1963,2119,1388,1390 abs=nil,nil,nil,nil ebrake=1.00 ibrake=1.00 hasABS=0 sy=11.19 split=1.000,0.875 ===
297.88796|I|libbeamng.print:18052| === LSTM_OBS t=110 10.46869,19.02731,17.95545,18.77693,0.03609,11.18834,-9.63683,-0.03588,0.00000,0.00000,0.00183,1.00000,0.00000,0.00129,-0.01541,5346.23200,0.25000 ===
297.93813|I|libbeamng.print:18052| === LSTM_TRACE t=120 v=21.34 ws=7.90,19.76,16.98,18.15 cmd=0.681,0.731,0.828,0.823 cap=2089,2232,1594,1586 des=2089,2232,1395,1387 app=2089,2232,1395,1387 abs=nil,nil,nil,nil ebrake=1.00 ibrake=1.00 hasABS=0 sy=11.16 split=1.000,0.875 ===
297.93821|I|libbeamng.print:18052| === LSTM_OBS t=120 7.90469,19.75722,16.97670,18.14763,0.07846,11.16201,-9.60835,-0.05018,0.00000,0.00000,0.00244,1.00000,0.00000,0.00074,-0.01447,5113.02570,0.25000 ===
297.98796|I|libbeamng.print:18052| === LSTM_TRACE t=130 v=20.78 ws=5.29,19.42,16.35,17.25 cmd=0.527,0.616,0.826,0.811 cap=2067,2233,1611,1589 des=2067,2233,1410,1390 app=2067,2233,1410,1390 abs=nil,nil,nil,nil ebrake=1.00 ibrake=1.00 hasABS=0 sy=11.11 split=1.000,0.875 ===
297.98801|I|libbeamng.print:18052| === LSTM_OBS t=130 5.29199,19.42438,16.34610,17.24648,0.11843,11.10799,-9.60288,-0.05700,0.00000,0.00000,0.00124,1.00000,0.00000,-0.00006,-0.01373,4880.96126,0.25000 ===
298.03786|I|libbeamng.print:18052| === LSTM_TRACE t=140 v=20.23 ws=3.55,19.06,15.42,16.28 cmd=0.571,0.669,0.834,0.822 cap=1651,1921,1606,1589 des=1651,1921,1406,1390 app=1680,1921,1406,1390 abs=nil,nil,nil,nil ebrake=1.00 ibrake=1.00 hasABS=0 sy=11.06 split=1.000,0.875 ===
298.03791|I|libbeamng.print:18052| === LSTM_OBS t=140 3.54970,19.05819,15.41671,16.28023,0.14852,11.05714,-9.68505,-0.05263,0.00000,0.00000,0.00115,1.00000,0.00000,-0.00033,-0.01279,4653.52283,0.25000 ===
298.08782|I|libbeamng.print:18052| === LSTM_TRACE t=150 v=19.70 ws=2.50,18.26,14.34,16.06 cmd=0.676,0.737,0.829,0.820 cap=2262,2448,1628,1610 des=2262,2448,1424,1409 app=2089,2431,1424,1409 abs=nil,nil,nil,nil ebrake=1.00 ibrake=1.00 hasABS=0 sy=10.99 split=1.000,0.875 ===
298.08786|I|libbeamng.print:18052| === LSTM_OBS t=150 2.50012,18.25669,14.33722,16.05714,0.19384,10.98692,-9.76958,-0.07264,0.00000,0.00000,0.00085,1.00000,0.00000,0.00040,-0.01168,4429.32222,0.25000 ===
298.13787|I|libbeamng.print:18052| === LSTM_TRACE t=160 v=19.17 ws=0.69,17.63,13.03,15.77 cmd=0.520,0.622,0.831,0.823 cap=1869,2102,1619,1609 des=1869,2102,1417,1408 app=1869,2102,1417,1408 abs=nil,nil,nil,nil ebrake=1.00 ibrake=1.00 hasABS=0 sy=10.89 split=1.000,0.875 ===
298.13791|I|libbeamng.print:18052| === LSTM_OBS t=160 0.69435,17.63003,13.02571,15.76507,0.33934,10.88610,-9.76762,-0.08502,0.00000,0.00000,0.00530,1.00000,0.00000,0.00113,-0.01035,4202.09302,0.25000 ===
298.18795|I|libbeamng.print:18052| === LSTM_TRACE t=170 v=18.68 ws=0.30,17.73,11.74,15.61 cmd=0.471,0.593,0.820,0.797 cap=1446,1822,1600,1559 des=1446,1822,1400,1364 app=1446,1822,1400,1364 abs=nil,nil,nil,nil ebrake=1.00 ibrake=1.00 hasABS=0 sy=10.69 split=1.000,0.875 ===
298.18799|I|libbeamng.print:18052| === LSTM_OBS t=170 0.30041,17.73202,11.73704,15.61306,0.47409,10.68637,-9.61271,-0.11012,0.00000,0.00000,0.00176,1.00000,0.00000,0.00028,-0.00952,3978.35979,0.25000 ===
298.23811|I|libbeamng.print:18052| === LSTM_TRACE t=180 v=18.14 ws=1.98,16.72,10.85,14.81 cmd=0.468,0.586,0.776,0.749 cap=1803,2101,1527,1480 des=1803,2101,1336,1295 app=1803,2101,1336,1295 abs=nil,nil,nil,nil ebrake=1.00 ibrake=1.00 hasABS=0 sy=10.61 split=1.000,0.875 ===
298.23816|I|libbeamng.print:18052| === LSTM_OBS t=180 1.97803,16.71952,10.84800,14.81095,0.55098,10.61181,-9.66327,-0.11053,0.00000,0.00000,0.00221,1.00000,0.00000,-0.00095,-0.00863,3773.69643,0.25000 ===
298.28489|I|libbeamng.print:18052| === LSTM_TRACE t=190 v=17.60 ws=2.59,16.30,10.02,14.75 cmd=0.643,0.733,0.776,0.751 cap=1759,2092,1470,1416 des=1759,2092,1286,1239 app=1759,2092,1286,1239 abs=nil,nil,nil,nil ebrake=1.00 ibrake=1.00 hasABS=0 sy=10.61 split=1.000,0.875 ===
298.28497|I|libbeamng.print:18052| === LSTM_OBS t=190 2.59234,16.29951,10.01649,14.74718,0.65585,10.61050,-9.68905,-0.11851,0.00000,0.00000,0.00216,1.00000,0.00000,-0.00131,-0.00816,3611.23078,0.25000 ===
298.33429|I|libbeamng.print:18052| === LSTM_TRACE t=200 v=17.06 ws=1.83,15.87,9.38,14.05 cmd=0.709,0.795,0.757,0.738 cap=1483,1998,1475,1434 des=1483,1998,1291,1255 app=1483,1998,1291,1255 abs=nil,nil,nil,nil ebrake=1.00 ibrake=1.00 hasABS=0 sy=10.69 split=1.000,0.875 ===
298.33435|I|libbeamng.print:18052| === LSTM_OBS t=200 1.82628,15.86986,9.37628,14.04909,0.80799,10.69074,-9.74294,-0.12777,0.00000,0.00000,0.00146,1.00000,0.00000,-0.00188,-0.00837,3440.75831,0.25000 ===
298.38786|I|libbeamng.print:18052| === LSTM_TRACE t=210 v=16.51 ws=1.48,13.78,8.47,13.51 cmd=0.638,0.699,0.770,0.760 cap=2309,2441,1502,1481 des=2309,2441,1314,1296 app=2309,2441,1314,1296 abs=nil,nil,nil,nil ebrake=1.00 ibrake=1.00 hasABS=0 sy=10.73 split=1.000,0.875 ===
298.38790|I|libbeamng.print:18052| === LSTM_OBS t=210 1.47921,13.77792,8.47450,13.50998,0.95137,10.73429,-9.76895,-0.14053,0.00000,0.00000,0.00732,1.00000,0.00000,-0.00229,-0.00870,3242.76594,0.25000 ===
298.43792|I|libbeamng.print:18052| === LSTM_TRACE t=220 v=15.98 ws=1.29,12.71,7.61,13.11 cmd=0.520,0.644,0.792,0.767 cap=1922,2162,1530,1491 des=1922,2162,1339,1304 app=1922,2162,1339,1304 abs=nil,nil,nil,nil ebrake=1.00 ibrake=1.00 hasABS=0 sy=10.73 split=1.000,0.875 ===
298.43797|I|libbeamng.print:18052| === LSTM_OBS t=220 1.28797,12.71102,7.61140,13.11397,1.02129,10.73369,-9.84340,-0.14298,0.00000,0.00000,0.00176,1.00000,0.00000,-0.00222,-0.00889,3045.98017,0.25000 ===
298.48786|I|libbeamng.print:18052| === LSTM_TRACE t=230 v=15.46 ws=0.58,10.88,6.42,12.61 cmd=0.637,0.705,0.791,0.784 cap=1966,2180,1548,1528 des=1966,2180,1354,1337 app=1966,2180,1354,1337 abs=nil,nil,nil,nil ebrake=1.00 ibrake=1.00 hasABS=0 sy=10.66 split=1.000,0.875 ===
298.48790|I|libbeamng.print:18052| === LSTM_OBS t=230 0.57572,10.87870,6.41842,12.60747,1.07713,10.66230,-9.81147,-0.14361,0.00000,0.00000,0.00649,1.00000,0.00000,-0.00197,-0.00885,2831.71783,0.25000 ===
298.53782|I|libbeamng.print:18052| === LSTM_TRACE t=240 v=14.94 ws=0.15,8.31,5.20,12.10 cmd=0.598,0.698,0.814,0.795 cap=1834,2127,1569,1536 des=1834,2127,1373,1344 app=1834,2127,1373,1344 abs=nil,nil,nil,nil ebrake=1.00 ibrake=1.00 hasABS=0 sy=10.60 split=1.000,0.875 ===
298.53787|I|libbeamng.print:18052| === LSTM_OBS t=240 0.14937,8.30943,5.20166,12.09676,1.04120,10.59763,-9.77679,-0.13473,0.00000,0.00000,0.00404,1.00000,0.00000,-0.00092,-0.00866,2610.49932,0.25000 ===
298.58790|I|libbeamng.print:18052| === LSTM_TRACE t=250 v=14.41 ws=0.01,4.79,3.92,11.60 cmd=0.615,0.704,0.849,0.838 cap=1952,2221,1645,1621 des=1952,2221,1439,1419 app=1952,2221,1439,1419 abs=nil,nil,nil,nil ebrake=1.00 ibrake=1.00 hasABS=0 sy=10.55 split=1.000,0.875 ===
298.58799|I|libbeamng.print:18052| === LSTM_OBS t=250 0.01243,4.78568,3.91523,11.60025,1.04381,10.55346,-9.74796,-0.11969,0.00000,0.00000,0.00442,1.00000,0.00000,0.00024,-0.00866,2388.82607,0.25000 ===
298.63791|I|libbeamng.print:18052| === LSTM_TRACE t=260 v=13.91 ws=0.04,0.32,3.24,10.79 cmd=0.858,0.881,0.890,0.890 cap=2361,2540,1700,1700 des=2361,2540,1488,1488 app=2361,2540,1488,1488 abs=nil,nil,nil,nil ebrake=1.00 ibrake=1.00 hasABS=0 sy=10.45 split=1.000,0.875 ===
298.63795|I|libbeamng.print:18052| === LSTM_OBS t=260 0.03846,0.31770,3.24272,10.79282,1.08848,10.45040,-9.73639,-0.11368,0.00000,0.00000,0.00588,1.00000,0.00000,0.00032,-0.00860,2142.38285,0.25000 ===
298.68794|I|libbeamng.print:18052| === LSTM_TRACE t=270 v=13.43 ws=0.00,0.04,2.28,9.89 cmd=0.980,0.984,0.911,0.899 cap=3041,3044,1700,1700 des=3041,3044,1488,1488 app=3041,3044,1488,1488 abs=nil,nil,nil,nil ebrake=1.00 ibrake=1.00 hasABS=0 sy=10.23 split=1.000,0.875 ===
298.68801|I|libbeamng.print:18052| === LSTM_OBS t=270 0.00491,0.04207,2.28061,9.89257,0.95961,10.22795,-9.75359,-0.09285,0.00000,0.00000,0.00315,1.00000,0.00000,0.00050,-0.00795,1870.72639,0.25000 ===
298.73792|I|libbeamng.print:18052| === LSTM_TRACE t=280 v=12.94 ws=0.01,0.02,0.46,8.85 cmd=0.992,0.994,0.905,0.888 cap=3074,3079,1700,1700 des=3074,3079,1488,1488 app=3074,3079,1488,1488 abs=nil,nil,nil,nil ebrake=1.00 ibrake=1.00 hasABS=0 sy=10.06 split=1.000,0.875 ===
298.73796|I|libbeamng.print:18052| === LSTM_OBS t=280 0.01125,0.02021,0.45515,8.85063,0.88225,10.06062,-9.70000,-0.07508,0.00000,0.00000,0.00301,1.00000,0.00000,0.00115,-0.00692,1608.12782,0.25000 ===
298.78784|I|libbeamng.print:18052| === LSTM_TRACE t=290 v=12.45 ws=0.01,0.02,0.02,8.35 cmd=0.993,0.994,0.893,0.877 cap=3080,3082,1700,1700 des=3080,3082,1488,1488 app=3080,3082,1488,1488 abs=nil,nil,nil,nil ebrake=1.00 ibrake=1.00 hasABS=0 sy=9.98 split=1.000,0.875 ===
298.78788|I|libbeamng.print:18052| === LSTM_OBS t=290 0.01038,0.02191,0.01876,8.35038,0.91299,9.98204,-9.63116,-0.06747,0.00000,0.00000,0.00315,1.00000,0.00000,0.00097,-0.00599,1348.93699,0.25000 ===
298.83788|I|libbeamng.print:18052| === LSTM_TRACE t=300 v=11.94 ws=0.00,0.00,0.03,6.40 cmd=0.994,0.994,0.880,0.867 cap=3080,3082,1700,1684 des=3080,3082,1488,1473 app=3080,3082,1488,1473 abs=nil,nil,nil,nil ebrake=1.00 ibrake=1.00 hasABS=0 sy=10.00 split=1.000,0.875 ===
298.83792|I|libbeamng.print:18052| === LSTM_OBS t=300 0.00131,0.00282,0.02555,6.39539,0.88182,10.00465,-9.69055,-0.05587,0.00000,0.00000,0.00367,1.00000,0.00000,0.00109,-0.00554,1132.77869,0.25000 ===
298.88790|I|libbeamng.print:18052| === LSTM_TRACE t=310 v=11.43 ws=0.02,0.00,0.06,4.80 cmd=0.994,0.994,0.873,0.862 cap=3081,3082,1697,1674 des=3081,3082,1485,1465 app=3081,3082,1485,1465 abs=nil,nil,nil,nil ebrake=1.00 ibrake=1.00 hasABS=0 sy=10.06 split=1.000,0.875 ===
298.88794|I|libbeamng.print:18052| === LSTM_OBS t=310 0.01980,0.00017,0.05856,4.79711,0.85513,10.05672,-9.77697,-0.05835,0.00000,0.00000,0.00438,1.00000,0.00000,0.00149,-0.00560,933.85610,0.25000 ===
298.93464|I|libbeamng.print:18052| === LSTM_TRACE t=320 v=10.93 ws=0.01,0.01,0.05,2.47 cmd=0.994,0.995,0.872,0.862 cap=3083,3083,1694,1675 des=3083,3083,1482,1465 app=3083,3083,1482,1465 abs=nil,nil,nil,nil ebrake=1.00 ibrake=1.00 hasABS=0 sy=10.12 split=1.000,0.875 ===
298.93468|I|libbeamng.print:18052| === LSTM_OBS t=320 0.01125,0.01003,0.04877,2.47049,0.84591,10.11751,-9.82288,-0.05825,0.00000,0.00000,0.00459,1.00000,0.00000,0.00108,-0.00636,777.23593,0.25000 ===
298.98798|I|libbeamng.print:18052| === LSTM_TRACE t=330 v=10.42 ws=0.00,0.00,0.03,0.26 cmd=0.994,0.994,0.873,0.863 cap=3083,3083,1695,1679 des=3083,3083,1483,1469 app=3083,3083,1483,1469 abs=nil,nil,nil,nil ebrake=1.00 ibrake=1.00 hasABS=0 sy=10.07 split=1.000,0.875 ===
298.98803|I|libbeamng.print:18052| === LSTM_OBS t=330 0.00264,0.00333,0.02725,0.25705,0.82410,10.07447,-9.84574,-0.04134,0.00000,0.00000,0.00381,1.00000,0.00000,0.00037,-0.00744,732.22947,0.25000 ===
299.03792|I|libbeamng.print:18052| === LSTM_TRACE t=340 v=9.95 ws=0.01,0.01,0.02,0.05 cmd=0.995,0.995,0.874,0.863 cap=3083,3083,1697,1674 des=3083,3083,1485,1465 app=3083,3083,1485,1465 abs=nil,nil,nil,nil ebrake=1.00 ibrake=1.00 hasABS=0 sy=9.94 split=1.000,0.875 ===
299.03798|I|libbeamng.print:18052| === LSTM_OBS t=340 0.00857,0.01100,0.02249,0.04766,0.77673,9.94114,-9.77692,-0.04676,0.00000,0.00000,0.00404,1.00000,0.00000,0.00028,-0.00792,730.27378,0.25000 ===
299.08794|I|libbeamng.print:18052| === LSTM_TRACE t=350 v=9.45 ws=0.00,0.00,0.04,0.05 cmd=0.995,0.995,0.874,0.865 cap=3083,3083,1697,1679 des=3083,3083,1485,1469 app=3083,3083,1485,1469 abs=nil,nil,nil,nil ebrake=1.00 ibrake=1.00 hasABS=0 sy=9.88 split=1.000,0.875 ===
299.08800|I|libbeamng.print:18052| === LSTM_OBS t=350 0.00430,0.00089,0.04282,0.05135,0.76520,9.88244,-9.72321,-0.04121,0.00000,0.00000,0.00478,1.00000,0.00000,-0.00002,-0.00801,728.15921,0.25000 ===
299.13784|I|libbeamng.print:18052| === LSTM_TRACE t=360 v=8.96 ws=0.00,0.00,0.02,0.02 cmd=0.994,0.994,0.874,0.865 cap=3083,3083,1697,1680 des=3083,3083,1485,1470 app=3083,3083,1485,1470 abs=nil,nil,nil,nil ebrake=1.00 ibrake=1.00 hasABS=0 sy=9.87 split=1.000,0.875 ===
299.13790|I|libbeamng.print:18052| === LSTM_OBS t=360 0.00270,0.00229,0.01649,0.01851,0.74995,9.87070,-9.70650,-0.04021,0.00000,0.00000,0.00486,1.00000,0.00000,-0.00023,-0.00814,727.91052,0.25000 ===
299.18800|I|libbeamng.print:18052| === LSTM_TRACE t=370 v=8.45 ws=0.00,0.00,0.01,0.03 cmd=0.994,0.994,0.874,0.865 cap=3082,3082,1698,1680 des=3082,3082,1485,1470 app=3082,3082,1485,1470 abs=nil,nil,nil,nil ebrake=1.00 ibrake=1.00 hasABS=0 sy=9.90 split=1.000,0.875 ===
299.18806|I|libbeamng.print:18052| === LSTM_OBS t=370 0.00296,0.00114,0.01098,0.02718,0.74978,9.89534,-9.69974,-0.03556,0.00000,0.00000,0.00473,1.00000,0.00000,-0.00043,-0.00826,725.73129,0.25000 ===
299.23787|I|libbeamng.print:18052| === LSTM_TRACE t=380 v=7.95 ws=0.00,0.00,0.00,0.01 cmd=0.994,0.994,0.874,0.864 cap=3081,3081,1698,1679 des=3081,3081,1486,1469 app=3081,3081,1486,1469 abs=nil,nil,nil,nil ebrake=1.00 ibrake=1.00 hasABS=0 sy=9.94 split=1.000,0.875 ===
299.23791|I|libbeamng.print:18052| === LSTM_OBS t=380 0.00051,0.00134,0.00196,0.00646,0.76161,9.94305,-9.70115,-0.03124,0.00000,0.00000,0.00462,1.00000,0.00000,-0.00061,-0.00845,728.77647,0.25000 ===
299.28798|I|libbeamng.print:18052| === LSTM_TRACE t=390 v=7.43 ws=0.00,0.00,0.01,0.00 cmd=0.994,0.994,0.874,0.864 cap=3081,3080,1698,1679 des=3081,3080,1486,1469 app=3081,3080,1486,1469 abs=nil,nil,nil,nil ebrake=1.00 ibrake=1.00 hasABS=0 sy=10.01 split=1.000,0.875 ===
299.28803|I|libbeamng.print:18052| === LSTM_OBS t=390 0.00285,0.00124,0.00567,0.00038,0.78313,10.01449,-9.70145,-0.02724,0.00000,0.00000,0.00487,1.00000,0.00000,-0.00082,-0.00860,727.21438,0.25000 ===
299.33792|I|libbeamng.print:18052| === LSTM_TRACE t=400 v=6.91 ws=0.00,0.00,0.01,0.00 cmd=0.993,0.993,0.874,0.864 cap=3080,3079,1698,1678 des=3080,3079,1486,1468 app=3080,3078,1486,1468 abs=nil,nil,nil,nil ebrake=1.00 ibrake=1.00 hasABS=0 sy=10.11 split=1.000,0.875 ===
299.33797|I|libbeamng.print:18052| === LSTM_OBS t=400 0.00023,0.00347,0.00757,0.00106,0.80364,10.10561,-9.70035,-0.02303,0.00000,0.00000,0.00516,1.00000,0.00000,-0.00096,-0.00882,729.47513,0.25000 ===
299.38812|I|libbeamng.print:18052| === LSTM_TRACE t=410 v=6.39 ws=0.00,0.00,0.00,0.01 cmd=0.993,0.992,0.874,0.863 cap=3078,3077,1697,1677 des=3078,3077,1485,1467 app=3078,3075,1485,1467 abs=nil,nil,nil,nil ebrake=1.00 ibrake=1.00 hasABS=0 sy=10.21 split=1.000,0.875 ===
299.38817|I|libbeamng.print:18052| === LSTM_OBS t=410 0.00221,0.00079,0.00161,0.00902,0.82507,10.21281,-9.70180,-0.02014,0.00000,0.00000,0.00522,1.00000,0.00000,-0.00113,-0.00903,727.41812,0.25000 ===
299.43796|I|libbeamng.print:18052| === LSTM_TRACE t=420 v=5.85 ws=0.00,0.00,0.00,0.01 cmd=0.992,0.992,0.873,0.862 cap=3076,3075,1696,1675 des=3076,3075,1484,1466 app=3076,3072,1484,1466 abs=nil,nil,nil,nil ebrake=1.00 ibrake=1.00 hasABS=0 sy=10.32 split=1.000,0.875 ===
299.43801|I|libbeamng.print:18052| === LSTM_OBS t=420 0.00118,0.00005,0.00129,0.00520,0.84785,10.32253,-9.70513,-0.01591,0.00000,0.00000,0.00533,1.00000,0.00000,-0.00128,-0.00929,729.79135,0.25000 ===
299.48792|I|libbeamng.print:18052| === LSTM_TRACE t=430 v=5.31 ws=0.00,0.00,0.03,0.03 cmd=0.992,0.991,0.872,0.861 cap=3074,3072,1694,1673 des=3074,3072,1482,1464 app=3074,3069,1482,1464 abs=nil,nil,nil,nil ebrake=1.00 ibrake=1.00 hasABS=0 sy=10.43 split=1.000,0.875 ===
299.48796|I|libbeamng.print:18052| === LSTM_OBS t=430 0.00124,0.00084,0.02747,0.02924,0.87045,10.42757,-9.70745,-0.01312,0.00000,0.00000,0.00537,1.00000,0.00000,-0.00141,-0.00950,725.61624,0.25000 ===
299.53806|I|libbeamng.print:18052| === LSTM_TRACE t=440 v=4.77 ws=0.00,0.00,0.00,0.00 cmd=0.991,0.990,0.870,0.860 cap=3073,3070,1691,1672 des=3073,3070,1480,1463 app=3073,3066,1480,1463 abs=nil,nil,nil,nil ebrake=1.00 ibrake=1.00 hasABS=0 sy=10.54 split=1.000,0.875 ===
299.53811|I|libbeamng.print:18052| === LSTM_OBS t=440 0.00141,0.00230,0.00252,0.00102,0.89388,10.53943,-9.71183,-0.01020,0.00000,0.00000,0.00555,1.00000,0.00000,-0.00150,-0.00975,727.74236,0.25000 ===
299.58783|I|libbeamng.print:18052| === LSTM_TRACE t=450 v=4.21 ws=0.00,0.00,0.00,0.00 cmd=0.991,0.990,0.869,0.860 cap=3071,3068,1688,1670 des=3071,3068,1477,1461 app=3071,3064,1477,1461 abs=nil,nil,nil,nil ebrake=1.00 ibrake=1.00 hasABS=0 sy=10.66 split=1.000,0.875 ===
299.58788|I|libbeamng.print:18052| === LSTM_OBS t=450 0.00203,0.00233,0.00347,0.00394,0.91892,10.66000,-9.71321,-0.00774,0.00000,0.00000,0.00575,1.00000,0.00000,-0.00165,-0.01007,726.37494,0.25000 ===
299.63817|I|libbeamng.print:18052| === LSTM_TRACE t=460 v=3.66 ws=0.00,0.00,0.00,0.00 cmd=0.990,0.989,0.867,0.859 cap=3069,3066,1685,1669 des=3069,3066,1475,1460 app=3069,3061,1475,1460 abs=nil,nil,nil,nil ebrake=1.00 ibrake=1.00 hasABS=0 sy=10.78 split=1.000,0.875 ===
299.63822|I|libbeamng.print:18052| === LSTM_OBS t=460 0.00105,0.00090,0.00239,0.00035,0.94095,10.78069,-9.70715,-0.00464,0.00000,0.00000,0.00586,1.00000,0.00000,-0.00180,-0.01040,729.90123,0.25000 ===
299.68799|I|libbeamng.print:18052| === LSTM_TRACE t=470 v=3.09 ws=0.00,0.00,0.00,0.00 cmd=0.990,0.988,0.866,0.858 cap=3068,3064,1683,1667 des=3068,3064,1473,1459 app=3068,3059,1473,1459 abs=nil,nil,nil,nil ebrake=1.00 ibrake=1.00 hasABS=0 sy=10.89 split=1.000,0.875 ===
299.68804|I|libbeamng.print:18052| === LSTM_OBS t=470 0.00072,0.00082,0.00182,0.00069,0.96009,10.89425,-9.69956,-0.00250,0.00000,0.00000,0.00595,1.00000,0.00000,-0.00192,-0.01065,728.28147,0.25000 ===
299.73814|I|libbeamng.print:18052| === LSTM_TRACE t=480 v=2.53 ws=0.00,0.00,0.01,0.01 cmd=0.990,0.988,0.865,0.858 cap=3068,3063,1682,1667 des=3068,3063,1471,1458 app=3068,3057,1471,1458 abs=nil,nil,nil,nil ebrake=1.00 ibrake=1.00 hasABS=0 sy=11.00 split=1.000,0.875 ===
299.73825|I|libbeamng.print:18052| === LSTM_OBS t=480 0.00166,0.00251,0.00878,0.00501,0.97847,10.99710,-9.69116,-0.00045,0.00000,0.00000,0.00610,1.00000,0.00000,-0.00200,-0.01084,728.90273,0.25000 ===
299.78794|I|libbeamng.print:18052| === LSTM_TRACE t=490 v=1.95 ws=0.00,0.00,0.21,0.04 cmd=0.989,0.988,0.865,0.858 cap=3067,3062,1680,1666 des=3067,3062,1470,1458 app=3067,3056,1470,1458 abs=nil,nil,nil,nil ebrake=1.00 ibrake=1.00 hasABS=0 sy=11.10 split=1.000,0.875 ===
299.78799|I|libbeamng.print:18052| === LSTM_OBS t=490 0.00203,0.00021,0.20678,0.03513,0.99803,11.10170,-9.68266,0.00123,0.00000,0.00000,0.00621,1.00000,0.00000,-0.00210,-0.01094,726.76301,0.25000 ===
299.83781|I|libbeamng.print:18052| === LSTM_TRACE t=500 v=1.38 ws=0.00,0.00,0.26,0.03 cmd=0.989,0.987,0.864,0.857 cap=3066,3061,1679,1665 des=3066,3061,1469,1457 app=3066,3054,1469,1457 abs=nil,nil,nil,nil ebrake=1.00 ibrake=1.00 hasABS=0 sy=11.18 split=1.000,0.875 ===
299.83785|I|libbeamng.print:18052| === LSTM_OBS t=500 0.00049,0.00122,0.25861,0.02657,1.02379,11.17687,-9.66120,0.00111,0.00000,0.00000,0.00626,1.00000,0.00000,-0.00234,-0.01092,728.57620,0.25000 ===
299.88794|I|libbeamng.print:18052| === LSTM_TRACE t=510 v=0.81 ws=0.00,0.00,0.60,0.03 cmd=0.989,0.987,0.864,0.856 cap=3066,3060,1678,1664 des=3066,3060,1468,1456 app=3066,3053,1468,1456 abs=nil,nil,nil,nil ebrake=1.00 ibrake=1.00 hasABS=0 sy=11.24 split=1.000,0.875 ===
299.88805|I|libbeamng.print:18052| === LSTM_OBS t=510 0.00251,0.00006,0.60395,0.03377,1.03801,11.23628,-9.64273,-0.00028,0.00000,0.00000,0.00641,1.00000,0.00000,-0.00281,-0.01069,727.33189,0.25000 ===
304.09368|I|libbeamng.print:18052| === LSTM_ABS: lens 'band_g_mix_lock_y' loaded (1 member, 17 in, 64 hidden, 2 layers) ===
304.09528|I|libbeamng.print:18052| === LSTM_ABS SELFTEST lens=band_g_mix_lock_y cmd=0.941643,0.913102,0.410756,0.471313 ===
334.16471|I|libbeamng.print:18052| === LSTM_TRACE t=0 v=27.71 ws=27.67,27.75,27.29,27.39 cmd=0.906,0.901,0.530,0.544 cap=155,155,97,97 des=155,155,85,85 app=155,154,85,85 abs=nil,nil,nil,nil ebrake=1.00 ibrake=1.00 hasABS=0 sy=1.57 split=1.000,0.875 ===
334.16476|I|libbeamng.print:18052| === LSTM_OBS t=0 27.66651,27.75352,27.28821,27.39176,-0.00390,1.57362,-9.77156,-0.00122,0.00000,0.00000,0.00049,1.00000,0.00000,0.00081,-0.00908,7858.89406,0.25000 ===
334.21499|I|libbeamng.print:18052| === LSTM_TRACE t=10 v=27.42 ws=26.15,26.05,26.77,26.80 cmd=0.599,0.647,0.657,0.693 cap=1751,1902,1208,1277 des=1751,1902,1057,1118 app=1750,1890,1054,1118 abs=nil,nil,nil,nil ebrake=1.00 ibrake=1.00 hasABS=0 sy=2.12 split=1.000,0.875 ===
334.21504|I|libbeamng.print:18052| === LSTM_OBS t=10 26.14929,26.05470,26.76665,26.80401,-0.00790,2.11965,-9.78701,-0.00853,0.00000,0.00000,0.00049,1.00000,0.00000,0.00081,-0.01004,7777.46012,0.25000 ===
334.23448|I|libbeamng.print:18052| === LSTM_ABS DBG raw=25.1267,24.9358,26.3087,26.3074,-0.0020,2.7295,-9.7387,-0.0191,0.0000,0.0000,0.0028,1.0000,0.0000,0.0009,-0.0111,7692.1071,0.2500 ===
334.23451|I|libbeamng.print:18052| === LSTM_ABS DBG norm=0.48,0.41,0.51,0.49,-0.16,-2.06,0.00,-0.11,0.06,-0.06,0.03,0.59,-0.02,0.00,0.00,3.81,0.00 ===
334.23452|I|libbeamng.print:18052| === LSTM_ABS DBG cmd=0.7194,0.7455,0.7447,0.7583 ===
334.26495|I|libbeamng.print:18052| === LSTM_TRACE t=20 v=26.91 ws=24.07,23.84,25.62,25.70 cmd=0.724,0.738,0.764,0.762 cap=2291,2336,1495,1490 des=2291,2336,1308,1303 app=2291,2327,1307,1303 abs=nil,nil,nil,nil ebrake=1.00 ibrake=1.00 hasABS=0 sy=3.79 split=1.000,0.875 ===
334.26501|I|libbeamng.print:18052| === LSTM_OBS t=20 24.07380,23.84238,25.62183,25.70259,0.00893,3.79445,-9.61366,-0.00161,0.00000,0.00000,0.00192,1.00000,0.00000,0.00098,-0.01308,7524.40421,0.25000 ===
334.31467|I|libbeamng.print:18052| === LSTM_TRACE t=30 v=26.37 ws=23.16,23.71,24.59,24.79 cmd=0.792,0.784,0.751,0.769 cap=2335,2306,1430,1463 des=2335,2306,1252,1280 app=2335,2301,1252,1280 abs=nil,nil,nil,nil ebrake=1.00 ibrake=1.00 hasABS=0 sy=5.75 split=1.000,0.875 ===
334.31471|I|libbeamng.print:18052| === LSTM_OBS t=30 23.16004,23.70572,24.59239,24.78766,0.05079,5.74553,-9.38319,-0.00382,0.00000,0.00000,0.00278,1.00000,0.00000,0.00155,-0.01582,7220.97449,0.25000 ===
334.36477|I|libbeamng.print:18052| === LSTM_TRACE t=40 v=25.78 ws=21.57,23.47,23.57,23.96 cmd=0.769,0.774,0.738,0.752 cap=2451,2462,1444,1473 des=2451,2462,1263,1289 app=2451,2460,1263,1289 abs=nil,nil,nil,nil ebrake=1.00 ibrake=1.00 hasABS=0 sy=7.38 split=1.000,0.875 ===
334.36482|I|libbeamng.print:18052| === LSTM_OBS t=40 21.56909,23.46940,23.56966,23.95965,0.04100,7.37967,-9.39734,-0.01398,0.00000,0.00000,0.00274,1.00000,0.00000,0.00161,-0.01740,6957.03486,0.25000 ===
334.41464|I|libbeamng.print:18052| === LSTM_TRACE t=50 v=25.16 ws=20.35,23.36,22.89,23.31 cmd=0.793,0.793,0.751,0.766 cap=2377,2387,1440,1467 des=2377,2387,1260,1283 app=2377,2387,1260,1283 abs=nil,nil,nil,nil ebrake=1.00 ibrake=1.00 hasABS=0 sy=8.73 split=1.000,0.875 ===
334.41468|I|libbeamng.print:18052| === LSTM_OBS t=50 20.34948,23.35788,22.88603,23.31127,0.05874,8.72694,-9.52154,-0.00494,0.00000,0.00000,0.00270,1.00000,0.00000,0.00146,-0.01855,6735.14342,0.25000 ===
334.46576|I|libbeamng.print:18052| === LSTM_TRACE t=60 v=24.56 ws=19.11,22.96,22.42,22.38 cmd=0.763,0.763,0.748,0.760 cap=2305,2304,1444,1461 des=2305,2304,1263,1278 app=2305,2304,1263,1278 abs=nil,nil,nil,nil ebrake=1.00 ibrake=1.00 hasABS=0 sy=9.68 split=1.000,0.875 ===
334.46581|I|libbeamng.print:18052| === LSTM_OBS t=60 19.10517,22.95789,22.41810,22.38266,0.08985,9.68317,-9.67203,-0.01621,0.00000,0.00000,0.00354,1.00000,0.00000,0.00085,-0.01891,6522.98500,0.25000 ===
334.51464|I|libbeamng.print:18052| === LSTM_TRACE t=70 v=23.99 ws=17.93,22.48,21.86,21.43 cmd=0.803,0.802,0.738,0.752 cap=2402,2393,1487,1514 des=2402,2393,1301,1324 app=2402,2393,1301,1324 abs=nil,nil,nil,nil ebrake=1.00 ibrake=1.00 hasABS=0 sy=10.34 split=1.000,0.875 ===
334.51468|I|libbeamng.print:18052| === LSTM_OBS t=70 17.93143,22.48268,21.85922,21.43294,0.11933,10.33713,-9.73972,-0.02173,0.00000,0.00000,0.00367,1.00000,0.00000,0.00019,-0.01872,6315.81596,0.25000 ===
334.56512|I|libbeamng.print:18052| === LSTM_TRACE t=80 v=23.39 ws=16.23,21.94,21.66,20.42 cmd=0.640,0.633,0.735,0.738 cap=2454,2437,1484,1510 des=2454,2437,1299,1322 app=2454,2437,1299,1322 abs=nil,nil,nil,nil ebrake=1.00 ibrake=1.00 hasABS=0 sy=10.75 split=1.000,0.875 ===
334.56518|I|libbeamng.print:18052| === LSTM_OBS t=80 16.23321,21.94197,21.66113,20.42146,0.17184,10.75482,-9.78706,-0.01309,0.00000,0.00000,0.00322,1.00000,0.00000,-0.00040,-0.01814,6113.41657,0.25000 ===
334.61450|I|libbeamng.print:18052| === LSTM_TRACE t=90 v=22.82 ws=14.72,21.66,21.38,19.29 cmd=0.743,0.734,0.698,0.720 cap=2094,2078,1385,1422 des=2094,2078,1211,1244 app=2094,2078,1211,1244 abs=nil,nil,nil,nil ebrake=1.00 ibrake=1.00 hasABS=0 sy=10.99 split=1.000,0.875 ===
334.61454|I|libbeamng.print:18052| === LSTM_OBS t=90 14.72053,21.66045,21.38307,19.29463,0.22953,10.98605,-9.74684,-0.00213,0.00000,0.00000,0.00297,1.00000,0.00000,-0.00084,-0.01731,5917.61984,0.25000 ===
334.66471|I|libbeamng.print:18052| === LSTM_TRACE t=100 v=22.26 ws=13.32,21.19,21.22,18.14 cmd=0.618,0.602,0.690,0.709 cap=2148,2097,1341,1380 des=2148,2097,1174,1208 app=2148,2097,1174,1208 abs=nil,nil,nil,nil ebrake=1.00 ibrake=1.00 hasABS=0 sy=11.08 split=1.000,0.875 ===
334.66475|I|libbeamng.print:18052| === LSTM_OBS t=100 13.31688,21.19001,21.22275,18.13814,0.27914,11.07859,-9.69482,0.01655,0.00000,0.00000,0.00239,1.00000,0.00000,-0.00112,-0.01654,5731.04078,0.25000 ===
334.71472|I|libbeamng.print:18052| === LSTM_TRACE t=110 v=21.72 ws=12.13,20.67,20.79,17.36 cmd=0.556,0.537,0.629,0.657 cap=2229,2194,1255,1332 des=2229,2194,1098,1165 app=2229,2194,1098,1165 abs=nil,nil,nil,nil ebrake=1.00 ibrake=1.00 hasABS=0 sy=11.05 split=1.000,0.875 ===
334.71477|I|libbeamng.print:18052| === LSTM_OBS t=110 12.12769,20.66562,20.79071,17.36134,0.31170,11.05344,-9.68121,0.03358,0.00000,0.00000,0.00256,1.00000,0.00000,-0.00102,-0.01592,5553.38115,0.25000 ===
334.76470|I|libbeamng.print:18052| === LSTM_TRACE t=120 v=21.18 ws=11.31,20.39,20.35,16.97 cmd=0.610,0.597,0.610,0.655 cap=1832,1806,1171,1254 des=1832,1806,1025,1098 app=1832,1806,1025,1098 abs=nil,nil,nil,nil ebrake=1.00 ibrake=1.00 hasABS=0 sy=10.97 split=1.000,0.875 ===
334.76474|I|libbeamng.print:18052| === LSTM_OBS t=120 11.30875,20.39045,20.34863,16.97294,0.32819,10.96529,-9.66956,0.04748,0.00000,0.00000,0.00283,1.00000,0.00000,-0.00062,-0.01542,5390.49526,0.25000 ===
334.81458|I|libbeamng.print:18052| === LSTM_TRACE t=130 v=20.66 ws=11.16,19.95,19.88,16.43 cmd=0.601,0.611,0.547,0.611 cap=1748,1768,1023,1139 des=1748,1768,895,997 app=1748,1768,895,997 abs=nil,nil,nil,nil ebrake=1.00 ibrake=1.00 hasABS=0 sy=10.86 split=1.000,0.875 ===
334.81463|I|libbeamng.print:18052| === LSTM_OBS t=130 11.15543,19.95344,19.88027,16.43257,0.26715,10.85833,-9.67714,0.03136,0.00000,0.00000,0.00311,1.00000,0.00000,0.00017,-0.01509,5253.58267,0.25000 ===
334.86500|I|libbeamng.print:18052| === LSTM_TRACE t=140 v=20.14 ws=11.88,19.49,19.49,16.20 cmd=0.601,0.625,0.529,0.594 cap=1708,1785,1000,1123 des=1708,1785,875,982 app=1708,1785,875,982 abs=nil,nil,nil,nil ebrake=1.00 ibrake=1.00 hasABS=0 sy=10.76 split=1.000,0.875 ===
334.86504|I|libbeamng.print:18052| === LSTM_OBS t=140 11.87746,19.48682,19.48524,16.19819,0.16904,10.76124,-9.68677,0.04255,0.00000,0.00000,0.00224,1.00000,0.00000,0.00121,-0.01495,5148.59242,0.25000 ===
334.91516|I|libbeamng.print:18052| === LSTM_TRACE t=150 v=19.60 ws=12.58,18.75,18.72,16.64 cmd=0.614,0.640,0.527,0.588 cap=1891,1976,1022,1141 des=1891,1976,894,998 app=1891,1976,894,998 abs=nil,nil,nil,nil ebrake=1.00 ibrake=1.00 hasABS=0 sy=10.74 split=1.000,0.875 ===
334.91523|I|libbeamng.print:18052| === LSTM_OBS t=150 12.57743,18.75459,18.72470,16.64493,0.04933,10.73830,-9.68616,0.04157,0.00000,0.00000,0.00274,1.00000,0.00000,0.00222,-0.01515,5065.25572,0.25000 ===
334.96484|I|libbeamng.print:18052| === LSTM_TRACE t=160 v=19.05 ws=13.21,18.22,18.24,16.27 cmd=0.609,0.637,0.544,0.597 cap=1791,1881,1012,1119 des=1791,1881,886,979 app=1791,1881,886,979 abs=nil,nil,nil,nil ebrake=1.00 ibrake=1.00 hasABS=0 sy=10.78 split=1.000,0.875 ===
334.96490|I|libbeamng.print:18052| === LSTM_OBS t=160 13.21497,18.22042,18.24196,16.27105,-0.07535,10.77735,-9.67173,0.04047,0.00000,0.00000,0.00254,1.00000,0.00000,0.00306,-0.01570,4990.84933,0.25000 ===
335.01456|I|libbeamng.print:18052| === LSTM_TRACE t=170 v=18.49 ws=13.76,17.40,17.44,16.47 cmd=0.531,0.560,0.536,0.576 cap=2199,2270,1066,1175 des=2199,2270,933,1028 app=2199,2270,933,1028 abs=nil,nil,nil,nil ebrake=1.00 ibrake=1.00 hasABS=0 sy=10.85 split=1.000,0.875 ===
335.01460|I|libbeamng.print:18052| === LSTM_OBS t=170 13.76183,17.40059,17.43626,16.47425,-0.21900,10.84768,-9.67367,0.03791,0.00000,0.00000,0.00224,1.00000,0.00000,0.00367,-0.01639,4907.13184,0.25000 ===
335.06500|I|libbeamng.print:18052| === LSTM_TRACE t=180 v=17.93 ws=14.33,17.19,16.97,16.90 cmd=0.730,0.765,0.560,0.605 cap=1816,1944,1032,1103 des=1816,1944,903,965 app=1816,1944,903,965 abs=nil,nil,nil,nil ebrake=1.00 ibrake=1.00 hasABS=0 sy=10.92 split=1.000,0.875 ===
335.06504|I|libbeamng.print:18052| === LSTM_OBS t=180 14.32653,17.18978,16.96674,16.90059,-0.36141,10.92438,-9.65348,0.02203,0.00000,0.00000,0.00285,1.00000,0.00000,0.00425,-0.01708,4813.98780,0.25000 ===
335.11468|I|libbeamng.print:18052| === LSTM_TRACE t=190 v=17.37 ws=14.95,16.05,16.11,16.51 cmd=0.646,0.711,0.522,0.551 cap=1894,2069,1012,1071 des=1894,2069,885,937 app=1928,2069,885,937 abs=nil,nil,nil,nil ebrake=1.00 ibrake=1.00 hasABS=0 sy=11.00 split=1.000,0.875 ===
335.11472|I|libbeamng.print:18052| === LSTM_OBS t=190 14.94631,16.05475,16.11081,16.51133,-0.50810,11.00062,-9.66350,0.00044,0.00000,0.00000,0.00176,1.00000,0.00000,0.00475,-0.01756,4720.04646,0.25000 ===
335.16510|I|libbeamng.print:18052| === LSTM_TRACE t=200 v=16.81 ws=15.34,15.88,15.82,15.89 cmd=0.714,0.772,0.564,0.584 cap=2170,2373,1082,1119 des=2170,2373,947,979 app=2170,2373,947,979 abs=nil,nil,nil,nil ebrake=1.00 ibrake=1.00 hasABS=0 sy=11.11 split=1.000,0.875 ===
335.16515|I|libbeamng.print:18052| === LSTM_OBS t=200 15.33826,15.87527,15.82486,15.88630,-0.63522,11.10626,-9.67573,-0.00615,0.00000,0.00000,0.00357,1.00000,0.00000,0.00520,-0.01817,4618.12698,0.25000 ===
335.21466|I|libbeamng.print:18052| === LSTM_TRACE t=210 v=16.25 ws=15.35,15.44,15.08,15.16 cmd=0.691,0.744,0.546,0.556 cap=2052,2249,1062,1079 des=2052,2249,930,944 app=2052,2249,930,944 abs=nil,nil,nil,nil ebrake=1.00 ibrake=1.00 hasABS=0 sy=11.10 split=1.000,0.875 ===
335.21470|I|libbeamng.print:18052| === LSTM_OBS t=210 15.34716,15.44303,15.08280,15.16347,-0.64393,11.10370,-9.61098,-0.00954,0.00000,0.00000,0.00265,1.00000,0.00000,0.00484,-0.01852,4512.84987,0.25000 ===
335.26493|I|libbeamng.print:18052| === LSTM_TRACE t=220 v=15.70 ws=14.83,14.57,13.99,14.37 cmd=0.695,0.726,0.443,0.453 cap=1907,2027,855,863 des=1907,2027,748,755 app=1907,2027,748,755 abs=nil,nil,nil,nil ebrake=1.00 ibrake=1.00 hasABS=0 sy=11.09 split=1.000,0.875 ===
335.26497|I|libbeamng.print:18052| === LSTM_OBS t=220 14.82668,14.57110,13.99295,14.37077,-0.56379,11.08587,-9.56359,-0.01552,0.00000,0.00000,0.00305,1.00000,0.00000,0.00354,-0.01866,4478.49721,0.25000 ===
335.31474|I|libbeamng.print:18052| === LSTM_TRACE t=230 v=15.12 ws=13.97,13.96,13.28,13.27 cmd=0.627,0.640,0.347,0.346 cap=2261,2300,710,724 des=2261,2300,622,634 app=2261,2300,622,634 abs=nil,nil,nil,nil ebrake=1.00 ibrake=1.00 hasABS=0 sy=11.17 split=1.000,0.875 ===
335.31479|I|libbeamng.print:18052| === LSTM_OBS t=230 13.97340,13.96349,13.27967,13.27213,-0.48223,11.16690,-9.55263,-0.01021,0.00000,0.00000,0.00229,1.00000,0.00000,0.00209,-0.01903,4509.62777,0.25000 ===
335.36476|I|libbeamng.print:18052| === LSTM_TRACE t=240 v=14.52 ws=13.69,13.64,13.09,12.15 cmd=0.717,0.725,0.338,0.346 cap=1982,1987,643,646 des=1982,1987,563,565 app=1982,1987,563,565 abs=nil,nil,nil,nil ebrake=1.00 ibrake=1.00 hasABS=0 sy=11.31 split=1.000,0.875 ===
335.36484|I|libbeamng.print:18052| === LSTM_OBS t=240 13.68640,13.63696,13.08769,12.14590,-0.36160,11.31347,-9.60053,-0.00769,0.00000,0.00000,0.00307,1.00000,0.00000,0.00113,-0.01993,4583.83863,0.25000 ===
335.41461|I|libbeamng.print:18052| === LSTM_TRACE t=250 v=13.94 ws=13.12,13.08,12.95,11.05 cmd=0.771,0.767,0.338,0.351 cap=2029,2041,620,632 des=2029,2041,542,553 app=2029,2041,542,553 abs=nil,nil,nil,nil ebrake=1.00 ibrake=1.00 hasABS=0 sy=11.42 split=1.000,0.875 ===
335.41465|I|libbeamng.print:18052| === LSTM_OBS t=250 13.12041,13.07890,12.95075,11.04776,-0.23547,11.41594,-9.62342,0.00138,0.00000,0.00000,0.00301,1.00000,0.00000,0.00041,-0.02117,4651.59173,0.25000 ===
335.46490|I|libbeamng.print:18052| === LSTM_TRACE t=260 v=13.38 ws=12.60,12.58,12.73,10.06 cmd=0.777,0.765,0.344,0.362 cap=2126,2111,637,662 des=2126,2111,557,579 app=2126,2111,557,579 abs=nil,nil,nil,nil ebrake=1.00 ibrake=1.00 hasABS=0 sy=11.40 split=1.000,0.875 ===
335.46494|I|libbeamng.print:18052| === LSTM_OBS t=260 12.59573,12.58168,12.73322,10.06140,-0.12635,11.40221,-9.64967,0.00825,0.00000,0.00000,0.00322,1.00000,0.00000,0.00007,-0.02210,4695.48112,0.25000 ===
335.51497|I|libbeamng.print:18052| === LSTM_TRACE t=270 v=12.83 ws=11.87,12.18,12.34,9.70 cmd=0.681,0.662,0.359,0.376 cap=2285,2257,698,745 des=2285,2257,611,652 app=2285,2257,611,652 abs=nil,nil,nil,nil ebrake=1.00 ibrake=1.00 hasABS=0 sy=11.35 split=1.000,0.875 ===
335.51501|I|libbeamng.print:18052| === LSTM_OBS t=270 11.87275,12.17972,12.33597,9.70056,-0.04951,11.35026,-9.65113,0.01634,0.00000,0.00000,0.00322,1.00000,0.00000,0.00015,-0.02271,4706.52007,0.25000 ===
335.56466|I|libbeamng.print:18052| === LSTM_TRACE t=280 v=12.29 ws=11.49,11.75,11.85,9.90 cmd=0.667,0.658,0.378,0.402 cap=2146,2117,746,795 des=2146,2117,653,695 app=2146,2117,653,695 abs=nil,nil,nil,nil ebrake=1.00 ibrake=1.00 hasABS=0 sy=11.23 split=1.000,0.875 ===
335.56470|I|libbeamng.print:18052| === LSTM_OBS t=280 11.49229,11.74836,11.84553,9.90268,-0.03132,11.23321,-9.62081,0.00634,0.00000,0.00000,0.00254,1.00000,0.00000,0.00059,-0.02292,4662.31640,0.25000 ===
335.61485|I|libbeamng.print:18052| === LSTM_TRACE t=290 v=11.76 ws=10.85,11.12,11.13,10.17 cmd=0.403,0.391,0.397,0.406 cap=2334,2291,788,845 des=2334,2291,689,740 app=2334,2291,689,740 abs=nil,nil,nil,nil ebrake=1.00 ibrake=1.00 hasABS=0 sy=11.12 split=1.000,0.875 ===
335.61490|I|libbeamng.print:18052| === LSTM_OBS t=290 10.85041,11.11689,11.13209,10.17215,-0.01608,11.11515,-9.56380,0.01549,0.00000,0.00000,0.00322,1.00000,0.00000,0.00106,-0.02291,4603.05591,0.25000 ===
335.66515|I|libbeamng.print:18052| === LSTM_TRACE t=300 v=11.20 ws=10.68,10.70,10.64,10.39 cmd=0.739,0.739,0.451,0.491 cap=1965,1999,863,934 des=1965,1999,755,817 app=1965,1999,755,817 abs=nil,nil,nil,nil ebrake=1.00 ibrake=1.00 hasABS=0 sy=11.01 split=1.000,0.875 ===
335.66520|I|libbeamng.print:18052| === LSTM_OBS t=300 10.67713,10.69819,10.63788,10.38947,-0.02543,11.01333,-9.51149,0.00565,0.00000,0.00000,0.00221,1.00000,0.00000,0.00148,-0.02277,4539.33557,0.25000 ===
335.71462|I|libbeamng.print:18052| === LSTM_TRACE t=310 v=10.67 ws=9.84,10.02,10.25,10.31 cmd=0.417,0.436,0.490,0.519 cap=1658,1586,969,1008 des=1658,1586,848,882 app=2025,1989,848,882 abs=nil,nil,nil,nil ebrake=1.00 ibrake=1.00 hasABS=0 sy=10.94 split=1.000,0.875 ===
335.71466|I|libbeamng.print:18052| === LSTM_OBS t=310 9.83691,10.01792,10.25456,10.30970,-0.06247,10.93899,-9.48551,-0.00078,0.00000,0.00000,0.00338,1.00000,0.00000,0.00195,-0.02263,4462.33894,0.25000 ===
335.76462|I|libbeamng.print:18052| === LSTM_TRACE t=320 v=10.17 ws=9.72,10.04,9.88,9.89 cmd=0.813,0.811,0.538,0.584 cap=2171,2242,1056,1151 des=2171,2242,924,1007 app=2025,1989,924,1007 abs=nil,nil,nil,nil ebrake=1.00 ibrake=1.00 hasABS=0 sy=10.75 split=1.000,0.875 ===
335.76467|I|libbeamng.print:18052| === LSTM_OBS t=320 9.71931,10.03549,9.88009,9.89217,-0.11781,10.74984,-9.49146,-0.00365,0.00000,0.00000,0.00183,1.00000,0.00000,0.00234,-0.02227,4339.07200,0.25000 ===
335.81486|I|libbeamng.print:18052| === LSTM_TRACE t=330 v=9.70 ws=8.68,9.01,9.55,9.61 cmd=0.338,0.353,0.585,0.612 cap=1355,1305,1095,1131 des=1355,1305,958,989 app=2025,1989,958,989 abs=nil,nil,nil,nil ebrake=1.00 ibrake=1.00 hasABS=0 sy=10.45 split=1.000,0.875 ===
335.81490|I|libbeamng.print:18052| === LSTM_OBS t=330 8.67563,9.00744,9.55169,9.60663,-0.10932,10.44537,-9.49242,0.00363,0.00000,0.00000,0.00134,1.00000,0.00000,0.00223,-0.02136,4169.45390,0.25000 ===
335.86482|I|libbeamng.print:18052| === LSTM_TRACE t=340 v=9.22 ws=8.80,9.09,8.93,8.91 cmd=0.848,0.843,0.611,0.658 cap=2011,2080,1101,1190 des=2011,2080,963,1041 app=2001,1987,963,1041 abs=nil,nil,nil,nil ebrake=1.00 ibrake=1.00 hasABS=0 sy=10.22 split=1.000,0.875 ===
335.86486|I|libbeamng.print:18052| === LSTM_OBS t=340 8.80226,9.08871,8.93237,8.91226,-0.09467,10.21992,-9.50243,-0.00232,0.00000,0.00000,0.00389,1.00000,0.00000,0.00204,-0.02024,3976.23997,0.25000 ===
335.91454|I|libbeamng.print:18052| === LSTM_TRACE t=350 v=8.75 ws=8.05,7.96,8.65,8.69 cmd=0.353,0.353,0.608,0.624 cap=1903,1853,1201,1247 des=1903,1853,1051,1091 app=1940,1917,1051,1091 abs=nil,nil,nil,nil ebrake=1.00 ibrake=1.00 hasABS=0 sy=10.03 split=1.000,0.875 ===
335.91458|I|libbeamng.print:18052| === LSTM_OBS t=350 8.05026,7.96128,8.65056,8.68686,-0.08111,10.03339,-9.50491,0.00178,0.00000,0.00000,0.00091,1.00000,0.00000,0.00166,-0.01899,3775.22371,0.25000 ===
335.96469|I|libbeamng.print:18052| === LSTM_TRACE t=360 v=8.27 ws=8.16,8.17,7.97,7.96 cmd=0.844,0.834,0.595,0.633 cap=2223,2251,1211,1287 des=2223,2251,1059,1126 app=1940,1917,1059,1126 abs=nil,nil,nil,nil ebrake=1.00 ibrake=1.00 hasABS=0 sy=9.88 split=1.000,0.875 ===
335.96473|I|libbeamng.print:18052| === LSTM_OBS t=360 8.15555,8.17411,7.97125,7.96320,-0.07337,9.87667,-9.51902,0.00263,0.00000,0.00000,0.00297,1.00000,0.00000,0.00169,-0.01793,3574.22676,0.25000 ===
336.01516|I|libbeamng.print:18052| === LSTM_TRACE t=370 v=7.80 ws=7.23,7.04,7.43,7.43 cmd=0.326,0.324,0.605,0.617 cap=1666,1557,1194,1218 des=1666,1557,1045,1066 app=1895,1977,1045,1066 abs=nil,nil,nil,nil ebrake=1.00 ibrake=1.00 hasABS=0 sy=9.76 split=1.000,0.875 ===
336.01523|I|libbeamng.print:18052| === LSTM_OBS t=370 7.23135,7.04000,7.42544,7.42812,-0.04582,9.76328,-9.53172,-0.00509,0.00000,0.00000,0.00189,1.00000,0.00000,0.00148,-0.01687,3378.05595,0.25000 ===
336.06480|I|libbeamng.print:18052| === LSTM_TRACE t=380 v=7.32 ws=6.90,7.19,7.18,7.21 cmd=0.746,0.730,0.589,0.616 cap=2159,2230,1182,1259 des=2159,2230,1034,1101 app=1895,1977,1034,1101 abs=nil,nil,nil,nil ebrake=1.00 ibrake=1.00 hasABS=0 sy=9.70 split=1.000,0.875 ===
336.06484|I|libbeamng.print:18052| === LSTM_OBS t=380 6.89562,7.18861,7.18352,7.20616,-0.03229,9.70366,-9.57212,0.00170,0.00000,0.00000,0.00349,1.00000,0.00000,0.00150,-0.01618,3186.72971,0.25000 ===
336.11477|I|libbeamng.print:18052| === LSTM_TRACE t=390 v=6.86 ws=6.20,6.12,6.79,6.78 cmd=0.269,0.283,0.608,0.617 cap=1277,1223,1162,1169 des=1277,1223,1017,1023 app=1816,1749,1017,1023 abs=nil,nil,nil,nil ebrake=1.00 ibrake=1.00 hasABS=0 sy=9.57 split=1.000,0.875 ===
336.11481|I|libbeamng.print:18052| === LSTM_OBS t=390 6.20315,6.11580,6.78607,6.77619,-0.01774,9.56941,-9.59526,0.00210,0.00000,0.00000,0.00049,1.00000,0.00000,0.00138,-0.01541,2990.26120,0.25000 ===
336.16464|I|libbeamng.print:18052| === LSTM_TRACE t=400 v=6.41 ws=6.08,6.35,6.06,6.10 cmd=0.733,0.715,0.548,0.575 cap=2243,2308,1125,1205 des=2243,2308,984,1055 app=1816,1749,984,1055 abs=nil,nil,nil,nil ebrake=1.00 ibrake=1.00 hasABS=0 sy=9.43 split=1.000,0.875 ===
336.16469|I|libbeamng.print:18052| === LSTM_OBS t=400 6.08315,6.35491,6.06091,6.09687,-0.02965,9.42951,-9.65068,0.00327,0.00000,0.00000,0.00417,1.00000,0.00000,0.00157,-0.01449,2801.86229,0.25000 ===
336.21472|I|libbeamng.print:18052| === LSTM_TRACE t=410 v=5.97 ws=5.26,5.37,5.97,5.97 cmd=0.208,0.223,0.556,0.556 cap=1158,1061,1050,1044 des=1158,1061,919,914 app=1816,1749,919,914 abs=nil,nil,nil,nil ebrake=1.00 ibrake=1.00 hasABS=0 sy=9.29 split=1.000,0.875 ===
336.21479|I|libbeamng.print:18052| === LSTM_OBS t=410 5.25803,5.36954,5.96604,5.97234,-0.00951,9.28710,-9.65784,0.00250,0.00000,0.00000,0.00000,1.00000,0.00000,0.00142,-0.01386,2625.03943,0.25000 ===
336.26488|I|libbeamng.print:18052| === LSTM_TRACE t=420 v=5.51 ws=5.56,5.78,5.41,5.44 cmd=0.799,0.810,0.597,0.632 cap=986,1090,1115,1140 des=986,1090,976,997 app=1193,1090,976,997 abs=nil,nil,nil,nil ebrake=1.00 ibrake=1.00 hasABS=0 sy=9.16 split=1.000,0.875 ===
336.26492|I|libbeamng.print:18052| === LSTM_OBS t=420 5.55771,5.77632,5.40846,5.43992,-0.01907,9.16161,-9.74310,0.00326,0.00000,0.00000,0.00318,1.00000,0.00000,0.00162,-0.01330,2442.75897,0.25000 ===
336.31478|I|libbeamng.print:18052| === LSTM_TRACE t=430 v=5.12 ws=5.64,5.75,5.04,5.05 cmd=0.830,0.821,0.576,0.592 cap=2091,2172,1133,1170 des=2091,2172,991,1024 app=1416,1339,991,1024 abs=nil,nil,nil,nil ebrake=1.00 ibrake=1.00 hasABS=0 sy=8.90 split=1.000,0.875 ===
336.31482|I|libbeamng.print:18052| === LSTM_OBS t=430 5.63997,5.75435,5.04198,5.04943,-0.00959,8.90371,-9.78731,0.00239,0.00000,0.00000,0.00069,1.00000,0.00000,0.00157,-0.01272,2255.37490,0.25000 ===
336.36467|I|libbeamng.print:18052| === LSTM_TRACE t=440 v=4.76 ws=4.36,4.48,4.91,4.92 cmd=0.311,0.318,0.486,0.476 cap=1730,1663,1038,1039 des=1730,1663,908,909 app=1730,1663,908,909 abs=nil,nil,nil,nil ebrake=1.00 ibrake=1.00 hasABS=0 sy=8.53 split=1.000,0.875 ===
336.36471|I|libbeamng.print:18052| === LSTM_OBS t=440 4.36260,4.47763,4.91438,4.92315,-0.00170,8.53332,-9.77374,0.00259,0.00000,0.00000,0.00000,1.00000,0.00000,0.00143,-0.01204,2081.75316,0.25000 ===
336.41465|I|libbeamng.print:18052| === LSTM_TRACE t=450 v=4.35 ws=3.85,4.03,4.27,4.33 cmd=0.502,0.528,0.533,0.539 cap=710,799,979,966 des=710,799,857,846 app=1208,1172,857,846 abs=nil,nil,nil,nil ebrake=1.00 ibrake=1.00 hasABS=0 sy=8.30 split=1.000,0.875 ===
336.41474|I|libbeamng.print:18052| === LSTM_OBS t=450 3.85252,4.03079,4.26792,4.33448,-0.00646,8.30205,-9.79790,0.00157,0.00000,0.00000,0.00435,1.00000,0.00000,0.00143,-0.01159,1923.68488,0.25000 ===
336.46444|I|libbeamng.print:18052| === LSTM_TRACE t=460 v=3.97 ws=4.05,4.17,3.50,3.53 cmd=0.534,0.516,0.494,0.484 cap=2256,2251,1035,1038 des=2256,2251,905,908 app=1873,1866,905,908 abs=nil,nil,nil,nil ebrake=1.00 ibrake=1.00 hasABS=0 sy=8.28 split=1.000,0.875 ===
336.46448|I|libbeamng.print:18052| === LSTM_OBS t=460 4.04641,4.17364,3.49614,3.52676,0.00026,8.27546,-9.77474,0.00206,0.00000,0.00000,0.00318,1.00000,0.00000,0.00107,-0.01128,1764.33553,0.25000 ===
336.51452|I|libbeamng.print:18052| === LSTM_TRACE t=470 v=3.57 ws=3.03,3.15,3.61,3.59 cmd=0.321,0.338,0.500,0.498 cap=1191,1183,965,960 des=1191,1183,844,840 app=1417,1402,844,840 abs=nil,nil,nil,nil ebrake=1.00 ibrake=1.00 hasABS=0 sy=8.07 split=1.000,0.875 ===
336.51458|I|libbeamng.print:18052| === LSTM_OBS t=470 3.03115,3.15044,3.60979,3.59313,0.00091,8.07135,-9.77911,0.00307,0.00000,0.00000,0.00360,1.00000,0.00000,0.00109,-0.01147,1609.19188,0.25000 ===
336.56467|I|libbeamng.print:18052| === LSTM_TRACE t=480 v=3.21 ws=3.31,3.36,3.23,3.24 cmd=0.629,0.652,0.513,0.525 cap=1225,1309,943,950 des=1225,1309,825,831 app=1225,1309,825,831 abs=nil,nil,nil,nil ebrake=1.00 ibrake=1.00 hasABS=0 sy=7.95 split=1.000,0.875 ===
336.56471|I|libbeamng.print:18052| === LSTM_OBS t=480 3.30795,3.36012,3.23345,3.24055,0.00070,7.95210,-9.78681,-0.00399,0.00000,0.00000,0.00091,1.00000,0.00000,0.00105,-0.01161,1451.50104,0.25000 ===
336.61453|I|libbeamng.print:18052| === LSTM_TRACE t=490 v=2.81 ws=2.88,2.98,2.62,2.60 cmd=0.662,0.671,0.539,0.552 cap=1697,1784,1054,1094 des=1697,1784,922,957 app=1656,1657,922,957 abs=nil,nil,nil,nil ebrake=1.00 ibrake=1.00 hasABS=0 sy=7.90 split=1.000,0.875 ===
336.61457|I|libbeamng.print:18052| === LSTM_OBS t=490 2.87791,2.97805,2.61750,2.60322,0.00689,7.90022,-9.75635,-0.00219,0.00000,0.00000,0.00085,1.00000,0.00000,0.00090,-0.01189,1291.06875,0.25000 ===
336.66472|I|libbeamng.print:18052| === LSTM_TRACE t=500 v=2.39 ws=2.18,2.25,2.27,2.28 cmd=0.596,0.609,0.590,0.611 cap=1390,1435,1076,1099 des=1390,1435,941,961 app=1390,1435,941,961 abs=nil,nil,nil,nil ebrake=1.00 ibrake=1.00 hasABS=0 sy=7.99 split=1.000,0.875 ===
336.66480|I|libbeamng.print:18052| === LSTM_OBS t=500 2.17536,2.25247,2.27006,2.28140,0.01728,7.98758,-9.69492,0.00323,0.00000,0.00000,0.00189,1.00000,0.00000,0.00103,-0.01242,1124.46399,0.25000 ===
336.71503|I|libbeamng.print:18052| === LSTM_TRACE t=510 v=1.93 ws=1.44,1.53,1.89,1.89 cmd=0.717,0.702,0.654,0.672 cap=2164,2145,1237,1274 des=2164,2145,1082,1115 app=2164,2145,1082,1115 abs=nil,nil,nil,nil ebrake=1.00 ibrake=1.00 hasABS=0 sy=8.22 split=1.000,0.875 ===
336.71509|I|libbeamng.print:18052| === LSTM_OBS t=510 1.44243,1.53485,1.89213,1.89400,0.00896,8.21669,-9.66966,-0.00458,0.00000,0.00000,0.00342,1.00000,0.00000,0.00116,-0.01289,956.53230,0.25000 ===
336.76459|I|libbeamng.print:18052| === LSTM_TRACE t=520 v=1.40 ws=0.08,0.05,1.17,1.16 cmd=0.927,0.911,0.772,0.780 cap=2861,2816,1505,1525 des=2861,2816,1317,1335 app=2861,2816,1317,1335 abs=nil,nil,nil,nil ebrake=1.00 ibrake=1.00 hasABS=0 sy=8.69 split=1.000,0.875 ===
336.76463|I|libbeamng.print:18052| === LSTM_OBS t=520 0.07904,0.05165,1.16831,1.15586,0.00276,8.68977,-9.51941,0.00599,0.00000,0.00000,0.00586,1.00000,0.00000,0.00128,-0.01398,787.46382,0.25000 ===
336.81447|I|libbeamng.print:18052| === LSTM_TRACE t=530 v=0.84 ws=0.02,0.02,0.05,0.34 cmd=0.971,0.973,0.822,0.809 cap=3003,3005,1584,1559 des=3003,3005,1386,1365 app=3003,3005,1386,1365 abs=nil,nil,nil,nil ebrake=1.00 ibrake=1.00 hasABS=0 sy=9.33 split=1.000,0.875 ===
336.81451|I|libbeamng.print:18052| === LSTM_OBS t=530 0.02323,0.01642,0.05235,0.33627,0.00846,9.33242,-9.47827,0.00238,0.00000,0.00000,0.00224,1.00000,0.00000,0.00112,-0.01494,731.59757,0.25000 ===
366.46190|I|libbeamng.print:18052| === LSTM_TRACE t=0 v=27.71 ws=27.66,27.76,27.35,27.45 cmd=0.907,0.902,0.531,0.546 cap=155,155,97,97 des=155,155,85,85 app=155,155,85,85 abs=nil,nil,nil,nil ebrake=1.00 ibrake=1.00 hasABS=0 sy=1.58 split=1.000,0.875 ===
366.46196|I|libbeamng.print:18052| === LSTM_OBS t=0 27.66247,27.76134,27.34997,27.45429,-0.02848,1.58118,-9.77422,0.00950,0.00000,0.00000,0.00000,1.00000,0.00000,0.00088,-0.00913,7859.64493,0.25000 ===
366.51065|I|libbeamng.print:18052| === LSTM_TRACE t=10 v=27.42 ws=26.19,26.07,26.77,26.78 cmd=0.610,0.655,0.661,0.697 cap=1763,1906,1219,1288 des=1763,1906,1067,1127 app=1763,1903,1066,1127 abs=nil,nil,nil,nil ebrake=1.00 ibrake=1.00 hasABS=0 sy=2.10 split=1.000,0.875 ===
366.51070|I|libbeamng.print:18052| === LSTM_OBS t=10 26.18760,26.06973,26.76948,26.77882,-0.01926,2.09869,-9.77624,0.00235,0.00000,0.00000,0.00069,1.00000,0.00000,0.00093,-0.01011,7777.00586,0.25000 ===
366.53080|I|libbeamng.print:18052| === LSTM_ABS DBG raw=25.0342,24.9299,26.4139,26.4112,-0.0061,2.7206,-9.7412,-0.0013,0.0000,0.0000,0.0031,1.0000,0.0000,0.0011,-0.0112,7690.8943,0.2500 ===
366.53084|I|libbeamng.print:18052| === LSTM_ABS DBG norm=0.47,0.41,0.52,0.49,-0.16,-2.06,0.00,0.01,0.06,-0.06,0.05,0.59,-0.02,0.00,0.00,3.81,0.00 ===
366.53084|I|libbeamng.print:18052| === LSTM_ABS DBG cmd=0.7241,0.7478,0.7416,0.7566 ===
366.56133|I|libbeamng.print:18052| === LSTM_TRACE t=20 v=26.93 ws=23.92,23.83,25.70,25.78 cmd=0.729,0.743,0.761,0.764 cap=2253,2296,1476,1478 des=2253,2296,1292,1293 app=2253,2296,1292,1293 abs=nil,nil,nil,nil ebrake=1.00 ibrake=1.00 hasABS=0 sy=3.89 split=1.000,0.875 ===
366.56137|I|libbeamng.print:18052| === LSTM_OBS t=20 23.92287,23.83076,25.69764,25.77657,-0.01559,3.88709,-9.60034,-0.01275,0.00000,0.00000,0.00270,1.00000,0.00000,0.00108,-0.01309,7523.39810,0.25000 ===
366.61078|I|libbeamng.print:18052| === LSTM_TRACE t=30 v=26.36 ws=23.30,23.28,24.53,24.79 cmd=0.780,0.771,0.743,0.759 cap=2459,2423,1481,1513 des=2459,2423,1296,1324 app=2459,2423,1296,1324 abs=nil,nil,nil,nil ebrake=1.00 ibrake=1.00 hasABS=0 sy=5.71 split=1.000,0.875 ===
366.61082|I|libbeamng.print:18052| === LSTM_OBS t=30 23.30000,23.27822,24.53307,24.79380,-0.03009,5.71199,-9.46249,-0.00013,0.00000,0.00000,0.00265,1.00000,0.00000,0.00160,-0.01587,7220.31007,0.25000 ===
366.66058|I|libbeamng.print:18052| === LSTM_TRACE t=40 v=25.78 ws=21.77,23.02,23.73,24.14 cmd=0.789,0.794,0.736,0.751 cap=2400,2413,1436,1460 des=2400,2413,1257,1278 app=2400,2413,1257,1278 abs=nil,nil,nil,nil ebrake=1.00 ibrake=1.00 hasABS=0 sy=7.36 split=1.000,0.875 ===
366.66062|I|libbeamng.print:18052| === LSTM_OBS t=40 21.77043,23.02145,23.73378,24.13508,-0.01639,7.35882,-9.44325,-0.01493,0.00000,0.00000,0.00261,1.00000,0.00000,0.00183,-0.01747,6953.54217,0.25000 ===
366.71070|I|libbeamng.print:18052| === LSTM_TRACE t=50 v=25.17 ws=20.22,22.94,22.89,23.40 cmd=0.723,0.724,0.749,0.756 cap=2527,2534,1465,1493 des=2527,2534,1282,1306 app=2527,2534,1282,1306 abs=nil,nil,nil,nil ebrake=1.00 ibrake=1.00 hasABS=0 sy=8.70 split=1.000,0.875 ===
366.71074|I|libbeamng.print:18052| === LSTM_OBS t=50 20.22162,22.94486,22.89302,23.40417,0.00993,8.69842,-9.54635,-0.01222,0.00000,0.00000,0.00274,1.00000,0.00000,0.00174,-0.01855,6727.11887,0.25000 ===
366.76113|I|libbeamng.print:18052| === LSTM_TRACE t=60 v=24.56 ws=18.83,22.83,22.11,22.48 cmd=0.755,0.756,0.740,0.750 cap=2413,2416,1509,1527 des=2413,2416,1321,1337 app=2413,2416,1321,1337 abs=nil,nil,nil,nil ebrake=1.00 ibrake=1.00 hasABS=0 sy=9.68 split=1.000,0.875 ===
366.76117|I|libbeamng.print:18052| === LSTM_OBS t=60 18.83296,22.83328,22.10810,22.47593,0.06348,9.67718,-9.66809,-0.01186,0.00000,0.00000,0.00315,1.00000,0.00000,0.00106,-0.01895,6510.60259,0.25000 ===
366.81043|I|libbeamng.print:18052| === LSTM_TRACE t=70 v=23.98 ws=17.34,22.56,21.74,21.52 cmd=0.740,0.738,0.757,0.765 cap=2345,2348,1442,1464 des=2345,2348,1262,1281 app=2345,2348,1262,1281 abs=nil,nil,nil,nil ebrake=1.00 ibrake=1.00 hasABS=0 sy=10.34 split=1.000,0.875 ===
366.81047|I|libbeamng.print:18052| === LSTM_OBS t=70 17.34109,22.56410,21.74146,21.52196,0.11038,10.33767,-9.73407,-0.01930,0.00000,0.00000,0.00278,1.00000,0.00000,0.00023,-0.01872,6299.11365,0.25000 ===
366.86064|I|libbeamng.print:18052| === LSTM_TRACE t=80 v=23.40 ws=15.55,21.96,21.34,20.38 cmd=0.622,0.619,0.744,0.744 cap=2454,2439,1498,1519 des=2454,2439,1311,1329 app=2454,2439,1311,1329 abs=nil,nil,nil,nil ebrake=1.00 ibrake=1.00 hasABS=0 sy=10.73 split=1.000,0.875 ===
366.86070|I|libbeamng.print:18052| === LSTM_OBS t=80 15.55052,21.96343,21.34395,20.38417,0.14839,10.73361,-9.76965,-0.02503,0.00000,0.00000,0.00280,1.00000,0.00000,-0.00044,-0.01807,6091.64482,0.25000 ===
366.91104|I|libbeamng.print:18052| === LSTM_TRACE t=90 v=22.82 ws=14.18,21.60,21.24,19.32 cmd=0.729,0.720,0.749,0.766 cap=1883,1862,1440,1459 des=1883,1862,1260,1277 app=1883,1862,1260,1277 abs=nil,nil,nil,nil ebrake=1.00 ibrake=1.00 hasABS=0 sy=10.93 split=1.000,0.875 ===
366.91108|I|libbeamng.print:18052| === LSTM_OBS t=90 14.17959,21.60211,21.23870,19.32071,0.22710,10.93048,-9.73079,-0.00689,0.00000,0.00000,0.00142,1.00000,0.00000,-0.00097,-0.01712,5891.73514,0.25000 ===
366.96077|I|libbeamng.print:18052| === LSTM_TRACE t=100 v=22.28 ws=12.61,21.22,21.17,17.98 cmd=0.664,0.652,0.711,0.734 cap=1983,1941,1346,1383 des=1983,1941,1178,1210 app=1983,1941,1178,1210 abs=nil,nil,nil,nil ebrake=1.00 ibrake=1.00 hasABS=0 sy=11.01 split=1.000,0.875 ===
366.96081|I|libbeamng.print:18052| === LSTM_OBS t=100 12.61022,21.21931,21.16680,17.97570,0.29118,11.01101,-9.70620,-0.00622,0.00000,0.00000,0.00305,1.00000,0.00000,-0.00131,-0.01627,5700.88727,0.25000 ===
367.01149|I|libbeamng.print:18052| === LSTM_TRACE t=110 v=21.74 ws=11.49,20.73,20.89,17.09 cmd=0.575,0.558,0.649,0.678 cap=2058,2000,1320,1382 des=2058,2000,1155,1209 app=2058,2000,1155,1209 abs=nil,nil,nil,nil ebrake=1.00 ibrake=1.00 hasABS=0 sy=11.00 split=1.000,0.875 ===
367.01154|I|libbeamng.print:18052| === LSTM_OBS t=110 11.48713,20.73351,20.88982,17.09036,0.35556,11.00292,-9.69006,0.01661,0.00000,0.00000,0.00229,1.00000,0.00000,-0.00147,-0.01556,5514.62982,0.25000 ===
367.06123|I|libbeamng.print:18052| === LSTM_TRACE t=120 v=21.21 ws=10.78,20.47,20.43,16.19 cmd=0.616,0.602,0.616,0.658 cap=1860,1811,1174,1251 des=1860,1811,1027,1095 app=1860,1811,1027,1095 abs=nil,nil,nil,nil ebrake=1.00 ibrake=1.00 hasABS=0 sy=10.90 split=1.000,0.875 ===
367.06128|I|libbeamng.print:18052| === LSTM_OBS t=120 10.77770,20.47207,20.43175,16.18552,0.38963,10.90151,-9.68560,0.03298,0.00000,0.00000,0.00270,1.00000,0.00000,-0.00135,-0.01496,5339.55149,0.25000 ===
367.11078|I|libbeamng.print:18052| === LSTM_TRACE t=130 v=20.68 ws=10.46,19.92,19.92,16.10 cmd=0.595,0.600,0.536,0.594 cap=1802,1799,1103,1205 des=1802,1799,965,1055 app=1802,1799,965,1055 abs=nil,nil,nil,nil ebrake=1.00 ibrake=1.00 hasABS=0 sy=10.80 split=1.000,0.875 ===
367.11082|I|libbeamng.print:18052| === LSTM_OBS t=130 10.46453,19.91932,19.91938,16.09930,0.36239,10.79551,-9.69606,0.03687,0.00000,0.00000,0.00293,1.00000,0.00000,-0.00059,-0.01453,5192.83077,0.25000 ===
367.16074|I|libbeamng.print:18052| === LSTM_TRACE t=140 v=20.17 ws=11.13,19.48,19.50,15.82 cmd=0.604,0.627,0.511,0.574 cap=1702,1765,962,1078 des=1702,1765,842,943 app=1702,1765,842,943 abs=nil,nil,nil,nil ebrake=1.00 ibrake=1.00 hasABS=0 sy=10.69 split=1.000,0.875 ===
367.16078|I|libbeamng.print:18052| === LSTM_OBS t=140 11.12502,19.47518,19.49995,15.81540,0.27264,10.69135,-9.70978,0.03313,0.00000,0.00000,0.00311,1.00000,0.00000,0.00048,-0.01438,5083.09563,0.25000 ===
367.21042|I|libbeamng.print:18052| === LSTM_TRACE t=150 v=19.62 ws=11.62,18.88,18.85,15.74 cmd=0.626,0.657,0.509,0.570 cap=1540,1633,997,1093 des=1540,1633,872,956 app=1540,1633,872,956 abs=nil,nil,nil,nil ebrake=1.00 ibrake=1.00 hasABS=0 sy=10.64 split=1.000,0.875 ===
367.21046|I|libbeamng.print:18052| === LSTM_OBS t=150 11.61643,18.88291,18.85142,15.73933,0.14724,10.64098,-9.73055,0.03482,0.00000,0.00000,0.00204,1.00000,0.00000,0.00169,-0.01468,5004.69319,0.25000 ===
367.26111|I|libbeamng.print:18052| === LSTM_TRACE t=160 v=19.10 ws=12.52,18.37,18.24,16.20 cmd=0.636,0.658,0.523,0.580 cap=2307,2376,992,1128 des=2307,2376,868,987 app=2200,2285,868,987 abs=nil,nil,nil,nil ebrake=1.00 ibrake=1.00 hasABS=0 sy=10.67 split=1.000,0.875 ===
367.26115|I|libbeamng.print:18052| === LSTM_OBS t=160 12.51570,18.37380,18.24281,16.20140,-0.00263,10.67308,-9.70134,0.03854,0.00000,0.00000,0.00381,1.00000,0.00000,0.00263,-0.01522,4939.04898,0.25000 ===
367.31062|I|libbeamng.print:18052| === LSTM_TRACE t=170 v=18.54 ws=12.82,17.46,17.58,16.30 cmd=0.530,0.565,0.525,0.564 cap=1798,1887,1012,1101 des=1798,1887,885,964 app=1835,1912,885,964 abs=nil,nil,nil,nil ebrake=1.00 ibrake=1.00 hasABS=0 sy=10.72 split=1.000,0.875 ===
367.31066|I|libbeamng.print:18052| === LSTM_OBS t=170 12.82030,17.45927,17.58111,16.29972,-0.14132,10.72147,-9.68851,0.03815,0.00000,0.00000,0.00234,1.00000,0.00000,0.00347,-0.01593,4866.27877,0.25000 ===
367.36082|I|libbeamng.print:18052| === LSTM_TRACE t=180 v=17.99 ws=13.59,17.29,16.76,16.42 cmd=0.750,0.780,0.539,0.591 cap=2004,2134,1014,1097 des=2004,2134,887,960 app=2004,2134,887,960 abs=nil,nil,nil,nil ebrake=1.00 ibrake=1.00 hasABS=0 sy=10.80 split=1.000,0.875 ===
367.36086|I|libbeamng.print:18052| === LSTM_OBS t=180 13.59200,17.29255,16.75691,16.41576,-0.29191,10.79746,-9.66519,0.02317,0.00000,0.00000,0.00305,1.00000,0.00000,0.00398,-0.01664,4785.87387,0.25000 ===
367.41107|I|libbeamng.print:18052| === LSTM_TRACE t=190 v=17.42 ws=13.53,16.39,16.07,16.27 cmd=0.557,0.623,0.529,0.551 cap=1705,1864,1015,1067 des=1705,1864,889,934 app=1974,2082,889,934 abs=nil,nil,nil,nil ebrake=1.00 ibrake=1.00 hasABS=0 sy=10.88 split=1.000,0.875 ===
367.41111|I|libbeamng.print:18052| === LSTM_OBS t=190 13.53066,16.38935,16.07304,16.26695,-0.44010,10.88032,-9.64920,0.00904,0.00000,0.00000,0.00256,1.00000,0.00000,0.00447,-0.01731,4703.46559,0.25000 ===
367.46236|I|libbeamng.print:18052| === LSTM_TRACE t=200 v=16.87 ws=14.43,15.66,15.58,16.27 cmd=0.535,0.599,0.523,0.539 cap=2346,2476,1104,1169 des=2346,2476,966,1023 app=2346,2476,966,1023 abs=nil,nil,nil,nil ebrake=1.00 ibrake=1.00 hasABS=0 sy=10.99 split=1.000,0.875 ===
367.46243|I|libbeamng.print:18052| === LSTM_OBS t=200 14.43271,15.65744,15.58401,16.26792,-0.58332,10.99043,-9.65018,-0.00089,0.00000,0.00000,0.00216,1.00000,0.00000,0.00501,-0.01797,4608.66584,0.25000 ===
367.51066|I|libbeamng.print:18052| === LSTM_TRACE t=210 v=16.30 ws=15.38,15.37,14.72,15.34 cmd=0.739,0.791,0.541,0.560 cap=1859,2065,1028,1044 des=1859,2065,900,914 app=1859,2065,900,914 abs=nil,nil,nil,nil ebrake=1.00 ibrake=1.00 hasABS=0 sy=11.02 split=1.000,0.875 ===
367.51070|I|libbeamng.print:18052| === LSTM_OBS t=210 15.37883,15.36510,14.72230,15.34161,-0.64784,11.02306,-9.63088,-0.01024,0.00000,0.00000,0.00198,1.00000,0.00000,0.00500,-0.01837,4510.05811,0.25000 ===
367.56057|I|libbeamng.print:18052| === LSTM_TRACE t=220 v=15.75 ws=14.63,14.75,13.26,14.46 cmd=0.714,0.743,0.459,0.472 cap=2188,2293,950,970 des=2188,2293,831,848 app=2188,2293,831,848 abs=nil,nil,nil,nil ebrake=1.00 ibrake=1.00 hasABS=0 sy=11.08 split=1.000,0.875 ===
367.56063|I|libbeamng.print:18052| === LSTM_OBS t=220 14.63045,14.75147,13.26238,14.46190,-0.60782,11.07641,-9.56484,-0.01711,0.00000,0.00000,0.00265,1.00000,0.00000,0.00416,-0.01859,4471.51750,0.25000 ===
367.61067|I|libbeamng.print:18052| === LSTM_TRACE t=230 v=15.16 ws=13.88,14.25,12.59,13.64 cmd=0.654,0.668,0.365,0.368 cap=2177,2205,733,744 des=2177,2205,641,651 app=2177,2205,641,651 abs=nil,nil,nil,nil ebrake=1.00 ibrake=1.00 hasABS=0 sy=11.19 split=1.000,0.875 ===
367.61070|I|libbeamng.print:18052| === LSTM_OBS t=230 13.88002,14.24851,12.59425,13.63905,-0.53520,11.19024,-9.54216,-0.01437,0.00000,0.00000,0.00249,1.00000,0.00000,0.00274,-0.01900,4484.20273,0.25000 ===
367.66054|I|libbeamng.print:18052| === LSTM_TRACE t=240 v=14.57 ws=13.72,13.60,12.21,12.82 cmd=0.762,0.769,0.349,0.362 cap=2007,2045,640,650 des=2007,2045,560,569 app=2007,2045,560,569 abs=nil,nil,nil,nil ebrake=1.00 ibrake=1.00 hasABS=0 sy=11.34 split=1.000,0.875 ===
367.66059|I|libbeamng.print:18052| === LSTM_OBS t=240 13.71788,13.59662,12.21411,12.82196,-0.45203,11.34038,-9.57093,-0.01276,0.00000,0.00000,0.00305,1.00000,0.00000,0.00163,-0.01972,4541.29565,0.25000 ===
367.71103|I|libbeamng.print:18052| === LSTM_TRACE t=250 v=14.00 ws=13.03,13.33,11.87,11.92 cmd=0.795,0.795,0.341,0.358 cap=2093,2108,620,637 des=2093,2108,543,557 app=2093,2108,543,557 abs=nil,nil,nil,nil ebrake=1.00 ibrake=1.00 hasABS=0 sy=11.44 split=1.000,0.875 ===
367.71113|I|libbeamng.print:18052| === LSTM_OBS t=250 13.03055,13.33479,11.86792,11.92237,-0.33925,11.43711,-9.63333,-0.00864,0.00000,0.00000,0.00345,1.00000,0.00000,0.00074,-0.02076,4603.35068,0.25000 ===
367.76059|I|libbeamng.print:18052| === LSTM_TRACE t=260 v=13.42 ws=12.59,12.80,11.83,10.81 cmd=0.819,0.816,0.352,0.375 cap=1969,1978,632,651 des=1969,1978,553,570 app=1969,1978,553,570 abs=nil,nil,nil,nil ebrake=1.00 ibrake=1.00 hasABS=0 sy=11.48 split=1.000,0.875 ===
367.76064|I|libbeamng.print:18052| === LSTM_OBS t=260 12.59295,12.80283,11.82983,10.80751,-0.22226,11.47866,-9.65367,-0.00548,0.00000,0.00000,0.00335,1.00000,0.00000,0.00028,-0.02175,4649.86425,0.25000 ===
367.81092|I|libbeamng.print:18052| === LSTM_TRACE t=270 v=12.86 ws=12.01,11.88,11.92,9.91 cmd=0.506,0.514,0.345,0.353 cap=1743,1690,637,645 des=1743,1690,557,564 app=2098,2109,557,564 abs=nil,nil,nil,nil ebrake=1.00 ibrake=1.00 hasABS=0 sy=11.40 split=1.000,0.875 ===
367.81097|I|libbeamng.print:18052| === LSTM_OBS t=270 12.00724,11.88024,11.91613,9.90593,-0.12269,11.40227,-9.63814,0.00394,0.00000,0.00000,0.00244,1.00000,0.00000,0.00006,-0.02243,4665.47927,0.25000 ===
367.86092|I|libbeamng.print:18052| === LSTM_TRACE t=280 v=12.32 ws=11.82,11.88,11.81,9.71 cmd=0.863,0.850,0.411,0.444 cap=2442,2453,792,860 des=2442,2453,693,753 app=2098,2075,693,753 abs=nil,nil,nil,nil ebrake=1.00 ibrake=1.00 hasABS=0 sy=11.33 split=1.000,0.875 ===
367.86096|I|libbeamng.print:18052| === LSTM_OBS t=280 11.82142,11.88459,11.80646,9.71023,-0.02414,11.33037,-9.60274,-0.00013,0.00000,0.00000,0.00364,1.00000,0.00000,0.00008,-0.02275,4634.00966,0.25000 ===
367.91066|I|libbeamng.print:18052| === LSTM_TRACE t=290 v=11.78 ws=10.92,10.92,11.28,9.97 cmd=0.487,0.484,0.430,0.445 cap=1930,1846,817,843 des=1930,1846,715,738 app=2098,2075,715,738 abs=nil,nil,nil,nil ebrake=1.00 ibrake=1.00 hasABS=0 sy=11.18 split=1.000,0.875 ===
367.91071|I|libbeamng.print:18052| === LSTM_OBS t=290 10.91802,10.91813,11.28330,9.97128,0.05737,11.17585,-9.56204,0.00664,0.00000,0.00000,0.00338,1.00000,0.00000,0.00012,-0.02285,4572.85159,0.25000 ===
367.96060|I|libbeamng.print:18052| === LSTM_TRACE t=300 v=11.24 ws=10.77,10.87,10.74,9.99 cmd=0.861,0.851,0.488,0.531 cap=2263,2309,947,1035 des=2263,2309,829,906 app=2098,2075,829,906 abs=nil,nil,nil,nil ebrake=1.00 ibrake=1.00 hasABS=0 sy=11.09 split=1.000,0.875 ===
367.96064|I|libbeamng.print:18052| === LSTM_OBS t=300 10.77288,10.86994,10.74044,9.99072,0.06993,11.09271,-9.53846,0.00680,0.00000,0.00000,0.00338,1.00000,0.00000,0.00051,-0.02285,4494.67459,0.25000 ===
368.01184|I|libbeamng.print:18052| === LSTM_TRACE t=310 v=10.69 ws=9.80,9.94,10.34,10.20 cmd=0.428,0.443,0.524,0.548 cap=1610,1576,938,976 des=1610,1576,821,854 app=2095,2060,821,854 abs=nil,nil,nil,nil ebrake=1.00 ibrake=1.00 hasABS=0 sy=11.02 split=1.000,0.875 ===
368.01190|I|libbeamng.print:18052| === LSTM_OBS t=310 9.80026,9.93803,10.34246,10.19557,0.05958,11.02214,-9.49611,0.00897,0.00000,0.00000,0.00069,1.00000,0.00000,0.00100,-0.02268,4404.76008,0.25000 ===
368.06087|I|libbeamng.print:18052| === LSTM_TRACE t=320 v=10.17 ws=9.65,9.87,9.69,9.87 cmd=0.823,0.814,0.572,0.614 cap=2223,2279,1086,1176 des=2223,2279,950,1029 app=2095,2060,950,1029 abs=nil,nil,nil,nil ebrake=1.00 ibrake=1.00 hasABS=0 sy=10.94 split=1.000,0.875 ===
368.06091|I|libbeamng.print:18052| === LSTM_OBS t=320 9.64674,9.87130,9.68766,9.86546,-0.00442,10.94399,-9.50211,0.00243,0.00000,0.00000,0.00364,1.00000,0.00000,0.00185,-0.02238,4290.15643,0.25000 ===
368.11047|I|libbeamng.print:18052| === LSTM_TRACE t=330 v=9.66 ws=8.73,8.81,9.43,9.49 cmd=0.336,0.347,0.584,0.606 cap=1604,1517,1123,1153 des=1604,1517,983,1009 app=2064,2060,983,1009 abs=nil,nil,nil,nil ebrake=1.00 ibrake=1.00 hasABS=0 sy=10.73 split=1.000,0.875 ===
368.11051|I|libbeamng.print:18052| === LSTM_OBS t=330 8.73471,8.81322,9.43236,9.49188,-0.02166,10.72641,-9.48314,-0.00284,0.00000,0.00000,0.00305,1.00000,0.00000,0.00212,-0.02170,4131.69684,0.25000 ===
368.16080|I|libbeamng.print:18052| === LSTM_TRACE t=340 v=9.17 ws=8.56,8.83,9.07,8.89 cmd=0.792,0.782,0.605,0.642 cap=2093,2124,1184,1258 des=2093,2124,1036,1101 app=2064,2054,1036,1101 abs=nil,nil,nil,nil ebrake=1.00 ibrake=1.00 hasABS=0 sy=10.52 split=1.000,0.875 ===
368.16090|I|libbeamng.print:18052| === LSTM_OBS t=340 8.56161,8.82712,9.06878,8.89181,-0.04260,10.52274,-9.48756,-0.00355,0.00000,0.00000,0.00404,1.00000,0.00000,0.00219,-0.02064,3942.86774,0.25000 ===
368.21052|I|libbeamng.print:18052| === LSTM_TRACE t=350 v=8.68 ws=7.99,8.05,8.49,8.59 cmd=0.475,0.477,0.646,0.669 cap=1709,1657,1184,1224 des=1709,1657,1036,1071 app=1982,1934,1036,1071 abs=nil,nil,nil,nil ebrake=1.00 ibrake=1.00 hasABS=0 sy=10.33 split=1.000,0.875 ===
368.21055|I|libbeamng.print:18052| === LSTM_OBS t=350 7.98797,8.04825,8.49249,8.58645,-0.03604,10.32980,-9.48030,0.00314,0.00000,0.00000,0.00142,1.00000,0.00000,0.00181,-0.01944,3742.65874,0.25000 ===
368.26071|I|libbeamng.print:18052| === LSTM_TRACE t=360 v=8.19 ws=8.02,8.13,7.95,8.08 cmd=0.840,0.830,0.650,0.686 cap=2006,2025,1185,1247 des=2006,2025,1037,1091 app=1982,1938,1037,1091 abs=nil,nil,nil,nil ebrake=1.00 ibrake=1.00 hasABS=0 sy=10.15 split=1.000,0.875 ===
368.26076|I|libbeamng.print:18052| === LSTM_OBS t=360 8.02345,8.13255,7.94651,8.07848,-0.04720,10.15053,-9.50225,0.01108,0.00000,0.00000,0.00280,1.00000,0.00000,0.00184,-0.01824,3540.54018,0.25000 ===
368.31048|I|libbeamng.print:18052| === LSTM_TRACE t=370 v=7.72 ws=7.07,7.02,7.39,7.55 cmd=0.316,0.316,0.636,0.648 cap=1516,1386,1234,1252 des=1516,1386,1080,1095 app=1962,1985,1080,1095 abs=nil,nil,nil,nil ebrake=1.00 ibrake=1.00 hasABS=0 sy=10.02 split=1.000,0.875 ===
368.31052|I|libbeamng.print:18052| === LSTM_OBS t=370 7.07317,7.02302,7.39056,7.55462,-0.02472,10.01653,-9.51869,-0.00376,0.00000,0.00000,0.00162,1.00000,0.00000,0.00160,-0.01712,3342.62941,0.25000 ===
368.36052|I|libbeamng.print:18052| === LSTM_TRACE t=380 v=7.23 ws=6.94,7.09,6.93,7.02 cmd=0.774,0.753,0.619,0.647 cap=2190,2247,1271,1351 des=2190,2247,1112,1182 app=1890,1964,1112,1182 abs=nil,nil,nil,nil ebrake=1.00 ibrake=1.00 hasABS=0 sy=9.92 split=1.000,0.875 ===
368.36056|I|libbeamng.print:18052| === LSTM_OBS t=380 6.94016,7.09107,6.92615,7.01830,-0.02485,9.91864,-9.57020,0.00487,0.00000,0.00000,0.00328,1.00000,0.00000,0.00171,-0.01638,3149.98933,0.25000 ===
368.41060|I|libbeamng.print:18052| === LSTM_TRACE t=390 v=6.77 ws=6.02,6.08,6.74,6.61 cmd=0.219,0.225,0.631,0.636 cap=1404,1335,1240,1255 des=1404,1335,1085,1098 app=1842,1793,1085,1098 abs=nil,nil,nil,nil ebrake=1.00 ibrake=1.00 hasABS=0 sy=9.75 split=1.000,0.875 ===
368.41064|I|libbeamng.print:18052| === LSTM_OBS t=390 6.02218,6.07589,6.74263,6.60558,-0.01886,9.74897,-9.59501,0.00640,0.00000,0.00000,0.00085,1.00000,0.00000,0.00152,-0.01557,2951.78929,0.25000 ===
368.46087|I|libbeamng.print:18052| === LSTM_TRACE t=400 v=6.32 ws=6.22,6.36,6.15,6.28 cmd=0.801,0.786,0.606,0.635 cap=2132,2221,1139,1216 des=2132,2221,997,1064 app=1842,1793,997,1064 abs=nil,nil,nil,nil ebrake=1.00 ibrake=1.00 hasABS=0 sy=9.57 split=1.000,0.875 ===
368.46092|I|libbeamng.print:18052| === LSTM_OBS t=400 6.22108,6.35982,6.15346,6.28386,-0.02052,9.57352,-9.64648,0.00595,0.00000,0.00000,0.00350,1.00000,0.00000,0.00149,-0.01477,2755.14799,0.25000 ===
368.51056|I|libbeamng.print:18052| === LSTM_TRACE t=410 v=5.87 ws=5.13,5.21,5.72,5.86 cmd=0.203,0.210,0.564,0.560 cap=1511,1374,1101,1094 des=1511,1374,963,957 app=1842,1793,963,957 abs=nil,nil,nil,nil ebrake=1.00 ibrake=1.00 hasABS=0 sy=9.45 split=1.000,0.875 ===
368.51060|I|libbeamng.print:18052| === LSTM_OBS t=410 5.13417,5.21433,5.71513,5.85671,-0.01402,9.45383,-9.66117,-0.00629,0.00000,0.00000,0.00210,1.00000,0.00000,0.00135,-0.01396,2572.28881,0.25000 ===
368.56046|I|libbeamng.print:18052| === LSTM_TRACE t=420 v=5.42 ws=5.08,5.12,5.46,5.29 cmd=0.487,0.543,0.604,0.628 cap=410,435,1106,1077 des=410,435,967,942 app=1341,1219,967,942 abs=nil,nil,nil,nil ebrake=1.00 ibrake=1.00 hasABS=0 sy=9.32 split=1.000,0.875 ===
368.56050|I|libbeamng.print:18052| === LSTM_OBS t=420 5.07738,5.11571,5.45843,5.28852,-0.01815,9.32294,-9.73470,-0.00300,0.00000,0.00000,0.00210,1.00000,0.00000,0.00136,-0.01345,2391.30405,0.25000 ===
368.61063|I|libbeamng.print:18052| === LSTM_TRACE t=430 v=5.01 ws=5.03,4.92,5.05,4.67 cmd=0.629,0.644,0.595,0.616 cap=1123,1215,1155,1180 des=1123,1215,1011,1032 app=1123,1215,1011,1032 abs=nil,nil,nil,nil ebrake=1.00 ibrake=1.00 hasABS=0 sy=9.05 split=1.000,0.875 ===
368.61067|I|libbeamng.print:18052| === LSTM_OBS t=430 5.02744,4.92178,5.05456,4.67123,0.00747,9.05010,-9.75179,-0.00634,0.00000,0.00000,0.00265,1.00000,0.00000,0.00121,-0.01286,2206.03724,0.25000 ===
368.66064|I|libbeamng.print:18052| === LSTM_TRACE t=440 v=4.63 ws=4.18,4.03,4.67,4.28 cmd=0.390,0.384,0.528,0.527 cap=1684,1654,1063,1069 des=1684,1654,930,935 app=1684,1654,930,935 abs=nil,nil,nil,nil ebrake=1.00 ibrake=1.00 hasABS=0 sy=8.71 split=1.000,0.875 ===
368.66068|I|libbeamng.print:18052| === LSTM_OBS t=440 4.17573,4.03462,4.67287,4.27538,0.03299,8.70616,-9.75820,-0.01038,0.00000,0.00000,0.00586,1.00000,0.00000,0.00108,-0.01205,2029.95830,0.25000 ===
368.71037|I|libbeamng.print:18052| === LSTM_TRACE t=450 v=4.24 ws=3.65,3.56,3.87,4.10 cmd=0.195,0.215,0.483,0.472 cap=1130,1101,968,941 des=1130,1101,847,823 app=1540,1665,847,823 abs=nil,nil,nil,nil ebrake=1.00 ibrake=1.00 hasABS=0 sy=8.46 split=1.000,0.875 ===
368.71041|I|libbeamng.print:18052| === LSTM_OBS t=450 3.64955,3.55768,3.87064,4.10157,0.03933,8.45738,-9.77737,0.00129,0.00000,0.00000,0.00049,1.00000,0.00000,0.00081,-0.01135,1863.03043,0.25000 ===
368.76059|I|libbeamng.print:18052| === LSTM_TRACE t=460 v=3.81 ws=3.83,3.85,3.88,3.57 cmd=0.584,0.591,0.510,0.512 cap=1540,1601,1047,1061 des=1540,1601,916,928 app=1540,1593,916,928 abs=nil,nil,nil,nil ebrake=1.00 ibrake=1.00 hasABS=0 sy=8.33 split=1.000,0.875 ===
368.76063|I|libbeamng.print:18052| === LSTM_OBS t=460 3.82659,3.84831,3.87543,3.57141,-0.00639,8.32529,-9.78231,0.00001,0.00000,0.00000,0.00234,1.00000,0.00000,0.00100,-0.01107,1700.92285,0.25000 ===
368.81056|I|libbeamng.print:18052| === LSTM_TRACE t=470 v=3.44 ws=3.28,3.22,3.08,3.47 cmd=0.344,0.353,0.480,0.473 cap=1899,1897,996,992 des=1899,1897,872,868 app=1899,1897,872,868 abs=nil,nil,nil,nil ebrake=1.00 ibrake=1.00 hasABS=0 sy=8.24 split=1.000,0.875 ===
368.81061|I|libbeamng.print:18052| === LSTM_OBS t=470 3.28065,3.21917,3.08375,3.47471,0.03567,8.23655,-9.74333,-0.00632,0.00000,0.00000,0.00085,1.00000,0.00000,0.00067,-0.01118,1540.49097,0.25000 ===
368.86125|I|libbeamng.print:18052| === LSTM_TRACE t=480 v=3.04 ws=2.34,2.43,2.95,2.97 cmd=0.297,0.318,0.511,0.519 cap=1156,1144,992,996 des=1156,1144,868,871 app=1544,1505,868,871 abs=nil,nil,nil,nil ebrake=1.00 ibrake=1.00 hasABS=0 sy=8.13 split=1.000,0.875 ===
368.86129|I|libbeamng.print:18052| === LSTM_OBS t=480 2.34050,2.43332,2.94709,2.97301,-0.00919,8.12601,-9.75327,-0.00011,0.00000,0.00000,0.00254,1.00000,0.00000,0.00114,-0.01130,1378.15974,0.25000 ===
368.91117|I|libbeamng.print:18052| === LSTM_TRACE t=490 v=2.62 ws=2.37,2.50,2.62,2.50 cmd=0.581,0.599,0.561,0.580 cap=1222,1286,1048,1073 des=1222,1286,917,939 app=1222,1286,917,939 abs=nil,nil,nil,nil ebrake=1.00 ibrake=1.00 hasABS=0 sy=8.10 split=1.000,0.875 ===
368.91121|I|libbeamng.print:18052| === LSTM_OBS t=490 2.36550,2.50278,2.61965,2.49738,-0.02230,8.09722,-9.75602,0.00437,0.00000,0.00000,0.00154,1.00000,0.00000,0.00146,-0.01163,1212.33071,0.25000 ===
368.96033|I|libbeamng.print:18052| === LSTM_TRACE t=500 v=2.21 ws=1.89,1.98,2.03,1.82 cmd=0.586,0.573,0.593,0.610 cap=1951,1929,1154,1191 des=1951,1929,1009,1042 app=1951,1929,1009,1042 abs=nil,nil,nil,nil ebrake=1.00 ibrake=1.00 hasABS=0 sy=8.18 split=1.000,0.875 ===
368.96037|I|libbeamng.print:18052| === LSTM_OBS t=500 1.89365,1.98077,2.02743,1.81653,-0.00108,8.18014,-9.70408,0.00318,0.00000,0.00000,0.00289,1.00000,0.00000,0.00153,-0.01194,1046.41013,0.25000 ===
369.01086|I|libbeamng.print:18052| === LSTM_TRACE t=510 v=1.72 ws=0.99,0.49,1.15,1.66 cmd=0.671,0.657,0.659,0.671 cap=2127,2044,1286,1309 des=2127,2044,1125,1146 app=2127,2044,1125,1146 abs=nil,nil,nil,nil ebrake=1.00 ibrake=1.00 hasABS=0 sy=8.41 split=1.000,0.875 ===
