 33.12102|I|libbeamng.print:18052| === LSTM_ABS: lens 'band_g_mix_b1_y_s0' loaded (1 member, 17 in, 64 hidden, 2 layers) ===
 33.12291|I|libbeamng.print:18052| === LSTM_ABS SELFTEST lens=band_g_mix_b1_y_s0 cmd=0.746584,0.679256,0.498802,0.521066 ===
 46.67644|I|libbeamng.print:18052| === LSTM_ABS: lens 'band_g_mix_b1_sy_s0' loaded (1 member, 17 in, 64 hidden, 2 layers) ===
 46.67813|I|libbeamng.print:18052| === LSTM_ABS SELFTEST lens=band_g_mix_b1_sy_s0 cmd=0.918680,0.877215,0.456524,0.547711 ===
 56.35178|I|libbeamng.print:18052| === LSTM_TRACE t=0 v=27.72 ws=27.70,27.81,27.38,27.49 cmd=0.922,0.912,0.567,0.608 cap=155,155,97,97 des=155,155,85,85 app=142,142,78,78 abs=nil,nil,nil,nil ebrake=1.00 ibrake=1.00 hasABS=0 sy=1.57 split=1.000,0.875 ===
 56.35187|I|libbeamng.print:18052| === LSTM_OBS t=0 27.69599,27.81240,27.38457,27.49107,-0.04424,1.56850,-9.79296,-0.00376,0.00000,0.00000,0.00049,1.00000,0.00000,0.00097,-0.00906,7859.06975,0.25000 ===
 56.41028|I|libbeamng.print:18052| === LSTM_TRACE t=10 v=27.41 ws=26.03,25.81,26.67,26.79 cmd=0.626,0.680,0.704,0.682 cap=1957,2125,1349,1300 des=1957,2125,1180,1138 app=1808,1965,1092,1052 abs=nil,nil,nil,nil ebrake=1.00 ibrake=1.00 hasABS=0 sy=2.16 split=1.000,0.875 ===
 56.41032|I|libbeamng.print:18052| === LSTM_OBS t=10 26.02554,25.81398,26.66530,26.79105,-0.01647,2.15997,-9.77318,-0.00922,0.00000,0.00000,0.00049,1.00000,0.00000,0.00101,-0.01004,7770.85661,0.25000 ===
 56.43005|I|libbeamng.print:18052| === LSTM_ABS DBG raw=25.1218,25.0390,26.3738,26.4395,-0.0250,2.8468,-9.6987,0.0048,0.0000,0.0000,0.0032,1.0000,0.0000,0.0011,-0.0111,7681.0990,0.2500 ===
 56.43008|I|libbeamng.print:18052| === LSTM_ABS DBG norm=0.48,0.41,0.51,0.50,-0.18,-2.03,0.00,0.06,0.06,-0.06,0.05,0.59,-0.02,0.00,0.00,3.80,0.00 ===
 56.43009|I|libbeamng.print:18052| === LSTM_ABS DBG cmd=0.7807,0.8131,0.7604,0.7706 ===
 56.46027|I|libbeamng.print:18052| === LSTM_TRACE t=20 v=26.90 ws=24.31,23.90,25.77,25.78 cmd=0.785,0.808,0.777,0.807 cap=2461,2534,1518,1572 des=2461,2534,1328,1376 app=2310,2381,1249,1293 abs=nil,nil,nil,nil ebrake=1.00 ibrake=1.00 hasABS=0 sy=4.04 split=1.000,0.875 ===
 56.46032|I|libbeamng.print:18052| === LSTM_OBS t=20 24.30558,23.89516,25.77307,25.77784,-0.00959,4.04427,-9.50094,0.02233,0.00000,0.00000,0.00285,1.00000,0.00000,0.00109,-0.01306,7513.35226,0.25000 ===
 56.50967|I|libbeamng.print:18052| === LSTM_TRACE t=30 v=26.36 ws=23.92,23.83,24.75,24.78 cmd=0.779,0.795,0.756,0.785 cap=2430,2478,1474,1531 des=2430,2478,1290,1339 app=2310,2357,1227,1275 abs=nil,nil,nil,nil ebrake=1.00 ibrake=1.00 hasABS=0 sy=5.97 split=1.000,0.875 ===
 56.50971|I|libbeamng.print:18052| === LSTM_OBS t=30 23.92457,23.83430,24.75208,24.77791,0.05533,5.96698,-9.32143,-0.02545,0.00000,0.00000,0.00305,1.00000,0.00000,0.00150,-0.01587,7218.09230,0.25000 ===
 56.55920|I|libbeamng.print:18052| === LSTM_TRACE t=40 v=25.78 ws=23.76,24.02,24.16,23.99 cmd=0.775,0.792,0.738,0.762 cap=2398,2449,1429,1478 des=2398,2449,1250,1293 app=2302,2354,1200,1242 abs=nil,nil,nil,nil ebrake=1.00 ibrake=1.00 hasABS=0 sy=7.56 split=1.000,0.875 ===
 56.55925|I|libbeamng.print:18052| === LSTM_OBS t=40 23.75593,24.01530,24.15957,23.98555,0.02897,7.55815,-9.39248,-0.02605,0.00000,0.00000,0.00270,1.00000,0.00000,0.00158,-0.01744,6965.31276,0.25000 ===
 56.60563|I|libbeamng.print:18052| === LSTM_TRACE t=50 v=25.17 ws=23.18,23.42,23.42,23.24 cmd=0.800,0.811,0.742,0.762 cap=2524,2555,1457,1499 des=2524,2555,1275,1312 app=2440,2473,1231,1267 abs=nil,nil,nil,nil ebrake=1.00 ibrake=1.00 hasABS=0 sy=8.79 split=1.000,0.875 ===
 56.60570|I|libbeamng.print:18052| === LSTM_OBS t=50 23.18409,23.42255,23.42468,23.24166,0.07196,8.78955,-9.51993,-0.00685,0.00000,0.00000,0.00289,1.00000,0.00000,0.00144,-0.01846,6774.91192,0.25000 ===
 56.65627|I|libbeamng.print:18052| === LSTM_TRACE t=60 v=24.56 ws=22.21,22.63,22.85,22.45 cmd=0.811,0.812,0.764,0.762 cap=2510,2512,1470,1472 des=2510,2512,1286,1288 app=2442,2446,1248,1251 abs=nil,nil,nil,nil ebrake=1.00 ibrake=1.00 hasABS=0 sy=9.78 split=1.000,0.875 ===
 56.65635|I|libbeamng.print:18052| === LSTM_OBS t=60 22.21015,22.62611,22.85138,22.44837,0.08260,9.78088,-9.67257,-0.02275,0.00000,0.00000,0.00326,1.00000,0.00000,0.00106,-0.01900,6569.39306,0.25000 ===
 56.70568|I|libbeamng.print:18052| === LSTM_TRACE t=70 v=23.94 ws=20.99,21.74,21.85,21.80 cmd=0.811,0.806,0.765,0.753 cap=2518,2492,1498,1471 des=2518,2492,1311,1287 app=2462,2438,1278,1255 abs=nil,nil,nil,nil ebrake=1.00 ibrake=1.00 hasABS=0 sy=10.50 split=1.000,0.875 ===
 56.70573|I|libbeamng.print:18052| === LSTM_OBS t=70 20.98539,21.74137,21.85009,21.79967,0.07511,10.49662,-9.76135,-0.00513,0.00000,0.00000,0.00357,1.00000,0.00000,0.00090,-0.01906,6354.96542,0.25000 ===
 56.75630|I|libbeamng.print:18052| === LSTM_TRACE t=80 v=23.33 ws=19.38,21.08,20.98,21.28 cmd=0.791,0.787,0.763,0.754 cap=2343,2325,1451,1424 des=2343,2325,1269,1246 app=2299,2283,1241,1219 abs=nil,nil,nil,nil ebrake=1.00 ibrake=1.00 hasABS=0 sy=10.97 split=1.000,0.875 ===
 56.75639|I|libbeamng.print:18052| === LSTM_OBS t=80 19.37826,21.07609,20.98396,21.28154,0.05883,10.97259,-9.77838,0.00217,0.00000,0.00000,0.00229,1.00000,0.00000,0.00094,-0.01875,6142.58076,0.25000 ===
 56.80575|I|libbeamng.print:18052| === LSTM_TRACE t=90 v=22.73 ws=17.54,20.76,20.04,20.87 cmd=0.700,0.701,0.730,0.727 cap=2384,2373,1439,1436 des=2384,2373,1259,1256 app=2345,2337,1234,1231 abs=nil,nil,nil,nil ebrake=1.00 ibrake=1.00 hasABS=0 sy=11.25 split=1.000,0.875 ===
 56.80584|I|libbeamng.print:18052| === LSTM_OBS t=90 17.53639,20.76044,20.03687,20.86517,0.04535,11.25468,-9.76413,-0.00908,0.00000,0.00000,0.00239,1.00000,0.00000,0.00109,-0.01813,5937.84524,0.25000 ===
 56.85628|I|libbeamng.print:18052| === LSTM_TRACE t=100 v=22.17 ws=16.04,20.73,19.02,20.38 cmd=0.755,0.750,0.734,0.741 cap=2427,2424,1448,1463 des=2427,2424,1267,1280 app=2391,2392,1243,1257 abs=nil,nil,nil,nil ebrake=1.00 ibrake=1.00 hasABS=0 sy=11.39 split=1.000,0.875 ===
 56.85633|I|libbeamng.print:18052| === LSTM_OBS t=100 16.03669,20.72548,19.01741,20.37565,0.05765,11.38723,-9.68799,-0.01473,0.00000,0.00000,0.00311,1.00000,0.00000,0.00115,-0.01753,5745.83069,0.25000 ===
 56.90568|I|libbeamng.print:18052| === LSTM_TRACE t=110 v=21.59 ws=14.28,20.40,18.48,20.02 cmd=0.706,0.697,0.749,0.757 cap=2200,2173,1388,1405 des=2200,2173,1215,1229 app=2169,2148,1194,1209 abs=nil,nil,nil,nil ebrake=1.00 ibrake=1.00 hasABS=0 sy=11.39 split=1.000,0.875 ===
 56.90573|I|libbeamng.print:18052| === LSTM_OBS t=110 14.28480,20.39934,18.48441,20.01991,0.07071,11.39165,-9.62501,-0.02160,0.00000,0.00000,0.00280,1.00000,0.00000,0.00085,-0.01702,5558.14011,0.25000 ===
 56.95610|I|libbeamng.print:18052| === LSTM_TRACE t=120 v=21.04 ws=12.68,20.14,17.87,19.24 cmd=0.781,0.769,0.754,0.773 cap=1990,1960,1407,1432 des=1990,1960,1231,1253 app=1963,1940,1211,1234 abs=nil,nil,nil,nil ebrake=1.00 ibrake=1.00 hasABS=0 sy=11.34 split=1.000,0.875 ===
 56.95615|I|libbeamng.print:18052| === LSTM_OBS t=120 12.68207,20.14127,17.86970,19.23883,0.07178,11.34345,-9.59395,-0.03300,0.00000,0.00000,0.00301,1.00000,0.00000,0.00056,-0.01642,5374.97828,0.25000 ===
 57.00571|I|libbeamng.print:18052| === LSTM_TRACE t=130 v=20.49 ws=11.02,19.66,17.15,18.40 cmd=0.731,0.714,0.738,0.764 cap=1994,1935,1417,1456 des=1994,1935,1240,1274 app=1968,1917,1221,1256 abs=nil,nil,nil,nil ebrake=1.00 ibrake=1.00 hasABS=0 sy=11.26 split=1.000,0.875 ===
 57.00576|I|libbeamng.print:18052| === LSTM_OBS t=130 11.01664,19.66248,17.14814,18.39509,0.12053,11.25630,-9.57122,-0.03467,0.00000,0.00000,0.00261,1.00000,0.00000,0.00008,-0.01586,5195.44533,0.25000 ===
 57.05712|I|libbeamng.print:18052| === LSTM_TRACE t=140 v=19.95 ws=9.33,19.06,17.04,17.37 cmd=0.692,0.669,0.746,0.773 cap=2038,1959,1434,1484 des=2038,1959,1255,1298 app=2011,1943,1236,1281 abs=nil,nil,nil,nil ebrake=1.00 ibrake=1.00 hasABS=0 sy=11.17 split=1.000,0.875 ===
 57.05717|I|libbeamng.print:18052| === LSTM_OBS t=140 9.32517,19.06450,17.04438,17.36693,0.18496,11.17156,-9.56547,-0.04016,0.00000,0.00000,0.00216,1.00000,0.00000,-0.00050,-0.01534,5015.75907,0.25000 ===
 57.10661|I|libbeamng.print:18052| === LSTM_TRACE t=150 v=19.41 ws=7.49,18.62,17.22,15.97 cmd=0.667,0.641,0.763,0.787 cap=1917,1840,1444,1491 des=1917,1840,1263,1305 app=1891,1826,1246,1288 abs=nil,nil,nil,nil ebrake=1.00 ibrake=1.00 hasABS=0 sy=11.08 split=1.000,0.875 ===
 57.10668|I|libbeamng.print:18052| === LSTM_OBS t=150 7.48596,18.61577,17.22256,15.96849,0.26099,11.07694,-9.57602,-0.03022,0.00000,0.00000,0.00289,1.00000,0.00000,-0.00115,-0.01484,4833.56560,0.25000 ===
 57.15649|I|libbeamng.print:18052| === LSTM_TRACE t=160 v=18.87 ws=5.99,18.15,17.56,14.60 cmd=0.697,0.673,0.777,0.797 cap=1833,1770,1456,1497 des=1833,1770,1274,1310 app=1807,1757,1257,1294 abs=nil,nil,nil,nil ebrake=1.00 ibrake=1.00 hasABS=0 sy=10.98 split=1.000,0.875 ===
 57.15653|I|libbeamng.print:18052| === LSTM_OBS t=160 5.98930,18.15127,17.55501,14.60498,0.33826,10.98043,-9.58571,-0.02485,0.00000,0.00000,0.00142,1.00000,0.00000,-0.00172,-0.01433,4651.23009,0.25000 ===
 57.20645|I|libbeamng.print:18052| === LSTM_TRACE t=170 v=18.34 ws=4.87,17.59,16.87,12.58 cmd=0.695,0.678,0.724,0.746 cap=1987,1932,1470,1504 des=1987,1932,1286,1316 app=1957,1919,1270,1299 abs=nil,nil,nil,nil ebrake=1.00 ibrake=1.00 hasABS=0 sy=10.92 split=1.000,0.875 ===
 57.20649|I|libbeamng.print:18052| === LSTM_OBS t=170 4.86650,17.59013,16.86630,12.57858,0.44337,10.91598,-9.63328,-0.00886,0.00000,0.00000,0.00124,1.00000,0.00000,-0.00219,-0.01380,4477.88451,0.25000 ===
 57.25644|I|libbeamng.print:18052| === LSTM_TRACE t=180 v=17.79 ws=3.47,17.18,16.49,10.28 cmd=0.608,0.602,0.663,0.666 cap=1971,1932,1283,1301 des=1971,1932,1122,1138 app=1939,1919,1109,1123 abs=nil,nil,nil,nil ebrake=1.00 ibrake=1.00 hasABS=0 sy=10.88 split=1.000,0.875 ===
 57.25648|I|libbeamng.print:18052| === LSTM_OBS t=180 3.46662,17.17559,16.48964,10.28448,0.47570,10.87749,-9.74094,0.02022,0.00000,0.00000,0.00000,1.00000,0.00000,-0.00153,-0.01330,4337.92940,0.25000 ===
 57.30658|I|libbeamng.print:18052| === LSTM_TRACE t=190 v=17.29 ws=2.96,16.69,15.82,8.32 cmd=0.559,0.576,0.511,0.511 cap=2286,2272,1196,1198 des=2286,2272,1046,1048 app=2243,2205,1033,1033 abs=nil,nil,nil,nil ebrake=1.00 ibrake=1.00 hasABS=0 sy=10.77 split=1.000,0.875 ===
 57.30663|I|libbeamng.print:18052| === LSTM_OBS t=190 2.96476,16.68800,15.82271,8.32196,0.45862,10.76619,-9.82727,0.01888,0.00000,0.00000,0.00124,1.00000,0.00000,0.00012,-0.01250,4231.24471,0.25000 ===
 57.35625|I|libbeamng.print:18052| === LSTM_TRACE t=200 v=16.77 ws=3.19,15.80,15.53,7.10 cmd=0.394,0.410,0.597,0.586 cap=1843,1851,982,989 des=1843,1851,859,865 app=1809,1840,849,852 abs=nil,nil,nil,nil ebrake=1.00 ibrake=1.00 hasABS=0 sy=10.62 split=1.000,0.875 ===
 57.35629|I|libbeamng.print:18052| === LSTM_OBS t=200 3.19134,15.79858,15.52914,7.10268,0.45176,10.62240,-9.79482,0.03527,0.00000,0.00000,0.00189,1.00000,0.00000,0.00147,-0.01198,4150.76808,0.25000 ===
 57.40624|I|libbeamng.print:18052| === LSTM_TRACE t=210 v=16.27 ws=3.10,15.80,15.08,5.51 cmd=0.583,0.587,0.556,0.566 cap=1833,1846,1206,1217 des=1833,1846,1055,1065 app=1797,1834,1042,1047 abs=nil,nil,nil,nil ebrake=1.00 ibrake=1.00 hasABS=0 sy=10.46 split=1.000,0.875 ===
 57.40629|I|libbeamng.print:18052| === LSTM_OBS t=210 3.10089,15.80239,15.08232,5.50892,0.36643,10.46387,-9.73584,0.03041,0.00000,0.00000,0.00420,1.00000,0.00000,0.00205,-0.01162,4079.69195,0.25000 ===
 57.45621|I|libbeamng.print:18052| === LSTM_TRACE t=220 v=15.75 ws=3.25,15.15,14.78,4.51 cmd=0.606,0.600,0.534,0.534 cap=2255,2233,1154,1175 des=2255,2233,1010,1028 app=2107,2185,997,1009 abs=nil,nil,nil,nil ebrake=1.00 ibrake=1.00 hasABS=0 sy=10.41 split=1.000,0.875 ===
 57.45625|I|libbeamng.print:18052| === LSTM_OBS t=220 3.25299,15.14600,14.78223,4.50616,0.24840,10.40613,-9.67179,0.04993,0.00000,0.00000,0.00465,1.00000,0.00000,0.00226,-0.01213,4013.46294,0.25000 ===
 57.50286|I|libbeamng.print:18052| === LSTM_TRACE t=230 v=15.22 ws=2.74,14.81,14.46,3.60 cmd=0.567,0.582,0.608,0.606 cap=1245,1279,1099,1067 des=1245,1279,961,934 app=1477,1487,949,915 abs=nil,nil,nil,nil ebrake=1.00 ibrake=1.00 hasABS=0 sy=10.40 split=1.000,0.875 ===
 57.50290|I|libbeamng.print:18052| === LSTM_OBS t=230 2.74384,14.81027,14.46107,3.59664,0.17802,10.40018,-9.68549,0.04256,0.00000,0.00000,0.00049,1.00000,0.00000,0.00233,-0.01318,3942.76518,0.25000 ===
 57.55274|I|libbeamng.print:18052| === LSTM_TRACE t=240 v=14.75 ws=3.05,14.43,13.75,3.73 cmd=0.794,0.785,0.523,0.544 cap=2024,2073,1174,1193 des=2024,2073,1027,1044 app=1827,1823,1014,1022 abs=nil,nil,nil,nil ebrake=1.00 ibrake=1.00 hasABS=0 sy=10.32 split=1.000,0.875 ===
 57.55280|I|libbeamng.print:18052| === LSTM_OBS t=240 3.04563,14.42522,13.75160,3.72673,-0.01780,10.31841,-9.76031,0.03867,0.00000,0.00000,0.00085,1.00000,0.00000,0.00297,-0.01373,3829.28583,0.25000 ===
 57.60260|I|libbeamng.print:18052| === LSTM_TRACE t=250 v=14.24 ws=3.35,14.03,13.12,3.69 cmd=0.611,0.580,0.460,0.473 cap=2506,2434,991,1054 des=2506,2434,867,922 app=1997,1982,855,901 abs=nil,nil,nil,nil ebrake=1.00 ibrake=1.00 hasABS=0 sy=10.15 split=1.000,0.875 ===
 57.60264|I|libbeamng.print:18052| === LSTM_OBS t=250 3.35271,14.02680,13.12044,3.68850,-0.09510,10.15428,-9.67108,0.04912,0.00000,0.00000,0.00000,1.00000,0.00000,0.00394,-0.01399,3724.82464,0.25000 ===
 57.65281|I|libbeamng.print:18052| === LSTM_TRACE t=260 v=13.77 ws=3.33,12.82,13.08,4.20 cmd=0.401,0.386,0.507,0.503 cap=1580,1479,865,871 des=1580,1479,757,762 app=1767,1795,746,744 abs=nil,nil,nil,nil ebrake=1.00 ibrake=1.00 hasABS=0 sy=10.04 split=1.000,0.875 ===
 57.65285|I|libbeamng.print:18052| === LSTM_OBS t=260 3.32845,12.82100,13.08497,4.20285,-0.21762,10.03916,-9.69314,0.03315,0.00000,0.00000,0.00381,1.00000,0.00000,0.00479,-0.01371,3630.80647,0.25000 ===
 57.70270|I|libbeamng.print:18052| === LSTM_TRACE t=270 v=13.24 ws=2.97,13.18,12.07,3.87 cmd=0.758,0.750,0.545,0.568 cap=1134,1139,1003,995 des=1134,1139,877,870 app=1293,1225,864,848 abs=nil,nil,nil,nil ebrake=1.00 ibrake=1.00 hasABS=0 sy=9.99 split=1.000,0.875 ===
 57.70273|I|libbeamng.print:18052| === LSTM_OBS t=270 2.97075,13.18470,12.07250,3.87456,-0.30995,9.99115,-9.64173,0.03957,0.00000,0.00000,0.00162,1.00000,0.00000,0.00500,-0.01391,3552.46596,0.25000 ===
 57.75377|I|libbeamng.print:18052| === LSTM_TRACE t=280 v=12.79 ws=3.56,12.33,11.85,4.36 cmd=0.482,0.468,0.416,0.415 cap=2142,2080,940,966 des=2142,2080,823,845 app=2086,2067,810,823 abs=nil,nil,nil,nil ebrake=1.00 ibrake=1.00 hasABS=0 sy=9.99 split=1.000,0.875 ===
 57.75381|I|libbeamng.print:18052| === LSTM_OBS t=280 3.56360,12.32651,11.84871,4.36463,-0.46198,9.98702,-9.66021,0.04777,0.00000,0.00000,0.00104,1.00000,0.00000,0.00561,-0.01421,3474.52120,0.25000 ===
 57.80359|I|libbeamng.print:18052| === LSTM_TRACE t=290 v=12.24 ws=4.03,11.67,11.59,4.66 cmd=0.431,0.410,0.489,0.487 cap=1233,1161,849,833 des=1233,1161,743,729 app=1659,1577,731,708 abs=nil,nil,nil,nil ebrake=1.00 ibrake=1.00 hasABS=0 sy=9.98 split=1.000,0.875 ===
 57.80363|I|libbeamng.print:18052| === LSTM_OBS t=290 4.03004,11.66926,11.58629,4.66253,-0.45378,9.98462,-9.59990,0.05199,0.00000,0.00000,0.00154,1.00000,0.00000,0.00519,-0.01467,3411.80168,0.25000 ===
 57.85336|I|libbeamng.print:18052| === LSTM_TRACE t=300 v=11.74 ws=5.40,11.85,10.73,4.51 cmd=0.840,0.817,0.493,0.511 cap=2332,2258,1018,1041 des=2332,2258,891,911 app=1764,1737,877,885 abs=nil,nil,nil,nil ebrake=1.00 ibrake=1.00 hasABS=0 sy=10.04 split=1.000,0.875 ===
 57.85345|I|libbeamng.print:18052| === LSTM_OBS t=300 5.40448,11.84516,10.73430,4.50613,-0.54142,10.03643,-9.62004,0.03270,0.00000,0.00000,0.00000,1.00000,0.00000,0.00494,-0.01518,3355.71781,0.25000 ===
 57.90365|I|libbeamng.print:18052| === LSTM_TRACE t=310 v=11.23 ws=5.86,10.87,10.20,4.94 cmd=0.640,0.632,0.481,0.478 cap=1691,1653,863,850 des=1691,1653,755,744 app=1645,1642,742,722 abs=nil,nil,nil,nil ebrake=1.00 ibrake=1.00 hasABS=0 sy=10.11 split=1.000,0.875 ===
 57.90369|I|libbeamng.print:18052| === LSTM_OBS t=310 5.86408,10.87316,10.20349,4.93975,-0.58447,10.11139,-9.62350,0.04442,0.00000,0.00000,0.00049,1.00000,0.00000,0.00428,-0.01578,3294.45445,0.25000 ===
 57.95357|I|libbeamng.print:18052| === LSTM_TRACE t=320 v=10.69 ws=6.12,10.21,9.72,5.21 cmd=0.688,0.698,0.476,0.462 cap=1975,2004,891,861 des=1975,2004,780,754 app=1921,1990,766,731 abs=nil,nil,nil,nil ebrake=1.00 ibrake=1.00 hasABS=0 sy=10.28 split=1.000,0.875 ===
 57.95362|I|libbeamng.print:18052| === LSTM_OBS t=320 6.12220,10.20634,9.71549,5.20718,-0.60082,10.27577,-9.64387,0.03883,0.00000,0.00000,0.00326,1.00000,0.00000,0.00354,-0.01675,3233.05167,0.25000 ===
 58.00360|I|libbeamng.print:18052| === LSTM_TRACE t=330 v=10.12 ws=5.80,9.42,9.14,5.51 cmd=0.716,0.744,0.440,0.413 cap=2393,2450,917,868 des=2393,2450,803,759 app=2329,2433,788,736 abs=nil,nil,nil,nil ebrake=1.00 ibrake=1.00 hasABS=0 sy=10.52 split=1.000,0.875 ===
 58.00368|I|libbeamng.print:18052| === LSTM_OBS t=330 5.79606,9.42120,9.14416,5.51457,-0.62921,10.52374,-9.70506,0.02368,0.00000,0.00000,0.00322,1.00000,0.00000,0.00327,-0.01774,3172.59167,0.25000 ===
 58.05350|I|libbeamng.print:18052| === LSTM_TRACE t=340 v=9.51 ws=5.07,8.59,8.63,6.00 cmd=0.744,0.774,0.457,0.429 cap=2316,2410,897,836 des=2316,2410,785,732 app=2254,2394,770,709 abs=nil,nil,nil,nil ebrake=1.00 ibrake=1.00 hasABS=0 sy=10.81 split=1.000,0.875 ===
 58.05358|I|libbeamng.print:18052| === LSTM_OBS t=340 5.07413,8.58719,8.63101,5.99560,-0.62674,10.81019,-9.73392,0.02762,0.00000,0.00000,0.00085,1.00000,0.00000,0.00363,-0.01868,3121.12550,0.25000 ===
 58.10360|I|libbeamng.print:18052| === LSTM_TRACE t=350 v=8.94 ws=4.27,8.41,7.76,6.53 cmd=0.769,0.777,0.520,0.511 cap=2016,2058,956,908 des=2016,2058,836,794 app=1963,2044,820,770 abs=nil,nil,nil,nil ebrake=1.00 ibrake=1.00 hasABS=0 sy=11.04 split=1.000,0.875 ===
 58.10369|I|libbeamng.print:18052| === LSTM_OBS t=350 4.26711,8.41080,7.76115,6.52615,-0.57623,11.03644,-9.77928,0.01281,0.00000,0.00000,0.00256,1.00000,0.00000,0.00401,-0.01920,3069.11445,0.25000 ===
 58.15357|I|libbeamng.print:18052| === LSTM_TRACE t=360 v=8.40 ws=3.52,7.42,6.35,7.45 cmd=0.541,0.561,0.543,0.529 cap=1737,1776,993,965 des=1737,1776,869,844 app=2007,2037,852,818 abs=nil,nil,nil,nil ebrake=1.00 ibrake=1.00 hasABS=0 sy=11.14 split=1.000,0.875 ===
 58.15362|I|libbeamng.print:18052| === LSTM_OBS t=360 3.51899,7.41671,6.35401,7.44696,-0.50833,11.13599,-9.80414,-0.00455,0.00000,0.00000,0.00414,1.00000,0.00000,0.00418,-0.01921,2998.88222,0.25000 ===
 58.20326|I|libbeamng.print:18052| === LSTM_TRACE t=370 v=7.86 ws=2.79,7.33,5.69,7.69 cmd=0.585,0.603,0.573,0.556 cap=2149,2130,1181,1142 des=2149,2130,1034,999 app=2090,2114,1013,969 abs=nil,nil,nil,nil ebrake=1.00 ibrake=1.00 hasABS=0 sy=11.10 split=1.000,0.875 ===
 58.20330|I|libbeamng.print:18052| === LSTM_OBS t=370 2.79461,7.32854,5.69478,7.69086,-0.51892,11.09818,-9.71800,-0.00845,0.00000,0.00000,0.00146,1.00000,0.00000,0.00477,-0.01902,2895.45662,0.25000 ===
 58.25341|I|libbeamng.print:18052| === LSTM_TRACE t=380 v=7.35 ws=2.95,7.33,5.49,6.91 cmd=0.752,0.742,0.674,0.681 cap=2047,2064,1303,1316 des=2047,2064,1140,1152 app=1973,1981,1117,1117 abs=nil,nil,nil,nil ebrake=1.00 ibrake=1.00 hasABS=0 sy=10.91 split=1.000,0.875 ===
 58.25345|I|libbeamng.print:18052| === LSTM_OBS t=380 2.95080,7.33185,5.49070,6.90625,-0.51792,10.90854,-9.58297,-0.01871,0.00000,0.00000,0.00000,1.00000,0.00000,0.00506,-0.01852,2745.91788,0.25000 ===
 58.30329|I|libbeamng.print:18052| === LSTM_TRACE t=390 v=6.81 ws=4.04,6.25,5.50,6.60 cmd=0.470,0.434,0.663,0.683 cap=1726,1555,1145,1171 des=1726,1555,1002,1025 app=1889,1854,981,995 abs=nil,nil,nil,nil ebrake=1.00 ibrake=1.00 hasABS=0 sy=10.72 split=1.000,0.875 ===
 58.30333|I|libbeamng.print:18052| === LSTM_OBS t=390 4.04100,6.25206,5.49725,6.60016,-0.47188,10.71683,-9.47508,-0.00491,0.00000,0.00000,0.00274,1.00000,0.00000,0.00498,-0.01745,2593.30758,0.25000 ===
 58.35336|I|libbeamng.print:18052| === LSTM_TRACE t=400 v=6.28 ws=5.26,6.34,5.24,5.63 cmd=0.844,0.810,0.684,0.701 cap=2391,2253,1476,1501 des=2391,2253,1292,1313 app=2101,2033,1264,1275 abs=nil,nil,nil,nil ebrake=1.00 ibrake=1.00 hasABS=0 sy=10.67 split=1.000,0.875 ===
 58.35343|I|libbeamng.print:18052| === LSTM_OBS t=400 5.26064,6.34006,5.23594,5.63152,-0.36764,10.66589,-9.34765,0.00787,0.00000,0.00000,0.00085,1.00000,0.00000,0.00375,-0.01659,2445.89258,0.25000 ===
 58.40338|I|libbeamng.print:18052| === LSTM_TRACE t=410 v=5.69 ws=5.02,5.23,5.25,5.17 cmd=0.619,0.589,0.685,0.669 cap=2101,1987,1290,1257 des=2101,1987,1129,1100 app=2076,2012,1104,1068 abs=nil,nil,nil,nil ebrake=1.00 ibrake=1.00 hasABS=0 sy=10.79 split=1.000,0.875 ===
 58.40343|I|libbeamng.print:18052| === LSTM_OBS t=410 5.01551,5.23308,5.25009,5.16616,-0.27247,10.78731,-9.33107,0.02213,0.00000,0.00000,0.00345,1.00000,0.00000,0.00173,-0.01648,2310.93171,0.25000 ===
 58.45348|I|libbeamng.print:18052| === LSTM_TRACE t=420 v=5.12 ws=4.80,4.98,4.85,4.67 cmd=0.868,0.850,0.730,0.731 cap=2399,2343,1435,1428 des=2399,2343,1256,1249 app=2254,2262,1228,1213 abs=nil,nil,nil,nil ebrake=1.00 ibrake=1.00 hasABS=0 sy=11.02 split=1.000,0.875 ===
 58.45354|I|libbeamng.print:18052| === LSTM_OBS t=420 4.80475,4.98290,4.85278,4.67474,-0.19667,11.02465,-9.50839,0.01302,0.00000,0.00000,0.00239,1.00000,0.00000,0.00040,-0.01685,2184.37238,0.25000 ===
 58.50333|I|libbeamng.print:18052| === LSTM_TRACE t=430 v=4.57 ws=3.76,3.62,4.52,4.42 cmd=0.881,0.869,0.755,0.749 cap=2408,2411,1352,1339 des=2408,2411,1183,1172 app=2341,2387,1156,1138 abs=nil,nil,nil,nil ebrake=1.00 ibrake=1.00 hasABS=0 sy=11.12 split=1.000,0.875 ===
 58.50341|I|libbeamng.print:18052| === LSTM_OBS t=430 3.75781,3.62008,4.51973,4.42157,-0.13235,11.11571,-9.75448,-0.00645,0.00000,0.00000,0.00749,1.00000,0.00000,-0.00031,-0.01682,2027.77507,0.25000 ===
 58.55339|I|libbeamng.print:18052| === LSTM_TRACE t=440 v=4.03 ws=2.04,2.11,4.16,4.29 cmd=0.757,0.753,0.676,0.666 cap=2427,2376,1338,1313 des=2427,2376,1170,1149 app=2359,2350,1143,1115 abs=nil,nil,nil,nil ebrake=1.00 ibrake=1.00 hasABS=0 sy=11.12 split=1.000,0.875 ===
 58.55346|I|libbeamng.print:18052| === LSTM_OBS t=440 2.03982,2.11159,4.15508,4.28800,-0.08221,11.11692,-9.92492,-0.00083,0.00000,0.00000,0.00104,1.00000,0.00000,0.00020,-0.01638,1832.76730,0.25000 ===
 58.60341|I|libbeamng.print:18052| === LSTM_TRACE t=450 v=3.53 ws=1.01,0.08,3.15,3.29 cmd=0.808,0.797,0.769,0.784 cap=2287,2296,1459,1475 des=2287,2296,1276,1290 app=2222,2269,1246,1252 abs=nil,nil,nil,nil ebrake=1.00 ibrake=1.00 hasABS=0 sy=10.90 split=1.000,0.875 ===
 58.60347|I|libbeamng.print:18052| === LSTM_OBS t=450 1.00677,0.08083,3.14576,3.29290,-0.11072,10.89644,-9.85425,0.00410,0.00000,0.00000,0.00430,1.00000,0.00000,0.00119,-0.01578,1624.15994,0.25000 ===
 58.65329|I|libbeamng.print:18052| === LSTM_TRACE t=460 v=3.00 ws=0.04,0.01,2.64,2.65 cmd=0.879,0.874,0.796,0.830 cap=2676,2653,1536,1598 des=2676,2653,1344,1398 app=2596,2619,1312,1356 abs=nil,nil,nil,nil ebrake=1.00 ibrake=1.00 hasABS=0 sy=10.70 split=1.000,0.875 ===
 58.65335|I|libbeamng.print:18052| === LSTM_OBS t=460 0.03703,0.01026,2.63627,2.65353,-0.06618,10.70320,-9.70169,0.00697,0.00000,0.00000,0.00311,1.00000,0.00000,0.00239,-0.01540,1408.97916,0.25000 ===
 58.70339|I|libbeamng.print:18052| === LSTM_TRACE t=470 v=2.48 ws=0.01,0.00,2.02,1.89 cmd=0.950,0.948,0.833,0.865 cap=2925,2922,1622,1686 des=2925,2922,1419,1475 app=2835,2881,1384,1430 abs=nil,nil,nil,nil ebrake=1.00 ibrake=1.00 hasABS=0 sy=10.61 split=1.000,0.875 ===
 58.70344|I|libbeamng.print:18052| === LSTM_OBS t=470 0.01494,0.00140,2.02103,1.88903,-0.02080,10.60653,-9.53844,-0.00106,0.00000,0.00000,0.00514,1.00000,0.00000,0.00255,-0.01498,1185.39524,0.25000 ===
 58.75324|I|libbeamng.print:18052| === LSTM_TRACE t=480 v=1.92 ws=0.01,0.00,1.66,0.84 cmd=0.962,0.961,0.840,0.864 cap=2972,2968,1626,1675 des=2972,2968,1423,1465 app=2877,2924,1387,1420 abs=nil,nil,nil,nil ebrake=1.00 ibrake=1.00 hasABS=0 sy=10.68 split=1.000,0.875 ===
 58.75328|I|libbeamng.print:18052| === LSTM_OBS t=480 0.00654,0.00338,1.66188,0.83985,-0.03406,10.67628,-9.43778,0.00182,0.00000,0.00000,0.00433,1.00000,0.00000,0.00225,-0.01437,969.94835,0.25000 ===
 58.80372|I|libbeamng.print:18052| === LSTM_TRACE t=490 v=1.35 ws=0.01,0.00,0.57,0.44 cmd=0.980,0.978,0.847,0.860 cap=3032,3025,1645,1671 des=3032,3025,1439,1462 app=2932,2977,1402,1416 abs=nil,nil,nil,nil ebrake=1.00 ibrake=1.00 hasABS=0 sy=10.85 split=1.000,0.875 ===
 58.80377|I|libbeamng.print:18052| === LSTM_OBS t=490 0.01417,0.00190,0.57341,0.44206,-0.01012,10.84696,-9.45179,0.01106,0.00000,0.00000,0.00433,1.00000,0.00000,0.00205,-0.01385,783.39513,0.25000 ===
 58.85727|I|libbeamng.print:18052| === LSTM_TRACE t=500 v=0.78 ws=0.00,0.01,0.21,0.54 cmd=0.983,0.982,0.853,0.856 cap=3049,3043,1655,1660 des=3049,3043,1448,1452 app=2945,2991,1409,1405 abs=nil,nil,nil,nil ebrake=1.00 ibrake=1.00 hasABS=0 sy=11.01 split=1.000,0.875 ===
 58.85737|I|libbeamng.print:18052| === LSTM_OBS t=500 0.00316,0.00974,0.21108,0.54190,0.00872,11.01039,-9.48742,0.01342,0.00000,0.00000,0.00435,1.00000,0.00000,0.00171,-0.01334,736.07954,0.25000 ===
 89.52724|I|libbeamng.print:18052| === LSTM_TRACE t=0 v=27.71 ws=27.83,27.84,27.37,27.48 cmd=0.921,0.911,0.566,0.607 cap=155,155,97,97 des=155,155,85,85 app=73,74,41,40 abs=nil,nil,nil,nil ebrake=1.00 ibrake=1.00 hasABS=0 sy=1.56 split=1.000,0.875 ===
 89.52729|I|libbeamng.print:18052| === LSTM_OBS t=0 27.82923,27.84387,27.36516,27.47734,0.03757,1.56461,-9.77514,0.00714,0.00000,0.00000,0.00000,1.00000,0.00000,0.00063,-0.00903,7856.62843,0.25000 ===
 89.57701|I|libbeamng.print:18052| === LSTM_TRACE t=10 v=27.40 ws=25.93,25.59,26.71,26.79 cmd=0.633,0.686,0.705,0.685 cap=1948,2116,1347,1301 des=1948,2116,1179,1139 app=1857,2042,1136,1091 abs=nil,nil,nil,nil ebrake=1.00 ibrake=1.00 hasABS=0 sy=2.27 split=1.000,0.875 ===
 89.57705|I|libbeamng.print:18052| === LSTM_OBS t=10 25.92690,25.58771,26.70835,26.79087,0.03434,2.26887,-9.74443,-0.00638,0.00000,0.00000,0.00069,1.00000,0.00000,0.00069,-0.01001,7755.97166,0.25000 ===
 89.59734|I|libbeamng.print:18052| === LSTM_ABS DBG raw=25.1181,24.7445,26.2107,26.2937,0.0367,2.9624,-9.6434,-0.0132,0.0000,0.0000,0.0032,1.0000,0.0000,0.0007,-0.0112,7660.9409,0.2500 ===
 89.59738|I|libbeamng.print:18052| === LSTM_ABS DBG norm=0.48,0.40,0.50,0.49,-0.12,-1.99,0.00,-0.07,0.06,-0.06,0.05,0.59,-0.02,0.00,0.00,3.79,0.00 ===
 89.59739|I|libbeamng.print:18052| === LSTM_ABS DBG cmd=0.7877,0.8181,0.7628,0.7724 ===
 89.62711|I|libbeamng.print:18052| === LSTM_TRACE t=20 v=26.90 ws=24.15,23.26,25.58,25.60 cmd=0.792,0.816,0.781,0.807 cap=2430,2510,1515,1561 des=2430,2510,1325,1366 app=2340,2442,1288,1322 abs=nil,nil,nil,nil ebrake=1.00 ibrake=1.00 hasABS=0 sy=4.11 split=1.000,0.875 ===
 89.62715|I|libbeamng.print:18052| === LSTM_OBS t=20 24.14745,23.26414,25.58331,25.60107,0.06377,4.11097,-9.45761,-0.02940,0.00000,0.00000,0.00278,1.00000,0.00000,0.00083,-0.01319,7488.61490,0.25000 ===
 89.67722|I|libbeamng.print:18052| === LSTM_TRACE t=30 v=26.37 ws=23.38,21.51,24.68,24.62 cmd=0.810,0.821,0.766,0.798 cap=2494,2529,1505,1565 des=2494,2529,1317,1370 app=2420,2476,1287,1336 abs=nil,nil,nil,nil ebrake=1.00 ibrake=1.00 hasABS=0 sy=5.97 split=1.000,0.875 ===
 89.67726|I|libbeamng.print:18052| === LSTM_OBS t=30 23.37803,21.51198,24.67966,24.61579,0.02091,5.97421,-9.30008,0.00076,0.00000,0.00000,0.00305,1.00000,0.00000,0.00129,-0.01599,7185.96231,0.25000 ===
 89.72718|I|libbeamng.print:18052| === LSTM_TRACE t=40 v=25.78 ws=22.75,19.55,23.78,23.80 cmd=0.789,0.803,0.748,0.776 cap=2509,2539,1474,1529 des=2509,2539,1290,1337 app=2450,2496,1267,1311 abs=nil,nil,nil,nil ebrake=1.00 ibrake=1.00 hasABS=0 sy=7.54 split=1.000,0.875 ===
 89.72725|I|libbeamng.print:18052| === LSTM_OBS t=40 22.75446,19.54975,23.78014,23.79900,0.02428,7.54034,-9.36307,0.00449,0.00000,0.00000,0.00318,1.00000,0.00000,0.00159,-0.01748,6923.87535,0.25000 ===
 89.77713|I|libbeamng.print:18052| === LSTM_TRACE t=50 v=25.17 ws=22.23,16.80,23.00,23.16 cmd=0.834,0.840,0.795,0.810 cap=2257,2300,1459,1485 des=2257,2300,1276,1299 app=2215,2267,1258,1278 abs=nil,nil,nil,nil ebrake=1.00 ibrake=1.00 hasABS=0 sy=8.80 split=1.000,0.875 ===
 89.77718|I|libbeamng.print:18052| === LSTM_OBS t=50 22.23258,16.80494,22.99670,23.16128,0.00773,8.80388,-9.51867,0.01361,0.00000,0.00000,0.00331,1.00000,0.00000,0.00196,-0.01851,6699.78708,0.25000 ===
 89.82719|I|libbeamng.print:18052| === LSTM_TRACE t=60 v=24.58 ws=22.09,13.70,22.01,22.51 cmd=0.751,0.746,0.768,0.768 cap=2376,2370,1493,1495 des=2376,2370,1306,1308 app=2340,2341,1291,1291 abs=nil,nil,nil,nil ebrake=1.00 ibrake=1.00 hasABS=0 sy=9.69 split=1.000,0.875 ===
 89.82724|I|libbeamng.print:18052| === LSTM_OBS t=60 22.09157,13.70082,22.01346,22.51450,-0.01517,9.68664,-9.65060,0.01451,0.00000,0.00000,0.00354,1.00000,0.00000,0.00224,-0.01876,6478.97978,0.25000 ===
 89.87721|I|libbeamng.print:18052| === LSTM_TRACE t=70 v=24.02 ws=22.38,10.96,20.71,22.36 cmd=0.712,0.699,0.765,0.774 cap=2265,2227,1492,1508 des=2265,2227,1305,1320 app=2237,2202,1292,1305 abs=nil,nil,nil,nil ebrake=1.00 ibrake=1.00 hasABS=0 sy=10.22 split=1.000,0.875 ===
 89.87725|I|libbeamng.print:18052| === LSTM_OBS t=70 22.38447,10.96348,20.71370,22.36395,-0.09930,10.21714,-9.74868,0.01665,0.00000,0.00000,0.00329,1.00000,0.00000,0.00282,-0.01834,6259.47188,0.25000 ===
 89.92709|I|libbeamng.print:18052| === LSTM_TRACE t=80 v=23.46 ws=22.06,8.30,19.56,22.07 cmd=0.650,0.634,0.747,0.768 cap=2181,2126,1486,1525 des=2181,2126,1300,1334 app=2159,2103,1289,1322 abs=nil,nil,nil,nil ebrake=1.00 ibrake=1.00 hasABS=0 sy=10.51 split=1.000,0.875 ===
 89.92713|I|libbeamng.print:18052| === LSTM_OBS t=80 22.05890,8.30440,19.56056,22.07330,-0.16000,10.50614,-9.78175,0.02435,0.00000,0.00000,0.00311,1.00000,0.00000,0.00342,-0.01735,6048.20012,0.25000 ===
 89.97722|I|libbeamng.print:18052| === LSTM_TRACE t=90 v=22.95 ws=21.66,6.13,18.24,21.82 cmd=0.607,0.592,0.755,0.784 cap=2100,2046,1501,1556 des=2100,2046,1313,1361 app=2082,2023,1303,1350 abs=nil,nil,nil,nil ebrake=1.00 ibrake=1.00 hasABS=0 sy=10.56 split=1.000,0.875 ===
 89.97726|I|libbeamng.print:18052| === LSTM_OBS t=90 21.66350,6.12633,18.23590,21.81732,-0.22774,10.55963,-9.74289,0.00671,0.00000,0.00000,0.00270,1.00000,0.00000,0.00413,-0.01626,5840.33210,0.25000 ===
 90.02710|I|libbeamng.print:18052| === LSTM_TRACE t=100 v=22.42 ws=21.32,4.60,17.22,21.35 cmd=0.659,0.646,0.787,0.820 cap=1937,1900,1509,1572 des=1937,1900,1320,1376 app=1923,1879,1312,1367 abs=nil,nil,nil,nil ebrake=1.00 ibrake=1.00 hasABS=0 sy=10.55 split=1.000,0.875 ===
 90.02714|I|libbeamng.print:18052| === LSTM_OBS t=100 21.31735,4.60482,17.21582,21.35098,-0.24471,10.54745,-9.68482,-0.01075,0.00000,0.00000,0.00254,1.00000,0.00000,0.00430,-0.01520,5624.95607,0.25000 ===
 90.07710|I|libbeamng.print:18052| === LSTM_TRACE t=110 v=21.89 ws=20.52,3.16,16.24,20.73 cmd=0.582,0.577,0.783,0.816 cap=2065,2036,1536,1601 des=2065,2036,1344,1401 app=2053,2012,1335,1393 abs=nil,nil,nil,nil ebrake=1.00 ibrake=1.00 hasABS=0 sy=10.53 split=1.000,0.875 ===
 90.07714|I|libbeamng.print:18052| === LSTM_OBS t=110 20.52039,3.16246,16.23750,20.73195,-0.23702,10.52857,-9.67244,-0.02342,0.00000,0.00000,0.00274,1.00000,0.00000,0.00318,-0.01386,5400.12224,0.25000 ===
 90.12700|I|libbeamng.print:18052| === LSTM_TRACE t=120 v=21.36 ws=20.08,1.40,15.37,19.89 cmd=0.625,0.624,0.810,0.840 cap=1906,1889,1565,1623 des=1906,1889,1370,1420 app=1896,1866,1362,1413 abs=nil,nil,nil,nil ebrake=1.00 ibrake=1.00 hasABS=0 sy=10.52 split=1.000,0.875 ===
 90.12704|I|libbeamng.print:18052| === LSTM_OBS t=120 20.08041,1.39564,15.37395,19.88852,-0.22820,10.51963,-9.65645,-0.02664,0.00000,0.00000,0.00204,1.00000,0.00000,0.00110,-0.01239,5177.60111,0.25000 ===
 90.17705|I|libbeamng.print:18052| === LSTM_TRACE t=130 v=20.86 ws=19.21,0.07,14.89,18.86 cmd=0.735,0.726,0.813,0.843 cap=2295,2273,1594,1651 des=2295,2273,1395,1445 app=2285,2243,1388,1439 abs=nil,nil,nil,nil ebrake=1.00 ibrake=1.00 hasABS=0 sy=10.46 split=1.000,0.875 ===
 90.17713|I|libbeamng.print:18052| === LSTM_OBS t=130 19.21155,0.06528,14.88837,18.86048,-0.23629,10.45887,-9.63309,-0.01920,0.00000,0.00000,0.00423,1.00000,0.00000,0.00002,-0.01115,4955.46768,0.25000 ===
 90.22729|I|libbeamng.print:18052| === LSTM_TRACE t=140 v=20.30 ws=18.29,0.01,14.28,18.15 cmd=0.730,0.715,0.808,0.837 cap=2258,2213,1561,1618 des=2258,2213,1366,1415 app=2249,2182,1359,1411 abs=nil,nil,nil,nil ebrake=1.00 ibrake=1.00 hasABS=0 sy=10.55 split=1.000,0.875 ===
 90.22735|I|libbeamng.print:18052| === LSTM_OBS t=140 18.28922,0.00622,14.28130,18.15002,-0.19233,10.55298,-9.60783,0.00439,0.00000,0.00000,0.00293,1.00000,0.00000,0.00006,-0.01044,4738.30980,0.25000 ===
 90.27705|I|libbeamng.print:18052| === LSTM_TRACE t=150 v=19.75 ws=17.49,0.06,13.36,17.60 cmd=0.652,0.621,0.754,0.787 cap=2134,2043,1472,1534 des=2134,2043,1288,1342 app=2128,2013,1282,1338 abs=nil,nil,nil,nil ebrake=1.00 ibrake=1.00 hasABS=0 sy=10.68 split=1.000,0.875 ===
 90.27709|I|libbeamng.print:18052| === LSTM_OBS t=150 17.48661,0.06187,13.35625,17.60135,-0.13104,10.68472,-9.64600,0.02162,0.00000,0.00000,0.00293,1.00000,0.00000,0.00012,-0.01013,4528.04487,0.25000 ===
 90.32729|I|libbeamng.print:18052| === LSTM_TRACE t=160 v=19.20 ws=17.95,0.05,12.84,17.15 cmd=0.618,0.549,0.670,0.693 cap=1932,1730,1290,1342 des=1932,1730,1129,1174 app=1927,1702,1123,1171 abs=nil,nil,nil,nil ebrake=1.00 ibrake=1.00 hasABS=0 sy=10.77 split=1.000,0.875 ===
 90.32734|I|libbeamng.print:18052| === LSTM_OBS t=160 17.94623,0.04764,12.83734,17.14916,-0.10105,10.76711,-9.71887,0.01526,0.00000,0.00000,0.00370,1.00000,0.00000,0.00001,-0.01003,4345.20495,0.25000 ===
 90.37705|I|libbeamng.print:18052| === LSTM_TRACE t=170 v=18.69 ws=17.81,2.21,12.34,16.91 cmd=0.363,0.320,0.493,0.510 cap=1784,1579,1111,1162 des=1784,1579,972,1017 app=1779,1552,967,1014 abs=nil,nil,nil,nil ebrake=1.00 ibrake=1.00 hasABS=0 sy=10.69 split=1.000,0.875 ===
 90.37709|I|libbeamng.print:18052| === LSTM_OBS t=170 17.81365,2.21485,12.34370,16.90505,-0.08046,10.68573,-9.76838,-0.00222,0.00000,0.00000,0.00115,1.00000,0.00000,0.00011,-0.00992,4223.83904,0.25000 ===
 90.42705|I|libbeamng.print:18052| === LSTM_TRACE t=180 v=18.20 ws=17.63,5.24,12.42,16.82 cmd=0.511,0.468,0.414,0.437 cap=1659,1547,837,890 des=1659,1547,732,779 app=1655,1521,728,776 abs=nil,nil,nil,nil ebrake=1.00 ibrake=1.00 hasABS=0 sy=10.51 split=1.000,0.875 ===
 90.42710|I|libbeamng.print:18052| === LSTM_OBS t=180 17.62749,5.24239,12.41774,16.82127,-0.02315,10.51085,-9.81589,-0.01437,0.00000,0.00000,0.00398,1.00000,0.00000,-0.00038,-0.00977,4186.02541,0.25000 ===
 90.47704|I|libbeamng.print:18052| === LSTM_TRACE t=190 v=17.67 ws=16.64,6.45,11.77,16.33 cmd=0.499,0.482,0.413,0.423 cap=1653,1573,858,871 des=1653,1573,751,762 app=1649,1547,746,759 abs=nil,nil,nil,nil ebrake=1.00 ibrake=1.00 hasABS=0 sy=10.44 split=1.000,0.875 ===
 90.47708|I|libbeamng.print:18052| === LSTM_OBS t=190 16.63683,6.44671,11.76600,16.32883,-0.06496,10.44470,-9.80052,-0.02535,0.00000,0.00000,0.00221,1.00000,0.00000,0.00116,-0.01108,4234.66886,0.25000 ===
 90.52709|I|libbeamng.print:18052| === LSTM_TRACE t=200 v=17.12 ws=16.15,7.37,10.06,16.34 cmd=0.672,0.665,0.421,0.432 cap=1898,1837,988,963 des=1898,1837,865,843 app=1894,1807,859,839 abs=nil,nil,nil,nil ebrake=1.00 ibrake=1.00 hasABS=0 sy=10.51 split=1.000,0.875 ===
 90.52713|I|libbeamng.print:18052| === LSTM_OBS t=200 16.15262,7.37048,10.05578,16.33574,0.03862,10.51486,-9.78839,-0.03655,0.00000,0.00000,0.00210,1.00000,0.00000,0.00186,-0.01333,4294.31401,0.25000 ===
 90.57719|I|libbeamng.print:18052| === LSTM_TRACE t=210 v=16.58 ws=15.47,6.69,9.05,15.75 cmd=0.639,0.628,0.563,0.550 cap=1578,1556,927,897 des=1578,1556,811,785 app=1705,1615,805,781 abs=nil,nil,nil,nil ebrake=1.00 ibrake=1.00 hasABS=0 sy=10.58 split=1.000,0.875 ===
 90.57723|I|libbeamng.print:18052| === LSTM_OBS t=210 15.47328,6.69237,9.04562,15.75107,0.10227,10.58223,-9.75520,-0.03375,0.00000,0.00000,0.00183,1.00000,0.00000,0.00121,-0.01553,4297.55969,0.25000 ===
 90.62703|I|libbeamng.print:18052| === LSTM_TRACE t=220 v=16.07 ws=15.33,6.63,7.28,15.08 cmd=0.782,0.773,0.524,0.527 cap=1831,1875,1065,1057 des=1831,1875,932,925 app=1827,1845,925,921 abs=nil,nil,nil,nil ebrake=1.00 ibrake=1.00 hasABS=0 sy=10.57 split=1.000,0.875 ===
 90.62707|I|libbeamng.print:18052| === LSTM_OBS t=220 15.32703,6.63259,7.27743,15.08147,0.15789,10.56606,-9.78908,-0.03315,0.00000,0.00000,0.00430,1.00000,0.00000,0.00059,-0.01643,4258.53462,0.25000 ===
 90.67720|I|libbeamng.print:18052| === LSTM_TRACE t=230 v=15.55 ws=14.74,5.51,6.25,15.08 cmd=0.564,0.566,0.581,0.580 cap=1793,1817,983,981 des=1793,1817,860,859 app=1791,1789,853,855 abs=nil,nil,nil,nil ebrake=1.00 ibrake=1.00 hasABS=0 sy=10.51 split=1.000,0.875 ===
 90.67725|I|libbeamng.print:18052| === LSTM_OBS t=230 14.74184,5.51262,6.24513,15.08452,0.22451,10.51308,-9.76490,-0.03228,0.00000,0.00000,0.00244,1.00000,0.00000,-0.00000,-0.01675,4194.03455,0.25000 ===
 90.72715|I|libbeamng.print:18052| === LSTM_TRACE t=240 v=15.04 ws=14.14,4.76,5.25,14.14 cmd=0.616,0.608,0.588,0.593 cap=2005,1965,1187,1209 des=2005,1965,1039,1058 app=2002,1935,1030,1053 abs=nil,nil,nil,nil ebrake=1.00 ibrake=1.00 hasABS=0 sy=10.45 split=1.000,0.875 ===
 90.72720|I|libbeamng.print:18052| === LSTM_OBS t=240 14.14461,4.76129,5.24688,14.14116,0.28659,10.45244,-9.72027,-0.04310,0.00000,0.00000,0.00345,1.00000,0.00000,-0.00070,-0.01643,4099.26067,0.25000 ===
 90.78854|I|libbeamng.print:18052| === LSTM_TRACE t=250 v=14.52 ws=13.69,3.95,4.63,13.70 cmd=0.619,0.606,0.687,0.696 cap=1576,1546,1239,1233 des=1576,1546,1084,1079 app=1742,1654,1074,1074 abs=nil,nil,nil,nil ebrake=1.00 ibrake=1.00 hasABS=0 sy=10.47 split=1.000,0.875 ===
 90.78860|I|libbeamng.print:18052| === LSTM_OBS t=250 13.68802,3.94717,4.63200,13.70054,0.36585,10.47390,-9.68999,-0.03277,0.00000,0.00000,0.00381,1.00000,0.00000,-0.00147,-0.01608,3975.47121,0.25000 ===
 90.83458|I|libbeamng.print:18052| === LSTM_TRACE t=260 v=14.00 ws=13.18,3.06,4.60,13.59 cmd=0.469,0.462,0.686,0.678 cap=1851,1754,1217,1197 des=1851,1754,1064,1048 app=1863,1794,1054,1043 abs=nil,nil,nil,nil ebrake=1.00 ibrake=1.00 hasABS=0 sy=10.44 split=1.000,0.875 ===
 90.83462|I|libbeamng.print:18052| === LSTM_OBS t=260 13.18416,3.06132,4.60309,13.59321,0.40920,10.43650,-9.62072,-0.03023,0.00000,0.00000,0.00069,1.00000,0.00000,-0.00247,-0.01545,3832.13560,0.25000 ===
 90.88488|I|libbeamng.print:18052| === LSTM_TRACE t=270 v=13.49 ws=12.97,3.38,4.01,12.37 cmd=0.775,0.740,0.703,0.701 cap=2321,2218,1460,1456 des=2321,2218,1278,1274 app=2157,2069,1264,1268 abs=nil,nil,nil,nil ebrake=1.00 ibrake=1.00 hasABS=0 sy=10.31 split=1.000,0.875 ===
 90.88492|I|libbeamng.print:18052| === LSTM_OBS t=270 12.96787,3.37952,4.00599,12.37120,0.42735,10.31046,-9.56948,-0.03308,0.00000,0.00000,0.00417,1.00000,0.00000,-0.00292,-0.01431,3662.57386,0.25000 ===
 90.93495|I|libbeamng.print:18052| === LSTM_TRACE t=280 v=13.01 ws=12.19,3.16,3.94,11.70 cmd=0.717,0.677,0.673,0.663 cap=2544,2443,1427,1443 des=2544,2443,1249,1263 app=2216,2146,1235,1257 abs=nil,nil,nil,nil ebrake=1.00 ibrake=1.00 hasABS=0 sy=10.27 split=1.000,0.875 ===
 90.93499|I|libbeamng.print:18052| === LSTM_OBS t=280 12.18871,3.16226,3.93767,11.70120,0.47180,10.27316,-9.52659,-0.04023,0.00000,0.00000,0.00542,1.00000,0.00000,-0.00306,-0.01352,3497.19991,0.25000 ===
 90.98365|I|libbeamng.print:18052| === LSTM_TRACE t=290 v=12.45 ws=11.82,3.02,3.39,11.54 cmd=0.860,0.823,0.710,0.702 cap=2761,2669,1480,1474 des=2761,2669,1295,1290 app=2332,2155,1280,1284 abs=nil,nil,nil,nil ebrake=1.00 ibrake=1.00 hasABS=0 sy=10.33 split=1.000,0.875 ===
 90.98370|I|libbeamng.print:18052| === LSTM_OBS t=290 11.81681,3.01539,3.38728,11.53985,0.46407,10.32670,-9.48540,-0.03230,0.00000,0.00000,0.00626,1.00000,0.00000,-0.00279,-0.01319,3341.08358,0.25000 ===
 91.03359|I|libbeamng.print:18052| === LSTM_TRACE t=300 v=11.95 ws=11.31,0.63,3.50,11.06 cmd=0.534,0.505,0.760,0.746 cap=872,856,1406,1365 des=872,856,1230,1194 app=1500,1354,1216,1189 abs=nil,nil,nil,nil ebrake=1.00 ibrake=1.00 hasABS=0 sy=10.40 split=1.000,0.875 ===
 91.03371|I|libbeamng.print:18052| === LSTM_OBS t=300 11.30945,0.62516,3.49565,11.06292,0.53982,10.39959,-9.58289,-0.02936,0.00000,0.00000,0.00467,1.00000,0.00000,-0.00295,-0.01294,3169.55771,0.25000 ===
 91.08349|I|libbeamng.print:18052| === LSTM_TRACE t=310 v=11.37 ws=10.69,1.67,3.16,10.17 cmd=0.728,0.686,0.762,0.761 cap=1944,1816,1461,1454 des=1944,1816,1279,1272 app=1941,1784,1263,1266 abs=nil,nil,nil,nil ebrake=1.00 ibrake=1.00 hasABS=0 sy=10.48 split=1.000,0.875 ===
 91.08353|I|libbeamng.print:18052| === LSTM_OBS t=310 10.68560,1.67301,3.16096,10.16819,0.48528,10.48264,-9.63805,-0.01495,0.00000,0.00000,0.00265,1.00000,0.00000,-0.00233,-0.01288,3002.65639,0.25000 ===
 91.13359|I|libbeamng.print:18052| === LSTM_TRACE t=320 v=10.86 ws=10.38,0.51,2.71,9.62 cmd=0.686,0.638,0.739,0.739 cap=1889,1725,1413,1392 des=1889,1725,1237,1218 app=1886,1693,1221,1212 abs=nil,nil,nil,nil ebrake=1.00 ibrake=1.00 hasABS=0 sy=10.45 split=1.000,0.875 ===
 91.13364|I|libbeamng.print:18052| === LSTM_OBS t=320 10.37765,0.50744,2.70913,9.62193,0.42752,10.45391,-9.61805,-0.01053,0.00000,0.00000,0.00198,1.00000,0.00000,-0.00189,-0.01276,2831.00633,0.25000 ===
 91.18329|I|libbeamng.print:18052| === LSTM_TRACE t=330 v=10.32 ws=9.63,0.63,2.48,9.37 cmd=0.687,0.635,0.750,0.749 cap=2078,1925,1438,1431 des=2078,1925,1258,1252 app=2075,1889,1241,1246 abs=nil,nil,nil,nil ebrake=1.00 ibrake=1.00 hasABS=0 sy=10.52 split=1.000,0.875 ===
 91.18334|I|libbeamng.print:18052| === LSTM_OBS t=330 9.62508,0.62689,2.48345,9.36939,0.51973,10.52078,-9.56780,-0.00591,0.00000,0.00000,0.00192,1.00000,0.00000,-0.00267,-0.01238,2655.19991,0.25000 ===
 91.23342|I|libbeamng.print:18052| === LSTM_TRACE t=340 v=9.80 ws=9.29,0.13,2.31,8.45 cmd=0.770,0.711,0.762,0.768 cap=2339,2173,1513,1526 des=2339,2173,1324,1335 app=2258,2077,1306,1329 abs=nil,nil,nil,nil ebrake=1.00 ibrake=1.00 hasABS=0 sy=10.58 split=1.000,0.875 ===
 91.23347|I|libbeamng.print:18052| === LSTM_OBS t=340 9.29073,0.12875,2.30843,8.45148,0.47972,10.58460,-9.60940,0.00643,0.00000,0.00000,0.00322,1.00000,0.00000,-0.00314,-0.01225,2481.55737,0.25000 ===
 91.27969|I|libbeamng.print:18052| === LSTM_TRACE t=350 v=9.24 ws=8.23,0.03,1.92,7.92 cmd=0.655,0.595,0.736,0.744 cap=2460,2291,1524,1546 des=2460,2291,1333,1352 app=2455,2246,1314,1346 abs=nil,nil,nil,nil ebrake=1.00 ibrake=1.00 hasABS=0 sy=10.61 split=1.000,0.875 ===
 91.27974|I|libbeamng.print:18052| === LSTM_OBS t=350 8.22841,0.03171,1.92024,7.91742,0.40803,10.61374,-9.59217,0.00557,0.00000,0.00000,0.00349,1.00000,0.00000,-0.00254,-0.01195,2321.86337,0.25000 ===
 91.32962|I|libbeamng.print:18052| === LSTM_TRACE t=360 v=8.70 ws=6.93,0.01,2.12,8.04 cmd=0.700,0.645,0.779,0.792 cap=2266,2124,1527,1558 des=2266,2124,1336,1363 app=2262,2081,1317,1356 abs=nil,nil,nil,nil ebrake=1.00 ibrake=1.00 hasABS=0 sy=10.69 split=1.000,0.875 ===
 91.32968|I|libbeamng.print:18052| === LSTM_OBS t=360 6.93147,0.01301,2.11522,8.03696,0.37231,10.69027,-9.66843,0.00136,0.00000,0.00000,0.00285,1.00000,0.00000,-0.00195,-0.01180,2139.62347,0.25000 ===
 91.37971|I|libbeamng.print:18052| === LSTM_TRACE t=370 v=8.16 ws=5.74,0.04,1.20,6.89 cmd=0.768,0.716,0.800,0.820 cap=2387,2259,1549,1593 des=2387,2259,1356,1393 app=2381,2212,1335,1386 abs=nil,nil,nil,nil ebrake=1.00 ibrake=1.00 hasABS=0 sy=10.83 split=1.000,0.875 ===
 91.37980|I|libbeamng.print:18052| === LSTM_OBS t=370 5.73744,0.04157,1.20037,6.88783,0.27838,10.83414,-9.73933,0.00789,0.00000,0.00000,0.00507,1.00000,0.00000,-0.00116,-0.01181,1963.04459,0.25000 ===
 91.42993|I|libbeamng.print:18052| === LSTM_TRACE t=380 v=7.59 ws=4.56,0.07,1.24,5.53 cmd=0.744,0.689,0.806,0.832 cap=2367,2207,1583,1630 des=2367,2207,1385,1426 app=2361,2160,1364,1419 abs=nil,nil,nil,nil ebrake=1.00 ibrake=1.00 hasABS=0 sy=10.89 split=1.000,0.875 ===
 91.42997|I|libbeamng.print:18052| === LSTM_OBS t=380 4.56455,0.07495,1.23785,5.52817,0.23263,10.89393,-9.66536,0.01160,0.00000,0.00000,0.00570,1.00000,0.00000,-0.00078,-0.01153,1773.17017,0.25000 ===
 91.47951|I|libbeamng.print:18052| === LSTM_TRACE t=390 v=7.06 ws=3.08,0.07,0.63,5.80 cmd=0.625,0.598,0.809,0.832 cap=2104,1984,1537,1576 des=2104,1984,1345,1379 app=2169,2019,1323,1371 abs=nil,nil,nil,nil ebrake=1.00 ibrake=1.00 hasABS=0 sy=10.94 split=1.000,0.875 ===
 91.47957|I|libbeamng.print:18052| === LSTM_OBS t=390 3.08379,0.07040,0.63359,5.79562,0.20281,10.94429,-9.75782,0.00482,0.00000,0.00000,0.00204,1.00000,0.00000,0.00059,-0.01084,1577.83230,0.25000 ===
 91.52969|I|libbeamng.print:18052| === LSTM_TRACE t=400 v=6.53 ws=1.55,0.10,0.09,5.83 cmd=0.636,0.595,0.811,0.836 cap=2181,2035,1633,1677 des=2181,2035,1429,1467 app=2174,1989,1406,1458 abs=nil,nil,nil,nil ebrake=1.00 ibrake=1.00 hasABS=0 sy=10.88 split=1.000,0.875 ===
 91.52975|I|libbeamng.print:18052| === LSTM_OBS t=400 1.55417,0.09788,0.09043,5.83020,0.17048,10.87760,-9.76939,-0.00585,0.00000,0.00000,0.00497,1.00000,0.00000,0.00175,-0.00984,1367.50775,0.25000 ===
 91.57967|I|libbeamng.print:18052| === LSTM_TRACE t=410 v=5.99 ws=0.09,0.04,0.08,5.04 cmd=0.776,0.762,0.829,0.854 cap=2277,2223,1599,1648 des=2277,2223,1399,1442 app=2268,2173,1375,1433 abs=nil,nil,nil,nil ebrake=1.00 ibrake=1.00 hasABS=0 sy=10.80 split=1.000,0.875 ===
 91.57972|I|libbeamng.print:18052| === LSTM_OBS t=410 0.08608,0.04311,0.08366,5.03549,0.16327,10.79760,-9.72404,-0.01432,0.00000,0.00000,0.00210,1.00000,0.00000,0.00206,-0.00905,1183.55685,0.25000 ===
 91.62977|I|libbeamng.print:18052| === LSTM_TRACE t=420 v=5.45 ws=0.07,0.03,0.02,3.79 cmd=0.961,0.960,0.851,0.865 cap=2946,2941,1650,1677 des=2946,2941,1443,1467 app=2931,2872,1418,1458 abs=nil,nil,nil,nil ebrake=1.00 ibrake=1.00 hasABS=0 sy=10.86 split=1.000,0.875 ===
 91.62988|I|libbeamng.print:18052| === LSTM_OBS t=420 0.06752,0.03444,0.01717,3.79299,0.15347,10.86147,-9.73332,-0.01936,0.00000,0.00000,0.00417,1.00000,0.00000,0.00201,-0.00899,1020.07250,0.25000 ===
 91.67998|I|libbeamng.print:18052| === LSTM_TRACE t=430 v=4.89 ws=0.01,0.01,0.03,2.94 cmd=0.977,0.976,0.852,0.857 cap=3030,3027,1660,1673 des=3030,3027,1453,1464 app=3013,2955,1427,1454 abs=nil,nil,nil,nil ebrake=1.00 ibrake=1.00 hasABS=0 sy=10.84 split=1.000,0.875 ===
 91.68003|I|libbeamng.print:18052| === LSTM_OBS t=430 0.01490,0.01163,0.02726,2.93966,0.12154,10.83535,-9.73720,-0.01692,0.00000,0.00000,0.00470,1.00000,0.00000,0.00189,-0.00940,846.49974,0.25000 ===
 91.72955|I|libbeamng.print:18052| === LSTM_TRACE t=440 v=4.36 ws=0.00,0.00,0.04,1.44 cmd=0.984,0.983,0.862,0.860 cap=3049,3046,1671,1668 des=3049,3046,1462,1459 app=3030,2973,1435,1448 abs=nil,nil,nil,nil ebrake=1.00 ibrake=1.00 hasABS=0 sy=10.83 split=1.000,0.875 ===
 91.72960|I|libbeamng.print:18052| === LSTM_OBS t=440 0.00060,0.00318,0.04207,1.44293,0.13447,10.82746,-9.70103,-0.01894,0.00000,0.00000,0.00455,1.00000,0.00000,0.00171,-0.00998,744.20369,0.25000 ===
 91.77935|I|libbeamng.print:18052| === LSTM_TRACE t=450 v=3.81 ws=0.01,0.01,0.03,0.84 cmd=0.984,0.983,0.863,0.862 cap=3050,3047,1677,1675 des=3050,3047,1467,1466 app=3029,2973,1440,1454 abs=nil,nil,nil,nil ebrake=1.00 ibrake=1.00 hasABS=0 sy=10.84 split=1.000,0.875 ===
 91.77939|I|libbeamng.print:18052| === LSTM_OBS t=450 0.00991,0.00546,0.02756,0.83918,0.13800,10.83725,-9.65408,-0.02255,0.00000,0.00000,0.00547,1.00000,0.00000,0.00116,-0.01013,731.01253,0.25000 ===
 91.82947|I|libbeamng.print:18052| === LSTM_TRACE t=460 v=3.27 ws=0.00,0.01,0.03,0.21 cmd=0.982,0.980,0.861,0.863 cap=3043,3038,1675,1679 des=3043,3038,1465,1469 app=3019,2963,1437,1456 abs=nil,nil,nil,nil ebrake=1.00 ibrake=1.00 hasABS=0 sy=10.87 split=1.000,0.875 ===
 91.82951|I|libbeamng.print:18052| === LSTM_OBS t=460 0.00466,0.01011,0.03012,0.21165,0.11807,10.87227,-9.64644,-0.01905,0.00000,0.00000,0.00568,1.00000,0.00000,0.00057,-0.01019,729.89298,0.25000 ===
 91.87931|I|libbeamng.print:18052| === LSTM_TRACE t=470 v=2.70 ws=0.00,0.01,0.73,0.02 cmd=0.976,0.973,0.858,0.861 cap=3029,3022,1668,1674 des=3029,3022,1459,1465 app=3004,2946,1431,1451 abs=nil,nil,nil,nil ebrake=1.00 ibrake=1.00 hasABS=0 sy=10.92 split=1.000,0.875 ===
 91.87943|I|libbeamng.print:18052| === LSTM_OBS t=470 0.00250,0.00547,0.72714,0.01761,0.07433,10.92221,-9.65957,-0.00780,0.00000,0.00000,0.00510,1.00000,0.00000,0.00053,-0.01004,729.64119,0.25000 ===
 91.92947|I|libbeamng.print:18052| === LSTM_TRACE t=480 v=2.13 ws=0.00,0.01,1.27,0.03 cmd=0.975,0.972,0.855,0.864 cap=3023,3013,1663,1679 des=3023,3013,1455,1469 app=2996,2937,1427,1454 abs=nil,nil,nil,nil ebrake=1.00 ibrake=1.00 hasABS=0 sy=11.08 split=1.000,0.875 ===
 91.92952|I|libbeamng.print:18052| === LSTM_OBS t=480 0.00160,0.00541,1.27463,0.03347,0.08584,11.08125,-9.69480,0.00256,0.00000,0.00000,0.00490,1.00000,0.00000,0.00094,-0.01008,729.04103,0.25000 ===
 91.97913|I|libbeamng.print:18052| === LSTM_TRACE t=490 v=1.56 ws=0.00,0.00,0.45,0.03 cmd=0.980,0.976,0.855,0.860 cap=3038,3027,1661,1672 des=3038,3027,1453,1463 app=3009,2950,1424,1447 abs=nil,nil,nil,nil ebrake=1.00 ibrake=1.00 hasABS=0 sy=11.18 split=1.000,0.875 ===
 91.97917|I|libbeamng.print:18052| === LSTM_OBS t=490 0.00161,0.00128,0.44614,0.02724,0.12674,11.18234,-9.66874,0.00074,0.00000,0.00000,0.00512,1.00000,0.00000,0.00085,-0.01015,729.01334,0.25000 ===
 92.02989|I|libbeamng.print:18052| === LSTM_TRACE t=500 v=0.97 ws=0.00,0.00,1.14,0.02 cmd=0.979,0.975,0.857,0.859 cap=3036,3025,1664,1669 des=3036,3025,1456,1460 app=3004,2947,1427,1443 abs=nil,nil,nil,nil ebrake=1.00 ibrake=1.00 hasABS=0 sy=11.26 split=1.000,0.875 ===
 92.02993|I|libbeamng.print:18052| === LSTM_OBS t=500 0.00154,0.00351,1.14177,0.02058,0.12320,11.26224,-9.66381,0.00906,0.00000,0.00000,0.00545,1.00000,0.00000,0.00030,-0.01017,728.43304,0.25000 ===
 96.27030|I|libbeamng.print:18052| === LSTM_ABS: lens 'band_g_mix_b1_sy_s1' loaded (1 member, 17 in, 64 hidden, 2 layers) ===
 96.27190|I|libbeamng.print:18052| === LSTM_ABS SELFTEST lens=band_g_mix_b1_sy_s1 cmd=0.902076,0.891629,0.334098,0.589329 ===
126.55529|I|libbeamng.print:18052| === LSTM_TRACE t=0 v=27.71 ws=27.64,27.76,27.35,27.41 cmd=0.891,0.876,0.565,0.581 cap=155,155,97,97 des=155,155,85,85 app=151,150,83,83 abs=nil,nil,nil,nil ebrake=1.00 ibrake=1.00 hasABS=0 sy=1.58 split=1.000,0.875 ===
126.55533|I|libbeamng.print:18052| === LSTM_OBS t=0 27.64125,27.75580,27.34636,27.41231,-0.02391,1.58191,-9.78488,0.01173,0.00000,0.00000,0.00000,1.00000,0.00000,0.00091,-0.00906,7856.79191,0.25000 ===
126.60392|I|libbeamng.print:18052| === LSTM_TRACE t=10 v=27.45 ws=27.46,27.30,26.85,26.91 cmd=0.259,0.330,0.362,0.375 cap=743,934,651,651 des=743,934,570,569 app=725,906,555,557 abs=nil,nil,nil,nil ebrake=1.00 ibrake=1.00 hasABS=0 sy=2.11 split=1.000,0.875 ===
126.60403|I|libbeamng.print:18052| === LSTM_OBS t=10 27.46321,27.29983,26.85134,26.90665,-0.02962,2.11295,-9.72248,0.00055,0.00000,0.00000,0.00124,1.00000,0.00000,0.00079,-0.01001,7783.17815,0.25000 ===
126.62413|I|libbeamng.print:18052| === LSTM_ABS DBG raw=26.2777,26.0608,26.6709,26.5971,-0.0124,2.4890,-9.7464,-0.0073,0.0000,0.0000,0.0016,1.0000,0.0000,0.0010,-0.0106,7726.9366,0.2500 ===
126.62417|I|libbeamng.print:18052| === LSTM_ABS DBG norm=0.55,0.48,0.53,0.50,-0.16,-2.13,0.00,-0.03,0.06,-0.06,-0.05,0.59,-0.02,0.00,0.00,3.83,0.00 ===
126.62417|I|libbeamng.print:18052| === LSTM_ABS DBG cmd=0.5537,0.6623,0.5983,0.6637 ===
126.65442|I|libbeamng.print:18052| === LSTM_TRACE t=20 v=27.04 ws=23.94,23.60,26.15,26.10 cmd=0.751,0.777,0.770,0.797 cap=2351,2446,1501,1556 des=2351,2446,1314,1361 app=2305,2385,1286,1338 abs=nil,nil,nil,nil ebrake=1.00 ibrake=1.00 hasABS=0 sy=3.29 split=1.000,0.875 ===
126.65447|I|libbeamng.print:18052| === LSTM_OBS t=20 23.93648,23.59710,26.14901,26.09666,0.04445,3.29359,-9.71773,0.00299,0.00000,0.00000,0.00244,1.00000,0.00000,0.00104,-0.01193,7604.67676,0.25000 ===
126.70413|I|libbeamng.print:18052| === LSTM_TRACE t=30 v=26.51 ws=22.86,22.06,25.15,24.91 cmd=0.790,0.802,0.784,0.824 cap=2418,2459,1498,1582 des=2418,2459,1311,1384 app=2381,2411,1290,1367 abs=nil,nil,nil,nil ebrake=1.00 ibrake=1.00 hasABS=0 sy=5.18 split=1.000,0.875 ===
126.70418|I|libbeamng.print:18052| === LSTM_OBS t=30 22.85925,22.06241,25.14637,24.90638,0.01818,5.18268,-9.43734,-0.00581,0.00000,0.00000,0.00265,1.00000,0.00000,0.00120,-0.01499,7322.54561,0.25000 ===
126.75515|I|libbeamng.print:18052| === LSTM_TRACE t=40 v=25.95 ws=21.09,20.35,24.11,23.91 cmd=0.764,0.766,0.782,0.818 cap=2490,2501,1567,1628 des=2490,2501,1371,1424 app=2462,2463,1354,1411 abs=nil,nil,nil,nil ebrake=1.00 ibrake=1.00 hasABS=0 sy=6.86 split=1.000,0.875 ===
126.75527|I|libbeamng.print:18052| === LSTM_OBS t=40 21.09315,20.34536,24.11425,23.90571,0.03614,6.86008,-9.38383,-0.00423,0.00000,0.00000,0.00285,1.00000,0.00000,0.00165,-0.01709,7030.14130,0.25000 ===
126.80413|I|libbeamng.print:18052| === LSTM_TRACE t=50 v=25.37 ws=19.69,19.10,23.35,22.97 cmd=0.769,0.772,0.810,0.833 cap=2365,2367,1547,1601 des=2365,2367,1354,1401 app=2344,2339,1342,1392 abs=nil,nil,nil,nil ebrake=1.00 ibrake=1.00 hasABS=0 sy=8.20 split=1.000,0.875 ===
126.80420|I|libbeamng.print:18052| === LSTM_OBS t=50 19.69374,19.10390,23.35225,22.97292,0.05366,8.20217,-9.46214,0.00476,0.00000,0.00000,0.00278,1.00000,0.00000,0.00177,-0.01815,6761.79169,0.25000 ===
126.85421|I|libbeamng.print:18052| === LSTM_TRACE t=60 v=24.79 ws=18.64,18.22,22.53,22.05 cmd=0.778,0.778,0.799,0.821 cap=2283,2294,1540,1580 des=2283,2294,1348,1383 app=2266,2271,1338,1376 abs=nil,nil,nil,nil ebrake=1.00 ibrake=1.00 hasABS=0 sy=9.20 split=1.000,0.875 ===
126.85425|I|libbeamng.print:18052| === LSTM_OBS t=60 18.63847,18.21638,22.53035,22.05025,0.05849,9.19804,-9.59062,-0.00082,0.00000,0.00000,0.00342,1.00000,0.00000,0.00179,-0.01834,6510.85798,0.25000 ===
126.90421|I|libbeamng.print:18052| === LSTM_TRACE t=70 v=24.21 ws=17.46,17.22,21.83,21.22 cmd=0.703,0.707,0.784,0.803 cap=2307,2317,1562,1588 des=2307,2317,1367,1390 app=2294,2297,1359,1385 abs=nil,nil,nil,nil ebrake=1.00 ibrake=1.00 hasABS=0 sy=9.89 split=1.000,0.875 ===
126.90425|I|libbeamng.print:18052| === LSTM_OBS t=70 17.45923,17.22221,21.83178,21.22049,0.06447,9.89050,-9.69578,-0.00084,0.00000,0.00000,0.00318,1.00000,0.00000,0.00166,-0.01783,6274.36300,0.25000 ===
126.95454|I|libbeamng.print:18052| === LSTM_TRACE t=80 v=23.63 ws=16.27,16.27,21.14,20.45 cmd=0.621,0.640,0.804,0.813 cap=1720,1759,1450,1494 des=1720,1759,1269,1307 app=1990,1998,1264,1304 abs=nil,nil,nil,nil ebrake=1.00 ibrake=1.00 hasABS=0 sy=10.37 split=1.000,0.875 ===
126.95459|I|libbeamng.print:18052| === LSTM_OBS t=80 16.27246,16.26593,21.14381,20.44823,0.04758,10.36531,-9.75041,-0.00244,0.00000,0.00000,0.00239,1.00000,0.00000,0.00156,-0.01692,6048.75625,0.25000 ===
127.00492|I|libbeamng.print:18052| === LSTM_TRACE t=90 v=23.07 ws=15.44,15.75,20.38,19.56 cmd=0.489,0.511,0.767,0.786 cap=2305,2291,1414,1470 des=2305,2291,1238,1286 app=2296,2277,1234,1284 abs=nil,nil,nil,nil ebrake=1.00 ibrake=1.00 hasABS=0 sy=10.67 split=1.000,0.875 ===
127.00497|I|libbeamng.print:18052| === LSTM_OBS t=90 15.44375,15.75026,20.38413,19.55784,0.03401,10.67454,-9.73550,0.00197,0.00000,0.00000,0.00354,1.00000,0.00000,0.00155,-0.01587,5828.62202,0.25000 ===
127.05428|I|libbeamng.print:18052| === LSTM_TRACE t=100 v=22.48 ws=14.95,15.13,19.67,18.84 cmd=0.588,0.623,0.831,0.826 cap=1399,1521,1573,1582 des=1399,1521,1376,1384 app=1675,1729,1373,1383 abs=nil,nil,nil,nil ebrake=1.00 ibrake=1.00 hasABS=0 sy=10.87 split=1.000,0.875 ===
127.05432|I|libbeamng.print:18052| === LSTM_OBS t=100 14.94812,15.12630,19.67333,18.83537,0.01184,10.87473,-9.72002,0.00873,0.00000,0.00000,0.00216,1.00000,0.00000,0.00156,-0.01494,5613.86723,0.25000 ===
127.10484|I|libbeamng.print:18052| === LSTM_TRACE t=110 v=21.92 ws=14.77,14.88,18.88,18.11 cmd=0.536,0.567,0.799,0.800 cap=2106,2157,1559,1572 des=2106,2157,1364,1375 app=2120,2147,1362,1374 abs=nil,nil,nil,nil ebrake=1.00 ibrake=1.00 hasABS=0 sy=10.99 split=1.000,0.875 ===
127.10489|I|libbeamng.print:18052| === LSTM_OBS t=110 14.76664,14.88007,18.88195,18.10715,0.01047,10.99097,-9.69941,0.00500,0.00000,0.00000,0.00000,1.00000,0.00000,0.00155,-0.01413,5402.90243,0.25000 ===
127.15489|I|libbeamng.print:18052| === LSTM_TRACE t=120 v=21.37 ws=14.17,14.39,18.10,17.50 cmd=0.705,0.718,0.773,0.782 cap=2064,2131,1563,1565 des=2064,2131,1367,1370 app=2059,2122,1365,1369 abs=nil,nil,nil,nil ebrake=1.00 ibrake=1.00 hasABS=0 sy=11.09 split=1.000,0.875 ===
127.15494|I|libbeamng.print:18052| === LSTM_OBS t=120 14.17276,14.38878,18.09654,17.49532,-0.00698,11.09139,-9.68320,0.00536,0.00000,0.00000,0.00357,1.00000,0.00000,0.00157,-0.01360,5194.40981,0.25000 ===
127.20500|I|libbeamng.print:18052| === LSTM_TRACE t=130 v=20.80 ws=13.40,13.72,17.36,16.78 cmd=0.589,0.618,0.774,0.778 cap=2148,2214,1561,1565 des=2148,2214,1366,1369 app=2144,2206,1365,1369 abs=nil,nil,nil,nil ebrake=1.00 ibrake=1.00 hasABS=0 sy=11.15 split=1.000,0.875 ===
127.20507|I|libbeamng.print:18052| === LSTM_OBS t=130 13.40278,13.71731,17.35780,16.78006,-0.01280,11.14506,-9.67742,0.00711,0.00000,0.00000,0.00224,1.00000,0.00000,0.00164,-0.01326,4991.00640,0.25000 ===
127.25467|I|libbeamng.print:18052| === LSTM_TRACE t=140 v=20.24 ws=12.74,13.59,16.59,16.09 cmd=0.700,0.720,0.782,0.784 cap=2104,2167,1481,1486 des=2104,2167,1296,1301 app=2100,2160,1294,1301 abs=nil,nil,nil,nil ebrake=1.00 ibrake=1.00 hasABS=0 sy=11.19 split=1.000,0.875 ===
127.25471|I|libbeamng.print:18052| === LSTM_OBS t=140 12.74138,13.58851,16.59368,16.08818,-0.01882,11.18687,-9.67029,0.00429,0.00000,0.00000,0.00256,1.00000,0.00000,0.00165,-0.01298,4789.82495,0.25000 ===
127.30588|I|libbeamng.print:18052| === LSTM_TRACE t=150 v=19.68 ws=11.84,13.03,15.81,15.62 cmd=0.654,0.679,0.765,0.760 cap=2072,2137,1461,1459 des=2072,2137,1278,1277 app=2069,2131,1277,1277 abs=nil,nil,nil,nil ebrake=1.00 ibrake=1.00 hasABS=0 sy=11.19 split=1.000,0.875 ===
127.30595|I|libbeamng.print:18052| === LSTM_OBS t=150 11.83776,13.03449,15.81068,15.62165,-0.01643,11.19220,-9.68734,-0.00625,0.00000,0.00000,0.00210,1.00000,0.00000,0.00155,-0.01277,4596.06349,0.25000 ===
127.35637|I|libbeamng.print:18052| === LSTM_TRACE t=160 v=19.13 ws=10.54,12.01,13.84,13.75 cmd=0.665,0.689,0.741,0.728 cap=2010,2083,1422,1402 des=2010,2083,1244,1227 app=2007,2077,1243,1227 abs=nil,nil,nil,nil ebrake=1.00 ibrake=1.00 hasABS=0 sy=11.16 split=1.000,0.875 ===
127.35642|I|libbeamng.print:18052| === LSTM_OBS t=160 10.54079,12.00677,13.84311,13.74621,-0.02409,11.16474,-9.67994,-0.00512,0.00000,0.00000,0.00280,1.00000,0.00000,0.00139,-0.01285,4436.08842,0.25000 ===
127.40580|I|libbeamng.print:18052| === LSTM_TRACE t=170 v=18.59 ws=8.89,10.85,12.09,12.52 cmd=0.660,0.682,0.742,0.734 cap=2087,2156,1436,1418 des=2087,2156,1256,1241 app=2084,2150,1255,1241 abs=nil,nil,nil,nil ebrake=1.00 ibrake=1.00 hasABS=0 sy=11.10 split=1.000,0.875 ===
127.40588|I|libbeamng.print:18052| === LSTM_OBS t=170 8.89499,10.84573,12.08949,12.52481,-0.02435,11.10146,-9.68445,-0.01327,0.00000,0.00000,0.00192,1.00000,0.00000,0.00118,-0.01299,4276.54879,0.25000 ===
127.45618|I|libbeamng.print:18052| === LSTM_TRACE t=180 v=18.07 ws=7.51,9.99,10.42,11.36 cmd=0.765,0.777,0.811,0.817 cap=1763,1864,1524,1534 des=1763,1864,1333,1342 app=1761,1860,1332,1342 abs=nil,nil,nil,nil ebrake=1.00 ibrake=1.00 hasABS=0 sy=10.97 split=1.000,0.875 ===
127.45624|I|libbeamng.print:18052| === LSTM_OBS t=180 7.51389,9.98748,10.41536,11.36041,-0.01947,10.97218,-9.65859,-0.01727,0.00000,0.00000,0.00229,1.00000,0.00000,0.00106,-0.01315,4096.26581,0.25000 ===
127.50612|I|libbeamng.print:18052| === LSTM_TRACE t=190 v=17.56 ws=5.82,9.17,9.04,10.26 cmd=0.582,0.596,0.792,0.809 cap=2349,2359,1593,1617 des=2349,2359,1394,1415 app=2341,2353,1393,1415 abs=nil,nil,nil,nil ebrake=1.00 ibrake=1.00 hasABS=0 sy=10.80 split=1.000,0.875 ===
127.50620|I|libbeamng.print:18052| === LSTM_OBS t=190 5.82442,9.16771,9.03791,10.26035,-0.01654,10.79997,-9.65660,-0.02027,0.00000,0.00000,0.00335,1.00000,0.00000,0.00095,-0.01291,3878.57859,0.25000 ===
127.55582|I|libbeamng.print:18052| === LSTM_TRACE t=200 v=17.02 ws=4.57,8.80,7.69,9.45 cmd=0.701,0.709,0.864,0.869 cap=1720,1799,1693,1700 des=1720,1799,1482,1488 app=1717,1794,1480,1487 abs=nil,nil,nil,nil ebrake=1.00 ibrake=1.00 hasABS=0 sy=10.63 split=1.000,0.875 ===
127.55586|I|libbeamng.print:18052| === LSTM_OBS t=200 4.57207,8.79668,7.68873,9.44503,-0.02387,10.62916,-9.66223,-0.01894,0.00000,0.00000,0.00049,1.00000,0.00000,0.00150,-0.01224,3637.79961,0.25000 ===
127.60653|I|libbeamng.print:18052| === LSTM_TRACE t=210 v=16.54 ws=2.85,8.87,5.96,9.10 cmd=0.776,0.776,0.888,0.896 cap=1361,1423,1637,1657 des=1361,1423,1432,1450 app=1391,1419,1430,1450 abs=nil,nil,nil,nil ebrake=1.00 ibrake=1.00 hasABS=0 sy=10.50 split=1.000,0.875 ===
127.60661|I|libbeamng.print:18052| === LSTM_OBS t=210 2.84703,8.86515,5.96159,9.09531,-0.03730,10.49948,-9.73873,-0.03182,0.00000,0.00000,0.00527,1.00000,0.00000,0.00259,-0.01084,3389.98109,0.25000 ===
127.65551|I|libbeamng.print:18052| === LSTM_TRACE t=220 v=16.04 ws=0.39,9.01,4.82,9.40 cmd=0.504,0.516,0.855,0.862 cap=1887,1900,1667,1686 des=1887,1900,1458,1475 app=1882,1895,1455,1475 abs=nil,nil,nil,nil ebrake=1.00 ibrake=1.00 hasABS=0 sy=10.41 split=1.000,0.875 ===
127.65555|I|libbeamng.print:18052| === LSTM_OBS t=220 0.38876,9.00773,4.82085,9.39730,0.00536,10.41488,-9.74685,-0.04363,0.00000,0.00000,0.00085,1.00000,0.00000,0.00413,-0.00921,3155.23440,0.25000 ===
127.70577|I|libbeamng.print:18052| === LSTM_TRACE t=230 v=15.51 ws=0.03,8.67,3.25,9.77 cmd=0.747,0.729,0.889,0.887 cap=1987,1937,1689,1688 des=1987,1937,1478,1477 app=1980,1932,1474,1476 abs=nil,nil,nil,nil ebrake=1.00 ibrake=1.00 hasABS=0 sy=10.32 split=1.000,0.875 ===
127.70581|I|libbeamng.print:18052| === LSTM_OBS t=230 0.03174,8.67169,3.24532,9.76565,0.07234,10.31604,-9.62423,-0.06361,0.00000,0.00000,0.00085,1.00000,0.00000,0.00428,-0.00831,2934.52492,0.25000 ===
127.75578|I|libbeamng.print:18052| === LSTM_TRACE t=240 v=15.04 ws=0.02,6.25,2.26,9.94 cmd=0.752,0.723,0.886,0.880 cap=2332,2242,1700,1700 des=2332,2242,1488,1488 app=2323,2235,1483,1487 abs=nil,nil,nil,nil ebrake=1.00 ibrake=1.00 hasABS=0 sy=10.24 split=1.000,0.875 ===
127.75582|I|libbeamng.print:18052| === LSTM_OBS t=240 0.01757,6.25450,2.25852,9.93802,0.17199,10.24357,-9.66067,-0.07428,0.00000,0.00000,0.00198,1.00000,0.00000,0.00350,-0.00795,2705.08350,0.25000 ===
127.80612|I|libbeamng.print:18052| === LSTM_TRACE t=250 v=14.52 ws=0.03,1.66,0.79,9.92 cmd=0.889,0.862,0.906,0.894 cap=2730,2643,1700,1700 des=2730,2643,1488,1488 app=2718,2635,1482,1487 abs=nil,nil,nil,nil ebrake=1.00 ibrake=1.00 hasABS=0 sy=10.20 split=1.000,0.875 ===
127.80621|I|libbeamng.print:18052| === LSTM_OBS t=250 0.03299,1.65753,0.79150,9.91521,0.16911,10.19889,-9.76432,-0.09050,0.00000,0.00000,0.00297,1.00000,0.00000,0.00305,-0.00794,2474.89712,0.25000 ===
127.85569|I|libbeamng.print:18052| === LSTM_TRACE t=260 v=14.06 ws=0.05,0.19,0.15,9.90 cmd=0.979,0.974,0.909,0.905 cap=3023,3003,1700,1700 des=3023,3003,1488,1488 app=3008,2991,1481,1487 abs=nil,nil,nil,nil ebrake=1.00 ibrake=1.00 hasABS=0 sy=9.97 split=1.000,0.875 ===
127.85573|I|libbeamng.print:18052| === LSTM_OBS t=260 0.04594,0.18669,0.14518,9.90480,0.20822,9.97441,-9.75031,-0.09540,0.00000,0.00000,0.00256,1.00000,0.00000,0.00186,-0.00718,2232.64886,0.25000 ===
127.90610|I|libbeamng.print:18052| === LSTM_TRACE t=270 v=13.58 ws=0.04,0.12,0.07,8.78 cmd=0.989,0.985,0.899,0.908 cap=3063,3053,1700,1700 des=3063,3053,1488,1488 app=3046,3039,1480,1487 abs=nil,nil,nil,nil ebrake=1.00 ibrake=1.00 hasABS=0 sy=9.84 split=1.000,0.875 ===
127.90615|I|libbeamng.print:18052| === LSTM_OBS t=270 0.04100,0.11565,0.06750,8.78120,0.14794,9.84100,-9.79107,-0.09151,0.00000,0.00000,0.00124,1.00000,0.00000,0.00196,-0.00643,2026.85016,0.25000 ===
127.95604|I|libbeamng.print:18052| === LSTM_TRACE t=280 v=13.09 ws=0.03,0.06,0.06,8.07 cmd=0.991,0.989,0.899,0.911 cap=3073,3064,1700,1700 des=3073,3064,1488,1488 app=3054,3049,1479,1487 abs=nil,nil,nil,nil ebrake=1.00 ibrake=1.00 hasABS=0 sy=9.79 split=1.000,0.875 ===
127.95609|I|libbeamng.print:18052| === LSTM_OBS t=280 0.02853,0.06102,0.05517,8.07347,0.19359,9.79484,-9.76609,-0.08910,0.00000,0.00000,0.00154,1.00000,0.00000,0.00264,-0.00617,1828.67011,0.25000 ===
128.00668|I|libbeamng.print:18052| === LSTM_TRACE t=290 v=12.60 ws=0.02,0.03,0.03,6.99 cmd=0.994,0.991,0.901,0.911 cap=3080,3072,1700,1700 des=3080,3072,1488,1488 app=3059,3055,1478,1487 abs=nil,nil,nil,nil ebrake=1.00 ibrake=1.00 hasABS=0 sy=9.78 split=1.000,0.875 ===
128.00675|I|libbeamng.print:18052| === LSTM_OBS t=290 0.01859,0.02966,0.03219,6.98758,0.25410,9.77875,-9.76886,-0.09201,0.00000,0.00000,0.00183,1.00000,0.00000,0.00297,-0.00619,1634.77085,0.25000 ===
128.05639|I|libbeamng.print:18052| === LSTM_TRACE t=300 v=12.12 ws=0.02,0.01,0.00,5.74 cmd=0.995,0.993,0.904,0.911 cap=3084,3078,1700,1700 des=3084,3078,1488,1488 app=3062,3058,1477,1487 abs=nil,nil,nil,nil ebrake=1.00 ibrake=1.00 hasABS=0 sy=9.74 split=1.000,0.875 ===
128.05644|I|libbeamng.print:18052| === LSTM_OBS t=300 0.02152,0.01214,0.00329,5.73732,0.31045,9.74464,-9.77902,-0.09507,0.00000,0.00000,0.00183,1.00000,0.00000,0.00276,-0.00620,1430.70132,0.25000 ===
128.10549|I|libbeamng.print:18052| === LSTM_TRACE t=310 v=11.62 ws=0.03,0.00,0.01,4.73 cmd=0.996,0.995,0.908,0.912 cap=3088,3083,1700,1700 des=3088,3083,1488,1488 app=3064,3061,1476,1486 abs=nil,nil,nil,nil ebrake=1.00 ibrake=1.00 hasABS=0 sy=9.75 split=1.000,0.875 ===
128.10554|I|libbeamng.print:18052| === LSTM_OBS t=310 0.02861,0.00012,0.00667,4.72708,0.34693,9.74562,-9.76692,-0.09459,0.00000,0.00000,0.00210,1.00000,0.00000,0.00236,-0.00635,1226.82465,0.25000 ===
128.15619|I|libbeamng.print:18052| === LSTM_TRACE t=320 v=11.13 ws=0.00,0.00,0.04,3.64 cmd=0.997,0.996,0.912,0.912 cap=3091,3086,1700,1700 des=3091,3086,1488,1488 app=3065,3062,1475,1486 abs=nil,nil,nil,nil ebrake=1.00 ibrake=1.00 hasABS=0 sy=9.76 split=1.000,0.875 ===
128.15623|I|libbeamng.print:18052| === LSTM_OBS t=320 0.00174,0.00306,0.03511,3.63513,0.37672,9.76214,-9.77460,-0.09628,0.00000,0.00000,0.00204,1.00000,0.00000,0.00170,-0.00679,1032.45392,0.25000 ===
128.20562|I|libbeamng.print:18052| === LSTM_TRACE t=330 v=10.66 ws=0.00,0.00,0.06,1.47 cmd=0.998,0.997,0.916,0.911 cap=3093,3089,1700,1700 des=3093,3089,1488,1488 app=3066,3064,1474,1485 abs=nil,nil,nil,nil ebrake=1.00 ibrake=1.00 hasABS=0 sy=9.78 split=1.000,0.875 ===
128.20566|I|libbeamng.print:18052| === LSTM_OBS t=330 0.00344,0.00334,0.06134,1.47326,0.38568,9.77733,-9.77563,-0.10240,0.00000,0.00000,0.00244,1.00000,0.00000,0.00102,-0.00745,843.69813,0.25000 ===
128.25560|I|libbeamng.print:18052| === LSTM_TRACE t=340 v=10.18 ws=0.01,0.00,0.02,0.06 cmd=0.998,0.997,0.919,0.911 cap=3094,3091,1700,1700 des=3094,3091,1488,1488 app=3066,3063,1473,1484 abs=nil,nil,nil,nil ebrake=1.00 ibrake=1.00 hasABS=0 sy=9.66 split=1.000,0.875 ===
128.25565|I|libbeamng.print:18052| === LSTM_OBS t=340 0.00882,0.00019,0.01536,0.06135,0.35515,9.66422,-9.80348,-0.08899,0.00000,0.00000,0.00224,1.00000,0.00000,0.00133,-0.00789,740.56026,0.25000 ===
128.30611|I|libbeamng.print:18052| === LSTM_TRACE t=350 v=9.72 ws=0.01,0.00,0.03,0.02 cmd=0.998,0.997,0.920,0.911 cap=3094,3091,1700,1700 des=3094,3091,1488,1488 app=3065,3062,1472,1484 abs=nil,nil,nil,nil ebrake=1.00 ibrake=1.00 hasABS=0 sy=9.59 split=1.000,0.875 ===
128.30616|I|libbeamng.print:18052| === LSTM_OBS t=350 0.00781,0.00384,0.02678,0.02111,0.41275,9.59085,-9.74793,-0.09123,0.00000,0.00000,0.00162,1.00000,0.00000,0.00108,-0.00789,726.56511,0.25000 ===
128.35575|I|libbeamng.print:18052| === LSTM_TRACE t=360 v=9.23 ws=0.00,0.00,0.00,0.01 cmd=0.998,0.997,0.920,0.912 cap=3094,3091,1700,1700 des=3094,3091,1488,1488 app=3064,3060,1472,1483 abs=nil,nil,nil,nil ebrake=1.00 ibrake=1.00 hasABS=0 sy=9.57 split=1.000,0.875 ===
128.35580|I|libbeamng.print:18052| === LSTM_OBS t=360 0.00414,0.00048,0.00001,0.01010,0.45669,9.56834,-9.70266,-0.08423,0.00000,0.00000,0.00198,1.00000,0.00000,0.00044,-0.00773,724.40004,0.25000 ===
128.40594|I|libbeamng.print:18052| === LSTM_TRACE t=370 v=8.75 ws=0.00,0.00,0.00,0.03 cmd=0.998,0.997,0.919,0.913 cap=3094,3092,1700,1700 des=3094,3092,1488,1488 app=3063,3059,1471,1482 abs=nil,nil,nil,nil ebrake=1.00 ibrake=1.00 hasABS=0 sy=9.58 split=1.000,0.875 ===
128.40602|I|libbeamng.print:18052| === LSTM_OBS t=370 0.00267,0.00274,0.00074,0.03466,0.48591,9.58441,-9.69308,-0.07939,0.00000,0.00000,0.00293,1.00000,0.00000,0.00005,-0.00759,721.12152,0.25000 ===
128.45563|I|libbeamng.print:18052| === LSTM_TRACE t=380 v=8.26 ws=0.01,0.01,0.01,0.01 cmd=0.998,0.997,0.919,0.914 cap=3095,3092,1700,1700 des=3095,3092,1488,1488 app=3062,3058,1471,1481 abs=nil,nil,nil,nil ebrake=1.00 ibrake=1.00 hasABS=0 sy=9.63 split=1.000,0.875 ===
128.45568|I|libbeamng.print:18052| === LSTM_OBS t=380 0.00708,0.00639,0.00578,0.01180,0.51916,9.62711,-9.70353,-0.07458,0.00000,0.00000,0.00318,1.00000,0.00000,-0.00012,-0.00746,719.89288,0.25000 ===
128.50564|I|libbeamng.print:18052| === LSTM_TRACE t=390 v=7.77 ws=0.00,0.00,0.02,0.00 cmd=0.998,0.997,0.919,0.915 cap=3095,3092,1700,1700 des=3095,3092,1488,1488 app=3061,3056,1470,1481 abs=nil,nil,nil,nil ebrake=1.00 ibrake=1.00 hasABS=0 sy=9.69 split=1.000,0.875 ===
128.50568|I|libbeamng.print:18052| === LSTM_OBS t=390 0.00482,0.00497,0.02060,0.00253,0.55332,9.68997,-9.70875,-0.07081,0.00000,0.00000,0.00305,1.00000,0.00000,-0.00030,-0.00748,721.27300,0.25000 ===
128.55568|I|libbeamng.print:18052| === LSTM_TRACE t=400 v=7.26 ws=0.00,0.00,0.01,0.02 cmd=0.998,0.997,0.919,0.916 cap=3095,3092,1700,1700 des=3095,3092,1488,1488 app=3060,3055,1470,1480 abs=nil,nil,nil,nil ebrake=1.00 ibrake=1.00 hasABS=0 sy=9.77 split=1.000,0.875 ===
128.55572|I|libbeamng.print:18052| === LSTM_OBS t=400 0.00015,0.00336,0.00817,0.01528,0.59603,9.77486,-9.72566,-0.06579,0.00000,0.00000,0.00311,1.00000,0.00000,-0.00049,-0.00750,721.56430,0.25000 ===
128.60546|I|libbeamng.print:18052| === LSTM_TRACE t=410 v=6.75 ws=0.01,0.00,0.02,0.01 cmd=0.998,0.998,0.919,0.917 cap=3095,3092,1700,1700 des=3095,3092,1488,1488 app=3059,3054,1469,1479 abs=nil,nil,nil,nil ebrake=1.00 ibrake=1.00 hasABS=0 sy=9.87 split=1.000,0.875 ===
128.60550|I|libbeamng.print:18052| === LSTM_OBS t=410 0.00550,0.00132,0.01890,0.00909,0.63978,9.86893,-9.73642,-0.05923,0.00000,0.00000,0.00360,1.00000,0.00000,-0.00067,-0.00762,720.57026,0.25000 ===
128.65543|I|libbeamng.print:18052| === LSTM_TRACE t=420 v=6.24 ws=0.00,0.00,0.02,0.01 cmd=0.998,0.998,0.919,0.918 cap=3095,3093,1700,1700 des=3095,3093,1488,1488 app=3058,3053,1469,1479 abs=nil,nil,nil,nil ebrake=1.00 ibrake=1.00 hasABS=0 sy=9.97 split=1.000,0.875 ===
128.65547|I|libbeamng.print:18052| === LSTM_OBS t=420 0.00398,0.00248,0.02434,0.00600,0.68619,9.97100,-9.73838,-0.05513,0.00000,0.00000,0.00392,1.00000,0.00000,-0.00083,-0.00774,723.21130,0.25000 ===
128.70534|I|libbeamng.print:18052| === LSTM_TRACE t=430 v=5.72 ws=0.00,0.00,0.04,0.00 cmd=0.998,0.998,0.919,0.919 cap=3095,3093,1700,1700 des=3095,3093,1488,1488 app=3057,3052,1469,1478 abs=nil,nil,nil,nil ebrake=1.00 ibrake=1.00 hasABS=0 sy=10.07 split=1.000,0.875 ===
128.70538|I|libbeamng.print:18052| === LSTM_OBS t=430 0.00345,0.00097,0.03665,0.00057,0.72728,10.06795,-9.73704,-0.04963,0.00000,0.00000,0.00404,1.00000,0.00000,-0.00102,-0.00790,724.24801,0.25000 ===
128.75623|I|libbeamng.print:18052| === LSTM_TRACE t=440 v=5.20 ws=0.00,0.00,0.04,0.01 cmd=0.999,0.998,0.919,0.920 cap=3096,3093,1700,1700 des=3096,3093,1488,1488 app=3057,3051,1468,1478 abs=nil,nil,nil,nil ebrake=1.00 ibrake=1.00 hasABS=0 sy=10.15 split=1.000,0.875 ===
128.75627|I|libbeamng.print:18052| === LSTM_OBS t=440 0.00020,0.00267,0.03980,0.00812,0.76639,10.15262,-9.73486,-0.04526,0.00000,0.00000,0.00411,1.00000,0.00000,-0.00119,-0.00803,724.96963,0.25000 ===
128.80552|I|libbeamng.print:18052| === LSTM_TRACE t=450 v=4.67 ws=0.00,0.00,0.08,0.00 cmd=0.999,0.998,0.919,0.922 cap=3096,3094,1700,1700 des=3096,3094,1488,1488 app=3056,3050,1468,1477 abs=nil,nil,nil,nil ebrake=1.00 ibrake=1.00 hasABS=0 sy=10.24 split=1.000,0.875 ===
128.80556|I|libbeamng.print:18052| === LSTM_OBS t=450 0.00460,0.00026,0.08130,0.00454,0.80691,10.24002,-9.73051,-0.04057,0.00000,0.00000,0.00435,1.00000,0.00000,-0.00140,-0.00816,724.37585,0.25000 ===
128.85580|I|libbeamng.print:18052| === LSTM_TRACE t=460 v=4.12 ws=0.00,0.00,0.98,0.04 cmd=0.999,0.998,0.919,0.923 cap=3096,3094,1700,1700 des=3096,3094,1488,1488 app=3056,3049,1468,1477 abs=nil,nil,nil,nil ebrake=1.00 ibrake=1.00 hasABS=0 sy=10.38 split=1.000,0.875 ===
128.85584|I|libbeamng.print:18052| === LSTM_OBS t=460 0.00170,0.00335,0.97529,0.03769,0.83880,10.37808,-9.74504,-0.02862,0.00000,0.00000,0.00462,1.00000,0.00000,-0.00141,-0.00839,723.51410,0.25000 ===
128.90599|I|libbeamng.print:18052| === LSTM_TRACE t=470 v=3.56 ws=0.00,0.00,1.28,0.01 cmd=0.999,0.998,0.918,0.927 cap=3096,3094,1700,1700 des=3096,3094,1488,1488 app=3055,3049,1468,1477 abs=nil,nil,nil,nil ebrake=1.00 ibrake=1.00 hasABS=0 sy=10.58 split=1.000,0.875 ===
128.90611|I|libbeamng.print:18052| === LSTM_OBS t=470 0.00450,0.00097,1.27902,0.00770,0.89362,10.57521,-9.78040,-0.01377,0.00000,0.00000,0.00481,1.00000,0.00000,-0.00089,-0.00894,725.22631,0.25000 ===
128.95552|I|libbeamng.print:18052| === LSTM_TRACE t=480 v=3.02 ws=0.00,0.00,0.11,0.01 cmd=0.999,0.998,0.917,0.931 cap=3096,3095,1700,1700 des=3096,3095,1488,1488 app=3055,3048,1468,1476 abs=nil,nil,nil,nil ebrake=1.00 ibrake=1.00 hasABS=0 sy=10.67 split=1.000,0.875 ===
128.95557|I|libbeamng.print:18052| === LSTM_OBS t=480 0.00210,0.00104,0.11193,0.01424,0.97234,10.66910,-9.71472,-0.01203,0.00000,0.00000,0.00494,1.00000,0.00000,-0.00114,-0.00942,728.47633,0.25000 ===
129.00542|I|libbeamng.print:18052| === LSTM_TRACE t=490 v=2.47 ws=0.01,0.00,0.19,0.00 cmd=0.999,0.998,0.912,0.932 cap=3096,3094,1700,1700 des=3096,3094,1488,1488 app=3054,3047,1468,1476 abs=nil,nil,nil,nil ebrake=1.00 ibrake=1.00 hasABS=0 sy=10.73 split=1.000,0.875 ===
129.00546|I|libbeamng.print:18052| === LSTM_OBS t=490 0.00545,0.00117,0.19498,0.00121,0.99823,10.72882,-9.68515,-0.00680,0.00000,0.00000,0.00516,1.00000,0.00000,-0.00202,-0.00958,727.97108,0.25000 ===
129.05627|I|libbeamng.print:18052| === LSTM_TRACE t=500 v=1.90 ws=0.00,0.00,1.50,0.05 cmd=0.998,0.998,0.908,0.932 cap=3095,3093,1700,1700 des=3095,3093,1488,1488 app=3052,3045,1468,1476 abs=nil,nil,nil,nil ebrake=1.00 ibrake=1.00 hasABS=0 sy=10.85 split=1.000,0.875 ===
129.05632|I|libbeamng.print:18052| === LSTM_OBS t=500 0.00022,0.00369,1.49878,0.05407,0.99175,10.84892,-9.70986,0.00959,0.00000,0.00000,0.00533,1.00000,0.00000,-0.00213,-0.00971,729.47323,0.25000 ===
129.10563|I|libbeamng.print:18052| === LSTM_TRACE t=510 v=1.31 ws=0.01,0.01,1.10,0.01 cmd=0.998,0.997,0.899,0.937 cap=3093,3091,1700,1700 des=3093,3091,1488,1488 app=3050,3042,1468,1476 abs=nil,nil,nil,nil ebrake=1.00 ibrake=1.00 hasABS=0 sy=11.03 split=1.000,0.875 ===
129.10566|I|libbeamng.print:18052| === LSTM_OBS t=510 0.01001,0.00557,1.09960,0.00956,1.15172,11.03345,-9.73014,0.04237,0.00000,0.00000,0.00563,1.00000,0.00000,-0.00212,-0.01024,728.60509,0.25000 ===
129.16109|I|libbeamng.print:18052| === LSTM_TRACE t=520 v=0.76 ws=0.00,0.00,0.10,0.01 cmd=0.998,0.997,0.896,0.940 cap=3093,3091,1700,1700 des=3093,3091,1488,1488 app=3049,3041,1468,1475 abs=nil,nil,nil,nil ebrake=1.00 ibrake=1.00 hasABS=0 sy=11.09 split=1.000,0.875 ===
129.16113|I|libbeamng.print:18052| === LSTM_OBS t=520 0.00106,0.00180,0.10161,0.00719,1.21998,11.09317,-9.69566,0.04024,0.00000,0.00000,0.00593,1.00000,0.00000,-0.00280,-0.01065,729.34004,0.25000 ===
158.53813|I|libbeamng.print:18052| === LSTM_TRACE t=0 v=27.72 ws=27.80,27.82,27.39,27.47 cmd=0.895,0.880,0.568,0.583 cap=155,155,97,97 des=155,155,85,85 app=114,113,62,63 abs=nil,nil,nil,nil ebrake=1.00 ibrake=1.00 hasABS=0 sy=1.57 split=1.000,0.875 ===
158.53819|I|libbeamng.print:18052| === LSTM_OBS t=0 27.79705,27.82461,27.38687,27.47064,0.01340,1.57141,-9.76295,0.00092,0.00000,0.00000,0.00000,1.00000,0.00000,0.00079,-0.00903,7858.92198,0.25000 ===
158.58774|I|libbeamng.print:18052| === LSTM_TRACE t=10 v=27.46 ws=27.36,27.33,26.84,26.91 cmd=0.267,0.337,0.362,0.376 cap=785,974,654,656 des=785,974,572,574 app=771,953,562,567 abs=nil,nil,nil,nil ebrake=1.00 ibrake=1.00 hasABS=0 sy=2.17 split=1.000,0.875 ===
158.58779|I|libbeamng.print:18052| === LSTM_OBS t=10 27.36111,27.33357,26.83580,26.90912,0.05633,2.17484,-9.76856,0.00650,0.00000,0.00000,0.00150,1.00000,0.00000,0.00065,-0.00995,7779.68050,0.25000 ===
158.60788|I|libbeamng.print:18052| === LSTM_ABS DBG raw=26.1999,26.1077,26.5813,26.5385,0.0631,2.5599,-9.7538,-0.0005,0.0000,0.0000,0.0015,1.0000,0.0000,0.0008,-0.0106,7720.0004,0.2500 ===
158.60791|I|libbeamng.print:18052| === LSTM_ABS DBG norm=0.55,0.48,0.53,0.50,-0.10,-2.11,0.00,0.02,0.06,-0.06,-0.05,0.59,-0.02,0.00,0.00,3.83,0.00 ===
158.60792|I|libbeamng.print:18052| === LSTM_ABS DBG cmd=0.5458,0.6524,0.5866,0.6497 ===
158.63811|I|libbeamng.print:18052| === LSTM_TRACE t=20 v=27.07 ws=24.12,23.62,26.08,25.97 cmd=0.762,0.786,0.765,0.791 cap=2368,2462,1495,1550 des=2368,2462,1308,1356 app=2334,2421,1291,1344 abs=nil,nil,nil,nil ebrake=1.00 ibrake=1.00 hasABS=0 sy=3.38 split=1.000,0.875 ===
158.63816|I|libbeamng.print:18052| === LSTM_OBS t=20 24.12392,23.61955,26.08392,25.97058,0.03906,3.38214,-9.65760,-0.01358,0.00000,0.00000,0.00221,1.00000,0.00000,0.00083,-0.01197,7591.12917,0.25000 ===
158.69990|I|libbeamng.print:18052| === LSTM_TRACE t=30 v=26.53 ws=23.14,21.83,25.11,24.89 cmd=0.777,0.792,0.772,0.816 cap=2388,2438,1468,1560 des=2388,2438,1285,1365 app=2363,2408,1272,1356 abs=nil,nil,nil,nil ebrake=1.00 ibrake=1.00 hasABS=0 sy=5.34 split=1.000,0.875 ===
158.69996|I|libbeamng.print:18052| === LSTM_OBS t=30 23.13739,21.83011,25.10975,24.89126,0.04031,5.34253,-9.44617,-0.01396,0.00000,0.00000,0.00261,1.00000,0.00000,0.00109,-0.01500,7305.17055,0.25000 ===
158.74612|I|libbeamng.print:18052| === LSTM_TRACE t=40 v=25.96 ws=21.80,19.90,24.19,23.86 cmd=0.783,0.785,0.779,0.815 cap=2517,2531,1561,1623 des=2517,2531,1366,1420 app=2498,2507,1356,1415 abs=nil,nil,nil,nil ebrake=1.00 ibrake=1.00 hasABS=0 sy=6.85 split=1.000,0.875 ===
158.74617|I|libbeamng.print:18052| === LSTM_OBS t=40 21.80010,19.89500,24.19396,23.85868,0.05324,6.85464,-9.42825,-0.00517,0.00000,0.00000,0.00274,1.00000,0.00000,0.00156,-0.01714,7034.92510,0.25000 ===
158.79605|I|libbeamng.print:18052| === LSTM_TRACE t=50 v=25.37 ws=20.82,18.24,23.30,23.06 cmd=0.765,0.769,0.793,0.818 cap=2252,2273,1538,1585 des=2252,2273,1345,1386 app=2239,2256,1339,1383 abs=nil,nil,nil,nil ebrake=1.00 ibrake=1.00 hasABS=0 sy=8.22 split=1.000,0.875 ===
158.79611|I|libbeamng.print:18052| === LSTM_OBS t=50 20.82396,18.24209,23.29958,23.06444,0.05575,8.22140,-9.49293,0.00817,0.00000,0.00000,0.00265,1.00000,0.00000,0.00176,-0.01815,6759.74094,0.25000 ===
158.84588|I|libbeamng.print:18052| === LSTM_TRACE t=60 v=24.79 ws=20.27,16.29,22.57,22.18 cmd=0.676,0.688,0.794,0.814 cap=2225,2235,1499,1550 des=2225,2235,1311,1356 app=2216,2222,1307,1354 abs=nil,nil,nil,nil ebrake=1.00 ibrake=1.00 hasABS=0 sy=9.23 split=1.000,0.875 ===
158.84600|I|libbeamng.print:18052| === LSTM_OBS t=60 20.26911,16.28714,22.56642,22.18298,0.05227,9.23191,-9.62111,0.01334,0.00000,0.00000,0.00278,1.00000,0.00000,0.00191,-0.01831,6507.48878,0.25000 ===
158.89526|I|libbeamng.print:18052| === LSTM_TRACE t=70 v=24.21 ws=20.41,14.36,21.58,21.38 cmd=0.768,0.769,0.786,0.802 cap=1976,2046,1588,1600 des=1976,2046,1389,1400 app=1970,2036,1386,1400 abs=nil,nil,nil,nil ebrake=1.00 ibrake=1.00 hasABS=0 sy=9.93 split=1.000,0.875 ===
158.89531|I|libbeamng.print:18052| === LSTM_OBS t=70 20.40967,14.35885,21.57591,21.37593,0.02265,9.92619,-9.71827,0.01206,0.00000,0.00000,0.00331,1.00000,0.00000,0.00206,-0.01777,6269.12185,0.25000 ===
158.94538|I|libbeamng.print:18052| === LSTM_TRACE t=80 v=23.64 ws=20.82,12.04,20.71,20.89 cmd=0.728,0.734,0.789,0.807 cap=2210,2228,1504,1541 des=2210,2228,1316,1348 app=2206,2218,1314,1348 abs=nil,nil,nil,nil ebrake=1.00 ibrake=1.00 hasABS=0 sy=10.41 split=1.000,0.875 ===
158.94542|I|libbeamng.print:18052| === LSTM_OBS t=80 20.82478,12.03944,20.70759,20.88523,-0.02092,10.40875,-9.75432,0.01572,0.00000,0.00000,0.00435,1.00000,0.00000,0.00233,-0.01694,6042.64556,0.25000 ===
158.99518|I|libbeamng.print:18052| === LSTM_TRACE t=90 v=23.07 ws=21.73,8.70,19.52,20.49 cmd=0.692,0.703,0.803,0.814 cap=2095,2136,1538,1563 des=2095,2136,1346,1368 app=2093,2128,1345,1368 abs=nil,nil,nil,nil ebrake=1.00 ibrake=1.00 hasABS=0 sy=10.74 split=1.000,0.875 ===
158.99523|I|libbeamng.print:18052| === LSTM_OBS t=90 21.72761,8.70409,19.52039,20.49199,-0.08890,10.74227,-9.75496,0.02449,0.00000,0.00000,0.00357,1.00000,0.00000,0.00279,-0.01594,5822.92635,0.25000 ===
159.04607|I|libbeamng.print:18052| === LSTM_TRACE t=100 v=22.54 ws=21.75,6.68,18.07,20.23 cmd=0.634,0.640,0.712,0.742 cap=2351,2386,1620,1611 des=2351,2386,1417,1410 app=1883,1985,1417,1410 abs=nil,nil,nil,nil ebrake=1.00 ibrake=1.00 hasABS=0 sy=10.80 split=1.000,0.875 ===
159.04612|I|libbeamng.print:18052| === LSTM_OBS t=100 21.75113,6.67842,18.07051,20.23096,-0.16336,10.80342,-9.75102,0.03398,0.00000,0.00000,0.00315,1.00000,0.00000,0.00360,-0.01486,5609.27530,0.25000 ===
159.09494|I|libbeamng.print:18052| === LSTM_TRACE t=110 v=22.02 ws=20.98,5.88,16.64,20.58 cmd=0.511,0.539,0.748,0.764 cap=1948,2015,1538,1552 des=1948,2015,1346,1358 app=1948,2007,1346,1358 abs=nil,nil,nil,nil ebrake=1.00 ibrake=1.00 hasABS=0 sy=10.65 split=1.000,0.875 ===
159.09498|I|libbeamng.print:18052| === LSTM_OBS t=110 20.98459,5.88416,16.63770,20.57578,-0.20290,10.65460,-9.69398,0.01191,0.00000,0.00000,0.00146,1.00000,0.00000,0.00441,-0.01372,5408.11528,0.25000 ===
159.14474|I|libbeamng.print:18052| === LSTM_TRACE t=120 v=21.51 ws=20.64,5.45,15.12,20.58 cmd=0.576,0.609,0.766,0.781 cap=1731,1827,1486,1515 des=1731,1827,1301,1326 app=1731,1819,1301,1326 abs=nil,nil,nil,nil ebrake=1.00 ibrake=1.00 hasABS=0 sy=10.52 split=1.000,0.875 ===
159.14478|I|libbeamng.print:18052| === LSTM_OBS t=120 20.63595,5.45481,15.12479,20.57932,-0.30678,10.51567,-9.66541,-0.00792,0.00000,0.00000,0.00189,1.00000,0.00000,0.00465,-0.01264,5211.34451,0.25000 ===
159.19483|I|libbeamng.print:18052| === LSTM_TRACE t=130 v=21.01 ws=20.05,4.75,14.02,20.09 cmd=0.507,0.554,0.759,0.779 cap=1936,2034,1496,1534 des=1936,2034,1309,1343 app=1936,2025,1309,1343 abs=nil,nil,nil,nil ebrake=1.00 ibrake=1.00 hasABS=0 sy=10.38 split=1.000,0.875 ===
159.19488|I|libbeamng.print:18052| === LSTM_OBS t=130 20.04788,4.75350,14.02310,20.08542,-0.39044,10.37996,-9.68376,-0.02759,0.00000,0.00000,0.00189,1.00000,0.00000,0.00457,-0.01180,5002.65458,0.25000 ===
159.24505|I|libbeamng.print:18052| === LSTM_TRACE t=140 v=20.52 ws=19.69,4.24,13.14,19.75 cmd=0.605,0.639,0.757,0.775 cap=1785,1918,1488,1509 des=1785,1918,1302,1320 app=1785,1909,1302,1320 abs=nil,nil,nil,nil ebrake=1.00 ibrake=1.00 hasABS=0 sy=10.26 split=1.000,0.875 ===
159.24510|I|libbeamng.print:18052| === LSTM_OBS t=140 19.69186,4.24105,13.14307,19.74760,-0.40478,10.25680,-9.69778,-0.06114,0.00000,0.00000,0.00183,1.00000,0.00000,0.00360,-0.01091,4788.13945,0.25000 ===
159.29108|I|libbeamng.print:18052| === LSTM_TRACE t=150 v=20.02 ws=19.19,3.15,12.32,19.14 cmd=0.566,0.608,0.782,0.788 cap=1493,1654,1497,1512 des=1493,1654,1310,1323 app=1493,1645,1310,1323 abs=nil,nil,nil,nil ebrake=1.00 ibrake=1.00 hasABS=0 sy=10.18 split=1.000,0.875 ===
159.29117|I|libbeamng.print:18052| === LSTM_OBS t=150 19.19423,3.14956,12.31783,19.14302,-0.33017,10.18012,-9.68985,-0.06128,0.00000,0.00000,0.00311,1.00000,0.00000,0.00182,-0.01001,4601.51032,0.25000 ===
159.34129|I|libbeamng.print:18052| === LSTM_TRACE t=160 v=19.52 ws=18.81,1.45,10.42,17.71 cmd=0.638,0.663,0.783,0.794 cap=1729,1833,1502,1520 des=1729,1833,1314,1330 app=1729,1823,1314,1330 abs=nil,nil,nil,nil ebrake=1.00 ibrake=1.00 hasABS=0 sy=10.15 split=1.000,0.875 ===
159.34133|I|libbeamng.print:18052| === LSTM_OBS t=160 18.81256,1.44754,10.41759,17.70673,-0.21234,10.14667,-9.66473,-0.06044,0.00000,0.00000,0.00293,1.00000,0.00000,-0.00026,-0.00921,4422.99453,0.25000 ===
159.39100|I|libbeamng.print:18052| === LSTM_TRACE t=170 v=19.01 ws=17.82,0.03,8.78,16.20 cmd=0.715,0.722,0.824,0.834 cap=2018,2050,1569,1594 des=2018,2050,1373,1395 app=2018,2038,1373,1395 abs=nil,nil,nil,nil ebrake=1.00 ibrake=1.00 hasABS=0 sy=10.12 split=1.000,0.875 ===
159.39106|I|libbeamng.print:18052| === LSTM_OBS t=170 17.82254,0.03391,8.77862,16.19502,-0.08739,10.11607,-9.61094,-0.05724,0.00000,0.00000,0.00256,1.00000,0.00000,-0.00206,-0.00888,4246.54414,0.25000 ===
159.44139|I|libbeamng.print:18052| === LSTM_TRACE t=180 v=18.48 ws=16.98,0.01,7.28,14.86 cmd=0.764,0.764,0.846,0.857 cap=2241,2257,1647,1668 des=2241,2257,1441,1459 app=2241,2242,1441,1459 abs=nil,nil,nil,nil ebrake=1.00 ibrake=1.00 hasABS=0 sy=10.20 split=1.000,0.875 ===
159.44143|I|libbeamng.print:18052| === LSTM_OBS t=180 16.97542,0.01475,7.28026,14.86134,0.00501,10.19971,-9.67193,-0.04613,0.00000,0.00000,0.00395,1.00000,0.00000,-0.00267,-0.00886,4041.28422,0.25000 ===
159.49153|I|libbeamng.print:18052| === LSTM_TRACE t=190 v=17.95 ws=16.13,0.01,5.82,13.61 cmd=0.797,0.788,0.829,0.843 cap=2322,2337,1689,1700 des=2322,2337,1478,1488 app=2322,2321,1477,1488 abs=nil,nil,nil,nil ebrake=1.00 ibrake=1.00 hasABS=0 sy=10.31 split=1.000,0.875 ===
159.49157|I|libbeamng.print:18052| === LSTM_OBS t=190 16.13243,0.01476,5.81902,13.60763,0.12453,10.30606,-9.72173,-0.05174,0.00000,0.00000,0.00311,1.00000,0.00000,-0.00284,-0.00883,3811.04607,0.25000 ===
159.54104|I|libbeamng.print:18052| === LSTM_TRACE t=200 v=17.41 ws=15.12,0.05,4.64,12.33 cmd=0.639,0.640,0.838,0.853 cap=2532,2495,1615,1657 des=2532,2495,1413,1450 app=2532,2476,1413,1450 abs=nil,nil,nil,nil ebrake=1.00 ibrake=1.00 hasABS=0 sy=10.41 split=1.000,0.875 ===
159.54111|I|libbeamng.print:18052| === LSTM_OBS t=200 15.12377,0.05125,4.64331,12.33026,0.21641,10.40977,-9.74994,-0.02880,0.00000,0.00000,0.00360,1.00000,0.00000,-0.00283,-0.00879,3579.49109,0.25000 ===
159.59101|I|libbeamng.print:18052| === LSTM_TRACE t=210 v=16.87 ws=14.36,0.04,4.07,11.69 cmd=0.721,0.719,0.829,0.854 cap=2150,2140,1588,1642 des=2150,2140,1389,1436 app=2150,2122,1388,1436 abs=nil,nil,nil,nil ebrake=1.00 ibrake=1.00 hasABS=0 sy=10.53 split=1.000,0.875 ===
159.59109|I|libbeamng.print:18052| === LSTM_OBS t=210 14.36360,0.03648,4.06508,11.68609,0.29780,10.53216,-9.81380,-0.02274,0.00000,0.00000,0.00395,1.00000,0.00000,-0.00238,-0.00898,3348.29241,0.25000 ===
159.64075|I|libbeamng.print:18052| === LSTM_TRACE t=220 v=16.33 ws=14.21,0.01,3.16,10.17 cmd=0.747,0.742,0.814,0.844 cap=2220,2204,1546,1612 des=2220,2204,1353,1410 app=2220,2185,1351,1410 abs=nil,nil,nil,nil ebrake=1.00 ibrake=1.00 hasABS=0 sy=10.54 split=1.000,0.875 ===
159.64079|I|libbeamng.print:18052| === LSTM_OBS t=220 14.21425,0.01296,3.16158,10.16573,0.32298,10.54019,-9.80849,-0.01776,0.00000,0.00000,0.00414,1.00000,0.00000,-0.00181,-0.00889,3121.16876,0.25000 ===
159.69084|I|libbeamng.print:18052| === LSTM_TRACE t=230 v=15.82 ws=13.58,0.02,3.23,10.01 cmd=0.736,0.731,0.754,0.795 cap=2285,2275,1498,1568 des=2285,2275,1311,1372 app=2285,2254,1309,1372 abs=nil,nil,nil,nil ebrake=1.00 ibrake=1.00 hasABS=0 sy=10.57 split=1.000,0.875 ===
159.69090|I|libbeamng.print:18052| === LSTM_OBS t=230 13.57989,0.01549,3.23468,10.01352,0.36615,10.56828,-9.77654,-0.00778,0.00000,0.00000,0.00357,1.00000,0.00000,-0.00177,-0.00886,2903.26177,0.25000 ===
159.74097|I|libbeamng.print:18052| === LSTM_TRACE t=240 v=15.30 ws=12.35,0.02,3.27,9.09 cmd=0.735,0.742,0.735,0.761 cap=2242,2259,1402,1461 des=2242,2259,1226,1278 app=2242,2237,1224,1278 abs=nil,nil,nil,nil ebrake=1.00 ibrake=1.00 hasABS=0 sy=10.53 split=1.000,0.875 ===
159.74101|I|libbeamng.print:18052| === LSTM_OBS t=240 12.35270,0.01949,3.27081,9.09497,0.46939,10.53140,-9.79931,-0.00054,0.00000,0.00000,0.00285,1.00000,0.00000,-0.00238,-0.00864,2693.96973,0.25000 ===
159.79218|I|libbeamng.print:18052| === LSTM_TRACE t=250 v=14.77 ws=11.07,0.02,3.43,7.81 cmd=0.688,0.708,0.699,0.722 cap=2225,2275,1366,1413 des=2225,2275,1195,1236 app=2225,2252,1192,1236 abs=nil,nil,nil,nil ebrake=1.00 ibrake=1.00 hasABS=0 sy=10.50 split=1.000,0.875 ===
159.79222|I|libbeamng.print:18052| === LSTM_OBS t=250 11.07316,0.01656,3.43490,7.81408,0.42182,10.49943,-9.76595,-0.00368,0.00000,0.00000,0.00457,1.00000,0.00000,-0.00189,-0.00875,2506.30067,0.25000 ===
159.84206|I|libbeamng.print:18052| === LSTM_TRACE t=260 v=14.23 ws=10.65,0.02,2.84,6.52 cmd=0.685,0.718,0.710,0.737 cap=2090,2189,1353,1412 des=2090,2189,1184,1236 app=2090,2166,1180,1236 abs=nil,nil,nil,nil ebrake=1.00 ibrake=1.00 hasABS=0 sy=10.51 split=1.000,0.875 ===
159.84211|I|libbeamng.print:18052| === LSTM_OBS t=260 10.65483,0.01709,2.84488,6.52304,0.32392,10.50850,-9.74308,0.01132,0.00000,0.00000,0.00378,1.00000,0.00000,-0.00148,-0.00888,2334.59855,0.25000 ===
159.89214|I|libbeamng.print:18052| === LSTM_TRACE t=270 v=13.71 ws=10.47,0.03,2.75,5.91 cmd=0.717,0.746,0.705,0.738 cap=2240,2333,1389,1447 des=2240,2333,1215,1266 app=2240,2308,1212,1266 abs=nil,nil,nil,nil ebrake=1.00 ibrake=1.00 hasABS=0 sy=10.51 split=1.000,0.875 ===
159.89219|I|libbeamng.print:18052| === LSTM_OBS t=270 10.47486,0.03019,2.74622,5.90956,0.33169,10.50660,-9.65862,0.02305,0.00000,0.00000,0.00244,1.00000,0.00000,-0.00185,-0.00910,2160.50047,0.25000 ===
159.94230|I|libbeamng.print:18052| === LSTM_TRACE t=280 v=13.20 ws=10.22,0.01,3.63,5.89 cmd=0.753,0.770,0.704,0.734 cap=2234,2307,1375,1430 des=2234,2307,1203,1252 app=2234,2281,1199,1252 abs=nil,nil,nil,nil ebrake=1.00 ibrake=1.00 hasABS=0 sy=10.49 split=1.000,0.875 ===
159.94234|I|libbeamng.print:18052| === LSTM_OBS t=280 10.21965,0.00739,3.63141,5.88854,0.36894,10.49486,-9.65257,0.01146,0.00000,0.00000,0.00331,1.00000,0.00000,-0.00247,-0.00932,1982.01695,0.25000 ===
159.99207|I|libbeamng.print:18052| === LSTM_TRACE t=290 v=12.66 ws=9.94,0.04,3.99,4.36 cmd=0.699,0.716,0.687,0.718 cap=2197,2251,1349,1405 des=2197,2251,1180,1230 app=2197,2225,1176,1230 abs=nil,nil,nil,nil ebrake=1.00 ibrake=1.00 hasABS=0 sy=10.51 split=1.000,0.875 ===
159.99212|I|libbeamng.print:18052| === LSTM_OBS t=290 9.94474,0.04491,3.98876,4.36100,0.27404,10.51323,-9.77402,0.03085,0.00000,0.00000,0.00494,1.00000,0.00000,-0.00206,-0.00972,1808.64707,0.25000 ===
160.04233|I|libbeamng.print:18052| === LSTM_TRACE t=300 v=12.12 ws=10.21,0.03,3.16,3.25 cmd=0.677,0.687,0.660,0.705 cap=2078,2109,1269,1355 des=2078,2109,1110,1186 app=2078,2084,1106,1186 abs=nil,nil,nil,nil ebrake=1.00 ibrake=1.00 hasABS=0 sy=10.57 split=1.000,0.875 ===
160.04237|I|libbeamng.print:18052| === LSTM_OBS t=300 10.21151,0.03104,3.16494,3.25370,0.20996,10.56539,-9.77534,0.05157,0.00000,0.00000,0.00438,1.00000,0.00000,-0.00204,-0.01031,1645.57281,0.25000 ===
160.09204|I|libbeamng.print:18052| === LSTM_TRACE t=310 v=11.61 ws=10.83,0.02,3.88,2.06 cmd=0.696,0.692,0.640,0.677 cap=2202,2189,1242,1328 des=2202,2189,1087,1162 app=2202,2162,1083,1162 abs=nil,nil,nil,nil ebrake=1.00 ibrake=1.00 hasABS=0 sy=10.60 split=1.000,0.875 ===
160.09209|I|libbeamng.print:18052| === LSTM_OBS t=310 10.83201,0.02445,3.88031,2.05922,0.28147,10.59974,-9.68778,0.04115,0.00000,0.00000,0.00315,1.00000,0.00000,-0.00259,-0.01091,1487.26924,0.25000 ===
160.14219|I|libbeamng.print:18052| === LSTM_TRACE t=320 v=11.08 ws=10.45,0.02,3.82,1.00 cmd=0.626,0.605,0.647,0.673 cap=1943,1880,1229,1286 des=1943,1880,1076,1126 app=1943,1856,1071,1126 abs=nil,nil,nil,nil ebrake=1.00 ibrake=1.00 hasABS=0 sy=10.53 split=1.000,0.875 ===
160.14228|I|libbeamng.print:18052| === LSTM_OBS t=320 10.44809,0.02229,3.81812,0.99830,0.18031,10.53285,-9.70849,0.05677,0.00000,0.00000,0.00305,1.00000,0.00000,-0.00194,-0.01129,1332.45267,0.25000 ===
160.19151|I|libbeamng.print:18052| === LSTM_TRACE t=330 v=10.59 ws=9.99,0.05,5.12,0.14 cmd=0.663,0.627,0.651,0.661 cap=2088,1974,1281,1303 des=2088,1974,1120,1140 app=2088,1949,1116,1140 abs=nil,nil,nil,nil ebrake=1.00 ibrake=1.00 hasABS=0 sy=10.38 split=1.000,0.875 ===
160.19157|I|libbeamng.print:18052| === LSTM_OBS t=330 9.98523,0.04968,5.11556,0.13929,0.20842,10.37964,-9.69575,0.05485,0.00000,0.00000,0.00322,1.00000,0.00000,-0.00217,-0.01155,1180.23649,0.25000 ===
160.24186|I|libbeamng.print:18052| === LSTM_TRACE t=340 v=10.08 ws=9.32,0.08,4.96,0.01 cmd=0.544,0.516,0.631,0.649 cap=1847,1755,1214,1251 des=1847,1755,1062,1095 app=1847,1731,1058,1095 abs=nil,nil,nil,nil ebrake=1.00 ibrake=1.00 hasABS=0 sy=10.31 split=1.000,0.875 ===
160.24191|I|libbeamng.print:18052| === LSTM_OBS t=340 9.32073,0.07957,4.95730,0.00685,0.14651,10.30721,-9.68693,0.07491,0.00000,0.00000,0.00254,1.00000,0.00000,-0.00167,-0.01153,1037.26536,0.25000 ===
160.29162|I|libbeamng.print:18052| === LSTM_TRACE t=350 v=9.55 ws=9.02,0.14,4.18,0.05 cmd=0.700,0.673,0.672,0.696 cap=1957,1877,1286,1333 des=1957,1877,1125,1166 app=1957,1851,1120,1166 abs=nil,nil,nil,nil ebrake=1.00 ibrake=1.00 hasABS=0 sy=10.35 split=1.000,0.875 ===
160.29167|I|libbeamng.print:18052| === LSTM_OBS t=350 9.02445,0.14114,4.17633,0.04851,0.12844,10.35430,-9.68763,0.07064,0.00000,0.00000,0.00270,1.00000,0.00000,-0.00126,-0.01211,929.78344,0.25000 ===
160.34177|I|libbeamng.print:18052| === LSTM_TRACE t=360 v=9.03 ws=8.35,0.06,3.38,0.08 cmd=0.603,0.581,0.638,0.672 cap=2038,1962,1277,1332 des=2038,1962,1117,1166 app=2038,1935,1112,1165 abs=nil,nil,nil,nil ebrake=1.00 ibrake=1.00 hasABS=0 sy=10.36 split=1.000,0.875 ===
160.34182|I|libbeamng.print:18052| === LSTM_OBS t=360 8.35147,0.06184,3.37911,0.07752,0.01277,10.36035,-9.74155,0.07858,0.00000,0.00000,0.00293,1.00000,0.00000,-0.00057,-0.01292,812.23393,0.25000 ===
160.39163|I|libbeamng.print:18052| === LSTM_TRACE t=370 v=8.54 ws=8.08,0.23,2.51,0.13 cmd=0.688,0.662,0.657,0.696 cap=1899,1818,1258,1333 des=1899,1818,1101,1166 app=1899,1792,1096,1165 abs=nil,nil,nil,nil ebrake=1.00 ibrake=1.00 hasABS=0 sy=10.31 split=1.000,0.875 ===
160.39168|I|libbeamng.print:18052| === LSTM_OBS t=370 8.08266,0.22977,2.50531,0.13184,-0.03763,10.31319,-9.73911,0.07570,0.00000,0.00000,0.00224,1.00000,0.00000,0.00008,-0.01371,742.41900,0.25000 ===
160.44181|I|libbeamng.print:18052| === LSTM_TRACE t=380 v=8.01 ws=7.36,1.16,2.74,0.02 cmd=0.648,0.630,0.643,0.682 cap=2094,2032,1269,1345 des=2094,2032,1111,1177 app=2094,2003,1105,1176 abs=nil,nil,nil,nil ebrake=1.00 ibrake=1.00 hasABS=0 sy=10.31 split=1.000,0.875 ===
160.44186|I|libbeamng.print:18052| === LSTM_OBS t=380 7.35574,1.15789,2.73664,0.01717,-0.08780,10.31166,-9.69377,0.08233,0.00000,0.00000,0.00142,1.00000,0.00000,-0.00004,-0.01384,730.34225,0.25000 ===
160.49162|I|libbeamng.print:18052| === LSTM_TRACE t=390 v=7.49 ws=6.65,2.10,3.67,0.03 cmd=0.635,0.618,0.640,0.681 cap=2108,2039,1258,1340 des=2108,2039,1100,1173 app=2108,2010,1095,1171 abs=nil,nil,nil,nil ebrake=1.00 ibrake=1.00 hasABS=0 sy=10.33 split=1.000,0.875 ===
160.49171|I|libbeamng.print:18052| === LSTM_OBS t=390 6.65328,2.10439,3.67479,0.02719,-0.25283,10.32626,-9.65896,0.08891,0.00000,0.00000,0.00239,1.00000,0.00000,-0.00043,-0.01366,732.79342,0.25000 ===
160.54174|I|libbeamng.print:18052| === LSTM_TRACE t=400 v=6.93 ws=6.15,3.65,3.70,0.05 cmd=0.623,0.617,0.636,0.673 cap=2152,2122,1262,1332 des=2152,2122,1104,1166 app=2152,2093,1099,1164 abs=nil,nil,nil,nil ebrake=1.00 ibrake=1.00 hasABS=0 sy=10.44 split=1.000,0.875 ===
160.54179|I|libbeamng.print:18052| === LSTM_OBS t=400 6.14742,3.64941,3.69939,0.05135,-0.37856,10.43704,-9.65344,0.10429,0.00000,0.00000,0.00142,1.00000,0.00000,0.00004,-0.01369,730.09836,0.25000 ===
160.59136|I|libbeamng.print:18052| === LSTM_TRACE t=410 v=6.37 ws=5.67,5.36,3.02,0.09 cmd=0.634,0.633,0.614,0.661 cap=2094,2089,1220,1292 des=2094,2089,1067,1131 app=2094,2062,1062,1128 abs=nil,nil,nil,nil ebrake=1.00 ibrake=1.00 hasABS=0 sy=10.63 split=1.000,0.875 ===
160.59140|I|libbeamng.print:18052| === LSTM_OBS t=410 5.66995,5.35969,3.01820,0.08998,-0.44178,10.63373,-9.58727,0.11697,0.00000,0.00000,0.00293,1.00000,0.00000,0.00128,-0.01442,734.36489,0.25000 ===
160.64209|I|libbeamng.print:18052| === LSTM_TRACE t=420 v=5.83 ws=5.43,5.59,2.67,0.29 cmd=0.577,0.587,0.585,0.641 cap=1940,1964,1157,1261 des=1940,1964,1013,1103 app=1940,1939,1007,1101 abs=nil,nil,nil,nil ebrake=1.00 ibrake=1.00 hasABS=0 sy=10.76 split=1.000,0.875 ===
160.64213|I|libbeamng.print:18052| === LSTM_OBS t=420 5.42705,5.58673,2.67427,0.29386,-0.46090,10.76049,-9.56302,0.10691,0.00000,0.00000,0.00104,1.00000,0.00000,0.00285,-0.01565,731.45198,0.25000 ===
160.69137|I|libbeamng.print:18052| === LSTM_TRACE t=430 v=5.32 ws=4.94,5.29,2.78,1.01 cmd=0.570,0.575,0.596,0.657 cap=1747,1758,1114,1244 des=1747,1758,975,1089 app=1747,1737,970,1086 abs=nil,nil,nil,nil ebrake=1.00 ibrake=1.00 hasABS=0 sy=10.64 split=1.000,0.875 ===
160.69141|I|libbeamng.print:18052| === LSTM_OBS t=430 4.93904,5.28811,2.77628,1.00826,-0.47179,10.63599,-9.64135,0.09905,0.00000,0.00000,0.00000,1.00000,0.00000,0.00459,-0.01614,734.65845,0.25000 ===
160.74187|I|libbeamng.print:18052| === LSTM_TRACE t=440 v=4.82 ws=4.16,4.59,1.77,1.07 cmd=0.621,0.629,0.603,0.674 cap=1875,1892,1166,1304 des=1875,1892,1020,1141 app=1875,1869,1015,1138 abs=nil,nil,nil,nil ebrake=1.00 ibrake=1.00 hasABS=0 sy=10.51 split=1.000,0.875 ===
160.74193|I|libbeamng.print:18052| === LSTM_OBS t=440 4.16469,4.58977,1.77153,1.07334,-0.53519,10.51289,-9.73966,0.08530,0.00000,0.00000,0.00417,1.00000,0.00000,0.00469,-0.01588,734.34185,0.25000 ===
160.79135|I|libbeamng.print:18052| === LSTM_TRACE t=450 v=4.31 ws=3.85,3.92,1.92,0.66 cmd=0.499,0.516,0.603,0.659 cap=1744,1781,1159,1277 des=1744,1781,1014,1117 app=1744,1761,1009,1114 abs=nil,nil,nil,nil ebrake=1.00 ibrake=1.00 hasABS=0 sy=10.42 split=1.000,0.875 ===
160.79147|I|libbeamng.print:18052| === LSTM_OBS t=450 3.84755,3.92396,1.91690,0.65766,-0.66369,10.41727,-9.77683,0.10387,0.00000,0.00000,0.00349,1.00000,0.00000,0.00438,-0.01529,734.77847,0.25000 ===
160.84110|I|libbeamng.print:18052| === LSTM_TRACE t=460 v=3.80 ws=3.40,3.79,1.90,1.44 cmd=0.633,0.683,0.622,0.668 cap=1857,2003,1198,1303 des=1857,2003,1049,1140 app=1857,1980,1043,1137 abs=nil,nil,nil,nil ebrake=1.00 ibrake=1.00 hasABS=0 sy=10.35 split=1.000,0.875 ===
160.84115|I|libbeamng.print:18052| === LSTM_OBS t=460 3.40024,3.79084,1.89568,1.43752,-0.66633,10.35390,-9.69255,0.07360,0.00000,0.00000,0.00049,1.00000,0.00000,0.00449,-0.01417,737.44614,0.25000 ===
160.89126|I|libbeamng.print:18052| === LSTM_TRACE t=470 v=3.24 ws=2.79,2.96,2.01,0.61 cmd=0.597,0.678,0.630,0.661 cap=2042,2258,1237,1296 des=2042,2258,1082,1134 app=2042,2233,1076,1130 abs=nil,nil,nil,nil ebrake=1.00 ibrake=1.00 hasABS=0 sy=10.43 split=1.000,0.875 ===
160.89131|I|libbeamng.print:18052| === LSTM_OBS t=470 2.79136,2.96241,2.00650,0.60705,-0.62050,10.43265,-9.60140,0.08621,0.00000,0.00000,0.00000,1.00000,0.00000,0.00329,-0.01388,735.93593,0.25000 ===
160.94114|I|libbeamng.print:18052| === LSTM_TRACE t=480 v=2.66 ws=2.08,2.15,2.14,1.45 cmd=0.684,0.786,0.655,0.667 cap=2107,2418,1255,1285 des=2107,2418,1098,1124 app=2107,2391,1091,1121 abs=nil,nil,nil,nil ebrake=1.00 ibrake=1.00 hasABS=0 sy=10.63 split=1.000,0.875 ===
160.94118|I|libbeamng.print:18052| === LSTM_OBS t=480 2.07803,2.15415,2.14135,1.44672,-0.66116,10.63196,-9.62620,0.05132,0.00000,0.00000,0.00198,1.00000,0.00000,0.00350,-0.01379,734.91785,0.25000 ===
160.99150|I|libbeamng.print:18052| === LSTM_TRACE t=490 v=2.10 ws=0.86,0.19,1.01,1.19 cmd=0.878,0.923,0.663,0.718 cap=2505,2727,1288,1366 des=2505,2727,1127,1195 app=2505,2697,1120,1192 abs=nil,nil,nil,nil ebrake=1.00 ibrake=1.00 hasABS=0 sy=10.87 split=1.000,0.875 ===
160.99156|I|libbeamng.print:18052| === LSTM_OBS t=490 0.85948,0.18968,1.01445,1.19430,-0.57884,10.87007,-9.62377,0.03993,0.00000,0.00000,0.00813,1.00000,0.00000,0.00337,-0.01444,734.16541,0.25000 ===
161.04111|I|libbeamng.print:18052| === LSTM_TRACE t=500 v=1.55 ws=0.04,0.06,1.16,1.43 cmd=0.985,0.986,0.755,0.778 cap=3048,3054,1456,1505 des=3048,3054,1274,1317 app=3048,3019,1266,1313 abs=nil,nil,nil,nil ebrake=1.00 ibrake=1.00 hasABS=0 sy=10.97 split=1.000,0.875 ===
161.04116|I|libbeamng.print:18052| === LSTM_OBS t=500 0.03930,0.06470,1.16058,1.42765,-0.63211,10.96956,-9.61261,-0.00019,0.00000,0.00000,0.00442,1.00000,0.00000,0.00371,-0.01503,729.31336,0.25000 ===
161.09037|I|libbeamng.print:18052| === LSTM_TRACE t=510 v=0.98 ws=0.02,0.02,0.60,0.17 cmd=0.990,0.990,0.791,0.816 cap=3070,3068,1536,1579 des=3070,3068,1344,1382 app=3070,3033,1336,1378 abs=nil,nil,nil,nil ebrake=1.00 ibrake=1.00 hasABS=0 sy=11.03 split=1.000,0.875 ===
161.09042|I|libbeamng.print:18052| === LSTM_OBS t=510 0.01927,0.02435,0.60330,0.16847,-0.56449,11.02657,-9.58668,0.00081,0.00000,0.00000,0.00409,1.00000,0.00000,0.00410,-0.01540,729.01811,0.25000 ===
165.26742|I|libbeamng.print:18052| === LSTM_ABS: lens 'band_g_mix_b1_sy_s2' loaded (1 member, 17 in, 64 hidden, 2 layers) ===
165.26909|I|libbeamng.print:18052| === LSTM_ABS SELFTEST lens=band_g_mix_b1_sy_s2 cmd=0.982999,0.951039,0.531187,0.614469 ===
194.89351|I|libbeamng.print:18052| === LSTM_TRACE t=0 v=27.71 ws=27.69,27.75,27.38,27.45 cmd=0.887,0.862,0.507,0.553 cap=155,155,97,97 des=155,155,85,85 app=154,152,84,84 abs=nil,nil,nil,nil ebrake=1.00 ibrake=1.00 hasABS=0 sy=1.58 split=1.000,0.875 ===
194.89355|I|libbeamng.print:18052| === LSTM_OBS t=0 27.69290,27.75260,27.37616,27.44996,-0.02128,1.58322,-9.78460,0.00681,0.00000,0.00000,0.00000,1.00000,0.00000,0.00081,-0.00906,7859.42478,0.25000 ===
194.94340|I|libbeamng.print:18052| === LSTM_TRACE t=10 v=27.45 ws=26.86,26.69,26.78,26.84 cmd=0.480,0.552,0.558,0.543 cap=1283,1506,1037,1010 des=1283,1506,907,884 app=1272,1478,896,877 abs=nil,nil,nil,nil ebrake=1.00 ibrake=1.00 hasABS=0 sy=2.10 split=1.000,0.875 ===
194.94345|I|libbeamng.print:18052| === LSTM_OBS t=10 26.85503,26.69071,26.77639,26.83941,0.02921,2.10313,-9.76335,-0.01734,0.00000,0.00000,0.00210,1.00000,0.00000,0.00072,-0.01000,7780.93549,0.25000 ===
194.96347|I|libbeamng.print:18052| === LSTM_ABS DBG raw=25.5039,25.3250,26.4023,26.5320,0.0407,2.6088,-9.7935,-0.0024,0.0000,0.0000,0.0032,1.0000,0.0000,0.0010,-0.0108,7707.2329,0.2500 ===
194.96352|I|libbeamng.print:18052| === LSTM_ABS DBG norm=0.50,0.43,0.52,0.50,-0.12,-2.10,0.00,0.01,0.06,-0.06,0.05,0.59,-0.02,0.00,0.00,3.82,0.00 ===
194.96352|I|libbeamng.print:18052| === LSTM_ABS DBG cmd=0.6937,0.7367,0.6592,0.6425 ===
194.99726|I|libbeamng.print:18052| === LSTM_TRACE t=20 v=26.97 ws=23.76,23.52,25.79,25.98 cmd=0.764,0.790,0.750,0.726 cap=2362,2445,1436,1384 des=2362,2445,1257,1211 app=2350,2412,1246,1205 abs=nil,nil,nil,nil ebrake=1.00 ibrake=1.00 hasABS=0 sy=3.85 split=1.000,0.875 ===
194.99735|I|libbeamng.print:18052| === LSTM_OBS t=20 23.76425,23.51834,25.79133,25.98433,0.05664,3.84665,-9.58771,0.02052,0.00000,0.00000,0.00289,1.00000,0.00000,0.00094,-0.01248,7541.53016,0.25000 ===
195.04327|I|libbeamng.print:18052| === LSTM_TRACE t=30 v=26.43 ws=22.49,21.76,24.69,25.15 cmd=0.742,0.768,0.755,0.743 cap=2264,2350,1467,1435 des=2264,2350,1284,1256 app=2256,2326,1276,1252 abs=nil,nil,nil,nil ebrake=1.00 ibrake=1.00 hasABS=0 sy=5.54 split=1.000,0.875 ===
195.04332|I|libbeamng.print:18052| === LSTM_OBS t=30 22.49196,21.76246,24.68600,25.15492,0.00170,5.54103,-9.41734,0.00829,0.00000,0.00000,0.00226,1.00000,0.00000,0.00123,-0.01564,7287.92071,0.25000 ===
195.09479|I|libbeamng.print:18052| === LSTM_TRACE t=40 v=25.87 ws=22.63,21.23,23.71,24.49 cmd=0.705,0.739,0.692,0.693 cap=2316,2406,1366,1363 des=2316,2406,1195,1193 app=2311,2387,1190,1191 abs=nil,nil,nil,nil ebrake=1.00 ibrake=1.00 hasABS=0 sy=7.13 split=1.000,0.875 ===
195.09484|I|libbeamng.print:18052| === LSTM_OBS t=40 22.63078,21.22523,23.71397,24.49208,-0.02558,7.12574,-9.42361,0.00060,0.00000,0.00000,0.00335,1.00000,0.00000,0.00160,-0.01747,7019.40061,0.25000 ===
195.14321|I|libbeamng.print:18052| === LSTM_TRACE t=50 v=25.28 ws=23.43,21.24,23.05,23.79 cmd=0.774,0.796,0.691,0.688 cap=2292,2384,1344,1337 des=2292,2384,1176,1170 app=2291,2371,1173,1170 abs=nil,nil,nil,nil ebrake=1.00 ibrake=1.00 hasABS=0 sy=8.48 split=1.000,0.875 ===
195.14331|I|libbeamng.print:18052| === LSTM_OBS t=50 23.43019,21.23584,23.04989,23.79040,-0.03015,8.47935,-9.52137,-0.01703,0.00000,0.00000,0.00345,1.00000,0.00000,0.00176,-0.01843,6814.16647,0.25000 ===
195.19331|I|libbeamng.print:18052| === LSTM_TRACE t=60 v=24.67 ws=22.94,20.91,22.38,23.22 cmd=0.778,0.798,0.731,0.727 cap=2337,2402,1415,1415 des=2337,2402,1238,1238 app=2337,2392,1236,1238 abs=nil,nil,nil,nil ebrake=1.00 ibrake=1.00 hasABS=0 sy=9.53 split=1.000,0.875 ===
195.19339|I|libbeamng.print:18052| === LSTM_OBS t=60 22.94191,20.91301,22.38235,23.22488,-0.01493,9.52764,-9.66736,-0.02493,0.00000,0.00000,0.00305,1.00000,0.00000,0.00163,-0.01907,6636.76147,0.25000 ===
195.24357|I|libbeamng.print:18052| === LSTM_TRACE t=70 v=24.07 ws=22.27,20.16,21.71,22.53 cmd=0.797,0.810,0.767,0.765 cap=2326,2393,1465,1462 des=2326,2393,1282,1279 app=2326,2387,1281,1279 abs=nil,nil,nil,nil ebrake=1.00 ibrake=1.00 hasABS=0 sy=10.26 split=1.000,0.875 ===
195.24362|I|libbeamng.print:18052| === LSTM_OBS t=70 22.27298,20.15911,21.71447,22.52821,0.00281,10.25824,-9.75906,-0.03297,0.00000,0.00000,0.00360,1.00000,0.00000,0.00131,-0.01928,6437.28506,0.25000 ===
195.29706|I|libbeamng.print:18052| === LSTM_TRACE t=80 v=23.47 ws=21.58,18.54,20.81,21.69 cmd=0.750,0.768,0.771,0.771 cap=2319,2360,1499,1502 des=2319,2360,1312,1314 app=2319,2357,1312,1314 abs=nil,nil,nil,nil ebrake=1.00 ibrake=1.00 hasABS=0 sy=10.76 split=1.000,0.875 ===
195.29711|I|libbeamng.print:18052| === LSTM_OBS t=80 21.57987,18.54110,20.80699,21.69471,0.02056,10.76134,-9.77049,-0.01215,0.00000,0.00000,0.00338,1.00000,0.00000,0.00105,-0.01895,6194.09977,0.25000 ===
195.34705|I|libbeamng.print:18052| === LSTM_TRACE t=90 v=22.88 ws=21.03,16.50,20.03,21.03 cmd=0.617,0.638,0.759,0.764 cap=2506,2503,1539,1551 des=2506,2503,1347,1357 app=2506,2501,1347,1357 abs=nil,nil,nil,nil ebrake=1.00 ibrake=1.00 hasABS=0 sy=11.05 split=1.000,0.875 ===
195.34709|I|libbeamng.print:18052| === LSTM_OBS t=90 21.02814,16.50233,20.02694,21.03129,0.05740,11.05151,-9.72595,0.00011,0.00000,0.00000,0.00326,1.00000,0.00000,0.00090,-0.01820,5965.92128,0.25000 ===
195.39702|I|libbeamng.print:18052| === LSTM_TRACE t=100 v=22.31 ws=21.01,14.14,19.17,20.37 cmd=0.773,0.770,0.786,0.800 cap=1876,1991,1519,1525 des=1876,1991,1329,1335 app=1876,1990,1329,1335 abs=nil,nil,nil,nil ebrake=1.00 ibrake=1.00 hasABS=0 sy=11.20 split=1.000,0.875 ===
195.39706|I|libbeamng.print:18052| === LSTM_OBS t=100 21.00971,14.13713,19.16961,20.37086,0.09797,11.19502,-9.65224,-0.00427,0.00000,0.00000,0.00350,1.00000,0.00000,0.00088,-0.01733,5742.69542,0.25000 ===
195.44714|I|libbeamng.print:18052| === LSTM_TRACE t=110 v=21.75 ws=20.65,12.09,18.33,19.68 cmd=0.702,0.696,0.779,0.795 cap=2016,2038,1479,1502 des=2016,2038,1294,1314 app=2016,2038,1294,1314 abs=nil,nil,nil,nil ebrake=1.00 ibrake=1.00 hasABS=0 sy=11.21 split=1.000,0.875 ===
195.44719|I|libbeamng.print:18052| === LSTM_OBS t=110 20.64706,12.09087,18.33131,19.68435,0.13273,11.20775,-9.61538,0.00120,0.00000,0.00000,0.00285,1.00000,0.00000,0.00097,-0.01630,5528.10355,0.25000 ===
195.49362|I|libbeamng.print:18052| === LSTM_TRACE t=120 v=21.21 ws=19.98,10.39,17.57,19.10 cmd=0.606,0.602,0.750,0.766 cap=2081,2040,1476,1508 des=2081,2040,1291,1320 app=2081,2039,1291,1320 abs=nil,nil,nil,nil ebrake=1.00 ibrake=1.00 hasABS=0 sy=11.17 split=1.000,0.875 ===
195.49367|I|libbeamng.print:18052| === LSTM_OBS t=120 19.98401,10.39086,17.56807,19.10308,0.15661,11.17361,-9.57722,-0.00785,0.00000,0.00000,0.00283,1.00000,0.00000,0.00097,-0.01539,5345.38309,0.25000 ===
195.54330|I|libbeamng.print:18052| === LSTM_TRACE t=130 v=20.66 ws=19.74,9.30,16.72,18.50 cmd=0.690,0.669,0.763,0.782 cap=1874,1851,1442,1472 des=1874,1851,1262,1288 app=1874,1850,1262,1288 abs=nil,nil,nil,nil ebrake=1.00 ibrake=1.00 hasABS=0 sy=11.12 split=1.000,0.875 ===
195.54339|I|libbeamng.print:18052| === LSTM_OBS t=130 19.74465,9.29736,16.72358,18.50202,0.16382,11.12042,-9.58439,0.00498,0.00000,0.00000,0.00261,1.00000,0.00000,0.00111,-0.01463,5151.01658,0.25000 ===
195.59381|I|libbeamng.print:18052| === LSTM_TRACE t=140 v=20.12 ws=19.09,8.36,15.94,18.09 cmd=0.614,0.607,0.743,0.757 cap=1709,1669,1365,1388 des=1709,1669,1194,1215 app=1864,1776,1194,1215 abs=nil,nil,nil,nil ebrake=1.00 ibrake=1.00 hasABS=0 sy=11.03 split=1.000,0.875 ===
195.59386|I|libbeamng.print:18052| === LSTM_OBS t=140 19.09375,8.35531,15.93527,18.08712,0.16764,11.02939,-9.60817,-0.00129,0.00000,0.00000,0.00270,1.00000,0.00000,0.00125,-0.01399,4969.96001,0.25000 ===
195.64331|I|libbeamng.print:18052| === LSTM_TRACE t=150 v=19.57 ws=18.44,7.37,15.20,17.84 cmd=0.568,0.554,0.658,0.673 cap=2162,2074,1356,1398 des=2162,2074,1187,1223 app=2162,2073,1187,1223 abs=nil,nil,nil,nil ebrake=1.00 ibrake=1.00 hasABS=0 sy=10.99 split=1.000,0.875 ===
195.64338|I|libbeamng.print:18052| === LSTM_OBS t=150 18.43612,7.36955,15.20142,17.83543,0.15367,10.98776,-9.62275,-0.01945,0.00000,0.00000,0.00270,1.00000,0.00000,0.00151,-0.01361,4807.70983,0.25000 ===
195.69350|I|libbeamng.print:18052| === LSTM_TRACE t=160 v=19.03 ws=17.95,6.87,14.59,17.46 cmd=0.621,0.603,0.641,0.659 cap=1957,1895,1272,1307 des=1957,1895,1113,1144 app=1957,1894,1113,1144 abs=nil,nil,nil,nil ebrake=1.00 ibrake=1.00 hasABS=0 sy=10.96 split=1.000,0.875 ===
195.69354|I|libbeamng.print:18052| === LSTM_OBS t=160 17.95105,6.87297,14.59475,17.46177,0.13706,10.95974,-9.66083,-0.01473,0.00000,0.00000,0.00315,1.00000,0.00000,0.00184,-0.01345,4670.84732,0.25000 ===
195.74357|I|libbeamng.print:18052| === LSTM_TRACE t=170 v=18.50 ws=17.43,6.31,14.10,17.34 cmd=0.607,0.589,0.627,0.638 cap=2128,2032,1235,1267 des=2128,2032,1081,1109 app=2128,2031,1081,1109 abs=nil,nil,nil,nil ebrake=1.00 ibrake=1.00 hasABS=0 sy=10.92 split=1.000,0.875 ===
195.74362|I|libbeamng.print:18052| === LSTM_OBS t=170 17.43068,6.31394,14.09924,17.33532,0.12295,10.92500,-9.70558,-0.02252,0.00000,0.00000,0.00318,1.00000,0.00000,0.00184,-0.01355,4553.59523,0.25000 ===
195.79351|I|libbeamng.print:18052| === LSTM_TRACE t=180 v=17.95 ws=16.89,5.49,12.52,16.19 cmd=0.677,0.659,0.662,0.672 cap=1698,1702,1235,1235 des=1698,1702,1080,1081 app=1698,1701,1080,1081 abs=nil,nil,nil,nil ebrake=1.00 ibrake=1.00 hasABS=0 sy=10.89 split=1.000,0.875 ===
195.79356|I|libbeamng.print:18052| === LSTM_OBS t=180 16.88898,5.48833,12.52340,16.19273,0.14693,10.89081,-9.75091,-0.02251,0.00000,0.00000,0.00285,1.00000,0.00000,0.00155,-0.01398,4468.38480,0.25000 ===
195.84361|I|libbeamng.print:18052| === LSTM_TRACE t=190 v=17.43 ws=16.12,3.93,11.01,15.06 cmd=0.514,0.503,0.638,0.628 cap=2534,2385,1282,1308 des=2534,2385,1122,1144 app=2474,2383,1122,1144 abs=nil,nil,nil,nil ebrake=1.00 ibrake=1.00 hasABS=0 sy=10.86 split=1.000,0.875 ===
195.84369|I|libbeamng.print:18052| === LSTM_OBS t=190 16.12375,3.93426,11.00940,15.05710,0.19947,10.86060,-9.75890,-0.02201,0.00000,0.00000,0.00338,1.00000,0.00000,0.00065,-0.01421,4381.49967,0.25000 ===
195.89392|I|libbeamng.print:18052| === LSTM_TRACE t=200 v=16.89 ws=16.30,1.83,9.71,13.61 cmd=0.801,0.765,0.752,0.760 cap=1697,1696,1419,1412 des=1697,1696,1242,1236 app=1697,1694,1242,1236 abs=nil,nil,nil,nil ebrake=1.00 ibrake=1.00 hasABS=0 sy=10.81 split=1.000,0.875 ===
195.89396|I|libbeamng.print:18052| === LSTM_OBS t=200 16.30094,1.82917,9.70668,13.61078,0.20076,10.80541,-9.73164,-0.02718,0.00000,0.00000,0.00244,1.00000,0.00000,-0.00089,-0.01411,4257.87480,0.25000 ===
195.94349|I|libbeamng.print:18052| === LSTM_TRACE t=210 v=16.38 ws=16.02,0.05,8.58,12.00 cmd=0.871,0.805,0.771,0.773 cap=2677,2549,1535,1564 des=2677,2549,1343,1369 app=1896,1999,1343,1369 abs=nil,nil,nil,nil ebrake=1.00 ibrake=1.00 hasABS=0 sy=10.70 split=1.000,0.875 ===
195.94357|I|libbeamng.print:18052| === LSTM_OBS t=210 16.02495,0.04891,8.58237,12.00153,0.23282,10.70252,-9.74125,-0.01387,0.00000,0.00000,0.00690,1.00000,0.00000,-0.00233,-0.01321,4091.18403,0.25000 ===
195.99334|I|libbeamng.print:18052| === LSTM_TRACE t=220 v=15.90 ws=15.17,0.11,7.70,10.80 cmd=0.738,0.693,0.785,0.789 cap=2769,2623,1555,1578 des=2769,2623,1360,1381 app=2322,2426,1360,1381 abs=nil,nil,nil,nil ebrake=1.00 ibrake=1.00 hasABS=0 sy=10.50 split=1.000,0.875 ===
195.99341|I|libbeamng.print:18052| === LSTM_OBS t=220 15.17089,0.10648,7.69897,10.79907,0.18207,10.49528,-9.64621,-0.01004,0.00000,0.00000,0.00473,1.00000,0.00000,-0.00204,-0.01217,3891.32610,0.25000 ===
196.04356|I|libbeamng.print:18052| === LSTM_TRACE t=230 v=15.37 ws=14.10,0.01,6.58,9.99 cmd=0.378,0.425,0.764,0.769 cap=1832,1808,1468,1474 des=1832,1808,1285,1290 app=2057,2046,1285,1290 abs=nil,nil,nil,nil ebrake=1.00 ibrake=1.00 hasABS=0 sy=10.37 split=1.000,0.875 ===
196.04364|I|libbeamng.print:18052| === LSTM_OBS t=230 14.09912,0.01111,6.57668,9.99408,0.22263,10.36730,-9.56636,0.00148,0.00000,0.00000,0.00349,1.00000,0.00000,-0.00163,-0.01117,3682.07572,0.25000 ===
196.09360|I|libbeamng.print:18052| === LSTM_TRACE t=240 v=14.84 ws=14.20,0.08,5.93,9.75 cmd=0.804,0.768,0.712,0.737 cap=2145,2134,1465,1518 des=2145,2134,1282,1328 app=2033,2026,1282,1328 abs=nil,nil,nil,nil ebrake=1.00 ibrake=1.00 hasABS=0 sy=10.38 split=1.000,0.875 ===
196.09367|I|libbeamng.print:18052| === LSTM_OBS t=240 14.19702,0.07529,5.92867,9.75445,0.23547,10.37538,-9.57480,0.00081,0.00000,0.00000,0.00398,1.00000,0.00000,-0.00158,-0.01024,3492.00522,0.25000 ===
196.14350|I|libbeamng.print:18052| === LSTM_TRACE t=250 v=14.32 ws=13.37,0.04,5.87,9.53 cmd=0.418,0.447,0.722,0.729 cap=2026,1953,1345,1373 des=2026,1953,1177,1201 app=2026,1984,1177,1201 abs=nil,nil,nil,nil ebrake=1.00 ibrake=1.00 hasABS=0 sy=10.43 split=1.000,0.875 ===
196.14361|I|libbeamng.print:18052| === LSTM_OBS t=250 13.37465,0.04342,5.86987,9.53010,0.24821,10.43371,-9.62156,0.00129,0.00000,0.00000,0.00315,1.00000,0.00000,-0.00159,-0.00972,3325.22531,0.25000 ===
196.19354|I|libbeamng.print:18052| === LSTM_TRACE t=260 v=13.78 ws=13.31,0.04,5.28,8.93 cmd=0.776,0.749,0.733,0.766 cap=1596,1659,1436,1476 des=1596,1659,1256,1292 app=1596,1653,1256,1292 abs=nil,nil,nil,nil ebrake=1.00 ibrake=1.00 hasABS=0 sy=10.48 split=1.000,0.875 ===
196.19360|I|libbeamng.print:18052| === LSTM_OBS t=260 13.30635,0.03891,5.28200,8.93417,0.23659,10.48337,-9.71360,0.00657,0.00000,0.00000,0.00293,1.00000,0.00000,-0.00132,-0.00961,3165.70033,0.25000 ===
196.24340|I|libbeamng.print:18052| === LSTM_TRACE t=270 v=13.27 ws=12.56,0.12,5.03,8.52 cmd=0.525,0.519,0.709,0.716 cap=2508,2406,1383,1443 des=2508,2406,1210,1263 app=2371,2363,1210,1263 abs=nil,nil,nil,nil ebrake=1.00 ibrake=1.00 hasABS=0 sy=10.49 split=1.000,0.875 ===
196.24347|I|libbeamng.print:18052| === LSTM_OBS t=270 12.56119,0.11725,5.02693,8.51994,0.22709,10.48595,-9.75441,0.00992,0.00000,0.00000,0.00388,1.00000,0.00000,-0.00103,-0.00968,3003.21512,0.25000 ===
196.29321|I|libbeamng.print:18052| === LSTM_TRACE t=280 v=12.74 ws=11.93,0.05,4.90,8.24 cmd=0.601,0.607,0.753,0.788 cap=1039,1156,1446,1468 des=1039,1156,1265,1284 app=1596,1591,1265,1284 abs=nil,nil,nil,nil ebrake=1.00 ibrake=1.00 hasABS=0 sy=10.46 split=1.000,0.875 ===
196.29334|I|libbeamng.print:18052| === LSTM_OBS t=280 11.92599,0.05452,4.90263,8.23935,0.22094,10.45614,-9.76474,0.00740,0.00000,0.00000,0.00146,1.00000,0.00000,-0.00063,-0.00994,2834.01788,0.25000 ===
196.34356|I|libbeamng.print:18052| === LSTM_TRACE t=290 v=12.24 ws=11.55,0.15,4.41,7.64 cmd=0.606,0.589,0.705,0.715 cap=2503,2394,1434,1500 des=2503,2394,1255,1312 app=2352,2313,1255,1312 abs=nil,nil,nil,nil ebrake=1.00 ibrake=1.00 hasABS=0 sy=10.43 split=1.000,0.875 ===
196.34361|I|libbeamng.print:18052| === LSTM_OBS t=290 11.55257,0.14636,4.41415,7.64446,0.18795,10.43004,-9.72466,0.00691,0.00000,0.00000,0.00224,1.00000,0.00000,-0.00045,-0.01003,2663.45072,0.25000 ===
196.39345|I|libbeamng.print:18052| === LSTM_TRACE t=300 v=11.70 ws=11.12,0.07,3.80,6.74 cmd=0.755,0.732,0.759,0.792 cap=1282,1396,1441,1463 des=1282,1396,1261,1280 app=1475,1393,1261,1280 abs=nil,nil,nil,nil ebrake=1.00 ibrake=1.00 hasABS=0 sy=10.37 split=1.000,0.875 ===
196.39351|I|libbeamng.print:18052| === LSTM_OBS t=300 11.11526,0.06821,3.79542,6.73878,0.18467,10.37393,-9.72879,0.01597,0.00000,0.00000,0.00192,1.00000,0.00000,-0.00020,-0.00995,2489.43882,0.25000 ===
196.44328|I|libbeamng.print:18052| === LSTM_TRACE t=310 v=11.22 ws=10.53,0.12,4.54,6.51 cmd=0.581,0.576,0.698,0.694 cap=2462,2372,1410,1459 des=2462,2372,1234,1277 app=2359,2323,1234,1277 abs=nil,nil,nil,nil ebrake=1.00 ibrake=1.00 hasABS=0 sy=10.36 split=1.000,0.875 ===
196.44332|I|libbeamng.print:18052| === LSTM_OBS t=310 10.52963,0.12164,4.53577,6.51163,0.17829,10.35601,-9.69420,0.00219,0.00000,0.00000,0.00256,1.00000,0.00000,-0.00053,-0.00982,2319.47459,0.25000 ===
196.49347|I|libbeamng.print:18052| === LSTM_TRACE t=320 v=10.67 ws=9.86,0.05,3.60,5.61 cmd=0.452,0.489,0.736,0.741 cap=1540,1571,1369,1339 des=1540,1571,1198,1171 app=1972,1950,1197,1171 abs=nil,nil,nil,nil ebrake=1.00 ibrake=1.00 hasABS=0 sy=10.37 split=1.000,0.875 ===
196.49351|I|libbeamng.print:18052| === LSTM_OBS t=320 9.86116,0.04629,3.59765,5.61151,0.09620,10.37031,-9.70303,0.02385,0.00000,0.00000,0.00204,1.00000,0.00000,-0.00072,-0.00971,2157.42224,0.25000 ===
196.54353|I|libbeamng.print:18052| === LSTM_TRACE t=330 v=10.15 ws=9.52,0.04,4.34,5.35 cmd=0.785,0.769,0.737,0.745 cap=1835,1929,1446,1455 des=1835,1929,1265,1273 app=1835,1916,1264,1273 abs=nil,nil,nil,nil ebrake=1.00 ibrake=1.00 hasABS=0 sy=10.42 split=1.000,0.875 ===
196.54358|I|libbeamng.print:18052| === LSTM_OBS t=330 9.52335,0.03614,4.34419,5.34508,0.09019,10.42356,-9.71914,0.00954,0.00000,0.00000,0.00176,1.00000,0.00000,-0.00132,-0.00989,2002.47355,0.25000 ===
196.59354|I|libbeamng.print:18052| === LSTM_TRACE t=340 v=9.60 ws=8.63,0.11,2.96,4.24 cmd=0.703,0.683,0.717,0.703 cap=2613,2527,1426,1447 des=2613,2527,1248,1266 app=2581,2486,1247,1266 abs=nil,nil,nil,nil ebrake=1.00 ibrake=1.00 hasABS=0 sy=10.55 split=1.000,0.875 ===
196.59359|I|libbeamng.print:18052| === LSTM_OBS t=340 8.62585,0.11322,2.96019,4.24099,0.00660,10.55419,-9.74860,0.02862,0.00000,0.00000,0.00473,1.00000,0.00000,-0.00143,-0.01031,1847.07610,0.25000 ===
196.64356|I|libbeamng.print:18052| === LSTM_TRACE t=350 v=9.05 ws=8.32,0.00,3.69,3.81 cmd=0.731,0.752,0.772,0.785 cap=1684,1838,1439,1416 des=1684,1838,1259,1239 app=1838,1824,1257,1239 abs=nil,nil,nil,nil ebrake=1.00 ibrake=1.00 hasABS=0 sy=10.65 split=1.000,0.875 ===
196.64361|I|libbeamng.print:18052| === LSTM_OBS t=350 8.31828,0.00166,3.68938,3.81355,0.06143,10.64660,-9.70385,0.02462,0.00000,0.00000,0.00183,1.00000,0.00000,-0.00208,-0.01113,1683.79806,0.25000 ===
196.69341|I|libbeamng.print:18052| === LSTM_TRACE t=360 v=8.52 ws=7.86,0.10,3.50,3.42 cmd=0.724,0.740,0.714,0.730 cap=2429,2438,1425,1470 des=2429,2438,1247,1286 app=2429,2419,1245,1286 abs=nil,nil,nil,nil ebrake=1.00 ibrake=1.00 hasABS=0 sy=10.69 split=1.000,0.875 ===
196.69346|I|libbeamng.print:18052| === LSTM_OBS t=360 7.86468,0.10432,3.50276,3.42033,-0.05371,10.69049,-9.78183,0.03974,0.00000,0.00000,0.00375,1.00000,0.00000,-0.00159,-0.01145,1502.89271,0.25000 ===
196.74712|I|libbeamng.print:18052| === LSTM_TRACE t=370 v=7.95 ws=6.81,0.01,3.03,2.49 cmd=0.679,0.733,0.619,0.665 cap=2213,2303,1229,1320 des=2213,2303,1075,1155 app=2213,2285,1074,1155 abs=nil,nil,nil,nil ebrake=1.00 ibrake=1.00 hasABS=0 sy=10.76 split=1.000,0.875 ===
196.74718|I|libbeamng.print:18052| === LSTM_OBS t=370 6.81023,0.01398,3.02803,2.49467,-0.01497,10.75562,-9.65136,0.04299,0.00000,0.00000,0.00104,1.00000,0.00000,-0.00169,-0.01170,1316.48752,0.25000 ===
196.79317|I|libbeamng.print:18052| === LSTM_TRACE t=380 v=7.42 ws=5.10,0.07,4.08,1.90 cmd=0.826,0.862,0.548,0.608 cap=2279,2481,1032,1114 des=2279,2481,903,975 app=2279,2460,902,975 abs=nil,nil,nil,nil ebrake=1.00 ibrake=1.00 hasABS=0 sy=10.81 split=1.000,0.875 ===
196.79323|I|libbeamng.print:18052| === LSTM_OBS t=380 5.09970,0.06888,4.07657,1.90457,-0.00770,10.81330,-9.64336,0.04556,0.00000,0.00000,0.00462,1.00000,0.00000,-0.00239,-0.01185,1186.29549,0.25000 ===
196.84381|I|libbeamng.print:18052| === LSTM_TRACE t=390 v=6.84 ws=2.30,0.05,4.55,0.73 cmd=0.816,0.880,0.492,0.522 cap=2595,2762,963,1032 des=2595,2762,843,903 app=2595,2738,842,903 abs=nil,nil,nil,nil ebrake=1.00 ibrake=1.00 hasABS=0 sy=10.99 split=1.000,0.875 ===
196.84386|I|libbeamng.print:18052| === LSTM_OBS t=390 2.30022,0.05265,4.55195,0.72937,-0.03882,10.98879,-9.72798,0.05904,0.00000,0.00000,0.00124,1.00000,0.00000,-0.00179,-0.01240,1091.03340,0.25000 ===
196.89337|I|libbeamng.print:18052| === LSTM_TRACE t=400 v=6.28 ws=0.18,0.01,4.68,0.04 cmd=0.944,0.956,0.563,0.612 cap=2924,2965,1126,1229 des=2924,2965,985,1075 app=2924,2939,983,1075 abs=nil,nil,nil,nil ebrake=1.00 ibrake=1.00 hasABS=0 sy=11.07 split=1.000,0.875 ===
196.89341|I|libbeamng.print:18052| === LSTM_OBS t=400 0.17984,0.01406,4.68188,0.04424,-0.14121,11.06516,-9.87176,0.05235,0.00000,0.00000,0.00539,1.00000,0.00000,-0.00007,-0.01298,1015.73019,0.25000 ===
196.94335|I|libbeamng.print:18052| === LSTM_TRACE t=410 v=5.75 ws=0.05,0.02,4.13,0.05 cmd=0.952,0.962,0.592,0.631 cap=2957,2987,1139,1226 des=2957,2987,997,1073 app=2957,2960,995,1073 abs=nil,nil,nil,nil ebrake=1.00 ibrake=1.00 hasABS=0 sy=11.03 split=1.000,0.875 ===
196.94341|I|libbeamng.print:18052| === LSTM_OBS t=410 0.04637,0.01537,4.12990,0.04800,-0.12222,11.02775,-9.81914,0.04608,0.00000,0.00000,0.00406,1.00000,0.00000,0.00094,-0.01358,921.35448,0.25000 ===
196.99337|I|libbeamng.print:18052| === LSTM_TRACE t=420 v=5.20 ws=0.01,0.01,3.14,0.01 cmd=0.982,0.981,0.715,0.724 cap=3040,3038,1356,1388 des=3040,3038,1186,1214 app=3040,3010,1184,1214 abs=nil,nil,nil,nil ebrake=1.00 ibrake=1.00 hasABS=0 sy=10.95 split=1.000,0.875 ===
196.99344|I|libbeamng.print:18052| === LSTM_OBS t=420 0.00849,0.00677,3.14279,0.01306,-0.12628,10.94556,-9.66833,0.04639,0.00000,0.00000,0.00367,1.00000,0.00000,0.00083,-0.01413,807.34496,0.25000 ===
197.04351|I|libbeamng.print:18052| === LSTM_TRACE t=430 v=4.66 ws=0.01,0.00,1.16,0.13 cmd=0.992,0.990,0.830,0.827 cap=3074,3067,1604,1598 des=3074,3067,1404,1398 app=3074,3038,1401,1398 abs=nil,nil,nil,nil ebrake=1.00 ibrake=1.00 hasABS=0 sy=10.94 split=1.000,0.875 ===
197.04357|I|libbeamng.print:18052| === LSTM_OBS t=430 0.00546,0.00158,1.15523,0.12908,-0.10332,10.93684,-9.57418,0.03722,0.00000,0.00000,0.00448,1.00000,0.00000,0.00051,-0.01472,740.71173,0.25000 ===
197.09703|I|libbeamng.print:18052| === LSTM_TRACE t=440 v=4.12 ws=0.00,0.00,0.34,0.01 cmd=0.993,0.991,0.848,0.843 cap=3076,3071,1644,1633 des=3076,3071,1439,1428 app=3076,3042,1436,1428 abs=nil,nil,nil,nil ebrake=1.00 ibrake=1.00 hasABS=0 sy=10.88 split=1.000,0.875 ===
197.09710|I|libbeamng.print:18052| === LSTM_OBS t=440 0.00245,0.00307,0.34009,0.00789,-0.11287,10.88329,-9.51499,0.03751,0.00000,0.00000,0.00465,1.00000,0.00000,-0.00005,-0.01487,731.05256,0.25000 ===
197.14703|I|libbeamng.print:18052| === LSTM_TRACE t=450 v=3.57 ws=0.00,0.01,0.56,0.03 cmd=0.994,0.992,0.859,0.855 cap=3080,3075,1667,1657 des=3080,3075,1458,1450 app=3080,3045,1455,1450 abs=nil,nil,nil,nil ebrake=1.00 ibrake=1.00 hasABS=0 sy=10.91 split=1.000,0.875 ===
197.14713|I|libbeamng.print:18052| === LSTM_OBS t=450 0.00054,0.00592,0.56029,0.02858,-0.17870,10.90906,-9.54012,0.03666,0.00000,0.00000,0.00533,1.00000,0.00000,0.00025,-0.01442,727.57184,0.25000 ===
197.19712|I|libbeamng.print:18052| === LSTM_TRACE t=460 v=3.00 ws=0.00,0.00,0.37,0.15 cmd=0.995,0.993,0.865,0.862 cap=3083,3080,1680,1673 des=3083,3080,1470,1464 app=3083,3049,1467,1464 abs=nil,nil,nil,nil ebrake=1.00 ibrake=1.00 hasABS=0 sy=10.98 split=1.000,0.875 ===
197.19721|I|libbeamng.print:18052| === LSTM_OBS t=460 0.00085,0.00263,0.36879,0.15416,-0.20999,10.97851,-9.52768,0.03465,0.00000,0.00000,0.00455,1.00000,0.00000,0.00093,-0.01359,728.00295,0.25000 ===
197.24704|I|libbeamng.print:18052| === LSTM_TRACE t=470 v=2.43 ws=0.00,0.00,0.16,0.28 cmd=0.995,0.994,0.871,0.869 cap=3085,3082,1692,1687 des=3085,3082,1481,1476 app=3085,3051,1477,1476 abs=nil,nil,nil,nil ebrake=1.00 ibrake=1.00 hasABS=0 sy=11.11 split=1.000,0.875 ===
197.24709|I|libbeamng.print:18052| === LSTM_OBS t=470 0.00320,0.00132,0.16265,0.27536,-0.22875,11.10543,-9.54034,0.03202,0.00000,0.00000,0.00439,1.00000,0.00000,0.00165,-0.01275,726.82840,0.25000 ===
197.29317|I|libbeamng.print:18052| === LSTM_TRACE t=480 v=1.85 ws=0.00,0.00,0.00,0.65 cmd=0.996,0.995,0.875,0.873 cap=3086,3084,1700,1695 des=3086,3084,1488,1483 app=3086,3052,1483,1483 abs=nil,nil,nil,nil ebrake=1.00 ibrake=1.00 hasABS=0 sy=11.22 split=1.000,0.875 ===
197.29325|I|libbeamng.print:18052| === LSTM_OBS t=480 0.00280,0.00153,0.00331,0.65180,-0.23480,11.22288,-9.56698,0.02871,0.00000,0.00000,0.00417,1.00000,0.00000,0.00238,-0.01204,729.77857,0.25000 ===
197.34321|I|libbeamng.print:18052| === LSTM_TRACE t=490 v=1.26 ws=0.00,0.00,0.04,0.93 cmd=0.996,0.995,0.875,0.869 cap=3087,3085,1700,1689 des=3087,3085,1487,1478 app=3087,3052,1483,1478 abs=nil,nil,nil,nil ebrake=1.00 ibrake=1.00 hasABS=0 sy=11.40 split=1.000,0.875 ===
197.34328|I|libbeamng.print:18052| === LSTM_OBS t=490 0.00363,0.00200,0.03918,0.93437,-0.28746,11.40342,-9.61454,-0.00070,0.00000,0.00000,0.00438,1.00000,0.00000,0.00237,-0.01179,728.90317,0.25000 ===
197.39313|I|libbeamng.print:18052| === LSTM_TRACE t=500 v=0.67 ws=0.00,0.00,0.01,0.50 cmd=0.996,0.995,0.878,0.865 cap=3087,3085,1700,1680 des=3087,3085,1488,1470 app=3087,3053,1483,1470 abs=nil,nil,nil,nil ebrake=1.00 ibrake=1.00 hasABS=0 sy=11.48 split=1.000,0.875 ===
197.39321|I|libbeamng.print:18052| === LSTM_OBS t=500 0.00471,0.00138,0.00672,0.50178,-0.46103,11.48202,-9.71100,-0.01898,0.00000,0.00000,0.00404,1.00000,0.00000,0.00304,-0.01188,729.65757,0.25000 ===
227.94618|I|libbeamng.print:18052| === LSTM_TRACE t=0 v=27.71 ws=27.75,27.90,27.41,27.46 cmd=0.889,0.864,0.508,0.553 cap=155,155,97,97 des=155,155,85,85 app=77,76,42,42 abs=nil,nil,nil,nil ebrake=1.00 ibrake=1.00 hasABS=0 sy=1.56 split=1.000,0.875 ===
227.94623|I|libbeamng.print:18052| === LSTM_OBS t=0 27.74706,27.89716,27.41028,27.46149,-0.02175,1.56388,-9.79469,0.00131,0.00000,0.00000,0.00000,1.00000,0.00000,0.00089,-0.00907,7856.72799,0.25000 ===
227.99614|I|libbeamng.print:18052| === LSTM_TRACE t=10 v=27.45 ws=26.75,26.62,26.72,26.83 cmd=0.469,0.542,0.557,0.545 cap=1275,1497,1036,1011 des=1275,1497,906,884 app=1272,1476,899,881 abs=nil,nil,nil,nil ebrake=1.00 ibrake=1.00 hasABS=0 sy=2.18 split=1.000,0.875 ===
227.99618|I|libbeamng.print:18052| === LSTM_OBS t=10 26.75084,26.62391,26.72285,26.82794,0.02855,2.18199,-9.73624,-0.00246,0.00000,0.00000,0.00226,1.00000,0.00000,0.00079,-0.00996,7768.30869,0.25000 ===
228.01615|I|libbeamng.print:18052| === LSTM_ABS DBG raw=25.4168,25.2767,26.3440,26.4403,0.0166,2.7106,-9.7045,-0.0044,0.0000,0.0000,0.0031,1.0000,0.0000,0.0010,-0.0108,7690.4400,0.2500 ===
228.01619|I|libbeamng.print:18052| === LSTM_ABS DBG norm=0.50,0.43,0.51,0.50,-0.14,-2.07,0.00,-0.01,0.06,-0.06,0.05,0.59,-0.02,0.00,0.00,3.81,0.00 ===
228.01620|I|libbeamng.print:18052| === LSTM_ABS DBG cmd=0.7031,0.7466,0.6634,0.6524 ===
228.04618|I|libbeamng.print:18052| === LSTM_TRACE t=20 v=26.98 ws=23.71,23.35,25.80,25.97 cmd=0.778,0.803,0.756,0.729 cap=2369,2454,1447,1395 des=2369,2454,1266,1221 app=2366,2429,1260,1218 abs=nil,nil,nil,nil ebrake=1.00 ibrake=1.00 hasABS=0 sy=3.77 split=1.000,0.875 ===
228.04623|I|libbeamng.print:18052| === LSTM_OBS t=20 23.70516,23.34526,25.79617,25.96526,0.02430,3.77210,-9.49796,-0.01313,0.00000,0.00000,0.00244,1.00000,0.00000,0.00103,-0.01253,7544.38785,0.25000 ===
228.09588|I|libbeamng.print:18052| === LSTM_TRACE t=30 v=26.45 ws=22.00,21.62,24.59,25.16 cmd=0.730,0.757,0.754,0.736 cap=2403,2465,1488,1459 des=2403,2465,1302,1276 app=2403,2447,1298,1276 abs=nil,nil,nil,nil ebrake=1.00 ibrake=1.00 hasABS=0 sy=5.69 split=1.000,0.875 ===
228.09592|I|libbeamng.print:18052| === LSTM_OBS t=30 21.99541,21.62018,24.58810,25.15545,0.00623,5.69096,-9.35465,-0.01866,0.00000,0.00000,0.00274,1.00000,0.00000,0.00146,-0.01564,7259.42010,0.25000 ===
228.14612|I|libbeamng.print:18052| === LSTM_TRACE t=40 v=25.87 ws=22.16,21.43,23.68,24.52 cmd=0.753,0.783,0.706,0.705 cap=2154,2267,1365,1367 des=2154,2267,1195,1196 app=2154,2255,1193,1196 abs=nil,nil,nil,nil ebrake=1.00 ibrake=1.00 hasABS=0 sy=7.25 split=1.000,0.875 ===
228.14617|I|libbeamng.print:18052| === LSTM_OBS t=40 22.16267,21.42842,23.67732,24.51584,-0.01407,7.25405,-9.37407,-0.02038,0.00000,0.00000,0.00278,1.00000,0.00000,0.00173,-0.01751,6992.28368,0.25000 ===
228.19599|I|libbeamng.print:18052| === LSTM_TRACE t=50 v=25.27 ws=22.77,21.13,22.99,23.81 cmd=0.724,0.755,0.692,0.687 cap=2354,2424,1358,1355 des=2354,2424,1188,1186 app=2354,2415,1187,1186 abs=nil,nil,nil,nil ebrake=1.00 ibrake=1.00 hasABS=0 sy=8.57 split=1.000,0.875 ===
228.19607|I|libbeamng.print:18052| === LSTM_OBS t=50 22.77104,21.13283,22.98900,23.80943,-0.02156,8.56714,-9.50965,-0.01493,0.00000,0.00000,0.00370,1.00000,0.00000,0.00177,-0.01844,6787.78417,0.25000 ===
228.24606|I|libbeamng.print:18052| === LSTM_TRACE t=60 v=24.66 ws=22.77,20.57,22.32,23.16 cmd=0.746,0.768,0.742,0.737 cap=2394,2466,1429,1416 des=2394,2466,1251,1239 app=2394,2461,1251,1239 abs=nil,nil,nil,nil ebrake=1.00 ibrake=1.00 hasABS=0 sy=9.60 split=1.000,0.875 ===
228.24611|I|libbeamng.print:18052| === LSTM_OBS t=60 22.76816,20.57041,22.31616,23.15737,0.00092,9.60438,-9.65972,-0.01901,0.00000,0.00000,0.00349,1.00000,0.00000,0.00155,-0.01907,6602.62141,0.25000 ===
228.29609|I|libbeamng.print:18052| === LSTM_TRACE t=70 v=24.06 ws=22.28,19.67,21.62,22.50 cmd=0.780,0.795,0.763,0.763 cap=2369,2407,1484,1488 des=2369,2407,1299,1302 app=2369,2405,1299,1302 abs=nil,nil,nil,nil ebrake=1.00 ibrake=1.00 hasABS=0 sy=10.33 split=1.000,0.875 ===
228.29614|I|libbeamng.print:18052| === LSTM_OBS t=70 22.28021,19.67126,21.61532,22.50105,0.02322,10.32661,-9.74354,-0.01859,0.00000,0.00000,0.00354,1.00000,0.00000,0.00115,-0.01920,6396.18453,0.25000 ===
228.34594|I|libbeamng.print:18052| === LSTM_TRACE t=80 v=23.47 ws=21.63,17.88,20.78,21.67 cmd=0.715,0.733,0.765,0.766 cap=2419,2445,1504,1511 des=2419,2445,1316,1322 app=2419,2445,1316,1322 abs=nil,nil,nil,nil ebrake=1.00 ibrake=1.00 hasABS=0 sy=10.77 split=1.000,0.875 ===
228.34598|I|libbeamng.print:18052| === LSTM_OBS t=80 21.63295,17.87600,20.77827,21.66663,0.04513,10.76507,-9.74020,-0.01631,0.00000,0.00000,0.00391,1.00000,0.00000,0.00098,-0.01880,6172.59230,0.25000 ===
228.39590|I|libbeamng.print:18052| === LSTM_TRACE t=90 v=22.89 ws=21.22,15.56,19.95,20.95 cmd=0.557,0.598,0.754,0.754 cap=2383,2373,1488,1508 des=2383,2373,1302,1320 app=2383,2373,1302,1320 abs=nil,nil,nil,nil ebrake=1.00 ibrake=1.00 hasABS=0 sy=11.02 split=1.000,0.875 ===
228.39600|I|libbeamng.print:18052| === LSTM_OBS t=90 21.21548,15.56046,19.94687,20.94860,0.07424,11.02227,-9.72293,-0.00833,0.00000,0.00000,0.00354,1.00000,0.00000,0.00090,-0.01795,5947.06930,0.25000 ===
228.44635|I|libbeamng.print:18052| === LSTM_TRACE t=100 v=22.33 ws=20.96,13.52,18.92,20.23 cmd=0.678,0.676,0.759,0.774 cap=2345,2349,1530,1557 des=2345,2349,1339,1363 app=2319,2349,1339,1363 abs=nil,nil,nil,nil ebrake=1.00 ibrake=1.00 hasABS=0 sy=11.13 split=1.000,0.875 ===
228.44640|I|libbeamng.print:18052| === LSTM_OBS t=100 20.95760,13.52027,18.92094,20.23055,0.10617,11.12883,-9.66506,0.00109,0.00000,0.00000,0.00289,1.00000,0.00000,0.00094,-0.01704,5727.20219,0.25000 ===
228.49608|I|libbeamng.print:18052| === LSTM_TRACE t=110 v=21.77 ws=20.53,11.35,18.32,19.55 cmd=0.630,0.622,0.755,0.772 cap=2206,2186,1509,1540 des=2206,2186,1320,1347 app=2206,2186,1320,1347 abs=nil,nil,nil,nil ebrake=1.00 ibrake=1.00 hasABS=0 sy=11.12 split=1.000,0.875 ===
228.49612|I|libbeamng.print:18052| === LSTM_OBS t=110 20.52592,11.35037,18.32347,19.55493,0.14067,11.12238,-9.62055,-0.00416,0.00000,0.00000,0.00322,1.00000,0.00000,0.00094,-0.01602,5515.38973,0.25000 ===
228.54600|I|libbeamng.print:18052| === LSTM_TRACE t=120 v=21.23 ws=20.04,9.71,17.59,18.97 cmd=0.576,0.568,0.747,0.764 cap=2107,2065,1495,1530 des=2107,2065,1308,1338 app=2107,2065,1308,1338 abs=nil,nil,nil,nil ebrake=1.00 ibrake=1.00 hasABS=0 sy=11.08 split=1.000,0.875 ===
228.54605|I|libbeamng.print:18052| === LSTM_OBS t=120 20.03678,9.70878,17.59473,18.97092,0.15949,11.08484,-9.59594,-0.00161,0.00000,0.00000,0.00274,1.00000,0.00000,0.00099,-0.01513,5315.32341,0.25000 ===
228.59632|I|libbeamng.print:18052| === LSTM_TRACE t=130 v=20.68 ws=19.68,8.65,16.88,18.60 cmd=0.624,0.605,0.754,0.771 cap=1985,1922,1452,1485 des=1985,1922,1270,1299 app=1985,1922,1270,1299 abs=nil,nil,nil,nil ebrake=1.00 ibrake=1.00 hasABS=0 sy=11.03 split=1.000,0.875 ===
228.59637|I|libbeamng.print:18052| === LSTM_OBS t=130 19.67753,8.65104,16.88421,18.59889,0.17257,11.02919,-9.59518,0.00003,0.00000,0.00000,0.00289,1.00000,0.00000,0.00117,-0.01440,5125.28427,0.25000 ===
228.64615|I|libbeamng.print:18052| === LSTM_TRACE t=140 v=20.15 ws=19.13,7.81,16.11,18.18 cmd=0.632,0.610,0.730,0.747 cap=1968,1895,1410,1444 des=1968,1895,1234,1263 app=1968,1895,1234,1263 abs=nil,nil,nil,nil ebrake=1.00 ibrake=1.00 hasABS=0 sy=10.97 split=1.000,0.875 ===
228.64621|I|libbeamng.print:18052| === LSTM_OBS t=140 19.12657,7.80654,16.11080,18.17714,0.16921,10.97076,-9.59697,-0.00653,0.00000,0.00000,0.00293,1.00000,0.00000,0.00143,-0.01378,4945.91053,0.25000 ===
228.69659|I|libbeamng.print:18052| === LSTM_TRACE t=150 v=19.61 ws=18.41,6.87,15.38,17.85 cmd=0.499,0.498,0.657,0.669 cap=2101,2005,1358,1398 des=2101,2005,1188,1223 app=2101,2005,1188,1223 abs=nil,nil,nil,nil ebrake=1.00 ibrake=1.00 hasABS=0 sy=10.92 split=1.000,0.875 ===
228.69663|I|libbeamng.print:18052| === LSTM_OBS t=150 18.40843,6.87341,15.37555,17.85102,0.13906,10.91631,-9.65949,-0.02164,0.00000,0.00000,0.00189,1.00000,0.00000,0.00166,-0.01344,4784.74993,0.25000 ===
228.74668|I|libbeamng.print:18052| === LSTM_TRACE t=160 v=19.06 ws=17.93,6.33,14.39,17.58 cmd=0.564,0.551,0.632,0.648 cap=2091,2010,1281,1321 des=2091,2010,1121,1156 app=2091,2010,1121,1156 abs=nil,nil,nil,nil ebrake=1.00 ibrake=1.00 hasABS=0 sy=10.91 split=1.000,0.875 ===
228.74673|I|libbeamng.print:18052| === LSTM_OBS t=160 17.93124,6.32837,14.38817,17.57639,0.13461,10.91118,-9.70310,-0.01496,0.00000,0.00000,0.00256,1.00000,0.00000,0.00192,-0.01326,4651.29954,0.25000 ===
228.79665|I|libbeamng.print:18052| === LSTM_TRACE t=170 v=18.52 ws=17.61,5.59,13.82,17.39 cmd=0.638,0.611,0.637,0.656 cap=2099,2047,1307,1336 des=2099,2047,1143,1169 app=2065,2041,1143,1169 abs=nil,nil,nil,nil ebrake=1.00 ibrake=1.00 hasABS=0 sy=10.88 split=1.000,0.875 ===
228.79671|I|libbeamng.print:18052| === LSTM_OBS t=170 17.61050,5.59050,13.82440,17.39187,0.12388,10.87500,-9.73615,-0.02694,0.00000,0.00000,0.00350,1.00000,0.00000,0.00189,-0.01344,4532.46640,0.25000 ===
228.84658|I|libbeamng.print:18052| === LSTM_TRACE t=180 v=17.99 ws=16.70,4.59,12.31,16.22 cmd=0.535,0.541,0.670,0.673 cap=1713,1684,1233,1238 des=1713,1684,1079,1083 app=1836,1726,1079,1083 abs=nil,nil,nil,nil ebrake=1.00 ibrake=1.00 hasABS=0 sy=10.83 split=1.000,0.875 ===
228.84663|I|libbeamng.print:18052| === LSTM_OBS t=180 16.69524,4.58874,12.30844,16.21918,0.15651,10.83492,-9.74697,-0.02398,0.00000,0.00000,0.00270,1.00000,0.00000,0.00137,-0.01372,4441.83223,0.25000 ===
228.89320|I|libbeamng.print:18052| === LSTM_TRACE t=190 v=17.45 ws=15.90,3.18,10.79,15.01 cmd=0.467,0.479,0.709,0.709 cap=1673,1641,1305,1296 des=1673,1641,1142,1134 app=1915,1771,1142,1134 abs=nil,nil,nil,nil ebrake=1.00 ibrake=1.00 hasABS=0 sy=10.81 split=1.000,0.875 ===
228.89325|I|libbeamng.print:18052| === LSTM_OBS t=190 15.89604,3.18076,10.79408,15.00528,0.15771,10.80654,-9.74147,-0.00997,0.00000,0.00000,0.00224,1.00000,0.00000,0.00017,-0.01380,4347.79698,0.25000 ===
228.94276|I|libbeamng.print:18052| === LSTM_TRACE t=200 v=16.93 ws=16.29,1.86,9.63,13.25 cmd=0.779,0.752,0.745,0.756 cap=1587,1695,1454,1469 des=1587,1695,1272,1286 app=1587,1694,1272,1286 abs=nil,nil,nil,nil ebrake=1.00 ibrake=1.00 hasABS=0 sy=10.71 split=1.000,0.875 ===
228.94280|I|libbeamng.print:18052| === LSTM_OBS t=200 16.29141,1.85912,9.62536,13.24517,0.20123,10.70663,-9.75954,-0.01688,0.00000,0.00000,0.00189,1.00000,0.00000,-0.00150,-0.01329,4204.92115,0.25000 ===
228.99274|I|libbeamng.print:18052| === LSTM_TRACE t=210 v=16.45 ws=15.22,0.07,8.61,11.98 cmd=0.535,0.514,0.758,0.758 cap=2157,2007,1449,1455 des=2157,2007,1268,1273 app=2157,2005,1268,1273 abs=nil,nil,nil,nil ebrake=1.00 ibrake=1.00 hasABS=0 sy=10.54 split=1.000,0.875 ===
228.99278|I|libbeamng.print:18052| === LSTM_OBS t=210 15.21651,0.06926,8.60804,11.97527,0.17068,10.54050,-9.68319,-0.00889,0.00000,0.00000,0.00305,1.00000,0.00000,-0.00203,-0.01250,4034.40041,0.25000 ===
229.04292|I|libbeamng.print:18052| === LSTM_TRACE t=220 v=15.92 ws=14.64,0.13,7.28,10.95 cmd=0.746,0.725,0.797,0.813 cap=2014,1923,1558,1575 des=2014,1923,1363,1378 app=2014,1920,1363,1378 abs=nil,nil,nil,nil ebrake=1.00 ibrake=1.00 hasABS=0 sy=10.43 split=1.000,0.875 ===
229.04300|I|libbeamng.print:18052| === LSTM_OBS t=220 14.63978,0.12575,7.27597,10.95320,0.17405,10.43261,-9.60756,-0.00923,0.00000,0.00000,0.00146,1.00000,0.00000,-0.00139,-0.01192,3845.43636,0.25000 ===
229.09334|I|libbeamng.print:18052| === LSTM_TRACE t=230 v=15.39 ws=14.15,0.10,5.98,10.31 cmd=0.657,0.653,0.785,0.795 cap=2238,2168,1501,1520 des=2238,2168,1313,1330 app=2238,2164,1313,1330 abs=nil,nil,nil,nil ebrake=1.00 ibrake=1.00 hasABS=0 sy=10.45 split=1.000,0.875 ===
229.09339|I|libbeamng.print:18052| === LSTM_OBS t=230 14.15299,0.09710,5.97856,10.30593,0.21534,10.45203,-9.58938,0.00102,0.00000,0.00000,0.00411,1.00000,0.00000,-0.00125,-0.01134,3639.44109,0.25000 ===
229.14270|I|libbeamng.print:18052| === LSTM_TRACE t=240 v=14.86 ws=14.25,0.06,5.39,10.01 cmd=0.857,0.817,0.735,0.764 cap=2301,2251,1491,1545 des=2301,2251,1304,1352 app=2080,1976,1304,1352 abs=nil,nil,nil,nil ebrake=1.00 ibrake=1.00 hasABS=0 sy=10.48 split=1.000,0.875 ===
229.14275|I|libbeamng.print:18052| === LSTM_OBS t=240 14.24691,0.06170,5.38659,10.01115,0.21981,10.48387,-9.61738,0.01217,0.00000,0.00000,0.00384,1.00000,0.00000,-0.00119,-0.01065,3440.01135,0.25000 ===
229.19347|I|libbeamng.print:18052| === LSTM_TRACE t=250 v=14.33 ws=13.22,0.03,5.12,9.81 cmd=0.433,0.453,0.731,0.744 cap=1989,1914,1368,1398 des=1989,1914,1197,1223 app=2015,1945,1197,1223 abs=nil,nil,nil,nil ebrake=1.00 ibrake=1.00 hasABS=0 sy=10.50 split=1.000,0.875 ===
229.19351|I|libbeamng.print:18052| === LSTM_OBS t=250 13.22115,0.02605,5.11992,9.80522,0.23186,10.50334,-9.65767,0.01266,0.00000,0.00000,0.00278,1.00000,0.00000,-0.00107,-0.01016,3264.88697,0.25000 ===
229.24293|I|libbeamng.print:18052| === LSTM_TRACE t=260 v=13.80 ws=13.22,0.06,4.42,9.42 cmd=0.838,0.799,0.724,0.760 cap=2108,2079,1476,1542 des=2108,2079,1292,1350 app=2011,1936,1292,1350 abs=nil,nil,nil,nil ebrake=1.00 ibrake=1.00 hasABS=0 sy=10.53 split=1.000,0.875 ===
229.24299|I|libbeamng.print:18052| === LSTM_OBS t=260 13.22176,0.05906,4.41770,9.41839,0.21716,10.53118,-9.73622,0.01246,0.00000,0.00000,0.00375,1.00000,0.00000,-0.00060,-0.00991,3100.28314,0.25000 ===
229.29292|I|libbeamng.print:18052| === LSTM_TRACE t=270 v=13.29 ws=12.35,0.03,3.97,8.70 cmd=0.523,0.529,0.738,0.752 cap=2103,2030,1410,1446 des=2103,2030,1234,1265 app=2103,2023,1234,1265 abs=nil,nil,nil,nil ebrake=1.00 ibrake=1.00 hasABS=0 sy=10.49 split=1.000,0.875 ===
229.29297|I|libbeamng.print:18052| === LSTM_OBS t=270 12.34551,0.02927,3.97174,8.69791,0.22451,10.49111,-9.75829,0.01102,0.00000,0.00000,0.00398,1.00000,0.00000,-0.00030,-0.00977,2929.42943,0.25000 ===
229.34313|I|libbeamng.print:18052| === LSTM_TRACE t=280 v=12.78 ws=12.30,0.08,4.10,9.03 cmd=0.784,0.750,0.736,0.769 cap=2130,2084,1498,1567 des=2130,2084,1310,1371 app=1982,1955,1310,1371 abs=nil,nil,nil,nil ebrake=1.00 ibrake=1.00 hasABS=0 sy=10.48 split=1.000,0.875 ===
229.34318|I|libbeamng.print:18052| === LSTM_OBS t=280 12.30028,0.07526,4.10180,9.02704,0.19427,10.48318,-9.75866,0.01195,0.00000,0.00000,0.00326,1.00000,0.00000,0.00005,-0.00988,2754.30876,0.25000 ===
229.39273|I|libbeamng.print:18052| === LSTM_TRACE t=290 v=12.24 ws=11.39,0.03,3.00,7.79 cmd=0.400,0.434,0.754,0.764 cap=1980,1918,1389,1402 des=1980,1918,1215,1226 app=1980,1929,1215,1226 abs=nil,nil,nil,nil ebrake=1.00 ibrake=1.00 hasABS=0 sy=10.42 split=1.000,0.875 ===
229.39277|I|libbeamng.print:18052| === LSTM_OBS t=290 11.39142,0.03417,3.00133,7.78547,0.16547,10.41914,-9.74745,0.01398,0.00000,0.00000,0.00239,1.00000,0.00000,0.00014,-0.00957,2574.82036,0.25000 ===
229.44324|I|libbeamng.print:18052| === LSTM_TRACE t=300 v=11.72 ws=11.01,0.03,2.46,7.63 cmd=0.808,0.782,0.767,0.804 cap=1474,1582,1482,1525 des=1474,1582,1297,1334 app=1629,1576,1297,1334 abs=nil,nil,nil,nil ebrake=1.00 ibrake=1.00 hasABS=0 sy=10.44 split=1.000,0.875 ===
229.44328|I|libbeamng.print:18052| === LSTM_OBS t=300 11.00798,0.03064,2.46399,7.63449,0.09756,10.44448,-9.67209,0.02249,0.00000,0.00000,0.00000,1.00000,0.00000,0.00022,-0.00960,2402.38209,0.25000 ===
229.49292|I|libbeamng.print:18052| === LSTM_TRACE t=310 v=11.21 ws=10.42,0.16,2.35,7.77 cmd=0.668,0.637,0.735,0.739 cap=2669,2557,1453,1501 des=2669,2557,1272,1313 app=2404,2347,1272,1313 abs=nil,nil,nil,nil ebrake=1.00 ibrake=1.00 hasABS=0 sy=10.47 split=1.000,0.875 ===
229.49298|I|libbeamng.print:18052| === LSTM_OBS t=310 10.41523,0.15972,2.34592,7.77161,0.12044,10.47251,-9.69578,0.02505,0.00000,0.00000,0.00427,1.00000,0.00000,-0.00055,-0.00934,2221.44123,0.25000 ===
229.54320|I|libbeamng.print:18052| === LSTM_TRACE t=320 v=10.66 ws=9.84,0.04,2.15,7.02 cmd=0.740,0.737,0.783,0.814 cap=1376,1490,1476,1490 des=1376,1490,1292,1304 app=1684,1581,1292,1304 abs=nil,nil,nil,nil ebrake=1.00 ibrake=1.00 hasABS=0 sy=10.50 split=1.000,0.875 ===
229.54325|I|libbeamng.print:18052| === LSTM_OBS t=320 9.83619,0.03774,2.14959,7.01824,0.10483,10.50335,-9.72504,0.02335,0.00000,0.00000,0.00154,1.00000,0.00000,-0.00066,-0.00953,2037.70984,0.25000 ===
229.59318|I|libbeamng.print:18052| === LSTM_TRACE t=330 v=10.13 ws=9.19,0.16,1.51,5.73 cmd=0.650,0.648,0.724,0.725 cap=2645,2561,1467,1520 des=2645,2561,1284,1330 app=2459,2488,1284,1330 abs=nil,nil,nil,nil ebrake=1.00 ibrake=1.00 hasABS=0 sy=10.54 split=1.000,0.875 ===
229.59322|I|libbeamng.print:18052| === LSTM_OBS t=330 9.18719,0.15638,1.51248,5.72679,0.03772,10.53612,-9.72621,0.02507,0.00000,0.00000,0.00470,1.00000,0.00000,-0.00059,-0.00915,1851.37586,0.25000 ===
229.64294|I|libbeamng.print:18052| === LSTM_TRACE t=340 v=9.60 ws=8.50,0.14,1.36,6.07 cmd=0.666,0.699,0.779,0.812 cap=1548,1732,1422,1441 des=1548,1732,1244,1261 app=1912,1872,1244,1261 abs=nil,nil,nil,nil ebrake=1.00 ibrake=1.00 hasABS=0 sy=10.56 split=1.000,0.875 ===
229.64299|I|libbeamng.print:18052| === LSTM_OBS t=340 8.50465,0.13721,1.35925,6.06878,0.00104,10.55853,-9.71602,0.02446,0.00000,0.00000,0.00335,1.00000,0.00000,-0.00032,-0.00911,1663.59579,0.25000 ===
229.69337|I|libbeamng.print:18052| === LSTM_TRACE t=350 v=9.06 ws=8.39,0.17,1.25,5.06 cmd=0.826,0.818,0.718,0.760 cap=2600,2600,1458,1563 des=2600,2600,1276,1368 app=2322,2473,1276,1368 abs=nil,nil,nil,nil ebrake=1.00 ibrake=1.00 hasABS=0 sy=10.73 split=1.000,0.875 ===
229.69342|I|libbeamng.print:18052| === LSTM_OBS t=350 8.38529,0.16524,1.24882,5.06158,-0.06738,10.72716,-9.79072,0.02563,0.00000,0.00000,0.00462,1.00000,0.00000,-0.00026,-0.00924,1492.22986,0.25000 ===
229.74309|I|libbeamng.print:18052| === LSTM_TRACE t=360 v=8.51 ws=6.89,0.03,0.52,4.84 cmd=0.609,0.664,0.680,0.719 cap=2343,2380,1323,1410 des=2343,2380,1158,1234 app=2343,2366,1158,1234 abs=nil,nil,nil,nil ebrake=1.00 ibrake=1.00 hasABS=0 sy=10.78 split=1.000,0.875 ===
229.74314|I|libbeamng.print:18052| === LSTM_OBS t=360 6.89219,0.03218,0.52088,4.83964,-0.07283,10.77780,-9.76984,0.02971,0.00000,0.00000,0.00293,1.00000,0.00000,-0.00056,-0.00987,1316.07653,0.25000 ===
229.79322|I|libbeamng.print:18052| === LSTM_TRACE t=370 v=7.93 ws=5.41,0.04,1.24,3.50 cmd=0.512,0.617,0.601,0.628 cap=2060,2175,1140,1196 des=2060,2175,997,1046 app=2342,2299,997,1046 abs=nil,nil,nil,nil ebrake=1.00 ibrake=1.00 hasABS=0 sy=10.84 split=1.000,0.875 ===
229.79326|I|libbeamng.print:18052| === LSTM_OBS t=370 5.40850,0.03819,1.24174,3.50363,-0.10990,10.83672,-9.77150,0.03244,0.00000,0.00000,0.00000,1.00000,0.00000,-0.00127,-0.01026,1146.83613,0.25000 ===
229.84288|I|libbeamng.print:18052| === LSTM_TRACE t=380 v=7.37 ws=2.78,0.13,1.34,3.58 cmd=0.822,0.868,0.562,0.592 cap=2422,2571,1014,1044 des=2422,2571,887,914 app=2422,2555,887,914 abs=nil,nil,nil,nil ebrake=1.00 ibrake=1.00 hasABS=0 sy=11.00 split=1.000,0.875 ===
229.84292|I|libbeamng.print:18052| === LSTM_OBS t=380 2.77887,0.12784,1.34445,3.58246,-0.15574,10.99808,-9.89512,0.04098,0.00000,0.00000,0.00297,1.00000,0.00000,-0.00050,-0.01129,1023.29846,0.25000 ===
229.89329|I|libbeamng.print:18052| === LSTM_TRACE t=390 v=6.84 ws=0.04,0.01,1.04,3.49 cmd=0.940,0.953,0.636,0.638 cap=2924,2951,1183,1212 des=2924,2951,1035,1061 app=2924,2932,1035,1061 abs=nil,nil,nil,nil ebrake=1.00 ibrake=1.00 hasABS=0 sy=10.93 split=1.000,0.875 ===
229.89336|I|libbeamng.print:18052| === LSTM_OBS t=390 0.03739,0.00876,1.04039,3.48747,-0.10689,10.92847,-9.90529,0.02813,0.00000,0.00000,0.00049,1.00000,0.00000,0.00045,-0.01202,895.39774,0.25000 ===
229.94280|I|libbeamng.print:18052| === LSTM_TRACE t=400 v=6.33 ws=0.02,0.02,0.05,1.85 cmd=0.987,0.986,0.781,0.785 cap=3046,3047,1507,1503 des=3046,3047,1319,1315 app=3046,3026,1318,1315 abs=nil,nil,nil,nil ebrake=1.00 ibrake=1.00 hasABS=0 sy=10.84 split=1.000,0.875 ===
229.94283|I|libbeamng.print:18052| === LSTM_OBS t=400 0.01668,0.01769,0.05373,1.85059,-0.05598,10.84028,-9.78632,0.00431,0.00000,0.00000,0.00617,1.00000,0.00000,0.00091,-0.01240,773.85581,0.25000 ===
229.99267|I|libbeamng.print:18052| === LSTM_TRACE t=410 v=5.81 ws=0.04,0.03,0.45,0.49 cmd=0.991,0.989,0.840,0.836 cap=3072,3066,1628,1626 des=3072,3066,1424,1422 app=3072,3045,1423,1422 abs=nil,nil,nil,nil ebrake=1.00 ibrake=1.00 hasABS=0 sy=10.69 split=1.000,0.875 ===
229.99271|I|libbeamng.print:18052| === LSTM_OBS t=410 0.04320,0.02789,0.45268,0.48764,-0.06907,10.68874,-9.64651,0.01681,0.00000,0.00000,0.00639,1.00000,0.00000,0.00079,-0.01248,734.46781,0.25000 ===
230.04255|I|libbeamng.print:18052| === LSTM_TRACE t=420 v=5.27 ws=0.01,0.00,0.12,1.03 cmd=0.993,0.992,0.856,0.850 cap=3079,3074,1662,1655 des=3079,3074,1455,1448 app=3079,3053,1453,1448 abs=nil,nil,nil,nil ebrake=1.00 ibrake=1.00 hasABS=0 sy=10.68 split=1.000,0.875 ===
230.04259|I|libbeamng.print:18052| === LSTM_OBS t=420 0.01278,0.00158,0.11810,1.02815,-0.11262,10.67799,-9.60591,0.02023,0.00000,0.00000,0.00335,1.00000,0.00000,0.00093,-0.01213,727.57174,0.25000 ===
230.09273|I|libbeamng.print:18052| === LSTM_TRACE t=430 v=4.71 ws=0.00,0.00,0.17,0.88 cmd=0.994,0.993,0.868,0.862 cap=3083,3079,1685,1675 des=3083,3079,1474,1466 app=3083,3057,1473,1466 abs=nil,nil,nil,nil ebrake=1.00 ibrake=1.00 hasABS=0 sy=10.73 split=1.000,0.875 ===
230.09277|I|libbeamng.print:18052| === LSTM_OBS t=430 0.00116,0.00231,0.17467,0.87656,-0.11323,10.72796,-9.55863,0.01743,0.00000,0.00000,0.00285,1.00000,0.00000,0.00045,-0.01152,729.70589,0.25000 ===
230.14278|I|libbeamng.print:18052| === LSTM_TRACE t=440 v=4.16 ws=0.02,0.00,0.07,0.21 cmd=0.996,0.995,0.878,0.875 cap=3086,3083,1700,1698 des=3086,3083,1488,1485 app=3086,3061,1486,1485 abs=nil,nil,nil,nil ebrake=1.00 ibrake=1.00 hasABS=0 sy=10.85 split=1.000,0.875 ===
230.14282|I|libbeamng.print:18052| === LSTM_OBS t=440 0.01563,0.00203,0.06810,0.21396,-0.12767,10.85083,-9.58785,0.02116,0.00000,0.00000,0.00417,1.00000,0.00000,0.00049,-0.01102,727.45909,0.25000 ===
230.19287|I|libbeamng.print:18052| === LSTM_TRACE t=450 v=3.59 ws=0.01,0.00,0.10,0.08 cmd=0.996,0.995,0.884,0.883 cap=3088,3085,1700,1700 des=3088,3085,1488,1488 app=3088,3062,1485,1488 abs=nil,nil,nil,nil ebrake=1.00 ibrake=1.00 hasABS=0 sy=10.97 split=1.000,0.875 ===
230.19291|I|libbeamng.print:18052| === LSTM_OBS t=450 0.00771,0.00192,0.09684,0.08023,-0.13844,10.96521,-9.62142,0.02395,0.00000,0.00000,0.00442,1.00000,0.00000,0.00113,-0.01050,730.07474,0.25000 ===
230.24288|I|libbeamng.print:18052| === LSTM_TRACE t=460 v=3.03 ws=0.00,0.00,0.09,0.03 cmd=0.996,0.996,0.886,0.885 cap=3089,3086,1700,1700 des=3089,3086,1488,1488 app=3089,3062,1485,1488 abs=nil,nil,nil,nil ebrake=1.00 ibrake=1.00 hasABS=0 sy=11.07 split=1.000,0.875 ===
230.24292|I|libbeamng.print:18052| === LSTM_OBS t=460 0.00458,0.00092,0.09174,0.02993,-0.13337,11.07438,-9.63840,0.02146,0.00000,0.00000,0.00424,1.00000,0.00000,0.00148,-0.01012,726.67006,0.25000 ===
230.29299|I|libbeamng.print:18052| === LSTM_TRACE t=470 v=2.45 ws=0.00,0.00,0.16,0.00 cmd=0.996,0.996,0.888,0.887 cap=3089,3087,1700,1700 des=3089,3087,1488,1488 app=3089,3062,1485,1488 abs=nil,nil,nil,nil ebrake=1.00 ibrake=1.00 hasABS=0 sy=11.18 split=1.000,0.875 ===
230.29304|I|libbeamng.print:18052| === LSTM_OBS t=470 0.00476,0.00399,0.16236,0.00291,-0.13542,11.18197,-9.67196,0.02282,0.00000,0.00000,0.00401,1.00000,0.00000,0.00147,-0.00986,729.53373,0.25000 ===
230.34289|I|libbeamng.print:18052| === LSTM_TRACE t=480 v=1.87 ws=0.01,0.00,0.14,0.01 cmd=0.997,0.996,0.889,0.887 cap=3089,3087,1700,1700 des=3089,3087,1488,1488 app=3089,3062,1485,1488 abs=nil,nil,nil,nil ebrake=1.00 ibrake=1.00 hasABS=0 sy=11.28 split=1.000,0.875 ===
230.34297|I|libbeamng.print:18052| === LSTM_OBS t=480 0.00599,0.00151,0.13879,0.01390,-0.14148,11.28315,-9.70412,0.02139,0.00000,0.00000,0.00424,1.00000,0.00000,0.00129,-0.00975,726.16711,0.25000 ===
230.39278|I|libbeamng.print:18052| === LSTM_TRACE t=490 v=1.29 ws=0.00,0.00,0.06,0.01 cmd=0.997,0.996,0.889,0.887 cap=3090,3087,1700,1700 des=3090,3087,1488,1488 app=3090,3062,1485,1488 abs=nil,nil,nil,nil ebrake=1.00 ibrake=1.00 hasABS=0 sy=11.36 split=1.000,0.875 ===
230.39283|I|libbeamng.print:18052| === LSTM_OBS t=490 0.00119,0.00143,0.05801,0.00656,-0.15380,11.36306,-9.72139,0.01838,0.00000,0.00000,0.00453,1.00000,0.00000,0.00108,-0.00978,729.22880,0.25000 ===
230.44267|I|libbeamng.print:18052| === LSTM_TRACE t=500 v=0.71 ws=0.00,0.00,0.01,0.01 cmd=0.997,0.996,0.889,0.887 cap=3090,3088,1700,1700 des=3090,3088,1488,1488 app=3090,3062,1485,1488 abs=nil,nil,nil,nil ebrake=1.00 ibrake=1.00 hasABS=0 sy=11.42 split=1.000,0.875 ===
230.44271|I|libbeamng.print:18052| === LSTM_OBS t=500 0.00354,0.00083,0.01264,0.00952,-0.17486,11.42477,-9.72751,0.01439,0.00000,0.00000,0.00467,1.00000,0.00000,0.00093,-0.00988,727.39174,0.25000 ===
234.69915|I|libbeamng.print:18052| === LSTM_ABS: lens 'band_g_mix_b1_y_s0' loaded (1 member, 17 in, 64 hidden, 2 layers) ===
234.70073|I|libbeamng.print:18052| === LSTM_ABS SELFTEST lens=band_g_mix_b1_y_s0 cmd=0.746584,0.679256,0.498802,0.521066 ===
265.01419|I|libbeamng.print:18052| === LSTM_TRACE t=0 v=27.71 ws=27.65,27.79,27.32,27.43 cmd=0.913,0.903,0.515,0.541 cap=155,155,97,97 des=155,155,85,85 app=155,153,84,85 abs=nil,nil,nil,nil ebrake=1.00 ibrake=1.00 hasABS=0 sy=1.58 split=1.000,0.875 ===
265.01423|I|libbeamng.print:18052| === LSTM_OBS t=0 27.64568,27.79083,27.32122,27.43447,0.03046,1.58043,-9.77255,-0.00405,0.00000,0.00000,0.00049,1.00000,0.00000,0.00064,-0.00908,7857.63908,0.25000 ===
265.06431|I|libbeamng.print:18052| === LSTM_TRACE t=10 v=27.43 ws=26.11,25.97,26.84,26.86 cmd=0.603,0.706,0.571,0.577 cap=1797,2118,1040,1059 des=1797,2118,910,926 app=1797,2093,905,924 abs=nil,nil,nil,nil ebrake=1.00 ibrake=1.00 hasABS=0 sy=2.11 split=1.000,0.875 ===
265.06435|I|libbeamng.print:18052| === LSTM_OBS t=10 26.10721,25.97236,26.84416,26.86450,0.05417,2.10822,-9.81052,-0.00272,0.00000,0.00000,0.00254,1.00000,0.00000,0.00065,-0.00997,7784.48528,0.25000 ===
265.08445|I|libbeamng.print:18052| === LSTM_ABS DBG raw=24.8449,24.2950,26.3926,26.4447,0.0301,2.6849,-9.7744,-0.0014,0.0000,0.0000,0.0041,1.0000,0.0000,0.0008,-0.0110,7710.8433,0.2500 ===
265.08448|I|libbeamng.print:18052| === LSTM_ABS DBG norm=0.46,0.37,0.52,0.50,-0.13,-2.08,0.00,0.01,0.06,-0.06,0.11,0.59,-0.02,0.00,0.00,3.82,0.00 ===
265.08449|I|libbeamng.print:18052| === LSTM_ABS DBG cmd=0.7337,0.8040,0.7308,0.7266 ===
265.11429|I|libbeamng.print:18052| === LSTM_TRACE t=20 v=26.92 ws=24.16,22.84,25.75,25.89 cmd=0.719,0.759,0.704,0.697 cap=2158,2295,1382,1359 des=2158,2295,1210,1189 app=2158,2276,1205,1188 abs=nil,nil,nil,nil ebrake=1.00 ibrake=1.00 hasABS=0 sy=3.83 split=1.000,0.875 ===
265.11435|I|libbeamng.print:18052| === LSTM_OBS t=20 24.15611,22.83574,25.75126,25.89001,0.06746,3.83492,-9.58281,0.01282,0.00000,0.00000,0.00381,1.00000,0.00000,0.00086,-0.01306,7554.25895,0.25000 ===
265.16439|I|libbeamng.print:18052| === LSTM_TRACE t=30 v=26.40 ws=24.21,21.55,24.79,24.98 cmd=0.723,0.748,0.704,0.716 cap=2182,2268,1352,1370 des=2182,2268,1183,1199 app=2182,2255,1180,1199 abs=nil,nil,nil,nil ebrake=1.00 ibrake=1.00 hasABS=0 sy=5.69 split=1.000,0.875 ===
265.16444|I|libbeamng.print:18052| === LSTM_OBS t=30 24.20666,21.55063,24.79326,24.98061,0.00905,5.68590,-9.37496,-0.01020,0.00000,0.00000,0.00293,1.00000,0.00000,0.00119,-0.01606,7271.09137,0.25000 ===
265.21796|I|libbeamng.print:18052| === LSTM_TRACE t=40 v=25.84 ws=24.22,21.59,24.07,24.27 cmd=0.731,0.767,0.676,0.708 cap=2251,2366,1313,1373 des=2251,2366,1149,1201 app=2251,2357,1148,1201 abs=nil,nil,nil,nil ebrake=1.00 ibrake=1.00 hasABS=0 sy=7.39 split=1.000,0.875 ===
265.21800|I|libbeamng.print:18052| === LSTM_OBS t=40 24.22219,21.58663,24.07376,24.26545,0.01651,7.39378,-9.37161,-0.01574,0.00000,0.00000,0.00270,1.00000,0.00000,0.00155,-0.01763,7007.99033,0.25000 ===
265.26812|I|libbeamng.print:18052| === LSTM_TRACE t=50 v=25.22 ws=23.40,20.88,23.53,23.58 cmd=0.793,0.815,0.718,0.742 cap=2361,2440,1386,1431 des=2361,2440,1213,1252 app=2361,2434,1213,1252 abs=nil,nil,nil,nil ebrake=1.00 ibrake=1.00 hasABS=0 sy=8.66 split=1.000,0.875 ===
265.26816|I|libbeamng.print:18052| === LSTM_OBS t=50 23.39657,20.87965,23.53108,23.57759,0.05901,8.65799,-9.51670,0.00836,0.00000,0.00000,0.00307,1.00000,0.00000,0.00165,-0.01863,6816.12986,0.25000 ===
265.31418|I|libbeamng.print:18052| === LSTM_TRACE t=60 v=24.61 ws=22.41,18.80,22.82,22.85 cmd=0.719,0.746,0.734,0.743 cap=2424,2478,1457,1478 des=2424,2478,1275,1293 app=2424,2475,1275,1293 abs=nil,nil,nil,nil ebrake=1.00 ibrake=1.00 hasABS=0 sy=9.55 split=1.000,0.875 ===
265.31422|I|libbeamng.print:18052| === LSTM_OBS t=60 22.40561,18.80127,22.81982,22.85147,0.07036,9.54856,-9.63330,-0.00278,0.00000,0.00000,0.00372,1.00000,0.00000,0.00140,-0.01933,6636.14859,0.25000 ===
265.36430|I|libbeamng.print:18052| === LSTM_TRACE t=70 v=24.04 ws=22.28,16.59,21.88,22.00 cmd=0.739,0.758,0.759,0.763 cap=2372,2422,1497,1506 des=2372,2422,1310,1318 app=2372,2421,1310,1318 abs=nil,nil,nil,nil ebrake=1.00 ibrake=1.00 hasABS=0 sy=10.26 split=1.000,0.875 ===
265.36434|I|libbeamng.print:18052| === LSTM_OBS t=70 22.27797,16.58723,21.87861,22.00029,0.04573,10.25798,-9.70211,0.00980,0.00000,0.00000,0.00364,1.00000,0.00000,0.00138,-0.01943,6415.04816,0.25000 ===
265.41446|I|libbeamng.print:18052| === LSTM_TRACE t=80 v=23.46 ws=22.01,13.89,20.99,21.61 cmd=0.766,0.776,0.792,0.790 cap=2145,2217,1485,1473 des=2145,2217,1299,1289 app=2145,2217,1299,1289 abs=nil,nil,nil,nil ebrake=1.00 ibrake=1.00 hasABS=0 sy=10.64 split=1.000,0.875 ===
265.41450|I|libbeamng.print:18052| === LSTM_OBS t=80 22.01081,13.88850,20.99039,21.60553,0.01219,10.63846,-9.73130,0.02104,0.00000,0.00000,0.00278,1.00000,0.00000,0.00180,-0.01884,6189.68877,0.25000 ===
265.46443|I|libbeamng.print:18052| === LSTM_TRACE t=90 v=22.92 ws=21.33,10.42,19.58,21.24 cmd=0.685,0.689,0.814,0.811 cap=2231,2238,1596,1591 des=2231,2238,1396,1392 app=2231,2238,1396,1392 abs=nil,nil,nil,nil ebrake=1.00 ibrake=1.00 hasABS=0 sy=10.83 split=1.000,0.875 ===
265.46447|I|libbeamng.print:18052| === LSTM_OBS t=90 21.32766,10.42337,19.58334,21.24242,-0.02635,10.83296,-9.70608,0.00110,0.00000,0.00000,0.00349,1.00000,0.00000,0.00225,-0.01780,5972.94455,0.25000 ===
265.51428|I|libbeamng.print:18052| === LSTM_TRACE t=100 v=22.37 ws=21.10,7.20,18.09,20.97 cmd=0.732,0.725,0.868,0.865 cap=2015,1997,1644,1634 des=2015,1997,1439,1430 app=2015,1997,1439,1430 abs=nil,nil,nil,nil ebrake=1.00 ibrake=1.00 hasABS=0 sy=10.88 split=1.000,0.875 ===
265.51432|I|libbeamng.print:18052| === LSTM_OBS t=100 21.10112,7.20405,18.08763,20.97467,-0.06802,10.87957,-9.64151,0.01736,0.00000,0.00000,0.00335,1.00000,0.00000,0.00277,-0.01678,5734.94061,0.25000 ===
265.56469|I|libbeamng.print:18052| === LSTM_TRACE t=110 v=21.83 ws=20.72,4.05,16.35,20.81 cmd=0.685,0.680,0.874,0.868 cap=1990,1970,1674,1659 des=1990,1970,1465,1452 app=1990,1970,1465,1452 abs=nil,nil,nil,nil ebrake=1.00 ibrake=1.00 hasABS=0 sy=10.82 split=1.000,0.875 ===
265.56473|I|libbeamng.print:18052| === LSTM_OBS t=110 20.72160,4.05327,16.35117,20.80997,-0.12703,10.81671,-9.60856,0.00865,0.00000,0.00000,0.00254,1.00000,0.00000,0.00332,-0.01555,5472.00394,0.25000 ===
265.61408|I|libbeamng.print:18052| === LSTM_TRACE t=120 v=21.32 ws=20.22,1.16,14.89,20.41 cmd=0.637,0.636,0.874,0.858 cap=2080,2083,1700,1681 des=2080,2083,1488,1471 app=2080,2083,1488,1471 abs=nil,nil,nil,nil ebrake=1.00 ibrake=1.00 hasABS=0 sy=10.72 split=1.000,0.875 ===
265.61412|I|libbeamng.print:18052| === LSTM_OBS t=120 20.21763,1.15791,14.89049,20.40652,-0.16527,10.71568,-9.59756,-0.02242,0.00000,0.00000,0.00249,1.00000,0.00000,0.00271,-0.01386,5197.03817,0.25000 ===
265.66445|I|libbeamng.print:18052| === LSTM_TRACE t=130 v=20.80 ws=19.53,0.09,13.65,19.91 cmd=0.656,0.658,0.875,0.855 cap=1963,1952,1682,1642 des=1963,1952,1472,1436 app=1963,1951,1472,1436 abs=nil,nil,nil,nil ebrake=1.00 ibrake=1.00 hasABS=0 sy=10.61 split=1.000,0.875 ===
265.66452|I|libbeamng.print:18052| === LSTM_OBS t=130 19.53044,0.08979,13.65337,19.91308,-0.19450,10.60923,-9.61651,-0.02627,0.00000,0.00000,0.00338,1.00000,0.00000,0.00112,-0.01172,4925.50019,0.25000 ===
265.71444|I|libbeamng.print:18052| === LSTM_TRACE t=140 v=20.27 ws=18.95,0.03,12.35,19.35 cmd=0.692,0.688,0.870,0.854 cap=1960,1947,1676,1640 des=1960,1947,1467,1435 app=1960,1945,1467,1435 abs=nil,nil,nil,nil ebrake=1.00 ibrake=1.00 hasABS=0 sy=10.58 split=1.000,0.875 ===
265.71450|I|libbeamng.print:18052| === LSTM_OBS t=140 18.95479,0.03275,12.34643,19.34717,-0.26791,10.57839,-9.62277,-0.01561,0.00000,0.00000,0.00270,1.00000,0.00000,0.00015,-0.00989,4670.06482,0.25000 ===
265.76455|I|libbeamng.print:18052| === LSTM_TRACE t=150 v=19.74 ws=18.28,0.04,10.91,18.96 cmd=0.685,0.677,0.861,0.849 cap=2003,1977,1662,1635 des=2003,1977,1454,1430 app=2003,1974,1454,1430 abs=nil,nil,nil,nil ebrake=1.00 ibrake=1.00 hasABS=0 sy=10.58 split=1.000,0.875 ===
265.76459|I|libbeamng.print:18052| === LSTM_OBS t=150 18.28485,0.03922,10.90949,18.96052,-0.25748,10.58049,-9.59734,-0.01995,0.00000,0.00000,0.00329,1.00000,0.00000,-0.00006,-0.00874,4422.91448,0.25000 ===
265.81739|I|libbeamng.print:18052| === LSTM_TRACE t=160 v=19.20 ws=17.54,0.01,9.71,18.65 cmd=0.677,0.672,0.860,0.855 cap=1844,1804,1626,1607 des=1844,1804,1423,1406 app=1942,1886,1423,1406 abs=nil,nil,nil,nil ebrake=1.00 ibrake=1.00 hasABS=0 sy=10.59 split=1.000,0.875 ===
265.81747|I|libbeamng.print:18052| === LSTM_OBS t=160 17.53953,0.01183,9.70545,18.65365,-0.19662,10.58923,-9.62582,-0.01930,0.00000,0.00000,0.00285,1.00000,0.00000,-0.00034,-0.00809,4172.94966,0.25000 ===
265.86440|I|libbeamng.print:18052| === LSTM_TRACE t=170 v=18.67 ws=16.99,0.02,8.50,18.05 cmd=0.825,0.811,0.872,0.874 cap=1918,1913,1651,1648 des=1918,1913,1444,1442 app=1918,1909,1444,1442 abs=nil,nil,nil,nil ebrake=1.00 ibrake=1.00 hasABS=0 sy=10.61 split=1.000,0.875 ===
265.86444|I|libbeamng.print:18052| === LSTM_OBS t=170 16.99246,0.01897,8.50328,18.04528,-0.09712,10.61398,-9.68042,-0.02753,0.00000,0.00000,0.00392,1.00000,0.00000,-0.00095,-0.00777,3921.74298,0.25000 ===
265.91435|I|libbeamng.print:18052| === LSTM_TRACE t=180 v=18.13 ws=16.30,0.03,7.44,17.17 cmd=0.800,0.788,0.851,0.850 cap=2057,2080,1670,1667 des=2057,2080,1461,1458 app=2057,2075,1461,1458 abs=nil,nil,nil,nil ebrake=1.00 ibrake=1.00 hasABS=0 sy=10.64 split=1.000,0.875 ===
265.91439|I|libbeamng.print:18052| === LSTM_OBS t=180 16.30474,0.02651,7.44236,17.17423,-0.05540,10.63764,-9.74695,-0.03687,0.00000,0.00000,0.00261,1.00000,0.00000,-0.00155,-0.00748,3669.34747,0.25000 ===
265.96444|I|libbeamng.print:18052| === LSTM_TRACE t=190 v=17.60 ws=15.07,0.07,6.09,16.68 cmd=0.614,0.605,0.796,0.791 cap=2465,2387,1539,1537 des=2465,2387,1346,1345 app=2465,2381,1346,1345 abs=nil,nil,nil,nil ebrake=1.00 ibrake=1.00 hasABS=0 sy=10.67 split=1.000,0.875 ===
265.96448|I|libbeamng.print:18052| === LSTM_OBS t=190 15.06857,0.06730,6.08544,16.68153,0.00051,10.67078,-9.75591,-0.01449,0.00000,0.00000,0.00370,1.00000,0.00000,-0.00195,-0.00733,3421.90665,0.25000 ===
266.01413|I|libbeamng.print:18052| === LSTM_TRACE t=200 v=17.05 ws=14.58,0.02,5.15,16.09 cmd=0.698,0.672,0.767,0.763 cap=2323,2248,1574,1569 des=2323,2248,1377,1373 app=2323,2241,1377,1373 abs=nil,nil,nil,nil ebrake=1.00 ibrake=1.00 hasABS=0 sy=10.71 split=1.000,0.875 ===
266.01417|I|libbeamng.print:18052| === LSTM_OBS t=200 14.57515,0.02021,5.15162,16.08866,0.04413,10.71189,-9.79085,-0.01002,0.00000,0.00000,0.00401,1.00000,0.00000,-0.00210,-0.00727,3187.66189,0.25000 ===
266.06438|I|libbeamng.print:18052| === LSTM_TRACE t=210 v=16.50 ws=14.60,0.05,3.98,15.67 cmd=0.748,0.716,0.772,0.766 cap=2279,2184,1480,1469 des=2279,2184,1295,1285 app=2279,2176,1295,1285 abs=nil,nil,nil,nil ebrake=1.00 ibrake=1.00 hasABS=0 sy=10.79 split=1.000,0.875 ===
266.06442|I|libbeamng.print:18052| === LSTM_OBS t=210 14.59817,0.05005,3.98443,15.67214,0.09783,10.78848,-9.83421,-0.00541,0.00000,0.00000,0.00417,1.00000,0.00000,-0.00185,-0.00754,2975.83622,0.25000 ===
266.11438|I|libbeamng.print:18052| === LSTM_TRACE t=220 v=15.96 ws=14.26,0.02,3.55,15.18 cmd=0.689,0.652,0.756,0.745 cap=2170,2066,1460,1442 des=2170,2066,1277,1261 app=2170,2059,1277,1261 abs=nil,nil,nil,nil ebrake=1.00 ibrake=1.00 hasABS=0 sy=10.80 split=1.000,0.875 ===
266.11442|I|libbeamng.print:18052| === LSTM_OBS t=220 14.26339,0.01857,3.55477,15.17792,0.17316,10.79531,-9.86970,-0.00319,0.00000,0.00000,0.00375,1.00000,0.00000,-0.00161,-0.00810,2771.04682,0.25000 ===
266.16451|I|libbeamng.print:18052| === LSTM_TRACE t=230 v=15.43 ws=13.65,0.01,2.01,14.42 cmd=0.734,0.690,0.711,0.705 cap=2159,2019,1388,1369 des=2159,2019,1215,1198 app=2159,2011,1215,1198 abs=nil,nil,nil,nil ebrake=1.00 ibrake=1.00 hasABS=0 sy=10.77 split=1.000,0.875 ===
266.16455|I|libbeamng.print:18052| === LSTM_OBS t=230 13.65402,0.00941,2.00634,14.41778,0.17758,10.76783,-9.82673,0.00669,0.00000,0.00000,0.00414,1.00000,0.00000,-0.00142,-0.00875,2570.11118,0.25000 ===
266.21426|I|libbeamng.print:18052| === LSTM_TRACE t=240 v=14.91 ws=12.26,0.00,1.70,13.97 cmd=0.693,0.646,0.701,0.689 cap=2095,1947,1338,1309 des=2095,1947,1171,1146 app=2095,1939,1171,1146 abs=nil,nil,nil,nil ebrake=1.00 ibrake=1.00 hasABS=0 sy=10.66 split=1.000,0.875 ===
266.21430|I|libbeamng.print:18052| === LSTM_OBS t=240 12.25674,0.00175,1.70462,13.96732,0.26683,10.66266,-9.70010,0.01043,0.00000,0.00000,0.00329,1.00000,0.00000,-0.00219,-0.00912,2364.22973,0.25000 ===
266.26457|I|libbeamng.print:18052| === LSTM_TRACE t=250 v=14.39 ws=10.97,0.03,0.37,13.73 cmd=0.689,0.641,0.684,0.675 cap=2296,2158,1367,1355 des=2296,2158,1196,1185 app=2296,2148,1196,1185 abs=nil,nil,nil,nil ebrake=1.00 ibrake=1.00 hasABS=0 sy=10.65 split=1.000,0.875 ===
266.26461|I|libbeamng.print:18052| === LSTM_OBS t=250 10.97099,0.03431,0.37372,13.72713,0.23095,10.64643,-9.71164,0.00532,0.00000,0.00000,0.00289,1.00000,0.00000,-0.00183,-0.00960,2187.61405,0.25000 ===
266.31428|I|libbeamng.print:18052| === LSTM_TRACE t=260 v=13.88 ws=9.55,0.00,0.05,13.37 cmd=0.636,0.583,0.678,0.670 cap=2270,2117,1372,1363 des=2270,2117,1200,1193 app=2270,2106,1200,1193 abs=nil,nil,nil,nil ebrake=1.00 ibrake=1.00 hasABS=0 sy=10.54 split=1.000,0.875 ===
266.31432|I|libbeamng.print:18052| === LSTM_OBS t=260 9.54560,0.00418,0.04983,13.37201,0.23420,10.54498,-9.68601,0.01107,0.00000,0.00000,0.00293,1.00000,0.00000,-0.00171,-0.00998,1993.00854,0.25000 ===
266.36446|I|libbeamng.print:18052| === LSTM_TRACE t=270 v=13.36 ws=8.33,0.04,0.02,12.28 cmd=0.617,0.563,0.673,0.662 cap=2303,2148,1359,1350 des=2303,2148,1189,1181 app=2303,2137,1189,1181 abs=nil,nil,nil,nil ebrake=1.00 ibrake=1.00 hasABS=0 sy=10.49 split=1.000,0.875 ===
266.36450|I|libbeamng.print:18052| === LSTM_OBS t=270 8.32831,0.03679,0.01921,12.28289,0.19323,10.49241,-9.70601,0.00726,0.00000,0.00000,0.00367,1.00000,0.00000,-0.00168,-0.01038,1829.30772,0.25000 ===
266.41414|I|libbeamng.print:18052| === LSTM_TRACE t=280 v=12.83 ws=7.13,0.07,0.02,11.36 cmd=0.634,0.579,0.679,0.666 cap=2333,2193,1362,1355 des=2333,2193,1192,1185 app=2333,2181,1192,1185 abs=nil,nil,nil,nil ebrake=1.00 ibrake=1.00 hasABS=0 sy=10.49 split=1.000,0.875 ===
266.41418|I|libbeamng.print:18052| === LSTM_OBS t=280 7.13484,0.06965,0.02362,11.35742,0.19089,10.49029,-9.70198,0.00933,0.00000,0.00000,0.00326,1.00000,0.00000,-0.00132,-0.01104,1694.09194,0.25000 ===
266.46472|I|libbeamng.print:18052| === LSTM_TRACE t=290 v=12.31 ws=6.30,0.14,0.05,10.39 cmd=0.748,0.715,0.721,0.717 cap=1579,1461,1293,1257 des=1579,1461,1131,1100 app=1646,1520,1131,1100 abs=nil,nil,nil,nil ebrake=1.00 ibrake=1.00 hasABS=0 sy=10.46 split=1.000,0.875 ===
266.46476|I|libbeamng.print:18052| === LSTM_OBS t=290 6.29791,0.13818,0.05410,10.39075,0.17351,10.46314,-9.69486,0.00216,0.00000,0.00000,0.00124,1.00000,0.00000,-0.00106,-0.01171,1560.01248,0.25000 ===
266.51419|I|libbeamng.print:18052| === LSTM_TRACE t=300 v=11.80 ws=4.87,0.05,0.06,9.44 cmd=0.636,0.585,0.673,0.654 cap=2446,2331,1374,1360 des=2446,2331,1202,1190 app=2445,2312,1202,1190 abs=nil,nil,nil,nil ebrake=1.00 ibrake=1.00 hasABS=0 sy=10.42 split=1.000,0.875 ===
266.51426|I|libbeamng.print:18052| === LSTM_OBS t=300 4.86526,0.04539,0.05721,9.44230,0.16366,10.42442,-9.67884,0.00641,0.00000,0.00000,0.00438,1.00000,0.00000,-0.00084,-0.01231,1423.48922,0.25000 ===
266.56440|I|libbeamng.print:18052| === LSTM_TRACE t=310 v=11.27 ws=3.25,0.05,0.00,8.51 cmd=0.545,0.517,0.661,0.644 cap=2365,2259,1384,1370 des=2365,2259,1211,1199 app=2365,2245,1211,1199 abs=nil,nil,nil,nil ebrake=1.00 ibrake=1.00 hasABS=0 sy=10.43 split=1.000,0.875 ===
266.56444|I|libbeamng.print:18052| === LSTM_OBS t=310 3.25166,0.04845,0.00399,8.51261,0.14531,10.43343,-9.72662,0.00261,0.00000,0.00000,0.00000,1.00000,0.00000,0.00007,-0.01274,1290.15214,0.25000 ===
266.61462|I|libbeamng.print:18052| === LSTM_TRACE t=320 v=10.75 ws=1.05,0.00,0.03,7.78 cmd=0.718,0.694,0.714,0.709 cap=2253,2183,1381,1368 des=2253,2183,1208,1197 app=2253,2169,1208,1197 abs=nil,nil,nil,nil ebrake=1.00 ibrake=1.00 hasABS=0 sy=10.37 split=1.000,0.875 ===
266.61466|I|libbeamng.print:18052| === LSTM_OBS t=320 1.04803,0.00308,0.02976,7.77591,0.10889,10.37017,-9.80010,0.00211,0.00000,0.00000,0.00311,1.00000,0.00000,0.00176,-0.01248,1157.15688,0.25000 ===
266.66450|I|libbeamng.print:18052| === LSTM_TRACE t=330 v=10.28 ws=0.05,0.00,0.07,6.17 cmd=0.857,0.836,0.774,0.786 cap=2693,2627,1496,1521 des=2693,2627,1309,1331 app=2693,2610,1309,1331 abs=nil,nil,nil,nil ebrake=1.00 ibrake=1.00 hasABS=0 sy=10.27 split=1.000,0.875 ===
266.66454|I|libbeamng.print:18052| === LSTM_OBS t=330 0.05379,0.00369,0.07063,6.17089,0.15181,10.26845,-9.74577,-0.00831,0.00000,0.00000,0.00204,1.00000,0.00000,0.00301,-0.01217,1029.75893,0.25000 ===
266.71437|I|libbeamng.print:18052| === LSTM_TRACE t=340 v=9.77 ws=0.00,0.04,0.01,4.39 cmd=0.935,0.924,0.825,0.840 cap=2883,2849,1588,1621 des=2883,2849,1390,1418 app=2883,2830,1389,1418 abs=nil,nil,nil,nil ebrake=1.00 ibrake=1.00 hasABS=0 sy=10.16 split=1.000,0.875 ===
266.71441|I|libbeamng.print:18052| === LSTM_OBS t=340 0.00383,0.03740,0.00733,4.39396,0.17914,10.15857,-9.59592,-0.01356,0.00000,0.00000,0.00104,1.00000,0.00000,0.00314,-0.01191,878.10530,0.25000 ===
266.76474|I|libbeamng.print:18052| === LSTM_TRACE t=350 v=9.26 ws=0.02,0.00,0.02,2.31 cmd=0.979,0.976,0.859,0.861 cap=3027,3016,1665,1673 des=3027,3016,1457,1464 app=3027,2995,1456,1464 abs=nil,nil,nil,nil ebrake=1.00 ibrake=1.00 hasABS=0 sy=10.14 split=1.000,0.875 ===
266.76478|I|libbeamng.print:18052| === LSTM_OBS t=350 0.01882,0.00124,0.02388,2.30536,0.18494,10.13639,-9.57070,-0.02101,0.00000,0.00000,0.00154,1.00000,0.00000,0.00240,-0.01202,750.99222,0.25000 ===
266.81436|I|libbeamng.print:18052| === LSTM_TRACE t=360 v=8.77 ws=0.01,0.02,0.08,0.18 cmd=0.987,0.985,0.863,0.858 cap=3059,3054,1676,1667 des=3059,3054,1466,1459 app=3059,3032,1465,1459 abs=nil,nil,nil,nil ebrake=1.00 ibrake=1.00 hasABS=0 sy=10.10 split=1.000,0.875 ===
266.81440|I|libbeamng.print:18052| === LSTM_OBS t=360 0.00800,0.01597,0.08189,0.17828,0.16044,10.10068,-9.59221,-0.02125,0.00000,0.00000,0.00198,1.00000,0.00000,0.00159,-0.01217,729.74496,0.25000 ===
266.86467|I|libbeamng.print:18052| === LSTM_TRACE t=370 v=8.27 ws=0.01,0.00,0.06,0.04 cmd=0.984,0.983,0.853,0.855 cap=3053,3049,1659,1663 des=3053,3049,1452,1455 app=3053,3027,1450,1455 abs=nil,nil,nil,nil ebrake=1.00 ibrake=1.00 hasABS=0 sy=10.04 split=1.000,0.875 ===
266.86471|I|libbeamng.print:18052| === LSTM_OBS t=370 0.00587,0.00353,0.06299,0.04377,0.11447,10.04163,-9.62295,-0.01369,0.00000,0.00000,0.00192,1.00000,0.00000,0.00147,-0.01153,724.78095,0.25000 ===
266.91407|I|libbeamng.print:18052| === LSTM_TRACE t=380 v=7.76 ws=0.01,0.00,0.04,0.07 cmd=0.983,0.982,0.849,0.854 cap=3047,3043,1649,1659 des=3047,3043,1443,1451 app=3047,3021,1441,1451 abs=nil,nil,nil,nil ebrake=1.00 ibrake=1.00 hasABS=0 sy=10.05 split=1.000,0.875 ===
266.91412|I|libbeamng.print:18052| === LSTM_OBS t=380 0.00610,0.00171,0.03929,0.07466,0.11386,10.05406,-9.64041,-0.00967,0.00000,0.00000,0.00154,1.00000,0.00000,0.00121,-0.01104,727.43306,0.25000 ===
266.96533|I|libbeamng.print:18052| === LSTM_TRACE t=390 v=7.25 ws=0.01,0.00,0.03,0.05 cmd=0.983,0.982,0.850,0.855 cap=3048,3045,1650,1661 des=3048,3045,1444,1453 app=3048,3023,1442,1453 abs=nil,nil,nil,nil ebrake=1.00 ibrake=1.00 hasABS=0 sy=10.11 split=1.000,0.875 ===
266.96542|I|libbeamng.print:18052| === LSTM_OBS t=390 0.00782,0.00230,0.02506,0.05151,0.10077,10.10813,-9.66056,-0.00760,0.00000,0.00000,0.00169,1.00000,0.00000,0.00094,-0.01067,725.12743,0.25000 ===
267.01468|I|libbeamng.print:18052| === LSTM_TRACE t=400 v=6.72 ws=0.00,0.00,0.03,0.04 cmd=0.984,0.983,0.849,0.854 cap=3049,3046,1648,1659 des=3049,3046,1442,1451 app=3049,3023,1440,1451 abs=nil,nil,nil,nil ebrake=1.00 ibrake=1.00 hasABS=0 sy=10.19 split=1.000,0.875 ===
267.01472|I|libbeamng.print:18052| === LSTM_OBS t=400 0.00159,0.00489,0.03034,0.04098,0.09772,10.19115,-9.67799,-0.00584,0.00000,0.00000,0.00162,1.00000,0.00000,0.00083,-0.01047,725.85920,0.25000 ===
267.06462|I|libbeamng.print:18052| === LSTM_TRACE t=410 v=6.19 ws=0.00,0.00,0.03,0.01 cmd=0.985,0.984,0.849,0.854 cap=3052,3049,1649,1660 des=3052,3049,1443,1452 app=3052,3026,1441,1452 abs=nil,nil,nil,nil ebrake=1.00 ibrake=1.00 hasABS=0 sy=10.30 split=1.000,0.875 ===
267.06466|I|libbeamng.print:18052| === LSTM_OBS t=410 0.00139,0.00143,0.03042,0.00802,0.10301,10.29519,-9.69598,-0.00448,0.00000,0.00000,0.00169,1.00000,0.00000,0.00075,-0.01042,722.31215,0.25000 ===
267.11444|I|libbeamng.print:18052| === LSTM_TRACE t=420 v=5.66 ws=0.00,0.00,0.02,0.01 cmd=0.985,0.984,0.849,0.854 cap=3053,3050,1650,1659 des=3053,3050,1443,1451 app=3053,3026,1441,1451 abs=nil,nil,nil,nil ebrake=1.00 ibrake=1.00 hasABS=0 sy=10.39 split=1.000,0.875 ===
267.11448|I|libbeamng.print:18052| === LSTM_OBS t=420 0.00140,0.00223,0.02335,0.01040,0.10768,10.39368,-9.70614,-0.00266,0.00000,0.00000,0.00176,1.00000,0.00000,0.00073,-0.01049,726.12219,0.25000 ===
267.16458|I|libbeamng.print:18052| === LSTM_TRACE t=430 v=5.12 ws=0.01,0.00,0.00,0.02 cmd=0.986,0.985,0.850,0.854 cap=3055,3052,1650,1658 des=3055,3052,1444,1451 app=3055,3028,1442,1451 abs=nil,nil,nil,nil ebrake=1.00 ibrake=1.00 hasABS=0 sy=10.48 split=1.000,0.875 ===
267.16462|I|libbeamng.print:18052| === LSTM_OBS t=430 0.00519,0.00043,0.00418,0.01651,0.11153,10.48218,-9.72135,-0.00085,0.00000,0.00000,0.00169,1.00000,0.00000,0.00070,-0.01059,725.13729,0.25000 ===
267.21431|I|libbeamng.print:18052| === LSTM_TRACE t=440 v=4.58 ws=0.00,0.00,0.00,0.02 cmd=0.986,0.985,0.850,0.854 cap=3057,3054,1652,1659 des=3057,3054,1445,1451 app=3057,3029,1443,1451 abs=nil,nil,nil,nil ebrake=1.00 ibrake=1.00 hasABS=0 sy=10.58 split=1.000,0.875 ===
267.21435|I|libbeamng.print:18052| === LSTM_OBS t=440 0.00128,0.00360,0.00254,0.01812,0.11638,10.58264,-9.72938,-0.00118,0.00000,0.00000,0.00169,1.00000,0.00000,0.00069,-0.01080,730.33532,0.25000 ===
267.26445|I|libbeamng.print:18052| === LSTM_TRACE t=450 v=4.03 ws=0.00,0.00,0.00,0.01 cmd=0.987,0.986,0.852,0.855 cap=3059,3056,1655,1660 des=3059,3056,1448,1453 app=3059,3031,1445,1453 abs=nil,nil,nil,nil ebrake=1.00 ibrake=1.00 hasABS=0 sy=10.68 split=1.000,0.875 ===
267.26451|I|libbeamng.print:18052| === LSTM_OBS t=450 0.00454,0.00116,0.00388,0.00736,0.12074,10.68348,-9.72381,0.00069,0.00000,0.00000,0.00176,1.00000,0.00000,0.00066,-0.01108,726.46931,0.25000 ===
267.31423|I|libbeamng.print:18052| === LSTM_TRACE t=460 v=3.47 ws=0.00,0.00,0.01,0.01 cmd=0.988,0.986,0.853,0.855 cap=3061,3058,1657,1661 des=3061,3058,1450,1453 app=3061,3032,1447,1453 abs=nil,nil,nil,nil ebrake=1.00 ibrake=1.00 hasABS=0 sy=10.79 split=1.000,0.875 ===
267.31429|I|libbeamng.print:18052| === LSTM_OBS t=460 0.00109,0.00325,0.00708,0.00501,0.12666,10.78616,-9.71129,0.00211,0.00000,0.00000,0.00189,1.00000,0.00000,0.00063,-0.01133,729.33923,0.25000 ===
267.36454|I|libbeamng.print:18052| === LSTM_TRACE t=470 v=2.92 ws=0.00,0.00,0.01,0.01 cmd=0.988,0.987,0.855,0.856 cap=3063,3060,1661,1663 des=3063,3060,1453,1455 app=3063,3034,1450,1455 abs=nil,nil,nil,nil ebrake=1.00 ibrake=1.00 hasABS=0 sy=10.88 split=1.000,0.875 ===
267.36461|I|libbeamng.print:18052| === LSTM_OBS t=470 0.00373,0.00198,0.00715,0.00792,0.12959,10.88260,-9.69973,0.00255,0.00000,0.00000,0.00183,1.00000,0.00000,0.00061,-0.01154,727.40139,0.25000 ===
267.41406|I|libbeamng.print:18052| === LSTM_TRACE t=480 v=2.35 ws=0.00,0.00,0.00,0.00 cmd=0.989,0.987,0.856,0.856 cap=3064,3060,1662,1663 des=3064,3060,1455,1455 app=3064,3035,1452,1455 abs=nil,nil,nil,nil ebrake=1.00 ibrake=1.00 hasABS=0 sy=10.97 split=1.000,0.875 ===
267.41410|I|libbeamng.print:18052| === LSTM_OBS t=480 0.00067,0.00334,0.00203,0.00070,0.13234,10.97274,-9.68821,0.00298,0.00000,0.00000,0.00189,1.00000,0.00000,0.00061,-0.01167,729.86565,0.25000 ===
267.46473|I|libbeamng.print:18052| === LSTM_TRACE t=490 v=1.79 ws=0.00,0.00,0.02,0.06 cmd=0.989,0.988,0.857,0.857 cap=3065,3061,1665,1665 des=3065,3061,1457,1457 app=3065,3036,1454,1457 abs=nil,nil,nil,nil ebrake=1.00 ibrake=1.00 hasABS=0 sy=11.06 split=1.000,0.875 ===
267.46477|I|libbeamng.print:18052| === LSTM_OBS t=490 0.00450,0.00029,0.01693,0.05627,0.13737,11.06463,-9.67588,0.00326,0.00000,0.00000,0.00192,1.00000,0.00000,0.00059,-0.01175,727.67726,0.25000 ===
267.51399|I|libbeamng.print:18052| === LSTM_TRACE t=500 v=1.22 ws=0.00,0.00,0.03,0.04 cmd=0.989,0.988,0.858,0.858 cap=3066,3062,1667,1666 des=3066,3062,1459,1457 app=3066,3036,1456,1457 abs=nil,nil,nil,nil ebrake=1.00 ibrake=1.00 hasABS=0 sy=11.14 split=1.000,0.875 ===
267.51403|I|libbeamng.print:18052| === LSTM_OBS t=500 0.00308,0.00184,0.03023,0.04365,0.13896,11.13621,-9.65936,0.00402,0.00000,0.00000,0.00198,1.00000,0.00000,0.00060,-0.01164,729.39166,0.25000 ===
267.56433|I|libbeamng.print:18052| === LSTM_TRACE t=510 v=0.65 ws=0.00,0.00,0.05,0.08 cmd=0.989,0.988,0.859,0.858 cap=3067,3063,1669,1666 des=3067,3063,1460,1458 app=3067,3037,1457,1458 abs=nil,nil,nil,nil ebrake=1.00 ibrake=1.00 hasABS=0 sy=11.21 split=1.000,0.875 ===
267.56437|I|libbeamng.print:18052| === LSTM_OBS t=510 0.00401,0.00034,0.05121,0.07881,0.14139,11.21477,-9.65354,0.00335,0.00000,0.00000,0.00192,1.00000,0.00000,0.00062,-0.01145,727.26576,0.25000 ===
298.03682|I|libbeamng.print:18052| === LSTM_TRACE t=0 v=27.71 ws=27.72,27.83,27.44,27.48 cmd=0.913,0.904,0.516,0.542 cap=155,155,97,97 des=155,155,85,85 app=155,153,84,85 abs=nil,nil,nil,nil ebrake=1.00 ibrake=1.00 hasABS=0 sy=1.57 split=1.000,0.875 ===
298.03689|I|libbeamng.print:18052| === LSTM_OBS t=0 27.71995,27.82954,27.44035,27.48282,-0.00012,1.57022,-9.75533,-0.00755,0.00000,0.00000,0.00049,1.00000,0.00000,0.00088,-0.00911,7856.65396,0.25000 ===
298.08710|I|libbeamng.print:18052| === LSTM_TRACE t=10 v=27.43 ws=26.26,25.89,26.76,26.81 cmd=0.618,0.720,0.588,0.597 cap=1828,2153,1068,1091 des=1828,2153,934,955 app=1828,2129,929,955 abs=nil,nil,nil,nil ebrake=1.00 ibrake=1.00 hasABS=0 sy=2.13 split=1.000,0.875 ===
298.08714|I|libbeamng.print:18052| === LSTM_OBS t=10 26.25630,25.88814,26.75561,26.80795,-0.03647,2.13188,-9.81421,-0.01705,0.00000,0.00000,0.00256,1.00000,0.00000,0.00084,-0.01004,7776.99001,0.25000 ===
298.10700|I|libbeamng.print:18052| === LSTM_ABS DBG raw=24.7949,24.1719,26.3421,26.4275,-0.0287,2.7419,-9.7843,-0.0012,0.0000,0.0000,0.0045,1.0000,0.0000,0.0010,-0.0110,7698.0828,0.2500 ===
298.10704|I|libbeamng.print:18052| === LSTM_ABS DBG norm=0.46,0.36,0.51,0.49,-0.18,-2.06,0.00,0.01,0.06,-0.06,0.14,0.59,-0.02,0.00,0.00,3.81,0.00 ===
298.10704|I|libbeamng.print:18052| === LSTM_ABS DBG cmd=0.7247,0.7958,0.7351,0.7309 ===
298.13660|I|libbeamng.print:18052| === LSTM_TRACE t=20 v=26.92 ws=24.26,22.72,25.72,25.87 cmd=0.721,0.762,0.704,0.702 cap=2186,2323,1384,1369 des=2186,2323,1211,1198 app=2186,2305,1208,1198 abs=nil,nil,nil,nil ebrake=1.00 ibrake=1.00 hasABS=0 sy=3.84 split=1.000,0.875 ===
298.13666|I|libbeamng.print:18052| === LSTM_OBS t=20 24.25548,22.72274,25.71946,25.87004,-0.05214,3.84045,-9.61450,0.02091,0.00000,0.00000,0.00384,1.00000,0.00000,0.00108,-0.01311,7536.57877,0.25000 ===
298.18678|I|libbeamng.print:18052| === LSTM_TRACE t=30 v=26.39 ws=24.21,21.80,24.74,25.01 cmd=0.718,0.741,0.701,0.714 cap=2229,2306,1361,1386 des=2229,2306,1191,1213 app=2229,2294,1189,1213 abs=nil,nil,nil,nil ebrake=1.00 ibrake=1.00 hasABS=0 sy=5.72 split=1.000,0.875 ===
298.18682|I|libbeamng.print:18052| === LSTM_OBS t=30 24.21366,21.80194,24.73751,25.00950,-0.03532,5.71613,-9.38047,-0.00912,0.00000,0.00000,0.00270,1.00000,0.00000,0.00145,-0.01608,7255.59271,0.25000 ===
298.23647|I|libbeamng.print:18052| === LSTM_TRACE t=40 v=25.83 ws=24.24,22.28,24.12,24.25 cmd=0.710,0.751,0.666,0.704 cap=2142,2270,1284,1353 des=2142,2270,1124,1184 app=2142,2262,1123,1184 abs=nil,nil,nil,nil ebrake=1.00 ibrake=1.00 hasABS=0 sy=7.26 split=1.000,0.875 ===
298.23652|I|libbeamng.print:18052| === LSTM_OBS t=40 24.24362,22.28376,24.12100,24.24956,-0.00693,7.25609,-9.44614,-0.00310,0.00000,0.00000,0.00249,1.00000,0.00000,0.00176,-0.01760,7018.75586,0.25000 ===
298.28708|I|libbeamng.print:18052| === LSTM_TRACE t=50 v=25.21 ws=23.34,22.01,23.69,23.49 cmd=0.769,0.796,0.719,0.742 cap=2364,2448,1380,1428 des=2364,2448,1208,1249 app=2364,2443,1208,1249 abs=nil,nil,nil,nil ebrake=1.00 ibrake=1.00 hasABS=0 sy=8.55 split=1.000,0.875 ===
298.28713|I|libbeamng.print:18052| === LSTM_OBS t=50 23.33881,22.00807,23.69131,23.49296,0.01376,8.55053,-9.54994,-0.01119,0.00000,0.00000,0.00345,1.00000,0.00000,0.00163,-0.01863,6830.96786,0.25000 ===
298.33639|I|libbeamng.print:18052| === LSTM_TRACE t=60 v=24.62 ws=22.29,20.63,23.04,22.65 cmd=0.804,0.823,0.767,0.776 cap=2413,2490,1467,1486 des=2413,2490,1284,1301 app=2413,2488,1284,1301 abs=nil,nil,nil,nil ebrake=1.00 ibrake=1.00 hasABS=0 sy=9.64 split=1.000,0.875 ===
298.33645|I|libbeamng.print:18052| === LSTM_OBS t=60 22.28516,20.63258,23.04468,22.65256,0.07860,9.63727,-9.65770,-0.01629,0.00000,0.00000,0.00329,1.00000,0.00000,0.00103,-0.01943,6627.71105,0.25000 ===
298.38718|I|libbeamng.print:18052| === LSTM_TRACE t=70 v=24.02 ws=22.01,18.61,22.17,21.70 cmd=0.765,0.787,0.767,0.773 cap=2227,2295,1466,1478 des=2227,2295,1283,1293 app=2227,2295,1283,1293 abs=nil,nil,nil,nil ebrake=1.00 ibrake=1.00 hasABS=0 sy=10.35 split=1.000,0.875 ===
298.38726|I|libbeamng.print:18052| === LSTM_OBS t=70 22.00605,18.60658,22.17256,21.69519,0.08311,10.35027,-9.72336,-0.00209,0.00000,0.00000,0.00388,1.00000,0.00000,0.00075,-0.01957,6398.14254,0.25000 ===
298.43710|I|libbeamng.print:18052| === LSTM_TRACE t=80 v=23.43 ws=21.68,16.37,21.22,20.90 cmd=0.631,0.651,0.749,0.745 cap=2452,2470,1531,1534 des=2452,2470,1340,1343 app=2452,2470,1340,1343 abs=nil,nil,nil,nil ebrake=1.00 ibrake=1.00 hasABS=0 sy=10.78 split=1.000,0.875 ===
298.43718|I|libbeamng.print:18052| === LSTM_OBS t=80 21.68108,16.36609,21.22094,20.90483,0.05539,10.77753,-9.74632,0.01655,0.00000,0.00000,0.00349,1.00000,0.00000,0.00104,-0.01896,6162.59305,0.25000 ===
298.48711|I|libbeamng.print:18052| === LSTM_TRACE t=90 v=22.86 ws=21.35,13.89,20.22,20.45 cmd=0.744,0.747,0.793,0.792 cap=2165,2205,1533,1525 des=2165,2205,1341,1335 app=2165,2205,1341,1335 abs=nil,nil,nil,nil ebrake=1.00 ibrake=1.00 hasABS=0 sy=11.02 split=1.000,0.875 ===
298.48716|I|libbeamng.print:18052| === LSTM_OBS t=90 21.34990,13.88757,20.22497,20.44873,0.02971,11.01942,-9.69952,0.02420,0.00000,0.00000,0.00381,1.00000,0.00000,0.00165,-0.01798,5937.47720,0.25000 ===
298.53684|I|libbeamng.print:18052| === LSTM_TRACE t=100 v=22.30 ws=20.77,11.20,18.96,20.20 cmd=0.694,0.693,0.797,0.795 cap=2195,2188,1559,1557 des=2195,2188,1364,1362 app=2195,2188,1364,1362 abs=nil,nil,nil,nil ebrake=1.00 ibrake=1.00 hasABS=0 sy=11.11 split=1.000,0.875 ===
298.53689|I|libbeamng.print:18052| === LSTM_OBS t=100 20.76560,11.19647,18.95732,20.19733,0.00126,11.11092,-9.64790,0.01306,0.00000,0.00000,0.00318,1.00000,0.00000,0.00218,-0.01692,5722.01579,0.25000 ===
298.58700|I|libbeamng.print:18052| === LSTM_TRACE t=110 v=21.74 ws=20.36,8.14,17.49,20.01 cmd=0.699,0.688,0.847,0.847 cap=2086,2042,1615,1612 des=2086,2042,1413,1410 app=2086,2042,1413,1410 abs=nil,nil,nil,nil ebrake=1.00 ibrake=1.00 hasABS=0 sy=11.11 split=1.000,0.875 ===
298.58704|I|libbeamng.print:18052| === LSTM_OBS t=110 20.35643,8.13667,17.48912,20.01372,-0.04185,11.11228,-9.61176,0.01855,0.00000,0.00000,0.00335,1.00000,0.00000,0.00263,-0.01604,5496.40789,0.25000 ===
298.63687|I|libbeamng.print:18052| === LSTM_TRACE t=120 v=21.20 ws=19.84,5.01,15.57,20.09 cmd=0.616,0.605,0.856,0.852 cap=2130,2079,1669,1665 des=2130,2079,1460,1457 app=2130,2079,1460,1457 abs=nil,nil,nil,nil ebrake=1.00 ibrake=1.00 hasABS=0 sy=11.04 split=1.000,0.875 ===
298.63694|I|libbeamng.print:18052| === LSTM_OBS t=120 19.83672,5.00981,15.57285,20.08977,-0.12530,11.03998,-9.58387,0.01172,0.00000,0.00000,0.00283,1.00000,0.00000,0.00334,-0.01516,5247.43506,0.25000 ===
298.68748|I|libbeamng.print:18052| === LSTM_TRACE t=130 v=20.68 ws=19.40,3.01,14.05,19.89 cmd=0.653,0.646,0.870,0.862 cap=1967,1927,1674,1657 des=1967,1927,1465,1450 app=1967,1927,1465,1450 abs=nil,nil,nil,nil ebrake=1.00 ibrake=1.00 hasABS=0 sy=10.93 split=1.000,0.875 ===
298.68754|I|libbeamng.print:18052| === LSTM_OBS t=130 19.40194,3.01219,14.05425,19.88900,-0.18701,10.93380,-9.60857,0.00345,0.00000,0.00000,0.00326,1.00000,0.00000,0.00368,-0.01401,4983.17460,0.25000 ===
298.73703|I|libbeamng.print:18052| === LSTM_TRACE t=140 v=20.16 ws=18.94,0.98,12.69,19.35 cmd=0.666,0.662,0.869,0.854 cap=1922,1908,1667,1636 des=1922,1908,1459,1432 app=1922,1908,1459,1432 abs=nil,nil,nil,nil ebrake=1.00 ibrake=1.00 hasABS=0 sy=10.79 split=1.000,0.875 ===
298.73710|I|libbeamng.print:18052| === LSTM_OBS t=140 18.94207,0.98008,12.69318,19.35202,-0.26298,10.79096,-9.64871,-0.01505,0.00000,0.00000,0.00204,1.00000,0.00000,0.00271,-0.01235,4708.14431,0.25000 ===
298.78777|I|libbeamng.print:18052| === LSTM_TRACE t=150 v=19.65 ws=18.31,0.01,11.23,18.86 cmd=0.680,0.672,0.856,0.843 cap=2124,2109,1662,1636 des=2124,2109,1454,1432 app=2124,2109,1454,1432 abs=nil,nil,nil,nil ebrake=1.00 ibrake=1.00 hasABS=0 sy=10.65 split=1.000,0.875 ===
298.78783|I|libbeamng.print:18052| === LSTM_OBS t=150 18.30705,0.01259,11.22539,18.85900,-0.32566,10.64612,-9.66328,-0.02907,0.00000,0.00000,0.00256,1.00000,0.00000,0.00121,-0.01044,4442.25088,0.25000 ===
298.83673|I|libbeamng.print:18052| === LSTM_TRACE t=160 v=19.13 ws=17.71,0.01,10.02,18.30 cmd=0.707,0.696,0.847,0.841 cap=1994,1969,1644,1629 des=1994,1969,1438,1426 app=1994,1969,1438,1426 abs=nil,nil,nil,nil ebrake=1.00 ibrake=1.00 hasABS=0 sy=10.56 split=1.000,0.875 ===
298.83678|I|libbeamng.print:18052| === LSTM_OBS t=160 17.70631,0.00723,10.02360,18.30199,-0.34037,10.55786,-9.62198,-0.03048,0.00000,0.00000,0.00360,1.00000,0.00000,0.00035,-0.00903,4189.73448,0.25000 ===
298.88738|I|libbeamng.print:18052| === LSTM_TRACE t=170 v=18.60 ws=17.07,0.00,8.84,17.76 cmd=0.678,0.661,0.816,0.813 cap=2470,2439,1677,1679 des=2470,2439,1467,1469 app=2262,2250,1467,1469 abs=nil,nil,nil,nil ebrake=1.00 ibrake=1.00 hasABS=0 sy=10.54 split=1.000,0.875 ===
298.88743|I|libbeamng.print:18052| === LSTM_OBS t=170 17.06882,0.00368,8.84402,17.75876,-0.30726,10.53723,-9.61549,-0.04037,0.00000,0.00000,0.00283,1.00000,0.00000,-0.00018,-0.00823,3943.57831,0.25000 ===
298.93686|I|libbeamng.print:18052| === LSTM_TRACE t=180 v=18.07 ws=16.26,0.05,7.74,17.09 cmd=0.632,0.624,0.794,0.790 cap=2373,2325,1617,1615 des=2373,2325,1415,1413 app=2373,2323,1415,1413 abs=nil,nil,nil,nil ebrake=1.00 ibrake=1.00 hasABS=0 sy=10.54 split=1.000,0.875 ===
298.93692|I|libbeamng.print:18052| === LSTM_OBS t=180 16.26404,0.05383,7.73726,17.09265,-0.21978,10.53524,-9.65372,-0.03244,0.00000,0.00000,0.00349,1.00000,0.00000,-0.00091,-0.00779,3698.89115,0.25000 ===
298.98713|I|libbeamng.print:18052| === LSTM_TRACE t=190 v=17.52 ws=15.64,0.07,6.61,16.69 cmd=0.754,0.753,0.831,0.832 cap=1650,1688,1591,1578 des=1650,1688,1392,1381 app=1787,1729,1392,1381 abs=nil,nil,nil,nil ebrake=1.00 ibrake=1.00 hasABS=0 sy=10.60 split=1.000,0.875 ===
298.98719|I|libbeamng.print:18052| === LSTM_OBS t=190 15.63965,0.06644,6.60622,16.69419,-0.12618,10.59924,-9.68535,-0.02058,0.00000,0.00000,0.00265,1.00000,0.00000,-0.00157,-0.00769,3459.14030,0.25000 ===
299.03672|I|libbeamng.print:18052| === LSTM_TRACE t=200 v=16.99 ws=15.28,0.10,5.48,16.06 cmd=0.831,0.806,0.795,0.793 cap=2254,2220,1576,1572 des=2254,2220,1379,1376 app=2146,2101,1379,1376 abs=nil,nil,nil,nil ebrake=1.00 ibrake=1.00 hasABS=0 sy=10.66 split=1.000,0.875 ===
299.03678|I|libbeamng.print:18052| === LSTM_OBS t=200 15.27529,0.09843,5.48053,16.05862,-0.03683,10.65557,-9.72506,-0.01672,0.00000,0.00000,0.00457,1.00000,0.00000,-0.00216,-0.00757,3229.15179,0.25000 ===
299.08713|I|libbeamng.print:18052| === LSTM_TRACE t=210 v=16.45 ws=14.90,0.03,4.81,15.69 cmd=0.683,0.660,0.760,0.751 cap=2057,1971,1479,1459 des=2057,1971,1294,1276 app=2057,1968,1294,1276 abs=nil,nil,nil,nil ebrake=1.00 ibrake=1.00 hasABS=0 sy=10.73 split=1.000,0.875 ===
299.08719|I|libbeamng.print:18052| === LSTM_OBS t=210 14.90209,0.03394,4.81171,15.69418,0.03296,10.73269,-9.79148,-0.01988,0.00000,0.00000,0.00414,1.00000,0.00000,-0.00211,-0.00783,3019.38981,0.25000 ===
299.13669|I|libbeamng.print:18052| === LSTM_TRACE t=220 v=15.90 ws=14.79,0.01,3.40,15.14 cmd=0.766,0.730,0.751,0.744 cap=2134,2020,1446,1426 des=2134,2020,1265,1248 app=2134,2016,1265,1248 abs=nil,nil,nil,nil ebrake=1.00 ibrake=1.00 hasABS=0 sy=10.75 split=1.000,0.875 ===
299.13674|I|libbeamng.print:18052| === LSTM_OBS t=220 14.78642,0.01121,3.39526,15.13911,0.10461,10.75171,-9.84428,-0.00991,0.00000,0.00000,0.00372,1.00000,0.00000,-0.00181,-0.00834,2823.95111,0.25000 ===
299.18707|I|libbeamng.print:18052| === LSTM_TRACE t=230 v=15.39 ws=13.93,0.03,3.23,15.06 cmd=0.727,0.685,0.719,0.707 cap=2304,2174,1403,1385 des=2304,2174,1228,1212 app=2304,2168,1228,1212 abs=nil,nil,nil,nil ebrake=1.00 ibrake=1.00 hasABS=0 sy=10.70 split=1.000,0.875 ===
299.18713|I|libbeamng.print:18052| === LSTM_OBS t=230 13.92570,0.02531,3.23080,15.05878,0.24642,10.69981,-9.85463,-0.02405,0.00000,0.00000,0.00364,1.00000,0.00000,-0.00209,-0.00894,2629.52635,0.25000 ===
299.23695|I|libbeamng.print:18052| === LSTM_TRACE t=240 v=14.86 ws=12.63,0.01,2.55,14.31 cmd=0.711,0.661,0.709,0.691 cap=2311,2165,1389,1359 des=2311,2165,1215,1189 app=2311,2159,1215,1189 abs=nil,nil,nil,nil ebrake=1.00 ibrake=1.00 hasABS=0 sy=10.64 split=1.000,0.875 ===
299.23704|I|libbeamng.print:18052| === LSTM_OBS t=240 12.62936,0.00630,2.54975,14.31342,0.22327,10.63939,-9.86829,-0.00619,0.00000,0.00000,0.00388,1.00000,0.00000,-0.00190,-0.00945,2432.04983,0.25000 ===
299.28732|I|libbeamng.print:18052| === LSTM_TRACE t=250 v=14.33 ws=11.48,0.02,0.94,14.07 cmd=0.717,0.669,0.691,0.679 cap=2246,2092,1360,1334 des=2246,2092,1190,1167 app=2246,2085,1190,1167 abs=nil,nil,nil,nil ebrake=1.00 ibrake=1.00 hasABS=0 sy=10.62 split=1.000,0.875 ===
299.28738|I|libbeamng.print:18052| === LSTM_OBS t=250 11.48202,0.02114,0.94474,14.07390,0.20247,10.62447,-9.83924,-0.00515,0.00000,0.00000,0.00315,1.00000,0.00000,-0.00165,-0.00997,2248.17010,0.25000 ===
299.33691|I|libbeamng.print:18052| === LSTM_TRACE t=260 v=13.81 ws=10.22,0.00,0.46,13.03 cmd=0.694,0.641,0.684,0.673 cap=2336,2185,1379,1365 des=2336,2185,1207,1194 app=2336,2178,1207,1194 abs=nil,nil,nil,nil ebrake=1.00 ibrake=1.00 hasABS=0 sy=10.52 split=1.000,0.875 ===
299.33697|I|libbeamng.print:18052| === LSTM_OBS t=260 10.21943,0.00340,0.46345,13.03317,0.24320,10.52441,-9.73808,0.00622,0.00000,0.00000,0.00244,1.00000,0.00000,-0.00215,-0.01021,2043.81743,0.25000 ===
299.38722|I|libbeamng.print:18052| === LSTM_TRACE t=270 v=13.28 ws=8.91,0.01,0.07,12.51 cmd=0.671,0.622,0.691,0.683 cap=2123,1969,1351,1334 des=2123,1969,1182,1167 app=2123,1962,1182,1167 abs=nil,nil,nil,nil ebrake=1.00 ibrake=1.00 hasABS=0 sy=10.52 split=1.000,0.875 ===
299.38728|I|libbeamng.print:18052| === LSTM_OBS t=270 8.91347,0.01190,0.06947,12.50533,0.19502,10.52320,-9.73757,0.01451,0.00000,0.00000,0.00244,1.00000,0.00000,-0.00158,-0.01077,1876.99117,0.25000 ===
299.43683|I|libbeamng.print:18052| === LSTM_TRACE t=280 v=12.77 ws=7.77,0.00,0.03,11.75 cmd=0.632,0.585,0.680,0.672 cap=1931,1768,1297,1274 des=1931,1768,1135,1115 app=1946,1791,1135,1115 abs=nil,nil,nil,nil ebrake=1.00 ibrake=1.00 hasABS=0 sy=10.51 split=1.000,0.875 ===
299.43694|I|libbeamng.print:18052| === LSTM_OBS t=280 7.76797,0.00141,0.02838,11.75248,0.19735,10.50833,-9.69859,0.01229,0.00000,0.00000,0.00229,1.00000,0.00000,-0.00100,-0.01128,1728.40319,0.25000 ===
299.48746|I|libbeamng.print:18052| === LSTM_TRACE t=290 v=12.24 ws=6.39,0.07,0.05,10.72 cmd=0.646,0.598,0.684,0.677 cap=2047,1900,1331,1317 des=2047,1900,1165,1152 app=2047,1892,1165,1152 abs=nil,nil,nil,nil ebrake=1.00 ibrake=1.00 hasABS=0 sy=10.50 split=1.000,0.875 ===
299.48752|I|libbeamng.print:18052| === LSTM_OBS t=290 6.39107,0.06984,0.04827,10.71639,0.18162,10.50229,-9.68036,0.01507,0.00000,0.00000,0.00210,1.00000,0.00000,-0.00080,-0.01194,1597.69371,0.25000 ===
299.53647|I|libbeamng.print:18052| === LSTM_TRACE t=300 v=11.73 ws=5.46,0.07,0.00,9.84 cmd=0.713,0.674,0.702,0.696 cap=1840,1700,1274,1251 des=1840,1700,1115,1094 app=1840,1692,1115,1094 abs=nil,nil,nil,nil ebrake=1.00 ibrake=1.00 hasABS=0 sy=10.47 split=1.000,0.875 ===
299.53653|I|libbeamng.print:18052| === LSTM_OBS t=300 5.45962,0.07381,0.00124,9.83802,0.16037,10.46994,-9.68429,0.00510,0.00000,0.00000,0.00224,1.00000,0.00000,-0.00055,-0.01248,1464.43436,0.25000 ===
299.58679|I|libbeamng.print:18052| === LSTM_TRACE t=310 v=11.21 ws=4.12,0.06,0.02,8.90 cmd=0.631,0.606,0.680,0.666 cap=1883,1761,1240,1210 des=1883,1761,1085,1059 app=1954,1803,1085,1059 abs=nil,nil,nil,nil ebrake=1.00 ibrake=1.00 hasABS=0 sy=10.46 split=1.000,0.875 ===
299.58684|I|libbeamng.print:18052| === LSTM_OBS t=310 4.12327,0.05639,0.02400,8.89732,0.13075,10.46017,-9.70693,0.00586,0.00000,0.00000,0.00069,1.00000,0.00000,0.00009,-0.01289,1332.01467,0.25000 ===
299.63708|I|libbeamng.print:18052| === LSTM_TRACE t=320 v=10.68 ws=1.78,0.05,0.03,8.19 cmd=0.754,0.703,0.648,0.644 cap=2570,2455,1370,1370 des=2570,2455,1199,1198 app=2570,2443,1199,1198 abs=nil,nil,nil,nil ebrake=1.00 ibrake=1.00 hasABS=0 sy=10.43 split=1.000,0.875 ===
299.63714|I|libbeamng.print:18052| === LSTM_OBS t=320 1.77579,0.04693,0.03126,8.18702,0.09243,10.42962,-9.75772,0.01461,0.00000,0.00000,0.00593,1.00000,0.00000,0.00157,-0.01283,1208.21689,0.25000 ===
299.68732|I|libbeamng.print:18052| === LSTM_TRACE t=330 v=10.21 ws=0.05,0.02,0.08,7.30 cmd=0.918,0.909,0.696,0.693 cap=2819,2771,1337,1342 des=2819,2771,1170,1174 app=2819,2757,1170,1174 abs=nil,nil,nil,nil ebrake=1.00 ibrake=1.00 hasABS=0 sy=10.27 split=1.000,0.875 ===
299.68738|I|libbeamng.print:18052| === LSTM_OBS t=330 0.04974,0.02093,0.08231,7.29590,0.14140,10.26805,-9.67527,-0.00549,0.00000,0.00000,0.00104,1.00000,0.00000,0.00220,-0.01273,1094.16785,0.25000 ===
299.73682|I|libbeamng.print:18052| === LSTM_TRACE t=340 v=9.70 ws=0.02,0.01,0.03,5.83 cmd=0.951,0.952,0.749,0.731 cap=2944,2945,1438,1402 des=2944,2945,1258,1227 app=2944,2930,1258,1227 abs=nil,nil,nil,nil ebrake=1.00 ibrake=1.00 hasABS=0 sy=10.14 split=1.000,0.875 ===
299.73689|I|libbeamng.print:18052| === LSTM_OBS t=340 0.02284,0.01174,0.03346,5.82559,0.14447,10.13681,-9.59497,-0.00544,0.00000,0.00000,0.00270,1.00000,0.00000,0.00195,-0.01275,967.00685,0.25000 ===
299.78742|I|libbeamng.print:18052| === LSTM_TRACE t=350 v=9.20 ws=0.01,0.01,0.01,4.66 cmd=0.970,0.971,0.800,0.783 cap=3003,3006,1541,1508 des=3003,3006,1349,1319 app=3003,2990,1348,1319 abs=nil,nil,nil,nil ebrake=1.00 ibrake=1.00 hasABS=0 sy=10.09 split=1.000,0.875 ===
299.78748|I|libbeamng.print:18052| === LSTM_OBS t=350 0.00541,0.00987,0.01404,4.66055,0.12844,10.08955,-9.59567,-0.00886,0.00000,0.00000,0.00311,1.00000,0.00000,0.00176,-0.01253,815.86834,0.25000 ===
299.83708|I|libbeamng.print:18052| === LSTM_TRACE t=360 v=8.69 ws=0.00,0.02,0.01,3.21 cmd=0.979,0.978,0.832,0.816 cap=3033,3032,1616,1584 des=3033,3032,1414,1386 app=3033,3015,1414,1386 abs=nil,nil,nil,nil ebrake=1.00 ibrake=1.00 hasABS=0 sy=10.10 split=1.000,0.875 ===
299.83716|I|libbeamng.print:18052| === LSTM_OBS t=360 0.00449,0.01904,0.01283,3.20918,0.12804,10.09610,-9.62097,-0.01592,0.00000,0.00000,0.00342,1.00000,0.00000,0.00131,-0.01255,739.20687,0.25000 ===
299.88725|I|libbeamng.print:18052| === LSTM_TRACE t=370 v=8.20 ws=0.01,0.00,0.10,1.10 cmd=0.984,0.983,0.852,0.841 cap=3048,3045,1648,1626 des=3048,3045,1442,1423 app=3048,3028,1442,1423 abs=nil,nil,nil,nil ebrake=1.00 ibrake=1.00 hasABS=0 sy=10.11 split=1.000,0.875 ===
299.88730|I|libbeamng.print:18052| === LSTM_OBS t=370 0.00551,0.00267,0.09740,1.10349,0.10021,10.10980,-9.63585,-0.02491,0.00000,0.00000,0.00389,1.00000,0.00000,0.00060,-0.01263,729.20904,0.25000 ===
299.93707|I|libbeamng.print:18052| === LSTM_TRACE t=380 v=7.70 ws=0.01,0.00,0.04,0.04 cmd=0.984,0.982,0.849,0.845 cap=3055,3050,1657,1649 des=3055,3050,1450,1443 app=3055,3032,1449,1443 abs=nil,nil,nil,nil ebrake=1.00 ibrake=1.00 hasABS=0 sy=10.06 split=1.000,0.875 ===
299.93716|I|libbeamng.print:18052| === LSTM_OBS t=380 0.00936,0.00466,0.03757,0.03819,0.06263,10.06445,-9.68776,-0.01033,0.00000,0.00000,0.00331,1.00000,0.00000,0.00042,-0.01243,728.93148,0.25000 ===
299.98750|I|libbeamng.print:18052| === LSTM_TRACE t=390 v=7.19 ws=0.00,0.01,0.01,0.04 cmd=0.984,0.983,0.850,0.851 cap=3051,3047,1649,1652 des=3051,3047,1443,1445 app=3051,3028,1442,1445 abs=nil,nil,nil,nil ebrake=1.00 ibrake=1.00 hasABS=0 sy=10.07 split=1.000,0.875 ===
299.98757|I|libbeamng.print:18052| === LSTM_OBS t=390 0.00047,0.00518,0.01461,0.03752,0.06671,10.07362,-9.67866,-0.01242,0.00000,0.00000,0.00318,1.00000,0.00000,0.00045,-0.01191,728.23908,0.25000 ===
300.03700|I|libbeamng.print:18052| === LSTM_TRACE t=400 v=6.67 ws=0.00,0.00,0.01,0.04 cmd=0.984,0.983,0.849,0.853 cap=3051,3047,1650,1657 des=3051,3047,1443,1450 app=3051,3028,1442,1450 abs=nil,nil,nil,nil ebrake=1.00 ibrake=1.00 hasABS=0 sy=10.13 split=1.000,0.875 ===
300.03707|I|libbeamng.print:18052| === LSTM_OBS t=400 0.00148,0.00494,0.00937,0.03622,0.08634,10.13465,-9.65806,-0.00678,0.00000,0.00000,0.00345,1.00000,0.00000,0.00014,-0.01134,728.31168,0.25000 ===
300.08722|I|libbeamng.print:18052| === LSTM_TRACE t=410 v=6.14 ws=0.01,0.00,0.02,0.05 cmd=0.985,0.984,0.849,0.854 cap=3053,3049,1649,1658 des=3053,3049,1443,1451 app=3053,3030,1442,1451 abs=nil,nil,nil,nil ebrake=1.00 ibrake=1.00 hasABS=0 sy=10.23 split=1.000,0.875 ===
300.08728|I|libbeamng.print:18052| === LSTM_OBS t=410 0.00531,0.00111,0.02199,0.05068,0.08572,10.23384,-9.65951,-0.00514,0.00000,0.00000,0.00375,1.00000,0.00000,0.00000,-0.01098,724.99633,0.25000 ===
300.13699|I|libbeamng.print:18052| === LSTM_TRACE t=420 v=5.61 ws=0.00,0.00,0.01,0.06 cmd=0.986,0.984,0.848,0.853 cap=3055,3051,1648,1657 des=3055,3051,1442,1450 app=3055,3031,1440,1450 abs=nil,nil,nil,nil ebrake=1.00 ibrake=1.00 hasABS=0 sy=10.35 split=1.000,0.875 ===
300.13705|I|libbeamng.print:18052| === LSTM_OBS t=420 0.00245,0.00289,0.00656,0.05539,0.08744,10.34625,-9.68252,-0.00226,0.00000,0.00000,0.00381,1.00000,0.00000,0.00002,-0.01074,726.81957,0.25000 ===
300.18848|I|libbeamng.print:18052| === LSTM_TRACE t=430 v=5.07 ws=0.00,0.00,0.04,0.01 cmd=0.986,0.985,0.848,0.852 cap=3057,3053,1646,1655 des=3057,3053,1441,1448 app=3057,3033,1439,1448 abs=nil,nil,nil,nil ebrake=1.00 ibrake=1.00 hasABS=0 sy=10.45 split=1.000,0.875 ===
300.18854|I|libbeamng.print:18052| === LSTM_OBS t=430 0.00453,0.00151,0.03789,0.00758,0.08645,10.44561,-9.69733,-0.00096,0.00000,0.00000,0.00384,1.00000,0.00000,0.00002,-0.01065,725.80693,0.25000 ===
300.23690|I|libbeamng.print:18052| === LSTM_TRACE t=440 v=4.53 ws=0.00,0.00,0.00,0.01 cmd=0.987,0.986,0.848,0.852 cap=3059,3055,1647,1655 des=3059,3055,1441,1448 app=3059,3034,1439,1448 abs=nil,nil,nil,nil ebrake=1.00 ibrake=1.00 hasABS=0 sy=10.57 split=1.000,0.875 ===
300.23696|I|libbeamng.print:18052| === LSTM_OBS t=440 0.00224,0.00339,0.00311,0.01060,0.09612,10.56563,-9.71937,0.00124,0.00000,0.00000,0.00389,1.00000,0.00000,0.00002,-0.01072,728.51158,0.25000 ===
300.28725|I|libbeamng.print:18052| === LSTM_TRACE t=450 v=3.98 ws=0.00,0.00,0.05,0.01 cmd=0.988,0.986,0.848,0.852 cap=3061,3057,1648,1655 des=3061,3057,1442,1448 app=3061,3036,1440,1448 abs=nil,nil,nil,nil ebrake=1.00 ibrake=1.00 hasABS=0 sy=10.68 split=1.000,0.875 ===
300.28730|I|libbeamng.print:18052| === LSTM_OBS t=450 0.00185,0.00147,0.04873,0.00909,0.10257,10.67592,-9.72439,0.00393,0.00000,0.00000,0.00401,1.00000,0.00000,-0.00003,-0.01090,728.38582,0.25000 ===
300.33683|I|libbeamng.print:18052| === LSTM_TRACE t=460 v=3.42 ws=0.00,0.00,0.14,0.01 cmd=0.988,0.987,0.849,0.853 cap=3063,3059,1650,1656 des=3063,3059,1444,1449 app=3063,3038,1442,1449 abs=nil,nil,nil,nil ebrake=1.00 ibrake=1.00 hasABS=0 sy=10.79 split=1.000,0.875 ===
300.33689|I|libbeamng.print:18052| === LSTM_OBS t=460 0.00378,0.00288,0.14353,0.00656,0.10755,10.78711,-9.72145,0.00506,0.00000,0.00000,0.00398,1.00000,0.00000,0.00001,-0.01106,728.77648,0.25000 ===
300.38696|I|libbeamng.print:18052| === LSTM_TRACE t=470 v=2.86 ws=0.00,0.00,0.27,0.01 cmd=0.989,0.987,0.850,0.853 cap=3065,3061,1652,1658 des=3065,3061,1446,1451 app=3065,3039,1444,1451 abs=nil,nil,nil,nil ebrake=1.00 ibrake=1.00 hasABS=0 sy=10.89 split=1.000,0.875 ===
300.38702|I|libbeamng.print:18052| === LSTM_OBS t=470 0.00139,0.00043,0.27277,0.00901,0.11139,10.88673,-9.70732,0.00807,0.00000,0.00000,0.00398,1.00000,0.00000,0.00005,-0.01117,728.24360,0.25000 ===
300.43644|I|libbeamng.print:18052| === LSTM_TRACE t=480 v=2.30 ws=0.00,0.00,0.32,0.09 cmd=0.989,0.988,0.852,0.855 cap=3067,3062,1654,1660 des=3067,3062,1447,1452 app=3067,3041,1445,1452 abs=nil,nil,nil,nil ebrake=1.00 ibrake=1.00 hasABS=0 sy=11.00 split=1.000,0.875 ===
300.43649|I|libbeamng.print:18052| === LSTM_OBS t=480 0.00183,0.00344,0.32140,0.09412,0.11874,10.99721,-9.68928,0.01220,0.00000,0.00000,0.00395,1.00000,0.00000,0.00005,-0.01118,729.96516,0.25000 ===
300.48697|I|libbeamng.print:18052| === LSTM_TRACE t=490 v=1.73 ws=0.01,0.00,0.56,0.07 cmd=0.990,0.989,0.853,0.855 cap=3069,3064,1657,1661 des=3069,3064,1449,1453 app=3069,3042,1448,1453 abs=nil,nil,nil,nil ebrake=1.00 ibrake=1.00 hasABS=0 sy=11.11 split=1.000,0.875 ===
300.48701|I|libbeamng.print:18052| === LSTM_OBS t=490 0.00508,0.00161,0.55680,0.07427,0.10836,11.10931,-9.69783,0.01278,0.00000,0.00000,0.00409,1.00000,0.00000,0.00029,-0.01113,728.81183,0.25000 ===
300.53706|I|libbeamng.print:18052| === LSTM_TRACE t=500 v=1.17 ws=0.00,0.00,0.20,0.09 cmd=0.990,0.989,0.854,0.855 cap=3070,3066,1660,1661 des=3070,3066,1452,1454 app=3070,3044,1450,1454 abs=nil,nil,nil,nil ebrake=1.00 ibrake=1.00 hasABS=0 sy=11.15 split=1.000,0.875 ===
300.53715|I|libbeamng.print:18052| === LSTM_OBS t=500 0.00169,0.00165,0.19559,0.09349,0.12100,11.15318,-9.67528,0.00617,0.00000,0.00000,0.00404,1.00000,0.00000,0.00035,-0.01102,729.36059,0.25000 ===
300.58732|I|libbeamng.print:18052| === LSTM_TRACE t=510 v=0.60 ws=0.00,0.00,0.16,0.11 cmd=0.990,0.989,0.856,0.855 cap=3070,3065,1662,1662 des=3070,3065,1454,1454 app=3070,3043,1453,1454 abs=nil,nil,nil,nil ebrake=1.00 ibrake=1.00 hasABS=0 sy=11.19 split=1.000,0.875 ===
300.58738|I|libbeamng.print:18052| === LSTM_OBS t=510 0.00159,0.00017,0.15927,0.10729,0.12231,11.18658,-9.66665,0.00454,0.00000,0.00000,0.00401,1.00000,0.00000,-0.00002,-0.01078,728.24346,0.25000 ===
304.79564|I|libbeamng.print:18052| === LSTM_ABS: lens 'band_g_mix_b1_y_s1' loaded (1 member, 17 in, 64 hidden, 2 layers) ===
304.79724|I|libbeamng.print:18052| === LSTM_ABS SELFTEST lens=band_g_mix_b1_y_s1 cmd=0.970579,0.955091,0.635712,0.745150 ===
335.13517|I|libbeamng.print:18052| === LSTM_TRACE t=0 v=27.71 ws=27.67,27.80,27.41,27.43 cmd=0.905,0.880,0.555,0.570 cap=155,155,97,97 des=155,155,85,85 app=155,153,84,85 abs=nil,nil,nil,nil ebrake=1.00 ibrake=1.00 hasABS=0 sy=1.59 split=1.000,0.875 ===
335.13522|I|libbeamng.print:18052| === LSTM_OBS t=0 27.67070,27.79851,27.40926,27.42859,-0.03906,1.58645,-9.77096,-0.00693,0.00000,0.00000,0.00000,1.00000,0.00000,0.00097,-0.00909,7858.35104,0.25000 ===
335.18541|I|libbeamng.print:18052| === LSTM_TRACE t=10 v=27.42 ws=26.97,26.93,26.67,26.95 cmd=0.424,0.458,0.423,0.349 cap=1239,1336,833,668 des=1239,1336,729,585 app=1239,1322,726,585 abs=nil,nil,nil,nil ebrake=1.00 ibrake=1.00 hasABS=0 sy=2.20 split=1.000,0.875 ===
335.18546|I|libbeamng.print:18052| === LSTM_OBS t=10 26.97393,26.92998,26.66877,26.94959,0.00969,2.20453,-9.78790,-0.00520,0.00000,0.00000,0.00000,1.00000,0.00000,0.00092,-0.01013,7777.52049,0.25000 ===
335.20512|I|libbeamng.print:18052| === LSTM_ABS DBG raw=26.0035,25.9368,26.5217,26.6964,-0.0077,2.7058,-9.7755,0.0010,0.0000,0.0000,0.0022,1.0000,0.0000,0.0010,-0.0110,7714.5826,0.2500 ===
335.20515|I|libbeamng.print:18052| === LSTM_ABS DBG norm=0.53,0.47,0.52,0.51,-0.16,-2.07,0.00,0.03,0.06,-0.06,-0.01,0.59,-0.02,0.00,0.00,3.82,0.00 ===
335.20516|I|libbeamng.print:18052| === LSTM_ABS DBG cmd=0.5617,0.6132,0.4443,0.4316 ===
335.23537|I|libbeamng.print:18052| === LSTM_TRACE t=20 v=27.00 ws=24.85,24.60,26.24,26.18 cmd=0.704,0.753,0.512,0.572 cap=2172,2326,973,1081 des=2172,2326,851,946 app=2172,2308,849,946 abs=nil,nil,nil,nil ebrake=1.00 ibrake=1.00 hasABS=0 sy=3.56 split=1.000,0.875 ===
335.23541|I|libbeamng.print:18052| === LSTM_OBS t=20 24.84601,24.60484,26.24271,26.18195,-0.00969,3.55617,-9.67611,0.00246,0.00000,0.00000,0.00176,1.00000,0.00000,0.00089,-0.01249,7608.85007,0.25000 ===
335.28512|I|libbeamng.print:18052| === LSTM_TRACE t=30 v=26.48 ws=24.08,23.48,25.52,25.36 cmd=0.729,0.753,0.552,0.605 cap=2256,2333,1076,1183 des=2256,2333,942,1035 app=2256,2322,940,1035 abs=nil,nil,nil,nil ebrake=1.00 ibrake=1.00 hasABS=0 sy=5.42 split=1.000,0.875 ===
335.28517|I|libbeamng.print:18052| === LSTM_OBS t=30 24.08334,23.47616,25.51747,25.36374,0.02927,5.42220,-9.47175,-0.02391,0.00000,0.00000,0.00335,1.00000,0.00000,0.00112,-0.01553,7400.04093,0.25000 ===
335.33484|I|libbeamng.print:18052| === LSTM_TRACE t=40 v=25.90 ws=23.91,23.31,24.84,24.65 cmd=0.736,0.756,0.569,0.627 cap=2334,2388,1107,1218 des=2334,2388,968,1065 app=2334,2380,967,1065 abs=nil,nil,nil,nil ebrake=1.00 ibrake=1.00 hasABS=0 sy=6.95 split=1.000,0.875 ===
335.33488|I|libbeamng.print:18052| === LSTM_OBS t=40 23.90861,23.30874,24.83880,24.65450,0.00926,6.95216,-9.53129,0.00872,0.00000,0.00000,0.00278,1.00000,0.00000,0.00153,-0.01810,7192.75685,0.25000 ===
335.38540|I|libbeamng.print:18052| === LSTM_TRACE t=50 v=25.33 ws=23.39,23.59,24.25,24.06 cmd=0.766,0.785,0.646,0.687 cap=2357,2412,1229,1309 des=2357,2412,1075,1145 app=2357,2409,1075,1145 abs=nil,nil,nil,nil ebrake=1.00 ibrake=1.00 hasABS=0 sy=8.22 split=1.000,0.875 ===
335.38545|I|libbeamng.print:18052| === LSTM_OBS t=50 23.38575,23.58969,24.24997,24.05527,0.03510,8.22434,-9.59840,-0.00627,0.00000,0.00000,0.00307,1.00000,0.00000,0.00175,-0.01974,7003.41264,0.25000 ===
335.43513|I|libbeamng.print:18052| === LSTM_TRACE t=60 v=24.74 ws=22.61,22.66,23.46,23.28 cmd=0.799,0.813,0.714,0.739 cap=2476,2519,1372,1422 des=2476,2519,1200,1244 app=2476,2518,1200,1244 abs=nil,nil,nil,nil ebrake=1.00 ibrake=1.00 hasABS=0 sy=9.22 split=1.000,0.875 ===
335.43522|I|libbeamng.print:18052| === LSTM_OBS t=60 22.60769,22.66428,23.45788,23.28030,0.07120,9.21868,-9.65878,-0.00030,0.00000,0.00000,0.00318,1.00000,0.00000,0.00147,-0.02065,6805.21804,0.25000 ===
335.48527|I|libbeamng.print:18052| === LSTM_TRACE t=70 v=24.14 ws=21.57,21.70,22.81,22.47 cmd=0.791,0.799,0.732,0.754 cap=2372,2403,1389,1433 des=2372,2403,1215,1254 app=2372,2403,1215,1254 abs=nil,nil,nil,nil ebrake=1.00 ibrake=1.00 hasABS=0 sy=9.99 split=1.000,0.875 ===
335.48531|I|libbeamng.print:18052| === LSTM_OBS t=70 21.56947,21.69774,22.81437,22.46573,0.08295,9.99202,-9.68723,0.00362,0.00000,0.00000,0.00329,1.00000,0.00000,0.00128,-0.02093,6587.28251,0.25000 ===
335.53494|I|libbeamng.print:18052| === LSTM_TRACE t=80 v=23.56 ws=20.24,20.91,22.02,21.64 cmd=0.759,0.762,0.721,0.742 cap=2484,2491,1441,1481 des=2484,2491,1261,1296 app=2484,2491,1261,1296 abs=nil,nil,nil,nil ebrake=1.00 ibrake=1.00 hasABS=0 sy=10.55 split=1.000,0.875 ===
335.53498|I|libbeamng.print:18052| === LSTM_OBS t=80 20.23796,20.91372,22.02048,21.64417,0.08982,10.55075,-9.65930,0.00263,0.00000,0.00000,0.00301,1.00000,0.00000,0.00110,-0.02058,6363.65612,0.25000 ===
335.58568|I|libbeamng.print:18052| === LSTM_TRACE t=90 v=22.96 ws=18.75,20.01,21.47,20.87 cmd=0.763,0.761,0.737,0.753 cap=2375,2375,1443,1476 des=2375,2375,1263,1292 app=2375,2375,1263,1292 abs=nil,nil,nil,nil ebrake=1.00 ibrake=1.00 hasABS=0 sy=10.95 split=1.000,0.875 ===
335.58572|I|libbeamng.print:18052| === LSTM_OBS t=90 18.74934,20.00549,21.47121,20.87332,0.08782,10.94738,-9.61855,-0.00115,0.00000,0.00000,0.00278,1.00000,0.00000,0.00103,-0.01993,6148.54393,0.25000 ===
335.63492|I|libbeamng.print:18052| === LSTM_TRACE t=100 v=22.38 ws=16.90,19.30,20.76,20.00 cmd=0.798,0.789,0.768,0.775 cap=2375,2364,1501,1519 des=2375,2364,1313,1329 app=2375,2364,1313,1329 abs=nil,nil,nil,nil ebrake=1.00 ibrake=1.00 hasABS=0 sy=11.19 split=1.000,0.875 ===
335.63496|I|libbeamng.print:18052| === LSTM_OBS t=100 16.89525,19.30197,20.75503,19.99694,0.09939,11.19137,-9.59079,-0.00052,0.00000,0.00000,0.00285,1.00000,0.00000,0.00095,-0.01921,5936.51701,0.25000 ===
335.68543|I|libbeamng.print:18052| === LSTM_TRACE t=110 v=21.79 ws=14.14,19.08,20.05,19.11 cmd=0.712,0.713,0.810,0.808 cap=2043,2075,1547,1548 des=2043,2075,1354,1355 app=2043,2075,1354,1355 abs=nil,nil,nil,nil ebrake=1.00 ibrake=1.00 hasABS=0 sy=11.31 split=1.000,0.875 ===
335.68548|I|libbeamng.print:18052| === LSTM_OBS t=110 14.14267,19.07982,20.04795,19.10635,0.10816,11.30515,-9.58163,0.00294,0.00000,0.00000,0.00142,1.00000,0.00000,0.00094,-0.01851,5721.04808,0.25000 ===
335.73520|I|libbeamng.print:18052| === LSTM_TRACE t=120 v=21.23 ws=11.29,19.51,19.16,18.42 cmd=0.718,0.710,0.802,0.797 cap=2283,2258,1576,1569 des=2283,2258,1379,1373 app=2283,2258,1379,1373 abs=nil,nil,nil,nil ebrake=1.00 ibrake=1.00 hasABS=0 sy=11.35 split=1.000,0.875 ===
335.73524|I|libbeamng.print:18052| === LSTM_OBS t=120 11.29120,19.51449,19.16220,18.42263,0.12106,11.34689,-9.57530,-0.00900,0.00000,0.00000,0.00183,1.00000,0.00000,0.00086,-0.01775,5497.44935,0.25000 ===
335.78516|I|libbeamng.print:18052| === LSTM_TRACE t=130 v=20.68 ws=8.41,19.74,18.30,17.68 cmd=0.641,0.635,0.818,0.811 cap=2249,2215,1613,1606 des=2249,2215,1412,1405 app=2249,2215,1412,1405 abs=nil,nil,nil,nil ebrake=1.00 ibrake=1.00 hasABS=0 sy=11.30 split=1.000,0.875 ===
335.78520|I|libbeamng.print:18052| === LSTM_OBS t=130 8.40658,19.74358,18.29744,17.67611,0.13349,11.29675,-9.54178,-0.00960,0.00000,0.00000,0.00274,1.00000,0.00000,0.00065,-0.01682,5267.96562,0.25000 ===
335.83574|I|libbeamng.print:18052| === LSTM_TRACE t=140 v=20.16 ws=6.34,19.08,17.71,16.71 cmd=0.531,0.535,0.810,0.811 cap=2040,2010,1601,1608 des=2040,2010,1401,1407 app=2040,2010,1401,1407 abs=nil,nil,nil,nil ebrake=1.00 ibrake=1.00 hasABS=0 sy=11.11 split=1.000,0.875 ===
335.83579|I|libbeamng.print:18052| === LSTM_OBS t=140 6.33705,19.08222,17.70599,16.70952,0.12641,11.10926,-9.55475,-0.02215,0.00000,0.00000,0.00224,1.00000,0.00000,0.00032,-0.01561,5038.01783,0.25000 ===
335.88584|I|libbeamng.print:18052| === LSTM_TRACE t=150 v=19.63 ws=4.89,18.72,17.01,15.68 cmd=0.633,0.629,0.818,0.825 cap=2055,2039,1613,1621 des=2055,2039,1411,1419 app=2055,2039,1411,1419 abs=nil,nil,nil,nil ebrake=1.00 ibrake=1.00 hasABS=0 sy=10.93 split=1.000,0.875 ===
335.88589|I|libbeamng.print:18052| === LSTM_OBS t=150 4.89266,18.71853,17.00770,15.68099,0.12498,10.92535,-9.57097,0.00043,0.00000,0.00000,0.00210,1.00000,0.00000,0.00006,-0.01415,4814.78473,0.25000 ===
335.93593|I|libbeamng.print:18052| === LSTM_TRACE t=160 v=19.09 ws=3.53,18.29,16.65,14.50 cmd=0.652,0.650,0.835,0.846 cap=1842,1866,1610,1630 des=1842,1866,1409,1427 app=1842,1866,1409,1427 abs=nil,nil,nil,nil ebrake=1.00 ibrake=1.00 hasABS=0 sy=10.85 split=1.000,0.875 ===
335.93598|I|libbeamng.print:18052| === LSTM_OBS t=160 3.52838,18.29292,16.64711,14.50383,0.11507,10.84956,-9.66713,-0.00328,0.00000,0.00000,0.00628,1.00000,0.00000,0.00052,-0.01272,4602.54533,0.25000 ===
335.98622|I|libbeamng.print:18052| === LSTM_TRACE t=170 v=18.57 ws=1.22,17.64,15.33,12.76 cmd=0.479,0.497,0.818,0.834 cap=2114,2069,1529,1570 des=2114,2069,1338,1374 app=2114,2069,1338,1374 abs=nil,nil,nil,nil ebrake=1.00 ibrake=1.00 hasABS=0 sy=10.78 split=1.000,0.875 ===
335.98626|I|libbeamng.print:18052| === LSTM_OBS t=170 1.22486,17.64187,15.32739,12.76009,0.16642,10.78314,-9.76585,-0.01296,0.00000,0.00000,0.00176,1.00000,0.00000,0.00169,-0.01126,4412.61100,0.25000 ===
336.03564|I|libbeamng.print:18052| === LSTM_TRACE t=180 v=18.05 ws=0.07,16.85,13.27,11.25 cmd=0.549,0.575,0.847,0.845 cap=1951,2001,1673,1670 des=1951,2001,1464,1461 app=1951,2001,1464,1461 abs=nil,nil,nil,nil ebrake=1.00 ibrake=1.00 hasABS=0 sy=10.66 split=1.000,0.875 ===
336.03569|I|libbeamng.print:18052| === LSTM_OBS t=180 0.06800,16.84823,13.27181,11.25421,0.15586,10.66435,-9.77889,-0.01924,0.00000,0.00000,0.00049,1.00000,0.00000,0.00282,-0.01014,4213.27191,0.25000 ===
336.08565|I|libbeamng.print:18052| === LSTM_TRACE t=190 v=17.54 ws=0.08,16.14,11.30,10.10 cmd=0.627,0.643,0.841,0.834 cap=2256,2276,1700,1682 des=2256,2276,1488,1472 app=2256,2276,1488,1472 abs=nil,nil,nil,nil ebrake=1.00 ibrake=1.00 hasABS=0 sy=10.57 split=1.000,0.875 ===
336.08570|I|libbeamng.print:18052| === LSTM_OBS t=190 0.08304,16.14062,11.29815,10.10044,0.19603,10.56536,-9.73954,-0.03499,0.00000,0.00000,0.00142,1.00000,0.00000,0.00359,-0.00896,3991.23645,0.25000 ===
336.13557|I|libbeamng.print:18052| === LSTM_TRACE t=200 v=17.01 ws=0.08,14.88,9.68,9.18 cmd=0.743,0.750,0.880,0.874 cap=2060,2111,1700,1689 des=2060,2111,1488,1478 app=2060,2111,1488,1478 abs=nil,nil,nil,nil ebrake=1.00 ibrake=1.00 hasABS=0 sy=10.53 split=1.000,0.875 ===
336.13562|I|libbeamng.print:18052| === LSTM_OBS t=200 0.07549,14.88316,9.68339,9.17645,0.23016,10.52770,-9.66075,-0.05142,0.00000,0.00000,0.00085,1.00000,0.00000,0.00349,-0.00809,3758.27840,0.25000 ===
336.18573|I|libbeamng.print:18052| === LSTM_TRACE t=210 v=16.47 ws=0.02,12.70,8.05,8.43 cmd=0.766,0.766,0.878,0.870 cap=2386,2386,1700,1690 des=2386,2386,1488,1479 app=2386,2386,1488,1479 abs=nil,nil,nil,nil ebrake=1.00 ibrake=1.00 hasABS=0 sy=10.57 split=1.000,0.875 ===
336.18579|I|libbeamng.print:18052| === LSTM_OBS t=210 0.02458,12.70336,8.04922,8.43037,0.23103,10.56803,-9.66597,-0.06212,0.00000,0.00000,0.00049,1.00000,0.00000,0.00315,-0.00761,3517.52401,0.25000 ===
336.23605|I|libbeamng.print:18052| === LSTM_TRACE t=220 v=15.95 ws=0.02,9.83,6.59,7.90 cmd=0.745,0.742,0.882,0.875 cap=2320,2311,1700,1693 des=2320,2311,1488,1482 app=2320,2311,1488,1482 abs=nil,nil,nil,nil ebrake=1.00 ibrake=1.00 hasABS=0 sy=10.56 split=1.000,0.875 ===
336.23610|I|libbeamng.print:18052| === LSTM_OBS t=220 0.02106,9.83484,6.58882,7.89954,0.21357,10.55897,-9.70353,-0.07220,0.00000,0.00000,0.00142,1.00000,0.00000,0.00301,-0.00722,3267.18043,0.25000 ===
336.28611|I|libbeamng.print:18052| === LSTM_TRACE t=230 v=15.44 ws=0.00,6.12,5.66,8.01 cmd=0.727,0.728,0.879,0.867 cap=2327,2317,1700,1684 des=2327,2317,1488,1474 app=2327,2317,1488,1474 abs=nil,nil,nil,nil ebrake=1.00 ibrake=1.00 hasABS=0 sy=10.48 split=1.000,0.875 ===
336.28621|I|libbeamng.print:18052| === LSTM_OBS t=230 0.00218,6.12098,5.65986,8.01456,0.20757,10.48239,-9.71859,-0.07860,0.00000,0.00000,0.00115,1.00000,0.00000,0.00304,-0.00670,3024.56416,0.25000 ===
336.33549|I|libbeamng.print:18052| === LSTM_TRACE t=240 v=14.93 ws=0.05,0.30,4.63,7.86 cmd=0.922,0.916,0.884,0.862 cap=2702,2688,1700,1668 des=2702,2688,1488,1459 app=2702,2688,1488,1459 abs=nil,nil,nil,nil ebrake=1.00 ibrake=1.00 hasABS=0 sy=10.42 split=1.000,0.875 ===
336.33554|I|libbeamng.print:18052| === LSTM_OBS t=240 0.05285,0.30097,4.62523,7.86196,0.21905,10.42465,-9.77290,-0.09580,0.00000,0.00000,0.00069,1.00000,0.00000,0.00300,-0.00635,2795.43601,0.25000 ===
336.38598|I|libbeamng.print:18052| === LSTM_TRACE t=250 v=14.43 ws=0.01,0.01,3.39,7.39 cmd=0.986,0.984,0.908,0.885 cap=3061,3053,1700,1700 des=3061,3053,1488,1488 app=3061,3053,1488,1488 abs=nil,nil,nil,nil ebrake=1.00 ibrake=1.00 hasABS=0 sy=10.33 split=1.000,0.875 ===
336.38603|I|libbeamng.print:18052| === LSTM_OBS t=250 0.01361,0.01092,3.39251,7.39161,0.21560,10.32774,-9.82023,-0.08206,0.00000,0.00000,0.00000,1.00000,0.00000,0.00224,-0.00590,2570.32539,0.25000 ===
336.43583|I|libbeamng.print:18052| === LSTM_TRACE t=260 v=13.96 ws=0.02,0.02,3.79,7.54 cmd=0.991,0.989,0.913,0.909 cap=3073,3068,1700,1700 des=3073,3068,1488,1488 app=3073,3068,1488,1488 abs=nil,nil,nil,nil ebrake=1.00 ibrake=1.00 hasABS=0 sy=10.15 split=1.000,0.875 ===
336.43589|I|libbeamng.print:18052| === LSTM_OBS t=260 0.01697,0.01671,3.79156,7.54357,0.23491,10.15389,-9.84366,-0.09034,0.00000,0.00000,0.00169,1.00000,0.00000,0.00210,-0.00526,2335.37639,0.25000 ===
336.48639|I|libbeamng.print:18052| === LSTM_TRACE t=270 v=13.45 ws=0.01,0.01,2.78,6.66 cmd=0.991,0.990,0.919,0.919 cap=3073,3068,1700,1700 des=3073,3068,1488,1488 app=3073,3068,1488,1488 abs=nil,nil,nil,nil ebrake=1.00 ibrake=1.00 hasABS=0 sy=10.04 split=1.000,0.875 ===
336.48647|I|libbeamng.print:18052| === LSTM_OBS t=270 0.00802,0.01003,2.78286,6.65928,0.20921,10.03715,-9.81605,-0.07979,0.00000,0.00000,0.00069,1.00000,0.00000,0.00264,-0.00485,2104.51397,0.25000 ===
336.53591|I|libbeamng.print:18052| === LSTM_TRACE t=280 v=12.97 ws=0.01,0.02,0.98,6.70 cmd=0.991,0.989,0.918,0.918 cap=3072,3066,1700,1700 des=3072,3066,1488,1488 app=3072,3066,1488,1488 abs=nil,nil,nil,nil ebrake=1.00 ibrake=1.00 hasABS=0 sy=9.99 split=1.000,0.875 ===
336.53597|I|libbeamng.print:18052| === LSTM_OBS t=280 0.00577,0.01650,0.98064,6.70210,0.24737,9.98923,-9.74760,-0.09138,0.00000,0.00000,0.00091,1.00000,0.00000,0.00252,-0.00459,1881.76656,0.25000 ===
336.58665|I|libbeamng.print:18052| === LSTM_TRACE t=290 v=12.45 ws=0.02,0.01,1.35,5.87 cmd=0.992,0.989,0.918,0.912 cap=3074,3067,1700,1700 des=3074,3067,1488,1488 app=3074,3067,1488,1488 abs=nil,nil,nil,nil ebrake=1.00 ibrake=1.00 hasABS=0 sy=10.03 split=1.000,0.875 ===
336.58677|I|libbeamng.print:18052| === LSTM_OBS t=290 0.02269,0.01160,1.35141,5.87293,0.29109,10.03412,-9.77922,-0.08420,0.00000,0.00000,0.00000,1.00000,0.00000,0.00208,-0.00432,1664.79740,0.25000 ===
336.63614|I|libbeamng.print:18052| === LSTM_TRACE t=300 v=11.94 ws=0.02,0.01,0.08,5.97 cmd=0.993,0.991,0.915,0.911 cap=3079,3073,1700,1700 des=3079,3073,1488,1488 app=3079,3073,1488,1488 abs=nil,nil,nil,nil ebrake=1.00 ibrake=1.00 hasABS=0 sy=10.09 split=1.000,0.875 ===
336.63621|I|libbeamng.print:18052| === LSTM_OBS t=300 0.01906,0.00709,0.08000,5.96704,0.32239,10.09048,-9.79306,-0.08194,0.00000,0.00000,0.00069,1.00000,0.00000,0.00246,-0.00477,1448.51225,0.25000 ===
336.68568|I|libbeamng.print:18052| === LSTM_TRACE t=310 v=11.43 ws=0.02,0.01,0.02,5.05 cmd=0.994,0.992,0.912,0.909 cap=3082,3076,1700,1700 des=3082,3076,1488,1488 app=3082,3076,1488,1488 abs=nil,nil,nil,nil ebrake=1.00 ibrake=1.00 hasABS=0 sy=10.09 split=1.000,0.875 ===
336.68574|I|libbeamng.print:18052| === LSTM_OBS t=310 0.01832,0.00753,0.01735,5.04989,0.37864,10.09313,-9.78536,-0.08407,0.00000,0.00000,0.00085,1.00000,0.00000,0.00218,-0.00492,1229.61620,0.25000 ===
336.73623|I|libbeamng.print:18052| === LSTM_TRACE t=320 v=10.91 ws=0.01,0.01,0.00,3.81 cmd=0.995,0.994,0.907,0.905 cap=3086,3081,1700,1700 des=3086,3081,1488,1488 app=3086,3081,1488,1488 abs=nil,nil,nil,nil ebrake=1.00 ibrake=1.00 hasABS=0 sy=10.18 split=1.000,0.875 ===
336.73631|I|libbeamng.print:18052| === LSTM_OBS t=320 0.00996,0.00572,0.00169,3.80645,0.41830,10.17692,-9.82542,-0.08344,0.00000,0.00000,0.00115,1.00000,0.00000,0.00190,-0.00553,1038.36870,0.25000 ===
336.78647|I|libbeamng.print:18052| === LSTM_TRACE t=330 v=10.38 ws=0.00,0.00,0.10,2.28 cmd=0.996,0.995,0.903,0.902 cap=3088,3083,1700,1700 des=3088,3083,1488,1488 app=3088,3083,1488,1488 abs=nil,nil,nil,nil ebrake=1.00 ibrake=1.00 hasABS=0 sy=10.20 split=1.000,0.875 ===
336.78654|I|libbeamng.print:18052| === LSTM_OBS t=330 0.00291,0.00198,0.10211,2.28498,0.46936,10.20038,-9.82642,-0.07875,0.00000,0.00000,0.00049,1.00000,0.00000,0.00162,-0.00647,851.78967,0.25000 ===
336.83557|I|libbeamng.print:18052| === LSTM_TRACE t=340 v=9.91 ws=0.01,0.00,0.10,0.12 cmd=0.997,0.996,0.901,0.901 cap=3090,3086,1700,1700 des=3090,3086,1488,1488 app=3090,3086,1488,1488 abs=nil,nil,nil,nil ebrake=1.00 ibrake=1.00 hasABS=0 sy=10.15 split=1.000,0.875 ===
336.83574|I|libbeamng.print:18052| === LSTM_OBS t=340 0.00771,0.00004,0.10068,0.12079,0.47466,10.14831,-9.78031,-0.08588,0.00000,0.00000,0.00234,1.00000,0.00000,0.00137,-0.00721,740.20274,0.25000 ===
336.88574|I|libbeamng.print:18052| === LSTM_TRACE t=350 v=9.40 ws=0.01,0.01,0.03,0.02 cmd=0.997,0.996,0.901,0.901 cap=3091,3087,1700,1700 des=3091,3087,1488,1488 app=3091,3087,1488,1488 abs=nil,nil,nil,nil ebrake=1.00 ibrake=1.00 hasABS=0 sy=10.07 split=1.000,0.875 ===
336.88580|I|libbeamng.print:18052| === LSTM_OBS t=350 0.00604,0.00864,0.03063,0.02173,0.47559,10.07139,-9.73450,-0.07436,0.00000,0.00000,0.00134,1.00000,0.00000,0.00127,-0.00722,724.65681,0.25000 ===
336.93591|I|libbeamng.print:18052| === LSTM_TRACE t=360 v=8.90 ws=0.01,0.00,0.01,0.01 cmd=0.997,0.996,0.900,0.901 cap=3091,3088,1700,1700 des=3091,3088,1488,1488 app=3091,3088,1488,1488 abs=nil,nil,nil,nil ebrake=1.00 ibrake=1.00 hasABS=0 sy=10.05 split=1.000,0.875 ===
336.93598|I|libbeamng.print:18052| === LSTM_OBS t=360 0.00509,0.00036,0.01402,0.00760,0.50246,10.05441,-9.68592,-0.07238,0.00000,0.00000,0.00134,1.00000,0.00000,0.00083,-0.00720,723.57515,0.25000 ===
336.98728|I|libbeamng.print:18052| === LSTM_TRACE t=370 v=8.39 ws=0.00,0.00,0.01,0.03 cmd=0.997,0.996,0.900,0.902 cap=3091,3088,1700,1700 des=3091,3088,1488,1488 app=3091,3088,1488,1488 abs=nil,nil,nil,nil ebrake=1.00 ibrake=1.00 hasABS=0 sy=10.08 split=1.000,0.875 ===
336.98734|I|libbeamng.print:18052| === LSTM_OBS t=370 0.00300,0.00040,0.01015,0.02523,0.52748,10.08031,-9.67876,-0.06525,0.00000,0.00000,0.00124,1.00000,0.00000,0.00032,-0.00711,720.48746,0.25000 ===
337.03598|I|libbeamng.print:18052| === LSTM_TRACE t=380 v=7.87 ws=0.00,0.00,0.03,0.00 cmd=0.997,0.996,0.899,0.902 cap=3092,3088,1700,1700 des=3092,3088,1488,1488 app=3092,3088,1488,1488 abs=nil,nil,nil,nil ebrake=1.00 ibrake=1.00 hasABS=0 sy=10.13 split=1.000,0.875 ===
337.03605|I|libbeamng.print:18052| === LSTM_OBS t=380 0.00029,0.00375,0.02986,0.00367,0.55746,10.13292,-9.67745,-0.06040,0.00000,0.00000,0.00134,1.00000,0.00000,0.00005,-0.00713,724.40527,0.25000 ===
337.08615|I|libbeamng.print:18052| === LSTM_TRACE t=390 v=7.35 ws=0.01,0.00,0.02,0.00 cmd=0.997,0.996,0.899,0.902 cap=3092,3088,1700,1700 des=3092,3088,1488,1488 app=3092,3088,1488,1488 abs=nil,nil,nil,nil ebrake=1.00 ibrake=1.00 hasABS=0 sy=10.21 split=1.000,0.875 ===
337.08621|I|libbeamng.print:18052| === LSTM_OBS t=390 0.00581,0.00227,0.01789,0.00052,0.59388,10.21036,-9.68911,-0.05691,0.00000,0.00000,0.00142,1.00000,0.00000,-0.00015,-0.00718,722.40000,0.25000 ===
337.13898|I|libbeamng.print:18052| === LSTM_TRACE t=400 v=6.81 ws=0.00,0.00,0.09,0.01 cmd=0.997,0.996,0.898,0.901 cap=3091,3088,1700,1700 des=3091,3088,1488,1488 app=3091,3087,1488,1488 abs=nil,nil,nil,nil ebrake=1.00 ibrake=1.00 hasABS=0 sy=10.32 split=1.000,0.875 ===
337.13908|I|libbeamng.print:18052| === LSTM_OBS t=400 0.00096,0.00036,0.09391,0.00646,0.63261,10.31762,-9.70131,-0.05276,0.00000,0.00000,0.00154,1.00000,0.00000,-0.00037,-0.00733,726.29616,0.25000 ===
337.18925|I|libbeamng.print:18052| === LSTM_TRACE t=410 v=6.27 ws=0.00,0.00,0.13,0.00 cmd=0.997,0.996,0.896,0.901 cap=3091,3087,1700,1700 des=3091,3087,1488,1488 app=3091,3086,1488,1488 abs=nil,nil,nil,nil ebrake=1.00 ibrake=1.00 hasABS=0 sy=10.43 split=1.000,0.875 ===
337.18932|I|libbeamng.print:18052| === LSTM_OBS t=410 0.00394,0.00163,0.13016,0.00151,0.67606,10.42777,-9.71635,-0.04923,0.00000,0.00000,0.00154,1.00000,0.00000,-0.00065,-0.00750,725.34726,0.25000 ===
337.23619|I|libbeamng.print:18052| === LSTM_TRACE t=420 v=5.73 ws=0.00,0.00,0.11,0.00 cmd=0.997,0.996,0.894,0.899 cap=3091,3087,1700,1700 des=3091,3087,1488,1488 app=3091,3085,1488,1488 abs=nil,nil,nil,nil ebrake=1.00 ibrake=1.00 hasABS=0 sy=10.52 split=1.000,0.875 ===
337.23624|I|libbeamng.print:18052| === LSTM_OBS t=420 0.00120,0.00193,0.11333,0.00444,0.71522,10.51892,-9.72247,-0.04565,0.00000,0.00000,0.00154,1.00000,0.00000,-0.00101,-0.00772,726.24481,0.25000 ===
337.28559|I|libbeamng.print:18052| === LSTM_TRACE t=430 v=5.19 ws=0.00,0.00,0.11,0.00 cmd=0.997,0.995,0.892,0.897 cap=3090,3086,1700,1700 des=3090,3086,1488,1488 app=3090,3083,1488,1488 abs=nil,nil,nil,nil ebrake=1.00 ibrake=1.00 hasABS=0 sy=10.60 split=1.000,0.875 ===
337.28564|I|libbeamng.print:18052| === LSTM_OBS t=430 0.00364,0.00048,0.11094,0.00182,0.75567,10.60152,-9.72979,-0.04340,0.00000,0.00000,0.00176,1.00000,0.00000,-0.00143,-0.00791,723.54988,0.25000 ===
337.33532|I|libbeamng.print:18052| === LSTM_TRACE t=440 v=4.64 ws=0.00,0.00,0.12,0.01 cmd=0.996,0.995,0.889,0.894 cap=3089,3085,1700,1700 des=3089,3085,1488,1488 app=3089,3081,1487,1488 abs=nil,nil,nil,nil ebrake=1.00 ibrake=1.00 hasABS=0 sy=10.67 split=1.000,0.875 ===
337.33536|I|libbeamng.print:18052| === LSTM_OBS t=440 0.00098,0.00240,0.11808,0.00972,0.78985,10.67428,-9.72907,-0.04129,0.00000,0.00000,0.00176,1.00000,0.00000,-0.00180,-0.00809,726.17966,0.25000 ===
337.38504|I|libbeamng.print:18052| === LSTM_TRACE t=450 v=4.09 ws=0.00,0.00,0.11,0.00 cmd=0.996,0.995,0.886,0.891 cap=3088,3084,1700,1700 des=3088,3084,1488,1488 app=3088,3080,1487,1488 abs=nil,nil,nil,nil ebrake=1.00 ibrake=1.00 hasABS=0 sy=10.75 split=1.000,0.875 ===
337.38509|I|libbeamng.print:18052| === LSTM_OBS t=450 0.00463,0.00032,0.10554,0.00265,0.82409,10.75408,-9.72607,-0.03948,0.00000,0.00000,0.00183,1.00000,0.00000,-0.00218,-0.00825,723.74915,0.25000 ===
337.43523|I|libbeamng.print:18052| === LSTM_TRACE t=460 v=3.53 ws=0.00,0.00,0.09,0.00 cmd=0.996,0.994,0.883,0.888 cap=3087,3082,1700,1700 des=3087,3082,1488,1488 app=3087,3078,1487,1488 abs=nil,nil,nil,nil ebrake=1.00 ibrake=1.00 hasABS=0 sy=10.84 split=1.000,0.875 ===
337.43527|I|libbeamng.print:18052| === LSTM_OBS t=460 0.00221,0.00123,0.08584,0.00411,0.85704,10.84436,-9.72099,-0.03803,0.00000,0.00000,0.00183,1.00000,0.00000,-0.00254,-0.00845,724.56815,0.25000 ===
337.48556|I|libbeamng.print:18052| === LSTM_TRACE t=470 v=2.97 ws=0.00,0.00,0.14,0.01 cmd=0.995,0.994,0.880,0.886 cap=3085,3081,1700,1700 des=3085,3081,1488,1488 app=3085,3076,1487,1488 abs=nil,nil,nil,nil ebrake=1.00 ibrake=1.00 hasABS=0 sy=10.93 split=1.000,0.875 ===
337.48560|I|libbeamng.print:18052| === LSTM_OBS t=470 0.00488,0.00040,0.13948,0.00953,0.88929,10.93245,-9.72384,-0.03656,0.00000,0.00000,0.00189,1.00000,0.00000,-0.00288,-0.00865,723.01122,0.25000 ===
337.53466|I|libbeamng.print:18052| === LSTM_TRACE t=480 v=2.39 ws=0.00,0.00,1.38,0.04 cmd=0.995,0.993,0.877,0.883 cap=3083,3078,1700,1700 des=3083,3078,1488,1488 app=3083,3073,1487,1488 abs=nil,nil,nil,nil ebrake=1.00 ibrake=1.00 hasABS=0 sy=11.08 split=1.000,0.875 ===
337.53473|I|libbeamng.print:18052| === LSTM_OBS t=480 0.00181,0.00228,1.38182,0.04361,0.91489,11.07594,-9.75161,-0.02314,0.00000,0.00000,0.00189,1.00000,0.00000,-0.00287,-0.00901,727.48344,0.25000 ===
337.58500|I|libbeamng.print:18052| === LSTM_TRACE t=490 v=1.80 ws=0.00,0.00,1.08,0.02 cmd=0.995,0.993,0.874,0.884 cap=3084,3079,1698,1700 des=3084,3079,1486,1488 app=3084,3073,1486,1488 abs=nil,nil,nil,nil ebrake=1.00 ibrake=1.00 hasABS=0 sy=11.25 split=1.000,0.875 ===
337.58508|I|libbeamng.print:18052| === LSTM_OBS t=490 0.00462,0.00208,1.08224,0.01543,1.01919,11.24562,-9.75674,-0.00312,0.00000,0.00000,0.00189,1.00000,0.00000,-0.00276,-0.00962,727.11203,0.25000 ===
337.63485|I|libbeamng.print:18052| === LSTM_TRACE t=500 v=1.23 ws=0.00,0.00,0.13,0.01 cmd=0.995,0.993,0.868,0.884 cap=3084,3079,1688,1700 des=3084,3079,1477,1488 app=3084,3072,1476,1488 abs=nil,nil,nil,nil ebrake=1.00 ibrake=1.00 hasABS=0 sy=11.31 split=1.000,0.875 ===
337.63489|I|libbeamng.print:18052| === LSTM_OBS t=500 0.00016,0.00109,0.13121,0.01440,1.08961,11.30681,-9.70097,-0.00307,0.00000,0.00000,0.00183,1.00000,0.00000,-0.00340,-0.01003,730.69998,0.25000 ===
337.68530|I|libbeamng.print:18052| === LSTM_TRACE t=510 v=0.65 ws=0.01,0.00,0.50,0.02 cmd=0.994,0.992,0.865,0.882 cap=3082,3076,1680,1700 des=3082,3076,1470,1488 app=3082,3069,1470,1488 abs=nil,nil,nil,nil ebrake=1.00 ibrake=1.00 hasABS=0 sy=11.34 split=1.000,0.875 ===
337.68535|I|libbeamng.print:18052| === LSTM_OBS t=510 0.00506,0.00056,0.50400,0.01635,1.06166,11.34116,-9.68591,-0.00210,0.00000,0.00000,0.00204,1.00000,0.00000,-0.00379,-0.01007,725.89996,0.25000 ===
368.16157|I|libbeamng.print:18052| === LSTM_TRACE t=0 v=27.71 ws=27.69,27.81,27.28,27.39 cmd=0.904,0.879,0.554,0.571 cap=155,155,97,97 des=155,155,85,85 app=155,154,85,85 abs=nil,nil,nil,nil ebrake=1.00 ibrake=1.00 hasABS=0 sy=1.58 split=1.000,0.875 ===
368.16161|I|libbeamng.print:18052| === LSTM_OBS t=0 27.68757,27.81481,27.28186,27.39179,0.00668,1.58110,-9.77844,-0.00109,0.00000,0.00000,0.00069,1.00000,0.00000,0.00075,-0.00906,7858.53929,0.25000 ===
368.21163|I|libbeamng.print:18052| === LSTM_TRACE t=10 v=27.43 ws=26.97,27.04,26.82,27.05 cmd=0.423,0.454,0.417,0.337 cap=1216,1303,817,643 des=1216,1303,715,563 app=1216,1295,712,563 abs=nil,nil,nil,nil ebrake=1.00 ibrake=1.00 hasABS=0 sy=2.25 split=1.000,0.875 ===
368.21167|I|libbeamng.print:18052| === LSTM_OBS t=10 26.97451,27.04424,26.82101,27.04905,0.03571,2.25326,-9.75604,-0.01251,0.00000,0.00000,0.00085,1.00000,0.00000,0.00078,-0.01012,7775.49461,0.25000 ===
368.23202|I|libbeamng.print:18052| === LSTM_ABS DBG raw=25.9885,26.0326,26.5968,26.6976,0.0169,2.7858,-9.7804,0.0066,0.0000,0.0000,0.0025,1.0000,0.0000,0.0009,-0.0109,7712.3706,0.2500 ===
368.23205|I|libbeamng.print:18052| === LSTM_ABS DBG norm=0.53,0.48,0.53,0.51,-0.14,-2.05,0.00,0.07,0.06,-0.06,0.01,0.59,-0.02,0.00,0.00,3.82,0.00 ===
368.23206|I|libbeamng.print:18052| === LSTM_ABS DBG cmd=0.5699,0.6188,0.4375,0.4211 ===
368.26119|I|libbeamng.print:18052| === LSTM_TRACE t=20 v=27.02 ws=24.90,24.47,26.21,26.16 cmd=0.719,0.765,0.506,0.570 cap=2194,2342,956,1070 des=2194,2342,837,936 app=2194,2333,835,936 abs=nil,nil,nil,nil ebrake=1.00 ibrake=1.00 hasABS=0 sy=3.67 split=1.000,0.875 ===
368.26123|I|libbeamng.print:18052| === LSTM_OBS t=20 24.89987,24.46831,26.20967,26.15668,0.02007,3.67334,-9.69349,-0.01011,0.00000,0.00000,0.00278,1.00000,0.00000,0.00073,-0.01245,7606.96525,0.25000 ===
368.31163|I|libbeamng.print:18052| === LSTM_TRACE t=30 v=26.48 ws=24.00,23.19,25.49,25.41 cmd=0.708,0.730,0.528,0.578 cap=2240,2306,1042,1145 des=2240,2306,912,1002 app=2240,2301,911,1002 abs=nil,nil,nil,nil ebrake=1.00 ibrake=1.00 hasABS=0 sy=5.52 split=1.000,0.875 ===
368.31167|I|libbeamng.print:18052| === LSTM_OBS t=30 23.99730,23.19042,25.49030,25.41056,0.06679,5.52407,-9.49068,-0.01544,0.00000,0.00000,0.00254,1.00000,0.00000,0.00099,-0.01561,7400.59354,0.25000 ===
368.36165|I|libbeamng.print:18052| === LSTM_TRACE t=40 v=25.93 ws=24.00,23.47,24.96,24.79 cmd=0.740,0.760,0.560,0.616 cap=2274,2336,1068,1177 des=2274,2336,935,1030 app=2274,2335,935,1030 abs=nil,nil,nil,nil ebrake=1.00 ibrake=1.00 hasABS=0 sy=7.04 split=1.000,0.875 ===
368.36169|I|libbeamng.print:18052| === LSTM_OBS t=40 24.00479,23.47199,24.96480,24.79113,0.06703,7.03552,-9.52694,0.00813,0.00000,0.00000,0.00229,1.00000,0.00000,0.00144,-0.01811,7203.28433,0.25000 ===
368.41184|I|libbeamng.print:18052| === LSTM_TRACE t=50 v=25.34 ws=23.34,23.55,24.30,24.11 cmd=0.741,0.762,0.624,0.668 cap=2319,2377,1193,1283 des=2319,2377,1043,1123 app=2319,2377,1043,1123 abs=nil,nil,nil,nil ebrake=1.00 ibrake=1.00 hasABS=0 sy=8.24 split=1.000,0.875 ===
368.41188|I|libbeamng.print:18052| === LSTM_OBS t=50 23.34301,23.54804,24.30152,24.11168,0.06393,8.24378,-9.62312,-0.01733,0.00000,0.00000,0.00335,1.00000,0.00000,0.00162,-0.01976,7017.53068,0.25000 ===
368.46122|I|libbeamng.print:18052| === LSTM_TRACE t=60 v=24.76 ws=22.61,22.63,23.56,23.36 cmd=0.784,0.799,0.704,0.731 cap=2369,2420,1337,1392 des=2369,2420,1170,1218 app=2369,2420,1170,1218 abs=nil,nil,nil,nil ebrake=1.00 ibrake=1.00 hasABS=0 sy=9.22 split=1.000,0.875 ===
368.46126|I|libbeamng.print:18052| === LSTM_OBS t=60 22.60548,22.62881,23.56392,23.36008,0.09502,9.21654,-9.67041,0.00291,0.00000,0.00000,0.00318,1.00000,0.00000,0.00128,-0.02072,6817.13086,0.25000 ===
368.51190|I|libbeamng.print:18052| === LSTM_TRACE t=70 v=24.18 ws=21.59,21.66,22.80,22.45 cmd=0.752,0.762,0.705,0.728 cap=2443,2467,1389,1431 des=2443,2467,1215,1252 app=2443,2467,1215,1252 abs=nil,nil,nil,nil ebrake=1.00 ibrake=1.00 hasABS=0 sy=9.97 split=1.000,0.875 ===
368.51194|I|libbeamng.print:18052| === LSTM_OBS t=70 21.58739,21.66452,22.79515,22.45288,0.10863,9.97266,-9.68222,-0.00895,0.00000,0.00000,0.00315,1.00000,0.00000,0.00102,-0.02099,6595.82536,0.25000 ===
368.56130|I|libbeamng.print:18052| === LSTM_TRACE t=80 v=23.58 ws=20.62,20.96,22.10,21.68 cmd=0.817,0.816,0.742,0.761 cap=2318,2335,1397,1441 des=2318,2335,1222,1261 app=2318,2335,1222,1261 abs=nil,nil,nil,nil ebrake=1.00 ibrake=1.00 hasABS=0 sy=10.52 split=1.000,0.875 ===
368.56134|I|libbeamng.print:18052| === LSTM_OBS t=80 20.61557,20.96172,22.09648,21.68231,0.11443,10.52321,-9.65704,0.00380,0.00000,0.00000,0.00293,1.00000,0.00000,0.00093,-0.02069,6372.92069,0.25000 ===
368.61180|I|libbeamng.print:18052| === LSTM_TRACE t=90 v=22.99 ws=19.20,19.73,21.41,20.86 cmd=0.754,0.751,0.717,0.736 cap=2415,2407,1428,1461 des=2415,2407,1250,1278 app=2415,2407,1250,1278 abs=nil,nil,nil,nil ebrake=1.00 ibrake=1.00 hasABS=0 sy=10.92 split=1.000,0.875 ===
368.61184|I|libbeamng.print:18052| === LSTM_OBS t=90 19.19972,19.73289,21.41015,20.86493,0.12536,10.92000,-9.63175,-0.00805,0.00000,0.00000,0.00335,1.00000,0.00000,0.00089,-0.02001,6158.09642,0.25000 ===
368.66150|I|libbeamng.print:18052| === LSTM_TRACE t=100 v=22.40 ws=17.54,18.93,20.82,20.14 cmd=0.800,0.791,0.761,0.770 cap=2353,2344,1488,1513 des=2353,2344,1302,1324 app=2353,2344,1302,1324 abs=nil,nil,nil,nil ebrake=1.00 ibrake=1.00 hasABS=0 sy=11.18 split=1.000,0.875 ===
368.66154|I|libbeamng.print:18052| === LSTM_OBS t=100 17.54198,18.93156,20.82475,20.14173,0.10517,11.18168,-9.59518,-0.00042,0.00000,0.00000,0.00305,1.00000,0.00000,0.00112,-0.01932,5948.66500,0.25000 ===
368.71174|I|libbeamng.print:18052| === LSTM_TRACE t=110 v=21.82 ws=15.42,18.59,19.92,19.39 cmd=0.804,0.789,0.762,0.763 cap=2529,2500,1572,1579 des=2529,2500,1376,1382 app=2487,2489,1376,1382 abs=nil,nil,nil,nil ebrake=1.00 ibrake=1.00 hasABS=0 sy=11.32 split=1.000,0.875 ===
368.71178|I|libbeamng.print:18052| === LSTM_OBS t=110 15.42054,18.59290,19.91625,19.38864,0.07772,11.31993,-9.58352,-0.01216,0.00000,0.00000,0.00198,1.00000,0.00000,0.00121,-0.01865,5737.69518,0.25000 ===
368.76167|I|libbeamng.print:18052| === LSTM_TRACE t=120 v=21.25 ws=12.45,18.71,19.01,18.73 cmd=0.746,0.738,0.819,0.820 cap=2033,2025,1521,1525 des=2033,2025,1331,1335 app=2033,2025,1331,1335 abs=nil,nil,nil,nil ebrake=1.00 ibrake=1.00 hasABS=0 sy=11.37 split=1.000,0.875 ===
368.76171|I|libbeamng.print:18052| === LSTM_OBS t=120 12.44962,18.71080,19.00910,18.72859,0.06286,11.36918,-9.55812,-0.01374,0.00000,0.00000,0.00261,1.00000,0.00000,0.00121,-0.01794,5517.01557,0.25000 ===
368.81159|I|libbeamng.print:18052| === LSTM_TRACE t=130 v=20.69 ws=9.25,19.61,18.11,17.98 cmd=0.731,0.717,0.821,0.818 cap=2146,2126,1613,1608 des=2146,2126,1412,1407 app=2146,2126,1412,1407 abs=nil,nil,nil,nil ebrake=1.00 ibrake=1.00 hasABS=0 sy=11.36 split=1.000,0.875 ===
368.81163|I|libbeamng.print:18052| === LSTM_OBS t=130 9.25488,19.61168,18.11085,17.97655,0.07026,11.35740,-9.53747,-0.02312,0.00000,0.00000,0.00210,1.00000,0.00000,0.00114,-0.01706,5287.09738,0.25000 ===
368.86221|I|libbeamng.print:18052| === LSTM_TRACE t=140 v=20.16 ws=6.90,19.41,17.07,17.16 cmd=0.627,0.619,0.817,0.819 cap=2046,2010,1603,1596 des=2046,2010,1402,1396 app=2046,2010,1402,1396 abs=nil,nil,nil,nil ebrake=1.00 ibrake=1.00 hasABS=0 sy=11.22 split=1.000,0.875 ===
368.86225|I|libbeamng.print:18052| === LSTM_OBS t=140 6.90371,19.40794,17.07141,17.16127,0.07082,11.22362,-9.54272,-0.02663,0.00000,0.00000,0.00224,1.00000,0.00000,0.00078,-0.01594,5053.18434,0.25000 ===
368.91155|I|libbeamng.print:18052| === LSTM_TRACE t=150 v=19.63 ws=5.17,18.77,16.39,16.43 cmd=0.623,0.625,0.832,0.840 cap=1723,1740,1582,1596 des=1723,1740,1384,1396 app=1723,1740,1384,1396 abs=nil,nil,nil,nil ebrake=1.00 ibrake=1.00 hasABS=0 sy=11.01 split=1.000,0.875 ===
368.91160|I|libbeamng.print:18052| === LSTM_OBS t=150 5.17466,18.76832,16.39354,16.42631,0.08132,11.00584,-9.52899,-0.02121,0.00000,0.00000,0.00069,1.00000,0.00000,0.00032,-0.01455,4822.80545,0.25000 ===
368.96186|I|libbeamng.print:18052| === LSTM_TRACE t=160 v=19.09 ws=3.91,18.20,16.25,15.20 cmd=0.663,0.662,0.821,0.831 cap=1999,2000,1594,1620 des=1999,2000,1395,1417 app=1999,2000,1395,1417 abs=nil,nil,nil,nil ebrake=1.00 ibrake=1.00 hasABS=0 sy=10.91 split=1.000,0.875 ===
368.96191|I|libbeamng.print:18052| === LSTM_OBS t=160 3.91399,18.19700,16.24617,15.20434,0.08298,10.90757,-9.62843,-0.01798,0.00000,0.00000,0.00085,1.00000,0.00000,0.00044,-0.01300,4606.00686,0.25000 ===
369.01212|I|libbeamng.print:18052| === LSTM_TRACE t=170 v=18.56 ws=2.05,17.15,14.39,13.68 cmd=0.472,0.506,0.851,0.856 cap=2144,2132,1574,1583 des=2144,2132,1378,1385 app=2144,2132,1378,1385 abs=nil,nil,nil,nil ebrake=1.00 ibrake=1.00 hasABS=0 sy=10.83 split=1.000,0.875 ===
369.01221|I|libbeamng.print:18052| === LSTM_OBS t=170 2.04575,17.15134,14.38958,13.68149,0.08950,10.83148,-9.77277,-0.01910,0.00000,0.00000,0.00234,1.00000,0.00000,0.00179,-0.01142,4412.93155,0.25000 ===
369.06148|I|libbeamng.print:18052| === LSTM_TRACE t=180 v=18.06 ws=0.12,16.90,12.31,12.42 cmd=0.758,0.755,0.866,0.870 cap=1975,2001,1659,1677 des=1975,2001,1452,1468 app=1975,2001,1452,1468 abs=nil,nil,nil,nil ebrake=1.00 ibrake=1.00 hasABS=0 sy=10.72 split=1.000,0.875 ===
369.06152|I|libbeamng.print:18052| === LSTM_OBS t=180 0.11600,16.90181,12.31407,12.41534,0.15723,10.71930,-9.75245,-0.04367,0.00000,0.00000,0.00085,1.00000,0.00000,0.00278,-0.01025,4210.34850,0.25000 ===
369.11180|I|libbeamng.print:18052| === LSTM_TRACE t=190 v=17.52 ws=0.14,14.46,10.05,11.34 cmd=0.859,0.847,0.876,0.874 cap=2635,2609,1700,1700 des=2635,2609,1488,1488 app=2635,2609,1488,1488 abs=nil,nil,nil,nil ebrake=1.00 ibrake=1.00 hasABS=0 sy=10.65 split=1.000,0.875 ===
369.11184|I|libbeamng.print:18052| === LSTM_OBS t=190 0.14148,14.46410,10.04888,11.34324,0.21598,10.65033,-9.67826,-0.04497,0.00000,0.00000,0.00433,1.00000,0.00000,0.00312,-0.00951,3984.27713,0.25000 ===
369.16138|I|libbeamng.print:18052| === LSTM_TRACE t=200 v=17.00 ws=0.04,10.54,8.19,10.62 cmd=0.812,0.803,0.878,0.875 cap=2514,2487,1696,1692 des=2514,2487,1484,1481 app=2514,2487,1484,1481 abs=nil,nil,nil,nil ebrake=1.00 ibrake=1.00 hasABS=0 sy=10.62 split=1.000,0.875 ===
369.16142|I|libbeamng.print:18052| === LSTM_OBS t=200 0.03849,10.53923,8.19098,10.62351,0.24716,10.62413,-9.64609,-0.06709,0.00000,0.00000,0.00411,1.00000,0.00000,0.00307,-0.00909,3740.49675,0.25000 ===
369.21191|I|libbeamng.print:18052| === LSTM_TRACE t=210 v=16.48 ws=0.00,4.09,6.13,10.28 cmd=0.895,0.888,0.881,0.871 cap=2721,2696,1700,1683 des=2721,2696,1488,1472 app=2721,2696,1488,1472 abs=nil,nil,nil,nil ebrake=1.00 ibrake=1.00 hasABS=0 sy=10.54 split=1.000,0.875 ===
369.21196|I|libbeamng.print:18052| === LSTM_OBS t=210 0.00345,4.08598,6.13155,10.27703,0.23334,10.54152,-9.69174,-0.07591,0.00000,0.00000,0.00398,1.00000,0.00000,0.00302,-0.00862,3488.63262,0.25000 ===
369.26150|I|libbeamng.print:18052| === LSTM_TRACE t=220 v=15.98 ws=0.02,0.22,4.80,9.90 cmd=0.988,0.985,0.909,0.889 cap=3061,3051,1700,1700 des=3061,3051,1488,1488 app=3061,3051,1488,1488 abs=nil,nil,nil,nil ebrake=1.00 ibrake=1.00 hasABS=0 sy=10.41 split=1.000,0.875 ===
369.26155|I|libbeamng.print:18052| === LSTM_OBS t=220 0.02452,0.22205,4.80417,9.90081,0.24385,10.41112,-9.71183,-0.07465,0.00000,0.00000,0.00318,1.00000,0.00000,0.00260,-0.00797,3241.43171,0.25000 ===
369.31145|I|libbeamng.print:18052| === LSTM_TRACE t=230 v=15.49 ws=0.02,0.13,3.29,9.71 cmd=0.992,0.990,0.908,0.919 cap=3073,3067,1700,1700 des=3073,3067,1488,1488 app=3073,3067,1488,1488 abs=nil,nil,nil,nil ebrake=1.00 ibrake=1.00 hasABS=0 sy=10.24 split=1.000,0.875 ===
369.31150|I|libbeamng.print:18052| === LSTM_OBS t=230 0.02426,0.13099,3.29163,9.71446,0.17113,10.24100,-9.79408,-0.07104,0.00000,0.00000,0.00315,1.00000,0.00000,0.00348,-0.00727,3010.33738,0.25000 ===
369.36117|I|libbeamng.print:18052| === LSTM_TRACE t=240 v=15.03 ws=0.04,0.05,2.06,10.67 cmd=0.994,0.992,0.907,0.931 cap=3082,3077,1700,1700 des=3082,3077,1488,1488 app=3082,3077,1488,1488 abs=nil,nil,nil,nil ebrake=1.00 ibrake=1.00 hasABS=0 sy=10.11 split=1.000,0.875 ===
369.36123|I|libbeamng.print:18052| === LSTM_OBS t=240 0.04193,0.05140,2.06381,10.66545,0.26331,10.11178,-9.80049,-0.08160,0.00000,0.00000,0.00364,1.00000,0.00000,0.00366,-0.00675,2781.29970,0.25000 ===
369.41155|I|libbeamng.print:18052| === LSTM_TRACE t=250 v=14.53 ws=0.02,0.04,0.87,10.74 cmd=0.994,0.992,0.909,0.934 cap=3083,3077,1700,1700 des=3083,3077,1488,1488 app=3083,3077,1488,1488 abs=nil,nil,nil,nil ebrake=1.00 ibrake=1.00 hasABS=0 sy=10.03 split=1.000,0.875 ===
369.41159|I|libbeamng.print:18052| === LSTM_OBS t=250 0.02341,0.03685,0.86720,10.74438,0.30594,10.02995,-9.79171,-0.07823,0.00000,0.00000,0.00378,1.00000,0.00000,0.00344,-0.00645,2560.20332,0.25000 ===
369.46160|I|libbeamng.print:18052| === LSTM_TRACE t=260 v=14.03 ws=0.00,0.01,0.21,10.51 cmd=0.993,0.991,0.909,0.933 cap=3080,3073,1700,1700 des=3080,3073,1488,1488 app=3080,3073,1488,1488 abs=nil,nil,nil,nil ebrake=1.00 ibrake=1.00 hasABS=0 sy=9.96 split=1.000,0.875 ===
369.46164|I|libbeamng.print:18052| === LSTM_OBS t=260 0.00013,0.01404,0.21297,10.50829,0.30226,9.95933,-9.77607,-0.08046,0.00000,0.00000,0.00472,1.00000,0.00000,0.00333,-0.00610,2334.61817,0.25000 ===
369.51162|I|libbeamng.print:18052| === LSTM_TRACE t=270 v=13.53 ws=0.01,0.02,0.01,9.52 cmd=0.993,0.991,0.912,0.927 cap=3079,3071,1700,1700 des=3079,3071,1488,1488 app=3079,3071,1488,1488 abs=nil,nil,nil,nil ebrake=1.00 ibrake=1.00 hasABS=0 sy=9.97 split=1.000,0.875 ===
369.51166|I|libbeamng.print:18052| === LSTM_OBS t=270 0.00807,0.02276,0.01275,9.52015,0.31179,9.96692,-9.82756,-0.07177,0.00000,0.00000,0.00354,1.00000,0.00000,0.00345,-0.00594,2144.11884,0.25000 ===
369.56138|I|libbeamng.print:18052| === LSTM_TRACE t=280 v=13.03 ws=0.00,0.01,0.09,8.35 cmd=0.994,0.991,0.914,0.924 cap=3080,3073,1700,1700 des=3080,3073,1488,1488 app=3080,3073,1488,1488 abs=nil,nil,nil,nil ebrake=1.00 ibrake=1.00 hasABS=0 sy=9.97 split=1.000,0.875 ===
369.56141|I|libbeamng.print:18052| === LSTM_OBS t=280 0.00072,0.01230,0.09238,8.34629,0.35011,9.96704,-9.81621,-0.06464,0.00000,0.00000,0.00301,1.00000,0.00000,0.00364,-0.00623,1947.74613,0.25000 ===
369.61188|I|libbeamng.print:18052| === LSTM_TRACE t=290 v=12.54 ws=0.01,0.01,0.09,7.47 cmd=0.994,0.992,0.912,0.919 cap=3081,3074,1700,1700 des=3081,3074,1488,1488 app=3081,3074,1488,1488 abs=nil,nil,nil,nil ebrake=1.00 ibrake=1.00 hasABS=0 sy=9.95 split=1.000,0.875 ===
369.61192|I|libbeamng.print:18052| === LSTM_OBS t=290 0.00523,0.00523,0.09268,7.46594,0.39267,9.95322,-9.79773,-0.06595,0.00000,0.00000,0.00326,1.00000,0.00000,0.00379,-0.00655,1748.08529,0.25000 ===
369.66127|I|libbeamng.print:18052| === LSTM_TRACE t=300 v=12.04 ws=0.00,0.00,0.04,6.38 cmd=0.994,0.992,0.906,0.912 cap=3082,3075,1700,1700 des=3082,3075,1488,1488 app=3082,3075,1488,1488 abs=nil,nil,nil,nil ebrake=1.00 ibrake=1.00 hasABS=0 sy=9.92 split=1.000,0.875 ===
369.66131|I|libbeamng.print:18052| === LSTM_OBS t=300 0.00128,0.00272,0.03596,6.38072,0.41472,9.91777,-9.77703,-0.06517,0.00000,0.00000,0.00364,1.00000,0.00000,0.00368,-0.00670,1542.01353,0.25000 ===
369.71146|I|libbeamng.print:18052| === LSTM_TRACE t=310 v=11.55 ws=0.00,0.00,0.01,5.33 cmd=0.994,0.992,0.899,0.908 cap=3083,3075,1700,1700 des=3083,3075,1488,1488 app=3083,3075,1488,1488 abs=nil,nil,nil,nil ebrake=1.00 ibrake=1.00 hasABS=0 sy=9.90 split=1.000,0.875 ===
369.71150|I|libbeamng.print:18052| === LSTM_OBS t=310 0.00096,0.00091,0.01085,5.32591,0.44002,9.90000,-9.75756,-0.06749,0.00000,0.00000,0.00389,1.00000,0.00000,0.00369,-0.00670,1329.35234,0.25000 ===
369.76140|I|libbeamng.print:18052| === LSTM_TRACE t=320 v=11.03 ws=0.02,0.01,0.01,4.20 cmd=0.995,0.993,0.896,0.905 cap=3084,3077,1700,1700 des=3084,3077,1488,1488 app=3084,3077,1488,1488 abs=nil,nil,nil,nil ebrake=1.00 ibrake=1.00 hasABS=0 sy=9.94 split=1.000,0.875 ===
369.76144|I|libbeamng.print:18052| === LSTM_OBS t=320 0.01961,0.00548,0.00777,4.19902,0.46999,9.94373,-9.74418,-0.06106,0.00000,0.00000,0.00384,1.00000,0.00000,0.00329,-0.00690,1130.81740,0.25000 ===
369.81207|I|libbeamng.print:18052| === LSTM_TRACE t=330 v=10.55 ws=0.00,0.01,0.01,3.27 cmd=0.996,0.994,0.895,0.903 cap=3087,3081,1700,1700 des=3087,3081,1488,1488 app=3087,3081,1488,1488 abs=nil,nil,nil,nil ebrake=1.00 ibrake=1.00 hasABS=0 sy=9.98 split=1.000,0.875 ===
369.81211|I|libbeamng.print:18052| === LSTM_OBS t=330 0.00445,0.00525,0.00591,3.27307,0.45364,9.98358,-9.77663,-0.06115,0.00000,0.00000,0.00435,1.00000,0.00000,0.00288,-0.00746,941.27004,0.25000 ===
369.86137|I|libbeamng.print:18052| === LSTM_TRACE t=340 v=10.04 ws=0.01,0.00,0.06,1.03 cmd=0.997,0.995,0.898,0.901 cap=3089,3084,1700,1700 des=3089,3084,1488,1488 app=3089,3084,1488,1488 abs=nil,nil,nil,nil ebrake=1.00 ibrake=1.00 hasABS=0 sy=9.98 split=1.000,0.875 ===
369.86148|I|libbeamng.print:18052| === LSTM_OBS t=340 0.00826,0.00166,0.05698,1.02542,0.49565,9.98203,-9.77600,-0.05238,0.00000,0.00000,0.00307,1.00000,0.00000,0.00257,-0.00828,772.35443,0.25000 ===
369.91201|I|libbeamng.print:18052| === LSTM_TRACE t=350 v=9.55 ws=0.00,0.01,0.03,0.45 cmd=0.997,0.995,0.898,0.904 cap=3091,3086,1700,1700 des=3091,3086,1488,1488 app=3091,3086,1488,1488 abs=nil,nil,nil,nil ebrake=1.00 ibrake=1.00 hasABS=0 sy=9.95 split=1.000,0.875 ===
369.91206|I|libbeamng.print:18052| === LSTM_OBS t=350 0.00247,0.00739,0.03061,0.45299,0.51459,9.95261,-9.72459,-0.06307,0.00000,0.00000,0.00530,1.00000,0.00000,0.00217,-0.00859,732.51947,0.25000 ===
369.96159|I|libbeamng.print:18052| === LSTM_TRACE t=360 v=9.05 ws=0.00,0.00,0.03,0.04 cmd=0.997,0.995,0.899,0.905 cap=3091,3086,1700,1700 des=3091,3086,1488,1488 app=3091,3086,1488,1488 abs=nil,nil,nil,nil ebrake=1.00 ibrake=1.00 hasABS=0 sy=9.94 split=1.000,0.875 ===
369.96163|I|libbeamng.print:18052| === LSTM_OBS t=360 0.00395,0.00479,0.03249,0.03578,0.51187,9.94315,-9.68862,-0.05499,0.00000,0.00000,0.00499,1.00000,0.00000,0.00170,-0.00860,729.83715,0.25000 ===
370.01196|I|libbeamng.print:18052| === LSTM_TRACE t=370 v=8.55 ws=0.00,0.01,0.00,0.01 cmd=0.997,0.996,0.899,0.906 cap=3091,3086,1700,1700 des=3091,3086,1488,1488 app=3091,3086,1488,1488 abs=nil,nil,nil,nil ebrake=1.00 ibrake=1.00 hasABS=0 sy=9.96 split=1.000,0.875 ===
370.01200|I|libbeamng.print:18052| === LSTM_OBS t=370 0.00081,0.00518,0.00175,0.01434,0.50956,9.96292,-9.67974,-0.05373,0.00000,0.00000,0.00467,1.00000,0.00000,0.00134,-0.00836,728.11719,0.25000 ===
370.06169|I|libbeamng.print:18052| === LSTM_TRACE t=380 v=8.03 ws=0.00,0.00,0.02,0.02 cmd=0.997,0.996,0.900,0.907 cap=3091,3087,1700,1700 des=3091,3087,1488,1488 app=3091,3087,1488,1488 abs=nil,nil,nil,nil ebrake=1.00 ibrake=1.00 hasABS=0 sy=10.02 split=1.000,0.875 ===
370.06173|I|libbeamng.print:18052| === LSTM_OBS t=380 0.00147,0.00171,0.01795,0.02166,0.52636,10.02181,-9.68014,-0.04998,0.00000,0.00000,0.00435,1.00000,0.00000,0.00100,-0.00813,729.35939,0.25000 ===
370.11171|I|libbeamng.print:18052| === LSTM_TRACE t=390 v=7.51 ws=0.00,0.00,0.00,0.03 cmd=0.997,0.996,0.900,0.907 cap=3092,3087,1700,1700 des=3092,3087,1488,1488 app=3092,3087,1488,1488 abs=nil,nil,nil,nil ebrake=1.00 ibrake=1.00 hasABS=0 sy=10.11 split=1.000,0.875 ===
370.11175|I|libbeamng.print:18052| === LSTM_OBS t=390 0.00197,0.00491,0.00097,0.02856,0.55313,10.10884,-9.69122,-0.04719,0.00000,0.00000,0.00465,1.00000,0.00000,0.00077,-0.00793,728.11312,0.25000 ===
370.16160|I|libbeamng.print:18052| === LSTM_TRACE t=400 v=6.98 ws=0.00,0.00,0.03,0.02 cmd=0.997,0.996,0.899,0.908 cap=3092,3087,1700,1700 des=3092,3087,1488,1488 app=3092,3087,1488,1488 abs=nil,nil,nil,nil ebrake=1.00 ibrake=1.00 hasABS=0 sy=10.22 split=1.000,0.875 ===
370.16164|I|libbeamng.print:18052| === LSTM_OBS t=400 0.00268,0.00082,0.03452,0.02430,0.59064,10.22042,-9.70502,-0.04458,0.00000,0.00000,0.00503,1.00000,0.00000,0.00059,-0.00786,729.83611,0.25000 ===
370.21159|I|libbeamng.print:18052| === LSTM_TRACE t=410 v=6.45 ws=0.00,0.00,0.06,0.02 cmd=0.997,0.996,0.899,0.908 cap=3092,3087,1700,1700 des=3092,3087,1488,1488 app=3092,3087,1488,1488 abs=nil,nil,nil,nil ebrake=1.00 ibrake=1.00 hasABS=0 sy=10.34 split=1.000,0.875 ===
370.21163|I|libbeamng.print:18052| === LSTM_OBS t=410 0.00053,0.00319,0.05593,0.01795,0.61950,10.33990,-9.72258,-0.04291,0.00000,0.00000,0.00522,1.00000,0.00000,0.00041,-0.00787,727.84227,0.25000 ===
370.26135|I|libbeamng.print:18052| === LSTM_TRACE t=420 v=5.90 ws=0.00,0.00,0.06,0.00 cmd=0.997,0.996,0.899,0.909 cap=3092,3087,1700,1700 des=3092,3087,1488,1488 app=3092,3087,1488,1488 abs=nil,nil,nil,nil ebrake=1.00 ibrake=1.00 hasABS=0 sy=10.46 split=1.000,0.875 ===
370.26139|I|libbeamng.print:18052| === LSTM_OBS t=420 0.00207,0.00376,0.06172,0.00181,0.64918,10.46068,-9.73110,-0.03913,0.00000,0.00000,0.00527,1.00000,0.00000,0.00023,-0.00799,728.79613,0.25000 ===
370.31143|I|libbeamng.print:18052| === LSTM_TRACE t=430 v=5.36 ws=0.00,0.00,0.04,0.01 cmd=0.997,0.996,0.899,0.909 cap=3092,3087,1700,1700 des=3092,3087,1488,1488 app=3092,3087,1488,1488 abs=nil,nil,nil,nil ebrake=1.00 ibrake=1.00 hasABS=0 sy=10.56 split=1.000,0.875 ===
370.31150|I|libbeamng.print:18052| === LSTM_OBS t=430 0.00011,0.00110,0.04103,0.00942,0.67959,10.55870,-9.74206,-0.03674,0.00000,0.00000,0.00525,1.00000,0.00000,0.00004,-0.00812,727.09714,0.25000 ===
370.36117|I|libbeamng.print:18052| === LSTM_TRACE t=440 v=4.82 ws=0.00,0.00,0.06,0.01 cmd=0.997,0.996,0.898,0.910 cap=3092,3087,1700,1700 des=3092,3087,1488,1488 app=3092,3087,1488,1488 abs=nil,nil,nil,nil ebrake=1.00 ibrake=1.00 hasABS=0 sy=10.65 split=1.000,0.875 ===
370.36121|I|libbeamng.print:18052| === LSTM_OBS t=440 0.00191,0.00037,0.05986,0.01212,0.71346,10.64594,-9.74260,-0.03510,0.00000,0.00000,0.00554,1.00000,0.00000,-0.00012,-0.00826,729.45817,0.25000 ===
370.41150|I|libbeamng.print:18052| === LSTM_TRACE t=450 v=4.26 ws=0.00,0.00,0.07,0.01 cmd=0.997,0.996,0.898,0.910 cap=3092,3087,1700,1700 des=3092,3087,1488,1488 app=3092,3087,1488,1488 abs=nil,nil,nil,nil ebrake=1.00 ibrake=1.00 hasABS=0 sy=10.74 split=1.000,0.875 ===
370.41155|I|libbeamng.print:18052| === LSTM_OBS t=450 0.00014,0.00366,0.07355,0.01186,0.74521,10.73689,-9.73785,-0.03351,0.00000,0.00000,0.00575,1.00000,0.00000,-0.00031,-0.00836,728.35431,0.25000 ===
370.46102|I|libbeamng.print:18052| === LSTM_TRACE t=460 v=3.70 ws=0.00,0.00,0.08,0.01 cmd=0.997,0.996,0.898,0.910 cap=3092,3087,1700,1700 des=3092,3087,1488,1488 app=3092,3087,1488,1488 abs=nil,nil,nil,nil ebrake=1.00 ibrake=1.00 hasABS=0 sy=10.84 split=1.000,0.875 ===
370.46106|I|libbeamng.print:18052| === LSTM_OBS t=460 0.00237,0.00231,0.07619,0.00503,0.77532,10.83732,-9.72749,-0.03133,0.00000,0.00000,0.00586,1.00000,0.00000,-0.00051,-0.00849,726.87831,0.25000 ===
370.51168|I|libbeamng.print:18052| === LSTM_TRACE t=470 v=3.14 ws=0.00,0.00,0.05,0.01 cmd=0.997,0.996,0.897,0.911 cap=3092,3087,1700,1700 des=3092,3087,1488,1488 app=3092,3086,1488,1488 abs=nil,nil,nil,nil ebrake=1.00 ibrake=1.00 hasABS=0 sy=10.94 split=1.000,0.875 ===
370.51173|I|libbeamng.print:18052| === LSTM_OBS t=470 0.00044,0.00220,0.04771,0.01374,0.80418,10.93893,-9.72340,-0.02991,0.00000,0.00000,0.00593,1.00000,0.00000,-0.00073,-0.00863,723.44406,0.25000 ===
370.56135|I|libbeamng.print:18052| === LSTM_TRACE t=480 v=2.57 ws=0.00,0.00,0.05,0.01 cmd=0.997,0.996,0.897,0.911 cap=3092,3087,1700,1700 des=3092,3087,1488,1488 app=3092,3086,1488,1488 abs=nil,nil,nil,nil ebrake=1.00 ibrake=1.00 hasABS=0 sy=11.03 split=1.000,0.875 ===
370.56139|I|libbeamng.print:18052| === LSTM_OBS t=480 0.00174,0.00025,0.05138,0.00715,0.82945,11.03171,-9.72039,-0.02739,0.00000,0.00000,0.00608,1.00000,0.00000,-0.00090,-0.00879,724.09967,0.25000 ===
370.61170|I|libbeamng.print:18052| === LSTM_TRACE t=490 v=2.00 ws=0.00,0.00,0.05,0.01 cmd=0.998,0.996,0.897,0.912 cap=3092,3087,1700,1700 des=3092,3087,1488,1488 app=3092,3086,1488,1488 abs=nil,nil,nil,nil ebrake=1.00 ibrake=1.00 hasABS=0 sy=11.12 split=1.000,0.875 ===
370.61174|I|libbeamng.print:18052| === LSTM_OBS t=490 0.00007,0.00220,0.04758,0.01094,0.85723,11.12363,-9.71995,-0.02548,0.00000,0.00000,0.00624,1.00000,0.00000,-0.00105,-0.00893,722.73643,0.25000 ===
370.66117|I|libbeamng.print:18052| === LSTM_TRACE t=500 v=1.43 ws=0.00,0.00,0.07,0.01 cmd=0.998,0.996,0.896,0.912 cap=3092,3087,1700,1700 des=3092,3087,1488,1488 app=3092,3086,1488,1488 abs=nil,nil,nil,nil ebrake=1.00 ibrake=1.00 hasABS=0 sy=11.22 split=1.000,0.875 ===
370.66121|I|libbeamng.print:18052| === LSTM_OBS t=500 0.00144,0.00158,0.07473,0.00686,0.88583,11.21643,-9.71586,-0.02273,0.00000,0.00000,0.00633,1.00000,0.00000,-0.00121,-0.00909,726.16436,0.25000 ===
370.71150|I|libbeamng.print:18052| === LSTM_TRACE t=510 v=0.83 ws=0.00,0.00,0.96,0.04 cmd=0.998,0.996,0.897,0.913 cap=3093,3087,1700,1700 des=3093,3087,1488,1488 app=3093,3086,1488,1488 abs=nil,nil,nil,nil ebrake=1.00 ibrake=1.00 hasABS=0 sy=11.35 split=1.000,0.875 ===
370.71154|I|libbeamng.print:18052| === LSTM_OBS t=510 0.00032,0.00281,0.96180,0.04379,0.91536,11.35459,-9.73001,-0.00683,0.00000,0.00000,0.00638,1.00000,0.00000,-0.00126,-0.00933,723.29554,0.25000 ===
374.92813|I|libbeamng.print:18052| === LSTM_ABS: lens 'band_g_mix_b1_y_s2' loaded (1 member, 17 in, 64 hidden, 2 layers) ===
374.92984|I|libbeamng.print:18052| === LSTM_ABS SELFTEST lens=band_g_mix_b1_y_s2 cmd=0.979218,0.963541,0.426465,0.597985 ===
404.24613|I|libbeamng.print:18052| === LSTM_TRACE t=0 v=27.70 ws=27.67,27.72,27.38,27.34 cmd=0.802,0.775,0.519,0.566 cap=155,155,97,97 des=155,155,85,85 app=155,154,85,85 abs=nil,nil,nil,nil ebrake=1.00 ibrake=1.00 hasABS=0 sy=1.57 split=1.000,0.875 ===
404.24622|I|libbeamng.print:18052| === LSTM_OBS t=0 27.67061,27.71590,27.38477,27.33513,-0.01271,1.57065,-9.77573,0.00313,0.00000,0.00000,0.00069,1.00000,0.00000,0.00089,-0.00908,7857.18883,0.25000 ===
404.29615|I|libbeamng.print:18052| === LSTM_TRACE t=10 v=27.42 ws=25.73,25.22,26.76,26.77 cmd=0.785,0.847,0.625,0.705 cap=2201,2464,1117,1305 des=2201,2464,978,1142 app=2201,2456,975,1142 abs=nil,nil,nil,nil ebrake=1.00 ibrake=1.00 hasABS=0 sy=2.09 split=1.000,0.875 ===
404.29619|I|libbeamng.print:18052| === LSTM_OBS t=10 25.73380,25.21811,26.75601,26.77135,-0.03797,2.09202,-9.78649,-0.01265,0.00000,0.00000,0.00183,1.00000,0.00000,0.00102,-0.01010,7774.08526,0.25000 ===
404.31667|I|libbeamng.print:18052| === LSTM_ABS DBG raw=23.4982,22.5596,26.3317,26.2730,-0.0096,2.7535,-9.7374,-0.0080,0.0000,0.0000,0.0039,1.0000,0.0000,0.0011,-0.0114,7689.1213,0.2500 ===
404.31671|I|libbeamng.print:18052| === LSTM_ABS DBG norm=0.38,0.26,0.51,0.48,-0.16,-2.06,0.00,-0.03,0.06,-0.06,0.10,0.59,-0.02,0.00,0.00,3.81,0.00 ===
404.31672|I|libbeamng.print:18052| === LSTM_ABS DBG cmd=0.7873,0.8545,0.7568,0.7835 ===
404.34551|I|libbeamng.print:18052| === LSTM_TRACE t=20 v=26.89 ws=22.59,20.02,25.60,25.57 cmd=0.741,0.818,0.792,0.826 cap=2144,2443,1525,1586 des=2144,2443,1335,1388 app=2144,2440,1333,1388 abs=nil,nil,nil,nil ebrake=1.00 ibrake=1.00 hasABS=0 sy=3.90 split=1.000,0.875 ===
404.34556|I|libbeamng.print:18052| === LSTM_OBS t=20 22.58775,20.01952,25.60222,25.57481,-0.00370,3.89776,-9.56804,-0.00104,0.00000,0.00000,0.00372,1.00000,0.00000,0.00133,-0.01363,7515.23045,0.25000 ===
404.39564|I|libbeamng.print:18052| === LSTM_TRACE t=30 v=26.38 ws=22.76,16.81,24.46,24.54 cmd=0.661,0.701,0.788,0.806 cap=2025,2151,1535,1569 des=2025,2151,1343,1373 app=2025,2150,1343,1373 abs=nil,nil,nil,nil ebrake=1.00 ibrake=1.00 hasABS=0 sy=5.69 split=1.000,0.875 ===
404.39568|I|libbeamng.print:18052| === LSTM_OBS t=30 22.76344,16.81435,24.46332,24.53505,0.01930,5.69097,-9.36978,0.00368,0.00000,0.00000,0.00301,1.00000,0.00000,0.00187,-0.01638,7183.76865,0.25000 ===
404.44626|I|libbeamng.print:18052| === LSTM_TRACE t=40 v=25.83 ws=23.88,14.16,23.44,23.89 cmd=0.723,0.750,0.759,0.772 cap=2079,2194,1457,1476 des=2079,2194,1275,1291 app=2079,2194,1275,1291 abs=nil,nil,nil,nil ebrake=1.00 ibrake=1.00 hasABS=0 sy=7.19 split=1.000,0.875 ===
404.44631|I|libbeamng.print:18052| === LSTM_OBS t=40 23.87573,14.15853,23.44227,23.89112,0.01306,7.19271,-9.37181,0.01664,0.00000,0.00000,0.00349,1.00000,0.00000,0.00227,-0.01724,6897.31155,0.25000 ===
404.49577|I|libbeamng.print:18052| === LSTM_TRACE t=50 v=25.26 ws=23.86,10.78,22.36,23.44 cmd=0.652,0.688,0.763,0.773 cap=2175,2254,1491,1516 des=2175,2254,1304,1327 app=2175,2254,1304,1327 abs=nil,nil,nil,nil ebrake=1.00 ibrake=1.00 hasABS=0 sy=8.39 split=1.000,0.875 ===
404.49582|I|libbeamng.print:18052| === LSTM_OBS t=50 23.86437,10.77623,22.35643,23.44258,-0.03457,8.38962,-9.50808,0.00717,0.00000,0.00000,0.00274,1.00000,0.00000,0.00291,-0.01759,6676.64546,0.25000 ===
404.54551|I|libbeamng.print:18052| === LSTM_TRACE t=60 v=24.71 ws=23.52,7.74,21.22,23.09 cmd=0.700,0.722,0.799,0.813 cap=2195,2265,1570,1600 des=2195,2265,1374,1400 app=2195,2265,1374,1400 abs=nil,nil,nil,nil ebrake=1.00 ibrake=1.00 hasABS=0 sy=9.17 split=1.000,0.875 ===
404.54555|I|libbeamng.print:18052| === LSTM_OBS t=60 23.51502,7.74214,21.22213,23.08898,-0.07756,9.17185,-9.67785,0.01518,0.00000,0.00000,0.00297,1.00000,0.00000,0.00334,-0.01740,6464.96079,0.25000 ===
404.59617|I|libbeamng.print:18052| === LSTM_TRACE t=70 v=24.17 ws=22.87,3.77,19.87,22.87 cmd=0.658,0.703,0.837,0.849 cap=2127,2241,1614,1639 des=2127,2241,1413,1434 app=2127,2241,1413,1434 abs=nil,nil,nil,nil ebrake=1.00 ibrake=1.00 hasABS=0 sy=9.63 split=1.000,0.875 ===
404.59622|I|libbeamng.print:18052| === LSTM_OBS t=70 22.87002,3.76856,19.86574,22.87417,-0.14097,9.63161,-9.74303,0.00968,0.00000,0.00000,0.00331,1.00000,0.00000,0.00380,-0.01672,6235.96016,0.25000 ===
404.64583|I|libbeamng.print:18052| === LSTM_TRACE t=80 v=23.64 ws=22.00,0.02,18.66,22.25 cmd=0.774,0.805,0.850,0.864 cap=2327,2435,1658,1687 des=2327,2435,1451,1477 app=2327,2435,1451,1477 abs=nil,nil,nil,nil ebrake=1.00 ibrake=1.00 hasABS=0 sy=9.96 split=1.000,0.875 ===
404.64591|I|libbeamng.print:18052| === LSTM_OBS t=80 21.99749,0.01505,18.65588,22.25407,-0.13536,9.95547,-9.76282,-0.01696,0.00000,0.00000,0.00210,1.00000,0.00000,0.00297,-0.01540,5985.25712,0.25000 ===
404.69585|I|libbeamng.print:18052| === LSTM_TRACE t=90 v=23.11 ws=19.28,0.04,17.65,21.58 cmd=0.743,0.789,0.847,0.862 cap=2467,2565,1652,1683 des=2467,2565,1446,1472 app=2467,2565,1446,1472 abs=nil,nil,nil,nil ebrake=1.00 ibrake=1.00 hasABS=0 sy=10.15 split=1.000,0.875 ===
404.69590|I|libbeamng.print:18052| === LSTM_OBS t=90 19.27594,0.03503,17.65417,21.58096,-0.21155,10.15173,-9.76433,-0.00047,0.00000,0.00000,0.00154,1.00000,0.00000,0.00181,-0.01344,5726.65618,0.25000 ===
404.74557|I|libbeamng.print:18052| === LSTM_TRACE t=100 v=22.58 ws=16.08,0.01,16.39,20.99 cmd=0.748,0.789,0.847,0.873 cap=2339,2464,1656,1700 des=2339,2464,1449,1488 app=2339,2464,1449,1488 abs=nil,nil,nil,nil ebrake=1.00 ibrake=1.00 hasABS=0 sy=10.28 split=1.000,0.875 ===
404.74562|I|libbeamng.print:18052| === LSTM_OBS t=100 16.08209,0.00839,16.39024,20.98599,-0.24215,10.27969,-9.70046,0.00173,0.00000,0.00000,0.00244,1.00000,0.00000,0.00171,-0.01186,5474.60191,0.25000 ===
404.79571|I|libbeamng.print:18052| === LSTM_TRACE t=110 v=22.06 ws=12.01,0.01,14.83,20.68 cmd=0.726,0.758,0.854,0.892 cap=2222,2331,1656,1700 des=2222,2331,1449,1488 app=2222,2331,1449,1488 abs=nil,nil,nil,nil ebrake=1.00 ibrake=1.00 hasABS=0 sy=10.34 split=1.000,0.875 ===
404.79575|I|libbeamng.print:18052| === LSTM_OBS t=110 12.01404,0.01326,14.82905,20.68320,-0.24683,10.33793,-9.63665,0.00506,0.00000,0.00000,0.00216,1.00000,0.00000,0.00199,-0.01077,5228.75252,0.25000 ===
404.84547|I|libbeamng.print:18052| === LSTM_TRACE t=120 v=21.56 ws=5.15,0.02,13.50,20.45 cmd=0.850,0.871,0.861,0.904 cap=2598,2662,1669,1700 des=2598,2662,1460,1488 app=2598,2662,1460,1488 abs=nil,nil,nil,nil ebrake=1.00 ibrake=1.00 hasABS=0 sy=10.31 split=1.000,0.875 ===
404.84551|I|libbeamng.print:18052| === LSTM_OBS t=120 5.15073,0.02216,13.49716,20.44861,-0.23198,10.31315,-9.66269,-0.01052,0.00000,0.00000,0.00000,1.00000,0.00000,0.00191,-0.00993,4980.75627,0.25000 ===
404.89592|I|libbeamng.print:18052| === LSTM_TRACE t=130 v=21.07 ws=0.29,0.01,11.87,20.31 cmd=0.946,0.958,0.880,0.927 cap=2929,2963,1700,1700 des=2929,2963,1488,1488 app=2929,2963,1488,1488 abs=nil,nil,nil,nil ebrake=1.00 ibrake=1.00 hasABS=0 sy=10.20 split=1.000,0.875 ===
404.89596|I|libbeamng.print:18052| === LSTM_OBS t=130 0.28970,0.01068,11.87118,20.30792,-0.24595,10.20375,-9.68101,-0.02904,0.00000,0.00000,0.00134,1.00000,0.00000,0.00209,-0.00923,4726.93744,0.25000 ===
404.94606|I|libbeamng.print:18052| === LSTM_TRACE t=140 v=20.60 ws=0.13,0.01,10.31,19.82 cmd=0.963,0.971,0.882,0.925 cap=2983,3009,1700,1700 des=2983,3009,1488,1488 app=2983,3008,1488,1488 abs=nil,nil,nil,nil ebrake=1.00 ibrake=1.00 hasABS=0 sy=9.98 split=1.000,0.875 ===
404.94611|I|libbeamng.print:18052| === LSTM_OBS t=140 0.13389,0.01248,10.31168,19.81605,-0.20297,9.98152,-9.69004,-0.04330,0.00000,0.00000,0.00142,1.00000,0.00000,0.00189,-0.00803,4458.40617,0.25000 ===
404.99580|I|libbeamng.print:18052| === LSTM_TRACE t=150 v=20.13 ws=0.06,0.00,8.85,19.25 cmd=0.969,0.975,0.884,0.922 cap=3005,3024,1700,1700 des=3005,3024,1488,1488 app=3005,3023,1488,1488 abs=nil,nil,nil,nil ebrake=1.00 ibrake=1.00 hasABS=0 sy=9.81 split=1.000,0.875 ===
404.99584|I|libbeamng.print:18052| === LSTM_OBS t=150 0.06071,0.00054,8.84926,19.24915,-0.14625,9.81320,-9.65027,-0.04471,0.00000,0.00000,0.00154,1.00000,0.00000,0.00091,-0.00671,4192.01422,0.25000 ===
405.04558|I|libbeamng.print:18052| === LSTM_TRACE t=160 v=19.65 ws=0.03,0.00,7.65,18.90 cmd=0.976,0.980,0.886,0.919 cap=3023,3037,1700,1700 des=3023,3037,1488,1488 app=3023,3035,1488,1488 abs=nil,nil,nil,nil ebrake=1.00 ibrake=1.00 hasABS=0 sy=9.76 split=1.000,0.875 ===
405.04563|I|libbeamng.print:18052| === LSTM_OBS t=160 0.02845,0.00169,7.64923,18.89864,-0.08950,9.75710,-9.66948,-0.05395,0.00000,0.00000,0.00142,1.00000,0.00000,0.00014,-0.00561,3935.69689,0.25000 ===
405.09580|I|libbeamng.print:18052| === LSTM_TRACE t=170 v=19.16 ws=0.01,0.00,6.25,18.38 cmd=0.980,0.982,0.888,0.916 cap=3034,3043,1700,1700 des=3034,3043,1488,1488 app=3034,3041,1488,1488 abs=nil,nil,nil,nil ebrake=1.00 ibrake=1.00 hasABS=0 sy=9.75 split=1.000,0.875 ===
405.09586|I|libbeamng.print:18052| === LSTM_OBS t=170 0.00730,0.00081,6.25134,18.38058,-0.01982,9.74922,-9.72635,-0.05032,0.00000,0.00000,0.00154,1.00000,0.00000,-0.00058,-0.00481,3682.29833,0.25000 ===
405.14588|I|libbeamng.print:18052| === LSTM_TRACE t=180 v=18.66 ws=0.01,0.00,5.35,17.74 cmd=0.978,0.980,0.884,0.910 cap=3034,3041,1700,1700 des=3034,3041,1488,1488 app=3034,3038,1488,1488 abs=nil,nil,nil,nil ebrake=1.00 ibrake=1.00 hasABS=0 sy=9.78 split=1.000,0.875 ===
405.14594|I|libbeamng.print:18052| === LSTM_OBS t=180 0.00646,0.00119,5.35327,17.74217,0.05285,9.78385,-9.78506,-0.04168,0.00000,0.00000,0.00134,1.00000,0.00000,-0.00100,-0.00444,3432.58042,0.25000 ===
405.19618|I|libbeamng.print:18052| === LSTM_TRACE t=190 v=18.17 ws=0.02,0.02,4.20,17.25 cmd=0.964,0.969,0.875,0.895 cap=2994,3008,1700,1700 des=2994,3008,1488,1488 app=2994,3005,1488,1488 abs=nil,nil,nil,nil ebrake=1.00 ibrake=1.00 hasABS=0 sy=9.85 split=1.000,0.875 ===
405.19623|I|libbeamng.print:18052| === LSTM_OBS t=190 0.02147,0.01922,4.20178,17.24852,0.10814,9.85224,-9.86559,-0.03403,0.00000,0.00000,0.00142,1.00000,0.00000,-0.00091,-0.00458,3191.03953,0.25000 ===
405.24562|I|libbeamng.print:18052| === LSTM_TRACE t=200 v=17.66 ws=0.00,0.01,2.75,16.53 cmd=0.929,0.942,0.870,0.894 cap=2886,2926,1687,1700 des=2886,2926,1476,1488 app=2886,2922,1476,1488 abs=nil,nil,nil,nil ebrake=1.00 ibrake=1.00 hasABS=0 sy=9.86 split=1.000,0.875 ===
405.24568|I|libbeamng.print:18052| === LSTM_OBS t=200 0.00111,0.01344,2.75042,16.52664,0.15139,9.85978,-9.92412,-0.02174,0.00000,0.00000,0.00146,1.00000,0.00000,-0.00032,-0.00495,2937.92662,0.25000 ===
405.29590|I|libbeamng.print:18052| === LSTM_TRACE t=210 v=17.18 ws=0.01,0.02,1.17,15.44 cmd=0.923,0.936,0.870,0.898 cap=2799,2860,1688,1700 des=2799,2860,1477,1488 app=2799,2856,1477,1488 abs=nil,nil,nil,nil ebrake=1.00 ibrake=1.00 hasABS=0 sy=9.81 split=1.000,0.875 ===
405.29594|I|libbeamng.print:18052| === LSTM_OBS t=210 0.00532,0.01967,1.17206,15.44432,0.24036,9.81238,-9.82784,-0.02311,0.00000,0.00000,0.00091,1.00000,0.00000,-0.00031,-0.00540,2677.67194,0.25000 ===
405.34580|I|libbeamng.print:18052| === LSTM_TRACE t=220 v=16.71 ws=0.01,0.01,0.10,15.70 cmd=0.914,0.923,0.864,0.893 cap=2823,2854,1677,1700 des=2823,2854,1467,1488 app=2823,2850,1467,1488 abs=nil,nil,nil,nil ebrake=1.00 ibrake=1.00 hasABS=0 sy=9.75 split=1.000,0.875 ===
405.34584|I|libbeamng.print:18052| === LSTM_OBS t=220 0.00528,0.00669,0.09784,15.69672,0.33841,9.75387,-9.75637,-0.02568,0.00000,0.00000,0.00115,1.00000,0.00000,-0.00054,-0.00547,2413.27842,0.25000 ===
405.39597|I|libbeamng.print:18052| === LSTM_TRACE t=230 v=16.22 ws=0.00,0.00,0.08,14.09 cmd=0.908,0.915,0.862,0.891 cap=2791,2816,1672,1700 des=2791,2816,1463,1488 app=2791,2811,1463,1488 abs=nil,nil,nil,nil ebrake=1.00 ibrake=1.00 hasABS=0 sy=9.72 split=1.000,0.875 ===
405.39602|I|libbeamng.print:18052| === LSTM_OBS t=230 0.00373,0.00190,0.08157,14.08830,0.36711,9.72291,-9.73610,-0.01786,0.00000,0.00000,0.00192,1.00000,0.00000,-0.00043,-0.00551,2172.93798,0.25000 ===
405.44632|I|libbeamng.print:18052| === LSTM_TRACE t=240 v=15.73 ws=0.00,0.00,0.04,12.76 cmd=0.940,0.940,0.866,0.883 cap=2910,2911,1684,1700 des=2910,2911,1474,1488 app=2910,2906,1474,1488 abs=nil,nil,nil,nil ebrake=1.00 ibrake=1.00 hasABS=0 sy=9.76 split=1.000,0.875 ===
405.44637|I|libbeamng.print:18052| === LSTM_OBS t=240 0.00114,0.00281,0.03935,12.75516,0.34068,9.76087,-9.78078,-0.01716,0.00000,0.00000,0.00189,1.00000,0.00000,0.00024,-0.00585,1963.32664,0.25000 ===
405.49575|I|libbeamng.print:18052| === LSTM_TRACE t=250 v=15.24 ws=0.00,0.01,0.03,11.14 cmd=0.962,0.959,0.871,0.878 cap=2971,2963,1690,1700 des=2971,2963,1479,1488 app=2971,2957,1479,1488 abs=nil,nil,nil,nil ebrake=1.00 ibrake=1.00 hasABS=0 sy=9.76 split=1.000,0.875 ===
405.49583|I|libbeamng.print:18052| === LSTM_OBS t=250 0.00477,0.00647,0.02753,11.14288,0.34793,9.76067,-9.78451,-0.02166,0.00000,0.00000,0.00162,1.00000,0.00000,0.00083,-0.00626,1750.59875,0.25000 ===
405.54575|I|libbeamng.print:18052| === LSTM_TRACE t=260 v=14.76 ws=0.00,0.00,0.01,9.37 cmd=0.969,0.965,0.869,0.866 cap=3003,2990,1688,1683 des=3003,2990,1477,1473 app=3003,2984,1477,1473 abs=nil,nil,nil,nil ebrake=1.00 ibrake=1.00 hasABS=0 sy=9.74 split=1.000,0.875 ===
405.54579|I|libbeamng.print:18052| === LSTM_OBS t=260 0.00405,0.00498,0.00558,9.36545,0.34243,9.73842,-9.75567,-0.02530,0.00000,0.00000,0.00162,1.00000,0.00000,0.00111,-0.00657,1530.68109,0.25000 ===
405.59624|I|libbeamng.print:18052| === LSTM_TRACE t=270 v=14.28 ws=0.00,0.00,0.01,7.59 cmd=0.969,0.964,0.864,0.853 cap=3001,2987,1679,1657 des=3001,2987,1469,1450 app=3001,2981,1469,1450 abs=nil,nil,nil,nil ebrake=1.00 ibrake=1.00 hasABS=0 sy=9.70 split=1.000,0.875 ===
405.59628|I|libbeamng.print:18052| === LSTM_OBS t=270 0.00182,0.00101,0.00976,7.59493,0.33304,9.70489,-9.73276,-0.02738,0.00000,0.00000,0.00162,1.00000,0.00000,0.00115,-0.00670,1309.17287,0.25000 ===
405.64576|I|libbeamng.print:18052| === LSTM_TRACE t=280 v=13.79 ws=0.00,0.00,0.01,5.34 cmd=0.975,0.971,0.861,0.844 cap=3022,3009,1673,1642 des=3022,3009,1464,1436 app=3022,3003,1464,1436 abs=nil,nil,nil,nil ebrake=1.00 ibrake=1.00 hasABS=0 sy=9.68 split=1.000,0.875 ===
405.64581|I|libbeamng.print:18052| === LSTM_OBS t=280 0.00478,0.00018,0.00854,5.34215,0.31927,9.67832,-9.72634,-0.02847,0.00000,0.00000,0.00169,1.00000,0.00000,0.00112,-0.00674,1092.00627,0.25000 ===
405.69571|I|libbeamng.print:18052| === LSTM_TRACE t=290 v=13.30 ws=0.00,0.00,0.01,3.58 cmd=0.983,0.981,0.861,0.841 cap=3046,3038,1670,1632 des=3046,3038,1462,1428 app=3046,3031,1462,1428 abs=nil,nil,nil,nil ebrake=1.00 ibrake=1.00 hasABS=0 sy=9.71 split=1.000,0.875 ===
405.69576|I|libbeamng.print:18052| === LSTM_OBS t=290 0.00322,0.00340,0.01215,3.57621,0.32681,9.70965,-9.73123,-0.03301,0.00000,0.00000,0.00169,1.00000,0.00000,0.00075,-0.00693,888.04174,0.25000 ===
405.74568|I|libbeamng.print:18052| === LSTM_TRACE t=300 v=12.82 ws=0.00,0.00,0.05,0.86 cmd=0.990,0.988,0.863,0.844 cap=3068,3063,1677,1638 des=3068,3063,1467,1433 app=3068,3056,1467,1433 abs=nil,nil,nil,nil ebrake=1.00 ibrake=1.00 hasABS=0 sy=9.74 split=1.000,0.875 ===
405.74573|I|libbeamng.print:18052| === LSTM_OBS t=300 0.00125,0.00004,0.05290,0.85944,0.29650,9.74392,-9.76875,-0.02952,0.00000,0.00000,0.00221,1.00000,0.00000,-0.00010,-0.00759,747.84087,0.25000 ===
405.79604|I|libbeamng.print:18052| === LSTM_TRACE t=310 v=12.34 ws=0.01,0.01,0.07,0.01 cmd=0.992,0.991,0.865,0.850 cap=3075,3072,1678,1645 des=3075,3072,1468,1439 app=3075,3064,1468,1439 abs=nil,nil,nil,nil ebrake=1.00 ibrake=1.00 hasABS=0 sy=9.71 split=1.000,0.875 ===
405.79609|I|libbeamng.print:18052| === LSTM_OBS t=310 0.00588,0.00837,0.06957,0.01201,0.27467,9.70952,-9.79716,-0.02236,0.00000,0.00000,0.00069,1.00000,0.00000,-0.00073,-0.00829,732.14584,0.25000 ===
405.84550|I|libbeamng.print:18052| === LSTM_TRACE t=320 v=11.86 ws=0.01,0.00,0.03,0.04 cmd=0.994,0.993,0.865,0.857 cap=3080,3077,1680,1662 des=3080,3077,1470,1454 app=3080,3069,1470,1454 abs=nil,nil,nil,nil ebrake=1.00 ibrake=1.00 hasABS=0 sy=9.66 split=1.000,0.875 ===
405.84554|I|libbeamng.print:18052| === LSTM_OBS t=320 0.00685,0.00241,0.03375,0.03729,0.27928,9.65761,-9.76803,-0.02888,0.00000,0.00000,0.00198,1.00000,0.00000,-0.00109,-0.00845,728.39181,0.25000 ===
405.89572|I|libbeamng.print:18052| === LSTM_TRACE t=330 v=11.37 ws=0.00,0.00,0.01,0.02 cmd=0.994,0.993,0.864,0.857 cap=3081,3077,1679,1664 des=3081,3077,1469,1456 app=3081,3069,1469,1456 abs=nil,nil,nil,nil ebrake=1.00 ibrake=1.00 hasABS=0 sy=9.66 split=1.000,0.875 ===
405.89577|I|libbeamng.print:18052| === LSTM_OBS t=330 0.00338,0.00354,0.01198,0.02289,0.28120,9.65560,-9.72568,-0.02209,0.00000,0.00000,0.00204,1.00000,0.00000,-0.00146,-0.00851,731.05455,0.25000 ===
405.94558|I|libbeamng.print:18052| === LSTM_TRACE t=340 v=10.89 ws=0.01,0.01,0.00,0.01 cmd=0.994,0.993,0.864,0.859 cap=3081,3078,1679,1667 des=3081,3078,1469,1459 app=3081,3070,1469,1459 abs=nil,nil,nil,nil ebrake=1.00 ibrake=1.00 hasABS=0 sy=9.68 split=1.000,0.875 ===
405.94562|I|libbeamng.print:18052| === LSTM_OBS t=340 0.00554,0.00549,0.00164,0.00517,0.27724,9.68083,-9.71766,-0.02050,0.00000,0.00000,0.00204,1.00000,0.00000,-0.00161,-0.00860,725.28192,0.25000 ===
405.99619|I|libbeamng.print:18052| === LSTM_TRACE t=350 v=10.39 ws=0.00,0.00,0.00,0.01 cmd=0.994,0.993,0.864,0.858 cap=3082,3078,1678,1668 des=3082,3078,1469,1460 app=3082,3070,1469,1460 abs=nil,nil,nil,nil ebrake=1.00 ibrake=1.00 hasABS=0 sy=9.72 split=1.000,0.875 ===
405.99623|I|libbeamng.print:18052| === LSTM_OBS t=350 0.00218,0.00063,0.00196,0.00883,0.28101,9.72452,-9.70956,-0.01793,0.00000,0.00000,0.00189,1.00000,0.00000,-0.00174,-0.00872,729.56327,0.25000 ===
406.04554|I|libbeamng.print:18052| === LSTM_TRACE t=360 v=9.89 ws=0.00,0.00,0.00,0.00 cmd=0.994,0.993,0.864,0.858 cap=3082,3078,1678,1668 des=3082,3078,1468,1459 app=3082,3070,1468,1459 abs=nil,nil,nil,nil ebrake=1.00 ibrake=1.00 hasABS=0 sy=9.78 split=1.000,0.875 ===
406.04558|I|libbeamng.print:18052| === LSTM_OBS t=360 0.00396,0.00065,0.00207,0.00144,0.28998,9.78063,-9.71176,-0.01601,0.00000,0.00000,0.00176,1.00000,0.00000,-0.00188,-0.00884,725.43411,0.25000 ===
406.09554|I|libbeamng.print:18052| === LSTM_TRACE t=370 v=9.39 ws=0.00,0.00,0.00,0.00 cmd=0.994,0.993,0.863,0.859 cap=3082,3078,1677,1668 des=3082,3078,1467,1460 app=3082,3070,1467,1460 abs=nil,nil,nil,nil ebrake=1.00 ibrake=1.00 hasABS=0 sy=9.84 split=1.000,0.875 ===
406.09559|I|libbeamng.print:18052| === LSTM_OBS t=370 0.00282,0.00002,0.00274,0.00170,0.30618,9.84106,-9.71218,-0.01294,0.00000,0.00000,0.00198,1.00000,0.00000,-0.00198,-0.00898,725.94418,0.25000 ===
406.14559|I|libbeamng.print:18052| === LSTM_TRACE t=380 v=8.89 ws=0.00,0.00,0.00,0.00 cmd=0.994,0.993,0.863,0.859 cap=3082,3079,1677,1669 des=3082,3079,1467,1460 app=3082,3070,1467,1460 abs=nil,nil,nil,nil ebrake=1.00 ibrake=1.00 hasABS=0 sy=9.90 split=1.000,0.875 ===
406.14564|I|libbeamng.print:18052| === LSTM_OBS t=380 0.00346,0.00080,0.00032,0.00323,0.31830,9.90418,-9.71484,-0.01113,0.00000,0.00000,0.00198,1.00000,0.00000,-0.00206,-0.00912,724.25946,0.25000 ===
406.19548|I|libbeamng.print:18052| === LSTM_TRACE t=390 v=8.38 ws=0.00,0.00,0.00,0.00 cmd=0.994,0.993,0.862,0.859 cap=3082,3079,1676,1669 des=3082,3079,1466,1460 app=3082,3070,1466,1460 abs=nil,nil,nil,nil ebrake=1.00 ibrake=1.00 hasABS=0 sy=9.97 split=1.000,0.875 ===
406.19552|I|libbeamng.print:18052| === LSTM_OBS t=390 0.00319,0.00120,0.00222,0.00434,0.32826,9.96932,-9.71188,-0.00943,0.00000,0.00000,0.00204,1.00000,0.00000,-0.00212,-0.00927,725.71914,0.25000 ===
406.24556|I|libbeamng.print:18052| === LSTM_TRACE t=400 v=7.86 ws=0.00,0.00,0.00,0.00 cmd=0.994,0.993,0.862,0.859 cap=3083,3079,1675,1668 des=3083,3079,1465,1460 app=3083,3070,1465,1460 abs=nil,nil,nil,nil ebrake=1.00 ibrake=1.00 hasABS=0 sy=10.04 split=1.000,0.875 ===
406.24561|I|libbeamng.print:18052| === LSTM_OBS t=400 0.00493,0.00049,0.00177,0.00105,0.33802,10.04078,-9.71076,-0.00751,0.00000,0.00000,0.00198,1.00000,0.00000,-0.00219,-0.00943,722.97847,0.25000 ===
406.29557|I|libbeamng.print:18052| === LSTM_TRACE t=410 v=7.34 ws=0.00,0.00,0.00,0.00 cmd=0.995,0.993,0.861,0.859 cap=3083,3079,1674,1668 des=3083,3079,1464,1459 app=3083,3070,1464,1459 abs=nil,nil,nil,nil ebrake=1.00 ibrake=1.00 hasABS=0 sy=10.12 split=1.000,0.875 ===
406.29562|I|libbeamng.print:18052| === LSTM_OBS t=410 0.00203,0.00260,0.00069,0.00088,0.34898,10.12398,-9.70678,-0.00551,0.00000,0.00000,0.00210,1.00000,0.00000,-0.00225,-0.00961,726.97339,0.25000 ===
406.34598|I|libbeamng.print:18052| === LSTM_TRACE t=420 v=6.82 ws=0.00,0.00,0.00,0.00 cmd=0.995,0.993,0.861,0.858 cap=3083,3079,1673,1668 des=3083,3079,1464,1459 app=3083,3071,1463,1459 abs=nil,nil,nil,nil ebrake=1.00 ibrake=1.00 hasABS=0 sy=10.22 split=1.000,0.875 ===
406.34603|I|libbeamng.print:18052| === LSTM_OBS t=420 0.00498,0.00005,0.00178,0.00075,0.35995,10.22449,-9.70602,-0.00362,0.00000,0.00000,0.00210,1.00000,0.00000,-0.00234,-0.00980,724.65947,0.25000 ===
406.39554|I|libbeamng.print:18052| === LSTM_TRACE t=430 v=6.28 ws=0.00,0.00,0.00,0.00 cmd=0.995,0.994,0.860,0.858 cap=3084,3080,1671,1667 des=3084,3080,1462,1459 app=3084,3071,1462,1459 abs=nil,nil,nil,nil ebrake=1.00 ibrake=1.00 hasABS=0 sy=10.34 split=1.000,0.875 ===
406.39559|I|libbeamng.print:18052| === LSTM_OBS t=430 0.00317,0.00264,0.00293,0.00371,0.36983,10.33609,-9.70668,-0.00191,0.00000,0.00000,0.00210,1.00000,0.00000,-0.00242,-0.01002,729.50889,0.25000 ===
406.44575|I|libbeamng.print:18052| === LSTM_TRACE t=440 v=5.74 ws=0.00,0.00,0.00,0.00 cmd=0.995,0.994,0.859,0.858 cap=3084,3080,1670,1666 des=3084,3080,1461,1458 app=3084,3071,1461,1458 abs=nil,nil,nil,nil ebrake=1.00 ibrake=1.00 hasABS=0 sy=10.45 split=1.000,0.875 ===
406.44580|I|libbeamng.print:18052| === LSTM_OBS t=440 0.00492,0.00046,0.00166,0.00244,0.37906,10.44986,-9.70934,-0.00045,0.00000,0.00000,0.00216,1.00000,0.00000,-0.00248,-0.01024,727.03590,0.25000 ===
406.49566|I|libbeamng.print:18052| === LSTM_TRACE t=450 v=5.20 ws=0.00,0.00,0.02,0.04 cmd=0.995,0.994,0.859,0.857 cap=3084,3080,1668,1665 des=3084,3080,1460,1457 app=3084,3071,1460,1457 abs=nil,nil,nil,nil ebrake=1.00 ibrake=1.00 hasABS=0 sy=10.55 split=1.000,0.875 ===
406.49573|I|libbeamng.print:18052| === LSTM_OBS t=450 0.00216,0.00276,0.02247,0.03834,0.38763,10.55299,-9.70594,0.00090,0.00000,0.00000,0.00224,1.00000,0.00000,-0.00251,-0.01046,729.67053,0.25000 ===
406.54546|I|libbeamng.print:18052| === LSTM_TRACE t=460 v=4.65 ws=0.00,0.00,0.01,0.00 cmd=0.995,0.994,0.858,0.857 cap=3084,3081,1667,1665 des=3084,3081,1459,1457 app=3084,3071,1458,1457 abs=nil,nil,nil,nil ebrake=1.00 ibrake=1.00 hasABS=0 sy=10.66 split=1.000,0.875 ===
406.54551|I|libbeamng.print:18052| === LSTM_OBS t=460 0.00467,0.00040,0.00670,0.00218,0.39443,10.66251,-9.70615,0.00166,0.00000,0.00000,0.00224,1.00000,0.00000,-0.00251,-0.01066,726.45827,0.25000 ===
406.59635|I|libbeamng.print:18052| === LSTM_TRACE t=470 v=4.09 ws=0.00,0.00,0.00,0.00 cmd=0.995,0.994,0.857,0.856 cap=3085,3081,1666,1665 des=3085,3081,1457,1456 app=3085,3072,1457,1456 abs=nil,nil,nil,nil ebrake=1.00 ibrake=1.00 hasABS=0 sy=10.79 split=1.000,0.875 ===
406.59640|I|libbeamng.print:18052| === LSTM_OBS t=470 0.00164,0.00322,0.00489,0.00302,0.40412,10.79086,-9.70561,0.00381,0.00000,0.00000,0.00234,1.00000,0.00000,-0.00256,-0.01099,729.54108,0.25000 ===
406.64610|I|libbeamng.print:18052| === LSTM_TRACE t=480 v=3.53 ws=0.00,0.00,0.00,0.00 cmd=0.995,0.994,0.856,0.856 cap=3085,3081,1664,1663 des=3085,3081,1456,1455 app=3085,3072,1455,1455 abs=nil,nil,nil,nil ebrake=1.00 ibrake=1.00 hasABS=0 sy=10.91 split=1.000,0.875 ===
406.64614|I|libbeamng.print:18052| === LSTM_OBS t=480 0.00427,0.00073,0.00366,0.00310,0.41119,10.91150,-9.70051,0.00417,0.00000,0.00000,0.00234,1.00000,0.00000,-0.00264,-0.01131,727.80591,0.25000 ===
406.69589|I|libbeamng.print:18052| === LSTM_TRACE t=490 v=2.96 ws=0.00,0.00,0.00,0.00 cmd=0.995,0.994,0.855,0.855 cap=3085,3082,1662,1662 des=3085,3082,1454,1454 app=3085,3072,1454,1454 abs=nil,nil,nil,nil ebrake=1.00 ibrake=1.00 hasABS=0 sy=11.03 split=1.000,0.875 ===
406.69594|I|libbeamng.print:18052| === LSTM_OBS t=490 0.00219,0.00100,0.00100,0.00075,0.41623,11.02504,-9.69119,0.00485,0.00000,0.00000,0.00239,1.00000,0.00000,-0.00269,-0.01156,730.38224,0.25000 ===
406.74545|I|libbeamng.print:18052| === LSTM_TRACE t=500 v=2.39 ws=0.00,0.00,0.00,0.00 cmd=0.995,0.994,0.855,0.855 cap=3086,3082,1661,1661 des=3086,3082,1453,1453 app=3086,3073,1453,1453 abs=nil,nil,nil,nil ebrake=1.00 ibrake=1.00 hasABS=0 sy=11.13 split=1.000,0.875 ===
406.74550|I|libbeamng.print:18052| === LSTM_OBS t=500 0.00398,0.00062,0.00482,0.00345,0.42097,11.12739,-9.68385,0.00433,0.00000,0.00000,0.00244,1.00000,0.00000,-0.00275,-0.01173,727.19140,0.25000 ===
406.79608|I|libbeamng.print:18052| === LSTM_TRACE t=510 v=1.81 ws=0.00,0.00,0.30,0.21 cmd=0.995,0.994,0.854,0.853 cap=3086,3082,1659,1658 des=3086,3082,1452,1451 app=3086,3072,1451,1451 abs=nil,nil,nil,nil ebrake=1.00 ibrake=1.00 hasABS=0 sy=11.24 split=1.000,0.875 ===
406.79617|I|libbeamng.print:18052| === LSTM_OBS t=510 0.00185,0.00222,0.29773,0.21405,0.42639,11.23503,-9.67705,0.00434,0.00000,0.00000,0.00249,1.00000,0.00000,-0.00279,-0.01185,728.72518,0.25000 ===
406.84544|I|libbeamng.print:18052| === LSTM_TRACE t=520 v=1.23 ws=0.01,0.00,0.27,0.61 cmd=0.995,0.994,0.854,0.853 cap=3086,3082,1659,1656 des=3086,3082,1451,1449 app=3086,3073,1451,1449 abs=nil,nil,nil,nil ebrake=1.00 ibrake=1.00 hasABS=0 sy=11.33 split=1.000,0.875 ===
406.84549|I|libbeamng.print:18052| === LSTM_OBS t=520 0.00563,0.00118,0.27493,0.60695,0.44154,11.33465,-9.65609,-0.00131,0.00000,0.00000,0.00244,1.00000,0.00000,-0.00314,-0.01185,726.10648,0.25000 ===
406.89515|I|libbeamng.print:18052| === LSTM_TRACE t=530 v=0.65 ws=0.00,0.00,0.28,0.49 cmd=0.995,0.994,0.853,0.849 cap=3086,3082,1658,1651 des=3086,3082,1451,1445 app=3086,3072,1450,1445 abs=nil,nil,nil,nil ebrake=1.00 ibrake=1.00 hasABS=0 sy=11.40 split=1.000,0.875 ===
406.89519|I|libbeamng.print:18052| === LSTM_OBS t=530 0.00033,0.00180,0.27879,0.49121,0.43949,11.40114,-9.61932,-0.00773,0.00000,0.00000,0.00244,1.00000,0.00000,-0.00379,-0.01169,728.42759,0.25000 ===
436.30090|I|libbeamng.print:18052| === LSTM_TRACE t=0 v=27.71 ws=27.71,27.76,27.42,27.42 cmd=0.800,0.773,0.519,0.564 cap=155,155,97,97 des=155,155,85,85 app=155,154,85,85 abs=nil,nil,nil,nil ebrake=1.00 ibrake=1.00 hasABS=0 sy=1.56 split=1.000,0.875 ===
436.30094|I|libbeamng.print:18052| === LSTM_OBS t=0 27.70741,27.76304,27.42004,27.41886,0.05981,1.56154,-9.77444,-0.00423,0.00000,0.00000,0.00000,1.00000,0.00000,0.00067,-0.00905,7857.37378,0.25000 ===
436.35081|I|libbeamng.print:18052| === LSTM_TRACE t=10 v=27.41 ws=25.66,25.22,26.73,26.70 cmd=0.801,0.858,0.626,0.704 cap=2246,2493,1109,1295 des=2246,2493,971,1133 app=2246,2481,968,1133 abs=nil,nil,nil,nil ebrake=1.00 ibrake=1.00 hasABS=0 sy=2.16 split=1.000,0.875 ===
436.35085|I|libbeamng.print:18052| === LSTM_OBS t=10 25.66164,25.22463,26.73406,26.69944,0.03779,2.16219,-9.76338,-0.00018,0.00000,0.00000,0.00204,1.00000,0.00000,0.00071,-0.01005,7770.02432,0.25000 ===
436.37074|I|libbeamng.print:18052| === LSTM_ABS DBG raw=23.3815,22.4403,26.3308,26.3780,0.0558,2.8558,-9.7229,-0.0028,0.0000,0.0000,0.0044,1.0000,0.0000,0.0008,-0.0113,7682.3935,0.2500 ===
436.37077|I|libbeamng.print:18052| === LSTM_ABS DBG norm=0.37,0.25,0.51,0.49,-0.10,-2.02,0.00,0.00,0.06,-0.06,0.14,0.59,-0.02,0.00,0.00,3.80,0.00 ===
436.37078|I|libbeamng.print:18052| === LSTM_ABS DBG cmd=0.7982,0.8619,0.7590,0.7852 ===
436.40068|I|libbeamng.print:18052| === LSTM_TRACE t=20 v=26.90 ws=22.09,19.55,25.66,25.65 cmd=0.720,0.807,0.791,0.825 cap=2156,2457,1525,1586 des=2156,2457,1334,1388 app=2156,2451,1333,1388 abs=nil,nil,nil,nil ebrake=1.00 ibrake=1.00 hasABS=0 sy=3.97 split=1.000,0.875 ===
436.40072|I|libbeamng.print:18052| === LSTM_OBS t=20 22.09163,19.54685,25.66293,25.64736,0.04870,3.96851,-9.57646,0.00009,0.00000,0.00000,0.00335,1.00000,0.00000,0.00105,-0.01354,7508.78567,0.25000 ===
436.45097|I|libbeamng.print:18052| === LSTM_TRACE t=30 v=26.40 ws=22.74,16.19,24.47,24.53 cmd=0.673,0.709,0.790,0.807 cap=2061,2182,1543,1578 des=2061,2182,1350,1381 app=2061,2180,1350,1381 abs=nil,nil,nil,nil ebrake=1.00 ibrake=1.00 hasABS=0 sy=5.72 split=1.000,0.875 ===
436.45101|I|libbeamng.print:18052| === LSTM_OBS t=30 22.74104,16.18658,24.47019,24.52710,0.04922,5.72365,-9.37332,0.00238,0.00000,0.00000,0.00329,1.00000,0.00000,0.00169,-0.01641,7178.12608,0.25000 ===
436.50083|I|libbeamng.print:18052| === LSTM_TRACE t=40 v=25.83 ws=23.84,13.58,23.43,23.84 cmd=0.738,0.757,0.755,0.769 cap=2293,2356,1479,1509 des=2293,2356,1295,1321 app=2293,2354,1295,1321 abs=nil,nil,nil,nil ebrake=1.00 ibrake=1.00 hasABS=0 sy=7.18 split=1.000,0.875 ===
436.50087|I|libbeamng.print:18052| === LSTM_OBS t=40 23.84389,13.57772,23.42550,23.83813,0.00796,7.18245,-9.39389,0.01917,0.00000,0.00000,0.00349,1.00000,0.00000,0.00221,-0.01724,6893.46076,0.25000 ===
436.55098|I|libbeamng.print:18052| === LSTM_TRACE t=50 v=25.27 ws=23.91,10.07,22.39,23.52 cmd=0.653,0.686,0.771,0.780 cap=2124,2209,1490,1511 des=2124,2209,1304,1322 app=2124,2209,1304,1322 abs=nil,nil,nil,nil ebrake=1.00 ibrake=1.00 hasABS=0 sy=8.38 split=1.000,0.875 ===
436.55103|I|libbeamng.print:18052| === LSTM_OBS t=50 23.91131,10.06823,22.38666,23.52498,-0.03362,8.38290,-9.50881,0.00896,0.00000,0.00000,0.00297,1.00000,0.00000,0.00297,-0.01764,6673.29702,0.25000 ===
436.60075|I|libbeamng.print:18052| === LSTM_TRACE t=60 v=24.73 ws=23.42,6.62,21.24,23.20 cmd=0.667,0.699,0.800,0.814 cap=2199,2271,1577,1612 des=2199,2271,1380,1411 app=2199,2271,1380,1411 abs=nil,nil,nil,nil ebrake=1.00 ibrake=1.00 hasABS=0 sy=9.16 split=1.000,0.875 ===
436.60080|I|libbeamng.print:18052| === LSTM_OBS t=60 23.42387,6.61538,21.23807,23.19713,-0.08263,9.16323,-9.67552,-0.00615,0.00000,0.00000,0.00261,1.00000,0.00000,0.00354,-0.01735,6460.51215,0.25000 ===
436.65086|I|libbeamng.print:18052| === LSTM_TRACE t=70 v=24.19 ws=22.76,2.59,19.84,22.83 cmd=0.617,0.675,0.834,0.844 cap=2180,2291,1619,1648 des=2180,2291,1417,1442 app=2180,2291,1417,1442 abs=nil,nil,nil,nil ebrake=1.00 ibrake=1.00 hasABS=0 sy=9.61 split=1.000,0.875 ===
436.65090|I|libbeamng.print:18052| === LSTM_OBS t=70 22.76157,2.58853,19.84253,22.83279,-0.11443,9.61417,-9.74935,-0.01344,0.00000,0.00000,0.00293,1.00000,0.00000,0.00380,-0.01667,6229.13902,0.25000 ===
436.70099|I|libbeamng.print:18052| === LSTM_TRACE t=80 v=23.66 ws=21.58,0.14,18.49,22.23 cmd=0.764,0.800,0.854,0.867 cap=2431,2523,1656,1683 des=2431,2523,1449,1472 app=2431,2522,1449,1472 abs=nil,nil,nil,nil ebrake=1.00 ibrake=1.00 hasABS=0 sy=9.93 split=1.000,0.875 ===
436.70103|I|libbeamng.print:18052| === LSTM_OBS t=80 21.58418,0.13623,18.48854,22.23434,-0.15957,9.93336,-9.80876,0.00579,0.00000,0.00000,0.00216,1.00000,0.00000,0.00282,-0.01507,5972.59830,0.25000 ===
436.75030|I|libbeamng.print:18052| === LSTM_TRACE t=90 v=23.12 ws=18.91,0.06,17.47,21.54 cmd=0.733,0.784,0.849,0.865 cap=2340,2476,1649,1681 des=2340,2476,1443,1471 app=2340,2475,1443,1471 abs=nil,nil,nil,nil ebrake=1.00 ibrake=1.00 hasABS=0 sy=10.14 split=1.000,0.875 ===
436.75038|I|libbeamng.print:18052| === LSTM_OBS t=90 18.90806,0.06027,17.46642,21.54072,-0.23272,10.13879,-9.76762,0.00879,0.00000,0.00000,0.00301,1.00000,0.00000,0.00191,-0.01329,5711.65002,0.25000 ===
436.80076|I|libbeamng.print:18052| === LSTM_TRACE t=100 v=22.59 ws=15.70,0.06,16.07,21.15 cmd=0.796,0.825,0.848,0.878 cap=2414,2524,1661,1700 des=2414,2524,1454,1488 app=2414,2522,1454,1488 abs=nil,nil,nil,nil ebrake=1.00 ibrake=1.00 hasABS=0 sy=10.29 split=1.000,0.875 ===
436.80080|I|libbeamng.print:18052| === LSTM_OBS t=100 15.70370,0.05511,16.07008,21.15107,-0.27832,10.28665,-9.68888,0.00203,0.00000,0.00000,0.00176,1.00000,0.00000,0.00203,-0.01197,5461.42819,0.25000 ===
436.85061|I|libbeamng.print:18052| === LSTM_TRACE t=110 v=22.08 ws=11.06,0.00,14.58,20.85 cmd=0.759,0.786,0.856,0.897 cap=2282,2384,1661,1700 des=2282,2384,1453,1488 app=2282,2382,1453,1488 abs=nil,nil,nil,nil ebrake=1.00 ibrake=1.00 hasABS=0 sy=10.33 split=1.000,0.875 ===
436.85065|I|libbeamng.print:18052| === LSTM_OBS t=110 11.06252,0.00067,14.58341,20.85214,-0.26484,10.32921,-9.66560,-0.00577,0.00000,0.00000,0.00229,1.00000,0.00000,0.00208,-0.01098,5215.21165,0.25000 ===
436.90102|I|libbeamng.print:18052| === LSTM_TRACE t=120 v=21.58 ws=2.81,0.01,13.29,20.59 cmd=0.872,0.896,0.863,0.908 cap=2698,2766,1676,1700 des=2698,2766,1466,1488 app=2698,2763,1466,1488 abs=nil,nil,nil,nil ebrake=1.00 ibrake=1.00 hasABS=0 sy=10.29 split=1.000,0.875 ===
436.90106|I|libbeamng.print:18052| === LSTM_OBS t=120 2.81002,0.01340,13.29135,20.58774,-0.25414,10.28931,-9.66725,-0.01769,0.00000,0.00000,0.00221,1.00000,0.00000,0.00203,-0.01027,4965.55231,0.25000 ===
436.95088|I|libbeamng.print:18052| === LSTM_TRACE t=130 v=21.10 ws=0.09,0.03,11.73,20.29 cmd=0.954,0.964,0.881,0.927 cap=2952,2985,1700,1700 des=2952,2985,1488,1488 app=2952,2981,1488,1488 abs=nil,nil,nil,nil ebrake=1.00 ibrake=1.00 hasABS=0 sy=10.19 split=1.000,0.875 ===
436.95093|I|libbeamng.print:18052| === LSTM_OBS t=130 0.09402,0.03015,11.72720,20.29302,-0.25774,10.19433,-9.77046,-0.02715,0.00000,0.00000,0.00069,1.00000,0.00000,0.00259,-0.00939,4704.97044,0.25000 ===
437.00073|I|libbeamng.print:18052| === LSTM_TRACE t=140 v=20.63 ws=0.04,0.02,10.16,19.82 cmd=0.961,0.970,0.882,0.925 cap=2984,3010,1700,1700 des=2984,3010,1488,1488 app=2984,3005,1488,1488 abs=nil,nil,nil,nil ebrake=1.00 ibrake=1.00 hasABS=0 sy=9.96 split=1.000,0.875 ===
437.00077|I|libbeamng.print:18052| === LSTM_OBS t=140 0.04438,0.02151,10.15831,19.82167,-0.21303,9.95919,-9.70989,-0.04057,0.00000,0.00000,0.00142,1.00000,0.00000,0.00231,-0.00796,4430.86392,0.25000 ===
437.05066|I|libbeamng.print:18052| === LSTM_TRACE t=150 v=20.15 ws=0.02,0.01,8.69,19.50 cmd=0.970,0.976,0.886,0.924 cap=3000,3021,1700,1700 des=3000,3021,1488,1488 app=3000,3016,1488,1488 abs=nil,nil,nil,nil ebrake=1.00 ibrake=1.00 hasABS=0 sy=9.81 split=1.000,0.875 ===
437.05071|I|libbeamng.print:18052| === LSTM_OBS t=150 0.01831,0.00900,8.68886,19.49584,-0.15181,9.81448,-9.64341,-0.05057,0.00000,0.00000,0.00091,1.00000,0.00000,0.00122,-0.00655,4162.08342,0.25000 ===
437.10065|I|libbeamng.print:18052| === LSTM_TRACE t=160 v=19.66 ws=0.00,0.01,7.43,18.83 cmd=0.975,0.980,0.887,0.920 cap=3024,3037,1700,1700 des=3024,3037,1488,1488 app=3024,3031,1488,1488 abs=nil,nil,nil,nil ebrake=1.00 ibrake=1.00 hasABS=0 sy=9.78 split=1.000,0.875 ===
437.10070|I|libbeamng.print:18052| === LSTM_OBS t=160 0.00239,0.00798,7.42626,18.82873,-0.09825,9.77678,-9.65547,-0.05186,0.00000,0.00000,0.00115,1.00000,0.00000,0.00024,-0.00543,3904.01056,0.25000 ===
437.15090|I|libbeamng.print:18052| === LSTM_TRACE t=170 v=19.17 ws=0.00,0.01,6.00,18.41 cmd=0.980,0.982,0.887,0.917 cap=3036,3045,1700,1700 des=3036,3045,1488,1488 app=3036,3039,1488,1488 abs=nil,nil,nil,nil ebrake=1.00 ibrake=1.00 hasABS=0 sy=9.79 split=1.000,0.875 ===
437.15094|I|libbeamng.print:18052| === LSTM_OBS t=170 0.00228,0.00953,6.00217,18.41063,-0.02984,9.78744,-9.71547,-0.04519,0.00000,0.00000,0.00124,1.00000,0.00000,-0.00048,-0.00467,3649.06792,0.25000 ===
437.20079|I|libbeamng.print:18052| === LSTM_TRACE t=180 v=18.66 ws=0.00,0.02,5.02,17.82 cmd=0.978,0.980,0.884,0.909 cap=3036,3042,1700,1700 des=3036,3042,1488,1488 app=3036,3035,1488,1488 abs=nil,nil,nil,nil ebrake=1.00 ibrake=1.00 hasABS=0 sy=9.84 split=1.000,0.875 ===
437.20086|I|libbeamng.print:18052| === LSTM_OBS t=180 0.00107,0.01506,5.01534,17.82010,0.03912,9.84210,-9.79108,-0.03717,0.00000,0.00000,0.00142,1.00000,0.00000,-0.00086,-0.00428,3400.04995,0.25000 ===
437.25129|I|libbeamng.print:18052| === LSTM_TRACE t=190 v=18.15 ws=0.00,0.01,3.51,17.03 cmd=0.959,0.965,0.875,0.896 cap=2973,2993,1700,1700 des=2973,2993,1488,1488 app=2973,2986,1488,1488 abs=nil,nil,nil,nil ebrake=1.00 ibrake=1.00 hasABS=0 sy=9.92 split=1.000,0.875 ===
437.25133|I|libbeamng.print:18052| === LSTM_OBS t=190 0.00459,0.00736,3.51384,17.02925,0.09074,9.92026,-9.87719,-0.02872,0.00000,0.00000,0.00104,1.00000,0.00000,-0.00060,-0.00448,3156.83475,0.25000 ===
437.30069|I|libbeamng.print:18052| === LSTM_TRACE t=200 v=17.67 ws=0.01,0.00,2.80,16.76 cmd=0.942,0.950,0.867,0.894 cap=2937,2960,1690,1700 des=2937,2960,1479,1488 app=2937,2953,1479,1488 abs=nil,nil,nil,nil ebrake=1.00 ibrake=1.00 hasABS=0 sy=9.92 split=1.000,0.875 ===
437.30075|I|libbeamng.print:18052| === LSTM_OBS t=200 0.01168,0.00023,2.80213,16.76423,0.20308,9.91990,-9.90332,-0.03840,0.00000,0.00000,0.00169,1.00000,0.00000,-0.00044,-0.00501,2904.16968,0.25000 ===
437.35083|I|libbeamng.print:18052| === LSTM_TRACE t=210 v=17.19 ws=0.01,0.01,0.81,16.79 cmd=0.919,0.929,0.865,0.893 cap=2881,2904,1681,1700 des=2881,2904,1470,1488 app=2881,2897,1470,1488 abs=nil,nil,nil,nil ebrake=1.00 ibrake=1.00 hasABS=0 sy=9.87 split=1.000,0.875 ===
437.35087|I|libbeamng.print:18052| === LSTM_OBS t=210 0.00799,0.00802,0.80672,16.78907,0.22520,9.86880,-9.94580,-0.02528,0.00000,0.00000,0.00176,1.00000,0.00000,0.00005,-0.00536,2639.76156,0.25000 ===
437.40083|I|libbeamng.print:18052| === LSTM_TRACE t=220 v=16.72 ws=0.00,0.00,0.09,15.53 cmd=0.880,0.894,0.861,0.893 cap=2721,2767,1670,1700 des=2721,2767,1461,1488 app=2721,2759,1461,1488 abs=nil,nil,nil,nil ebrake=1.00 ibrake=1.00 hasABS=0 sy=9.72 split=1.000,0.875 ===
437.40088|I|libbeamng.print:18052| === LSTM_OBS t=220 0.00163,0.00020,0.09249,15.53220,0.32982,9.71829,-9.79923,-0.02255,0.00000,0.00000,0.00142,1.00000,0.00000,-0.00108,-0.00515,2352.93737,0.25000 ===
437.45087|I|libbeamng.print:18052| === LSTM_TRACE t=230 v=16.23 ws=0.00,0.01,0.00,14.03 cmd=0.912,0.917,0.863,0.892 cap=2814,2833,1674,1700 des=2814,2833,1465,1488 app=2814,2824,1465,1488 abs=nil,nil,nil,nil ebrake=1.00 ibrake=1.00 hasABS=0 sy=9.73 split=1.000,0.875 ===
437.45092|I|libbeamng.print:18052| === LSTM_OBS t=230 0.00440,0.00579,0.00420,14.03342,0.32205,9.72946,-9.82526,-0.01787,0.00000,0.00000,0.00085,1.00000,0.00000,-0.00131,-0.00507,2129.55907,0.25000 ===
437.50104|I|libbeamng.print:18052| === LSTM_TRACE t=240 v=15.73 ws=0.00,0.00,0.01,12.62 cmd=0.933,0.935,0.867,0.885 cap=2886,2894,1683,1700 des=2886,2894,1473,1488 app=2886,2885,1473,1488 abs=nil,nil,nil,nil ebrake=1.00 ibrake=1.00 hasABS=0 sy=9.76 split=1.000,0.875 ===
437.50109|I|libbeamng.print:18052| === LSTM_OBS t=240 0.00104,0.00164,0.00562,12.61968,0.30743,9.76247,-9.83070,-0.01721,0.00000,0.00000,0.00134,1.00000,0.00000,-0.00040,-0.00547,1917.92885,0.25000 ===
437.55068|I|libbeamng.print:18052| === LSTM_TRACE t=250 v=15.25 ws=0.00,0.00,0.03,10.79 cmd=0.955,0.954,0.872,0.878 cap=2958,2955,1695,1700 des=2958,2955,1484,1488 app=2958,2946,1484,1488 abs=nil,nil,nil,nil ebrake=1.00 ibrake=1.00 hasABS=0 sy=9.76 split=1.000,0.875 ===
437.55073|I|libbeamng.print:18052| === LSTM_OBS t=250 0.00258,0.00495,0.03189,10.78906,0.32639,9.75749,-9.81913,-0.02597,0.00000,0.00000,0.00124,1.00000,0.00000,0.00035,-0.00592,1708.74159,0.25000 ===
437.60068|I|libbeamng.print:18052| === LSTM_TRACE t=260 v=14.76 ws=0.00,0.00,0.01,8.95 cmd=0.969,0.966,0.872,0.870 cap=3002,2993,1698,1696 des=3002,2993,1486,1484 app=3002,2983,1486,1484 abs=nil,nil,nil,nil ebrake=1.00 ibrake=1.00 hasABS=0 sy=9.72 split=1.000,0.875 ===
437.60072|I|libbeamng.print:18052| === LSTM_OBS t=260 0.00321,0.00054,0.00858,8.95416,0.33424,9.72471,-9.78265,-0.03116,0.00000,0.00000,0.00146,1.00000,0.00000,0.00055,-0.00630,1488.61159,0.25000 ===
437.65060|I|libbeamng.print:18052| === LSTM_TRACE t=270 v=14.29 ws=0.00,0.00,0.01,6.89 cmd=0.971,0.967,0.867,0.853 cap=3014,3001,1686,1664 des=3014,3001,1475,1456 app=3014,2991,1475,1456 abs=nil,nil,nil,nil ebrake=1.00 ibrake=1.00 hasABS=0 sy=9.68 split=1.000,0.875 ===
437.65064|I|libbeamng.print:18052| === LSTM_OBS t=270 0.00260,0.00052,0.00577,6.89461,0.32608,9.68282,-9.75817,-0.03607,0.00000,0.00000,0.00134,1.00000,0.00000,0.00056,-0.00648,1265.67050,0.25000 ===
437.70095|I|libbeamng.print:18052| === LSTM_TRACE t=280 v=13.81 ws=0.02,0.00,0.00,5.09 cmd=0.977,0.974,0.865,0.847 cap=3020,3011,1678,1640 des=3020,3011,1468,1435 app=3020,3000,1468,1435 abs=nil,nil,nil,nil ebrake=1.00 ibrake=1.00 hasABS=0 sy=9.65 split=1.000,0.875 ===
437.70099|I|libbeamng.print:18052| === LSTM_OBS t=280 0.01759,0.00210,0.00132,5.09274,0.31810,9.64958,-9.73352,-0.03930,0.00000,0.00000,0.00134,1.00000,0.00000,0.00054,-0.00646,1046.66967,0.25000 ===
437.75066|I|libbeamng.print:18052| === LSTM_TRACE t=290 v=13.31 ws=0.01,0.01,0.02,3.09 cmd=0.985,0.983,0.864,0.842 cap=3050,3043,1676,1634 des=3050,3043,1466,1430 app=3050,3032,1466,1430 abs=nil,nil,nil,nil ebrake=1.00 ibrake=1.00 hasABS=0 sy=9.69 split=1.000,0.875 ===
437.75070|I|libbeamng.print:18052| === LSTM_OBS t=290 0.01364,0.01174,0.01572,3.08748,0.33570,9.68553,-9.72861,-0.04267,0.00000,0.00000,0.00115,1.00000,0.00000,-0.00005,-0.00677,845.53171,0.25000 ===
437.80106|I|libbeamng.print:18052| === LSTM_TRACE t=300 v=12.84 ws=0.00,0.00,0.05,0.27 cmd=0.990,0.989,0.865,0.844 cap=3069,3066,1681,1639 des=3069,3066,1471,1434 app=3069,3055,1471,1434 abs=nil,nil,nil,nil ebrake=1.00 ibrake=1.00 hasABS=0 sy=9.70 split=1.000,0.875 ===
437.80111|I|libbeamng.print:18052| === LSTM_OBS t=300 0.00114,0.00376,0.05051,0.26917,0.29398,9.69998,-9.76525,-0.04214,0.00000,0.00000,0.00210,1.00000,0.00000,-0.00094,-0.00751,741.26929,0.25000 ===
437.85066|I|libbeamng.print:18052| === LSTM_TRACE t=310 v=12.36 ws=0.00,0.01,0.10,0.12 cmd=0.992,0.991,0.866,0.849 cap=3075,3072,1680,1646 des=3075,3072,1470,1440 app=3075,3061,1470,1440 abs=nil,nil,nil,nil ebrake=1.00 ibrake=1.00 hasABS=0 sy=9.63 split=1.000,0.875 ===
437.85070|I|libbeamng.print:18052| === LSTM_OBS t=310 0.00238,0.00551,0.09690,0.12364,0.27733,9.62916,-9.77730,-0.03447,0.00000,0.00000,0.00049,1.00000,0.00000,-0.00133,-0.00802,729.66619,0.25000 ===
437.90059|I|libbeamng.print:18052| === LSTM_TRACE t=320 v=11.88 ws=0.00,0.00,0.01,0.02 cmd=0.993,0.992,0.866,0.855 cap=3079,3077,1682,1661 des=3079,3077,1472,1453 app=3079,3065,1472,1453 abs=nil,nil,nil,nil ebrake=1.00 ibrake=1.00 hasABS=0 sy=9.61 split=1.000,0.875 ===
437.90063|I|libbeamng.print:18052| === LSTM_OBS t=320 0.00373,0.00014,0.01359,0.02234,0.28749,9.60507,-9.75767,-0.03883,0.00000,0.00000,0.00169,1.00000,0.00000,-0.00170,-0.00818,729.41366,0.25000 ===
437.95132|I|libbeamng.print:18052| === LSTM_TRACE t=330 v=11.40 ws=0.00,0.00,0.02,0.03 cmd=0.993,0.993,0.865,0.856 cap=3080,3077,1681,1663 des=3080,3077,1471,1455 app=3080,3065,1471,1455 abs=nil,nil,nil,nil ebrake=1.00 ibrake=1.00 hasABS=0 sy=9.61 split=1.000,0.875 ===
437.95137|I|libbeamng.print:18052| === LSTM_OBS t=330 0.00090,0.00338,0.02231,0.03176,0.30084,9.61257,-9.72399,-0.03484,0.00000,0.00000,0.00142,1.00000,0.00000,-0.00218,-0.00830,730.07248,0.25000 ===
438.00068|I|libbeamng.print:18052| === LSTM_TRACE t=340 v=10.91 ws=0.00,0.00,0.01,0.01 cmd=0.994,0.993,0.865,0.857 cap=3080,3077,1681,1666 des=3080,3077,1471,1458 app=3080,3065,1471,1458 abs=nil,nil,nil,nil ebrake=1.00 ibrake=1.00 hasABS=0 sy=9.64 split=1.000,0.875 ===
438.00072|I|libbeamng.print:18052| === LSTM_OBS t=340 0.00211,0.00217,0.00819,0.01399,0.29832,9.63961,-9.71555,-0.03344,0.00000,0.00000,0.00162,1.00000,0.00000,-0.00233,-0.00849,729.24764,0.25000 ===
438.05082|I|libbeamng.print:18052| === LSTM_TRACE t=350 v=10.42 ws=0.00,0.00,0.01,0.00 cmd=0.994,0.993,0.865,0.857 cap=3081,3078,1681,1666 des=3081,3078,1471,1457 app=3081,3065,1471,1457 abs=nil,nil,nil,nil ebrake=1.00 ibrake=1.00 hasABS=0 sy=9.68 split=1.000,0.875 ===
438.05093|I|libbeamng.print:18052| === LSTM_OBS t=350 0.00281,0.00074,0.00901,0.00229,0.30951,9.68186,-9.71026,-0.03217,0.00000,0.00000,0.00146,1.00000,0.00000,-0.00246,-0.00869,728.71178,0.25000 ===
438.10067|I|libbeamng.print:18052| === LSTM_TRACE t=360 v=9.92 ws=0.00,0.00,0.00,0.00 cmd=0.994,0.993,0.865,0.857 cap=3081,3078,1680,1666 des=3081,3078,1470,1458 app=3081,3065,1470,1458 abs=nil,nil,nil,nil ebrake=1.00 ibrake=1.00 hasABS=0 sy=9.74 split=1.000,0.875 ===
438.10071|I|libbeamng.print:18052| === LSTM_OBS t=360 0.00106,0.00089,0.00210,0.00235,0.32603,9.73572,-9.71370,-0.03010,0.00000,0.00000,0.00154,1.00000,0.00000,-0.00258,-0.00888,728.11260,0.25000 ===
438.15104|I|libbeamng.print:18052| === LSTM_TRACE t=370 v=9.43 ws=0.00,0.00,0.00,0.01 cmd=0.994,0.993,0.865,0.858 cap=3081,3078,1680,1666 des=3081,3078,1470,1458 app=3081,3065,1470,1458 abs=nil,nil,nil,nil ebrake=1.00 ibrake=1.00 hasABS=0 sy=9.79 split=1.000,0.875 ===
438.15109|I|libbeamng.print:18052| === LSTM_OBS t=370 0.00078,0.00043,0.00270,0.00507,0.34648,9.79271,-9.71081,-0.02838,0.00000,0.00000,0.00162,1.00000,0.00000,-0.00274,-0.00909,729.71427,0.25000 ===
438.20093|I|libbeamng.print:18052| === LSTM_TRACE t=380 v=8.92 ws=0.00,0.00,0.00,0.00 cmd=0.994,0.993,0.864,0.858 cap=3081,3078,1679,1666 des=3081,3078,1469,1458 app=3081,3065,1469,1458 abs=nil,nil,nil,nil ebrake=1.00 ibrake=1.00 hasABS=0 sy=9.85 split=1.000,0.875 ===
438.20097|I|libbeamng.print:18052| === LSTM_OBS t=380 0.00115,0.00212,0.00347,0.00158,0.36281,9.85305,-9.71026,-0.02710,0.00000,0.00000,0.00169,1.00000,0.00000,-0.00283,-0.00928,729.16132,0.25000 ===
438.25084|I|libbeamng.print:18052| === LSTM_TRACE t=390 v=8.42 ws=0.00,0.00,0.00,0.01 cmd=0.994,0.993,0.864,0.857 cap=3082,3078,1678,1666 des=3082,3078,1469,1458 app=3082,3065,1469,1458 abs=nil,nil,nil,nil ebrake=1.00 ibrake=1.00 hasABS=0 sy=9.92 split=1.000,0.875 ===
438.25088|I|libbeamng.print:18052| === LSTM_OBS t=390 0.00085,0.00048,0.00262,0.00958,0.37954,9.91542,-9.70734,-0.02512,0.00000,0.00000,0.00162,1.00000,0.00000,-0.00292,-0.00946,728.41045,0.25000 ===
438.30078|I|libbeamng.print:18052| === LSTM_TRACE t=400 v=7.91 ws=0.00,0.00,0.01,0.01 cmd=0.994,0.993,0.863,0.857 cap=3082,3078,1678,1665 des=3082,3078,1468,1457 app=3082,3065,1468,1457 abs=nil,nil,nil,nil ebrake=1.00 ibrake=1.00 hasABS=0 sy=9.98 split=1.000,0.875 ===
438.30082|I|libbeamng.print:18052| === LSTM_OBS t=400 0.00327,0.00020,0.00734,0.00551,0.39631,9.98467,-9.70484,-0.02341,0.00000,0.00000,0.00169,1.00000,0.00000,-0.00301,-0.00966,726.95589,0.25000 ===
438.35089|I|libbeamng.print:18052| === LSTM_TRACE t=410 v=7.39 ws=0.00,0.00,0.01,0.01 cmd=0.994,0.993,0.863,0.857 cap=3082,3079,1677,1665 des=3082,3079,1467,1457 app=3082,3065,1467,1457 abs=nil,nil,nil,nil ebrake=1.00 ibrake=1.00 hasABS=0 sy=10.07 split=1.000,0.875 ===
438.35094|I|libbeamng.print:18052| === LSTM_OBS t=410 0.00130,0.00168,0.00714,0.00762,0.41541,10.06680,-9.70315,-0.02210,0.00000,0.00000,0.00176,1.00000,0.00000,-0.00312,-0.00986,727.36341,0.25000 ===
438.40095|I|libbeamng.print:18052| === LSTM_TRACE t=420 v=6.87 ws=0.01,0.00,0.00,0.01 cmd=0.994,0.993,0.862,0.857 cap=3082,3079,1676,1665 des=3082,3079,1466,1456 app=3082,3066,1466,1456 abs=nil,nil,nil,nil ebrake=1.00 ibrake=1.00 hasABS=0 sy=10.17 split=1.000,0.875 ===
438.40099|I|libbeamng.print:18052| === LSTM_OBS t=420 0.00504,0.00053,0.00496,0.00554,0.43468,10.16508,-9.70088,-0.02013,0.00000,0.00000,0.00183,1.00000,0.00000,-0.00323,-0.01009,724.34518,0.25000 ===
438.45089|I|libbeamng.print:18052| === LSTM_TRACE t=430 v=6.34 ws=0.00,0.00,0.01,0.01 cmd=0.994,0.993,0.862,0.856 cap=3083,3079,1674,1664 des=3083,3079,1465,1456 app=3083,3066,1465,1456 abs=nil,nil,nil,nil ebrake=1.00 ibrake=1.00 hasABS=0 sy=10.28 split=1.000,0.875 ===
438.45094|I|libbeamng.print:18052| === LSTM_OBS t=430 0.00112,0.00243,0.00898,0.01404,0.45230,10.27781,-9.70288,-0.01867,0.00000,0.00000,0.00183,1.00000,0.00000,-0.00334,-0.01033,724.64691,0.25000 ===
438.50066|I|libbeamng.print:18052| === LSTM_TRACE t=440 v=5.80 ws=0.00,0.00,0.00,0.00 cmd=0.995,0.993,0.861,0.856 cap=3083,3079,1673,1663 des=3083,3079,1464,1455 app=3083,3066,1464,1455 abs=nil,nil,nil,nil ebrake=1.00 ibrake=1.00 hasABS=0 sy=10.39 split=1.000,0.875 ===
438.50073|I|libbeamng.print:18052| === LSTM_OBS t=440 0.00405,0.00033,0.00492,0.00332,0.47047,10.38929,-9.70428,-0.01701,0.00000,0.00000,0.00183,1.00000,0.00000,-0.00345,-0.01059,723.23621,0.25000 ===
438.55089|I|libbeamng.print:18052| === LSTM_TRACE t=450 v=5.26 ws=0.00,0.00,0.02,0.03 cmd=0.995,0.993,0.860,0.855 cap=3083,3080,1672,1662 des=3083,3080,1463,1454 app=3083,3066,1462,1454 abs=nil,nil,nil,nil ebrake=1.00 ibrake=1.00 hasABS=0 sy=10.49 split=1.000,0.875 ===
438.55093|I|libbeamng.print:18052| === LSTM_OBS t=450 0.00179,0.00258,0.02317,0.03279,0.48665,10.49386,-9.70291,-0.01509,0.00000,0.00000,0.00189,1.00000,0.00000,-0.00353,-0.01083,723.43536,0.25000 ===
438.60085|I|libbeamng.print:18052| === LSTM_TRACE t=460 v=4.71 ws=0.00,0.00,0.01,0.01 cmd=0.995,0.994,0.860,0.855 cap=3084,3080,1670,1662 des=3084,3080,1462,1454 app=3084,3066,1461,1454 abs=nil,nil,nil,nil ebrake=1.00 ibrake=1.00 hasABS=0 sy=10.61 split=1.000,0.875 ===
438.60089|I|libbeamng.print:18052| === LSTM_OBS t=460 0.00402,0.00036,0.00806,0.00760,0.50255,10.60540,-9.70267,-0.01345,0.00000,0.00000,0.00198,1.00000,0.00000,-0.00360,-0.01109,723.62496,0.25000 ===
438.65085|I|libbeamng.print:18052| === LSTM_TRACE t=470 v=4.16 ws=0.00,0.00,0.00,0.00 cmd=0.995,0.994,0.859,0.855 cap=3084,3080,1669,1661 des=3084,3080,1460,1454 app=3084,3067,1460,1454 abs=nil,nil,nil,nil ebrake=1.00 ibrake=1.00 hasABS=0 sy=10.73 split=1.000,0.875 ===
438.65089|I|libbeamng.print:18052| === LSTM_OBS t=470 0.00054,0.00380,0.00328,0.00395,0.52193,10.72800,-9.70045,-0.01248,0.00000,0.00000,0.00204,1.00000,0.00000,-0.00369,-0.01143,725.05022,0.25000 ===
438.70068|I|libbeamng.print:18052| === LSTM_TRACE t=480 v=3.59 ws=0.00,0.00,0.00,0.01 cmd=0.995,0.994,0.858,0.855 cap=3084,3081,1667,1660 des=3084,3081,1459,1453 app=3084,3067,1458,1453 abs=nil,nil,nil,nil ebrake=1.00 ibrake=1.00 hasABS=0 sy=10.85 split=1.000,0.875 ===
438.70072|I|libbeamng.print:18052| === LSTM_OBS t=480 0.00323,0.00107,0.00461,0.00555,0.53859,10.84742,-9.69333,-0.01049,0.00000,0.00000,0.00198,1.00000,0.00000,-0.00381,-0.01176,726.48351,0.25000 ===
438.75059|I|libbeamng.print:18052| === LSTM_TRACE t=490 v=3.03 ws=0.00,0.00,0.00,0.00 cmd=0.995,0.994,0.857,0.854 cap=3084,3081,1666,1659 des=3084,3081,1457,1452 app=3084,3067,1457,1452 abs=nil,nil,nil,nil ebrake=1.00 ibrake=1.00 hasABS=0 sy=10.96 split=1.000,0.875 ===
438.75063|I|libbeamng.print:18052| === LSTM_OBS t=490 0.00232,0.00196,0.00229,0.00439,0.55301,10.95795,-9.68467,-0.00891,0.00000,0.00000,0.00204,1.00000,0.00000,-0.00390,-0.01202,728.46181,0.25000 ===
438.80057|I|libbeamng.print:18052| === LSTM_TRACE t=500 v=2.46 ws=0.00,0.00,0.01,0.01 cmd=0.995,0.994,0.857,0.854 cap=3085,3081,1664,1659 des=3085,3081,1456,1452 app=3085,3067,1456,1452 abs=nil,nil,nil,nil ebrake=1.00 ibrake=1.00 hasABS=0 sy=11.06 split=1.000,0.875 ===
438.80061|I|libbeamng.print:18052| === LSTM_OBS t=500 0.00430,0.00067,0.01053,0.01153,0.56752,11.05973,-9.67840,-0.00771,0.00000,0.00000,0.00210,1.00000,0.00000,-0.00398,-0.01220,726.52820,0.25000 ===
438.85074|I|libbeamng.print:18052| === LSTM_TRACE t=510 v=1.89 ws=0.00,0.00,0.18,0.03 cmd=0.995,0.994,0.856,0.853 cap=3085,3081,1663,1657 des=3085,3081,1455,1450 app=3085,3067,1454,1450 abs=nil,nil,nil,nil ebrake=1.00 ibrake=1.00 hasABS=0 sy=11.17 split=1.000,0.875 ===
438.85077|I|libbeamng.print:18052| === LSTM_OBS t=510 0.00118,0.00290,0.17955,0.03272,0.58277,11.16503,-9.67194,-0.00649,0.00000,0.00000,0.00216,1.00000,0.00000,-0.00405,-0.01232,726.26344,0.25000 ===
438.90076|I|libbeamng.print:18052| === LSTM_TRACE t=520 v=1.30 ws=0.00,0.00,1.48,0.02 cmd=0.994,0.993,0.855,0.849 cap=3082,3079,1661,1647 des=3082,3079,1454,1441 app=3082,3065,1453,1441 abs=nil,nil,nil,nil ebrake=1.00 ibrake=1.00 hasABS=0 sy=11.29 split=1.000,0.875 ===
438.90080|I|libbeamng.print:18052| === LSTM_OBS t=520 0.00309,0.00124,1.47793,0.01572
