 33.06825|I|libbeamng.print:18052| === LSTM_ABS: lens 'ens_band_g_mix5' loaded (5 members, 17 in, 64 hidden, 2 layers) ===
 33.07022|I|libbeamng.print:18052| === LSTM_ABS SELFTEST lens=band_g_mix_s1 cmd=0.981633,0.964734,0.830705,0.893940 ===
 33.07193|I|libbeamng.print:18052| === LSTM_ABS SELFTEST lens=band_g_mix_s2 cmd=0.983200,0.954371,0.453671,0.568007 ===
 33.07356|I|libbeamng.print:18052| === LSTM_ABS SELFTEST lens=band_g_mix_s3 cmd=0.982291,0.959624,0.460258,0.561774 ===
 33.07526|I|libbeamng.print:18052| === LSTM_ABS SELFTEST lens=band_g_mix_s4 cmd=0.999036,0.999105,0.887439,0.925263 ===
 33.07689|I|libbeamng.print:18052| === LSTM_ABS SELFTEST lens=band_g_mix_s5 cmd=0.999374,0.998767,0.829244,0.902820 ===
 46.39121|I|libbeamng.print:18052| === LSTM_ABS: lens 'ens_band_g_mix5' loaded (5 members, 17 in, 64 hidden, 2 layers) ===
 46.39394|I|libbeamng.print:18052| === LSTM_ABS SELFTEST lens=band_g_mix_s1 cmd=0.981633,0.964734,0.830705,0.893940 ===
 46.39590|I|libbeamng.print:18052| === LSTM_ABS SELFTEST lens=band_g_mix_s2 cmd=0.983200,0.954371,0.453671,0.568007 ===
 46.39749|I|libbeamng.print:18052| === LSTM_ABS SELFTEST lens=band_g_mix_s3 cmd=0.982291,0.959624,0.460258,0.561774 ===
 46.39909|I|libbeamng.print:18052| === LSTM_ABS SELFTEST lens=band_g_mix_s4 cmd=0.999036,0.999105,0.887439,0.925263 ===
 46.40072|I|libbeamng.print:18052| === LSTM_ABS SELFTEST lens=band_g_mix_s5 cmd=0.999374,0.998767,0.829244,0.902820 ===
 55.81470|I|libbeamng.print:18052| === LSTM_TRACE t=0 v=27.70 ws=27.70,27.80,27.40,27.52 cmd=0.856,0.840,0.462,0.480 cap=155,155,97,97 des=155,155,85,85 app=142,142,78,78 abs=nil,nil,nil,nil ebrake=1.00 ibrake=1.00 hasABS=0 sy=1.57 split=1.000,0.875 ===
 55.81475|I|libbeamng.print:18052| === LSTM_OBS t=0 27.69717,27.79931,27.39952,27.52302,0.02848,1.56738,-9.78531,-0.00084,0.00000,0.00000,0.00000,1.00000,0.00000,0.00074,-0.00910,7858.13501,0.25000 ===
 55.88085|I|libbeamng.print:18052| === LSTM_TRACE t=10 v=27.46 ws=27.11,26.94,26.87,26.94 cmd=0.379,0.455,0.451,0.459 cap=1031,1291,838,846 des=1031,1291,733,740 app=950,1191,676,683 abs=nil,nil,nil,nil ebrake=1.00 ibrake=1.00 hasABS=0 sy=2.12 split=1.000,0.875 ===
 55.88093|I|libbeamng.print:18052| === LSTM_OBS t=10 27.11288,26.93977,26.86923,26.94433,0.01275,2.12204,-9.74498,-0.00934,0.00000,0.00000,0.00229,1.00000,0.00000,0.00062,-0.00994,7783.38977,0.25000 ===
 55.89981|I|libbeamng.print:18052| === LSTM_ABS DBG raw=26.3702,26.4622,26.6219,26.6966,0.0231,2.4514,-9.7563,0.0080,0.0000,0.0000,0.0027,1.0000,0.0000,0.0008,-0.0106,7733.7635,0.2500 ===
 55.89987|I|libbeamng.print:18052| === LSTM_ABS DBG norm=0.56,0.50,0.53,0.51,-0.13,-2.15,0.00,0.08,0.06,-0.06,0.02,0.59,-0.02,0.00,0.00,3.84,0.00 ===
 55.89988|I|libbeamng.print:18052| === LSTM_ABS DBG cmd=0.4527,0.5121,0.4947,0.5096 ===
 55.93195|I|libbeamng.print:18052| === LSTM_TRACE t=20 v=27.10 ws=26.00,25.94,26.35,26.39 cmd=0.551,0.596,0.526,0.537 cap=1703,1847,1011,1035 des=1703,1847,885,906 app=1586,1725,826,845 abs=nil,nil,nil,nil ebrake=1.00 ibrake=1.00 hasABS=0 sy=3.30 split=1.000,0.875 ===
 55.93200|I|libbeamng.print:18052| === LSTM_OBS t=20 25.99607,25.94089,26.34902,26.38650,0.04456,3.29710,-9.65330,0.00048,0.00000,0.00000,0.00176,1.00000,0.00000,0.00073,-0.01181,7617.69733,0.25000 ===
 55.98374|I|libbeamng.print:18052| === LSTM_TRACE t=30 v=26.64 ws=25.30,25.24,25.61,25.78 cmd=0.663,0.691,0.615,0.618 cap=2027,2115,1170,1176 des=2027,2115,1023,1029 app=1911,1998,964,970 abs=nil,nil,nil,nil ebrake=1.00 ibrake=1.00 hasABS=0 sy=4.76 split=1.000,0.875 ===
 55.98387|I|libbeamng.print:18052| === LSTM_OBS t=30 25.29995,25.24303,25.61067,25.78475,0.07970,4.75514,-9.55809,-0.00088,0.00000,0.00000,0.00234,1.00000,0.00000,0.00072,-0.01389,7440.68500,0.25000 ===
 56.03323|I|libbeamng.print:18052| === LSTM_TRACE t=40 v=26.12 ws=24.23,24.05,24.92,25.05 cmd=0.780,0.798,0.723,0.719 cap=2389,2446,1392,1383 des=2389,2446,1218,1210 app=2277,2337,1159,1152 abs=nil,nil,nil,nil ebrake=1.00 ibrake=1.00 hasABS=0 sy=6.29 split=1.000,0.875 ===
 56.03329|I|libbeamng.print:18052| === LSTM_OBS t=40 24.22814,24.05260,24.91538,25.04870,0.11254,6.29215,-9.54175,-0.00228,0.00000,0.00000,0.00254,1.00000,0.00000,0.00068,-0.01604,7249.02633,0.25000 ===
 56.08355|I|libbeamng.print:18052| === LSTM_TRACE t=50 v=25.53 ws=23.03,22.84,24.11,24.31 cmd=0.824,0.840,0.773,0.775 cap=2518,2573,1492,1492 des=2518,2573,1305,1305 app=2421,2479,1252,1252 abs=nil,nil,nil,nil ebrake=1.00 ibrake=1.00 hasABS=0 sy=7.62 split=1.000,0.875 ===
 56.08359|I|libbeamng.print:18052| === LSTM_OBS t=50 23.03411,22.83798,24.11432,24.30548,0.07857,7.61746,-9.57251,-0.00085,0.00000,0.00000,0.00301,1.00000,0.00000,0.00070,-0.01802,7050.92204,0.25000 ===
 56.13034|I|libbeamng.print:18052| === LSTM_TRACE t=60 v=24.95 ws=21.40,20.99,23.24,23.35 cmd=0.810,0.831,0.795,0.800 cap=2621,2664,1542,1556 des=2621,2664,1350,1362 app=2540,2585,1304,1316 abs=nil,nil,nil,nil ebrake=1.00 ibrake=1.00 hasABS=0 sy=8.84 split=1.000,0.875 ===
 56.13043|I|libbeamng.print:18052| === LSTM_OBS t=60 21.40110,20.98710,23.24064,23.35291,0.10663,8.84034,-9.61583,-0.01664,0.00000,0.00000,0.00289,1.00000,0.00000,0.00083,-0.01942,6798.71041,0.25000 ===
 56.18553|I|libbeamng.print:18052| === LSTM_TRACE t=70 v=24.36 ws=20.10,18.98,22.28,22.69 cmd=0.814,0.828,0.804,0.811 cap=2466,2527,1559,1569 des=2466,2527,1364,1373 app=2402,2465,1325,1334 abs=nil,nil,nil,nil ebrake=1.00 ibrake=1.00 hasABS=0 sy=9.74 split=1.000,0.875 ===
 56.18561|I|libbeamng.print:18052| === LSTM_OBS t=70 20.09754,18.97679,22.28417,22.69068,0.07055,9.74033,-9.65555,-0.00774,0.00000,0.00000,0.00342,1.00000,0.00000,0.00110,-0.01994,6539.84152,0.25000 ===
 56.23515|I|libbeamng.print:18052| === LSTM_TRACE t=80 v=23.78 ws=18.57,16.50,21.32,21.87 cmd=0.728,0.752,0.802,0.808 cap=2415,2459,1553,1566 des=2415,2459,1359,1370 app=2361,2406,1325,1337 abs=nil,nil,nil,nil ebrake=1.00 ibrake=1.00 hasABS=0 sy=10.28 split=1.000,0.875 ===
 56.23520|I|libbeamng.print:18052| === LSTM_OBS t=80 18.56748,16.50268,21.32114,21.86609,0.07986,10.27750,-9.62235,-0.01499,0.00000,0.00000,0.00342,1.00000,0.00000,0.00135,-0.01955,6307.66696,0.25000 ===
 56.28031|I|libbeamng.print:18052| === LSTM_TRACE t=90 v=23.22 ws=17.36,13.64,20.32,21.21 cmd=0.720,0.740,0.815,0.820 cap=2361,2417,1587,1599 des=2361,2417,1389,1399 app=2314,2369,1359,1369 abs=nil,nil,nil,nil ebrake=1.00 ibrake=1.00 hasABS=0 sy=10.61 split=1.000,0.875 ===
 56.28037|I|libbeamng.print:18052| === LSTM_OBS t=90 17.35681,13.63718,20.32400,21.21337,0.06003,10.61234,-9.67043,-0.00050,0.00000,0.00000,0.00378,1.00000,0.00000,0.00154,-0.01860,6077.32845,0.25000 ===
 56.32508|I|libbeamng.print:18052| === LSTM_TRACE t=100 v=22.65 ws=16.00,10.36,19.31,20.75 cmd=0.683,0.711,0.826,0.826 cap=2150,2237,1592,1591 des=2150,2237,1393,1392 app=2111,2195,1366,1366 abs=nil,nil,nil,nil ebrake=1.00 ibrake=1.00 hasABS=0 sy=10.77 split=1.000,0.875 ===
 56.32513|I|libbeamng.print:18052| === LSTM_OBS t=100 16.00366,10.35583,19.31027,20.75411,0.04959,10.77274,-9.63967,0.01643,0.00000,0.00000,0.00244,1.00000,0.00000,0.00165,-0.01745,5853.45065,0.25000 ===
 56.37263|I|libbeamng.print:18052| === LSTM_TRACE t=110 v=22.11 ws=14.66,6.20,18.13,20.36 cmd=0.694,0.709,0.817,0.814 cap=2098,2151,1582,1571 des=2098,2151,1384,1375 app=2063,2110,1360,1352 abs=nil,nil,nil,nil ebrake=1.00 ibrake=1.00 hasABS=0 sy=10.82 split=1.000,0.875 ===
 56.37268|I|libbeamng.print:18052| === LSTM_OBS t=110 14.66152,6.19815,18.13044,20.35958,0.00816,10.82112,-9.61685,0.01113,0.00000,0.00000,0.00265,1.00000,0.00000,0.00178,-0.01636,5609.11075,0.25000 ===
 56.41982|I|libbeamng.print:18052| === LSTM_TRACE t=120 v=21.57 ws=13.28,2.03,16.60,20.17 cmd=0.690,0.697,0.809,0.804 cap=2166,2182,1573,1566 des=2166,2182,1376,1371 app=2132,2139,1354,1350 abs=nil,nil,nil,nil ebrake=1.00 ibrake=1.00 hasABS=0 sy=10.81 split=1.000,0.875 ===
 56.41990|I|libbeamng.print:18052| === LSTM_OBS t=120 13.28369,2.02661,16.60025,20.17385,-0.01139,10.80583,-9.60238,-0.00287,0.00000,0.00000,0.00189,1.00000,0.00000,0.00178,-0.01530,5403.00772,0.25000 ===
 56.46651|I|libbeamng.print:18052| === LSTM_TRACE t=130 v=21.05 ws=10.95,0.11,15.85,19.83 cmd=0.700,0.706,0.819,0.812 cap=2172,2191,1589,1576 des=2172,2191,1390,1379 app=2139,2144,1369,1360 abs=nil,nil,nil,nil ebrake=1.00 ibrake=1.00 hasABS=0 sy=10.76 split=1.000,0.875 ===
 56.46657|I|libbeamng.print:18052| === LSTM_OBS t=130 10.94548,0.11288,15.85347,19.82674,-0.00600,10.75777,-9.68007,-0.00520,0.00000,0.00000,0.00216,1.00000,0.00000,0.00056,-0.01382,5181.26576,0.25000 ===
 56.51334|I|libbeamng.print:18052| === LSTM_TRACE t=140 v=20.55 ws=7.40,0.05,14.76,19.24 cmd=0.675,0.681,0.823,0.818 cap=2058,2083,1594,1582 des=2058,2083,1395,1384 app=2027,2034,1374,1368 abs=nil,nil,nil,nil ebrake=1.00 ibrake=1.00 hasABS=0 sy=10.62 split=1.000,0.875 ===
 56.51338|I|libbeamng.print:18052| === LSTM_OBS t=140 7.40143,0.05099,14.75526,19.23861,-0.10080,10.62145,-9.69216,-0.01138,0.00000,0.00000,0.00229,1.00000,0.00000,-0.00042,-0.01222,4963.65933,0.25000 ===
 56.56029|I|libbeamng.print:18052| === LSTM_TRACE t=150 v=20.04 ws=2.98,0.02,13.52,18.97 cmd=0.727,0.746,0.840,0.840 cap=2235,2286,1628,1628 des=2235,2286,1425,1425 app=2199,2228,1404,1409 abs=nil,nil,nil,nil ebrake=1.00 ibrake=1.00 hasABS=0 sy=10.47 split=1.000,0.875 ===
 56.56035|I|libbeamng.print:18052| === LSTM_OBS t=150 2.97585,0.02461,13.52417,18.96724,-0.15436,10.46745,-9.65270,-0.02086,0.00000,0.00000,0.00091,1.00000,0.00000,-0.00013,-0.01099,4754.74493,0.25000 ===
 56.61390|I|libbeamng.print:18052| === LSTM_TRACE t=160 v=19.55 ws=0.07,0.02,12.11,18.64 cmd=0.839,0.875,0.853,0.863 cap=2574,2683,1653,1670 des=2574,2683,1446,1462 app=2528,2609,1426,1447 abs=nil,nil,nil,nil ebrake=1.00 ibrake=1.00 hasABS=0 sy=10.32 split=1.000,0.875 ===
 56.61396|I|libbeamng.print:18052| === LSTM_OBS t=160 0.07083,0.01672,12.10853,18.63891,-0.20122,10.32141,-9.71506,-0.02872,0.00000,0.00000,0.00069,1.00000,0.00000,0.00120,-0.00994,4522.41899,0.25000 ===
 56.66516|I|libbeamng.print:18052| === LSTM_TRACE t=170 v=19.07 ws=0.05,0.00,10.78,18.23 cmd=0.945,0.958,0.865,0.867 cap=2904,2955,1678,1683 des=2904,2955,1468,1473 app=2848,2869,1447,1459 abs=nil,nil,nil,nil ebrake=1.00 ibrake=1.00 hasABS=0 sy=10.13 split=1.000,0.875 ===
 56.66525|I|libbeamng.print:18052| === LSTM_OBS t=170 0.05310,0.00051,10.78081,18.22760,-0.10941,10.12931,-9.64018,-0.04159,0.00000,0.00000,0.00315,1.00000,0.00000,0.00147,-0.00866,4298.28575,0.25000 ===
 56.71505|I|libbeamng.print:18052| === LSTM_TRACE t=180 v=18.58 ws=0.02,0.00,9.69,17.66 cmd=0.979,0.983,0.867,0.866 cap=3030,3045,1685,1681 des=3030,3045,1474,1471 app=2966,2951,1453,1458 abs=nil,nil,nil,nil ebrake=1.00 ibrake=1.00 hasABS=0 sy=10.00 split=1.000,0.875 ===
 56.71512|I|libbeamng.print:18052| === LSTM_OBS t=180 0.01701,0.00010,9.69340,17.66383,-0.05109,10.00145,-9.60254,-0.04636,0.00000,0.00000,0.00331,1.00000,0.00000,0.00073,-0.00736,4040.99285,0.25000 ===
 56.76116|I|libbeamng.print:18052| === LSTM_TRACE t=190 v=18.09 ws=0.01,0.00,8.67,17.15 cmd=0.981,0.986,0.868,0.866 cap=3041,3055,1687,1683 des=3041,3055,1476,1473 app=2971,2956,1455,1461 abs=nil,nil,nil,nil ebrake=1.00 ibrake=1.00 hasABS=0 sy=9.96 split=1.000,0.875 ===
 56.76122|I|libbeamng.print:18052| === LSTM_OBS t=190 0.00971,0.00197,8.67140,17.14736,-0.00348,9.96313,-9.62709,-0.05020,0.00000,0.00000,0.00293,1.00000,0.00000,0.00003,-0.00626,3814.79668,0.25000 ===
 56.82174|I|libbeamng.print:18052| === LSTM_TRACE t=200 v=17.59 ws=0.00,0.00,7.37,16.52 cmd=0.982,0.987,0.867,0.865 cap=3045,3059,1685,1681 des=3045,3059,1474,1471 app=2969,2955,1451,1460 abs=nil,nil,nil,nil ebrake=1.00 ibrake=1.00 hasABS=0 sy=9.97 split=1.000,0.875 ===
 56.82181|I|libbeamng.print:18052| === LSTM_OBS t=200 0.00485,0.00037,7.36575,16.52433,0.05532,9.96602,-9.68051,-0.04541,0.00000,0.00000,0.00293,1.00000,0.00000,-0.00048,-0.00539,3568.46799,0.25000 ===
 56.86764|I|libbeamng.print:18052| === LSTM_TRACE t=210 v=17.08 ws=0.00,0.00,6.27,16.09 cmd=0.984,0.988,0.860,0.860 cap=3050,3063,1673,1673 des=3050,3063,1464,1464 app=2969,2954,1440,1453 abs=nil,nil,nil,nil ebrake=1.00 ibrake=1.00 hasABS=0 sy=10.00 split=1.000,0.875 ===
 56.86769|I|libbeamng.print:18052| === LSTM_OBS t=210 0.00280,0.00037,6.26759,16.09313,0.11124,10.00012,-9.73586,-0.03874,0.00000,0.00000,0.00311,1.00000,0.00000,-0.00086,-0.00476,3345.81678,0.25000 ===
 56.91807|I|libbeamng.print:18052| === LSTM_TRACE t=220 v=16.57 ws=0.00,0.02,5.39,15.54 cmd=0.986,0.990,0.859,0.860 cap=3057,3067,1668,1671 des=3057,3067,1460,1462 app=2970,2953,1435,1452 abs=nil,nil,nil,nil ebrake=1.00 ibrake=1.00 hasABS=0 sy=10.05 split=1.000,0.875 ===
 56.91813|I|libbeamng.print:18052| === LSTM_OBS t=220 0.00109,0.01681,5.38703,15.54190,0.17497,10.05385,-9.80077,-0.03057,0.00000,0.00000,0.00311,1.00000,0.00000,-0.00110,-0.00448,3105.47722,0.25000 ===
 56.96933|I|libbeamng.print:18052| === LSTM_TRACE t=230 v=16.06 ws=0.00,0.01,4.50,14.99 cmd=0.988,0.991,0.859,0.861 cap=3063,3071,1668,1673 des=3063,3071,1460,1464 app=2972,2952,1433,1454 abs=nil,nil,nil,nil ebrake=1.00 ibrake=1.00 hasABS=0 sy=10.12 split=1.000,0.875 ===
 56.96947|I|libbeamng.print:18052| === LSTM_OBS t=230 0.00412,0.00574,4.49706,14.99451,0.22549,10.12008,-9.86118,-0.02290,0.00000,0.00000,0.00315,1.00000,0.00000,-0.00087,-0.00469,2897.42369,0.25000 ===
 57.01619|I|libbeamng.print:18052| === LSTM_TRACE t=240 v=15.54 ws=0.02,0.00,2.48,14.34 cmd=0.990,0.992,0.859,0.863 cap=3069,3074,1670,1677 des=3069,3074,1461,1468 app=2973,2951,1432,1458 abs=nil,nil,nil,nil ebrake=1.00 ibrake=1.00 hasABS=0 sy=10.16 split=1.000,0.875 ===
 57.01623|I|libbeamng.print:18052| === LSTM_OBS t=240 0.01588,0.00255,2.48371,14.34174,0.25518,10.15928,-9.88378,-0.01078,0.00000,0.00000,0.00261,1.00000,0.00000,-0.00024,-0.00520,2681.24501,0.25000 ===
 57.07169|I|libbeamng.print:18052| === LSTM_TRACE t=250 v=15.05 ws=0.00,0.00,1.16,14.11 cmd=0.992,0.993,0.860,0.866 cap=3075,3078,1670,1681 des=3075,3078,1461,1471 app=2974,2950,1430,1461 abs=nil,nil,nil,nil ebrake=1.00 ibrake=1.00 hasABS=0 sy=10.09 split=1.000,0.875 ===
 57.07177|I|libbeamng.print:18052| === LSTM_OBS t=250 0.00376,0.00206,1.15811,14.10793,0.38191,10.09278,-9.85035,-0.01704,0.00000,0.00000,0.00342,1.00000,0.00000,-0.00038,-0.00563,2426.81066,0.25000 ===
 57.11720|I|libbeamng.print:18052| === LSTM_TRACE t=260 v=14.56 ws=0.01,0.01,0.56,13.28 cmd=0.993,0.993,0.861,0.868 cap=3077,3079,1671,1685 des=3077,3079,1463,1475 app=2971,2946,1428,1465 abs=nil,nil,nil,nil ebrake=1.00 ibrake=1.00 hasABS=0 sy=10.00 split=1.000,0.875 ===
 57.11725|I|libbeamng.print:18052| === LSTM_OBS t=260 0.00816,0.00513,0.55627,13.28056,0.40546,9.99849,-9.77704,-0.00330,0.00000,0.00000,0.00375,1.00000,0.00000,-0.00071,-0.00560,2169.37577,0.25000 ===
 57.16365|I|libbeamng.print:18052| === LSTM_TRACE t=270 v=14.06 ws=0.01,0.01,0.19,12.28 cmd=0.993,0.994,0.862,0.869 cap=3078,3080,1673,1688 des=3078,3080,1464,1477 app=2968,2944,1427,1468 abs=nil,nil,nil,nil ebrake=1.00 ibrake=1.00 hasABS=0 sy=9.98 split=1.000,0.875 ===
 57.16372|I|libbeamng.print:18052| === LSTM_OBS t=270 0.00615,0.00632,0.19184,12.28464,0.37282,9.98108,-9.78299,-0.00671,0.00000,0.00000,0.00398,1.00000,0.00000,-0.00011,-0.00573,1942.29417,0.25000 ===
 57.21519|I|libbeamng.print:18052| === LSTM_TRACE t=280 v=13.56 ws=0.00,0.00,0.01,11.04 cmd=0.994,0.994,0.863,0.870 cap=3081,3082,1676,1691 des=3081,3082,1466,1480 app=2966,2942,1426,1470 abs=nil,nil,nil,nil ebrake=1.00 ibrake=1.00 hasABS=0 sy=10.00 split=1.000,0.875 ===
 57.21523|I|libbeamng.print:18052| === LSTM_OBS t=280 0.00174,0.00022,0.01478,11.04381,0.35313,10.00082,-9.76615,-0.01019,0.00000,0.00000,0.00318,1.00000,0.00000,0.00073,-0.00595,1707.84649,0.25000 ===
 57.26264|I|libbeamng.print:18052| === LSTM_TRACE t=290 v=13.05 ws=0.00,0.00,0.01,9.34 cmd=0.995,0.995,0.864,0.872 cap=3083,3083,1679,1694 des=3083,3083,1469,1482 app=2964,2940,1426,1472 abs=nil,nil,nil,nil ebrake=1.00 ibrake=1.00 hasABS=0 sy=10.04 split=1.000,0.875 ===
 57.26268|I|libbeamng.print:18052| === LSTM_OBS t=290 0.00486,0.00002,0.01401,9.33766,0.33486,10.03879,-9.74957,-0.00619,0.00000,0.00000,0.00289,1.00000,0.00000,0.00119,-0.00627,1515.59237,0.25000 ===
 57.31420|I|libbeamng.print:18052| === LSTM_TRACE t=300 v=12.54 ws=0.00,0.00,0.00,7.56 cmd=0.995,0.995,0.866,0.873 cap=3086,3085,1683,1697 des=3086,3085,1472,1485 app=2963,2939,1427,1473 abs=nil,nil,nil,nil ebrake=1.00 ibrake=1.00 hasABS=0 sy=10.07 split=1.000,0.875 ===
 57.31425|I|libbeamng.print:18052| === LSTM_OBS t=300 0.00085,0.00021,0.00442,7.56025,0.31754,10.06956,-9.74342,-0.01083,0.00000,0.00000,0.00297,1.00000,0.00000,0.00145,-0.00655,1300.21076,0.25000 ===
 57.36567|I|libbeamng.print:18052| === LSTM_TRACE t=310 v=12.03 ws=0.01,0.00,0.00,5.39 cmd=0.996,0.996,0.869,0.875 cap=3088,3088,1687,1700 des=3088,3088,1476,1487 app=2962,2937,1428,1475 abs=nil,nil,nil,nil ebrake=1.00 ibrake=1.00 hasABS=0 sy=10.08 split=1.000,0.875 ===
 57.36573|I|libbeamng.print:18052| === LSTM_OBS t=310 0.01129,0.00257,0.00306,5.39385,0.29769,10.08045,-9.74571,-0.01383,0.00000,0.00000,0.00326,1.00000,0.00000,0.00158,-0.00667,1084.78984,0.25000 ===
 57.41428|I|libbeamng.print:18052| === LSTM_TRACE t=320 v=11.51 ws=0.02,0.01,0.02,3.77 cmd=0.997,0.997,0.871,0.877 cap=3090,3089,1691,1700 des=3090,3089,1479,1488 app=2960,2936,1429,1474 abs=nil,nil,nil,nil ebrake=1.00 ibrake=1.00 hasABS=0 sy=10.12 split=1.000,0.875 ===
 57.41435|I|libbeamng.print:18052| === LSTM_OBS t=320 0.02456,0.01303,0.02493,3.77036,0.28846,10.12210,-9.74935,-0.01305,0.00000,0.00000,0.00360,1.00000,0.00000,0.00126,-0.00687,896.48427,0.25000 ===
 57.46864|I|libbeamng.print:18052| === LSTM_TRACE t=330 v=11.01 ws=0.00,0.01,0.08,0.74 cmd=0.997,0.997,0.872,0.876 cap=3092,3090,1693,1700 des=3092,3090,1482,1488 app=2958,2934,1429,1472 abs=nil,nil,nil,nil ebrake=1.00 ibrake=1.00 hasABS=0 sy=10.21 split=1.000,0.875 ===
 57.46873|I|libbeamng.print:18052| === LSTM_OBS t=330 0.00257,0.01345,0.07643,0.74305,0.27362,10.20657,-9.77295,-0.02091,0.00000,0.00000,0.00404,1.00000,0.00000,0.00035,-0.00744,746.34261,0.25000 ===
 57.54252|I|libbeamng.print:18052| === LSTM_TRACE t=340 v=10.51 ws=0.00,0.00,0.01,0.14 cmd=0.996,0.996,0.872,0.875 cap=3089,3087,1694,1700 des=3089,3087,1482,1488 app=2952,2928,1427,1469 abs=nil,nil,nil,nil ebrake=1.00 ibrake=1.00 hasABS=0 sy=10.13 split=1.000,0.875 ===
 57.54257|I|libbeamng.print:18052| === LSTM_OBS t=340 0.00375,0.00010,0.01483,0.13980,0.19362,10.12938,-9.80334,-0.00163,0.00000,0.00000,0.00357,1.00000,0.00000,0.00019,-0.00785,723.75704,0.25000 ===
 57.58597|I|libbeamng.print:18052| === LSTM_TRACE t=350 v=10.01 ws=0.01,0.00,0.08,0.09 cmd=0.995,0.994,0.869,0.872 cap=3084,3082,1689,1696 des=3084,3082,1478,1484 app=2944,2921,1422,1463 abs=nil,nil,nil,nil ebrake=1.00 ibrake=1.00 hasABS=0 sy=10.11 split=1.000,0.875 ===
 57.58603|I|libbeamng.print:18052| === LSTM_OBS t=350 0.00615,0.00422,0.07899,0.09380,0.19356,10.11391,-9.78136,-0.00256,0.00000,0.00000,0.00293,1.00000,0.00000,-0.00007,-0.00795,721.74317,0.25000 ===
 57.64659|I|libbeamng.print:18052| === LSTM_TRACE t=360 v=9.49 ws=0.00,0.00,0.03,0.03 cmd=0.993,0.992,0.861,0.865 cap=3080,3077,1674,1682 des=3080,3077,1465,1472 app=2937,2914,1407,1449 abs=nil,nil,nil,nil ebrake=1.00 ibrake=1.00 hasABS=0 sy=10.13 split=1.000,0.875 ===
 57.64666|I|libbeamng.print:18052| === LSTM_OBS t=360 0.00354,0.00009,0.02530,0.02654,0.20167,10.12851,-9.74701,0.00274,0.00000,0.00000,0.00384,1.00000,0.00000,-0.00049,-0.00800,721.77058,0.25000 ===
 57.69467|I|libbeamng.print:18052| === LSTM_TRACE t=370 v=8.98 ws=0.00,0.00,0.01,0.01 cmd=0.993,0.991,0.851,0.854 cap=3078,3074,1654,1662 des=3078,3074,1448,1454 app=2933,2909,1389,1429 abs=nil,nil,nil,nil ebrake=1.00 ibrake=1.00 hasABS=0 sy=10.16 split=1.000,0.875 ===
 57.69474|I|libbeamng.print:18052| === LSTM_OBS t=370 0.00143,0.00115,0.01064,0.00596,0.19840,10.15864,-9.72757,0.00663,0.00000,0.00000,0.00435,1.00000,0.00000,-0.00063,-0.00812,722.29738,0.25000 ===
 57.74658|I|libbeamng.print:18052| === LSTM_TRACE t=380 v=8.46 ws=0.00,0.00,0.02,0.01 cmd=0.991,0.990,0.841,0.843 cap=3072,3068,1634,1640 des=3072,3068,1430,1435 app=2925,2901,1371,1408 abs=nil,nil,nil,nil ebrake=1.00 ibrake=1.00 hasABS=0 sy=10.20 split=1.000,0.875 ===
 57.74663|I|libbeamng.print:18052| === LSTM_OBS t=380 0.00162,0.00012,0.02353,0.00662,0.19148,10.20486,-9.72191,0.01006,0.00000,0.00000,0.00448,1.00000,0.00000,-0.00059,-0.00824,721.78778,0.25000 ===
 57.78743|I|libbeamng.print:18052| === LSTM_TRACE t=390 v=7.94 ws=0.00,0.00,0.03,0.02 cmd=0.990,0.989,0.839,0.840 cap=3069,3066,1629,1632 des=3069,3066,1426,1428 app=2920,2897,1366,1399 abs=nil,nil,nil,nil ebrake=1.00 ibrake=1.00 hasABS=0 sy=10.26 split=1.000,0.875 ===
 57.78751|I|libbeamng.print:18052| === LSTM_OBS t=390 0.00059,0.00218,0.02607,0.01691,0.18746,10.25793,-9.71571,0.01307,0.00000,0.00000,0.00430,1.00000,0.00000,-0.00056,-0.00840,719.55168,0.25000 ===
 57.82924|I|libbeamng.print:18052| === LSTM_TRACE t=400 v=7.41 ws=0.00,0.00,0.01,0.01 cmd=0.990,0.989,0.840,0.841 cap=3070,3067,1632,1633 des=3070,3067,1428,1429 app=2918,2896,1367,1398 abs=nil,nil,nil,nil ebrake=1.00 ibrake=1.00 hasABS=0 sy=10.33 split=1.000,0.875 ===
 57.82932|I|libbeamng.print:18052| === LSTM_OBS t=400 0.00110,0.00177,0.00752,0.01007,0.18907,10.32528,-9.71691,0.01705,0.00000,0.00000,0.00435,1.00000,0.00000,-0.00051,-0.00855,720.70569,0.25000 ===
 57.87891|I|libbeamng.print:18052| === LSTM_TRACE t=410 v=6.88 ws=0.00,0.00,0.00,0.01 cmd=0.990,0.990,0.842,0.843 cap=3070,3068,1636,1637 des=3070,3068,1432,1433 app=2916,2896,1369,1399 abs=nil,nil,nil,nil ebrake=1.00 ibrake=1.00 hasABS=0 sy=10.42 split=1.000,0.875 ===
 57.87896|I|libbeamng.print:18052| === LSTM_OBS t=410 0.00391,0.00140,0.00243,0.00610,0.19040,10.41797,-9.71195,0.01992,0.00000,0.00000,0.00457,1.00000,0.00000,-0.00046,-0.00874,722.93164,0.25000 ===
 57.92382|I|libbeamng.print:18052| === LSTM_TRACE t=420 v=6.34 ws=0.00,0.00,0.00,0.01 cmd=0.991,0.990,0.843,0.844 cap=3071,3070,1638,1640 des=3071,3070,1433,1435 app=2915,2895,1370,1401 abs=nil,nil,nil,nil ebrake=1.00 ibrake=1.00 hasABS=0 sy=10.52 split=1.000,0.875 ===
 57.92387|I|libbeamng.print:18052| === LSTM_OBS t=420 0.00053,0.00113,0.00240,0.00609,0.19232,10.52308,-9.70741,0.02231,0.00000,0.00000,0.00476,1.00000,0.00000,-0.00036,-0.00896,726.87957,0.25000 ===
 57.96855|I|libbeamng.print:18052| === LSTM_TRACE t=430 v=5.79 ws=0.00,0.00,0.01,0.01 cmd=0.990,0.990,0.840,0.843 cap=3071,3069,1634,1638 des=3071,3069,1429,1433 app=2912,2893,1365,1397 abs=nil,nil,nil,nil ebrake=1.00 ibrake=1.00 hasABS=0 sy=10.63 split=1.000,0.875 ===
 57.96860|I|libbeamng.print:18052| === LSTM_OBS t=430 0.00088,0.00183,0.00684,0.00874,0.19021,10.62823,-9.70699,0.02442,0.00000,0.00000,0.00481,1.00000,0.00000,-0.00027,-0.00917,724.78263,0.25000 ===
 58.01580|I|libbeamng.print:18052| === LSTM_TRACE t=440 v=5.24 ws=0.00,0.00,0.03,0.00 cmd=0.990,0.989,0.837,0.840 cap=3070,3067,1627,1632 des=3070,3067,1423,1428 app=2910,2890,1359,1390 abs=nil,nil,nil,nil ebrake=1.00 ibrake=1.00 hasABS=0 sy=10.73 split=1.000,0.875 ===
 58.01587|I|libbeamng.print:18052| === LSTM_OBS t=440 0.00033,0.00068,0.03151,0.00499,0.18716,10.72662,-9.70842,0.02494,0.00000,0.00000,0.00487,1.00000,0.00000,-0.00018,-0.00940,725.89989,0.25000 ===
 58.06465|I|libbeamng.print:18052| === LSTM_TRACE t=450 v=4.68 ws=0.00,0.00,0.00,0.01 cmd=0.991,0.990,0.836,0.838 cap=3071,3068,1623,1628 des=3071,3068,1421,1424 app=2909,2889,1355,1386 abs=nil,nil,nil,nil ebrake=1.00 ibrake=1.00 hasABS=0 sy=10.84 split=1.000,0.875 ===
 58.06471|I|libbeamng.print:18052| === LSTM_OBS t=450 0.00313,0.00319,0.00270,0.00994,0.18118,10.83730,-9.70769,0.02686,0.00000,0.00000,0.00497,1.00000,0.00000,-0.00011,-0.00962,727.28139,0.25000 ===
 58.11620|I|libbeamng.print:18052| === LSTM_TRACE t=460 v=4.11 ws=0.00,0.00,0.01,0.00 cmd=0.991,0.990,0.834,0.836 cap=3072,3069,1620,1624 des=3072,3069,1418,1421 app=2908,2889,1352,1381 abs=nil,nil,nil,nil ebrake=1.00 ibrake=1.00 hasABS=0 sy=10.96 split=1.000,0.875 ===
 58.11628|I|libbeamng.print:18052| === LSTM_OBS t=460 0.00031,0.00043,0.00837,0.00359,0.17654,10.96498,-9.70967,0.02717,0.00000,0.00000,0.00516,1.00000,0.00000,-0.00002,-0.00995,729.27641,0.25000 ===
 58.16425|I|libbeamng.print:18052| === LSTM_TRACE t=470 v=3.54 ws=0.00,0.00,0.02,0.01 cmd=0.991,0.990,0.831,0.833 cap=3072,3069,1615,1619 des=3072,3069,1413,1417 app=2907,2887,1348,1376 abs=nil,nil,nil,nil ebrake=1.00 ibrake=1.00 hasABS=0 sy=11.08 split=1.000,0.875 ===
 58.16431|I|libbeamng.print:18052| === LSTM_OBS t=470 0.00199,0.00122,0.01981,0.00778,0.16883,11.08492,-9.70563,0.02771,0.00000,0.00000,0.00533,1.00000,0.00000,0.00003,-0.01027,727.00617,0.25000 ===
 58.21096|I|libbeamng.print:18052| === LSTM_TRACE t=480 v=2.97 ws=0.00,0.00,0.05,0.01 cmd=0.991,0.990,0.829,0.831 cap=3073,3068,1611,1615 des=3073,3068,1410,1413 app=2906,2886,1344,1371 abs=nil,nil,nil,nil ebrake=1.00 ibrake=1.00 hasABS=0 sy=11.18 split=1.000,0.875 ===
 58.21101|I|libbeamng.print:18052| === LSTM_OBS t=480 0.00004,0.00001,0.04571,0.00984,0.16167,11.18396,-9.70303,0.02648,0.00000,0.00000,0.00533,1.00000,0.00000,0.00012,-0.01053,729.51995,0.25000 ===
 58.26286|I|libbeamng.print:18052| === LSTM_TRACE t=490 v=2.39 ws=0.00,0.00,0.40,0.02 cmd=0.991,0.990,0.827,0.829 cap=3072,3068,1608,1611 des=3072,3068,1407,1410 app=2904,2884,1340,1367 abs=nil,nil,nil,nil ebrake=1.00 ibrake=1.00 hasABS=0 sy=11.29 split=1.000,0.875 ===
 58.26296|I|libbeamng.print:18052| === LSTM_OBS t=490 0.00080,0.00206,0.40304,0.02395,0.14811,11.28752,-9.70428,0.02559,0.00000,0.00000,0.00535,1.00000,0.00000,0.00031,-0.01074,728.74644,0.25000 ===
 58.31216|I|libbeamng.print:18052| === LSTM_TRACE t=500 v=1.81 ws=0.00,0.00,0.54,0.02 cmd=0.991,0.990,0.826,0.828 cap=3072,3068,1606,1608 des=3072,3068,1405,1407 app=2903,2884,1339,1364 abs=nil,nil,nil,nil ebrake=1.00 ibrake=1.00 hasABS=0 sy=11.39 split=1.000,0.875 ===
 58.31221|I|libbeamng.print:18052| === LSTM_OBS t=500 0.00238,0.00043,0.53665,0.02397,0.13769,11.39364,-9.71140,0.01873,0.00000,0.00000,0.00545,1.00000,0.00000,0.00055,-0.01103,729.13550,0.25000 ===
 58.36406|I|libbeamng.print:18052| === LSTM_TRACE t=510 v=1.24 ws=0.00,0.00,0.81,0.20 cmd=0.990,0.989,0.827,0.828 cap=3070,3067,1606,1608 des=3070,3067,1406,1407 app=2900,2881,1339,1362 abs=nil,nil,nil,nil ebrake=1.00 ibrake=1.00 hasABS=0 sy=11.41 split=1.000,0.875 ===
 58.36412|I|libbeamng.print:18052| === LSTM_OBS t=510 0.00025,0.00013,0.80748,0.20370,0.14147,11.40892,-9.66684,0.01168,0.00000,0.00000,0.00547,1.00000,0.00000,0.00018,-0.01117,729.50671,0.25000 ===
 58.41685|I|libbeamng.print:18052| === LSTM_TRACE t=520 v=0.67 ws=0.00,0.00,0.49,0.22 cmd=0.990,0.989,0.829,0.832 cap=3071,3065,1610,1617 des=3071,3065,1409,1415 app=2899,2879,1343,1370 abs=nil,nil,nil,nil ebrake=1.00 ibrake=1.00 hasABS=0 sy=11.41 split=1.000,0.875 ===
 58.41690|I|libbeamng.print:18052| === LSTM_OBS t=520 0.00297,0.00258,0.49205,0.22482,0.11524,11.41369,-9.72428,0.01059,0.00000,0.00000,0.00567,1.00000,0.00000,0.00045,-0.01124,729.50524,0.25000 ===
 88.90229|I|libbeamng.print:18052| === LSTM_TRACE t=0 v=27.71 ws=27.76,27.87,27.35,27.41 cmd=0.858,0.842,0.464,0.482 cap=3100,3100,1700,1700 des=3100,3100,1488,1488 app=36,36,20,20 abs=nil,nil,nil,nil ebrake=1.00 ibrake=1.00 hasABS=0 sy=1.57 split=1.000,0.875 ===
 88.90241|I|libbeamng.print:18052| === LSTM_OBS t=0 27.76101,27.87228,27.34849,27.41015,-0.00218,1.57108,-9.77781,-0.00896,0.00000,0.00000,0.00069,1.00000,0.00000,0.00091,-0.00902,7856.72585,0.25000 ===
 88.95271|I|libbeamng.print:18052| === LSTM_TRACE t=10 v=27.47 ws=27.10,26.89,26.96,27.03 cmd=0.386,0.462,0.460,0.471 cap=1056,1317,855,867 des=1056,1317,748,759 app=995,1239,712,730 abs=nil,nil,nil,nil ebrake=1.00 ibrake=1.00 hasABS=0 sy=2.13 split=1.000,0.875 ===
 88.95275|I|libbeamng.print:18052| === LSTM_OBS t=10 27.09972,26.89214,26.96335,27.02583,-0.04256,2.12826,-9.73472,-0.01264,0.00000,0.00000,0.00265,1.00000,0.00000,0.00088,-0.00986,7779.44925,0.25000 ===
 88.97281|I|libbeamng.print:18052| === LSTM_ABS DBG raw=26.3137,26.2813,26.6406,26.7510,-0.0178,2.5532,-9.6999,0.0007,0.0000,0.0000,0.0027,1.0000,0.0000,0.0010,-0.0106,7714.0985,0.2500 ===
 88.97285|I|libbeamng.print:18052| === LSTM_ABS DBG norm=0.55,0.49,0.53,0.51,-0.17,-2.11,0.00,0.03,0.06,-0.06,0.02,0.59,-0.02,0.00,0.00,3.82,0.00 ===
 88.97285|I|libbeamng.print:18052| === LSTM_ABS DBG cmd=0.4621,0.5197,0.5112,0.5282 ===
 89.00255|I|libbeamng.print:18052| === LSTM_TRACE t=20 v=27.09 ws=25.88,25.79,26.19,26.23 cmd=0.578,0.617,0.549,0.560 cap=1762,1890,1056,1081 des=1762,1890,924,946 app=1674,1794,886,916 abs=nil,nil,nil,nil ebrake=1.00 ibrake=1.00 hasABS=0 sy=3.36 split=1.000,0.875 ===
 89.00261|I|libbeamng.print:18052| === LSTM_OBS t=20 25.87602,25.78803,26.18979,26.22593,-0.00123,3.35757,-9.56823,-0.00836,0.00000,0.00000,0.00183,1.00000,0.00000,0.00097,-0.01180,7600.95450,0.25000 ===
 89.05294|I|libbeamng.print:18052| === LSTM_TRACE t=30 v=26.61 ws=25.13,25.09,25.48,25.58 cmd=0.698,0.722,0.640,0.640 cap=2138,2212,1223,1226 des=2138,2212,1070,1072 app=2050,2120,1033,1045 abs=nil,nil,nil,nil ebrake=1.00 ibrake=1.00 hasABS=0 sy=4.91 split=1.000,0.875 ===
 89.05298|I|libbeamng.print:18052| === LSTM_OBS t=30 25.13164,25.09098,25.48165,25.58039,0.00404,4.90776,-9.46187,-0.01092,0.00000,0.00000,0.00204,1.00000,0.00000,0.00109,-0.01402,7406.45696,0.25000 ===
 89.10236|I|libbeamng.print:18052| === LSTM_TRACE t=40 v=26.06 ws=23.94,24.01,24.76,24.90 cmd=0.787,0.805,0.735,0.731 cap=2421,2480,1416,1407 des=2421,2480,1239,1232 app=2342,2398,1204,1206 abs=nil,nil,nil,nil ebrake=1.00 ibrake=1.00 hasABS=0 sy=6.40 split=1.000,0.875 ===
 89.10241|I|libbeamng.print:18052| === LSTM_OBS t=40 23.93704,24.01280,24.75808,24.89580,0.00577,6.39835,-9.50857,-0.00729,0.00000,0.00000,0.00249,1.00000,0.00000,0.00107,-0.01622,7199.08003,0.25000 ===
 89.15277|I|libbeamng.print:18052| === LSTM_TRACE t=50 v=25.48 ws=22.64,22.45,23.89,23.99 cmd=0.842,0.854,0.781,0.783 cap=2614,2653,1511,1516 des=2614,2653,1322,1326 app=2545,2583,1292,1304 abs=nil,nil,nil,nil ebrake=1.00 ibrake=1.00 hasABS=0 sy=7.87 split=1.000,0.875 ===
 89.15282|I|libbeamng.print:18052| === LSTM_OBS t=50 22.63506,22.45354,23.89341,23.98975,0.05333,7.86774,-9.52408,-0.00755,0.00000,0.00000,0.00270,1.00000,0.00000,0.00100,-0.01818,6966.30823,0.25000 ===
 89.20327|I|libbeamng.print:18052| === LSTM_TRACE t=60 v=24.88 ws=20.95,20.42,23.01,23.07 cmd=0.831,0.848,0.800,0.809 cap=2569,2622,1554,1570 des=2569,2622,1360,1374 app=2515,2566,1335,1356 abs=nil,nil,nil,nil ebrake=1.00 ibrake=1.00 hasABS=0 sy=9.02 split=1.000,0.875 ===
 89.20334|I|libbeamng.print:18052| === LSTM_OBS t=60 20.95017,20.41830,23.01316,23.06834,0.07888,9.02270,-9.59619,-0.00315,0.00000,0.00000,0.00338,1.00000,0.00000,0.00103,-0.01946,6718.39970,0.25000 ===
 89.25258|I|libbeamng.print:18052| === LSTM_TRACE t=70 v=24.30 ws=19.23,17.96,22.04,22.25 cmd=0.781,0.803,0.806,0.812 cap=2370,2447,1558,1567 des=2370,2447,1363,1371 app=2328,2403,1342,1356 abs=nil,nil,nil,nil ebrake=1.00 ibrake=1.00 hasABS=0 sy=9.81 split=1.000,0.875 ===
 89.25262|I|libbeamng.print:18052| === LSTM_OBS t=70 19.23393,17.95919,22.04384,22.24500,0.07010,9.80502,-9.66041,-0.00551,0.00000,0.00000,0.00278,1.00000,0.00000,0.00120,-0.01974,6461.03589,0.25000 ===
 89.30317|I|libbeamng.print:18052| === LSTM_TRACE t=80 v=23.73 ws=17.64,15.12,21.19,21.40 cmd=0.740,0.764,0.813,0.818 cap=2312,2381,1578,1591 des=2312,2381,1381,1392 app=2278,2343,1363,1380 abs=nil,nil,nil,nil ebrake=1.00 ibrake=1.00 hasABS=0 sy=10.28 split=1.000,0.875 ===
 89.30321|I|libbeamng.print:18052| === LSTM_OBS t=80 17.63638,15.11598,21.19209,21.40302,0.06647,10.28370,-9.66932,-0.00580,0.00000,0.00000,0.00338,1.00000,0.00000,0.00136,-0.01913,6211.68642,0.25000 ===
 89.35253|I|libbeamng.print:18052| === LSTM_TRACE t=90 v=23.17 ws=16.21,11.93,20.19,20.80 cmd=0.696,0.730,0.825,0.828 cap=2109,2218,1588,1589 des=2109,2218,1390,1391 app=2081,2186,1374,1381 abs=nil,nil,nil,nil ebrake=1.00 ibrake=1.00 hasABS=0 sy=10.57 split=1.000,0.875 ===
 89.35257|I|libbeamng.print:18052| === LSTM_OBS t=90 16.21056,11.93054,20.18518,20.80307,0.03476,10.57071,-9.67407,0.01759,0.00000,0.00000,0.00234,1.00000,0.00000,0.00158,-0.01798,5971.01537,0.25000 ===
 89.40228|I|libbeamng.print:18052| === LSTM_TRACE t=100 v=22.64 ws=14.81,7.99,19.15,20.25 cmd=0.703,0.720,0.820,0.816 cap=2177,2233,1600,1594 des=2177,2233,1400,1394 app=2150,2201,1386,1386 abs=nil,nil,nil,nil ebrake=1.00 ibrake=1.00 hasABS=0 sy=10.67 split=1.000,0.875 ===
 89.40233|I|libbeamng.print:18052| === LSTM_OBS t=100 14.81449,7.98585,19.15301,20.24876,0.01364,10.67218,-9.64692,-0.00047,0.00000,0.00000,0.00289,1.00000,0.00000,0.00171,-0.01678,5736.87743,0.25000 ===
 89.45267|I|libbeamng.print:18052| === LSTM_TRACE t=110 v=22.10 ws=13.34,4.18,17.77,20.00 cmd=0.700,0.704,0.813,0.810 cap=2142,2164,1575,1567 des=2142,2164,1378,1371 app=2117,2132,1366,1364 abs=nil,nil,nil,nil ebrake=1.00 ibrake=1.00 hasABS=0 sy=10.70 split=1.000,0.875 ===
 89.45271|I|libbeamng.print:18052| === LSTM_OBS t=110 13.33609,4.17653,17.77461,20.00054,-0.01348,10.69784,-9.61884,0.00954,0.00000,0.00000,0.00289,1.00000,0.00000,0.00191,-0.01556,5514.22493,0.25000 ===
 89.50247|I|libbeamng.print:18052| === LSTM_TRACE t=120 v=21.57 ws=10.73,0.06,16.43,19.87 cmd=0.668,0.679,0.819,0.809 cap=2130,2149,1589,1576 des=2130,2149,1391,1379 app=2107,2115,1380,1373 abs=nil,nil,nil,nil ebrake=1.00 ibrake=1.00 hasABS=0 sy=10.69 split=1.000,0.875 ===
 89.50252|I|libbeamng.print:18052| === LSTM_OBS t=120 10.72544,0.06107,16.43173,19.87477,0.01172,10.69457,-9.65145,-0.00431,0.00000,0.00000,0.00124,1.00000,0.00000,0.00117,-0.01424,5299.14140,0.25000 ===
 89.55325|I|libbeamng.print:18052| === LSTM_TRACE t=130 v=21.07 ws=6.73,0.02,15.63,19.46 cmd=0.690,0.702,0.830,0.821 cap=2163,2196,1611,1594 des=2163,2196,1409,1395 app=2139,2158,1399,1390 abs=nil,nil,nil,nil ebrake=1.00 ibrake=1.00 hasABS=0 sy=10.53 split=1.000,0.875 ===
 89.55330|I|libbeamng.print:18052| === LSTM_OBS t=130 6.72624,0.01897,15.62998,19.45786,-0.08720,10.53467,-9.66570,0.00512,0.00000,0.00000,0.00162,1.00000,0.00000,0.00094,-0.01299,5082.45729,0.25000 ===
 89.60246|I|libbeamng.print:18052| === LSTM_TRACE t=140 v=20.57 ws=1.89,0.02,13.72,19.49 cmd=0.728,0.744,0.837,0.837 cap=2242,2292,1624,1623 des=2242,2292,1421,1420 app=2216,2249,1411,1416 abs=nil,nil,nil,nil ebrake=1.00 ibrake=1.00 hasABS=0 sy=10.38 split=1.000,0.875 ===
 89.60251|I|libbeamng.print:18052| === LSTM_OBS t=140 1.89287,0.02492,13.72126,19.48799,-0.14540,10.37822,-9.67632,-0.00954,0.00000,0.00000,0.00372,1.00000,0.00000,0.00169,-0.01188,4865.25652,0.25000 ===
 89.65260|I|libbeamng.print:18052| === LSTM_TRACE t=150 v=20.08 ws=0.13,0.02,12.13,19.30 cmd=0.817,0.850,0.849,0.862 cap=2511,2607,1646,1671 des=2511,2607,1441,1462 app=2478,2554,1431,1459 abs=nil,nil,nil,nil ebrake=1.00 ibrake=1.00 hasABS=0 sy=10.24 split=1.000,0.875 ===
 89.65272|I|libbeamng.print:18052| === LSTM_OBS t=150 0.12845,0.01664,12.13359,19.29577,-0.22984,10.23561,-9.81641,-0.02173,0.00000,0.00000,0.00176,1.00000,0.00000,0.00368,-0.01052,4637.00791,0.25000 ===
 89.70239|I|libbeamng.print:18052| === LSTM_TRACE t=160 v=19.63 ws=0.06,0.01,10.87,18.92 cmd=0.878,0.918,0.858,0.865 cap=2673,2809,1664,1680 des=2673,2809,1456,1470 app=2634,2748,1446,1467 abs=nil,nil,nil,nil ebrake=1.00 ibrake=1.00 hasABS=0 sy=9.96 split=1.000,0.875 ===
 89.70245|I|libbeamng.print:18052| === LSTM_OBS t=160 0.05898,0.00988,10.87301,18.92388,-0.17168,9.96002,-9.71025,-0.04360,0.00000,0.00000,0.00162,1.00000,0.00000,0.00460,-0.00877,4378.92747,0.25000 ===
 89.75270|I|libbeamng.print:18052| === LSTM_TRACE t=170 v=19.16 ws=0.02,0.01,9.61,18.48 cmd=0.945,0.960,0.866,0.868 cap=2917,2966,1682,1687 des=2917,2966,1471,1476 app=2871,2897,1461,1474 abs=nil,nil,nil,nil ebrake=1.00 ibrake=1.00 hasABS=0 sy=9.77 split=1.000,0.875 ===
 89.75275|I|libbeamng.print:18052| === LSTM_OBS t=170 0.01596,0.00923,9.61061,18.47815,-0.11294,9.77311,-9.58624,-0.04455,0.00000,0.00000,0.00104,1.00000,0.00000,0.00368,-0.00724,4117.87404,0.25000 ===
 89.80246|I|libbeamng.print:18052| === LSTM_TRACE t=180 v=18.68 ws=0.02,0.01,8.23,17.92 cmd=0.965,0.975,0.867,0.866 cap=2988,3021,1684,1683 des=2988,3021,1473,1473 app=2937,2947,1462,1471 abs=nil,nil,nil,nil ebrake=1.00 ibrake=1.00 hasABS=0 sy=9.72 split=1.000,0.875 ===
 89.80252|I|libbeamng.print:18052| === LSTM_OBS t=180 0.01525,0.00809,8.23041,17.91830,-0.07938,9.71974,-9.59559,-0.04841,0.00000,0.00000,0.00104,1.00000,0.00000,0.00255,-0.00599,3866.22337,0.25000 ===
 89.85296|I|libbeamng.print:18052| === LSTM_TRACE t=190 v=18.19 ws=0.01,0.00,6.99,17.33 cmd=0.969,0.978,0.866,0.865 cap=3000,3032,1684,1682 des=3000,3032,1473,1471 app=2945,2953,1462,1470 abs=nil,nil,nil,nil ebrake=1.00 ibrake=1.00 hasABS=0 sy=9.73 split=1.000,0.875 ===
 89.85302|I|libbeamng.print:18052| === LSTM_OBS t=190 0.00701,0.00196,6.98692,17.33445,-0.04686,9.72676,-9.66114,-0.04291,0.00000,0.00000,0.00115,1.00000,0.00000,0.00165,-0.00509,3618.31457,0.25000 ===
 89.90219|I|libbeamng.print:18052| === LSTM_TRACE t=200 v=17.69 ws=0.01,0.01,5.83,16.84 cmd=0.973,0.981,0.861,0.862 cap=3015,3041,1675,1675 des=3015,3041,1465,1465 app=2955,2959,1453,1465 abs=nil,nil,nil,nil ebrake=1.00 ibrake=1.00 hasABS=0 sy=9.75 split=1.000,0.875 ===
 89.90224|I|libbeamng.print:18052| === LSTM_OBS t=200 0.00638,0.00780,5.83212,16.84131,0.00688,9.74826,-9.72958,-0.03203,0.00000,0.00000,0.00142,1.00000,0.00000,0.00104,-0.00446,3371.95742,0.25000 ===
 89.95277|I|libbeamng.print:18052| === LSTM_TRACE t=210 v=17.20 ws=0.00,0.02,4.98,16.24 cmd=0.978,0.984,0.857,0.859 cap=3029,3050,1666,1670 des=3029,3050,1458,1462 app=2966,2963,1444,1461 abs=nil,nil,nil,nil ebrake=1.00 ibrake=1.00 hasABS=0 sy=9.81 split=1.000,0.875 ===
 89.95284|I|libbeamng.print:18052| === LSTM_OBS t=210 0.00178,0.02358,4.98440,16.23851,0.05517,9.81390,-9.81970,-0.03479,0.00000,0.00000,0.00115,1.00000,0.00000,0.00085,-0.00431,3136.98571,0.25000 ===
 90.00264|I|libbeamng.print:18052| === LSTM_TRACE t=220 v=16.69 ws=0.02,0.01,3.29,15.88 cmd=0.982,0.987,0.858,0.862 cap=3045,3059,1667,1674 des=3045,3059,1458,1464 app=2977,2969,1444,1464 abs=nil,nil,nil,nil ebrake=1.00 ibrake=1.00 hasABS=0 sy=9.89 split=1.000,0.875 ===
 90.00271|I|libbeamng.print:18052| === LSTM_OBS t=220 0.01678,0.01031,3.28779,15.88088,0.12003,9.88778,-9.88630,-0.01759,0.00000,0.00000,0.00091,1.00000,0.00000,0.00123,-0.00467,2908.43825,0.25000 ===
 90.05329|I|libbeamng.print:18052| === LSTM_TRACE t=230 v=16.21 ws=0.01,0.01,2.55,15.76 cmd=0.986,0.989,0.858,0.863 cap=3055,3065,1667,1676 des=3055,3065,1458,1467 app=2984,2971,1442,1467 abs=nil,nil,nil,nil ebrake=1.00 ibrake=1.00 hasABS=0 sy=9.86 split=1.000,0.875 ===
 90.05334|I|libbeamng.print:18052| === LSTM_OBS t=230 0.00566,0.00786,2.55408,15.75783,0.17307,9.86004,-9.93884,-0.02259,0.00000,0.00000,0.00169,1.00000,0.00000,0.00158,-0.00512,2662.86099,0.25000 ===
 90.10261|I|libbeamng.print:18052| === LSTM_TRACE t=240 v=15.73 ws=0.00,0.01,0.39,15.16 cmd=0.988,0.990,0.858,0.866 cap=3063,3070,1667,1682 des=3063,3070,1459,1472 app=2987,2972,1441,1472 abs=nil,nil,nil,nil ebrake=1.00 ibrake=1.00 hasABS=0 sy=9.81 split=1.000,0.875 ===
 90.10277|I|libbeamng.print:18052| === LSTM_OBS t=240 0.00023,0.00651,0.39118,15.15756,0.19375,9.80853,-9.90876,-0.01257,0.00000,0.00000,0.00169,1.00000,0.00000,0.00213,-0.00551,2408.45429,0.25000 ===
 90.15285|I|libbeamng.print:18052| === LSTM_TRACE t=250 v=15.26 ws=0.01,0.00,0.08,14.34 cmd=0.989,0.991,0.857,0.866 cap=3065,3072,1666,1683 des=3065,3072,1458,1473 app=2986,2970,1438,1473 abs=nil,nil,nil,nil ebrake=1.00 ibrake=1.00 hasABS=0 sy=9.69 split=1.000,0.875 ===
 90.15290|I|libbeamng.print:18052| === LSTM_OBS t=250 0.00937,0.00193,0.08373,14.33857,0.28736,9.68592,-9.79642,-0.00974,0.00000,0.00000,0.00085,1.00000,0.00000,0.00138,-0.00538,2138.75247,0.25000 ===
 90.20253|I|libbeamng.print:18052| === LSTM_TRACE t=260 v=14.76 ws=0.00,0.00,0.02,12.61 cmd=0.990,0.992,0.859,0.867 cap=3068,3074,1668,1684 des=3068,3074,1459,1473 app=2985,2969,1437,1473 abs=nil,nil,nil,nil ebrake=1.00 ibrake=1.00 hasABS=0 sy=9.71 split=1.000,0.875 ===
 90.20259|I|libbeamng.print:18052| === LSTM_OBS t=260 0.00486,0.00147,0.01881,12.60715,0.27775,9.70898,-9.80532,-0.00387,0.00000,0.00000,0.00104,1.00000,0.00000,0.00164,-0.00543,1937.33274,0.25000 ===
 90.25255|I|libbeamng.print:18052| === LSTM_TRACE t=270 v=14.27 ws=0.00,0.00,0.02,11.24 cmd=0.991,0.992,0.860,0.868 cap=3071,3075,1670,1686 des=3071,3075,1462,1475 app=2985,2968,1437,1475 abs=nil,nil,nil,nil ebrake=1.00 ibrake=1.00 hasABS=0 sy=9.75 split=1.000,0.875 ===
 90.25260|I|libbeamng.print:18052| === LSTM_OBS t=270 0.00255,0.00354,0.02095,11.23627,0.27440,9.74757,-9.81447,-0.00669,0.00000,0.00000,0.00124,1.00000,0.00000,0.00251,-0.00586,1739.89883,0.25000 ===
 90.30253|I|libbeamng.print:18052| === LSTM_TRACE t=280 v=13.78 ws=0.00,0.01,0.02,9.74 cmd=0.992,0.993,0.862,0.870 cap=3075,3078,1674,1690 des=3075,3078,1465,1478 app=2986,2967,1439,1478 abs=nil,nil,nil,nil ebrake=1.00 ibrake=1.00 hasABS=0 sy=9.75 split=1.000,0.875 ===
 90.30261|I|libbeamng.print:18052| === LSTM_OBS t=280 0.00329,0.00519,0.01723,9.73995,0.28182,9.75192,-9.78428,-0.01580,0.00000,0.00000,0.00134,1.00000,0.00000,0.00308,-0.00633,1543.05588,0.25000 ===
 90.35293|I|libbeamng.print:18052| === LSTM_TRACE t=290 v=13.29 ws=0.00,0.00,0.01,7.83 cmd=0.994,0.994,0.864,0.871 cap=3080,3081,1679,1693 des=3080,3081,1469,1481 app=2988,2968,1441,1481 abs=nil,nil,nil,nil ebrake=1.00 ibrake=1.00 hasABS=0 sy=9.74 split=1.000,0.875 ===
 90.35297|I|libbeamng.print:18052| === LSTM_OBS t=290 0.00158,0.00201,0.00940,7.83253,0.27554,9.74026,-9.75724,-0.01644,0.00000,0.00000,0.00124,1.00000,0.00000,0.00324,-0.00668,1334.98336,0.25000 ===
 90.40282|I|libbeamng.print:18052| === LSTM_TRACE t=300 v=12.81 ws=0.01,0.00,0.01,5.68 cmd=0.995,0.995,0.867,0.873 cap=3084,3084,1684,1696 des=3084,3084,1473,1484 app=2989,2968,1444,1482 abs=nil,nil,nil,nil ebrake=1.00 ibrake=1.00 hasABS=0 sy=9.71 split=1.000,0.875 ===
 90.40289|I|libbeamng.print:18052| === LSTM_OBS t=300 0.00883,0.00007,0.00694,5.68426,0.26132,9.71385,-9.72785,-0.01952,0.00000,0.00000,0.00124,1.00000,0.00000,0.00327,-0.00681,1123.39106,0.25000 ===
 90.45268|I|libbeamng.print:18052| === LSTM_TRACE t=310 v=12.31 ws=0.02,0.01,0.00,3.97 cmd=0.996,0.996,0.869,0.874 cap=3088,3087,1688,1698 des=3088,3087,1477,1486 app=2990,2968,1446,1484 abs=nil,nil,nil,nil ebrake=1.00 ibrake=1.00 hasABS=0 sy=9.74 split=1.000,0.875 ===
 90.45273|I|libbeamng.print:18052| === LSTM_OBS t=310 0.02494,0.00954,0.00018,3.96839,0.26015,9.73887,-9.71344,-0.01805,0.00000,0.00000,0.00115,1.00000,0.00000,0.00311,-0.00690,917.20968,0.25000 ===
 90.50224|I|libbeamng.print:18052| === LSTM_TRACE t=320 v=11.84 ws=0.01,0.01,0.03,1.54 cmd=0.997,0.996,0.872,0.875 cap=3090,3089,1693,1699 des=3090,3089,1481,1487 app=2989,2968,1449,1484 abs=nil,nil,nil,nil ebrake=1.00 ibrake=1.00 hasABS=0 sy=9.77 split=1.000,0.875 ===
 90.50228|I|libbeamng.print:18052| === LSTM_OBS t=320 0.00945,0.00603,0.03427,1.54151,0.22836,9.76526,-9.74469,-0.01752,0.00000,0.00000,0.00154,1.00000,0.00000,0.00239,-0.00740,759.36488,0.25000 ===
 90.55348|I|libbeamng.print:18052| === LSTM_TRACE t=330 v=11.34 ws=0.01,0.00,0.06,0.15 cmd=0.997,0.996,0.873,0.874 cap=3090,3088,1696,1700 des=3090,3088,1484,1487 app=2987,2965,1450,1483 abs=nil,nil,nil,nil ebrake=1.00 ibrake=1.00 hasABS=0 sy=9.77 split=1.000,0.875 ===
 90.55359|I|libbeamng.print:18052| === LSTM_OBS t=330 0.01419,0.00107,0.06275,0.15079,0.26307,9.76922,-9.73131,-0.01114,0.00000,0.00000,0.00000,1.00000,0.00000,0.00143,-0.00808,729.52027,0.25000 ===
 90.60366|I|libbeamng.print:18052| === LSTM_TRACE t=340 v=10.85 ws=0.00,0.01,0.04,0.23 cmd=0.997,0.996,0.873,0.875 cap=3089,3088,1697,1699 des=3089,3088,1485,1487 app=2984,2963,1450,1481 abs=nil,nil,nil,nil ebrake=1.00 ibrake=1.00 hasABS=0 sy=9.74 split=1.000,0.875 ===
 90.60375|I|libbeamng.print:18052| === LSTM_OBS t=340 0.00068,0.00678,0.03876,0.22917,0.22792,9.74019,-9.68737,-0.02260,0.00000,0.00000,0.00224,1.00000,0.00000,0.00086,-0.00813,730.14496,0.25000 ===
 90.65288|I|libbeamng.print:18052| === LSTM_TRACE t=350 v=10.36 ws=0.00,0.00,0.01,0.03 cmd=0.996,0.996,0.874,0.875 cap=3089,3088,1698,1700 des=3089,3088,1485,1488 app=2982,2961,1449,1481 abs=nil,nil,nil,nil ebrake=1.00 ibrake=1.00 hasABS=0 sy=9.77 split=1.000,0.875 ===
 90.65293|I|libbeamng.print:18052| === LSTM_OBS t=350 0.00022,0.00136,0.01235,0.02690,0.20505,9.77117,-9.68585,-0.01624,0.00000,0.00000,0.00169,1.00000,0.00000,0.00043,-0.00811,727.39500,0.25000 ===
 90.70228|I|libbeamng.print:18052| === LSTM_TRACE t=360 v=9.86 ws=0.00,0.00,0.01,0.02 cmd=0.996,0.996,0.874,0.875 cap=3089,3087,1698,1700 des=3089,3087,1485,1487 app=2979,2958,1448,1479 abs=nil,nil,nil,nil ebrake=1.00 ibrake=1.00 hasABS=0 sy=9.82 split=1.000,0.875 ===
 90.70233|I|libbeamng.print:18052| === LSTM_OBS t=360 0.00253,0.00314,0.00812,0.01943,0.18915,9.82301,-9.69815,-0.01502,0.00000,0.00000,0.00146,1.00000,0.00000,0.00033,-0.00814,729.91007,0.25000 ===
 90.75294|I|libbeamng.print:18052| === LSTM_TRACE t=370 v=9.35 ws=0.00,0.00,0.00,0.01 cmd=0.996,0.996,0.874,0.875 cap=3088,3087,1698,1700 des=3088,3087,1485,1487 app=2977,2956,1447,1478 abs=nil,nil,nil,nil ebrake=1.00 ibrake=1.00 hasABS=0 sy=9.89 split=1.000,0.875 ===
 90.75302|I|libbeamng.print:18052| === LSTM_OBS t=370 0.00218,0.00420,0.00032,0.00589,0.19968,9.89497,-9.70899,-0.01301,0.00000,0.00000,0.00124,1.00000,0.00000,0.00021,-0.00820,727.29458,0.25000 ===
 90.80247|I|libbeamng.print:18052| === LSTM_TRACE t=380 v=8.85 ws=0.00,0.00,0.01,0.02 cmd=0.996,0.995,0.874,0.875 cap=3087,3086,1698,1700 des=3087,3086,1485,1487 app=2974,2954,1446,1477 abs=nil,nil,nil,nil ebrake=1.00 ibrake=1.00 hasABS=0 sy=9.97 split=1.000,0.875 ===
 90.80253|I|libbeamng.print:18052| === LSTM_OBS t=380 0.00037,0.00259,0.00531,0.01525,0.21499,9.97038,-9.71952,-0.01246,0.00000,0.00000,0.00142,1.00000,0.00000,0.00011,-0.00827,729.59767,0.25000 ===
 90.85276|I|libbeamng.print:18052| === LSTM_TRACE t=390 v=8.33 ws=0.00,0.00,0.00,0.00 cmd=0.996,0.995,0.874,0.875 cap=3087,3085,1698,1700 des=3087,3085,1486,1487 app=2972,2951,1446,1476 abs=nil,nil,nil,nil ebrake=1.00 ibrake=1.00 hasABS=0 sy=10.04 split=1.000,0.875 ===
 90.85281|I|libbeamng.print:18052| === LSTM_OBS t=390 0.00176,0.00021,0.00241,0.00471,0.22677,10.04182,-9.72401,-0.01200,0.00000,0.00000,0.00134,1.00000,0.00000,0.00008,-0.00833,726.01232,0.25000 ===
 90.90247|I|libbeamng.print:18052| === LSTM_TRACE t=400 v=7.82 ws=0.00,0.00,0.01,0.01 cmd=0.995,0.995,0.874,0.875 cap=3086,3084,1698,1700 des=3086,3084,1485,1487 app=2970,2949,1445,1475 abs=nil,nil,nil,nil ebrake=1.00 ibrake=1.00 hasABS=0 sy=10.12 split=1.000,0.875 ===
 90.90254|I|libbeamng.print:18052| === LSTM_OBS t=400 0.00039,0.00453,0.00767,0.00917,0.23343,10.11578,-9.72192,-0.01192,0.00000,0.00000,0.00162,1.00000,0.00000,0.00008,-0.00843,726.45907,0.25000 ===
 90.95281|I|libbeamng.print:18052| === LSTM_TRACE t=410 v=7.29 ws=0.00,0.00,0.01,0.02 cmd=0.995,0.995,0.874,0.875 cap=3085,3084,1698,1699 des=3085,3084,1485,1487 app=2967,2947,1444,1473 abs=nil,nil,nil,nil ebrake=1.00 ibrake=1.00 hasABS=0 sy=10.20 split=1.000,0.875 ===
 90.95293|I|libbeamng.print:18052| === LSTM_OBS t=410 0.00405,0.00084,0.00638,0.01558,0.23992,10.20499,-9.71782,-0.01149,0.00000,0.00000,0.00146,1.00000,0.00000,0.00004,-0.00855,723.60204,0.25000 ===
 91.00248|I|libbeamng.print:18052| === LSTM_TRACE t=420 v=6.76 ws=0.00,0.00,0.01,0.00 cmd=0.995,0.995,0.874,0.874 cap=3085,3083,1698,1699 des=3085,3083,1485,1487 app=2965,2945,1444,1472 abs=nil,nil,nil,nil ebrake=1.00 ibrake=1.00 hasABS=0 sy=10.31 split=1.000,0.875 ===
 91.00252|I|libbeamng.print:18052| === LSTM_OBS t=420 0.00061,0.00351,0.00569,0.00099,0.25007,10.31178,-9.71883,-0.01061,0.00000,0.00000,0.00146,1.00000,0.00000,-0.00002,-0.00873,728.05698,0.25000 ===
 91.05321|I|libbeamng.print:18052| === LSTM_TRACE t=430 v=6.22 ws=0.00,0.00,0.01,0.00 cmd=0.995,0.994,0.874,0.874 cap=3084,3083,1697,1698 des=3084,3083,1485,1486 app=2964,2944,1443,1471 abs=nil,nil,nil,nil ebrake=1.00 ibrake=1.00 hasABS=0 sy=10.42 split=1.000,0.875 ===
 91.05326|I|libbeamng.print:18052| === LSTM_OBS t=430 0.00355,0.00209,0.00675,0.00491,0.26281,10.42414,-9.72120,-0.01000,0.00000,0.00000,0.00162,1.00000,0.00000,-0.00012,-0.00892,727.25216,0.25000 ===
 91.10247|I|libbeamng.print:18052| === LSTM_TRACE t=440 v=5.68 ws=0.00,0.00,0.00,0.00 cmd=0.995,0.994,0.873,0.874 cap=3084,3082,1696,1698 des=3084,3082,1484,1486 app=2962,2942,1442,1470 abs=nil,nil,nil,nil ebrake=1.00 ibrake=1.00 hasABS=0 sy=10.54 split=1.000,0.875 ===
 91.10252|I|libbeamng.print:18052| === LSTM_OBS t=440 0.00151,0.00414,0.00285,0.00414,0.27197,10.53524,-9.72276,-0.00863,0.00000,0.00000,0.00176,1.00000,0.00000,-0.00018,-0.00912,728.88708,0.25000 ===
 91.15468|I|libbeamng.print:18052| === LSTM_TRACE t=450 v=5.13 ws=0.00,0.00,0.02,0.03 cmd=0.995,0.994,0.872,0.873 cap=3084,3082,1695,1697 des=3084,3082,1483,1485 app=2960,2941,1440,1468 abs=nil,nil,nil,nil ebrake=1.00 ibrake=1.00 hasABS=0 sy=10.64 split=1.000,0.875 ===
 91.15473|I|libbeamng.print:18052| === LSTM_OBS t=450 0.00373,0.00092,0.02103,0.03434,0.27964,10.63570,-9.72016,-0.00904,0.00000,0.00000,0.00162,1.00000,0.00000,-0.00024,-0.00929,727.34238,0.25000 ===
 91.20248|I|libbeamng.print:18052| === LSTM_TRACE t=460 v=4.58 ws=0.00,0.00,0.01,0.02 cmd=0.995,0.994,0.872,0.873 cap=3083,3082,1694,1695 des=3083,3082,1482,1483 app=2959,2940,1439,1466 abs=nil,nil,nil,nil ebrake=1.00 ibrake=1.00 hasABS=0 sy=10.75 split=1.000,0.875 ===
 91.20253|I|libbeamng.print:18052| === LSTM_OBS t=460 0.00039,0.00393,0.01021,0.01870,0.28617,10.75067,-9.72052,-0.00762,0.00000,0.00000,0.00162,1.00000,0.00000,-0.00024,-0.00950,729.06664,0.25000 ===
 91.25313|I|libbeamng.print:18052| === LSTM_TRACE t=470 v=4.02 ws=0.00,0.00,0.01,0.01 cmd=0.995,0.994,0.870,0.872 cap=3084,3082,1691,1694 des=3084,3082,1480,1482 app=2958,2939,1436,1464 abs=nil,nil,nil,nil ebrake=1.00 ibrake=1.00 hasABS=0 sy=10.87 split=1.000,0.875 ===
 91.25319|I|libbeamng.print:18052| === LSTM_OBS t=470 0.00398,0.00064,0.00780,0.00782,0.29522,10.87281,-9.71711,-0.00699,0.00000,0.00000,0.00176,1.00000,0.00000,-0.00028,-0.00980,727.88607,0.25000 ===
 91.30278|I|libbeamng.print:18052| === LSTM_TRACE t=480 v=3.45 ws=0.00,0.00,0.00,0.00 cmd=0.995,0.994,0.869,0.870 cap=3084,3082,1688,1691 des=3084,3082,1477,1480 app=2957,2938,1434,1461 abs=nil,nil,nil,nil ebrake=1.00 ibrake=1.00 hasABS=0 sy=10.99 split=1.000,0.875 ===
 91.30285|I|libbeamng.print:18052| === LSTM_OBS t=480 0.00007,0.00354,0.00129,0.00289,0.30540,10.99019,-9.70950,-0.00598,0.00000,0.00000,0.00183,1.00000,0.00000,-0.00033,-0.01009,730.94470,0.25000 ===
 91.35314|I|libbeamng.print:18052| === LSTM_TRACE t=490 v=2.88 ws=0.00,0.00,0.00,0.01 cmd=0.995,0.994,0.867,0.869 cap=3084,3083,1685,1688 des=3084,3083,1475,1477 app=2957,2938,1431,1458 abs=nil,nil,nil,nil ebrake=1.00 ibrake=1.00 hasABS=0 sy=11.10 split=1.000,0.875 ===
 91.35323|I|libbeamng.print:18052| === LSTM_OBS t=490 0.00259,0.00209,0.00200,0.00971,0.31384,11.09804,-9.70015,-0.00537,0.00000,0.00000,0.00183,1.00000,0.00000,-0.00042,-0.01030,729.11918,0.25000 ===
 91.40233|I|libbeamng.print:18052| === LSTM_TRACE t=500 v=2.31 ws=0.00,0.00,0.01,0.03 cmd=0.995,0.995,0.866,0.868 cap=3085,3083,1683,1686 des=3085,3083,1473,1475 app=2956,2938,1429,1456 abs=nil,nil,nil,nil ebrake=1.00 ibrake=1.00 hasABS=0 sy=11.20 split=1.000,0.875 ===
 91.40248|I|libbeamng.print:18052| === LSTM_OBS t=500 0.00082,0.00426,0.00978,0.03226,0.32186,11.19951,-9.69492,-0.00332,0.00000,0.00000,0.00183,1.00000,0.00000,-0.00049,-0.01045,730.90474,0.25000 ===
 91.45277|I|libbeamng.print:18052| === LSTM_TRACE t=510 v=1.73 ws=0.00,0.00,0.24,0.26 cmd=0.995,0.995,0.866,0.867 cap=3085,3084,1682,1684 des=3085,3084,1472,1474 app=2956,2938,1428,1454 abs=nil,nil,nil,nil ebrake=1.00 ibrake=1.00 hasABS=0 sy=11.31 split=1.000,0.875 ===
 91.45283|I|libbeamng.print:18052| === LSTM_OBS t=510 0.00340,0.00151,0.23903,0.26259,0.33004,11.30590,-9.69330,-0.00364,0.00000,0.00000,0.00183,1.00000,0.00000,-0.00058,-0.01054,728.99885,0.25000 ===
 91.50228|I|libbeamng.print:18052| === LSTM_TRACE t=520 v=1.15 ws=0.00,0.00,0.26,0.38 cmd=0.995,0.995,0.866,0.867 cap=3086,3085,1682,1684 des=3086,3085,1472,1474 app=2956,2938,1428,1454 abs=nil,nil,nil,nil ebrake=1.00 ibrake=1.00 hasABS=0 sy=11.38 split=1.000,0.875 ===
 91.50233|I|libbeamng.print:18052| === LSTM_OBS t=520 0.00129,0.00241,0.25596,0.38282,0.35001,11.37661,-9.66982,-0.00483,0.00000,0.00000,0.00192,1.00000,0.00000,-0.00095,-0.01047,730.13438,0.25000 ===
 91.55259|I|libbeamng.print:18052| === LSTM_TRACE t=530 v=0.56 ws=0.00,0.00,0.65,0.12 cmd=0.996,0.995,0.867,0.868 cap=3087,3086,1684,1685 des=3087,3086,1473,1475 app=2956,2938,1429,1455 abs=nil,nil,nil,nil ebrake=1.00 ibrake=1.00 hasABS=0 sy=11.48 split=1.000,0.875 ===
 91.55265|I|libbeamng.print:18052| === LSTM_OBS t=530 0.00255,0.00180,0.64835,0.12140,0.36889,11.47753,-9.67719,0.01267,0.00000,0.00000,0.00176,1.00000,0.00000,-0.00161,-0.01050,727.63705,0.25000 ===
 95.67541|I|libbeamng.print:18052| === LSTM_ABS: lens 'band_g_mix' loaded (1 member, 17 in, 64 hidden, 2 layers) ===
 95.67707|I|libbeamng.print:18052| === LSTM_ABS SELFTEST lens=band_g_mix cmd=0.997670,0.995595,0.857687,0.856659 ===
125.99247|I|libbeamng.print:18052| === LSTM_TRACE t=0 v=27.72 ws=27.68,27.77,27.42,27.48 cmd=0.916,0.884,0.487,0.474 cap=155,155,97,97 des=155,155,85,85 app=147,147,82,83 abs=nil,nil,nil,nil ebrake=1.00 ibrake=1.00 hasABS=0 sy=1.57 split=1.000,0.875 ===
125.99253|I|libbeamng.print:18052| === LSTM_OBS t=0 27.67587,27.77159,27.41746,27.47826,-0.02730,1.56677,-9.79106,-0.00578,0.00000,0.00000,0.00049,1.00000,0.00000,0.00082,-0.00904,7858.51983,0.25000 ===
126.04258|I|libbeamng.print:18052| === LSTM_TRACE t=10 v=27.48 ws=27.20,27.28,26.80,26.96 cmd=0.250,0.288,0.405,0.390 cap=746,867,773,733 des=746,867,677,641 app=712,824,654,629 abs=nil,nil,nil,nil ebrake=1.00 ibrake=1.00 hasABS=0 sy=2.03 split=1.000,0.875 ===
126.04265|I|libbeamng.print:18052| === LSTM_OBS t=10 27.19608,27.27714,26.80209,26.95760,-0.01009,2.02564,-9.79925,0.00332,0.00000,0.00000,0.00301,1.00000,0.00000,0.00076,-0.00983,7783.41847,0.25000 ===
126.06423|I|libbeamng.print:18052| === LSTM_ABS DBG raw=26.9035,26.8620,26.6506,26.7210,-0.0207,2.3619,-9.8067,0.0043,0.0000,0.0000,0.0012,1.0000,0.0000,0.0009,-0.0103,7725.2894,0.2500 ===
126.06427|I|libbeamng.print:18052| === LSTM_ABS DBG norm=0.59,0.53,0.53,0.51,-0.17,-2.17,0.00,0.05,0.06,-0.06,-0.07,0.59,-0.02,0.00,0.00,3.83,0.00 ===
126.06427|I|libbeamng.print:18052| === LSTM_ABS DBG cmd=0.3312,0.3592,0.4422,0.4432 ===
126.09351|I|libbeamng.print:18052| === LSTM_TRACE t=20 v=27.18 ws=26.15,26.30,26.33,26.39 cmd=0.521,0.523,0.537,0.543 cap=1502,1526,1007,1018 des=1502,1526,882,891 app=1440,1458,856,876 abs=nil,nil,nil,nil ebrake=1.00 ibrake=1.00 hasABS=0 sy=2.92 split=1.000,0.875 ===
126.09361|I|libbeamng.print:18052| === LSTM_OBS t=20 26.15348,26.29660,26.33099,26.38982,-0.02157,2.92168,-9.67972,-0.00594,0.00000,0.00000,0.00134,1.00000,0.00000,0.00087,-0.01105,7631.06383,0.25000 ===
126.14264|I|libbeamng.print:18052| === LSTM_TRACE t=30 v=26.71 ws=24.64,25.04,25.62,25.71 cmd=0.763,0.734,0.741,0.737 cap=2343,2253,1412,1406 des=2343,2253,1235,1230 app=2264,2171,1206,1215 abs=nil,nil,nil,nil ebrake=1.00 ibrake=1.00 hasABS=0 sy=4.34 split=1.000,0.875 ===
126.14269|I|libbeamng.print:18052| === LSTM_OBS t=30 24.63587,25.03957,25.61534,25.70710,0.03543,4.33533,-9.60411,-0.01715,0.00000,0.00000,0.00249,1.00000,0.00000,0.00096,-0.01288,7451.63297,0.25000 ===
126.19204|I|libbeamng.print:18052| === LSTM_TRACE t=40 v=26.13 ws=23.19,24.10,24.58,24.81 cmd=0.801,0.777,0.793,0.786 cap=2520,2441,1540,1524 des=2520,2441,1348,1333 app=2454,2370,1323,1321 abs=nil,nil,nil,nil ebrake=1.00 ibrake=1.00 hasABS=0 sy=6.02 split=1.000,0.875 ===
126.19210|I|libbeamng.print:18052| === LSTM_OBS t=40 23.18680,24.10447,24.57742,24.80868,-0.01123,6.02468,-9.65849,0.01254,0.00000,0.00000,0.00293,1.00000,0.00000,0.00113,-0.01547,7210.01922,0.25000 ===
126.24225|I|libbeamng.print:18052| === LSTM_TRACE t=50 v=25.56 ws=21.50,23.56,23.60,24.10 cmd=0.816,0.795,0.775,0.769 cap=2487,2424,1512,1501 des=2487,2424,1323,1313 app=2436,2369,1305,1304 abs=nil,nil,nil,nil ebrake=1.00 ibrake=1.00 hasABS=0 sy=7.58 split=1.000,0.875 ===
126.24230|I|libbeamng.print:18052| === LSTM_OBS t=50 21.49796,23.56049,23.60122,24.10305,0.01169,7.58057,-9.60973,-0.00348,0.00000,0.00000,0.00322,1.00000,0.00000,0.00143,-0.01739,6942.71983,0.25000 ===
126.29160|I|libbeamng.print:18052| === LSTM_TRACE t=60 v=24.97 ws=19.28,23.14,22.62,23.47 cmd=0.791,0.776,0.744,0.746 cap=2496,2441,1455,1454 des=2496,2441,1273,1272 app=2454,2398,1258,1266 abs=nil,nil,nil,nil ebrake=1.00 ibrake=1.00 hasABS=0 sy=8.79 split=1.000,0.875 ===
126.29164|I|libbeamng.print:18052| === LSTM_OBS t=60 19.28246,23.13986,22.61911,23.46760,0.00972,8.78654,-9.67176,-0.01171,0.00000,0.00000,0.00265,1.00000,0.00000,0.00164,-0.01839,6696.68945,0.25000 ===
126.34200|I|libbeamng.print:18052| === LSTM_TRACE t=70 v=24.38 ws=16.89,23.03,21.83,22.80 cmd=0.736,0.728,0.738,0.752 cap=2370,2332,1430,1455 des=2370,2332,1251,1273 app=2337,2299,1239,1269 abs=nil,nil,nil,nil ebrake=1.00 ibrake=1.00 hasABS=0 sy=9.64 split=1.000,0.875 ===
126.34207|I|libbeamng.print:18052| === LSTM_OBS t=70 16.89266,23.02575,21.82634,22.80015,0.03207,9.64300,-9.74032,-0.02714,0.00000,0.00000,0.00256,1.00000,0.00000,0.00138,-0.01866,6481.65049,0.25000 ===
126.39202|I|libbeamng.print:18052| === LSTM_TRACE t=80 v=23.80 ws=14.97,22.67,21.40,21.71 cmd=0.737,0.743,0.739,0.754 cap=1846,1938,1451,1484 des=1846,1938,1269,1298 app=1823,1915,1259,1295 abs=nil,nil,nil,nil ebrake=1.00 ibrake=1.00 hasABS=0 sy=10.19 split=1.000,0.875 ===
126.39210|I|libbeamng.print:18052| === LSTM_OBS t=80 14.97330,22.66980,21.39769,21.71312,0.06664,10.18752,-9.76735,-0.01800,0.00000,0.00000,0.00256,1.00000,0.00000,0.00065,-0.01833,6279.98357,0.25000 ===
126.44240|I|libbeamng.print:18052| === LSTM_TRACE t=90 v=23.26 ws=13.67,22.04,21.33,20.52 cmd=0.665,0.677,0.742,0.764 cap=2214,2226,1444,1485 des=2214,2226,1264,1300 app=2189,2204,1255,1298 abs=nil,nil,nil,nil ebrake=1.00 ibrake=1.00 hasABS=0 sy=10.49 split=1.000,0.875 ===
126.44244|I|libbeamng.print:18052| === LSTM_OBS t=90 13.67384,22.04461,21.32901,20.51554,0.12319,10.49456,-9.75910,-0.03647,0.00000,0.00000,0.00261,1.00000,0.00000,-0.00032,-0.01744,6082.66482,0.25000 ===
126.49235|I|libbeamng.print:18052| === LSTM_TRACE t=100 v=22.69 ws=12.61,21.45,21.31,19.09 cmd=0.625,0.646,0.754,0.772 cap=2032,2076,1443,1483 des=2032,2076,1263,1298 app=2011,2059,1256,1296 abs=nil,nil,nil,nil ebrake=1.00 ibrake=1.00 hasABS=0 sy=10.69 split=1.000,0.875 ===
126.49239|I|libbeamng.print:18052| === LSTM_OBS t=100 12.61121,21.45233,21.31276,19.09398,0.19408,10.69256,-9.75598,-0.01025,0.00000,0.00000,0.00224,1.00000,0.00000,-0.00094,-0.01657,5890.83110,0.25000 ===
126.54244|I|libbeamng.print:18052| === LSTM_TRACE t=110 v=22.15 ws=11.65,21.10,21.04,17.76 cmd=0.668,0.680,0.748,0.764 cap=2217,2252,1489,1505 des=2217,2252,1303,1317 app=2170,2236,1297,1316 abs=nil,nil,nil,nil ebrake=1.00 ibrake=1.00 hasABS=0 sy=10.81 split=1.000,0.875 ===
126.54259|I|libbeamng.print:18052| === LSTM_OBS t=110 11.65109,21.09848,21.04130,17.75670,0.29781,10.81216,-9.70096,0.00197,0.00000,0.00000,0.00297,1.00000,0.00000,-0.00141,-0.01569,5691.09935,0.25000 ===
126.59282|I|libbeamng.print:18052| === LSTM_TRACE t=120 v=21.60 ws=10.99,20.54,20.61,17.00 cmd=0.650,0.667,0.750,0.757 cap=1966,2030,1484,1492 des=1966,2030,1298,1306 app=1947,2018,1293,1305 abs=nil,nil,nil,nil ebrake=1.00 ibrake=1.00 hasABS=0 sy=10.84 split=1.000,0.875 ===
126.59295|I|libbeamng.print:18052| === LSTM_OBS t=120 10.98944,20.54454,20.61412,16.99607,0.38901,10.84484,-9.66507,0.01846,0.00000,0.00000,0.00210,1.00000,0.00000,-0.00178,-0.01496,5480.95302,0.25000 ===
126.64214|I|libbeamng.print:18052| === LSTM_TRACE t=130 v=21.06 ws=10.19,20.00,20.09,15.81 cmd=0.516,0.552,0.739,0.742 cap=2152,2172,1434,1441 des=2152,2172,1255,1261 app=2131,2162,1251,1261 abs=nil,nil,nil,nil ebrake=1.00 ibrake=1.00 hasABS=0 sy=10.81 split=1.000,0.875 ===
126.64220|I|libbeamng.print:18052| === LSTM_OBS t=130 10.19404,20.00017,20.09432,15.81429,0.42280,10.81155,-9.66851,0.03237,0.00000,0.00000,0.00239,1.00000,0.00000,-0.00167,-0.01429,5268.56683,0.25000 ===
126.69294|I|libbeamng.print:18052| === LSTM_TRACE t=140 v=20.52 ws=9.60,19.50,19.68,15.18 cmd=0.547,0.587,0.704,0.701 cap=1972,2053,1394,1387 des=1972,2053,1219,1213 app=1953,2045,1216,1213 abs=nil,nil,nil,nil ebrake=1.00 ibrake=1.00 hasABS=0 sy=10.80 split=1.000,0.875 ===
126.69301|I|libbeamng.print:18052| === LSTM_OBS t=140 9.59730,19.50336,19.67704,15.17772,0.38693,10.79570,-9.67944,0.04165,0.00000,0.00000,0.00198,1.00000,0.00000,-0.00097,-0.01381,5072.54088,0.25000 ===
126.74270|I|libbeamng.print:18052| === LSTM_TRACE t=150 v=19.99 ws=9.46,19.17,19.00,14.84 cmd=0.676,0.697,0.640,0.637 cap=2073,2164,1287,1268 des=2073,2164,1126,1109 app=1992,2096,1123,1109 abs=nil,nil,nil,nil ebrake=1.00 ibrake=1.00 hasABS=0 sy=10.80 split=1.000,0.875 ===
126.74278|I|libbeamng.print:18052| === LSTM_OBS t=150 9.46361,19.17205,18.99887,14.84094,0.31283,10.80404,-9.67754,0.04829,0.00000,0.00000,0.00265,1.00000,0.00000,-0.00002,-0.01346,4904.58008,0.25000 ===
126.79213|I|libbeamng.print:18052| === LSTM_TRACE t=160 v=19.44 ws=9.27,18.52,18.54,14.44 cmd=0.531,0.603,0.555,0.546 cap=1206,1448,1135,1131 des=1206,1448,993,990 app=1826,1868,991,990 abs=nil,nil,nil,nil ebrake=1.00 ibrake=1.00 hasABS=0 sy=10.80 split=1.000,0.875 ===
126.79217|I|libbeamng.print:18052| === LSTM_OBS t=160 9.26836,18.52041,18.54108,14.43825,0.21216,10.80162,-9.70502,0.04531,0.00000,0.00000,0.00224,1.00000,0.00000,0.00077,-0.01332,4782.08993,0.25000 ===
126.84184|I|libbeamng.print:18052| === LSTM_TRACE t=170 v=18.89 ws=9.66,18.20,17.92,14.95 cmd=0.587,0.637,0.515,0.513 cap=1785,1935,1003,1003 des=1785,1935,878,877 app=1768,1930,875,877 abs=nil,nil,nil,nil ebrake=1.00 ibrake=1.00 hasABS=0 sy=10.85 split=1.000,0.875 ===
126.84189|I|libbeamng.print:18052| === LSTM_OBS t=170 9.65985,18.20202,17.92271,14.95238,0.07078,10.84712,-9.73502,0.04949,0.00000,0.00000,0.00221,1.00000,0.00000,0.00152,-0.01374,4710.75536,0.25000 ===
126.89177|I|libbeamng.print:18052| === LSTM_TRACE t=180 v=18.35 ws=10.35,17.62,17.21,15.29 cmd=0.647,0.687,0.483,0.484 cap=1756,1928,965,965 des=1756,1928,844,845 app=1740,1923,842,844 abs=nil,nil,nil,nil ebrake=1.00 ibrake=1.00 hasABS=0 sy=10.89 split=1.000,0.875 ===
126.89181|I|libbeamng.print:18052| === LSTM_OBS t=180 10.35478,17.62445,17.20862,15.28570,-0.07452,10.88509,-9.76475,0.03105,0.00000,0.00000,0.00221,1.00000,0.00000,0.00225,-0.01451,4671.89533,0.25000 ===
126.94260|I|libbeamng.print:18052| === LSTM_TRACE t=190 v=17.78 ws=10.93,17.04,16.53,15.87 cmd=0.644,0.683,0.458,0.464 cap=1766,1961,946,949 des=1766,1961,827,831 app=1750,1957,825,830 abs=nil,nil,nil,nil ebrake=1.00 ibrake=1.00 hasABS=0 sy=10.90 split=1.000,0.875 ===
126.94265|I|libbeamng.print:18052| === LSTM_OBS t=190 10.93414,17.03667,16.52789,15.86976,-0.23362,10.89892,-9.77299,0.02917,0.00000,0.00000,0.00176,1.00000,0.00000,0.00294,-0.01544,4644.08197,0.25000 ===
126.99189|I|libbeamng.print:18052| === LSTM_TRACE t=200 v=17.25 ws=11.69,16.67,15.61,16.60 cmd=0.758,0.773,0.497,0.505 cap=2109,2232,933,940 des=2109,2232,816,823 app=1944,2190,814,822 abs=nil,nil,nil,nil ebrake=1.00 ibrake=1.00 hasABS=0 sy=10.93 split=1.000,0.875 ===
126.99194|I|libbeamng.print:18052| === LSTM_OBS t=200 11.68767,16.67185,15.61165,16.60126,-0.41276,10.93282,-9.75451,0.01298,0.00000,0.00000,0.00367,1.00000,0.00000,0.00369,-0.01654,4610.22258,0.25000 ===
127.04226|I|libbeamng.print:18052| === LSTM_TRACE t=210 v=16.72 ws=12.05,15.56,14.78,15.67 cmd=0.449,0.553,0.532,0.536 cap=1966,2112,1081,1097 des=1966,2112,946,960 app=1949,2109,943,959 abs=nil,nil,nil,nil ebrake=1.00 ibrake=1.00 hasABS=0 sy=10.87 split=1.000,0.875 ===
127.04231|I|libbeamng.print:18052| === LSTM_OBS t=210 12.05033,15.55734,14.77865,15.67026,-0.59523,10.87013,-9.72711,-0.01635,0.00000,0.00000,0.00210,1.00000,0.00000,0.00454,-0.01737,4546.78190,0.25000 ===
127.09254|I|libbeamng.print:18052| === LSTM_TRACE t=220 v=16.16 ws=12.25,15.05,13.01,15.10 cmd=0.710,0.748,0.534,0.539 cap=2169,2306,1002,1015 des=2169,2306,877,888 app=2152,2302,874,887 abs=nil,nil,nil,nil ebrake=1.00 ibrake=1.00 hasABS=0 sy=10.87 split=1.000,0.875 ===
127.09262|I|libbeamng.print:18052| === LSTM_OBS t=220 12.24976,15.05155,13.01054,15.10221,-0.62155,10.86508,-9.63487,-0.02173,0.00000,0.00000,0.00210,1.00000,0.00000,0.00448,-0.01811,4502.25598,0.25000 ===
127.14355|I|libbeamng.print:18052| === LSTM_TRACE t=230 v=15.59 ws=11.72,14.24,11.43,14.50 cmd=0.711,0.743,0.531,0.540 cap=2099,2219,1006,1031 des=2099,2219,880,902 app=2083,2216,877,901 abs=nil,nil,nil,nil ebrake=1.00 ibrake=1.00 hasABS=0 sy=10.97 split=1.000,0.875 ===
127.14359|I|libbeamng.print:18052| === LSTM_OBS t=230 11.72188,14.23648,11.43418,14.50346,-0.55739,10.97152,-9.54896,-0.02291,0.00000,0.00000,0.00322,1.00000,0.00000,0.00343,-0.01863,4457.10413,0.25000 ===
127.19251|I|libbeamng.print:18052| === LSTM_TRACE t=240 v=15.02 ws=10.95,13.75,10.22,13.68 cmd=0.792,0.798,0.530,0.543 cap=2174,2258,1046,1068 des=2174,2258,915,934 app=2159,2256,912,934 abs=nil,nil,nil,nil ebrake=1.00 ibrake=1.00 hasABS=0 sy=11.13 split=1.000,0.875 ===
127.19256|I|libbeamng.print:18052| === LSTM_OBS t=240 10.94730,13.74674,10.22046,13.67939,-0.47305,11.12706,-9.53426,-0.03427,0.00000,0.00000,0.00280,1.00000,0.00000,0.00219,-0.01920,4406.06879,0.25000 ===
127.24237|I|libbeamng.print:18052| === LSTM_TRACE t=250 v=14.44 ws=9.84,13.03,9.54,12.72 cmd=0.692,0.701,0.551,0.573 cap=2446,2438,1079,1111 des=2446,2438,944,972 app=2430,2435,940,971 abs=nil,nil,nil,nil ebrake=1.00 ibrake=1.00 hasABS=0 sy=11.25 split=1.000,0.875 ===
127.24242|I|libbeamng.print:18052| === LSTM_OBS t=250 9.83957,13.03289,9.53543,12.71615,-0.36699,11.24724,-9.54246,-0.03303,0.00000,0.00000,0.00265,1.00000,0.00000,0.00110,-0.01960,4338.58085,0.25000 ===
127.30194|I|libbeamng.print:18052| === LSTM_TRACE t=260 v=13.87 ws=8.41,12.59,8.63,11.51 cmd=0.662,0.668,0.617,0.635 cap=2373,2326,1156,1196 des=2373,2326,1011,1047 app=2358,2324,1007,1046 abs=nil,nil,nil,nil ebrake=1.00 ibrake=1.00 hasABS=0 sy=11.32 split=1.000,0.875 ===
127.30200|I|libbeamng.print:18052| === LSTM_OBS t=260 8.40706,12.58916,8.62974,11.50823,-0.25163,11.31532,-9.57440,-0.03735,0.00000,0.00000,0.00375,1.00000,0.00000,0.00047,-0.01986,4248.77146,0.25000 ===
127.35292|I|libbeamng.print:18052| === LSTM_TRACE t=270 v=13.31 ws=6.67,12.41,8.08,10.88 cmd=0.744,0.725,0.679,0.690 cap=2016,2026,1313,1319 des=2016,2026,1149,1154 app=2003,2024,1143,1153 abs=nil,nil,nil,nil ebrake=1.00 ibrake=1.00 hasABS=0 sy=11.32 split=1.000,0.875 ===
127.35296|I|libbeamng.print:18052| === LSTM_OBS t=270 6.67480,12.40527,8.08062,10.87990,-0.13110,11.32084,-9.56600,-0.03940,0.00000,0.00000,0.00305,1.00000,0.00000,-0.00009,-0.01990,4124.68674,0.25000 ===
127.40071|I|libbeamng.print:18052| === LSTM_TRACE t=280 v=12.77 ws=5.25,11.88,7.73,10.39 cmd=0.559,0.546,0.739,0.760 cap=2476,2351,1441,1479 des=2476,2351,1261,1294 app=2460,2349,1254,1294 abs=nil,nil,nil,nil ebrake=1.00 ibrake=1.00 hasABS=0 sy=11.21 split=1.000,0.875 ===
127.40075|I|libbeamng.print:18052| === LSTM_OBS t=280 5.25426,11.87780,7.73434,10.38848,-0.01281,11.21081,-9.53302,-0.03947,0.00000,0.00000,0.00318,1.00000,0.00000,-0.00045,-0.01928,3957.54103,0.25000 ===
127.45085|I|libbeamng.print:18052| === LSTM_TRACE t=290 v=12.22 ws=4.43,11.56,7.29,9.76 cmd=0.767,0.729,0.756,0.767 cap=1347,1395,1473,1502 des=1347,1395,1289,1314 app=1697,1584,1282,1313 abs=nil,nil,nil,nil ebrake=1.00 ibrake=1.00 hasABS=0 sy=11.06 split=1.000,0.875 ===
127.45092|I|libbeamng.print:18052| === LSTM_OBS t=290 4.42924,11.56331,7.29120,9.75696,0.06204,11.06176,-9.58721,-0.04144,0.00000,0.00000,0.00278,1.00000,0.00000,-0.00003,-0.01792,3767.14330,0.25000 ===
127.50080|I|libbeamng.print:18052| === LSTM_TRACE t=300 v=11.72 ws=3.57,11.20,6.57,9.43 cmd=0.660,0.635,0.785,0.799 cap=1936,1868,1507,1532 des=1936,1868,1319,1341 app=1921,1866,1312,1340 abs=nil,nil,nil,nil ebrake=1.00 ibrake=1.00 hasABS=0 sy=10.94 split=1.000,0.875 ===
127.50084|I|libbeamng.print:18052| === LSTM_OBS t=300 3.57183,11.20306,6.57227,9.42713,0.16919,10.94342,-9.58946,-0.05398,0.00000,0.00000,0.00481,1.00000,0.00000,0.00055,-0.01589,3573.66606,0.25000 ===
127.55052|I|libbeamng.print:18052| === LSTM_TRACE t=310 v=11.16 ws=2.46,10.48,5.83,9.66 cmd=0.435,0.440,0.782,0.796 cap=2115,1960,1536,1583 des=2115,1960,1344,1385 app=2098,1958,1336,1384 abs=nil,nil,nil,nil ebrake=1.00 ibrake=1.00 hasABS=0 sy=10.86 split=1.000,0.875 ===
127.55056|I|libbeamng.print:18052| === LSTM_OBS t=310 2.45612,10.48414,5.83039,9.65921,0.27229,10.86170,-9.55471,-0.04142,0.00000,0.00000,0.00357,1.00000,0.00000,0.00148,-0.01391,3385.00232,0.25000 ===
127.60086|I|libbeamng.print:18052| === LSTM_TRACE t=320 v=10.63 ws=2.05,9.92,5.36,9.41 cmd=0.507,0.524,0.789,0.787 cap=1451,1475,1538,1549 des=1451,1475,1346,1356 app=1688,1565,1338,1355 abs=nil,nil,nil,nil ebrake=1.00 ibrake=1.00 hasABS=0 sy=10.82 split=1.000,0.875 ===
127.60092|I|libbeamng.print:18052| === LSTM_OBS t=320 2.04590,9.92460,5.35995,9.40671,0.36815,10.81839,-9.54601,-0.06188,0.00000,0.00000,0.00169,1.00000,0.00000,0.00162,-0.01217,3205.37125,0.25000 ===
127.65114|I|libbeamng.print:18052| === LSTM_TRACE t=330 v=10.09 ws=1.75,9.48,4.79,9.17 cmd=0.543,0.540,0.801,0.808 cap=2124,2039,1555,1567 des=2124,2039,1360,1371 app=2104,2036,1352,1370 abs=nil,nil,nil,nil ebrake=1.00 ibrake=1.00 hasABS=0 sy=10.86 split=1.000,0.875 ===
127.65121|I|libbeamng.print:18052| === LSTM_OBS t=330 1.74682,9.47893,4.79021,9.16900,0.42892,10.86457,-9.55294,-0.04901,0.00000,0.00000,0.00395,1.00000,0.00000,0.00164,-0.01131,3030.95615,0.25000 ===
127.70081|I|libbeamng.print:18052| === LSTM_TRACE t=340 v=9.52 ws=1.47,9.40,3.97,8.71 cmd=0.756,0.736,0.812,0.806 cap=1518,1564,1565,1564 des=1518,1564,1370,1369 app=1503,1561,1361,1368 abs=nil,nil,nil,nil ebrake=1.00 ibrake=1.00 hasABS=0 sy=10.91 split=1.000,0.875 ===
127.70085|I|libbeamng.print:18052| === LSTM_OBS t=340 1.47323,9.39731,3.97487,8.70775,0.44456,10.90972,-9.62644,-0.04775,0.00000,0.00000,0.00000,1.00000,0.00000,0.00181,-0.01094,2853.52189,0.25000 ===
127.75039|I|libbeamng.print:18052| === LSTM_TRACE t=350 v=8.98 ws=1.81,8.45,3.77,7.85 cmd=0.788,0.745,0.813,0.821 cap=2246,2164,1604,1607 des=2246,2164,1403,1406 app=2222,2161,1394,1405 abs=nil,nil,nil,nil ebrake=1.00 ibrake=1.00 hasABS=0 sy=10.88 split=1.000,0.875 ===
127.75044|I|libbeamng.print:18052| === LSTM_OBS t=350 1.81445,8.45105,3.76641,7.85459,0.54914,10.87757,-9.66221,-0.04419,0.00000,0.00000,0.00557,1.00000,0.00000,0.00151,-0.01053,2660.57655,0.25000 ===
127.80082|I|libbeamng.print:18052| === LSTM_TRACE t=360 v=8.44 ws=0.81,7.85,3.22,7.64 cmd=0.775,0.724,0.781,0.801 cap=2027,1890,1510,1551 des=2027,1890,1322,1357 app=2004,1887,1312,1357 abs=nil,nil,nil,nil ebrake=1.00 ibrake=1.00 hasABS=0 sy=10.89 split=1.000,0.875 ===
127.80093|I|libbeamng.print:18052| === LSTM_OBS t=360 0.81262,7.84984,3.21886,7.64416,0.55605,10.89480,-9.68137,-0.03367,0.00000,0.00000,0.00727,1.00000,0.00000,0.00169,-0.01042,2473.66682,0.25000 ===
127.85038|I|libbeamng.print:18052| === LSTM_TRACE t=370 v=7.91 ws=0.04,7.43,3.64,7.14 cmd=0.669,0.617,0.798,0.802 cap=2287,2087,1537,1560 des=2287,2087,1345,1365 app=2259,2082,1335,1364 abs=nil,nil,nil,nil ebrake=1.00 ibrake=1.00 hasABS=0 sy=10.87 split=1.000,0.875 ===
127.85042|I|libbeamng.print:18052| === LSTM_OBS t=370 0.03905,7.42626,3.64133,7.13553,0.56500,10.86893,-9.80317,-0.04499,0.00000,0.00000,0.00490,1.00000,0.00000,0.00201,-0.01014,2281.69019,0.25000 ===
127.89997|I|libbeamng.print:18052| === LSTM_TRACE t=380 v=7.35 ws=0.02,6.54,2.99,6.24 cmd=0.740,0.679,0.794,0.786 cap=2430,2236,1542,1529 des=2430,2236,1350,1338 app=2398,2231,1339,1337 abs=nil,nil,nil,nil ebrake=1.00 ibrake=1.00 hasABS=0 sy=10.88 split=1.000,0.875 ===
127.90008|I|libbeamng.print:18052| === LSTM_OBS t=380 0.01968,6.53706,2.99426,6.23934,0.43862,10.87705,-9.80057,-0.03962,0.00000,0.00000,0.00381,1.00000,0.00000,0.00364,-0.01017,2096.58204,0.25000 ===
127.95097|I|libbeamng.print:18052| === LSTM_TRACE t=390 v=6.78 ws=0.03,5.70,2.52,5.72 cmd=0.853,0.785,0.811,0.793 cap=2658,2447,1578,1552 des=2658,2447,1381,1358 app=2621,2441,1369,1357 abs=nil,nil,nil,nil ebrake=1.00 ibrake=1.00 hasABS=0 sy=10.94 split=1.000,0.875 ===
127.95102|I|libbeamng.print:18052| === LSTM_OBS t=390 0.02657,5.70161,2.52143,5.71515,0.44246,10.93610,-9.75108,-0.04293,0.00000,0.00000,0.00414,1.00000,0.00000,0.00386,-0.01020,1909.14124,0.25000 ===
127.99953|I|libbeamng.print:18052| === LSTM_TRACE t=400 v=6.23 ws=0.01,3.97,1.36,6.17 cmd=0.877,0.828,0.825,0.792 cap=2718,2534,1599,1542 des=2718,2534,1399,1349 app=2678,2527,1387,1348 abs=nil,nil,nil,nil ebrake=1.00 ibrake=1.00 hasABS=0 sy=11.03 split=1.000,0.875 ===
127.99958|I|libbeamng.print:18052| === LSTM_OBS t=400 0.00850,3.96992,1.36307,6.16663,0.45869,11.03433,-9.67819,-0.04637,0.00000,0.00000,0.00210,1.00000,0.00000,0.00322,-0.01031,1710.14996,0.25000 ===
128.05031|I|libbeamng.print:18052| === LSTM_TRACE t=410 v=5.66 ws=0.05,0.08,1.10,5.14 cmd=0.982,0.968,0.851,0.846 cap=3022,2968,1646,1634 des=3022,2968,1440,1430 app=2976,2958,1427,1428 abs=nil,nil,nil,nil ebrake=1.00 ibrake=1.00 hasABS=0 sy=11.14 split=1.000,0.875 ===
128.05038|I|libbeamng.print:18052| === LSTM_OBS t=410 0.04688,0.07646,1.10340,5.14409,0.47380,11.13860,-9.73862,-0.03714,0.00000,0.00000,0.00626,1.00000,0.00000,0.00148,-0.01009,1514.60257,0.25000 ===
128.09959|I|libbeamng.print:18052| === LSTM_TRACE t=420 v=5.14 ws=0.01,0.03,0.01,4.94 cmd=0.997,0.994,0.866,0.873 cap=3091,3080,1682,1694 des=3091,3080,1472,1483 app=3041,3067,1457,1481 abs=nil,nil,nil,nil ebrake=1.00 ibrake=1.00 hasABS=0 sy=11.04 split=1.000,0.875 ===
128.09966|I|libbeamng.print:18052| === LSTM_OBS t=420 0.01374,0.02615,0.00515,4.94186,0.31945,11.04259,-9.79171,-0.02448,0.00000,0.00000,0.00234,1.00000,0.00000,0.00133,-0.00975,1301.68413,0.25000 ===
128.14628|I|libbeamng.print:18052| === LSTM_TRACE t=430 v=4.60 ws=0.01,0.02,0.02,4.08 cmd=0.998,0.994,0.871,0.879 cap=3092,3083,1691,1700 des=3092,3083,1479,1488 app=3041,3068,1464,1486 abs=nil,nil,nil,nil ebrake=1.00 ibrake=1.00 hasABS=0 sy=10.91 split=1.000,0.875 ===
128.14634|I|libbeamng.print:18052| === LSTM_OBS t=430 0.00786,0.01728,0.02025,4.07583,0.26073,10.90983,-9.72280,-0.02199,0.00000,0.00000,0.00445,1.00000,0.00000,0.00180,-0.00915,1101.16410,0.25000 ===
128.19657|I|libbeamng.print:18052| === LSTM_TRACE t=440 v=4.03 ws=0.01,0.01,0.07,3.41 cmd=0.998,0.995,0.873,0.880 cap=3093,3083,1696,1700 des=3093,3083,1484,1488 app=3039,3066,1468,1486 abs=nil,nil,nil,nil ebrake=1.00 ibrake=1.00 hasABS=0 sy=10.91 split=1.000,0.875 ===
128.19666|I|libbeamng.print:18052| === LSTM_OBS t=440 0.00518,0.01225,0.06755,3.40782,0.21716,10.91462,-9.68618,-0.01992,0.00000,0.00000,0.00398,1.00000,0.00000,0.00242,-0.00900,904.62054,0.25000 ===
128.24890|I|libbeamng.print:18052| === LSTM_TRACE t=450 v=3.48 ws=0.01,0.01,0.07,1.62 cmd=0.998,0.995,0.875,0.881 cap=3094,3086,1699,1700 des=3094,3086,1487,1488 app=3039,3066,1470,1485 abs=nil,nil,nil,nil ebrake=1.00 ibrake=1.00 hasABS=0 sy=11.05 split=1.000,0.875 ===
128.24897|I|libbeamng.print:18052| === LSTM_OBS t=450 0.00786,0.00805,0.07059,1.62362,0.19903,11.04920,-9.66202,-0.04168,0.00000,0.00000,0.00510,1.00000,0.00000,0.00253,-0.00952,756.30550,0.25000 ===
128.29628|I|libbeamng.print:18052| === LSTM_TRACE t=460 v=2.92 ws=0.02,0.01,0.03,0.01 cmd=0.998,0.996,0.876,0.879 cap=3095,3087,1700,1700 des=3095,3087,1488,1488 app=3037,3065,1470,1485 abs=nil,nil,nil,nil ebrake=1.00 ibrake=1.00 hasABS=0 sy=11.06 split=1.000,0.875 ===
128.29632|I|libbeamng.print:18052| === LSTM_OBS t=460 0.01551,0.01395,0.02754,0.01131,0.14556,11.06154,-9.71710,-0.01844,0.00000,0.00000,0.00455,1.00000,0.00000,0.00277,-0.00992,727.67236,0.25000 ===
128.34572|I|libbeamng.print:18052| === LSTM_TRACE t=470 v=2.37 ws=0.01,0.01,0.01,0.01 cmd=0.998,0.996,0.876,0.879 cap=3095,3087,1700,1700 des=3095,3087,1488,1488 app=3036,3063,1469,1484 abs=nil,nil,nil,nil ebrake=1.00 ibrake=1.00 hasABS=0 sy=11.05 split=1.000,0.875 ===
128.34576|I|libbeamng.print:18052| === LSTM_OBS t=470 0.00507,0.01106,0.00876,0.01469,0.14319,11.05187,-9.70537,-0.01866,0.00000,0.00000,0.00404,1.00000,0.00000,0.00288,-0.00998,726.09265,0.25000 ===
128.39543|I|libbeamng.print:18052| === LSTM_TRACE t=480 v=1.81 ws=0.01,0.00,0.01,0.07 cmd=0.998,0.996,0.876,0.879 cap=3095,3087,1700,1700 des=3095,3087,1488,1488 app=3034,3061,1469,1483 abs=nil,nil,nil,nil ebrake=1.00 ibrake=1.00 hasABS=0 sy=11.09 split=1.000,0.875 ===
128.39547|I|libbeamng.print:18052| === LSTM_OBS t=480 0.00861,0.00405,0.01031,0.06705,0.15444,11.08876,-9.67125,-0.01138,0.00000,0.00000,0.00401,1.00000,0.00000,0.00243,-0.00988,724.53094,0.25000 ===
128.44529|I|libbeamng.print:18052| === LSTM_TRACE t=490 v=1.23 ws=0.00,0.01,0.02,0.64 cmd=0.998,0.996,0.876,0.879 cap=3095,3087,1700,1700 des=3095,3087,1488,1488 app=3032,3059,1468,1483 abs=nil,nil,nil,nil ebrake=1.00 ibrake=1.00 hasABS=0 sy=11.17 split=1.000,0.875 ===
128.44533|I|libbeamng.print:18052| === LSTM_OBS t=490 0.00270,0.00590,0.02219,0.64414,0.16001,11.17261,-9.66319,-0.00777,0.00000,0.00000,0.00470,1.00000,0.00000,0.00202,-0.00989,725.26977,0.25000 ===
128.49456|I|libbeamng.print:18052| === LSTM_TRACE t=500 v=0.66 ws=0.00,0.00,0.03,0.42 cmd=0.998,0.996,0.876,0.879 cap=3095,3087,1700,1700 des=3095,3087,1488,1488 app=3031,3058,1468,1482 abs=nil,nil,nil,nil ebrake=1.00 ibrake=1.00 hasABS=0 sy=11.28 split=1.000,0.875 ===
128.49461|I|libbeamng.print:18052| === LSTM_OBS t=500 0.00384,0.00006,0.03016,0.42377,0.15110,11.27812,-9.68327,-0.00539,0.00000,0.00000,0.00512,1.00000,0.00000,0.00136,-0.01021,727.31135,0.25000 ===
158.79708|I|libbeamng.print:18052| === LSTM_TRACE t=0 v=27.72 ws=27.78,27.85,27.42,27.49 cmd=0.917,0.885,0.487,0.474 cap=155,155,97,97 des=155,155,85,85 app=112,113,62,63 abs=nil,nil,nil,nil ebrake=1.00 ibrake=1.00 hasABS=0 sy=1.57 split=1.000,0.875 ===
158.79714|I|libbeamng.print:18052| === LSTM_OBS t=0 27.77742,27.84869,27.42345,27.48962,-0.03210,1.57148,-9.78708,0.00455,0.00000,0.00000,0.00000,1.00000,0.00000,0.00093,-0.00905,7857.77970,0.25000 ===
158.84719|I|libbeamng.print:18052| === LSTM_TRACE t=10 v=27.48 ws=27.24,27.24,26.83,26.95 cmd=0.253,0.292,0.413,0.399 cap=749,873,786,747 des=749,873,688,654 app=726,853,675,647 abs=nil,nil,nil,nil ebrake=1.00 ibrake=1.00 hasABS=0 sy=2.08 split=1.000,0.875 ===
158.84723|I|libbeamng.print:18052| === LSTM_OBS t=10 27.24487,27.23686,26.82545,26.95483,-0.00092,2.08194,-9.69391,0.00394,0.00000,0.00000,0.00333,1.00000,0.00000,0.00086,-0.00985,7775.28578,0.25000 ===
158.86672|I|libbeamng.print:18052| === LSTM_ABS DBG raw=26.8002,26.8453,26.6861,26.6888,0.0094,2.4294,-9.7214,0.0060,0.0000,0.0000,0.0016,1.0000,0.0000,0.0010,-0.0104,7713.3423,0.2500 ===
158.86677|I|libbeamng.print:18052| === LSTM_ABS DBG norm=0.58,0.53,0.53,0.51,-0.15,-2.15,0.00,0.07,0.06,-0.06,-0.05,0.59,-0.02,0.00,0.00,3.82,0.00 ===
158.86678|I|libbeamng.print:18052| === LSTM_ABS DBG cmd=0.3352,0.3629,0.4525,0.4537 ===
158.89656|I|libbeamng.print:18052| === LSTM_TRACE t=20 v=27.18 ws=26.15,26.20,26.34,26.36 cmd=0.540,0.539,0.551,0.556 cap=1513,1533,1032,1041 des=1513,1533,903,911 app=1473,1502,889,904 abs=nil,nil,nil,nil ebrake=1.00 ibrake=1.00 hasABS=0 sy=3.02 split=1.000,0.875 ===
158.89662|I|libbeamng.print:18052| === LSTM_OBS t=20 26.14695,26.19545,26.34091,26.35635,-0.01402,3.02017,-9.62618,-0.00595,0.00000,0.00000,0.00134,1.00000,0.00000,0.00099,-0.01111,7614.34441,0.25000 ===
158.94750|I|libbeamng.print:18052| === LSTM_TRACE t=30 v=26.68 ws=24.44,25.00,25.55,25.59 cmd=0.757,0.731,0.754,0.751 cap=2311,2233,1441,1435 des=2311,2233,1261,1256 app=2263,2197,1246,1249 abs=nil,nil,nil,nil ebrake=1.00 ibrake=1.00 hasABS=0 sy=4.55 split=1.000,0.875 ===
158.94757|I|libbeamng.print:18052| === LSTM_OBS t=30 24.44303,24.99857,25.55302,25.58514,-0.03230,4.55335,-9.51805,0.00577,0.00000,0.00000,0.00198,1.00000,0.00000,0.00115,-0.01305,7421.22937,0.25000 ===
158.99709|I|libbeamng.print:18052| === LSTM_TRACE t=40 v=26.10 ws=22.59,23.71,24.43,24.69 cmd=0.812,0.788,0.796,0.790 cap=2535,2455,1547,1537 des=2535,2455,1354,1345 app=2495,2426,1342,1340 abs=nil,nil,nil,nil ebrake=1.00 ibrake=1.00 hasABS=0 sy=6.39 split=1.000,0.875 ===
158.99715|I|libbeamng.print:18052| === LSTM_OBS t=40 22.58914,23.70827,24.43400,24.69204,0.05558,6.39192,-9.40992,-0.00218,0.00000,0.00000,0.00285,1.00000,0.00000,0.00137,-0.01565,7166.54928,0.25000 ===
159.04726|I|libbeamng.print:18052| === LSTM_TRACE t=50 v=25.53 ws=20.37,23.39,23.37,23.98 cmd=0.821,0.800,0.776,0.773 cap=2536,2470,1512,1504 des=2536,2470,1323,1316 app=2505,2449,1314,1313 abs=nil,nil,nil,nil ebrake=1.00 ibrake=1.00 hasABS=0 sy=7.84 split=1.000,0.875 ===
159.04731|I|libbeamng.print:18052| === LSTM_OBS t=50 20.36544,23.38778,23.36569,23.97889,0.03037,7.84156,-9.46848,-0.00757,0.00000,0.00000,0.00289,1.00000,0.00000,0.00158,-0.01759,6896.73464,0.25000 ===
159.09677|I|libbeamng.print:18052| === LSTM_TRACE t=60 v=24.94 ws=17.31,23.16,22.44,23.34 cmd=0.767,0.758,0.751,0.758 cap=2360,2323,1452,1468 des=2360,2323,1270,1285 app=2337,2308,1264,1284 abs=nil,nil,nil,nil ebrake=1.00 ibrake=1.00 hasABS=0 sy=8.95 split=1.000,0.875 ===
159.09681|I|libbeamng.print:18052| === LSTM_OBS t=60 17.30726,23.15697,22.43822,23.34270,0.03501,8.94911,-9.57600,-0.00770,0.00000,0.00000,0.00204,1.00000,0.00000,0.00156,-0.01846,6651.01634,0.25000 ===
159.14785|I|libbeamng.print:18052| === LSTM_TRACE t=70 v=24.37 ws=14.57,22.99,21.74,22.44 cmd=0.655,0.674,0.760,0.773 cap=2203,2207,1484,1510 des=2203,2207,1298,1321 app=2184,2197,1294,1321 abs=nil,nil,nil,nil ebrake=1.00 ibrake=1.00 hasABS=0 sy=9.69 split=1.000,0.875 ===
159.14800|I|libbeamng.print:18052| === LSTM_OBS t=70 14.56812,22.98572,21.74366,22.44439,0.08518,9.68649,-9.67296,-0.02302,0.00000,0.00000,0.00176,1.00000,0.00000,0.00107,-0.01864,6432.83482,0.25000 ===
159.19725|I|libbeamng.print:18052| === LSTM_TRACE t=80 v=23.82 ws=12.59,22.65,21.42,21.44 cmd=0.732,0.746,0.770,0.784 cap=2047,2126,1485,1517 des=2047,2126,1299,1328 app=2032,2119,1296,1328 abs=nil,nil,nil,nil ebrake=1.00 ibrake=1.00 hasABS=0 sy=10.15 split=1.000,0.875 ===
159.19732|I|libbeamng.print:18052| === LSTM_OBS t=80 12.58889,22.65370,21.42092,21.43831,0.13410,10.15202,-9.73253,-0.04539,0.00000,0.00000,0.00315,1.00000,0.00000,0.00007,-0.01799,6220.38027,0.25000 ===
159.24666|I|libbeamng.print:18052| === LSTM_TRACE t=90 v=23.27 ws=10.87,22.09,21.23,20.16 cmd=0.598,0.637,0.772,0.787 cap=2035,2128,1510,1536 des=2035,2128,1322,1344 app=2020,2124,1319,1344 abs=nil,nil,nil,nil ebrake=1.00 ibrake=1.00 hasABS=0 sy=10.42 split=1.000,0.875 ===
159.24673|I|libbeamng.print:18052| === LSTM_OBS t=90 10.86578,22.08942,21.22589,20.15671,0.19521,10.41959,-9.74101,-0.03379,0.00000,0.00000,0.00210,1.00000,0.00000,-0.00081,-0.01695,6008.01567,0.25000 ===
159.29717|I|libbeamng.print:18052| === LSTM_TRACE t=100 v=22.72 ws=9.76,21.55,21.23,18.68 cmd=0.567,0.613,0.779,0.788 cap=2044,2148,1535,1546 des=2044,2148,1343,1352 app=2030,2146,1342,1352 abs=nil,nil,nil,nil ebrake=1.00 ibrake=1.00 hasABS=0 sy=10.58 split=1.000,0.875 ===
159.29724|I|libbeamng.print:18052| === LSTM_OBS t=100 9.75899,21.55124,21.23242,18.67597,0.27843,10.57533,-9.69765,-0.02377,0.00000,0.00000,0.00204,1.00000,0.00000,-0.00154,-0.01579,5798.25862,0.25000 ===
159.34708|I|libbeamng.print:18052| === LSTM_TRACE t=110 v=22.18 ws=9.04,21.07,21.17,17.27 cmd=0.618,0.657,0.800,0.798 cap=1886,2009,1537,1537 des=1886,2009,1345,1345 app=1873,2008,1344,1345 abs=nil,nil,nil,nil ebrake=1.00 ibrake=1.00 hasABS=0 sy=10.66 split=1.000,0.875 ===
159.34713|I|libbeamng.print:18052| === LSTM_OBS t=110 9.04225,21.07164,21.16655,17.26542,0.38883,10.65737,-9.65002,-0.01012,0.00000,0.00000,0.00297,1.00000,0.00000,-0.00216,-0.01477,5584.63366,0.25000 ===
159.39689|I|libbeamng.print:18052| === LSTM_TRACE t=120 v=21.64 ws=8.09,20.62,20.74,16.10 cmd=0.525,0.574,0.796,0.790 cap=1931,2043,1516,1511 des=1931,2043,1326,1322 app=1918,2043,1326,1322 abs=nil,nil,nil,nil ebrake=1.00 ibrake=1.00 hasABS=0 sy=10.70 split=1.000,0.875 ===
159.39695|I|libbeamng.print:18052| === LSTM_OBS t=120 8.09365,20.61740,20.73913,16.09892,0.48838,10.69802,-9.64586,0.01505,0.00000,0.00000,0.00216,1.00000,0.00000,-0.00259,-0.01391,5361.08431,0.25000 ===
159.44760|I|libbeamng.print:18052| === LSTM_TRACE t=130 v=21.11 ws=8.09,20.22,20.28,15.05 cmd=0.676,0.707,0.805,0.788 cap=1735,1870,1541,1517 des=1735,1870,1348,1327 app=1723,1870,1348,1327 abs=nil,nil,nil,nil ebrake=1.00 ibrake=1.00 hasABS=0 sy=10.67 split=1.000,0.875 ===
159.44767|I|libbeamng.print:18052| === LSTM_OBS t=130 8.08723,20.21637,20.27644,15.05159,0.53395,10.66627,-9.66513,0.03070,0.00000,0.00000,0.00210,1.00000,0.00000,-0.00257,-0.01315,5133.05814,0.25000 ===
159.49690|I|libbeamng.print:18052| === LSTM_TRACE t=140 v=20.58 ws=7.49,19.64,19.62,14.06 cmd=0.663,0.699,0.767,0.749 cap=1737,1907,1517,1482 des=1737,1907,1328,1297 app=1725,1907,1328,1297 abs=nil,nil,nil,nil ebrake=1.00 ibrake=1.00 hasABS=0 sy=10.66 split=1.000,0.875 ===
159.49695|I|libbeamng.print:18052| === LSTM_OBS t=140 7.49341,19.63568,19.62032,14.05779,0.50992,10.65820,-9.70650,0.03759,0.00000,0.00000,0.00229,1.00000,0.00000,-0.00211,-0.01249,4912.98597,0.25000 ===
159.54692|I|libbeamng.print:18052| === LSTM_TRACE t=150 v=20.05 ws=6.85,19.24,19.16,13.17 cmd=0.605,0.657,0.721,0.704 cap=1703,1881,1404,1378 des=1703,1881,1229,1206 app=1691,1881,1229,1206 abs=nil,nil,nil,nil ebrake=1.00 ibrake=1.00 hasABS=0 sy=10.67 split=1.000,0.875 ===
159.54698|I|libbeamng.print:18052| === LSTM_OBS t=150 6.85034,19.23711,19.15768,13.17056,0.43794,10.66647,-9.72173,0.04457,0.00000,0.00000,0.00261,1.00000,0.00000,-0.00129,-0.01201,4717.23652,0.25000 ===
159.59682|I|libbeamng.print:18052| === LSTM_TRACE t=160 v=19.52 ws=6.53,18.64,18.63,12.76 cmd=0.495,0.568,0.620,0.610 cap=1914,2081,1209,1182 des=1914,2081,1058,1034 app=1901,2081,1058,1034 abs=nil,nil,nil,nil ebrake=1.00 ibrake=1.00 hasABS=0 sy=10.64 split=1.000,0.875 ===
159.59690|I|libbeamng.print:18052| === LSTM_OBS t=160 6.53118,18.64009,18.63111,12.76015,0.34214,10.64467,-9.72823,0.03970,0.00000,0.00000,0.00278,1.00000,0.00000,-0.00031,-0.01183,4558.40835,0.25000 ===
159.64674|I|libbeamng.print:18052| === LSTM_TRACE t=170 v=18.98 ws=6.74,18.08,17.51,11.56 cmd=0.525,0.589,0.535,0.530 cap=1888,2045,1052,1041 des=1888,2045,920,911 app=1874,2045,920,911 abs=nil,nil,nil,nil ebrake=1.00 ibrake=1.00 hasABS=0 sy=10.66 split=1.000,0.875 ===
159.64683|I|libbeamng.print:18052| === LSTM_OBS t=170 6.74005,18.07929,17.51275,11.55674,0.19097,10.66317,-9.76868,0.05173,0.00000,0.00000,0.00176,1.00000,0.00000,0.00059,-0.01200,4489.81093,0.25000 ===
159.69716|I|libbeamng.print:18052| === LSTM_TRACE t=180 v=18.44 ws=6.64,17.57,16.97,10.29 cmd=0.598,0.641,0.507,0.506 cap=2180,2273,966,956 des=2180,2273,846,837 app=1990,2231,846,837 abs=nil,nil,nil,nil ebrake=1.00 ibrake=1.00 hasABS=0 sy=10.71 split=1.000,0.875 ===
159.69722|I|libbeamng.print:18052| === LSTM_OBS t=180 6.64164,17.57021,16.96513,10.28991,0.04138,10.70941,-9.77220,0.04107,0.00000,0.00000,0.00354,1.00000,0.00000,0.00130,-0.01276,4486.19614,0.25000 ===
159.74691|I|libbeamng.print:18052| === LSTM_TRACE t=190 v=17.91 ws=6.38,16.99,16.00,9.08 cmd=0.460,0.547,0.494,0.491 cap=1298,1523,972,983 des=1298,1523,851,860 app=1819,2042,851,860 abs=nil,nil,nil,nil ebrake=1.00 ibrake=1.00 hasABS=0 sy=10.67 split=1.000,0.875 ===
159.74697|I|libbeamng.print:18052| === LSTM_OBS t=190 6.37907,16.98559,16.00466,9.07600,-0.10269,10.67496,-9.80241,0.03922,0.00000,0.00000,0.00091,1.00000,0.00000,0.00190,-0.01375,4480.10178,0.25000 ===
159.79685|I|libbeamng.print:18052| === LSTM_TRACE t=200 v=17.38 ws=6.32,16.96,15.70,7.92 cmd=0.793,0.799,0.496,0.499 cap=1896,2056,953,955 des=1896,2056,834,836 app=1813,2027,834,836 abs=nil,nil,nil,nil ebrake=1.00 ibrake=1.00 hasABS=0 sy=10.63 split=1.000,0.875 ===
159.79694|I|libbeamng.print:18052| === LSTM_OBS t=200 6.31834,16.95639,15.69719,7.91745,-0.25103,10.63360,-9.78040,0.04432,0.00000,0.00000,0.00360,1.00000,0.00000,0.00236,-0.01471,4454.42962,0.25000 ===
159.84650|I|libbeamng.print:18052| === LSTM_TRACE t=210 v=16.86 ws=5.49,15.70,15.05,6.55 cmd=0.314,0.419,0.485,0.494 cap=1579,1766,1021,1044 des=1579,1766,893,914 app=1813,1998,893,914 abs=nil,nil,nil,nil ebrake=1.00 ibrake=1.00 hasABS=0 sy=10.57 split=1.000,0.875 ===
159.84655|I|libbeamng.print:18052| === LSTM_OBS t=210 5.49074,15.69718,15.04859,6.55419,-0.35582,10.56702,-9.74923,0.04933,0.00000,0.00000,0.00124,1.00000,0.00000,0.00287,-0.01529,4409.98776,0.25000 ===
159.89670|I|libbeamng.print:18052| === LSTM_TRACE t=220 v=16.34 ws=5.66,15.83,14.85,5.52 cmd=0.719,0.740,0.509,0.515 cap=1995,2146,929,937 des=1995,2146,813,820 app=1812,1998,813,820 abs=nil,nil,nil,nil ebrake=1.00 ibrake=1.00 hasABS=0 sy=10.53 split=1.000,0.875 ===
159.89676|I|libbeamng.print:18052| === LSTM_OBS t=220 5.65607,15.82873,14.84888,5.52375,-0.45419,10.53368,-9.71059,0.05299,0.00000,0.00000,0.00085,1.00000,0.00000,0.00343,-0.01579,4351.73575,0.25000 ===
159.94706|I|libbeamng.print:18052| === LSTM_TRACE t=230 v=15.82 ws=5.04,15.14,14.70,5.10 cmd=0.416,0.515,0.505,0.513 cap=1455,1694,1013,1037 des=1455,1694,886,907 app=1605,1733,886,907 abs=nil,nil,nil,nil ebrake=1.00 ibrake=1.00 hasABS=0 sy=10.48 split=1.000,0.875 ===
159.94714|I|libbeamng.print:18052| === LSTM_OBS t=230 5.04439,15.13871,14.69975,5.10415,-0.53279,10.48493,-9.70761,0.04118,0.00000,0.00000,0.00000,1.00000,0.00000,0.00389,-0.01574,4274.97066,0.25000 ===
159.99711|I|libbeamng.print:18052| === LSTM_TRACE t=240 v=15.32 ws=5.47,14.81,14.51,5.05 cmd=0.509,0.578,0.511,0.524 cap=1954,2100,951,970 des=1954,2100,832,849 app=1938,2100,832,849 abs=nil,nil,nil,nil ebrake=1.00 ibrake=1.00 hasABS=0 sy=10.40 split=1.000,0.875 ===
159.99727|I|libbeamng.print:18052| === LSTM_OBS t=240 5.47406,14.80789,14.51448,5.04614,-0.61520,10.39955,-9.65784,0.04428,0.00000,0.00000,0.00069,1.00000,0.00000,0.00428,-0.01584,4181.78585,0.25000 ===
160.04790|I|libbeamng.print:18052| === LSTM_TRACE t=250 v=14.81 ws=5.54,14.31,14.47,4.97 cmd=0.598,0.662,0.490,0.497 cap=1187,1505,966,992 des=1187,1505,845,868 app=1351,1505,845,868 abs=nil,nil,nil,nil ebrake=1.00 ibrake=1.00 hasABS=0 sy=10.32 split=1.000,0.875 ===
160.04800|I|libbeamng.print:18052| === LSTM_OBS t=250 5.53929,14.31396,14.46977,4.96630,-0.69210,10.31823,-9.58726,0.03959,0.00000,0.00000,0.00091,1.00000,0.00000,0.00429,-0.01596,4087.70656,0.25000 ===
160.09744|I|libbeamng.print:18052| === LSTM_TRACE t=260 v=14.31 ws=5.55,13.74,13.63,4.69 cmd=0.486,0.565,0.499,0.524 cap=1934,2085,989,1023 des=1934,2085,865,895 app=1918,2085,865,895 abs=nil,nil,nil,nil ebrake=1.00 ibrake=1.00 hasABS=0 sy=10.26 split=1.000,0.875 ===
160.09752|I|libbeamng.print:18052| === LSTM_OBS t=260 5.55117,13.74011,13.62606,4.69333,-0.77507,10.26180,-9.57445,0.03515,0.00000,0.00000,0.00326,1.00000,0.00000,0.00453,-0.01620,3994.48844,0.25000 ===
160.14755|I|libbeamng.print:18052| === LSTM_TRACE t=270 v=13.78 ws=6.08,13.23,13.12,4.78 cmd=0.672,0.714,0.512,0.534 cap=1617,1830,950,1007 des=1617,1830,831,881 app=1604,1830,831,881 abs=nil,nil,nil,nil ebrake=1.00 ibrake=1.00 hasABS=0 sy=10.26 split=1.000,0.875 ===
160.14761|I|libbeamng.print:18052| === LSTM_OBS t=270 6.08408,13.22784,13.12411,4.77776,-0.80514,10.26149,-9.57781,0.02729,0.00000,0.00000,0.00293,1.00000,0.00000,0.00485,-0.01646,3902.06310,0.25000 ===
160.19888|I|libbeamng.print:18052| === LSTM_TRACE t=280 v=13.26 ws=6.24,12.62,12.56,4.74 cmd=0.608,0.663,0.510,0.543 cap=1898,2039,961,1034 des=1898,2039,841,905 app=1882,2039,841,905 abs=nil,nil,nil,nil ebrake=1.00 ibrake=1.00 hasABS=0 sy=10.29 split=1.000,0.875 ===
160.19897|I|libbeamng.print:18052| === LSTM_OBS t=280 6.23798,12.62245,12.56492,4.74423,-0.79277,10.28761,-9.59079,0.02136,0.00000,0.00000,0.00189,1.00000,0.00000,0.00473,-0.01666,3808.34376,0.25000 ===
160.24736|I|libbeamng.print:18052| === LSTM_TRACE t=290 v=12.74 ws=5.86,12.17,12.05,4.92 cmd=0.587,0.642,0.507,0.551 cap=2075,2203,988,1058 des=2075,2203,865,926 app=2058,2203,864,925 abs=nil,nil,nil,nil ebrake=1.00 ibrake=1.00 hasABS=0 sy=10.37 split=1.000,0.875 ===
160.24741|I|libbeamng.print:18052| === LSTM_OBS t=290 5.85901,12.17153,12.04690,4.91984,-0.77836,10.36906,-9.60075,0.01838,0.00000,0.00000,0.00342,1.00000,0.00000,0.00428,-0.01699,3710.05283,0.25000 ===
160.29694|I|libbeamng.print:18052| === LSTM_TRACE t=300 v=12.20 ws=5.98,11.52,11.65,5.04 cmd=0.609,0.654,0.521,0.570 cap=2139,2239,1006,1094 des=2139,2239,881,957 app=2121,2239,880,956 abs=nil,nil,nil,nil ebrake=1.00 ibrake=1.00 hasABS=0 sy=10.45 split=1.000,0.875 ===
160.29699|I|libbeamng.print:18052| === LSTM_OBS t=300 5.98220,11.51648,11.65363,5.03873,-0.75641,10.44683,-9.64447,0.02007,0.00000,0.00000,0.00234,1.00000,0.00000,0.00405,-0.01726,3603.92824,0.25000 ===
160.34688|I|libbeamng.print:18052| === LSTM_TRACE t=310 v=11.66 ws=5.76,10.97,11.10,4.95 cmd=0.560,0.613,0.547,0.596 cap=2142,2207,1027,1129 des=2142,2207,898,988 app=2124,2207,898,987 abs=nil,nil,nil,nil ebrake=1.00 ibrake=1.00 hasABS=0 sy=10.52 split=1.000,0.875 ===
160.34695|I|libbeamng.print:18052| === LSTM_OBS t=310 5.76019,10.96641,11.09636,4.95130,-0.69117,10.52383,-9.65755,0.01583,0.00000,0.00000,0.00104,1.00000,0.00000,0.00379,-0.01743,3488.75924,0.25000 ===
160.39706|I|libbeamng.print:18052| === LSTM_TRACE t=320 v=11.12 ws=5.68,10.72,10.78,4.90 cmd=0.735,0.754,0.570,0.612 cap=1905,2027,1079,1170 des=1905,2027,944,1024 app=1890,2027,943,1023 abs=nil,nil,nil,nil ebrake=1.00 ibrake=1.00 hasABS=0 sy=10.58 split=1.000,0.875 ===
160.39715|I|libbeamng.print:18052| === LSTM_OBS t=320 5.67810,10.71958,10.78206,4.89579,-0.60880,10.58024,-9.63666,0.00990,0.00000,0.00000,0.00142,1.00000,0.00000,0.00342,-0.01749,3366.23642,0.25000 ===
160.44815|I|libbeamng.print:18052| === LSTM_TRACE t=330 v=10.58 ws=5.08,9.81,10.29,4.65 cmd=0.450,0.516,0.572,0.625 cap=1741,1851,1127,1241 des=1741,1851,986,1086 app=2060,2054,986,1085 abs=nil,nil,nil,nil ebrake=1.00 ibrake=1.00 hasABS=0 sy=10.62 split=1.000,0.875 ===
160.44824|I|libbeamng.print:18052| === LSTM_OBS t=330 5.08038,9.81292,10.29274,4.64848,-0.51652,10.62063,-9.63897,0.01212,0.00000,0.00000,0.00256,1.00000,0.00000,0.00306,-0.01738,3238.09239,0.25000 ===
160.49754|I|libbeamng.print:18052| === LSTM_TRACE t=340 v=10.05 ws=5.16,9.48,9.60,4.45 cmd=0.699,0.709,0.604,0.654 cap=1935,2034,1147,1229 des=1935,2034,1003,1075 app=1919,2034,1003,1074 abs=nil,nil,nil,nil ebrake=1.00 ibrake=1.00 hasABS=0 sy=10.65 split=1.000,0.875 ===
160.49761|I|libbeamng.print:18052| === LSTM_OBS t=340 5.15801,9.47841,9.60134,4.44500,-0.47226,10.65393,-9.62884,0.01070,0.00000,0.00000,0.00360,1.00000,0.00000,0.00296,-0.01723,3102.26968,0.25000 ===
160.54782|I|libbeamng.print:18052| === LSTM_TRACE t=350 v=9.52 ws=4.97,8.90,8.85,4.58 cmd=0.627,0.646,0.614,0.667 cap=1870,1948,1185,1280 des=1870,1948,1037,1120 app=1854,1948,1036,1119 abs=nil,nil,nil,nil ebrake=1.00 ibrake=1.00 hasABS=0 sy=10.71 split=1.000,0.875 ===
160.54788|I|libbeamng.print:18052| === LSTM_OBS t=350 4.97321,8.90269,8.84996,4.57924,-0.41237,10.70918,-9.63539,0.01244,0.00000,0.00000,0.00328,1.00000,0.00000,0.00317,-0.01681,2963.13010,0.25000 ===
160.59711|I|libbeamng.print:18052| === LSTM_TRACE t=360 v=8.97 ws=4.85,8.30,8.50,4.53 cmd=0.562,0.590,0.640,0.687 cap=1797,1844,1209,1310 des=1797,1844,1058,1146 app=1993,1973,1057,1145 abs=nil,nil,nil,nil ebrake=1.00 ibrake=1.00 hasABS=0 sy=10.78 split=1.000,0.875 ===
160.59716|I|libbeamng.print:18052| === LSTM_OBS t=360 4.85314,8.30248,8.49873,4.53002,-0.34645,10.77991,-9.59323,0.00571,0.00000,0.00000,0.00115,1.00000,0.00000,0.00319,-0.01663,2821.07741,0.25000 ===
160.64746|I|libbeamng.print:18052| === LSTM_TRACE t=370 v=8.38 ws=4.58,7.63,8.07,4.19 cmd=0.525,0.544,0.641,0.689 cap=2372,2303,1243,1334 des=2372,2303,1087,1168 app=2353,2303,1086,1166 abs=nil,nil,nil,nil ebrake=1.00 ibrake=1.00 hasABS=0 sy=10.89 split=1.000,0.875 ===
160.64751|I|libbeamng.print:18052| === LSTM_OBS t=370 4.57751,7.63016,8.07493,4.18859,-0.29700,10.89049,-9.60094,0.01032,0.00000,0.00000,0.00104,1.00000,0.00000,0.00314,-0.01648,2678.93218,0.25000 ===
160.69696|I|libbeamng.print:18052| === LSTM_TRACE t=380 v=7.82 ws=4.64,7.33,7.15,4.19 cmd=0.764,0.734,0.645,0.692 cap=2411,2317,1270,1372 des=2411,2317,1111,1201 app=2391,2317,1110,1199 abs=nil,nil,nil,nil ebrake=1.00 ibrake=1.00 hasABS=0 sy=10.98 split=1.000,0.875 ===
160.69701|I|libbeamng.print:18052| === LSTM_OBS t=380 4.64475,7.32734,7.14982,4.18895,-0.27310,10.98186,-9.61997,0.01735,0.00000,0.00000,0.00000,1.00000,0.00000,0.00354,-0.01626,2531.92274,0.25000 ===
160.74891|I|libbeamng.print:18052| === LSTM_TRACE t=390 v=7.26 ws=4.09,6.86,6.89,4.40 cmd=0.691,0.662,0.674,0.727 cap=1997,1918,1299,1420 des=1997,1918,1137,1242 app=1981,1918,1136,1241 abs=nil,nil,nil,nil ebrake=1.00 ibrake=1.00 hasABS=0 sy=11.06 split=1.000,0.875 ===
160.74899|I|libbeamng.print:18052| === LSTM_OBS t=390 4.09397,6.86120,6.89363,4.40222,-0.27936,11.05657,-9.64132,0.02367,0.00000,0.00000,0.00459,1.00000,0.00000,0.00354,-0.01615,2382.07918,0.25000 ===
160.79720|I|libbeamng.print:18052| === LSTM_TRACE t=400 v=6.70 ws=4.24,6.36,5.69,3.79 cmd=0.763,0.730,0.691,0.743 cap=2305,2247,1312,1384 des=2305,2247,1148,1211 app=2286,2247,1146,1209 abs=nil,nil,nil,nil ebrake=1.00 ibrake=1.00 hasABS=0 sy=11.14 split=1.000,0.875 ===
160.79726|I|libbeamng.print:18052| === LSTM_OBS t=400 4.24101,6.35683,5.69082,3.78831,-0.22989,11.14194,-9.61925,0.01060,0.00000,0.00000,0.00315,1.00000,0.00000,0.00348,-0.01587,2232.48510,0.25000 ===
160.84738|I|libbeamng.print:18052| === LSTM_TRACE t=410 v=6.12 ws=3.46,5.53,5.52,4.12 cmd=0.578,0.573,0.694,0.730 cap=2034,1915,1352,1455 des=2034,1915,1183,1273 app=2076,1928,1182,1271 abs=nil,nil,nil,nil ebrake=1.00 ibrake=1.00 hasABS=0 sy=11.23 split=1.000,0.875 ===
160.84744|I|libbeamng.print:18052| === LSTM_OBS t=410 3.46233,5.52603,5.52425,4.12276,-0.25894,11.22717,-9.65022,0.01004,0.00000,0.00000,0.00049,1.00000,0.00000,0.00421,-0.01546,2079.56833,0.25000 ===
160.89704|I|libbeamng.print:18052| === LSTM_TRACE t=420 v=5.54 ws=3.89,5.36,4.56,3.37 cmd=0.819,0.773,0.721,0.775 cap=2025,1956,1360,1452 des=2025,1956,1190,1271 app=2008,1956,1188,1269 abs=nil,nil,nil,nil ebrake=1.00 ibrake=1.00 hasABS=0 sy=11.32 split=1.000,0.875 ===
160.89710|I|libbeamng.print:18052| === LSTM_OBS t=420 3.88966,5.35791,4.56056,3.36671,-0.17915,11.32264,-9.63253,0.00850,0.00000,0.00000,0.00280,1.00000,0.00000,0.00388,-0.01544,1929.05087,0.25000 ===
160.94720|I|libbeamng.print:18052| === LSTM_TRACE t=430 v=4.99 ws=3.26,4.44,4.76,3.43 cmd=0.711,0.659,0.727,0.770 cap=2704,2521,1420,1528 des=2704,2521,1242,1337 app=2610,2521,1240,1335 abs=nil,nil,nil,nil ebrake=1.00 ibrake=1.00 hasABS=0 sy=11.34 split=1.000,0.875 ===
160.94725|I|libbeamng.print:18052| === LSTM_OBS t=430 3.25926,4.43666,4.76087,3.43202,-0.19778,11.34245,-9.64097,0.01653,0.00000,0.00000,0.00438,1.00000,0.00000,0.00343,-0.01520,1766.46617,0.25000 ===
160.99738|I|libbeamng.print:18052| === LSTM_TRACE t=440 v=4.39 ws=3.47,4.08,3.99,3.27 cmd=0.806,0.766,0.703,0.750 cap=1990,1947,1406,1470 des=1990,1947,1230,1287 app=1973,1947,1228,1285 abs=nil,nil,nil,nil ebrake=1.00 ibrake=1.00 hasABS=0 sy=11.39 split=1.000,0.875 ===
160.99745|I|libbeamng.print:18052| === LSTM_OBS t=440 3.46895,4.07981,3.98614,3.26982,-0.13301,11.38611,-9.70533,0.02068,0.00000,0.00000,0.00146,1.00000,0.00000,0.00261,-0.01494,1598.75229,0.25000 ===
161.04732|I|libbeamng.print:18052| === LSTM_TRACE t=450 v=3.84 ws=2.97,3.29,3.13,3.04 cmd=0.687,0.655,0.691,0.752 cap=2210,2111,1329,1442 des=2210,2111,1163,1262 app=2191,2111,1161,1260 abs=nil,nil,nil,nil ebrake=1.00 ibrake=1.00 hasABS=0 sy=11.34 split=1.000,0.875 ===
161.04747|I|libbeamng.print:18052| === LSTM_OBS t=450 2.97014,3.29169,3.13112,3.04421,-0.08279,11.33505,-9.64734,0.00793,0.00000,0.00000,0.00354,1.00000,0.00000,0.00205,-0.01447,1420.38864,0.25000 ===
161.09469|I|libbeamng.print:18052| === LSTM_TRACE t=460 v=3.29 ws=2.26,3.31,3.00,2.85 cmd=0.838,0.810,0.687,0.742 cap=2340,2308,1337,1426 des=2340,2308,1170,1248 app=2292,2308,1167,1246 abs=nil,nil,nil,nil ebrake=1.00 ibrake=1.00 hasABS=0 sy=11.26 split=1.000,0.875 ===
161.09480|I|libbeamng.print:18052| === LSTM_OBS t=460 2.25734,3.30666,3.00082,2.85187,-0.03199,11.25641,-9.59727,0.00395,0.00000,0.00000,0.00210,1.00000,0.00000,0.00204,-0.01401,1266.93822,0.25000 ===
161.14363|I|libbeamng.print:18052| === LSTM_TRACE t=470 v=2.74 ws=1.20,2.09,2.58,2.52 cmd=0.942,0.912,0.723,0.775 cap=2666,2581,1421,1523 des=2666,2581,1243,1333 app=2598,2581,1240,1331 abs=nil,nil,nil,nil ebrake=1.00 ibrake=1.00 hasABS=0 sy=11.21 split=1.000,0.875 ===
161.14368|I|libbeamng.print:18052| === LSTM_OBS t=470 1.20065,2.09123,2.57605,2.52163,-0.01667,11.21178,-9.59752,0.00263,0.00000,0.00000,0.01136,1.00000,0.00000,0.00211,-0.01381,1104.49705,0.25000 ===
161.19337|I|libbeamng.print:18052| === LSTM_TRACE t=480 v=2.19 ws=0.08,0.13,0.76,1.32 cmd=0.988,0.977,0.794,0.777 cap=3062,3024,1544,1532 des=3062,3024,1351,1340 app=3032,3024,1347,1338 abs=nil,nil,nil,nil ebrake=1.00 ibrake=1.00 hasABS=0 sy=11.25 split=1.000,0.875 ===
161.19343|I|libbeamng.print:18052| === LSTM_OBS t=480 0.07631,0.13423,0.76251,1.32009,-0.05451,11.24843,-9.57257,-0.01394,0.00000,0.00000,0.00483,1.00000,0.00000,0.00222,-0.01413,937.76733,0.25000 ===
161.24343|I|libbeamng.print:18052| === LSTM_TRACE t=490 v=1.62 ws=0.05,0.07,0.61,0.79 cmd=0.994,0.989,0.822,0.832 cap=3079,3063,1585,1608 des=3079,3063,1387,1407 app=3047,3062,1383,1405 abs=nil,nil,nil,nil ebrake=1.00 ibrake=1.00 hasABS=0 sy=11.21 split=1.000,0.875 ===
161.24350|I|libbeamng.print:18052| === LSTM_OBS t=490 0.05087,0.06801,0.60519,0.79478,-0.16787,11.20867,-9.59009,-0.00395,0.00000,0.00000,0.00420,1.00000,0.00000,0.00286,-0.01419,768.11380,0.25000 ===
161.29583|I|libbeamng.print:18052| === LSTM_TRACE t=500 v=1.04 ws=0.02,0.04,0.35,0.19 cmd=0.997,0.995,0.870,0.870 cap=3090,3084,1691,1689 des=3090,3084,1479,1478 app=3057,3082,1475,1475 abs=nil,nil,nil,nil ebrake=1.00 ibrake=1.00 hasABS=0 sy=11.27 split=1.000,0.875 ===
161.29599|I|libbeamng.print:18052| === LSTM_OBS t=500 0.02042,0.04159,0.35133,0.19414,-0.12137,11.27218,-9.55553,0.00263,0.00000,0.00000,0.00392,1.00000,0.00000,0.00279,-0.01421,732.02165,0.25000 ===
165.55112|I|libbeamng.print:18052| === LSTM_ABS: lens 'band_g_mix_s1' loaded (1 member, 17 in, 64 hidden, 2 layers) ===
165.55272|I|libbeamng.print:18052| === LSTM_ABS SELFTEST lens=band_g_mix_s1 cmd=0.981633,0.964734,0.830705,0.893940 ===
195.38675|I|libbeamng.print:18052| === LSTM_TRACE t=0 v=27.71 ws=27.67,27.76,27.30,27.38 cmd=0.925,0.867,0.496,0.505 cap=155,155,97,97 des=155,155,85,85 app=151,153,84,84 abs=nil,nil,nil,nil ebrake=1.00 ibrake=1.00 hasABS=0 sy=1.57 split=1.000,0.875 ===
195.38679|I|libbeamng.print:18052| === LSTM_OBS t=0 27.67418,27.75554,27.30462,27.38369,0.00292,1.56573,-9.78363,-0.01005,0.00000,0.00000,0.00069,1.00000,0.00000,0.00090,-0.00905,7857.92855,0.25000 ===
195.43706|I|libbeamng.print:18052| === LSTM_TRACE t=10 v=27.43 ws=27.05,26.64,26.94,26.96 cmd=0.350,0.467,0.388,0.402 cap=989,1403,739,768 des=989,1403,647,672 app=968,1389,640,667 abs=nil,nil,nil,nil ebrake=1.00 ibrake=1.00 hasABS=0 sy=2.11 split=1.000,0.875 ===
195.43710|I|libbeamng.print:18052| === LSTM_OBS t=10 27.04996,26.63684,26.94108,26.96040,-0.05211,2.11426,-9.72707,-0.01480,0.00000,0.00000,0.00150,1.00000,0.00000,0.00090,-0.01006,7783.94454,0.25000 ===
195.45681|I|libbeamng.print:18052| === LSTM_ABS DBG raw=26.5740,26.4516,26.6468,26.7407,-0.0318,2.6021,-9.6700,-0.0149,0.0000,0.0000,0.0023,1.0000,0.0000,0.0010,-0.0109,7723.1289,0.2500 ===
195.45686|I|libbeamng.print:18052| === LSTM_ABS DBG norm=0.57,0.50,0.53,0.51,-0.18,-2.10,0.00,-0.08,0.06,-0.06,-0.00,0.59,-0.02,0.00,0.00,3.83,0.00 ===
195.45686|I|libbeamng.print:18052| === LSTM_ABS DBG cmd=0.3571,0.4443,0.4198,0.4320 ===
195.48657|I|libbeamng.print:18052| === LSTM_TRACE t=20 v=27.09 ws=26.31,26.12,26.17,26.38 cmd=0.426,0.501,0.465,0.472 cap=1278,1525,886,900 des=1278,1525,775,788 app=1255,1513,768,783 abs=nil,nil,nil,nil ebrake=1.00 ibrake=1.00 hasABS=0 sy=3.29 split=1.000,0.875 ===
195.48662|I|libbeamng.print:18052| === LSTM_OBS t=20 26.30720,26.12077,26.17258,26.37802,-0.01337,3.28612,-9.62156,-0.00518,0.00000,0.00000,0.00091,1.00000,0.00000,0.00101,-0.01206,7620.50793,0.25000 ===
195.53720|I|libbeamng.print:18052| === LSTM_TRACE t=30 v=26.67 ws=25.35,25.35,25.64,25.59 cmd=0.621,0.645,0.634,0.646 cap=1853,1947,1191,1212 des=1853,1947,1042,1060 app=1825,1936,1036,1056 abs=nil,nil,nil,nil ebrake=1.00 ibrake=1.00 hasABS=0 sy=4.56 split=1.000,0.875 ===
195.53725|I|libbeamng.print:18052| === LSTM_OBS t=30 25.34564,25.34872,25.63866,25.59290,0.03963,4.55796,-9.54427,-0.00762,0.00000,0.00000,0.00234,1.00000,0.00000,0.00094,-0.01372,7448.74532,0.25000 ===
195.58704|I|libbeamng.print:18052| === LSTM_TRACE t=40 v=26.15 ws=24.03,24.12,24.82,24.86 cmd=0.757,0.771,0.742,0.750 cap=2342,2375,1432,1448 des=2342,2375,1253,1267 app=2316,2366,1247,1264 abs=nil,nil,nil,nil ebrake=1.00 ibrake=1.00 hasABS=0 sy=6.06 split=1.000,0.875 ===
195.58709|I|libbeamng.print:18052| === LSTM_OBS t=40 24.02532,24.12017,24.81998,24.86478,0.02972,6.06070,-9.46442,-0.01484,0.00000,0.00000,0.00239,1.00000,0.00000,0.00069,-0.01565,7244.54737,0.25000 ===
195.63685|I|libbeamng.print:18052| === LSTM_TRACE t=50 v=25.55 ws=22.93,22.78,23.95,23.88 cmd=0.828,0.832,0.780,0.793 cap=2550,2560,1504,1529 des=2550,2560,1316,1337 app=2529,2555,1312,1336 abs=nil,nil,nil,nil ebrake=1.00 ibrake=1.00 hasABS=0 sy=7.51 split=1.000,0.875 ===
195.63692|I|libbeamng.print:18052| === LSTM_OBS t=50 22.93358,22.78434,23.95100,23.87853,0.07000,7.51431,-9.54535,-0.03131,0.00000,0.00000,0.00388,1.00000,0.00000,0.00058,-0.01762,7000.60976,0.25000 ===
195.68678|I|libbeamng.print:18052| === LSTM_TRACE t=60 v=24.96 ws=20.81,19.99,23.14,22.80 cmd=0.830,0.847,0.821,0.839 cap=2656,2680,1592,1626 des=2656,2680,1393,1423 app=2641,2678,1391,1423 abs=nil,nil,nil,nil ebrake=1.00 ibrake=1.00 hasABS=0 sy=8.75 split=1.000,0.875 ===
195.68683|I|libbeamng.print:18052| === LSTM_OBS t=60 20.81493,19.99156,23.14177,22.80277,0.10292,8.74788,-9.59939,0.00113,0.00000,0.00000,0.00311,1.00000,0.00000,0.00056,-0.01890,6738.84457,0.25000 ===
195.73662|I|libbeamng.print:18052| === LSTM_TRACE t=70 v=24.39 ws=17.06,15.47,22.17,21.87 cmd=0.837,0.862,0.846,0.860 cap=2673,2714,1640,1668 des=2673,2714,1435,1460 app=2663,2714,1435,1460 abs=nil,nil,nil,nil ebrake=1.00 ibrake=1.00 hasABS=0 sy=9.60 split=1.000,0.875 ===
195.73670|I|libbeamng.print:18052| === LSTM_OBS t=70 17.05757,15.46513,22.17197,21.86639,0.10850,9.59837,-9.66478,0.00244,0.00000,0.00000,0.00261,1.00000,0.00000,0.00087,-0.01936,6460.63077,0.25000 ===
195.78685|I|libbeamng.print:18052| === LSTM_TRACE t=80 v=23.85 ws=10.91,7.02,21.12,21.03 cmd=0.876,0.929,0.868,0.867 cap=2753,2889,1693,1684 des=2753,2889,1481,1473 app=2745,2889,1481,1473 abs=nil,nil,nil,nil ebrake=1.00 ibrake=1.00 hasABS=0 sy=10.02 split=1.000,0.875 ===
195.78690|I|libbeamng.print:18052| === LSTM_OBS t=80 10.91091,7.01964,21.11833,21.02597,0.08858,10.01506,-9.68567,0.00558,0.00000,0.00000,0.00091,1.00000,0.00000,0.00130,-0.01888,6173.81895,0.25000 ===
195.83669|I|libbeamng.print:18052| === LSTM_TRACE t=90 v=23.35 ws=0.57,0.37,19.84,20.32 cmd=0.962,0.975,0.882,0.890 cap=2969,3015,1700,1700 des=2969,3015,1488,1488 app=2960,3015,1488,1488 abs=nil,nil,nil,nil ebrake=1.00 ibrake=1.00 hasABS=0 sy=10.14 split=1.000,0.875 ===
195.83674|I|libbeamng.print:18052| === LSTM_OBS t=90 0.56842,0.37119,19.84188,20.32349,0.08876,10.14056,-9.67883,0.00860,0.00000,0.00000,0.00085,1.00000,0.00000,0.00143,-0.01796,5890.06020,0.25000 ===
195.88679|I|libbeamng.print:18052| === LSTM_TRACE t=100 v=22.87 ws=0.09,0.10,18.55,19.67 cmd=0.988,0.990,0.885,0.886 cap=3060,3067,1700,1700 des=3060,3067,1488,1488 app=3049,3067,1488,1488 abs=nil,nil,nil,nil ebrake=1.00 ibrake=1.00 hasABS=0 sy=10.02 split=1.000,0.875 ===
195.88686|I|libbeamng.print:18052| === LSTM_OBS t=100 0.09039,0.10356,18.54800,19.67119,0.03961,10.01503,-9.72966,0.00454,0.00000,0.00000,0.00254,1.00000,0.00000,0.00212,-0.01578,5610.03919,0.25000 ===
195.93659|I|libbeamng.print:18052| === LSTM_TRACE t=110 v=22.39 ws=0.06,0.02,17.23,19.49 cmd=0.989,0.991,0.888,0.885 cap=3067,3071,1700,1700 des=3067,3071,1488,1488 app=3053,3070,1488,1488 abs=nil,nil,nil,nil ebrake=1.00 ibrake=1.00 hasABS=0 sy=9.90 split=1.000,0.875 ===
195.93664|I|libbeamng.print:18052| === LSTM_OBS t=110 0.05921,0.01938,17.22942,19.48991,0.05463,9.90266,-9.58588,-0.00743,0.00000,0.00000,0.00169,1.00000,0.00000,0.00226,-0.01301,5354.76771,0.25000 ===
195.98661|I|libbeamng.print:18052| === LSTM_TRACE t=120 v=21.88 ws=0.02,0.00,15.54,19.34 cmd=0.990,0.991,0.891,0.882 cap=3068,3071,1700,1700 des=3068,3071,1488,1488 app=3053,3069,1488,1488 abs=nil,nil,nil,nil ebrake=1.00 ibrake=1.00 hasABS=0 sy=9.91 split=1.000,0.875 ===
195.98666|I|libbeamng.print:18052| === LSTM_OBS t=120 0.02382,0.00417,15.53951,19.34171,0.03034,9.91066,-9.54430,-0.00612,0.00000,0.00000,0.00146,1.00000,0.00000,0.00220,-0.01082,5124.25937,0.25000 ===
196.03684|I|libbeamng.print:18052| === LSTM_TRACE t=130 v=21.37 ws=0.01,0.01,14.07,19.49 cmd=0.989,0.990,0.893,0.881 cap=3065,3069,1700,1700 des=3065,3069,1488,1488 app=3049,3066,1488,1488 abs=nil,nil,nil,nil ebrake=1.00 ibrake=1.00 hasABS=0 sy=10.01 split=1.000,0.875 ===
196.03688|I|libbeamng.print:18052| === LSTM_OBS t=130 0.01248,0.00628,14.06734,19.48655,-0.01076,10.00836,-9.61200,-0.01928,0.00000,0.00000,0.00154,1.00000,0.00000,0.00228,-0.00919,4904.45644,0.25000 ===
196.08677|I|libbeamng.print:18052| === LSTM_TRACE t=140 v=20.85 ws=0.01,0.00,12.17,19.64 cmd=0.987,0.989,0.894,0.880 cap=3061,3067,1700,1700 des=3061,3067,1488,1488 app=3043,3063,1488,1488 abs=nil,nil,nil,nil ebrake=1.00 ibrake=1.00 hasABS=0 sy=10.07 split=1.000,0.875 ===
196.08682|I|libbeamng.print:18052| === LSTM_OBS t=140 0.01146,0.00147,12.16837,19.63724,-0.04002,10.07390,-9.69877,-0.03380,0.00000,0.00000,0.00162,1.00000,0.00000,0.00249,-0.00804,4683.77488,0.25000 ===
196.13653|I|libbeamng.print:18052| === LSTM_TRACE t=150 v=20.36 ws=0.00,0.00,10.36,19.73 cmd=0.985,0.988,0.893,0.880 cap=3055,3064,1700,1700 des=3055,3064,1488,1488 app=3035,3059,1488,1488 abs=nil,nil,nil,nil ebrake=1.00 ibrake=1.00 hasABS=0 sy=10.08 split=1.000,0.875 ===
196.13659|I|libbeamng.print:18052| === LSTM_OBS t=150 0.00377,0.00472,10.36397,19.73154,-0.07792,10.07872,-9.76948,-0.04567,0.00000,0.00000,0.00162,1.00000,0.00000,0.00267,-0.00721,4447.99805,0.25000 ===
196.18663|I|libbeamng.print:18052| === LSTM_TRACE t=160 v=19.87 ws=0.00,0.00,9.03,19.16 cmd=0.983,0.987,0.893,0.879 cap=3047,3060,1700,1700 des=3047,3060,1488,1488 app=3025,3054,1488,1488 abs=nil,nil,nil,nil ebrake=1.00 ibrake=1.00 hasABS=0 sy=10.00 split=1.000,0.875 ===
196.18668|I|libbeamng.print:18052| === LSTM_OBS t=160 0.00237,0.00012,9.02810,19.16180,-0.08493,10.00003,-9.80059,-0.05686,0.00000,0.00000,0.00162,1.00000,0.00000,0.00248,-0.00652,4188.76299,0.25000 ===
196.23692|I|libbeamng.print:18052| === LSTM_TRACE t=170 v=19.38 ws=0.00,0.00,7.57,18.68 cmd=0.980,0.986,0.892,0.878 cap=3040,3057,1700,1700 des=3040,3057,1488,1488 app=3016,3049,1488,1488 abs=nil,nil,nil,nil ebrake=1.00 ibrake=1.00 hasABS=0 sy=9.93 split=1.000,0.875 ===
196.23697|I|libbeamng.print:18052| === LSTM_OBS t=170 0.00359,0.00064,7.57296,18.67759,-0.05610,9.92543,-9.80607,-0.05828,0.00000,0.00000,0.00189,1.00000,0.00000,0.00203,-0.00593,3923.20806,0.25000 ===
196.28687|I|libbeamng.print:18052| === LSTM_TRACE t=180 v=18.89 ws=0.00,0.00,6.23,18.24 cmd=0.979,0.985,0.891,0.876 cap=3035,3054,1700,1700 des=3035,3054,1488,1488 app=3010,3045,1488,1488 abs=nil,nil,nil,nil ebrake=1.00 ibrake=1.00 hasABS=0 sy=9.88 split=1.000,0.875 ===
196.28692|I|libbeamng.print:18052| === LSTM_OBS t=180 0.00237,0.00108,6.23187,18.23727,-0.00010,9.87823,-9.79926,-0.04945,0.00000,0.00000,0.00204,1.00000,0.00000,0.00146,-0.00551,3658.68911,0.25000 ===
196.33722|I|libbeamng.print:18052| === LSTM_TRACE t=190 v=18.40 ws=0.01,0.01,4.86,17.55 cmd=0.979,0.985,0.890,0.874 cap=3036,3053,1700,1698 des=3036,3053,1488,1486 app=3009,3044,1488,1486 abs=nil,nil,nil,nil ebrake=1.00 ibrake=1.00 hasABS=0 sy=9.87 split=1.000,0.875 ===
196.33726|I|libbeamng.print:18052| === LSTM_OBS t=190 0.00741,0.00525,4.85775,17.54902,0.04307,9.86550,-9.80945,-0.03908,0.00000,0.00000,0.00224,1.00000,0.00000,0.00113,-0.00524,3392.96938,0.25000 ===
196.38681|I|libbeamng.print:18052| === LSTM_TRACE t=200 v=17.89 ws=0.01,0.01,3.72,16.97 cmd=0.981,0.985,0.888,0.872 cap=3039,3054,1700,1694 des=3039,3054,1488,1482 app=3010,3044,1488,1482 abs=nil,nil,nil,nil ebrake=1.00 ibrake=1.00 hasABS=0 sy=9.90 split=1.000,0.875 ===
196.38685|I|libbeamng.print:18052| === LSTM_OBS t=200 0.01202,0.01397,3.72476,16.96726,0.09245,9.89753,-9.86344,-0.03030,0.00000,0.00000,0.00221,1.00000,0.00000,0.00141,-0.00548,3136.52326,0.25000 ===
196.43673|I|libbeamng.print:18052| === LSTM_TRACE t=210 v=17.40 ws=0.01,0.00,1.70,16.66 cmd=0.982,0.986,0.883,0.868 cap=3045,3056,1700,1687 des=3045,3056,1488,1476 app=3015,3045,1488,1476 abs=nil,nil,nil,nil ebrake=1.00 ibrake=1.00 hasABS=0 sy=9.93 split=1.000,0.875 ===
196.43677|I|libbeamng.print:18052| === LSTM_OBS t=210 0.00679,0.00269,1.70433,16.66293,0.15873,9.93034,-9.83858,-0.02236,0.00000,0.00000,0.00169,1.00000,0.00000,0.00161,-0.00614,2880.50564,0.25000 ===
196.48732|I|libbeamng.print:18052| === LSTM_TRACE t=220 v=16.92 ws=0.00,0.00,0.47,15.92 cmd=0.983,0.986,0.878,0.865 cap=3047,3055,1700,1680 des=3047,3055,1488,1470 app=3015,3043,1488,1470 abs=nil,nil,nil,nil ebrake=1.00 ibrake=1.00 hasABS=0 sy=9.87 split=1.000,0.875 ===
196.48738|I|libbeamng.print:18052| === LSTM_OBS t=220 0.00212,0.00244,0.47108,15.92317,0.28928,9.86924,-9.76649,-0.01780,0.00000,0.00000,0.00229,1.00000,0.00000,0.00117,-0.00636,2604.15195,0.25000 ===
196.53689|I|libbeamng.print:18052| === LSTM_TRACE t=230 v=16.43 ws=0.01,0.00,0.06,15.48 cmd=0.981,0.983,0.871,0.862 cap=3040,3048,1691,1673 des=3040,3048,1480,1464 app=3007,3035,1480,1464 abs=nil,nil,nil,nil ebrake=1.00 ibrake=1.00 hasABS=0 sy=9.81 split=1.000,0.875 ===
196.53693|I|libbeamng.print:18052| === LSTM_OBS t=230 0.01153,0.00256,0.06201,15.47514,0.29694,9.81102,-9.76380,-0.01040,0.00000,0.00000,0.00297,1.00000,0.00000,0.00159,-0.00648,2326.82482,0.25000 ===
196.58699|I|libbeamng.print:18052| === LSTM_TRACE t=240 v=15.92 ws=0.01,0.00,0.03,14.14 cmd=0.977,0.981,0.863,0.860 cap=3030,3042,1677,1671 des=3030,3042,1467,1462 app=2996,3028,1467,1462 abs=nil,nil,nil,nil ebrake=1.00 ibrake=1.00 hasABS=0 sy=9.87 split=1.000,0.875 ===
196.58707|I|libbeamng.print:18052| === LSTM_OBS t=240 0.00679,0.00395,0.02734,14.13997,0.29128,9.87279,-9.79455,-0.00812,0.00000,0.00000,0.00224,1.00000,0.00000,0.00220,-0.00675,2116.22784,0.25000 ===
196.63707|I|libbeamng.print:18052| === LSTM_TRACE t=250 v=15.42 ws=0.00,0.00,0.03,12.58 cmd=0.976,0.980,0.857,0.862 cap=3025,3039,1667,1674 des=3025,3039,1459,1465 app=2990,3024,1458,1465 abs=nil,nil,nil,nil ebrake=1.00 ibrake=1.00 hasABS=0 sy=9.94 split=1.000,0.875 ===
196.63712|I|libbeamng.print:18052| === LSTM_OBS t=250 0.00081,0.00094,0.02801,12.58285,0.30168,9.93642,-9.78448,-0.00846,0.00000,0.00000,0.00154,1.00000,0.00000,0.00269,-0.00730,1919.97600,0.25000 ===
196.68708|I|libbeamng.print:18052| === LSTM_TRACE t=260 v=14.92 ws=0.00,0.00,0.01,10.85 cmd=0.976,0.981,0.855,0.864 cap=3027,3041,1662,1679 des=3027,3041,1454,1469 app=2991,3026,1453,1469 abs=nil,nil,nil,nil ebrake=1.00 ibrake=1.00 hasABS=0 sy=9.96 split=1.000,0.875 ===
196.68713|I|libbeamng.print:18052| === LSTM_OBS t=260 0.00417,0.00251,0.01229,10.84974,0.29995,9.95968,-9.76863,-0.00720,0.00000,0.00000,0.00142,1.00000,0.00000,0.00298,-0.00785,1720.92366,0.25000 ===
196.73700|I|libbeamng.print:18052| === LSTM_TRACE t=270 v=14.42 ws=0.00,0.00,0.00,9.11 cmd=0.979,0.983,0.856,0.869 cap=3034,3045,1662,1686 des=3034,3045,1454,1475 app=2996,3029,1452,1475 abs=nil,nil,nil,nil ebrake=1.00 ibrake=1.00 hasABS=0 sy=9.95 split=1.000,0.875 ===
196.73706|I|libbeamng.print:18052| === LSTM_OBS t=270 0.00086,0.00268,0.00172,9.11171,0.28913,9.94520,-9.73834,-0.00853,0.00000,0.00000,0.00146,1.00000,0.00000,0.00302,-0.00815,1508.97739,0.25000 ===
196.78720|I|libbeamng.print:18052| === LSTM_TRACE t=280 v=13.93 ws=0.00,0.00,0.01,7.15 cmd=0.984,0.986,0.860,0.874 cap=3049,3054,1669,1696 des=3049,3054,1461,1484 app=3010,3038,1458,1484 abs=nil,nil,nil,nil ebrake=1.00 ibrake=1.00 hasABS=0 sy=9.93 split=1.000,0.875 ===
196.78725|I|libbeamng.print:18052| === LSTM_OBS t=280 0.00399,0.00094,0.00538,7.14932,0.27667,9.93029,-9.72131,-0.01295,0.00000,0.00000,0.00154,1.00000,0.00000,0.00304,-0.00824,1291.90381,0.25000 ===
196.83695|I|libbeamng.print:18052| === LSTM_TRACE t=290 v=13.44 ws=0.00,0.00,0.01,5.23 cmd=0.989,0.989,0.865,0.877 cap=3065,3065,1679,1700 des=3065,3065,1470,1488 app=3026,3048,1467,1488 abs=nil,nil,nil,nil ebrake=1.00 ibrake=1.00 hasABS=0 sy=9.91 split=1.000,0.875 ===
196.83700|I|libbeamng.print:18052| === LSTM_OBS t=290 0.00299,0.00446,0.01300,5.22719,0.25309,9.91140,-9.70627,-0.01259,0.00000,0.00000,0.00154,1.00000,0.00000,0.00311,-0.00815,1072.79017,0.25000 ===
196.88688|I|libbeamng.print:18052| === LSTM_TRACE t=300 v=12.93 ws=0.02,0.00,0.02,3.15 cmd=0.993,0.992,0.871,0.880 cap=3078,3075,1691,1700 des=3078,3075,1479,1488 app=3038,3057,1476,1488 abs=nil,nil,nil,nil ebrake=1.00 ibrake=1.00 hasABS=0 sy=9.97 split=1.000,0.875 ===
196.88692|I|libbeamng.print:18052| === LSTM_OBS t=300 0.01775,0.00266,0.01566,3.15352,0.26335,9.96801,-9.70707,-0.01328,0.00000,0.00000,0.00169,1.00000,0.00000,0.00264,-0.00832,867.10237,0.25000 ===
196.94001|I|libbeamng.print:18052| === LSTM_TRACE t=310 v=12.43 ws=0.00,0.00,0.02,0.21 cmd=0.995,0.994,0.875,0.882 cap=3086,3081,1700,1700 des=3086,3081,1488,1488 app=3044,3063,1484,1488 abs=nil,nil,nil,nil ebrake=1.00 ibrake=1.00 hasABS=0 sy=9.98 split=1.000,0.875 ===
196.94006|I|libbeamng.print:18052| === LSTM_OBS t=310 0.00075,0.00467,0.01812,0.21000,0.24497,9.98416,-9.75235,0.00156,0.00000,0.00000,0.00154,1.00000,0.00000,0.00191,-0.00898,744.15620,0.25000 ===
196.98661|I|libbeamng.print:18052| === LSTM_TRACE t=320 v=11.94 ws=0.01,0.00,0.04,0.08 cmd=0.996,0.995,0.876,0.881 cap=3087,3084,1700,1700 des=3087,3084,1488,1488 app=3045,3065,1483,1488 abs=nil,nil,nil,nil ebrake=1.00 ibrake=1.00 hasABS=0 sy=9.93 split=1.000,0.875 ===
196.98666|I|libbeamng.print:18052| === LSTM_OBS t=320 0.00566,0.00221,0.04352,0.07940,0.21299,9.92997,-9.73624,0.00153,0.00000,0.00000,0.00146,1.00000,0.00000,0.00196,-0.00912,727.26670,0.25000 ===
197.04042|I|libbeamng.print:18052| === LSTM_TRACE t=330 v=11.44 ws=0.00,0.00,0.04,0.04 cmd=0.996,0.995,0.877,0.882 cap=3088,3084,1700,1700 des=3088,3084,1488,1488 app=3044,3065,1483,1488 abs=nil,nil,nil,nil ebrake=1.00 ibrake=1.00 hasABS=0 sy=9.93 split=1.000,0.875 ===
197.04050|I|libbeamng.print:18052| === LSTM_OBS t=330 0.00196,0.00190,0.03917,0.03844,0.21459,9.92781,-9.71786,0.00641,0.00000,0.00000,0.00221,1.00000,0.00000,0.00172,-0.00920,727.02799,0.25000 ===
197.09042|I|libbeamng.print:18052| === LSTM_TRACE t=340 v=10.94 ws=0.00,0.00,0.01,0.02 cmd=0.996,0.995,0.878,0.882 cap=3088,3085,1700,1700 des=3088,3085,1488,1488 app=3044,3065,1482,1488 abs=nil,nil,nil,nil ebrake=1.00 ibrake=1.00 hasABS=0 sy=9.94 split=1.000,0.875 ===
197.09048|I|libbeamng.print:18052| === LSTM_OBS t=340 0.00154,0.00316,0.01182,0.02122,0.19229,9.93950,-9.72679,0.01086,0.00000,0.00000,0.00210,1.00000,0.00000,0.00154,-0.00928,724.37511,0.25000 ===
197.14041|I|libbeamng.print:18052| === LSTM_TRACE t=350 v=10.44 ws=0.00,0.00,0.02,0.02 cmd=0.996,0.995,0.878,0.883 cap=3089,3085,1700,1700 des=3089,3085,1488,1488 app=3044,3065,1482,1488 abs=nil,nil,nil,nil ebrake=1.00 ibrake=1.00 hasABS=0 sy=9.97 split=1.000,0.875 ===
197.14051|I|libbeamng.print:18052| === LSTM_OBS t=350 0.00138,0.00062,0.02132,0.01692,0.17987,9.96624,-9.72150,0.01588,0.00000,0.00000,0.00189,1.00000,0.00000,0.00154,-0.00944,726.90557,0.25000 ===
197.19035|I|libbeamng.print:18052| === LSTM_TRACE t=360 v=9.93 ws=0.00,0.00,0.01,0.01 cmd=0.996,0.995,0.879,0.883 cap=3089,3085,1700,1700 des=3089,3085,1488,1488 app=3043,3065,1482,1488 abs=nil,nil,nil,nil ebrake=1.00 ibrake=1.00 hasABS=0 sy=10.01 split=1.000,0.875 ===
197.19041|I|libbeamng.print:18052| === LSTM_OBS t=360 0.00042,0.00014,0.00634,0.00736,0.17714,10.00815,-9.71305,0.02092,0.00000,0.00000,0.00169,1.00000,0.00000,0.00152,-0.00963,727.10397,0.25000 ===
197.24033|I|libbeamng.print:18052| === LSTM_TRACE t=370 v=9.42 ws=0.00,0.00,0.00,0.01 cmd=0.996,0.995,0.879,0.883 cap=3089,3085,1700,1700 des=3089,3085,1488,1488 app=3043,3064,1482,1488 abs=nil,nil,nil,nil ebrake=1.00 ibrake=1.00 hasABS=0 sy=10.06 split=1.000,0.875 ===
197.24040|I|libbeamng.print:18052| === LSTM_OBS t=370 0.00229,0.00067,0.00105,0.00574,0.17673,10.05971,-9.70846,0.02684,0.00000,0.00000,0.00183,1.00000,0.00000,0.00152,-0.00980,729.08940,0.25000 ===
197.28688|I|libbeamng.print:18052| === LSTM_TRACE t=380 v=8.91 ws=0.00,0.00,0.01,0.01 cmd=0.996,0.995,0.879,0.883 cap=3089,3086,1700,1700 des=3089,3086,1488,1488 app=3042,3064,1481,1488 abs=nil,nil,nil,nil ebrake=1.00 ibrake=1.00 hasABS=0 sy=10.11 split=1.000,0.875 ===
197.28693|I|libbeamng.print:18052| === LSTM_OBS t=380 0.00145,0.00113,0.00851,0.00602,0.17269,10.10854,-9.70121,0.03024,0.00000,0.00000,0.00189,1.00000,0.00000,0.00154,-0.00999,728.45007,0.25000 ===
197.33678|I|libbeamng.print:18052| === LSTM_TRACE t=390 v=8.39 ws=0.00,0.00,0.00,0.00 cmd=0.997,0.995,0.879,0.883 cap=3089,3086,1700,1700 des=3089,3086,1488,1488 app=3042,3064,1481,1488 abs=nil,nil,nil,nil ebrake=1.00 ibrake=1.00 hasABS=0 sy=10.17 split=1.000,0.875 ===
197.33683|I|libbeamng.print:18052| === LSTM_OBS t=390 0.00012,0.00078,0.00121,0.00452,0.16821,10.17015,-9.69916,0.03435,0.00000,0.00000,0.00183,1.00000,0.00000,0.00158,-0.01016,729.57036,0.25000 ===
197.38762|I|libbeamng.print:18052| === LSTM_TRACE t=400 v=7.87 ws=0.00,0.00,0.00,0.01 cmd=0.997,0.995,0.880,0.883 cap=3089,3086,1700,1700 des=3089,3086,1488,1488 app=3042,3064,1481,1488 abs=nil,nil,nil,nil ebrake=1.00 ibrake=1.00 hasABS=0 sy=10.24 split=1.000,0.875 ===
197.38769|I|libbeamng.print:18052| === LSTM_OBS t=400 0.00109,0.00164,0.00432,0.00648,0.15955,10.23507,-9.69800,0.03868,0.00000,0.00000,0.00189,1.00000,0.00000,0.00163,-0.01033,727.34038,0.25000 ===
197.43882|I|libbeamng.print:18052| === LSTM_TRACE t=410 v=7.34 ws=0.00,0.00,0.01,0.00 cmd=0.997,0.996,0.880,0.883 cap=3090,3086,1700,1700 des=3090,3086,1488,1488 app=3041,3064,1481,1488 abs=nil,nil,nil,nil ebrake=1.00 ibrake=1.00 hasABS=0 sy=10.32 split=1.000,0.875 ===
197.43887|I|libbeamng.print:18052| === LSTM_OBS t=410 0.00196,0.00137,0.00513,0.00478,0.15113,10.31651,-9.69695,0.04155,0.00000,0.00000,0.00183,1.00000,0.00000,0.00169,-0.01053,728.99541,0.25000 ===
197.49142|I|libbeamng.print:18052| === LSTM_TRACE t=420 v=6.80 ws=0.00,0.00,0.01,0.01 cmd=0.997,0.996,0.880,0.883 cap=3090,3086,1700,1700 des=3090,3086,1488,1488 app=3041,3064,1481,1488 abs=nil,nil,nil,nil ebrake=1.00 ibrake=1.00 hasABS=0 sy=10.42 split=1.000,0.875 ===
197.49149|I|libbeamng.print:18052| === LSTM_OBS t=420 0.00129,0.00246,0.01283,0.00550,0.14046,10.41586,-9.69426,0.04426,0.00000,0.00000,0.00192,1.00000,0.00000,0.00175,-0.01074,728.88885,0.25000 ===
197.53783|I|libbeamng.print:18052| === LSTM_TRACE t=430 v=6.26 ws=0.00,0.00,0.00,0.00 cmd=0.997,0.996,0.880,0.883 cap=3090,3087,1700,1700 des=3090,3087,1488,1488 app=3041,3064,1481,1488 abs=nil,nil,nil,nil ebrake=1.00 ibrake=1.00 hasABS=0 sy=10.53 split=1.000,0.875 ===
197.53792|I|libbeamng.print:18052| === LSTM_OBS t=430 0.00038,0.00187,0.00164,0.00072,0.12975,10.53349,-9.69331,0.04726,0.00000,0.00000,0.00192,1.00000,0.00000,0.00182,-0.01098,728.79825,0.25000 ===
197.58675|I|libbeamng.print:18052| === LSTM_TRACE t=440 v=5.71 ws=0.00,0.00,0.01,0.01 cmd=0.997,0.996,0.881,0.883 cap=3090,3087,1700,1700 des=3090,3087,1488,1488 app=3041,3064,1480,1488 abs=nil,nil,nil,nil ebrake=1.00 ibrake=1.00 hasABS=0 sy=10.66 split=1.000,0.875 ===
197.58682|I|libbeamng.print:18052| === LSTM_OBS t=440 0.00070,0.00068,0.00769,0.00514,0.11614,10.65618,-9.69623,0.04863,0.00000,0.00000,0.00189,1.00000,0.00000,0.00187,-0.01121,727.05780,0.25000 ===
197.63717|I|libbeamng.print:18052| === LSTM_TRACE t=450 v=5.16 ws=0.00,0.00,0.03,0.03 cmd=0.997,0.996,0.881,0.883 cap=3090,3087,1700,1700 des=3090,3087,1488,1488 app=3040,3064,1480,1488 abs=nil,nil,nil,nil ebrake=1.00 ibrake=1.00 hasABS=0 sy=10.76 split=1.000,0.875 ===
197.63725|I|libbeamng.print:18052| === LSTM_OBS t=450 0.00120,0.00157,0.02954,0.02566,0.10040,10.76230,-9.69697,0.05014,0.00000,0.00000,0.00189,1.00000,0.00000,0.00195,-0.01143,730.06499,0.25000 ===
197.68690|I|libbeamng.print:18052| === LSTM_TRACE t=460 v=4.59 ws=0.00,0.00,0.00,0.01 cmd=0.997,0.996,0.881,0.884 cap=3091,3087,1700,1700 des=3091,3087,1488,1488 app=3040,3064,1480,1488 abs=nil,nil,nil,nil ebrake=1.00 ibrake=1.00 hasABS=0 sy=10.88 split=1.000,0.875 ===
197.68701|I|libbeamng.print:18052| === LSTM_OBS t=460 0.00232,0.00415,0.00093,0.00924,0.08150,10.87826,-9.69727,0.05007,0.00000,0.00000,0.00192,1.00000,0.00000,0.00202,-0.01164,724.81432,0.25000 ===
197.73731|I|libbeamng.print:18052| === LSTM_TRACE t=470 v=4.02 ws=0.00,0.00,0.01,0.00 cmd=0.997,0.996,0.881,0.884 cap=3091,3088,1700,1700 des=3091,3088,1488,1488 app=3040,3064,1480,1488 abs=nil,nil,nil,nil ebrake=1.00 ibrake=1.00 hasABS=0 sy=11.01 split=1.000,0.875 ===
197.73739|I|libbeamng.print:18052| === LSTM_OBS t=470 0.00140,0.00006,0.00966,0.00154,0.06336,11.01176,-9.69631,0.04907,0.00000,0.00000,0.00192,1.00000,0.00000,0.00210,-0.01196,727.33000,0.25000 ===
197.78665|I|libbeamng.print:18052| === LSTM_TRACE t=480 v=3.45 ws=0.00,0.00,0.01,0.01 cmd=0.997,0.996,0.882,0.884 cap=3091,3088,1700,1700 des=3091,3088,1488,1488 app=3040,3064,1480,1488 abs=nil,nil,nil,nil ebrake=1.00 ibrake=1.00 hasABS=0 sy=11.14 split=1.000,0.875 ===
197.78670|I|libbeamng.print:18052| === LSTM_OBS t=480 0.00076,0.00117,0.00780,0.00575,0.04176,11.13863,-9.69267,0.04772,0.00000,0.00000,0.00189,1.00000,0.00000,0.00215,-0.01226,724.31338,0.25000 ===
197.83745|I|libbeamng.print:18052| === LSTM_TRACE t=490 v=2.87 ws=0.00,0.00,0.00,0.01 cmd=0.997,0.996,0.882,0.884 cap=3091,3088,1700,1700 des=3091,3088,1488,1488 app=3040,3064,1480,1488 abs=nil,nil,nil,nil ebrake=1.00 ibrake=1.00 hasABS=0 sy=11.25 split=1.000,0.875 ===
197.83750|I|libbeamng.print:18052| === LSTM_OBS t=490 0.00015,0.00013,0.00237,0.00846,0.02005,11.25421,-9.68338,0.04539,0.00000,0.00000,0.00189,1.00000,0.00000,0.00227,-0.01251,727.10008,0.25000 ===
197.88780|I|libbeamng.print:18052| === LSTM_TRACE t=500 v=2.29 ws=0.00,0.00,0.00,0.00 cmd=0.997,0.996,0.882,0.884 cap=3091,3088,1700,1700 des=3091,3088,1488,1488 app=3040,3064,1480,1487 abs=nil,nil,nil,nil ebrake=1.00 ibrake=1.00 hasABS=0 sy=11.36 split=1.000,0.875 ===
197.88794|I|libbeamng.print:18052| === LSTM_OBS t=500 0.00175,0.00230,0.00403,0.00402,-0.00261,11.35722,-9.67393,0.04096,0.00000,0.00000,0.00176,1.00000,0.00000,0.00238,-0.01267,726.35573,0.25000 ===
197.93744|I|libbeamng.print:18052| === LSTM_TRACE t=510 v=1.70 ws=0.00,0.00,0.06,0.06 cmd=0.997,0.996,0.881,0.884 cap=3091,3088,1700,1700 des=3091,3088,1488,1488 app=3040,3064,1480,1487 abs=nil,nil,nil,nil ebrake=1.00 ibrake=1.00 hasABS=0 sy=11.46 split=1.000,0.875 ===
197.93748|I|libbeamng.print:18052| === LSTM_OBS t=510 0.00029,0.00014,0.06054,0.06465,-0.02622,11.46441,-9.66127,0.03647,0.00000,0.00000,0.00183,1.00000,0.00000,0.00250,-0.01280,727.52879,0.25000 ===
197.98726|I|libbeamng.print:18052| === LSTM_TRACE t=520 v=1.11 ws=0.00,0.00,0.02,0.15 cmd=0.997,0.996,0.881,0.883 cap=3091,3088,1700,1700 des=3091,3088,1488,1488 app=3039,3063,1480,1487 abs=nil,nil,nil,nil ebrake=1.00 ibrake=1.00 hasABS=0 sy=11.56 split=1.000,0.875 ===
197.98730|I|libbeamng.print:18052| === LSTM_OBS t=520 0.00038,0.00218,0.02489,0.14961,-0.05685,11.55758,-9.65556,0.03004,0.00000,0.00000,0.00183,1.00000,0.00000,0.00271,-0.01282,726.24112,0.25000 ===
198.03726|I|libbeamng.print:18052| === LSTM_TRACE t=530 v=0.51 ws=0.00,0.00,0.03,0.69 cmd=0.997,0.996,0.881,0.883 cap=3091,3088,1700,1700 des=3091,3088,1488,1488 app=3039,3063,1480,1487 abs=nil,nil,nil,nil ebrake=1.00 ibrake=1.00 hasABS=0 sy=11.64 split=1.000,0.875 ===
198.03730|I|libbeamng.print:18052| === LSTM_OBS t=530 0.00239,0.00055,0.03315,0.69213,-0.08890,11.64253,-9.64031,0.01139,0.00000,0.00000,0.00176,1.00000,0.00000,0.00306,-0.01267,728.35861,0.25000 ===
228.18029|I|libbeamng.print:18052| === LSTM_TRACE t=0 v=27.71 ws=27.64,27.81,27.34,27.40 cmd=0.925,0.867,0.495,0.503 cap=155,155,97,97 des=155,155,85,85 app=152,153,84,85 abs=nil,nil,nil,nil ebrake=1.00 ibrake=1.00 hasABS=0 sy=1.56 split=1.000,0.875 ===
228.18044|I|libbeamng.print:18052| === LSTM_OBS t=0 27.64243,27.80953,27.34246,27.39608,-0.02490,1.56390,-9.77275,-0.01142,0.00000,0.00000,0.00049,1.00000,0.00000,0.00095,-0.00904,7856.78714,0.25000 ===
228.23497|I|libbeamng.print:18052| === LSTM_TRACE t=10 v=27.43 ws=27.13,26.65,26.87,26.97 cmd=0.356,0.468,0.397,0.413 cap=1002,1404,758,790 des=1002,1404,663,691 app=983,1389,657,689 abs=nil,nil,nil,nil ebrake=1.00 ibrake=1.00 hasABS=0 sy=2.15 split=1.000,0.875 ===
228.23502|I|libbeamng.print:18052| === LSTM_OBS t=10 27.13039,26.65330,26.86932,26.97460,0.01011,2.15342,-9.78860,-0.01270,0.00000,0.00000,0.00162,1.00000,0.00000,0.00096,-0.01004,7781.76010,0.25000 ===
228.25161|I|libbeamng.print:18052| === LSTM_ABS DBG raw=26.5592,26.5513,26.5805,26.6371,0.0240,2.6457,-9.7371,-0.0010,0.0000,0.0000,0.0022,1.0000,0.0000,0.0010,-0.0109,7719.4138,0.2500 ===
228.25165|I|libbeamng.print:18052| === LSTM_ABS DBG norm=0.57,0.51,0.53,0.51,-0.13,-2.09,0.00,0.02,0.06,-0.06,-0.01,0.59,-0.02,0.00,0.00,3.83,0.00 ===
228.25165|I|libbeamng.print:18052| === LSTM_ABS DBG cmd=0.3777,0.4604,0.4261,0.4394 ===
228.28037|I|libbeamng.print:18052| === LSTM_TRACE t=20 v=27.09 ws=26.28,26.18,26.25,26.30 cmd=0.427,0.504,0.461,0.469 cap=1290,1542,882,898 des=1290,1542,772,786 app=1268,1530,767,784 abs=nil,nil,nil,nil ebrake=1.00 ibrake=1.00 hasABS=0 sy=3.34 split=1.000,0.875 ===
228.28043|I|libbeamng.print:18052| === LSTM_OBS t=20 26.27983,26.18085,26.24543,26.29998,0.01113,3.33945,-9.65246,-0.00824,0.00000,0.00000,0.00069,1.00000,0.00000,0.00103,-0.01207,7613.84873,0.25000 ===
228.33003|I|libbeamng.print:18052| === LSTM_TRACE t=30 v=26.67 ws=25.32,25.38,25.61,25.66 cmd=0.608,0.638,0.618,0.629 cap=1866,1958,1161,1179 des=1866,1958,1016,1031 app=1841,1947,1010,1030 abs=nil,nil,nil,nil ebrake=1.00 ibrake=1.00 hasABS=0 sy=4.61 split=1.000,0.875 ===
228.33008|I|libbeamng.print:18052| === LSTM_OBS t=30 25.31838,25.37557,25.61028,25.66364,0.00026,4.60905,-9.58725,-0.01016,0.00000,0.00000,0.00189,1.00000,0.00000,0.00104,-0.01375,7441.95997,0.25000 ===
228.37963|I|libbeamng.print:18052| === LSTM_TRACE t=40 v=26.12 ws=24.19,24.16,24.86,24.96 cmd=0.758,0.767,0.739,0.752 cap=2321,2355,1426,1448 des=2321,2355,1247,1267 app=2297,2346,1243,1267 abs=nil,nil,nil,nil ebrake=1.00 ibrake=1.00 hasABS=0 sy=6.03 split=1.000,0.875 ===
228.37968|I|libbeamng.print:18052| === LSTM_OBS t=40 24.18793,24.16138,24.86468,24.95766,-0.02900,6.02861,-9.59131,0.00229,0.00000,0.00000,0.00289,1.00000,0.00000,0.00080,-0.01569,7238.93876,0.25000 ===
228.42987|I|libbeamng.print:18052| === LSTM_TRACE t=50 v=25.55 ws=22.83,22.63,24.05,23.95 cmd=0.822,0.830,0.780,0.792 cap=2522,2553,1508,1531 des=2522,2553,1319,1340 app=2504,2548,1317,1340 abs=nil,nil,nil,nil ebrake=1.00 ibrake=1.00 hasABS=0 sy=7.57 split=1.000,0.875 ===
228.42992|I|libbeamng.print:18052| === LSTM_OBS t=50 22.83091,22.62591,24.04554,23.95078,0.03466,7.56550,-9.60343,-0.00813,0.00000,0.00000,0.00289,1.00000,0.00000,0.00065,-0.01764,6992.83147,0.25000 ===
228.47995|I|libbeamng.print:18052| === LSTM_TRACE t=60 v=24.96 ws=20.62,19.87,23.19,22.91 cmd=0.838,0.854,0.824,0.841 cap=2619,2656,1588,1621 des=2619,2656,1389,1418 app=2606,2654,1389,1418 abs=nil,nil,nil,nil ebrake=1.00 ibrake=1.00 hasABS=0 sy=8.78 split=1.000,0.875 ===
228.48008|I|libbeamng.print:18052| === LSTM_OBS t=60 20.62373,19.87108,23.18655,22.91156,0.06305,8.77989,-9.63794,0.00225,0.00000,0.00000,0.00289,1.00000,0.00000,0.00067,-0.01893,6729.96762,0.25000 ===
228.53087|I|libbeamng.print:18052| === LSTM_TRACE t=70 v=24.38 ws=16.89,15.03,22.16,21.93 cmd=0.856,0.877,0.847,0.859 cap=2583,2672,1642,1670 des=2583,2672,1437,1461 app=2574,2672,1437,1461 abs=nil,nil,nil,nil ebrake=1.00 ibrake=1.00 hasABS=0 sy=9.60 split=1.000,0.875 ===
228.53096|I|libbeamng.print:18052| === LSTM_OBS t=70 16.89213,15.02611,22.15567,21.92994,0.08071,9.60262,-9.67132,0.00025,0.00000,0.00000,0.00301,1.00000,0.00000,0.00095,-0.01942,6449.98939,0.25000 ===
228.57976|I|libbeamng.print:18052| === LSTM_TRACE t=80 v=23.86 ws=10.11,6.29,21.05,21.08 cmd=0.882,0.932,0.867,0.869 cap=2761,2897,1691,1687 des=2761,2897,1479,1476 app=2754,2897,1479,1476 abs=nil,nil,nil,nil ebrake=1.00 ibrake=1.00 hasABS=0 sy=10.00 split=1.000,0.875 ===
228.57980|I|libbeamng.print:18052| === LSTM_OBS t=80 10.11169,6.29313,21.05096,21.07834,0.07821,10.00172,-9.72025,0.00934,0.00000,0.00000,0.00091,1.00000,0.00000,0.00133,-0.01895,6163.66777,0.25000 ===
228.63021|I|libbeamng.print:18052| === LSTM_TRACE t=90 v=23.36 ws=0.43,0.09,19.74,20.32 cmd=0.975,0.981,0.884,0.892 cap=2996,3028,1700,1700 des=2996,3028,1488,1488 app=2988,3028,1488,1488 abs=nil,nil,nil,nil ebrake=1.00 ibrake=1.00 hasABS=0 sy=10.09 split=1.000,0.875 ===
228.63025|I|libbeamng.print:18052| === LSTM_OBS t=90 0.42997,0.09230,19.73903,20.31789,0.10156,10.09397,-9.67594,0.00801,0.00000,0.00000,0.00483,1.00000,0.00000,0.00150,-0.01795,5878.07995,0.25000 ===
228.67984|I|libbeamng.print:18052| === LSTM_TRACE t=100 v=22.88 ws=0.05,0.10,18.30,19.96 cmd=0.990,0.991,0.885,0.885 cap=3070,3072,1700,1700 des=3070,3072,1488,1488 app=3059,3072,1488,1488 abs=nil,nil,nil,nil ebrake=1.00 ibrake=1.00 hasABS=0 sy=9.99 split=1.000,0.875 ===
228.67988|I|libbeamng.print:18052| === LSTM_OBS t=100 0.04503,0.09572,18.30102,19.95556,0.03167,9.99353,-9.72023,-0.00260,0.00000,0.00000,0.00409,1.00000,0.00000,0.00247,-0.01569,5601.19825,0.25000 ===
228.73050|I|libbeamng.print:18052| === LSTM_TRACE t=110 v=22.39 ws=0.01,0.02,16.87,19.80 cmd=0.991,0.991,0.887,0.883 cap=3071,3074,1700,1700 des=3071,3074,1488,1488 app=3059,3072,1488,1488 abs=nil,nil,nil,nil ebrake=1.00 ibrake=1.00 hasABS=0 sy=9.88 split=1.000,0.875 ===
228.73054|I|libbeamng.print:18052| === LSTM_OBS t=110 0.01409,0.01780,16.87446,19.79563,0.05244,9.88412,-9.56947,-0.00705,0.00000,0.00000,0.00350,1.00000,0.00000,0.00261,-0.01300,5350.02436,0.25000 ===
228.78024|I|libbeamng.print:18052| === LSTM_TRACE t=120 v=21.89 ws=0.01,0.00,15.24,19.76 cmd=0.991,0.991,0.890,0.880 cap=3071,3073,1700,1700 des=3071,3073,1488,1488 app=3057,3071,1488,1488 abs=nil,nil,nil,nil ebrake=1.00 ibrake=1.00 hasABS=0 sy=9.90 split=1.000,0.875 ===
228.78028|I|libbeamng.print:18052| === LSTM_OBS t=120 0.00907,0.00023,15.23598,19.75646,0.02964,9.90202,-9.53644,-0.01117,0.00000,0.00000,0.00338,1.00000,0.00000,0.00240,-0.01092,5118.80476,0.25000 ===
228.83053|I|libbeamng.print:18052| === LSTM_TRACE t=130 v=21.38 ws=0.01,0.00,13.48,19.91 cmd=0.990,0.991,0.892,0.878 cap=3069,3071,1700,1700 des=3069,3071,1488,1488 app=3054,3068,1488,1488 abs=nil,nil,nil,nil ebrake=1.00 ibrake=1.00 hasABS=0 sy=9.98 split=1.000,0.875 ===
228.83057|I|libbeamng.print:18052| === LSTM_OBS t=130 0.01060,0.00168,13.47859,19.90958,-0.01098,9.97809,-9.60387,-0.02859,0.00000,0.00000,0.00375,1.00000,0.00000,0.00226,-0.00939,4897.81631,0.25000 ===
228.87991|I|libbeamng.print:18052| === LSTM_TRACE t=140 v=20.87 ws=0.00,0.00,11.74,19.98 cmd=0.988,0.990,0.891,0.876 cap=3064,3068,1700,1700 des=3064,3068,1488,1488 app=3047,3063,1488,1488 abs=nil,nil,nil,nil ebrake=1.00 ibrake=1.00 hasABS=0 sy=10.02 split=1.000,0.875 ===
228.87995|I|libbeamng.print:18052| === LSTM_OBS t=140 0.00388,0.00379,11.73645,19.97803,-0.05294,10.02363,-9.69590,-0.03931,0.00000,0.00000,0.00360,1.00000,0.00000,0.00243,-0.00830,4673.14441,0.25000 ===
228.93038|I|libbeamng.print:18052| === LSTM_TRACE t=150 v=20.39 ws=0.00,0.00,10.35,19.70 cmd=0.986,0.988,0.889,0.873 cap=3058,3065,1700,1697 des=3058,3065,1488,1485 app=3039,3059,1488,1485 abs=nil,nil,nil,nil ebrake=1.00 ibrake=1.00 hasABS=0 sy=9.98 split=1.000,0.875 ===
228.93043|I|libbeamng.print:18052| === LSTM_OBS t=150 0.00183,0.00133,10.35162,19.69544,-0.07276,9.98014,-9.76536,-0.05317,0.00000,0.00000,0.00357,1.00000,0.00000,0.00257,-0.00740,4425.83555,0.25000 ===
228.98011|I|libbeamng.print:18052| === LSTM_TRACE t=160 v=19.90 ws=0.00,0.00,8.95,19.21 cmd=0.983,0.987,0.887,0.871 cap=3048,3059,1700,1693 des=3048,3059,1488,1481 app=3027,3052,1488,1481 abs=nil,nil,nil,nil ebrake=1.00 ibrake=1.00 hasABS=0 sy=9.92 split=1.000,0.875 ===
228.98018|I|libbeamng.print:18052| === LSTM_OBS t=160 0.00021,0.00239,8.95381,19.20611,-0.04909,9.91600,-9.78828,-0.05506,0.00000,0.00000,0.00364,1.00000,0.00000,0.00214,-0.00660,4166.07587,0.25000 ===
229.03030|I|libbeamng.print:18052| === LSTM_TRACE t=170 v=19.41 ws=0.00,0.00,7.55,18.78 cmd=0.979,0.984,0.883,0.867 cap=3036,3052,1700,1686 des=3036,3052,1488,1475 app=3014,3044,1488,1475 abs=nil,nil,nil,nil ebrake=1.00 ibrake=1.00 hasABS=0 sy=9.87 split=1.000,0.875 ===
229.03035|I|libbeamng.print:18052| === LSTM_OBS t=170 0.00005,0.00059,7.55396,18.78114,-0.00492,9.86829,-9.80016,-0.05364,0.00000,0.00000,0.00375,1.00000,0.00000,0.00153,-0.00599,3905.70170,0.25000 ===
229.08159|I|libbeamng.print:18052| === LSTM_TRACE t=180 v=18.92 ws=0.00,0.01,6.09,18.38 cmd=0.974,0.981,0.879,0.862 cap=3021,3043,1700,1675 des=3021,3043,1488,1466 app=2998,3034,1488,1466 abs=nil,nil,nil,nil ebrake=1.00 ibrake=1.00 hasABS=0 sy=9.84 split=1.000,0.875 ===
229.08166|I|libbeamng.print:18052| === LSTM_OBS t=180 0.00289,0.00566,6.08841,18.37708,0.04357,9.83571,-9.80262,-0.04421,0.00000,0.00000,0.00378,1.00000,0.00000,0.00103,-0.00558,3644.32363,0.25000 ===
229.13044|I|libbeamng.print:18052| === LSTM_TRACE t=190 v=18.42 ws=0.01,0.01,5.03,17.76 cmd=0.971,0.979,0.874,0.857 cap=3012,3037,1700,1665 des=3012,3037,1487,1457 app=2987,3027,1487,1457 abs=nil,nil,nil,nil ebrake=1.00 ibrake=1.00 hasABS=0 sy=9.83 split=1.000,0.875 ===
229.13048|I|libbeamng.print:18052| === LSTM_OBS t=190 0.00542,0.01364,5.03041,17.75848,0.09891,9.83031,-9.81313,-0.03242,0.00000,0.00000,0.00389,1.00000,0.00000,0.00075,-0.00539,3385.68002,0.25000 ===
229.17995|I|libbeamng.print:18052| === LSTM_TRACE t=200 v=17.92 ws=0.01,0.00,3.38,17.08 cmd=0.970,0.978,0.870,0.853 cap=3008,3033,1692,1658 des=3008,3033,1480,1451 app=2982,3023,1480,1451 abs=nil,nil,nil,nil ebrake=1.00 ibrake=1.00 hasABS=0 sy=9.86 split=1.000,0.875 ===
229.18002|I|libbeamng.print:18052| === LSTM_OBS t=200 0.00824,0.00453,3.37577,17.08412,0.13960,9.86484,-9.86362,-0.02318,0.00000,0.00000,0.00372,1.00000,0.00000,0.00107,-0.00568,3133.31235,0.25000 ===
229.23032|I|libbeamng.print:18052| === LSTM_TRACE t=210 v=17.45 ws=0.00,0.00,2.14,17.11 cmd=0.971,0.978,0.866,0.851 cap=3010,3033,1683,1652 des=3010,3033,1473,1446 app=2982,3021,1473,1446 abs=nil,nil,nil,nil ebrake=1.00 ibrake=1.00 hasABS=0 sy=9.84 split=1.000,0.875 ===
229.23036|I|libbeamng.print:18052| === LSTM_OBS t=210 0.00347,0.00253,2.13584,17.10517,0.25578,9.84275,-9.86776,-0.02749,0.00000,0.00000,0.00423,1.00000,0.00000,0.00109,-0.00627,2874.85826,0.25000 ===
229.28023|I|libbeamng.print:18052| === LSTM_TRACE t=220 v=16.97 ws=0.00,0.00,0.71,16.55 cmd=0.971,0.978,0.864,0.851 cap=3013,3032,1678,1653 des=3013,3032,1468,1447 app=2984,3019,1468,1447 abs=nil,nil,nil,nil ebrake=1.00 ibrake=1.00 hasABS=0 sy=9.79 split=1.000,0.875 ===
229.28028|I|libbeamng.print:18052| === LSTM_OBS t=220 0.00206,0.00319,0.70799,16.55123,0.25420,9.79148,-9.90290,-0.01606,0.00000,0.00000,0.00481,1.00000,0.00000,0.00139,-0.00667,2607.05419,0.25000 ===
229.33103|I|libbeamng.print:18052| === LSTM_TRACE t=230 v=16.49 ws=0.00,0.01,0.15,15.48 cmd=0.970,0.977,0.860,0.852 cap=3009,3028,1673,1656 des=3009,3028,1464,1449 app=2979,3015,1464,1449 abs=nil,nil,nil,nil ebrake=1.00 ibrake=1.00 hasABS=0 sy=9.69 split=1.000,0.875 ===
229.33108|I|libbeamng.print:18052| === LSTM_OBS t=230 0.00051,0.00908,0.14917,15.47845,0.30300,9.68989,-9.80291,-0.00618,0.00000,0.00000,0.00420,1.00000,0.00000,0.00119,-0.00674,2326.06981,0.25000 ===
229.38032|I|libbeamng.print:18052| === LSTM_TRACE t=240 v=16.00 ws=0.00,0.00,0.01,13.94 cmd=0.970,0.977,0.858,0.855 cap=3008,3029,1668,1662 des=3008,3029,1460,1454 app=2977,3015,1460,1454 abs=nil,nil,nil,nil ebrake=1.00 ibrake=1.00 hasABS=0 sy=9.72 split=1.000,0.875 ===
229.38037|I|libbeamng.print:18052| === LSTM_OBS t=240 0.00342,0.00220,0.00974,13.94258,0.29488,9.72323,-9.81129,-0.00479,0.00000,0.00000,0.00335,1.00000,0.00000,0.00146,-0.00681,2119.82504,0.25000 ===
229.43217|I|libbeamng.print:18052| === LSTM_TRACE t=250 v=15.50 ws=0.00,0.00,0.01,12.64 cmd=0.972,0.978,0.857,0.859 cap=3011,3031,1665,1668 des=3011,3031,1457,1460 app=2979,3016,1457,1460 abs=nil,nil,nil,nil ebrake=1.00 ibrake=1.00 hasABS=0 sy=9.78 split=1.000,0.875 ===
229.43236|I|libbeamng.print:18052| === LSTM_OBS t=250 0.00412,0.00070,0.00540,12.64183,0.30038,9.78499,-9.80011,-0.00681,0.00000,0.00000,0.00357,1.00000,0.00000,0.00228,-0.00741,1928.24424,0.25000 ===
229.48000|I|libbeamng.print:18052| === LSTM_TRACE t=260 v=15.01 ws=0.00,0.00,0.02,11.23 cmd=0.974,0.979,0.857,0.864 cap=3019,3035,1665,1678 des=3019,3035,1457,1468 app=2986,3020,1457,1468 abs=nil,nil,nil,nil ebrake=1.00 ibrake=1.00 hasABS=0 sy=9.80 split=1.000,0.875 ===
229.48004|I|libbeamng.print:18052| === LSTM_OBS t=260 0.00328,0.00032,0.01946,11.22525,0.31393,9.79897,-9.76740,-0.01307,0.00000,0.00000,0.00381,1.00000,0.00000,0.00269,-0.00798,1732.88140,0.25000 ===
229.53081|I|libbeamng.print:18052| === LSTM_TRACE t=270 v=14.53 ws=0.00,0.00,0.02,9.45 cmd=0.978,0.981,0.859,0.870 cap=3030,3041,1668,1689 des=3030,3041,1459,1478 app=2995,3025,1459,1478 abs=nil,nil,nil,nil ebrake=1.00 ibrake=1.00 hasABS=0 sy=9.78 split=1.000,0.875 ===
229.53085|I|libbeamng.print:18052| === LSTM_OBS t=270 0.00131,0.00292,0.02084,9.45359,0.30584,9.78095,-9.74722,-0.01985,0.00000,0.00000,0.00384,1.00000,0.00000,0.00279,-0.00835,1522.21995,0.25000 ===
229.58009|I|libbeamng.print:18052| === LSTM_TRACE t=280 v=14.04 ws=0.00,0.00,0.01,7.36 cmd=0.982,0.984,0.861,0.875 cap=3044,3049,1673,1700 des=3044,3049,1464,1487 app=3008,3033,1463,1487 abs=nil,nil,nil,nil ebrake=1.00 ibrake=1.00 hasABS=0 sy=9.75 split=1.000,0.875 ===
229.58015|I|libbeamng.print:18052| === LSTM_OBS t=280 0.00294,0.00011,0.01144,7.35795,0.28858,9.75107,-9.72435,-0.02282,0.00000,0.00000,0.00384,1.00000,0.00000,0.00283,-0.00846,1303.78297,0.25000 ===
229.63063|I|libbeamng.print:18052| === LSTM_TRACE t=290 v=13.55 ws=0.01,0.00,0.00,5.10 cmd=0.988,0.987,0.866,0.880 cap=3060,3060,1681,1700 des=3060,3060,1471,1488 app=3023,3043,1469,1488 abs=nil,nil,nil,nil ebrake=1.00 ibrake=1.00 hasABS=0 sy=9.73 split=1.000,0.875 ===
229.63067|I|libbeamng.print:18052| === LSTM_OBS t=290 0.00947,0.00007,0.00417,5.10467,0.27689,9.73025,-9.69968,-0.02276,0.00000,0.00000,0.00378,1.00000,0.00000,0.00288,-0.00842,1084.26570,0.25000 ===
229.68058|I|libbeamng.print:18052| === LSTM_TRACE t=300 v=13.05 ws=0.00,0.00,0.02,3.16 cmd=0.992,0.991,0.871,0.883 cap=3073,3070,1692,1700 des=3073,3070,1480,1488 app=3035,3052,1478,1488 abs=nil,nil,nil,nil ebrake=1.00 ibrake=1.00 hasABS=0 sy=9.77 split=1.000,0.875 ===
229.68065|I|libbeamng.print:18052| === LSTM_OBS t=300 0.00237,0.00067,0.01507,3.15956,0.28547,9.76985,-9.69519,-0.02887,0.00000,0.00000,0.00381,1.00000,0.00000,0.00249,-0.00850,879.02201,0.25000 ===
229.73134|I|libbeamng.print:18052| === LSTM_TRACE t=310 v=12.58 ws=0.00,0.00,0.08,0.20 cmd=0.994,0.993,0.875,0.884 cap=3082,3078,1700,1700 des=3082,3078,1487,1488 app=3043,3059,1485,1488 abs=nil,nil,nil,nil ebrake=1.00 ibrake=1.00 hasABS=0 sy=9.81 split=1.000,0.875 ===
229.73138|I|libbeamng.print:18052| === LSTM_OBS t=310 0.00023,0.00048,0.08216,0.19744,0.24521,9.80801,-9.73387,-0.02924,0.00000,0.00000,0.00486,1.00000,0.00000,0.00169,-0.00907,749.46610,0.25000 ===
229.78150|I|libbeamng.print:18052| === LSTM_TRACE t=320 v=12.08 ws=0.00,0.00,0.11,0.16 cmd=0.995,0.994,0.876,0.884 cap=3085,3081,1700,1700 des=3085,3081,1488,1488 app=3045,3061,1485,1488 abs=nil,nil,nil,nil ebrake=1.00 ibrake=1.00 hasABS=0 sy=9.76 split=1.000,0.875 ===
229.78156|I|libbeamng.print:18052| === LSTM_OBS t=320 0.00486,0.00487,0.10621,0.15645,0.21554,9.76183,-9.76347,-0.01809,0.00000,0.00000,0.00305,1.00000,0.00000,0.00142,-0.00950,734.23328,0.25000 ===
229.83210|I|libbeamng.print:18052| === LSTM_TRACE t=330 v=11.60 ws=0.00,0.00,0.00,0.03 cmd=0.995,0.994,0.877,0.884 cap=3086,3082,1700,1700 des=3086,3082,1488,1488 app=3045,3062,1484,1488 abs=nil,nil,nil,nil ebrake=1.00 ibrake=1.00 hasABS=0 sy=9.76 split=1.000,0.875 ===
229.83215|I|libbeamng.print:18052| === LSTM_OBS t=330 0.00407,0.00377,0.00020,0.02680,0.22978,9.75556,-9.74825,-0.02493,0.00000,0.00000,0.00427,1.00000,0.00000,0.00109,-0.00965,730.15861,0.25000 ===
229.88089|I|libbeamng.print:18052| === LSTM_TRACE t=340 v=11.10 ws=0.00,0.00,0.03,0.04 cmd=0.996,0.994,0.878,0.884 cap=3086,3082,1700,1700 des=3086,3082,1488,1488 app=3045,3062,1484,1488 abs=nil,nil,nil,nil ebrake=1.00 ibrake=1.00 hasABS=0 sy=9.77 split=1.000,0.875 ===
229.88097|I|libbeamng.print:18052| === LSTM_OBS t=340 0.00091,0.00219,0.03031,0.03628,0.23608,9.77275,-9.71874,-0.01753,0.00000,0.00000,0.00435,1.00000,0.00000,0.00070,-0.00971,733.31079,0.25000 ===
229.93304|I|libbeamng.print:18052| === LSTM_TRACE t=350 v=10.61 ws=0.00,0.00,0.01,0.02 cmd=0.996,0.994,0.878,0.885 cap=3087,3082,1700,1700 des=3087,3082,1488,1488 app=3045,3062,1484,1488 abs=nil,nil,nil,nil ebrake=1.00 ibrake=1.00 hasABS=0 sy=9.81 split=1.000,0.875 ===
229.93310|I|libbeamng.print:18052| === LSTM_OBS t=350 0.00069,0.00080,0.00519,0.01559,0.22934,9.80611,-9.70891,-0.01558,0.00000,0.00000,0.00459,1.00000,0.00000,0.00065,-0.00987,731.12945,0.25000 ===
229.97991|I|libbeamng.print:18052| === LSTM_TRACE t=360 v=10.11 ws=0.00,0.00,0.01,0.00 cmd=0.996,0.994,0.878,0.885 cap=3087,3083,1700,1700 des=3087,3083,1488,1488 app=3044,3062,1483,1488 abs=nil,nil,nil,nil ebrake=1.00 ibrake=1.00 hasABS=0 sy=9.85 split=1.000,0.875 ===
229.97996|I|libbeamng.print:18052| === LSTM_OBS t=360 0.00296,0.00108,0.00696,0.00259,0.23485,9.85062,-9.70301,-0.01407,0.00000,0.00000,0.00445,1.00000,0.00000,0.00062,-0.01003,730.77199,0.25000 ===
230.03030|I|libbeamng.print:18052| === LSTM_TRACE t=370 v=9.60 ws=0.00,0.00,0.01,0.01 cmd=0.996,0.994,0.878,0.885 cap=3087,3083,1700,1700 des=3087,3083,1488,1488 app=3044,3061,1483,1488 abs=nil,nil,nil,nil ebrake=1.00 ibrake=1.00 hasABS=0 sy=9.90 split=1.000,0.875 ===
230.03035|I|libbeamng.print:18052| === LSTM_OBS t=370 0.00106,0.00031,0.00933,0.00512,0.24343,9.90446,-9.70279,-0.01162,0.00000,0.00000,0.00453,1.00000,0.00000,0.00055,-0.01022,726.15557,0.25000 ===
230.08010|I|libbeamng.print:18052| === LSTM_TRACE t=380 v=9.10 ws=0.00,0.00,0.00,0.00 cmd=0.996,0.994,0.878,0.885 cap=3087,3083,1700,1700 des=3087,3083,1488,1488 app=3044,3061,1483,1488 abs=nil,nil,nil,nil ebrake=1.00 ibrake=1.00 hasABS=0 sy=9.96 split=1.000,0.875 ===
230.08015|I|libbeamng.print:18052| === LSTM_OBS t=380 0.00129,0.00022,0.00005,0.00028,0.25751,9.96459,-9.69924,-0.00971,0.00000,0.00000,0.00462,1.00000,0.00000,0.00047,-0.01041,728.25803,0.25000 ===
230.13056|I|libbeamng.print:18052| === LSTM_TRACE t=390 v=8.59 ws=0.00,0.00,0.01,0.00 cmd=0.996,0.995,0.878,0.885 cap=3087,3083,1700,1700 des=3087,3083,1488,1488 app=3043,3061,1483,1488 abs=nil,nil,nil,nil ebrake=1.00 ibrake=1.00 hasABS=0 sy=10.02 split=1.000,0.875 ===
230.13062|I|libbeamng.print:18052| === LSTM_OBS t=390 0.00137,0.00041,0.00526,0.00383,0.26615,10.02482,-9.69740,-0.00707,0.00000,0.00000,0.00476,1.00000,0.00000,0.00042,-0.01060,724.77697,0.25000 ===
230.18091|I|libbeamng.print:18052| === LSTM_TRACE t=400 v=8.07 ws=0.00,0.00,0.00,0.00 cmd=0.996,0.995,0.878,0.885 cap=3087,3083,1700,1700 des=3087,3083,1488,1488 app=3043,3061,1483,1488 abs=nil,nil,nil,nil ebrake=1.00 ibrake=1.00 hasABS=0 sy=10.09 split=1.000,0.875 ===
230.18099|I|libbeamng.print:18052| === LSTM_OBS t=400 0.00065,0.00136,0.00400,0.00177,0.27465,10.08895,-9.69255,-0.00490,0.00000,0.00000,0.00473,1.00000,0.00000,0.00040,-0.01080,728.89545,0.25000 ===
230.23155|I|libbeamng.print:18052| === LSTM_TRACE t=410 v=7.55 ws=0.00,0.00,0.00,0.00 cmd=0.996,0.995,0.878,0.885 cap=3088,3083,1700,1700 des=3088,3083,1488,1488 app=3043,3061,1482,1488 abs=nil,nil,nil,nil ebrake=1.00 ibrake=1.00 hasABS=0 sy=10.17 split=1.000,0.875 ===
230.23162|I|libbeamng.print:18052| === LSTM_OBS t=410 0.00263,0.00040,0.00072,0.00356,0.28099,10.16610,-9.68958,-0.00365,0.00000,0.00000,0.00483,1.00000,0.00000,0.00037,-0.01099,725.39359,0.25000 ===
230.28017|I|libbeamng.print:18052| === LSTM_TRACE t=420 v=7.02 ws=0.00,0.00,0.00,0.00 cmd=0.996,0.995,0.878,0.886 cap=3088,3083,1700,1700 des=3088,3083,1488,1488 app=3042,3060,1482,1488 abs=nil,nil,nil,nil ebrake=1.00 ibrake=1.00 hasABS=0 sy=10.26 split=1.000,0.875 ===
230.28031|I|libbeamng.print:18052| === LSTM_OBS t=420 0.00122,0.00263,0.00079,0.00220,0.29138,10.26026,-9.68639,-0.00076,0.00000,0.00000,0.00500,1.00000,0.00000,0.00034,-0.01122,729.78054,0.25000 ===
230.33042|I|libbeamng.print:18052| === LSTM_TRACE t=430 v=6.49 ws=0.00,0.00,0.01,0.00 cmd=0.996,0.995,0.878,0.886 cap=3088,3083,1700,1700 des=3088,3083,1488,1488 app=3042,3060,1482,1488 abs=nil,nil,nil,nil ebrake=1.00 ibrake=1.00 hasABS=0 sy=10.37 split=1.000,0.875 ===
230.33052|I|libbeamng.print:18052| === LSTM_OBS t=430 0.00245,0.00098,0.00665,0.00253,0.29998,10.37011,-9.68517,0.00012,0.00000,0.00000,0.00514,1.00000,0.00000,0.00029,-0.01146,726.32834,0.25000 ===
230.37986|I|libbeamng.print:18052| === LSTM_TRACE t=440 v=5.95 ws=0.00,0.00,0.00,0.00 cmd=0.996,0.995,0.878,0.886 cap=3088,3084,1700,1700 des=3088,3084,1488,1488 app=3042,3060,1482,1488 abs=nil,nil,nil,nil ebrake=1.00 ibrake=1.00 hasABS=0 sy=10.49 split=1.000,0.875 ===
230.37990|I|libbeamng.print:18052| === LSTM_OBS t=440 0.00083,0.00117,0.00010,0.00244,0.30751,10.48549,-9.68598,0.00249,0.00000,0.00000,0.00522,1.00000,0.00000,0.00026,-0.01172,729.04420,0.25000 ===
230.43057|I|libbeamng.print:18052| === LSTM_TRACE t=450 v=5.40 ws=0.00,0.00,0.00,0.00 cmd=0.996,0.995,0.878,0.886 cap=3088,3084,1700,1700 des=3088,3084,1488,1488 app=3042,3060,1482,1488 abs=nil,nil,nil,nil ebrake=1.00 ibrake=1.00 hasABS=0 sy=10.59 split=1.000,0.875 ===
230.43062|I|libbeamng.print:18052| === LSTM_OBS t=450 0.00069,0.00068,0.00406,0.00395,0.31371,10.59216,-9.68924,0.00360,0.00000,0.00000,0.00527,1.00000,0.00000,0.00023,-0.01195,726.12810,0.25000 ===
230.48035|I|libbeamng.print:18052| === LSTM_TRACE t=460 v=4.85 ws=0.00,0.00,0.02,0.02 cmd=0.996,0.995,0.878,0.886 cap=3089,3084,1700,1700 des=3089,3084,1488,1488 app=3042,3060,1482,1488 abs=nil,nil,nil,nil ebrake=1.00 ibrake=1.00 hasABS=0 sy=10.70 split=1.000,0.875 ===
230.48041|I|libbeamng.print:18052| === LSTM_OBS t=460 0.00011,0.00076,0.01620,0.01541,0.31824,10.69644,-9.69207,0.00515,0.00000,0.00000,0.00539,1.00000,0.00000,0.00023,-0.01219,729.37345,0.25000 ===
230.53338|I|libbeamng.print:18052| === LSTM_TRACE t=470 v=4.29 ws=0.00,0.00,0.01,0.01 cmd=0.996,0.995,0.879,0.887 cap=3089,3084,1700,1700 des=3089,3084,1488,1488 app=3042,3060,1482,1488 abs=nil,nil,nil,nil ebrake=1.00 ibrake=1.00 hasABS=0 sy=10.82 split=1.000,0.875 ===
230.53343|I|libbeamng.print:18052| === LSTM_OBS t=470 0.00294,0.00255,0.00606,0.00744,0.32419,10.82072,-9.69474,0.00645,0.00000,0.00000,0.00555,1.00000,0.00000,0.00021,-0.01250,727.17533,0.25000 ===
230.58100|I|libbeamng.print:18052| === LSTM_TRACE t=480 v=3.73 ws=0.00,0.00,0.00,0.00 cmd=0.996,0.995,0.879,0.887 cap=3089,3084,1700,1700 des=3089,3084,1488,1488 app=3042,3060,1482,1488 abs=nil,nil,nil,nil ebrake=1.00 ibrake=1.00 hasABS=0 sy=10.94 split=1.000,0.875 ===
230.58105|I|libbeamng.print:18052| === LSTM_OBS t=480 0.00129,0.00222,0.00178,0.00286,0.32880,10.94348,-9.68641,0.00722,0.00000,0.00000,0.00570,1.00000,0.00000,0.00020,-0.01284,729.87417,0.25000 ===
230.63301|I|libbeamng.print:18052| === LSTM_TRACE t=490 v=3.15 ws=0.00,0.00,0.00,0.00 cmd=0.997,0.995,0.879,0.887 cap=3089,3085,1700,1700 des=3089,3085,1488,1488 app=3042,3060,1482,1488 abs=nil,nil,nil,nil ebrake=1.00 ibrake=1.00 hasABS=0 sy=11.06 split=1.000,0.875 ===
230.63305|I|libbeamng.print:18052| === LSTM_OBS t=490 0.00033,0.00081,0.00172,0.00116,0.33365,11.06161,-9.67865,0.00806,0.00000,0.00000,0.00575,1.00000,0.00000,0.00017,-0.01313,727.22967,0.25000 ===
230.68296|I|libbeamng.print:18052| === LSTM_TRACE t=500 v=2.58 ws=0.00,0.00,0.01,0.00 cmd=0.997,0.995,0.879,0.887 cap=3090,3085,1700,1700 des=3090,3085,1488,1488 app=3042,3060,1482,1488 abs=nil,nil,nil,nil ebrake=1.00 ibrake=1.00 hasABS=0 sy=11.17 split=1.000,0.875 ===
230.68300|I|libbeamng.print:18052| === LSTM_OBS t=500 0.00077,0.00063,0.00606,0.00498,0.33633,11.16902,-9.67093,0.00813,0.00000,0.00000,0.00584,1.00000,0.00000,0.00016,-0.01333,729.87748,0.25000 ===
230.73292|I|libbeamng.print:18052| === LSTM_TRACE t=510 v=2.00 ws=0.00,0.00,0.00,0.00 cmd=0.997,0.995,0.879,0.888 cap
